741885 749029 731385 679057 736618 722306 769898 708995 728092 716393 726322 733185 735556 767259 695211 758928 714710 734623 678866 808486 753405 700581 720331 762890 768060 771823 730801 717664 692422 734821 741951 705750 698956 653733 769676 727231 747607 738511 665351 762322 734183 774391 766267 750752 747165 714459 759401 728864 777097 749226 718812 727207 692374 740939 728830 713909 737123 704354 698415 717794 733462 700412 722877 718910 709254 737255 781061 781842 735944 684941 765914 712911 685984 744266 773265 737740 706915 698906 736112 713088 757709 724628 774962 736109 742468 736259 707338 724825 719075 654195 679380 748775 727200 723061 715271 754935 680381 688221 740968 752442 700775 753783 755902 745008 740080 728210 788622 716490 762057 762653 775420 728174 754561 711636 787258 739141 702130 736219 697912 716499 698156 748593 710371 741228 756762 722977 792638 701515 652476 760399 754512 714136 730568 724312 786817 758715 724951 766014 730850 699901 698279 753619 723758 777250 716686 794454 700492 746889 699789 728998 749860 739459 763050 764388 749418 715129 722975 698150 735924 749446 797890 726473 717367 758089 716204 737962 733335 743716 715969 740072 802390 751466 735973 729560 736230 665896 688290 737896 710746 731331 704948 750137 757369 740649 750091 733142 725663 734423 740077 700296 771299 733875 751604 742646 798845 777537 773638 707905 766175 713974 703943 747971 755855 752472 737751 731681 783172 780222 712815 699249 745303 768890 742470 737766 695248 711814 667967 730073 763920 697377 736130 735341 727279 720732 756868 741838 731278 764524 788661 721366 713917 670301 721934 732375 703695 746916 708293 730770 768563 732778 792407 703605 736297 763663 735476 693717 707730 748701 727793 711118 776675 766345 721448 749823 746697 695520 737557 662739 688589 699899 712724 717854 798262 703225 769580 763480 723069 719317 719546 706374 747019 757184 710226 698738 705359 732217 702809 702322 688702 795288 748928 727475 764163 699154 696103 750670 731569 764488 773872 696046 748774 741049 752740 731677 771451 712844 772096 706203 750172 733611 
716970 707134 717409 657947 696835 707518 761791 726977 691757 687069 700423 711014 711423 764290 680993 736278 711943 699503 669867 763408 717857 694779 712260 730328 748625 743831 701933 668312 698899 716544 746998 698784 666098 644433 759512 694780 732173 709871 687263 747502 724238 761138 771430 689867 707012 689032 775399 719376 756005 794506 710316 701233 674922 743600 733850 690600 686866 700958 691001 693965 720697 683555 704362 725548 704387 769333 785758 771878 713628 700851 742368 713763 718340 766312 750291 749165 734256 702518 688782 729893 735993 731792 744312 721762 743609 740300 723250 727683 707021 653697 627141 743785 739705 695522 705731 760701 687672 697665 728142 732558 696206 731154 718792 707591 733889 691972 774930 701632 772439 720200 764173 727196 733890 680522 753253 745770 665794 712066 699120 687753 678864 702022 705034 714725 752716 704547 787556 751169 671656 732740 758586 712565 722341 703644 744570 726535 747376 772665 732560 694322 703843 762965 694369 752421 684526 749641 666332 739164 694162 700932 754707 741331 736602 739935 720529 714046 713858 694491 719553 725161 760992 733654 691275 737339 760116 745853 707256 741601 718264 737300 769789 745061 730361 737450 739182 704889 687979 722042 708047 726978 691426 754585 752007 710481 761159 700945 718807 714257 704688 666996 726884 715362 719086 726056 749787 712312 744113 693832 750756 723818 714484 704740 726771 725131 744851 755320 754583 776393 698206 709610 741188 778527 728903 723656 695626 728280 691121 708113 728420 677409 711164 761572 709001 739477 753384 717302 713724 744954 771205 692122 698395 664173 714619 701476 722544 726277 683098 703211 736080 704294 710199 710354 716558 749448 699684 674594 699705 740730 709248 704727 765594 745646 698784 719458 710623 678387 742708 656695 692808 702728 685969 713725 791675 730887 721262 744808 717733 698784 712443 689808 732735 711718 698318 708866 672621 722725 680156 683340 689156 786219 717134 737359 707465 685232 714950 700008 706702 736277 760147 693498 686012 721588 753261 688838 765624 724993 728954 673529 740109 719687 
740028 786224 749050 686999 730707 740442 781960 741581 732267 734413 736996 719736 737489 757496 743699 754134 740585 731653 693592 801174 744969 714794 739843 775854 775733 807075 736456 733735 722682 721464 778787 744189 701039 693276 814140 754884 783357 767044 714779 770212 763301 771172 807164 739840 755150 711927 820593 760159 797284 808657 740196 759097 709421 762345 738604 724861 724231 715371 682183 734844 737503 739021 747122 762535 721970 773420 832804 771603 766628 749806 750755 749794 709841 803575 762640 770323 752639 767451 737262 743068 788704 741481 788072 739336 776549 768569 748909 745612 748166 666679 645715 787658 761451 750266 764011 789156 710527 744283 756494 782775 724159 785136 753288 779814 775274 724984 799217 718966 788302 751383 787193 785380 747702 714187 787128 765218 722513 747868 713754 757565 701274 726494 716772 742849 757834 730407 821000 715527 665909 769416 755851 744495 741166 750048 776490 788216 739807 784289 776560 740076 694304 787061 745383 779565 700514 797876 687519 757006 736367 720160 785331 783759 756436 775541 752410 724299 730725 709402 743511 751320 804152 748782 751169 757193 762776 786182 764702 756065 755406 751371 816318 778063 769620 709724 765275 732403 720444 790086 740348 743871 745075 797120 802930 751462 763265 763755 745179 747097 733200 706177 763112 774858 752918 708974 755630 774404 770541 724447 765782 753499 755448 753621 782070 746458 768904 789555 768640 790243 748295 737371 763251 795810 776013 737160 737746 747897 702614 753559 764340 710751 734984 749773 710572 750636 780593 753593 751479 765445 775550 735704 708697 700110 732488 766289 738472 759519 714546 750168 759738 720271 782400 719234 743258 766462 758831 704881 744643 775216 755952 769199 762042 765764 732103 785137 733797 707054 774495 638409 727800 741521 735094 721323 781586 704000 766940 760154 724372 716759 742761 684441 752423 733466 732035 749408 700506 760584 729852 749743 735171 777598 744660 733605 753373 690828 724853 761987 721129 769725 808730 699027 714093 744877 804577 724874 796948 722671 773352 722873 750238 776830 
721147 738400 727713 680639 718732 715522 805835 728816 716466 687341 719024 698035 724267 765208 713271 763940 701331 686663 649014 795308 723955 665555 719741 758091 744083 779855 694926 683812 729820 698255 738479 689069 687872 683834 754906 721870 736484 705342 689871 765834 710766 767126 758705 707739 728637 702417 762588 707765 749240 737929 699804 699949 700337 738297 706822 713962 706798 709378 699836 692793 723525 690659 718725 707440 680945 760486 777598 784281 709264 729215 738073 716990 726862 748705 754447 739498 720901 719550 720815 702989 745465 699534 734890 699348 724255 738899 701637 727708 686057 648002 643534 712597 703166 712639 700786 744956 675116 700063 740718 734784 693061 751715 715453 732609 756618 716828 752104 711146 755898 720927 759939 721095 733584 662210 766979 743941 672374 713790 687154 728252 669387 733464 667423 736013 722090 729433 760899 690522 633184 736761 755557 721659 732499 745839 721300 756421 707949 767458 749907 695139 693610 760164 702728 775474 695826 780365 684903 745685 704505 687085 753475 770839 713633 721377 719629 700511 718001 701849 697438 762711 780572 717068 725885 728012 722409 729345 733883 765762 754339 734546 759693 737390 734604 708084 731737 715103 697387 719401 717709 729827 673298 728832 758296 702124 734845 727851 718343 710265 717315 680957 749678 731375 727375 713882 740764 738794 793468 727401 756863 708287 714357 696018 742256 720669 755111 757283 750705 748641 721371 690968 707207 770815 737783 737706 714862 702383 681382 711350 735199 678524 717801 731893 703557 730771 766911 730367 705584 717579 765413 707937 750122 668513 684434 750823 725946 734655 716564 726677 736286 702939 731256 712550 726860 739081 729749 655632 704340 725165 720709 696517 758286 738970 684108 758828 708587 677642 713495 651458 691106 712109 704521 662668 795232 714627 728757 723705 697628 746593 713454 694489 740195 709353 677674 692533 674832 710829 692255 673092 702525 734425 729275 713459 725403 668491 711272 755306 719158 732505 782402 684312 740361 741989 754874 694693 751814 704261 731314 680871 732416 757187 
684688 703328 700139 635776 638190 652574 730940 666531 684210 695150 665594 642186 670719 694910 682778 714706 646794 655408 634564 751568 694997 668561 670619 705243 695550 711036 668007 656495 663560 687577 710973 654126 662342 631728 743187 686652 681072 676900 665977 728347 671190 708482 728698 665393 723401 644693 722730 690703 732400 694755 666654 673538 642279 716037 666746 660454 653327 680389 660202 657536 679729 656269 670993 676100 646129 698642 740571 725679 685232 698285 714839 676856 673024 723322 730751 695901 690954 672524 670154 668099 685991 670135 680163 670299 681728 688853 675158 706782 686511 611599 639813 703337 655496 688536 678648 702974 646893 655293 699582 728480 640048 688109 683569 682368 723019 656706 732580 669054 700370 683511 689156 714017 665776 661582 705198 679620 643947 677443 648911 702143 638245 686414 629077 682656 696105 662556 740740 659414 597745 683995 710140 664190 693107 691743 713230 723521 675146 718949 702057 675114 647349 726788 651900 712193 617507 715573 633824 695907 641859 658530 701034 734675 693966 664451 694785 664861 651142 626297 666651 686528 735923 657153 711288 714576 699782 720106 667332 726753 692024 680359 712818 706171 700465 681340 660420 646201 659112 675410 672775 690513 683109 681045 705415 699733 686821 691991 698914 651029 685581 649489 708057 684604 699883 665600 703580 682297 704569 656926 704701 693416 689778 659098 693541 664555 700421 721901 705936 720697 682457 668730 686948 756485 705782 680194 669538 686372 636775 667691 704573 657333 676816 704628 692287 678227 689364 687317 669869 716472 734095 672349 665337 633761 641818 711958 673883 693328 666209 714336 682058 654981 685310 658584 682876 706218 692029 657000 657781 712531 691743 690033 707278 702837 661165 691693 686423 653343 672374 612248 685334 644125 667657 664142 719176 659882 699880 697152 668928 676620 676458 638190 725112 698487 618943 665565 639131 702301 659712 653296 654965 702013 702357 646973 705587 648093 668852 692303 647976 701768 753293 665122 687679 673947 699338 674635 722618 666827 695020 640183 692986 744034 
781525 787430 769030 713014 739980 775650 847982 753186 759240 753094 742000 750678 769733 799727 765194 798661 733592 742715 717241 830955 773742 708574 762489 797026 782823 807568 775195 744667 791505 750451 816983 779456 735114 743544 834658 771092 789063 767626 725636 818425 801927 806358 819974 741736 762321 763285 833480 767268 797167 796178 773682 783691 748304 813628 777222 743151 774888 720537 744039 767046 791631 740742 764787 767338 776890 768026 861403 818919 782514 767563 784120 766290 770237 799751 810340 793732 772503 810225 764253 750350 776018 782891 775495 798903 789368 778473 776755 745222 787622 729873 675858 784070 776696 790616 760053 812052 731979 755452 797763 820975 748717 795228 798046 796890 803689 763171 823560 760690 793353 796180 806743 814003 749272 737446 800999 761017 711834 769422 739382 789367 701967 779299 707336 780550 815513 785849 866720 762191 700594 775559 807631 754155 805495 753138 790286 810840 769722 806751 810612 769452 780383 812961 763236 826365 726291 808694 723922 793382 764768 774323 788049 791080 781569 821742 757312 750743 737569 712173 792122 780687 822250 787991 767813 795094 792335 775459 773742 805040 748865 768741 825155 803411 798343 782517 796305 754991 745617 754444 766304 790180 752004 828932 805546 749989 814809 764349 770107 779327 757917 722308 802556 770232 765154 743394 796635 761994 802311 769261 805404 781399 774714 766160 782599 775581 795466 816209 802306 837673 799665 786903 803507 844756 787856 792944 733700 775824 735096 781857 800785 720331 762805 788703 755949 797274 812473 786981 757283 787859 815770 751715 763758 748855 771559 795342 796000 794887 750591 780248 784912 774396 812276 748962 779378 819462 770293 726569 760185 806146 777953 785101 790861 805490 752051 800761 791762 733218 748405 708893 768756 755302 765472 764370 846763 748775 811630 795132 774479 731560 772836 741908 800912 754106 736530 756072 735392 783016 759531 719950 740135 816940 792262 755171 805074 735144 744322 763722 739157 822225 836534 758879 772530 763390 809831 762719 799061 748375 781763 748683 790963 813047 
700426 707775 704640 656590 671191 712750 758275 668469 683477 700438 696348 713868 720416 732770 678180 727000 682213 666913 644167 750669 725632 661879 707399 716353 752122 718444 708565 677765 687229 686021 701720 686529 665461 632185 751563 691283 698256 706817 658064 728595 676339 753728 753835 694716 715461 681048 766621 689035 736927 745731 645620 679864 671927 704742 695665 690535 705129 691892 655753 668620 698401 644529 681564 708931 658539 741040 775943 743934 681437 709063 717338 705473 680592 743999 736335 727591 680036 708157 668355 687603 712435 644203 702894 680529 733272 704623 702194 674367 688619 631543 625633 727161 702470 692719 692638 709625 661376 705714 665201 731843 663811 701691 736817 725649 721466 678638 747918 667298 698454 709968 725460 734732 697031 676633 723636 710174 645546 690642 653079 692819 655251 677810 678500 715557 713575 699137 790127 712485 647566 690360 760673 692777 706466 698355 754428 704404 695758 750386 723174 699822 695074 742783 673666 751520 673096 728136 651909 709517 709651 672640 703509 758247 720212 724054 718995 683233 721878 690325 706848 719083 737842 680097 728215 722749 701994 705329 685985 721144 684205 714123 756642 738452 691826 665567 722048 681913 652773 726285 702569 675862 679595 740548 738003 713879 731643 727191 713912 679657 649783 650461 705545 695544 715341 668969 746612 724420 744154 682590 705163 691300 703154 712706 714793 672791 719614 701742 747965 758832 698637 723918 726063 759442 692323 721303 662153 731222 664456 683921 735226 654063 704749 739736 705619 704373 753563 704434 683217 715260 726251 673207 708385 662172 673940 717388 690250 683891 681134 690774 723921 667148 702115 704411 693297 741894 715687 669345 701592 737636 700563 686709 723198 715132 682325 700521 704519 669550 706191 607983 712831 701639 675106 702261 770469 690486 697720 731656 665005 681055 684521 666864 705139 710863 660191 698732 663655 723718 697717 662090 664826 745140 694597 672315 724742 658009 675264 708278 673447 688246 771433 643035 713222 672423 740455 676902 715327 700902 682632 669199 712686 734410 
767678 753832 744145 696316 726823 725828 790944 737046 760868 758607 734200 724681 724701 787290 715842 785748 725489 719191 698899 826389 785523 734079 742235 769277 790892 765485 708897 725557 743929 723225 755402 708218 720423 689345 795927 744854 777658 728916 693823 786092 771740 788510 803571 721245 761115 711405 795533 735078 778480 770947 735265 743422 694545 759661 748829 728825 748288 698492 720197 720298 748373 725510 725448 764492 737325 766301 829482 782215 771160 729674 756220 719673 745855 807817 775412 778909 751964 739543 750265 719918 782531 747930 773902 745677 783692 768036 740649 739786 733678 679926 641919 768622 745230 741448 743800 756253 706774 712131 766871 781794 709832 747303 761045 782515 765974 736124 785824 719266 787138 741504 764739 786587 715318 725201 773773 777675 720752 743915 722750 763413 707276 753076 712880 733336 790305 751561 827391 746569 689907 758166 775055 736553 739010 723699 781679 784024 754494 807995 739159 750348 744656 787830 739340 789856 734128 792829 709556 745630 734210 728586 751953 764273 792179 760362 768290 747105 744687 698380 722284 770521 816096 762340 781835 745864 756804 772484 730730 783960 747717 774334 784199 758750 758708 757611 755991 688536 716443 738061 750440 756715 720578 791562 779996 722155 754471 788508 726542 735770 740307 699669 790881 759960 760536 730470 785763 759169 792802 750502 745989 745794 722508 725062 755034 754118 777955 776131 765733 816627 759950 742692 777176 821781 751202 762827 725974 724743 712984 759413 762373 711719 710177 771672 727134 768333 756324 750846 728339 750774 786113 759869 739580 699342 702311 762722 748740 742822 734853 747501 768589 710894 741560 712786 748084 795492 753537 727047 759594 771677 778212 754668 776902 752937 729385 751656 738008 739543 735259 665879 704510 728674 707539 732924 802743 727821 744630 754204 726516 734412 727258 714727 757588 727362 688110 754239 699098 767624 726761 700448 702365 785701 769669 740874 794575 709846 731769 746390 713748 786595 837092 724331 770973 735778 733308 763354 772829 715867 756977 714320 753584 769663 
739990 746340 757929 701310 698542 730415 808093 709203 752486 741596 730935 715697 738701 778286 712146 753716 750649 702958 715993 797067 764330 723362 713760 772978 776264 763830 725145 745484 731293 734100 755551 711641 735686 675455 789382 779884 751450 732978 707399 812360 731934 813694 788608 729790 742822 686871 820189 754485 786067 777909 736259 739256 696383 749616 757282 752724 731053 768702 714597 715229 747268 709490 716291 752248 699172 739084 807103 790371 732537 721924 784188 743574 748978 789831 754050 744700 727132 747483 735401 726037 781182 724913 787251 749611 771250 739075 733076 758914 761660 702428 649952 754482 744812 729429 726063 773716 706266 717787 746991 783222 695287 759634 764685 758345 764281 731991 819317 737539 767323 757251 768347 761756 725575 695851 790353 753662 711543 749893 687126 751994 698953 730321 693177 730123 751099 737266 816866 731038 680308 731173 801782 725035 745902 747809 772618 775096 758849 756896 763915 734237 723554 781830 746569 787377 702771 766521 685090 791039 712187 716721 745433 792454 771410 773007 756198 740072 719744 732466 719090 788857 790831 742662 768496 776005 754999 759924 732696 789017 754183 737984 779546 762812 762270 714174 768214 742296 700576 757676 750133 740368 707443 755185 760147 747043 750104 735197 738809 722084 715962 709886 755094 781051 749916 721200 775038 779210 805103 755089 773655 718868 774336 745502 782775 752982 779471 780115 804177 788883 741830 735814 728290 822729 781789 743201 731741 745256 713844 717267 767670 709941 722489 762869 701016 726056 781648 749865 760147 758522 793799 712310 718138 724858 701174 774956 748726 740929 711850 745832 719526 739496 761774 729416 747395 752975 756591 696942 741070 760991 745436 750990 782310 767779 736985 748517 751068 684175 742025 656356 723516 751146 738286 707693 794379 705598 760872 807006 725915 720890 727501 693608 802372 747731 715082 747442 691609 763051 736854 691439 703486 780709 762573 723939 785144 696711 713407 745334 716749 746066 781865 702161 720523 745160 763322 731694 780120 721741 738049 705255 751313 764032 
727245 752558 748543 679136 713306 725684 789851 710914 720460 713107 736181 709333 737565 754280 738145 748414 714980 712498 659770 795359 759733 736057 729722 760303 763450 796339 743657 711849 711041 731392 748912 704038 697199 678149 793670 750667 757543 736747 694118 754405 764061 773662 813944 703009 715320 705371 797709 717483 794889 772594 692023 710348 706199 754212 736766 720485 729093 719037 696040 730395 732506 680136 723424 751783 697360 766149 806402 778645 721874 720592 737717 713167 725416 739007 759475 769555 727299 760971 735542 715820 734549 732344 745634 709990 765192 746901 719181 721468 741499 670288 645203 790204 733905 759121 734245 766099 705224 704737 711243 756074 705151 747735 758376 733958 764748 702515 790103 710823 780335 732044 745731 757428 729056 716999 744100 759338 680266 748643 697886 752094 679766 736676 695913 744312 763635 740227 773670 727040 684364 751509 755078 685027 719619 733679 779878 752514 727600 789538 754105 739667 709576 770454 704335 780937 698850 746731 697487 753592 709175 709360 757988 776022 735386 766034 746532 697747 730411 720672 732047 746104 778160 741973 725103 731290 736272 774985 735513 775143 732353 759272 765931 747800 751244 692501 751112 714515 694684 707575 714842 747867 701096 756833 781374 756228 784814 749515 725982 729990 735305 674191 762139 744877 734627 710436 763184 775082 785507 745754 774809 735678 733227 727918 759894 735205 776070 766301 779582 754008 742618 751913 767575 785739 757765 759458 708161 737809 698187 724135 747354 723064 726591 772332 704926 750227 772627 762976 728555 772323 776822 729179 750499 691991 702362 749719 724431 751711 710920 766817 759829 731753 739070 736350 758923 750283 741493 701520 724167 774118 752096 729059 787849 749415 717527 758500 741766 715104 736966 647207 709700 710514 706793 707900 780975 717307 751207 749708 751651 715528 726347 695724 769463 733215 715186 718431 685112 730748 717707 698998 732119 792662 748700 727230 733970 689065 708560 756455 747952 787575 828855 686286 729467 736932 751269 722170 766096 719730 739989 712745 725133 772961 
746094 757400 754744 688624 708170 691305 776547 743371 745398 722852 727823 725950 774436 756259 740555 757881 734086 711329 648247 796730 757499 695992 736258 781755 758660 751857 757153 710138 720587 717859 740635 754493 696145 697304 805271 719997 727583 720548 685007 761408 718716 750957 760004 722550 741065 709534 783886 765196 772981 753055 730913 704313 680604 766465 708842 722499 718093 723326 693592 714225 722991 704926 741353 742501 684904 733009 807329 765103 718820 719968 770605 710149 736839 814931 783558 742533 739814 741701 726930 728617 772290 701267 738308 733113 745350 736696 750401 727651 748023 665183 663498 765048 725167 728562 699991 756580 711991 726641 760054 764249 711902 752169 753743 718777 749767 703766 785340 707767 767196 726039 762302 768513 742591 713993 756495 749626 713273 714275 686750 759709 692097 712161 723499 759479 759485 703912 819007 723684 714761 719772 770385 717913 738164 726802 751251 775314 734094 779329 745714 706781 723142 770566 698158 768908 694154 764191 693259 759622 711888 692795 763065 779464 752590 737796 729897 721735 758886 706326 733353 759054 752896 731480 750989 776014 730590 727694 718468 736605 726301 764510 799127 759499 729535 752059 785642 717268 742461 731491 735919 743678 722083 741937 759603 746679 754353 760668 716392 741190 735269 684862 745793 740481 733355 693240 742531 732458 760117 730699 775984 731498 734452 735885 737749 732131 741888 773284 758212 781881 762109 724325 735207 789420 750198 737988 714244 737943 708673 729132 743248 698869 703916 745210 752558 731910 752927 747469 719952 770892 797274 734541 693792 689613 675788 745533 728072 710391 713323 743180 734017 717302 738359 724208 728230 751914 725845 694343 722942 775398 755257 722643 749339 727500 725123 758328 747671 711105 746034 648725 733657 718265 733828 714826 803827 719413 743180 774239 701620 724201 721205 693714 732296 760425 681711 722048 699306 763890 708633 687493 705267 773609 747873 713314 774814 699545 750805 730044 705329 744263 779824 692429 720230 750558 758101 718043 761527 734235 747281 719929 736419 764214 
740157 738071 751592 687021 710909 724349 766387 724770 753409 720240 741978 745270 752505 773152 738061 764594 712721 724069 703098 795905 772496 718899 737858 782121 771047 787359 754037 701284 740631 759415 754686 736658 686009 672474 796520 768041 753080 733447 699094 784614 723717 779888 812473 744050 744622 709326 768818 731035 806621 762918 740730 705532 724593 759603 742309 746818 735948 716654 685739 712099 739397 718920 711122 739245 701360 771379 812373 778867 762714 713639 775497 740302 704361 776428 772584 773460 717336 757922 741498 736055 736480 720311 775155 729651 756136 779651 738742 734964 731681 659851 666661 769297 721944 752560 724370 758432 699222 681866 730470 732467 740091 775730 746019 772690 754458 727087 796617 738651 767424 764930 775025 745941 750988 687544 785754 749134 716844 724638 709172 747852 691847 723614 737736 743360 766668 736761 810044 741881 661198 728568 749864 751184 754884 743543 765104 778675 712451 775545 750837 723354 710974 781329 719851 788512 695778 775358 724184 765851 730781 720824 784811 779200 739715 759986 727615 741160 751450 711720 728257 759905 811698 729530 734642 776610 733381 724979 743323 741706 742457 739287 785015 779496 760505 718712 758157 722481 710894 735650 713466 722605 694996 758631 799981 718543 748595 795363 757699 721064 734827 645286 745928 741867 752183 729777 767751 756821 792511 740729 755146 729601 733355 725562 778804 743666 771858 766189 799025 788229 738958 720195 730626 807098 747202 768714 703208 711981 707984 709293 743232 696581 731884 761328 723961 737049 765729 760943 728831 779730 816979 750812 738234 702259 702804 733404 737626 728669 718982 736549 758774 737961 767652 744871 777952 754498 759048 727264 719708 771241 750394 737757 764267 736193 689171 741142 730554 696318 754243 672503 734592 719798 740682 710527 820659 715497 756178 754122 733016 727886 727977 707443 742635 772105 724230 720453 686379 755013 713111 680817 705155 772608 742090 753583 788674 693738 721113 749330 716234 748782 809601 713626 740357 723266 755399 740751 769476 718297 742642 712275 737663 752613 
715822 752851 729683 681749 714511 716899 781615 718342 696013 725315 721060 714537 740890 774278 673932 764063 715602 702747 696867 775325 765263 723445 730605 765298 730918 773702 716734 721772 704154 724474 745910 698396 737766 669942 771857 729440 731259 710022 701842 750924 727240 766523 748426 686503 714369 715776 768404 753266 762184 762724 699628 718777 682117 740777 737543 723692 739634 723675 697536 706606 745713 699511 719328 740347 688907 742299 810701 782370 720756 729049 754755 706052 702145 771530 757462 754973 747469 722211 743825 717019 740690 710227 754775 719702 749854 724438 718432 743809 721863 695844 623115 767464 736590 719802 694990 728781 707542 709595 729586 798009 719432 743697 747647 727216 739966 718478 782768 735258 724289 734358 740260 744150 739671 713201 759616 755125 694814 717974 720303 724914 683779 733168 656196 738854 751339 701898 816963 696093 653957 747253 778174 694858 737084 733429 760560 757814 709453 760495 747461 729831 678287 785694 686198 797673 691424 759878 689217 785768 709387 706842 718160 761925 761664 770384 752089 701764 713720 723915 707811 734410 796136 735230 743424 751493 721942 727413 723594 747696 720038 723151 770572 736844 725024 727476 748155 723286 707608 739972 724765 749841 722020 732037 747816 731878 772693 724182 725221 729844 706180 665308 745627 738909 732459 732450 727876 770088 770046 751364 754901 740926 723338 727923 756300 731309 758079 788882 747102 773713 760402 754074 736661 787048 790480 730556 696446 740559 684755 730230 744523 684429 674481 735609 732309 724756 765584 760047 685934 753621 784312 721266 719866 686922 713787 740479 749942 709127 718202 742064 745826 731915 736391 713103 721392 766546 710576 681754 702677 750971 712844 719198 753245 731769 723308 748277 742682 691576 738632 661619 717763 704525 690904 722670 803154 741045 734211 766557 710331 716385 697342 696326 781457 697418 667196 711698 712237 751779 711038 694716 707964 784929 753582 715131 756177 686532 728163 741194 697390 754100 800845 668883 729529 738431 765183 699282 746799 714535 734502 704108 732974 762231 
760062 769540 769860 733790 769066 761771 798180 788638 757793 772467 758565 790993 783238 796959 748639 785317 765124 750675 752482 849712 798506 729795 783196 794350 791927 831069 768121 756098 760547 752816 787728 753980 745771 734187 823243 777211 784238 773683 738966 816696 781633 803098 837111 787984 776449 750532 829376 781904 835624 802253 762263 764124 763058 805049 779596 778924 757171 761079 738506 757093 786834 738560 766404 798184 750919 801966 857564 829985 769949 745636 780283 804308 778440 814722 830788 798122 789036 791693 773076 769311 809451 783661 783984 759896 799564 761977 762640 784522 781451 692179 692620 823193 763751 755572 766972 798369 733529 761310 796072 812643 771426 803837 780601 794446 771755 745541 800195 756892 802507 787388 816069 799967 779405 718753 843050 811191 728526 783909 732303 771583 735909 781216 769772 763719 803904 768785 890199 786194 696132 763888 811765 764959 787585 769417 799022 783682 775691 815701 794934 757346 736014 830576 760078 805048 743590 818632 767511 814334 772559 769017 828945 828894 791921 802223 753348 753562 764438 768949 747633 815639 822667 771401 748960 780525 777997 804793 778102 813635 766907 756951 844406 805794 783606 789431 785209 733339 770172 793119 787259 790446 755311 792329 814318 795903 804097 766245 766141 760266 778133 728810 792675 766304 795142 760839 794817 787868 824462 769836 838831 785639 787444 788352 814624 779767 798611 783739 819114 869258 803329 780977 805912 852121 798792 788165 770893 784989 726637 766262 806283 753545 764084 804880 751164 810240 791747 820430 772396 792191 827932 770330 744546 741938 768759 789062 782121 775865 748070 806935 779790 763617 795816 740712 783320 806372 767258 750697 774313 813544 794275 787736 809278 787167 767668 797917 782274 729532 800874 718033 757693 761129 763977 765812 824134 768995 799812 795038 758356 752521 769699 720673 818733 784326 758650 753177 732340 771427 728833 729635 750602 809139 803581 786405 783350 750082 756835 804824 743744 802849 855045 759724 752946 815554 826650 769570 820616 766073 795811 723251 788469 799299 
720529 747060 729271 685722 693848 698602 740036 714492 737631 726288 707515 691437 730467 767744 719564 742674 688078 690435 694972 759112 789876 688638 731499 765193 764105 752222 707039 687296 720041 689192 716628 718104 719029 678677 792184 727833 749674 715329 689400 772172 732704 743167 795441 717608 726654 679143 757413 730973 778373 749640 735012 725240 680609 764317 705245 705672 708762 735197 679392 687847 720895 686657 700828 717376 700592 727451 827570 760618 752418 696239 757196 706982 709569 772700 753063 740834 723828 735472 735617 720417 732934 687890 721800 715644 742069 751940 723705 710776 702727 677019 644255 734931 711768 730520 725409 739436 683544 693192 716747 748383 710416 736201 729496 735604 757739 711986 763993 720721 758375 726725 755542 760920 721812 658695 753016 738306 708317 735590 677017 727587 670632 724115 690031 743255 728539 680825 801026 707893 677666 726914 767143 707745 749387 693508 768358 754407 699436 776569 734598 702849 690783 765182 717596 776660 685325 761987 673104 760185 690203 700806 759419 746388 707249 749737 738374 671074 725837 688676 710918 742863 784988 735939 748971 762738 696017 723697 723731 755632 735285 707719 769173 763648 717533 709261 717190 685338 666056 744076 735588 747799 680899 754058 735343 745179 721345 745063 697682 678635 724107 639969 765414 734400 749830 699711 755662 743688 784160 706067 774642 716349 732425 716939 728750 743237 752019 774905 742247 743398 736618 712897 737057 777808 764995 734178 713596 696439 705914 756278 741063 683160 689117 741603 733814 713514 743321 766011 735592 740353 779423 704950 725810 695047 698355 752229 728297 695907 703259 747179 758419 711549 730827 710470 749125 763961 696581 681563 736503 771556 740202 712983 751129 715260 678734 758972 733240 672784 721585 642610 723287 721570 686936 672629 803779 731438 734508 751660 702953 726318 708019 693605 746298 714614 688671 703459 687061 713363 701458 686471 670637 741681 738633 696680 758619 697845 707346 696560 681880 741598 804417 693718 726225 714306 744023 733417 762357 699694 741174 674532 732795 765266 
755384 787553 749483 734350 766649 760314 809922 753580 763063 735212 758013 767060 766555 794435 777998 797691 773213 729679 700234 843863 792193 734571 765291 792078 810778 834085 760214 735237 761933 761436 791626 745912 747791 711339 833584 785323 789567 782589 726545 839225 757759 827442 845166 778021 790869 751514 829175 774020 819528 808596 733995 762216 739309 805843 769276 760978 771246 739759 712256 754888 776893 749621 746398 797292 740871 808193 827445 801832 769861 765569 791086 777898 781019 791933 835848 808373 764453 784620 769204 741146 781573 764206 782724 766502 776656 818041 754647 784269 768585 716016 699869 801971 756474 772315 766158 801400 745780 739075 788919 821558 728976 788807 779070 770991 778517 729330 813056 744646 808351 754920 797791 770934 780064 735312 816403 803738 734099 778045 746115 759902 730534 771197 729420 790618 819447 768361 859011 779520 706635 794952 800335 743561 786967 772703 810996 779196 741910 839850 802419 752761 760079 830978 766588 793576 742537 806641 739156 810214 749781 753328 811466 817945 790630 817928 782323 752831 778862 747585 809877 788869 815104 780144 782133 796398 764472 810528 767470 810314 763154 786789 828334 800172 760633 758118 794255 749121 727168 769328 775494 765266 748881 792959 796962 813375 803065 780653 760437 758089 780165 709130 800040 771218 800533 749820 807872 787155 789766 759185 841827 758557 761528 790770 796692 781694 807006 788264 812279 817571 809127 787256 796826 815673 793594 803380 765753 758180 750538 803130 773641 752327 773382 793198 788770 768615 811461 772480 759648 791383 822637 751732 761548 730028 733677 806161 783472 767359 713847 787338 787507 767060 795532 763563 802492 764108 739479 719443 791880 767801 784202 766839 825961 779785 717625 811711 784241 749142 755162 688397 748920 776691 743507 778482 843123 782545 813933 790319 735784 746873 749342 736181 779000 766439 729371 744913 744094 784144 728915 736804 752931 806772 776663 780611 806173 733774 754907 753887 754394 817836 862381 748263 748575 769615 790298 745561 818207 752727 777035 743367 792933 802658 
713557 740342 716587 683727 705513 719944 766815 744795 742040 722512 702456 717089 715686 755587 722008 714433 711398 720460 671152 785730 733981 702463 719515 756812 748071 761779 717396 721022 712771 699860 763007 704878 674567 693231 756421 722782 737479 735027 683338 772274 757585 743753 779641 741617 719435 698061 781457 732810 775923 782807 734594 730237 701601 734729 722664 701980 714762 698241 689954 711745 711591 701510 709338 721684 719541 722562 781253 796896 731696 709641 760932 734664 738396 769696 763447 736948 768453 727652 697869 720291 719136 709431 723129 723763 721583 749419 723648 737106 711859 656408 631892 754019 728689 713111 740379 761841 699335 706966 726441 746972 669798 728982 740181 732891 725238 683683 737387 704203 780198 728149 767515 739141 719101 683782 744631 733881 703276 715423 687239 713368 698809 700257 683529 732173 781423 715418 799507 733932 655129 734879 739198 699669 757310 718495 787500 741722 735245 765774 733178 683604 689512 781114 728153 756712 714735 759584 705506 769969 731339 712389 741150 761040 749204 769830 719209 703965 738319 701352 723227 726971 760336 740553 736110 755013 744968 748234 732058 758293 714791 723606 763683 736521 723613 734236 738782 710464 719674 708693 720464 731544 680028 746460 755738 731260 725001 721527 712413 723266 702613 653639 757339 717458 724184 685835 752019 730096 741211 724858 772078 727504 733647 716220 725532 716792 741754 745737 737486 780635 713182 721521 782037 791789 761975 729157 711120 717391 712554 735900 746505 712516 707810 738880 730864 746873 745680 747061 714587 729856 784988 733470 717837 697123 679236 719447 725309 729996 672493 737051 767837 714295 720823 701496 726325 736509 699384 662924 728347 740354 731349 716637 753122 728656 737473 759559 725074 694449 730022 648778 715201 716504 695035 708742 793126 710619 723393 743971 705428 689633 709091 700569 756491 739087 686459 662043 695512 714507 708973 692721 723895 781901 734884 737700 715007 703441 722827 714908 733274 743490 798878 701331 718200 711444 734829 729925 762801 711423 728482 697823 745097 748213 
728227 729827 709941 683068 736224 740985 788510 731066 726917 721177 730189 738136 723491 739294 698417 755885 720668 698696 685248 799435 747055 694145 743911 773684 764101 788700 721363 717249 725636 736801 743420 703189 725945 658677 789788 732366 763149 717025 701605 777045 721439 773387 794324 696616 727156 699644 802362 704606 774702 791133 739981 731858 678102 759550 724712 724545 760530 712994 701705 712962 720253 700360 680817 741188 714509 744724 797991 771104 724807 744917 756516 736125 706591 783350 790421 763759 746352 744660 746100 701808 749766 749613 750989 693538 748989 744022 715316 746020 732223 669795 667016 771149 733536 705715 729206 742718 728204 727180 743100 783634 699311 733939 741278 737910 753769 709345 775093 730930 762297 732258 740591 767889 757916 721758 758197 744062 679102 732441 684826 738356 678109 720726 688143 739497 770732 709911 786654 736244 670436 732294 768084 742993 740297 726034 740013 763516 698840 759898 739888 714912 700840 755719 726319 785855 711010 750374 681067 750932 754782 722947 714100 810746 775177 779703 723665 706466 742010 677937 739363 747971 789951 710208 753243 760110 741196 745126 709567 748296 715140 739021 782820 758167 743776 680381 757871 682949 719797 746621 708290 748190 704711 756044 798582 715619 741027 766585 744116 758679 715915 663457 758413 736150 728247 729961 740812 755863 789912 736658 774947 734775 757625 723533 741391 726437 746344 758466 751741 741042 691720 719292 754572 800712 764976 724211 671378 711720 705964 722148 775292 723982 719905 746441 718874 738294 791683 740415 732148 754116 760208 705558 743671 701065 694179 739711 747527 751052 711647 740039 731392 730269 737399 739337 766123 753995 715465 675048 699326 758070 740671 717243 776710 755341 729601 739191 745701 685196 737756 656239 720238 723625 681187 691384 818257 739269 737010 750708 723512 689299 714430 726100 758339 730866 700501 724247 701211 736191 701276 697269 704264 782080 744903 723063 760170 702005 691083 720952 702592 749723 782002 703471 730317 705758 750841 695207 778113 739436 747572 714796 747415 776727 
699337 724579 702556 647219 685442 729717 720640 696769 686137 675540 684592 683585 667747 730217 677520 729508 692135 693689 628774 761194 719759 662377 680404 732685 710020 728476 684300 668999 663540 700770 715680 673837 637945 658527 750557 706763 724612 705360 675008 716472 681117 733779 723244 700138 689262 646422 749337 710812 726097 743376 671141 690258 685133 718870 714222 684215 732228 669771 628879 669121 681169 646435 693751 692348 673717 710553 762318 737800 678855 690827 695430 695269 676141 730994 755047 730929 720136 689911 696952 701779 720550 696370 718778 700336 731508 687728 662919 706307 695525 670080 625962 731227 704776 689890 684628 719453 674414 679973 699861 746091 660292 726075 705872 702307 700032 676692 734460 680368 737734 723866 743911 697964 705758 679979 733859 701273 677859 720602 663446 698103 663324 686886 670926 718642 709884 668728 795531 679383 623605 709499 731226 682007 693815 667459 764387 738276 701071 735206 693419 693722 673934 746074 674381 728696 650475 734059 651458 720135 667379 673100 721489 726698 697922 729454 718783 717209 683908 638377 715223 713870 730440 698034 707358 720850 711056 729476 678172 729718 711569 711104 779966 710351 721297 680723 704461 675957 673097 713752 698653 697953 671133 752886 749732 700344 716680 692921 708702 681289 695146 637946 726011 699557 693442 692720 687909 704008 738025 685507 737090 702472 693307 693409 719082 704427 739013 733033 716144 751707 700759 694693 704909 769710 728373 727931 672938 720066 642782 695810 709648 676519 718363 715994 682743 714402 728612 713162 709319 728193 728142 682733 664573 680079 707220 700454 680672 706441 653087 714875 706337 665282 708625 662841 736371 718615 673200 655042 677881 707581 696697 706928 744759 700491 667161 705338 706970 670357 706695 657313 667070 679278 639301 655248 745584 668835 724492 720243 695058 719038 719448 659729 704530 693298 684002 688091 666458 712138 668511 687185 673341 758897 713810 702442 711219 643915 658652 686401 694718 727980 750185 660195 672392 702599 726847 680684 740131 684970 680761 687343 703480 709030 
695125 712496 683150 650008 621796 675192 721414 683996 658685 678218 678583 667382 700676 709592 672298 718371 672439 656197 641609 732490 727449 669099 710692 715611 731587 740066 687876 666865 674242 672510 688737 673348 659667 649764 745501 691544 718852 715673 655024 726020 678488 765106 752117 695270 686080 649105 752816 695244 746322 730560 671975 694831 651446 731770 689357 684542 703512 682397 641112 676839 704852 653964 647757 683566 676038 695988 752773 749129 716694 681610 716759 673479 688023 701692 762093 725355 707721 654253 705327 674089 668424 677927 691805 676006 733620 692266 674589 681859 666521 635117 627249 703234 695455 680673 688959 699205 625659 660153 727411 743344 654697 698381 683781 718509 740413 677287 690619 682135 740397 699442 696583 705483 677361 647892 738341 688668 650849 702091 663821 696152 664605 684316 663437 672728 692417 662514 777394 685272 614817 692152 710813 699281 688781 675673 722336 714493 688474 740193 705790 671863 657926 745065 668614 748810 657901 729249 664404 729525 695842 700213 721544 721252 711451 731037 686271 670386 698196 645595 714109 710200 736559 687535 690917 697317 674766 714140 680182 721074 691774 702528 740043 713082 677409 659375 703467 671311 630582 684229 668695 669208 658414 692285 714140 698613 725929 681007 686690 670979 684792 664841 676234 679399 709686 675051 708998 725253 725717 693699 743764 661042 686453 674296 716234 668975 709206 697276 725244 737980 689906 677239 705869 753207 748268 724884 692237 669888 646887 704650 713988 668180 666629 704790 694030 695440 720954 716711 683450 694003 712834 695122 658862 659484 653305 715627 675851 697008 655323 701250 702562 661474 719710 683551 698887 699136 691004 653543 664599 722676 717074 697727 713176 691725 646848 689751 689584 638676 686653 614559 685777 689854 646751 644463 747834 688516 746061 714835 669282 678178 685745 650686 712929 688326 671334 675893 650597 704509 665996 664950 648492 715617 706882 688621 723135 660665 678953 659684 662729 726079 731826 652332 666594 699373 686264 700679 731880 687654 699090 664093 729986 722326 
723589 742475 733450 663105 697233 715642 785882 712383 706082 717761 705426 708167 741328 741551 706390 736553 737912 695820 676981 761714 738461 699474 730290 774856 763881 739081 705521 716597 680018 714874 753253 735884 665395 681329 792549 713994 754769 722911 676347 754034 712436 765577 761537 703894 729278 705345 769049 732979 741707 747497 705096 721114 686879 739852 751417 734533 707843 726806 658537 713246 730708 679869 698917 755733 699518 755700 786634 754638 722694 704910 725442 720404 711714 777281 742908 756868 707563 726384 718141 721027 760864 717353 729697 721633 748967 743920 727752 726664 718468 679723 643721 766760 710741 736805 701715 747399 693299 717689 718019 765604 679017 740073 715206 722076 743585 694864 761226 701438 748420 736570 740310 770831 731938 691854 746151 722390 685371 712012 678962 754531 657051 710425 706157 715946 733966 722120 835563 723781 666375 708394 754681 717859 734390 711151 761036 738801 721209 769231 748495 697937 700319 753435 725770 748003 681194 745915 666893 743244 715198 698695 758391 741470 748223 720909 727735 709741 754846 689434 699087 735788 770251 727107 739275 749171 736902 748758 669976 751703 723921 732895 810719 752015 723499 724247 724501 721120 694162 711564 721155 727931 709179 770849 797562 727728 767701 741753 730251 707241 712948 675686 731888 729679 704549 703796 731859 745366 735529 716108 736422 734738 723673 728283 722565 701608 735700 756422 763648 799280 731449 749884 730124 793205 744524 722153 720473 741287 704461 706874 751248 644901 748795 713684 685574 730924 750192 722554 711581 760143 765160 707417 713049 665388 687944 745457 726442 705325 670386 722488 719466 728229 770084 694821 723489 737010 719498 697333 730575 719644 694052 728463 755808 747687 709028 742835 761026 675387 738031 639164 727242 693638 729846 707446 764483 708558 724768 773731 699767 713262 703358 669027 726346 686580 674011 682442 678445 730801 712791 695375 655859 727556 747402 713244 748348 698022 706231 721283 719836 743754 767008 684681 714030 715531 760120 697712 734084 716038 733179 715975 731325 748399 
758978 806860 760534 724172 745451 772066 833319 776659 744296 752091 762877 775248 750131 788818 774974 796657 764528 759962 732044 851098 832554 731026 779592 800966 806495 806415 771327 750189 743757 769996 787707 777292 724550 717100 852629 759605 789422 771992 758944 843459 753217 814160 830786 786030 792512 765895 839867 780033 835439 810638 789481 779270 757020 816676 767134 778171 793659 782164 732386 740393 791955 749113 759280 768621 760949 820049 869775 829652 776814 771360 810019 767191 780565 802871 814629 812167 791783 766039 790570 759821 782269 764801 770363 771563 798760 784879 782877 795722 763443 691386 729264 777662 763097 768587 751835 800784 726051 750316 804633 837140 739678 808398 785710 791891 829142 771097 815412 755847 804389 762955 804045 803726 781095 773451 808949 805582 722273 758127 739224 815191 734131 755991 747094 795981 792764 778452 866856 770678 684900 787809 846039 768218 793445 784243 823011 796609 777205 834681 792285 750222 737751 828084 748550 834688 737390 829739 724809 807760 768056 785766 798475 840033 801971 806216 769435 746790 790583 763747 774062 795989 833830 774800 788979 806697 785317 798219 782807 819867 788090 781482 845015 786377 796192 784203 767232 728813 760767 789576 778894 775805 739437 771260 819811 798150 806813 761351 829530 749639 767970 721651 793199 789262 788350 729810 826959 774875 820299 765400 811822 756973 776364 768544 795407 800025 785948 828653 791121 816687 772519 783825 809186 832098 789838 792856 767123 768345 739802 772554 808182 729210 763663 789026 785489 779274 817290 787862 766161 808347 844205 765829 764876 734588 760491 818835 769357 766167 784332 779085 786678 783287 798161 774777 791411 791512 773482 747490 745123 817057 784175 777680 821441 807290 721982 809781 794257 740820 790657 716204 782854 769654 752009 771334 845776 772200 811807 807790 748935 802002 753724 753291 821703 773668 712350 766096 740266 767638 762304 758991 751886 835948 785835 799511 777923 740637 773351 775785 754797 802739 838546 737440 787465 770389 782896 748178 805827 774958 800436 747206 791264 829905 
779776 818585 777459 753680 753653 758842 828033 796675 789414 767417 791526 773597 811038 826569 792029 838176 769455 777287 741868 865362 818985 743443 783454 807445 838750 834361 805458 760639 772330 808676 801751 774860 754880 776734 858686 787715 817731 809449 740625 857375 802503 847446 854313 782559 793630 765525 825587 776830 875132 827354 782716 790162 735518 823151 797143 757834 811720 828933 756076 749449 766748 752956 782843 795040 773739 841937 864890 860366 768486 791554 802179 792981 798407 805619 844135 812942 787275 799434 799810 807295 814535 780700 783019 761645 801910 764526 785138 788102 793901 747804 704631 817075 766522 775808 788650 831813 740168 783706 800280 809499 741075 824673 817802 793081 805195 740195 845591 765550 850882 809797 840082 787637 773794 747288 834195 809581 743853 794417 719884 832595 730862 791097 775544 797570 808372 767581 876913 801070 731097 787737 837834 759775 814496 778476 817392 841844 796224 815771 816446 766938 756540 837969 794909 844697 762132 803473 754463 817214 779798 772479 848213 852973 820152 814294 799278 779464 794483 731741 788049 830952 830736 807165 805462 831474 815721 796314 795877 861194 804228 844937 855401 821264 809910 811734 827761 764344 765688 780973 795416 819699 749583 822884 814235 796772 825495 813331 804453 769455 797928 748310 797531 785097 814661 750422 823055 810833 828243 773920 833704 787093 784911 813214 814917 789881 831530 823983 846683 859014 812745 772101 820005 860734 839686 810175 774171 788587 756864 793909 822393 759963 790353 831518 782358 793608 824942 813185 805546 810791 859419 778342 781381 751204 779388 801453 791970 785220 763236 824607 815748 799003 818289 778337 813501 810037 812000 736265 791326 819786 796940 788619 820597 810749 763322 830086 821774 763504 791993 747227 786299 777937 779006 775664 858501 801803 823443 846122 777731 774807 768004 778047 804617 780889 746220 784803 750596 802093 770349 758603 772350 824641 814681 789800 821504 768246 785751 810326 770241 841826 873654 790777 808112 801494 799212 752005 832137 813080 815889 783381 825371 819980 
723018 750306 715759 710342 682298 737947 812653 731226 719294 718186 724605 722516 739196 778977 700073 745705 704518 701208 645693 789773 756901 679241 724483 769480 739195 760874 699599 710397 710952 733152 788438 717538 694494 667338 785792 725716 732377 733567 710260 772534 713156 758165 783157 685957 743208 694782 780429 751816 746080 782867 730308 719221 721436 769651 721092 719593 726036 715477 714501 701157 726705 728649 714181 722450 703465 761790 812574 786983 733312 722867 762070 740473 726092 776259 757121 743523 748653 751542 719005 711072 739628 712757 763765 741388 756416 749552 736933 731701 733683 655447 648524 736975 744012 729442 731845 778438 692209 716096 712532 776478 705028 750837 759721 748309 789365 735872 771384 708147 773034 749792 760597 749878 737482 707872 770401 746310 693181 735517 717890 720730 674082 725869 696735 735181 772078 739312 826282 732606 664130 720021 779724 729286 733554 702524 779411 753751 719830 792948 756839 713465 713872 764682 734157 768820 702553 770057 698255 760787 714950 711503 749279 760650 723765 750797 713761 720126 728236 698838 728573 756942 790706 745466 719843 761877 742060 755672 736072 785805 708462 708754 795766 758496 718727 751840 725933 705468 717367 765250 736671 729807 712727 770265 755256 714419 766587 737613 709167 717969 718371 678476 744273 738801 749881 712168 766587 757819 782863 728866 750166 727545 734076 724627 734772 716907 767774 767137 750502 779318 729961 717342 755582 795951 730745 735339 714327 720108 692311 742537 735796 712187 730989 770590 695502 748402 742127 772642 742822 773478 780893 713652 714502 696315 721438 738855 726801 708209 704301 747282 760757 740494 752380 712106 730115 744251 717579 698806 708997 753258 764747 760698 751946 754712 707355 729197 760717 699551 759205 634988 698167 724794 682667 694318 800512 714450 746746 758505 750952 717492 737865 685953 747469 724870 705537 702467 703385 742575 707838 706011 692917 784702 740948 744760 746951 678829 720078 730658 704638 745473 796393 722496 738824 716647 767500 724091 770855 720727 764634 701999 724303 759266 
713337 741946 744851 703595 704571 736902 781025 749468 721831 719724 711707 706813 772756 757798 729610 755175 729578 726409 676992 802581 743779 667291 731250 759229 779166 774899 718977 726047 714181 746373 759795 730922 719191 672550 780090 753345 738670 740668 700004 774739 743905 791553 779580 732803 762502 716731 782988 741294 785213 759660 706007 728856 693692 750300 733245 731843 720392 750198 680879 713585 725315 716470 733221 746561 705443 769194 793483 781477 705581 731004 744790 716899 735512 758716 762212 755662 719310 744760 725522 746199 757838 729929 771228 723517 754672 719252 735040 732430 729652 694318 644790 782317 737553 735085 725826 756027 693077 732627 748451 771828 703125 784510 772784 774515 750684 724037 794685 722724 754895 743425 765157 781323 717666 727623 773432 772546 708627 750401 702273 754492 697685 729752 699576 738408 743773 717765 814486 731526 668390 732300 779444 711660 741403 725129 754743 765312 719057 761662 763667 719969 724854 787562 702711 766387 718008 778592 699065 764212 701844 721780 766286 768489 780104 759373 755689 718355 747625 707421 726156 778073 784486 752813 745441 779944 733718 761664 723033 774323 734879 763758 818236 750619 737651 721383 747932 725790 729240 731647 722461 750328 702438 756099 775459 761835 787837 727088 749860 716726 733496 674342 759788 763357 728717 710568 756006 793070 769867 729534 767760 764776 723912 756357 766292 715290 756323 774645 782824 784834 724306 740519 750313 808513 756036 760074 708668 748756 695878 727724 754154 719627 741451 753025 733960 735821 746921 753901 735749 744350 769947 705331 754690 694338 710977 747277 741698 730930 710534 754691 745001 733013 743750 716394 773915 740247 708379 704536 735373 767767 737696 716009 775372 768640 719852 759932 770291 687903 748920 662119 698908 728118 744786 739720 794836 718086 746041 755718 708438 712302 724450 696482 764062 721596 703291 737758 711913 746101 704854 710700 698814 788165 765454 737898 745725 709089 721446 724949 699311 774567 791071 729134 715120 734094 762738 691516 765448 737442 740534 710973 745816 775867 
764756 778153 781091 694620 717210 736992 833313 745666 759423 745596 720401 745959 757650 775494 742469 781839 760565 739036 709700 815245 800244 762532 740231 781108 788956 806356 762017 762588 731042 729946 768118 739560 712650 691596 813274 768987 797391 765510 722538 816377 766800 786744 798988 758369 791540 743281 811734 776006 821728 796072 777287 756029 747834 778663 751274 757596 757758 765716 747381 773959 749641 739877 720949 783878 731250 757086 827277 820418 756066 735302 785881 759092 781224 791962 807087 793039 755627 764722 734352 751606 775872 777978 777872 742234 783017 775998 761697 758667 725330 700409 694346 804079 765286 776974 750571 787767 710698 744427 766419 778458 703784 788158 784722 769413 790839 700410 829299 748772 811289 760520 780700 780286 753835 736791 808084 781371 741557 758303 728055 775507 736505 767305 727809 748730 784796 727551 847356 742031 680737 746825 788723 731609 762633 768074 792130 793510 769318 819639 769978 737686 716692 806406 755409 799007 737827 786144 714042 786578 755254 735925 802513 811562 778617 760648 762663 731617 757734 741475 748288 779476 800651 768123 760732 769346 754729 798422 769904 783101 759974 771309 814201 784468 755171 738505 737178 739565 746783 776979 772289 780814 741178 745791 793722 779076 786610 759786 774684 731281 744710 692200 764620 778655 783787 743862 798214 785876 805991 761988 796379 751986 764350 752096 787306 769687 796804 795456 815242 803546 783458 736794 777193 825026 795093 741226 739801 754721 731539 759272 781476 726397 750626 775409 762330 772755 770933 787503 746030 799005 810649 763844 737463 723221 729462 811101 784663 768624 742726 757990 769080 752960 778018 735232 784827 792512 742037 740520 720868 784155 769276 774743 793404 793045 736465 792047 752763 720684 775772 717757 751974 733053 770946 775437 826661 721445 791394 777528 748303 742893 719118 711437 792970 754873 736442 751084 716060 760948 752249 693394 743852 772089 776251 777303 762323 723225 727281 778612 738889 776913 841725 729746 725687 765396 776788 761739 827061 743388 790352 732287 784922 775224 
749584 761793 760886 687745 703381 702842 778797 704578 719672 735649 726142 742786 753402 765005 729406 780751 717955 694046 683245 806525 760823 728718 746400 752697 780662 806460 758518 730164 736458 714578 769037 764107 731597 702159 791481 737544 749373 750219 709586 796897 761178 791219 795737 729960 753498 732530 775413 730826 806838 785780 741303 756020 690862 750867 742862 756204 720869 729386 686362 734104 743930 699947 717612 761075 715332 769531 799695 788688 746448 746471 767700 718229 747262 786866 788636 766362 724889 741085 754456 750424 762216 737096 741619 725627 774836 742485 744396 732855 755782 695356 677554 752276 754127 729701 761572 790713 689788 708739 758589 760051 724049 739398 735019 752160 765119 719230 803664 702292 799017 745637 778323 766387 732235 719339 790853 744175 725866 740522 710002 717801 713401 737664 695736 745318 777198 736581 826026 717104 662303 740605 794295 712171 745548 749872 780584 759440 753717 783571 773133 746742 719462 816079 733803 783852 679229 778876 708704 756254 725248 707702 811552 776580 784856 772780 744075 729216 748909 724655 749108 733732 771127 758928 770083 743779 775633 768688 735342 803510 732147 763698 781057 750729 783785 753918 762754 694450 728981 760272 780488 739581 712137 778087 783475 764892 742599 775153 757611 738552 733044 731183 786259 734624 756411 710379 788436 740678 793512 741038 771204 742905 744198 751438 743187 733275 767220 763704 764645 800634 760618 716343 756813 806092 774390 773970 753258 732344 722886 727232 771540 702364 743526 762687 746607 782801 777762 723129 720889 777515 781440 760980 754928 707506 711768 773051 742099 759234 715532 763538 788169 708110 722582 726204 749872 773078 741298 722329 741664 765841 772118 731513 766912 755845 695229 804806 746816 687177 734667 665323 724758 746593 722671 739327 813002 734564 761657 767204 746583 765213 720919 706309 755437 716779 698823 736508 686148 749727 713465 711136 720021 807190 746497 724654 755665 708260 745339 749895 723309 775066 797844 733663 729028 742855 784629 735763 769246 719931 742190 706870 759633 785163 
746915 775302 738928 703400 733527 745589 823100 728925 728360 758994 730590 761656 736785 767180 749211 787182 719159 719391 714927 804767 780815 710440 740326 785930 805642 786067 730546 723310 764466 758336 781637 742965 697922 693623 796395 750695 764844 756149 697147 796052 756400 795454 809733 733160 749644 712300 814414 753257 798924 808123 738014 738203 726262 779183 744783 728510 764396 765170 732427 719511 779140 702164 743362 771346 719077 759555 828887 801094 746235 726730 788568 751076 752525 786859 789017 767150 751996 762028 733058 706873 766071 732824 771654 751698 773587 773142 758648 744855 735285 655579 678588 805809 730600 741680 749297 786558 703251 737044 757011 772348 719131 765528 785534 766987 754462 735025 815871 721698 767539 761500 778766 773366 739597 742820 793711 787742 748059 748530 691295 779220 714369 745086 717526 763858 768716 749191 825811 728676 677002 719906 794766 725254 759160 726254 784905 778507 773380 797374 771594 728046 722305 772442 755161 794705 724940 824334 696755 781768 728909 733759 763543 782400 783209 779191 750479 731489 757051 728598 758208 754770 805668 756823 762249 779738 775643 768035 762384 821925 764709 773529 820784 778715 755386 747943 754982 701514 724338 765733 746168 766037 731011 769288 758980 754119 773271 781086 761990 728072 735147 705285 771566 739333 770756 719827 788945 760287 788358 721625 785840 764535 751557 747260 755094 753496 773050 777390 789644 824997 781773 759185 756776 817720 748340 709305 718058 753952 705480 750469 774599 747901 747590 762748 756362 741639 775323 782734 771880 771732 796959 739095 753221 713702 709014 773208 764622 761425 738453 772398 748808 720470 763034 732975 726427 797858 741739 733808 737820 788452 764634 764034 776174 778968 746526 778207 737026 705247 769501 651545 760597 731928 734048 743909 843596 734253 764691 776677 733372 741662 721458 714299 784902 752459 675453 733161 695751 756433 740913 682273 742306 798893 747381 721050 775705 719154 706333 764373 735747 759270 824354 702497 739529 724229 779687 765254 779848 726656 763808 708024 737856 773187 
753072 765258 751037 684322 697686 726742 803195 756980 759702 725156 733011 739010 761030 767689 731453 772168 746637 715809 683938 802895 788880 694601 746869 783058 808071 746636 738522 711419 740916 737562 772667 744879 705580 729766 783989 771864 782894 721704 702062 795683 737272 817538 819494 749652 756311 712169 797263 746378 804787 784190 728148 742250 742553 786868 736559 710736 768677 755112 713012 694356 742460 711465 701782 737878 705500 777254 824531 815060 747463 722124 757740 723132 747148 820194 777644 763598 767802 759839 750129 698950 796039 737694 771348 747009 777559 750789 749042 748248 733092 683984 667733 759495 736821 736195 762682 759950 695675 739505 755915 782000 709483 766918 784282 750364 758890 733246 767278 737147 762122 802745 777487 754134 746321 710098 765359 788862 709148 745759 717496 753474 723993 783089 761417 762603 770839 727171 840889 743777 652081 727697 818148 722988 738328 731750 782631 788195 736647 780990 772070 718883 716306 783183 728836 797977 717191 818486 687001 775735 741841 738295 769614 770722 781598 782330 741761 740558 759554 704940 744400 770728 785373 755885 768456 782891 740814 790112 725474 809703 764423 754814 815724 773709 788028 752145 730300 730192 737183 752978 756606 789988 711123 782936 773298 734001 774819 760666 746505 750340 729918 685864 784362 746277 765447 702915 757779 779074 790071 715063 801608 726787 732746 766525 738134 743349 766451 768684 776014 802650 772602 747542 787266 795777 761893 747298 736413 738961 685348 750728 779643 717463 744918 775004 746819 743188 787233 768973 750944 758425 792293 720176 735361 692834 713316 758627 756136 762133 738318 767703 771079 761903 747478 741725 764745 799299 718128 719906 729732 791153 740437 743079 782157 780580 746039 768187 758526 690242 755111 668315 727249 761201 711805 730759 841182 717221 774051 780219 719214 743344 728376 723658 759238 761219 723954 720762 684500 750942 748149 691792 699690 769876 750083 740552 773267 704085 758021 718596 706775 752769 789539 724495 751411 747371 774882 757092 771540 743665 762340 735125 767929 761514 
736797 735817 724915 668914 721195 711229 763647 727443 723278 677489 709102 700296 737984 771439 721357 743315 697831 705757 672693 780457 741265 686546 743100 769995 759752 783407 735366 702868 742071 736079 755256 728110 687994 673607 766487 734911 762376 717270 709426 778525 700640 773444 789099 717341 743398 723609 783467 756952 783749 767724 690646 714081 687563 746635 734809 707285 743430 708713 684618 733993 725105 728431 708302 714374 700439 767218 782144 785032 710169 691886 731406 700077 730472 771582 744334 737399 739271 726669 728780 734721 765329 721668 757286 722920 762795 733745 726732 733104 736340 671687 653216 746600 729974 726198 729245 759030 689607 702847 735108 773167 698864 765426 760784 726397 750287 711834 774991 710336 785933 731747 748744 731050 716232 695971 775386 740629 692228 710094 702417 739249 661657 732598 704352 765496 757883 729850 807696 721592 671898 719563 747634 698023 728340 692417 763820 790047 706266 808135 741836 717255 676045 746018 714296 802128 720015 738743 693107 776166 699877 705698 770824 761061 749178 732543 729104 714095 716679 695542 727324 719810 776013 700158 736021 756976 723105 729659 718648 786228 740308 734618 786637 758264 732744 708592 733320 701654 705861 725991 755939 717983 688969 755207 763100 706403 747497 747021 735774 708368 709808 669804 726537 703030 755677 684714 744516 740239 778697 719390 764529 719045 709910 719946 754187 690487 776875 768531 749960 766703 736666 728506 764447 796109 751637 748171 690757 727791 678976 746268 727002 689454 728509 729404 721508 735131 773787 745439 708662 747166 739903 718734 719905 677655 719214 731824 739855 706360 703833 733046 734899 707953 756226 720609 736594 751639 729007 675503 708862 717571 733796 719760 730966 737454 705262 759810 746898 725157 737028 649920 702555 726270 711630 696771 776387 711113 758456 730325 705302 707812 727783 701733 738956 720339 685125 711854 711922 738463 695441 715338 712855 743133 733234 738952 756702 715806 711822 703475 719696 755508 808282 688721 721260 726274 772544 707653 751022 712339 741776 716801 736150 719157 
731822 748683 724538 676510 690853 727241 795300 734566 694846 715743 731591 719240 720155 747724 726104 758913 729803 718490 700394 794928 759954 669328 704307 769793 763786 743333 715703 690070 731559 723585 766824 697059 697939 664733 778789 698242 736411 716468 697910 761024 734701 767910 764443 710112 734938 704978 787168 743095 741677 766792 727740 708873 700845 773293 740780 738442 731741 737142 697254 720302 721399 706881 696461 726610 694856 742960 810659 763911 723206 715967 753482 717571 728313 752833 801850 755262 719257 747250 714438 713572 751358 730651 749894 722302 762310 744506 723056 720615 718650 657815 638012 753412 714222 745590 723413 790742 687723 729341 735263 751423 719288 754361 775512 755523 754425 702998 769253 693078 776510 722292 741305 745586 761803 712640 761456 732631 721791 725118 707874 747347 673460 700860 704213 736449 736364 738664 800939 714974 671599 721922 764665 739409 738404 701425 776092 745562 750368 782774 721633 726156 713757 764390 734020 774707 712694 764624 683452 771752 698575 673808 748944 770287 753602 740819 745954 700141 731512 684579 739512 758488 771265 740049 720843 756505 716742 762769 720920 758161 752282 758631 796619 736993 743276 697436 742987 712013 706922 721185 735139 736288 686534 759892 765279 749807 760035 751148 759774 748202 722060 670941 754400 744243 740654 690722 743157 739147 772746 698834 754374 742210 724959 734557 729049 742217 759441 756769 773623 764843 756798 700970 738869 808672 741659 731899 704504 751496 683992 734954 729637 719157 754059 740289 726068 741186 754304 741618 716490 751063 764588 713937 700443 678767 708297 740647 731014 755314 708976 717233 747480 728754 728486 712598 727057 744051 722025 706475 718934 769994 718528 717095 770456 742273 702022 767954 740296 691479 718053 646654 724676 740419 730590 710717 792295 709370 756100 759751 713981 725847 739239 697962 740812 719092 690205 698442 707117 747338 707397 664600 678794 766403 763669 722840 756599 710583 710622 743781 721776 752286 801497 702941 740248 741582 762999 686971 765390 715503 747284 693849 727444 748233 
742794 772590 711548 699077 692104 720795 773947 723983 722210 703937 737593 742616 757594 759371 700484 747332 737170 736413 694910 811313 767782 741668 732727 753349 778942 807971 731375 740533 724009 775539 776648 715910 726159 674534 785226 754532 754393 734378 678860 777668 725115 771216 790196 727927 715817 711300 772748 720562 795886 762316 716672 718939 716843 760650 743776 751808 737592 754364 703264 723552 731120 708095 710597 721753 711453 738521 805548 781754 711243 729614 733791 724361 743037 771715 801092 758491 748808 760916 734926 713809 754660 742796 758091 718902 779341 756587 700013 713488 735361 688592 663218 766058 778110 748571 729197 737336 707981 725933 759236 768057 718148 734961 753539 737467 768280 711903 813527 721304 786545 749437 762043 764356 763845 729106 772675 778656 669302 739205 695912 743514 699242 735428 702981 752552 755034 713133 804826 741302 667780 760393 777031 733718 761655 744158 757486 772180 730772 809713 752941 730033 716112 787505 724338 789379 712473 765529 700451 762140 686251 704487 758774 799477 755203 764052 733165 738782 728653 732424 741292 755061 779907 712316 729855 779876 751077 753424 738933 757643 757144 742001 794419 748772 758903 738013 755980 684980 696313 727459 730799 722735 707515 769795 763283 750712 753049 743748 731770 735784 731619 668085 749532 749035 737498 712331 788481 770795 787402 708172 763348 733522 739737 739048 743913 738938 767552 775116 781820 797334 738667 718194 742105 821924 763188 742679 708935 731690 710492 739357 765643 727684 724054 743510 749984 759826 772872 764604 735760 763973 778468 733986 730113 681486 711772 739988 723723 766821 726278 739006 733074 720849 737862 723124 762782 770862 723391 695789 697265 778701 752402 712326 810531 744229 720589 757247 724486 692389 753355 658230 697835 736088 716319 738057 837635 735312 755445 747847 705150 740793 730044 725193 745632 739482 704169 744107 693344 774461 736058 709330 708114 800223 743785 740458 780896 710369 742023 736784 730104 752647 810054 710597 709792 708433 750781 728426 777893 711804 764788 727673 773059 750635 
709910 722077 704771 712456 663708 706082 767004 705534 699039 704929 720879 702392 694458 743470 733283 758540 725482 687416 677787 794897 740296 659922 717859 763397 775950 765224 731221 710848 717615 718888 738048 723516 716624 714624 778739 728966 733484 716437 676152 760944 722879 758246 791507 718707 725212 692086 780772 713294 800080 740438 718951 730840 708883 736399 736396 684440 713072 704011 680859 697255 735778 694574 700425 698743 671595 758085 803338 789055 723428 691189 737382 701976 739626 777869 769823 763004 726993 726310 734220 704328 742432 705450 738216 710033 756375 726537 724527 716080 712835 662191 633654 747737 710478 696490 724533 741194 699507 683090 714729 715522 720086 724165 719337 735758 765739 689482 758866 692574 756824 734865 749402 726133 771929 668894 749925 756677 688295 723690 685298 732399 660216 716395 705928 703932 734495 711094 808658 722153 646861 713330 766969 713149 721859 725988 731402 749072 712948 766384 748913 696403 701770 753204 704941 750441 687449 769361 685675 731384 691403 712598 765382 764729 723930 758203 728909 681897 725141 673318 733997 728353 755913 717306 752481 736750 710751 739319 742021 752144 726569 732388 766982 754671 712574 715270 748838 703609 715208 739995 730987 737344 705796 753628 747963 733990 725896 738510 687975 724428 719432 678951 734060 702628 737982 690508 722769 767496 779878 700824 759671 729808 704431 736094 730249 707905 754108 752437 731734 746671 741550 714014 758452 780317 768295 729422 699943 726526 688764 753060 748509 694911 713024 725958 717745 740104 771697 742567 712675 753661 763101 701525 719656 695291 694675 726984 696740 744279 685118 740651 742871 718622 736717 729182 729347 749022 719598 698692 724746 744523 739765 697774 763432 743793 706417 735200 757842 696103 729769 645312 708249 707814 705085 695203 795603 716383 755943 734778 687924 699444 715951 686455 727894 756659 693765 697617 679050 725836 708765 696973 704631 759082 755107 703863 731156 690565 709385 726822 667928 766844 809706 681029 720570 731875 728496 726264 757017 730855 722046 682702 741471 722618 
793396 786899 765854 712008 717443 749287 793320 772365 753993 735777 738076 742536 751486 813560 751436 784973 741297 741598 718435 812113 801727 722083 760722 790192 793694 822369 775223 732645 750809 762227 776515 745742 701242 727227 834439 786791 784955 752957 745045 802919 765870 816189 823856 740218 753897 721206 813928 757859 807456 791064 755932 793054 722075 768610 760835 763814 779598 773422 715673 752798 749135 734533 739896 767008 778765 781962 825026 794679 775316 740328 816058 759866 758811 804977 822109 776513 787403 755884 759655 767186 802667 768329 802301 744321 786628 764342 741580 775323 754998 713541 668274 783871 743627 794761 737781 785914 693622 744835 786330 821176 728707 809903 799382 791094 771748 744467 819371 720108 802413 773817 808525 782313 756391 734037 789190 756051 749714 771223 717327 773120 752488 754912 744914 778617 816139 754581 849553 776965 668561 743267 813061 742423 798406 753852 796864 803766 780867 802724 791280 753208 743951 835892 758667 809977 723024 768435 732581 799730 759653 761192 827243 776064 774311 804340 788239 758847 796712 748759 781739 772348 821718 756549 780737 789495 760136 788784 743168 800060 800017 768528 852921 823097 787109 760626 780315 738093 702629 756455 776370 735950 746348 817313 807496 771707 789264 780435 775678 761414 751828 722118 796036 780709 810801 714784 798458 768732 785676 748853 817434 750297 735008 781021 763769 774536 776143 810116 813575 844233 765577 776749 762195 839102 795791 752812 741235 752081 739008 766854 762958 752066 782078 761812 786861 778797 766902 784356 778264 798150 811785 743839 729588 717581 744205 779783 769785 752583 721668 803807 790219 760086 792524 754932 788489 784183 780480 734919 781443 798769 791969 804185 801922 771039 742220 787338 753295 721320 765921 689520 771843 755644 761170 762200 855218 783945 761975 792137 751257 746075 731689 732236 788612 765589 758318 758738 725285 789756 751576 728732 748299 795073 776196 756450 810934 755082 753843 746102 746214 806488 843520 729768 751843 762481 793371 745068 812981 749127 773313 754840 776389 789768 
788048 802724 795031 734584 736963 762632 822001 771925 779959 784543 765585 761008 780721 827828 790619 797180 764059 732647 747248 825388 832746 741828 794358 821202 841010 818857 771652 777679 784375 789723 782853 751822 748710 715114 839673 819615 788255 762173 771955 855646 773806 841592 847513 799749 792219 754548 867376 787374 843203 845197 772369 775573 751987 801331 774233 769137 767609 771956 730068 768169 771300 733992 775216 780886 743040 776588 840506 826959 805417 756745 821534 784589 784715 814870 841460 804896 801732 786984 779626 767543 807471 759705 820025 772956 816410 791607 748714 762885 769516 711570 686285 803261 769012 776567 816153 814438 770125 768902 795597 819476 762502 805345 789377 805329 805876 761759 849378 770259 823417 797333 816060 822145 812561 750159 823699 776546 761680 785790 747497 793270 720243 745535 758861 762769 806530 761529 848627 789806 686970 793612 843418 773074 781520 791561 810837 809703 773061 836552 770259 770394 742072 824224 784784 821376 741632 799175 743212 813350 765608 749008 811822 826731 791581 806009 811501 755774 781397 748422 774906 803179 857703 767752 797374 808065 789777 838336 779964 826980 790829 786165 821268 794839 799121 734370 791850 754893 761524 815331 775858 786633 728508 789833 814043 785209 801781 790165 794098 758258 751503 723391 812831 774758 808098 759213 824096 816793 869084 753848 809304 787737 802865 776722 817013 790270 831022 824077 819927 825758 799501 779748 819267 860571 803261 800724 770478 766011 733517 794968 795450 773910 770346 767558 791581 768129 814931 787346 794952 810760 816289 747812 769450 736066 759505 815319 792884 772222 763047 802117 813621 778354 795662 769568 788968 815314 814850 753211 770331 826638 809620 784966 845598 777781 757988 821947 791677 728156 772771 676478 757321 761452 726701 745109 854691 768976 808614 805980 764205 743973 731808 734403 818867 774896 752122 747859 746421 784379 769074 734632 774348 841680 817790 775847 811598 754553 743713 789108 755527 791692 865711 744978 770421 745717 785218 797139 821106 737122 787802 763156 783505 802411 
720743 754272 713225 676560 700131 711307 798124 744189 710279 701443 713794 701635 712852 771403 712543 772987 738367 731829 664613 801062 728012 681505 743131 754909 777406 765790 720739 688738 707726 760590 758811 708426 719821 671549 784177 720549 766421 709766 710273 792508 728637 753982 786523 723306 745885 699138 774701 748557 801885 759707 726817 722584 703983 772796 713808 702790 733940 728474 687985 725785 742987 719788 723948 723500 709466 757529 830611 800740 729537 739735 752530 727238 703673 771532 774883 753111 737857 715168 746553 718503 763522 748290 755534 726725 740208 743056 730185 738548 728006 665915 677427 772236 724581 696360 720666 739463 696271 713319 746225 773797 706547 756493 747974 751251 755716 715380 792924 703563 782462 731650 757088 748322 721089 698965 788746 760616 697296 731028 697909 747260 703852 734562 690039 758278 762271 733937 810981 718728 656835 756722 765140 716036 753330 743399 755769 765211 720043 782934 749766 731888 715369 766194 691569 769379 677851 802966 688359 769965 710275 749631 757075 753964 774852 770414 722181 727162 715629 704854 760529 764856 774895 727370 743268 773868 716744 752910 753261 770239 732398 738572 793821 752939 766229 746551 734095 711067 708810 735272 727313 743298 702896 754159 763288 739976 754121 756069 741639 720917 732435 679968 731462 715550 733538 707670 768142 746158 767024 708146 767645 717462 719641 740387 742362 729245 748323 762585 756302 787867 732459 720833 759980 791316 761076 765056 736695 721864 677496 726569 780362 697793 721248 783927 733978 730163 739725 734211 717150 729108 761549 743158 728251 705202 707197 758078 723602 749881 723251 744957 734898 726080 743723 717710 758532 744271 720166 684031 708296 755730 724177 715406 767988 775854 705314 735958 735387 701554 746156 638063 716278 722825 699457 720161 803616 712192 729732 780694 713837 733450 746312 704138 768175 766696 697091 696085 691293 741550 701461 704277 684341 770961 744851 753334 746245 680192 763529 727615 720618 786942 780366 714036 733813 758395 741497 725267 793787 726147 758023 703610 775037 753558 
724157 758546 732204 674502 705285 746843 785371 733634 737751 704318 736454 731359 724867 794575 719142 776371 737073 691721 693005 796746 747635 701973 717785 743881 763620 772551 730413 704644 717602 728075 747578 715125 701946 665544 780086 733579 777530 724626 710167 783163 739440 810066 780631 726168 729713 709504 778861 715889 775424 769949 711987 721680 702211 765948 721423 726167 743195 722828 688896 699268 749049 693780 718167 717335 695198 756150 784195 788871 733422 717443 776051 718591 688647 777833 795359 757669 718236 741256 736949 703770 761739 744974 753395 710660 780117 744562 740152 728712 734065 648190 661896 777430 746008 722223 739637 756072 709629 680854 735800 810084 711038 765465 760241 751281 712383 717229 775707 734446 757160 752633 745691 762624 736927 716323 761684 756273 707389 743454 706525 748115 672073 751768 699069 756451 767119 727945 824159 716478 662794 732388 767906 715054 735988 725571 769841 778744 741153 775781 741735 727947 701753 771231 738300 785618 711129 792051 687438 765539 741963 682984 758460 766422 745643 791022 760850 714210 727532 723466 726164 743008 770768 742995 747355 759110 728930 780242 735436 784660 732637 744909 806999 763890 736462 722707 723920 680038 733269 725905 727480 745943 729477 755283 757552 735623 746210 747610 749281 738643 718656 681266 759294 738617 751556 719057 762243 759032 784823 728196 783308 732298 729066 742971 764644 733901 760435 723735 777798 791648 728176 729014 751488 778626 747169 760792 704699 718948 691788 720801 768244 701902 708765 773851 707160 731870 784959 730333 737768 750520 772073 742442 741249 686066 707787 764355 728655 751534 745372 740736 747435 723357 762450 714685 773557 786298 721323 685410 718048 785801 729350 760105 769228 741447 703862 751162 734829 697009 762979 647251 744433 733706 705877 701528 824353 697174 755347 767432 744488 734894 724557 701193 745064 716296 726835 723971 684773 771715 707142 713622 706185 773558 753386 733955 754553 679281 714513 761481 692677 755428 787576 711753 740645 739889 763636 742557 785860 741223 745255 712338 756048 763815 
734916 765875 765434 719549 745988 752946 797544 758501 762588 775514 758695 755859 747721 790471 738835 793531 767677 724218 712106 818995 766684 731639 748944 794215 792082 792054 760768 741130 775523 739726 789934 743562 725725 703229 785751 759085 781644 757860 749568 811267 781410 820248 835178 720978 776276 746191 834515 772293 793724 798001 726786 762299 696111 780292 738637 745343 770805 761919 720763 758844 768176 723493 765087 766019 739062 804132 836512 805185 756496 758869 797113 764221 775317 801179 771319 792028 777231 758378 750962 759498 770457 730460 783758 747762 774183 774531 761082 769212 748873 702850 666747 783002 769175 774464 745630 795982 726198 729979 788687 812242 736521 763957 793345 753803 786685 763266 838604 747076 821754 775447 803926 775377 746593 743710 800651 778032 721805 742255 725441 770266 714845 746325 721534 768971 785782 749916 840842 744328 697611 748417 809133 730697 755751 749536 790535 777454 748051 781168 756601 729916 731359 775894 765419 827231 723737 794373 726149 786738 741281 725730 765590 803641 781399 769424 770295 758636 762380 733482 774273 772228 791046 764731 772906 772147 778909 782294 745272 817544 751741 765345 814833 786847 772760 757066 796824 734603 739805 755473 782407 782621 719485 803233 810434 776617 800741 776370 759701 761847 740690 702708 767019 765849 767778 723812 776180 784536 816402 740210 774012 775148 755222 756719 777466 767586 773864 789873 780882 796065 767782 764482 788889 844208 774110 765767 755555 754310 708961 733100 805672 709508 749124 777060 745497 768719 781885 759977 749153 788668 794711 740361 774676 713173 750572 777915 742599 771355 754103 770052 764370 738228 760563 726486 744836 804123 757487 703527 759259 785805 790467 745643 796483 778868 753197 788447 766163 721803 758973 680829 755695 746343 724235 741187 803931 734813 789045 784050 724938 721815 740786 728211 759261 757095 721919 762258 691957 781812 731047 722937 745335 797731 778883 761143 780536 692795 734129 772424 735156 796091 844332 743272 762388 751141 799142 741965 790960 766046 767082 701660 746383 771978 
714405 764494 724875 674975 681245 727084 766405 714001 707174 690771 732858 713754 715748 738222 705414 746398 734217 701153 669875 764335 719964 679162 726499 750530 748737 772627 698998 701147 713057 711234 747536 723169 711542 697951 775367 720463 734225 699042 690420 765483 726551 753708 789179 715232 734280 690468 770081 714079 786706 745914 688184 721964 680871 740197 696245 728367 727016 727361 692839 670291 733922 710655 700679 700076 693642 731853 768156 784875 710066 732462 758789 721106 726736 752372 754234 776264 762209 713186 723445 734541 737803 692581 727097 714552 725440 740034 684784 731324 710268 667029 628488 716969 738230 721360 699826 740095 714083 682306 724405 746128 687548 719998 730940 715529 770890 687081 777920 688322 776507 731686 735233 727615 738671 670381 730648 725324 674696 712158 699757 723644 673582 709082 695405 705848 754206 706760 789714 709173 657591 705875 761560 711176 715979 740302 755118 759746 707298 759456 770772 678856 673638 769822 705596 782165 708760 713677 689873 753911 720593 686001 754520 783285 735106 754510 743793 680740 718135 704345 736025 738804 768187 715235 718925 737173 741463 761029 732893 768730 730788 720629 760767 752976 714267 723835 715203 700637 685020 729744 705647 748163 703475 727055 757314 722245 741117 723352 732666 703443 727306 677499 754262 718379 739622 690872 733235 734503 782295 720732 770483 709399 720547 721603 732515 715010 741402 755251 741200 763314 731781 702451 725013 773269 762932 729363 687177 728900 726606 730873 714538 683121 701880 721909 707400 716695 745013 733431 722080 736985 776109 691578 701415 681484 714309 746023 723796 716779 704997 714797 749181 716031 747913 681779 710342 748542 718036 653061 707984 732850 718675 731137 732643 699437 698431 753529 708196 672182 721029 643881 707383 706708 696563 692619 784896 723623 710799 740607 701008 694698 694176 690488 738161 715868 669894 724054 699168 744553 722421 685954 684495 752995 741134 729449 747988 703958 726594 706789 683786 756707 803328 696566 708442 697668 756773 707807 745601 705051 736430 692521 745758 758868 
772827 775429 777487 699946 737348 736041 816808 761483 708415 720099 743807 724658 759994 795609 771757 765294 728211 734256 737574 804344 769812 724324 765519 779745 814099 817328 762733 734159 733553 757541 771602 762669 705032 703981 811384 764132 795492 720333 745628 832767 749026 801108 832588 759593 770720 717047 805159 759035 827681 788945 746149 754616 731849 785710 779041 725254 759329 731209 675678 730278 772748 725832 732603 765182 728643 773487 836612 805168 775587 719822 802176 744040 742232 807522 803310 794669 757297 759799 743442 762225 759515 752198 761350 750443 758540 762371 745041 754262 744719 682650 689656 782463 759957 771498 748473 780322 721338 732194 776613 790612 731100 784491 762147 801238 780853 752907 784661 715308 781745 750732 769205 791769 745736 727846 801248 767773 743214 752924 736666 771481 694036 724624 739155 793083 770795 759369 847370 750826 659714 740967 799178 727742 750889 764293 777661 766496 753336 804894 801502 767665 718431 796522 768859 802441 708934 778588 716383 775599 738631 729605 809812 782022 769853 793983 750085 742073 744049 737330 748894 754156 786449 757134 766564 800968 744092 798340 762188 772778 774637 768157 849381 800269 743146 762969 768102 747337 741756 745524 729592 766385 732788 763342 786402 757972 791098 770687 760983 742421 735419 688353 797429 739848 765381 743861 794688 775331 778620 746626 789636 758429 768802 758251 766003 754309 793251 789959 786026 814003 778173 750608 807088 819686 796340 758836 761511 762291 714378 765734 775184 722887 746262 764243 751944 751395 804848 774481 756048 791487 807141 739793 738378 712505 733617 791472 767413 754684 728161 778970 777951 742277 787378 746338 756234 810481 770566 746541 765768 778761 782819 754473 798250 793453 712684 760026 762170 707213 762062 673899 760626 741989 762305 698573 827987 740131 768839 774110 750681 724238 769246 706357 787597 768053 732643 744785 727077 768294 752003 757224 743484 805515 777091 751304 772821 726344 757091 740166 735983 783476 831257 704216 750505 756206 802130 743917 777163 753150 791494 732186 757850 790225 
727532 696671 691370 652741 665554 701963 761236 702406 709785 686284 721821 711222 703728 737622 692883 730043 666772 691409 645993 777557 724862 661682 729786 737420 755313 751527 699612 687115 708521 701613 728454 725024 669453 661944 733526 729352 703554 720163 661388 763496 710774 733896 743591 707937 726537 683911 750660 698930 761294 723397 685758 712124 673476 713501 703943 718228 708216 694651 685215 701383 722051 700138 727672 716605 666568 744211 775499 773735 701625 687426 710916 709580 677400 738541 722583 728876 703295 698488 710840 693917 747005 689022 724869 702749 731074 722911 693313 691490 676004 650426 637287 710582 695584 719916 686545 715639 675326 678664 717213 748930 672205 745653 721958 738450 747367 702353 747072 704175 751999 731046 749433 718391 716078 684868 756177 749887 674989 710657 690608 739257 676285 693807 702667 675645 732852 706505 778637 688187 608832 721411 744163 710327 723775 688570 754966 736271 697147 767146 704377 691213 671507 749906 704796 773460 665111 748241 672012 730053 715193 692134 734330 732224 715109 712586 717039 675897 726358 655812 707227 723734 750019 674874 720441 711978 706009 728756 712140 733724 709075 713444 770524 744646 730252 702947 715709 672087 690841 719683 727826 737319 673592 738684 750921 699045 728249 734335 721375 689804 695695 656180 733248 704848 763052 686154 753395 715336 762769 692884 692046 689889 709096 703468 729527 734668 727505 721864 748325 758366 715036 695144 713213 792969 730504 729022 691189 716885 659078 704637 717098 669990 696338 735653 728782 699074 741158 698766 705136 742160 749889 691822 704375 668158 677926 730249 713861 697083 683921 694167 717266 687077 725881 690622 748501 756879 735224 694927 713095 752296 720665 670398 735614 740091 691340 726355 713253 684970 689693 653864 694766 703260 707637 706865 741624 690276 770815 721904 664977 698017 694160 680636 717953 722617 653963 712860 671297 733026 692324 687614 685929 717114 716207 727301 723294 655416 693270 691114 684047 731482 768496 687141 702015 681670 736807 705047 726221 689083 698192 687737 723209 734263 
767361 780381 772033 722928 723116 754850 797521 744110 770849 753547 731889 756889 752621 788127 764511 793647 742140 748444 718395 847980 793492 739084 742028 801225 807621 801524 770877 745909 737733 765852 771140 752932 746695 709716 811162 783593 775387 747934 703860 809591 767203 808996 817513 761050 775990 744842 815227 770077 805919 795968 758386 759121 714268 793205 729530 759548 754902 780542 739869 758274 769915 737231 766816 758265 718170 775829 835702 827803 786695 765224 795679 750118 743991 821812 801579 780257 758178 794557 768570 745303 772105 732283 766571 745568 815885 790135 760336 773446 750926 693764 693481 790924 780331 752577 759832 804941 747828 751053 776169 794592 745079 767756 783565 786509 804862 737075 815519 747203 783178 760467 790981 815562 781715 727390 804038 804661 720640 758597 729502 743751 730397 748748 735400 781947 787231 766478 844948 748110 693835 766815 802961 764971 768164 781474 792483 764994 776563 814687 773304 711590 728846 806433 738796 802448 739465 793640 750467 781270 770132 748966 775975 811291 780861 771733 790480 724406 773118 764824 766899 815415 809108 767469 766105 806701 791898 774040 772015 799654 765990 784390 818522 800856 767136 750987 791373 745055 739583 752302 773492 769862 720768 787271 804814 754470 787364 776144 786534 768054 773651 693760 791587 755656 775818 749050 796046 797492 806676 755518 804098 770770 774783 771925 797238 763598 793367 814926 810549 855906 751213 770550 764342 843528 769777 773992 749327 761423 731000 752339 804707 738319 753683 783375 786604 761633 762625 773363 777115 768764 827895 750895 746999 737223 750098 790172 781581 764309 752157 779997 808122 727656 762151 749694 791104 803597 758653 711335 748719 796908 771439 709581 786521 776982 735938 802066 799682 708975 768382 679603 760388 764332 734727 768997 820511 742942 788235 785644 779000 751285 745967 728785 800315 767747 754777 756915 706163 775688 710325 738297 710236 803753 768263 768374 788736 741720 771274 758360 758909 805615 836417 752620 774518 787646 808491 769412 806889 757148 796693 722693 782281 794898 
735209 751625 711248 657343 689139 700454 747098 701695 723244 707799 728937 709440 709809 738994 705332 757873 706617 706314 693769 781956 736378 676225 730173 753111 738933 749453 720221 721330 686959 729209 753869 711946 669484 669998 778812 758103 768879 713410 692158 792479 710207 748289 779697 732281 743122 688583 772580 722655 786871 778704 717936 730105 688485 743823 710622 716352 712412 714009 688548 693037 731671 709792 675716 747040 695771 747416 790551 813675 742026 692296 753771 718264 719886 744789 780578 749892 725427 705497 738837 693625 745471 736123 748008 714704 718223 735517 712740 734134 682903 688098 670541 776145 744524 728054 755771 749446 705868 710616 749459 762330 661059 741863 742785 739194 722580 704351 780550 711944 720256 741061 734380 744752 708118 704164 771097 766464 685898 730250 687537 717323 682843 736958 704980 715226 782057 714513 787637 723089 650580 733758 774548 681199 745040 726713 760493 768328 715625 785875 736109 703174 685861 792341 712499 772469 702133 758726 686400 761768 715854 701798 723028 768395 742806 752377 729611 724627 668562 687152 738756 735955 784632 701190 751684 729225 731249 741786 725462 777674 729021 726312 763548 727074 732068 717825 723230 677155 686036 735477 761821 738198 702121 748471 778735 726878 703097 738884 752228 713990 729578 687643 741893 716165 734408 696535 782590 728175 769220 712203 772256 706352 696577 750817 719816 736772 733183 742387 768697 774736 748373 709070 752619 799837 760517 728235 708121 717946 683021 714400 723225 726936 720609 744445 722819 737298 733079 759294 687188 753347 736569 692267 694258 690202 708366 766667 727011 720848 703819 700088 713334 668915 716245 698170 735282 744866 714783 690344 719034 743649 748742 758534 742034 748071 679343 718555 719011 694280 747324 651598 720889 707984 709485 706539 797349 694501 741883 769564 709418 684616 716767 693611 751771 746388 702404 698929 675927 736132 692323 684113 701291 749297 741722 740203 748186 698555 724795 704390 697807 753207 781881 724943 701579 715180 749895 718934 767524 714970 738812 686488 741244 755869 
760072 748547 769410 709265 735170 755297 808565 739524 729722 754901 732644 730678 751742 793619 721911 793329 729814 741646 695693 819912 785261 719284 767397 800199 766951 805740 740070 720144 733909 738386 785749 757252 710935 710778 801632 761317 778080 732798 717047 807513 775443 799117 814568 772344 779819 732332 817705 756366 801151 783407 694607 737225 741515 780237 760363 738439 758786 726055 720367 724681 748898 711524 747758 762664 738361 794410 808145 819486 728518 754553 800397 722217 742737 785674 800901 778722 756176 740034 755372 717125 790399 738642 782790 744433 779924 751970 756565 765581 750358 697855 665803 784796 748976 738275 740089 748186 685086 745671 766316 801954 713420 789620 772386 752844 756944 745226 816079 716245 793604 787590 772402 771642 759450 711911 781271 780997 700625 771665 714469 776463 707514 776213 715646 788063 790713 750970 815602 743356 688033 757051 802527 733030 754053 746373 776969 790107 753164 796395 770214 725498 714796 798998 717113 790358 724940 777250 700137 792892 749712 741034 776731 820035 785385 768250 762221 713235 751404 704798 766664 781241 826868 747016 779266 777302 735638 773677 744546 816485 752335 772185 813735 780105 763395 740252 738632 707988 721922 767800 760775 760865 696235 747306 787106 783613 765298 764738 759728 704337 755735 687208 768285 774251 814199 709302 789416 772208 806299 747985 805524 781279 755107 748180 770555 784341 795838 800491 785693 813142 751359 760366 743974 806734 768791 743905 748927 734349 719438 766090 776648 696536 698773 762151 745241 727036 796403 760700 763114 750589 813252 727298 758437 697187 726854 754273 771853 727902 719378 769073 759521 746850 790603 747588 758176 795068 739408 732222 766633 786042 738461 781208 766426 774243 729344 775723 759421 727840 744853 691444 741440 747905 740637 730113 814194 741906 770610 761471 751763 760403 736080 724123 765257 735898 713967 754760 711765 765451 745169 725944 715212 798272 762787 721733 771943 732573 751527 736824 747828 779688 829957 729115 732953 755225 754284 737616 804705 761205 766220 725313 780486 794122 
722329 742134 716037 691214 701109 719359 781137 707402 699211 689686 689488 694624 718833 758684 698216 720822 702026 712980 697809 744760 725551 693172 701494 741377 744787 739168 693469 706274 687252 710684 728312 712040 700211 662299 770318 731279 709572 724749 697431 750976 695452 755407 757852 692120 732110 697067 741939 714949 757939 758299 704403 735030 692727 760569 717870 668341 719381 743333 701326 684121 697351 707270 706153 709852 702895 716765 772494 768071 727884 709798 763280 713944 703951 760452 733803 736591 744604 706108 707665 732218 734837 725063 745050 731088 737075 747543 714918 709863 721649 649627 624739 713158 703063 717094 706035 719656 670678 689967 733452 746361 702738 745305 744868 710917 743400 684984 770675 685131 743248 758025 733335 745427 716535 687503 745400 710410 661449 725926 693509 731587 668476 703405 702502 719761 745493 697612 790746 724593 617257 730203 749881 719742 727230 732782 744909 766420 711343 756517 735992 686645 688361 747549 700920 779240 661639 743891 678334 727979 705303 710314 726995 761401 736928 726948 704111 676013 724432 699192 703043 739052 769473 737853 717436 753050 720108 726920 715632 758888 718423 711879 789963 752059 724214 722929 729195 685844 671679 705886 699062 735140 706992 710309 763614 706781 755014 720773 734388 700144 700596 657000 736517 698110 735601 704205 730329 746073 758157 713246 772126 727007 731576 719857 747498 722845 748465 744898 745509 773836 710742 704234 720169 780004 741175 718616 687511 693947 690556 677341 732411 679097 700560 718965 711211 725721 737180 726158 712609 727223 762888 696968 706362 677562 677044 711653 720345 727381 703039 748137 768506 693801 748518 702432 730569 749750 713877 670457 685252 735327 714244 712138 734159 746229 710012 742876 714630 682688 717054 655276 703759 674110 686720 708110 790499 718271 713953 741217 686068 698283 681876 670645 751785 707320 687208 696290 678505 721813 721129 667070 694667 750226 730202 726059 759890 678480 717752 746598 702047 730005 781854 693588 723979 704242 731015 722141 741606 698996 759173 701077 729472 748084 
717666 733233 715022 659993 677292 697236 754053 721335 683985 683203 671439 691828 683235 741311 679323 763319 699721 705949 686228 758545 758567 673167 710071 727406 729824 740965 677113 708448 708163 701047 734393 693245 676012 685393 756099 690738 730132 703504 666954 724753 703389 768156 761270 666306 706920 681659 763671 695542 763988 743378 729026 708102 658813 773122 716445 705192 721520 719308 676327 686424 719577 682253 727589 741279 683193 748999 802062 748595 699008 712579 747214 702793 713069 739165 740841 752424 722509 720521 700905 703120 709318 721321 717156 697064 724376 727164 725630 702857 723441 659743 607728 732451 698387 713574 696314 735945 691382 685241 745672 765824 678144 739359 728695 715231 730337 659401 751198 675653 745781 705550 727796 729628 703714 709514 729219 761677 675296 714782 676825 731361 673388 731720 664595 706920 750041 700068 800387 719610 660049 697319 731443 716260 708215 700228 757578 744133 727592 763456 721144 690491 687208 763392 706477 755992 693412 749234 672655 721020 696008 690513 729013 757198 736341 746035 693605 699700 734677 677049 698299 731215 763584 720889 700012 734790 722555 743516 710015 743968 700109 713618 758100 741729 691794 723639 719282 688244 682638 708076 709063 718233 698787 742452 733764 703433 737174 724682 714962 723954 700772 681614 724115 713742 730667 697990 728479 751021 752884 693052 753315 700667 712748 721205 718675 712327 751392 758868 743833 757517 725352 712223 738667 765886 734754 680900 664552 702673 682443 730855 758320 693204 696361 733345 695735 718831 737660 731683 698200 734327 749752 687875 718005 689597 694755 724837 715966 694655 686884 738112 712109 714877 729327 720283 730238 740921 703967 690054 695070 739822 722579 702441 730679 738102 698726 710341 704585 668354 734648 664289 703750 703610 686366 699761 782895 714714 710021 728052 716266 694499 689671 680707 728830 703810 680149 695961 685951 709673 662342 668479 660394 763545 699732 729163 739096 681150 687183 688587 675656 746900 774694 699676 700102 724401 733616 722156 755912 707010 716202 672462 709802 734069 
706840 738169 696255 687692 666824 678120 749350 723613 718386 704829 717534 692672 721926 723476 691251 734467 694212 707104 680253 777852 729795 695939 720030 751244 710430 754406 716142 692222 691337 699763 730127 696963 686080 673639 753164 737368 734292 705895 687884 785505 729285 752801 760520 677391 704705 662860 755428 717659 728646 751025 700901 736407 671827 749562 717137 727228 734572 685157 665234 674855 735854 676404 714176 726338 715208 751410 786708 751925 720279 720466 746518 716421 708484 760453 764547 761484 725737 722013 743388 716258 751090 704045 730801 712984 746614 748759 700700 721377 687497 650640 623219 739831 737082 703467 723704 757189 671016 664890 710596 746386 685717 735367 737683 734934 743261 701510 766253 675926 760286 738099 747966 714817 722139 720560 754526 746048 703582 704846 674905 760184 684620 712136 675304 714966 760709 701825 808265 690840 640675 729315 784341 702202 727184 722106 756917 748953 722474 756024 721538 683423 693461 766764 688072 762297 660451 761908 670865 722913 703204 702875 746659 740287 742467 763245 746814 684469 718006 657980 729249 723675 761447 714971 753659 720300 715035 737960 735260 752607 710645 713756 753680 732893 733059 717266 729814 682846 685385 702276 722121 729643 683229 743658 742448 722115 736668 741613 725407 738644 701483 658016 750212 720177 752203 678085 720649 725943 768988 699553 742775 730715 707220 717408 718107 731030 728909 753788 724695 763372 704248 697767 709154 788886 752668 710667 705834 698945 664532 703316 750405 670169 694703 736085 724105 736667 745560 725314 705320 747251 758841 704015 698150 679892 696234 740521 718135 733074 703774 751102 727507 698197 740347 681825 738938 741980 711187 702033 711321 749257 727186 688193 742918 735042 698687 727844 728481 658550 732248 639308 713902 700395 686266 691144 792453 714901 738325 740433 736968 705706 709708 678237 739617 701104 691523 701108 690074 739046 699528 674765 695272 756090 721358 713873 728216 678170 720860 691648 677002 755624 797366 686104 712041 699780 735945 709787 753783 720624 719484 689642 714810 754731 
747355 800712 767061 743787 730111 756462 811715 736232 741412 762973 727115 714022 749686 793531 782019 794324 726118 725102 731482 843241 787617 719667 750852 776785 815760 812527 782828 761899 740379 766322 757561 745258 713383 727365 813372 783514 791152 801481 708299 805478 762132 822480 826911 793673 774308 725170 843272 753403 816686 776824 767705 758926 749068 789795 736382 741007 745155 749036 734010 728048 748483 735861 735216 765523 765911 773721 865910 832572 762091 745999 793039 749391 758421 805195 787058 770863 753506 765838 774445 745670 787346 755260 770877 756692 773795 775755 763530 761609 770787 704909 671466 786702 779614 768483 748131 761289 714190 744327 780303 785147 735106 782226 777110 786345 812313 729568 825451 742524 795410 782494 807845 802333 768403 736727 804616 793590 708537 747234 706823 778679 723583 770199 741303 767865 788368 754893 834574 747481 677056 756034 774342 776135 799145 760239 791750 810586 757881 794049 784257 754107 770280 802609 756061 831338 743744 824682 703846 798457 737451 767148 806946 793484 791750 775493 772466 746221 759336 713665 763002 771394 816881 753115 783652 785182 782305 803437 755971 801626 765683 785302 814938 781242 776715 753109 799517 722512 753869 743423 760158 743114 728429 790809 793771 776934 758427 772448 769538 768358 770384 733411 757710 758480 768314 733938 797456 818317 795079 758264 801049 762641 755147 751728 787375 756890 793857 802375 804124 839492 778153 749969 780161 814948 785369 785171 735169 764215 725042 764458 802757 737268 746610 774010 749191 776401 780017 801540 755528 747613 823369 746718 764734 713527 729268 806927 743257 784469 752302 761012 768770 742921 779260 733676 783860 798649 753100 689399 747252 794948 799346 771702 801323 770069 714932 746088 802716 721404 755360 719843 756778 737711 753630 761894 835842 713803 794315 791949 765029 764422 753328 728733 787381 755305 723956 754717 723100 784813 730314 741286 735305 781162 756894 758052 764778 723890 738910 754658 748028 807504 794288 742222 761376 775547 759657 750775 788824 750458 760531 718803 766010 798821 
747996 746667 761424 694181 731356 761648 773963 770448 753712 727454 744064 742173 735732 791161 732137 778287 722450 715635 672549 789085 755158 702755 740752 763334 767721 777583 735327 730843 732928 757000 761904 745368 713975 706244 781258 757263 765444 729975 719286 780570 756482 765526 784675 737353 772267 737519 772173 760110 816829 769510 719674 749673 698890 768777 767595 723300 753645 753805 716482 741105 726902 718951 735207 748619 718016 768213 770774 825046 747654 779412 781306 762287 734244 819657 789629 773326 787144 720788 764279 725839 768983 740436 789254 732100 788384 741313 738828 745304 698889 683372 645045 789104 732188 727757 755486 755496 726884 723486 751414 774043 724043 745125 781410 744263 750152 731065 815968 731367 790626 775008 787182 781005 734307 736009 754531 746150 713966 744945 709361 763058 698009 734144 709220 747630 763499 738338 844621 746956 661610 722381 791346 704729 729600 761574 760710 794141 741573 783724 782238 704650 712721 795802 711457 796729 730842 777719 716639 757477 732184 703527 781036 766672 759775 765877 776205 697134 743350 705833 717600 745461 802840 786175 741423 745473 767488 753531 751804 778724 756519 747486 788105 770005 762050 732351 757198 681065 713628 763794 751406 755150 695560 777762 789350 750758 763668 788052 752140 737857 750417 670696 790941 729966 781930 734864 762194 776162 787139 733173 815937 758959 736905 773127 770639 763082 755669 777257 770646 810354 765430 756508 789695 833580 783521 759511 733045 780004 715250 748142 767634 718165 722985 748354 742790 711895 770929 741189 742205 761252 767256 729592 731961 725065 735116 743449 754008 739945 735132 755252 769784 725123 749147 743018 775706 765579 758309 710029 762620 762093 756897 741278 772327 728358 711484 773429 742149 686010 753488 664644 755485 707150 730465 713112 790112 762202 748870 763658 731690 733933 737260 695470 775455 757599 716639 713501 693022 746697 698924 729831 718629 802240 780045 764985 760921 711494 715054 738339 711673 777424 811439 709999 775188 730320 798997 744712 781535 753576 740611 703845 767231 782927 
780048 817053 784825 741909 748043 780781 822309 782014 780758 802891 757479 752538 784728 794733 770055 789573 760908 750196 722565 833129 800862 768180 763945 818647 819186 810410 771348 767089 768748 785108 808555 763312 737339 755096 836302 790760 813693 785306 762424 825761 787994 816707 837237 757738 797294 743129 807619 789686 836238 794743 761863 794225 717138 814451 768952 763918 750587 790873 747350 745057 765038 737531 756681 792977 762473 790771 856434 835775 772302 767931 804734 783199 799136 843849 795837 814663 772513 759062 762722 791433 798597 763729 795847 786788 785468 805898 772703 775196 770998 711523 680875 827210 741544 777750 776045 811254 739727 780783 796330 815891 755306 790563 787834 790608 816101 757023 848180 735801 835658 782974 807070 809535 765830 724941 804349 794058 744594 787888 732793 807596 737555 759527 723031 789766 796137 740749 860297 802502 701934 751908 820979 758995 801984 757726 824181 792361 780555 825435 801184 750052 745308 816008 781047 827309 738469 787646 736201 802895 760492 746682 782151 825848 806419 782717 778956 776490 774945 723583 745638 783470 822778 778567 784422 802715 771630 800152 781390 839076 792307 778744 821888 811408 799120 755863 789093 747164 767044 772622 790768 770381 722590 803173 814915 782808 811085 807539 783678 760953 768817 720943 813178 767970 808277 767384 797286 810086 800878 754071 801426 780629 801157 756779 781961 784388 802512 822231 829516 832744 797219 767210 815279 847521 792995 783218 759107 772711 732386 806420 821164 760706 754780 770435 778568 784775 799424 777388 769149 815383 805457 782678 779259 731178 704296 795086 778881 771911 730427 779598 775475 774874 797740 767758 801510 792475 766979 728076 780159 824542 813016 772358 804342 800612 748166 806543 801721 717053 781970 693191 773013 777926 726205 746060 852643 754800 779366 785512 746555 780125 769474 748252 785655 764813 748767 742943 735829 760537 741680 728650 738865 798227 815930 771426 779639 721962 783193 780736 762825 787430 844790 776196 784330 759257 804007 758734 823647 762964 792738 736448 800523 790687 
791560 786435 769781 730246 772184 748884 826471 771522 766148 737015 762693 755724 779631 815077 777810 798462 780770 740049 717797 835483 789476 739486 769968 778119 794640 815658 752599 737342 721897 768136 805606 771070 733224 705321 851727 771583 813854 765464 706749 797834 763668 802038 810114 731451 748028 761796 820246 761544 799619 815458 748953 755002 749007 786170 799889 767067 760710 764617 728692 760499 776213 737211 745883 776894 738515 785460 861494 832684 758990 790563 802425 744416 757205 841212 805299 796492 788076 762770 762502 779556 812843 761266 777124 748941 775096 775617 769846 759154 748128 703995 664394 813800 792372 766894 767269 810112 744471 757710 776868 820773 734227 790658 766648 744012 777840 747196 811928 763769 773144 772239 785408 781406 771411 728302 819705 808872 724543 756585 735897 783684 705421 762440 742023 750401 790585 745058 844610 750875 700143 745451 814596 743470 787899 762664 797315 820504 770991 831635 802455 754811 730877 801353 753299 813865 727429 796115 699779 791025 758402 735174 808251 820252 812748 791493 774997 750813 784191 748478 745204 778687 831238 783415 777905 781305 786756 782224 789928 816689 763577 777796 842390 762286 777528 767289 787825 732124 748265 767948 776384 788160 729661 806414 805797 771784 797199 786055 759264 759207 778306 733157 789941 771527 762286 759825 801342 807195 802585 765776 800651 754396 765922 801959 760594 775637 786558 784656 810671 848825 790190 761855 780354 823532 815767 750680 742471 774184 741175 761129 792572 731185 797705 800904 764732 796118 795417 783164 785372 778069 826375 745511 747236 711369 757050 793237 761455 773075 726097 763356 794044 735073 783987 744447 772746 783355 731833 718457 751839 769112 757126 763771 792976 781028 760441 804199 782352 745660 786280 700287 753437 740758 763296 740177 813716 762416 833738 802806 742704 751859 769950 749501 779639 716335 712696 747716 729475 769741 762610 720696 754665 812467 779364 759831 791909 733329 738404 749130 740714 798932 826134 749092 747786 772177 786813 753247 791783 759726 778310 751627 778074 784044 
777873 758000 746330 685946 722353 756542 817230 753283 739903 741212 754092 738305 777224 796251 741995 799932 731089 754987 719705 805671 788875 730870 767862 789507 775751 779272 744429 748881 759579 740965 783331 770058 718876 715144 797008 727329 795578 742604 717156 815769 771981 812203 820514 714961 757208 738338 819428 775504 790436 784143 740650 772249 715468 802273 756241 753421 773561 753159 721206 772223 765666 733257 730636 745921 757011 793254 835634 813623 766296 728924 781605 742009 754786 805158 786113 782133 799434 767168 767656 733400 798692 744544 791040 747623 786232 761367 730855 742374 753768 681820 672305 781381 776713 746922 747544 773901 724294 744472 784327 817887 700614 794116 784604 759310 778296 739794 804575 732241 768088 768041 762611 771439 766283 734591 787528 775679 713765 769620 743624 758885 684285 720612 712291 755126 819258 747025 846842 753566 677599 745622 801948 749089 772203 755518 770537 818000 781565 810013 786449 748036 741678 806842 752440 821906 725415 760658 716868 803126 770617 754971 784309 804129 782477 791680 771647 746194 741625 703396 758041 733199 825789 755787 773811 788751 745186 755675 760966 798092 743757 753787 814389 792523 789224 741926 763242 711080 705592 782648 773513 753121 746294 775717 798947 748907 775608 763749 760891 749707 733442 710454 782853 750753 781883 727403 777077 791812 806934 762567 778444 754299 745384 753268 774854 773464 762723 801742 806611 805624 739320 745526 786060 839929 781870 750970 731731 737085 693834 755757 772102 713966 745563 779331 759460 773047 803383 762665 764445 799306 793805 757336 757420 720020 722810 762344 767226 744046 701385 752670 766924 748906 792250 736330 744077 763498 749109 720283 736721 804797 758020 746451 778338 777887 744410 776021 779417 725678 773294 680785 741827 750239 722918 728576 804712 745103 782270 779412 736811 736514 742387 691004 756937 759016 709719 739708 713598 787043 740932 727180 723492 806689 761386 755153 781575 717530 736897 741237 722980 778896 839551 733184 763824 748602 807602 737257 807304 782461 765788 737926 774188 796364 
695271 715863 705581 633939 646696 678973 748564 685006 656265 684093 695168 680003 671981 738968 681606 727061 710860 676930 626045 759617 720026 652037 708895 726804 737710 727571 694446 696306 654932 706055 724674 700064 699331 650754 762117 686547 706354 685402 656878 726862 673516 763500 747268 657041 722056 669364 748469 702281 736526 732023 682797 694024 668573 750510 680802 677130 677645 685086 664230 691654 668474 677218 636259 699315 690668 725566 773514 756750 693007 677823 749139 681634 695166 726145 736530 746336 712082 681099 710041 674595 692203 667036 717964 689661 707698 701187 689945 710484 681173 608120 632530 716143 680115 669230 652545 717356 656321 704169 711990 706388 676963 706367 694184 697265 716087 689844 772578 671783 731071 699341 722605 699350 692935 648655 725843 730427 634222 696407 671900 712879 661856 702125 658901 742013 710228 655899 770143 682765 619957 685546 738375 693443 714160 691162 723677 748216 674289 728824 712673 683566 679620 729487 687984 750527 645853 704169 671043 704506 691646 690311 700581 730451 705640 715965 708227 686742 694247 649733 700939 724186 748957 703078 714036 724310 677128 703690 664793 705465 696099 680885 748859 731455 680785 685173 695468 653614 689185 668599 709387 688231 679500 703018 740996 676861 702009 719188 721430 699121 683101 684463 726648 682179 707285 664360 725800 699533 734505 652578 730989 698611 708493 683893 697627 697617 737095 738344 758926 747285 715444 692221 720727 760332 724501 706676 658770 690442 690129 713253 743743 708198 718523 718332 717169 695408 719211 687718 704022 750213 725095 696825 711834 659088 661801 711223 703741 684447 646464 710392 709688 711275 707229 703304 691724 701610 681760 672047 685899 752944 703340 683726 735180 701406 674201 709914 725620 666865 715484 628871 696619 656049 651144 687521 766709 702487 684496 712978 682210 690343 688798 665814 728214 691282 652508 685828 682150 702510 665146 640366 674416 724290 720221 686651 733353 678854 660482 703488 719246 694713 759604 664929 675992 688702 715347 682212 716475 682497 703030 694532 704503 724202 
712728 731274 708235 655500 687141 708972 771992 705334 688853 691133 726163 687216 737303 753490 678436 743144 698533 695965 633725 762361 739414 700998 703145 739552 744151 740888 708445 696565 683863 697584 745547 696458 654222 640927 775700 740768 728654 723405 657814 753682 711612 775965 756797 680705 728593 711804 771805 687116 750869 746286 705364 721037 677879 730025 714511 712519 715648 690365 682843 688196 722916 685030 701415 698266 699679 742964 801627 769117 707564 702907 745223 682567 716911 768128 734367 726021 716205 701116 727645 713403 719068 700537 725952 738765 765398 719055 713338 735932 670108 671212 638619 733962 733047 715129 683652 736301 654150 715468 738789 767855 653135 726329 722809 737484 748945 730592 750819 695583 706930 733979 764161 747612 719328 715369 743037 722924 676561 702623 666072 720916 671217 691380 694009 740364 748377 722999 772582 696607 634370 724472 776189 690445 761059 701294 780281 763068 714815 767381 752953 686427 674459 757256 696104 755413 699265 734728 700344 713099 702610 703586 746304 744960 706744 756352 744075 709110 753635 678488 705621 730126 734887 703639 726578 722774 722796 745295 696221 745120 720942 735427 774491 719563 724765 707402 731326 686232 675969 713171 725360 683570 673611 757861 727592 667260 749344 714334 736852 685352 692235 665936 726599 706119 714561 689535 752991 727696 745508 706780 719538 710295 718941 701405 739242 727940 752659 751235 755712 747787 686194 704083 751324 774637 717194 735856 706156 699264 658324 705403 747702 642459 723836 726501 710455 743572 733659 722285 712225 733900 745815 683418 720697 671699 703101 709433 721346 698324 673917 724646 730440 705595 740899 717724 694722 737966 707691 659887 703763 709899 716211 700154 725596 746765 713220 730725 733370 671293 745789 651182 684924 706067 691485 682032 788697 686733 726850 720676 701565 704995 703126 668790 733069 685173 678572 682800 668604 733128 683748 699046 664929 768478 716546 692087 708635 670655 692128 706650 693874 707392 773686 700970 726481 715831 755363 665195 752130 716588 741995 705295 718164 732889 
723775 748156 697693 660874 670817 716609 779122 730321 701771 706523 711211 689461 713223 744250 684814 748483 699876 711883 674742 813830 752802 699807 711761 740564 729011 770749 699486 687515 714635 704963 738452 710467 675983 666396 763131 739093 759036 696309 707030 761609 713980 768979 769890 708449 712775 683164 783939 721251 768194 739781 680018 715245 705976 733725 724706 701493 708165 718319 697675 701833 720186 679771 692653 691657 710035 752283 796238 769051 703335 737371 734207 699662 732098 724881 760596 750500 711008 708281 722671 718051 737487 708004 741844 703505 763948 715680 705178 741232 698339 661845 631162 749254 744607 699317 710217 736025 677459 700560 726893 771232 721412 716005 757877 754950 759863 688822 773108 704884 740348 739109 720168 751740 708051 708396 772432 750223 682215 719389 682125 708714 706113 738327 674055 712498 730035 711264 789272 686209 635300 724254 780065 665974 723825 709562 773331 771985 741418 756155 770579 703688 725497 772482 701897 757461 686330 747169 679378 738852 705077 695530 749805 778705 762056 711615 712972 715720 712063 703600 697098 734565 771583 710885 744445 742334 723408 750029 711575 754337 747335 737808 788934 731554 715199 728850 732607 662177 673715 733957 719085 740802 692692 726196 724914 746834 736322 710952 711357 703975 695591 669421 727868 734836 717442 702532 750452 723186 768224 712917 738761 713256 722586 730327 731700 714400 766897 763541 741278 783140 741235 705976 750598 772313 732791 745651 718719 730459 674761 734694 740412 703156 720816 752517 712883 747211 747018 752925 713681 748820 768649 724416 717970 692887 703240 750327 724955 710949 694197 746352 734169 703221 732782 687613 740507 772435 744522 683112 704382 742277 712589 760348 763038 746176 673716 752727 718058 696497 719413 653147 703385 708572 687975 705869 782318 703380 760620 733848 675158 724526 709088 678146 729977 712865 672284 717148 664186 752118 705641 670271 667322 747978 741273 706147 755962 687127 727489 717189 686814 744292 779934 685060 727818 715720 745824 694887 758733 707248 706939 674831 756838 732950 
740891 755290 704128 675589 722572 679626 773584 729557 746493 695546 713312 735874 720148 766671 697884 778420 726891 699464 664858 796330 754555 703727 745541 734510 756448 765954 724054 697153 696356 708583 742304 716160 680549 673832 792820 732695 758311 708330 695507 776636 710853 778324 784843 710689 696074 723503 785838 735475 785286 777099 705750 725702 695242 747479 742448 709603 743932 711955 665226 725197 740583 713211 706350 729751 701829 774017 805836 759425 712771 748975 766194 711622 726660 780802 777471 763228 749265 745013 734108 729412 752880 735975 751201 684824 755586 723162 733872 717596 740164 673890 638899 759912 739812 696839 751103 746419 688412 699251 733652 779675 716972 756984 718541 720488 725839 721727 777729 698495 753921 704226 742559 738818 736979 688568 773160 763556 708353 750122 691660 727131 698406 753199 698210 732457 782985 722322 826275 745183 662079 710267 776604 709297 751135 728369 739089 760014 732829 769974 744966 706857 712750 783208 675819 770534 681243 750959 702638 760353 724383 711012 765776 745860 757858 775023 743433 701742 739076 713381 714523 743678 771551 714099 751683 743200 735962 742492 733196 759135 714632 720953 795046 754185 763820 728275 742079 690622 702839 709038 711871 724448 721588 770025 763194 720716 741735 777908 751827 745862 710968 687386 736418 710715 749155 718291 737997 747266 760435 728701 750598 724401 721644 742108 763047 741434 769862 744421 767581 769486 751703 703679 748780 789799 757997 746779 699161 732467 710413 736404 761481 716085 724855 755991 727981 730569 772519 716158 712409 774548 775796 730058 731368 711023 704986 722734 737497 748902 705082 745830 749538 709494 730505 735971 747545 740579 736225 711521 717815 747240 739645 730003 754808 750346 715036 742144 704022 686746 740333 655605 717029 711573 739054 735315 832446 723798 765206 754971 726474 725968 702692 718683 737770 714568 695592 703931 667158 731684 712881 705047 723246 789559 730954 739824 756418 687861 716306 719809 715978 773149 802879 700085 707553 709158 739625 705968 746900 712659 722832 724735 730494 740218 
755342 774944 744698 723535 731158 739030 812313 775695 752874 747184 736138 751834 737450 770083 744128 777317 766638 728665 705559 835247 805667 730235 766585 830741 786409 817797 764480 724138 748114 776872 787829 755767 726327 716617 806478 780549 773887 755336 726523 813861 764065 786549 817594 772803 755782 729563 811605 738657 811174 785863 762044 748699 704372 792084 743809 762719 738520 750855 726117 747479 785388 736991 733313 761769 722985 762035 860653 795775 769365 758424 808033 784860 749494 789635 819302 795811 786849 744720 760116 754579 779488 749636 776667 750317 773339 793465 752784 770404 749272 688814 703209 784268 773306 752568 736560 812450 718125 738474 784678 782875 752041 759777 756982 787700 781895 758156 799046 750359 807905 758885 782883 783422 775393 728153 789779 803996 747749 735875 726259 763027 713316 734547 698679 749018 805132 756191 817229 748913 664533 749393 778684 733603 771814 748404 799865 767208 765948 804958 794756 728604 724411 802829 729859 792268 719749 799830 730921 790242 746693 743861 781422 792247 794828 785737 755817 739832 763863 713895 730238 784776 827552 778796 756639 775067 761356 770044 754199 794377 761626 759783 809599 778739 778390 757349 789427 747350 742396 787749 742326 763812 729762 768027 786528 780667 790330 754695 767719 737907 760633 691263 788035 773082 789445 753614 795580 760507 815660 753383 801051 747225 751057 732452 775010 762012 759217 821124 772063 781756 772897 724332 783552 828097 760007 772230 734672 730945 746252 767180 784779 750628 729336 767878 747012 762986 783396 785883 768122 782697 823361 761082 743929 709048 715242 767065 772849 759239 723002 781947 788429 754685 805135 774443 755468 785940 756450 739246 732072 799027 783029 753488 779031 765617 737046 806925 769163 710678 773187 683614 757713 757074 706809 740913 831332 753304 785053 778172 745133 760037 727748 737942 801609 737387 727807 719870 716577 752427 732032 735095 735026 808289 778462 775480 762238 727697 765134 771957 739410 779866 830139 738582 748982 744137 801168 749478 795931 726992 798306 723716 763206 800356 
694268 725700 683958 633649 646036 681811 732384 727948 689227 683811 684854 695604 695660 715608 676666 727703 708034 683603 655692 749534 745709 658484 710760 726515 737946 744246 689940 651074 693788 686495 727407 691769 683439 655221 733306 726126 749738 699525 647494 719166 704554 746665 754165 711608 685743 679619 740671 717160 755500 720183 679311 701420 669010 726532 698972 699713 722772 709721 648750 670610 678305 669308 676158 701278 688545 743180 767078 760049 679278 713335 731988 698391 694716 704968 728493 736993 725233 696614 710417 692782 713401 717577 724229 684493 699597 688277 698473 695647 717010 620161 609596 709040 714896 711262 698007 724463 659866 676781 706420 721077 673331 719556 716028 713946 708153 673339 737836 672155 740298 677772 727267 687601 679165 674810 736268 745199 678120 702702 665821 721863 640733 690254 669507 686999 714788 700294 786152 699897 628021 691154 724930 683319 711207 692599 721389 724067 700050 763287 717579 683789 672752 732194 679794 758339 658471 739277 682534 743038 712024 675876 749663 746426 716552 733784 700524 712210 703279 669649 697966 693728 743257 694878 690342 712361 697205 705299 688130 757537 709823 709180 738776 711467 719937 687499 709875 674563 693126 680149 699440 705510 688218 739958 752146 696599 711937 710835 707809 691497 665019 660398 726825 709912 721492 693512 716979 705371 747300 673042 736100 700792 674456 677357 687592 686128 748611 741484 736800 740261 724874 681785 726584 737133 705406 724803 683075 722871 640566 714899 743667 693858 711981 720364 708558 720916 731631 694167 678507 746096 742761 693436 687124 690481 664624 704520 696560 686145 649235 698307 685480 698812 729273 680243 708929 720664 703592 663279 694057 744274 703178 711294 734102 717563 653727 721259 672509 668042 711194 616540 699397 701973 693055 696776 775921 674110 711053 713193 671803 687774 677177 683038 690092 705179 658604 693253 645371 694981 687864 676174 668349 733452 701977 698358 721585 675015 674155 671252 661663 713957 772796 667599 678708 691865 708771 671073 728229 699295 676940 676011 732884 724561 
722804 734536 718138 686130 714137 731890 784511 720433 716560 711742 718158 722405 724483 751416 726399 754716 721574 713488 703018 785480 762222 673229 720930 763912 758791 767538 724513 725903 702290 727113 772876 735068 705582 701036 772475 744177 738724 726127 698614 782343 747823 773793 783975 695710 744747 723062 758330 727190 766779 761023 711973 726037 732052 761455 762007 730164 718086 703946 690262 692484 730108 692794 721063 744449 729927 744775 793267 800204 748775 706111 734369 708529 743887 763783 751194 775933 733631 729827 739299 737487 778413 702518 747195 710033 767768 740758 728885 734035 733380 680372 626582 752103 708295 728010 748046 769899 713215 701434 746772 775273 706833 769324 740194 747721 731159 723308 782426 691128 742575 776326 736013 769987 713538 714539 787576 755922 705573 730083 697334 749357 658708 741243 689656 730183 767350 716712 815951 747041 649354 718633 773095 713205 718198 714493 742234 755081 745253 720844 736135 709299 726253 775457 729285 744422 694771 754376 692914 723512 712566 707534 761454 763427 775922 754553 728345 723281 727392 695249 727857 756951 776100 724778 745125 760593 741443 735904 726577 767779 742088 742324 808552 737086 753403 722575 740056 671288 715023 715277 738233 745817 697300 737289 777088 752976 773609 733180 738336 728301 713460 659580 725821 731915 731628 693334 776062 743716 759051 705976 789255 740745 729573 751621 739813 728396 744725 737795 763593 794035 737143 727508 758532 780518 748018 743036 698756 714521 694971 705741 770433 665366 737491 764922 703197 731774 753086 752646 718530 751662 759122 710452 717517 693556 713791 732091 720947 729632 715344 758138 762718 733417 753042 752763 760085 749918 732880 686248 722908 750823 747736 717289 752071 773770 710736 782834 748529 699934 728778 654684 701376 741395 702473 690501 795410 726591 728614 762263 718078 720227 708501 707236 756703 717923 708822 686359 709053 730182 706674 678097 698111 787092 766009 715500 758988 701633 723986 744744 695722 760832 800761 717391 706552 742998 754236 741177 780292 719364 723394 709823 751063 767746 
727576 753591 763960 683309 715955 700967 738659 748406 733675 718896 716239 720235 734384 785273 741256 750877 740100 707349 704345 774882 764017 685518 747407 775327 766020 756382 729410 713476 720373 750427 766964 736811 683656 697426 768686 758192 756915 730679 704359 787602 754905 779508 773651 705175 748342 702810 769924 735941 787511 812212 731746 746085 702503 741679 714595 719363 740336 710212 671498 717513 725432 693684 700391 742266 723744 763498 789506 789686 751279 696449 761770 702608 729382 787365 770761 764120 750236 737189 727610 735986 757766 756068 757587 739308 750708 770833 765638 714632 737213 668008 665681 786790 742704 737042 734656 753153 709431 718317 744085 762569 711284 758594 758760 734422 726485 703182 771061 728613 768722 770075 771238 750128 718804 709424 771917 735879 697603 721781 703255 726466 701911 758993 709460 756292 731860 710268 794573 733186 669766 738621 762783 719100 776146 706627 758628 770433 730271 775880 722230 725016 706641 811618 725693 792234 702665 758851 708477 757065 729758 721883 739724 765129 766111 743721 729405 719323 736662 706542 740173 743777 776659 721303 718371 769477 743698 746664 728410 770645 740976 750036 803093 760731 732867 728374 736284 682729 704811 742379 746091 735251 687860 767788 780608 722579 745479 751626 708761 734470 735770 678807 737080 734915 735562 713717 775624 771790 786465 731087 787547 738175 718068 722945 749927 745792 748888 750785 778043 766615 761040 717062 753879 800144 749707 730264 720277 710301 691356 744385 775518 724887 726686 759152 742554 738318 766618 777736 729718 725757 773429 715033 718090 708004 717708 743700 737295 724403 718427 739598 741864 718648 730544 711974 738658 745494 707174 697736 739959 748731 754512 739120 754210 746262 730090 773988 730868 723781 730438 679574 715411 736450 705769 722639 803538 727976 735411 746777 730645 722450 750503 704942 762724 747256 710623 711716 695357 728914 697595 702901 682178 784244 764592 727791 744266 691528 731972 739664 710136 762819 789420 726496 704858 753239 767763 729561 790328 719037 768191 698458 754281 733438 
743369 757562 740012 696959 719065 750005 773034 723097 719734 742029 735392 710722 733121 740787 729897 748940 730395 703327 675898 829955 756291 714915 732319 752435 783647 788800 739337 729695 723078 750061 785417 723934 736364 699376 785756 763639 766024 759161 687702 753326 758773 783054 819974 728526 744356 733540 787045 734416 789950 772060 722751 742466 714653 761444 732292 704392 744871 710016 707631 736667 736262 684863 710078 759641 712071 772168 799879 780930 720099 754263 727132 726025 742180 764785 772992 755799 749509 723421 741554 738036 753807 735226 771164 720773 801578 767908 736414 729819 734226 653220 638810 760183 766822 742612 736545 759028 702016 718857 769655 778245 717151 744602 737407 746380 749643 703488 794856 735771 764702 748815 771422 771928 742776 722124 776937 776983 701021 732730 692956 767914 697129 728871 712585 719558 729389 726435 802800 733495 679438 728835 771187 738717 753073 712894 766115 776085 730735 782046 774366 724896 712962 758907 732651 781771 732057 784365 695092 734578 719562 729074 771888 757999 789444 758073 757348 711389 752379 717080 721991 751367 762315 746493 756437 763411 753299 750304 734112 753654 764956 719188 798306 755010 758847 725371 742212 708727 710448 742038 753929 747846 724854 775781 766398 725955 767431 769612 755911 747819 729978 701688 765812 757427 746523 720410 774762 759914 765554 706267 784352 736687 745304 756864 742919 720619 753989 756183 763091 801669 748645 747476 762875 794638 771741 729336 719086 720389 737288 742555 761756 712083 752584 767613 740632 746213 786058 752234 732755 756777 783435 719413 736653 691225 714988 771348 741842 767320 729822 744453 765673 712155 740525 722840 755116 779852 761403 690947 733019 758336 751989 741601 750821 735552 737902 765917 764535 719715 734909 680547 724240 718398 721312 712546 776006 742306 770722 745952 714111 714555 720224 701412 762916 715849 691924 718391 701827 746595 729393 719952 709107 770810 740186 740287 765252 671996 712002 726555 737335 790355 810322 696648 739069 730734 740493 728577 775343 718619 749348 715332 771404 759996 
783920 760465 753143 735551 758147 743123 835151 760150 769869 720410 755352 735710 774072 784592 781598 777155 755409 766341 726577 821603 805123 714857 782765 788274 790660 819743 762997 757151 759572 728797 792053 753359 730318 707316 835732 762995 801219 755555 745176 829946 763406 805674 827719 763945 750208 728547 826072 758693 815070 832500 766646 778328 741016 815381 782376 755942 779352 764591 743570 762073 747169 714289 729632 773215 757827 802609 830771 815592 768018 744000 800503 753770 761872 784729 796104 791779 787656 775401 763104 796638 802656 738898 833234 765036 800174 799184 740490 748012 762440 701570 688614 798417 764198 787354 762430 793534 726616 749164 749699 795342 742081 812104 780621 787383 812655 760081 817186 735548 815726 792888 802291 790124 777800 743267 822902 788761 719049 761003 730455 767021 739440 769314 730665 759021 793890 757344 875930 769996 676880 771732 780989 767009 766842 748734 796365 809589 790194 818663 772502 755337 732202 815190 787536 811376 720310 793930 743720 797804 758005 752149 803766 811802 791898 795766 762512 747496 794016 736275 770672 767877 812651 767742 755881 794910 762698 787268 788376 788121 768636 759786 832762 809563 773517 768331 811032 746608 733715 757544 762623 777942 740451 794206 800486 794054 767491 773818 757478 759168 736284 705526 801208 791996 788641 735351 789429 800572 809664 762823 824457 754175 801843 800357 786932 789119 795286 807945 800508 811831 769380 750521 787837 813616 797243 764008 725275 761412 703022 767763 787083 745630 753616 788536 743972 799156 790571 804749 768189 798247 803632 753137 760547 753968 741413 796850 774254 745164 737832 737395 789932 714566 799108 756621 785432 782774 783637 725136 774798 802870 801231 774539 803251 800382 745961 783716 739771 732982 756376 685142 732828 750910 757649 760945 838945 748705 778550 784817 741481 730458 763749 717948 786159 764779 748650 726028 729352 793020 740099 718830 749093 807973 786683 761345 786768 707766 767131 769496 731148 778784 858274 739321 765219 778678 799592 751366 798537 744473 793680 727200 754884 787393 
778493 764298 765473 701266 722086 737196 794634 765909 770809 736971 743679 751920 766893 764451 767736 747792 714025 732205 697336 817744 780453 710469 734101 772715 830511 778683 756023 729331 735991 753197 776771 766785 733220 703501 819243 755295 760889 762456 678801 789385 743281 788827 801834 756741 797256 708871 798062 755702 800229 764554 728547 734878 716972 763990 731869 751446 741304 747523 702420 731071 756009 718448 755824 757141 737783 768859 832553 771752 762865 731440 777599 746445 742897 814284 809888 777984 750707 765158 723906 772018 767843 750789 759726 728320 800658 797814 770274 749141 762709 687569 683113 794368 758744 765234 718580 789071 724376 770082 750954 803435 743398 757251 803914 770829 796469 736730 772634 763326 777956 763513 771829 789281 743392 732978 785247 802982 719395 774032 707952 778753 704643 743728 759752 793982 758704 721489 848546 773713 683784 756711 796374 744667 770590 701630 776204 779817 740907 793184 765157 775767 729846 802106 744526 817402 702686 782745 707345 798235 741235 724671 771495 794269 756808 763722 763350 723312 764893 748070 712198 782103 801592 745897 772777 799476 762694 783797 753989 792252 751992 759718 829642 797160 781060 751775 769012 713089 719575 745044 764583 746569 729800 782367 795135 766479 786192 796509 755499 728127 745771 675065 792755 756803 749386 712040 788876 771155 773309 733914 810716 747718 742148 757262 771837 746173 772385 781824 799754 807665 777076 768267 770056 822292 790439 793009 741767 756921 722578 741447 750808 706210 771442 788273 769669 729864 789289 778008 767485 780296 818166 730128 750987 731399 730617 773671 750588 744755 736105 760344 769067 724606 749684 735875 764324 775228 719575 729294 782108 825135 766183 740471 798970 762055 695375 767252 775715 732205 774332 677024 739172 726976 763698 725249 825325 728276 801953 782774 725458 747968 755300 721936 757092 763130 722010 754126 719346 755286 722604 703224 709030 805976 763843 734504 782607 733477 742418 741584 727622 783189 834141 729468 745969 743672 771348 752181 763028 755717 765501 732629 757473 769595 
701767 745484 728908 701680 685646 705830 772545 710566 713483 719133 711456 694502 729815 726431 704451 736256 714368 687424 679394 793029 758164 677415 709337 753033 748987 771784 720984 701493 706296 719124 743141 685593 700173 667485 776671 749849 743533 720757 688832 770109 697124 771100 779627 735989 726228 684930 764417 711607 760285 765755 725621 716760 698691 719544 682647 732951 694248 714016 674186 704506 720015 681977 705652 734923 671205 724344 814824 773536 750914 715887 737420 709458 706201 764872 749960 738497 714121 716738 708925 714158 738888 729611 735552 714766 728818 712114 730584 712430 697239 676394 633181 752576 769215 719643 721106 755007 685115 705018 732416 740131 688304 713265 722421 741242 741551 689510 788469 707380 748059 726076 746245 738286 734316 672783 775952 740298 709461 716490 685729 717652 666634 704571 679662 721082 728402 711377 770632 702499 648512 715594 761668 695151 736261 706408 748657 757596 724384 724023 756740 697085 688530 755201 715597 751076 673123 755610 696080 738651 732792 706111 732729 753105 732489 710750 723239 686597 733966 696844 704725 726057 748567 689886 720068 762331 702264 745745 713845 763772 709333 736238 784973 724503 724547 696910 726927 701839 670917 723501 721054 731734 708585 732895 729733 717682 714864 741719 704404 703187 694801 677482 721829 713221 727098 722103 760808 733681 775322 728010 760055 711007 738926 731854 759592 713185 748101 739522 753447 755079 709042 683401 733563 779523 741611 726844 682295 707753 680111 723473 757145 715388 726266 732644 711214 713903 730748 753000 706360 746849 779898 717491 705050 688945 696156 749677 701016 713357 685483 721170 714755 689371 761667 692642 725951 753952 723139 657714 713099 741733 747852 712819 743627 723399 697014 748082 715631 681451 740106 664241 726508 695445 730730 718255 781539 725258 733257 752871 708302 706670 683463 675803 732111 722451 679801 704823 662097 733302 685088 669986 705212 772542 725506 700157 726966 686155 705998 713733 702087 741351 792169 681644 709096 721576 764773 684985 769763 703305 724305 690885 740261 737473 
771178 782057 752194 728257 714067 742875 824255 766385 780327 735720 770695 741223 777090 782719 742102 788118 771470 743300 727386 843551 783873 717593 762054 787438 801337 792675 746499 721688 768780 755382 784327 750452 708308 732628 824782 765342 776184 815740 751610 803114 762695 821893 848268 764652 776020 749676 833006 771280 813911 828552 753461 748127 748170 795496 769134 765954 785042 752859 739443 747623 776523 743631 744957 756526 710962 813859 827762 814068 772890 759833 805557 768114 750115 820106 801454 799817 758427 769563 751826 735176 791489 719081 777587 752069 794396 783027 771845 783470 739612 715803 698795 774303 792669 741605 762515 802885 721898 725292 797845 789431 715445 781929 787947 750661 775679 756455 805409 751405 788029 790801 820185 773823 794149 740103 809640 811608 706194 775991 721095 781068 733486 774087 760441 758874 767900 752220 822153 786998 687230 789716 824420 758065 812017 722743 797273 813933 774122 833597 785061 739323 716630 821476 767238 818738 718313 806189 735881 791247 742953 741210 810238 814745 784257 789896 782858 722190 763684 724259 787281 800398 797898 776853 782466 795764 785381 798500 760457 819100 755864 779606 816311 768908 795249 762164 773691 730247 736459 798123 777701 777534 763614 792932 823705 780595 781580 765616 765455 750678 773136 721254 790904 781017 790516 760539 791426 775093 798190 772409 810136 755598 752260 797272 761793 767059 803710 793379 809916 780682 752320 758615 805453 823238 794658 773710 745626 768512 756647 757553 753032 739016 738513 777116 754801 797996 794132 771198 746838 780390 825263 722809 764677 746330 766797 780223 742847 784827 755597 774492 794682 757175 788355 764647 789109 789632 759861 735886 760041 795032 780720 758530 813958 774104 741305 778825 780642 740566 791795 691439 751934 742110 750774 763291 828753 755032 813876 807232 740818 747062 759739 751431 773597 774794 736593 768506 731677 769016 725816 733218 730403 795726 763472 756975 772494 722790 736899 755274 713923 793959 824422 739822 753390 780713 807003 773646 823553 755896 785641 727104 800866 794651 
742515 776575 738866 726269 710691 744288 801045 726660 736536 741527 716345 747014 728104 790453 720017 776971 742377 720616 692985 811402 782284 716891 719394 757203 778725 798629 740742 733243 738306 740502 773830 722620 679940 679149 785763 758671 757313 719477 732912 784515 771315 763203 804391 713609 753580 745713 825850 744820 767276 783676 733884 746652 732683 780538 747882 728497 765843 737560 734117 720644 763683 703101 725436 732925 726767 744330 830802 809333 739893 766889 787713 740317 746985 791649 818972 757905 763822 746884 750921 733835 756225 734174 765480 745922 807989 751770 739233 730762 729920 674151 662560 745962 745517 750660 740027 736774 725009 725125 783023 769311 728639 754971 767645 764340 785926 735274 816172 738558 776625 755249 758347 778551 739498 734653 766159 736245 730265 740037 721424 761017 692533 757953 706063 744536 795760 719444 799108 734440 683398 764625 802510 716890 747962 748282 755009 779439 752727 794912 752555 734287 742797 787396 700568 791992 722455 794301 705863 772187 727992 698933 754153 774497 763625 791425 773012 747836 750212 721730 744502 730806 799967 763507 752310 736077 754487 774269 740584 804947 741244 746067 791065 794431 754814 768836 808499 718361 721046 754365 736061 747584 716413 795172 771240 718987 784892 753817 758593 750179 717769 673596 773982 736891 765098 717161 787016 763287 772979 745200 764198 747080 734916 746492 753807 760118 776676 789995 778373 793809 791850 745990 789510 805911 762588 756472 731154 735247 690558 763438 773594 715084 703526 771687 731302 773460 769331 768960 736440 765182 792367 742032 752305 741141 713375 726266 771387 733918 721350 775352 760744 720994 763964 708659 734212 789837 780312 726547 750850 764446 790110 766628 766613 788299 722064 736676 724433 689266 742783 645029 731688 738612 706775 717181 832124 735941 772257 756943 733002 741040 740624 717164 792181 743753 709866 729323 680454 767246 738238 713132 715683 789788 777080 751222 766405 707894 743796 750538 725138 789813 816856 724137 734788 742795 766096 724606 762753 717786 737937 723436 766972 784718 
739027 763677 759355 689511 726568 763636 805640 756662 713221 713322 714432 753267 725536 774524 741944 756109 731559 733080 728702 811899 785167 751044 741276 787194 781032 788807 732068 744399 737462 737562 777657 730811 723600 709117 814925 771858 777405 810647 744132 806070 774537 819170 794323 763769 745032 712719 809516 738058 801108 794992 739621 761012 735728 792119 759226 734220 744659 727604 705609 726992 773929 755556 710853 764358 736209 761421 811950 799171 783180 745842 782277 760782 742238 795067 793805 748356 758380 747471 780743 773235 774808 743042 774604 776270 764457 780751 724661 750942 747760 692078 677882 799262 754788 753635 733356 775615 707485 727261 771205 795730 709139 779330 781647 770007 798012 748368 797323 754746 793500 755470 788084 784545 769210 722173 794447 758853 697326 750216 729512 773146 728287 752991 684855 767136 779463 744009 841296 759314 660820 754241 773734 740606 765088 750782 799379 775403 782608 792914 774648 738775 710582 782701 740044 803341 715653 769443 706259 788905 744408 759720 789297 794800 792528 765058 793906 740621 754516 731935 740231 790585 794146 742299 762499 765912 767303 790364 722970 806033 772050 734888 830073 762188 755455 733567 743281 694027 706981 755077 735333 745661 732829 775453 776508 780004 774575 748197 784982 756434 772525 675810 750421 754326 750841 750649 788171 812414 804383 760637 803874 720939 731624 738361 762728 746494 781098 786785 785242 796570 745373 725488 749298 835668 786306 761280 731489 741492 727793 737069 772819 717925 746026 773858 754166 761823 772918 773201 771025 775148 770098 728442 743397 704534 719907 764445 771255 785739 739677 753666 776499 742145 774153 705359 763083 779543 761412 699976 726918 796298 776525 751155 794373 783112 727365 793851 760115 697324 757338 692316 734524 740840 741281 739170 818554 736091 773260 766179 735680 754320 743778 744854 793882 748297 758856 692218 696836 753968 729233 744338 731998 802736 776174 743533 757069 701878 753850 756888 728313 780137 827516 737614 757928 751259 757375 754113 806863 738110 775690 702463 783973 765231 
687132 715914 707833 670071 672189 737074 750326 694767 705776 718748 703664 677062 688863 712179 675578 727551 689694 678103 637058 753126 697017 657489 663652 734744 715528 743307 680904 670024 668508 712200 740221 670535 689883 637730 767062 715888 727954 715695 677161 740902 731928 750575 772328 689243 710100 670906 748462 694634 761433 727676 706467 725903 658756 749807 672415 693662 717043 713478 686439 637282 708567 660598 669725 718819 678082 710399 759362 767580 718388 691470 729639 715687 696176 733077 755708 724421 741420 709584 694551 695295 703630 680952 732829 703297 722082 695105 679013 710504 703713 632045 641640 711697 719955 687993 659624 721828 665472 699294 708768 747173 700989 743513 714690 699407 728573 657136 752650 673437 739011 717553 731699 730017 707679 661583 758902 706948 668612 710698 677546 722740 697509 688892 652740 712466 702121 667717 766566 685588 660880 712944 720995 685146 717836 696840 747307 745467 716974 750348 723714 667676 701667 706278 702248 711982 656609 758478 674435 722497 717783 690495 723852 747475 723016 735594 730387 698530 710013 652534 707304 719617 730093 707305 693131 713242 695257 723053 691745 730734 682135 685444 759783 708434 723174 686176 704974 674209 664254 687572 710263 711015 671717 710770 720232 714275 724448 698413 708737 702341 693864 669684 728022 683016 711017 669214 708033 704980 727934 712970 758497 691391 720738 683036 718052 697280 728022 729241 767255 768682 696024 701343 723651 741616 725677 704608 692377 691972 664152 707717 722747 656540 685114 729763 709643 690787 725398 711089 694817 702636 762869 709720 685725 688327 687104 739605 699136 706495 675807 712614 709840 676953 724555 674068 707663 740589 710442 641816 666830 749705 701660 712137 715238 720917 661785 703693 702922 647867 731551 648700 702241 700138 662444 676404 750349 708625 714205 725687 715179 709070 679934 652711 743159 699023 675571 708230 642962 714056 683319 678888 661769 744959 735465 693415 727427 665226 672133 694543 675840 716519 760680 683620 675737 691654 735839 678939 769649 710017 707143 685329 745205 739207 
783332 757876 735886 708860 713078 737304 794492 734085 733692 725658 730651 712438 737418 778910 737481 785063 746309 734755 691619 825588 767412 726230 748755 767101 778956 839451 734130 746508 713924 768409 791952 715364 751454 682648 798070 755125 782793 746525 732039 796779 756751 788035 833564 737759 755344 703138 821880 766224 822875 809839 756355 749238 702857 778641 736914 755627 744502 728824 717022 725479 754293 733282 749802 752980 716311 767005 849459 816126 783915 736293 754326 711265 766161 781128 801728 763676 753634 758345 721503 744547 773023 747317 781464 723669 768869 774046 745018 748864 731813 695982 676556 789553 740439 770416 732727 772993 735870 737806 776569 806361 705839 776942 768929 756717 759981 711601 806549 739779 795014 749486 767353 768293 738250 719813 781995 747093 681161 751906 724248 775210 721676 775027 728680 746745 777639 727587 820304 752869 690674 752748 786020 721519 744999 743456 759302 776224 784358 768278 753916 753780 694752 796637 760129 784309 710835 781709 700985 774384 742464 727424 795200 786826 791667 776645 761870 734098 756223 714970 743845 763187 799941 744656 769401 800927 747374 783985 774105 812035 740520 753398 816855 754661 774288 768041 749225 712244 725461 749574 764120 778949 715076 762510 774929 769840 769179 756826 758163 734406 755170 699414 761592 755033 748957 725383 807310 761058 789716 726645 806792 759310 740698 769684 760397 728129 796452 779608 790651 816698 763382 748519 782364 833151 797557 755654 722324 735166 717529 756468 777760 737856 755907 795622 743704 749971 757943 751003 769574 760934 786949 738185 717689 693034 742304 769337 758587 744092 733433 764656 760951 742976 753798 726301 747353 778709 749193 713788 739644 778185 793534 753349 784418 767227 698889 765692 767250 721758 763710 701169 738003 729266 747786 689217 804935 765984 774207 782640 737447 709913 754165 715032 785589 732871 723023 743775 708147 765361 753704 702726 754348 819378 738166 755382 769671 732738 744862 746459 735177 815940 823381 715899 755669 756349 754152 709950 799599 742122 739317 720116 767434 762223 
683552 683323 672246 665341 664313 649455 702682 684384 690660 659677 658562 668230 660619 706698 675446 699385 659570 660946 632635 753116 703560 623783 661140 723157 707418 719373 649080 655801 675882 660994 694527 685278 640731 639506 708561 706462 704450 657524 627059 725096 697496 680380 748085 669950 654805 672506 735261 683221 694742 706336 654379 669931 659473 722203 689426 666316 676986 647929 649461 689190 663834 650581 652834 683575 664253 678374 750833 733104 662122 700263 687287 641221 686914 708826 719245 698821 675442 679819 703067 669330 699337 669215 695735 665966 683925 676798 669578 691808 663963 622909 608817 697631 688246 690477 683368 701473 633703 653618 684159 689578 648943 716430 708758 699642 706181 658557 740201 658567 700839 692893 696263 704573 695195 650636 698923 702533 663959 683637 664941 692949 658640 711642 665665 682206 696434 676766 744377 640479 620188 682717 725282 647426 694288 668482 734506 698159 650955 722674 676463 659719 656502 713799 667514 716108 658852 740750 633413 707895 650640 662436 661848 708642 683032 707973 684887 655488 694449 622276 678667 713391 712451 677603 640210 693289 658144 696600 689327 715980 690128 678560 716191 707981 691106 701282 705358 675591 660188 653205 676223 695939 650561 689647 692595 675690 703454 677876 705603 685269 666768 636163 693127 677712 709288 647407 697504 689471 723881 655742 727602 677934 647199 697416 682623 682517 714123 714312 682194 714488 690518 681999 685716 734506 671969 672009 637673 661812 641490 694085 724316 666513 652654 681775 683801 656361 678398 710196 667977 690023 690800 664231 661343 635155 659128 686610 683713 676696 631769 726701 673766 673275 722249 662358 696359 715464 667865 660518 682213 706505 692466 653031 698080 687812 654591 707205 694763 632819 673200 597805 679684 673732 649232 674523 728328 663383 693716 714489 666659 658819 667396 647956 723921 664679 669864 664780 651959 675355 657749 663885 670048 723081 707277 667646 705975 644566 671026 651223 668781 731770 743339 630660 697576 683427 696337 674259 716871 651495 707473 667048 674174 686391 
735739 749764 767587 695745 708162 690293 766279 732219 715726 720419 711665 714330 734579 742820 710375 757541 709960 715735 656309 767225 749593 710492 732899 746845 770221 781032 717260 701881 724075 729919 767597 717409 702756 689375 796982 737810 751935 729116 670810 741462 734912 739762 767000 718258 730581 688753 765145 736811 786377 764429 725319 710612 723606 749197 761423 726441 729111 691792 699119 727731 729791 693555 701421 730280 700947 750860 795749 763612 740954 716220 726005 731071 733326 771010 776808 739638 748932 729719 707872 727403 744444 745776 732521 720256 754060 737902 741023 726152 737244 680963 643991 773220 755705 735094 713815 754980 706209 685380 730363 783089 696092 719264 740061 733294 739700 704605 777055 710364 760620 723601 770580 758529 706166 696792 741231 755394 688840 742250 688905 743469 682401 713212 696086 733313 744791 729010 807081 733021 674586 715566 760594 719316 728943 710594 752328 734107 730459 781511 731707 713402 688606 766755 718280 801480 688776 764630 685041 751001 716366 676652 778544 762729 733082 755521 725015 693571 735310 703110 714198 741277 775581 736136 716045 743362 734661 752965 714654 754075 749030 745833 774465 739199 753690 717199 716656 683106 710483 718494 714815 740216 705212 766220 766912 731484 765238 746723 717248 736493 719407 672488 739581 740755 744362 702995 741337 734969 761847 699666 760317 741446 736676 719561 727841 743991 753860 751210 743504 772575 750494 725130 741518 809806 765003 701876 723771 736195 727419 714128 747496 708060 722801 730842 715627 717594 753669 747400 738094 761096 767490 712121 733981 697002 726308 752287 741417 724659 693750 735522 754297 711749 724567 673535 758285 759351 701719 711779 731002 755767 740883 702315 748591 738092 705832 738511 713856 687261 738826 662029 727117 718996 706143 712008 770198 726048 758516 757724 738804 730722 722623 691008 753848 740073 673176 706379 680325 713309 718242 679829 706044 767742 734077 726326 756029 705546 716228 720467 710758 753097 773067 704959 710251 707313 789877 729542 781875 718262 728542 685041 751453 762982 
741054 749191 742333 684395 715089 705766 776245 748144 716935 714830 685336 715417 724138 749151 708034 761616 701483 694506 693686 792750 745360 707429 718855 766828 776675 752436 731684 710517 704962 724767 762442 725630 700795 683477 795754 747948 781887 728896 687798 775990 732400 773941 783169 735848 729952 717540 771911 724050 781646 766530 728132 725591 681617 751638 722504 718284 710887 730517 688198 745960 736284 696217 697513 758013 737511 769798 778453 775529 736382 721500 762256 721217 732146 761726 762795 789073 761401 749430 728273 716041 734096 720685 760345 718983 747195 748385 732469 750729 721650 673763 654604 761226 773947 721713 713097 763504 700088 718024 718768 758706 710307 749239 729326 730774 747903 715851 796899 724723 761767 738422 758548 750163 723539 680592 739770 766738 705774 707955 679322 734417 697654 713255 697907 759058 742288 719623 803253 734586 681209 710629 762623 695218 746982 719204 772051 765652 754454 768660 748928 731531 720483 766733 709192 760861 694125 735103 689272 756104 693002 690559 749656 735324 795616 751973 714635 697810 744077 715134 729964 731143 768911 746107 717378 775542 755650 762867 702365 747720 742474 729294 771567 765787 743883 724905 730798 724045 702898 733017 732206 700275 701239 759861 771472 735764 743842 751510 738787 718159 721975 646406 734330 752967 761403 700346 772208 752249 740685 683164 754340 724520 739464 741967 767392 722671 749049 772591 775776 787958 731063 713760 746849 766141 744259 725278 740828 767023 737553 720065 749842 679962 719270 754071 717161 734526 746109 747699 710124 756419 799736 732701 732797 668979 751374 724909 767965 705348 712145 758575 747681 710317 768847 710500 754410 768590 732439 726696 726090 752153 740525 726796 777643 745146 682137 745510 734505 690302 732094 640839 709677 724003 718463 743463 788863 729038 748752 754659 738286 703271 708030 695630 760720 724659 682597 733387 684456 739892 714796 696226 704728 776758 734724 743255 775143 695313 689032 697305 719664 767790 796311 727380 696269 726447 769462 713750 757924 705492 730869 696988 745832 770415 
682935 694413 708691 641089 653000 661233 699334 668303 670601 687085 680824 662943 682588 725492 665377 691630 661917 659375 628966 719574 678892 624280 682025 693799 739249 700125 675871 674863 671753 690922 695598 696990 648368 627277 739627 693860 716691 666558 639982 743029 681305 735458 750024 691625 657995 686245 731127 667768 734032 706243 666687 671934 639328 708659 685690 657885 682468 676767 640586 652849 672667 664314 661136 687566 667867 703136 717990 737012 674952 680431 716378 659917 680358 725124 712990 704263 708629 666346 683346 693748 695578 678312 673618 671781 698205 691713 677471 691953 706279 621938 612759 681340 680271 685679 692385 695845 682750 655559 683625 704576 676053 706264 685875 679507 715774 672100 735069 672855 717509 678123 710664 696811 697267 640888 721082 692561 656724 688796 648958 708276 640365 670048 673749 670342 701364 672610 772940 679345 623571 681339 722239 662627 668109 671341 705164 716739 665790 718523 698806 656395 676509 712387 667469 735791 664733 717043 630786 706034 689947 656740 712684 727730 703685 730635 687081 681608 698997 649895 675762 709018 713947 684841 684894 671188 719908 711491 663732 722002 674204 670113 710849 731253 716239 670551 691375 654213 677379 667525 671315 688821 658400 690219 724724 662912 704684 690574 712009 690114 671762 662031 716019 666926 687204 652097 698744 694320 723722 642147 720440 668211 677718 671539 694647 682698 702790 692823 717182 735169 685032 660336 704493 741700 706052 706898 680651 675289 653777 675994 694240 640268 683268 685158 691731 684320 714169 687230 678535 715156 723124 650425 684017 667050 650197 688166 671622 698003 660657 689891 708726 675672 716626 665561 721952 717123 673176 626577 681576 737374 722920 660273 727120 687075 673032 703489 667569 628533 688057 614229 682692 672231 663097 653916 718460 670096 693734 698402 659707 661425 645728 673239 687377 670878 654998 659801 626268 672491 688722 654645 648222 727812 652856 695106 725736 644879 642582 674207 656485 704364 741405 654181 672962 672844 689875 678455 719214 671173 697179 664505 715051 709500 
730897 744358 727895 693332 741332 717370 767159 711112 723325 695561 729485 703458 748617 751769 704225 734656 728230 693947 697989 786375 762834 659541 737559 775837 782666 766427 726493 721582 707807 747547 743131 735239 712750 676520 765136 722574 740820 729320 714252 797476 728054 762340 771243 706708 734636 706481 800180 719424 767008 785196 731941 734714 668784 741164 729040 710272 753610 720513 694610 723981 739023 689683 690469 748274 708506 738790 829936 764302 751156 732705 768840 731861 720773 791300 760312 762092 763882 766052 748105 723107 763224 725592 767881 708874 754840 726921 727492 730900 707653 655688 641782 762153 724876 756495 726946 760447 695215 716635 719165 736449 718605 759405 750764 757526 755182 704284 766945 749155 744366 754262 770098 736730 759978 710584 778460 749022 715786 748866 685540 722523 712121 725363 696526 733061 771094 742437 822784 723109 675719 733393 766080 696229 753492 718583 768786 757946 705964 784934 754270 706396 715105 785065 717518 781198 711641 774883 702836 765715 752809 736705 757861 764307 727538 770838 737033 711874 743136 693714 737048 769214 793267 732705 730329 724405 715624 749079 763542 781144 706068 724007 777842 745275 746706 730707 755387 691453 681043 733390 722513 737960 710958 751236 788011 726267 772425 742372 738103 733148 750773 663440 759200 745787 715219 695435 755105 764237 774823 753925 763769 712286 739509 736631 773251 738646 763466 777599 753966 781676 747175 759356 772963 816016 757894 743878 695186 721448 668109 732133 745495 708548 704100 746888 714239 740742 765592 760984 745666 736089 758718 724481 731315 718353 720216 751752 734249 730911 723439 757132 723418 713665 728845 730307 728293 778008 732295 694779 726782 775354 742694 722623 763493 732181 704972 741413 749864 701580 757750 665387 715882 710585 712560 712732 790519 734491 755308 777687 700245 683250 701956 715781 765029 689008 690401 720504 701491 746857 729932 691899 700583 763986 758179 766795 723648 688205 736707 759392 729368 752411 827691 671481 731477 761893 764900 709577 752307 705296 752486 717934 730324 753090 
773497 779490 751509 691017 727745 748204 807418 742653 742766 773592 729937 725562 728793 797737 722512 782820 759321 727126 701029 796923 759997 738552 750728 789318 788048 804913 732504 710230 717011 728438 758800 731808 727388 724951 819285 766390 758832 761460 708251 807366 781847 781864 786421 730582 770300 719888 780983 734483 819081 797394 743468 759154 703213 777048 751673 738480 751133 732544 733720 742535 750503 725237 739220 762802 740737 751905 834752 810119 761072 723337 741761 738424 774988 782319 750085 791364 762613 742170 733318 739627 759913 737449 770241 738279 765902 765726 754032 746988 734460 690926 651876 780861 744467 740791 736012 767661 707880 714350 769668 797736 711666 778879 774840 780825 765692 729490 779319 732814 764609 781927 779648 807190 726086 739012 784398 787865 710894 766677 717757 768398 690731 743842 688404 756821 787500 743770 814793 722286 661721 743708 804242 755040 764432 753787 786232 768966 751607 822341 759302 716961 727709 797133 737867 803130 714606 779821 718347 793186 749607 734700 768250 787869 780651 803629 745111 731755 740643 707458 751863 772185 797160 772338 787507 764353 744358 761572 759231 770019 737889 767676 799369 781089 751350 739329 755278 709617 733453 750736 789306 794220 717750 779264 796062 742620 763682 757723 738175 731300 740186 667512 779401 763551 780673 723010 788122 751128 803191 756911 805574 759599 761252 726811 763844 768798 772718 791399 785380 803221 752321 765633 784013 819171 783097 750738 736346 745743 737038 725975 792551 712735 731063 780034 726029 758256 776037 779402 747499 770660 785168 749043 778148 707375 725219 799923 771468 728823 720123 756429 757162 718544 748831 734046 777612 801529 714737 693698 754095 784488 733463 752338 768261 777169 741253 783179 746097 701053 761545 670613 737981 741265 711940 729479 831732 748549 745548 778757 721726 734928 734634 706871 796304 757109 719444 721971 716387 752218 742765 727907 717572 787580 757024 757808 758729 717310 755929 744469 710115 778132 790839 715609 736464 750646 773592 741365 809909 754711 758169 711268 744105 767391 
731720 723612 720701 683776 711325 713523 798006 738759 713040 716461 716528 706676 697286 745000 696870 746816 723357 714395 698574 780085 745049 679160 723454 756685 753322 755379 703066 699462 734687 712999 759536 716484 667717 689448 763374 714856 753216 756324 702951 754010 739548 755667 764878 720171 739800 675691 768718 724961 735198 762009 686199 692956 693692 748297 735131 695594 737327 698906 712076 702350 700855 699124 680310 707625 685954 736679 799067 789527 735780 747158 750458 710139 713289 764299 761491 736070 709793 703505 728904 686399 763053 720164 753478 742984 746193 733165 730861 718821 726556 667864 637821 738097 705880 723926 705328 723011 690950 703638 734421 760599 671852 796832 757451 729135 745553 723390 780699 722009 754783 745505 775381 734376 731487 725558 751631 738385 670686 740410 689751 757733 688523 732793 695428 747601 747539 699143 817179 684796 655411 746970 753334 692780 704873 690108 764299 768380 735884 743082 725900 710299 695119 739776 723172 779661 688225 785717 665975 776504 694141 682451 751733 789661 748360 728111 699477 708203 726033 681967 732488 748382 791977 732947 731864 731010 741736 742724 714029 747871 714678 749754 768056 753749 754066 711238 726102 713328 687229 711696 731739 746390 695136 719269 775762 750689 749156 743669 732069 714580 705787 668582 733433 723278 698782 709849 742462 737707 755029 710866 747598 744084 732721 730719 739004 736217 749675 776648 762007 736549 732749 736538 730928 778018 746651 701632 677027 739473 675969 711727 759754 692599 705583 758328 718326 724634 773324 739081 720268 735019 757215 692899 719566 663296 728892 760502 727914 728083 687235 771688 742881 705391 748044 679689 733895 757401 699085 687186 705591 765981 739245 722303 750935 745245 703997 749782 718042 682793 724685 659273 736529 757438 705821 734980 777053 682726 733344 761687 707227 744923 723708 694837 750729 727814 699251 721136 686811 731844 725139 669016 677555 778826 742924 709021 751420 694206 684555 713137 685783 747398 784115 716593 730226 730617 750055 694613 747055 721683 709726 695080 721098 763513 
720620 707427 710829 652009 692754 706285 751262 717129 717685 711078 685373 728257 735235 742376 707575 728313 692884 712864 701350 760199 730548 687836 717478 738789 736659 759610 713687 725168 702087 705322 745957 699458 676560 696377 765807 716937 749022 718177 682997 760262 719475 770924 769666 702092 728214 718388 753646 748159 763231 745066 696082 709443 680861 733681 730173 695361 716829 705510 684205 676235 711852 698019 703851 710283 705756 758167 797087 755229 726352 717660 748064 733688 717286 742975 756436 748809 732020 711938 720260 702976 752313 724262 749291 731292 727879 720729 700721 697571 709337 674820 629390 758869 730173 701641 712809 749796 692093 692277 759688 758697 695468 746379 739135 748123 723354 714126 762500 705057 745408 763295 739995 739577 694071 694574 739744 749133 702977 730632 661878 749276 677675 713733 667687 735119 762936 718699 819141 722244 647067 721386 762685 697364 726386 710127 761518 748254 730547 755856 742849 707408 710469 750818 707008 758893 700845 744662 688389 755879 699116 727822 738234 752520 758062 751626 735760 724264 699851 667359 715209 731382 789376 726867 746893 761197 707919 727029 711916 750192 717317 718674 770201 737593 745989 727475 742308 691268 709402 719948 709094 748341 698861 730712 742420 740746 748252 721566 731272 713281 722613 658379 756267 741279 726923 676445 740464 730210 732222 709676 739376 736669 690414 735105 733813 748928 735167 756801 774316 779300 728491 722561 713237 800478 737595 741356 717981 698900 671563 713133 699483 676957 687426 732862 728297 712245 739331 720035 686930 712183 751485 725327 712870 666194 688850 704349 729621 750047 703347 723352 740751 694994 731220 697813 719170 743339 711147 656852 732004 741689 720498 706992 753221 734607 700240 761949 710466 680003 709704 658872 696552 716589 684485 682964 780879 677807 739108 739662 693760 705294 701266 677477 745215 705950 673393 682219 688016 728471 700792 689682 688783 743406 727131 742348 742219 662268 725282 733830 691665 767419 789499 702978 699720 722437 723878 700197 769332 714728 735260 667722 738419 750253 
693612 698480 716289 651529 699960 672184 752692 684003 696798 658891 678956 686495 686533 723651 674707 739752 700612 680636 666443 756247 705590 648544 720878 755887 736031 743906 706528 681837 693692 702407 741605 694029 706083 645975 768475 714772 714097 676077 645854 763919 709138 736194 758870 704288 688227 660190 758680 710464 759058 759545 704476 689776 677821 757227 701652 713863 710698 698825 679507 675642 711346 679280 693544 719876 662932 718409 763748 752811 695721 670887 724601 703651 688203 724275 764567 726494 707262 715819 706929 682620 733374 690604 739237 727725 720613 740373 694194 712064 691930 631923 627802 728627 704699 731807 697228 730609 675963 670965 717896 701149 696508 701887 732531 722477 734774 704300 754653 698291 742181 702449 716964 720195 725259 663742 748657 738784 653339 701555 675955 705616 650201 706537 677052 716544 756201 699405 790629 706122 652218 744605 729873 697970 692985 710192 685034 716452 690801 757122 700780 680854 678900 745957 682330 755145 660412 758089 663058 726811 703448 684472 747684 755040 731647 721954 710083 686446 709846 681845 696138 732237 758971 697973 710053 725132 713689 719361 719682 744559 697211 699291 761928 728389 741773 701729 727065 656600 688991 710640 700757 694663 665697 701140 751717 735474 704738 727843 695804 690313 716728 625729 714287 704678 704213 662374 743354 732554 740858 715426 757690 706967 694966 696608 702372 719097 737801 756112 738116 745110 723143 707688 691048 772046 737873 698293 710284 664147 655762 709573 735475 682358 701886 694211 703150 712107 733950 739529 713061 717100 753537 686410 692774 665001 680133 720806 708516 687031 673561 687745 727607 693334 714854 688580 696247 729209 687446 671934 696271 745552 713594 714402 742957 723783 664456 714969 708987 677089 730229 629355 688227 704574 711625 722934 765405 693654 719497 725153 686419 680789 683964 673367 713964 690894 691958 681239 666645 711946 685903 653381 677437 742562 721401 677792 697948 678398 694152 721272 690378 723091 784859 674589 690942 704442 722574 694339 758725 702268 720375 673282 735977 739788 
695566 721983 703828 670099 697353 704022 736454 686414 681625 691681 710848 717905 718996 738777 689482 738012 716181 654366 640884 759528 697190 685926 698264 731100 722950 779236 722066 703742 692047 722374 745994 714482 673462 662341 765584 724135 724987 703790 688374 745105 729898 721424 768343 702150 721793 686545 752783 706438 752305 745161 716254 672281 666091 717533 689161 682811 692903 690715 683909 695274 727102 710079 711450 705847 699032 707902 775180 755204 696391 692164 723450 714167 717735 758822 745172 731414 724014 703451 710255 711352 719833 685394 741039 679355 730072 722067 695154 723453 717705 641631 633821 747347 700660 702337 707666 762845 685234 685759 708856 733126 694617 721895 720961 731472 733669 690591 757886 698163 745410 736167 729964 728063 703815 687268 752124 705251 652977 713324 675889 732273 674517 708464 697613 702596 735054 698513 781149 699964 625672 735606 747797 690909 722674 714603 751427 752038 702516 739783 728045 704915 663651 744429 718310 747957 665882 731045 671629 728526 689281 691341 749519 773217 714950 740461 676053 681651 710285 674035 698760 722354 789692 738952 708368 705111 702134 715556 716878 738797 690658 710734 772427 721996 701013 706297 710782 660553 695105 740419 689219 736966 659874 728024 750043 719671 725105 717854 685861 712620 732715 636507 731180 726093 712647 680120 730488 739449 779185 710345 752357 717130 697796 707859 707695 738545 730775 732600 728795 751573 695261 708033 735342 768826 728422 718772 712114 713551 689109 681441 723716 695000 683809 721444 682578 724894 725985 745475 730115 721697 758271 651661 647142 677748 702256 730775 706077 706063 684834 719459 719181 703509 723670 668993 721150 737888 684843 686258 699921 731627 726715 731563 733774 729823 692547 741675 740616 672317 728546 619823 670838 699987 676620 705653 765578 676504 761189 731028 682552 676832 671945 685878 711215 706186 671568 704801 666697 709748 687141 664382 682759 755597 728216 725386 727646 685482 695714 735958 691984 730062 779676 691225 728564 678424 713253 698433 748026 707957 721208 687343 720302 748824 
708425 714694 708617 653736 693490 668313 739197 689488 699380 681190 685085 680249 711066 731000 706332 716208 688879 682792 654247 753219 733117 635514 682821 720601 741378 738251 677703 679931 663419 677078 715655 697086 681189 646587 749249 697510 702374 692622 650932 735796 676911 732008 749312 680384 698747 659455 743842 702163 748642 741056 682818 666658 647629 726906 687766 696337 708150 680696 645009 703133 698215 654401 667782 735448 685801 703893 773555 736682 711714 687334 722180 686512 672763 746348 740506 735989 685094 707462 683954 716553 737240 680074 725528 656748 726499 704444 697189 701343 678675 616282 616869 716915 713979 701985 689063 737299 659153 706001 680877 714102 676209 718203 723617 692700 714937 652966 736097 664208 718129 695358 726206 721812 702101 697901 756575 739138 682934 690369 686010 688069 662353 687123 678492 705017 715337 692945 763306 681057 615446 683473 724145 673068 734921 691760 716230 733879 677363 762211 680944 708717 671660 731403 690011 754316 655309 731166 636598 714216 693003 673231 729019 734187 714534 707332 688131 658921 693233 666815 694590 716295 740447 683909 715009 703102 678363 702572 697363 718067 677100 695190 753750 723785 706946 699811 723700 668541 686646 701567 687362 692052 683613 703783 742087 685676 730740 721778 709378 685967 676735 638623 729371 703318 707665 685608 725074 734142 746799 684390 724894 677373 692469 695779 694155 680533 696831 736638 737425 745098 701829 679172 706253 726082 736878 710595 663174 687616 650713 692531 750414 680746 675816 710926 690180 717847 715414 721682 663802 708607 702520 699082 687423 671740 664454 752552 699911 705774 698705 680745 726013 660743 710637 703367 720871 714264 686776 662687 664391 736963 736989 704689 729653 700283 658732 724675 685885 654269 730559 612269 718239 689099 699595 693065 758791 681518 706405 718703 702587 685442 675822 669982 722573 708042 681629 677151 658803 714997 686457 650546 670251 740564 695808 726595 684172 664103 669537 674232 652081 727721 780990 665358 687124 676506 725538 682974 735844 667533 722591 696514 691042 709122 
732315 740444 726033 659559 702455 725528 785965 684146 712213 710038 733083 702524 734057 751082 736134 752270 688683 719802 691752 788589 761231 713358 705503 764228 774411 767081 722614 708461 708650 718457 752924 751482 715175 696179 771344 702471 761991 744301 680070 786754 708918 767841 772394 712609 740678 698572 789668 743143 786803 767064 722974 729453 680232 753674 737980 721089 737839 715202 700511 718635 731940 705878 743015 734773 691954 736025 809116 784148 757047 695518 732614 726404 716445 772738 757673 737541 727621 757496 730471 721964 761604 682644 763581 704343 754175 722833 710229 732967 733858 654908 653551 752513 723532 717753 744752 766966 702402 706381 716050 749205 683414 748058 739795 729223 751412 726431 766336 731606 768725 731190 774943 746359 737271 715543 764114 743954 706048 735776 674359 727583 681513 706888 702364 732290 736235 730951 820740 740937 653271 747943 762950 718305 740427 727739 761124 754558 728138 767852 756188 731335 704629 752964 723905 777307 705207 758487 666908 749350 713250 704362 762241 767698 738193 760739 735804 685486 723800 683192 721880 750393 787521 742264 749590 754310 743757 737290 709634 768619 713900 717514 783191 740528 726583 730047 727801 697569 679001 750986 715761 735440 703220 734555 746634 737851 738964 733953 736933 718256 733216 681778 715589 752188 754900 690652 762103 750537 787554 714202 747356 703349 714773 725633 748079 718585 775661 766782 759720 756392 708649 721564 728454 798914 750387 734646 734823 718729 686308 722765 748906 691115 696020 743134 725307 740966 775937 732212 739196 755560 749609 699130 703709 684103 726768 748411 713359 717721 692686 749289 726468 721429 748600 723478 727339 772939 729964 728724 739911 758574 749107 739767 766219 730703 699543 746177 756790 685458 762652 655522 698760 716244 732181 705371 768599 700397 743429 741563 710779 702204 729960 684824 766742 724626 705439 707757 717832 727782 717369 716357 709374 765379 744141 732472 733613 683907 706053 735648 714492 738065 822594 685735 734208 733731 769407 705466 743772 739881 736077 693996 734637 755478 
741320 758813 738946 710020 705994 729392 808495 747382 759346 757222 732140 740174 780401 803693 747807 805720 733233 742991 706569 804131 785252 726920 770259 752084 807677 783128 721867 741884 750671 725706 782148 725934 699090 696148 836707 774736 771726 755008 711869 806467 751002 797370 802213 739427 765400 735930 812597 741327 797761 787098 739027 765255 737969 791426 742649 744795 733146 737953 730550 743249 758516 745538 725808 759086 716937 753538 842002 830024 778195 747476 738485 737001 764008 785354 785387 786644 775779 779602 754612 726273 743054 732642 775597 740137 776538 770488 713638 742687 736693 684284 673886 753012 761027 774181 738715 768031 732818 729230 755927 781889 704848 775304 753309 751290 768788 730140 801343 731016 793722 770033 778261 779485 746785 711175 793706 785656 712175 785949 723690 782879 715872 757655 721282 749709 776040 710839 816434 752240 664757 770798 778652 775607 774515 737099 805143 789801 754070 805763 775873 734171 749936 790420 729902 787715 709913 801207 714082 763445 745107 757090 790939 791449 777702 789091 754086 753632 760348 709790 750394 759246 820731 775293 755706 755505 748287 781668 764412 784220 744446 772476 800583 764836 776232 761225 756101 738511 726631 762191 768090 778758 722593 774066 758483 735697 771926 754082 732475 743540 726562 699451 768814 753288 778338 708314 804976 759138 798059 758299 776727 746950 756000 757000 774099 763780 793630 809490 783728 802023 748652 756241 774572 842503 746154 782143 724673 749587 692324 754106 763570 715830 740296 785507 755703 796383 774415 776718 732707 762187 815741 755379 747982 716008 718248 778239 768678 729757 725240 775144 751483 717351 792693 733098 768925 784847 743367 711619 744733 786086 777242 759009 796726 776860 740452 757855 760838 715449 743116 687616 740140 764424 709216 742857 810520 711064 802416 784850 736059 720246 717697 734311 762753 754654 707838 736464 695620 773785 740931 708688 706727 805750 762725 749059 778220 722715 728978 752489 723871 778348 830902 727629 768466 746504 750894 744406 768181 741112 768235 722643 801613 792502 
761844 790120 772598 739410 759280 765525 817493 767616 749382 745240 740273 736385 781194 789997 751765 803137 764595 733149 701253 820666 808789 704059 805675 785142 822112 796834 754128 746332 744083 752872 771728 776846 734840 710614 839721 745669 781715 778659 699830 779273 765949 815185 821700 787373 770284 750830 823272 777712 807617 831810 766116 767882 729150 799428 769551 751043 761588 761608 714491 740115 762933 734650 771227 776076 763749 779293 832545 791068 752842 766048 806093 751860 755244 831020 784445 784570 753506 777880 766635 763850 797087 750311 775581 751716 760556 748125 769072 762166 759667 722233 692826 777956 766391 747148 754705 803712 760200 759874 762512 801963 721960 798832 766567 776735 756338 759392 819187 752192 811693 767480 801865 765019 754742 737986 804637 798517 737305 795095 709733 782784 711197 758339 742367 812698 788327 743918 869828 761406 716701 773582 820116 738254 784618 758747 779856 804086 746605 805692 789621 751191 734930 821629 751594 816548 717743 803995 691555 811553 756991 737824 813578 822632 800308 795130 777426 728172 765654 735382 757778 796819 828130 767480 763625 775839 774729 771966 776408 803211 754572 752617 829855 769628 773136 744776 769007 747673 731586 769668 773464 792812 747973 786648 793924 789117 772995 781327 786128 773421 766495 702302 759051 769847 776821 745471 792778 793148 834791 767928 808688 751255 767453 752934 784466 777178 812616 807227 810202 800895 778211 743137 768584 828605 794959 762410 729471 783004 755200 764774 795565 722448 766982 781021 775831 786940 796739 766442 729738 783178 803802 755880 768121 751811 733039 792257 749984 759635 759819 757171 789958 740701 765529 738390 763805 798871 740554 718247 746850 789108 775142 769791 803098 782074 745083 789992 784692 723057 755199 689182 757442 763880 734320 746947 810676 756529 761584 792131 762796 741009 740986 741157 784021 762725 745690 751565 719978 782493 760364 742790 748310 802998 773124 743634 793288 737897 761821 751962 743006 776070 813002 702160 745812 775025 797166 763314 787705 747560 771938 738411 746656 778597 
767888 784832 734597 680029 720971 726825 800776 721782 705155 727006 748487 735652 737442 777571 721796 780724 732625 753832 715749 799177 767053 720252 748562 789278 789766 784521 726808 726097 730744 732499 749469 728449 723661 658386 800441 744622 747851 756283 723776 784056 757140 814461 783103 718868 749690 710772 806885 727558 776579 798759 741656 737855 683160 794601 720439 721517 728232 736475 695040 724108 736982 731432 732978 752522 726233 764659 831166 808392 746884 723250 799850 748523 735644 787580 797073 776902 735063 747975 717311 740077 779555 739719 756531 713256 751618 747621 724487 728568 713729 663348 667536 763563 733881 734627 750755 792646 709156 726370 743407 771728 723480 775809 775750 784565 762715 713007 807814 717451 769947 758533 763197 764536 737283 700396 785266 739797 712114 718814 717301 740754 702464 746337 700276 742229 756058 713984 831402 744481 658829 740039 769026 766860 781381 756013 756952 795259 750054 770473 772210 739073 712189 780344 747389 795231 720957 779263 698667 759044 733455 735915 782480 780935 770040 765310 742920 743803 737700 711912 767250 763168 792538 700189 768217 786285 755330 762796 736126 796243 751767 732511 817574 779556 752932 712947 753815 694677 718109 736487 737022 756529 732484 778088 786981 755505 777319 763425 745148 730354 737053 682732 754443 741612 766604 722106 765553 781732 818000 725235 753668 745300 730128 743465 777102 739150 784411 743772 778510 771951 756905 742613 740132 827692 753397 761173 717201 735357 698260 736359 766193 722308 748447 772876 734692 737397 779198 752953 763007 765789 782006 731137 739265 720187 702625 749924 716723 727515 725298 740919 767821 724582 764745 737716 761877 768773 763196 681259 723470 792841 756591 721503 771839 758373 730197 746919 715484 694802 737614 681348 754496 742872 712110 686746 828152 729222 748804 756824 722102 707610 710939 720678 756562 733846 701932 711313 699672 750185 727908 712296 682470 777600 731692 727045 771350 705085 742466 744683 725548 760105 819937 710457 732397 732559 763436 723408 791736 719233 751288 728964 742952 773942 
793044 809050 771311 736590 760690 767630 841403 756679 766203 761553 815960 765769 791816 850108 764143 807937 765318 786669 720244 850835 791611 761473 799607 801307 834652 826975 779629 775738 761646 781957 805257 766068 713282 719252 825252 778700 805972 805641 754125 835625 801447 789730 854718 756248 797994 777877 842420 811411 843457 823839 744200 789078 739127 807153 786673 789505 794538 785093 728992 783675 749693 768342 765564 787901 751876 804683 842726 861366 806155 813179 801154 772451 792657 824580 808566 787829 790718 796394 785297 769015 811889 778215 804277 752349 829405 812102 782993 764808 816178 716206 716034 803021 784213 820066 765471 796202 757675 743897 810975 837190 746038 800445 824506 804833 816929 785912 839392 769327 823159 768704 794588 849378 776330 780474 822963 816721 760403 801394 745739 802611 756217 770153 720039 802098 812215 785046 852947 787572 734884 760240 795517 772849 810181 792681 819415 808607 799413 832174 802661 786747 774233 810089 779652 821610 779488 830048 757394 804805 770133 751414 801833 815124 799550 815786 805531 773125 790070 758363 761035 787328 833347 784544 773529 812379 795568 806744 792089 843531 763089 812355 843524 810558 803632 797946 816928 750323 750806 777319 790459 780724 743946 831728 808709 803756 830653 783155 793631 776655 766980 720855 818595 788235 830471 745878 818335 801112 824165 776632 817290 794555 783002 781679 798573 799585 802270 811602 801022 829626 794125 786949 800563 869903 785642 794794 764823 761194 746940 774251 805851 760684 736402 818036 794408 770715 796800 784412 804470 802771 825940 778211 777870 757341 742768 819061 774116 791033 749267 771627 771532 800084 814274 752880 811754 801836 780924 732862 790048 824366 806399 755876 804174 801533 756258 811130 785165 750481 766809 695420 760479 778503 780597 750854 880308 779873 793934 810040 788172 756286 770761 750468 802310 764960 733953 767110 740533 806906 761870 766407 738855 825538 817793 791336 817094 741788 784598 787816 773319 837353 855273 746431 779287 793528 805745 752875 813957 768883 795243 767198 806949 822784 
752206 783058 762196 693219 733228 712691 806438 742585 739703 738843 723726 714147 755722 788642 738807 753368 735259 729325 681052 786672 761809 727416 767771 745016 788513 781838 721103 712948 706323 752609 739470 722290 708340 667029 811945 747308 750211 740971 685295 802509 742056 785339 795980 727374 720647 731746 776037 727594 802893 782623 718019 702982 718615 771192 737717 743234 728437 742282 703370 730640 758938 694281 735496 750329 711864 756126 829475 788862 745729 757762 770902 742156 717130 780130 793906 745537 748850 737701 713563 743226 746275 740652 751457 737463 771374 752476 745890 756494 721475 681722 674423 753160 736259 755809 722011 767326 716461 722057 730486 779141 727418 773032 781452 745973 758974 728533 771117 728174 795194 737111 773895 776414 751582 729551 785383 744872 698569 752238 719997 766731 682748 737708 725029 762692 796688 742087 816037 733249 664903 745519 773639 705020 745520 741849 766534 777257 722088 826696 780339 751525 726948 779493 713083 800372 703663 777448 672715 777911 724141 722093 780911 778385 760305 804288 754855 708015 736814 715121 728731 760547 816755 729788 765448 755905 750294 773303 756621 787536 738423 746945 788749 761159 757286 735771 735602 731225 755711 710223 721229 753766 732963 746845 775248 739348 768414 745932 750929 729212 715655 686326 754852 763031 753170 722303 752526 740763 774928 725187 790134 759967 733977 736403 750667 749182 746268 752077 765562 789456 757033 742945 783294 789474 778151 751896 735870 724988 731440 759927 777018 703178 722875 778632 744467 744389 786087 748715 730871 763586 789922 737365 749346 672997 734480 773532 760324 770152 732375 757391 769649 705797 759978 719952 760994 775953 717631 717671 729953 784165 725965 759189 764172 737014 725072 775502 721225 711673 767399 661534 748577 748259 727757 706077 805830 729515 738728 781272 711227 724755 727238 718252 764882 708392 706571 717836 717712 743058 747673 723214 731958 756040 720967 740736 768562 710037 754844 736372 713133 769984 822057 729184 747322 728383 759836 745655 758501 733229 753767 716279 750686 791450 
751707 792469 775308 703279 712366 771788 786266 736847 746103 744823 741848 732962 751959 792916 729147 794298 706302 737362 677494 833231 770510 718122 742494 785574 798403 797166 762262 728340 744913 772642 768918 739719 733731 703733 832186 737001 778202 753684 725917 784332 755451 817207 814325 708448 740244 738513 816256 757273 784196 781428 764138 737073 709185 797010 769031 752848 737805 766404 706260 745326 768813 729683 741568 764248 743194 776970 851228 799682 753361 753208 769460 730503 718644 804891 804298 786644 743024 761311 774556 734003 786653 727402 775022 749687 796037 734663 733609 747614 743263 702017 668067 767722 751547 742501 763679 773441 741920 723060 773044 785306 731640 746372 770045 791997 797952 739191 798004 763055 764845 762752 779695 795820 770280 707484 778671 770075 706343 754628 739423 750544 698356 753021 708702 766397 772145 748940 824244 766325 688137 738043 808658 744272 758378 734270 808889 795925 750523 800942 806999 741691 749257 797895 725766 804211 729512 778238 714834 774770 740200 745065 781413 808464 761700 795157 761035 745293 759868 706151 743456 786332 810036 737485 794360 777791 774504 760576 733090 783326 766839 747236 804574 773995 743369 751327 768675 741703 711338 767614 755133 738550 697119 803407 793622 741545 780194 744623 770223 735176 741862 689723 761384 757145 756894 728340 771280 758938 824243 756144 786773 733109 764770 748649 798649 759692 800761 805512 765922 813339 754918 759949 773312 805245 752213 775159 735106 754921 720418 774553 750949 733410 732230 787817 726485 754276 791551 786922 787590 756730 814678 773170 750588 723101 747133 744308 762164 750710 736228 780600 762669 740676 776148 744712 768345 791530 789034 698383 740536 775214 770992 759596 804110 737142 726032 775958 786156 691585 764269 678092 726126 729467 728354 714601 841128 761448 792652 784368 770027 760840 734178 729828 766765 739886 704843 708639 729305 769370 706825 757559 717910 793505 770241 741135 773325 709670 738136 749941 768323 820693 824821 725071 766779 747069 805570 738219 790142 757169 763416 738184 753544 795080 
723484 737674 729101 690438 705963 726600 763885 704290 727321 699333 721366 700768 736236 746915 686149 767374 717701 703977 682866 783854 760457 712642 714719 755309 750198 749686 725955 704792 694923 726275 774887 687521 720178 667824 772653 752218 749982 691149 703366 765945 719590 765518 772506 706986 743666 689400 756393 732627 765456 745353 701165 718697 694865 749630 746134 722282 749379 719576 695637 715412 733720 717744 698217 736896 708403 746006 766099 772854 728996 717158 751681 719410 733319 771396 749506 758344 742352 714906 734084 727395 764275 709667 769940 712001 738562 748055 708453 739751 713644 673826 637227 758639 708261 719014 709210 777455 701160 698825 717329 763461 700452 722946 739263 745607 732013 712731 777322 681003 760359 763792 761705 730350 722331 695867 773618 748319 707575 719878 679605 724801 706039 704167 669069 722008 741020 732584 796797 746637 645355 733625 756223 717232 740190 739704 745677 773816 741977 728047 748579 710909 673225 775715 698085 749067 681180 752409 683709 720151 728928 709415 765410 762059 768565 760114 744152 694018 729318 692664 726261 745504 767549 737030 748871 738471 722324 744204 712596 762635 725282 735396 786293 733856 739745 730213 733064 670871 692673 730105 720383 727624 686293 715880 767493 738461 724840 746484 723246 726108 733060 689949 758573 741516 747315 684585 748598 750208 780583 722280 767241 743823 717162 731418 721056 753323 746994 765790 763114 775815 729868 706820 721970 804298 743656 733311 688605 736919 693941 720645 748460 702952 730324 763782 727802 726549 741540 737055 717542 754148 781421 723082 710346 689825 680257 726041 744577 724030 717668 743456 734572 714256 753526 736258 744944 763381 715952 677164 690219 733090 737176 739942 776143 760712 698812 729033 736214 700986 736309 672624 694768 724564 696842 703707 792343 698742 745198 751771 718192 729558 704832 697796 743680 717914 686115 720382 676090 754024 692363 672889 684850 784621 760915 710289 742422 691505 728434 752171 705208 740588 786819 708691 716305 732787 717067 711398 754252 700670 722411 692406 772105 769816 
751099 770135 741877 704127 726493 745550 814611 741158 732729 732906 716314 749045 746536 770092 712328 779831 699445 729308 727200 827773 772564 734883 733333 802925 776005 813052 775121 734893 732363 753128 774192 741612 726622 688764 802690 744951 762879 742989 724605 797521 777935 780864 815464 726148 757527 746812 827243 744674 795598 790672 739706 733571 727631 786777 747946 748368 759469 733718 723149 734105 740965 711910 734216 756976 733707 807724 824647 782535 745369 754408 790882 747122 787195 802594 790391 779315 764127 766155 768583 775752 785584 739633 769999 721794 782290 778737 773320 760132 702456 681343 667846 771336 755694 751186 744144 773439 697266 736051 784838 792383 733423 755955 759328 754361 764511 728003 806948 735913 795546 762339 744793 777600 769057 735166 779969 782672 701593 750990 714235 782701 711127 772021 714852 759214 777752 743871 819085 753155 681858 738743 814770 739614 768808 756402 780308 806295 762689 822990 780113 745672 711356 796563 737663 776124 727335 794358 711701 782599 751378 749622 775774 801583 780599 781509 771566 730324 768668 710683 733638 740354 788112 739335 759338 752283 748230 755217 753920 806183 749129 758365 802295 795711 775301 762284 772735 708968 734505 768652 747808 750269 732753 767987 766480 751065 781374 733305 783592 743479 753442 684461 780426 741501 776971 731334 798611 764482 789494 761350 799284 755840 739085 765870 756317 773522 802232 801597 775489 807622 763478 747719 778607 814487 761148 772203 739574 728740 744280 742489 794913 728309 738790 771425 753507 768273 781842 765255 758462 779124 798912 760723 762299 718167 736611 761928 773660 740902 739184 759172 738398 730889 766511 743774 772611 791343 760991 699469 776424 791094 766363 769659 797364 783570 744284 773800 768809 716310 758980 690133 757788 730779 740218 738039 848595 766262 772094 793392 725279 732465 724899 701009 791001 736351 694083 736851 694568 762396 735412 737122 718655 777179 766183 726422 745319 729777 763628 793661 737799 768633 837369 704544 739354 727993 781925 690492 768818 719191 759957 738866 782092 788711 
694337 659203 658855 656175 654081 657975 695081 659814 654304 646976 652222 657995 670629 689569 656993 697118 638520 636888 632549 714711 717099 631655 674322 706261 694528 715547 677595 644483 669360 668761 700462 674060 633943 645992 725510 706166 697883 687807 638280 710435 670964 716298 741751 672427 651129 618894 720102 656478 720913 697570 669827 664744 646679 706132 667710 657000 683468 659370 632896 669274 666882 632124 655000 649823 652534 705212 720919 696741 643748 648320 670881 662390 647617 709230 714274 690827 701714 662073 700919 665023 675518 661706 684248 682785 678453 684394 678170 675387 643159 625152 580726 685502 705320 677933 671157 683154 620748 649726 699131 696139 632499 700482 696442 645220 712969 649632 730315 661321 719519 658369 717807 676813 662912 644461 705986 688280 632711 679338 634393 712471 639151 688885 656894 711677 693942 652383 750678 686640 597623 679653 729089 649181 671588 672608 698789 700566 677321 714639 682867 663091 639872 717327 659942 719209 630194 693528 646587 684669 667596 654565 703498 703005 675092 700643 695873 628008 680539 633110 668690 698560 715177 657753 674706 695693 650141 680419 673243 724391 696836 681223 726232 683015 715305 685175 687197 654980 664953 688026 672002 689064 630776 701102 702821 660552 685849 686893 667871 688279 687616 634994 702416 669807 686270 648265 703066 684336 708797 660681 729196 653701 694303 687957 681336 676429 716783 725860 687743 699357 686298 677425 697117 726353 705075 678882 649494 671228 618311 668051 714864 665968 638431 689675 682265 692574 701744 704735 656185 686248 714155 644966 646275 640550 665678 695102 672138 678577 651200 688561 669946 673322 689816 666467 691852 725323 656581 653627 677674 688312 685769 663711 682468 692949 643404 708380 697980 650563 663852 608328 666025 689909 663854 653029 720129 684897 702319 687596 665042 657353 642576 645254 693015 663220 652066 681335 632788 674189 655161 625789 648810 698056 695952 683253 689632 637676 663449 684074 686637 712773 766856 626555 684842 693009 688825 673113 686624 655379 682689 668486 682666 693669 
694254 725163 703012 653442 663193 677073 737994 722405 687518 671709 679704 660018 700004 726528 682855 722190 667086 665968 646108 745713 732184 630794 708654 720614 712275 751263 693175 686902 690858 698577 735302 663378 649207 648010 752271 713429 729122 683767 674469 720450 691969 744635 728270 695403 709892 653426 762341 678703 717492 696102 719841 692407 672236 720620 678363 686379 690703 702654 677946 692435 701699 683747 675673 692334 670977 707397 765011 734714 679263 697927 723910 672944 685838 742340 738875 737551 715990 704648 725669 692684 714496 689756 694354 684854 715995 723021 677449 698720 690114 607333 623207 711151 687325 698724 666098 723641 704613 684286 703070 702816 685535 709783 690525 710842 711041 674846 736819 719876 704392 703008 733735 706538 712451 667798 739452 742717 682403 723598 658935 716329 650821 688905 679406 712935 717275 664342 742786 673337 648186 710846 726820 679609 699889 682488 722411 732599 709188 716917 703726 684222 670129 721785 686289 735415 683130 739630 678585 736999 689604 657921 750012 714688 718152 713964 691392 698836 719487 652411 678868 714509 776316 693458 680073 715811 691022 727588 700514 719094 709860 691686 743877 708038 702049 676466 686759 684571 673016 683284 693887 704461 678080 707150 715576 709980 702881 687302 687696 678094 709481 639157 724507 683845 689765 665285 716167 734165 727510 683974 739072 686317 701630 696355 734417 675188 721210 767680 728583 729214 695107 703274 713663 751108 708237 704534 681156 706594 658250 678733 718480 692689 681919 723935 698592 699014 724606 739919 667644 706525 749992 696788 680370 671894 676202 734471 702118 700583 671965 725489 702759 683407 721039 692317 710494 744052 706122 655202 695919 725424 702772 691318 745055 713546 662656 735731 698401 649922 709436 641821 696550 658841 654458 701970 768164 683316 726469 703328 689519 704693 659929 661195 715980 691153 646546 685099 669587 692803 671535 695694 665711 728717 705493 691035 718976 655510 670792 702622 669252 716652 751095 674802 710359 705355 721256 669643 738008 689090 706573 660089 725072 744588 
743412 759536 715094 715710 688421 713315 749472 736101 728470 717902 709223 733275 743555 784062 688117 763446 709697 697520 684937 803814 769597 714107 730700 753413 766894 770315 717250 723133 721924 721837 753518 726167 689244 667843 774488 755950 766768 728057 697486 772041 749285 752401 787106 742371 730192 709738 778935 729407 782277 750160 747626 701866 711873 766422 735985 700340 716223 737715 697164 696599 723604 704878 697271 716603 703387 759507 789381 782044 738914 720360 769999 723166 677631 783899 763021 754006 734516 734564 739164 713053 764746 744586 752087 702177 766150 758955 728520 716552 691470 655712 658068 768714 744759 729370 753748 745568 690174 701457 747402 775295 678803 736420 760333 723908 733655 710255 797316 705862 772817 755243 737624 766502 739305 719855 750844 781949 675898 750469 710734 742923 709650 758149 699952 726018 750654 725822 798801 738938 660744 730681 768245 719057 742141 723732 750687 754408 747804 781498 760198 710614 680342 784497 707007 750008 732075 744872 666132 747035 711204 705532 766218 774941 756954 770543 750226 699229 744037 696595 717326 745391 793775 717752 742205 774552 756174 768188 743602 758270 740260 715726 762834 767926 742403 724403 747472 692107 715355 750764 733361 722057 709703 761649 760443 734346 769899 759862 725207 715180 730454 664588 755670 730548 763306 721632 773872 769870 777247 726820 755393 741466 752055 746038 764019 768571 762107 763599 750191 770471 720262 716317 748577 787043 748976 745450 702983 719735 681403 744342 756054 676051 721386 755298 715644 742348 763440 759979 717768 758908 776247 704623 711868 708316 701210 759143 725425 736689 715958 717285 746706 726054 749356 713374 759713 756115 730951 680290 714409 761708 757028 731606 771305 741170 714731 733053 740265 692499 760042 663263 696677 705553 687650 694239 799873 713207 736329 762564 735567 692678 707833 700933 742944 729347 712545 720713 677450 738439 696838 688313 670792 799777 729994 727322 770875 698530 705343 706447 708372 766254 783126 718791 751650 718787 738228 750432 782902 678666 788201 707324 751124 754091 
701028 725487 698372 683221 693531 701603 770134 699636 669846 693158 675521 692342 698430 722760 710270 739066 693507 691167 685800 739548 727260 682759 713798 762575 745920 744840 688956 700340 685650 689077 719604 694763 705706 663082 797653 690592 741169 732613 679126 742534 702752 737359 743533 701665 717774 692319 750952 737592 763814 757539 716214 736549 673923 725740 704947 679479 713534 720815 676095 703120 707817 691580 689930 745169 688265 717067 775526 754006 735665 703231 733530 691653 762781 766329 719313 721789 693258 707716 718562 725398 719635 702678 728541 711121 704377 730637 722586 713354 721529 620176 624461 755774 707504 712912 708650 716317 659868 690981 714699 743037 688481 746542 731977 700384 744372 692647 752625 680418 730967 706010 728103 723733 721559 669286 746493 719647 675982 716598 662775 742642 656545 706978 672778 711801 734048 693893 793609 672468 624147 706272 762832 710741 703401 722078 766376 707027 703543 776016 729585 715704 681874 736829 692724 771058 644088 755582 652673 740135 715710 718101 704530 740847 714750 724794 729354 696114 720696 703601 699681 711838 757801 718380 721406 715045 709103 735342 731747 752267 708689 702026 754405 745655 719316 720853 705914 676074 661927 696796 716517 708631 670997 742910 733748 724144 725522 713361 705776 681912 687996 640897 729214 730581 728150 702663 769862 747394 761265 709412 793740 700632 717792 719797 728632 696122 723936 751397 723210 745878 723333 690800 713100 773280 714600 695788 672044 678520 682181 714419 739341 679522 697097 715774 671985 709884 738746 743224 680777 718769 742053 718049 704785 696999 687661 726536 683581 703969 676836 696096 708654 661934 724782 682501 712306 735586 690466 684202 697540 740231 727385 727514 751368 745304 681807 731761 712361 638620 706397 608787 706039 709032 697374 687989 781000 681016 721057 737030 674436 701928 694306 685005 757411 715648 678909 681415 668391 682824 708269 664620 694068 738982 739570 674785 725769 673821 703375 721364 687023 711943 788031 670108 713779 715118 741008 696110 751379 682147 720195 694437 724847 709451 
732594 776243 718151 678756 715013 731064 769241 702935 697963 719549 701856 738390 734065 759959 712501 769680 724630 710667 700932 796968 743748 696652 697861 786152 771006 802375 715692 714148 718224 712769 753269 726915 725813 675497 774210 713658 754293 728618 680056 767944 721932 791614 809622 717668 737175 671317 789117 726816 783176 759485 701505 741814 682915 770486 737129 729759 749454 691480 662931 726568 746917 677702 697314 756156 720885 753590 804415 765057 731901 718538 743110 739140 739176 743673 775934 772038 727930 763960 716888 722850 748836 708629 727906 686412 742478 707296 725861 744154 747399 657237 647767 789199 741557 720386 715474 774002 690110 718267 712097 767821 712670 748031 734396 746821 765932 698995 784881 712137 761742 733198 748549 748912 719607 712273 747681 759611 704865 706287 693373 758822 692342 715849 686689 744466 750712 744024 806247 741750 649618 699978 766977 725015 754313 730438 765396 782707 708052 763156 755630 732035 712383 772980 716956 774023 703382 726614 689289 729797 730405 711548 742758 772347 735551 777036 754809 693383 738668 708436 713382 772599 763597 716349 765829 769510 720794 739464 710585 790506 723483 722115 820842 761814 747283 701730 757038 699818 716150 731781 723893 735217 707397 765922 791261 721663 760288 733347 735729 701624 724247 697956 750831 736058 733902 716427 752027 755699 803202 754037 761396 732789 745627 719579 754812 713833 758907 763751 766082 789389 740672 753124 753702 785736 750509 759959 696158 743821 698478 720038 789800 714339 722740 726615 701897 728841 770708 762253 741600 740797 777888 707113 729864 725848 699797 765510 728861 745457 697715 741925 740489 722933 771091 726052 736465 782379 729701 701186 706511 757029 757194 724652 753799 734955 730956 752301 763457 706243 739451 672921 725196 699779 712595 698680 797101 715796 737620 727146 714175 695598 699485 707420 757539 711957 677363 726833 697831 737785 710413 688384 700936 802228 744562 721397 745867 700017 697547 724387 712215 760477 821678 691763 713141 716537 773080 715963 754370 714529 747709 700777 719709 769977 
715643 735105 729501 665311 684565 709456 763658 708307 705914 713526 722206 721024 712039 739890 688798 745591 708270 675546 657842 801498 728147 706390 715878 731335 748669 735672 696225 695803 701743 694701 759101 700220 686222 648074 776148 713590 729264 728974 687338 779137 710265 777462 773604 688558 722507 694856 775839 719314 775259 773428 691815 706370 679487 743474 725290 707422 722706 706743 701590 699007 717937 692091 679850 713134 687416 714950 797564 776922 723308 741911 779019 723549 680623 768426 744529 730497 705633 718651 715704 682001 730729 698351 745359 695948 742182 739599 689670 713865 695414 633042 627820 748310 714481 720619 719275 750543 670280 699338 705436 753044 711005 741103 727027 732580 737157 700491 806472 719774 758145 719384 763359 749309 723635 694230 747477 716409 678183 725640 684433 710635 700110 709216 693183 726640 738491 724891 778342 693383 646803 734282 785050 680193 712557 716515 768873 758560 701299 782833 738690 700553 695232 745811 700765 765015 692453 751301 667607 752594 697944 689636 726783 773349 757262 737157 735793 704396 706300 681784 718486 749549 775797 703941 710559 712307 735432 743905 693133 777463 725227 743656 759062 715595 711734 691785 699302 683774 677941 702897 735199 733324 697486 745446 768124 721571 735752 739957 745671 713556 726101 671362 716955 732810 708892 689282 767097 726797 753664 709095 733885 708850 714365 727644 713267 738156 741933 763494 773131 763486 692266 726966 725828 779893 734462 720817 696886 710308 686849 703780 743424 688484 699135 727771 700193 727167 736326 697997 721756 763726 760987 698434 690792 668983 701817 742504 713146 718551 726859 729064 740764 713685 702759 710242 710166 754478 734825 678240 699098 739448 712347 714980 759303 721938 707090 738935 701872 666395 723699 641321 698406 704760 679580 702143 793871 693876 741756 739363 686421 701375 683817 706474 759591 720256 662368 720226 678618 755746 683734 671697 683721 741460 718321 715675 745778 670958 674348 713068 714833 718433 780790 683194 734881 687472 738362 697715 736207 692065 753972 683540 747276 752704 
733928 759826 762662 712547 710655 731461 820388 743619 728749 717612 732637 719899 732594 782478 722476 776939 738219 736249 690968 789737 759403 721859 734415 790478 755344 812634 737790 721059 754855 744154 765785 749104 700798 681841 793583 741636 754047 740642 731325 795186 752424 787002 775635 735404 736953 727126 778051 753972 787750 818845 744988 742663 722701 796932 739436 726855 744206 752125 705667 707714 776405 724143 741744 744931 731637 754237 829735 802804 730523 735550 788554 745163 764725 783893 765648 762671 736542 735085 739884 733585 758544 733537 771627 741942 745349 742104 729042 730357 730040 687680 663638 779400 749166 736019 728354 779746 719172 700740 761786 794845 691542 772721 749137 764323 753778 719766 817723 751633 803913 760162 766908 795708 756682 747463 787594 739170 721011 741671 714411 755513 695072 735291 697591 745881 768553 739401 808918 722439 699383 770572 775482 745841 753095 732368 806321 761731 751275 817852 767729 729924 754551 797066 756691 806473 710398 778931 679216 805679 742192 710199 756833 805199 756120 776237 764294 729923 763964 722821 771864 754572 794603 741930 763432 773077 755526 762120 758619 787627 728484 744559 798340 786933 751600 716911 734387 721944 707159 723132 734468 728633 740175 755043 793688 768630 786638 732031 752887 725647 742093 681223 757433 788840 773663 720571 784280 760797 791893 749893 783564 728468 756501 728757 738384 758256 758844 779291 806429 765917 727267 736373 775661 806387 763108 761416 726456 735705 716837 750498 768956 696083 727029 748902 725435 759851 761486 768665 733666 792606 777559 750747 752551 719174 716590 777190 757087 717682 736698 752781 750587 745719 769224 712454 774839 785488 791139 724700 713504 794701 753965 747616 801700 764518 747488 783136 756851 708994 719592 663756 732887 746427 695160 717398 810833 749312 765745 778200 747328 705045 720351 748050 790740 748457 726364 717316 727124 793375 712083 716946 724216 783401 757572 746690 767372 703230 703825 740198 729839 755708 805711 734031 721982 747914 804497 754878 779338 740995 781264 725768 738007 758274 
740310 779616 734561 667488 696183 688352 737989 706758 699341 743763 722702 730678 743147 758200 692333 759109 714085 709493 686055 772222 761329 699593 729375 736393 755800 758441 717764 695816 703804 736876 742671 719973 687460 690375 791269 735821 769929 735687 687827 760500 749404 762978 786102 708577 726757 708343 747646 712878 770011 771479 721701 719264 720091 766407 727107 717958 719956 732306 694008 697371 748979 693125 704297 728060 715748 770050 827953 772520 749984 709387 738873 705553 713851 756513 755390 749326 724197 700402 739139 717532 763107 726850 723670 712139 745650 742477 706898 709036 716204 656534 633211 742099 729121 706791 705318 734817 687359 689408 732265 758403 699577 750527 725536 734953 716493 722356 761741 700223 743421 740181 720263 778515 721057 692797 740846 758689 691128 728215 692547 756321 692099 727727 696084 733183 758611 700721 817453 715128 645103 719027 753853 697488 727112 738067 746640 758922 734240 769049 762873 699260 724714 752644 701958 771923 703232 741774 672725 764595 715607 713702 759771 747298 766528 759793 739069 710934 718268 703866 685529 728632 774640 748887 738198 757818 751662 695271 711147 749585 755296 697497 779738 727555 761604 721719 723419 701201 682929 741997 709018 746968 712427 760091 746589 754715 784747 748002 749690 721639 719058 633532 767753 709319 743012 706922 738666 717001 767743 713448 777486 705476 727436 746878 732325 734276 736564 760947 751476 778118 756362 718035 720988 789325 755186 740201 703691 707709 687494 719808 756525 669665 706891 740413 725495 730949 734562 756156 717462 754051 785858 707033 733668 673533 699767 738162 726691 713179 692042 732738 738802 715887 733551 727697 740745 743974 726717 693676 718752 755609 740678 726010 730962 734002 732597 752175 747413 692624 719832 661425 716299 718286 707137 681431 786806 717693 755134 772595 719264 730752 708118 697032 737513 710243 709306 693913 696685 716583 705329 699387 693267 767484 718125 738669 766724 677512 724715 728887 708098 781284 781006 687445 719991 761543 749643 714619 741284 731884 750641 705011 744645 774802 
743733 761787 758486 673824 730020 762321 779706 753058 750421 756594 746817 741969 755212 763054 737982 772858 727239 731170 710114 765912 778015 719822 762434 773419 786331 807083 744072 731658 723078 748514 752480 759932 717733 683861 826069 746417 786141 738945 704872 802132 739219 769518 817863 718183 748807 749081 811782 739320 799705 801960 734785 733502 700459 753956 749294 719151 758863 711873 700686 707228 762371 720251 731983 767910 740431 763817 847578 806581 740376 730125 779890 754064 729698 805848 819938 760553 767171 738338 731282 753657 752281 731440 765010 736423 748019 751246 741431 716374 726692 682372 653733 804025 726345 738109 734883 781500 737726 733233 761694 772072 747057 761737 762994 767166 727843 738053 801765 735327 814440 774545 759381 787503 722453 704333 770427 744239 708394 744781 719489 753255 689973 749469 731589 752068 779790 720453 840366 715115 667050 719054 768818 756434 741248 743986 797019 771674 744535 790016 756578 742380 711500 781912 715636 795636 720271 775784 716526 772359 753761 728231 750643 787728 773003 761829 753359 747730 755450 721616 732402 741097 811098 735585 776617 763372 746514 754773 748658 757621 725109 733547 801453 747805 735092 739691 768210 702315 740318 769451 753882 777374 724828 772132 804125 748610 764452 791931 772248 739622 715534 669065 786710 739382 758166 726359 786227 762039 795834 738299 772512 733458 757509 744885 755929 749593 765851 769966 763462 804667 759459 743290 767218 825782 778145 756054 722755 755717 716512 781635 749033 707609 722558 767717 753402 758292 798084 727342 737260 792274 788578 737582 754809 710866 737470 771961 749211 749838 727730 727707 766958 730130 754829 720915 755441 766977 772558 709323 742849 791496 773163 744197 770672 745189 722180 778658 758986 722171 749808 671056 737703 725676 731021 726407 826077 743835 764075 766577 732096 699983 745229 745698 746184 736599 714881 721442 695381 753914 710168 694081 732748 781182 760342 759945 795125 722875 722725 744441 702042 776341 820402 709957 732479 702021 746587 732127 756656 712042 758469 731663 747185 789229 
722667 749832 718641 687084 701427 691550 784187 733778 740210 698282 705268 711462 722206 753386 708966 760754 704564 682952 678825 774591 771274 692567 729178 768700 780785 763134 724068 696525 704749 726910 713612 725429 712862 665234 783060 715013 776485 722951 675122 796783 749643 772332 805111 735081 728702 718251 754588 738024 788502 770546 710738 727711 686049 744682 727951 723258 727183 743130 700880 718304 758260 716105 699050 745265 708981 747218 819855 779988 733014 710025 743754 721321 741434 776722 776409 763976 739841 748599 746956 722962 765866 749999 725592 721257 753450 725089 728477 761294 710702 672502 648874 775192 727949 710397 734301 765757 687641 707609 729744 750633 699150 760984 778037 724294 760617 719078 784139 700344 808567 712371 739621 741624 736203 697073 755372 751053 697592 731822 709752 726394 671809 718780 721268 730585 749500 710748 805426 715248 665926 739677 764683 713083 745585 746682 739690 764327 735905 795728 759245 716133 712102 779196 716080 798446 716061 773681 665548 755446 718563 708376 771465 776084 748894 774001 734112 700140 736567 705237 741097 748952 787026 712330 736150 743221 734708 740482 742557 751805 723852 743694 775846 760607 758155 750013 736854 703092 696759 766119 731756 738673 708169 770331 729874 740691 751931 745699 721591 741305 722632 704891 753686 703667 752727 723698 764515 755169 781102 730476 773979 732543 702224 728094 756252 717224 753623 758591 757117 782627 735191 703117 739616 825040 757294 733278 701346 712780 697331 753679 764810 708883 732609 786402 738255 746336 766345 762081 710698 735031 765605 709818 732290 685774 715235 732931 750246 736376 687441 740431 727233 724689 742010 672309 747169 741112 688199 701570 759515 753225 752323 745887 757292 761507 672158 754148 766342 688885 744786 634672 700179 739395 733992 691455 772606 721120 754369 754068 705114 737274 715764 692691 759098 724379 676255 702951 694889 704162 727792 699554 727026 776317 754312 745073 740150 685904 733709 713552 715180 766511 817701 718029 746745 746845 782637 700653 775361 732939 746568 713081 735102 767958 
741136 755413 718557 713401 694450 704834 803780 753448 735553 725841 690356 703226 737560 777304 748950 767878 737938 717035 696503 803612 757701 721316 732302 757267 778363 751756 707333 710173 709274 708519 759274 732537 685583 695385 813170 735727 748183 749577 708314 782640 718842 796820 767878 712195 752834 721775 804977 756423 793390 767959 747041 743522 736703 777260 745330 742370 741105 744607 697873 749503 747727 702858 711553 742726 711157 771868 789175 790935 741974 688305 751979 701398 707283 768983 782687 758634 729137 745287 728343 721908 757944 726217 771332 720812 765540 760178 728718 725186 709740 663002 665479 747732 747507 724122 723361 749762 687768 729891 750454 764087 709426 758091 736737 743029 778479 696648 785529 709527 788184 733970 733015 753051 728015 691736 792735 765678 712106 750283 698660 760730 698610 746426 704340 765101 771592 734812 790224 730931 666620 756497 767197 716716 755802 745309 767504 755886 741720 785706 758372 731640 725788 789883 727071 753756 690503 775053 709443 763611 722789 718319 784511 777303 757216 766723 754497 707948 726256 707892 745768 753495 796119 751570 757856 756962 713561 790497 726954 756988 737788 782337 804513 777670 744777 725595 737406 714591 730466 740766 719506 734987 702014 733713 762867 736122 752251 717332 712935 732470 705437 697640 742161 752508 747472 734923 766014 777773 775920 761843 789136 731131 745553 724829 763643 735472 761438 767947 762743 765873 744060 736694 736274 785866 755979 745726 710226 733816 716899 730922 728143 698317 721361 752551 719027 769786 756272 772628 729298 728716 784545 737612 756988 691624 714084 767657 753878 730033 728341 742970 767049 713600 764985 714960 748997 765371 738338 703389 720866 762377 736937 749312 786091 748399 705087 766791 739832 712372 769849 673258 706472 712142 736793 722262 827107 714623 784031 769216 722556 737750 716254 698462 780185 735380 688325 709833 709587 765070 700727 705129 701485 788143 761392 724216 764570 720191 724659 733225 717367 744449 819461 723130 726012 728954 742199 756022 791836 723882 749598 726983 771728 751156 
756626 785869 763338 721635 726338 730446 792370 727508 763192 719252 743292 728284 730453 779689 748634 780436 738262 711009 711366 818735 789552 725799 731359 768087 813075 784480 741843 736559 724632 715408 752281 745571 706763 701717 805913 771835 781492 740795 706002 805978 759197 800441 787794 735832 758868 740603 820766 735899 782147 774604 747957 755941 714920 759196 748550 763912 753291 729556 712182 725053 732480 701213 745300 755502 713634 764898 845951 771604 761050 744201 769404 737006 767666 824891 765461 780022 741963 746622 733457 734128 764378 741885 764300 713694 762842 765581 755869 744095 732710 685628 654565 768152 762390 784201 732385 759579 717474 696915 784585 790517 756522 772941 766468 769273 777041 733479 798982 717934 804507 761978 758148 759374 752024 724291 782641 759600 707512 772577 729589 759356 708972 756969 720477 750809 779841 790996 842882 765914 691809 730479 787219 755161 733773 747514 774567 777670 757598 768066 765577 713039 741063 795002 710516 790643 710546 797457 726491 768807 748490 734515 772809 796982 739664 761767 775168 713953 766420 704509 743431 779102 785994 724679 754461 768070 751705 799766 735308 800750 742516 764905 813381 799547 750022 773737 772618 719998 726881 707470 740271 763790 729261 769087 800787 738487 765013 759451 765547 734461 736284 703658 767228 743933 758519 720268 769796 759076 798118 763187 771115 738263 746809 730627 748253 747960 799665 792046 778333 787311 767899 773234 760501 821301 753769 779302 724659 734424 735395 728429 759260 710291 758757 776392 735525 777293 770333 786441 744419 768638 779694 743315 748937 718123 716902 766578 749540 725970 736015 760913 741067 719192 761231 725747 757949 764012 747006 693208 766615 775978 776028 752584 796813 757124 737830 762125 762579 702624 761985 680002 724546 730792 751825 715717 832060 725642 781138 793563 752957 739179 719544 721652 768256 730321 711041 751544 699661 762355 737250 687990 723401 775882 762151 741545 775219 721977 744816 780314 727241 776490 817176 725542 739639 737610 785480 737700 769999 719985 737525 713895 789240 778199 
727776 722227 753451 675408 683647 702725 805094 740243 718642 695641 703548 719563 709964 720837 697796 745699 700022 717783 677634 772954 757769 728575 739270 736915 740680 762939 727714 720822 717102 692819 742534 713604 703952 679539 799929 722289 748839 676074 653256 791647 707000 774925 781223 729437 715758 701934 781881 726082 784301 749288 723127 730128 706187 739057 717853 722671 743054 700621 699843 692453 728217 711098 684724 727730 698806 747946 811628 762967 720990 728543 757366 739182 742237 755090 784063 755203 747876 746698 727565 717667 754899 713348 743985 723619 743625 750066 718726 730618 672757 672284 636771 739892 754872 726780 715779 753859 688692 694181 737063 758384 701823 735947 738801 753316 739560 726874 790482 714198 764050 728251 743808 742857 721229 704526 750251 723975 711410 715262 681778 742968 679504 732202 693601 724882 764023 708723 799068 710076 658632 711549 764753 727108 728123 716798 735341 759089 743241 774761 768039 686629 707068 786144 699541 777842 697343 760356 670805 755322 707570 705209 756312 749681 771894 757803 737858 715900 739561 715567 715056 724356 782449 714905 745269 753452 726924 746449 718097 730773 732290 723510 768927 766740 726162 714585 728171 693249 698551 732924 728738 730656 690583 761246 748740 723247 739144 746540 733199 749628 714222 670285 729133 764314 737039 692097 745952 771713 764784 731635 751278 711647 710008 722056 740335 731212 772023 768104 776102 778176 750528 718794 751443 807472 739532 741871 704237 714773 702744 744658 744940 679470 723949 761977 738297 748061 732953 756185 730227 739101 768224 720853 722794 688798 689934 742215 742116 722976 716145 717487 756515 689779 735874 715168 720508 733161 707423 690070 721897 728852 719962 709598 763731 747664 686367 750446 703291 660230 719503 647473 720355 707221 711720 688961 795622 695912 745645 737992 689599 700005 701185 707559 736158 715963 689079 700350 669662 762606 721297 675926 693521 750910 706157 744790 756622 689326 709848 692032 695480 748014 796474 685755 697899 732207 774178 696737 758955 720582 734286 686280 741834 752907 
734671 778911 774715 704469 718943 714081 800297 731440 747778 726060 736950 743095 732727 772552 721128 764213 759613 731975 692893 819583 789382 723412 729320 760353 805074 762794 737712 726704 732917 735704 769569 719807 711209 681663 799963 763745 771910 768688 711278 784726 743932 779431 813069 742673 754028 729303 793460 733166 817081 792852 724997 742016 729433 780877 739195 758105 732282 760086 721644 718967 739916 700933 718387 751365 708114 784880 824706 823866 725001 735649 772218 732876 765567 779330 778216 788860 760917 758723 740513 725601 748460 715757 770465 740400 796747 757344 715776 739165 736422 667600 679764 747221 736249 767259 750138 767353 736844 704961 725777 778812 721719 762646 788518 741258 768434 712533 803067 746725 791837 748629 801715 768230 757220 703078 785759 772866 722498 738068 717900 734606 690926 761502 721667 735645 762157 720169 807593 744279 668643 750253 782291 735740 734003 754658 768545 791803 747241 815306 761737 717731 728766 785282 754575 790005 701251 783532 700725 781135 744737 739484 753799 793865 765028 779031 775680 739725 725765 722419 751563 760001 798983 723808 758523 755643 765581 779732 752622 796863 758536 733684 802793 777537 751665 738294 751576 707022 712168 752838 746849 764380 756194 770728 776885 757003 765768 743076 763690 731079 745584 668185 762323 783161 786350 710370 774527 771452 786878 720565 801037 747742 728770 754751 736018 756336 767285 770743 771364 795993 732091 723037 753224 821854 750749 729488 734556 715704 712490 729746 768585 704367 739647 763769 723030 755605 774798 769879 744215 758084 797866 730066 752409 692956 744653 754313 753228 739572 739654 738682 744808 736619 742743 719670 775310 770304 750174 738264 723890 780849 758503 749314 777993 761280 731450 724049 745749 713794 764257 671998 724122 746048 735372 733195 822412 716690 764626 787275 720650 723695 722362 720004 751091 746113 715664 744268 692278 761797 755070 722114 713648 797419 761805 713040 755039 687812 733722 716106 725309 772794 826963 739713 733653 752566 745487 766584 783162 727201 746782 726298 747348 780193 
799345 781605 798763 741325 747490 762702 835197 783922 785724 756144 770919 757150 787846 800855 755699 795782 770918 749113 736525 867563 810288 743875 779196 807128 822587 820448 767293 778496 746568 787632 821345 772867 744369 743043 826285 780073 817216 775958 740238 829634 779529 831991 847510 765604 779137 776962 831964 807698 839374 804406 764505 765004 733508 811210 777506 761190 775798 771050 754875 781101 805520 789664 744355 778441 783745 811573 853964 823969 806438 772898 803913 747517 780916 842290 844238 797904 813176 764099 776273 767228 822591 796073 794681 759500 809172 768636 781063 799812 766917 710837 719745 807078 776893 769563 784702 814524 741501 766212 810891 793693 730750 785291 814712 783866 800153 757461 832728 749853 832155 786542 790957 802520 783052 757131 806014 775083 780400 778062 737619 772251 739475 781716 729140 784432 780502 780468 859800 779593 732241 770807 801085 763262 794670 762308 806557 805764 808980 790429 815897 762471 762949 852473 769627 801948 744117 821622 753496 807193 770404 758556 816402 811395 803570 809431 781296 738631 774366 753650 764340 788254 809813 756420 797484 812962 806794 811449 793328 804160 780005 776353 845896 797881 773252 787132 802622 755486 747165 776377 784935 782356 740820 808283 805433 773139 825636 804699 807195 807128 778057 726458 824786 777319 796870 761348 791034 793972 812306 762357 845104 768634 765785 781781 818442 762840 791711 814128 852058 830513 788304 759486 797589 850998 812408 817069 795149 803865 750119 805897 797758 772617 799624 795818 775707 797602 806613 816384 769897 815959 821651 787204 763763 734079 739121 788372 798735 798610 732026 810656 787407 777958 808476 778551 791516 777876 783735 763925 781148 791160 830916 764236 807131 799945 767010 813195 772217 742094 787263 704891 780435 762018 791457 763906 827684 786819 799448 814659 791359 739332 799791 747979 821823 788474 767158 784788 745426 798484 773058 762067 736215 817618 780391 803961 811147 766008 772969 792857 774948 804279 854971 745738 762447 775283 803677 746204 824598 762537 788096 769232 816801 813402 
742591 764331 747801 674019 717914 714994 788707 709163 743000 703021 729393 709928 746467 765077 712129 748120 733701 722573 688727 793690 748108 694724 723423 736756 769303 773950 720648 727833 690043 728968 744852 726903 696999 671208 798418 755605 759589 736683 692217 758563 735014 765841 780686 728376 738474 717237 776998 741678 755843 772555 716204 702432 699340 760046 743653 747521 749137 729075 715868 714374 738698 690017 726505 735349 698628 755888 824456 780116 689846 727008 743138 727419 725980 790557 780981 727152 736220 736333 708793 738345 776338 709984 749759 694605 758401 753973 718886 736637 725106 666441 639046 751412 753290 741861 721696 765715 712850 728049 727345 775443 724283 759410 758847 742007 753745 704094 783752 715172 764048 749912 787394 759029 746190 715659 755983 761737 693143 722742 679948 727308 670740 721085 696728 748979 741317 747424 810284 744836 670782 753562 777848 719300 741210 721365 736948 785166 728492 793548 752763 708707 699176 772320 709052 783199 677666 750729 688435 750962 711117 671692 760013 787589 742017 764052 762839 720050 749637 708118 728623 769738 795984 711812 727919 762955 761060 738471 731460 784541 744632 738550 786857 751076 767049 729533 746193 693487 698504 743580 755411 739090 705044 768919 775956 737664 719260 777297 745556 728299 746078 699282 756568 738841 763280 689991 766232 756538 761979 704238 756593 728825 700068 741644 731356 737913 746864 762474 776646 798005 735770 731677 721501 774315 768708 723718 727440 742127 668484 705204 766949 698850 750195 742100 734359 742882 773309 754400 692235 729579 756256 721430 721741 684719 715655 738123 729127 734404 709293 720451 746334 698515 751127 725942 761840 780828 748359 720880 710705 764398 765880 737000 735354 757010 716976 748685 726707 702640 736178 677853 713940 738615 734484 713232 761612 696062 766673 768387 703638 736285 734929 714026 755930 700406 728331 712490 686804 752423 712327 698935 711889 748174 742255 721673 750309 706782 712264 751263 700458 746134 823773 711159 714790 749302 743437 730417 779150 705301 716016 701908 731055 753917 
725210 748745 730766 680829 669565 715190 753575 712239 713070 723631 706499 694546 710201 755950 684656 734838 704346 715266 700854 770744 750902 682611 705229 735395 788592 775791 711144 694021 706882 725650 739499 694601 694521 666023 771959 726422 719050 720800 665461 758323 763687 744419 757901 702726 758609 717608 769024 704971 771100 745577 721340 693951 703076 748677 696996 704137 737192 728714 682523 681545 730884 690801 711608 708086 671473 741470 788744 776450 742252 705140 748255 737808 724494 742809 765126 722276 737759 716466 718721 726488 750369 720229 722009 713942 757674 760192 723756 729707 701457 652933 639899 747154 706068 708774 704828 764339 692245 680697 736858 746336 707516 719877 753554 742634 735399 689971 773303 696152 742725 740460 746302 724934 727766 714045 744972 747673 697926 699956 688647 737685 690853 709484 682956 709850 726431 705867 810131 723635 657559 722438 762308 704499 748817 682335 729826 747536 709080 765833 742490 713028 696980 771419 739351 781170 687059 755800 686762 746309 736636 695429 759135 782570 748148 742660 734127 690869 738143 668312 719356 728761 784923 743896 742276 754370 733306 738998 723163 756878 719310 709509 783387 742404 722622 705368 722869 670353 690988 724480 736400 742137 704662 727077 769715 708320 747836 765497 739281 692626 719803 640518 764109 709839 720271 707987 741494 752121 759846 716015 770519 746766 711138 706109 713210 709214 740809 747486 781240 765753 741158 732190 757217 787392 744941 742788 706190 702590 712787 720784 724459 700118 754096 734907 711817 708995 740540 734543 737628 741255 760549 706450 714432 686590 702118 736125 747056 726733 684226 729238 765062 706315 709314 704282 746577 750034 675975 697680 701722 755387 747343 714163 720000 733819 687397 745543 756271 686730 748848 672524 735713 709705 680383 720009 783789 709369 748804 764376 704218 697874 703540 700947 754904 712963 698907 721210 680317 710780 698472 684997 674253 757758 721386 724628 756034 714416 705066 726580 702544 741549 780344 700030 704563 711890 736806 747894 756564 705529 738156 670864 746229 748549 
680707 743534 760011 642292 702151 702691 760344 693298 715899 696147 713908 708898 699207 759244 698928 744924 687968 676508 702268 778952 741532 699949 697112 721361 744978 754381 710313 707926 705323 693465 731810 688799 674847 652739 761806 722031 724148 723975 663414 732844 720498 758640 737696 706259 733294 686150 760083 716420 807940 741876 692747 699748 680160 724691 700383 712113 730176 728848 686490 704285 742353 678901 701366 729871 670414 722038 783555 757457 689999 674288 746734 721165 724902 732598 743839 758156 719212 712147 684444 723641 735967 689209 745277 679679 720161 719625 712413 725581 698852 628838 621796 745799 705354 700430 687695 762397 686586 686974 718954 745937 687404 720333 732869 713321 716765 676698 769617 693771 761650 750430 718288 719511 680156 718005 795129 708514 656415 697277 681244 728375 672562 726038 670825 726775 727596 699209 777365 700311 644667 692210 737609 713915 701523 698186 760571 758775 706115 740384 713852 684182 690836 755222 704980 730219 666794 737290 679942 742764 711718 694522 732514 767332 737652 720410 718744 708607 719951 690804 714753 742543 736059 720916 730851 731589 709116 718997 708388 740604 704784 709916 769910 726668 725617 696454 684271 672136 672356 724535 714654 742129 696246 737474 751893 705665 749405 748226 725952 694725 717570 667530 757121 751635 723535 716285 734208 739306 774129 693728 727954 689461 693658 689694 728860 714081 737302 724589 747891 759194 703512 693022 731220 752858 748655 736276 701596 710343 678163 685875 702578 684493 725464 734002 701120 718248 747969 743047 706207 752043 770821 714743 712494 664035 706957 724465 709325 716678 697619 724882 745414 693661 711427 700448 748752 754191 703389 679714 664382 726207 710993 736368 757099 745090 674889 727481 705972 710978 720473 652566 685520 694158 698299 685173 768702 707573 739062 738842 708946 694383 684250 681991 736463 706073 675492 719633 650281 713769 701992 648066 646174 759924 745552 739795 767044 681930 676456 747803 712340 742080 786555 693123 695334 709952 757077 726264 732701 702810 718946 674761 704918 755809 
709168 741183 750474 686040 690797 723313 801961 748119 720737 736454 726693 719720 744555 729947 734367 771534 717670 742016 691240 797152 755474 694619 725716 763384 788745 763322 732169 708453 744811 732473 770518 728552 707616 672417 813109 708088 755052 751437 693812 818797 764238 802744 767802 727177 734859 678652 786826 743722 764698 798228 746803 752961 699304 794484 749162 720221 721162 743274 710811 729888 756505 726799 744352 756955 734911 755034 818671 780057 749686 743725 777832 741476 707323 785216 780577 748623 734072 735499 742738 715822 746945 735920 755812 731624 759720 754536 751620 753141 730295 659892 661363 768057 746038 726601 721895 751209 715980 698367 743776 753227 703991 766853 756773 778080 751638 714830 782892 728580 768918 738702 772905 750895 758212 720879 784800 765340 695395 730948 717011 787246 720344 735556 714723 731607 777436 728600 829977 723659 665774 744496 795570 738976 752145 694485 815174 761173 769205 796243 738151 740633 752123 795444 733854 801019 702648 808881 700023 763213 729925 747942 772817 768604 765696 790514 743544 744039 764607 682236 765943 743076 760735 772286 756618 755166 764658 763444 743971 784590 747770 782098 812544 772055 756241 770952 739682 724297 730435 739197 738912 766977 720724 768939 769177 748544 778306 762969 748159 735252 711817 699850 762417 713929 733897 703226 775738 754673 761280 752063 762006 762821 725361 749751 755757 743088 764622 733692 757416 790999 768314 747782 788577 838879 753296 735613 729538 733308 698366 725633 757012 701144 739210 777565 752131 768909 770911 746533 739117 764570 780506 736808 746093 719529 738845 742802 764040 744788 717381 771534 759491 704288 752019 699485 748590 767274 717436 701920 751145 791699 741201 723857 778146 761377 731381 751769 730176 710203 751848 680314 729362 755647 720931 756370 797142 701014 766391 764427 718837 736932 735843 702182 772450 724136 690271 711453 712936 751400 713939 719610 724670 788280 723602 747419 743677 681241 727910 736430 705736 761357 799092 703160 725191 743593 764147 718359 774808 736323 747004 702488 752343 777902 
729102 721845 692365 670261 672762 713502 748403 670844 716965 679935 665973 672098 723893 731170 709382 723675 685302 704067 675791 763576 734186 682986 720186 706059 704738 754792 680675 676372 691607 713186 741833 667614 687280 642146 773431 725974 715390 690108 648582 760237 667477 743050 766836 688530 689006 664732 757840 690773 766646 729209 712823 711442 647878 735084 689091 712762 725872 687893 682026 700172 738487 670159 697304 721853 676921 754696 792145 740647 697112 687273 728909 690678 699114 765809 745535 723694 701678 720237 710941 711594 709061 718383 701000 728221 708968 743197 680437 706065 689161 659366 609380 763817 698739 722694 710509 721890 675875 677278 712081 752604 662560 735677 724981 700222 721163 673888 740034 686466 737960 697022 718991 733495 718063 666382 730747 716045 685314 707473 664489 707721 648843 698859 687779 720358 753312 717868 776455 703255 653467 736699 760377 701693 742424 740940 731873 717089 694752 774808 733595 674541 665306 762536 698167 777811 681521 732375 661792 722420 690450 705271 738292 745712 736493 739066 714147 702760 714269 693728 718676 698036 768681 707651 702465 768847 704882 724171 695008 757766 691591 700338 744176 736176 715363 715256 735565 676985 674490 708323 713302 732680 685444 721279 740386 729576 697645 725447 709387 683574 699185 635734 728671 705065 717378 677140 741666 731748 780857 728481 758276 704891 723234 706062 720414 706977 731009 748268 734154 754594 712542 704744 698052 788564 731877 709045 689359 686133 675375 714913 722106 638264 732654 725933 738153 721514 752851 726852 666967 737463 769478 713245 697487 672940 665979 723498 714704 684730 674106 708309 726447 676205 724260 683409 733998 742478 682258 697142 697321 716861 700987 713894 725938 721244 674142 692991 684403 652643 724089 655133 714707 711267 697012 693442 776688 713751 740764 735673 695082 691151 704318 664381 744178 699653 677414 674092 652038 733050 712822 678908 689739 743771 710564 696523 742993 678605 706040 697148 688976 732300 762150 659269 725418 700930 726752 692346 757122 697785 706511 667171 725008 735826 
695956 722596 724014 673025 672958 684441 759245 711286 684681 663123 693177 667486 716139 700920 687035 726065 676206 687325 665086 734612 749409 692956 701441 740299 742943 746845 721664 665496 669148 716111 738412 698673 682215 673347 776231 711611 715093 703200 654476 758374 704935 747226 748167 707587 697674 652771 744755 690554 782001 721038 711404 710967 685645 738950 724548 683765 713481 715408 655439 685888 690211 646556 681072 705231 699629 716859 772998 748086 707531 688947 730410 706516 709787 736203 754776 732739 721770 697387 709440 712112 732739 705449 739579 707915 709819 715273 707761 695831 699809 638548 638641 728610 713521 706691 696686 729424 645655 684096 710179 725240 672091 698190 718054 711974 709120 677208 765580 690543 733382 719461 737269 721869 714022 668383 738625 745989 660666 706096 661010 720071 669014 687302 676587 724845 724116 677550 772607 739839 645999 689892 741972 686950 714172 680067 748917 703269 731221 770442 708664 685148 695107 754969 680048 755107 655388 720000 663860 724079 669554 670626 733755 769706 724846 726243 693860 696488 687558 697203 698264 715981 757887 687054 745281 744736 700591 728063 701349 743959 740757 735209 759113 699843 710269 713653 743072 666621 673862 710386 703887 700762 671805 722256 740616 719731 712330 710518 701799 696519 704750 649520 722931 722379 717338 657593 742959 745788 761589 700630 731621 702247 717594 714506 689189 706463 724561 738334 720200 766527 739963 703159 720805 780768 722628 706087 693706 701119 662792 705636 726994 704393 700713 716939 723449 733924 701571 741423 692519 729754 738413 694257 703559 684757 681909 714223 720778 725506 681813 709810 699803 653356 686141 684336 699405 730271 692534 674770 698897 731754 705239 720702 733896 715299 685610 731815 727898 674482 722811 638632 680538 675953 682102 691718 771998 705166 715397 735049 684461 704229 699905 675089 736248 701733 670953 673382 667288 713600 663550 668682 684476 738123 736847 694838 704258 661291 724107 702631 700584 725194 776595 697727 671942 711979 740894 710486 735206 680836 723891 661271 727534 727284 
728407 744407 727490 706072 689588 728357 759827 710643 703851 694148 683201 715243 733438 761272 714749 731931 723744 708153 692412 787932 732056 702997 716967 771437 771936 756975 694892 692375 708172 730208 719850 714768 700017 708358 798159 705111 736307 722559 690864 762147 737447 759411 768055 692633 731317 697699 813725 733242 785564 739171 715348 732469 706138 748304 708894 714798 758499 718651 695889 709521 743426 669897 712712 726190 709797 758864 787002 760124 732140 710234 744156 710292 746336 762373 754761 751597 761188 731960 745089 758647 755827 725715 751679 710956 746911 741838 712433 724101 746499 667091 654701 741309 743911 726294 690349 741691 683743 701603 718978 745210 711627 734598 746673 730650 748990 703242 763994 704419 775578 718065 743448 770540 739694 707189 742301 757107 694953 725544 696456 720207 679440 687838 683478 726994 738157 715227 805029 720572 672052 727940 750524 700782 747769 733087 750298 762509 744773 770799 786489 708738 723579 752831 693542 748720 702547 748378 676817 741885 707358 687664 772007 752501 751750 756441 723799 698501 714654 698357 711500 752550 786055 724574 734505 750082 743253 740585 699560 761088 733014 744012 807436 756676 726464 717814 761652 692840 687014 712452 702121 739687 689636 763928 750071 752545 749163 728367 729630 727983 725623 665320 737385 725703 717978 690884 742931 748782 778368 718858 755478 725868 717436 723837 739194 714551 715276 759498 752176 771750 744694 747191 713189 798840 723189 747999 694799 697332 706995 714072 761680 679314 711780 738291 698189 734986 758521 736935 742825 730695 778086 719414 728229 681665 726216 740570 727565 713899 705456 736130 755139 711803 719104 699452 692968 747030 722764 674440 697169 747721 748495 724548 739246 728986 677686 778058 760064 659856 750615 641001 693397 685292 690877 684056 789930 714066 746095 759611 682726 728147 718932 686734 765266 713978 673481 738180 671709 734213 670634 702894 689325 775710 740451 732274 731482 717644 739215 711190 700935 747820 815518 712704 706880 732271 748070 709596 760536 691969 724664 695091 747913 726030 
807746 787395 786302 719815 767299 755376 833288 785158 765652 754548 759686 751108 773723 814763 807173 807730 774415 754562 717535 850644 812327 745861 788705 833072 832446 840346 780458 753100 784615 763344 807953 788228 774848 764515 835116 813309 786431 764130 750999 846460 769507 844683 831042 778373 827342 759508 842864 779629 846047 851748 754501 768108 755337 795768 784274 749622 785303 770205 776394 767526 794817 747539 765728 797931 752674 824234 864333 828138 771170 772985 822843 777667 777347 847261 820482 827586 793855 801234 797024 796361 826011 763258 845248 769645 805088 800055 776378 807149 795975 708705 699553 806276 785034 776144 782800 827084 758472 763818 808408 807533 740618 809258 806492 762838 822576 778617 844088 762847 812662 816190 802380 798975 803759 761359 814630 802247 735610 803149 742788 799024 732849 785418 789444 791531 821425 800135 871245 784767 700480 805017 853870 767280 773645 789496 805922 821228 781091 836313 800090 765111 741426 827298 776693 866676 742284 810829 742364 827381 786514 753555 814079 839691 813119 806622 803107 770218 790895 745355 783511 802272 864276 765504 806248 806062 792038 810169 790304 815092 787922 777934 848082 820874 803770 778454 791376 769381 756584 805664 799950 797382 736128 808263 821098 794694 805469 813367 809247 756266 765561 718357 802140 799955 793853 777438 815579 813824 843928 780487 844164 773300 808305 810120 836636 793836 825605 829009 843539 844048 797974 777903 822333 822997 810210 811426 765645 782280 746825 782275 815313 753614 785897 802110 784177 805219 836656 794302 775412 788284 786861 754208 786036 724445 766106 815516 777733 790278 749488 794088 807590 752882 780959 789877 815486 825288 801248 749440 787671 784251 820158 797563 811167 805192 768863 831088 798889 715093 795878 692997 766104 784322 773491 774770 849927 768512 822549 807818 766115 753462 759934 739774 796167 805326 753967 755866 740870 806830 743833 733163 755015 829682 785891 801695 797889 748595 776516 788542 784813 803096 844150 784126 798009 780599 822043 778230 808171 764775 803819 736941 801301 808427 
736679 771747 746392 717680 707574 745938 794025 763890 735808 734134 710046 741543 755345 782834 733900 760516 753573 722881 724135 804335 772119 711021 736932 753555 781983 802519 738477 737094 729852 738298 763034 727044 731745 681719 784016 759022 779947 725442 712702 783181 753519 783418 832980 733806 770425 739046 789347 783361 782947 786429 725331 726875 722564 768878 741578 735845 759469 753476 698132 727779 761487 747418 727578 760754 738934 783961 816626 799926 735165 738350 763698 765811 750211 788434 781882 765532 752488 753575 748090 773372 772906 759273 760745 731047 771941 749995 724551 746456 753942 666499 652600 774161 760290 740945 764397 785108 734747 720615 777664 789433 725848 772828 770179 755745 761027 734271 804634 737548 774573 747897 783485 774017 755794 730510 784217 758942 707123 720731 708523 765531 706521 767994 702970 769401 760002 753818 844240 758037 667921 751806 798879 739821 744383 741817 769570 772951 746437 794053 769351 742925 718479 783949 739080 792518 720520 791479 695274 781765 726496 709439 760679 801897 797598 758609 749811 707305 763292 729142 718020 768062 797039 763255 742557 774794 760414 772416 724187 791056 747990 771420 826682 793262 737040 756325 768396 725180 712572 735391 767491 763833 743582 778221 779310 723686 772003 752891 742739 703908 746005 699269 763358 734060 778957 723867 781565 757022 790725 736183 802595 736033 729067 752490 763721 753411 776080 793869 774001 800335 734226 739229 761174 810559 749352 750587 719548 736599 711274 744381 785738 715333 726757 783963 718149 760627 766091 773449 731247 755401 802439 753679 707153 694302 740697 762606 738508 734863 713551 753816 755442 728584 797568 716416 753050 772243 738133 694276 738527 772448 759676 765366 758420 783374 727367 751517 759641 731295 746175 673294 742349 736549 746802 734188 808547 747122 737497 772308 715212 720975 721687 714354 774874 744959 717719 750903 684747 761345 746985 703206 745673 791785 748759 736378 765933 726644 724458 748676 721696 768892 817752 712992 746142 741200 779819 726073 785138 737596 763869 704372 777630 781974 
780260 809213 769435 703970 732135 741758 802695 758629 741900 725625 738529 733471 771242 793119 762070 775885 750925 724911 702698 821045 776517 716718 773844 791758 805158 791070 756655 732284 757202 747914 746433 762538 755849 697386 812237 769691 770149 744492 717644 804682 774870 818646 809722 744175 818352 728015 811176 767114 816606 812206 727415 762930 722014 783351 727399 734545 759778 747136 737208 744219 743182 699203 745291 762067 736337 781938 834961 817601 721735 748436 804173 739092 743442 807932 827339 767922 757822 784270 785541 757028 784203 742014 790016 763354 769341 761568 763056 741284 749535 699050 664957 771215 750334 760585 769638 769027 724841 733877 771986 761238 743494 792312 772934 750976 779270 738997 823756 753420 786488 763982 781348 775135 776447 717465 790837 769446 712609 771889 696564 766280 699192 752131 754177 736277 767817 742520 844401 746832 677024 771802 789588 763642 783382 776642 793048 791594 747225 807615 781047 735089 728565 789699 747656 807499 710930 810791 710534 779903 764258 725268 801256 794848 752393 772864 769251 734947 770277 738491 774294 775448 801306 748994 769377 786138 753678 772427 762223 805626 741665 793654 833193 776845 782153 722860 773089 715670 744646 762250 742499 773756 715868 784941 796307 775118 771883 802333 748606 755282 749005 713143 786360 768477 769994 747211 777633 799643 800887 742893 783738 763433 768710 769800 776553 772261 784411 773906 793252 790818 767459 766098 786104 792564 753475 785381 725305 750421 720794 745080 814450 722254 742650 759452 751997 746756 819278 748423 765955 800555 794458 720801 771681 707505 746660 805391 754512 753208 753140 763552 774523 745485 758409 738817 780065 793053 782479 703225 744017 804131 747351 754125 782758 762839 726781 782795 751048 717983 780720 686435 735144 749816 761381 752101 830923 741135 768577 762398 740148 750136 730565 730815 759912 746204 718602 749360 728495 781891 717856 713086 726931 797533 770135 751959 757645 728491 754249 728733 750946 770991 820793 755416 760836 757341 777880 754940 786845 749931 761969 742120 766273 809068 
703980 725461 683886 677774 670646 701522 739668 724382 697079 693172 683627 712167 678809 721337 720814 717469 705777 699587 660486 761718 710466 688146 706549 731693 757330 753189 716001 689578 701719 724545 728853 712798 673974 649267 778907 719724 768554 715282 699426 755687 715532 764856 759948 690024 701198 680502 759490 701808 749398 756745 701034 696332 700873 741289 711195 696517 723173 698042 638918 685659 721447 705464 691689 705850 718057 745298 776686 728779 734111 695455 726892 702556 715395 754107 770551 739621 691653 713248 712586 716739 718972 695046 718395 724396 731188 750156 702885 711407 697886 632111 674487 730143 709412 702999 701499 703013 691152 694618 735110 730335 666236 726106 709581 717854 738144 691449 729595 689328 766990 710668 744618 720999 699529 687780 726343 723064 684651 665727 686662 730606 675119 720338 662085 733917 730204 715408 779273 723218 629163 715192 747827 689677 703083 708425 727931 721153 698313 771178 745695 701202 687333 754590 717988 742822 682208 718219 656753 748864 696664 680782 743766 747871 738843 725344 711484 679172 714118 696406 702704 723167 749107 708476 734315 712534 764587 730355 694560 752834 731681 701080 754743 740657 718962 725974 710983 703074 681129 718693 721520 720892 665480 735590 741793 728889 740202 718268 720499 716126 713717 663245 731367 697846 716427 675116 727529 717814 771777 705640 767543 698128 719233 698516 723332 693420 743646 745425 724126 744026 739981 709049 715792 770334 711194 718130 689325 689258 674291 699087 700472 706377 681609 750362 710584 749152 729713 749088 707239 718574 778268 685080 690315 676606 687871 708139 710210 730047 721636 705293 709606 705768 739736 687053 717112 732353 701774 661439 687179 722689 742798 723026 764692 709040 678791 729481 689277 689400 718044 642848 688422 712224 664088 676649 768121 709622 733278 741386 700407 696472 700893 675521 739858 705502 697801 691282 690839 713460 683445 685287 705735 739282 722809 694053 730882 669092 714221 669347 703334 739006 779233 671353 682952 723743 721345 708801 748185 681130 704655 676514 711662 724415 
758215 739528 748664 705992 728521 732787 794542 736640 715133 712274 738060 726232 741291 792857 737026 770580 744742 724186 687977 790878 754749 721183 761641 775453 772096 808977 728366 701344 718313 729747 751345 702865 699133 690508 820459 710597 756021 726146 707744 785716 727462 784968 768430 737669 759047 715614 804611 715998 792125 794247 731202 737277 698894 739505 742735 724865 740751 721464 701062 724050 726867 699265 712778 746919 680946 765933 805385 774033 739492 720758 768470 718830 714776 784841 793870 793141 722555 754502 750561 737927 753978 734181 772772 711653 757402 735772 722834 711918 709678 673059 650669 774716 723289 733865 725709 769211 693835 750549 729963 760917 708876 773893 758564 748948 763791 703292 798805 728480 802754 742893 750443 761850 754724 729955 774500 750440 687243 728007 717119 745830 688429 748519 708074 749905 765348 715757 820845 748284 680944 719394 759680 742099 740437 739808 755601 772485 700298 778418 741920 729131 701703 773320 719936 791899 730425 761817 704301 796831 747397 686358 758896 774057 760069 750991 738350 724285 746856 715708 754098 778243 796064 734443 737955 745621 737338 761798 723456 750517 753966 751784 798751 755398 731295 735959 731810 737396 713525 729286 726928 766806 710496 763623 766466 726633 736965 743734 754846 742497 710619 677447 751906 737680 751190 742673 758814 786554 806441 759930 765032 722449 741612 743223 763543 715590 786568 767050 787805 774552 731487 751493 757243 805701 777624 751563 692097 752547 696478 722256 755985 722047 745323 766458 704316 738587 780421 765401 737947 740275 758482 726902 745492 721059 693498 754817 739315 719340 709475 747043 731221 704727 730678 723677 743436 779567 734302 692874 715585 759441 749331 732131 793037 767060 717454 755677 743642 679307 758205 652389 735738 727293 725395 705478 820604 746643 759367 747605 722261 727199 732518 704715 757691 742189 722404 742692 698679 746380 715396 720545 715981 774995 765705 758937 738733 714544 732187 745774 714870 776725 789939 690370 740292 765930 761860 737487 771396 717854 734383 719334 743844 728365 
718237 738952 755044 674611 707645 732886 768722 703201 716756 723465 705770 709397 728642 761844 722778 758874 709702 702874 693494 791387 755027 691586 689585 763014 785481 790410 748470 713989 734494 705629 759005 729988 678976 684972 786163 743483 736366 724949 694263 770851 751164 770146 807097 720442 749520 709779 784667 725160 787010 733778 726932 735199 719042 746032 753152 754887 741762 758804 669410 708494 721874 713287 746435 704388 712256 767617 776943 761695 731065 690589 745827 723504 709730 757734 764549 748063 737539 727752 709715 755886 771149 734588 750552 711707 781335 731954 738271 704386 718184 657480 660884 725962 715707 762344 720323 763691 681700 707751 778642 778661 693567 747066 740133 744285 746594 708567 784496 703421 764036 744384 758050 762743 742091 702981 762196 725355 712775 732310 700495 750260 661074 724305 696543 770035 742126 719674 826857 731026 648634 771124 759853 710208 715746 741116 742686 752501 740118 757103 761079 732945 716610 782695 761429 768733 710859 776927 674150 729818 697325 703019 786797 750718 757650 751708 723974 697884 726277 690842 716283 725234 775218 719679 760017 768913 738949 756943 716017 723207 749755 725832 799945 776978 745404 733957 757098 719742 696927 774297 700757 744775 684796 764675 752057 775359 766205 751944 747439 727240 714105 666714 781937 724108 764072 694611 751728 742313 762270 704845 747656 715604 748842 739338 762330 716380 766448 778255 748645 782453 742983 741424 740799 810796 736874 745853 715486 726388 669774 733732 743858 701890 727942 772210 697638 738749 766349 742846 759871 750771 785681 713527 742191 668383 708045 738628 733634 727981 693063 757044 738461 777156 749927 694552 746873 760735 717357 690115 719690 752020 732982 761003 795797 752916 691099 740809 774161 701355 727420 669601 690702 712220 768209 685699 780107 718901 759099 765422 716981 725682 747387 677856 738994 732460 693727 701847 693589 748932 714199 702924 675700 750041 770534 714662 730613 699463 727696 728284 747123 770719 800585 707339 726867 720542 758087 689347 760376 728202 727152 711012 747876 760557 
698337 705352 689359 610158 665689 673543 723525 676479 663860 670671 675887 659617 684701 701507 663627 695724 623862 637709 623605 706948 708590 642899 698573 699291 702184 709208 661834 647739 670507 703254 717632 672203 665723 631842 727361 695407 712264 669485 640397 713163 665513 722348 735892 648458 664803 659656 738525 701515 702637 683814 660666 662619 658517 689666 699084 677091 695366 678198 640096 648288 689237 656350 659074 678578 683625 668331 757505 723854 712873 707015 715422 680627 681067 733169 720707 712872 696255 699419 700525 687893 716598 698910 678693 702251 708769 668802 658497 682336 707742 606201 595204 689483 673398 671528 695930 692939 686729 656473 717201 726873 657416 703655 703798 672055 680902 672027 709389 690211 648409 689681 695427 699049 675135 641109 715343 692538 613528 669659 649255 713473 626181 687753 637169 644564 695995 660101 757967 666693 613005 650595 721326 661079 680337 660189 733669 700403 673586 701128 686627 666459 651339 699817 645535 739030 657024 702048 632061 704374 677467 642465 689824 683992 705904 704461 670082 667651 691496 669031 662787 686464 725055 671646 682402 717540 669483 693436 668347 734837 679160 660724 723961 680992 709325 668445 703096 623533 650372 677639 670773 691858 647431 713075 723299 677560 729732 677770 678956 661988 659724 614203 687250 698531 682784 657010 707841 685087 718092 661586 688561 649187 676564 696424 705970 673146 715987 707092 706502 742379 688063 656207 680481 757789 697346 685311 672035 688896 658935 682703 679462 651123 666062 680029 692340 684343 713859 711127 686799 686094 726875 659415 657057 657084 667250 690450 687331 693074 649339 679157 689597 673080 721673 666803 687801 710212 687356 631292 689778 703546 704238 703386 705752 667611 636796 683423 684652 658594 685422 602174 680373 643769 658838 657000 719613 667282 722503 725308 665737 639166 656096 655461 703579 669685 644734 666058 656066 674039 678612 627687 636746 715320 684537 695798 703135 635285 668068 649607 661966 736925 706872 664616 698101 663230 720196 646006 724813 660990 680410 652608 683856 707987 
755016 760291 772157 708261 708322 755083 779629 719861 732914 738301 728504 744710 757227 760098 760748 794165 746580 733974 694052 812184 745356 690752 740041 787154 771908 801744 759938 745496 738287 753931 779995 737311 743123 691248 802422 744195 775660 739481 701372 787541 748228 807617 799076 755640 759824 707635 766695 766637 793806 788149 752466 748660 720371 803813 726434 756493 727925 744372 702691 718922 777246 714488 730225 774257 743819 748319 789758 827875 766672 719662 758111 711322 780727 791337 808102 779779 755590 742364 759980 750608 760515 741703 760994 722255 761714 734635 715246 743875 745439 681236 656780 790178 732838 740290 738960 783619 703355 703103 769441 773685 737556 744761 741765 753716 746694 723259 811253 742634 785482 746962 770024 786824 727591 718224 799586 777455 711141 769920 708383 751955 707478 741630 694059 763293 752388 719481 832368 750543 664807 746494 764896 744426 763391 737374 777916 769860 770743 769410 766370 734866 718518 809647 720497 778646 714682 797207 702905 787217 761581 746991 790928 781331 791040 792752 751248 721949 751964 740494 750872 749402 797397 752379 754229 796085 754150 760707 730463 792896 754769 762192 808353 773413 751877 755120 756201 724375 702388 753056 737654 736803 720389 736526 787608 761766 770147 762448 766738 741621 733040 702686 778347 754507 773425 697835 756211 758960 797514 721586 799513 740749 758408 740605 770377 733226 758450 769818 773657 823579 745909 724350 746771 819351 768730 747692 734134 714035 713876 746108 781740 723371 737028 755567 757659 749647 770703 766218 749163 762314 801932 761946 725840 734381 728734 759695 746654 753466 715514 759163 775712 715146 777767 726083 744976 781472 757113 713451 731471 778764 755384 754286 790077 748209 732705 790992 750807 721674 751561 656794 725626 717037 751527 712895 788386 749684 765183 765154 751531 727372 714319 710167 784613 743753 719794 727894 686442 755876 719064 694848 745130 793045 783236 739308 769280 733247 727784 740218 746950 788456 826770 713917 718265 740221 751678 753439 798444 742252 746916 726249 756152 780458 
724832 744022 718254 635500 680970 697091 738797 686771 707344 696939 676530 695723 714192 750064 682168 746406 683214 684558 657041 768638 717799 664271 704376 723171 737082 760165 689658 687376 685877 718928 731004 674060 694341 660179 761743 707429 723231 730006 660497 755553 709422 750112 760294 676336 729953 688739 735030 720739 754398 758892 699631 686608 611975 731033 699541 680929 707186 699089 670910 705202 694456 679838 696968 702887 685288 739867 754695 751981 719671 682173 743244 705229 714654 730717 741643 719011 707802 707882 699990 692997 709675 671466 724845 688393 714849 728934 700490 728375 723184 634321 621503 720598 696393 696301 719598 750099 690256 689838 703933 722696 689219 725182 734634 702798 739042 669674 757773 692923 753310 710101 745855 731114 707371 699355 726772 700119 657171 705930 651218 725282 667942 689704 684050 711277 719797 692143 795881 686394 644543 684962 731423 685467 730984 685455 741846 742007 713963 736165 716204 677981 690527 728135 697939 756059 656007 735282 681767 719830 699107 674425 704284 753995 726149 740067 711890 674074 710392 664118 700567 708625 744634 716626 716705 725274 732245 708606 705177 747291 716718 713339 746754 712716 731226 714070 701682 679604 656740 716145 714601 703060 681799 734691 755103 694758 716255 730812 717254 696443 695157 669663 736639 710431 700815 675458 732935 724421 742985 680957 734199 710169 689883 713773 719168 715428 718206 740719 737720 758581 699635 683278 704353 773406 742302 718272 698437 701837 693460 708755 714941 686532 712326 729090 686547 699190 739239 688759 695301 751451 734133 694627 706073 644223 718564 706338 701457 707630 686693 733057 743341 683653 708474 690750 696670 731349 698744 654898 687757 730754 713029 716186 728937 722055 682301 748858 727904 676838 721055 620354 699552 707128 697457 676721 796867 705356 732260 757396 695065 714302 701224 686668 697755 717875 667328 679866 667812 714478 686470 650926 675249 750477 732656 715513 745083 687608 659690 715796 712011 750961 780311 697303 713307 686812 727082 694274 723894 684608 709326 679351 707365 739378 
725481 754920 754494 704810 709524 744528 822452 762949 734072 714259 732253 735458 725037 749010 707806 778168 736335 726441 672083 801793 769094 697028 705744 768924 775306 777929 761891 710521 715083 719087 755032 736432 697797 684950 822560 742639 787114 738107 699065 777240 726974 806707 790000 727950 750545 719928 795447 721105 797177 796391 723840 741906 702965 757401 744558 731159 740527 733673 716301 701083 746359 703894 720029 741560 743503 766749 788096 775466 742625 750581 765442 756070 729717 760067 796056 770830 755699 723609 731799 726662 761490 697549 774452 734864 738568 715743 722145 755648 741369 677892 654441 767800 761223 722029 736413 760737 725408 723310 731569 773855 700240 744996 742345 755931 778738 698523 812092 737010 794578 756733 789732 761871 757305 699254 768696 744293 711690 726608 706411 749308 696272 748364 710988 737568 751157 715775 819178 751662 682447 732044 802168 743610 721294 741442 791652 751311 737488 793441 749481 739061 739002 779311 731709 801790 715149 754587 670566 735821 751050 716969 756868 806897 780153 749387 750382 718736 772324 690536 732825 792235 787633 741435 754918 737278 780501 778494 715097 778044 735629 748438 820093 740307 725122 739924 763484 689062 715885 744163 736265 716901 711521 766495 770815 768130 774487 761582 762876 724782 743148 722483 760726 745633 762908 712189 747734 774537 799278 731558 784134 738004 715100 753930 743423 722108 757508 762266 775953 794455 731820 723325 773482 773479 744878 754998 723782 743304 712721 733076 763663 702363 714242 742927 720368 769439 765106 727089 690720 800782 792521 718778 727856 722853 721076 759304 755830 756135 703533 744328 769584 726997 772781 720740 783101 783202 738047 729802 703028 788842 784396 739795 791718 768871 723246 758035 772233 716528 731447 703677 705011 738362 698857 717031 802643 729279 758673 751834 728125 712193 713416 700580 751200 723552 737594 745299 685461 733460 706731 710138 735831 791387 755141 735631 746168 715886 709783 723750 710912 765289 811447 723327 707587 736797 752456 756455 784219 736466 719569 703894 751968 780207 
755664 780778 730856 706278 707656 712351 821516 713304 692418 729690 735079 736261 746398 779731 726596 768703 708613 726107 663465 795238 758609 718209 756350 767995 789451 789515 730628 732216 711704 720835 764248 711302 730654 687206 829894 735845 731018 728122 698050 772632 739696 787427 823393 718708 759099 690684 802432 746046 783898 783277 728894 753010 680197 769118 761103 724614 748714 738594 720934 721465 725314 726017 723280 745790 717109 752989 840079 813696 747407 759886 759254 720431 752218 799697 806073 739735 733734 721369 732942 735320 724347 740262 752716 721513 769829 756528 747522 731675 727050 669191 653253 744371 710953 734782 714470 759078 698431 710568 742229 776060 699503 736164 747998 741762 774883 727405 786105 726754 768604 735551 741139 760587 743215 724304 758935 768986 711632 749667 704025 756195 674619 710282 689460 768294 780898 725210 827079 737478 670453 746256 778956 739730 755638 753263 770619 748822 729885 802256 770176 742958 721138 781105 709977 802129 737349 794923 705663 800797 743857 736914 761657 787100 762017 782504 746821 701148 738791 727943 734003 780955 776174 730649 743943 756266 741516 750250 772785 801152 746965 768082 791816 742268 766171 756669 769144 724410 709459 751287 742955 749699 702806 774067 748713 734929 782757 771921 752769 738134 741194 700210 727982 734126 759338 702980 774228 750172 811876 753849 773934 733376 735937 750583 749981 757393 788812 812884 740503 775049 757151 740078 755095 830429 761541 744167 715153 732758 710950 731955 752599 722233 725350 754456 763422 740347 767432 741037 746778 745132 779828 714876 731939 714710 713442 757260 714158 701823 721095 723487 748765 736116 742440 746064 729107 762760 745278 678333 721480 753528 769838 739929 781251 771701 710981 766313 748684 713522 722606 655450 732747 732791 704002 699513 804449 716001 751229 761195 704669 724794 708612 679818 759073 755804 672261 721166 692297 730943 743939 709042 726906 788856 756288 717704 759168 719812 742584 715582 718440 759846 835940 689887 737697 743891 741406 710852 778805 705546 746235 690255 753858 761680 
701263 730295 695785 659758 680533 693668 748844 706749 722672 711414 695565 714018 676340 737558 675816 764325 735372 698488 675213 759347 708800 675489 722718 724648 743759 754902 683236 685269 699024 694444 736384 687675 683626 668394 737378 721097 759938 707929 671561 770595 716672 740154 739110 700426 717176 698574 739416 716800 761882 757692 701927 693583 673132 731970 695428 680169 727448 719903 674359 695998 679253 688332 713346 712633 691845 736731 757491 774020 703774 716654 725588 709326 705365 747595 729145 747311 728463 708286 721812 701929 738827 728907 739449 701290 719573 728042 715299 736488 680567 650438 651467 745266 711213 685932 704802 711604 696061 706933 721517 764246 697307 730246 741622 711235 710859 654132 753091 671888 740141 728580 757147 710470 680853 685253 760460 733557 674685 700472 676289 718128 671743 727288 688314 710561 726485 696167 790893 704143 646084 710899 751480 681806 751615 699265 722981 755258 701099 773190 721762 683173 672291 763376 690016 763430 693349 735775 651379 755965 690508 676256 718151 771725 754021 719715 700266 719023 690890 686912 702639 736688 739337 691078 739376 751022 741463 715826 723340 744907 707624 691227 752516 774977 728983 724731 729676 675171 689406 708409 729024 745987 669422 732722 731255 712240 726745 732203 736894 693900 686898 667351 751378 690665 731834 689133 743859 737452 742956 678150 760905 708720 722059 711701 748638 693628 749368 715357 759485 782238 754493 715280 761130 797030 758241 730967 693753 700098 659309 730940 734768 707853 687658 756131 724141 715480 753113 730706 693745 700972 777561 720888 742668 692061 689051 743763 731443 733027 675351 736134 728059 675475 729158 694161 720881 737848 675475 673361 677550 718816 732733 686772 737142 739382 708083 722363 717674 653858 731034 652241 725752 686902 671398 710085 760183 695971 727219 738106 690232 678928 696757 677131 733396 706925 693980 707670 659161 716994 687323 689725 697542 742421 716644 736142 735749 683127 667479 727665 706059 742937 766129 692987 685957 710938 712453 715552 757850 712419 718794 675960 727998 705803 
730461 718584 716723 662207 677079 708234 746494 684611 715653 699187 691966 681027 712070 731292 716287 742161 690713 680166 679980 780471 749286 667436 701632 738814 753051 749362 681433 707178 667034 692231 749690 681589 704086 638460 773324 722060 726476 714588 679290 760247 724287 751943 763203 692665 705919 671106 761351 719774 765216 755784 681813 700710 666716 753220 700219 689307 729230 712035 660952 688177 703265 689119 693556 705585 684614 722984 775853 761215 708888 669182 727702 689545 711100 732536 723167 716981 713164 700208 695698 689358 713021 704912 727418 694314 742509 738461 700770 713081 716093 610219 628520 766993 683034 716852 716791 716171 655719 703347 707618 734266 688905 740250 755796 745472 735311 680175 742989 704839 738352 723508 732289 737856 699446 694246 770399 752304 668784 703939 691301 714270 649893 675555 699430 723412 742365 681350 792628 671414 641758 701403 736127 713539 695370 717529 746792 731755 721841 765510 714696 681287 680740 750023 716798 750941 689465 738252 673620 734697 721237 710587 714987 755763 713495 743204 717705 689618 705010 679381 697399 736509 750684 707901 728283 726238 689735 713421 734271 741458 716976 714171 800148 747964 683333 678820 724798 651411 686965 665416 741352 741092 684658 698476 746031 704466 707365 738573 714313 709665 710989 658919 750693 693084 714193 668351 742915 724585 754087 727860 746794 723595 719052 719054 717075 701425 735162 762390 737622 767849 715951 725214 719352 791709 755390 693030 680357 675725 668089 689465 732330 676057 679952 749669 704157 717330 741318 726055 699978 695918 750713 693582 709135 677201 665552 739287 728579 696285 680580 725364 721120 674178 708402 692853 718866 737216 723244 678785 704467 752502 717299 690430 709792 736182 699826 741522 746644 667114 710714 657086 692167 708274 669778 686738 751668 696838 725640 696157 689038 700883 679965 676560 730674 700604 659548 707578 664635 726773 692334 680387 685489 738712 731721 673645 734545 667907 670079 706296 692088 723663 795309 684407 734099 717890 719875 712036 742623 688779 694447 677388 731974 752215 
691388 678415 713552 662795 672658 710763 778084 714959 689291 672468 711804 703825 718922 726481 680608 708325 677922 683651 635280 764383 715948 664395 700188 726036 737953 748498 718482 715849 696647 677724 743422 699349 668536 680314 758605 701260 742021 682234 684744 773728 684793 752890 751550 715005 718270 652021 765117 713549 745287 726960 692051 732293 664058 709885 696078 682305 682185 679554 684211 679028 694061 678863 666367 714883 701771 718231 764568 748839 683402 677446 751934 695871 692276 751685 733223 754794 710058 708635 691510 706926 716061 699646 729239 714170 738014 746080 685911 714924 683899 640226 622800 733170 695309 682960 690576 736930 675875 684318 705689 731478 676727 721969 709815 734874 710283 687409 738802 683021 730753 690093 739650 717993 699394 666928 734190 737660 662658 710183 655804 712925 654036 725016 673747 722480 726304 688386 788995 705731 619185 730448 742239 715678 713497 688388 749641 721460 712691 741876 738328 673052 674769 761648 692020 756813 689391 750812 659636 736572 679640 697557 716851 735483 731249 705614 695031 677598 694777 645511 673127 710922 751574 721370 704868 743509 711203 727287 711951 734530 715487 717485 751420 733008 698900 705003 724573 657185 678947 694884 708729 721398 689087 697689 731232 680873 733609 733030 716486 712129 713347 671749 751975 706242 725826 665646 740748 733602 717522 710368 738781 715727 691398 716878 714209 697645 716342 723323 742456 757743 705482 691571 741284 781155 738310 711355 672046 686664 673550 706607 711035 669050 713512 728032 716408 721918 736632 726004 687980 714389 753547 691698 702864 690789 661503 718630 705171 691184 682359 726083 713911 706848 705159 699376 696864 734077 697427 656402 702449 741365 712935 712032 740191 741109 665837 714468 717522 660007 689660 622360 698968 703289 699993 700851 786513 700814 726675 705917 679811 697559 699779 628049 735426 697687 652845 689955 666663 694210 680342 659469 652870 736803 737072 712670 720086 656636 675459 709555 694784 736419 788529 689612 691300 686231 718823 686672 706135 699299 722830 682469 724428 726186 
764728 796218 769754 727917 747009 722079 797105 738310 731204 762799 718682 738801 756828 791758 735818 790764 731235 718734 728283 829323 802993 734444 745962 781187 787561 788787 770568 743474 728257 784682 750788 739338 741793 684060 818901 761132 750059 745203 723595 822918 742420 808089 793445 719528 747209 741863 806540 767166 808945 783178 743817 736689 731582 774269 759465 756199 779603 757639 688088 739350 756821 695967 754780 741995 729887 769941 863895 800661 751698 765008 775566 749456 784989 785659 791100 788669 741825 760349 757975 721195 777090 741123 754209 732538 794726 753570 742557 756384 730557 697238 678924 783688 736104 774118 759160 780672 709980 715829 748924 783308 730284 797454 787905 793802 783729 755430 812621 741589 780828 766877 798416 768337 729179 742545 800050 765894 704898 748081 728514 765875 686561 730633 706232 765361 798274 772842 829101 779048 688569 750571 795706 744709 763038 780006 765314 809453 755082 799686 794636 713963 736363 812632 738465 830001 730099 771477 726593 765057 723116 726511 792784 804921 777331 767409 774166 744800 760493 721780 745304 780766 827302 771877 765306 769413 753419 756156 757729 819313 782212 767961 817485 784847 758034 741663 791607 716055 735624 724585 753039 763827 727379 750732 799360 768454 785020 763622 775684 748020 726436 694843 750253 777911 765237 743865 809536 754033 816730 749504 774531 752890 758732 752129 770218 788796 781878 784532 797803 786026 788643 760267 756479 838058 781949 752240 723757 758847 735269 746748 786807 739699 752438 759513 757196 758904 786493 764068 773818 767538 823266 747677 749272 703311 721793 761274 758613 739790 739758 762527 745207 728848 755247 731334 759768 776122 806668 725780 791663 787899 782967 752701 793490 762609 712665 787072 757618 682868 749427 699836 746996 751398 728708 716074 815200 767206 791924 791083 736862 749683 741044 734204 772494 760050 698503 749130 705140 781222 772608 708048 742683 793866 770366 755197 792581 713555 741356 747150 716911 788920 795862 711315 770908 760526 779697 721032 786100 747675 735273 699783 750257 772123 
699878 704464 710484 655363 687505 696793 740946 690530 699047 676916 711805 697776 705982 771809 697416 722789 694289 706477 657464 764376 729151 649255 699430 713207 739724 738128 679099 670179 715721 689013 733376 675313 677628 644818 748788 694742 717368 663945 654533 744910 705315 737400 746209 682937 700078 703974 767315 688887 750683 754686 696421 699047 690038 732355 705354 713196 698999 689946 698875 674710 693052 684924 711251 714852 672481 726401 757974 735850 686712 678582 710012 691813 692027 724771 727734 730219 729666 722304 675301 692611 738771 702503 743060 681361 715965 688241 698223 695911 679319 623296 641840 712611 718975 711024 676820 741673 672109 665447 707176 733404 669781 696070 731342 688354 700559 669887 763236 660583 757501 724742 723969 717235 712511 657207 716185 728797 672319 688581 701468 713997 629740 709300 681281 697186 729357 689644 759472 714398 662411 699972 735203 705634 717817 684947 730345 760773 693698 748018 698016 660858 702233 749631 683173 754333 674222 752758 674766 730507 706873 669040 719082 739614 705432 723385 711415 681509 688328 686032 713072 740156 738335 722393 673137 733292 723248 707867 693515 721829 712983 715419 789079 738068 731535 701550 739951 662356 686767 696611 662817 718948 674939 714463 724790 686040 747890 721279 702240 724325 679753 634065 746049 721414 730818 681487 748256 696585 753332 682839 750353 705104 726602 698222 735806 717603 743209 699314 755610 772177 707108 703922 723886 768174 732910 732540 652928 712459 678672 706808 727298 691153 729042 726023 700253 706161 719066 721943 696939 711494 765294 684792 702397 692949 657491 725269 701765 714265 687768 717663 720387 659829 740390 673150 724002 738757 707493 628785 693827 734870 720401 690105 707957 726006 699075 715730 707601 658990 711402 635388 693433 666581 682550 687327 760435 700471 742136 736537 717312 668968 688011 685619 699220 703017 651320 690858 673895 715085 673926 642614 685463 771452 732550 712015 728737 708283 699089 724101 684950 750730 753947 683784 691245 691796 712696 689695 730249 700075 716361 675724 718728 718868 
764014 729508 712515 700665 704242 717309 799737 724160 732360 731821 718383 752871 773676 756672 717703 758346 711884 725207 697656 815291 779163 726919 723310 791253 754410 808619 735037 722964 725081 744278 754053 725676 705392 695474 804175 740408 759730 733833 709375 795874 742876 769366 801434 738375 751896 709634 792396 736121 792399 764332 713885 761302 681326 747107 733910 743788 759831 708614 701569 714318 740298 709600 701547 750647 721148 742820 791099 786665 760963 716178 766521 767860 770383 786906 767344 776501 754288 765583 729256 727457 748057 739250 753912 730572 765147 776022 725165 720594 750567 694398 676724 739768 739040 743992 715313 758231 693767 715378 747656 783937 699987 763278 766543 762563 757589 725179 784927 703517 783408 756681 757410 774406 739901 708394 762594 767424 694720 750194 699341 765232 727862 744177 695348 734412 796955 711893 829192 746855 662327 758307 771285 729199 759743 742086 785085 750584 728485 810538 753901 710500 721853 769368 739077 786155 723414 781745 708168 791486 736137 727536 748990 773393 757760 781082 712007 716018 770288 729616 734762 755603 801817 748484 741477 753086 733420 765015 731940 768852 726011 743589 788768 774075 783525 738654 776670 719694 710105 737280 729678 759072 710786 743964 748059 761523 788459 760960 741659 735660 707924 671070 759585 757866 799342 733801 760879 763172 783066 747843 763231 746948 741068 731990 779918 756440 779750 775484 756465 800630 739359 762837 763171 818419 747649 778071 700858 714766 712152 751874 796765 719359 726544 745466 758448 761995 766676 763501 719165 755106 768472 731541 734550 717433 701415 782642 719508 726834 699086 750376 739319 717405 762528 712668 750347 752864 709932 725058 734668 782073 782565 730896 759954 762378 731398 773604 749643 698895 725999 669367 742873 716242 709766 746348 810044 731670 762918 748407 711750 730476 732424 678638 750333 730159 703991 709565 698412 737469 732057 679116 711663 809237 744201 727193 761904 712950 727348 743248 687626 778682 819651 729265 753321 739258 768979 725506 768480 719764 755856 707514 768965 782179 
694077 675008 665836 622238 640423 693176 738522 684895 683878 688867 669365 677308 679743 691356 669516 689293 666608 647366 626274 737313 688532 646349 686929 695342 712767 718765 678713 652001 678894 686223 725912 642730 647550 639636 722294 676021 679856 672111 656092 722360 673984 698742 723514 666489 671351 652505 731767 691611 730641 722293 661046 677581 661032 684974 680154 672302 692448 655217 659973 645516 669017 653992 657817 676421 650031 692975 760090 748022 665173 684135 695014 666902 691462 731274 727836 717388 714693 691954 675902 674470 695210 677121 697756 682739 730435 704948 661734 670837 666938 634975 599891 695852 661599 678470 690842 697978 646531 678966 688425 706202 651256 683466 691033 679673 662614 645748 724802 673218 725205 694224 717709 719891 701069 659845 705117 693660 644138 680271 642021 682329 646864 680286 645543 686195 700484 655042 735589 672361 618966 681628 697932 668920 708494 657624 742628 679248 670766 725618 696579 658097 668256 723400 656452 710027 650679 710972 645896 715419 668697 656948 708674 713130 701779 701426 681163 653385 703265 645616 689201 712301 708406 711845 689342 704367 674278 693522 666480 735004 664040 700643 741263 682389 706696 659506 712105 646490 667489 717000 670193 689224 657948 691088 721734 665358 703852 668447 668031 689024 695528 641276 698393 690636 685341 671274 715553 693418 707594 675341 719128 669671 707038 666381 698652 679706 688668 706672 729062 732444 679125 668497 703508 739168 691808 676008 664783 671433 644802 679613 707921 677417 671467 684462 677997 707924 694086 698407 711575 680258 721597 663954 667553 647168 654396 704063 679870 693033 651818 705319 689728 664464 688575 680920 677490 722807 671132 636350 683752 721643 660623 660887 694728 691471 694149 705624 691980 662886 692231 611074 666812 691333 640034 670864 737698 664352 720778 709368 658644 643113 674042 673210 706291 666756 645918 656406 660661 699059 669821 675700 667844 714991 693467 702092 675286 658195 652638 682701 663562 692503 735970 665138 670442 664079 696649 686507 710737 692990 706278 648225 708851 729413 
714594 771242 736760 684729 702162 713493 787425 705114 689264 698929 689065 730188 714980 765096 720474 745580 696384 713703 670282 801226 745827 676964 722772 750816 780305 768070 746605 689223 713785 727381 743441 714827 713279 660710 790928 706369 753414 721737 679182 771223 722903 766418 768609 698336 736504 691477 782114 745033 770158 780899 736993 720966 673209 746722 700946 694514 717230 732526 692925 701919 731330 706542 709318 724709 702480 759327 803149 774546 724378 739479 765375 721593 704740 780718 776399 753877 721062 702130 741496 703871 757542 724790 754740 752801 741527 730883 720883 720719 700110 657509 641902 778083 727017 730346 731232 754107 684020 722497 730968 786513 693148 723470 742151 728791 755355 691819 793552 718155 753904 740769 757110 748508 740586 709242 736951 747799 713587 737342 692716 745523 691074 746467 708607 745076 753791 717514 826303 707925 677876 732870 785280 725336 732798 730973 765831 745580 718984 788812 748480 701745 709864 760459 724503 807752 702108 786327 673610 754014 715524 729026 727926 767563 750273 779441 725965 704887 745951 685412 761646 751261 795117 745647 756350 758985 722082 744405 702808 771654 755561 738771 812326 766677 722747 728018 731222 699735 706715 741631 715836 727534 708023 786096 754513 758483 774456 740405 762439 721606 752059 696971 748274 743226 754260 689863 755844 760819 769859 706429 789444 747183 723113 739396 731307 718283 734673 758767 743057 785605 752930 750183 722547 807518 714381 723131 684192 707399 662687 758590 768055 724120 719768 737288 741144 705779 758091 761944 727500 751621 765090 716441 687720 696715 731377 750488 734160 721500 694712 752194 753555 716163 711252 688113 729202 769133 694508 684933 707993 750025 718260 745721 754150 731592 711518 757072 753869 689084 753140 647443 714805 719288 693837 702301 799409 732331 781950 764893 709421 722641 716257 700583 735151 695292 703035 734417 693727 734010 709108 708990 706073 781474 730825 697957 733563 707455 724866 723115 747840 767705 783680 671398 730892 740457 752729 741758 761585 729354 764533 699377 722437 759317 
701108 737646 707093 677960 703317 700585 747806 691371 682699 701645 734301 674313 710230 757581 699030 733664 669683 687208 661131 748631 734577 683651 708298 728498 753012 762925 704519 713679 690089 708358 728775 722776 692127 654549 760510 737251 728404 725652 709449 741537 701167 759805 780331 721693 714048 662573 791487 719171 747274 730762 680344 701816 649550 746927 700642 688336 702587 702866 670724 673230 703990 692583 676252 712694 669485 715292 803614 765139 740936 724794 737318 704905 723156 744032 742944 747771 719744 719160 711722 719323 721060 657663 738868 689452 697748 721266 705564 723144 714529 633797 613437 732745 716698 706060 705017 758421 680061 710359 696927 740094 684657 742960 714374 725211 747888 683648 763568 701002 749277 731361 745294 757737 740714 700632 743434 734564 686418 706522 673307 711445 664538 684522 674712 697251 717236 694494 761601 699140 671730 697882 747958 710995 689878 707390 748403 727682 701989 757721 728927 682948 689073 737350 682151 754553 674717 754833 689611 736955 694906 676244 729661 765447 735615 735085 716608 655811 764230 668304 720284 733357 767729 727951 736831 731922 686078 753195 709584 761180 694398 719755 745107 736704 741188 705172 721464 692517 688480 717349 716499 725530 699583 732294 738725 710934 730930 709836 701716 661322 718688 669156 714772 704349 731365 674189 736057 755576 766434 719045 721158 695160 714871 728635 724204 710964 733224 751737 750437 723703 696829 711403 739867 766583 721551 733486 696556 717439 692395 697598 710037 678495 687538 725835 705643 709050 729182 720658 701974 732016 752069 681927 723275 695169 685174 713755 691692 689504 706199 737899 724015 688212 722203 720144 719230 755959 721086 667437 704272 748139 738547 714773 732314 714733 681654 744969 709596 678853 702802 625490 679966 716490 682728 696418 773065 706584 735426 757554 677663 673032 668600 682173 736299 712530 676303 714843 672010 726125 699798 674490 677500 750079 714818 706250 729025 672892 689939 693639 676443 737227 793975 657620 695228 690103 748885 710935 738570 688136 723097 684227 703705 715583 
711189 715973 710372 668598 702397 726353 750136 709475 671618 704280 676339 714200 714590 753985 726247 735732 706269 698649 684545 772172 748221 684129 733782 718266 754642 761757 720290 708749 710913 714377 760993 719448 704580 657843 754497 721971 728524 700082 683276 756543 709388 774003 768749 676929 725658 692108 753036 717695 776796 734568 694601 731298 698854 706541 694981 698243 725358 680881 679112 714160 683713 698649 694410 722619 704283 752928 773614 736670 703751 710114 777378 710415 690917 751108 740856 748960 720561 719232 697428 730306 727346 716332 731067 712260 716335 725009 729382 713651 700033 633047 647488 743928 722613 714240 713567 747448 684126 691059 726484 756716 676247 740290 714179 725261 722186 684517 777711 674868 746552 741860 730621 711248 722031 693699 764094 742782 696381 718020 677394 722256 688676 707034 703074 735831 746020 695404 781167 696207 651327 702717 764202 707483 719748 716506 745112 741981 715173 721678 736742 690944 674107 764144 719295 747879 674057 749837 668231 731101 687584 709414 732942 721031 754311 730025 724653 697765 704298 693957 722508 731383 755178 720868 713759 746175 706578 739480 708672 730745 717385 730202 769414 756084 736762 704245 738789 702476 702328 717609 702152 742336 688121 749867 766443 729586 717234 735139 735692 735187 708258 675095 729062 719639 747785 693515 757338 755238 754326 690433 755603 732935 715663 741280 777550 739744 739226 718920 781485 752748 710341 710094 739132 796360 740097 718032 674774 696686 687626 693512 761784 682896 705616 734410 734518 738110 749670 724022 729226 735641 761657 690341 730211 653051 702696 744772 724188 717872 706712 709256 744190 717290 719218 690476 727348 703015 702838 663903 720547 723529 720096 705744 749957 727105 679227 756924 718732 686960 728232 654041 707657 712664 693711 700459 780897 712270 732422 744524 710221 721015 729791 661724 729720 740132 677586 722168 703683 739785 677473 670793 694185 761235 710659 730349 733859 673692 690763 711670 729444 734804 758748 690126 716992 734034 735972 700907 716997 702803 728248 706363 735258 723339 
706883 701785 738237 681438 695876 666563 738910 702039 701096 718369 706298 674998 684570 747174 698486 744630 673642 678146 648893 747864 703827 680694 698784 748683 727199 750580 700588 686111 680371 720642 744460 703504 691454 663142 763150 717254 724657 711293 679504 746634 721161 751913 736157 692625 703240 665294 764381 727921 756644 716677 715085 697150 677685 717215 715653 685554 684615 703712 668773 689756 706766 673737 695383 699046 684165 732014 797935 740925 717895 698636 723018 710936 723295 740950 728809 726258 717587 683988 723657 682812 726970 717412 741193 692945 712383 726512 702133 709615 711195 663369 631979 737033 704905 700728 703726 759645 674992 678474 738183 758619 661838 730338 724672 719662 737943 674401 745450 703623 741602 761250 746805 725721 717698 690478 765287 741744 682142 700926 669784 742156 664066 714816 662250 691921 747016 692629 767661 700696 660643 687884 730387 693967 704755 700289 762491 752669 725567 726849 726672 698010 693795 747531 707750 752694 659358 726509 653410 750865 666269 669959 758004 748537 740240 720695 722668 697483 686303 675560 698418 703358 778556 716920 750796 714851 687789 718195 700534 758019 713880 710592 759363 713158 712653 702336 706578 653366 698362 698700 710250 714904 672931 739559 719356 734020 704944 708679 695941 714474 724374 657751 722804 726975 706653 691965 733351 720539 776710 717013 776965 723355 686050 710172 686322 717318 717540 723054 740254 731417 724163 705602 723363 777825 729914 726646 690373 695819 677585 702310 730062 675216 702833 730261 691899 707724 708455 728812 721358 728006 742977 691948 681571 654366 718297 740669 705300 695631 677493 730940 698275 669637 714745 671194 719021 733901 712020 656956 709268 704510 717365 716855 742729 698785 677356 735074 701875 653305 723970 625050 683655 728701 682827 669080 750508 693607 752054 755837 713297 713266 702403 686295 743964 701636 665683 687148 685453 727400 671722 678615 676375 713101 746249 704995 737383 662243 697082 707198 701902 749983 747726 690991 697427 703765 724923 706086 749538 691872 715925 680584 729319 713209 
707609 720378 688211 676533 659844 696222 735024 700366 696784 699858 681949 685456 688947 736974 691023 745842 706156 676030 629585 765119 709379 636947 705008 720495 734880 750673 676821 685928 694134 714843 719632 676776 660701 647249 737311 691597 703149 683311 643382 728563 682169 725337 719212 680513 687393 684454 764272 681477 731426 707183 671296 682640 682727 707901 681463 674830 682922 665996 634953 684363 688505 672990 712969 694487 682355 712798 764327 743532 721085 697180 702218 707288 694846 735611 727276 720906 706140 697269 679967 693623 724759 679552 703152 687817 740671 692364 676352 687008 668822 630394 631453 714240 686247 687057 679238 719844 663871 681575 709317 721633 666031 697901 700534 687121 697980 680747 748236 691452 744578 712148 735487 720975 708510 673107 749724 711147 642529 725702 678885 707051 663935 688746 657062 704553 711666 676259 759199 695678 640612 706558 733461 687974 712177 681907 716388 697992 708102 742929 693868 665295 684076 736359 695449 727190 668888 723668 673179 747160 687320 683693 716960 718908 687780 730677 717313 662087 703968 669213 695668 717359 758549 714026 695870 706421 700118 725988 699491 713596 699933 711966 758341 733191 715533 704147 724165 677081 675090 681552 707861 688669 681133 720399 697802 711200 723408 697507 683559 711320 687529 642479 709539 705056 693477 702748 733789 705171 740087 695955 726712 681676 707052 684749 722640 700166 735456 727064 718688 745157 701014 717509 709402 777885 719278 743818 673590 683204 684931 694539 727520 688566 708554 709874 699241 717775 743766 694403 696995 716543 725025 678282 699886 663229 673619 733835 679014 714044 680508 697695 713137 667209 699701 667791 706336 723843 685824 635706 710800 712870 674273 672037 748855 708793 670695 729794 717657 676544 698879 623429 690772 673181 646939 684528 746652 704583 722412 734930 672943 664649 683668 655490 715163 705739 654879 700163 696088 702334 696280 678961 666205 714357 718583 705547 708661 644074 694848 706963 695481 721270 737767 647977 711532 694261 726244 659928 730672 687940 707992 694428 729483 721121 
756713 783728 758125 698861 718260 711041 835900 766747 734593 748095 723296 745670 755918 775908 750049 771472 716493 744180 688265 793097 794274 753315 757571 802421 798332 832138 771601 731899 724816 757397 772230 758334 738715 709482 838614 748359 784515 751721 725350 807299 761378 795074 817476 738853 775120 757267 791110 741729 801219 798848 743176 765766 703109 769933 779330 720770 769757 748700 727816 726466 767713 719060 714664 766325 739851 793965 846242 796536 774674 761902 798655 766832 778313 804422 800186 810224 765219 764039 776559 772228 779292 729213 772162 743650 756837 754164 757419 766273 753442 690213 673064 820734 759384 747915 760649 774929 713147 741546 769308 793829 719258 757439 793241 772952 791697 731936 812662 716874 811704 771019 803011 784896 768181 755721 792716 777620 754036 745676 741810 769484 707469 750281 707500 769931 788187 770514 817635 755616 680308 742116 798980 742279 757810 772953 762481 795012 767562 821572 788839 722667 729940 785427 753806 803624 718081 776146 718078 764888 742905 750428 786780 801646 777377 786289 794877 729252 767078 709034 770640 761180 809596 743651 769057 769563 753057 767243 756076 769324 745231 778318 826629 786511 762753 739587 738685 715285 737902 767572 756661 780626 726814 779427 791724 780069 790307 761321 768986 749017 755866 711261 761302 761569 781706 750051 794085 783115 811076 753048 803432 763551 749267 745893 773346 750067 795100 799794 790021 805795 769418 743959 780844 823045 776960 749707 734302 765844 709035 753486 799926 730609 735524 773435 754783 781816 789976 769972 736292 773951 794540 749798 776214 706611 733870 787898 764229 760772 730024 760684 772326 742571 791247 735861 786540 800145 783963 720406 752535 759417 780120 747597 778614 780014 726875 784038 775973 707180 772897 691342 765044 719683 728520 725507 851722 763483 783846 774212 765264 753164 740440 723187 780154 771498 716431 744542 726728 767762 735896 742558 739494 788619 788196 752115 764151 734213 754644 765133 730793 784341 833244 722927 735345 772990 798732 756494 784623 758775 785975 729888 758269 785117 
742538 750072 748611 658289 720540 709757 807899 687118 719865 729838 737397 731032 739025 759341 708908 770145 717617 703735 699177 793271 766115 709295 739703 746360 782754 771889 720112 706722 752835 729819 752397 704156 728229 668736 774588 768644 732266 719522 694964 797854 731747 786259 816225 731431 736201 722093 783366 743451 815833 763368 706590 738662 699772 745761 731924 730574 762705 720962 714334 737290 755506 715061 716604 730127 687617 762216 795008 793427 724971 743826 788793 731140 745838 772762 772754 781835 756197 747827 728625 731933 744948 728232 743276 741771 756430 756409 732959 750146 719978 686571 662581 739064 729908 763848 729023 782331 717767 716325 713679 757354 696394 742635 761230 746500 749538 708174 781890 740439 777650 732660 748644 755415 742884 722971 793483 765232 741274 736414 730340 740834 674516 712061 705923 721662 757687 719732 806786 702149 656217 737859 772345 700166 750614 744647 783834 775860 722250 780791 780134 718328 732741 754367 725861 793099 713438 786827 671872 753154 737984 710578 776351 771776 773409 742913 750748 720819 723632 722815 719494 759184 808944 739012 773723 727789 734789 742602 734628 769998 741692 722716 809345 758571 760106 732894 747700 724165 699138 760173 737362 773232 707425 727607 759885 730119 743502 750074 758127 713835 722638 670074 759808 737730 753003 731839 757696 738382 787627 747093 775805 727625 714960 724170 746123 707519 763817 782149 788125 772625 743564 727870 770269 835351 743666 753762 714629 733182 703196 748939 768232 708284 726741 732692 743486 729364 765186 752523 726993 757054 779069 749800 764630 700328 708206 776183 771657 747509 711041 758480 731193 722851 737305 703471 717996 791094 736366 708281 721351 758693 731770 737884 761044 746534 719082 753533 727617 704222 761982 671210 735178 732070 726241 721641 795260 719481 768395 750862 701049 719580 717345 707239 782353 735010 680629 710566 706993 759900 724069 697858 701904 773971 733009 730406 766911 698251 720494 737558 688393 774253 832035 718601 731090 720059 755113 728208 752500 737834 739967 718377 753754 792196 
723424 778508 711970 671541 713690 728988 759334 752186 717028 745959 746243 746405 737129 756127 744467 752250 707158 718001 671524 797558 751312 698183 746191 767038 756630 787500 734341 742798 727837 720193 773800 716995 695042 704276 811095 735863 758850 743254 715203 753219 754586 769629 791057 724717 724396 736464 782648 757575 786719 785760 729068 748791 719268 752883 750788 720772 736244 732619 702089 710629 733206 686000 706255 759026 740245 766529 830533 811863 756324 741329 767500 722549 746590 775330 772223 797155 719135 741312 744366 742358 770338 725216 739810 728528 764135 734252 717046 750033 704521 673119 632207 778235 723805 740251 752004 768645 685962 732623 724007 734482 702151 749533 757937 772743 751404 701667 792123 704392 774143 751085 777418 744664 756910 730169 781308 758915 719311 753690 693238 756971 705378 727155 720136 730892 767494 731330 793113 737364 648989 723948 769528 726770 739550 734203 782489 773036 750556 779147 772856 688185 723435 764287 702859 749868 692625 780057 692932 739704 745197 739948 770809 774514 774812 777365 730041 726717 782324 676837 736504 756475 782707 759441 747024 746536 741907 751714 743856 763542 754659 741792 788392 784425 758631 720916 749917 712700 707064 731065 729997 746229 702771 763650 773581 723814 769940 739590 757675 723784 732064 678983 753721 740200 754380 722160 750191 727979 779109 730649 769676 748139 737141 768610 749375 775123 759104 753836 778063 808312 730072 717138 775510 795929 772421 707321 714479 732403 701489 755665 766685 718326 732141 753911 716961 775044 755122 764419 751427 748858 779989 722681 741404 719430 692193 731271 726767 758262 716606 727818 745258 720623 750589 731443 735167 774114 749747 702807 742896 757076 775883 754099 790122 762460 720418 749946 745977 693474 752187 656234 734474 735231 705547 710491 794385 713545 751803 749614 736003 723465 733581 704871 762041 752586 679853 707842 692390 720353 735011 721733 717914 773468 744791 727234 774590 690769 722795 730777 714359 771162 803011 738900 741711 736786 756485 709817 781028 735018 758194 713557 751937 766929 
711904 732303 763105 658783 700313 706313 766693 713655 714752 721338 730556 717071 721607 760155 707745 763802 723092 709072 673282 783796 738110 691926 688048 751775 785762 782131 734493 734479 730245 718656 746512 701377 698941 671618 741022 723306 758204 700523 673512 754719 717924 747622 755836 736900 723929 686941 781490 726503 773902 736627 708866 716886 683642 719617 708871 739346 707370 718421 675674 727994 733729 666280 732999 709330 674911 731236 788318 777772 734982 706267 724847 723158 730914 738986 760908 764168 747813 747109 697222 709794 765563 724039 766462 700914 742575 717049 713783 690316 720153 666525 651977 743703 734341 705732 720098 759350 703042 702536 719119 756980 716800 736794 735057 749177 727396 684313 768484 708008 762274 727369 751477 742789 715440 690841 768893 759839 695777 740732 692199 721703 684288 691707 702605 701618 752744 692447 806222 730692 637228 697514 744897 723766 723483 694285 754003 747207 723483 762088 713172 718569 687168 764748 710557 761155 685699 767046 710149 750098 708525 674603 734682 790699 726721 746410 711018 731142 715011 697191 706253 731522 759233 714808 736820 749228 724088 732824 715508 766690 725021 727729 772189 743083 728465 723503 742795 703268 698188 718622 719568 720421 694962 731224 775002 704458 705229 735016 706887 709981 715389 678274 728746 731334 740554 700902 744033 756749 761337 709074 756663 736976 689097 727713 751877 723281 736465 749648 748207 763668 733260 728247 771085 791075 727077 733441 714197 710105 666063 711954 737003 689251 711445 734001 717795 708902 760512 745219 724561 729820 741136 716872 734305 710545 708757 748269 717824 739534 685181 753828 718744 684775 713140 722955 747518 783624 728049 659096 698986 762021 735425 736701 764811 731671 707426 757072 718140 671917 728232 629381 717428 739590 683445 676505 765202 701234 750606 732804 710137 699704 691400 694268 747812 730753 683076 712238 685838 728866 689830 671350 685723 755716 744265 735400 734660 676152 687587 733731 697015 724653 796142 719346 699661 694768 757476 745647 718215 706741 718870 694874 735556 740070 
723821 742897 725585 660680 659892 695354 755098 732755 684570 699389 681670 707510 711967 746099 680527 754640 687864 692726 652817 766514 729776 668531 698042 758764 732109 772448 709077 689276 715812 728188 721882 678403 695186 692516 775315 716992 732940 697030 676020 747167 724082 775478 753131 705668 713916 711918 746528 679240 765940 744664 731558 707749 671671 731568 683165 676401 692814 686628 694205 686102 740818 684440 683168 694574 695970 703573 805947 761272 745001 704655 717385 697658 718388 732263 745653 737515 704713 690406 708096 680693 711121 738436 727264 682805 721468 701759 702302 712564 701578 661657 624570 738747 717633 702721 689933 740926 675688 667025 743789 734586 681510 717991 738683 734056 726477 684693 773247 703871 770261 741678 740866 728173 705008 691936 739649 732945 670911 705897 696616 682944 676409 719828 646796 702516 743746 708224 774826 709833 624299 713847 710542 693475 710690 709317 745162 754704 703716 751033 739537 691789 681116 744331 705636 742548 685258 722747 683460 737198 704949 696612 726420 735717 731121 748985 725557 708893 725756 678187 717221 741935 776598 727332 710266 735479 730095 755080 706286 758535 713818 710555 766809 732409 722906 708011 701708 683057 694945 696816 692444 726208 700043 730578 714975 711211 743762 712413 720133 722209 700639 674793 721322 708916 720610 698741 751557 722446 789265 714255 767907 702193 712749 704575 722194 688455 735480 754904 727456 744875 733805 721400 733909 758163 747426 734163 682788 692600 696320 705952 721978 703845 681502 716049 672341 720703 726871 748797 703290 735384 755932 688601 714058 670842 684463 749386 725434 690207 676278 728907 723965 675116 735562 694024 715275 762084 731207 692867 691874 740009 739869 688606 740618 711735 695113 718290 735610 663089 719879 654550 692184 695234 653521 693659 773774 699741 722691 742725 723757 677761 688332 685825 739950 710243 682604 686033 665035 722512 671980 686640 682016 753684 744933 719496 731612 695463 703756 690600 679713 754957 774713 694592 715927 716051 716056 754392 746707 702593 716377 682503 709962 722013 
699941 706751 686700 644157 692155 698156 735660 677786 695370 667776 681472 680772 687811 717867 684017 707777 688962 657930 660276 755708 711909 684634 691838 705229 720865 759095 684039 648768 672375 691308 748991 696229 647785 646397 721990 697512 721071 674846 671091 735216 698068 731853 754051 687871 704692 664943 753451 689037 734730 718853 670609 673604 672347 700361 691508 674960 708965 666327 655143 666288 686899 649859 662206 682803 680104 721880 774812 747244 688394 687091 707933 673469 701573 718136 703459 708801 689142 676648 667434 681681 733688 710536 751390 689674 730175 718656 700119 724958 722211 647703 625877 731868 697866 690819 693745 722889 648930 662906 719022 750659 646279 697187 701690 713736 724048 683828 743261 663371 693061 704128 709449 733730 705043 684103 738787 739485 681296 722545 613592 688596 650460 691502 694748 701413 711420 680922 746392 713399 648781 692821 740443 684862 693549 672482 707435 705762 693037 710641 703279 682976 685817 714352 692471 749623 686498 742048 654653 724726 657633 666278 725661 732645 712910 730784 663449 670040 694940 657757 686825 691008 747937 692615 717157 749448 689517 712756 683342 736741 686002 705527 783615 742426 727601 699738 713752 636618 701239 697098 686740 699278 651478 735893 733706 711946 721059 687632 712187 667122 707935 651595 696917 703927 691961 670608 732938 715627 727771 686858 727410 692046 713234 718817 697139 699387 719174 703772 747289 718517 717587 709482 720348 750609 699663 695329 682559 699739 666350 686157 701788 683067 693357 711101 687506 702454 735340 706416 697093 697227 731200 650776 680196 659449 651017 704018 694170 697320 676517 689466 679947 692543 708169 686682 712644 735209 694789 670617 709135 703919 721127 728803 709787 723031 668687 696566 724714 636005 701187 635031 686966 689154 665183 682818 741262 674451 730809 713111 680841 668616 692989 661117 681378 677242 661614 691662 663306 702900 660904 678875 657889 723671 712452 699481 722474 654213 690585 692241 679504 740771 743086 686330 684963 697815 702175 670811 743672 708234 703258 653247 709499 706528 
703099 726555 702813 631055 644173 682594 723350 693066 677901 682659 686448 700289 705494 736567 685819 736119 673755 676518 639911 762670 728413 684535 710988 730417 718529 760304 680852 679700 682123 689684 724455 691815 665507 660037 761783 678752 730661 701378 696792 736617 723572 750141 748588 717744 704379 662921 749704 682631 742692 742439 701075 703435 677257 713231 722848 675822 706212 674200 650205 717430 714257 664319 666790 721975 702743 730990 781751 744072 688686 681152 713853 686777 719656 757606 741363 719412 698967 697657 694053 662265 711065 691493 715085 714530 694544 723407 677079 696564 696316 648481 625001 717785 691957 699835 705259 711944 661717 699176 706242 730875 629510 743055 721394 718252 739762 660380 739244 701173 748286 713129 734502 707271 696422 660677 728798 716699 652098 694375 680273 764730 678840 692497 670079 693567 727767 713948 772580 706141 615783 707367 760131 710941 723214 708421 747009 716430 731332 764970 721077 691701 682991 738248 684022 753162 672986 726742 646483 729181 690991 703331 727740 755392 723763 765730 706291 688584 714141 660504 698373 743517 743536 696831 714542 722213 698509 711023 689579 733170 739537 707116 757979 734825 727026 698854 675756 691242 698814 731787 679501 714619 675823 737105 733648 709378 702611 695076 688911 662668 707694 669598 727896 709917 718574 679897 733206 706633 739621 718610 741756 705777 714846 691460 710384 683465 722301 743712 711419 752296 695537 713006 717407 770211 728586 712593 664739 711348 650275 704791 717582 672092 687390 734717 701800 710612 745092 721358 691294 737428 747897 687840 667802 664046 673368 755446 724688 714328 685839 698353 719078 712451 706898 672971 714864 730098 701697 668324 679941 734523 672909 709298 722160 701736 706511 724801 703438 659009 713528 621195 708041 704508 698912 685909 749773 692145 729966 734261 691744 687280 676551 696790 729282 698964 650259 671426 671674 729509 695044 693637 697536 743743 710927 704070 694040 677551 695332 722591 701551 753548 745625 666242 716467 708780 723970 687078 762242 717647 723335 682082 709418 743896 
757629 745743 760022 734093 729591 734967 819927 751585 761655 742400 736035 740374 738998 785038 748737 792983 724921 729339 720154 827182 781205 746687 761210 796525 799964 806163 734526 733870 775615 722144 770909 732918 710822 704049 796364 763195 798075 753520 713625 804144 753436 794106 787736 759395 742281 721997 805998 732465 799887 792402 725874 753217 740145 766432 755207 733743 751146 741727 732508 739364 753272 710100 710084 766602 734005 765007 835752 819976 761183 748510 740899 745424 741213 805915 805685 771971 757196 779728 764607 737242 789048 772980 780681 764841 789395 765483 761597 747857 734073 687248 679992 810011 759579 755704 735333 757299 700138 727134 781076 770786 714486 759051 782676 739771 770874 724108 825420 736194 778287 776046 805123 786101 750287 733041 786125 758892 727849 774524 706599 758773 710531 765123 711446 750442 783895 758787 823352 732346 684258 759718 769478 745871 775162 744653 770107 784175 771456 801390 766952 762962 724704 772544 728189 786836 708168 812603 702352 767093 731199 745346 785054 781931 778984 788411 759061 727718 748336 717097 746481 771551 811885 767371 771381 768489 751104 783344 739011 819175 742065 778747 801908 785928 786592 763210 769046 737064 707214 746387 736733 760559 707513 775590 774397 753123 768208 778571 733075 748041 752779 724534 767619 750757 759169 733240 781759 801253 813092 762112 799646 764850 771489 735718 770259 779875 808185 804862 796019 802312 767768 743276 780415 823599 772656 763491 712476 726314 714534 756065 784692 729633 739596 802075 729766 764011 796318 751002 748837 759537 789947 767699 756588 736550 721896 775546 766954 764183 738031 808868 782050 738342 776040 702123 762785 812215 739039 713267 745951 778779 771117 750936 806348 777529 737709 765798 754151 710351 758186 684145 736792 733878 730081 753351 836788 735188 759564 773263 754913 758259 745882 732489 794522 756386 710165 739804 702306 768150 731353 705950 720972 799581 762968 750901 767580 737085 733875 749570 721199 819402 831437 724819 778114 760816 755934 726650 784206 734370 774289 736512 782126 793292 
723539 718149 722504 680950 708656 704750 777665 716111 711709 727735 736633 702903 709972 747502 716407 735144 698286 683153 678374 777239 749594 696656 733639 742006 762490 761494 703109 689939 690330 723796 741702 696237 664247 663418 771796 741271 728474 705746 685876 758097 699651 770315 747464 693274 750351 705147 771670 697219 769572 750230 716240 711528 690314 723688 732774 722786 712194 698622 707295 695948 729930 691791 676138 723927 686908 735657 783458 768195 717305 722220 767606 717623 707063 760144 775837 761953 740451 735757 724926 708896 712114 726365 735018 727649 754958 734126 702856 725320 695773 639746 668105 744816 711170 721847 704182 721329 697030 684952 743441 738940 692590 727288 733788 724915 762886 697114 758277 724401 742742 730899 721205 737826 739664 714916 769361 745703 675425 740922 689079 746020 668085 708688 706678 726251 741207 676424 765232 697153 640894 713049 763876 735465 729350 720334 747280 730920 693559 772419 737198 710835 685194 755264 680328 767789 699071 742596 688304 744970 717850 699071 741322 773995 735610 738023 739952 704593 732725 705148 738124 746748 781578 718032 725813 727811 741020 741667 707764 763986 726404 719103 775854 743786 687923 700317 724458 676283 695271 717019 728768 713625 698068 751444 780339 712599 753914 719007 721885 723271 721504 639465 728817 722512 739250 705490 754745 782583 773857 708436 762074 730170 741656 714498 779655 717423 752832 746900 778622 731510 766651 740330 736903 797790 766792 733482 721751 719034 693227 708072 733297 684745 747260 708996 720915 704962 780883 753266 731361 761908 782327 681217 704142 681559 698781 766088 703405 731664 707332 722719 732153 689163 701210 712950 762895 741222 719400 667649 710471 741220 718885 718014 769194 724465 687353 742861 715788 671166 745523 639729 705762 700076 689165 697075 792668 708799 757769 723143 693225 711841 711745 707863 740775 734003 703872 717198 673359 724879 672162 715043 667709 738156 750963 728205 751386 695044 699984 729318 713446 710547 774881 699211 707457 730349 717313 745694 734510 715370 741943 684959 734285 743015 
725296 757976 712925 694318 695700 726415 764588 718493 711313 713713 700146 696480 704842 740313 711439 755278 703865 721740 642507 808886 736250 670708 728123 776856 746123 780508 709903 701928 706604 744729 798692 718087 678067 702880 759554 727613 732154 717790 668879 762105 711142 744138 771921 715767 716767 698560 774998 736376 786028 750288 708866 734308 664371 710993 735555 719953 750524 709927 694102 709589 716877 684126 700923 712728 688903 766781 786702 785091 734716 728803 754029 722602 709562 751382 758778 753282 764288 714496 735711 726921 745970 710533 747199 701576 740091 750306 709480 730374 745429 696531 638258 756405 688967 715744 700816 743079 688105 696662 740706 765266 679907 742069 723046 716994 746153 725913 763895 724563 761322 731150 741705 731517 740931 701036 751625 749525 685955 769680 666731 733327 716669 714222 692617 729855 735692 711858 795508 711176 660187 739284 765649 691466 748774 728915 771073 756552 686736 756391 736681 695040 685792 723731 722301 795919 709219 757943 680734 766932 687497 715936 734172 768446 761920 757584 715033 697374 761591 700830 709686 744198 767108 712706 738909 781047 729472 743295 706880 765450 756954 720054 769273 742042 749431 733525 735383 698666 696058 710554 713506 757550 709622 756199 773734 729480 751746 754589 758636 740583 709424 674510 736352 755816 717416 716390 741991 736829 776727 685052 750294 702025 738169 723221 732729 731276 746732 773434 741876 760980 724549 725789 734241 804483 746219 752746 657738 708809 689032 719155 739359 689818 734273 712867 762436 711527 771684 733335 747057 762562 787002 691888 733976 660942 698591 736483 723377 748228 695353 716489 756312 733314 712765 725027 752943 742425 713206 677218 706459 729933 741657 697380 761045 739036 692665 779569 735873 674054 760007 677955 703775 721487 704484 716505 765839 717375 762246 734386 692450 719459 731010 680937 734072 737528 677671 707828 698476 740989 723768 704559 709149 768927 739344 726325 746895 686358 718803 751440 729577 758601 784748 675558 734637 742325 759040 686691 756273 718665 729357 699364 750909 759876 
715555 744730 730578 685964 697713 719748 776643 698598 717195 743399 710222 712268 712043 751829 704746 761320 687657 708866 693793 787714 735413 705451 720912 741902 752443 759433 693847 692956 687290 733345 743279 722957 682476 690573 793202 719100 743616 722792 684010 782091 747199 734665 803186 709568 733718 676128 759087 719095 773760 754253 722138 748502 677782 727944 737653 713563 729049 711018 683010 700641 741463 704045 715388 729134 703206 729150 764246 791396 750996 702096 756928 720491 713010 761178 754685 727729 750773 738399 703706 697856 744201 721432 732081 702729 779305 760470 717304 729767 740153 666103 637459 757557 694212 698205 696931 736815 696026 706781 724754 765819 710860 729627 710656 713186 714423 682250 771973 736774 793010 724973 747519 736859 724977 673131 754460 716725 669796 752294 707391 754527 702686 729116 702929 734712 777031 698970 787662 729749 665543 732847 769858 717682 757666 725402 761217 752897 729679 776418 698028 712962 697519 777714 750202 743069 708444 736119 696854 763007 696495 711513 773585 775434 763615 780330 730266 711324 738105 704208 727744 723917 791208 720191 736348 764177 732300 756557 717309 781193 703479 741249 778209 764334 754543 744237 734020 680918 702326 704142 733912 720071 674764 764734 762550 717550 748231 717314 717852 721843 733298 665275 742805 711792 740056 701985 766830 734133 769259 732551 772271 743852 702753 698977 754197 724245 751881 738982 740280 790880 754277 711358 739203 805270 741987 734547 735847 723207 701750 718193 763370 697861 743631 759224 727920 734666 743199 735907 726665 731342 778976 711472 706546 694463 697993 724954 722015 735187 699375 741638 735384 716555 720661 686324 757206 742110 700375 683972 709422 737322 745505 734470 755792 720175 710248 754772 731009 704304 725787 670252 715712 711748 710409 712789 767520 709481 740664 736946 702684 690423 693649 675848 746232 717406 700014 705720 690123 717608 713767 691206 695470 750866 745050 720007 734142 707009 706948 746553 712035 761734 801281 694693 704456 713992 741179 715118 764720 710387 741035 706322 732937 747495 
697547 698523 689155 675483 668173 668924 770490 685871 688223 715344 705349 684653 693942 719831 695782 752890 708875 670895 658257 762898 734856 667461 705901 731167 759598 765437 739786 665843 696644 693805 730105 694061 653177 662302 734553 717161 737450 712580 695064 759219 720069 750377 753561 677672 712208 658202 745478 714872 737229 750229 689442 710232 666495 708043 689709 692572 689067 711498 650755 712775 713036 680067 681134 714856 692271 708528 778233 750779 715887 723038 730926 727276 715418 784253 738921 745138 730401 704843 697176 694272 749714 714166 722929 697096 755319 721571 692321 693365 681415 623895 630008 767006 692136 696763 717253 736154 677706 703689 706485 723186 680881 723979 709398 714094 757580 678093 764810 681251 760578 708990 754385 731202 708130 678251 734958 722705 674100 682278 666460 741893 676560 701813 680658 700872 722919 689220 788622 682777 631723 694330 748026 699611 733943 692229 733767 696947 686603 761088 730513 702250 689706 739352 690115 743317 691580 746949 664138 729170 700026 711961 752969 742039 740551 706469 693093 687807 720973 658739 701288 704499 745699 715073 731088 714246 702406 736177 700360 749323 702700 711960 754406 734143 706955 709134 714290 696363 653434 717536 712491 716009 679072 727552 729679 716164 741758 742053 716299 720782 691598 626022 728344 722534 742179 691476 725375 738463 742929 679267 740844 710010 697915 710857 729933 694851 721902 745071 738356 754146 711237 705398 738534 782079 727437 710603 690945 707186 663071 713188 731414 691530 671377 708844 699049 726272 723369 718748 687258 725893 739302 716775 698472 683532 688849 751087 709046 713703 668515 709556 713120 691151 726912 691399 761438 732637 719284 652952 708682 742441 724974 699331 762880 736263 702664 706843 714585 661059 690138 619267 725925 710735 691521 713512 775690 698372 726358 722708 693023 682899 678876 700427 742403 701376 692004 688012 654769 723486 690924 689939 680412 726943 700189 729528 692376 653722 692242 685738 681517 732873 759981 675386 717702 692178 723841 709027 724673 707737 730190 692955 696003 720279 
685591 732679 682712 660369 678216 684595 767907 683205 711850 677885 680319 682535 707798 710309 657466 741796 689114 667270 659429 762075 728194 666841 681934 709228 731262 737370 680017 666183 682911 656574 713233 679191 665899 613164 725520 698952 729076 685791 678536 738309 668544 740213 747376 668642 711323 683512 735870 689204 718582 736804 691038 675335 645352 692596 697000 687574 701131 675012 644449 677565 674819 661643 685056 682597 658024 716368 763139 732752 660743 701959 728242 705031 703478 716172 728340 709436 686818 679369 661633 677437 700623 674775 712729 694341 703555 693994 704743 694934 672769 628601 597828 706047 702955 702379 704470 729915 681854 675327 704136 731413 668745 707447 676188 729480 719205 670838 723026 688994 705406 687133 709910 702965 683231 680477 730704 696784 644015 688313 676690 694234 612934 702535 687924 657162 714051 711452 772941 701066 637014 686041 764099 669200 708940 696001 742437 741229 680268 746944 710357 656376 667093 715835 689825 740475 654153 698890 648426 698435 688855 678016 684096 734353 705697 692460 701602 696814 685149 656657 673321 712236 756386 700261 701949 694933 679923 686610 706947 737476 706964 692272 753933 707680 682777 705547 684251 669054 657977 695322 714136 707406 685330 701374 728821 678576 721131 685977 715579 670247 693127 658941 707519 702765 707551 654223 754134 700178 721946 697333 696428 698456 688604 709272 689657 686581 741294 732718 740802 725449 714021 692076 731673 738545 688616 678170 676566 710275 646755 694168 701160 661360 694264 710251 703796 688883 722103 697769 647825 725285 737360 694607 667607 640513 683037 714449 702588 696746 696686 702890 681408 683571 696581 667078 679584 720350 707843 663811 683476 695600 689473 693564 726967 719134 683217 705377 697229 676406 712490 620062 664705 689934 676345 693550 750479 678432 693167 688381 666981 660021 656833 667840 707771 674658 665495 691184 639212 685145 693070 630423 666933 717457 692127 668847 736535 661514 658717 681958 646276 745380 771570 652656 720025 692797 721878 667706 713443 676026 711998 653070 701434 721603 
742434 762970 768434 694059 710068 742967 784472 732722 744242 717976 720744 754456 763120 773384 733778 754706 717016 725309 702585 800759 785993 706156 776824 791620 782135 797788 744885 744727 735934 733731 781531 764206 701852 682250 787330 753855 796955 750369 691282 809715 742911 744229 795572 757977 769835 710603 811162 768601 797075 793577 750576 734807 719883 770958 753081 736619 749546 733379 704573 729627 731281 707200 740022 754207 700733 770010 799007 811943 763569 736280 782975 739162 733930 786037 786516 784230 766321 762556 748338 737109 727714 736850 723950 736283 777650 790789 737275 759651 755790 680712 685892 764253 738794 756674 749840 775062 736175 730749 760432 760023 693360 754143 749002 761652 754442 702806 756902 748059 761422 731299 751823 778358 726142 727734 776817 778772 712819 731546 711461 741641 685018 721888 711990 743388 765848 730539 845661 733015 694000 728077 779709 718033 766954 741345 786400 765003 739037 818339 750100 716868 701167 774899 760500 787003 730484 794233 714368 766854 763499 716390 783207 785879 742943 772356 747555 726618 749165 730239 726209 764184 787491 736988 758741 742232 746336 764211 755841 790561 746172 748786 801006 773256 747627 740117 770272 714592 726606 737859 738240 750608 746856 752468 763284 743116 759691 753451 739581 735400 719279 693913 761070 737701 755829 735099 763555 755062 796239 754183 797482 748488 752345 749377 758446 747675 794558 764484 762991 793911 745058 726376 762674 834825 780531 739549 728929 716210 703630 743089 741485 698061 703923 767826 724521 746290 773901 759106 732532 769037 783463 736424 726785 724744 717239 774017 745248 735034 721526 739473 746722 732291 750869 728342 738134 769000 739547 705804 760184 782042 771605 745661 783888 765563 720974 778078 745953 730420 773905 672359 740690 746411 746392 731041 800190 738972 758364 745768 729587 708867 729883 704812 751387 727338 686793 719490 702140 734364 741174 709911 731386 771425 757604 724319 753708 712590 699275 747017 726033 757585 827354 705563 748862 742814 787671 746782 776592 716783 756863 727169 752430 790924 
684956 715929 689714 670454 661753 696682 750001 721093 699476 722245 669572 694854 702488 699306 686009 731809 708276 679492 658732 765911 730004 689127 693526 736116 718218 739306 676425 642590 696369 703904 717008 673111 674903 638572 760419 692046 721406 715604 677048 769478 716857 757856 755982 699139 719243 682211 768898 714047 759856 729681 698125 705891 667465 735945 712708 698923 717999 708435 661227 709553 706402 676995 686077 710202 712335 723864 765078 748656 682662 707542 746115 690433 706515 773432 752386 718011 711052 728976 709149 693924 719610 703778 738152 687142 743365 695377 690458 720509 696479 640656 613018 721855 711211 685516 710605 739198 650448 667779 727585 713152 678365 705434 708883 711763 738806 697934 764932 689002 726816 684673 720656 693736 720901 684857 737194 710884 688584 714970 623230 722093 677421 699285 670875 728325 724095 711016 757655 678011 641235 676744 776039 702059 728157 694584 741036 720096 713870 749562 734716 683547 672671 720483 671956 749221 689420 747394 652913 731121 675750 704148 741585 744714 713690 726053 718973 676362 727557 689612 720914 735450 774385 679022 721140 753565 724236 723951 729339 757014 707731 717604 746535 719345 728334 694325 712253 658977 658880 710558 713710 690243 673444 720483 713088 728096 716614 719670 718804 706070 683093 638272 715424 702875 725589 685692 725712 736741 757721 715986 717836 708978 711279 686620 726945 715916 749707 717398 720323 753083 721159 696498 704497 767438 720896 711897 675672 693787 670876 680968 721758 688042 699561 687683 726517 718384 743730 718110 706785 725706 763774 708591 714661 661636 679418 714019 731692 721223 705556 718042 695601 681508 743101 687303 735272 722715 725027 677413 707658 703239 711874 706160 751182 711802 673720 711884 715588 655590 701693 653290 698078 692374 694397 698391 782887 686626 743832 715077 688726 685977 681282 677611 724771 696078 658308 670106 663255 708984 687195 704066 703971 764894 736473 694115 710281 666958 688580 681537 682693 699142 763828 675113 695756 701063 694816 673464 756949 696193 704822 668714 704364 707982 
709661 752127 742743 704821 699159 732665 793240 715698 749108 731784 706207 733724 731661 756568 709203 779301 734771 720340 684471 792397 774400 707064 723747 785793 794836 763052 734810 714768 719777 741049 753810 748921 704392 660918 792447 721397 767764 742974 709765 778415 728413 763277 792964 708151 756815 726638 765812 731277 773903 737407 731270 726955 726330 756648 708236 725779 741205 741790 671128 730033 770501 733761 733716 717432 714976 763916 818900 809842 739727 716858 772462 694359 745709 777557 744167 776179 716489 757146 743587 741964 749074 728771 758219 736988 758349 734728 702881 713583 697566 668082 667694 762939 731386 720704 736102 721529 731271 746231 744453 769974 712851 728643 735185 757141 749453 728393 806673 740807 744702 746024 752081 776193 715801 720045 784367 780136 692965 720402 691670 749647 712892 744959 713494 745591 762684 707252 803869 727825 662367 749119 775070 678563 738078 712157 767646 747835 715149 775992 752175 722202 702941 766807 725269 778955 732223 753378 713192 739664 711233 697944 748210 780013 732806 755319 757410 733502 740941 707775 737745 746471 785900 741850 739318 745054 731333 772930 737696 770376 735967 753407 792863 788429 744115 751377 733328 701064 703224 735765 748278 753720 699798 776225 769529 735953 731941 732952 735109 724259 745456 662664 747369 715905 738484 737960 784542 764301 785657 747192 775660 745963 725072 746514 751298 731312 744168 798118 758731 796167 757681 725391 766307 795807 730709 744282 700425 741690 700774 739674 772227 703697 722505 756539 717094 746676 757728 751465 730667 742469 789111 715615 739824 704041 728561 758822 733197 717001 715494 748872 749406 738394 731385 699612 732294 778937 744663 706037 717099 773845 734252 760599 781511 752910 697380 737677 774194 687171 750871 649889 715537 714997 718640 707764 807994 712191 763954 758248 693347 714152 723074 703237 756820 744106 706896 711527 707543 764600 716153 692271 703252 772135 782112 726563 751833 707312 722085 722972 702865 787301 803992 723670 709888 768544 755796 743111 767049 713841 742971 696004 725742 740991 
675318 684171 677740 639967 655656 653087 701043 663628 655258 651535 665635 656208 662401 697524 652814 694378 678931 655381 618277 752247 686565 644007 658627 709144 709292 699766 656902 666187 645090 670873 705570 670270 633500 594040 708993 677720 704029 665153 629397 696376 669192 679144 715971 640998 689888 658142 684009 687137 700418 686917 661043 680469 618286 705452 687031 685646 668939 651147 624007 649494 675998 640274 663964 648919 657957 688352 709526 712096 677121 665468 699132 657362 678815 723064 686285 708842 674833 688703 693954 666240 689161 640921 664591 665391 709857 674207 633421 674360 658494 599973 605349 694090 651161 668296 673402 693933 653837 646261 684225 690483 649880 680669 672198 668223 681763 672659 735051 656188 690157 685421 728982 699119 661063 628573 726920 676239 670348 655727 643836 693995 638232 644449 641918 663094 682291 667830 772076 662721 609546 647472 732297 654454 658887 654492 704300 697111 669985 701257 688131 655804 667253 710340 670884 678149 635434 687264 618682 656508 660253 637917 705233 698065 688295 740667 697412 653817 678395 654826 677546 681487 696600 677737 688102 698374 657703 669614 655309 696187 672886 670240 706220 679614 691939 665294 656918 621607 632153 661233 674785 666338 633122 691872 719480 674416 691438 683262 668742 668762 673239 620559 705457 696877 673679 637152 704756 695792 702032 655512 714792 668945 665514 672387 669125 665646 691716 687690 678664 726930 680047 663640 685641 778454 690333 682641 642323 662319 643101 656882 662240 640201 663883 684055 633514 679717 683479 672944 662870 696936 690895 664066 663773 646739 658111 671591 678364 679122 681877 670161 697001 655953 672219 654513 699346 699969 665403 645215 661753 712648 676622 672653 674600 667509 656158 686532 669815 642548 700520 601258 637984 662521 636433 636455 720170 662717 675263 687596 657502 661866 658486 660459 735115 665486 638623 639778 657334 686721 638381 636621 626141 733904 691248 676529 691166 631760 662127 676362 664178 711513 744907 650702 661376 681130 685569 679051 708334 650023 671422 664897 680647 709713 
709208 719427 700964 645273 695217 691946 723737 694910 668912 669402 681279 666811 705462 733863 687373 713456 690841 698277 639457 758880 708044 660065 697271 737612 725568 729664 670269 675672 676814 684867 707074 697983 658132 646721 764504 670732 715904 689927 668370 734776 703546 752458 726169 680341 697358 659067 773053 698539 727120 756608 692075 693591 647702 736958 711191 682858 699369 675387 643569 651183 700745 658683 667374 717797 657706 737828 751439 721710 706490 670833 716854 673499 677470 745736 745405 730725 697564 724406 721637 682363 713025 686166 718426 671294 697604 701029 691057 707360 694515 605657 630381 719591 680002 690777 691314 722086 669013 674510 692683 738606 683409 751810 723788 703475 714403 698494 731373 664286 741263 697669 722610 718995 679204 676960 734366 711970 698190 706025 654000 719087 670720 677378 666106 729066 716895 671449 770920 668664 645485 711187 739134 674409 684743 702064 732413 744103 708278 753295 719670 672518 663913 733846 679068 754984 658767 727866 649433 730658 703381 676285 725211 748833 715138 731412 714850 672074 694126 651069 704115 703789 759838 704441 691845 713751 722154 723944 689257 716778 689803 703883 759011 720612 699529 683749 694105 679304 695226 706111 706259 716696 692248 727130 736969 691429 731084 694210 698697 714943 663723 661261 695335 700771 700670 674652 695799 710597 747493 705976 729571 690039 711367 683019 734499 704618 731797 731214 721387 744862 681316 703364 711759 769848 708231 696500 656448 692080 674344 684047 703514 668950 674689 728622 681564 705588 740789 721554 713675 716928 733171 676178 681444 651845 678280 708034 689119 696445 675127 701115 725781 665746 705935 678383 708047 745480 692086 679407 683188 718985 723260 689100 746566 727853 683880 728111 702887 657797 708236 623741 688735 695973 664240 677541 752401 674663 712153 721690 689204 696265 680082 647361 715129 682282 646423 689202 654926 718633 699417 686135 697356 756396 714385 689392 723339 670697 658669 694233 669391 703270 755332 639725 710396 691655 718100 686384 715082 678506 703010 673208 696753 713448 
702539 731831 704395 682295 695944 719914 811388 720681 729061 698592 712421 728484 717626 714274 703319 724828 730733 687023 662692 779943 733863 690617 707273 762644 796414 774533 717682 698317 709884 728845 756970 716392 672624 686722 757751 702133 748769 724673 672551 771700 709225 754953 763962 728483 719322 672307 788664 714412 761117 748978 718335 723924 675276 749815 727428 712998 733107 708239 691271 691887 700861 676667 711875 718037 681039 711455 793060 761925 737244 696313 762246 724439 714898 757614 739354 747826 714077 730959 708828 713281 722281 702796 752309 701161 757215 762767 718503 733850 715463 650911 662267 748221 707871 731950 704304 754272 720359 737338 747085 722264 697215 728167 750661 745734 740258 709625 761087 702488 756168 724694 760809 749199 739728 747377 759201 762910 715996 731767 706008 716482 668898 684019 692744 744721 754598 734392 785236 723349 646855 712874 767275 701703 734929 718725 753029 746507 717598 774846 736736 700670 709724 766744 719852 768502 710228 757638 695973 770322 698789 712624 737730 737386 731627 744433 728201 707408 740685 688602 704244 755797 739573 701405 739577 753529 748252 732792 713465 754323 717443 752346 798966 729771 745422 711492 734372 697502 684824 731283 718117 738129 679453 755366 752576 732754 758126 750793 724553 715416 720225 643548 761553 734096 725906 709754 753070 752009 784113 721547 759722 720774 701315 709119 736588 703604 744200 772683 768428 756438 711411 705682 735051 787188 726984 746583 697104 715919 678276 719286 744573 706550 698973 716536 712580 707148 756483 731671 723001 733691 760362 709398 729488 684406 680582 758598 727975 705529 694550 726185 747472 735390 715543 696091 752655 720028 709605 681487 715880 758644 734037 715171 774874 760674 707097 761289 735806 672209 733366 639380 717859 738162 700671 710818 815819 694277 728787 741498 697378 727143 736451 704598 747156 738714 688218 695311 694845 728148 707397 696848 673084 760133 735447 742893 724206 695288 710303 737962 706800 733321 788553 693074 725670 742473 738434 687403 738780 727525 725594 726501 740600 746555 
692097 719002 717862 680920 699935 716269 755746 715964 733609 721956 696612 685290 721909 745061 694694 747369 698766 699171 674161 799962 740451 675604 709743 725546 749248 744902 695381 698529 667083 705535 712795 712172 678068 661821 766530 738622 729273 719237 672045 768341 711932 748372 737462 712117 692030 712874 750913 705358 749761 727826 696380 715758 673484 717422 718931 707117 694708 710852 649789 689214 719068 691344 694959 713929 677838 742556 773952 766030 712210 715613 726503 707508 729037 750514 749768 720865 732594 704587 718141 688969 733760 716355 689148 694741 732255 727913 708503 704224 715596 656333 627607 732285 715026 729249 709476 711275 662950 701093 721873 753092 702700 746471 728550 740708 731330 691417 761551 703614 735903 723647 719587 731900 726750 675370 727317 722384 682002 732609 694465 736943 675417 735721 692002 676631 749906 703925 790123 697414 638009 724897 772089 693271 732223 694634 767952 720265 734164 752406 731265 692949 685079 747735 651982 744714 665417 742497 669588 715581 681595 714482 727402 757255 751284 748131 717559 704865 728554 672686 697243 736847 771004 719619 720805 738907 719765 747681 700193 750525 726210 729084 768309 759622 722865 718298 711994 674588 701859 717116 727216 724573 672626 730812 752409 725942 711342 707135 710548 682170 710424 657670 742109 706453 737099 693434 756913 734000 740479 703526 752953 737491 711757 731709 720898 719957 704998 738587 749986 770373 711619 693386 729674 780699 741817 717540 709315 703080 682502 714044 733577 671748 726205 727205 730861 720741 758084 746392 693740 738229 766490 708274 709957 661982 696984 730632 725335 713624 688207 719946 735202 704695 742733 700131 736466 739218 701039 679340 712444 754191 709389 696338 754127 711691 706392 757025 741132 686956 730456 660035 671861 711508 706367 716003 803470 706367 751436 747969 688017 708609 684280 702493 747754 675837 673402 689070 689525 722427 685280 683056 685407 783829 730837 685188 728537 683416 683522 729337 713398 712773 778179 696645 715538 696124 740287 695178 766095 704376 732933 699227 738879 753102 
714309 730305 708453 677014 715086 696416 771211 740886 727753 707550 710336 683691 734157 744300 725660 744653 717031 714616 637166 794971 740849 696322 713264 755024 783045 795644 706107 682399 706447 727223 737935 704013 716734 645624 780741 731643 726605 708875 692648 769007 721102 769816 767864 697281 739805 695282 776262 717562 764654 747134 726038 723180 680028 754034 727922 712934 716805 741487 667839 712435 705479 706673 708455 747958 710634 710890 778763 747503 711365 724091 733142 735143 698401 775601 760382 739745 710744 717301 747016 728212 765297 728510 758609 716498 725835 714348 730072 725162 747149 661117 642001 760821 697988 736506 698885 744139 701055 700327 729565 760991 715881 746078 744591 708125 736777 705737 761244 684457 729570 723856 755759 751765 719374 673304 760815 728109 693810 740480 694267 741943 667581 728562 689133 732414 755136 698902 794570 704306 645262 742217 752123 692727 718803 713438 711082 777395 706279 764461 730702 701716 700167 736577 676839 773622 664076 778361 658927 751416 716147 714497 777271 757623 728003 732310 727612 710530 729449 681008 711701 722291 767123 688346 726166 726450 724458 748796 705590 735308 698178 722785 798299 756390 744089 744241 737610 683987 696782 701618 718421 744830 695451 746613 734345 720535 756035 741886 731566 690357 688888 631554 749838 715810 719303 690894 765608 742442 775415 709052 787187 697986 732402 749747 755829 697516 755241 751337 738293 779349 737368 728690 732000 805109 778309 738447 680193 733949 671227 730395 755512 698848 721974 759992 727401 699442 733831 749593 723714 723177 783083 706627 733270 694420 672837 720753 716694 712712 689499 750492 743448 697159 742275 705835 748372 741501 714002 658409 716557 732541 730464 709817 748021 740108 695935 738536 717995 670386 748819 661362 698124 674921 729108 689086 821664 733804 732501 751808 692719 721500 685315 684249 731696 727570 692657 670046 672358 725632 679095 688230 695914 781253 731169 706893 743739 696957 696903 716865 692446 760387 779062 687602 714679 735662 746577 704900 756972 702879 724938 693093 741298 737783 
664677 684635 687321 667870 624188 647235 727185 674143 677558 691336 689215 657742 704456 687806 700317 687421 669095 632761 625194 742129 714509 660883 683936 682799 719434 726629 697073 657308 676161 688544 729909 658353 649028 659616 722463 717534 709524 675334 652014 731789 690214 705529 746120 697842 679099 683350 730710 703688 732953 707316 663844 698546 676224 693796 676241 671468 676349 675242 646755 680658 680894 679309 653748 689352 668647 709733 742650 740862 697138 700527 700800 677360 697068 733171 716905 727491 682464 705938 713269 689964 682914 662933 690898 685963 728410 721582 669610 698283 694814 618800 623083 699613 702459 717470 672492 691735 642030 681546 700687 720776 635382 687824 690102 692269 741105 662238 730549 664490 722837 691018 704340 746776 688461 668401 727781 697806 641849 645998 672412 719366 624216 678893 672021 670529 698144 669738 738198 656273 617342 691469 727374 653200 693910 682298 725364 685949 648490 727943 693276 686674 683685 741034 657589 730087 635880 698095 646818 710786 682557 646405 723668 701001 703449 693553 685158 665971 678243 700566 687940 710548 710374 694249 700359 712935 700396 715119 693919 710632 726013 712731 721252 697161 701744 699924 701793 696164 673981 669256 699627 687887 646984 717850 697441 678058 701576 711578 685194 709733 652794 635026 708579 692498 696300 675823 724997 712839 746050 671354 716884 679990 694996 687600 688560 672240 733142 707464 732835 752849 695974 678699 728590 751508 739021 698076 680597 696641 655490 688619 723421 672238 671337 720452 690572 728900 682373 728662 665109 720973 732489 662061 712842 652779 638627 721780 709220 687770 679438 683932 691623 685521 713940 688504 687865 712211 683801 657882 670535 705404 691123 661850 712274 704890 660919 716258 708605 634766 669613 606827 671858 684635 680418 686863 727006 658960 745471 712560 684030 661341 684023 665547 706448 695212 645896 696740 646410 709070 669664 642007 668778 721899 692917 685194 702982 678307 655931 669947 694989 704038 741400 696537 683492 681273 708654 708345 698603 661629 700962 679716 694756 715618 
751017 791012 782618 710524 755877 748431 804517 767422 769659 739912 745595 739771 779647 797411 759838 799435 735284 735811 723201 793446 786607 733286 755416 799581 802820 819559 756856 735971 753007 775078 804986 747507 715435 738844 835929 758125 789499 753842 733920 829531 776765 818737 828696 774714 778317 736565 842682 755635 819223 822163 764539 784477 711348 794380 774306 731924 754262 739587 739608 785562 764501 718823 751800 775008 767053 794702 818578 808531 753796 709956 789349 783856 736096 820742 804489 808941 813552 781756 757848 760419 782970 764506 818169 782914 775064 794158 776092 772141 778556 683574 690782 816531 773615 768138 781743 798987 740532 750114 780356 812957 715335 789097 808918 788128 798270 714612 828084 743209 783459 789475 789370 796258 770606 729210 829068 779143 738186 770022 732376 783997 712138 785149 746122 779340 802417 737905 819001 761276 705339 743668 813565 767045 778139 764145 800325 794630 751305 829497 759772 761544 749935 798371 777754 824210 725152 776225 725639 799019 762088 744714 766746 807683 790334 789472 781939 735409 765272 705664 764934 784639 803329 760034 782480 790234 772191 778678 761953 813488 776886 752665 839531 791244 775091 758769 770724 722503 746570 779965 790318 766782 725595 798068 800190 783224 799508 812628 778125 764624 768644 687212 802792 762406 777105 739086 804838 811620 812764 747625 830323 771158 757243 771103 790705 795862 791078 799064 809737 803645 775930 790697 794024 848901 776783 758599 751246 739691 709412 757972 780985 726383 753855 775643 740862 751776 821927 785955 767244 786559 827371 763619 762649 726278 742398 787776 788642 789813 713574 772200 805341 782738 782978 741627 773119 793081 742782 712214 740486 783089 783901 761703 798046 800080 743904 792882 794891 718996 761458 702329 777334 761291 745873 737415 821545 746946 819257 781717 773916 764166 778981 707767 792945 769719 739432 756810 722992 750227 724809 733010 756653 797912 786492 769077 784186 731019 736748 790642 757842 799005 834104 745948 772299 759816 791390 760786 813194 762198 788593 738267 783439 793932 
732892 743035 723478 650278 680879 714969 761038 721194 686631 714279 692546 677745 709162 759234 727152 750252 723175 700222 672852 762022 760358 700103 752072 741975 740109 742894 705360 720746 680204 732721 735913 692192 694851 668501 760641 720037 748112 708002 704406 769156 693577 776836 771909 704375 726697 682823 756884 733101 766310 786501 719061 719718 675003 749248 725326 684324 748646 725663 682117 691445 718950 685704 713283 718915 701650 749024 781417 785931 734387 687443 755186 697196 704535 742554 745750 752279 720112 740937 727847 745374 725152 718963 767560 715883 751950 743620 681322 737717 708873 650760 629556 777124 705704 700293 719675 755203 665526 692075 720717 774178 698187 755004 744110 730875 731995 722044 732729 711052 758731 750646 753256 706301 709122 696666 790581 744024 683714 725854 690045 742458 676787 728309 683123 726431 756952 721631 801815 682496 647035 714644 748480 698691 713643 716456 774042 747772 700985 770487 723897 691907 671027 769326 721122 777995 719428 727438 650341 751982 699836 709869 742895 737469 749468 767874 744357 726843 710244 698008 738407 715111 773562 758771 720640 751362 704810 737278 679279 766847 720875 728691 776184 761070 695914 711650 731192 657031 668318 720034 710001 733034 691813 752573 740344 717837 741433 705856 710783 698083 717218 653781 742902 731816 715230 711847 763072 758950 784682 718477 769382 699358 722823 705493 747852 741968 759850 759553 754061 793885 707575 683411 734034 772665 770382 730847 709084 715121 690767 719074 757754 673971 736724 738608 724606 734551 743423 734146 723859 743502 756917 682073 704384 703369 698557 732705 710442 741233 699673 740912 758308 725694 741024 710735 724888 742945 715689 680614 701223 729966 714785 732603 754649 739052 691234 741219 736626 662844 727427 654352 695170 707000 674181 673961 765985 705802 765815 729345 722681 697873 681363 694152 748286 736711 687484 700023 716039 733198 692932 684414 704251 755597 730651 729899 757455 672372 687032 707768 696975 738858 788066 704842 739119 707481 744905 725282 754194 711142 745416 677331 740410 723532 
745523 731348 741986 674039 720604 726854 784906 729348 739639 730822 733269 738874 742588 800541 727165 803406 710583 708292 680626 805082 756111 725782 755710 780807 777816 786233 739744 731846 712596 755384 763117 737212 702280 682875 804454 751274 755525 719499 685160 802865 732753 779543 775382 748208 736076 735643 781171 724275 797844 749293 699218 705338 720352 749369 749297 749977 766223 749457 717767 727231 745617 699700 711157 727039 712329 766724 819844 810098 738379 708562 754749 733786 720166 784934 774213 775675 741201 731956 727858 724063 756375 740040 783192 730181 736298 766837 723524 718501 740779 680739 673165 778986 773971 711940 696779 756744 722272 700199 723871 773280 720036 744992 758637 761604 751158 707727 801685 723855 755248 776653 764829 762597 736011 712602 768477 783259 685367 744150 680153 749471 676235 742364 710962 736962 758546 770868 816586 725309 688428 722016 793117 709349 727696 733948 754527 789574 744209 794057 763934 737067 730826 766677 703794 801157 720885 757910 717089 745537 721295 758781 741438 782234 783381 764815 723686 705015 727324 712591 720732 748036 808467 720907 763667 752385 717457 729633 727737 765662 744132 752584 819827 771455 738713 732358 749623 692355 724918 731140 740229 759938 711521 745914 777560 759543 730284 768300 730261 722949 737038 686928 778221 736072 746722 720794 749211 743516 791503 740892 771686 744701 735199 740963 744709 762707 769976 779251 793305 812951 727864 751776 757703 803404 763646 751876 682608 722581 710919 748197 744113 707718 717545 756211 740154 747257 780649 764918 723068 754776 806898 727794 750361 689880 703608 738746 758695 745132 722689 758865 750381 719019 750252 742416 765580 767756 722839 725962 741423 769962 741413 718955 771712 754758 734078 755290 766800 713490 741479 678311 699164 715417 721203 708668 806679 731982 755310 773498 728927 727269 711257 709119 756995 733518 681229 734771 714840 751098 729692 715594 714719 777558 730664 733642 764289 735705 719880 773579 718684 794822 783435 712770 733573 718864 763308 730291 775461 731992 734916 686970 754292 776311 
747279 772656 758608 707463 724246 746992 825685 743182 740835 716275 744753 720163 763975 762467 733797 760115 732827 704907 688548 801884 777042 717052 753523 808605 796186 782289 740833 717182 738604 742036 780675 749079 735885 692691 804971 781987 757384 739455 704774 816831 736708 789147 791307 742084 766722 715312 791953 746353 797587 779593 738878 741733 738097 764214 727716 740089 752273 749649 738134 704171 772747 723132 745358 739575 728499 749053 840204 810828 763871 736257 776084 768207 720343 804281 791394 777783 769480 747711 752812 760899 779422 743501 771415 744685 780093 754284 717569 742409 744029 693525 673503 788784 758547 731733 740090 793521 718529 738934 759366 777748 743538 747804 778369 764582 788172 718729 800320 731527 792042 759431 745975 773631 765930 715737 786824 758582 714333 741512 681084 744505 694424 739401 720879 761604 762540 735384 820930 763788 658393 761485 786560 741595 765991 748203 785282 803294 737118 777518 771772 751104 721361 795302 745620 785839 712667 776884 718176 755538 739314 749464 793393 787734 739513 748627 782118 713528 746050 703640 708658 756822 805188 713658 749746 788793 750956 781787 750648 779188 757669 739273 825094 775707 774338 736821 753590 704866 725020 764537 736034 749858 731115 775367 792879 764414 765033 789828 755157 758649 769761 674830 764402 743468 776094 721965 758233 782811 803870 753846 798737 732262 735973 757598 768140 751601 784331 756964 778367 811697 774675 720466 764671 798879 759955 782408 707746 754070 714146 744944 764413 700098 738732 760396 742613 755287 781996 784727 741274 771577 804725 744851 746400 696125 720701 754097 770961 746590 730420 752949 762493 736624 780158 728747 743067 781892 780650 722579 750107 769438 768087 774195 795618 754881 722049 811921 775226 729429 770104 676211 727593 747657 746865 721478 796371 752768 782449 785085 720280 731083 724817 707488 768947 728237 701798 729435 708206 774138 726098 720390 732342 756400 805047 760901 768072 719880 771609 772732 751307 773855 835995 737371 743838 758893 769513 733311 775050 705959 770600 718223 772812 769352 
797353 797126 792367 737885 763886 789225 852736 797992 765547 782077 772993 785516 807027 791787 786878 809149 777885 763814 740793 851198 815378 771323 785114 829181 830112 829980 784076 768863 782907 773203 805869 766879 749961 720338 851589 814626 813159 793802 747583 831675 776954 831933 874982 776895 792396 763622 851575 812011 860581 804460 770368 771474 745126 807345 797713 805032 811234 775959 744358 784342 779464 758484 770444 808690 774928 827403 873580 845570 805411 766723 819418 779149 788423 839239 829758 833227 793528 796080 792553 788566 806837 792399 807312 738010 798165 813084 769698 781638 785124 742107 698392 812613 807317 786233 790685 814438 758166 751464 811743 833884 766031 814125 814751 798846 828138 765782 831640 754902 816386 794074 790985 829036 769314 787969 825610 810321 760435 781407 735703 792954 744105 772156 769131 811580 815456 804031 870702 783512 713669 773328 831836 788653 767483 795272 805652 799713 799979 817670 813779 766997 749399 841876 773059 844402 760779 818265 744939 818359 781750 764636 813040 831784 809502 793941 797514 759629 819917 746672 781959 798485 828863 780617 795836 826379 777001 822925 770847 820574 778928 807681 822635 814057 812841 765453 797367 777940 743874 808090 794555 815055 732483 840365 849775 782592 830760 802319 788234 788486 797897 716505 805019 794717 811618 767464 811836 819502 844032 776201 838112 772416 777626 773655 826661 781750 804722 822716 821995 841236 789996 769025 802233 867181 787443 820170 771040 797911 727460 765325 790409 749103 784900 790161 784407 795170 819086 823805 784073 830270 859613 766172 793785 746131 776759 813830 773645 789795 764472 773619 791542 765437 804824 797383 828537 797792 770897 762456 791879 813033 801705 776190 827823 813128 745077 814445 758573 727310 804111 707365 774314 767781 775724 747674 856188 765272 824818 821508 775691 753401 759437 730544 813428 817526 749502 800532 750677 811349 767680 742089 747725 840406 808102 799942 831299 775354 769358 773073 769144 808960 872371 757737 763708 808264 822359 754583 813829 775637 800333 742324 791696 816363 
718054 734249 746571 685953 696631 715720 796049 705967 753287 706154 710145 755384 736679 745752 726431 744088 692628 711593 681586 817988 763551 690388 718726 749369 772461 778301 768712 708948 733619 727396 756633 732754 698806 682932 798116 746317 761242 759454 679340 772758 710522 751941 790098 720709 722934 728657 788603 740746 801144 769772 700493 737469 689305 747940 735400 743112 747641 668730 712233 730090 717178 703540 719082 711073 725137 753446 805484 788748 746820 742483 775688 745994 747815 802021 746490 754466 744145 723698 734699 738334 764562 689304 762995 734631 757650 766193 738677 720816 745074 687613 654101 755139 731113 736558 734579 759997 709109 707100 748915 760125 683421 733085 769779 746557 748745 686222 784199 722477 764517 787515 755582 766149 735024 735714 745916 752027 681681 732573 714350 741001 688340 739797 700883 717262 750123 739637 803936 721297 673537 719794 786814 718674 723545 719001 804232 737245 726095 777678 751666 726749 710714 775990 714664 789593 704458 768001 706257 746378 708706 720187 753268 771464 774747 776021 716145 667937 769683 713883 741423 761172 762516 720915 763410 751312 759057 770249 750655 766427 730655 748697 777547 763473 750218 733403 746635 719868 713116 737644 722704 743458 710398 747563 770417 744041 763590 766522 756802 739059 708508 664865 755700 751391 760585 715643 757125 757006 773131 716856 765823 708615 734816 736984 762326 749856 759029 752069 761743 769321 741064 738804 772452 809380 747105 739257 725459 723447 688163 762095 748672 704201 743474 735278 719249 724508 774648 739422 724049 766858 789181 742432 729266 699489 721126 754731 704179 749154 713909 757302 771493 716337 743739 715713 755712 729341 695441 691834 720930 771343 769375 733295 760636 752121 699541 762581 757288 693695 755683 666553 712986 714161 700397 739721 808086 716272 792163 752835 718763 715133 740167 704581 746654 729982 725427 726677 686970 747789 712098 690446 727544 781007 733594 712562 729763 684966 693753 740238 718735 787121 783389 733113 734061 702025 774357 723906 762620 715032 749046 696027 718932 785619 
761533 745585 719575 698519 715197 703771 794772 711350 722337 702635 729661 714640 754274 766484 699242 743951 701129 706729 670593 804547 731539 720634 724555 745569 756754 776772 714824 722492 711905 742916 742715 719425 695250 675802 812171 737711 750214 742843 690948 797228 726402 755705 782449 726981 744845 737680 779380 743055 783851 804830 713131 736688 712625 759366 740583 718327 741546 705814 690662 719226 729635 721225 716355 746549 699214 755114 811944 777190 732244 723192 735137 754534 733325 762090 785320 718833 738643 734822 732823 735649 752743 716426 759632 708933 738989 751736 735956 740184 748291 678868 667568 777998 724806 756818 735980 750311 693594 679587 729145 751572 707635 766757 768093 786493 745831 721067 787560 714223 757798 736848 766640 746490 736670 708975 767343 710567 699371 740541 718923 732912 694619 730099 704983 714556 770954 755304 803558 731648 642840 748856 760957 738973 765278 750935 775698 763287 733806 799039 746360 689466 702714 795586 723053 774291 715437 770350 701382 727612 720239 722240 782474 783019 749705 769995 725060 721025 735019 714712 745052 749177 781517 744165 739998 744806 764026 751603 736051 774878 721937 744269 807263 759323 753467 724942 768114 697475 709022 732398 736876 742452 681793 756694 766371 730990 782550 748420 754514 740070 726073 664036 733537 743474 745315 714444 766054 742722 785023 728387 770067 743390 734819 708801 759434 750301 769880 741049 757945 784612 745165 748888 749405 820629 731921 737090 721482 715560 719705 714011 756765 707623 751501 750017 721160 739345 738297 779202 747566 750346 781798 695167 735784 696632 707596 746450 717694 729655 717285 736207 740357 725440 749732 715136 753679 758336 720332 687000 718031 744130 757298 711068 775452 754201 716471 739728 743167 703350 733958 669114 702153 704779 724157 707957 791127 714411 758597 759603 728847 703383 709165 710514 759546 718448 702028 717024 710615 754968 709115 692105 713749 773645 706414 744383 758711 692807 723819 724751 708454 748736 824400 703279 728231 730230 765637 708024 776922 700546 753650 724900 749711 750594 
671653 723444 690062 665780 666373 695658 765887 701027 692331 655747 678681 674336 697727 716774 674574 713870 668911 693221 645391 756311 704402 647362 660545 716112 739097 765003 690341 678655 733143 703353 751121 714844 665222 670105 750213 708593 708447 692493 666398 716392 700880 747034 758365 693575 711222 681423 765131 710858 757095 719356 707457 709828 656882 704108 708212 687442 694476 666739 639596 672156 714185 675558 691805 680517 676428 741656 751777 726075 682268 697377 706285 696583 704916 758446 744407 719579 733826 706412 689520 699183 741965 683050 725890 696103 749495 676562 717657 706119 695674 635892 620351 716096 706762 689531 712419 746411 694791 695152 719560 754788 664771 720237 700673 713598 724896 685746 747696 679954 743419 717253 727759 725615 718369 673247 728033 703315 680682 677552 671056 727085 642776 700899 676817 697378 717812 675333 799189 694532 648271 722175 760939 665391 709578 682848 766614 741277 680988 742555 720145 696814 693142 712475 689564 735923 677194 731258 672179 702122 655457 672074 756867 719874 715286 712448 705821 687409 705221 664805 699232 725393 734795 698608 704928 725185 717408 743654 690641 736247 716090 699425 768898 707192 706114 705331 702338 686467 679573 715457 684045 705541 692124 710283 738774 714164 728185 724451 711980 712016 686815 649446 711381 702166 707689 660107 704839 719857 721056 650642 741681 680900 691350 699557 708134 672679 734918 735656 714813 733902 680016 710032 757035 771006 709206 709365 677722 712295 668227 713442 685335 663103 690334 723294 682794 709811 739761 716278 679528 690847 722312 719066 711624 649871 697839 712094 723774 722803 676716 731229 705928 676583 729464 691879 742761 723015 704054 672591 713258 721516 711450 710322 749222 741623 669405 703410 719031 664596 697132 619740 676832 714628 693156 705764 756891 683793 734941 716210 681868 699414 708134 650281 723714 683327 657199 681824 677500 717192 667305 666656 672615 715151 722350 720454 705000 664296 691290 719796 669026 746034 776887 685061 696053 695380 725703 689858 741498 690181 700280 689075 710235 731862 
730194 737278 746471 681010 719290 721012 762508 739223 704038 708583 718098 709318 718385 766973 691414 753299 709178 692737 665230 790418 742450 664821 735470 782571 755571 773017 688159 707811 722639 711548 758411 720900 707350 686833 782767 729441 755246 750856 682180 780838 735701 763283 755204 735825 743381 687201 789009 725238 759030 776750 715777 719555 695432 732721 723137 713012 720014 732057 695715 700329 742399 687694 698856 752005 699747 737733 814664 760208 716667 732780 751487 738786 748855 760606 764115 765735 749865 698516 732043 703740 757751 714686 745478 717183 748668 733242 734348 725430 702711 652192 662545 748769 748048 749768 722627 744946 677163 711345 742544 735434 682584 745944 765275 765933 768482 700941 779740 714129 764598 765945 746685 741944 728509 713386 769142 752105 701417 722001 701817 735568 691485 706895 694218 732502 742391 717727 800236 714030 648853 719534 770386 723339 729726 700888 768120 754036 720993 785428 754714 701644 701869 766533 705885 788654 715358 785555 690248 760054 705350 733958 736981 773468 725547 741658 709191 697272 735285 687212 723065 746579 789127 718038 728075 724827 727643 756011 723440 752985 729374 723679 799078 740223 713304 712587 715270 705095 699070 740924 719260 735173 707760 733535 762465 730470 725380 744340 734506 691822 707461 667492 744170 753827 731546 717628 744042 744895 776841 727103 782515 709085 706232 719260 747468 695621 742192 777045 734799 762735 731762 732116 719826 821168 760845 702526 677789 736642 706000 734194 728887 718844 707835 752061 712448 714150 754041 787436 700952 746460 756881 721712 716348 701023 700636 773032 738706 696404 683313 721176 721781 681438 732174 702949 736176 739787 723256 684619 711435 748742 744808 750360 769845 729753 701196 731316 717622 673844 744586 649991 724744 707433 711385 700090 812048 728352 768737 774339 705744 724989 715483 709634 724275 747894 690937 730895 695968 720811 706860 709001 690985 764460 727172 720970 729883 691418 716415 712074 710932 757705 764271 691823 728244 706002 759588 727391 757166 721822 729603 688146 724308 758351 
723295 742851 706190 660972 713079 707084 754934 709840 696645 686751 679769 688765 702581 763284 681640 715986 703362 719117 658868 772324 731727 683467 702037 739933 726163 744907 714364 677742 692374 721117 739923 692285 693597 649827 774592 689842 719253 695025 691471 739701 705390 747448 768896 689470 731949 692383 727215 726534 743999 761485 709205 712296 670652 741538 710528 700972 704565 694646 660409 670497 699368 682540 696213 746195 693822 734514 770494 728716 700443 706031 727277 714313 704014 763506 758660 711106 722994 718566 712680 720740 728757 691056 703764 698388 732919 738050 721426 718011 680637 642444 629930 734852 702024 704687 720847 742302 678989 693467 720551 760100 682966 728661 727022 710810 713552 684860 771130 704728 763016 701275 752470 747242 724981 691854 740719 717650 687140 708906 687128 729616 671182 706238 710945 711103 726203 681001 782719 731857 663537 695550 740405 711803 722785 694394 752911 729999 714204 761818 726328 681213 677172 758431 688224 747214 681301 738151 644731 729575 679736 678825 736890 738520 754005 748603 706804 710108 731998 699201 734574 718555 737693 711877 708111 745701 716435 723346 676189 757857 688819 735890 761423 732140 718280 717613 700456 666189 694567 705008 706253 676910 691900 721983 733430 728617 756096 716562 728990 689987 710026 690831 714945 712439 747006 656847 728441 721507 733147 709461 742762 733365 718740 723987 730169 707840 734374 721742 725725 765189 717634 715626 730252 772342 717421 682517 701182 706267 714687 709769 735261 700844 708694 739626 730502 709176 731379 735935 713733 741440 721708 717176 678005 682931 707413 717513 702817 702961 697554 731258 720297 704837 709173 688954 717817 738476 710543 661516 694687 753319 738008 722076 744094 720542 696987 739649 726898 680133 722502 642570 690633 689278 669350 689685 778917 711937 713400 726905 721094 731176 677047 705035 725839 691942 685910 698084 689429 713802 665197 681857 699608 757983 693784 697934 728504 677976 687515 680066 714002 731667 790555 666935 691627 683684 741138 717407 748516 703224 742002 698645 722129 737236 
735443 736683 685162 675483 696265 686564 756254 680917 704611 712916 675908 702173 696006 739433 677162 741276 680186 668917 681538 788616 735692 644062 680441 729060 746194 752394 718724 689036 687278 690881 715694 691899 701414 652432 737624 736034 747202 690275 682531 763324 704887 756409 758735 701830 719643 667807 748124 723823 741512 728269 706526 713840 676715 729527 683560 685335 713328 688108 701290 676999 716574 705457 718576 704457 678657 720503 784384 765441 719696 682938 752993 704752 713577 735572 720064 731456 707910 695585 689675 681073 738849 692952 715295 693565 722728 721247 708027 699968 704884 649353 632682 734630 700235 712147 704051 712959 709806 675051 708843 743222 682006 741420 717195 719925 717128 699964 753218 704099 717844 710541 736983 724540 730216 667366 732513 745367 658956 699822 685057 706656 651453 740641 674629 713003 728181 693336 796117 687648 633740 702134 744141 706466 693176 687004 730163 723524 707578 726438 722962 701560 663666 774759 719935 748345 666126 755502 653912 734964 694553 661664 744230 743229 731728 722338 688761 688008 697063 661763 688122 738885 747755 716313 707456 731166 697127 735778 694228 737212 693416 727214 741607 740504 690136 715571 730006 664603 693565 674445 713942 726857 692524 729328 737808 698469 718895 732363 697195 686536 703267 653198 753337 687330 743544 669093 732653 721826 753056 666358 739072 705847 681622 718359 754072 700855 707258 724180 738047 759459 715413 702713 715246 764963 733755 704265 679460 690449 652293 696884 729653 659470 658317 743476 696515 713391 741559 753900 699629 729680 742749 700775 666295 701288 692216 718892 702983 682379 662226 716524 713294 677861 706613 683745 691368 750241 711842 672696 698530 731668 749909 711094 720436 736567 666163 716716 702574 663945 704943 639187 670302 682795 691506 681412 757323 683044 759477 711616 669164 693910 692821 655334 715077 714082 678260 706557 658769 708871 670801 647607 686589 741668 705778 712122 718780 677601 690730 702005 681142 735357 778223 693146 703147 698312 725061 729885 740122 688959 710446 664360 690921 719368 
695851 734479 707499 657861 674159 714428 773935 693724 709316 692262 686716 707576 715857 723858 693000 739989 712008 684625 673750 738386 720504 700597 682117 731406 729121 758441 729467 710050 698857 720355 734360 696874 672399 650940 789872 705169 749326 719021 685497 745210 730754 758686 765124 700960 702006 711354 746161 713521 748013 746696 695652 726542 703789 753971 709025 688705 712462 701908 676891 726354 721213 680432 690821 710073 688601 729280 792029 764167 734738 698449 734410 698249 688944 771401 794115 728984 726811 706260 707899 709625 721244 720437 722187 715194 751396 731743 708587 689655 671127 665435 644371 735855 727281 723024 699307 724360 698628 699830 721106 738938 679235 702054 720338 718158 714016 672555 765205 713021 744268 722029 718891 732432 702481 679709 734327 724311 688082 732902 675117 701277 697094 710437 694579 737282 740171 694710 781613 723280 647887 725686 746010 690240 737182 737623 746745 739337 703462 780107 723435 705769 700467 737230 704575 744522 692568 742689 669777 753714 714260 674112 753895 735594 708098 722034 732158 715063 709543 693481 716371 696765 728898 722528 714512 724787 735461 730282 713587 746383 718610 728122 758293 751205 745024 707161 717278 673896 702886 700128 699743 735627 682389 744960 744137 728461 718064 691835 705802 713162 740095 644746 750371 674674 728857 699915 732852 710102 721574 694053 751941 696054 699259 717327 718845 698898 724701 734414 762183 768675 735408 719775 744869 773576 715344 735262 684262 728438 663330 695069 742181 696638 707700 711629 717012 752699 732462 722168 699760 736573 785050 734067 732024 660574 685578 705291 725642 717027 719162 691761 726976 714480 728412 696078 738207 747677 727054 667097 728644 752952 715948 723896 773062 725559 680767 727796 719871 697063 710433 663085 705703 688336 731813 689160 761308 716680 737243 728171 720700 684919 705299 674764 702873 714176 707020 708686 677200 737485 699356 716863 691180 739121 700414 724445 702564 683513 691491 727464 702536 725151 767967 671214 674175 715094 743553 705763 742158 703792 710359 698741 758764 735217 
726393 762555 763567 666222 682752 692416 754582 729216 716248 715633 696052 725173 735737 749733 721685 768343 712122 728753 704786 817404 760003 697871 732724 774225 753439 780600 726276 729151 718594 728781 761658 720760 711933 678882 782304 748035 744832 731548 673361 781556 756032 775733 795627 726229 731347 705753 774654 728924 815687 741779 699447 742654 690045 774171 718577 727236 714367 741458 685764 701226 717360 713384 730846 744279 725105 765365 803386 783122 725478 717580 781024 708657 715809 743367 785660 759558 738334 761971 779168 699944 768761 704425 755686 720704 758852 764708 717921 729916 726714 680108 663451 745415 737604 717909 729922 748040 709468 722402 749325 762642 704854 769061 753422 739956 754962 687342 786938 692228 751970 725268 743688 768928 752487 704564 773940 766072 697574 714060 690784 732085 707136 735982 704160 726616 735344 703467 789611 698593 659102 729289 753787 724106 730175 728797 734520 765836 706026 787690 741681 716504 727906 789201 709783 767497 706615 776416 683663 778363 703728 705985 754615 795918 757855 742271 730476 732097 716351 680030 717828 741341 779319 729078 769475 727028 735450 757024 714100 740924 744255 752166 781021 748198 736855 718094 746009 703640 734216 725960 749533 720589 700967 735333 767582 739126 743714 766542 742893 716907 721366 686520 734211 757939 750345 725207 755892 782791 755637 744953 769905 723334 730409 715099 765355 712820 761398 767615 761964 768514 770302 713166 754594 794031 754662 761591 709228 712452 695352 741170 727357 710717 689252 756758 714536 727011 745429 741169 740080 734478 770889 718749 741161 687553 701104 765131 746072 754029 701880 742808 758720 709432 757579 724623 750496 730648 740803 697352 714021 775161 733145 715447 771287 763742 706973 745918 734232 689453 733925 682247 728774 734119 714568 711975 787914 701226 751058 734477 728468 714297 738208 687960 740300 741790 686307 729299 704964 747108 698859 705996 694394 769256 749650 734100 743469 703000 722630 731886 692764 771056 754154 734849 738992 732187 770275 724075 762004 734270 765484 698562 765839 786872 
696712 717282 736987 671505 680787 696841 753220 713343 702613 706493 720096 682521 706396 724973 707918 722748 674306 702213 690016 767089 727294 709941 698654 748471 778685 751793 690777 692820 677772 708902 714082 723242 684479 674807 775830 721709 728127 696484 675657 770701 719403 744062 753031 715844 718397 689434 748373 714496 753931 757914 693401 738916 678679 725867 706119 667156 705879 694981 669135 677534 714661 686510 680948 724960 667550 708216 771295 770230 728973 686360 720408 694119 692316 772170 750262 719863 710353 693635 706279 709441 724205 709926 725787 701512 731806 718945 703531 706496 699447 654564 657930 739132 722821 679947 704825 707874 692039 682382 714143 717230 678428 730095 715689 715588 719355 715123 744964 704673 754315 729427 721070 739630 713922 658252 734027 724942 668866 713814 655882 736777 667449 717241 691054 718985 719106 702560 809137 691194 651345 723151 769969 722386 709353 711650 742552 731204 705258 767154 710893 706158 686234 762237 690936 749811 670789 750306 701667 741014 708950 689496 744361 735036 720764 730097 719772 694279 695583 663876 683881 724685 756400 717218 717794 734477 724730 727229 702279 746428 717628 705133 755329 734934 738820 722765 700265 667028 702479 696260 714161 753073 680116 724555 737343 695438 726347 713502 714573 703593 738294 672032 734973 683298 740457 687843 710597 702940 745405 670154 737951 716083 690372 709599 738001 713407 746178 729470 742844 768661 726818 708190 728811 792691 733904 731312 709871 718529 671132 700341 734514 660719 685770 746925 718543 704238 723782 724150 697920 723039 732508 682500 703115 664300 675172 723799 715506 713310 714849 733461 702042 686864 702164 688196 704246 770323 714270 700423 714987 750556 710301 690448 755107 700487 679068 749586 731643 691952 708229 639552 668143 696552 706550 698914 754026 686491 683699 722858 685934 703962 704882 667705 735181 702367 677369 692227 686480 705533 693686 704610 692720 759314 711220 706688 725036 675979 734829 717960 648751 754313 794775 667234 686896 732608 726244 698492 753611 691553 721705 687484 734163 726190 
708003 735787 748362 648455 666939 703413 751675 699733 710516 701043 679882 686238 702975 752148 709638 757124 682283 682537 655285 777628 732174 667708 719175 721824 750232 758220 685678 685065 724007 723032 713586 683801 685554 682533 773759 730493 713271 700487 652230 747424 720475 760581 778850 686894 716849 661385 765204 697217 782518 735353 691065 693187 692343 727049 694976 715779 708762 693446 654516 715588 710634 649452 700839 705022 688986 719200 781594 746974 716398 707341 731250 706462 712662 761670 754538 718437 737781 696812 675976 714669 723600 688928 737368 695960 698002 695609 696393 718276 673937 675147 631437 732026 724394 728759 674602 744308 659136 694823 726491 739117 679491 716495 732817 697532 719985 665676 754322 675128 750587 712258 717836 711917 705865 675633 741747 730600 660552 752202 670577 725568 671079 698016 676878 716950 740740 677305 797795 725193 635463 680251 762410 718323 744392 697717 742751 732856 732354 738755 728210 692379 673824 742597 678423 750633 654857 736962 666286 739221 715572 710452 745863 728440 711588 756209 724553 662481 701962 673574 713417 713306 754422 686121 703605 730771 695131 719094 718265 752904 723257 692371 754320 712292 716486 701712 718958 692044 677083 706503 710468 728294 683725 743109 732347 717957 714135 720250 731569 718546 697361 653609 741342 700181 739560 676485 699035 708201 760054 693656 734241 703581 703715 687197 724063 717388 730437 748913 718940 745748 715517 714007 713997 789086 742314 714326 678244 693247 691188 721505 714709 669176 710376 720153 742894 691246 728577 725782 697863 696846 733337 685786 703653 662106 700233 734171 721731 724150 660199 730107 706095 672786 696021 675794 722156 737479 695428 652779 709928 723965 707832 716901 750611 716051 682574 732639 688034 672202 710049 627700 726968 693873 698513 676858 766095 721652 722356 730702 695273 704500 694020 665797 717573 701844 665104 680975 655512 714736 705884 655187 679247 733629 748730 671153 731812 666557 711805 681301 683569 759060 776316 691788 727006 699601 728374 681693 735233 688852 696550 674155 728745 729628 
758273 802944 786202 727724 716294 754696 804157 764008 765755 720038 743548 770989 804098 776933 754714 829250 747877 738065 711652 848192 800525 718099 757777 789626 813300 794837 751187 759319 727622 781810 784567 734428 750486 728854 833101 772700 778113 767276 714394 802177 753713 810474 800909 751778 791428 747476 818471 791393 822352 806020 751367 771360 741652 764985 770363 772055 757392 748485 748601 774304 778548 719858 743865 781870 759891 778836 816308 813692 782693 738683 804459 778840 746591 827033 813123 792008 796297 759157 748390 714581 778981 776983 798300 716943 809812 769005 760855 763125 763670 715226 679002 795959 774560 757722 759604 796938 729903 744677 773813 790977 736206 777297 799287 762002 772559 732977 846171 767404 806680 814043 784874 784455 774110 739021 803672 787328 711340 757508 743688 768936 707967 747884 742200 782897 800133 754012 835467 764471 689143 770208 795633 736214 776071 754458 787915 825227 762797 810951 810715 751476 743318 819093 745603 792316 758990 783965 756265 788223 719753 744152 782584 790030 788375 809893 752029 742167 789052 728419 745143 778369 813582 765941 767487 803296 794041 769434 779754 807578 792418 767720 834562 791450 787354 754223 773482 755009 737549 775199 788938 767328 742296 804635 803204 765915 803286 777093 796195 762061 752709 724071 791660 767215 788840 748556 806266 789552 830714 759547 827748 783641 733955 775210 807908 757342 801119 801193 783394 806549 785038 788990 767827 833279 795470 791434 733442 775777 730662 733991 793070 765495 780143 783536 762133 770302 821289 816790 774678 804302 833125 761405 796121 729228 780922 755865 768980 758231 728880 783762 766316 754084 779869 763237 796267 761162 741894 727151 745160 750131 782173 759918 813566 768820 743466 779845 763700 726989 794682 702077 729880 748234 755247 724168 833632 741030 795169 800800 752569 744610 780317 717936 779463 776861 746521 762775 741119 787778 729055 724964 745514 796053 784658 778135 783885 747611 738170 770197 757692 778575 827643 754824 748360 788525 802204 747774 820112 747061 765276 739236 811386 806849 
760781 780513 752375 686496 726399 740983 772532 773462 748093 722881 751649 740509 735350 800323 740805 772057 743896 744219 702738 799471 783897 718032 763891 758921 807770 782318 737053 731825 740418 753851 756538 758751 730473 736862 802331 741174 766785 750838 696432 770745 771043 793198 810760 745920 769496 727337 807177 747069 817640 805756 746549 740933 689982 784890 738248 736216 734074 746161 709353 754387 730796 733488 729316 778301 747826 788087 830396 803705 747307 762169 797423 747261 765163 777521 792872 789903 765509 769913 753661 735324 743014 738604 768890 735256 752824 790911 762060 769647 752079 663254 653547 776903 739898 743020 752839 785617 726597 729938 755708 773338 711961 782513 774964 767581 755446 733110 795598 736631 787992 770318 766981 760600 754747 720826 799066 798104 710726 780523 691925 754361 722203 741789 727121 745494 760223 740691 803697 727221 675939 756946 785975 756482 780718 748478 795988 786354 745109 815047 763385 739297 736347 790594 738702 809295 729567 775897 692682 801150 737518 727649 772790 801547 763818 777498 757779 739894 758131 712632 751445 779417 799833 742727 760276 775962 764147 781237 759293 776659 749455 744957 816806 791862 778421 728325 775097 707890 715668 723484 758966 740739 739905 781199 809176 740151 755332 786094 731899 731281 761115 695116 763571 751560 764587 726874 767202 781127 804012 753640 775326 758840 751301 732725 764903 770541 780978 792524 810733 779128 739112 738339 753098 815190 774788 771321 724310 733293 747284 747864 784363 722678 767163 790698 747852 760954 772812 781124 739069 761438 792475 737966 762834 701567 720673 782893 762427 787491 724001 789915 763896 719620 762173 771020 791647 763490 747043 737309 757849 795367 754792 737704 786282 764323 729223 762210 754642 721415 736613 665780 752615 755865 734156 741063 804216 711786 765153 787044 741695 727180 729537 726656 741172 765786 707492 757002 711787 758176 701780 706405 721244 795733 758401 722430 766204 706200 711971 751304 754243 773322 803180 750399 741355 759481 779368 760497 778451 733625 764537 714832 766943 779324 
769245 758359 758745 710649 727044 722553 791224 754647 758579 738816 757999 734814 775363 811096 737319 775654 734799 745992 697693 816683 793655 729857 768775 809611 777776 824219 743190 721889 735713 751174 807390 762506 743889 733900 821888 760701 771949 764897 758895 821600 757434 812427 829964 746498 775612 752248 815770 768575 815841 797584 764691 754709 728808 779425 778251 771596 776807 752242 734248 734932 792370 732716 749006 776596 718762 778280 835617 840716 798614 783275 777912 758837 748971 799683 804062 786309 799264 749597 781071 771612 776729 785478 799304 768647 791754 768999 765880 748548 759079 705067 674610 816265 754994 740946 766549 796089 734832 707177 786461 816083 760765 762400 757704 750489 795136 744844 808217 758612 797596 780252 805819 793330 767338 744713 786789 794103 729848 746000 717122 773330 706896 758888 726683 782129 788861 734491 854256 757441 681619 768548 793782 738945 751341 777042 791008 799616 744732 790414 801568 729361 711585 812611 734070 826123 730156 799656 719775 790997 758347 730240 807376 805060 798271 776951 778898 733378 791077 727186 755924 760509 828408 743593 778102 818851 752547 778744 761185 795017 747311 770799 818332 793334 787943 782120 789344 699185 745003 750663 754144 800056 730324 810610 818953 779382 805770 786411 770453 726194 772245 700518 796304 755848 780788 737868 790662 805767 790612 739373 790758 755498 744484 781010 765399 792874 768754 827049 781956 800857 769684 787132 775051 804238 787625 780259 731288 754178 703190 774300 778927 730353 738098 773399 772106 746315 805111 776976 760265 794286 831090 743659 738507 712971 756865 752731 772609 746692 743068 765502 809342 789181 800361 780034 783035 818290 767361 720018 739433 772503 777855 780034 764958 788588 717164 790497 762643 712780 752313 720745 771633 730153 743134 728277 831573 733766 804342 794985 746098 754594 751629 740296 793183 758184 740418 745869 736321 769142 733035 718721 712950 786130 810759 783797 776018 726452 762553 745574 724950 805470 852591 762173 753819 756401 787329 735339 812673 750555 806746 733816 791734 785162 
698837 736654 732431 699404 686377 721940 761587 731882 712786 694801 685020 705431 732566 747161 702767 733241 703860 711421 665626 794901 753415 676749 683350 747772 762950 757383 675011 676003 711642 740099 771046 710688 704384 657815 764753 723502 727256 700212 683669 756309 705812 767517 768895 699183 716100 700270 769980 727788 763313 735527 690620 722766 711244 737337 753848 701745 713414 719477 673321 697230 726087 688587 705754 736943 698348 745856 787155 778599 691835 726589 760210 714508 719657 755907 725269 729042 734410 686178 713660 731255 724228 693955 741086 722053 749969 707772 710766 768793 736928 652169 620108 775555 715790 707611 709474 740561 688301 701343 734938 721781 688541 738077 716057 723873 742883 717616 770527 711913 734893 710328 741630 726022 747709 688822 760021 755703 670061 724234 690429 731139 664137 697196 698761 697786 725355 687473 779449 730762 666821 723358 786068 697603 735011 707329 749019 753818 739243 749332 739090 711839 682201 767367 700799 758670 690291 757625 684137 757405 670164 697379 725814 750510 741099 768205 714833 717937 738541 721315 682527 754318 762407 714911 710419 753006 736622 719542 713413 754369 733345 703583 795626 746518 725284 744658 712357 690517 691072 687095 696900 727842 690058 736848 753535 709612 732938 694653 742504 712354 714844 691244 703828 706900 700864 692069 738332 730139 743421 715475 744655 726524 687787 719608 728260 729522 744937 741770 741563 777865 719921 705400 754133 781471 739752 720963 700510 701014 686887 706086 761388 668827 703644 747154 710557 731750 738749 743975 703447 714115 784633 709802 726494 684669 701896 686000 712815 718444 686529 743144 695979 703541 726926 723181 711550 742311 719691 681123 714181 716890 727820 735214 772029 746257 714403 714160 706227 696423 723316 646149 710321 680134 702188 700482 771242 707277 725869 745309 696132 708930 729199 682224 732592 700432 666281 708015 665005 716485 676711 669244 672357 757051 736371 694873 728734 665669 697186 719853 703546 750405 759980 698892 726954 712300 720795 664840 740885 738059 739245 695013 747604 729848 
737968 758634 736724 693739 700756 723230 789314 735506 714142 732617 716998 734466 720545 783003 698812 776556 719438 733352 689447 809800 754600 722583 708442 777139 797831 774645 755776 715919 745440 757924 752818 730964 740085 694777 805644 737265 773190 761950 676337 758868 757522 785793 799199 719614 723723 705581 815803 757681 784745 766333 743905 723547 673083 761271 726694 729468 747573 707922 735098 689817 750702 674856 713028 723598 703484 765921 819240 785768 742927 740314 759249 752687 728704 795448 769483 745839 738004 729780 736702 737899 776613 736319 754258 713645 749487 714691 750893 746956 740536 694567 667711 767007 754167 719406 739028 767939 682913 697684 750929 774932 738675 727597 758044 731950 759230 742552 816828 725450 778846 758748 761334 760757 747892 690960 738242 757380 699943 726208 673861 747476 697961 729301 699429 746958 743550 739288 834057 731117 672791 755579 787599 746947 762301 697517 772960 770503 745447 784766 762316 725738 696207 773016 723900 805224 693227 760994 708414 759961 733109 724055 771144 775199 741182 774652 745207 720356 744737 689687 746382 754382 797602 730154 742539 770726 751730 763466 697923 793983 728584 756177 800150 769733 769899 735842 770689 674674 741535 726390 757103 741609 737309 763733 785385 715286 743431 789871 759334 762250 737197 696521 746916 752607 761166 728678 756603 755290 790461 721359 777120 741559 730871 742160 749551 733237 763227 774663 756748 795842 745303 754527 772954 831364 735529 769122 697670 728950 710185 730261 801612 710645 718306 742262 744262 729468 756415 750103 718196 784211 764233 737232 734026 700760 734682 761380 737448 751165 701553 739865 738997 722412 748750 746356 775821 797332 733798 700429 700150 759900 729800 732315 740482 723745 706888 755961 751645 704652 761164 678951 746225 728433 712894 729386 814055 718781 757021 784925 706831 720991 733526 708061 784798 734657 719730 711235 679221 735698 700729 687980 717402 798129 760293 718227 773962 709223 709167 730974 723902 731381 805346 716421 740591 741646 782105 742574 781067 711157 745739 678962 752163 758266 
707110 711889 740088 689651 710801 721081 798021 714331 701744 712591 726861 689004 697419 733208 710873 758520 685591 693200 661844 788008 725102 698271 718398 771221 743724 772009 678010 716945 695100 698284 753723 707665 693680 691776 780626 700676 740546 717914 706184 767231 721306 764663 767079 720783 746709 688320 777176 730817 756521 745789 692983 728877 682178 729835 745618 696973 713508 716369 676271 715499 748125 695619 689236 735361 690336 736799 785576 743880 733403 700864 753135 708434 717425 777574 761953 744699 742204 722902 727129 706569 753737 693271 755431 694589 726408 725564 737939 734398 712570 688161 641563 741996 726665 733299 707764 758236 686470 684273 733010 757410 669416 729432 721736 737697 743169 708640 775395 737283 733212 746744 722908 733715 723861 721071 765344 755003 695614 750913 692197 760297 659370 724910 702602 734026 759962 692529 789514 722829 658875 705912 765231 710232 728977 710893 793018 766591 713201 748890 734164 722489 696582 755103 686913 760247 686623 764617 668304 767913 701962 706900 744324 776644 734826 721196 731822 733331 724642 719418 685788 753077 782751 710334 767702 743781 734389 732047 726376 774293 752165 715591 781877 719106 751470 743799 698701 685953 683129 707560 703824 735823 691384 716337 758785 719627 733109 723546 753405 705370 718364 671452 754638 746530 709653 705914 734388 729205 794246 719061 759859 709562 702391 732658 728816 703641 767098 774038 752118 757933 726927 715666 705293 809704 742110 703951 688878 725570 699649 690299 728411 686664 738430 747002 720912 742852 741990 745095 699753 733924 751179 706183 737889 673052 696303 729036 741817 735888 712023 735982 732119 692605 707741 694081 724834 782311 704388 679982 697527 724142 724487 745083 769660 738205 704187 762884 739694 711257 726615 646921 698366 720000 708011 693533 755888 686445 749243 739898 688924 697447 694809 690350 725943 687165 667812 715125 686404 722597 701005 683617 687711 754975 742747 708188 751472 686202 725782 748436 712235 749005 819389 710017 705279 713829 747875 692731 742734 711593 723042 697556 711398 738599 
768172 763453 777826 716825 739119 769450 794702 753966 733690 740289 723663 719604 753245 789269 714031 775385 729622 742194 678285 817712 770459 708262 734225 773620 780889 796525 718489 718720 722639 749219 751563 729840 717225 710412 807345 778402 767509 749961 718514 787617 741817 786124 813224 748571 772305 711167 785058 763616 823540 753585 749400 756282 740324 760109 751697 734930 758671 735543 718765 740062 743457 720276 738260 744500 712248 757374 823723 793952 768889 745162 772865 760407 738438 793030 777530 782011 764447 767182 756801 731207 768552 762234 771684 733931 757735 752140 731056 748405 736332 681929 674629 760385 750435 752769 743821 784072 714862 704516 746657 808927 712981 760128 748542 781707 755601 738939 786131 731238 743341 727634 761440 778176 774850 708999 759430 742571 705840 743796 711140 764286 688822 724528 717069 749136 763333 739383 804791 764456 676081 742589 801048 730998 758281 762400 755498 793911 759245 788853 775944 717130 730612 784935 721690 794783 719442 775165 712008 779339 729811 714582 761503 787902 769229 786240 749975 714636 755123 719270 723650 785240 836021 758933 791915 797057 747365 783957 730512 777279 767391 730774 818879 779221 757939 718421 757817 703254 726054 741837 748486 729705 735853 791687 782147 754908 772845 782924 759104 756920 729439 679238 761065 748474 769309 719535 754886 769890 797303 742611 761375 739279 754506 752935 769414 736891 757100 775660 780128 784207 797288 768204 776676 833825 728587 749173 717602 749556 731245 749706 765114 725791 734482 750027 740636 750557 766947 758252 737163 771424 789034 725176 736655 732590 723527 751075 761603 754476 716556 755380 785035 739542 767015 744834 765043 788358 757696 740005 709310 763672 756081 754090 793661 773432 733343 760448 736016 696749 755702 662901 742475 709798 727706 716700 804395 725765 747855 754233 720344 706593 730018 689303 780053 755456 736149 735234 692000 747937 740116 710813 719250 785649 766845 773113 785419 710149 726749 726599 735718 783581 805514 697317 744969 739966 775668 743015 780734 747198 767551 707254 759410 780036 
743893 761267 763777 750771 730764 723480 803931 757404 760266 746437 752021 694338 719318 793179 732229 779070 742897 728847 689161 824778 778761 734106 736086 788296 808251 800810 749761 711371 733310 745718 794407 743859 720413 696612 785927 776695 779389 750564 737676 819055 753558 798941 795171 746137 785205 717291 816867 780271 791858 770541 756718 745648 694903 791485 744291 738248 764968 751063 706855 739916 734347 726127 750235 717747 746709 764850 801816 806152 751145 749496 794746 765606 732835 805136 785407 772082 788910 729706 765135 755550 786003 744695 799022 766328 771517 768157 758046 753370 763490 670500 678421 764746 769919 743237 736978 770423 714512 717418 776069 768726 730560 768079 748150 745044 767915 724815 824816 738895 802988 768005 785380 771034 755183 710901 808402 750238 740343 749051 693708 773915 694253 745768 709998 733128 782933 731818 844249 710607 706608 747198 795054 761844 769012 721202 793954 794157 757926 784079 753587 743364 726648 785437 733785 790010 692171 803981 710745 787332 722559 725264 798078 784681 774215 751400 771208 706113 735274 707415 752835 749623 800558 742085 774226 809790 755564 798810 762552 807143 768469 769828 827580 791262 782826 771660 767021 717726 711864 747346 749608 774052 742964 768462 773067 773120 755595 812669 755168 751370 767593 675815 774314 762418 800722 707788 780218 787729 789917 721484 774716 734538 740558 751583 744438 747818 779457 786485 796319 803481 750587 736989 764601 842560 774769 759054 746122 758334 704872 740038 758460 707204 732316 774643 757139 741175 759516 776455 744318 773170 802519 755558 739715 713873 750497 772970 785245 753413 737636 782573 770138 741299 782999 705834 765985 811377 750958 708577 726483 785221 776316 769110 783218 774935 733451 791371 749196 719974 750381 683968 747694 723618 741244 754469 793383 736582 802775 782299 756049 736628 726773 710099 794197 750749 723223 751016 702030 785262 718348 712823 716865 782003 789794 756004 761414 727660 746310 774818 733834 785336 832037 733235 737761 738587 737431 748007 803961 726095 771008 725839 761644 761371 
739018 744851 736516 707011 711651 710214 788536 700794 732903 729008 674798 742404 742058 747691 732303 761941 733617 726734 707483 794459 768241 712057 710027 779121 767126 757118 738948 702009 716929 725703 756579 711944 709979 689276 775021 770454 751963 761694 693857 782289 716767 786570 761286 720177 733206 683067 776208 739329 776745 764727 721259 743148 718240 736621 712373 731551 701933 725942 700059 723359 744353 689176 719185 733482 699459 743161 803522 768592 747711 742296 749556 741500 747206 785880 744826 762940 719905 721303 735050 725128 759153 730596 755327 728651 742800 733405 744965 726329 737970 681369 657663 780445 737214 728324 705691 748212 688464 688533 757952 761798 671461 777394 744413 737576 762312 708540 784108 697089 753702 745735 767696 753177 755244 711914 787566 757541 696812 744144 699497 748122 695631 743589 716960 720908 748183 734670 821611 723429 641427 724037 793263 731575 733225 747897 796691 736981 719377 769862 751655 721859 701321 758686 743466 760401 691241 778892 664389 762254 726458 727037 780964 765022 741118 759332 755751 714808 750058 701611 748109 753554 791795 729543 755162 749241 720377 747215 744339 804209 724886 739930 782180 742066 732765 735943 748234 718583 701811 724546 718900 757970 695086 771944 765137 759094 758402 745253 758646 733930 729801 680545 738720 723065 758874 718955 780409 779992 787454 719146 765573 722657 763729 737899 765028 756653 767097 757924 770254 775233 741369 733723 742099 795320 755510 725763 725650 728972 673525 728031 757191 714730 727695 760521 733255 712125 762268 760386 752586 760691 786646 721258 721133 691210 730035 773709 732668 734869 713013 762979 730343 723950 749838 705747 753645 777443 722801 678559 749155 753318 748659 743791 794508 751190 695985 780591 738391 670368 752032 656476 730948 727789 699779 722266 793200 720002 761601 755166 730866 725277 724409 705019 765995 754581 680818 721006 689005 731782 711292 675602 695044 793624 746269 716850 748323 681032 732264 736456 710206 773103 781774 710446 744936 745228 755533 735153 776138 706085 755113 706777 737504 768666 
731153 784571 756082 706324 689828 726076 796717 749968 732822 753775 729929 733350 749706 767144 708747 750802 743855 725310 702537 824796 774049 705548 722904 784418 803500 793471 753321 753622 720076 747530 771399 728227 721231 700980 783813 727845 751948 767671 723618 773026 767060 799989 791341 758478 781840 690696 785371 738976 771640 786738 738558 754540 709649 779206 704703 749861 753014 766980 698932 729328 771975 689080 739240 748476 722244 749089 791536 806185 766193 711858 794748 746277 720183 779383 790920 807314 759166 740732 734038 724309 767665 715567 759385 717950 751197 762537 737949 737659 728719 652546 667161 768252 751456 716363 755776 765377 724295 707417 741861 776456 697656 753612 760008 770723 777476 732747 786221 697984 786638 748555 781893 792780 763065 700293 792136 784844 718140 729469 710129 770573 721731 728271 726441 738831 748811 714546 842761 748968 653328 717650 799267 755491 749817 732162 794312 758874 753412 772325 745140 719445 721256 781575 736064 780940 720559 800065 708493 751240 735686 721559 774906 788657 770502 771509 737912 721723 753340 705690 744496 772339 762494 721390 751741 784246 750696 778515 746491 756804 730604 740115 809602 758454 740056 748746 755540 711332 758639 734549 726984 738101 728918 752505 787622 739826 766932 767643 765676 748144 729184 694962 779449 748534 757769 721557 770812 765927 785667 721677 782603 731794 748605 746714 755569 747156 754340 766647 755889 777365 717412 748021 780465 799131 765263 758770 712895 736866 711808 730298 777799 712753 751368 778925 743375 760623 775562 770450 729296 774078 800607 707280 726987 741976 737245 759508 732117 743363 722293 764009 778289 729557 757852 729775 773669 797441 753798 723639 731570 790347 757012 728419 790100 751387 730392 750488 770923 682876 727782 650202 756527 758470 715144 722535 803510 723955 760562 773536 727237 720968 705813 720900 777007 746301 712781 708546 720639 709938 721134 698307 712869 801463 757646 741402 742395 703371 713311 752034 735166 781156 816389 723115 743103 744615 792078 754703 768891 706247 754166 707939 765852 762251 
727313 757280 713399 672266 715446 744539 761527 744261 718675 726490 690514 715022 706111 747846 718561 776423 702931 687941 684448 797415 795925 705702 711479 775207 770420 783673 728085 709719 735370 714105 728149 722995 701024 683101 782158 752347 761170 730074 700287 769324 746534 778616 781823 728991 737324 697827 781603 730369 772122 760631 696411 704846 715395 773402 713083 723064 735640 739757 706004 726287 746422 701862 723196 739847 722242 729202 818491 789454 740198 739916 765967 695463 754994 765009 755254 791664 728930 730727 749450 727160 740668 716733 751200 713191 757827 733191 738937 757015 736992 662490 635324 769041 749739 725857 732104 761709 680006 702478 749430 767828 683783 731022 745357 726503 767788 732083 778721 699176 747103 750106 730581 754089 734674 719007 787565 794382 694728 731975 688245 745778 705160 730509 670846 752697 756611 708215 803174 695521 659178 718298 785165 709991 724178 721157 776558 763998 747570 762922 756247 701758 697767 761782 712083 780989 698269 758407 691079 758578 717985 704171 733078 778752 728104 754238 749941 694317 758577 678715 715134 729623 803852 719244 777418 729042 718949 778308 742396 769467 752701 725363 779502 745871 740614 712674 725624 703975 673854 734562 726793 738580 704217 752901 763567 729950 726553 748524 735816 707872 728278 676357 742693 692454 749957 703994 765387 749187 769046 727351 772907 694507 764823 737165 745158 751034 764917 772448 767569 775352 734323 731539 727722 758275 747613 730661 712130 715575 694070 749504 761381 710669 720492 744517 707919 753071 764894 765288 720829 745713 785262 712002 733358 695157 722980 758910 736514 728911 709530 769697 752426 689538 731358 728057 751848 760199 732629 695611 740478 750426 740347 753130 756262 759343 697162 771566 739259 689284 743993 641305 720162 720637 706313 719878 779045 705361 783057 761195 736235 726690 727475 688222 746982 718148 701364 727125 699588 725602 703701 699098 683820 767793 756650 707686 763213 689232 708490 731986 698290 789810 778622 699434 721722 739572 757245 701303 776510 727816 716575 674313 756194 769669 
798065 796077 782768 753867 750951 787334 854861 800204 764746 782226 772102 778804 789008 826792 784351 812082 798021 806152 729693 834569 830235 751861 796472 851689 835610 850215 793896 785282 789588 821868 835494 765975 758659 738388 862034 786075 804891 802171 766685 825783 793512 825423 854405 788625 804226 771873 865211 786970 845240 828800 783823 800560 741529 821127 791568 781905 815518 796225 751292 777915 801679 772697 778288 789063 759563 808339 875549 859885 797126 790169 815924 802712 782808 838918 848096 799727 825457 776906 774256 794275 841689 784826 832721 792779 808613 817808 802226 793096 794655 744294 690076 836408 794187 794236 774887 820825 784767 791675 815634 844217 779141 808907 815360 802583 827736 754681 868135 785350 875847 794103 818641 821565 829107 780338 818633 799250 760724 792783 759457 800544 768902 801493 764179 801187 840989 797924 875130 799502 734042 778140 834482 794545 776588 788852 835221 816248 794991 843583 778543 778422 766589 829094 801732 845975 750443 827858 736616 854550 794397 794203 812909 857257 812189 809439 818989 755072 846493 772349 789164 810885 873228 818822 801795 814581 813694 831811 785267 838009 818788 851457 867183 829635 837015 779492 807546 797223 772921 803689 772633 821356 767596 826187 824239 816589 860867 815282 802251 787598 809786 722348 818872 798961 816571 772727 825001 832850 842979 792761 859096 799567 789917 806218 802999 794985 795798 854512 813972 857443 797782 810833 831136 870349 814210 796957 767896 811351 758673 785485 812808 775871 754671 795637 791571 799041 824924 820744 784940 823307 840676 781455 767586 764366 768875 800560 791210 795314 762120 804096 836465 785198 825883 781668 822867 824538 776939 761746 769743 846685 814251 782603 830663 822062 784476 849497 783258 763588 792818 723157 822333 789901 767211 775178 872376 808493 814548 818341 796990 799526 785453 763454 845780 789402 770978 780419 751140 819193 766096 741344 765444 832412 821124 807508 815434 777204 784671 832977 784429 815732 870043 740848 787454 822963 830316 802860 852473 786202 793635 785930 829068 825884 
773189 808653 802057 705555 761659 770521 809764 785830 760915 748393 755011 770792 792089 821566 757763 792264 781259 751933 712606 867600 808412 724533 758498 831087 819851 839890 807116 785839 751567 786887 790800 771333 744537 741781 834379 809410 814629 748313 748604 855751 788073 830520 841819 778672 794768 750876 815509 772048 846258 785988 767453 758244 724216 825867 766152 794082 777389 785794 729798 767415 779982 732592 764445 766427 782869 803133 851628 798770 775456 771767 830736 779797 773644 838744 847716 834848 788081 787254 788690 812253 778580 780886 795487 772385 810839 800332 777880 779768 778010 735856 708612 796263 787381 758923 773010 831092 758490 744850 799495 823398 766710 783347 789241 782910 795385 749235 841353 779393 846124 792856 799845 832852 771012 743013 807576 810141 731917 776175 732996 767483 723451 776741 734529 805670 768985 794066 854142 767340 742569 813509 811236 725542 787579 787003 800659 820605 752639 852705 813179 744951 742416 840283 777229 840370 751311 807061 739967 824257 768962 739252 792451 818862 798092 801399 800749 758506 759249 731767 755939 792277 840961 759159 779374 796511 788188 798640 786896 802435 801936 785034 809737 813181 785626 768424 821208 740985 763676 775233 771507 778192 775216 756901 841200 779125 791196 787724 788053 791365 777107 732914 816009 796084 813827 737664 784808 792560 820919 737023 816037 775347 796201 795308 808427 832442 819332 830180 826900 835479 795784 766152 788147 852073 810778 788575 772735 758743 740242 795551 814348 741716 758674 784022 768420 779830 801255 780745 757224 830263 830882 778770 761640 709208 767768 796190 802055 785912 764624 777453 806659 788397 794006 780331 792376 807591 782808 734346 781177 815514 769796 787538 827959 777162 746168 829940 801424 759228 777025 690864 764979 762278 770547 751071 844612 785606 801325 824119 777249 766717 764105 724362 792261 768764 744512 773630 740546 799659 766751 761532 738945 819098 798825 784980 800158 771063 746016 792224 775333 843025 863387 754706 767885 773621 815072 780678 818136 737744 781458 750949 786759 818638 
716459 758239 745476 698205 700222 707496 755542 727961 697514 710414 697378 706400 744599 778940 712461 735298 715259 708488 687081 799043 785227 703086 707052 728014 766953 772889 718327 729099 718393 721108 723434 695986 690817 681866 795010 735131 741328 738756 684736 740434 733875 765513 765286 713582 742900 706367 797864 750584 770546 748391 705204 728156 704099 743201 732767 724219 712881 731246 693071 711732 739720 706224 740117 714832 676710 768690 809032 754359 700611 716302 756527 712208 707601 767843 758712 757715 717059 749535 737367 725321 767601 711801 729944 696006 752395 726305 725519 721739 731037 657188 655367 757621 734818 741029 707625 764041 695344 701712 752019 785421 708504 750735 734407 728621 758435 714122 786456 706416 752568 714533 756187 772948 735697 730159 739659 751771 694656 730940 678419 762458 687749 715342 700229 747587 751695 717465 798086 726922 654538 737678 782568 705859 744101 728920 759584 748322 717081 800546 745169 680141 694404 747227 710381 793996 687964 781746 684385 750822 717299 693561 765139 767047 741698 754032 760743 697255 758058 697515 728899 745187 805508 729078 737466 739488 739235 763846 713495 755400 761091 742251 785316 761431 741579 727535 751311 733890 721076 744319 731878 739965 701943 771941 750716 719670 783504 732039 740626 736186 712368 670678 758147 733012 741300 713162 764282 779574 776414 717768 759343 738376 741357 712389 715537 735658 764947 766979 755286 756682 743411 745786 738922 811430 741761 716426 698848 728981 676029 725428 779987 726996 732077 754763 733007 748808 760659 746586 726209 737904 781108 697469 738034 671031 720380 726214 714430 729499 722989 731387 730965 712045 748833 706280 760151 774808 690042 684301 730832 752877 752346 713797 786805 737291 713133 754763 748629 668906 725977 662234 721385 734603 725795 725936 792106 705854 760666 744702 721415 737136 726571 688447 744997 714389 688535 727543 680648 736418 715257 705380 688890 783667 757157 705929 726373 711049 689073 730896 715834 737801 780824 684484 722802 718757 756147 712201 735741 697453 739686 702264 731569 738667 
712654 704634 689834 660691 665731 668097 745865 689393 661117 654403 700301 682270 686364 713515 690979 701787 647031 661968 642687 719867 686859 658836 704468 708063 722487 728112 723296 679767 671374 710021 733474 686448 662093 652833 755948 690746 707365 661914 659022 725541 703578 745613 755086 690451 689602 672884 747444 702101 759312 723181 661749 688104 643359 706842 709272 654665 692186 666636 658675 674825 701858 663267 676204 712722 701525 711437 755397 758473 714878 681796 726493 662578 685661 720620 726965 721490 691032 706157 712459 709838 714195 671251 722959 671707 710149 705373 692112 702313 678201 661562 616969 711617 684885 669197 694477 737749 673204 674863 673200 732870 672734 711636 715295 697368 703319 682788 739252 665721 709597 720380 726056 718933 684107 708019 714473 737599 647479 708978 657569 697467 658208 656081 685703 684358 697804 683414 775071 684317 650131 679518 717188 635183 683349 690002 722650 726929 688338 734068 691352 675858 670021 724589 670859 740022 667453 720371 647845 712065 689421 673619 722590 736851 729781 715896 673347 667154 710842 683412 674451 715530 713564 690211 714256 707887 687295 716449 690698 721451 682046 709612 729003 686411 703662 681896 699479 656297 663390 707224 722711 694887 630104 689772 699312 683789 723980 714242 719814 682805 672802 631035 696890 716307 679033 660530 711593 740425 748057 684065 742487 714267 680239 718163 706306 722857 709304 722700 733123 746309 692349 693055 726655 741196 708284 703531 697471 687697 653719 711084 700584 659201 697241 703039 674074 698973 711161 706668 714073 723316 715048 676372 687129 659189 695128 689712 679541 695026 677651 722258 722185 669612 702955 697795 710281 712373 656831 660068 682344 740956 719312 682649 706389 715370 666333 704417 725535 662811 709817 620823 648116 706744 641548 667874 710314 656607 711404 729335 670790 669794 682380 651734 709143 680029 648093 681721 666446 683217 675678 643157 667230 744921 662591 701435 701081 694876 679745 673708 644552 726109 759929 670941 693933 699311 714889 688190 714018 694007 727321 666528 682709 721379 
677034 672548 697577 634247 670286 708610 756064 678488 683626 673890 679506 667390 667698 737521 658695 731252 670503 663804 625232 754288 672493 655649 687588 692573 715664 729189 685583 676875 669801 695855 750032 679898 658853 624700 719873 687625 708605 681982 619923 741091 663222 715620 723989 664635 711013 662381 755724 685822 739329 726303 690081 685539 628522 690269 666144 686460 686933 681303 655136 678423 684151 659119 655929 705409 658040 721863 747135 771091 719567 695234 685457 685973 688898 717650 737728 730839 696475 704936 697686 676457 718989 686115 722029 700541 695679 698260 640747 690014 663493 615459 624181 707220 695001 651274 664666 721321 660296 683102 683210 716969 651635 726261 683953 690102 691897 664120 741216 672801 733937 700509 745896 708512 695862 647682 712040 703213 665892 700954 645516 722284 647671 684520 678038 711342 713871 665715 759458 690220 607348 683797 693322 672270 693073 669326 720978 704297 693922 740468 712378 681308 669780 704251 658486 743802 662613 735286 654349 694108 684033 661159 708030 695922 710489 702551 696070 660391 686689 635172 685578 693698 742115 716113 701916 704248 685440 713895 657280 698523 680549 687375 740377 716169 720362 692498 706837 663905 674854 678337 695785 676098 664216 724775 717024 697873 698406 705323 695659 665800 679237 645942 717450 699769 702518 675744 703040 715884 702548 686563 703211 694713 693703 687488 707296 676244 698121 713765 733710 743817 698690 681399 700849 753225 719137 715812 655167 707508 667157 700319 691314 665332 670282 704843 683827 648747 696174 663169 684782 687835 731732 709283 654981 648136 672401 690186 698374 708572 663388 709462 708050 661243 692581 681433 682727 746809 679081 657405 677823 714704 699997 715579 735120 721131 637715 705733 725484 632723 715962 625846 684673 682585 666315 660580 763545 681334 708578 715902 688251 686505 684815 667260 716980 678213 649232 683054 641444 729102 677753 662344 683850 723745 724804 691710 696764 638206 693733 687270 654132 731432 753970 665269 694383 689169 724082 676403 711880 687584 700553 668390 689715 708127 
726062 767576 741797 675332 688431 743215 784410 745982 740459 722365 711438 692982 730787 740573 711006 760964 736366 747747 671399 790629 760898 717682 732048 753641 759287 747804 730429 730443 704289 717709 767356 701389 678085 698540 810252 748300 768165 752765 685126 755015 703025 766140 776993 702959 740493 725907 795103 775071 756504 766520 739944 758363 705932 757750 725042 735019 737155 720695 715305 713249 728715 690631 716043 740098 729111 763813 801264 781493 749564 705906 732683 706369 747500 757465 743747 762248 752203 727676 759934 731746 765707 731993 760337 727353 745381 739692 692383 738935 728007 675404 643915 760868 747157 734285 723991 767300 709368 718454 757822 773310 694001 734682 747145 743855 762678 724678 789951 708408 776780 735480 750982 775555 708493 725570 746336 760615 710041 762855 687154 739786 689446 721260 708957 763957 772723 716267 805734 752155 661104 742971 791209 720841 743533 709941 779196 774097 746048 764387 754062 710083 698596 764755 695217 782233 701908 750871 681751 754829 725067 722626 746597 744561 778686 760609 748692 728221 749547 688793 744621 745523 773552 728928 743763 746024 750994 747542 722456 765773 733643 736364 778741 761910 728874 720494 757389 705730 697094 739130 738109 739209 695246 763562 758757 717429 767550 740204 732915 717426 722549 672317 762740 716291 748520 704871 753624 757886 771977 730550 778242 699760 752782 742092 763596 739833 740035 784138 791284 769945 708094 734181 759445 805039 756778 721747 710586 717255 702627 721028 748919 695733 727378 766182 745499 745157 758816 759273 735431 759592 798562 734087 708134 684139 709935 738989 723770 734558 715399 741503 718601 713826 747314 747291 737852 740696 712244 692324 744028 763431 774177 728844 741286 759339 717217 757504 734833 688508 751799 648120 716687 717299 717559 721169 803148 709877 728483 772530 733747 703076 755915 687950 735549 731491 701475 714903 674652 748091 703308 707531 713635 776090 760552 720871 750710 716773 729632 731266 722565 764327 777043 706256 728512 737376 753826 690670 782788 735909 719696 697058 761470 774003 
751760 768430 726509 711733 738188 720088 801509 738319 742742 705220 751727 736614 775400 762590 708915 771099 703617 726062 679602 830705 779940 711148 759274 793989 788974 745702 745861 728805 733612 729753 798353 708057 723130 690648 797636 750001 773177 745913 693370 797567 732590 802213 788203 720690 739618 715977 790404 741050 788963 798984 728518 768313 711955 756563 742084 734751 753812 740173 726984 713382 755307 687031 735327 762023 720366 773168 813223 810802 737661 757805 790119 748810 726892 781222 788014 776883 757629 737346 762287 723812 780482 729874 750479 772401 784909 769069 753713 764442 730589 676186 672248 758224 743097 748596 779465 765706 717632 709086 744819 778497 691423 737481 780341 772982 787488 745121 772871 741568 782197 759900 750392 787125 746478 718008 782919 792637 709423 726424 707625 747904 714185 745780 739367 749663 754092 727103 831218 724821 682680 746540 789869 727205 758068 738194 797392 775364 742315 806856 784708 730652 731837 785203 741058 788154 722272 782541 705261 771137 730235 752405 758987 781643 771257 773202 750797 738859 741545 703955 710779 771707 805967 743367 750796 777171 758270 772053 721882 787589 767346 767217 784996 750517 759868 764222 728936 719807 726869 749818 753512 748361 728866 758639 769685 732350 755839 743448 771295 735792 754679 700010 743404 757392 768074 722795 780579 764641 772192 729332 809455 721412 738286 765209 748377 748351 742958 781579 746483 802376 763694 743798 775955 824040 764134 740926 731710 740026 703193 740029 767506 695853 736969 759560 761985 751264 781162 788236 743600 765673 797631 737721 731414 698774 725952 777597 743489 750442 730140 725136 771122 725755 756467 743954 740817 756913 755346 710717 744999 775546 744943 750609 787411 757429 709279 751891 773251 714884 780233 656124 730432 721116 725358 742462 806751 723316 790758 803245 739364 749947 739938 704570 776621 759928 701827 736227 702478 750272 709890 709226 700893 789349 746177 729774 778637 710343 752335 715122 729957 792123 805753 724468 770114 746514 765922 734697 777623 733128 760868 721454 754869 805206 
707773 717526 738765 685516 669837 711121 767274 709353 707229 680396 700703 687798 737880 753033 707628 759046 730588 716908 677730 757655 728362 677173 726916 709745 747099 728144 704054 711435 692172 708664 730994 688052 717675 670959 779521 698134 716755 707099 661508 765637 703223 757019 737254 705858 739734 709336 752408 741108 756994 751601 723272 701143 686074 753731 735507 704181 699210 697965 694665 704912 749357 697087 698130 709202 669265 723246 769317 770208 696738 695241 740506 703651 692081 757515 783643 733683 748629 709059 724582 694829 743852 708312 753492 713914 734846 711959 671624 680385 709496 670137 644556 752205 719449 690470 706912 738437 712786 678279 745007 778787 691440 728226 701607 737553 717348 720248 751724 704556 733907 725920 724545 731698 711503 676717 752357 724245 685495 709679 696808 697002 668193 700864 662919 699405 717370 694892 803151 706275 614539 724774 762925 709761 725500 718452 740678 764350 710612 778636 740127 686128 672467 761830 702331 753090 669400 746493 691810 733240 699035 672923 765503 771522 730249 743603 726546 699871 702525 664163 726770 724590 764070 729976 713796 752047 707180 743314 706848 722789 690136 712335 767768 738472 729059 696829 700396 691240 702938 727517 734933 728791 684576 711930 757844 699896 726766 703797 716809 705991 702521 669769 718244 727266 717398 712388 728263 722152 748489 692936 750046 707694 714006 690352 743172 718674 742741 744218 738492 754511 717069 689135 741166 781549 716999 722885 702141 724381 687230 702793 727851 677402 703714 718938 722640 714994 756347 724043 696891 736180 773109 700630 704225 657226 708077 722148 726176 726169 688801 713804 726990 687233 751000 717396 728843 731373 692347 704058 682771 737538 736761 718316 743407 715332 702924 715428 710405 666658 737322 662508 684959 695299 683646 698200 753040 712362 748067 744917 706616 686433 704804 654918 753575 698105 686768 684247 683412 733825 676056 679752 689193 770582 728923 704343 768418 699451 696101 713026 675699 722274 765979 692314 690913 703347 760212 722566 744788 691201 744826 686341 735243 762043 
742365 751951 725425 663377 706740 685985 748993 725147 720732 721513 710998 719215 717630 748437 702346 730395 703425 710476 674091 790143 754281 692584 715397 770749 739798 764987 701650 690183 699740 720661 735664 681001 685492 638433 776849 729584 732754 718032 691360 760530 714193 766370 777468 700426 726569 678033 739848 699838 758263 769882 695932 697342 668808 732756 728464 722548 679262 680026 675031 697095 705495 659234 686679 747700 709182 739381 790193 757122 731952 713766 742081 702890 723638 763335 765348 746226 707714 717637 717844 711609 749145 699392 742808 696579 748442 708118 698202 722847 679043 669583 615417 762600 704778 706518 737700 724826 684491 705582 729144 761325 708502 730845 765807 725928 730307 697614 765148 701665 748104 736559 758561 755816 694243 715038 760909 738028 690142 719440 715174 729213 706556 732906 684952 727492 747557 695775 782983 695759 629400 699726 745760 689930 732470 714164 761589 757222 709966 765458 724972 706882 682925 753173 709809 767013 698007 756874 685479 741328 706063 698706 735270 764653 728035 732815 735271 671305 754682 686023 715082 723647 761884 696758 734072 761365 684260 740280 710703 764747 703826 727277 755638 735299 721772 701566 701833 674388 705793 726543 729114 726041 693946 742572 767036 720925 751874 718568 706768 691883 692760 660137 761186 749679 727953 708351 761471 735075 774793 719422 762970 740045 740205 719854 729643 730666 739920 738510 734164 755420 724095 692276 738112 762879 761468 728417 695931 702868 674250 711210 744570 692578 724168 727129 713022 723527 747415 726156 726136 763597 747555 701797 701242 666585 718236 731183 697965 723471 685451 731542 741360 698875 714835 679423 753708 738202 708436 677363 735998 744156 734157 704642 749809 726797 706717 768583 710284 672982 735693 654139 712802 709509 689567 704155 797050 747388 720657 732691 696906 729742 703811 680105 734456 710462 706342 675221 673572 739304 672862 664807 675790 759360 730552 707746 730728 687350 694970 696867 680739 763670 792753 680757 718936 734780 754851 696327 746333 680282 735705 685407 725651 745201 
782702 809336 792715 736412 733799 762106 836298 798177 779202 757781 754516 766083 774165 839076 793404 788044 767791 754442 736533 849151 795128 753797 798660 807958 829457 840936 766480 781052 773261 804191 828863 778556 733806 742390 835022 808084 803362 789721 742150 828934 784568 806850 862050 791940 785328 757936 823234 796488 855768 808132 789219 765453 747225 809984 785356 762315 766186 781828 726945 775645 800841 742485 735373 785342 774202 836008 842399 836732 791627 763848 822122 775065 751954 842164 837346 812327 785485 804437 781116 786732 789316 779829 817165 778897 811930 803346 739410 769634 766086 720019 711588 813129 785767 790255 781585 806816 749089 737724 774910 820338 745653 802949 805961 798619 811706 740797 841280 757662 828436 813701 835425 799941 763435 736806 813772 785271 742277 799970 747203 798074 773123 781213 765281 779824 805401 774617 862632 779226 713367 766684 826942 791261 821430 787083 836169 842468 781813 825201 800228 775479 754589 819255 759397 794879 739401 793762 760055 786782 757139 740138 824621 816953 818277 849131 790873 752682 780819 756903 785691 803646 833855 794575 783519 829195 807912 824586 789867 831266 817529 787004 841570 819151 752152 786672 784973 749550 757246 776253 792658 779624 734964 823592 826725 788331 787909 792016 768332 788971 793801 751726 785566 791274 812948 758088 807690 792074 838494 759155 839004 809138 803830 797953 818953 783140 812471 821199 824563 856306 797745 774287 808773 870820 816570 772219 780532 778893 761453 804778 831287 752900 779313 816184 763985 807729 811745 800832 811779 830118 848733 767874 765050 724870 770542 817076 789815 804123 754537 801791 783475 772205 812235 749982 798329 821286 787618 758952 767054 802524 793334 807771 814703 780619 754790 809270 805216 740036 788661 703567 753169 759554 776437 750130 850403 797439 817736 809102 784812 758420 805349 758409 802603 774109 764465 767999 738117 789774 767814 747875 765715 812123 815249 782004 810309 773496 765402 786285 791495 823952 848370 781026 780024 772050 782941 781156 800511 773106 792115 750948 792361 797262 
734050 732737 708424 661138 686371 701204 776235 695620 693764 709471 741219 721167 725420 761071 714851 759011 720100 707144 654138 771363 735635 695338 761918 727422 760072 758226 742940 706747 680961 714804 743849 706699 699799 665683 798780 727504 745193 712779 668393 760686 726644 753458 763309 678561 730792 691763 740055 723456 775957 781286 694922 696196 691014 746304 718634 716256 718375 704782 679072 700215 695155 671332 675567 724153 688775 735187 822550 770281 731986 701301 734729 698872 704191 765757 763514 736960 707390 717918 702070 719925 757953 688412 731949 702267 729395 725498 711712 695605 710889 674291 650854 748378 730385 699126 706954 730200 700588 705250 717294 758791 689857 742298 728414 732139 728611 690319 780480 674987 771180 745260 742653 714975 722314 679002 752635 743638 680141 714762 686863 725099 675025 732939 698272 734874 761655 701664 819704 706673 665797 695795 751976 712672 720777 715069 757218 745436 684714 774390 709503 716038 693459 764022 701235 746333 701118 760009 679284 744176 699352 704713 755245 758524 730222 764152 732552 714875 714247 693077 723113 704772 755136 739122 726487 731317 707669 714313 706912 736317 699019 741270 763553 737858 724833 698913 728803 676201 714873 735755 711622 725472 709871 750817 752744 733397 737463 738913 719605 721811 709091 637802 740882 706289 726650 679816 733277 742833 760043 684687 734223 733546 717930 724095 744962 721237 745327 738455 746556 765846 746643 711050 714167 774525 758517 715966 688049 717879 678584 706426 741891 702936 697634 747318 716243 714437 741987 745114 707007 737337 737268 702573 718358 664960 714452 728976 697063 736226 694602 711862 749766 680954 700212 704999 716554 748674 688036 671374 710513 766556 715252 706786 756468 733462 709186 740335 744861 726155 729731 631829 703747 732958 692542 700146 777403 717969 714331 754347 705867 692867 688179 689299 713153 712263 685241 713340 702299 744543 683527 692015 681153 762629 729794 717311 737735 668172 743360 723074 701341 731868 793613 692668 706092 723774 763840 738742 742569 701972 725504 700578 716465 749329 
697377 706986 679521 668409 665338 681251 723816 722712 696914 674587 686841 668413 674068 735355 676099 710799 666661 673916 654111 756685 720200 655687 688891 721436 699866 715674 676392 681457 683954 713673 717531 643021 650191 656726 742687 726049 722452 679886 649651 733236 675077 719429 736995 655483 694749 664542 762947 698653 718973 726614 679569 683464 678779 703228 688638 700816 697293 668352 688280 652484 684094 665049 685072 678139 663266 699105 755953 747967 703692 690737 710217 687595 687319 717863 742586 725988 727098 699564 706699 672944 710266 663684 720662 683628 722579 698617 693597 715211 687259 600729 609255 714123 696941 702963 682896 707118 661254 681143 698356 729858 688865 701471 701810 708207 719789 672756 752264 684519 716684 732263 689513 744770 704842 667638 721892 696181 650890 710468 648773 714456 642545 708507 670393 689967 694016 670779 738700 676976 630252 729528 739999 679426 708072 672967 715838 724060 673405 724918 710051 699615 663151 715535 673792 747467 674693 727802 666815 698443 673746 665200 703329 721819 720430 699840 702035 672091 677239 671699 704391 702059 750715 697304 700651 721530 706294 727399 689829 742691 696072 703547 740007 705691 716971 690659 700515 657475 690599 690095 698523 717302 646735 724594 736154 682885 711772 702034 674213 697168 670307 631174 696808 690254 701581 673326 716540 709691 741230 688814 736818 694288 700380 703287 713495 715508 722188 694988 741513 735985 691662 678177 709762 785589 707433 707005 652442 705093 642501 681568 725291 675375 695585 692776 677412 709581 711265 727566 713395 704260 761678 690236 689687 659567 662013 708446 683283 692458 709486 691273 703975 675248 711178 674290 735738 718790 689880 648695 678265 709241 746958 692887 730193 696671 666883 697428 677108 652118 695034 624006 669340 668895 688853 670271 752470 677944 729094 719625 692056 667020 699986 644276 701681 712403 660942 700215 643509 712258 663204 656058 664945 737383 705448 687341 708964 660446 672094 683812 656027 734550 723160 660689 701957 687919 703489 675904 714508 663824 706557 669535 709765 697514 
744278 726069 715795 648438 681855 680196 745221 711880 675472 679235 697429 651676 697226 727572 714195 688643 669347 681723 658435 776594 711460 666614 699780 746857 749864 739680 694103 661303 664420 704377 694365 707004 651540 652968 750327 714175 717080 686641 725513 733999 684772 734311 741598 694413 709855 660045 757595 699601 731271 745288 692901 710338 659049 715790 691114 697875 709396 701858 694724 676911 681559 668140 669129 713484 681938 715931 793723 735637 716733 670930 729534 700206 665178 753168 737379 716238 690038 710413 697355 688297 746173 692912 743032 686310 725263 710507 681429 674920 685501 641094 614574 713735 672250 708480 696179 712114 649986 673890 679782 720230 651328 747908 704526 689994 720692 687957 759917 658541 750173 721721 709583 733778 713914 650203 730162 698887 654889 693121 673049 730713 653166 714355 676680 686395 721060 699465 778394 678685 600714 706630 724408 707024 700912 690647 740521 731321 699185 727343 726458 685345 680733 740184 678097 741567 645227 730751 659314 711989 714876 703032 744650 705007 700676 684519 717623 673083 703864 679514 676415 721695 751968 701346 699581 735405 681934 693698 684952 737074 729041 692683 793790 718297 730455 692195 713606 690724 685112 732313 683177 680286 690406 704752 743142 700368 739016 736212 719457 694975 672724 652848 725301 721761 707315 664088 730187 701870 743151 711805 723167 698487 709083 721306 726579 700078 720546 734371 732954 744145 702105 678643 693334 750771 720948 677833 670951 709214 639579 700421 707947 676212 714699 726779 724285 685782 711960 724915 708780 726475 714833 648202 693658 637569 675851 716732 709308 729023 683729 705533 694805 681323 698926 681030 714046 727106 742355 673000 708355 731371 709659 700968 723530 690507 712502 733383 702245 662293 698044 641838 691647 684211 680325 689098 776891 698371 685242 735112 679183 713416 670967 673888 727810 689177 675984 675463 682401 697698 670655 662254 664549 735478 704376 683287 722888 669432 716706 677090 664409 717346 762109 651180 712686 681994 745921 664010 720428 687780 721498 693450 708473 752620 
687990 687366 682247 658532 679217 680993 741191 683897 682292 682854 691217 664778 690373 724443 723521 729782 674412 658074 650993 734571 723481 642718 689429 709690 727161 722327 696961 689276 694481 686153 701395 706967 639902 640709 718529 688892 723272 679157 652438 760426 661378 709630 728940 688121 692325 696894 759006 693337 754364 710638 673349 677904 676137 716855 700663 664346 707876 687739 660560 697740 668947 688228 676017 678603 659536 732979 779684 754758 688831 684826 696443 676897 714948 751448 737962 752611 722758 703351 694310 680524 709855 687368 706876 659685 702325 714691 698759 701993 682950 634170 615201 719864 695758 709500 689716 719825 682185 664717 734022 701020 674962 702887 704102 693784 729669 674712 725983 652053 723798 701708 703774 704962 704348 673860 730863 717473 656707 676901 664808 696138 636642 714621 669270 676707 713705 714148 780766 694363 639958 674137 729977 677578 684530 702245 702229 707385 676036 750968 714474 681150 691087 709534 666678 735351 656023 735883 664690 713151 668345 668894 694741 711396 714581 692031 687888 675738 665485 670278 693074 726075 736639 710586 694952 707866 711478 719871 708565 737156 699883 711722 725100 713097 692813 695395 706829 674480 673162 702465 703818 715434 673231 717375 728699 673706 716431 714471 681364 698952 703747 629914 713770 683194 687268 656464 713395 712967 736356 673282 729179 675150 692512 696395 713149 698589 716868 736271 719060 750083 702901 677852 737928 758053 712163 720359 686556 708626 638738 701158 690055 672876 693829 720728 685978 714809 739452 719555 659119 703396 731225 710684 671446 670367 676231 716622 693539 713884 692833 710662 706205 675108 679378 708814 706996 708428 693901 663883 696548 698243 707804 669665 752953 733669 657902 683844 711534 635666 713742 616693 693299 664031 677091 677017 749627 677883 726759 705425 695139 643984 682998 657115 700539 700603 643790 707886 660627 718560 659318 656596 667161 710042 684680 713634 716114 652540 686783 695173 647702 730394 755721 656385 703543 682585 701781 688206 678386 682856 727503 667609 698361 724900 
763695 784475 741748 718554 716184 730165 796976 733789 718682 716742 721392 726819 746120 786740 759098 790087 761503 716683 714850 807701 777452 723916 748030 788573 804767 825004 753082 739940 746395 735935 761566 741657 720607 704541 794701 769372 787092 738771 726713 806353 762786 807127 815500 745880 743089 732667 830193 740577 795361 783797 769581 750197 720294 794902 742148 756686 725858 753755 712988 764107 759568 733472 737736 761121 758713 758039 831490 784109 758258 737029 768880 758997 740344 803841 819931 764009 773857 750210 737084 759253 768713 753437 792430 745909 781304 786402 747024 721104 725596 684607 677418 792620 777065 745916 751175 790237 713047 738295 777032 791461 729288 788894 764257 791935 799912 735231 796518 716751 793287 760658 770385 809362 740896 716600 790966 782066 718773 754674 695571 781800 701804 746559 692337 781832 802711 758509 836515 761143 668707 745548 805009 739936 749648 755957 787810 764307 765367 799950 764872 725554 742704 808219 738234 795189 709916 768554 722340 795531 742778 750007 795811 797323 766141 775578 763630 724050 782744 720828 736492 752593 809487 727410 775050 784543 729982 775588 754929 824838 760082 747962 821983 779759 764823 744816 763031 727186 720787 751222 761393 735121 715026 778698 772477 764590 769492 771361 762082 760948 743140 700285 780224 771397 769466 704482 807251 793888 808402 749321 805370 750144 754371 777718 769993 764614 802527 784047 803726 814486 756794 755930 771695 790283 763661 762691 711633 747298 692132 761793 772829 756044 749484 763539 748640 742076 785131 796794 745345 778008 780551 755422 757613 718006 724541 753544 773240 759748 735641 762694 777010 740100 745680 754985 776752 764225 767383 699315 757415 791218 771169 755524 784952 779852 732126 821679 741874 724784 744858 679078 708844 780441 752476 723684 815862 754013 784360 758825 719979 739203 731820 725319 769864 738311 745657 727126 733861 749213 716248 707216 740273 779946 740619 750655 772339 737777 745002 769912 752363 803428 845956 745004 743210 764132 797245 743028 787123 741211 763845 703154 770493 779228 
717236 723032 697792 673403 682354 701236 731823 705133 687371 696253 706586 709929 695454 760061 673568 729651 703018 681682 660240 759100 713022 692627 688089 700014 737833 759637 700487 688442 703539 700170 718722 693782 649043 641007 743485 698395 736200 725261 679376 745753 720241 752222 755307 698464 708060 703112 762499 696301 747588 750330 672577 714820 635933 720703 689564 701274 699566 691692 674025 712630 689598 684374 702209 692846 692216 723447 756822 760426 724350 709208 739451 720396 706357 765114 733289 723412 727155 696679 697175 680321 743570 694657 724150 692135 750045 702802 699984 710574 692724 647676 622280 726809 722268 701694 681910 733166 677367 667975 725357 737722 650471 732452 696017 681871 725199 688386 788465 690556 769282 734529 746236 712889 716140 672515 725989 715736 679250 703315 665439 743640 667835 700703 681093 705781 747463 698474 779285 695502 630120 720301 753879 703833 703431 703297 742310 752267 688521 741114 717665 696715 690564 757247 705983 768864 692223 755111 680874 716196 677544 686317 726859 736190 728697 745430 702710 667926 725168 681061 722177 703327 786251 707027 736476 732150 721513 735240 704916 751951 708513 701286 763949 716586 705752 704876 726600 678379 685255 690459 690688 680517 702704 720827 738997 696695 722125 729748 704576 678107 694860 655822 708416 705322 737928 681031 731674 719424 739912 738758 744507 708065 704629 701150 742176 734429 739730 723938 738149 738811 667089 687109 733683 770139 722728 723843 667967 699459 675018 724241 722714 687018 681107 700594 694111 695040 733884 702657 687519 712121 738892 692987 701319 688071 674286 722596 688855 675208 682939 738853 731357 688377 723958 693131 724797 712680 700654 642906 697849 713941 737329 728651 740637 685560 703135 702794 704810 671948 704387 637350 690457 710485 681715 681968 759519 677671 734536 716132 677358 652292 696387 681257 721553 693421 674772 701592 682299 730228 686902 687881 686815 761373 706299 720920 736250 649760 677383 708698 689315 738986 759243 668755 698077 669877 734815 704207 745553 718298 717555 704129 721347 736877 
717532 775405 742424 689839 694140 713393 759500 720225 716543 735319 706844 729624 718065 744428 692789 747992 718917 688515 657860 798271 748702 676984 708188 756195 771728 772647 727404 700051 720111 721626 758199 720526 694981 677744 797182 742955 740459 724523 693301 743490 741984 789215 780785 733436 742341 712302 800160 715509 776043 768161 718298 739779 706352 721320 720600 692924 741392 726023 701069 694243 721867 695863 690610 744259 701384 762008 803253 768752 729105 744997 733626 724779 719221 755320 759911 748523 726683 714193 718452 705381 754752 742166 747025 709912 752727 721601 741025 732604 694752 664413 624466 752434 726329 699403 738604 747340 692530 709983 763045 766375 713634 753724 733413 745714 727205 707166 772837 714872 759430 747656 721890 752988 725112 717198 758650 733204 688787 704689 712670 773270 675258 744539 681860 708611 731516 743651 808442 731657 670439 722603 755760 697480 745415 700611 743082 734547 701043 762641 733268 704025 718107 759305 716114 786268 725484 772904 686153 743558 731227 720306 745122 767939 770075 750870 727942 705155 745091 689083 715039 780828 746404 740494 718648 761130 724312 719872 704783 778668 713996 732469 785696 741832 728087 723465 759436 691743 697743 752849 711067 746428 700802 757239 770092 705285 766067 730431 735745 735795 709251 682306 723460 730406 736287 711240 759879 779721 768734 730583 762812 727030 727010 702336 754551 718377 757522 760223 752461 775084 744504 730371 737900 779614 746376 748581 677447 695563 694006 728830 746798 734432 692578 754200 690504 720351 751062 735213 727678 735523 761798 732388 725122 698792 684828 738037 736119 716106 711026 730782 736706 726788 751958 732192 750213 749644 730050 672852 723278 742291 754617 718106 772772 746831 728223 748532 740719 722045 724631 650610 717695 725735 711812 704259 795829 713032 751162 762021 720191 713357 687024 720361 734383 726546 683255 710866 681017 746447 691831 707604 701663 761701 727863 755233 736066 693470 712029 738164 698048 756836 782881 693569 702982 720986 725616 728409 771277 706577 754689 697494 749531 730933 
724411 756050 734274 672471 716582 709555 761740 713197 715312 721828 701602 732078 719989 745400 715219 751737 714717 723325 668832 785298 752930 693205 713855 774032 777121 760986 738530 729016 697136 723361 708995 717250 708097 666860 788984 741136 758230 696523 679454 774563 718587 770234 753114 718835 733884 708526 779854 741752 784701 771964 713901 721224 693121 769633 740349 695990 727665 708144 690483 670545 733284 673919 684997 739610 681721 737067 797229 784673 733015 696804 730865 696150 735365 738746 761013 756578 706599 748883 726801 682159 745756 724318 744557 710360 726314 713923 714032 725068 715946 699786 644938 773170 717869 724477 741609 751692 670121 685571 731635 759082 728283 751666 742547 749596 742292 707408 754531 714101 757724 728514 731919 755089 713500 721939 753512 746800 668749 736895 686537 714958 683839 738296 683134 728138 739257 719702 807742 712074 658662 711770 756688 715007 739481 715548 752049 738963 706527 789741 749261 709154 700378 760240 715567 767479 691936 775273 690663 778138 724058 734930 736839 776949 739982 769605 749595 697393 726632 680529 682964 750170 781866 759410 719474 739556 739703 733285 690610 751231 719876 752573 767685 728857 725192 708976 743194 713493 707995 731642 712733 765796 694523 726620 756394 725499 763074 741973 724205 722220 716528 644181 771610 756072 729051 692885 747236 762128 785908 716448 787007 725873 717926 739908 740228 717977 729196 753501 754890 787046 740237 737841 716514 804585 740295 749928 723645 714740 703075 728591 739248 685058 728997 729079 697851 742667 755612 743382 717020 763299 787661 713037 729156 679299 700321 741633 712683 705386 691538 732449 725292 700264 754679 703155 747711 763857 696517 691782 739602 749629 744949 721976 782156 744351 689497 744774 735258 710773 744996 637429 715008 712647 721999 702840 796756 708179 757503 777945 700394 698744 695821 683015 756507 695866 690083 715731 694752 705875 718275 675869 698742 772140 765839 736586 761577 715228 709110 689394 702050 739365 788841 689380 714230 720260 717627 715066 746690 695032 726962 705332 728796 735736 
705811 720072 705923 652642 698466 725420 757488 712160 715538 705048 693464 694349 692360 749328 707981 721734 717507 699382 669253 784973 704495 689979 687637 740072 746335 739279 703985 669798 699499 701020 748307 710445 664176 661494 760854 720194 749356 689705 656138 755963 714794 747865 787981 702749 751931 712981 759101 732780 759048 760281 696343 710515 693040 723993 727493 711035 702905 701458 692570 697748 730561 707265 692212 688288 718907 723826 777720 774379 715534 692577 723916 687369 708283 764647 768928 733064 719748 722435 705304 709459 712057 708824 743972 721752 733126 731130 702418 720779 709036 645120 644813 729630 710774 698838 713335 740297 679011 684786 749991 748295 711761 720011 716229 709288 715301 678949 768621 694188 729519 760009 726902 761826 691755 686745 755742 698194 678297 681392 672759 704968 657787 712220 690008 719487 719656 708948 790537 697686 628391 711796 755820 695904 724217 701420 738252 735623 696639 749471 742376 678088 690519 765487 702878 734559 687492 755822 702638 737345 683710 685168 755504 746785 753941 726449 731355 711807 712151 711480 726285 715782 747900 722514 720315 761394 742492 728427 689511 737278 717180 728278 792507 719356 747679 728878 723853 698473 694637 730115 720681 732043 658712 753001 754922 730332 729364 703642 716359 693065 703441 658880 714446 701852 703528 698695 733464 720433 748161 718000 752966 719000 673529 720301 718097 685274 752290 723979 741150 808401 707478 712936 731750 768234 732507 747047 711260 747535 674140 695573 719630 673803 727107 709586 715266 726903 710651 727191 689183 704062 776537 686639 703915 655613 688204 721627 704852 717673 695101 706116 743375 704624 731472 686106 737645 744113 682529 663163 695581 698127 719268 746111 757534 735851 700955 728959 702067 685779 717853 649107 691768 696588 710587 702904 773537 671443 757210 744841 712438 703167 715548 653182 732571 729699 700679 687440 670114 728001 683223 663916 687919 768918 734506 699570 735954 669578 713671 686495 689449 750365 745528 686245 700046 715366 729268 712439 752868 683209 702838 658923 725267 723019 
767735 777270 762587 722184 728337 742054 820159 765288 752236 743032 736717 734659 745881 772934 746364 775878 704679 771420 700193 850807 790087 697256 743626 799518 798414 804101 737360 738604 746016 755189 801016 746755 712501 708591 825886 730362 763546 775815 737258 790604 765463 822961 823511 746543 790018 684701 821027 761568 792102 792096 768995 790056 705709 786896 750235 780228 770380 746476 729825 729677 795649 717610 747593 760785 764353 779463 819512 807887 767997 786240 825201 767493 783708 806864 819721 794661 772383 772678 778168 764498 743314 749728 779189 726052 769795 758758 726756 759901 733337 719396 686377 785867 765214 776080 737096 792734 732876 741194 783785 785044 721310 771669 778716 781721 801903 756876 808804 752985 793781 759954 779756 777536 765229 747175 782688 812349 743223 775951 727116 792895 735058 729342 715848 793518 787537 754400 847601 765824 681347 778308 831249 742031 770354 758593 829398 778899 785003 803268 801004 760058 731417 798925 751415 806339 731789 811198 737245 771155 757818 751675 807469 789808 774398 794965 762610 769250 770705 738847 779504 798215 816104 728894 746989 793427 771475 779779 759558 800625 755343 757488 821444 788615 778655 757145 741162 721563 731374 749554 762958 760768 726720 785559 797254 782946 777291 756678 791417 735040 737215 679698 804733 784310 752923 732364 776235 776552 817597 728700 803754 772778 737006 765869 781022 750139 798466 804178 791811 798121 726133 758317 785472 850277 762668 762324 718050 756726 704042 764592 805415 709454 779264 775168 767939 758190 780443 778617 759351 797185 808636 767326 748584 740036 776838 767500 763113 763090 738117 774074 751413 753031 779364 733785 799431 808573 754445 722710 733709 788062 783257 765108 824142 792436 701500 770915 760371 695628 780968 706433 746402 756676 745805 741328 834349 734970 780330 762973 748316 747041 763744 729781 778199 760519 728801 745335 721381 751836 731634 732519 713088 826673 777758 739590 754606 749130 757941 739368 754412 782292 837953 762745 774128 749186 774251 749101 782177 757223 774573 730148 767236 781090 
703396 756347 718340 684019 721246 726553 767237 710887 738002 735924 657662 701872 700872 732318 687545 765617 731274 691302 679042 806777 724534 701460 697227 746348 746154 752490 694487 693632 701863 703829 736738 728649 682454 657449 745494 733776 742595 714232 681697 759227 736663 755357 757041 729707 712474 677154 763778 732155 756271 731253 698904 701622 706062 739470 704500 722832 695479 724462 684265 705414 733502 662555 724173 722016 670187 742018 763684 788504 731318 708202 738042 715277 715747 762051 765286 757240 747618 707143 730893 678156 734797 724564 756591 722112 742541 736622 713254 722936 688135 681752 627492 750125 740099 713880 701613 735304 656577 698452 755332 748041 683316 728343 713003 721428 736441 701509 756489 689714 756641 745706 719106 764618 712278 701739 763306 732757 642662 733802 714412 731860 697173 704809 682884 729241 745937 720157 782707 718219 633057 713335 761898 694628 739391 723496 751136 753091 736838 746439 730820 696670 676443 767634 683169 740807 677562 752056 676104 746199 691505 702475 772618 742762 762285 741308 729816 699537 712123 690039 710849 733579 761105 712780 739957 755266 714268 755827 712213 741229 740334 728498 776237 732702 716889 709403 703089 670889 713035 713082 728473 716018 686034 739487 757484 740127 707263 694429 716553 693171 716071 673019 742130 725374 723418 729867 770861 733978 754303 703589 736582 708392 717344 718650 773262 722835 740137 746498 748207 769757 720670 705124 710581 771099 747930 710631 706101 714101 677946 731699 746405 704758 710871 729322 723957 724322 729419 721868 724263 741826 778648 713283 699914 651930 697784 731103 730573 720743 700333 728201 739715 706207 710245 693042 747097 739681 718493 670806 691160 710008 712077 724162 759814 744205 657531 753703 717793 674883 749323 635891 669402 717706 710763 684860 781516 707072 737133 716666 711046 716927 704830 697089 728836 708816 693523 721583 665184 715519 696002 665395 710901 766049 726868 738330 723986 675049 695595 718246 699590 746450 762964 714241 715940 723163 739931 715989 766567 698262 744245 664674 734038 742343 
791606 769556 809171 701162 726815 773482 820443 776783 767981 764362 771990 764309 789872 779194 773485 788434 746281 770598 712829 815317 810546 738458 773546 791526 799600 805892 787751 743536 756583 771412 811013 740019 727299 704410 861857 779175 780642 772210 734574 830335 764465 815171 847265 767814 795701 745250 811257 781434 814790 813774 753832 766722 720325 812407 773365 767393 770784 733265 740341 739350 759967 750199 737265 760577 744704 777290 846416 828126 794582 784259 803231 779284 769802 824259 821477 802980 777453 778955 782496 772767 784100 740388 778782 774028 788226 787944 777188 783248 759907 719960 670746 811287 773459 780005 764224 794259 734439 776355 755670 809552 746533 791646 790479 790897 768197 761189 819580 783235 800829 786677 794832 812160 748048 746850 794055 801773 747135 808997 736242 787314 733461 748606 744171 795466 793324 764830 857209 789993 693773 782529 823299 747476 774561 759538 827530 800184 782279 840899 775522 757743 732142 796802 732653 851874 740988 810643 750521 788503 753404 754399 811773 800361 794671 804008 784715 752156 778123 747307 760814 790822 838439 770327 752121 781634 757849 794617 767903 804349 770608 783011 813439 765063 790601 756255 771720 746082 738774 781049 762907 798573 742015 758320 814032 757934 792481 799808 798384 759138 746409 713669 800571 769452 792951 749052 773373 795343 808580 771615 801002 763946 771303 794648 807276 793320 807143 811033 821109 844544 774591 773284 821197 856231 800594 767571 756639 802134 725160 756773 812690 722072 748102 795250 804563 785396 786851 771966 757615 794122 825877 778325 774237 753523 748983 801948 789502 754696 760578 793189 790090 730106 795634 756729 778245 784463 760106 736869 777511 839955 783873 756969 790300 792877 753456 770312 772730 743736 800320 692985 792907 751571 745838 740775 840232 743411 784186 811658 766855 772705 770638 721079 784019 758506 729782 745901 736913 791310 739205 754078 743134 820568 796140 789414 783083 726843 771883 748618 744132 794537 852129 723441 768266 782204 807182 776992 815619 772927 774242 745411 793572 827249 
672529 699190 674097 615166 651590 675668 719043 686064 663088 657182 650246 678501 654490 710210 650481 727796 691781 663837 640073 725467 713272 649263 677903 728032 730951 695955 708855 673137 690296 687341 705341 652587 665772 634019 724705 716932 714690 686733 660942 747908 681691 734232 716509 683259 704616 645317 748929 689743 739916 708788 671813 684398 645080 722708 659602 668364 642378 688419 664091 662147 706238 666103 674229 680511 672125 708938 743951 718670 690279 651764 712179 679966 683388 708179 745389 719563 687279 673424 679382 666970 673046 697625 711446 686653 674122 682134 665920 698333 674964 635094 622561 714640 679600 672183 682238 681074 648094 659092 706080 708636 645420 673896 692983 693506 717395 671062 716956 711036 711778 712803 699876 717953 674383 660383 693870 703792 637147 683357 637815 684191 660661 694517 666997 728728 675508 663185 746986 676540 614598 682365 701412 667794 701456 692031 714040 684246 676383 749799 706846 682223 664497 733441 683859 742201 667548 706382 644191 722875 661753 676459 679510 742945 705386 677193 693444 668494 683270 654754 677691 708724 737975 705471 692728 706336 703327 730038 652929 703397 687564 702089 721249 707111 705925 685189 694093 645819 651489 666041 652670 697414 663690 694711 713049 660763 705146 684661 675897 686425 703394 609534 701805 680875 703091 635027 719420 721932 722664 657658 721800 672979 673897 675192 698457 695679 707877 736418 712177 713214 690214 680252 707165 755001 709404 695138 695376 703926 638715 668044 707308 679788 665585 689199 685434 698885 701569 675887 675092 714982 728968 696794 698769 637800 659531 697900 685050 689917 670549 694839 680666 681724 714175 683005 704904 732196 676937 649225 663278 743197 695455 703498 727656 707361 642470 707454 703990 660596 689703 628650 655782 707793 641159 698938 749449 654130 724086 732563 631768 659334 649424 649394 689940 707305 668263 687972 625466 707247 664644 654721 668196 698762 718220 674206 694620 649943 672345 682732 660068 672988 747586 656106 672631 676404 687436 667219 705607 658204 702567 658764 713942 695328 
742258 716161 699494 669621 690523 706937 768800 704608 700733 673239 697309 692166 718748 736042 701034 735203 685720 687829 652878 774143 721667 687758 730570 718216 734187 740396 696046 687829 694475 711001 747052 695695 680736 699724 786826 727620 711678 747525 666287 740880 697800 756387 747594 718761 715657 685013 768614 711909 762824 741359 703476 727916 709870 724084 714566 689959 723218 688759 706691 694353 723757 686072 651354 732857 683605 755534 769526 750907 725127 706092 761134 681066 687536 742489 748069 728446 696297 713686 736602 684080 752943 712141 726670 706318 739953 739522 694803 713916 677846 658153 646052 720520 694580 737813 686679 719898 670343 700606 727905 718852 666159 713206 732453 741774 710057 703020 750416 703974 746262 727492 734470 749852 744077 698804 749641 729662 670329 717135 685693 725364 696365 738015 703244 695276 730337 701247 765186 730764 647519 724871 737250 685987 730671 718790 740046 750359 715369 752787 732356 685588 703257 761183 716324 772717 708279 728508 647769 704767 684153 691909 770611 748725 762172 753808 736374 690248 723890 675495 715292 734841 759454 714140 741699 736434 745167 739828 673676 740075 719889 730529 759797 719715 757947 692765 730942 683965 695911 716816 685749 715633 670030 750391 746813 709158 753804 727373 752168 710887 695749 633795 722087 708134 724069 694764 725207 729662 743979 723672 769185 688729 717072 713766 744393 730916 715890 741649 787160 759560 731443 707158 710817 771069 733696 717148 697606 705829 687840 711216 742888 674082 733052 707267 713065 745000 735012 731173 711748 728972 755963 698432 729773 685356 674920 746208 724412 729250 697476 700044 760165 687679 725908 707579 711824 741018 717751 683145 703518 737099 724040 720281 752381 706261 699404 727379 703353 664757 725895 645524 698731 695192 725849 720106 766745 669306 750292 760215 696804 698949 721630 668570 745563 699934 689051 712785 672660 727659 681349 694309 679814 744923 691699 702432 724512 670669 702360 715571 707120 742702 740232 687676 717932 713192 720536 719092 754016 681871 736030 709366 744331 717550 
756223 751204 779140 713470 745883 768138 823621 755783 765155 762850 756366 743642 762676 801449 757201 810619 780799 712501 689389 818593 792916 735193 741805 787848 815073 810256 767618 735623 744662 781236 778137 751985 705092 717928 808846 751484 773221 733580 725801 809114 747172 796714 820777 763999 750024 755902 808279 752325 819208 801096 721222 741762 710680 767418 797284 743751 784453 742651 735510 754522 769445 724396 745973 729730 726520 779002 838881 819896 759112 728102 773588 735765 768224 798235 782589 810396 769643 767832 753984 735258 776161 731261 787249 731063 802248 760371 772568 774494 766026 681295 672820 795753 742980 728838 752423 790628 697323 748099 756506 794767 760159 772099 793529 760700 780304 721444 815560 731861 821195 802118 785555 757329 760055 724888 818567 779838 748243 773884 727059 765529 689392 764589 717523 769305 783340 778887 834062 766224 686058 751482 799910 736743 762889 757628 790739 795834 739071 803732 769902 744056 738616 820750 752564 828268 743061 776126 717690 780597 741069 735435 769234 791169 779603 762347 762803 754467 739026 730458 772165 772443 796292 743415 759116 792059 757244 747856 762915 818582 771633 772799 834946 747777 776893 783593 758605 728003 737982 790805 767353 795774 732500 752058 809436 761266 786868 795449 743337 758181 766191 706283 795142 750142 789943 747253 776413 778118 821080 761229 808973 732732 747561 756442 790778 757158 800034 802012 805336 838446 755972 773216 783756 821488 781769 786137 741599 761779 711530 756116 786876 753660 750744 758101 728012 759967 806363 795915 739186 777869 801481 767468 772651 696471 719270 765751 742744 780933 746496 799932 771338 758828 761992 751607 785201 789038 755811 723846 739884 770849 749128 750823 785473 773174 746825 788600 792426 733934 777181 689225 741778 738343 729836 733920 820073 762734 811400 818294 738875 770171 753943 726079 798238 773763 710572 749350 738811 749980 734436 746632 740377 832954 810259 798859 778864 700224 747690 785828 754141 811891 855151 705243 759480 771772 775102 764815 809983 768439 755268 746776 781346 771883 
662519 673732 680469 618071 654642 656022 724045 657245 659108 654338 664618 658887 675784 710371 645052 694935 667604 645756 624240 703684 688689 626784 656465 718794 709054 684735 650282 648597 633721 668538 714449 654116 636685 600228 732701 691314 654008 660862 650949 714357 645734 710658 703163 660029 655690 640626 735060 654634 714899 696586 646108 629183 622405 690204 683429 665893 648621 662436 620405 650605 662354 663751 649616 665216 657324 675909 713239 711173 686055 642879 702942 681014 656095 698374 690722 685204 652838 657930 662798 685136 691440 659029 693852 659042 662671 673534 646180 675329 657185 605248 589038 676360 643285 676843 662886 693111 638571 628871 666959 673328 661104 663672 674293 647547 698952 666311 722093 649553 688160 675630 711051 704246 699522 648034 692779 680701 624042 662152 638713 689013 617896 664900 652772 674994 682467 645108 738651 676216 599584 636057 704228 666280 666053 678861 700228 671882 646604 722142 632609 631095 666812 684017 671700 714654 621811 686413 630352 687200 648432 645275 700744 720848 681366 664729 681481 635901 691241 637208 648872 708086 708956 675734 681675 705263 669461 686124 633486 701280 669278 666826 710297 674579 675559 667744 680308 621024 659798 657969 665271 670552 628726 673318 727408 667332 701067 672227 671886 667638 681144 587274 679103 685551 683374 642331 713513 704871 726900 678546 697228 666537 683521 659150 657643 688306 680044 705016 706078 708150 698057 642694 666015 725332 699601 687688 654659 672366 642187 641685 688906 621669 672845 655022 647362 687631 679848 681160 659800 703963 703478 643993 663589 619313 619476 702038 653604 674670 682227 647128 696045 673599 688719 678381 709255 693601 670573 628416 658256 706602 669769 683377 709547 675525 649263 700747 691036 633926 673390 565353 664419 670388 667555 661242 707588 652145 679715 710374 641169 653622 645338 653786 674043 665708 640472 618375 637619 662281 657684 617824 629275 687684 695766 667700 678124 612836 657053 671925 639804 691873 718109 630563 664601 662586 661864 660100 690075 627382 704474 657947 653691 681101 
754086 738559 719957 675000 708600 692850 776286 725390 712903 714188 728101 731833 751853 796261 721592 764961 713363 719281 688804 769693 736056 673840 743304 766116 745159 763862 725839 701719 728318 717668 750491 745134 682326 702468 783794 726940 737296 740924 691992 797064 708177 763062 752344 728254 735767 711180 787896 718290 781911 802005 705674 727121 717421 744050 763552 728164 719131 707555 684506 717054 728338 686267 697923 740554 676388 755796 787993 805040 744596 726100 735872 731573 758561 758116 777336 745868 740398 726213 704379 731829 754293 708472 750113 737043 764595 761250 742278 737713 732281 691796 649757 767368 722833 725068 710794 762197 719100 707722 736768 743383 696024 768353 774605 745748 752121 693009 749163 707213 764119 711816 769042 753343 746524 699355 776542 767275 686781 744584 698382 726012 711342 737342 735225 718267 766506 736951 811539 755911 677074 732819 788613 727659 742666 727310 749127 794800 720692 823660 714981 712951 717771 791632 768726 805335 737079 758624 687042 757546 725573 727917 769296 782448 752453 751973 727068 725438 745393 699167 729649 754126 774950 745651 738525 744812 747536 743035 722943 756125 728575 763605 775022 772252 730063 705539 734836 702580 707273 733959 741222 745915 695133 744065 784169 755868 771903 730719 740065 705198 744475 686505 751176 732761 750111 687261 764329 769645 761579 721760 769998 732323 728507 720288 751838 740619 766571 760527 777033 784212 749897 720169 741678 811992 742136 729901 705227 714275 695470 724625 735038 712857 741851 731775 730879 719320 781772 753586 728699 765733 759892 725004 698439 699203 708465 764217 734464 726131 688839 742399 752775 734680 734095 734176 757810 739683 726451 720638 741845 761210 740934 752903 782460 753264 674433 757502 751178 686309 749601 645241 744574 738314 713434 701296 766807 713761 749880 750785 720420 717204 723484 688120 732672 736125 712484 725329 703348 745766 716775 674771 714723 737352 732411 744821 739239 701432 714882 734734 685795 763211 777040 693165 734850 759551 759640 748710 769565 735947 770755 698517 725111 752412 
724768 739518 717948 680374 701364 716095 797783 741709 704672 723925 704977 755865 738002 786114 721996 771862 747402 725549 710733 787735 747311 704336 732897 751919 795756 777100 737207 710645 735120 738768 772120 721923 705844 669984 782673 714787 742819 746139 679219 770993 704955 788819 782267 695961 719387 727576 786453 733917 791954 778108 731031 721901 690871 757959 762159 731030 742484 701882 718035 727496 723933 673516 716607 735138 697050 767406 793192 777315 717786 711187 775450 716696 722863 759568 750147 757937 730251 730141 726481 718673 731299 715129 738608 705894 771558 745623 738139 715905 724583 670555 642565 752040 724649 731454 717367 759716 683632 710347 742995 737818 709746 734004 775953 749305 753124 733861 814755 725724 794258 756840 769049 743780 735770 745804 773272 763950 695925 744896 701857 726776 676504 722721 694201 762599 761992 726859 826898 718353 668205 728763 799839 710167 753457 709276 764665 764007 710363 764312 728207 701819 728385 794636 728416 793648 690881 769699 692431 743300 723328 733566 740836 756799 774301 764395 742922 715099 773262 709259 732109 734666 775098 733117 732648 766174 739186 745576 704583 774371 729162 743160 793789 757748 746484 760608 760144 675431 694540 750498 738665 750919 710646 741682 790830 733834 747729 745647 753725 731303 714045 691927 746434 715219 745962 725376 767908 765010 778942 732646 741290 749759 725508 727324 765616 739475 780592 765319 782418 792299 737789 736047 753121 823265 734220 745571 695260 705987 689958 730511 773630 712900 746761 727814 738900 748119 759337 740218 719222 779674 767887 720532 766353 683635 705986 750537 714482 723029 722743 757019 767869 740017 721557 714783 739719 772632 724569 699207 729459 759661 725564 709393 763127 734102 739368 762483 728476 698784 776123 664958 718264 733973 715186 743062 804996 724805 754288 748954 707559 699196 713919 727744 737819 737827 683143 699124 682197 741112 703440 695084 720502 777782 744053 726552 740702 717189 714898 739408 714887 770393 802965 704762 744349 746556 734274 738810 740122 719935 737731 687470 751912 731018 
700322 734579 706530 643566 658504 683977 727884 652348 662129 676525 669073 669949 728523 713428 660993 721113 686130 690450 655472 759098 704970 662603 699564 734228 707530 737683 694242 676421 677523 664143 689049 677820 678150 619038 745253 730498 709700 703203 678018 758186 668482 741212 734820 649358 701054 653432 741796 707973 730429 741479 690192 703855 642543 721143 677979 692822 699787 677590 641809 668787 678339 651737 691790 694341 676715 706400 735911 714823 696081 681238 726655 675043 683762 709395 717673 724626 706197 689646 692573 700711 694381 700632 698898 658623 678906 704055 686606 682350 678498 635805 634419 689952 709378 709410 679587 706095 622512 665329 706185 727449 656131 695300 702582 703731 748535 672232 737435 706454 707946 696013 700673 721434 678315 701056 725639 690477 660110 689459 627705 699199 634942 696499 665511 704105 728726 664509 752494 692985 630851 700925 745109 675450 712068 698663 720125 726810 668039 740669 702521 661903 657691 714977 685607 751047 656097 712347 672826 721288 682876 669192 691500 746436 702623 704218 695284 678317 724013 679288 694311 717617 731432 681989 704999 708187 672523 723587 689320 733125 663707 693188 738090 714518 701382 665913 705607 663731 681984 696248 682127 677997 674319 698220 734668 677600 721580 700732 716661 680975 644877 639368 689109 715450 715472 696166 714952 727025 761966 712662 702192 683839 711497 680445 743445 678213 748039 704353 722471 694057 703728 677664 708999 747321 708757 704382 640217 692539 656847 687455 724410 680537 697264 701009 697156 698499 721780 698236 674393 751837 742059 688436 703270 652864 677649 750101 686634 638542 681830 691656 687602 700904 723212 652488 705034 728088 694228 647364 671606 742670 713738 663823 749847 688782 684312 711620 681485 683338 712562 639305 683480 686107 679139 680246 779636 694025 706653 719293 652608 650372 671999 651139 688882 674200 670290 687962 662575 694869 674665 659476 688723 730577 704491 662496 697456 656352 670180 692517 670800 713975 739528 651790 704887 678418 715081 654733 700448 695304 684518 646081 709118 723723 
762033 761715 762400 728920 762008 759545 818610 758295 757170 758371 758036 747332 771807 809717 771034 811436 767333 767260 734781 842637 824520 734162 783796 807182 818522 823398 786189 744606 743797 774498 825839 754751 753559 686795 833277 783782 798141 758695 728173 821292 747591 815640 832511 751414 788435 735230 829920 776481 845603 784596 747887 774518 737914 794971 765968 770151 800146 750365 722805 731885 761190 744589 764706 795709 744345 812351 850889 828481 748404 750316 799498 764575 758181 806764 804583 797343 794512 783096 795370 767166 809475 783124 772471 760588 803295 769734 770206 779228 785876 719970 680001 806515 757611 778289 776732 798396 725251 752879 793529 820475 763794 766899 790797 783054 794700 747287 850281 746888 816264 770092 798919 799981 776589 760407 814132 797778 743806 777187 731416 800037 710553 779370 765877 786452 808931 770321 842254 772708 733062 773593 803750 739585 779422 752753 810021 793798 758256 813153 801736 752023 742817 798669 758389 837104 725018 804454 727107 797391 744389 755866 814885 808399 800320 805875 781281 747812 765156 734302 738258 812810 843572 795510 783604 815967 755502 756511 753964 806263 777669 790732 848151 819970 793308 746833 820796 730206 745921 781222 769985 786256 748572 782802 830966 770317 789340 805357 780255 767117 745487 702800 816969 782184 797200 761832 798136 800771 814541 762985 834901 780169 775533 781461 778214 770638 810068 813590 798343 806302 787912 773323 795559 834608 793176 787803 737073 751330 726561 755432 784395 738440 768671 779209 782912 789208 809446 785801 790056 806100 839375 756364 773980 724362 753317 789570 809128 782998 754148 778394 779755 770064 794890 765905 793867 805869 759364 737275 776201 780279 773761 758511 801400 791359 754811 794092 795461 763072 787926 694556 776107 760915 792979 763720 854977 774246 784641 816461 768088 741958 785786 739442 812933 766934 741253 770844 732655 802723 739864 742754 748972 795755 799884 798979 802760 754440 750260 748010 769197 777866 842924 723243 783877 760239 801505 753816 785955 766116 804154 774022 801665 817912 
752870 771863 768380 724369 716122 736503 810751 756919 750926 750172 725270 743068 745006 774659 739053 769316 732016 731378 701537 820847 762392 725275 742776 794378 788286 807528 754691 739012 743856 759413 807242 765085 717579 729417 806701 755096 767758 769494 715986 811332 744787 803706 797526 750923 749762 731938 817834 767436 807175 774022 737614 751860 736700 778052 776289 728130 758000 748171 694126 768919 741994 702842 739992 773021 718475 783710 810382 811469 746624 752613 807555 757473 735104 787774 800638 771691 762640 765461 757890 763388 793982 759333 795771 763357 801802 747033 768934 724081 761902 681461 659691 780813 756170 741549 765529 788188 712009 727041 781084 773487 733966 758205 744728 795257 761925 715167 844303 741477 800531 768515 797965 766026 750642 723839 806158 776168 711481 767108 718986 777011 727965 759054 715511 764549 783396 748044 856224 750869 678391 756759 826192 717224 761389 756516 803669 775628 760155 798242 762624 740606 723236 804842 728034 783722 717873 796235 722112 790751 729321 737432 797023 763143 788338 786058 766385 749771 752886 747797 753342 776637 809236 774473 770968 781805 780197 767679 741090 791980 767450 756376 795569 784234 765169 774287 784520 745713 752162 736739 760213 775278 711271 788351 771392 765992 778723 754987 772571 767871 749874 700731 763923 752436 748145 739567 800772 769283 794140 735769 792944 760037 762857 768125 775632 744025 801221 785420 779833 827886 751532 762967 771119 822145 777010 758935 744920 749318 717614 761531 804429 732222 771082 773493 770036 758278 782228 753763 762931 783047 802125 736156 737854 722022 737189 771805 738083 776363 735632 770202 754913 748711 756802 730807 764534 787901 748349 700393 754285 766930 781495 757127 809928 757319 734190 778561 757823 716598 757714 674437 752893 736453 726621 747840 818067 745241 762000 790739 763100 722122 709962 728921 791870 734959 710939 733999 726240 757621 739946 685740 739346 775140 770522 748410 776688 734082 751908 747391 754053 791724 827011 721975 757146 748690 781025 734997 777610 722807 768638 743206 767921 768800 
719122 744570 737636 690106 729617 735939 779664 724319 727137 697792 706129 713938 738367 754536 702766 753490 720566 709893 671432 776450 748563 705987 716472 745749 771413 798767 733174 701321 716303 716058 752504 724486 704047 680413 796372 747711 739202 727142 711884 750510 714089 778320 776008 721524 725810 715603 773597 721535 785893 773626 695977 712823 684437 746742 726316 735919 754814 727387 693291 725634 726047 693525 701651 720001 728263 753733 818095 758427 720002 736288 723591 719564 732076 813784 796711 741352 757886 733108 723913 746284 761790 739397 765139 713757 748676 735390 753987 741220 716397 662386 662224 741253 735703 713986 706600 754463 707981 706376 732235 765320 690064 745359 742986 726870 742292 696093 762534 711454 793428 749697 770782 743604 733452 683772 766030 730541 719852 728444 672842 745772 660673 750299 736509 744749 740264 725290 805799 700947 664498 721350 761851 730511 713534 722163 778689 763940 705573 783957 750763 722853 729469 747751 736418 785362 695637 775572 687989 755673 695912 706541 746771 770875 731511 745080 729387 695961 752438 696775 715230 758379 765714 744321 743959 760109 728787 737428 737919 750685 717450 724434 816351 753907 737924 729974 743030 723627 700850 737587 708870 734553 720805 762834 763774 741957 758734 767359 730529 711060 716742 679738 751690 732403 757727 683051 734556 761409 771641 718109 772256 712439 744524 735388 752010 743307 766514 770452 780054 778389 722880 736032 737449 789433 743726 747211 707388 743302 700415 745586 752659 693134 721421 743445 722650 743726 774902 707864 715766 764239 788779 747323 729763 688672 717081 763929 731075 744540 733143 764168 743317 737256 755599 722824 762101 759100 747690 708499 736246 734557 740956 726809 770600 753226 705734 755379 747775 688624 722313 669692 726472 725086 730956 699925 801549 702002 749531 753795 735044 749051 711188 707834 745816 717838 734502 728856 700978 760942 706078 721410 712707 765727 731373 746412 771256 693569 690641 734964 695995 789377 793948 671941 713325 722130 752056 718109 762069 742426 721433 718206 729671 772248 
792550 816858 791335 715532 752712 772561 829344 754286 790936 762810 777820 780215 785203 791300 785858 802159 790256 769590 723992 833729 824090 738461 817757 806470 807659 808046 755433 769951 745434 760653 817811 741808 743202 729271 873996 782387 798219 799342 725750 835002 765702 818428 854758 792771 787918 787498 838439 767688 858472 825878 773387 772181 734168 836204 758383 772937 799535 778521 747783 770285 781239 786599 782759 779171 763317 797365 862793 861963 797452 783500 796018 760506 761844 841998 824553 804225 780218 773138 805610 802349 796842 769280 795315 795368 818297 817692 781107 791501 748452 694207 686230 816492 757434 762453 795755 816449 770019 776624 789544 816030 763099 785897 785824 794299 797492 742721 831283 793033 794656 788202 797845 816519 783459 756895 832011 816215 754031 795010 729916 816581 703895 775567 786862 797062 790378 751212 879167 767579 705431 789591 843766 757288 793492 747941 840489 795090 778218 837533 796891 777689 750749 828232 757480 826212 765436 844250 718889 827147 789408 779969 778691 805426 797257 826686 779233 765375 804110 756305 805010 813820 826660 802805 782519 810602 773263 778751 786877 819727 755024 798454 841389 821884 795204 780627 788775 741258 744981 769399 808183 812190 758571 798838 822636 784512 787135 798198 805344 773269 792119 754644 812517 770635 796929 747244 804148 803163 827680 785998 839694 773576 756396 811176 782197 787806 796158 790784 797968 845688 806548 777027 796162 859585 823628 809762 767826 758801 757210 790353 800910 757199 769492 817189 774253 781072 830121 790959 768664 791339 823741 790280 772075 744875 756828 776580 771557 791966 762296 785834 818597 758177 799140 754534 784644 796883 756545 750455 773324 842005 806144 782468 799267 796980 759838 831635 814177 763730 787319 717422 765436 783382 742694 787866 839597 774155 817396 809351 728148 792826 772393 742248 800033 784695 737025 738785 730682 770160 756261 766336 748388 804468 791848 791860 831981 755196 752360 757905 754279 831574 862064 746811 766656 795499 796569 775049 841859 757520 781387 733969 802900 823985 
756239 753196 741940 702001 736058 729331 792857 723912 758176 710496 722155 734624 741828 796484 747406 784337 710511 722492 699407 792526 756047 702153 745015 782400 777291 769135 762641 726491 746066 725049 753881 739504 724800 692791 797458 758557 769965 755127 674316 784333 739016 767259 779450 732590 750442 737141 785392 746397 796786 783664 711965 735473 698971 766421 740166 725370 733027 720118 728309 715022 769620 711631 752335 749288 706680 792472 837211 790013 751884 725564 769402 719946 762032 784150 789892 799148 762758 748969 763806 748344 771601 740520 749351 733958 748733 776985 734333 772479 754991 694847 655497 789278 746840 739955 732317 766203 719331 724659 740495 777922 725821 767954 768908 746376 755474 723154 770669 710397 767894 763630 769408 805967 757772 727459 784391 762966 726579 742676 722465 710354 706793 729100 719886 752448 755075 733027 829093 735603 692135 767293 757590 742978 769681 746777 765297 778111 726036 814657 793676 742086 741600 788497 736023 801045 711288 776275 704863 765689 721726 720147 767826 778309 792788 756418 753973 736520 751834 696595 737699 755922 793203 753561 745622 773215 749411 748251 744136 784879 741122 752883 801939 761737 741442 740947 751385 712999 700938 763503 765961 753674 738957 761467 768580 758157 752160 765297 745870 732996 762138 728612 745439 763803 782040 733182 761141 761373 789144 759201 809159 753719 736724 746537 763345 726691 773934 764812 784414 801122 772226 715123 756692 844481 737857 734530 731172 746546 725442 770523 737133 706598 754171 766003 760504 759791 779347 763386 713257 775151 798962 745922 753731 704609 737660 759430 749387 735563 694886 750635 759953 722454 781552 747442 758860 773622 743775 738208 765810 777912 761964 776575 763115 748160 716826 732508 768120 702094 775452 661642 732679 754899 719141 720668 776786 746841 783863 789776 732346 712684 735588 682839 758631 726384 715662 733533 711905 727684 704611 729409 744658 789628 760493 739430 784707 695123 734465 734225 730656 783809 818195 720972 741769 725781 773533 757962 742040 737009 762227 699474 733079 808835 
746844 785304 761785 720937 693558 742299 800500 743759 726572 753936 701509 733501 730077 783528 729132 778033 743929 730794 702667 828706 756544 706596 739677 782715 787734 814614 730546 725220 727520 752286 793058 722859 727470 713840 797602 749078 770216 735979 701596 817575 757822 811962 794304 748136 776078 714220 779327 749562 806676 759401 723425 755281 705105 785554 747332 722718 752459 741628 710660 735333 755428 699492 734198 734855 735020 770340 825565 799054 749248 739413 790004 746125 745202 798242 798588 761442 758307 758531 766285 776560 772723 733692 768178 745591 778589 766678 753762 778051 734557 681057 659787 759555 748188 719571 767480 797151 713795 735879 776924 761940 707533 768963 788262 768446 786018 711921 788392 723899 798976 786459 785811 761710 763435 728847 806609 774607 720403 748653 707456 753521 708381 726229 721016 747537 759536 716421 825711 753506 683481 739402 784450 767490 769215 715542 784774 764084 750019 795023 774398 735344 708085 818055 740516 809189 700869 774344 693684 786746 732317 722808 765298 780319 763850 789466 740558 740808 768801 728061 758370 784115 790023 751605 782659 795767 767223 762982 769487 822249 756771 768472 817385 776193 751322 749931 743815 713453 735427 711846 755548 752680 722236 737005 781664 739335 757724 766649 744554 754826 754252 732683 766235 749389 758869 729484 765896 754424 789772 727037 802680 749520 753692 747667 757472 718550 780120 787933 778923 817412 761132 761506 789316 826988 782748 754510 732859 729168 711575 750137 773118 723876 759401 786989 765543 738539 798979 758267 753504 768565 800906 756911 740032 701803 720949 796939 748149 774928 698645 765453 753954 727204 768976 730971 758903 787427 742154 703057 717348 821399 746715 743492 765415 779097 700376 773473 800146 718613 738719 678827 749556 751503 689824 720760 798857 733059 797372 790573 726159 734444 748275 721367 758471 754818 745300 753436 727708 743315 728938 708728 722629 775496 759690 744532 763685 711846 734237 757839 729214 788204 802570 747046 742729 750616 751796 751644 785319 777065 743309 719176 766844 786780 
708975 742067 720754 694243 704379 728581 759962 731911 704797 704005 714657 691607 738466 774302 701188 731961 698865 690862 665836 774815 756629 685834 740019 771305 749060 778838 725766 724848 701934 719956 772676 705973 685717 671953 783416 720964 731679 724033 705299 777942 731258 761350 779579 709577 717292 696392 787531 728632 768388 758929 739763 718456 719589 737396 746215 714861 709714 724181 717514 709276 712061 697827 713639 748239 717178 757258 809741 779783 748064 729920 731046 712961 719263 770477 771801 770551 743866 736135 740821 724769 734647 715976 759887 736483 770499 746111 704853 723725 727820 691897 640016 755695 737998 733756 723217 763550 701556 704308 743925 771052 710447 757950 753444 730921 747205 709213 765959 724270 765692 722135 741397 739081 735846 711662 774929 751599 698289 723406 669891 738246 671532 714957 686830 762291 745841 695031 803646 745183 658535 726733 763912 731499 766445 736647 761763 729087 736602 783173 756356 715597 740039 783144 721971 772216 704677 779532 683663 746380 711522 698216 761062 772379 741911 745767 722348 724109 743458 704584 723790 743647 748265 721212 757453 767275 729193 730634 728848 751569 704012 749811 782746 742711 735486 729399 764988 698230 712462 734306 724815 742817 695390 784071 769327 732385 752699 713501 712206 760602 723030 667798 745091 699889 739338 693286 741396 735674 754772 730595 749314 729298 722550 724593 743355 728326 770197 778508 746222 765889 750363 733632 738474 778869 748128 729907 704246 725342 685661 706109 747142 690896 711923 757163 733404 751038 736404 733845 738519 750214 782773 706299 699228 692881 690844 750688 722072 719143 685606 746384 731662 721935 740143 698921 750742 738408 710074 680551 725354 748459 739529 719300 748837 776717 715112 787119 754610 680889 719306 656422 720490 735157 707365 720880 801396 743459 767080 746925 720085 723241 700263 716095 744782 739578 679416 711151 690300 732464 709404 712001 699028 755776 752236 708625 751955 701632 712644 753415 722705 750855 792512 709240 696575 731751 752393 703793 765197 728097 744883 698021 757196 747123 
703855 727549 740614 664603 737870 711250 757467 735348 697846 698979 700419 703887 699478 742925 706779 752065 675668 709006 685167 773332 729958 669527 734697 741335 759317 763311 727583 693036 716269 697742 728071 715756 689355 680022 790280 707933 740530 723254 689407 776085 720143 748286 763714 694508 712952 683405 756834 706882 765254 767260 714080 700247 682870 732467 737441 697728 681244 708223 683945 701848 704546 697282 689319 717379 709383 725633 801680 755476 700039 702904 751542 715458 710395 739789 750851 730919 711255 717486 707902 730272 752208 694365 741958 686417 729189 727150 709578 720747 713704 629916 628977 742627 711934 722779 729160 746046 691786 708669 732809 753159 708519 737657 737020 750884 745462 663849 764563 684066 743589 685065 740183 749714 729631 681069 758912 718640 680654 726159 672403 690611 676190 745950 668646 728532 731004 704818 785436 712408 660686 710165 758656 703449 727466 709153 734916 747125 691456 770659 735511 716343 689194 773004 703898 774647 687037 756438 675769 749994 717995 701019 734230 785155 737218 745645 697396 676991 730637 678226 695761 715323 774651 717283 733934 726401 726721 740487 736862 747389 739544 723488 764715 769979 725037 710587 709505 677960 691688 730103 721583 740584 678699 729426 733346 742765 733500 759671 734875 701976 718558 683941 749230 707514 721420 695967 752577 752382 753937 711740 769643 700016 736918 719879 724855 724439 733287 743005 748191 764555 724236 696285 742604 769082 727683 696400 692004 698247 697327 716509 719094 693093 703905 739310 716060 737151 749386 739795 711322 748487 749998 692129 711317 673570 694806 730454 709058 712865 677959 722545 734886 706251 722831 679398 711895 741932 691285 680049 706443 740632 762068 731476 750359 756883 714870 734022 698484 683784 740786 634525 696648 707817 700240 694054 777479 704360 734078 733323 705374 700779 724741 684578 705926 702934 701363 696420 676274 721870 689383 669301 696110 733862 744721 675030 730839 718577 706171 716021 707131 742154 766228 694538 730141 716997 734613 702051 747971 703846 726720 668204 719048 750518 
699288 724961 720079 667496 651351 719823 763987 681544 744677 719033 706678 663359 713793 732008 722878 765484 718580 693223 662011 771198 733005 682127 699183 740525 751434 770283 701552 691588 667076 729527 756676 697732 688268 681688 768484 721863 717393 740852 649105 763285 708587 726031 771110 698746 741461 695527 767756 718143 776101 750688 712201 732648 671582 727705 704153 711299 711422 713963 671133 685250 733047 697830 702904 713439 674596 728621 778131 777313 735982 707019 725956 715364 705719 763985 755575 775846 737067 726527 698794 698027 749421 707700 726040 689656 752922 740196 712522 710122 715483 649310 645484 732642 714757 722020 715862 755365 696126 704868 710685 738699 685258 719194 722557 757739 729813 671362 738013 718865 746203 743204 735577 742600 740717 679795 759064 733626 699370 731386 668704 751530 679004 719989 695113 723583 726803 695637 781084 718412 632796 711341 749709 725375 719737 683121 771015 744892 708677 749012 700346 710974 699412 740145 725448 745562 693642 754622 689683 714305 703236 674626 745334 751360 737109 750195 714828 711051 727366 654687 711273 719580 760763 729554 732008 757404 721276 719159 707519 758892 715687 735892 758908 719523 728127 682037 721888 677530 712956 696584 740757 739564 685856 738138 785418 714770 716616 737615 721654 694627 707800 668574 722383 730189 737589 704654 729543 736312 768871 707372 742929 708983 704822 703992 729347 692379 749513 737055 753863 758734 709515 717799 735292 778255 748558 737992 695691 720280 714296 725199 749835 707217 735365 744657 697443 744681 749591 717501 715301 727835 757149 724666 709741 670519 679682 729015 714528 721152 714359 736332 713947 685967 742093 734858 760652 759814 709352 692206 713421 745772 704800 725436 749082 719455 671752 710149 723678 702867 722837 651765 715494 709337 695496 700050 792057 700965 735157 768117 690500 701594 709740 693740 735823 702727 676446 698707 693797 734201 696187 699210 660808 731525 718769 730178 760072 655718 706385 720765 701303 743838 763883 696930 687584 701099 749986 694719 763011 703242 714264 717859 753939 738228 
723873 734038 712697 662811 706492 714503 752106 688937 717781 703245 707166 698440 701604 714787 727576 728693 687888 695886 671721 795448 748829 690653 712856 743907 750029 746988 726748 694824 709209 678072 735016 703707 680905 658376 773677 744889 743618 700475 691908 752462 732894 763318 791667 712599 734075 688599 776157 718731 764143 747826 718579 700668 705793 760718 692266 713612 700186 689417 703579 702255 729544 714732 688156 732715 689576 747705 793102 765434 717125 705450 752613 723989 706405 742674 757116 732890 705872 723932 716674 718597 765346 717765 759076 720569 716729 731987 743123 752021 699829 655786 630234 752931 699835 723258 725312 768415 684097 735501 719014 771333 675317 726984 719614 713349 716817 681834 769178 700384 737042 722699 719286 766436 737883 699087 765415 747951 688779 724595 684589 716588 673774 711804 714345 719950 735113 697236 778295 686863 636251 733973 780400 696779 715772 712989 768234 737489 714819 771910 725236 726912 693322 738517 707954 733447 669043 745148 660310 726460 697432 705954 750501 770759 738376 748661 732392 681167 713890 685683 714580 730996 774320 718271 737814 745334 706598 747529 707456 747466 746127 743871 777736 737692 732457 682623 722328 692091 702005 737912 709571 698976 700379 734983 761878 747314 728160 749832 747038 734299 702876 662895 720481 754092 732375 698531 752868 738733 777677 702352 778059 718134 733867 740241 720684 721538 766946 727339 762889 755957 706818 706397 743500 771832 742105 716613 705202 726153 672507 725564 749317 692114 714888 741984 716230 721893 760383 712300 712160 750183 741486 672955 704391 670128 717710 747043 737364 717044 701675 730108 728760 706242 741452 688169 731762 742974 732738 698246 708430 749105 726644 715339 752828 766305 691218 748486 751152 698159 737796 656001 677257 709123 716151 710453 777797 671749 737213 747629 706210 699697 707211 692422 739927 730516 698362 681833 680084 710139 692503 673424 700784 752235 735858 715073 734719 701458 696223 699451 711798 725316 791725 698883 698617 715234 735551 713677 740994 691168 753142 702464 720786 776115 
753828 744004 746541 732743 730491 723470 787006 753538 745468 735722 725936 742787 733637 758502 732551 780837 748351 732407 694982 804318 785522 715884 753827 793115 788789 788955 736292 736584 735652 752215 790766 750633 730792 696811 810851 745540 769177 738364 721672 807832 769671 785542 821291 751146 766165 720547 812292 743077 804073 818693 762386 746189 702840 759825 761586 736041 741571 709953 722829 736202 748451 698649 707159 741311 745727 799634 814857 780471 771833 742621 770162 755905 745944 804915 813054 789868 771302 773206 757941 750618 741387 715623 795404 734145 756217 768757 722597 765183 751872 695397 654116 785958 766655 764185 759161 778581 743043 715083 752077 768494 745705 784077 744915 767117 768531 719971 785799 747961 798843 762646 753906 787148 765743 714111 779802 779825 740390 752466 718459 773118 743834 757501 727172 746177 769469 744909 835215 772031 653810 743958 794410 763514 755396 751776 800780 778916 741757 807834 778977 766479 733818 765405 736185 804502 733990 764693 701564 767019 750408 705378 780400 796036 795541 772623 757373 734217 774314 711310 741734 772554 815789 749069 764342 782669 771688 762568 741615 782680 736524 751843 807130 782799 765176 746803 755903 728553 743758 743448 735757 759361 741794 794939 806911 741612 760602 775629 732106 742761 754193 685398 755990 752066 752369 701015 768854 789477 817557 749290 796483 764170 747186 743873 772056 721659 789169 791312 761372 784234 743379 762876 796430 830264 784894 749603 741040 752530 709858 715015 786682 712057 728628 749430 749819 753050 777392 772947 769241 769816 800770 756376 766487 712137 733940 766303 763840 754426 742183 749339 762992 708091 766432 728222 785371 782301 757582 711806 748001 770737 758932 773515 792345 770656 748533 745334 753277 704142 766198 672558 753867 750705 733124 737121 805543 721560 763969 773968 730207 732759 732958 715795 783352 743325 721966 726438 696461 764783 732069 730174 734932 786107 776376 753724 781974 690948 718608 745251 741153 752993 820213 700472 745837 742807 788731 770334 780845 714520 784237 712412 768799 763359 
731438 752399 742548 682679 684916 740612 766285 729509 726020 702103 729501 724070 751084 736352 730379 717150 725823 685589 691512 785649 772333 710062 731346 761024 770347 781362 728926 707289 711660 708861 745978 741882 724706 697868 795200 757880 753223 728434 697717 748535 743889 771719 818036 740294 749162 699489 778217 728628 798453 780120 710646 716361 717601 745811 744463 709026 727396 716644 713683 707018 737952 710610 705663 754995 713838 740804 795049 766745 697481 733987 752101 700516 735997 771954 759746 740479 747688 699577 747141 718218 760540 747524 766038 700868 772382 746132 738349 733218 714083 689297 618434 748899 774613 737149 733762 737166 674724 712806 758673 796216 697562 737299 753893 739386 739315 714721 786363 709461 779678 755452 740550 756343 730213 714069 757035 753368 701521 717822 701233 739433 693921 724414 716767 720009 783242 727625 822575 735010 671063 709358 762520 721458 739377 705626 775168 759734 731462 757188 766877 698337 688013 783367 704484 786924 701962 769763 691935 762906 720600 713774 784054 774327 750770 745500 741864 708201 725825 705247 739398 770392 780263 713285 734687 769724 733385 735871 760447 776002 738549 757389 797254 738028 741500 705159 720678 701277 687797 775533 735529 745128 713653 765812 798994 741748 763493 759244 758592 719280 747619 697878 761837 742979 738469 701282 763679 752945 783462 733944 795643 732063 733087 756459 751558 689967 731471 762809 753908 784737 733081 731338 741209 777874 787321 717746 695282 737844 720947 703923 735665 693986 711221 745406 733280 724418 769361 758092 722005 747508 774160 717962 709982 675388 719647 778115 747949 743882 740963 719820 739272 717503 738071 716845 767150 767481 736174 701143 719095 752105 712960 719069 733222 735087 721581 750552 742807 683736 738165 663626 724555 712475 714626 707410 786373 749639 734635 760436 730168 712831 708805 705578 776224 725145 724029 723788 674096 748004 676534 725305 691427 777205 752723 767953 752805 712967 737814 717762 718563 758225 794504 713327 710286 721792 757128 743603 744889 720305 757196 695378 760180 756824 
711668 734092 724736 662055 706657 697778 784511 724941 692819 698536 689662 719020 713626 746890 712171 760719 699036 697665 671215 811858 775085 710592 704833 781745 765361 771597 724796 694738 707645 715371 747953 699843 692972 639165 750880 708331 754109 700608 676104 760903 734891 783534 746485 720857 723765 671525 791844 729139 766657 754793 720750 712374 697441 744391 714887 722199 735604 712043 706965 717447 713290 671945 712639 733525 714643 739483 783502 748674 718713 705795 744175 727699 741473 779046 754428 764988 713852 716876 736703 721819 726838 727999 736582 728403 742798 718916 736468 727403 712680 668544 633409 751439 719115 712216 705476 765698 683108 702101 735355 758579 677496 772754 757377 735924 752875 712806 766692 705321 753993 702300 750452 744683 718172 696135 766189 759683 709578 723862 692617 732060 673342 714590 669877 720523 756997 713066 783107 709802 661787 716140 754035 709231 700269 713430 759283 759629 750111 761255 745483 704118 700218 769712 691769 758671 685545 767456 695000 734557 710944 704938 724904 763882 739111 751242 728292 702031 729743 667436 706950 756350 766880 690962 708424 722067 707850 758186 702500 753566 723824 754319 792061 749437 757195 713611 730666 688028 713868 701353 703623 729809 718614 745107 737219 730353 727384 693821 731672 709373 703487 679432 736644 763132 758429 695642 735607 728401 763542 717770 750260 701280 723859 723639 756033 728046 754382 766202 721246 745368 713256 717597 728524 786114 716652 734939 687112 733144 676737 738150 743611 701256 700871 750292 726199 714870 749054 748695 719307 741814 776508 727208 716436 706030 703929 734975 727688 698448 658159 727689 748284 694303 739707 688251 743188 732747 733886 678669 727410 763196 717940 739911 768800 761781 717184 757665 734609 682870 733538 645868 714411 727847 697371 695382 798161 703659 764918 739228 699519 719336 691620 669090 767332 721984 701929 700987 661860 731321 716887 690625 713829 768999 724825 721493 732888 701957 704922 720914 700480 736724 791203 695744 724710 726770 755341 710661 759690 728669 715437 664161 729399 742091 
737779 779207 734984 694962 684703 742060 783606 726260 713054 706384 720637 679745 750232 767736 737539 757667 723849 727513 664180 791287 767410 693056 705261 751639 775148 776618 724836 709763 713879 760672 775090 748593 708711 699093 800853 743448 753762 765056 705600 762269 742100 793029 786979 711639 753830 688015 807678 746307 786600 758405 716562 753969 712496 764026 730753 722797 722899 727179 695996 727125 741214 721595 708865 720128 727472 766078 800752 778087 725284 724543 752839 720011 717215 777559 745759 769944 736778 730065 741782 734021 761080 713249 755573 726185 726410 726591 714485 752900 735746 654907 671913 763436 728120 738947 732006 748282 699293 726075 761553 762075 678937 758950 758239 750151 781063 729399 790446 695616 769422 748677 781028 769534 748715 702588 775602 749959 697600 743003 681635 763001 684710 733808 706957 757479 744486 717709 812454 718716 639939 732059 796924 737551 747011 743119 778508 754214 747070 765416 766911 716724 706970 779001 729413 807063 692904 774980 687679 741558 731034 730603 773135 762658 745992 766537 754138 708409 742646 690245 759112 766512 779878 750243 751548 747930 733450 751935 738961 790085 738254 744784 792462 751653 738701 735502 731244 694075 705203 746480 732244 748918 696625 764384 790312 740777 765923 734596 759837 716724 741905 702135 765903 713442 738725 701464 770042 766404 783134 720800 758346 727429 748576 719574 731793 736229 774446 763675 786076 792750 733113 712474 757366 794825 768665 722086 700666 734361 692947 732043 765680 714167 745765 743428 726754 725897 761042 742733 733986 745196 760214 737100 713722 683602 713039 753452 719704 740858 709932 759869 753666 753117 740104 718179 754941 755791 726083 689372 755598 767873 746673 746038 751599 760931 694420 721464 767496 677486 741515 665047 702631 720103 719234 735313 798259 716582 745057 769444 740931 730226 731435 707150 745593 734055 692943 738692 717076 757896 719492 719205 715425 801258 753999 713897 731808 689618 718580 725350 692506 764044 782506 698429 769489 736206 768818 738127 754368 727178 740769 708694 740637 752657 
691434 716005 698844 630544 674865 679984 758432 717328 667412 665642 679585 677077 705093 706751 701911 715568 691191 684872 639637 750822 725675 652536 668724 756074 745348 744239 705410 674782 691779 688188 689645 708226 662498 671863 763178 699354 731489 685507 650603 727170 707416 734940 737481 698466 709588 669187 736748 709977 756319 740581 707093 694913 682017 726324 700662 688691 699651 701486 660055 699832 698707 661376 682906 690389 663320 712278 759883 730951 705003 685652 720169 696041 692678 755198 741327 742805 686263 713571 692697 682414 711249 680538 723250 673306 706149 707539 697882 689901 704899 666210 632991 735959 708930 714929 665801 725555 647646 691107 696680 729473 676946 730605 700842 722082 693382 680819 747030 692600 749781 734751 721569 717964 690938 646007 736618 700104 669241 716688 665850 723055 685544 684399 676102 699938 708314 675864 762166 674689 633809 717916 722645 682178 706841 679017 741491 725943 708735 750571 693556 691149 652424 727566 682198 739681 666880 739421 672920 724502 694373 690279 737655 726700 713900 736117 694262 668890 705664 672386 711721 697063 751050 688738 693802 703179 688890 709692 708463 729036 706650 725114 751324 691560 715298 683127 701787 687539 654575 717167 701551 718194 676414 731457 746386 714423 688361 689209 702027 693469 676832 635561 677670 708523 703768 672870 707639 708379 757274 696933 748759 688420 681668 707710 729385 681002 731183 721782 699646 720644 689766 703378 701509 754034 721222 667147 668802 692425 679171 686417 709315 680268 676605 716491 680218 705115 710917 724435 690560 680070 732001 680303 694921 658887 694034 723116 711607 688924 661886 710829 686637 652777 715426 697742 741854 725266 695190 654383 717567 729244 705820 708776 750787 692109 664939 726150 694167 668959 711293 608883 683470 675052 672889 662480 767571 697977 726255 729829 672054 674018 649570 652634 702786 695079 637524 692053 660641 710484 666988 676936 666582 727739 705566 678871 716059 660198 680176 688580 677065 701305 758438 655170 692956 678750 724570 703926 714909 679557 670122 669177 715546 714757 
751383 751013 735089 687468 688763 699756 772826 733383 720979 732592 694466 718960 723219 767202 706951 733514 717032 688389 676221 803952 762185 702562 724621 761113 755032 774792 730805 711801 735657 717946 748160 696721 683199 673960 763008 754959 750539 730515 681499 748614 715712 753438 746596 739243 711284 694307 778754 742516 785044 754172 704854 713012 725428 744313 724669 717728 731898 687694 686686 708179 735346 678022 721103 720154 711413 779394 805205 765112 726165 733234 760141 707123 693683 742868 754345 749680 735119 725698 746551 723117 740034 727931 741158 730500 738551 758780 716985 732901 721570 693339 660050 739875 729195 699704 696256 741430 691316 689895 738854 758778 711995 750569 718675 733335 737047 730066 755631 715461 753835 724178 788887 757688 724813 711375 755101 737705 682638 708508 674010 734033 686024 709450 707831 741882 746359 717033 782667 719946 630533 729478 759052 735128 757310 701473 751265 746177 718015 762765 738604 707185 688300 766594 722693 794287 679745 768765 682366 769906 697022 709225 752171 739180 751712 750914 732281 699617 735557 710198 711040 722378 766771 727250 748538 767533 734684 749556 702433 761215 736623 739433 770910 750354 739237 723088 736892 694481 717019 727985 725818 715522 703712 771873 767930 699556 751936 755690 725141 731339 718054 683822 736469 746554 745852 729935 733356 752068 752847 707980 757161 720700 739706 695920 749777 714319 780220 751208 765273 764699 755306 719854 741876 788284 737081 752945 685639 721960 714217 733020 753134 698539 719592 722280 713717 710662 769202 732518 729883 773450 786540 716128 717914 683136 710057 750227 743937 733540 723380 752967 737125 744713 757271 715338 743629 770626 742196 693429 704266 775809 734240 710644 753803 729696 705403 761858 716589 678643 722691 651834 737585 717798 700572 705234 788802 704888 751146 726257 730770 689984 702500 701473 773908 735762 671419 700297 701774 719501 693365 695676 713847 769559 734326 736122 734922 700321 708439 714466 693616 759143 769931 708058 731440 717626 732333 723110 722596 712534 755399 694426 751873 762558 
704348 728828 748383 660551 666180 723159 747588 714891 735263 689757 709937 696846 711422 731543 718556 747672 671552 684808 680838 782131 742462 687754 722570 729906 763743 779139 706004 698182 696809 736474 736868 728180 680964 683779 777650 716140 744991 725099 663106 759243 716003 790005 786105 740817 694487 688327 783373 732430 789310 753628 732097 717629 692194 757966 691038 712901 708961 712655 665445 705782 738027 724113 707604 728213 692337 730215 780508 772906 738254 724208 748964 729200 683693 774942 742033 714814 749854 730698 701472 692506 726178 728910 751985 704631 736435 720658 713501 708444 716686 651294 628853 742290 720301 700866 726028 773061 712416 708569 719111 778009 712921 746578 728366 725690 746582 674556 785711 716648 758665 699196 759693 714822 735714 693898 758751 747940 660550 724432 678436 735170 652021 713033 689663 714636 754489 702016 810958 723082 620567 724821 736272 712301 698090 717787 739150 755306 745385 741439 752854 716804 692646 758095 673952 762122 674520 746874 681326 763380 715482 706136 790064 759572 757132 763301 744244 701477 706556 679668 696189 726527 770442 704765 714324 759068 761789 760261 724176 752543 703394 721183 798298 760455 753580 707741 723032 689027 706300 723847 705180 708997 697137 755701 745721 703731 727092 743053 728517 725439 709345 681738 734071 717367 720463 724000 741581 737401 747464 723347 759264 713142 701163 733635 742425 695695 730342 738342 773184 790251 720181 693853 736834 753008 751387 746531 661997 736170 678207 733300 737684 667051 746739 756987 728602 716950 768245 747240 708552 740443 768503 700217 690614 672578 700072 735346 734946 738935 711525 730536 731947 699934 742115 703697 731069 753141 718766 695139 697591 744574 736654 725128 734263 725822 694841 735264 695488 675077 721614 654854 701380 715914 750229 705887 788313 710625 734984 732475 714752 694462 731287 707835 734700 723689 678606 694306 682014 742930 682906 691006 720249 763881 722007 721010 739142 694911 703231 705376 707402 747452 791980 722935 701692 714046 772573 703076 768551 726261 715376 697423 739369 755980 
744357 741878 718709 700444 718640 723392 783443 736289 716126 697956 684844 703970 736965 772921 713959 745727 713807 706759 658898 791077 750802 674198 733537 750694 746650 787745 721923 706973 721247 734753 747899 688991 702741 669051 779995 740796 731914 737817 692256 758610 743072 746507 791251 743204 759784 711313 772483 727710 770862 757444 730892 717085 684561 738944 708504 723646 704920 695752 684644 727269 740925 711204 711854 719831 705288 763930 817014 797703 753680 732306 755751 725205 711323 773349 791617 740281 707345 724768 716443 735903 751104 741344 737778 715059 722755 732795 725879 720455 711027 673543 671014 777419 726750 741019 699887 769228 715294 718448 727779 763530 704407 768044 726911 761922 761773 703420 760140 715772 748728 723251 759909 768270 731457 685731 775023 747000 719402 743490 683515 706299 696747 720783 684040 726702 739582 743197 783719 713504 621954 731982 743005 711601 758684 730184 749679 733512 734265 767316 740557 721442 701688 740641 700756 737841 695781 787262 678669 738750 711876 689678 758622 742659 749648 742517 721637 704947 717544 687250 725134 739809 788019 716859 731693 748998 718609 763473 727048 741600 740315 725635 772628 743127 744208 702024 725618 711935 718557 712128 703214 740238 694150 748759 763828 731216 746593 739528 746170 732632 719758 677331 717388 730136 750080 707447 764415 748310 759272 721344 764975 731259 715680 714637 730223 722432 746211 763178 741545 792459 743878 714961 727370 805614 760944 753243 706041 760677 692556 721605 749013 695120 708867 755233 725302 740736 766747 733601 686759 750581 771149 717679 739929 697164 695329 755883 725990 719253 707783 749063 757281 692933 743034 716680 754151 751170 732869 705213 682776 766505 763724 739792 764162 772438 698136 737045 718944 703190 729318 662904 733913 715483 728396 712061 789394 716331 753466 767854 698382 727323 753498 697591 759876 737540 708744 690670 694507 737371 705094 723351 694687 787260 753844 725102 751229 710120 717399 740061 706205 762848 807695 704447 697684 723539 743851 737932 785353 685414 752041 699605 733865 745904 
711671 717508 702422 655257 683531 679948 761423 705197 703259 687392 683156 707445 681784 744892 699622 729406 689999 680989 668563 770125 745394 672033 735399 743296 735810 746568 712730 673114 676741 694966 712328 698242 676679 648669 757698 715035 714404 706989 649870 757721 713950 741422 757656 688970 706498 701368 756760 682973 747805 749060 674982 698962 661603 720451 699436 704964 710794 654485 686831 704983 715982 665192 688162 695382 687908 720771 789185 763791 701893 701874 731326 704829 690204 768610 726708 714268 719105 709967 717748 698916 709358 692699 725218 709172 735904 701579 693681 697909 696492 635998 634486 731093 726022 728987 686202 719351 677794 690215 706682 757154 693484 727930 741859 706220 713196 700625 737233 687600 724383 722995 737776 742836 716187 680833 737626 733643 673021 686496 693236 723070 624502 673600 690161 708788 729249 730317 775795 677386 656423 714054 725303 711641 721079 685348 730064 737137 690209 749785 710960 688288 656663 757803 683447 781603 699958 735714 659084 733459 713293 680138 733614 735340 709654 724431 716156 657336 719916 682898 713193 704278 754641 704496 698006 727325 703738 711568 701377 732277 682175 697949 761808 774478 700897 676826 731210 659396 692248 717091 700524 730072 680557 725822 761662 709173 726325 704247 701384 689493 688127 649055 740608 727153 717251 672136 752319 752305 765035 706913 730221 708167 713028 672169 708219 702527 731425 732904 748616 777749 719220 687645 718150 767545 728899 727246 720593 714351 670078 699484 737318 644412 678639 709495 714449 721566 729918 745759 697848 722427 747514 687267 694538 690345 690960 720459 716564 718269 658862 692867 717304 697421 739718 696221 723935 709811 680240 708920 706649 725753 715463 733461 702921 721776 690433 715477 711049 677182 724804 629129 704830 685634 684485 708289 747827 691263 740037 720593 695138 698267 679405 676033 719274 691908 689626 677722 645844 740836 687263 686491 679703 743743 717003 705122 710816 673455 689144 699991 675189 709401 749224 692726 723077 714256 745671 687736 730977 682857 737772 651446 715811 738256 
724941 721698 721000 670577 692879 682007 737085 696184 671980 696228 672187 671258 718818 738517 703878 696772 685085 671310 660048 744341 723266 657285 719519 742316 729319 736448 708335 690185 695277 696024 721743 683666 688291 643489 753569 731733 692681 694771 651645 748034 692306 738423 740178 693969 724297 670219 732695 714946 725261 730887 679957 702728 663876 732240 694663 676410 687211 689622 675083 672669 696982 670380 674680 732978 657758 723650 759838 748488 694122 730424 763820 670508 708540 729468 716886 742330 702163 698200 727989 707804 711326 694253 687332 689351 695388 711258 702400 711021 685220 633692 614884 731146 687874 712416 698114 731470 667369 690435 707722 727884 678508 704185 708631 723510 710745 687590 726374 662360 705585 710393 720064 734203 691493 679891 756133 737321 657442 695745 679332 716203 692745 649313 672759 710482 711953 667804 811171 690529 652325 672756 745033 688015 708486 695418 735931 717566 704709 719804 701170 647349 667750 739242 692893 720761 665235 730911 682502 710505 704116 668742 721258 730489 710567 722777 722889 693795 741177 665824 711380 723692 723399 707888 711221 709142 679823 706157 693135 727473 710894 707674 762491 734378 691762 698861 693677 670541 663298 672065 727849 729545 650826 720303 746099 706008 697659 702073 708367 695647 712985 679299 718126 682695 689464 684950 716045 733519 713169 707661 746844 702840 731480 717849 718467 717927 731113 740084 734691 771008 718736 702196 715182 779475 719284 704689 702725 705190 676509 698761 725055 670431 694378 709087 701384 707811 715279 709607 725562 713804 739137 664367 691313 656780 678349 722994 690177 663898 675356 718721 699841 671036 681413 681595 686408 726002 695938 639402 723886 724659 712038 676957 746475 726086 680708 735599 710623 655565 700347 620511 691111 685641 665126 666528 755618 708882 704940 712713 671696 696731 691261 659812 725809 675674 661472 665009 662121 694168 674352 680214 658521 722095 715510 705318 737304 668146 699937 687317 695366 725912 758097 668711 687065 715713 715283 688717 713254 685291 721031 672283 724663 741909 
755681 795757 790994 719156 748589 755906 825571 733246 745896 719315 789702 754269 776659 789021 760899 788527 775401 761146 718845 814554 802988 728855 756868 793889 831089 797416 766294 752487 747238 763194 754013 750981 736231 698397 805827 764929 782817 758386 728419 809760 748239 816917 812611 730232 787177 752335 827087 771355 799155 819609 734939 759160 737093 810104 748896 752242 757389 758695 715600 775750 787954 738479 784518 776281 734961 791134 844722 816352 776809 763020 787896 752872 764170 816102 804454 785994 751420 760244 746986 749428 766414 758582 777316 747233 805384 786810 772232 766172 736578 697674 704807 786639 767155 776061 756251 789931 748394 727137 766658 768708 722537 760297 773539 773899 776758 769055 823869 746932 798173 772730 788704 817814 759614 730037 802938 787603 705302 775109 742260 742595 716968 760612 750603 769271 759771 778218 868520 774162 690627 763905 827150 742600 776102 778289 803020 798952 761007 805148 777476 751111 762159 811555 747826 810636 740044 771321 725861 787887 755644 721014 798624 790420 758954 780028 776362 756514 758449 750001 764854 784173 816037 743690 788730 778178 775549 786187 761796 798822 773323 762208 816536 787933 756790 761942 787867 762258 697993 756075 762436 795193 744420 768892 778117 775528 789530 775416 777134 747192 755209 710019 790982 743737 776698 744615 801450 794328 837130 747232 814896 754675 746416 787305 791763 784278 760629 775726 788446 817086 780425 767526 790467 825392 778423 796850 772669 763422 714541 774754 793795 727150 757602 795496 747561 767072 801605 784221 744945 789242 807774 736550 775645 741289 769675 786754 780452 763377 752082 769397 792589 727643 766456 745469 776006 788173 778322 731586 750477 782815 791104 779863 791795 805619 751454 800685 769300 718777 758735 698108 728127 749831 746960 746320 813656 748824 790288 813018 755739 742938 788462 727962 788734 771157 754218 734198 711304 778709 744344 731916 727521 811349 767362 768598 784147 753689 769612 776134 737532 825539 836718 738728 730555 776916 797114 745192 816201 737968 761142 743544 774295 795525 
767442 751099 756408 711555 702271 730457 810489 756905 746378 727702 713456 754919 759051 788552 723606 796969 739121 736813 689781 824204 798309 717616 728008 771141 797437 796012 784430 743048 714922 767115 774524 744511 729907 689461 808418 771262 760244 747453 726619 805406 716079 799421 818479 745869 754047 748488 797563 752500 794224 786616 772739 737867 730664 786559 724965 745879 755964 747125 703498 732525 740116 705355 736800 743359 710626 758263 826267 787376 752237 726679 794199 752883 736489 773264 804901 769825 731100 732124 746607 729090 755025 735602 770260 769193 759084 766798 743885 738364 727660 672771 654133 779896 749985 746337 755477 769616 694787 738155 730094 793401 719121 778054 759879 768146 763668 720049 797386 724359 779020 755113 760526 758465 783957 737581 795462 781441 719305 755224 727991 753820 702783 754350 730360 758664 790197 746006 842618 756802 650141 762946 796905 734783 729260 748361 793305 764484 748007 807988 759560 721917 728140 794908 727774 792104 726671 801956 693754 795177 731170 745706 771293 808258 749681 781115 758349 737816 741894 706901 739689 757519 800313 763503 741414 754439 732893 761919 748165 771734 750825 741114 849880 784234 751197 763993 749695 700164 752120 759055 754203 737786 721469 771682 760731 758371 785645 757984 801731 739369 748269 678707 782805 733000 784727 703782 782662 787183 814584 746576 801041 736335 740426 785584 760938 755330 777124 785997 789411 782496 761340 770763 767239 826822 737938 752081 710928 734226 684897 729704 798636 718575 744724 738256 775273 784240 762587 798892 734468 769495 802028 726402 750271 693526 719623 766032 738372 754962 736571 755786 762334 745339 771252 756227 769596 795388 737599 724791 753407 773430 759328 748926 782618 770175 744499 766799 749734 717040 757184 668782 763123 746121 715551 686920 809476 741081 764359 769871 742892 746430 735989 732214 735492 734903 728643 711025 720193 742774 740335 680008 718705 784673 771677 754583 771565 710672 737673 725413 762011 779232 827321 705634 771777 760500 773667 762005 768527 742742 781020 703506 809610 784262 
733837 741962 728794 661847 697486 694260 764116 693341 722362 728665 687587 701738 701798 751720 720926 738821 679667 685119 686535 788788 732114 706344 714565 723058 768373 757625 707946 679387 722862 697526 726724 706032 685732 673635 766156 713794 744155 736031 665892 783427 734160 739014 766391 718096 733967 666890 773249 738198 772419 753469 708106 700703 706769 745551 720192 711491 741451 715456 675298 678265 702318 686810 720851 732513 690253 722885 805342 747653 703250 684912 721927 718643 701663 758471 763786 737846 710099 704320 720571 714407 742215 698824 739917 704249 733345 725876 713902 699984 700388 643700 645849 763620 726014 725123 709188 717173 659003 713600 751913 748673 689218 738952 718595 741421 751578 697007 736097 704832 748406 686773 723375 750851 713197 694580 740825 737002 688470 716152 696374 719086 673118 705639 707002 724270 746164 697940 810314 710213 652533 697647 769714 719692 735052 705828 708115 741427 722058 760170 749779 706661 671896 774040 721563 775437 686271 760682 685983 752981 713935 709494 739912 760130 733465 739926 729518 704534 714643 678672 703575 749758 740344 706609 726596 738712 699503 725763 706217 740316 717003 717219 770984 752921 742129 700625 736829 660903 676074 703379 725080 718041 670698 741853 747362 721281 727589 758299 734883 667466 698779 676620 765317 729853 720610 700804 733101 749305 767435 716350 738676 724665 707029 692640 740207 728198 756628 748382 764791 765143 719228 697718 717106 785955 729203 721612 693432 693305 687989 718860 736040 668910 674333 731691 734086 713686 734007 719712 702899 734440 775088 713149 707787 662527 690795 719660 727121 699094 692242 706051 721960 711151 712637 680158 713839 740525 701467 676889 711718 739721 732402 723864 744364 733060 695709 725316 710695 674554 733125 658441 688394 716621 712956 675160 793566 686233 738377 724094 694999 719085 695473 669850 732216 728322 697282 715234 680286 742381 686182 681807 704263 763779 733540 696618 739991 712063 697987 682811 706245 732650 782905 668331 714606 717745 744411 725544 759596 718476 731042 672157 742466 742192 
731359 748242 696081 658385 663111 721757 789080 698794 703426 707521 726523 720751 715254 764163 708052 734024 707569 711223 696560 759256 753532 709920 717048 745883 749048 733869 698109 720664 704716 718669 766738 701251 703318 646435 761972 743923 729039 720529 675670 765971 695330 771385 765442 704452 722129 686125 774991 727392 780402 762161 703924 685360 720880 765600 707258 736371 717970 726482 688182 713673 697752 696732 691663 731001 679903 743106 790202 793556 743696 718173 733610 731937 720261 768842 759569 733396 748749 726474 710300 690997 717606 720461 734679 712002 738623 748894 722053 740677 719346 662310 668477 755436 735727 713901 708149 718181 692463 684180 729796 766077 708237 725723 751959 714181 745445 693218 779949 701996 716834 740786 735651 773475 739823 696930 754424 759704 684670 717504 677160 713504 663461 693980 716813 717524 744937 709729 800937 705120 657242 711407 776769 724793 724036 742373 750881 759846 719896 744146 737435 703816 686382 765719 709256 757521 674593 771262 690698 758659 688999 670575 736986 759421 735099 725781 705968 715299 717046 690594 697267 722443 760062 704610 726948 776563 715629 751329 696711 728557 727374 712985 766731 736913 733556 715502 743725 693626 695510 716572 740745 729682 711344 733344 772358 733437 726958 727414 737722 680082 693474 669009 711824 710041 727762 703286 757569 729340 728994 691818 727680 701030 742937 719995 764852 726602 748130 729798 764390 769703 732397 724806 717642 797984 732130 735500 704827 730615 681875 688290 723753 676612 702895 743624 704280 721137 739521 724857 730598 745717 753036 737363 696839 677296 706943 729328 723851 715931 687707 710204 743140 724908 731633 712438 743831 722689 717722 684525 697938 729651 698745 735228 733006 757018 684126 734847 712987 673491 737863 649072 711220 710596 716629 702940 778029 675815 734566 773408 694077 696039 690032 685151 736308 744540 673667 710115 666746 737918 715090 676236 701836 738448 729299 723213 748670 670333 712970 719079 686757 726209 781179 711765 708251 720896 753015 697625 751318 701473 734628 673148 741178 761492 
717841 744377 771854 707884 708148 737539 790651 739033 763168 737015 732143 739205 739148 789078 758948 758313 733813 720048 703995 796336 793807 714383 750038 800038 798873 776824 740787 723696 729944 744791 763813 730056 687784 676286 778280 752129 763228 731310 697383 805600 746946 802194 811109 754417 756513 711141 832931 738555 799278 796798 711792 738547 738698 754496 735017 735435 756815 727950 709471 719723 749301 695989 702143 728999 712532 755902 799879 801938 740142 737647 764028 736833 746109 786497 769319 756498 761647 744455 725088 728866 783269 734074 758256 767252 764725 733189 760671 745081 714806 679461 683292 796847 754045 764181 754779 755852 708840 753292 769728 784255 720958 773720 783128 741925 742377 740727 792688 759211 782983 759414 783622 781516 747514 725306 804452 763270 739547 750369 714170 750937 686945 729974 720869 740861 811440 710994 815983 734085 660451 762782 805815 732868 748124 746152 782369 788224 749835 792574 733680 731248 711975 795068 720274 794218 714009 775549 730700 783414 735557 725850 774065 786017 757691 769290 764664 740204 745951 706913 753954 756573 802398 723825 746300 761106 742663 763420 723274 801169 733979 752839 815504 759336 789873 721529 740131 703068 746305 747963 729289 778641 727337 774696 779936 773666 772130 720133 768127 739441 748294 693916 781654 775656 764523 721141 786054 739191 762463 748952 808555 753048 757792 758021 742470 755940 765951 752311 787307 793766 746362 743785 781477 828707 756413 741088 722759 762030 679411 738408 797687 698945 730595 740249 755904 743864 784775 763393 733351 773207 798602 737691 731263 733365 744648 787168 738354 752951 705532 747410 771162 738371 773471 721891 773354 771088 732394 704541 749528 784489 758514 773779 792563 749928 738026 807629 740902 725351 760229 663630 765053 743653 738655 735232 804339 732790 774522 763262 695830 728843 716339 728182 779402 732546 699067 742052 704573 750128 742248 708715 722142 786142 771320 732402 767730 709748 715257 739961 724653 745321 815068 717136 745484 738141 792387 736470 777743 730490 762111 717458 772797 772354 
733015 760622 755011 694631 712457 707371 788924 703458 743345 714643 720759 727479 755462 768167 741635 740741 724294 716855 686049 797143 773889 713629 732698 768944 807323 782539 752933 734859 727853 726646 764094 740117 708963 667817 790653 769322 747329 747354 695007 776804 721326 768312 795643 755146 741613 702418 798094 752347 790314 773160 726548 729589 724325 775094 741590 752107 737228 725953 689584 731169 749575 718392 725280 769812 708336 762104 825164 771951 714472 725217 759836 750298 731936 789045 789614 740031 734630 742581 713481 738464 741473 755042 731458 734230 772560 771517 752683 717500 720020 674205 660314 796577 746391 742721 732878 753594 725713 726494 753766 789071 711223 745807 772246 753170 752655 698702 785675 723072 758967 736782 772479 766931 723750 721999 782151 775257 674945 718099 702717 739057 685065 730188 709976 719787 752428 742061 806953 742521 669863 752424 782570 714572 759106 744602 754888 749579 735583 787708 738568 750376 714097 787032 728781 775711 686352 782903 692525 767261 709833 700967 767137 797493 769281 772927 744252 722515 745505 729703 714678 775158 751308 728509 742154 757327 743670 759734 737643 780167 752601 740065 805290 783245 747121 740516 763729 709667 707030 756285 739045 754631 706700 762802 779164 736516 760573 749619 740949 727658 729484 693234 745054 727329 761037 718429 787737 758381 762807 726953 758998 752114 742000 748282 740884 745762 776478 769412 763233 784723 760419 743809 779657 829887 759192 722796 708295 724065 691906 746320 773836 710472 730810 785173 722203 764045 789524 763289 700911 741549 792328 739985 739755 712880 718246 768037 735399 749639 705633 729099 752504 712095 738461 710255 741016 783623 730934 715211 741141 770093 740081 747409 761456 797715 726324 747779 719358 729913 739687 681464 740309 721002 757625 713491 806855 733127 746899 773143 716725 727843 729191 733681 779275 726921 705888 744563 679868 752984 724803 688430 709460 783033 731827 712483 736462 703085 724044 743389 736016 779835 796172 707823 702562 725363 752592 708509 772593 709774 755309 726837 760426 783363 
824160 806285 785724 758894 772949 767673 839149 788812 780536 771152 774152 793992 781971 810336 767949 809599 787204 750181 743127 839499 802211 783922 789658 820044 833794 815099 792457 768924 762221 788363 799832 787975 714482 718461 847101 788373 843336 785094 740260 850071 761407 844941 814826 765783 785568 775487 847229 794037 824226 816322 778798 767227 715611 803964 815611 756579 794701 765810 754006 761485 765947 720560 755911 803025 744833 797199 861229 841112 760280 767479 821251 761178 778124 838288 813357 792736 774463 781028 774615 761655 810059 774937 782216 767075 795916 809435 787515 786998 789676 743268 687482 828282 795228 779938 786002 777058 733073 756809 795017 828823 735679 799105 809660 784657 805757 776661 831305 759237 810519 780253 825082 812237 783446 758428 817999 815634 728736 793075 719118 795827 747231 787075 760174 784247 785779 780184 886020 796844 764027 772334 854565 753981 791770 767361 811465 810460 782836 833820 799242 779497 759811 830359 783169 846250 755446 810385 734646 812123 757369 752403 788916 829582 803301 810485 793638 771171 806435 758107 777130 820808 838068 764133 796104 812109 808731 812359 739393 822927 793248 805571 854408 797276 783628 783527 795378 735927 760728 790829 795943 770953 714157 819731 805823 791389 788030 818733 763943 782188 773940 720004 810780 786969 775332 750707 813742 823968 832628 767341 812692 789289 787791 806937 815976 808108 809046 812112 831770 825409 793472 783177 796452 872068 803615 790276 781679 793986 739874 770921 816537 733826 778283 790533 781346 792914 823879 812479 774659 801043 818127 762172 773704 734623 739808 818396 769875 771889 774209 760112 772865 741689 757804 791779 784457 818695 782822 767560 814449 797286 787437 766337 805483 791624 747906 783538 757870 737264 820189 706342 779270 797120 771533 767469 841052 749719 781933 804865 751887 791372 773627 728079 788072 759205 739190 795449 739664 791726 764924 746057 764639 821422 781105 779086 811927 729752 783069 761561 759166 793988 846197 736539 790108 783780 792779 778521 819125 755278 779984 738443 785690 797232 
750594 740173 756049 708672 723148 709231 802865 752554 719989 738382 733562 722249 712904 769300 701991 775917 728687 697059 676471 796495 754525 712532 733357 783408 777309 764585 723278 690603 747015 749399 768490 693599 690178 676609 813306 737259 764729 715627 688811 790771 747954 773404 779457 720123 762741 720942 796276 738792 781720 775603 734825 738047 675227 741015 723744 737759 692513 737946 718268 732625 759963 715772 705901 761103 712404 760749 818018 787151 731642 727074 781495 720882 741421 788248 773505 762798 754040 755047 737585 718509 761667 719169 769960 743549 750137 726679 712359 716816 753508 671416 664728 769184 728434 767021 704339 777585 726666 712103 744102 752115 748261 753608 773766 754241 767012 717395 811448 723681 766871 753471 787556 764788 741835 708547 765699 761286 705110 731373 713018 723955 715817 740845 672438 769244 732420 725710 827734 726402 690337 709606 757599 728271 726601 727649 779664 762681 722460 776869 752490 730193 726616 785959 732871 797075 706699 795897 717567 768412 754557 701244 767313 790132 761703 726324 761021 740040 736948 718169 756130 762191 791719 739470 739676 731007 750756 790473 691343 772063 738073 724808 801029 739321 718679 722035 729070 668159 708809 731268 752494 721056 689742 773748 766176 758008 757598 772553 713441 727838 743631 664407 746830 762202 743223 714672 771959 764624 783293 709303 765787 730584 741143 714746 757729 769864 747281 779125 797019 792671 758106 717860 747471 800011 737968 761006 730103 748455 680226 753549 770329 697883 756666 739992 742577 722685 733839 774793 759278 761450 781134 706144 717320 688237 704387 766864 714182 735066 721960 757299 755128 730305 740544 729551 735271 779960 733598 688205 705262 783939 755688 738639 776147 743130 710183 768583 756848 679809 749611 669302 703147 734519 717004 732324 811791 734205 744250 754009 709626 728792 738650 695084 740657 747580 699498 749780 691725 743936 713114 707251 654661 797565 760055 719180 760788 696479 708499 738784 716723 747321 803531 724324 745836 732533 791058 739946 776732 700861 742796 694173 757388 759789 
746600 768647 767765 722855 742302 704876 791495 739943 766231 727511 737241 719317 763326 779085 750509 789148 729307 722330 723396 812249 815953 731516 742038 792029 791621 780978 743298 723394 721147 741064 770317 756276 718530 712833 815455 751154 806874 752255 706861 794508 765948 789017 817992 749625 760622 735593 803719 764265 787485 798370 751791 746442 715968 790399 775875 750281 745018 744565 705641 744981 752097 736487 709214 769854 713758 794393 817242 805923 762567 743921 768042 744422 784600 788909 765970 768247 752860 749044 764527 721162 780031 727567 770457 754068 754962 756219 762363 742264 744536 677198 683569 766211 742741 772474 761704 801630 695958 749048 762168 782643 717768 784076 761974 755967 742396 731850 809126 731891 800187 763921 787574 761537 736364 694024 805368 777790 714935 748494 746746 785331 697733 758956 735013 748457 780697 757990 836957 753711 704706 759610 795302 729195 747497 743883 767721 772453 784560 804574 753666 719016 728086 784636 757343 819565 724227 795018 717155 773947 725833 736596 799033 783818 780206 787461 772468 736792 729038 720067 739828 778536 800137 748690 765064 775603 755063 755327 751665 794242 770307 762448 809904 776728 778583 771551 770831 738004 731416 762880 746676 754119 719495 780162 768746 778586 762840 769348 760674 738503 732556 690285 800050 767332 764188 741167 814008 764738 785387 742984 800119 743064 755719 761886 737488 742543 772695 785766 789404 815554 789716 752447 746406 842267 789588 748305 731687 755974 711580 773475 785305 718964 735741 775149 752982 754303 782963 769638 731704 761522 779892 754054 763261 711950 734251 781007 770721 766986 739255 753318 771983 739162 760734 753874 765043 775990 760649 715840 762507 774101 769835 743921 791177 764745 720704 776249 767207 711699 744547 666561 742381 737975 766957 743657 820397 746940 767557 793140 770477 738388 734333 724968 801816 734903 711931 745126 709015 771265 720381 700755 727965 807339 778294 763900 755207 699916 748262 764270 745944 777345 816446 728269 757403 762144 798357 741694 793571 715509 774392 728061 752473 771755 
673801 703813 712567 666653 676301 689016 746455 687133 663419 672298 703337 671997 700281 724765 668500 756109 690826 689862 642661 711524 734819 671800 687351 708725 744531 734061 692593 654750 691761 677111 714699 671410 671973 636383 745229 705257 713130 672084 671642 729318 709387 725619 737634 664478 701859 669076 739906 698625 759935 727015 677948 679526 706061 714973 716643 682409 709417 679364 657281 665798 683993 663808 682350 659749 653936 734785 782684 738345 686352 685824 716290 689153 683349 734393 727340 712448 707360 675055 689083 693827 717614 694775 730397 689428 733293 713637 704124 677965 672630 635765 613672 737986 694463 693208 687762 699758 648441 682307 716753 733381 664523 694410 717921 724018 685963 667862 757281 664621 724326 732945 731010 703220 687367 691715 757320 720639 667985 675864 678227 689699 662425 699277 654117 715833 711932 665352 764465 705115 652036 693937 729631 684242 711657 683168 727245 732771 716984 739206 734569 677328 657258 732438 685002 747639 675436 743781 671205 706510 685282 667960 738710 725782 701687 700681 709589 671522 722700 653706 707321 686797 729497 697044 688758 724877 708122 716163 720690 731002 696894 707546 762741 730047 716097 698080 704255 649210 652400 690059 717060 718912 689060 718664 731380 701749 681661 703074 688629 683151 694735 627859 725641 665023 706601 679967 720013 715868 724669 681719 716371 684006 685504 726297 681195 698549 717850 713542 715803 732476 703458 702387 740841 766315 702160 698813 675226 683411 665719 676975 707251 677380 686663 712290 709031 706762 708256 717503 705978 707469 728852 701882 706547 678285 690278 676370 692010 685078 667411 702031 711367 673822 687348 673997 715329 726072 697061 637463 682816 724340 719846 686413 715598 727085 673403 686368 701911 645901 710043 635924 679348 678256 653960 672090 768610 719724 715741 709854 705168 674699 677481 639663 723725 698865 687611 661255 646107 715132 633813 670695 639123 726983 705299 688859 716770 642158 679367 681633 663373 718521 755827 680145 669512 693308 734147 687767 736102 689507 697623 642419 702825 708486 
742942 738940 752131 680367 697936 711719 792703 729973 741008 716726 711365 733483 726638 736800 702732 764636 716210 722840 692606 802561 770229 710718 702324 729273 778625 752550 736399 679388 687548 744763 744683 687428 706437 643902 815657 703857 758678 716616 702957 770569 722888 780392 779548 729973 706391 721693 791136 711150 765877 784432 701113 719101 674424 742707 763397 699504 715515 715260 697604 740624 719304 689580 731314 729394 711692 742148 796295 778425 701734 731057 736977 721583 714330 759612 770417 736231 708162 721694 719322 707736 749215 733371 737007 704183 757964 714392 716811 718308 696219 677044 645917 741865 756647 728016 739125 752397 667833 710709 742935 778976 655975 724623 743197 699219 754382 697391 814466 747837 753156 748578 735973 754112 710781 696774 737978 729448 683044 737714 705786 744446 666562 713585 683338 733247 757687 720006 784750 731708 686266 720659 787323 703061 733550 714299 761777 754377 744742 793217 730717 724159 705997 766782 709411 773881 703315 740065 683062 774826 719222 716107 743866 777606 760933 758326 724581 715315 733782 695018 734083 773305 766776 717014 734402 759594 739894 735270 719878 768905 738225 737451 756001 735505 738976 721483 734531 694374 696656 726311 735039 715502 701883 722698 751035 723093 757972 724807 731676 715592 725024 678273 750985 748719 758640 692212 782371 731718 781119 746995 748453 744184 725851 730264 737123 734780 763984 763657 770040 784248 737331 707662 749175 778002 756391 747399 725944 744776 693479 711008 777195 681296 716599 769659 743079 740253 744992 744681 702274 742355 780612 718599 738325 688103 724618 735659 729878 738618 712130 737426 758060 707297 757984 725451 765323 738837 739182 668755 708580 760512 724220 728685 766114 719394 715616 766469 709249 705088 707395 661468 714842 741648 704890 707917 769690 719358 753735 761037 714570 737923 703138 712142 737638 721349 680807 729103 676904 748450 717822 696947 728172 776299 708569 723190 739776 710546 700151 726794 701974 740003 784753 692655 723048 726826 756675 688569 782020 728354 731725 690737 738211 757271 
690081 731980 720798 686482 673658 729399 776435 717731 684886 708062 682829 681864 704615 735253 698457 741145 706503 716306 684454 782285 748480 682931 675071 734122 736253 750664 700928 681529 690416 717723 725655 667159 662766 678941 772755 720424 721647 700038 660073 763947 721031 748543 734868 674518 710613 657918 726008 720854 754668 729315 679615 717756 690493 741286 715543 716157 723934 717969 687386 650105 734948 663705 679721 684792 685444 723969 770334 774462 706925 688869 741713 709136 719331 736710 749184 760437 709605 709241 702513 689812 698972 692181 700852 718860 740477 708741 689548 681231 718361 636515 627799 748395 693918 726531 686864 732575 665865 685625 720143 722690 669474 721480 737808 735965 693923 708894 739104 685704 733444 742729 736812 756991 726887 681960 776299 725672 709781 722330 668459 725971 676385 720551 661277 728882 720626 687770 775426 703711 638267 719987 748871 692870 722174 682814 764503 709472 723608 745529 721377 702367 706205 763016 724457 747380 663842 734872 675500 716320 694614 673982 720136 738710 724764 734921 717576 684044 689388 651049 701644 742469 748708 724729 710834 734338 710553 728907 699838 746787 720608 738377 782904 734236 693852 713840 721022 700668 714706 685938 681544 701778 685803 714254 741889 728202 733192 709821 697004 696695 707003 641161 715440 694436 733270 685662 724284 700929 741999 692769 754172 726593 702781 705090 714532 724672 724021 736255 767692 777314 716698 719423 725210 763942 724841 735351 691094 681403 684061 693679 752189 682341 679860 727986 682871 746522 721209 729980 698876 710341 737137 722853 700189 680125 667994 713068 713526 705961 667520 731432 702832 698985 706784 680655 724366 743962 695535 686985 693087 736478 703281 704960 731609 739529 694490 751717 736312 693583 706361 632900 695025 721379 688198 700281 774958 709853 718404 737873 696550 720775 708409 663132 753412 699846 675291 689367 669302 729562 689685 675077 663880 745095 734976 680644 717810 664433 689866 730937 706852 743941 781321 699092 704433 743156 725152 726161 745254 692468 710538 680393 743650 736015 
716161 731176 712735 696760 661112 701725 744635 709037 681386 706394 686214 709688 696678 758612 676537 722546 711025 687866 636442 775081 748274 676302 709777 729770 720120 745956 697176 699334 688530 699951 725862 672998 666386 665999 797997 705623 717751 690813 678069 748518 713947 762316 746462 681380 724377 665461 735770 698953 748869 739930 691417 719790 683868 710141 705048 711530 728283 708149 678679 698049 715342 665965 666467 705834 681423 714742 805508 733813 706662 731662 753797 710258 705874 752978 773071 734550 733036 708567 718639 723044 698504 685634 745418 687716 720230 711267 690387 726696 704140 654360 615552 732434 721549 710908 678754 742590 663970 678390 722512 732949 698448 715633 711686 716378 736530 693536 756093 684930 740197 723025 719710 714123 725759 675663 725211 719867 684994 715478 674156 713986 662774 689492 682353 710844 711832 692432 773788 694794 666198 697020 758380 728636 734952 701382 743941 734020 714082 743429 719420 661122 681818 732154 703826 761824 681792 744558 682502 744252 707207 685729 735351 737711 699840 746233 717673 688783 707717 694497 713732 713326 764817 690071 701728 712784 694390 710912 711133 736469 700763 710162 753008 743001 691260 695204 694924 692476 651333 727052 717859 709005 698783 757409 715742 726514 720397 717439 714532 722476 703062 667697 734622 685967 726997 672451 723383 726170 767982 689288 740469 707794 728830 724218 711489 729419 725064 759584 758701 760269 705610 727052 722759 785762 727351 713097 662252 696354 689290 700631 737491 676076 694085 710963 693493 710056 726756 745248 707460 730041 769028 682165 682999 673887 688066 709844 712512 704977 671614 728407 725796 690713 738334 691020 708796 728768 710278 668489 705295 724489 705345 703549 722352 738139 682808 744589 716111 660918 715772 622872 697144 669206 696586 655685 767082 702356 737929 729174 716187 699646 680418 699678 722785 720999 666200 686205 687196 714578 694488 682448 659765 752057 735193 720747 729427 670875 674733 721641 702258 754865 730243 670169 692506 715389 725220 678841 744798 707784 731835 690395 741147 734726 
728052 747300 719376 675501 677529 739957 803492 765006 723508 740596 718979 739179 739751 769448 716669 798521 726088 717823 689547 791722 765590 706126 760606 768573 758581 786295 718108 719474 714042 704188 750414 751035 700816 719226 806813 737824 761689 743870 729584 799429 735481 803497 776967 756005 727305 700236 804475 757230 776622 766330 706466 736222 710515 751585 742046 733216 748812 708356 684591 704160 727051 715927 717976 738169 740734 745440 804569 782461 750781 750637 790358 725919 749339 775443 769715 756778 744575 742478 739194 711304 744129 711938 761965 717734 736549 745854 744944 752152 710143 692897 663444 761424 760082 725265 734208 753735 699275 727992 747000 797978 713692 741382 749939 761554 743155 729482 796004 707265 769464 717368 773240 747575 730331 726101 788941 747951 695752 745474 705100 754920 678560 734065 698892 740791 769113 733484 802472 720550 655158 721959 813756 723397 745712 727564 766815 761423 752642 780601 761671 721709 717455 800051 717729 782438 708711 725590 714987 751309 744489 737267 755157 798085 754220 768583 758597 704178 738669 714827 734707 771740 786596 735517 747861 740990 759494 773011 734352 787472 735033 776346 808878 758445 750832 730362 752468 680794 703308 725781 739220 746679 715517 726884 782126 731498 742673 756134 765410 731123 723539 686875 742081 743263 725959 708495 763306 766201 783007 765984 763232 734686 750049 734381 775643 740962 784408 814311 785524 782484 731649 730497 753492 809291 774699 752411 701281 734021 742456 719217 735450 711013 709994 755990 737656 771768 760043 730343 706341 768560 770763 726543 727136 715214 708327 772957 750219 725580 728635 755200 752774 711002 755631 710418 745242 754274 740566 704141 738461 771143 764337 742330 781536 762985 716797 752307 739233 668808 738825 666248 738972 728144 707949 733194 822742 709772 752422 772551 722370 717495 715389 699712 771728 741031 705447 734359 708824 760836 726743 693000 708980 780394 760154 723581 765798 701724 711524 708382 709557 772374 811827 720539 748113 727160 754795 728681 766289 731445 731881 699211 744041 770250 
709264 727334 725629 637978 680213 693590 746778 726725 715121 699195 679916 702096 728944 752760 712961 753591 682072 701527 674302 775708 723728 668223 696970 743814 764545 762639 731286 687901 715490 756203 757931 713044 686381 657722 757530 761918 722820 683383 671596 771440 731830 728012 783807 700543 719958 714392 777227 704073 784351 728973 693193 696160 700946 734555 719575 711558 723414 711753 666665 681518 740707 682685 686626 708715 696467 722129 782489 762849 700863 707412 731311 716369 693655 749946 743973 736339 723137 728147 718264 727835 756480 742711 743248 710197 750540 724324 694713 721483 717474 664159 637002 737798 715246 732934 717351 742008 693147 689953 736192 748846 682931 733530 725770 731569 727933 693027 793802 707429 747813 766954 741863 751217 703519 700353 743374 736787 699519 732958 692519 720550 668413 717927 676228 702052 758856 727487 783938 699840 633072 712104 742766 712244 717624 731713 726999 782227 715305 772821 736353 692987 708821 758518 707113 793838 709037 763278 677720 798575 712172 704045 754345 763946 757145 758682 700150 697750 730112 685568 738255 702082 782348 695607 729273 743678 728503 721078 737254 763544 724033 718692 774892 734031 738557 688141 729517 700363 711600 723223 704490 739967 709287 745771 758082 701835 776271 732375 746309 711556 709756 653702 741472 718594 739116 694520 742739 751785 763528 723422 750177 716662 724076 728238 716686 721182 756995 768348 772953 769728 735977 710118 725480 791917 745826 742967 697230 715798 669203 714656 756511 702870 740399 739436 719291 731231 756248 751688 706441 747087 755317 688952 723033 703907 693114 746548 742071 691137 717643 755839 719083 732067 728688 705396 775139 753686 710322 680402 689578 736815 733094 719998 733140 724463 698822 712865 710566 687456 733057 661085 708183 718135 716582 689907 790504 690538 748000 751609 701630 690516 709076 693764 723855 712662 700560 701556 671324 729392 705463 686262 663687 736830 720313 722471 736755 681171 704624 723040 700603 736772 753113 700837 718875 711942 758440 709506 749731 709555 733447 671442 755271 757157 
719578 734551 714886 661315 689710 711374 780137 716982 741807 703241 705968 706332 707992 742564 717206 752830 700526 702515 657447 772870 736517 696209 703838 768878 774677 770239 713514 689831 704266 700195 739596 710366 680732 665222 749926 725629 756642 698564 680555 765060 732794 745893 781158 713071 733778 670946 766786 703828 766655 755007 709904 718258 680802 751608 746247 707593 709347 706031 677169 715795 705916 698904 718239 716974 714685 710290 777547 758286 721759 697322 738013 715113 706747 768098 743658 749772 732954 728998 727640 704689 720294 704670 748015 722837 755410 752839 728852 753292 699341 650955 632341 746931 718993 714297 704229 744198 679364 735329 725090 750188 687124 724228 739025 728862 768972 687731 766397 701788 750668 737979 749555 754562 711858 698261 778205 757763 714427 724788 687539 737853 670753 710491 707548 724583 742834 710450 781217 692608 649010 704545 782873 704477 736484 718444 783768 746944 715313 769069 730842 704945 708325 736672 727867 770706 690312 767955 678810 730983 717444 728011 735605 751184 734728 739330 724625 692285 726368 716892 713397 725745 754584 717235 743137 723307 730725 737863 746043 756088 722943 737729 776061 713994 706253 717927 730104 660693 677510 723057 737392 720511 690902 732129 730362 739644 733046 747802 711395 706362 689062 672053 762901 739368 730301 698993 768936 739896 781910 720510 765338 712772 713209 736809 739347 711541 781768 749102 743717 783555 718858 711030 751859 812993 731878 716838 682236 743058 713201 727853 733588 675379 710473 736590 715585 709583 738409 727559 722440 741365 724876 708572 701041 688676 678686 742681 720862 718333 713604 748670 750131 722672 739223 690011 742900 738565 728992 676923 725073 757217 730554 707780 763994 747948 695073 749337 713745 685011 725132 620459 705295 705515 712655 689907 784098 722557 733509 717910 701504 718278 707044 702868 747073 732996 675138 667066 698764 698804 672663 672591 689349 770573 726469 712943 726064 664463 694253 726580 715321 765957 804019 679420 746338 732308 739170 722632 753995 718378 727337 697629 732024 733053 
743793 752291 752897 677885 699486 711250 788157 729870 731101 714647 740830 704811 728516 784206 711614 742298 732853 704507 691214 793854 761829 701415 729203 745090 772043 799782 749391 713370 727451 732567 764314 719870 707605 673766 804150 775042 768358 743646 706962 775868 730333 791433 786570 716500 750724 701968 814695 729036 786383 771213 740972 735856 691255 750455 742738 742734 733129 716288 700120 757816 728455 711474 732536 734539 721299 753671 827127 800348 724189 699792 747279 710101 741875 780493 772045 767458 730396 736957 739957 738311 796843 756034 771599 744251 758518 737907 732495 728598 750797 672694 649541 778222 741582 737165 734875 779480 694224 699714 741139 797978 729855 773017 770932 762150 750665 727071 774104 739212 728651 753493 775571 749667 724821 692959 778594 760585 719089 726263 706930 775628 661592 749294 724531 742921 797197 733474 831167 719870 677402 757899 760585 730690 768794 719766 745568 798002 745159 777473 732865 717576 707595 796894 695646 801667 709656 790129 688046 771283 736202 724762 775241 753419 743500 758684 738540 754451 715280 704233 777602 748413 794006 739878 755966 752221 714498 750382 748168 758520 740412 742769 798759 785555 766708 726595 743033 700884 716839 743791 744881 751217 695939 787812 785096 725050 758821 746306 733672 741357 741628 660109 751624 751067 740344 707519 754786 765294 804019 757108 783907 733347 725684 723601 751076 739843 764697 771955 755039 756518 745354 740459 736389 825165 754633 734342 732706 730791 702053 692581 739046 718493 727886 760767 709719 707976 743816 771527 758655 745486 778255 715977 713086 695379 739501 758660 734951 751431 712319 764787 711233 737020 757953 739259 768127 769239 715345 687536 736689 749131 725432 762642 770527 745137 723546 751131 748122 691000 765657 674010 721210 734894 724888 729523 841412 717217 794964 763687 723923 736294 706128 699606 786696 733802 725007 714790 674739 765824 720394 704962 700033 771823 769943 741242 771311 696658 698830 723765 685042 794286 812720 711010 730888 743294 780894 727254 777346 735630 746983 694665 748501 745466 
749208 744455 742581 675966 719085 700973 818783 759985 733726 733530 707417 711275 738419 780061 736891 773645 692404 723075 671962 783894 744712 692556 734918 755641 766062 787791 714661 727866 752148 726615 756441 715849 698243 686301 782314 756742 734816 729111 703916 793740 745635 789331 789863 713855 769775 710529 799559 741966 800718 767340 733483 766556 718392 762230 732792 717790 728751 709882 721954 720188 771239 735421 730732 735005 725872 753737 820650 815903 767131 705784 780258 746439 732108 789056 767708 764173 730845 753852 741089 727258 757625 718378 758934 760428 759840 752726 744681 733138 726537 692217 652015 771693 728902 737309 707762 770490 722788 727842 761776 765823 715116 767318 782009 737290 746159 730752 795316 735183 777655 763274 781139 774440 739431 715032 791567 734694 706808 769697 740785 759119 731099 745529 721975 750216 786733 697145 792243 733012 636152 728423 767811 736794 755987 724333 778304 771199 777726 787742 744278 759795 713762 778796 718239 781631 699472 780155 706856 770792 725304 727237 788752 768556 785250 769541 730141 720622 750101 707108 738116 750464 786032 745984 756600 746262 736275 778958 745500 768676 724065 747154 777455 737133 753625 748242 745606 701646 735843 735537 756831 765987 703971 763038 760485 741470 769244 736269 745026 734379 729646 672964 751141 742174 758792 714453 746243 745586 775144 735353 776087 732109 736417 728897 763725 733341 759633 771341 759270 784196 738894 751191 774302 832775 743634 742965 734743 731324 689848 736419 756286 723113 714252 749234 713358 770538 776599 743086 739269 771242 792924 730839 737926 702362 725635 742954 727739 738746 711260 772777 774086 717877 749549 704711 731557 766967 728180 686849 735981 769517 764867 750565 780419 766370 710319 750496 758570 697510 756561 684965 713001 725154 707382 720093 798816 736418 775125 773758 733053 724958 725860 705920 770426 755068 700974 712783 716087 750730 719584 705119 696002 778033 754760 754614 755872 717612 715488 735343 735777 772024 798437 733808 733346 716708 769412 739804 769388 734547 772496 694227 731855 767384 
718033 780942 760637 690473 723642 751571 812351 741801 753883 719020 745556 746117 746069 782061 743403 761576 737158 735706 725810 830368 776182 688294 748237 793914 804614 791436 729587 742405 726969 768430 776793 771010 727473 717649 827252 758589 762282 746101 703623 786840 728804 786243 794290 727189 754273 718354 764059 760497 818387 798709 741906 731159 730924 774638 755703 754095 754930 775742 702819 729215 749970 729073 736770 738013 727546 766697 831035 807701 781367 737458 771297 760979 723697 784799 779908 752558 761418 755676 732063 727822 771524 760296 795225 735939 776461 743663 763549 730760 727187 660596 703034 753930 774898 769897 740395 761969 697536 732918 763547 785758 732338 770834 777139 757343 764376 739127 812073 717559 778055 766840 797793 782630 732689 728889 800371 755963 701734 764050 717904 775123 713008 718110 728717 758984 810835 736918 841314 764083 691834 738522 789303 735900 766509 732152 785781 799997 734933 815362 765910 718527 740932 778102 730945 800117 731204 788258 731223 780148 733860 736896 785681 800924 763562 783772 764832 724807 750924 723761 732580 754954 797572 748567 742024 800331 771710 759500 773097 816342 767333 739831 816248 771184 788329 752219 764984 713893 705087 763407 743333 767362 723502 776946 788056 763303 790889 749571 761764 752068 751250 712576 756847 768449 760326 728677 804463 769815 797096 738578 775619 739796 743050 765322 786232 764712 764089 778680 797921 812529 769555 737656 744366 810881 778243 738567 739848 748905 702011 749867 736308 749379 774691 773900 763477 781950 763441 796186 746054 774237 807232 727450 750002 702359 749860 767425 737148 754771 739491 741333 759720 746974 769887 725536 786336 784252 744246 731817 730073 792530 779429 786293 797705 762565 731124 775140 735232 724876 760671 661033 735360 741017 756834 731897 819233 746321 757660 787490 741756 756201 757835 708029 754998 767506 706803 716956 735236 758322 727136 689041 704430 784010 789128 750989 771027 708346 745878 751292 752544 769905 833883 744949 734332 753669 796878 738957 786922 727933 772519 705056 789834 789873 
773187 767145 746260 697513 756661 724188 814172 756370 768307 752972 751083 757171 740214 787265 719212 806234 745283 731192 703741 842166 783315 727363 742307 795044 783370 770280 749906 714110 757567 709850 741987 751408 709802 712141 802262 734465 784935 753527 701393 795225 772548 799133 785473 737970 759605 736777 807319 728513 798444 801165 761410 768845 718382 775615 747761 756676 741489 733754 753292 750114 749725 722322 733950 771298 737840 787482 839783 791516 761554 742561 779146 750265 759036 805793 784203 772240 770854 760400 728651 719085 785410 760810 774866 730209 767106 749039 784051 761959 740162 681730 666025 756211 755320 773634 734646 775173 691435 726968 786314 791347 743116 778678 784418 764796 792428 717907 822245 731736 790253 779853 777547 771607 761250 701538 778137 768733 702168 751509 724118 782056 728634 740189 703110 765306 804797 763796 839291 726479 664919 744186 797399 754601 786493 743368 817740 769429 754777 797680 766898 750192 714257 796168 715994 796039 731927 791673 694354 773460 763252 768961 789668 811646 771205 789121 761581 708633 768497 733351 762121 764971 817800 715187 786933 783772 765739 774456 758885 811471 743431 777366 789425 765872 767550 775571 756814 720930 736237 760991 766908 756581 712524 790222 791376 753226 767075 755788 751694 761294 727940 733435 797411 761629 776024 705026 794071 766771 836057 770500 772477 770180 756206 739156 768560 751966 768572 790199 755286 808291 741022 742115 749490 810857 795193 739150 718584 746275 704332 744220 783807 733743 740313 778128 747259 777192 791851 779316 737351 765815 771258 765390 749453 686353 734784 763752 752672 753441 727321 752022 777316 759615 754982 714446 776748 774083 737329 703256 748709 778211 767488 755101 804342 759590 763725 790794 777977 736044 758277 675776 723940 741968 744863 752489 819457 741669 764278 779186 728521 736938 713616 750261 769376 741797 703371 725004 718574 761813 729513 680987 733860 805800 769239 732396 751403 727515 735129 749571 730914 759365 851197 739107 762686 730586 775149 731717 788144 734441 763795 741588 759682 790375 
729056 717744 730485 692117 688477 697942 791489 750496 730397 699376 710004 715077 718913 763284 708453 770796 680058 680367 667157 755945 747581 674066 728639 749892 754827 773379 728875 705736 708725 745657 744743 696668 665871 669606 791915 740169 732202 724078 685333 754440 729758 763406 787062 732494 732686 693201 778351 728101 765981 766139 685032 691233 695846 724678 716280 701694 746179 736445 697613 698557 734367 686535 708474 709918 690240 759287 813210 777318 715352 728585 753768 734409 738910 738545 760129 763026 705847 711663 703855 709631 763203 704420 734261 723212 731508 736738 741565 738737 713543 662411 661583 758998 703825 734876 712830 748728 699814 722016 712689 758827 701589 749829 780695 748615 744289 678807 774305 707749 741502 710319 756266 693441 739835 720155 798309 752614 687453 750097 705799 743204 681987 720399 705326 718165 756190 708107 792216 743526 660440 758009 790641 693361 716057 714583 741097 751988 736216 781710 704615 705912 709723 770627 728204 753765 695778 760386 686561 745278 728820 674665 746843 797923 728241 746277 744183 708800 721308 677328 744257 748997 786400 723602 735345 740600 724072 736408 744105 795200 726191 752762 799371 755832 733653 707505 719009 685084 717733 717670 730273 769375 698346 753909 749007 785970 731286 742646 733895 715272 737767 670846 742615 724100 754268 700648 764120 737000 738243 723575 773992 737712 710246 744072 724754 745722 737302 776491 783753 754178 744009 735526 749485 798346 729043 691473 710577 731866 664953 740347 770723 709918 705266 721920 738981 726952 762590 761365 696661 760147 794650 669390 694185 697887 692471 771236 712240 713175 667053 752523 722302 725261 774121 717036 738743 753953 702326 727448 740567 761021 760947 728109 778559 753268 687121 746466 727456 695174 721531 627994 769701 687878 695933 726716 783441 738119 765841 742017 698926 709529 709242 702498 745917 726618 675258 737868 672427 733026 709708 696271 704125 762328 738735 707133 754200 687879 682996 737121 694333 740696 794037 669681 737660 719386 765133 713470 761803 764365 734840 680690 749286 748723 
704396 745220 731260 692427 676331 684186 793947 677565 684865 674816 716886 688767 721653 732523 688932 720300 706708 703032 653961 782748 765056 692698 702325 740040 721621 755528 702692 679061 682338 695190 756558 709324 699184 660079 775024 730194 732105 714726 683831 768641 699563 771067 775783 726251 714689 661665 766335 737192 773495 753184 706161 718068 702380 713380 691256 717781 724579 696211 675085 700158 713138 672460 686605 709795 693992 744709 800604 761493 714658 712662 756202 706127 703835 764298 751462 725458 717947 707658 727487 705885 738339 700243 745097 704684 742676 735316 705712 696055 683052 668935 655469 738884 732110 723955 688452 735477 693412 683179 691444 743588 680929 743716 739541 733662 727155 703505 782728 693283 765223 706904 742382 758120 729641 693107 746152 718427 680163 699118 667280 736513 660975 728309 722721 706207 730811 696479 776116 709837 650765 730109 747637 694463 688361 728681 763582 748777 707709 760892 729381 694355 705105 743815 701895 756867 660567 756140 680410 722900 709280 694172 762663 770890 732757 730251 732201 676375 710552 682475 700093 729624 750283 707051 696688 744618 697948 735573 700192 749380 710091 707441 779685 718292 704483 690553 750459 672684 677128 711857 708733 728886 701165 736200 782253 728213 729212 725985 739655 710891 699092 630541 723942 727593 719846 700370 715573 754864 762731 700698 745141 699543 714221 706331 743741 722373 735789 756402 751138 741753 706502 700789 729519 755563 734426 722124 665607 693555 676115 700008 733965 667872 703120 724943 718334 714610 706882 736721 724704 727024 766226 707358 698165 685586 699129 726044 750718 708241 703086 725101 735928 711472 730445 675203 739779 731303 732693 674652 709683 743567 742188 714379 748454 748716 674585 741912 732543 662345 735102 642958 677772 709048 705846 670965 766726 690165 738742 721181 719375 701094 695149 663998 740386 718787 682537 703173 675356 737305 706287 692066 698790 761531 726569 718912 713719 688388 700352 717620 693899 767265 786132 716244 701221 692216 738346 717356 729565 683773 743526 672104 699602 754662 
750937 753637 707046 705875 700407 718853 767455 698445 730920 742308 694610 677668 741205 738507 719470 740958 703078 703251 669569 787024 730998 701338 725552 749644 763071 762417 703522 686572 684788 714080 730260 704521 688358 643330 815318 754512 747072 731583 689219 766108 742318 772662 772034 703291 728452 694662 759276 705681 769046 767205 718341 727751 693274 751707 715214 693485 725253 723945 700879 687162 729899 684821 708428 716974 707419 731435 814902 755773 755057 719493 748366 713109 708259 771820 774084 739903 730007 703431 717108 729830 745720 747925 737273 725538 749033 748144 721803 707192 718053 669399 645317 759054 724453 723700 711472 749104 678452 687508 746037 774195 725833 735522 725101 709351 746252 701605 740713 709325 744328 744668 740495 762238 737752 698241 765283 746791 700097 750869 680252 723448 670808 715089 679931 736589 742038 714641 785238 699069 668860 715854 753200 731971 738051 732754 752089 774199 723054 763995 738719 695138 713029 748815 705980 744782 664960 767723 664825 749338 723464 698378 743127 737115 754295 755883 753184 710421 723289 694619 720163 732105 771599 714634 748768 739105 732893 741842 732488 741091 749523 737206 786130 747584 756154 708645 751819 680355 712472 715273 703227 737974 700776 753888 758127 735002 755828 735809 716094 715933 713222 668422 751297 730086 751531 717190 753545 721958 764469 705957 771675 728708 715800 728209 737506 735728 757309 753223 754802 754687 739421 729654 720510 798219 738810 731862 694953 706640 691941 727256 735084 693943 732802 761487 693389 754538 751132 737382 730956 752623 788039 721748 713049 665192 693939 731204 715148 727493 724714 703503 758157 682074 733947 686421 728600 739072 707350 657501 703754 754904 716944 741273 766983 743260 705122 760769 727515 696200 732586 652559 688995 715960 693718 678044 781636 693591 768623 776381 695635 723170 715372 708533 737635 721769 709474 722173 672057 714197 710674 681497 698150 725774 712692 721731 744822 670485 727760 729673 698820 755313 782501 684645 729269 731909 717084 707223 772878 668095 743162 722716 748046 730370 
729477 766130 710848 678113 715793 713505 780127 707397 717993 698976 725492 686880 748399 767289 718954 776678 715769 707521 679612 795762 729941 691171 726787 776732 789832 795331 750777 707597 696704 727902 764323 749503 711348 686936 794824 756125 761352 763746 684558 775152 732114 769262 784291 749411 744004 764021 789698 730727 775112 791296 732504 740656 720904 762557 721173 739944 738841 722306 689941 699069 711920 694498 724876 747263 702827 757321 804034 778561 760049 706336 731134 724518 735751 779120 754359 750211 727322 748054 740511 726948 767332 715651 767894 717490 745427 747842 719964 731001 728093 664243 645074 761849 754393 717637 748162 777699 698863 721541 740897 772538 700860 764613 738769 780322 749290 748264 776328 695866 771515 755170 769913 768229 731932 708656 769618 768442 698484 722763 684376 754445 667122 730335 711441 745275 709568 753318 797541 723862 642737 737319 773709 730008 732325 715781 756669 792482 737198 791434 756201 724516 723132 765983 730717 795992 708599 783390 668560 754240 697294 709384 753404 770010 764584 770360 741271 706590 733608 692083 729304 736204 798601 728419 739140 754969 755349 734923 728942 754389 740721 743564 794072 743132 724980 722733 760747 662649 693818 743766 740069 718268 683030 765261 749888 745012 735879 758035 747496 715054 738537 676597 730234 731432 754359 680162 773380 759000 803700 729476 769804 733394 708856 746425 752013 729397 790560 777420 793479 786050 740320 743495 743494 777583 704368 731768 708479 743556 681299 731029 751783 749184 722097 758878 727148 749614 764969 750606 720139 735456 772794 718277 713969 698771 707900 733819 723970 722214 718109 738272 734506 732127 744769 710555 737528 752323 719328 709134 751972 748839 754565 765602 769047 771988 708536 753941 748692 686097 725412 657334 705360 734418 722567 707387 793106 691895 765797 749069 732503 715799 746531 710546 759636 725101 687434 720898 704659 727891 702962 686852 718686 747898 744551 739241 741460 724915 717283 752611 731183 755236 815569 687556 738774 733614 769186 694237 763914 719905 742618 701580 749974 767600 
699293 712031 682634 643883 665595 686264 751628 680959 674478 674066 678875 671938 670368 697793 688668 722628 682976 675755 644811 745905 707516 681168 707286 715621 723161 746853 671961 671484 690826 724651 732430 660608 653785 658283 750183 697394 725720 685396 644665 764379 671751 715774 763219 700527 696719 700087 717113 703620 745699 731276 679377 697291 669013 698278 703784 670084 680229 689146 655916 658924 688293 681632 687101 709968 683056 693748 772423 753627 694570 685035 698762 696869 698596 722824 738633 704779 693500 687961 703396 701504 725133 706949 693957 689563 703754 692138 682563 712517 715533 651646 608504 754498 690628 702817 705944 708418 655184 694769 740955 747448 640902 714355 718593 713836 707101 686197 750023 649248 731394 698188 685334 724485 675721 682833 735584 703984 671944 700019 662088 731056 654438 709054 657794 680781 730160 686509 756548 669183 643050 683164 740882 670307 717998 686078 732582 706492 692115 731484 728991 696924 657745 732199 677898 733193 678469 721752 625075 730212 658819 652602 686799 733502 707009 730409 710540 701013 686350 675961 690587 728105 738320 696705 700660 732528 717794 739761 709040 731532 716607 714311 719952 689634 721576 689481 690408 640151 685861 693072 663458 714721 643869 723751 713940 712732 731255 701621 701968 706326 692292 658842 709331 695131 705073 661102 741100 706538 706780 673573 707598 688037 691408 699672 725487 700025 704877 712232 740797 765980 718972 681599 727094 778265 722563 694339 666755 690233 655679 689771 720687 692536 649379 715024 707451 707632 702581 715540 682381 713331 754064 683808 703589 649384 663866 715861 700498 711094 694079 698217 708547 688383 690746 695035 694231 704998 674752 679823 695108 695878 705829 692920 718856 734844 670220 744378 688233 688193 688145 605671 676837 677632 679838 676756 759743 703741 729433 713665 685790 691572 704841 673983 700798 689976 640309 678758 682955 729801 649157 644568 674991 742447 702685 716792 710063 664030 687344 695255 713436 741128 757490 661802 696064 706481 735305 683674 720627 690619 707221 656939 709562 732149 
730112 791340 741680 678814 708928 729490 802596 740784 730302 732607 727610 711640 779016 774812 724638 783359 746021 727483 658839 807030 756967 716927 739292 768053 785091 794294 734531 742794 724016 736940 774749 734106 745583 699417 797631 765617 757445 750115 720651 801393 744350 761070 791192 738752 763725 747097 794740 751047 801923 750038 725884 729104 711229 777688 737551 717509 774040 745179 722419 727225 720739 731872 749605 730070 717032 775179 817001 810011 746655 749547 757679 734170 712907 799415 768153 780667 753331 719971 769083 756962 779700 724922 789766 737130 787386 770023 749193 743277 729741 661235 655370 763903 735263 738539 735719 794634 721876 716451 758263 803863 718798 765568 767058 760808 753272 759005 784308 741215 770109 748924 747098 767302 754377 734780 781994 779968 716805 745231 716139 750401 682997 751613 699424 744679 768420 748940 834178 761066 660996 761392 789614 731565 737834 728705 759201 794787 772571 796317 775733 709644 705975 791501 733908 822680 746300 782082 700372 776400 720855 729778 747342 765655 801188 765091 754382 733713 737948 698511 735893 763818 813277 747314 742079 772546 740984 746046 752573 775498 750293 764699 818646 774552 745249 755960 775008 702883 738820 761891 733536 786149 751795 749232 762252 753263 769164 754948 772144 739534 748509 705541 753627 744391 778955 720454 769380 777194 777115 736236 771504 713277 730669 770388 754532 768900 763719 778150 784803 816788 784363 752055 769656 820186 759046 748619 708440 735525 677941 740271 763362 719746 716694 751772 776274 744119 773977 759201 724978 772902 789379 746515 738202 710524 711488 751132 748500 748620 742135 743156 776822 749259 760238 744558 765273 777852 754105 701438 753228 772580 750794 754933 762222 772373 721258 784512 754712 701123 743139 676552 705629 740521 724871 734398 817104 748181 789398 770149 718171 732400 710442 705189 779120 757799 684448 729132 734759 773361 724680 719447 722001 780850 763722 760363 764973 698626 747435 775373 718056 777122 818665 712184 736669 762711 768885 723692 793207 727293 764634 681784 793335 770598 
755511 755776 765253 681725 720464 749737 798968 720243 729321 696098 723618 729322 755419 769197 726303 728254 722825 726228 669324 773662 747118 732679 746276 753930 779513 775535 751266 724273 716832 744482 803036 713367 702762 650542 801613 765042 772664 725716 708114 788467 715369 816236 800924 750114 730942 718210 808312 717557 790452 795466 726552 727894 695375 755721 740798 731637 745068 748213 710650 728588 725538 699628 705723 757734 702727 756830 835804 795021 745551 760977 758042 716346 730538 788438 773076 731645 731094 717121 720984 770774 727476 754318 773444 723379 754890 769333 714640 749444 721670 695415 664681 748476 760993 741480 726208 757681 709559 751585 729951 781407 700267 788754 755482 738522 782447 705381 759355 733789 794104 750190 754416 785975 748295 719818 769018 759145 700799 724838 708149 747662 721326 727710 748141 752190 771895 702444 792794 744441 687558 724458 777660 741717 713114 736468 789938 771149 739197 809961 728383 724264 695868 758845 727664 809815 726562 777468 713265 782027 750199 718101 762765 781195 744058 781514 769964 726287 771172 719031 725018 772608 784964 733424 753585 765055 742677 784624 724332 808929 752656 753311 781816 764434 773262 708475 759486 715947 711697 729890 738693 762243 687133 779243 761301 744104 772884 730973 750758 734022 739929 698825 757807 723742 765257 710832 770018 758402 783624 752916 802052 736027 759988 779842 762718 730429 750270 776909 777385 798384 741945 752434 768957 829013 757984 744924 734900 730148 710210 691038 742402 700673 715618 781968 739383 744552 757032 782229 732020 746694 784665 695723 765075 704848 739399 761232 752562 734924 730196 733559 770349 710247 736097 742307 741776 773003 737173 694691 721387 807382 753704 742498 779334 755531 742772 771755 752220 708223 746584 658478 720213 732951 724571 707908 781880 721150 753199 773628 716866 743204 736917 699982 770654 719376 698587 723820 705160 747395 715004 706209 724963 784556 721341 739133 738026 717340 720899 736212 715770 770888 826550 714950 737591 714879 765027 719600 793557 734237 755853 706779 749239 758244 
726514 744670 700301 663053 711536 693291 755228 726294 715850 695462 695565 688507 725987 754062 703542 736669 713146 718336 668525 766744 749813 688467 714843 768046 760552 768844 692199 683663 727603 707624 754967 737564 703714 666473 775980 731669 736127 720060 703486 763384 716648 789366 793861 706510 733302 692143 749555 711892 785842 759983 694300 738657 667841 763341 727444 696021 728607 723618 683501 695584 727817 692455 692592 717083 694341 731439 798994 750727 736498 714135 744419 712761 709956 776484 774978 757126 752053 718439 751225 727092 734835 727995 749144 715044 761567 744543 730908 705288 715302 675869 638797 736227 739404 738957 713836 782277 681568 674182 729693 745200 714050 746820 754667 728854 754236 695048 765384 703329 788461 748235 729229 728441 725417 687887 741029 764883 712221 731518 682999 708245 684658 697286 693948 727598 745568 714321 799912 698460 654057 741343 747640 695330 716772 733692 774740 765032 710660 776466 750144 702830 705335 749690 691518 777069 678379 769614 681675 759169 689876 698400 751229 763768 742407 759382 699520 684622 734279 695659 724290 745749 775787 711309 745667 751454 746462 758519 741777 740148 714926 710737 774328 760059 731904 717068 722238 715151 665995 741564 713168 735080 705598 745104 757448 711955 723900 720734 735267 691656 691266 673396 726932 690353 745171 713092 740156 722491 787905 705140 753591 705891 703082 736614 747124 732235 772953 754810 729200 751182 730337 710275 768763 778956 735518 727018 704614 706382 702956 743637 751853 692602 738872 747926 729354 745305 762334 735806 715343 742912 773345 704433 715877 699450 700847 761862 720932 718862 686860 756640 736346 687699 741734 710371 736850 742424 712683 711997 718456 729875 741855 728437 748508 738564 685556 747071 717214 683037 735121 627370 706102 705128 699181 696234 766326 706761 750485 756740 697233 702500 733677 663229 713207 722308 710064 709850 666484 703346 722513 704847 689002 742625 717410 720499 765070 671037 691757 716277 713798 753840 773842 687843 717788 698861 750443 718348 764901 711742 720568 681918 718350 726284 
777774 777282 760822 704344 714453 762985 805765 760609 742797 734512 766771 748657 766876 778360 735864 762034 743779 735875 715263 821219 782124 695486 749717 778890 769198 784465 751796 716760 710800 768273 802171 742267 725854 684534 825483 774039 788394 744323 729319 812834 758938 805844 817457 764386 744242 732028 773591 764437 813413 789111 732537 757254 733986 780177 746902 762894 746933 732364 710082 728479 745268 741137 735581 769701 737393 784495 821531 805635 761999 770505 785302 726047 762936 776250 792471 781063 759124 730022 737536 718006 778910 768661 773513 729339 776206 749633 754073 766564 732669 692490 662998 768015 744967 767959 759503 784820 703665 729693 760443 791621 711862 775132 741762 773063 749939 726641 814121 754467 760851 779841 740945 784034 764815 729049 782991 765041 731011 786595 745842 754547 712252 748414 707510 747655 765512 741501 828246 722430 699562 767364 810768 719683 749559 748974 783277 789193 764456 773258 784305 745463 735692 796781 754191 786348 705641 810015 707679 789533 754034 737722 777331 785046 796399 789437 722495 735418 756131 750038 742243 766763 794813 757419 760838 781143 747722 771740 756158 781430 759568 762070 832301 760867 777053 743482 742340 721670 723878 776109 754321 762692 733060 775561 785277 762879 781977 759584 775507 728226 754436 710982 787889 768277 760757 721066 801869 758487 780338 758877 792102 777897 767527 783214 781712 779211 752616 783896 803318 799946 749587 735396 773852 826836 797563 766469 730855 736472 709295 743643 773885 704825 778564 775546 762932 754283 762604 766097 747907 796913 800557 766100 734984 717950 742628 769035 739334 751138 720786 761010 760538 732718 778521 741700 764405 766481 737278 703244 745046 798478 745264 775202 786009 780144 736489 778205 736553 748957 743882 669322 748583 753053 758526 709808 790823 727041 760959 796575 728602 733433 733347 729241 747808 730574 715357 763006 718124 775401 747489 719611 733023 801902 748006 725502 768922 717043 730061 732016 729820 779502 811842 715254 741909 748631 793764 715238 815642 758396 781819 738622 783641 802084 
768128 799002 731792 739447 734468 769903 805134 761813 758174 774192 747322 738580 755337 802254 760659 796785 754728 742657 715350 828017 784545 738002 760101 806440 814982 811777 756230 760131 748042 783801 793029 749062 755637 697857 807224 796966 817114 791374 723235 811623 779347 825423 812867 761352 771038 750652 806687 772567 810675 802074 745889 775882 746331 781450 774696 742768 770491 769129 714874 720002 764768 740822 752841 776394 764636 788404 835276 819813 773250 772038 800124 753165 761210 805045 817036 783378 792983 769673 787783 801907 788245 755483 800264 766243 789621 753506 752689 774372 772193 742070 687440 813130 769101 742752 769531 769000 761885 740895 772118 798867 741936 780269 760101 770020 781300 755599 805752 746305 820148 787334 791161 775473 782463 747730 796571 789826 715252 749240 707389 776449 719563 790504 734774 764657 752317 738164 865722 750655 714248 765928 793707 758710 782882 772239 810692 781409 767090 818903 793340 741392 732271 846572 757410 808998 707151 792983 701885 796737 749683 754973 797072 814327 788481 778634 787711 780718 765111 758765 756028 757860 803104 752349 801740 794780 786846 773674 752788 826115 777799 797787 808751 789705 772667 766384 776466 707803 727896 762186 792191 757281 746029 807522 815235 761870 772541 799042 747813 769824 762552 685898 812427 769646 785982 727943 771887 794980 804384 735003 807513 788317 763880 760833 784247 745410 812430 795275 808149 823632 784967 742251 792627 849578 781925 783167 745336 756292 736331 775463 798103 707386 737896 780878 768782 769693 810206 781234 732524 813944 832178 767782 786898 718068 738679 780118 787088 771035 748218 778586 785626 738407 766773 756062 783863 800304 770245 701907 757202 761740 758827 749523 801064 762455 733570 797032 758822 735980 776304 718203 719030 780638 747047 732582 811773 773036 798085 776824 763282 746630 748998 743688 810676 779017 730363 781669 727790 789090 736409 745312 739163 805930 791378 733566 804687 758517 771008 769403 727214 792889 835292 722162 741517 774522 767858 758484 780080 738382 770292 738845 792072 777977 
663567 700785 681669 634848 637687 666239 736167 678523 673900 688871 653178 667449 689575 712299 681912 688396 667895 650374 636873 743983 700142 653329 686819 693111 703315 697808 669639 663592 658263 685791 693982 663750 676776 637049 731314 679591 703024 676547 654495 732595 704912 713201 745936 657447 685004 662596 711749 735464 725116 739982 682792 667437 644513 711473 683811 663807 685420 667582 649302 674122 674249 667630 648073 697025 664890 690355 762493 714187 669494 672794 697415 691169 686749 751480 702541 678716 680401 702867 681484 674877 724389 668509 726998 685377 689145 688484 673357 700088 669801 642354 600502 729779 674421 663092 690460 740708 651730 670369 693221 730933 661226 681773 724082 680022 685657 647303 760522 637586 736931 686171 679963 669981 675928 656922 695214 684519 647293 665821 658638 692240 622033 696524 642988 692986 701281 694356 751196 666137 628002 662841 732748 682934 710343 665376 699252 719453 666513 727974 684290 655596 657192 730026 663786 720593 669857 708345 639293 722890 674160 698973 686367 718285 702858 719477 693078 659569 664251 647791 707454 683508 712789 682742 702484 698597 678895 699155 690160 726893 657147 716823 722384 703222 691799 667578 685105 643852 670085 695551 694270 697296 655522 705569 704120 662376 717556 726126 684242 676604 684344 616036 727765 689157 698880 680297 695314 711980 728652 676585 714901 701407 692674 674472 704013 694429 699905 725214 719288 737093 702141 660080 718788 742827 720137 681032 625781 685880 654338 703996 706822 642420 677579 690732 692281 663092 697080 686112 661330 696203 726414 676852 656525 657814 671995 700011 698998 677348 649463 694999 703747 661177 720783 657076 705270 684699 665967 655483 672394 705792 693497 662839 709751 703399 650747 699253 694251 639094 685451 613169 665009 650346 677239 668400 763705 667934 695038 698972 691961 650426 672334 653630 725184 690541 636777 686639 652218 710381 639596 643602 668993 740255 703380 670928 690774 662271 673059 687799 673677 699502 739823 668655 677961 692093 725878 672088 727272 658230 682938 656918 694335 682191 
755792 769220 760888 705223 719965 743170 798734 761863 766923 744881 757869 752769 761145 764422 799086 780894 766674 719045 704048 833172 782010 730389 787517 794190 809227 811588 742044 749340 729532 736492 798545 753954 735574 705981 820945 763138 786171 769318 714867 802436 777951 792352 811856 771450 795351 732053 808414 776907 821151 796018 739393 759732 736441 775449 753453 762058 765923 748754 723245 732717 762727 732716 745113 782963 738892 787176 800531 813931 757076 730030 775113 736230 755431 796058 808009 782861 741320 765403 801069 759883 789573 732510 794464 713920 771973 760413 712797 764895 748235 674842 699637 790869 743316 769733 747711 797065 736612 747625 758799 772369 766212 774304 747770 778538 766579 737627 816386 741628 805675 760256 779567 777415 743330 721117 784806 759586 750124 778739 715369 794927 709097 751772 746362 768319 776295 741127 823468 763676 681633 773453 810065 760002 769704 775664 772706 783698 764747 781759 776727 754649 705118 800882 739121 801828 709846 806627 733994 772548 736188 767273 819635 793863 782852 788791 759637 723201 767458 766091 774640 765667 819749 754346 748955 786503 742224 769458 761493 788950 771345 750351 821127 776593 813609 738705 763710 687978 720332 746309 771579 769638 705214 780381 814202 789595 778048 772160 756917 754843 757892 725317 793830 769441 766249 739608 800551 780774 806859 756901 828283 758319 750047 745221 780198 745932 794589 771197 778921 811399 777132 748161 759317 825595 778848 774371 721862 770698 715013 736079 776442 731282 750704 797712 773668 773058 789001 777754 747747 783210 806822 750566 759175 734260 734573 783806 767420 791807 764532 767046 785387 756964 773974 740819 769715 778058 771075 735342 752178 808753 773503 759336 805453 767771 733339 779949 757871 696263 762107 683299 748563 774181 775035 762367 828950 741299 738625 766374 764698 760697 746427 708110 799725 760472 717756 728695 717254 763668 727771 735962 732903 825919 804256 737672 760356 749898 776554 757879 732565 778744 828446 725233 752248 745173 774238 734894 791495 756210 780957 729349 779216 794773 
742240 734385 735551 675526 720337 692051 796590 715440 722090 714102 711275 692007 723758 736560 688219 760839 710937 671895 646135 781791 732437 686652 737136 760395 774761 753606 719236 672365 704139 702481 730472 725516 717733 681629 785834 732650 735646 703105 686415 789609 734470 745387 770254 693668 732392 695426 769218 720749 783667 764298 718980 712731 691362 737364 730306 695457 715491 728002 690000 698436 725613 703616 707090 717852 686858 727904 787399 757167 709368 721016 750875 728859 721381 754594 755352 751791 740927 726768 715378 712610 753818 727849 776874 718972 727648 733598 748209 733826 700061 657910 665145 757291 709364 718971 721473 737965 660660 706242 720520 758855 701907 710077 730611 732412 760586 690901 792870 701218 763096 716077 735372 742950 726309 688822 769402 721409 687816 726914 683067 732500 670997 726412 690223 720527 740503 723025 799004 727677 655924 683623 743877 714848 768149 699791 765147 757057 736131 765950 755511 713274 704252 779125 710527 755603 687530 758899 683880 738341 738139 720235 767515 752036 729137 747610 740261 691529 734547 684897 679042 719367 791665 720522 735451 743579 705710 713077 741731 767050 712203 752232 798592 752113 742178 728858 736728 705492 673208 739731 718917 705611 677772 763687 775267 706621 770415 752204 741104 746900 727158 683899 760640 736777 738753 699336 756571 751252 758331 714995 745502 730373 720647 709307 732527 711120 759366 748686 749293 780906 761307 721459 755202 783564 740467 741328 708590 735972 709366 729526 730228 723337 706223 739943 724828 733882 746143 759795 731268 748610 767556 713476 735109 676810 673447 737959 763044 731916 678265 765057 720391 699894 741967 693029 732514 765497 737603 694738 745365 712571 730869 691910 746230 745501 718325 753186 726578 698962 729244 633552 695392 683577 698325 682465 805665 737697 734423 752998 742502 698043 698134 704588 759999 724328 675432 676464 679424 733634 687195 664431 694960 746437 745975 730315 762891 705532 715003 732573 721155 758415 784981 689978 722434 740599 759320 707335 762894 691343 748751 693469 751710 740503 
750211 733750 741867 701022 723793 714430 775629 736711 741909 722674 734292 729488 710646 752015 729506 768753 724785 699372 673833 789142 751982 690226 750733 750361 761873 774128 725663 714197 741393 720892 740254 708037 715335 679001 802294 757180 742703 731646 687837 772653 724561 770341 768148 716699 738881 713828 758955 743842 794369 753632 697649 707340 705701 734766 715480 741000 744626 722138 700142 725692 745065 693175 706091 734609 693800 737930 800014 765913 729791 753706 785467 748101 723641 750532 790719 788886 741324 730758 770799 725621 735644 722652 726408 701768 709418 726772 710525 749649 719510 665368 668915 754583 722469 745838 690374 742867 718046 687095 754611 764664 721287 746429 760110 743495 733485 705737 777510 706483 755728 735327 753052 760757 749745 721989 779070 737788 666989 741746 703604 748487 692297 720546 722415 720158 748179 732041 788326 739748 658386 724848 767724 730835 746899 733153 761714 760340 721737 793410 735862 707920 684727 784787 714719 770614 688421 765681 695931 734093 736376 704723 764089 805583 740984 762186 737027 712489 745933 716073 724084 755403 763749 726443 736631 747285 747095 730502 743197 758383 710912 751593 776614 743285 723332 720530 734776 678776 705835 724448 737642 759951 690978 743324 767404 753267 745638 755667 735018 724691 727714 689694 751875 729627 727976 726622 758232 738455 776751 723140 770627 735097 735080 736202 763612 749629 755500 756985 779078 768006 735266 718106 751584 806708 741746 730390 694839 686047 712336 726649 774225 702485 701788 725928 726088 732251 759270 748576 741932 756428 796704 714927 724660 668533 723269 744490 724262 737600 721999 756120 715620 716714 752465 707451 729913 759106 719480 693257 699898 735526 741244 720585 781243 717713 698495 763554 737551 715052 737900 645890 690521 711194 707927 700480 783085 740172 734947 760612 722110 694319 700171 721836 763098 741149 673308 734851 695556 732832 709097 688286 690332 780239 757032 751905 747320 698021 694095 718860 733159 775868 800999 708309 734797 745203 765597 725717 757999 727817 768420 704015 744502 766917 
738568 725820 703922 665608 716801 705184 735374 721977 684328 705721 709350 690093 726547 746908 712157 720345 697634 713031 680008 771605 708538 701404 743931 718541 745287 737428 731224 701340 684014 715915 736826 708682 678159 653777 794455 711512 746277 709861 694876 736443 717827 759347 762927 713051 701795 696730 753554 714374 766824 769184 697125 732893 679267 732451 716388 689501 704826 696506 659507 685437 704610 685147 688809 737542 700938 734283 796123 741632 723909 699639 754026 678009 731893 763501 755668 731094 725571 713864 715206 728327 727490 716840 717114 708407 706324 733040 696313 725414 700822 641876 651387 710752 706190 706059 718511 743588 667376 693258 717635 746030 663202 752529 719721 702119 712711 685833 736678 674578 750987 716334 731928 725789 710502 670359 751115 743416 704244 686123 685071 726710 676512 700412 689295 718172 717904 694837 777980 685972 643735 713260 745508 709854 726573 710179 762822 726690 700486 763275 720994 697697 675420 757493 709511 755211 670158 762700 681211 747325 702058 720043 742889 741147 722153 743801 692414 700043 699883 699092 726514 721052 737964 712787 705583 751873 712930 729005 713644 737424 725039 748704 777600 725937 740475 721137 717883 686984 709471 712177 713312 721088 682367 734746 758188 709817 740263 715453 687445 703827 702288 681112 734524 696386 727957 706052 739961 714250 755693 713732 754313 725619 741708 711285 739211 702589 736547 745318 732271 759729 714657 694756 744152 787562 731067 745529 691396 700535 704126 694418 714576 679673 704036 727700 746055 729828 715619 729033 702875 718564 759084 676457 699258 696774 704056 741531 695911 730992 688858 719758 723258 690497 738256 702487 707421 740663 699022 666436 705892 734717 711333 699279 734796 738195 711948 724793 697153 683236 688674 650145 711544 703020 684380 689105 759976 697917 724494 744998 712012 697263 702453 687444 739488 730942 681803 696919 682052 718084 697541 694174 690619 751948 720351 689583 747446 691413 722716 719652 703773 740825 777049 666399 704376 709120 735585 714853 735013 700245 747910 705811 701383 720950 
718050 717120 700632 663357 697718 708048 780824 692367 708759 686061 683349 690097 716010 741593 670184 742516 702774 671513 656222 775207 744486 674048 704682 733692 749753 750947 689384 677239 695819 703025 750835 718063 688258 644441 764751 717743 710014 708759 666152 767458 702199 739859 756954 685667 717440 702447 773737 714853 763756 735778 724160 688671 663325 733772 720883 702896 731987 682811 673993 707662 707069 687129 703123 708832 697165 731298 781306 754720 695461 689655 748912 682235 664788 760325 731501 711678 733357 725686 694933 677408 713426 702726 730160 687881 723743 731820 697506 705830 689915 660674 630659 718264 701314 700491 724616 756128 698536 658596 680241 727055 686411 719506 704761 720308 722764 676593 780737 698837 754719 700541 733078 731229 709611 698274 728033 744400 684495 728830 667740 676844 664915 681385 682235 713208 707079 673802 792537 716366 654465 698317 717463 683058 721411 695538 762710 755194 691261 736773 725795 675926 702699 756026 690994 723067 703900 737027 669347 754761 691859 695288 721814 746956 740524 746120 717286 656886 713292 661310 700966 729846 754978 715667 712304 731137 707887 733507 687431 720426 701607 731383 762908 727216 718791 701745 705628 682001 672515 704188 705168 704317 677593 718116 730871 711714 724078 736350 736311 698551 716890 655494 700339 723773 713685 683814 737158 729316 739321 693017 742078 705072 696455 701997 722629 733018 748655 757547 731130 742253 712131 710310 725932 764340 726614 753072 664167 697561 674431 730743 705578 670071 716506 730128 733800 703910 728258 740003 720572 732049 765927 690411 688567 670811 690675 737586 721836 709702 673893 731431 722340 707242 712842 714335 694152 738780 697643 666239 700120 747106 705511 688457 726056 716268 680733 736404 749796 676459 718806 649889 680829 694556 685465 691240 755787 684640 725507 742823 720020 685949 696529 667398 713381 683173 661737 696437 681489 707691 690939 667369 687754 738862 720356 677651 730149 672077 683212 715053 714044 731708 806065 672581 702511 697400 706524 694261 737136 683561 721183 708744 712761 731806 
718205 735946 733522 687509 715330 699445 771052 730579 707012 701169 715920 741521 713461 763517 689426 763030 712637 706145 695331 795372 762989 724874 734727 770541 796146 786746 709151 702330 722581 731258 764104 715117 716004 652776 780934 723305 758061 733546 688721 756292 740301 804376 782122 719495 726004 716906 804602 717203 799551 762085 728165 721243 682212 746901 720014 708430 741634 722035 681570 727073 741995 703197 702905 722542 695122 730570 794296 759897 735077 749076 760045 758525 737776 749553 753974 751883 732381 710784 717521 735638 759370 719897 765938 705615 755903 694539 726646 727784 744150 662374 654093 761374 734977 722663 712818 754042 702358 689585 740982 767153 672818 752519 747400 740356 717019 723710 801374 735462 764760 724295 757237 723290 730854 706123 800299 755370 718261 717137 684573 732417 694574 714836 675801 725241 764383 697148 812319 719534 698997 759021 766732 729998 725544 731483 763337 770515 743575 771422 749240 730748 701834 780763 723630 793584 713083 772762 682459 765654 705484 703623 773478 774790 759747 762037 747363 712922 719357 701832 731030 754979 816495 718243 740565 760248 748882 746466 731189 771692 728156 730742 804397 758675 740430 707974 736864 709260 696846 704197 738896 737256 719098 780083 758068 762759 746001 742543 744296 734263 735303 685560 743783 755887 722686 742052 763982 722409 775274 720282 754348 715870 714061 732085 730920 721558 759919 753138 751668 736036 732044 715706 758144 803874 744560 746826 696299 728369 692578 717616 763209 704809 737192 760930 707671 723941 760710 748971 738106 752440 768317 696222 736361 686443 721299 750956 724644 729649 695292 754186 737938 739603 720758 683814 726160 748969 727446 684379 697941 739804 717408 735850 774476 738446 696808 752471 753027 674187 741324 651742 698986 739061 693252 711253 773385 727096 738596 764736 692195 704544 707282 692390 761837 726540 697110 728469 680421 712269 719513 712209 692667 750232 758127 743310 746021 701536 711803 727436 726835 764249 803737 721259 696382 727157 764023 702069 766147 719034 743357 687124 753906 759647 
740761 740080 740124 666692 713072 718576 755153 727319 682861 711752 701250 703532 718157 734102 737355 769255 708622 722504 675822 780241 771253 696713 734156 764646 754287 777398 720268 708350 687585 725625 754030 741174 730879 670810 803513 714438 746601 737858 711703 767480 734474 775364 756795 721814 744189 712871 761733 752912 799555 765005 726466 728245 707392 766964 723716 706842 723446 705919 673520 709043 722400 727893 700294 716846 728330 744735 803700 782305 768039 715259 748409 704146 717475 764020 783935 748042 714100 719227 741621 755106 756552 710916 763700 714004 732398 727393 705890 729929 709572 660486 663065 787744 727451 731235 723355 772022 707987 692230 725321 776101 669669 783068 745379 759250 758419 727211 795279 698507 742983 710154 735748 741854 730381 700421 786702 735696 708767 731541 666481 750385 707692 720810 689913 714936 723589 717534 810325 716120 672460 731935 756864 737498 716462 729778 761110 763189 757440 765157 755884 715537 678160 774140 703741 777607 689344 765441 678485 741083 719636 709456 764180 745234 748362 751336 742077 699491 709122 704515 707290 737725 775852 711412 740773 745282 726904 761006 733179 741067 742032 746246 790685 768966 727311 701123 731267 698545 698719 719409 725433 743341 718458 734245 781733 742949 738744 758844 746227 748755 715873 697054 742921 726173 720122 706408 756743 766256 761807 708264 723213 716676 724993 712556 739129 731635 767546 766475 764100 756056 743360 715159 738573 797700 772020 744063 686462 705202 703634 717248 727373 710596 723788 757098 735976 740732 732079 735616 750892 761473 754094 709383 704130 698850 703729 742189 756171 747666 712561 757279 758364 717961 734704 699762 741450 747450 732730 698886 710077 745635 749460 721065 775207 776070 687358 745975 767554 682703 724768 674255 684182 719290 727426 700745 790648 703246 745112 770595 737592 714737 687838 703660 774597 734677 705562 707850 713127 716651 697133 700689 691302 765971 757309 727861 732976 703450 705131 722821 717523 761921 798802 693973 721044 720039 746551 713018 760417 707371 775537 704980 715606 745863 
730616 753753 720445 679704 720188 735932 789049 770792 735032 707104 730727 723667 742523 772415 707489 741334 750003 747327 721909 800820 746845 700544 734732 776893 786657 771838 732152 706297 721217 745971 758083 694395 723359 688601 797653 712765 794392 756030 717597 786839 732758 788653 777644 709326 754780 700017 780289 763200 773851 807987 727312 749266 677987 775029 713988 738068 716279 746131 710583 734335 727383 704283 729116 740351 695752 736073 789572 795166 747999 727464 759694 763293 721654 801292 763537 772051 752743 735221 736161 698126 753013 741769 752341 726832 765709 762029 729476 758538 733043 680531 676523 769286 732853 721812 717718 753093 719213 730001 759348 785216 691008 746670 760457 720705 752406 712995 800350 744040 793794 758002 779167 756915 744344 713715 781535 767320 692398 757956 711808 739408 707094 728385 694364 759974 747602 716255 790510 722235 652650 751928 767621 741018 787280 720678 784811 781352 729038 786761 744152 735544 697071 783731 760805 782796 721074 781584 708746 787750 742522 738917 772344 781344 767136 761387 771185 703814 743481 712708 748913 745434 792917 715827 749676 764076 724531 780418 730279 766387 735958 756687 822351 766916 740024 726433 726442 700829 715967 752735 739405 747529 738594 761227 783050 730671 750412 749410 763176 713469 715200 663741 779224 748917 766808 730558 761755 776449 763140 736373 781308 735374 735064 740116 753731 753726 756234 765105 776094 737319 720246 760842 757885 810421 772858 732504 733806 745506 700718 747086 747947 721067 734456 743063 742162 715083 773670 738069 753759 762606 784673 726613 710413 683134 750727 757311 770343 747314 705473 755037 758894 730093 747662 712003 767229 744607 731332 682440 746483 765528 730413 723944 756199 741749 708095 774577 710716 705795 776065 683976 751271 740834 733331 736575 781325 728042 758958 739689 719269 726217 725835 723678 760426 748251 706352 735272 706092 746519 697400 729620 700950 769210 750388 727845 755165 714198 721043 761345 737371 747099 784582 709927 733945 732625 764359 720868 795116 735573 731398 699453 777085 776273 
770246 789936 765674 724960 730422 731906 828812 770587 773605 765618 763019 766966 753282 822354 753905 808677 770953 740338 702319 848971 778360 745771 764396 776655 813201 821230 766840 729762 755455 751280 785208 737141 723585 708341 826588 780945 798630 765616 722487 785041 787219 819903 810603 761897 805602 744571 842251 746317 812961 790592 751761 761156 761800 785499 729978 753044 787838 741208 738437 744616 768213 736120 783432 775199 759736 802386 852057 817090 751014 768363 804770 767585 752311 800212 805069 784078 774444 754489 760577 753884 794543 738437 789019 766791 773470 776990 759220 780484 758580 700241 670790 778586 778785 748005 749247 783241 745862 768297 770387 810561 750685 814197 772888 792963 769724 749466 800341 724944 798599 761281 799008 799698 760219 721870 796614 805858 741341 753407 745830 781116 739786 763726 722111 768239 787586 721601 855085 728989 695823 795243 797043 762077 803235 777842 778748 811432 755309 810107 797979 748033 742524 828843 732395 806313 742123 825557 716265 772855 746432 731063 801161 790273 803008 791937 775252 746102 769447 734564 774681 778518 803447 769019 765701 780996 764376 784470 739091 795298 759609 759923 825498 787299 806702 778816 781028 751254 744904 745913 759516 776720 744889 795683 805746 786477 779315 797941 788368 768458 755295 731184 785414 777148 805882 718668 777853 786252 804031 765795 810819 771181 755450 753973 816759 763698 799379 779490 801878 833472 765002 758288 779980 834012 773032 796579 748374 771836 735931 760127 793669 725193 758698 805188 769543 764623 776312 793373 748806 790563 839965 744731 789478 712952 740626 774536 768740 771817 732065 780196 784033 752495 791321 726925 752745 770967 743193 704576 759751 810896 773385 766227 801940 789131 765641 760393 779459 711698 783181 706209 777825 731628 728701 762311 829205 731215 785065 796692 742083 764156 766914 711643 801728 750362 737251 758293 710264 790763 741770 747120 738567 825121 760863 764583 790137 717877 770798 738303 714133 816945 823558 742359 781941 784342 769407 745890 783979 761282 788465 754988 810229 801889 
753264 748826 742520 700390 726345 717634 784031 730288 727496 715207 734745 736304 757622 784010 714756 776209 725744 710020 682510 813793 781436 719684 736678 763293 760340 771807 743712 725951 735706 750376 746221 722648 726599 691512 793236 756650 769257 750322 706337 790019 768005 764911 778568 733191 760411 728955 798777 737791 815186 742436 738478 747250 720798 762453 739851 716014 749807 716317 702696 745242 742050 716930 722366 766656 702955 769063 830062 770170 727787 746258 775250 749838 752536 793280 803205 758555 766715 768136 748104 760683 746959 735730 746710 765563 752682 750411 730194 757341 734346 658837 657955 766513 735814 755309 709641 742810 698583 726092 767077 756312 711006 772980 744479 763225 761436 726246 802081 720497 772195 738644 766807 780723 766703 707725 767665 754363 698700 737542 704856 762267 679957 704065 724286 741246 751389 726669 819182 745082 708180 753611 746503 737481 771105 761321 759816 752146 771360 784623 764286 726990 711150 787571 712833 788524 737140 775290 710983 769119 700405 713122 768720 774251 761321 765825 755528 744320 756110 734315 749117 749172 771059 743815 759132 754208 748563 772951 740879 766566 731266 749639 799259 762634 769212 763330 776089 711209 700818 727914 744178 749326 734861 770054 781573 755352 772969 756234 730951 759665 734235 703894 771473 741065 774438 723660 758514 783220 748202 755718 730464 749461 772086 730341 765877 750024 782514 774986 782376 796162 780160 743888 770986 837879 761896 758652 731868 748347 714584 739332 780389 709519 708725 738723 742205 745497 754219 757277 721302 746004 804107 747187 730713 696681 721671 751016 743515 735710 714918 725970 771997 726583 758390 720673 737622 766251 774392 700333 747310 772787 754096 745873 758195 762004 718997 744636 737904 722405 745202 692432 708747 721003 742408 719167 805331 731282 758484 764547 718206 709741 710214 724534 762440 754275 697933 727157 703629 751142 739011 715043 760553 792998 761694 750071 759070 686447 718133 730481 722883 758764 822237 749303 749650 743535 776427 714850 752056 735440 773975 712580 777935 786685 
692338 727423 690192 666033 688807 692506 747183 691377 692912 706533 664231 685055 715271 736092 691026 715512 703226 676873 677793 775957 747249 690501 699512 735466 738765 767313 710436 693162 684028 702980 720411 691693 712319 669602 765511 721460 753454 735189 691652 744126 708710 757635 758176 688465 720758 697034 761906 718627 748565 738967 705689 712596 658472 740791 673200 700412 735993 698943 686369 689660 709462 682134 705650 721173 686052 736681 772782 772733 717409 690354 732887 707107 695062 740801 722355 716949 736250 679394 738458 681216 707321 698087 746533 733099 723104 749694 712142 691657 718625 652541 638525 731327 714900 715687 715256 742594 675916 660338 734659 737893 664541 712502 712034 737935 725488 698037 739072 711406 755341 730043 765057 732593 691110 683896 744602 703351 674460 706668 673198 710550 646501 685412 687673 714983 739098 706898 772015 679897 663302 709108 741327 702040 725493 709513 744698 717338 739494 748739 719913 662611 656248 751690 695588 766887 690414 754470 672085 749430 689620 723786 748583 719646 773612 745276 719343 681970 712613 710964 723995 728797 767931 731590 752592 731253 707760 738746 683985 750215 713359 714075 791420 751027 702343 715409 728639 654914 688708 706012 702352 712123 687585 725623 732468 724420 694504 719184 739883 701410 714740 647022 701875 721191 711422 677709 768876 741497 744344 700093 768514 694728 682351 711886 727708 715019 741183 727356 739580 769833 728470 746223 718855 787207 728955 718125 685029 674198 672812 716311 712991 672720 688502 737328 715513 727727 718849 721918 705492 726056 746684 704018 704988 656194 688009 732764 721649 694742 686168 712300 728582 689292 704250 690054 711977 730792 686133 659630 703257 730293 725615 695311 700013 723741 685619 738850 723681 677365 713124 659710 686228 673333 684439 709407 785804 689116 722639 712395 686447 692615 705755 682322 738420 672962 677287 705216 689738 720601 676470 676277 693977 766718 694959 710717 718953 670642 690237 721814 683145 748763 756971 691501 735273 725167 704316 695721 737140 722677 729661 679553 734224 752093 
728595 727609 731464 681883 702885 708760 776659 718819 729691 723682 700631 719424 719308 728860 740876 747223 709793 700419 644360 772237 767093 709488 698754 756036 776111 787032 739568 698455 697825 726921 724555 730982 714676 666687 807384 719636 709877 707287 685806 777785 698489 780867 762691 716706 723669 708789 754703 719359 762753 759191 735476 736468 693982 738913 723510 730616 727743 702655 681938 712457 743568 686262 719550 721248 704331 717883 793344 744617 740034 710541 740236 730974 716282 776822 784410 750420 714133 748049 725573 743455 735576 709561 753404 724918 725864 717629 712831 697650 699537 697064 651565 756848 701663 698631 699370 768808 710073 707490 728725 768479 678294 751667 727803 732403 722833 688438 764945 708295 792408 734018 746476 745199 705975 687298 770682 730134 681189 725447 698628 732464 681247 721777 696040 726528 756643 731262 795510 714036 650949 749828 750804 736517 736788 740331 766563 770947 696472 786603 725722 720885 693696 782285 707498 788048 674213 781951 695683 765539 726927 698370 775439 763318 728756 721004 751849 706982 738237 691691 720226 751058 777720 710981 746235 732311 725102 737272 733588 741319 712968 752238 785510 745228 721902 719934 738898 704771 710306 718974 704314 720029 722756 721293 761284 712941 758244 740329 719234 737301 710829 678325 743213 731450 749185 707966 744155 742911 767870 729474 758594 693896 722576 734615 754643 745009 768796 757318 781767 785185 712963 738011 746693 792282 735500 750659 696140 737288 698694 724298 790071 669197 705160 740793 746572 746718 763121 732512 714422 727939 766442 724423 718225 686374 698779 758638 728965 732078 710099 762856 740687 709244 741285 704154 739436 760020 746886 690612 711818 728885 714482 731618 772828 739674 709959 760668 735567 698640 734327 657554 714506 703726 710986 700749 784624 727912 725933 745733 702215 748693 703092 705533 738888 726363 693713 720876 706269 748598 713603 698957 690241 753035 748745 728076 744899 703750 708414 736018 687090 749815 791484 679122 715495 737504 740866 732358 750165 709994 737492 725124 742415 756047 
708655 757473 706491 669773 677890 722278 762872 709770 687502 694812 707404 703611 708562 740505 667980 748964 674040 708681 678730 777920 722310 662168 725055 724273 742199 756813 714605 702694 704962 703659 731641 697907 713522 665988 753997 715355 752414 734552 683297 760289 733152 767569 802121 708418 741415 667806 756568 723254 767274 742179 683130 706590 691599 763166 696373 714471 723681 704138 680236 699432 698929 662934 690723 736498 676839 761042 805746 750280 739640 698225 736308 708641 704241 765094 753272 748647 719491 722538 718347 680735 741046 704653 741750 719535 729287 725937 722444 707296 689797 658787 646816 754535 742697 717540 698272 720451 676879 699469 726073 742307 686697 742442 722825 717849 749589 702342 758950 700265 736857 734451 726058 726971 720291 677997 741274 749050 674533 723290 695091 740813 672127 704562 677970 743108 729319 707484 792934 717065 628801 697443 753534 717054 716618 710584 760631 771101 724667 758956 745161 718401 668142 773774 696291 756941 675356 775430 687099 722453 707907 713092 727436 736746 734265 758531 739098 681007 714150 678035 708086 742204 756811 718766 732211 736730 715674 725394 720352 760572 717624 711967 768102 734028 723403 722035 734472 692801 657950 725209 726335 729864 701603 750211 753072 723109 739699 737396 726569 708474 702392 693406 740037 701919 727798 693669 749277 749542 773319 713529 731925 719535 699087 715210 746707 698524 765320 746586 746434 750583 711171 728138 733147 788989 722263 702441 673253 699450 677829 704674 728741 709401 717926 759059 735373 713237 746065 738155 715265 750902 771074 718177 715722 701828 706581 736806 718460 714390 689517 737561 706737 699159 724928 688495 698309 709195 702760 671138 701488 758314 758950 718387 749189 728923 695502 748507 722660 689722 741887 638811 692117 695753 696858 652598 779192 713404 736535 747999 714123 697873 717175 647205 721674 710376 684253 703876 675395 719675 677470 681132 709034 763674 737164 700143 741568 688521 678494 735060 714238 754919 805578 683622 688095 700364 767663 700877 759665 699183 732330 693589 712262 752392 
757328 780706 755576 691866 759214 767755 785332 752183 744844 733935 747753 721574 742397 800709 742933 811137 728544 755880 701902 814553 783034 699757 752146 766471 791605 801782 751200 746782 711307 758341 768958 739430 733748 712744 794381 742552 786342 754577 729275 796833 725619 782773 804335 741715 769950 740709 822743 775109 791871 802824 719450 747953 723955 792476 756180 740299 756064 746376 730377 728181 748619 711223 756000 769254 736703 810017 825016 809079 774239 744597 770890 720507 746404 801906 803250 795480 756549 744695 757355 739316 789831 728696 788253 748179 780298 798124 753978 756879 712031 688557 679311 781422 737558 757225 756166 753371 731432 733171 760637 787304 703489 769754 759201 725058 764765 737175 796211 748811 801418 800980 780526 788319 743273 759032 787891 780289 708212 757950 713008 763304 709117 789343 743642 760377 765797 703521 850417 735899 696963 745787 778536 733512 746472 746603 790551 777886 745627 801886 759417 733759 746817 807056 721808 823164 726658 823903 695912 770529 742759 717567 764599 789471 782932 740730 773722 720437 769592 720815 758627 760250 803582 764286 775446 801805 777330 775685 751395 790863 766397 766173 816415 796888 791662 782539 768642 716414 736578 753513 755042 771688 721961 756428 818591 737238 786407 784024 777083 751728 748901 677921 766112 745635 777826 745495 760562 778954 796938 748688 836078 740336 750384 781213 765842 763037 791894 806177 778995 796284 767730 743449 762979 811349 782687 735599 722789 746520 744552 752211 777445 709065 746066 793663 754110 761740 790252 770712 743443 768631 779297 744523 768152 716039 762060 765337 747932 743006 733625 777539 754409 741423 757311 740734 759587 808852 728678 742867 752160 782378 779367 777217 782377 772042 738033 781687 749832 713367 775316 691491 728121 748301 739694 751707 821332 747905 767125 775016 730478 763588 777788 717439 775838 731340 731107 742029 713189 748938 724860 724716 724087 806712 758686 724423 787657 748820 724618 743472 715688 826419 824543 717013 742313 731340 775126 737965 776689 748104 757777 758358 771123 791788 
777975 766278 780873 735296 751408 754498 814182 762600 755777 742341 772921 746327 782241 824912 743571 798203 732585 739183 682529 831177 778471 719738 781386 775227 795836 807930 739030 775286 759021 745675 802320 766892 724059 713491 807047 784785 768993 779077 755829 809779 778855 803603 808698 745235 769134 718015 809517 763397 806074 816873 769688 744322 729075 787760 781898 744831 755898 736712 728795 755263 771482 768077 744272 757695 750608 774778 848032 798722 798532 764279 794262 759294 759979 831243 786426 788650 767156 769731 754893 769799 800700 775685 801267 778582 799590 795482 760397 755702 747106 710603 669228 795192 761450 753956 765707 791842 743712 742380 758301 806822 725364 780109 774224 779486 798838 757068 826150 752180 815810 763368 804549 774411 775080 766533 801015 775270 689863 769734 752869 787878 738458 753448 726850 777898 785282 759902 846036 789632 707405 778605 811253 746315 765075 756740 791596 790403 778389 828283 757328 749391 759301 815318 751579 807385 751201 786274 700721 785630 737337 741276 790501 822287 778728 791078 749828 749279 774139 709760 745153 812247 824352 776961 771203 793135 787971 789905 769925 793120 761476 752911 820841 803260 768926 772775 787645 718004 735614 744151 760367 742953 742420 784114 807907 746149 793808 779462 754910 771090 775605 703331 772005 773828 784310 734308 786860 781441 823715 767280 784183 757261 765741 757734 782315 787038 786597 805121 781900 798188 777732 766289 796381 830787 794040 770539 734000 754282 730894 752229 782482 719511 748051 808009 757621 770232 809138 796472 737101 804728 806973 726989 762715 738879 738590 791497 757694 766990 734428 766335 809656 757906 770852 749716 790425 800781 778102 714906 742229 797830 784473 753198 823245 798476 774512 791863 768461 737591 756929 677136 746683 765611 718256 729251 806494 758421 806102 792332 741744 714908 750858 739494 765163 782376 738139 739068 725215 769871 745108 719068 749211 812538 789662 773569 809966 707237 743382 774127 748254 793972 818417 744730 773785 736712 789815 779857 800272 762516 806742 729062 766736 781880 
758141 765165 723390 716926 711720 710562 769404 724564 773701 723605 734534 745576 729602 801062 715138 776418 700497 715164 671332 805995 758394 737029 734645 754689 768100 804125 742982 723674 749160 731918 770048 735447 688239 705680 816798 746797 771359 754331 702758 790778 758409 809830 810970 705848 758364 730679 787854 704867 782374 770309 736341 761867 692535 757219 734437 715305 750607 722561 715343 765084 771644 735398 726633 742784 722620 764781 806781 789651 741686 734490 765558 733989 751678 785194 785618 760973 763007 768591 756866 749420 767339 725512 742592 748555 774987 757942 750111 777907 728509 683549 650857 768292 748651 749536 722364 783694 706459 727975 755105 796062 710767 775450 775739 743362 783425 746681 804204 716192 790454 754822 771836 783114 754093 719332 771914 763974 732326 743721 718429 774230 689365 762679 722736 745882 788164 740001 817144 718207 695857 744216 787489 724093 779710 742425 779693 764977 748696 825837 771404 729045 709459 791660 731841 817575 730661 755692 704077 776754 734073 722005 783059 796273 760127 788128 759864 703872 757975 734012 765875 759192 800063 749214 781272 756390 774933 790966 767357 801545 739953 760845 782595 759963 764646 736997 768646 726565 735369 764890 737409 759462 714227 788187 763726 749172 785416 758524 749257 777094 732788 692682 791935 734232 781817 732920 764289 753626 798280 747489 795336 748607 752058 738893 732864 753690 774796 778508 774560 792524 760712 749212 784888 838347 774649 745102 712810 746001 709622 766489 758559 714547 736703 784394 753235 763248 761767 770592 750141 757120 808364 735831 751860 726054 748267 786148 760833 744628 746233 766712 807527 737890 766093 710650 757938 793725 745759 704130 736484 780475 759218 747675 772534 767331 735428 805202 760100 712998 743609 664597 709005 748793 728230 752331 810180 750872 806744 776672 762206 745097 724345 736943 765895 734480 709057 733756 704376 744487 734610 711539 726293 811512 764459 729824 743118 719106 717858 771260 729658 809268 828545 729677 742855 721435 778363 737225 776848 725479 770576 743290 736174 765192 
749519 762906 749040 705735 740880 738813 790847 702783 742801 708432 714102 725578 765030 763388 743692 764818 719032 725593 702169 809164 765198 718278 745234 769631 776076 780805 749008 740652 726130 740743 764001 742774 697707 662245 790126 768343 745972 758621 718320 809724 710308 786127 773951 727275 743227 729196 797260 731724 768129 787964 735403 755483 674646 752552 739942 757999 722028 755766 693691 728488 747072 724450 728477 741906 704088 744292 801466 786465 732387 718920 766727 727882 744622 803844 773510 745500 750430 751799 735544 758530 764387 752009 787880 736140 742041 769156 726460 720228 735921 671002 689095 748403 755064 751272 740459 767059 714950 720664 752246 760583 716302 762368 762446 741940 760014 737465 784973 736919 762889 743407 763132 774139 737308 724250 790934 752822 720464 749267 707128 754850 677580 738512 728739 748140 766083 741682 828949 751825 688435 731708 779497 718181 739338 737118 763604 750862 739248 791597 734662 720114 710258 766074 736359 818978 723233 776866 704034 779690 730699 720834 773840 776314 746234 740477 754493 731823 753819 705102 747861 751874 792528 740264 742958 752696 750602 782887 725436 787508 743869 735205 809305 772649 741120 744165 786329 704837 724182 742890 741786 752659 717790 759569 755241 770839 781044 756192 739997 721579 722602 667532 755238 762254 761838 731316 787559 780502 779434 746318 748559 721618 771346 744585 792255 754663 744946 769802 791236 783559 748607 748546 755907 820912 735546 756850 732618 747134 693650 733630 750201 719923 722512 751522 739539 743762 756829 746401 743486 763911 763976 719349 705479 707054 710740 758848 729496 743804 721343 716672 764628 732877 730567 724705 750137 768065 741860 693971 732076 759877 764049 741455 773323 756819 710469 784886 749136 709717 756366 661120 698488 733395 726646 727438 798429 710663 794616 756021 721472 723987 720772 703267 752364 722824 701622 707773 705564 763178 710856 702970 744482 782177 748324 741291 743956 680789 706047 754280 691409 774188 796155 703486 745528 750906 777643 723137 774355 706656 743888 690298 742687 760637 
725593 706523 721281 663707 639914 672581 739379 698506 698179 711465 681093 698003 705488 737157 678078 732760 708972 700079 629829 748483 708165 660443 690199 733574 737573 737600 692624 646208 686529 703976 725102 677182 643041 628962 737133 681790 741555 695109 678426 747532 717191 721202 780584 721600 731523 668659 743057 696783 755940 736054 690624 704670 696159 717125 717124 685138 698338 702568 682284 665267 688531 666474 686258 691067 690910 714585 759121 769208 704583 681921 744625 693087 689611 744726 736384 707684 725595 708356 722958 688567 685741 710414 725521 717201 718848 733412 687431 683330 698979 636918 626096 730721 722855 704996 685778 712798 663544 672240 707968 722623 677395 718967 746148 685197 721230 670822 757051 698987 748457 718582 733925 719532 690579 683422 708182 722202 676225 690285 645259 758093 656030 714057 687192 729660 729254 691208 777551 693833 646863 686009 758667 683931 701309 693413 744274 729025 708454 738394 717992 690564 688083 734373 698468 766597 668454 745785 670872 735238 691890 661539 725808 731050 715918 752378 720015 674126 707645 686969 705174 731519 739654 713975 712122 733072 707974 715917 695755 744950 699160 700836 765867 718258 710493 707802 714456 658406 703272 725310 710204 708964 666239 720206 741854 700284 727202 730888 686224 701855 693454 652303 733799 681792 714230 665230 727791 733325 744853 700726 725773 682930 684580 682539 722290 684946 749525 711268 748779 775571 723799 683834 728185 768957 702344 708898 681697 696888 669943 682400 749309 675623 691217 726402 708629 723973 705673 723076 710429 726979 756442 703011 705328 672551 671550 718339 713373 679845 704164 723689 721985 729104 726830 670971 721423 742426 673355 687661 677210 727272 730084 688333 735048 719475 713003 715350 708398 658235 705498 630678 706020 691376 684124 664586 774605 684220 728457 717172 685009 693367 689261 674979 712446 715606 671491 686640 668014 700891 697906 685215 681286 751468 725915 721672 714946 693228 687295 677764 695017 726003 768353 683215 703194 687449 710581 713978 728147 694533 705310 685104 737162 713084 
788998 765629 784270 715206 728348 769528 831924 739047 716177 736251 718044 720948 761167 796805 735656 784117 726631 726532 719641 789906 785094 710984 770776 828664 781318 827322 760890 741626 765446 746854 784870 745598 728375 731747 819796 760091 786280 787264 740076 815571 778792 785388 804141 732086 769869 711352 798722 763767 807326 791664 767040 759922 717909 765431 755513 744307 777754 752387 698495 761138 755902 753593 758780 751848 744558 756641 857458 809683 792040 747339 793243 756498 779433 809166 784585 807681 779487 756178 777230 783559 798502 760670 787237 747665 786838 792273 776434 744372 742289 657420 678978 764339 760934 800702 758828 772760 713152 732052 763447 790696 723892 785429 787825 791193 791693 767492 788842 753616 781481 768833 799148 794611 797811 741542 787371 770179 729758 785284 705258 783202 714027 751598 728898 754783 802035 762014 867881 767412 701582 764860 811217 756533 761327 737834 809243 762046 788376 834291 770395 727253 744087 799185 772246 814047 718721 799743 727136 787683 770574 727126 789048 796765 754184 804812 753694 737761 801493 704918 768098 767969 814828 764445 784712 772049 738782 789864 768607 832703 760132 756980 802868 789151 769330 723060 766250 741147 721888 786871 779853 759791 721332 786141 797789 763450 761373 777349 759314 764284 752341 704680 773849 765559 786335 742020 786569 782931 828040 779463 793101 751464 762121 748342 784505 788775 766870 823223 772520 794816 761289 741394 781364 846718 756382 758653 755292 726509 733940 755282 798319 751886 731315 767431 757056 807550 772745 809628 764425 774538 798826 733202 766158 732024 758401 782182 753185 756616 744940 772925 767814 762246 749783 753887 778785 784732 748075 742407 735206 819993 784687 778704 807420 805521 729814 780752 796986 705670 778816 678419 727314 762611 736166 739216 841473 764120 785016 798443 735665 745873 725960 703661 774183 765836 740266 755453 757914 759256 750704 734152 728696 808168 772369 755567 772608 716544 750845 757217 750662 792827 846397 746492 751391 752566 822113 765367 797989 732232 770491 712750 752437 805189 
740648 760742 722754 680848 689807 722068 791347 722053 703952 708138 709506 739739 725352 770204 718807 756220 722607 695942 690893 786093 775587 694178 726539 771548 780158 760910 729261 730165 718475 737571 747052 731566 688410 678103 771932 763284 763660 706517 715863 801778 731142 779944 790215 726677 728781 698096 763301 746221 784807 764077 708362 725096 694702 733011 732093 711211 740264 723675 688497 685310 728990 701079 698328 714834 719307 759810 807432 757929 729123 717290 768820 716202 728085 793059 768129 786629 743524 730230 743622 712381 743898 721392 742478 719917 761162 729965 702585 735545 709949 685010 639534 727924 741745 728717 747536 751743 681155 712056 736262 764698 699011 743774 732819 748180 757830 717610 781166 709695 767362 750580 742025 733324 739704 717732 750017 747893 708422 719981 677048 771899 693829 738445 719423 712205 762160 731976 814909 742697 672160 729880 792987 702760 731062 734773 769145 763158 726571 777394 769870 698399 698174 769124 735650 779138 704495 736365 687693 762053 711317 687872 742398 766413 750006 766308 750191 714240 739269 692152 722330 747735 783718 770346 751657 755423 738721 743515 696665 797274 728936 723999 774829 767675 746682 708413 758383 689532 709442 728531 702090 713196 711156 747868 761632 716400 761269 744437 741549 698301 731904 683201 753573 730107 732847 695120 767963 727961 772838 737502 775543 711105 717294 728893 758159 729395 762465 767492 762869 768501 737592 700509 759815 788801 763540 751047 714631 708960 688821 736407 759796 691323 713921 731313 712780 738206 770433 755054 741266 757595 764400 721542 718061 697517 700815 754999 725498 733564 701204 757008 719567 746244 735501 733310 724286 760718 729504 707751 697672 762638 758413 728760 783657 734856 695965 752346 750198 685260 758789 638042 715737 724940 707297 692837 791889 722936 766620 756445 704882 700131 713809 681291 728635 713125 691585 727769 676608 754493 735188 695060 718135 781338 755714 736186 753614 690855 715523 715788 698882 764920 784730 673912 730986 698097 738238 720880 737818 723741 747332 702758 781077 765651 
814444 789365 769374 698345 750207 741402 802876 758554 758595 738143 746327 747710 739748 803147 736533 803150 749258 743200 715882 833575 786042 746372 782974 804078 794143 808263 749046 756287 726257 785358 796594 705501 736781 701053 803236 765870 788126 730531 721966 811236 766431 796126 820633 779814 782012 759087 821484 742283 814178 799754 757164 771796 730986 790366 759085 755210 772845 757856 738896 758734 760123 721912 765031 758196 729424 762610 842953 816480 747192 738760 788163 758165 762375 826207 787877 807619 791108 777975 755047 756100 790313 765055 787099 755807 795411 809819 761357 765856 760254 699565 679820 781355 760330 776126 756759 809714 739462 763473 791863 825324 734784 783860 803775 783893 773147 740556 814605 743908 831501 805889 784674 787442 783810 737795 811894 789258 720321 746141 751041 783923 690517 768577 731401 743940 786070 778466 836187 776704 693762 755413 778152 776801 787988 762354 773210 808297 777160 803494 785477 746686 716213 814333 750397 832831 733170 808639 710187 783420 745443 744835 783521 792621 804194 799705 775980 743210 762675 759317 764306 794605 812687 731465 750301 821462 773207 784924 762250 818482 756436 765689 841980 776331 832017 767223 792400 744199 750544 789077 721955 755772 712987 799131 816925 754841 790737 779780 767513 747046 740996 707511 793889 780106 765435 754116 795488 782374 825921 769470 798861 744812 775690 746630 797852 761786 802559 803813 799852 810128 776893 749550 780154 837632 787787 783048 740664 768247 721752 764208 804465 720028 769295 794385 757826 765623 791847 775511 770113 759920 801340 756885 763148 723586 743136 776807 761099 772939 760601 767870 793590 753909 782892 745039 782624 784660 747317 708010 740145 788100 773176 749722 789129 785221 764429 785093 760276 733044 770941 710264 735086 762528 725257 719856 824135 751375 810209 790044 776103 766902 763019 753167 798293 779926 723095 756241 721699 775527 743557 738506 719885 817555 778994 769237 773374 750555 746296 772994 756115 797933 812056 737420 773987 761995 808928 761172 792353 727434 771689 732690 790892 795553 
731630 760531 729867 690768 684282 717856 802444 713910 705704 704440 749317 727207 718861 784395 708733 778886 733031 712815 665757 790845 755524 710711 733764 779804 769853 779730 736870 710359 746843 735879 739673 740240 712377 679001 778575 728198 745358 739086 701080 808155 725750 767631 815338 713303 743903 699294 809557 759513 778112 765760 722762 729112 700868 750189 742164 731894 733772 739795 691267 721807 727562 708689 712167 752006 732785 765796 818793 810231 732708 729964 774495 724384 750309 788823 795713 753597 736600 718607 754115 722785 759702 723753 751549 722471 773890 728890 741574 735500 717130 683257 664239 751774 741679 704945 732384 738382 696989 696761 748329 796043 701005 753768 753868 750327 767393 720014 792930 717001 763121 732573 759445 759914 732281 712980 752485 771689 712562 735362 682765 769008 711395 742114 727408 746077 777567 735099 826212 747641 648686 760892 779517 712284 752937 739855 772235 765929 736289 804933 756928 730085 700132 782968 734354 781965 714289 758614 721138 771883 706924 712549 776189 797438 737371 770336 759318 700119 741672 710903 763723 756906 770169 720872 748804 742143 721378 774655 726926 767429 722477 721082 783832 771714 747998 734941 734149 720666 702573 747254 756518 731396 727052 728941 767845 741399 774100 735461 760141 734737 715138 690447 742970 742348 767313 710607 758334 760383 778629 716183 762096 716112 725183 728246 778373 748955 769702 784373 766177 783626 730271 731842 762342 823341 754972 730368 708765 721872 699873 740961 798030 715558 711452 744329 748030 720240 760496 754195 748983 748432 752798 748414 731651 692365 716935 756980 724053 743372 705115 756747 727148 740615 751852 739455 739272 768989 738386 716685 729120 747469 748999 737975 772643 747630 698382 764188 756900 675064 770743 645565 737648 713750 723309 720487 821664 745458 751413 753191 703179 743423 703805 679680 759235 732025 705306 703642 718544 767202 736552 705279 736285 794435 784202 726190 757180 694640 745728 718604 712936 770950 813022 709609 704388 743925 765255 708978 782138 738666 770465 717891 723000 759617 
752344 750980 740202 674324 728493 703427 782580 733215 735389 725577 724270 702861 725142 785354 719750 755184 696780 729990 681212 771333 753689 690011 713366 745600 747548 764926 726393 700083 698580 700566 753696 748590 710156 671832 799395 725387 752586 727579 703607 768712 711791 771634 757496 703765 769159 710535 758166 736905 733428 764382 719497 705849 705106 780460 745364 730763 741871 709054 684318 729262 737673 713716 720045 728370 691331 761247 821715 786685 740567 728225 765052 704567 736014 745455 755661 757293 740078 724792 716784 713762 715769 720487 741748 732965 736355 748129 729535 741039 751768 659691 655391 752315 731952 732209 720040 767472 695751 704548 722267 767777 705454 761149 759341 757601 753800 719837 762103 703581 738646 745306 759966 760055 726678 688096 780733 746376 722090 716495 724929 729997 663990 707382 692358 765954 769852 723406 813620 718430 663278 745216 772345 711726 746113 710776 762889 757905 714513 774520 756125 742391 710057 773321 717809 800653 701683 801916 691321 745811 724295 705736 759023 752993 729320 769417 733478 703148 712112 698241 738144 741341 763602 725300 744582 757405 719697 752651 725300 745275 736243 725272 804741 778828 741055 746242 692717 678370 692021 727506 729159 734270 718068 731351 769751 735181 727253 715025 752758 685585 715930 686350 737373 726770 725159 690135 760912 731567 755172 703143 774415 733053 694341 733015 738729 712612 759550 744903 761498 752511 739437 732754 746270 811280 738705 726588 727535 715438 704592 718342 724995 681887 737206 768130 702059 733459 740721 741870 719527 734912 771243 722337 728306 682373 739120 714854 733543 693645 698854 739872 745162 726695 761371 714681 744258 767288 735799 701048 713927 768297 722203 753594 744826 735514 702038 725282 734549 712593 744894 669336 736213 704504 711809 709278 780440 708539 745832 770499 742097 703550 719250 678659 744870 705282 687822 695480 719119 727518 714022 703850 664670 761548 727121 718949 770360 671230 708718 733248 702053 768315 825784 712522 731670 723150 743715 732249 768212 733439 743182 721274 731089 765672 
738922 767043 753654 714311 711429 714927 788493 722304 745261 724487 735126 732327 737139 768509 708915 772654 746138 725533 680640 824860 788206 721933 760614 775300 784487 788725 745660 717594 730656 744179 779929 729544 724177 699386 814920 738280 776685 740283 706898 792909 725145 777556 827068 734435 767456 713149 809248 750994 801483 797795 743661 742061 695614 762669 736036 733156 734536 726803 708412 722518 772193 740712 720893 737316 735681 771082 826341 788190 754393 748064 764553 763231 749377 831512 802689 772662 773567 758886 763093 742789 746794 722799 755465 728389 765262 771977 732759 735777 740643 685182 678057 746143 752501 733473 722932 784408 716191 729917 786168 763643 732884 764444 760244 762181 748504 684621 787485 735643 798439 738953 744531 760550 717289 715664 777368 755779 714092 748337 726651 755786 726233 737630 726127 760687 794397 698161 825158 756267 710377 759660 797135 743657 755556 749804 786733 765582 740494 801047 763369 728141 702820 796370 697955 795717 745421 763361 695671 776096 725265 743569 792881 778666 779774 784554 764694 730755 742745 735228 763259 757758 819467 748645 778656 804582 764580 744202 739801 767459 747968 724032 776082 767291 789179 766281 760490 710887 680204 754083 767936 766015 721102 782215 778418 759697 771525 760218 756115 757973 755565 687013 750570 727823 770569 733063 774611 766877 793994 766422 800602 731306 713031 742582 774001 716622 782448 799275 756923 797283 761052 750070 780522 804862 779415 771460 717780 744669 723104 733341 741180 712171 740287 773206 753024 760227 758066 773003 739314 766470 793155 756713 741144 707738 734588 762366 745534 751004 717104 757837 782318 740475 759139 727841 753380 771497 739225 689744 709178 770662 771544 768828 803593 773676 712090 772067 767104 729432 757548 662204 738618 740717 711536 739054 807257 727318 781075 777768 723119 737601 743997 693845 776185 763422 714045 752465 715155 764439 689461 713945 728057 809272 755674 757635 770532 725014 757483 729968 736526 787850 823699 726793 760424 730575 764774 754426 781768 739386 764327 732363 786443 766811 
710757 752935 731981 675007 709569 725418 778829 739028 698632 705160 696208 724513 730629 756916 725577 761444 705695 710327 651516 780435 741534 685297 721839 751490 771707 780081 743260 707177 696902 708633 773734 731934 724247 681844 788619 747255 757334 750273 653618 759648 745957 782852 758935 741479 745619 699423 784695 734677 764263 772985 748384 752174 695478 732148 737982 718684 722492 728527 673514 716283 750408 694747 704023 751448 752766 750405 793932 744115 728976 729851 736343 715514 690633 792418 751053 770146 706992 741204 724011 726380 766828 738911 723144 725699 749205 735899 745535 729945 700272 664812 648047 765772 735713 718018 727939 757096 702015 713584 733791 750846 671748 763444 759223 744486 749921 721236 774847 729963 762002 729972 776600 718615 727670 698901 763299 725829 708684 717899 671709 751415 727002 747934 703692 744371 749568 700004 828023 724649 672993 717945 763344 743445 733636 741337 765892 780926 709190 762211 734403 710490 698464 783484 707765 772655 703207 775388 679230 739241 710997 705164 771847 770520 758090 764723 725595 704917 732289 681849 709078 745943 779459 721490 748279 762920 738156 758677 730888 756595 735773 734782 775567 733120 719856 720935 745221 703880 716008 714951 727509 750231 713781 770544 777194 728199 754366 748290 759234 733792 729367 690569 753853 724234 732865 684015 734016 782685 773682 715216 775920 727494 715286 732131 757666 711281 761222 768295 743665 781837 736218 751454 708503 792713 758628 737959 701738 720807 708608 688608 763400 727146 728945 767284 714075 760608 758882 765720 704994 759037 772654 737416 725061 712192 712824 756369 752676 735613 703168 758232 758023 734111 745786 717231 751927 770943 705357 684932 700601 729067 729856 747375 795221 750979 720885 757589 766800 702151 750903 661652 727095 725400 726648 722694 807624 706799 790136 789218 707130 731489 699171 684210 748312 713689 700902 716798 714813 725197 698577 709911 702094 759895 742065 722559 730058 688053 709830 750225 729149 768753 803119 691251 715333 708966 742345 719797 749506 707192 756174 731013 737671 758216 
691583 710504 690023 665023 662853 688322 739996 686590 683995 682292 654592 652057 701315 731824 651930 716158 672573 694095 630270 739390 700224 650455 670119 726471 753796 721133 677470 685599 671932 695094 703968 679146 667276 646920 741251 699379 719422 722627 639288 721370 701935 716544 744530 697949 696776 669994 767402 695701 741718 712606 674378 690152 669289 735458 686316 672654 688602 708615 675996 706240 680884 661924 689830 716233 652230 718146 755758 714916 693471 675927 700255 670514 666292 692706 720548 693505 679904 709179 717520 672420 705226 680051 722330 725578 710712 721109 692998 707222 691375 626270 621794 717239 684105 683701 697493 697163 685762 677270 702054 723547 669463 720443 716300 724469 735810 694885 722737 664706 721116 686003 734406 726566 717724 654582 728651 704441 657910 691426 659817 695268 649221 709302 666069 677050 685949 693888 751035 675283 632198 690558 720762 697504 687388 683427 724880 712118 706542 756339 697010 644629 680357 727092 713163 744575 659953 746508 634888 711702 685214 634221 700554 731926 710098 732583 708320 663334 712606 637098 712644 738793 721316 682806 687748 689119 699868 711586 691286 724943 690471 715004 731753 736412 698863 694935 715770 669355 661280 710459 698747 709757 673429 705818 716887 690852 732448 694743 694518 699990 667226 668080 689541 690577 714153 657575 731805 724554 716396 664676 716328 690697 708864 672269 710325 686363 705460 724629 726559 725400 704446 695120 690875 771081 684644 675446 693246 662451 663181 684654 718484 683495 677955 724728 666809 676668 730467 720404 728526 725957 729884 680380 703243 636367 693041 703931 697555 701905 656974 714110 727794 680117 724509 673556 681589 728293 682276 660207 686421 730598 718076 686081 706930 719953 668030 707645 688574 627809 706595 617070 680242 681959 674133 668895 750181 675024 716999 736674 698749 690152 672879 647272 723574 665647 689831 676226 649792 684931 686920 660533 658509 740381 695493 679802 706248 655800 676545 678073 665033 733758 756904 647491 684143 684521 720853 675990 721023 678284 709854 674473 689924 705702 
721520 764710 745327 670290 681504 724067 768234 732682 730850 720265 737379 726712 745708 756759 730005 751724 736609 715028 688628 805325 770424 727460 733692 775651 777060 792093 723511 741607 735339 725739 765186 730798 698156 694466 806879 733830 764495 740763 698766 780095 729585 799077 791382 738181 762220 718150 804006 759510 804150 757270 727125 726086 700721 754241 725463 748194 738915 745260 702716 719925 752856 737937 704370 756851 726333 755112 816524 792105 753971 710999 737585 714170 749979 763032 779802 749475 745063 732021 725417 713784 738687 736207 759747 739937 760448 744038 733831 737576 744371 657264 680809 765095 736273 726879 724785 728539 697604 704994 784657 749321 716395 753165 745622 749976 791374 715604 797708 718497 759371 735284 760312 751080 742357 719147 762715 748005 698595 708933 693846 741104 700706 732802 713791 752866 793400 735780 814987 736725 664275 751286 790292 747864 747972 740015 771163 749742 735333 793527 773365 736255 702757 777950 713940 789612 719303 767597 722615 755619 745048 716712 759523 774630 747219 771453 749317 713434 761403 703972 740404 812441 773699 728667 728368 745665 754493 767556 727169 761766 718495 756814 781177 755407 737889 718022 759231 719582 729249 718290 715131 745623 692891 766956 778381 731346 745227 746166 737225 720345 708569 694173 764190 734373 740949 731932 762164 744401 779408 717938 763351 753806 713883 714463 783385 721492 745090 785014 762828 779493 741300 743620 762266 791674 753113 743713 709311 714252 701855 742621 726284 714078 720685 761329 732115 723802 760356 764432 737261 757911 782530 735289 709540 713642 710519 744211 747782 750763 699704 738779 747165 736638 747929 728552 726729 756138 726663 695684 710518 772116 763482 739496 770156 742149 715366 777664 741917 708802 727926 661548 710556 702402 729714 752271 843970 724443 746532 734764 725710 715254 706772 702732 751395 725637 692545 723807 706460 748567 707587 699008 714715 785474 746127 734914 751994 700863 722034 749480 699712 766650 825408 713774 747195 736187 753047 724816 780233 736372 742696 685905 730943 775390 
704499 700771 692912 632996 673357 693555 754566 699026 681813 700428 644321 679131 699593 722214 660402 721802 685296 680617 620005 773226 738070 661520 663542 742232 751393 725842 693647 689188 679574 688777 713619 663966 683693 643062 744473 731695 709926 690680 673289 726271 699082 717708 743001 681172 696433 664447 750767 702999 750779 738619 692670 695441 651672 736019 702145 692520 712974 690999 671908 692288 694657 667719 660036 692083 693701 707139 743283 703905 714551 679271 725623 699759 686754 728734 737672 727316 727863 703220 705819 699258 738320 682830 728614 677663 717929 692987 702150 699760 701584 638445 617382 715075 692395 706505 681543 727589 657118 685485 700108 732172 672266 700971 715963 717275 724693 655282 746364 685697 728977 679212 726179 745250 706093 665700 710818 724375 681043 700183 660925 723920 662673 704631 662897 699558 716820 677192 760467 686087 627098 698380 731598 667769 690004 672297 744174 729155 694278 729991 693758 691217 644796 717714 684357 736704 679314 737877 632169 691319 692489 665787 717241 716541 730746 733843 720395 658731 721425 647579 680394 713226 742756 680184 727746 708770 702018 728220 676058 732522 706190 706179 745937 714317 691968 685724 711619 663705 671675 714708 697851 688127 680200 701701 732834 697785 702201 702415 707337 701342 666734 647864 722112 706710 717094 651656 713543 697209 741620 712851 724573 681947 722863 686788 724004 697255 727209 732513 714962 744714 717236 690192 705029 770293 722473 710873 667737 682239 664148 709208 741186 671225 660837 696524 675145 718053 699213 725606 707767 719529 731455 698375 723314 649681 663074 727795 731176 688434 699094 688949 707343 692512 683726 693976 720425 739485 699023 643373 680176 729724 703165 687521 741896 714539 691780 722348 697119 679038 683391 630438 675834 668724 678677 651624 761576 683627 722331 738488 676313 673062 692574 676149 727649 682565 666665 668833 648612 699496 656899 656010 645914 722224 732025 673936 700419 680290 686483 716770 684445 741159 764338 679144 686841 684816 715514 680529 712446 670680 689058 676708 699949 742196 
748489 774325 763539 670125 710643 737203 800663 737043 733487 715460 731013 708911 751107 789649 705800 759128 726404 718500 684008 802353 766462 687148 754196 764673 781718 761544 743589 721905 701904 710940 766072 737102 677470 697370 769702 756302 792205 727166 718115 803502 734614 797089 802755 744577 749472 701090 805874 759401 791018 790553 723176 720987 716046 760250 738224 725799 755980 734446 707609 717647 715842 699046 709546 741453 720094 753938 817928 804535 742128 732428 792101 745083 707998 764403 759189 757817 724321 711405 731887 739786 766012 719722 771244 740818 735949 745287 739286 740286 727060 676871 653276 766311 750568 718696 745806 762411 692928 724243 736704 777984 710732 775236 753526 744525 749208 723637 769881 732933 779658 740004 767901 738022 748952 698980 780224 768088 698871 738916 690426 731660 684738 731607 688869 742492 748735 714584 840060 730691 663357 711404 778227 723417 737541 725930 780328 775778 752869 778226 766633 708901 702280 780668 716942 783428 706106 785998 685721 758055 732647 695521 761701 776615 749741 757910 735586 704293 735556 689625 718929 756850 771423 731497 731916 776995 755692 759776 745441 785193 754534 756128 804956 753903 737314 733411 754693 683594 705124 714620 727102 748849 709648 757466 777417 749952 745174 760315 739736 726512 732563 712784 761577 729718 768176 705517 760798 748310 767190 714867 744792 737409 716666 749641 749443 744258 768638 769884 763558 762249 730596 720345 754851 782861 771471 727318 728022 739070 697374 719713 771645 709105 698028 755632 729284 736835 771852 740461 734002 788121 783787 709690 731452 686812 710638 744206 730940 725967 690518 739075 745891 738278 759610 719578 725154 762428 727996 706964 712806 768217 785968 744551 784452 764371 711730 770456 743989 701636 746933 672927 705944 718347 728083 716108 794157 702153 784745 765122 702332 737512 731417 690544 730780 740490 703877 735054 685041 733186 702017 695534 713122 759046 763726 734283 732158 706650 718733 702699 717717 752615 834614 706611 711258 732576 759570 728406 773776 728984 722239 690078 758101 756206 
760079 765787 735990 672204 702534 734753 804168 711510 727691 693168 725789 715006 771676 784573 729365 789220 700057 730841 665254 812880 753787 710476 737561 762838 788907 794764 731000 707633 718686 736311 758747 720333 708909 673995 789661 735887 750849 774182 695159 773850 714797 763923 785810 724398 738529 720155 778590 735858 783633 745930 728950 744495 697468 762360 702926 730566 729165 735751 697980 718966 733643 712476 742618 737824 730115 765515 785800 776999 736491 728782 768330 711013 700822 774491 765864 760242 707695 736355 723182 713172 752611 734253 754990 733036 750807 752302 738203 735754 715180 671551 687670 760222 721267 729050 726427 733999 701204 694178 733245 750940 682449 729727 746812 742028 752348 709507 783312 720389 771492 741006 767239 769325 741885 707275 775519 767716 701245 758647 696762 755720 720769 760720 693836 730376 736672 733077 820966 714895 674053 745513 743469 708650 753478 716629 767773 742391 738972 777433 759443 721034 727245 766085 740002 794888 701458 799191 691506 734617 712369 703141 762366 767322 740685 782412 746333 676243 743750 695323 749586 747155 772724 753340 727018 756228 735035 770375 717063 769613 747918 748836 826281 758761 721002 752235 739896 687711 713683 736145 715814 736452 711980 769958 784970 737720 747506 771427 743330 708958 752637 677974 747919 741857 747957 718641 779824 770533 751036 753501 777099 719790 758025 735782 754542 726615 748556 771843 765975 768837 734844 729292 766870 794090 769276 761147 705974 714325 696683 776834 764326 714221 730376 754842 745942 740356 757073 730515 723806 749135 760290 730668 725486 721376 718653 763814 731482 750890 723236 750906 757941 709961 712120 710825 751688 784918 721041 701907 731155 736991 730879 745086 737801 742229 690244 754479 732243 688512 743800 647667 721228 698285 722953 732247 802960 729507 773233 746989 713126 723994 731563 691609 754009 720900 695732 729935 714441 765240 695906 692142 694350 749869 771067 703264 769624 699197 692003 746571 704979 792355 796436 712203 732102 739179 756327 751055 764116 720882 743089 688806 750513 782549 
746506 745574 720662 676966 676156 692457 759565 693325 724367 709565 702468 710488 686728 744407 693973 749422 702570 699825 669424 762428 738468 714919 698206 746247 761785 761540 701348 676144 719964 695039 726957 702220 681319 658730 807940 719938 720711 737490 667886 744687 729718 735782 774481 710561 720074 702967 755523 693554 766994 733249 724201 715508 681774 744710 726574 706386 718030 709183 705931 713131 741760 700685 711750 722149 704189 724008 777314 768664 714777 707422 729191 730434 726558 750059 747619 735788 715264 710210 696386 693752 725225 717310 723267 705128 735434 727762 705633 707991 711698 644216 653017 730815 708263 709058 668693 734626 689902 669992 711315 762314 714314 725909 751972 718140 739028 677045 779153 720840 766868 731241 741711 743635 690167 685477 725735 720034 671876 704891 712992 756603 658313 710195 695048 723767 745429 693599 790699 732976 638033 704896 738317 730026 731909 731874 738003 747397 713919 749221 723249 704278 703971 754407 705817 787620 700609 756474 686437 742501 693991 694807 732591 746066 724321 748840 745543 689108 695784 702172 705009 728775 761793 720027 726907 747195 714491 720372 723021 760203 744524 702191 774755 750476 731366 726731 740799 692516 684982 721985 697083 726113 702462 777305 772984 711132 745150 744155 718761 720984 689608 655487 751778 715767 752149 708830 742812 737958 742422 692898 744498 718976 722493 666941 729869 716641 765661 728701 756422 754615 763554 720045 705149 786364 730005 719369 698542 719029 678630 737991 749396 693347 723662 732353 709821 716768 733037 731341 733496 738737 757622 708640 743736 681540 698335 718058 738055 751244 705618 724536 705374 692413 738274 677659 714446 736408 722778 684025 711101 763114 727501 687552 748054 717532 691131 754980 728193 668942 722909 638639 709573 692175 703507 702367 790730 692569 719950 724618 708157 730205 705341 693498 725821 713523 693091 691565 661337 716219 684852 692583 695289 736799 742083 725463 719480 663735 712278 746187 690477 772736 771560 702798 703698 708543 737781 702980 749455 704255 719716 675662 738275 724464 
701586 788370 721669 693031 701655 723691 754513 727330 727550 732763 730907 705816 722367 757013 748565 761415 723277 710386 687458 803992 754519 688527 713650 748754 771009 766536 737739 711441 705479 734395 736617 714227 703017 660516 811747 750288 730811 736555 718810 757765 743152 768149 775735 748139 741217 702789 788517 739323 797955 751109 739999 723767 696982 746049 722301 714774 734738 714336 682559 732071 721746 703861 715137 768315 686559 745368 784025 774683 726219 706759 791018 712035 715365 748488 800099 755909 713418 733111 711715 734315 744154 696938 737892 695197 761740 744203 748930 704423 736609 681747 625226 766844 716228 729179 732820 765887 702222 716231 737549 758540 724597 744750 760018 772218 729760 693500 756652 697132 772795 716188 738000 753205 732923 712757 753599 731308 670248 734191 703890 719189 667283 725708 682164 722536 753362 702319 799294 720123 677742 735180 747963 713027 735542 732106 766275 761738 724562 774786 732390 703501 686457 763497 715658 776966 688667 767919 701082 734073 716063 701848 762543 781934 761703 731494 725290 693479 717295 689191 717984 745863 761915 726260 733839 753908 749250 777143 758597 738697 718616 759459 764146 731931 713217 722773 745915 702113 710624 723517 735096 751948 691651 754104 768695 728673 752038 750821 761209 733214 713096 638786 770847 724747 750865 726416 752737 778880 764726 707123 749778 750048 754714 750083 760075 752702 764821 735759 775205 776572 727020 714727 748435 791151 760895 722940 701492 726085 681579 717438 740211 704553 726701 735709 727633 746183 766546 751207 736185 754145 781492 724509 725141 682113 710440 722673 721328 721870 709663 741009 752419 693515 728540 717791 746985 729195 725961 677878 729399 736384 747120 714810 761099 732646 687079 732406 736494 678728 739348 667350 689799 703693 726046 711094 799971 710524 757485 746517 714105 723785 730537 690755 719826 705665 711662 718633 692731 743226 717151 693437 693673 765254 754000 699932 735834 698153 700202 744091 712902 742654 805932 718366 711618 748031 763806 737677 753767 714443 732752 685848 725290 755320 
751940 820020 740706 690407 707628 738386 794504 748730 734225 749923 732564 711377 735244 787660 745686 757975 718653 725670 702603 805433 765028 703315 741004 773556 788791 784939 733586 745093 726164 741514 783758 748670 703799 683303 807111 763539 753934 731975 715158 779820 754604 790188 831987 728937 777311 720573 799129 741151 781970 775012 730940 769372 705934 790968 730163 741330 756351 769656 700820 730228 742814 710446 721417 759312 733293 764016 811930 824958 769602 747296 774757 755603 724469 780527 801679 748041 770730 738314 750013 719434 784970 727255 754005 748654 767188 759994 747910 726576 738920 679553 674206 745073 730642 749316 750838 770918 710818 727308 758852 806025 740523 768345 769558 770474 787144 730290 807397 722059 759932 749062 786238 777964 755179 709895 761948 738107 716802 753190 703499 775924 707033 725649 722409 767237 794089 735347 811066 747469 673854 734753 801795 750641 766495 770185 775001 784284 742081 803595 756240 729698 732626 791649 725387 802425 713644 785343 692179 778743 746367 709708 766679 794596 776727 770124 760266 728413 772153 723311 739770 788583 818199 744673 787509 781441 780912 788775 741275 783733 774970 746203 824995 774959 772736 749472 759730 710419 740847 747797 731927 743528 711126 769828 794768 755455 805234 784362 781888 733507 724783 711136 756351 752995 793683 708164 752270 766938 781084 710922 776017 753075 756500 767049 785695 744198 770690 789727 787317 797892 750436 780276 761399 800384 726892 718747 729781 743393 736568 745316 766342 739938 742463 756962 748460 741039 784389 763064 763090 780979 807235 729110 729390 703957 711523 807720 772264 722914 724032 776259 776524 747162 778400 725490 778794 780397 739613 722657 725839 784452 741327 748464 780480 760688 751778 783374 736085 722852 734839 671193 754892 731466 727850 722076 830291 716508 773192 773166 720466 732609 742881 717901 786880 723043 706869 713080 708754 733364 742494 708207 738404 772372 757286 741693 757260 726565 731212 755693 736349 764605 810127 723150 761870 738277 779988 742323 787288 767927 736378 724382 788668 810766 
750031 729644 743438 699670 713648 733876 753673 719538 716703 705206 711475 712863 738032 745712 713252 743291 702889 718690 703149 792488 746082 673916 705646 759645 752972 786289 707344 698772 711524 714834 743951 712486 683458 711493 770346 717378 753657 729993 700312 775383 734531 802609 760243 677558 752061 702974 760331 732571 752088 755414 711845 721911 695992 743824 737087 699970 728018 720594 668240 711881 722913 707169 702103 696943 711773 757028 785006 738541 712516 713724 766283 709621 735153 779653 762456 754537 733266 717875 710056 717757 741747 754634 721903 722718 735995 732355 732090 696600 709998 641676 666300 759724 744747 726435 696005 757069 700392 714088 772752 771196 681906 762166 744604 748561 733404 714889 758154 701241 752705 730573 743755 757697 735397 697884 753597 747829 695793 716642 703437 725403 654467 695767 697687 742056 733111 721861 812724 716850 657104 728294 775779 706807 735368 711402 725579 767570 712598 746112 743892 693323 707200 758648 730289 796077 697129 767622 708583 778838 724045 704004 740741 763691 737914 712791 722770 703080 710770 701921 718683 727325 775686 729335 738190 766376 739510 745001 723327 753659 728699 727741 795829 770151 725627 706339 746832 706953 700934 715813 709270 729559 683814 736417 755615 720583 765025 734113 735333 724716 717370 637109 765299 717489 714246 729010 766958 742887 763806 704441 744579 710142 731598 741971 737600 714477 756985 761314 791684 758328 718981 712308 755730 786668 775225 753760 696441 734034 682619 742089 744815 702064 708546 768173 734838 724302 744235 738298 717258 727263 759475 697854 721212 694356 696602 752856 712415 719241 713867 742171 732194 718446 755059 698199 746200 759692 720959 687556 717155 754576 772058 684255 771125 743649 688328 747356 734676 700080 712592 648019 707784 731337 712368 714381 791400 719681 729026 747294 740936 714633 713817 681273 754138 749403 704658 715685 676648 709257 685158 691265 681864 770346 739305 718075 755224 674646 678681 733837 705023 767618 776583 699738 740145 733598 772453 710827 783098 701038 741491 686791 745943 733265 
722798 722617 698950 687174 667670 713188 769645 710581 719043 683233 708626 691037 716647 742872 722192 761307 720400 698484 668549 766389 749386 690041 746236 750962 754424 777429 702228 680555 702249 696860 722165 694582 665782 682135 760510 758887 716120 719250 664919 757201 699960 770769 776815 713628 702186 687066 764275 723516 762234 764462 698796 702011 696095 737003 707950 720530 710046 684684 669273 686915 728868 693465 685021 723990 705923 711292 793132 765329 720400 686647 723998 691224 723941 762658 748362 739209 708607 698787 712858 687713 753075 710977 714513 687813 713352 693017 709401 696023 688643 658159 627287 747462 707218 709343 699454 742579 678251 683515 716673 765178 665862 715858 723874 720123 713936 703265 758827 695941 748511 719564 743529 730225 747810 698153 768340 757772 677029 743428 680356 695133 663392 714094 713874 696198 725707 698270 784889 703584 636334 714867 800490 692760 714802 690855 723582 733828 689254 770808 714383 689319 696685 743441 715844 754072 668977 734566 677479 742733 739483 679131 743463 768769 725238 730133 683225 726163 729701 673896 718391 751080 761232 708261 722011 740590 689485 713064 705754 751943 672545 715999 762556 741218 719975 694485 723754 676816 701228 711569 716365 727445 660250 700033 729785 720414 718923 719446 721934 677434 697074 653506 702689 715551 738804 699698 745095 737224 793019 721292 751394 710295 736155 701194 733773 728668 754512 730752 759800 743721 704550 677629 757922 763228 736186 724957 670546 689819 668179 740775 757350 687007 705762 739072 712377 707091 751347 728329 687205 731427 761502 708513 723871 684625 681982 748656 708147 718903 714801 734811 714511 698698 730765 701695 732433 745201 691781 682132 702606 731475 746026 719239 747170 734359 712598 725144 729512 667992 716061 645914 694591 715353 673275 703500 757400 716367 725248 763737 706256 700575 691781 682275 716819 727092 700007 699242 673878 726172 691389 674612 694875 750772 697323 687474 742946 691857 703798 687804 682061 755648 752551 673838 713328 699607 741796 722442 762420 696017 735283 701702 716810 727652 
725336 710449 712869 643264 655779 676680 748817 700789 722872 685406 686171 712591 720279 739489 701102 711634 696664 678543 667132 775711 711426 679063 711498 726939 737763 751758 685175 676798 700591 669534 733992 699563 665837 639942 752277 701143 740853 713410 682123 740545 711730 743418 759213 698350 724915 707892 764081 713708 752346 743152 694974 690452 671612 722974 687522 705487 715608 693011 687041 677691 685808 663265 690430 735711 688795 724557 759451 750022 714622 706425 736221 709199 705841 740837 737265 715462 726766 700272 735391 662534 725231 693383 743331 688399 744059 726138 687977 675494 694894 618424 604824 716779 688055 690524 713390 733121 655946 678127 706578 739267 696464 754382 729725 705912 727349 668105 740680 677162 767588 714608 726179 715607 710615 679658 717182 713758 679142 694673 678839 719731 663687 694243 700857 702808 736541 696189 777350 708864 625461 709998 711870 723218 711999 701558 730405 736690 698326 756543 704245 692106 698644 759106 671770 725269 687815 741590 688961 756834 686564 692670 745777 759256 736316 742530 698751 715201 734934 678169 726899 723413 757517 719868 722468 754597 705696 724229 690237 732561 692923 716050 766135 740547 720555 709758 724564 664633 688663 699005 703348 685359 687697 733806 745440 702031 716948 713268 713354 699065 708328 677346 759414 721608 716553 702486 744425 719480 725865 716588 737362 718587 697988 705947 735800 711567 720161 722700 724729 752067 741704 705047 724906 749547 740794 728122 665874 691217 634711 724079 698633 687565 709804 747461 725805 714189 719072 715456 695541 710011 745517 700701 707110 672144 657145 711444 694733 743419 682974 700506 710793 685396 709575 715990 731887 707245 718480 695342 727256 741987 693213 711451 725836 714206 678260 722535 711592 670506 665957 615564 676149 729213 689111 683451 772237 705074 707323 719914 674407 684060 697215 699030 715735 701300 681022 723044 680608 727985 660883 675310 683803 733436 723328 707353 738986 661778 666936 694254 684014 723568 777773 705955 687951 721875 728454 688122 727525 694515 726521 673533 718145 741943 
684227 696590 644944 623942 636779 631740 734340 657304 673282 637136 655235 659108 682753 720131 640254 685675 630293 653620 620942 715357 669243 636577 655213 686911 705492 719737 669305 647624 636580 663275 686965 656855 652784 629876 711858 657241 685964 667350 623672 722843 694639 691199 748707 648582 685872 635494 701512 665850 727230 734376 645211 661192 622995 671277 682138 655850 665996 684958 630816 645026 664992 640895 660244 686618 662073 702120 749997 710240 678675 654786 678236 655656 653535 721076 718248 686217 672142 683682 668153 670995 698083 661809 700548 647646 715694 688168 675156 652753 689308 621499 573531 686734 666422 651707 694322 671646 633567 643399 674996 682707 637038 695202 699738 694253 700395 636940 705027 656200 716314 684354 690052 705969 676675 668385 664357 693700 650828 663647 628911 678460 642264 647875 652306 678227 700039 659391 740012 679242 611585 662487 675874 652500 686643 692227 679306 691551 648791 721501 680139 654181 665426 707528 665292 710790 651146 717506 639852 688475 676314 645284 701341 699608 690758 705307 672417 628232 679909 643115 673834 670537 712360 678237 695373 694628 698833 687212 673076 703893 662942 707231 725030 690046 695984 675524 682142 640964 655873 674792 673485 659078 645207 711414 719535 671984 689316 691941 679809 658695 665693 610192 687656 664520 680453 629533 669246 697853 696673 664433 719636 690617 643094 670503 689906 652917 710430 711911 682219 706595 662219 681421 683163 726138 701794 671494 657967 651045 648275 657929 705261 654894 659026 708664 645770 660943 681020 675871 690541 687842 703683 655293 688336 617192 639473 682764 691888 635664 660972 683454 669578 689198 678364 659301 705030 686570 668964 616277 678302 706917 655829 653821 695397 684097 649928 668338 693253 643243 688583 594178 648355 653888 669484 635141 751081 647304 701341 699140 682833 643264 664716 613282 670777 681906 640276 653702 637356 673338 660433 640908 652285 699334 662819 673698 682542 647032 673899 680747 638733 721363 718776 661366 662091 655821 683009 666891 686448 662421 680465 655409 676314 709495 
733087 733783 724845 685536 688451 713664 751865 720771 745436 709132 728630 710046 745039 754127 704628 746815 728262 709658 667702 809288 752207 680952 734289 717668 762668 754161 700978 703557 698435 712709 740171 690929 692215 706674 796978 722404 731946 726253 660759 757758 712791 751194 759782 715234 740981 750483 777184 711750 791622 771325 734159 703274 685515 726829 722320 730005 739653 685871 703136 714799 718242 696875 712891 699716 708470 758856 780846 763229 735072 721641 737840 723931 731664 761792 719569 755907 710684 748935 702676 734848 753467 693365 747747 691384 745363 736952 720781 733119 684173 635826 657078 729409 763623 732959 696419 761061 692436 712549 734875 764931 715382 709750 738012 746714 746151 687210 782650 684844 764088 732508 763274 755096 735004 721320 759457 745302 694842 720348 684887 727238 672465 705625 695200 712295 740939 712082 776980 734523 670149 689947 755729 726822 743842 684936 743594 773085 711890 769046 733751 677927 719681 762735 687283 755400 719513 754863 681283 721420 734009 700582 718038 736286 768702 744788 735594 701257 731946 681797 722450 742173 761608 703738 743638 772061 745202 733661 727845 743980 745647 743663 761540 747819 743903 720598 744429 685512 692225 705840 737330 742554 697165 750103 755930 724104 758296 761040 742475 726720 713481 666003 751195 743944 757465 696592 757428 747605 761822 716463 723124 725545 732032 720085 722325 746119 744109 756107 776380 779216 727752 722884 737434 800387 745840 748579 688722 709027 684289 726797 725052 679421 689328 743357 717715 741754 763959 751668 698606 739257 770703 717197 748579 688834 693595 716496 718894 722769 714669 711948 759836 688074 740780 708649 715558 748355 722839 686721 700813 770139 758301 697849 745543 752037 714500 738409 727831 677427 719156 667127 695498 695996 703869 689614 785447 699014 755953 754106 704446 714902 739400 717681 735302 725224 681981 706862 673723 727453 695285 696581 690176 768778 727775 727464 730378 686788 719865 728098 707458 758404 805366 713818 711072 725393 739382 710905 745032 708044 733017 705676 727916 742272 
