82 27 73 70 64 91 22 46 45 68 50 12 13 78 90 36 32 94 20 13 37 78 16 47 11 99 90 90 7 71 48 79 91 8 10 50 99 4 67 80 98 77 18 29 8 38 57 29 89 98 44 18 12 40 93 77 33 0 78 65 12 90 40 96 75 68 95 46 45 89 26 39 77 39 85 32 28 96 0 40 78 81 1 59 60 62 0 11 85 42 82 7 46 22 40 32 2 96 94 66 44 58 92 99 39 79 7 13 63 45 35 78 97 91 31 32 75 9 38 79 41 94 21 46 11 66 21 27 76 36 26 98 50 29 4 40 43 77 1 9 55 17 59 84 87 38 7 85 78 53 14 39 78 16 75 31 89 19 34 89 4 91 80 14 44 59 78 38 19 36 14 42 65 51 11 28 92 84 92 46 5 5 52 53 12 54 57 23 53 64 7 86 32 85 98 34 53 15 74 1 33 85 18 14 41 28 43 84 56 85 15 27 47 86 53 43 59 19 70 32 95 47 80 58 6 71 90 95 99 3 33 69 87 43 50 11 19 67 84 51 62 86 62 57 82 87 60 35 38 41 14 20 58 61 74 42 75 57 24 79 16 71 70 50 18 51 73 35 86 65 73 0 28 90 51 42 72 44 29 52 74 73 82 62 8 69 84 36 95 6 30 23 61 72 50 16 1 44 11 37 
84 21 66 33 8 90 26 76 2 99 29 45 27 94 65 81 95 11 19 9 53 7 34 8 46 34 43 72 50 47 85 81 7 80 91 49 95 6 57 97 76 98 39 40 93 41 11 87 24 1 97 93 42 8 24 32 99 28 36 88 43 72 9 14 0 58 57 80 49 77 82 31 82 97 83 88 4 73 1 35 19 24 84 89 63 76 10 45 4 95 26 66 33 26 26 70 67 78 19 58 1 36 97 80 95 29 97 73 32 75 5 29 56 43 56 59 42 7 74 74 28 18 19 72 8 37 5 60 91 73 74 47 53 38 20 2 80 62 26 79 12 86 62 57 98 92 31 1 51 86 84 99 96 90 1 44 24 27 48 12 82 46 65 75 7 64 41 64 53 7 97 58 89 7 65 55 63 11 11 42 64 21 38 79 84 74 39 44 9 69 46 70 98 10 12 38 72 17 39 18 14 16 47 59 7 26 8 7 85 85 72 77 19 11 66 92 52 43 38 74 26 2 56 95 52 52 83 96 24 26 55 0 87 83 55 60 82 22 74 49 57 38 0 0 98 45 55 97 84 9 88 61 40 16 92 93 44 65 55 10 42 43 24 58 80 6 49 10 66 0 11 30 51 65 97 70 47 6 90 2 47 59 21 37 91 91 68 57 26 84 83 2 12 43 78 92 20 25 65 53 
46 19 96 80 98 71 74 43 51 63 13 63 63 85 11 29 83 36 56 59 37 50 67 97 16 59 9 82 24 21 20 70 79 0 64 16 48 3 88 11 97 80 35 52 6 92 48 31 92 15 90 56 2 79 20 20 47 14 6 28 24 49 41 35 61 50 16 35 67 78 38 30 79 40 53 58 37 52 31 38 65 47 0 82 33 26 97 25 61 25 48 38 76 6 32 58 88 2 42 79 12 24 4 20 87 19 33 51 71 49 37 75 83 45 42 95 62 56 34 66 90 27 80 45 20 60 78 81 96 80 64 46 91 8 42 69 86 54 62 16 42 6 56 64 98 76 2 61 41 72 44 98 97 85 40 55 83 54 74 78 52 99 34 10 31 2 89 29 12 33 96 22 36 19 22 30 66 33 26 34 74 19 50 36 52 51 94 29 78 73 24 20 65 27 26 65 14 91 56 20 33 39 80 19 94 93 47 61 79 67 58 77 84 16 88 34 25 0 38 44 41 40 80 15 12 29 82 54 6 63 3 91 20 77 89 41 44 40 22 45 64 19 64 42 16 88 39 43 93 36 58 86 24 56 7 31 71 57 33 97 64 13 67 92 55 10 95 2 30 11 79 3 55 53 78 92 2 3 62 43 64 49 8 33 99 93 76 3 26 55 44 2 92 46 27 72 12 91 95 0 
20 66 34 21 82 24 91 9 58 0 93 82 21 52 32 4 94 62 8 5 63 21 2 24 86 38 76 44 76 64 80 45 65 7 44 49 18 44 60 56 20 28 12 76 50 56 4 2 20 51 98 1 36 82 59 33 25 8 52 23 99 64 74 71 6 40 44 5 71 19 64 77 79 74 16 69 1 86 26 49 42 57 22 57 6 52 63 49 74 48 69 52 36 84 58 85 35 45 82 71 84 38 47 32 44 35 40 73 99 33 93 80 48 12 0 6 33 71 55 74 90 91 22 77 81 71 42 47 96 79 18 30 71 24 49 65 79 46 69 32 40 7 98 79 42 59 97 12 85 1 2 57 43 77 84 41 60 66 33 1 57 38 21 94 14 15 35 1 32 52 93 23 83 8 60 46 83 83 88 71 94 95 5 66 57 85 34 19 38 0 64 3 33 25 75 42 34 43 68 14 7 5 54 52 98 98 27 97 49 71 62 16 99 0 18 49 50 72 4 53 83 94 29 61 98 16 2 56 87 33 36 61 59 28 68 28 87 58 7 28 70 56 49 69 41 49 31 71 48 65 31 50 35 91 19 31 42 64 12 43 64 33 92 47 30 85 97 24 87 30 37 55 67 10 95 96 32 1 92 78 40 1 65 82 65 96 50 49 10 61 52 83 31 10 47 26 14 53 15 78 
10 10 84 38 8 76 88 51 52 6 43 0 30 55 73 21 86 1 71 4 97 39 83 48 18 29 41 36 60 76 6 96 68 22 41 58 84 42 94 96 17 36 58 11 78 12 56 3 11 57 53 30 25 37 11 46 94 73 43 27 3 41 64 13 8 9 94 73 41 70 59 53 82 56 1 77 92 96 4 33 90 37 69 80 28 35 54 54 31 19 84 69 65 77 67 96 16 75 29 60 73 89 38 12 5 22 98 69 71 38 44 9 75 40 77 55 31 22 40 6 5 34 88 45 52 88 67 51 14 13 22 44 33 10 0 28 76 45 75 46 69 11 52 0 60 87 7 1 42 26 8 75 59 75 76 86 93 13 58 41 59 75 79 99 89 15 24 89 60 94 79 50 52 94 81 7 67 25 11 88 93 82 78 66 74 58 95 10 36 36 18 66 46 68 2 47 33 60 34 79 88 28 91 36 13 8 62 60 61 59 3 26 0 98 46 13 71 86 21 12 45 82 98 90 41 93 51 27 4 74 31 86 66 0 50 76 27 80 3 24 74 81 93 81 30 96 21 86 99 56 91 4 76 83 67 45 42 69 52 26 35 61 29 58 64 49 24 22 28 11 93 96 42 42 52 96 8 94 86 15 53 87 3 50 68 42 31 59 55 77 55 82 6 32 54 47 91 76 78 46 
62 45 31 3 37 19 13 99 42 28 41 70 60 56 87 58 15 72 13 60 86 56 7 46 21 71 10 69 27 1 66 32 66 29 25 40 66 43 3 34 28 67 27 14 47 66 63 56 95 60 78 76 43 67 49 86 68 40 76 36 52 3 42 80 32 87 32 69 10 71 42 93 82 58 98 10 15 74 14 53 40 99 4 0 12 94 52 18 55 36 80 97 18 23 90 74 0 85 19 13 50 18 51 16 3 55 53 56 36 95 52 71 72 57 46 90 4 80 12 74 9 34 90 62 80 84 81 79 66 24 94 64 67 53 4 27 81 51 1 47 82 70 49 19 30 9 4 35 6 58 21 2 47 48 59 44 95 7 87 77 13 19 49 46 88 39 11 66 58 48 32 75 61 63 6 18 69 3 91 28 43 51 36 66 37 98 78 88 59 67 72 30 42 88 17 15 0 29 4 53 59 54 9 36 52 25 54 38 70 97 30 55 39 76 68 47 99 49 19 32 36 29 97 16 9 23 45 91 30 99 14 92 67 85 13 54 41 5 81 33 33 84 89 38 90 0 29 3 73 1 35 22 58 53 17 65 22 93 90 30 11 48 65 4 16 95 98 85 42 2 8 73 6 7 13 64 27 24 92 79 54 65 17 97 96 50 80 51 9 38 19 16 75 69 41 87 92 19 99 89 
12 9 14 8 28 71 61 16 19 63 88 68 87 26 73 28 24 24 98 4 17 73 80 1 58 41 91 26 36 59 25 19 10 45 39 73 25 67 1 16 7 62 46 44 77 7 88 89 84 41 44 95 15 55 29 70 35 37 22 90 76 92 70 97 30 15 56 47 39 85 13 11 29 25 20 33 37 41 56 83 25 50 50 15 56 43 39 5 48 88 38 57 56 5 1 76 70 51 60 0 35 57 58 17 29 71 96 73 46 68 88 46 27 30 78 38 13 46 89 88 43 79 72 61 44 90 30 9 99 76 79 43 97 93 71 82 57 21 53 86 95 99 65 14 9 79 86 51 81 3 71 33 69 22 47 45 23 49 50 14 53 67 65 4 60 6 1 54 63 10 96 43 95 54 21 87 96 57 57 58 7 3 90 54 46 84 19 73 70 88 28 41 40 95 3 31 50 50 75 13 69 3 96 63 79 98 95 33 13 45 40 79 90 1 29 29 29 57 4 88 41 55 80 41 35 89 0 16 41 89 61 67 97 88 13 16 67 63 75 48 86 15 73 82 83 35 12 36 76 59 79 84 16 39 31 25 56 96 65 35 30 27 11 96 39 76 8 85 31 92 58 1 15 98 95 52 58 38 80 18 49 59 83 4 27 35 51 11 81 61 28 49 1 70 86 77 61 67 0 38 
94 2 55 50 70 78 67 87 43 96 16 50 13 92 17 4 57 49 91 10 67 47 51 96 21 41 57 16 61 54 1 23 38 48 19 28 21 5 83 4 49 29 12 74 36 76 8 92 48 22 72 34 70 79 26 33 48 62 8 54 77 57 55 4 57 63 48 28 42 41 30 0 42 65 76 97 89 91 12 24 54 40 72 27 13 5 0 1 88 66 68 0 47 11 99 98 4 51 56 44 11 82 88 21 40 6 93 59 14 38 81 37 20 95 2 33 62 92 89 18 38 24 76 88 80 85 32 95 51 91 95 2 40 77 2 96 48 63 90 96 85 45 96 17 45 19 27 92 47 5 97 90 14 85 84 60 55 98 14 44 53 67 99 24 83 97 75 70 26 18 76 80 87 27 28 1 47 50 50 80 5 95 29 99 48 68 21 51 54 95 66 37 24 77 46 72 59 43 7 70 49 63 1 80 0 61 81 42 28 71 55 69 40 71 79 51 95 70 62 96 63 16 39 51 90 50 28 33 91 67 27 71 83 32 64 30 12 42 52 70 46 36 6 0 28 32 42 60 65 90 91 29 3 84 42 44 72 65 43 95 72 16 90 31 46 26 38 99 47 95 32 39 10 6 8 75 12 71 35 92 84 73 41 85 66 83 49 90 70 68 73 45 66 59 44 25 75 28 9 52 
96 63 9 11 83 16 80 99 42 68 40 30 65 35 19 96 12 91 26 43 8 15 5 37 5 55 69 41 94 23 8 55 24 19 64 68 84 42 18 9 68 62 32 2 76 99 45 58 73 37 4 13 97 35 12 90 24 89 74 51 47 74 79 38 95 23 40 72 44 70 31 3 11 82 84 56 4 29 51 71 48 80 72 83 30 68 4 20 65 69 58 75 29 15 43 31 45 26 73 69 24 54 38 51 95 47 27 20 23 67 14 95 10 97 49 25 60 57 76 11 2 58 18 49 26 86 63 96 14 68 32 54 97 94 35 83 79 2 21 70 23 54 53 94 31 27 47 22 52 86 29 80 12 80 45 93 4 72 83 27 9 18 8 35 92 63 99 33 96 46 54 34 21 13 5 92 23 64 75 44 97 49 45 5 78 48 59 39 56 29 59 86 43 32 57 72 24 4 17 64 11 40 11 20 13 2 76 86 98 92 35 74 70 43 15 67 18 66 4 39 22 20 92 96 64 90 63 5 63 7 53 72 94 0 35 53 55 57 24 30 71 57 94 44 98 79 79 47 54 61 93 90 65 86 58 17 56 94 39 26 95 97 51 85 49 29 67 3 82 87 49 85 64 88 73 3 30 35 86 87 12 18 61 74 35 34 47 5 7 11 56 39 30 8 0 99 90 59 73 95 
87 72 61 72 99 11 30 45 66 99 63 64 50 13 40 52 66 21 93 48 8 55 83 32 93 52 31 38 28 79 83 66 19 35 86 13 33 6 12 51 30 0 46 91 33 44 23 73 47 39 7 70 21 39 83 10 67 41 57 30 42 65 21 70 3 41 92 30 97 13 27 49 26 10 88 39 60 70 65 95 86 87 49 55 40 94 44 91 86 33 33 63 21 52 5 41 30 93 89 42 57 27 84 84 49 36 16 15 5 5 82 64 10 5 52 91 34 80 22 44 36 91 59 61 85 69 17 66 35 36 3 0 47 32 14 78 80 63 70 61 6 18 51 71 37 78 63 30 38 11 62 86 59 21 47 48 25 64 96 8 41 21 38 58 72 73 77 76 52 50 67 80 72 40 11 24 97 94 75 89 62 24 7 15 12 0 54 45 39 44 47 53 29 9 4 31 72 86 30 35 18 94 38 44 51 56 62 46 79 80 22 82 12 18 25 49 10 79 83 70 89 41 1 32 27 32 63 35 95 26 92 94 85 34 87 21 59 41 1 11 91 77 86 27 70 11 17 82 20 86 78 44 44 44 82 25 19 65 50 18 53 78 71 40 12 19 70 15 79 32 82 6 25 92 95 70 18 15 73 96 61 55 32 84 40 97 47 60 77 21 14 28 29 45 12 47 78 1 48 58 
5 52 60 71 28 46 15 93 72 31 84 18 70 92 48 41 85 39 42 17 88 55 81 41 12 92 14 66 48 7 64 18 59 82 12 22 1 63 32 70 26 51 95 28 44 45 38 30 91 95 14 24 29 32 89 73 26 6 41 33 10 74 71 27 70 30 80 95 65 10 38 51 34 90 20 50 56 71 63 1 1 84 64 21 32 51 22 64 31 32 50 64 68 9 67 81 38 23 99 42 90 92 71 75 94 89 62 60 9 97 26 1 36 15 62 36 45 93 71 27 55 6 95 95 13 97 94 12 62 50 1 96 68 24 49 54 36 43 90 50 85 29 7 74 80 52 35 10 4 73 44 0 33 51 23 6 59 25 40 17 16 54 11 71 13 27 31 59 61 77 31 92 26 8 2 67 89 18 39 29 96 16 57 93 35 20 43 29 68 62 72 54 74 4 16 32 91 96 26 68 8 67 9 10 86 20 16 90 91 93 91 2 67 90 39 44 31 16 93 12 25 76 98 85 45 59 97 92 19 68 49 16 51 48 40 8 78 25 96 86 13 50 38 50 75 98 29 27 66 8 4 15 70 14 74 68 45 68 96 13 6 18 96 11 32 48 73 6 97 19 71 31 88 49 20 75 69 21 79 44 51 47 36 18 90 60 0 29 89 39 55 41 37 31 75 22 68 17 79 41 
65 44 48 34 53 41 6 31 52 14 18 1 36 14 78 82 31 44 57 59 35 67 69 66 95 31 3 51 7 60 30 95 48 79 75 65 77 71 59 17 78 38 21 64 3 12 13 81 91 63 65 45 1 8 35 2 42 81 79 67 37 80 87 5 40 14 48 65 3 39 3 16 21 29 40 35 77 34 85 9 51 96 58 45 84 75 8 36 32 90 44 38 13 94 77 52 14 73 76 38 78 0 27 98 75 62 71 49 82 32 99 36 83 21 18 78 12 4 4 12 31 69 48 29 97 53 52 2 69 30 74 21 13 70 10 74 53 85 59 70 78 45 58 56 43 62 0 64 53 87 36 82 0 39 25 6 83 23 61 69 88 90 42 16 93 54 28 76 58 59 55 62 97 6 22 3 38 16 73 87 6 6 11 54 14 59 51 99 4 0 47 16 38 40 85 25 74 16 53 16 9 12 92 57 6 6 16 35 1 18 52 67 81 40 97 80 71 66 44 38 96 1 14 87 76 1 58 14 80 7 50 90 45 51 45 51 42 22 91 55 13 50 61 84 84 19 22 64 53 68 38 21 30 70 95 9 47 8 89 17 2 4 46 74 60 89 2 4 13 62 27 79 7 25 36 90 28 63 79 58 97 80 44 39 16 38 49 28 76 31 23 65 6 10 62 96 0 9 63 45 
95 17 33 43 10 74 26 65 61 22 19 94 59 26 15 51 32 62 0 35 46 14 11 21 58 82 16 96 29 8 73 32 68 39 43 63 93 26 90 22 34 97 91 24 15 72 86 87 59 21 96 38 59 14 21 83 95 4 19 99 37 54 51 90 15 5 24 39 19 24 32 39 37 51 69 12 61 19 33 2 17 56 18 25 5 23 93 78 21 79 76 79 27 18 33 12 21 83 65 51 37 46 69 30 60 33 91 7 12 50 81 20 58 59 37 4 22 8 52 34 47 39 89 89 58 52 64 84 78 60 56 63 79 16 60 1 96 22 89 71 69 79 29 97 73 17 22 64 39 46 29 11 87 74 21 70 75 77 67 32 78 53 44 87 69 95 77 66 77 48 21 50 56 2 57 21 23 6 35 71 71 52 69 1 55 25 28 72 10 25 10 6 49 65 73 52 79 87 5 63 71 67 9 38 13 52 53 12 73 59 34 14 84 83 27 60 68 63 63 1 15 0 6 96 55 93 16 68 36 99 71 2 13 64 37 13 68 5 22 58 88 36 39 62 0 35 3 81 18 45 5 71 93 44 46 53 67 57 4 60 21 52 47 86 44 7 15 66 36 8 43 8 7 48 61 29 25 47 77 50 29 58 62 52 70 12 98 28 54 32 65 73 3 1 18 22 8 59 81 72 
50 49 40 80 69 72 44 17 84 95 6 56 60 40 6 59 88 62 11 71 60 86 56 25 31 47 15 80 85 73 70 21 67 26 18 91 49 0 24 40 60 1 57 52 45 55 66 56 80 26 8 65 29 13 60 62 48 61 10 63 55 24 11 20 56 41 56 90 60 87 65 96 52 54 10 92 50 28 69 23 94 81 61 90 40 90 89 35 45 24 55 7 74 81 59 25 16 6 46 23 86 77 60 31 43 25 58 26 48 3 36 24 69 39 18 94 79 28 84 15 69 56 15 12 29 67 34 36 90 6 61 4 79 71 33 7 42 51 68 4 42 15 82 71 95 55 4 57 32 89 48 24 85 84 97 78 45 99 80 9 45 32 48 11 27 29 30 67 74 83 88 76 82 61 51 56 46 26 58 55 24 57 41 29 45 77 90 38 86 81 74 12 2 17 67 22 89 98 61 7 84 75 79 57 42 56 47 91 87 87 97 1 15 81 23 82 89 10 89 22 16 44 83 61 1 1 59 48 26 19 1 99 3 55 8 94 44 77 39 32 34 83 79 37 1 93 47 15 8 0 38 59 2 41 40 25 98 99 3 97 70 23 15 3 86 96 59 1 70 88 18 55 54 66 46 36 81 88 60 44 80 38 25 13 18 83 36 50 8 32 63 76 57 31 66 59 0 74 93 21 
12 80 45 17 73 91 46 75 60 46 71 1 71 53 15 13 70 71 23 1 97 59 12 27 23 86 74 23 38 72 44 66 96 65 66 88 29 59 41 92 74 77 51 98 30 53 19 17 3 32 85 59 15 53 32 89 75 93 27 31 80 51 99 12 16 49 63 58 87 9 37 93 3 10 32 99 29 13 25 19 97 47 63 50 67 90 21 67 59 12 2 72 54 42 83 35 74 25 44 61 27 53 22 48 23 36 6 17 59 21 34 42 4 92 64 56 13 85 51 95 21 90 42 48 11 18 38 43 36 48 75 19 17 81 22 95 50 65 30 74 98 71 57 45 75 62 52 67 96 62 9 46 78 72 47 76 56 59 11 40 75 23 54 30 12 87 79 69 3 65 19 83 40 28 82 50 35 45 55 61 82 22 23 52 50 85 50 25 46 88 66 35 66 53 41 48 86 71 12 69 35 33 17 69 6 3 45 12 45 23 30 29 21 69 69 49 60 22 74 9 23 97 44 30 87 96 86 36 1 78 86 65 74 53 65 38 96 41 27 19 66 61 61 43 50 50 32 38 69 26 39 62 83 24 96 30 52 64 71 10 70 56 8 88 12 96 30 80 34 69 15 22 33 22 90 26 61 18 79 13 38 70 94 30 12 10 50 4 46 31 7 66 93 64 66 2 80 31 72 34 
63 13 82 75 13 88 27 52 62 1 82 76 1 46 82 43 76 74 15 18 57 58 31 84 57 98 25 71 48 13 84 19 12 45 71 30 13 67 39 72 84 66 66 53 58 73 7 80 1 5 78 42 9 99 74 60 36 32 59 59 50 55 49 41 98 43 42 33 74 92 55 90 13 89 94 10 83 92 34 1 25 2 3 7 62 66 96 2 56 43 58 26 95 60 47 83 54 92 99 69 76 51 33 59 47 87 42 38 19 2 25 50 80 3 31 44 11 91 21 6 30 86 22 33 59 25 54 13 39 51 55 18 67 91 60 45 11 16 67 32 9 28 35 51 80 88 49 51 25 32 30 12 90 19 94 6 21 34 7 15 92 85 37 60 99 48 49 97 49 39 0 50 2 81 81 48 28 42 57 59 40 40 2 12 56 10 62 70 67 62 1 21 40 37 50 8 59 52 42 47 88 29 21 51 82 2 73 61 43 29 64 60 28 21 77 79 99 68 26 50 47 42 29 79 68 85 8 72 72 53 10 12 46 29 18 59 36 50 86 98 2 80 56 50 33 4 56 99 80 77 67 0 86 33 14 85 8 85 5 98 66 59 49 18 21 60 60 94 58 46 89 79 65 72 4 89 34 44 34 82 76 56 40 78 40 48 0 20 16 66 49 92 37 71 56 15 38 81 58 80 
6 66 40 8 12 20 49 69 12 17 67 42 84 38 45 2 9 58 35 10 64 64 86 64 21 44 50 93 5 93 69 1 45 9 1 6 78 81 13 46 87 97 44 85 59 26 31 62 20 92 88 0 47 22 14 88 53 27 47 66 81 4 96 13 7 68 24 39 84 51 99 12 47 38 8 61 36 65 21 9 79 5 26 83 46 25 4 70 75 92 92 56 16 93 51 1 64 90 87 24 3 69 83 55 84 60 3 4 6 38 83 58 88 39 9 65 94 96 41 81 61 66 24 41 44 53 26 79 56 80 32 62 29 79 58 96 26 68 98 97 14 42 65 63 56 27 62 40 44 36 56 93 92 2 75 76 18 11 58 32 90 33 99 67 6 35 91 89 36 62 24 36 92 41 60 71 63 63 68 10 35 48 53 74 51 11 41 1 46 4 94 9 15 6 82 37 36 26 94 52 51 97 41 37 88 42 71 98 52 27 71 1 62 13 21 60 92 26 15 4 88 43 26 24 11 7 75 51 5 91 92 71 7 49 1 96 6 94 79 56 13 26 80 48 68 87 86 51 1 71 44 89 23 13 27 55 66 39 2 5 51 31 56 96 12 59 89 57 69 16 43 57 28 89 62 38 54 61 94 15 39 29 45 76 52 74 76 16 99 59 41 42 0 33 98 9 41 51 80 80 
22 41 35 49 90 72 81 73 4 72 97 16 66 4 89 65 64 57 33 85 40 50 6 56 64 83 79 92 12 45 15 9 93 36 71 41 59 18 61 4 26 95 58 86 50 61 48 76 93 3 7 37 47 52 0 90 77 77 34 60 3 48 57 36 98 78 12 7 30 27 55 99 43 47 21 90 59 20 50 73 35 91 44 48 85 63 60 68 22 52 79 57 71 92 70 1 41 86 97 92 5 96 78 38 1 51 74 86 60 24 56 41 68 78 7 26 58 69 76 62 2 20 75 63 4 34 42 29 41 85 42 1 86 5 39 53 98 72 82 39 66 42 17 6 58 23 1 79 34 50 75 28 78 96 25 22 61 54 58 90 44 39 76 8 78 61 41 24 83 14 88 42 85 34 85 53 91 31 12 11 88 75 74 7 94 41 45 10 40 23 97 5 76 55 38 19 25 29 16 48 64 88 48 85 65 14 33 75 69 77 99 62 66 36 51 81 14 86 31 35 3 70 67 47 86 46 48 4 71 64 92 35 28 82 63 30 90 25 68 51 20 78 7 0 46 84 81 23 53 72 88 73 55 78 69 99 41 67 67 33 99 11 22 46 21 89 44 32 47 61 22 72 54 94 50 97 45 60 0 50 84 11 99 96 0 24 34 28 31 79 70 41 95 42 57 58 73 9 79 46 
94 79 56 16 37 88 94 85 18 27 73 28 64 26 28 76 14 43 86 20 62 49 77 63 45 80 73 61 1 18 73 30 21 90 25 74 51 65 15 68 87 10 55 43 35 9 48 86 40 24 77 74 96 22 17 33 42 45 79 29 9 62 0 35 61 31 13 53 2 40 96 11 46 20 2 89 93 66 42 28 95 83 92 70 79 14 65 50 13 79 74 52 85 68 55 49 77 93 33 75 11 98 69 44 56 94 95 84 24 2 43 3 28 91 71 71 79 80 9 78 56 79 86 36 4 94 71 24 43 97 55 79 57 34 10 1 85 28 77 22 94 72 89 16 61 76 16 59 82 21 81 13 73 68 40 68 99 80 62 76 93 14 86 85 38 49 8 8 1 37 52 49 61 97 34 66 50 60 97 61 62 40 22 19 66 60 87 16 51 72 55 57 4 77 51 29 68 19 94 31 76 97 85 60 99 76 9 16 57 52 5 22 13 18 55 92 77 91 7 67 93 51 50 47 56 42 76 31 52 27 76 29 85 42 70 63 4 15 23 36 76 55 28 32 45 38 13 57 15 90 8 55 84 11 64 63 65 56 80 56 10 61 78 61 74 61 98 18 26 58 63 85 44 91 19 36 27 97 38 40 59 9 27 31 31 20 56 15 79 88 43 22 22 55 1 21 57 1 50 33 
32 26 93 62 29 44 53 58 42 95 20 34 95 91 27 59 61 50 31 84 21 33 10 94 80 10 20 0 18 0 40 64 77 15 58 29 71 87 71 3 32 39 27 64 41 32 1 55 91 16 35 83 85 76 48 52 35 41 60 54 79 86 39 83 2 56 13 45 46 84 39 93 87 13 1 84 18 62 36 48 53 70 98 18 93 92 90 61 20 65 20 39 99 12 15 46 35 94 22 38 33 22 55 33 20 38 68 84 54 22 80 84 71 45 92 35 13 14 62 99 59 9 80 11 69 54 65 90 24 8 29 0 14 78 75 44 95 78 96 18 77 23 77 24 17 9 31 40 11 66 86 60 60 75 96 22 22 79 80 65 68 91 27 88 75 23 17 61 64 4 63 72 86 23 32 81 50 37 45 75 26 95 77 55 51 68 73 60 90 11 45 76 56 39 79 24 37 14 63 99 30 29 95 33 82 42 12 77 88 82 42 47 61 5 48 75 11 71 54 42 77 32 6 4 61 55 34 65 91 70 53 64 87 69 59 16 6 93 77 89 61 67 4 92 61 93 2 30 9 72 32 18 22 48 41 83 9 19 46 99 35 64 57 67 77 51 4 75 96 8 84 42 89 25 61 13 6 11 75 75 34 37 77 5 3 87 18 63 80 49 17 47 63 60 41 7 65 7 21 89 
96 78 48 7 14 27 52 16 80 3 28 18 23 99 35 52 98 2 67 38 8 38 63 59 12 81 28 34 67 14 14 74 92 20 17 39 27 54 66 36 66 99 84 79 7 5 2 73 24 40 18 90 11 53 70 21 86 71 75 7 86 84 64 78 30 5 32 44 75 94 97 73 21 62 27 62 97 5 44 14 65 67 22 46 63 67 12 51 25 36 97 74 80 72 97 45 32 98 92 41 55 6 56 60 6 70 5 87 92 23 47 54 44 40 64 86 22 31 69 63 5 33 2 27 59 75 19 87 56 18 61 98 55 95 92 63 47 31 59 22 13 96 3 36 55 45 19 34 0 31 31 40 41 17 98 43 52 28 46 49 94 10 63 67 47 32 75 11 76 75 24 19 32 60 50 6 56 86 27 34 95 63 36 29 50 94 50 48 7 76 37 5 44 78 87 80 86 70 76 36 63 19 97 42 77 98 38 71 80 63 89 42 94 64 67 76 16 96 53 47 95 35 64 0 5 77 12 21 22 32 19 35 10 78 4 76 91 63 94 7 63 26 31 66 0 46 49 92 99 80 31 32 38 32 79 39 12 28 47 86 49 15 69 66 27 85 67 83 8 50 27 86 9 58 11 94 6 92 89 57 55 26 33 8 10 63 43 28 6 34 62 23 20 59 37 58 24 99 98 76 
46 64 52 80 89 25 81 66 20 95 67 11 15 5 6 29 8 38 63 73 63 28 24 60 39 39 43 4 82 2 75 20 10 13 65 97 84 87 52 66 10 86 79 30 44 46 90 65 80 34 23 12 95 65 58 77 29 11 56 95 84 2 36 89 92 80 6 37 74 62 32 67 23 6 30 90 10 32 22 2 26 6 20 15 49 90 86 67 4 0 87 86 52 64 81 13 36 57 96 4 75 23 89 83 32 35 39 64 53 76 97 42 2 16 61 17 78 75 59 72 90 42 24 35 8 40 68 67 5 9 62 34 7 5 56 51 94 60 67 22 49 41 39 0 15 64 98 86 71 43 53 50 72 76 4 65 13 45 23 6 20 76 80 28 94 25 56 52 51 9 52 37 5 20 37 44 26 95 95 21 17 46 41 43 54 19 70 28 95 12 61 8 49 69 3 16 95 66 77 52 99 20 16 46 7 93 38 53 15 24 29 56 15 93 58 73 92 59 82 44 22 36 95 60 84 9 62 99 39 30 0 65 56 66 87 51 37 67 50 93 50 9 51 22 92 16 32 10 29 27 40 97 29 2 64 2 1 24 34 74 58 77 0 54 24 34 71 86 16 3 77 75 50 47 62 15 83 70 20 12 26 59 25 7 22 81 36 18 63 81 69 3 24 28 49 63 25 77 58 85 
36 20 20 95 57 76 69 99 25 4 40 46 36 0 64 90 43 42 75 80 56 56 37 84 73 55 79 87 69 30 76 82 88 31 38 97 29 12 60 35 26 86 7 32 57 2 58 94 37 5 38 40 46 98 13 76 48 93 51 36 16 31 67 39 38 35 88 42 79 71 3 17 30 79 26 38 45 56 21 99 52 17 12 30 58 99 86 39 26 63 88 69 84 92 53 90 84 57 17 68 7 80 7 70 49 99 3 12 78 31 47 22 7 15 10 35 68 86 55 64 91 80 7 94 8 66 65 30 31 48 37 36 65 75 95 86 98 91 1 54 82 31 8 37 92 26 75 53 35 0 64 13 59 49 51 35 39 81 80 87 19 45 56 50 92 29 67 90 67 55 45 12 38 39 51 25 61 3 75 97 13 52 38 73 86 98 60 28 22 72 53 21 87 48 7 35 13 94 68 4 10 78 21 82 82 75 72 31 11 21 10 0 68 27 7 0 27 46 2 98 17 12 48 92 85 8 85 93 41 89 89 86 52 45 16 12 34 68 39 61 38 45 73 4 21 20 22 82 12 1 42 47 72 52 45 60 27 38 82 78 74 47 62 86 88 59 67 95 2 22 72 25 9 67 19 39 48 96 36 75 3 0 35 60 86 49 33 49 98 73 83 92 28 71 36 94 20 49 84 41 
45 12 0 30 62 34 96 47 8 31 87 96 69 31 1 6 48 99 11 15 54 74 35 21 45 38 34 93 46 3 30 43 45 23 27 47 3 82 84 22 87 4 18 31 9 9 21 35 31 5 60 47 19 88 78 64 11 35 92 3 7 28 1 10 36 46 71 18 77 9 20 39 15 8 57 97 69 75 34 49 61 47 34 99 88 92 17 36 7 87 91 39 43 61 86 32 34 14 62 10 28 32 72 54 81 70 41 42 87 25 80 26 50 10 3 92 26 50 82 71 97 62 21 51 66 25 36 83 17 98 7 27 40 98 34 39 25 27 81 19 45 10 56 32 68 54 15 79 2 81 0 80 97 31 89 54 56 68 95 50 76 79 59 73 64 69 64 81 7 22 5 70 25 74 21 13 97 78 24 10 17 2 24 95 43 10 40 60 64 32 40 4 90 77 81 12 58 73 13 54 42 44 50 45 11 54 95 31 47 59 36 35 82 12 4 92 26 89 68 17 79 79 1 99 24 19 13 80 80 91 62 9 28 81 31 23 61 42 31 97 40 9 31 73 4 8 15 99 55 61 44 70 89 29 13 70 98 42 11 41 59 63 49 83 19 0 8 11 65 85 68 71 88 83 67 35 98 73 66 60 94 65 84 93 22 27 97 1 16 53 4 28 59 16 13 90 20 41 22 91 
53 24 82 61 93 45 14 3 81 48 51 0 59 43 17 31 74 9 75 92 5 69 3 35 15 6 15 99 58 54 52 2 55 22 37 59 38 64 55 92 73 32 4 25 18 79 46 60 12 66 26 59 43 81 28 91 33 11 17 90 79 56 62 52 8 36 30 5 94 20 51 78 30 50 45 92 94 98 24 53 6 14 95 66 92 18 80 61 87 65 70 96 81 78 56 49 79 42 16 87 86 60 37 5 44 14 93 42 29 68 9 16 94 63 48 93 73 88 66 35 86 92 90 95 50 22 87 65 46 43 16 77 26 45 65 17 10 95 24 93 85 24 11 55 53 42 87 36 90 66 78 7 14 77 22 85 24 64 50 4 51 31 5 96 10 74 95 90 30 22 82 83 43 83 14 40 26 6 72 8 98 40 13 67 18 27 33 40 27 89 18 38 75 59 59 78 89 20 0 96 70 46 99 30 70 32 80 41 99 1 58 67 43 71 18 41 88 71 59 58 5 53 78 35 2 99 14 76 68 63 63 11 34 76 76 72 24 64 83 29 54 95 93 90 55 59 49 84 46 65 61 77 88 23 58 31 52 50 67 59 4 58 81 39 36 48 69 88 11 82 10 36 80 85 21 70 83 11 7 83 53 20 26 59 62 36 66 27 80 33 77 5 71 65 24 85 15 48 96 13 
57 95 90 61 37 19 51 45 99 76 71 28 37 73 6 43 29 39 23 53 48 64 28 16 33 21 82 19 22 95 75 61 12 87 34 74 17 72 82 73 91 78 97 70 98 83 45 17 46 53 92 10 50 42 5 38 76 2 15 11 74 59 45 31 72 81 26 70 52 9 42 25 2 44 89 29 40 35 84 53 92 37 17 95 87 63 82 69 98 91 98 27 91 37 47 99 63 42 66 45 9 21 55 88 29 14 28 21 66 37 58 71 29 28 19 39 27 12 98 52 93 45 82 69 65 80 12 97 19 9 63 31 93 21 42 0 21 97 37 98 53 20 96 43 7 65 61 69 41 33 50 83 67 32 2 67 55 33 32 65 6 59 72 57 44 12 47 12 12 13 53 73 81 4 57 85 63 2 55 79 7 21 68 70 16 19 95 91 59 31 63 99 98 47 26 45 38 55 76 24 90 53 91 28 30 6 25 65 53 92 22 64 35 1 39 73 22 22 19 68 43 99 22 8 64 98 0 92 55 70 3 56 1 18 11 44 51 62 80 67 85 33 29 15 6 88 48 0 20 94 37 94 44 85 88 14 55 15 86 22 78 32 23 36 35 80 49 65 2 99 67 56 23 97 20 58 72 51 38 75 65 95 94 65 34 96 66 90 45 40 48 60 28 74 29 48 77 21 90 4 
37 2 89 78 14 95 51 48 89 21 17 34 30 92 77 8 56 28 90 61 24 86 35 28 94 19 7 56 27 96 25 3 85 79 42 99 95 80 91 9 44 15 17 69 79 62 18 18 24 2 90 61 5 43 66 48 65 84 7 37 5 99 26 72 10 64 87 29 86 12 83 61 34 77 71 80 92 52 62 84 84 98 90 12 20 43 45 6 8 36 73 53 87 35 46 86 80 48 47 30 31 58 88 92 24 6 2 56 0 87 31 99 57 83 40 16 21 89 17 92 54 76 8 81 64 79 76 84 98 9 2 44 90 58 36 23 44 95 94 63 60 63 27 19 99 50 22 59 43 26 40 89 2 20 80 82 86 16 92 8 37 88 33 33 10 30 78 36 98 23 28 18 13 51 62 0 66 83 11 40 80 38 17 17 25 79 81 62 51 69 10 29 41 12 75 36 93 59 3 48 96 31 47 90 49 63 91 63 53 21 76 6 74 52 61 55 99 53 4 47 79 39 27 15 22 34 64 76 25 44 49 80 76 14 87 57 48 52 50 26 94 64 16 91 90 68 30 57 68 35 96 7 12 29 50 6 64 97 29 95 14 86 63 74 55 93 13 85 80 42 19 78 19 33 55 10 12 59 63 2 79 73 5 0 9 88 32 34 87 2 24 80 22 32 37 83 13 44 84 21 
95 68 23 36 69 40 82 23 43 41 73 38 50 6 3 29 13 36 68 3 10 72 72 35 60 32 76 84 70 70 88 93 67 71 29 50 83 56 11 42 73 1 55 9 35 31 27 13 25 0 2 77 94 24 14 12 95 78 27 56 82 28 74 76 86 67 53 2 39 74 21 63 12 36 77 96 23 4 73 90 97 49 50 88 35 98 28 47 80 3 18 10 40 1 53 0 64 7 87 75 83 77 49 94 89 13 23 73 10 32 63 75 69 58 81 36 65 21 81 57 55 15 21 24 5 30 97 40 3 23 68 49 1 10 29 59 88 13 22 85 56 19 87 68 64 44 2 49 84 82 5 8 80 25 85 5 9 10 38 52 86 20 80 3 75 37 56 3 76 84 45 40 96 26 56 53 96 30 2 24 63 56 25 49 98 90 74 29 56 30 73 44 84 6 45 83 29 13 18 44 43 85 8 79 67 33 14 26 27 81 79 55 11 48 28 13 11 37 22 36 46 69 25 72 54 0 37 32 93 86 68 91 99 48 76 40 73 15 98 3 10 0 43 36 72 81 62 10 1 3 51 98 91 96 11 73 44 59 39 94 58 61 17 97 37 47 84 97 58 37 7 77 81 69 18 25 94 40 72 69 77 32 56 19 30 3 9 1 82 18 80 77 59 98 5 0 73 27 20 20 
34 87 2 62 99 5 34 48 93 97 93 71 27 39 42 71 48 41 97 25 51 82 62 58 97 84 37 50 43 11 81 79 17 75 1 15 74 34 73 95 24 83 93 7 31 48 95 90 25 51 75 30 24 31 71 39 44 60 40 50 99 56 38 9 90 40 91 49 4 60 54 56 8 18 65 52 52 92 81 76 85 64 6 50 58 20 71 61 75 62 6 83 84 37 79 46 42 8 81 86 70 54 82 86 42 83 0 32 75 11 72 98 47 69 82 35 27 9 33 96 36 77 56 15 91 24 69 22 65 64 77 36 44 1 68 5 52 46 46 22 4 16 86 22 73 45 91 15 63 35 41 81 73 89 37 61 0 37 46 68 87 15 45 53 82 21 68 65 6 35 84 42 31 28 25 78 93 97 13 72 16 42 27 50 71 35 93 85 47 65 33 86 71 26 84 43 59 13 87 54 6 32 85 32 64 74 97 32 4 17 25 36 52 45 0 5 18 79 92 31 51 40 95 3 87 20 15 61 72 77 35 20 58 80 85 12 66 23 20 14 10 92 67 85 65 69 43 80 38 40 35 63 18 1 74 84 37 78 24 75 38 94 6 15 71 9 80 18 23 51 28 18 82 94 33 46 61 46 20 9 59 95 49 25 42 25 25 55 62 3 58 4 91 16 4 19 57 75 95 34 
69 5 33 6 30 25 21 63 68 47 76 55 8 11 23 41 68 68 80 77 38 56 58 50 51 34 76 16 64 60 49 64 29 10 85 5 64 74 18 28 4 16 29 81 54 81 3 55 64 20 84 10 44 57 59 96 64 81 46 51 44 97 23 20 43 29 22 38 1 56 9 49 36 10 46 53 33 89 40 24 14 52 92 79 34 13 93 42 88 97 54 2 84 17 23 39 6 35 87 67 57 73 37 82 51 21 68 98 85 70 35 54 57 2 5 74 90 24 52 0 40 96 49 14 77 37 23 31 72 71 69 47 87 21 42 99 26 84 53 76 86 24 58 34 87 23 33 20 69 84 57 35 20 1 58 0 15 0 87 93 71 58 3 66 49 53 60 56 53 40 64 47 47 73 4 37 14 2 34 70 31 3 55 93 84 74 85 66 98 4 73 74 60 87 65 12 37 45 20 58 48 72 14 71 53 58 97 45 3 35 76 47 4 53 59 67 4 84 15 54 58 73 71 64 47 27 83 41 48 32 45 19 10 5 57 36 20 50 90 32 5 28 5 2 87 99 71 70 7 6 75 7 98 56 97 77 27 86 90 6 14 3 55 12 60 67 96 3 4 42 94 13 26 91 11 21 50 92 93 60 43 93 5 61 28 89 93 4 14 11 65 21 75 5 31 86 7 61 40 90 
65 17 53 55 24 44 65 91 95 9 85 10 42 68 90 55 54 35 1 84 10 59 69 7 35 47 12 7 41 35 15 54 63 17 35 8 8 12 80 92 99 18 69 49 24 64 24 95 25 47 52 11 0 57 36 81 37 56 38 57 10 6 56 48 29 70 73 3 42 95 47 7 6 10 63 12 99 52 50 84 88 0 11 56 28 78 48 21 62 53 6 66 80 2 7 58 64 33 26 88 46 0 70 86 95 34 79 22 90 81 53 54 65 63 65 7 18 65 97 77 90 50 75 80 5 22 29 33 40 86 47 59 20 7 97 76 20 29 91 17 44 71 95 9 10 91 66 68 17 35 53 95 77 78 33 30 91 39 89 94 97 32 19 92 55 42 89 54 67 92 1 84 26 49 87 81 16 38 62 59 27 16 34 89 75 65 29 24 60 37 35 88 78 64 18 51 28 62 49 66 25 42 4 23 56 16 13 34 11 37 26 48 98 39 64 65 11 61 74 58 28 3 60 62 97 65 16 76 35 74 62 89 22 60 93 54 38 47 38 37 27 54 61 19 39 44 49 5 78 3 72 3 25 33 66 66 72 80 14 27 92 20 19 99 21 46 87 8 31 95 41 48 0 77 32 5 73 45 7 16 44 58 91 90 38 64 4 11 20 73 7 13 35 84 60 73 56 59 34 36 
49 47 39 32 33 81 29 88 82 63 29 38 9 44 60 20 2 40 99 77 33 67 16 88 19 91 69 81 29 16 74 35 86 36 66 50 67 3 7 65 28 29 92 47 77 41 34 18 10 44 89 40 2 74 27 57 54 41 7 0 13 24 48 18 95 65 0 96 82 66 47 85 1 9 11 79 55 18 34 20 74 37 57 76 25 68 18 77 34 73 49 67 16 80 51 81 48 47 29 28 90 23 27 74 3 47 14 42 57 3 34 82 90 50 32 29 0 42 97 82 40 0 43 53 18 39 12 36 0 70 19 72 75 46 82 46 90 28 77 36 25 43 12 72 41 56 17 39 60 15 98 94 8 9 90 93 34 14 85 44 97 57 48 18 24 98 48 91 12 8 85 1 12 46 4 43 0 3 32 78 81 28 19 12 25 61 92 93 50 41 20 79 69 45 8 89 95 68 49 87 64 86 33 69 5 14 4 93 24 78 37 55 35 84 51 87 32 27 40 84 20 47 29 35 65 41 97 5 46 67 78 93 29 34 97 77 26 65 6 40 55 41 41 4 1 5 15 17 26 80 95 34 69 48 82 50 89 26 29 89 74 99 83 13 12 34 30 55 69 47 30 82 21 97 27 62 61 7 58 85 17 40 99 74 25 21 49 82 97 24 95 27 79 58 42 39 5 36 63 37 
63 29 90 33 76 22 59 2 65 28 56 55 73 94 39 38 51 98 58 1 32 98 64 70 96 58 97 7 83 36 4 17 8 6 96 88 86 31 78 22 66 29 46 71 16 43 48 22 49 67 31 65 91 84 14 2 66 43 15 72 44 35 42 29 72 64 20 95 41 49 3 56 23 32 26 97 84 22 1 88 57 74 22 73 23 27 8 8 30 10 61 37 70 8 8 99 27 8 60 77 51 8 98 70 98 81 59 41 39 12 86 97 80 58 10 45 94 79 11 34 66 83 21 87 98 72 46 57 48 40 42 16 8 11 40 98 85 8 98 99 91 0 67 77 30 13 4 17 96 99 73 29 22 41 54 23 84 51 45 94 49 16 57 67 66 74 48 35 86 39 61 43 41 79 93 88 86 23 39 69 35 52 53 41 52 53 1 61 72 40 4 70 76 83 54 74 56 14 54 77 35 25 91 1 8 48 15 55 98 65 11 37 41 81 23 15 42 14 76 65 22 12 99 8 14 78 11 57 1 95 2 52 40 36 28 10 30 52 1 0 52 7 48 65 95 31 32 93 50 77 46 20 17 78 91 2 50 65 3 24 74 48 13 24 43 5 9 92 1 71 64 48 5 36 71 53 65 58 71 57 38 49 11 84 26 91 42 71 10 27 63 64 39 50 86 49 58 83 93 53 
98 28 27 20 81 69 27 45 71 57 16 77 34 31 64 39 37 11 35 71 20 40 53 11 8 16 66 87 99 50 4 11 53 88 90 39 76 10 61 37 21 33 48 99 76 78 92 79 26 5 91 23 77 42 32 18 48 3 76 30 52 76 63 4 50 86 34 88 57 54 75 6 42 25 62 29 99 39 79 82 53 45 80 45 17 86 52 22 80 75 48 66 6 19 49 82 28 35 82 89 58 21 39 42 16 54 30 5 42 86 34 71 65 84 49 22 40 23 26 5 13 35 62 19 84 27 70 79 45 87 38 25 49 88 45 91 73 75 73 34 82 46 32 21 0 74 54 6 21 90 97 69 37 95 75 10 84 45 63 10 11 32 15 80 7 23 15 7 70 57 18 52 67 72 37 26 40 78 68 46 70 18 33 24 32 8 54 25 0 1 91 7 23 73 3 70 43 17 3 64 10 35 5 63 45 7 13 21 30 69 70 24 65 25 35 40 68 34 47 50 37 18 82 50 65 84 9 75 71 51 85 17 55 26 86 67 67 52 17 30 93 55 52 54 23 23 26 91 27 72 79 3 63 8 88 35 40 78 46 75 73 0 35 69 83 82 94 0 27 99 32 89 47 55 19 14 96 13 62 11 51 63 17 34 54 9 26 42 6 42 8 18 7 25 23 42 27 98 68 94 
11 63 7 18 22 61 86 86 39 23 60 7 98 23 9 93 86 46 39 63 5 9 30 48 27 13 76 71 39 75 97 49 20 80 81 53 71 6 13 45 78 64 62 7 44 71 16 62 38 38 68 42 34 78 32 41 93 45 55 72 91 88 43 29 81 83 22 42 2 98 73 2 7 13 75 19 59 39 41 88 95 27 76 3 41 62 39 41 71 21 79 13 74 22 84 31 32 92 30 22 39 48 81 67 59 65 96 3 26 96 64 83 77 77 59 22 97 45 90 57 92 32 60 42 2 32 40 49 43 18 30 71 62 13 65 79 2 9 91 63 48 86 45 58 72 45 73 88 56 18 2 95 59 31 74 91 37 83 10 12 24 94 41 90 70 52 97 14 72 57 47 55 86 60 25 59 8 47 3 39 60 45 37 97 77 89 94 72 64 14 38 81 49 48 11 24 48 38 30 76 44 76 16 19 16 11 83 29 12 50 28 65 6 35 69 65 58 71 51 49 55 2 12 14 35 95 85 67 0 78 59 37 95 94 11 8 2 70 84 77 85 19 88 32 74 32 82 5 78 32 38 35 1 3 0 37 97 7 34 33 86 57 57 33 73 28 71 56 27 78 99 9 27 69 52 30 0 59 38 19 20 85 9 20 44 40 79 41 57 17 90 80 50 67 43 36 94 86 1 16 
64 47 76 98 78 13 83 89 4 77 79 45 37 65 82 49 50 82 41 45 37 13 14 86 55 71 13 79 14 99 63 89 70 0 47 52 14 82 73 31 93 54 24 82 50 33 1 47 0 36 16 75 98 38 61 6 54 42 43 96 53 88 83 89 19 29 17 39 10 1 42 19 96 33 38 98 49 73 36 52 66 19 54 50 36 65 15 16 83 59 18 20 38 1 81 18 43 39 5 0 84 18 71 1 93 62 60 25 62 60 25 58 4 87 10 22 51 17 57 71 34 43 69 84 98 73 3 86 24 6 7 33 18 4 36 41 52 34 78 27 55 27 96 0 89 35 21 11 10 47 89 9 83 21 40 18 1 32 95 91 64 45 32 76 33 55 7 19 25 13 92 68 94 61 3 65 51 99 34 1 23 94 18 53 94 62 84 84 47 63 92 80 21 49 31 27 21 93 18 63 19 70 43 12 85 43 68 59 40 60 5 8 28 91 69 35 14 74 0 12 44 74 63 45 69 82 36 88 73 91 60 49 95 18 86 51 66 45 2 33 89 34 6 48 6 62 36 44 16 40 64 64 31 32 99 30 36 15 56 54 91 88 57 73 65 76 54 81 81 26 82 87 89 48 18 2 5 18 70 78 56 17 33 31 21 94 56 58 72 28 10 25 69 6 26 7 61 73 57 94 
44 38 7 5 82 67 0 16 8 96 51 54 74 68 37 41 30 71 19 76 80 74 98 28 80 61 42 43 3 41 86 15 37 58 45 19 94 66 56 35 73 91 24 72 1 98 91 50 74 36 98 69 79 81 28 61 64 94 82 90 30 55 38 2 82 54 52 77 74 58 35 40 22 88 56 45 87 18 48 81 9 85 99 10 10 16 57 83 96 1 76 66 68 31 95 45 65 45 17 43 58 99 32 37 16 94 15 3 30 49 10 92 90 69 26 55 37 56 84 54 22 69 90 77 59 59 44 98 15 84 55 30 66 84 19 40 87 78 58 92 55 50 56 3 15 64 6 40 72 80 86 66 56 11 12 77 72 68 53 51 23 38 10 96 38 82 77 19 2 64 8 6 70 22 43 36 46 71 31 85 14 81 86 43 87 26 96 68 22 97 70 86 59 72 19 22 69 4 37 52 31 95 81 55 34 5 73 8 48 14 85 59 20 55 84 10 67 11 20 68 15 24 52 93 89 6 49 65 5 98 3 42 12 79 54 65 65 14 92 39 93 8 49 76 31 5 92 53 24 13 96 43 9 65 35 55 86 15 61 35 80 26 28 96 26 78 66 78 61 38 60 45 20 26 66 6 37 43 35 61 49 73 22 44 81 81 97 88 58 67 77 54 47 50 7 16 49 9 17 85 
11 40 12 11 6 64 72 27 18 90 12 23 75 23 0 67 95 39 68 8 81 88 83 96 45 78 48 41 65 19 4 90 87 25 28 83 32 72 32 73 76 38 71 21 39 18 53 28 35 13 47 31 71 91 22 83 36 55 67 71 93 5 50 81 85 68 36 11 44 33 5 55 61 18 37 9 7 38 38 86 37 16 19 69 11 51 3 86 30 69 65 74 23 94 71 30 16 90 5 5 94 77 79 68 83 75 13 37 23 85 34 24 92 39 75 34 90 29 93 24 60 15 81 82 13 0 47 89 82 47 50 15 8 65 2 90 64 21 11 87 29 53 21 67 41 75 19 6 96 16 88 99 46 25 4 64 92 27 55 94 1 74 99 48 8 12 87 16 48 11 24 42 7 26 35 24 84 95 35 29 25 86 49 62 92 13 29 14 92 9 62 61 46 75 24 47 24 91 37 86 5 41 91 13 38 13 45 87 33 9 16 11 5 75 59 81 57 25 0 29 80 63 33 58 44 99 74 90 54 33 21 92 18 16 24 50 78 13 10 64 60 1 69 29 3 45 66 36 87 17 37 73 62 68 26 34 41 34 44 52 99 27 66 74 58 80 52 28 47 83 54 80 52 96 10 21 89 9 14 59 12 90 9 75 44 57 95 51 99 76 7 37 62 48 28 20 82 16 45 27 
41 35 62 37 19 94 68 29 1 9 40 98 49 47 23 25 39 25 88 22 76 91 46 53 53 69 59 3 70 49 54 55 51 40 13 92 23 34 14 23 84 9 7 50 38 33 35 85 27 86 15 80 38 26 25 72 14 14 72 9 18 46 72 20 15 95 79 14 77 61 36 9 13 97 11 21 34 36 46 46 92 80 82 32 45 95 48 62 26 34 74 7 9 12 73 66 31 15 97 22 85 98 95 89 74 20 73 76 83 15 67 63 21 40 53 73 43 59 4 27 41 70 2 82 48 62 72 97 72 13 30 83 66 38 66 33 49 78 8 24 47 3 54 62 3 86 22 45 95 13 88 36 11 53 50 68 28 18 65 54 45 20 2 83 29 84 33 76 95 0 29 55 11 75 75 62 66 97 47 7 20 29 9 55 91 72 12 14 55 5 61 7 32 29 2 53 35 45 29 82 36 38 6 11 11 80 43 19 38 42 43 98 87 25 17 17 11 6 7 21 25 61 43 25 43 52 9 73 30 5 60 19 0 31 9 14 35 42 81 85 55 80 91 8 20 82 46 55 97 92 52 32 92 62 7 45 99 96 67 42 14 87 17 51 19 12 65 2 62 56 26 12 49 64 62 8 31 31 4 99 82 26 54 46 54 91 62 1 52 90 44 6 77 87 93 42 24 36 99 98 
86 58 57 52 95 66 24 54 15 38 45 79 70 23 85 9 37 5 27 63 94 85 9 60 89 47 34 20 56 52 62 2 57 93 66 85 34 53 41 46 89 47 35 57 64 60 78 12 15 4 66 26 52 62 53 81 12 45 95 49 19 95 34 1 76 49 89 63 78 45 70 36 57 39 86 27 10 68 92 35 84 90 56 57 56 52 1 95 24 65 40 53 25 94 24 97 66 81 43 66 43 91 66 61 7 6 48 84 82 40 83 2 58 46 48 86 72 48 0 11 26 4 14 60 54 1 98 5 69 58 51 6 80 27 6 35 15 43 91 84 97 19 35 53 8 22 42 44 37 65 62 85 1 93 40 63 53 91 59 25 79 19 86 32 43 80 68 23 45 23 26 55 7 14 61 80 85 15 15 59 91 44 59 93 23 77 51 16 80 65 28 37 45 45 62 18 58 35 54 73 44 57 42 17 64 16 32 87 34 24 53 23 10 81 28 88 18 36 57 45 53 78 95 6 35 92 41 78 18 35 32 50 81 98 6 94 27 46 17 30 47 58 59 64 37 63 96 76 63 25 84 4 65 79 7 10 69 87 95 18 55 81 25 64 12 6 98 42 58 80 11 13 72 0 42 42 25 3 87 43 58 77 31 47 47 7 8 78 55 66 38 48 1 93 21 77 45 80 74 13 
19 85 6 21 44 39 24 45 58 36 54 23 87 95 47 28 97 23 3 19 20 75 68 75 27 54 72 0 40 28 3 27 43 86 86 88 48 6 72 65 24 87 44 70 21 56 87 33 49 14 91 27 78 27 24 38 74 1 86 56 12 67 32 36 1 30 0 32 61 39 66 91 15 39 29 83 18 79 55 45 8 89 0 75 95 85 23 75 19 97 72 23 63 17 86 24 67 90 55 19 73 47 63 9 58 1 50 78 88 25 64 48 18 84 87 24 24 79 28 57 71 26 62 56 79 9 67 40 15 61 55 31 32 52 30 8 87 37 33 18 96 58 73 58 87 22 3 77 72 13 79 88 85 2 82 95 1 80 89 66 94 64 65 98 4 46 47 73 0 2 9 53 58 21 18 23 31 20 24 89 33 68 97 68 44 87 94 60 56 74 48 84 84 11 43 2 75 96 39 54 70 9 95 78 77 59 15 23 33 17 27 66 85 32 8 33 3 9 45 91 58 74 42 4 73 33 80 2 51 75 9 37 69 61 9 5 47 63 57 70 82 42 11 27 93 32 58 47 55 49 84 72 5 40 25 8 49 58 21 10 58 98 37 36 76 51 26 94 6 94 47 76 34 83 40 8 45 36 31 78 64 47 17 39 86 5 88 39 35 36 80 86 40 22 16 1 36 98 87 54 
19 55 70 53 49 83 7 25 77 22 94 90 26 30 15 76 5 9 4 40 28 4 28 37 31 7 17 11 2 75 22 79 2 91 84 41 23 46 62 45 16 35 87 80 9 87 39 83 22 99 88 21 29 29 98 25 14 92 52 14 24 17 29 6 59 86 31 85 23 97 56 87 72 38 66 42 52 29 19 40 17 64 36 89 99 97 85 54 96 54 18 86 27 45 28 95 9 63 59 23 86 52 94 44 11 57 96 37 64 57 70 48 53 63 53 84 49 52 45 78 66 76 18 39 34 39 5 19 29 54 63 29 84 86 50 65 18 64 88 62 53 30 44 17 83 69 89 46 50 31 30 38 36 83 0 17 11 38 6 28 15 68 51 9 93 28 87 46 61 40 62 40 35 65 50 13 47 21 43 47 13 94 21 86 70 10 28 28 56 71 71 96 15 17 7 33 57 1 33 31 67 5 55 62 62 33 59 42 69 40 52 55 19 92 89 26 19 94 39 12 70 53 34 5 97 88 59 3 28 18 9 81 46 82 42 54 17 67 71 2 93 82 70 42 84 30 70 75 21 50 52 77 25 97 93 93 81 10 84 57 21 47 98 38 28 8 47 71 94 23 79 0 82 78 92 41 96 75 97 99 98 99 27 27 97 35 8 43 42 51 66 30 93 83 12 96 30 22 39 0 
83 76 6 27 57 1 94 54 78 16 93 84 27 37 73 3 97 57 29 19 41 54 3 86 68 74 56 25 20 9 28 31 49 31 36 25 86 30 61 46 56 96 46 92 71 63 73 71 38 46 6 4 26 67 37 25 74 98 65 51 58 57 41 15 23 15 13 81 29 86 60 50 24 56 69 5 80 90 92 36 8 72 14 60 97 83 87 11 74 52 99 44 83 61 11 72 11 9 46 3 26 96 63 96 51 88 73 54 24 33 36 99 91 32 90 2 6 98 86 76 38 27 51 26 29 25 20 18 15 25 34 75 77 29 27 82 5 43 62 14 25 17 59 27 47 45 1 58 28 19 8 16 36 33 4 0 6 62 91 37 12 58 42 1 29 93 51 67 25 29 69 15 25 5 56 51 0 56 39 4 56 23 44 23 73 10 6 18 87 56 28 77 82 32 61 1 87 71 75 14 85 47 53 68 53 38 40 73 49 64 60 0 2 65 91 61 61 19 98 80 59 66 48 55 5 92 75 39 7 51 92 85 31 53 38 29 56 60 62 20 95 30 81 23 66 38 95 54 80 11 14 70 32 25 74 49 1 78 32 36 97 35 65 35 12 95 72 74 72 26 54 56 38 2 13 27 0 42 43 95 45 96 89 20 64 72 79 36 21 81 9 86 20 56 74 24 44 75 68 27 
55 29 61 76 54 19 28 21 43 52 35 74 77 39 44 78 8 24 77 65 26 54 41 6 26 61 39 76 82 24 33 92 78 36 2 42 83 77 63 94 21 84 52 81 64 67 37 8 28 1 62 10 44 73 60 93 81 4 97 79 52 92 68 26 69 92 77 45 40 33 77 16 12 96 49 70 66 89 15 22 80 98 42 81 71 37 27 57 42 9 59 21 80 24 67 63 44 8 98 13 38 63 62 73 81 81 26 31 79 48 86 48 72 51 95 52 7 2 29 28 17 45 50 22 95 19 24 24 2 77 54 35 66 2 71 35 79 46 32 15 35 38 59 63 95 38 55 65 23 17 82 80 33 52 37 70 33 1 23 10 65 62 44 1 41 79 15 88 12 0 22 41 33 11 97 93 67 8 58 59 93 86 99 75 40 45 0 49 30 20 11 39 71 68 17 0 58 74 38 63 2 98 0 63 14 12 96 48 50 88 90 38 59 36 15 20 36 13 31 44 26 14 96 76 81 39 59 20 80 30 9 43 62 30 46 28 86 41 45 82 1 8 45 73 2 56 34 39 78 19 67 69 96 11 82 70 42 94 40 82 34 43 27 94 88 96 85 52 93 89 95 37 91 40 66 34 69 21 48 3 70 68 55 73 53 0 33 52 20 94 8 36 89 70 48 63 32 6 89 51 
82 73 58 68 14 65 38 56 50 32 50 34 76 35 87 5 81 56 10 33 33 70 85 4 85 23 29 46 62 5 36 37 7 64 7 10 48 71 23 7 31 12 92 71 39 73 68 43 32 16 33 79 91 63 41 32 94 37 84 19 69 15 56 58 50 59 77 53 26 85 32 88 5 78 16 66 61 73 13 1 94 72 52 97 48 56 92 6 59 41 91 46 62 0 84 90 72 13 32 64 68 7 82 61 0 2 0 88 28 37 14 22 26 3 9 15 53 38 60 73 62 86 22 67 6 28 4 45 65 3 28 27 78 15 39 59 16 47 79 19 45 34 12 82 89 54 79 41 1 37 19 12 17 45 76 11 14 9 77 0 24 97 22 42 15 90 14 46 21 66 17 60 39 82 22 92 15 84 27 35 82 56 48 73 81 54 81 48 25 30 42 61 19 22 25 25 57 59 91 51 50 70 39 27 56 33 72 58 40 50 48 1 62 8 76 31 74 32 61 3 26 81 47 69 84 27 46 8 2 16 39 68 48 28 0 49 94 50 2 55 32 32 98 63 70 8 74 98 55 27 65 49 92 59 57 33 92 19 24 35 35 33 33 91 92 31 12 8 7 2 29 55 2 29 29 25 14 81 22 18 90 12 8 72 52 7 11 55 19 63 23 6 60 23 29 10 59 64 56 66 
97 33 48 62 92 1 54 7 94 62 84 31 41 47 62 10 22 2 25 9 45 46 3 62 0 74 28 87 4 99 99 65 56 26 68 80 16 34 80 14 25 56 33 45 77 83 64 13 2 99 64 62 49 49 85 65 1 9 73 44 46 67 9 35 30 37 71 14 91 1 75 60 13 10 16 69 6 97 41 87 47 27 35 85 85 39 88 24 25 97 88 3 40 88 47 50 18 68 24 62 36 33 72 83 80 45 66 73 68 57 21 11 98 53 90 44 7 46 20 32 89 13 42 55 47 44 68 68 67 20 32 93 77 19 94 29 3 57 53 94 6 86 57 52 84 22 26 74 8 51 22 95 97 6 78 84 31 0 56 64 18 44 85 39 4 6 61 32 45 13 63 73 38 64 27 92 83 82 86 7 80 64 61 35 5 63 56 46 92 87 24 58 27 89 10 1 83 64 22 38 56 90 28 40 78 64 78 62 63 24 90 7 22 49 65 59 56 49 76 57 29 18 43 58 70 54 51 41 76 85 20 45 38 39 86 1 83 82 11 74 78 12 34 38 4 97 59 86 12 36 87 69 51 72 49 16 10 37 97 57 87 22 59 96 49 49 91 54 76 37 92 56 34 52 31 96 92 21 62 54 23 31 80 98 99 43 6 36 32 14 11 76 90 19 4 87 63 87 7 33 
51 42 16 52 93 89 68 9 95 57 50 14 90 23 24 60 19 23 71 34 73 34 37 25 23 71 50 94 41 90 76 69 38 60 4 22 65 10 10 5 57 68 35 34 68 35 1 3 91 58 63 14 86 89 31 34 36 71 53 8 66 38 52 57 71 88 38 43 83 41 99 77 57 70 86 98 35 68 69 8 69 49 63 56 50 42 58 26 39 30 93 71 8 18 34 31 84 38 32 69 34 18 61 47 13 40 98 70 49 61 36 85 39 95 45 29 92 30 66 93 53 89 87 43 85 23 99 50 53 85 90 41 56 14 96 76 75 46 0 66 28 63 81 79 95 77 47 43 95 64 73 91 65 76 70 90 42 88 34 74 52 57 15 16 75 45 46 53 36 11 11 82 38 62 32 35 27 6 69 64 60 33 17 44 65 74 47 5 71 54 71 99 27 44 67 96 36 34 37 64 52 48 79 31 99 85 61 27 36 80 1 70 43 29 41 72 15 27 44 88 20 72 22 81 96 55 38 71 71 46 37 67 87 28 80 7 21 4 16 65 53 23 1 23 20 51 38 63 44 4 87 95 56 63 76 12 41 29 13 39 32 16 24 13 72 84 55 55 62 61 30 56 84 84 49 65 83 7 6 37 88 61 96 59 33 58 68 48 87 87 38 22 54 89 56 53 77 32 35 0 
72 73 39 71 35 99 23 90 15 46 63 10 15 45 81 30 25 62 43 14 89 84 56 18 31 52 69 41 4 83 16 16 81 67 61 84 15 63 29 5 50 24 97 3 64 65 88 10 93 87 55 60 45 58 36 9 5 62 77 92 98 37 19 97 78 5 94 98 72 65 2 33 42 36 78 94 81 81 53 77 80 84 10 43 49 73 44 62 9 55 6 90 67 88 95 45 34 27 9 81 54 12 3 48 64 87 57 36 76 80 70 65 56 46 52 80 6 54 3 89 91 70 91 15 94 81 56 18 11 14 27 37 80 5 55 5 75 20 55 74 66 6 37 85 71 40 39 57 20 77 70 54 22 20 49 79 96 59 43 19 19 86 11 34 8 36 42 40 93 20 13 55 71 60 6 32 67 7 73 24 95 13 60 33 60 96 70 98 94 84 91 35 59 38 69 36 28 20 44 73 80 47 44 58 10 70 59 52 34 62 38 64 11 23 81 22 47 59 29 48 10 8 96 0 83 70 21 43 37 61 38 40 57 0 44 61 13 15 74 4 85 26 88 24 47 90 73 97 44 12 71 41 73 12 50 1 63 60 32 88 31 92 23 58 32 84 15 39 70 4 90 96 51 31 97 86 52 91 37 50 71 32 62 18 10 96 38 2 22 21 45 97 13 65 0 25 29 14 43 35 
82 0 8 20 86 76 12 29 82 90 0 22 60 70 69 89 91 87 43 87 42 48 80 3 89 23 23 58 28 11 87 59 17 24 86 16 24 42 94 65 57 10 19 35 2 51 12 27 50 65 6 52 85 67 70 99 65 3 50 54 60 70 88 82 47 88 19 40 94 44 14 38 5 99 76 94 38 75 52 73 60 8 30 45 36 86 58 11 86 28 61 27 10 28 29 44 75 95 88 97 72 43 88 56 21 95 85 56 32 13 96 29 97 77 15 31 67 82 0 33 32 51 99 38 18 60 6 17 50 69 39 5 54 70 76 31 70 23 54 23 96 14 60 37 41 31 21 16 33 43 97 87 54 44 67 0 8 51 27 37 17 95 15 69 59 98 19 67 88 38 17 13 34 29 77 32 71 44 69 97 80 28 60 35 6 2 36 72 92 25 9 9 93 81 16 6 25 74 32 40 15 82 72 29 66 55 86 81 40 88 42 51 38 38 9 96 10 50 27 61 33 81 51 31 65 26 7 50 74 87 80 22 91 55 10 18 99 60 71 86 73 56 84 0 24 80 17 93 95 31 34 29 84 56 58 72 56 83 47 50 83 65 1 50 60 14 84 50 94 19 32 82 24 0 36 54 74 3 59 80 21 81 73 15 13 97 52 33 25 67 20 39 47 75 13 94 5 6 41 72 
99 16 10 1 21 27 97 67 44 62 59 76 24 30 54 39 80 93 63 76 69 47 11 64 52 62 48 24 43 73 25 12 82 76 24 39 30 70 63 45 77 90 89 33 71 24 19 9 93 35 67 34 88 51 95 20 32 41 44 74 94 40 41 18 95 95 75 28 85 16 91 43 71 55 94 3 36 39 35 45 84 92 18 72 82 30 8 21 45 37 91 78 18 97 51 86 77 80 38 96 56 14 0 97 72 68 65 34 93 40 67 15 68 8 14 49 59 93 51 26 29 49 17 34 38 52 86 24 57 8 65 7 17 67 2 90 17 82 7 43 87 19 69 39 82 98 35 92 58 71 82 79 17 14 96 76 88 41 31 60 79 66 92 85 44 4 5 60 61 88 67 44 2 51 63 49 14 50 31 31 60 89 28 72 88 80 86 67 66 54 4 2 11 15 28 59 51 9 14 22 46 19 5 50 53 77 97 97 76 98 40 57 13 94 34 13 80 98 82 35 41 42 84 75 37 55 96 19 89 25 24 76 34 50 57 73 66 88 78 16 95 43 69 26 33 55 82 58 79 97 97 44 89 43 43 85 96 29 96 22 9 85 96 34 7 94 40 26 27 5 42 16 21 0 11 30 76 3 43 15 26 44 50 54 49 54 50 53 82 17 73 93 0 12 49 29 31 7 81 51 
33 67 57 30 88 87 65 25 34 23 85 68 17 48 41 57 3 30 64 52 5 44 50 18 22 87 99 71 26 16 52 58 16 11 80 71 85 96 43 31 30 91 73 57 32 24 14 45 65 15 13 0 98 38 63 55 71 49 22 89 70 57 2 54 39 24 2 97 88 96 69 36 65 74 94 35 38 61 26 78 20 79 46 35 76 6 57 87 78 95 91 27 21 44 94 14 44 55 35 54 56 95 80 60 39 97 37 68 89 58 76 44 60 80 78 72 81 89 55 33 12 9 5 78 93 22 0 44 33 8 28 33 39 72 87 87 88 7 80 74 59 20 45 99 73 2 49 14 35 43 29 47 78 34 24 16 20 54 72 15 19 78 15 9 35 83 82 2 83 9 33 19 41 23 88 64 54 86 64 75 83 91 24 44 17 6 73 99 87 1 39 31 82 86 67 40 69 94 2 19 38 34 0 53 14 86 41 93 68 96 54 54 89 33 67 72 8 50 67 34 1 6 40 96 2 39 77 97 45 39 62 56 63 35 43 70 12 70 48 3 52 55 43 31 69 10 26 47 98 46 86 40 24 47 96 78 35 74 3 4 23 30 18 59 7 56 24 20 21 74 70 83 8 39 87 2 27 38 17 49 70 69 3 91 98 76 70 77 0 47 96 29 18 52 11 74 90 32 30 62 
47 7 42 80 8 90 35 47 86 4 33 58 45 80 53 6 92 59 70 93 58 73 37 92 64 28 88 47 99 20 10 76 16 48 44 77 66 29 62 90 23 37 13 50 15 35 0 85 22 25 48 26 37 92 97 29 11 95 9 56 96 71 75 86 5 54 68 56 60 79 9 43 35 40 38 5 72 45 36 47 64 21 5 40 69 33 48 24 68 89 47 44 7 58 29 35 13 21 19 32 7 78 74 98 3 90 2 32 80 42 78 26 5 28 48 99 89 84 86 10 59 93 17 86 97 44 41 49 26 84 45 48 27 26 20 96 30 39 11 37 38 23 9 38 27 37 66 64 35 88 4 1 63 28 47 92 34 50 37 68 82 56 72 86 44 80 0 91 39 10 17 61 84 36 38 45 92 78 57 29 13 82 89 62 13 21 78 33 89 55 75 78 6 20 6 89 82 88 36 24 5 4 78 81 20 20 68 96 53 23 31 24 4 22 89 74 62 77 24 49 4 28 7 20 74 1 62 65 72 17 71 16 89 92 4 31 59 8 31 19 14 17 12 71 52 59 13 99 80 4 52 12 89 97 44 46 86 66 69 26 12 32 13 69 7 54 11 85 44 87 87 58 98 48 98 64 77 33 0 47 92 85 99 26 57 9 94 92 57 20 97 77 4 84 31 37 27 80 97 78 
93 2 25 10 51 7 67 94 98 9 82 44 9 12 51 60 92 73 25 11 25 78 0 92 53 82 20 87 68 28 68 45 56 93 60 81 35 63 78 80 4 7 88 36 97 18 39 48 82 88 70 69 80 93 38 76 66 93 8 2 76 2 44 56 54 15 4 65 99 55 96 48 23 6 73 78 6 7 3 91 15 75 52 16 67 61 50 1 25 42 11 16 73 11 87 10 47 89 30 68 83 68 68 17 19 43 85 10 73 58 64 90 18 81 91 82 45 17 24 4 76 9 14 76 44 39 75 71 95 22 5 80 7 89 18 7 56 9 72 24 90 60 53 75 20 75 36 17 36 38 20 87 68 65 56 46 52 41 59 7 30 78 25 71 82 15 83 2 38 57 7 55 65 73 78 44 89 53 62 48 38 7 47 52 25 74 78 38 87 49 40 78 51 83 79 31 70 18 5 54 68 26 25 93 29 64 60 27 25 98 9 22 77 81 92 97 3 90 43 48 88 69 92 16 63 15 85 95 21 73 14 79 59 17 55 6 67 9 98 54 0 18 73 33 59 91 19 24 62 54 79 88 14 46 38 81 6 10 26 83 36 1 46 93 87 18 88 80 80 25 68 83 57 15 51 24 81 10 68 64 65 37 74 14 46 67 75 1 24 65 7 27 2 25 48 76 68 40 44 48 
90 68 27 44 41 42 30 87 90 18 96 80 13 29 45 70 48 58 49 69 97 64 98 79 33 14 44 77 54 56 35 26 41 69 74 60 0 50 27 30 24 34 99 2 42 78 3 48 7 87 47 43 40 82 98 71 51 7 74 6 64 93 6 14 63 65 85 91 86 41 21 77 1 51 55 25 60 25 89 53 97 63 5 12 75 87 32 83 10 85 55 41 91 68 24 93 2 35 52 93 19 43 84 32 98 72 18 45 7 34 1 7 40 34 0 69 56 69 18 47 72 36 78 60 63 92 57 25 63 64 8 54 22 9 52 84 43 38 87 18 30 24 37 48 17 23 55 68 76 73 43 7 61 55 15 5 44 62 30 24 66 47 64 30 93 83 86 3 16 64 75 72 78 8 89 30 92 27 38 95 30 10 80 59 19 46 51 18 66 38 98 16 19 49 81 41 58 64 45 42 16 7 68 31 3 21 71 87 49 49 98 73 84 70 67 80 4 18 81 73 68 31 9 79 18 14 90 7 54 77 82 70 33 98 37 52 93 56 33 5 27 2 22 17 40 41 39 28 98 23 9 41 55 13 44 72 42 53 7 12 48 69 7 69 5 74 91 89 8 28 51 50 84 37 14 81 3 0 56 81 99 85 56 29 40 14 38 34 61 59 88 41 82 81 98 72 93 47 88 63 
7 14 59 73 30 79 54 80 13 15 75 25 96 66 80 39 32 19 27 59 61 59 38 76 66 40 59 96 76 36 63 63 92 10 55 70 62 64 35 98 50 77 79 70 60 45 28 10 50 39 40 50 15 90 4 99 77 35 52 36 56 66 96 7 25 71 66 89 32 31 60 83 94 67 80 3 53 64 13 42 13 39 32 31 18 63 10 24 67 42 39 39 83 72 44 13 15 78 13 26 7 93 10 47 28 60 19 27 85 43 1 3 8 46 23 38 84 31 97 33 88 96 7 35 31 27 10 31 66 66 11 93 81 41 80 70 41 17 30 32 57 80 35 93 28 6 57 23 11 18 44 68 60 89 73 67 26 46 42 11 57 28 36 82 28 68 6 64 89 93 12 17 53 40 99 76 37 27 43 22 20 23 79 75 42 70 44 95 45 86 33 67 2 83 28 5 77 13 36 5 32 65 86 66 13 33 26 53 31 71 84 19 83 87 7 65 32 79 96 27 87 7 17 13 15 40 52 54 12 85 67 38 2 37 74 15 28 11 91 50 46 91 44 14 60 57 10 78 24 80 93 55 38 80 45 64 85 62 39 1 69 35 70 37 62 0 23 44 44 94 83 32 53 34 80 56 63 54 19 89 54 27 32 19 36 50 10 96 68 42 41 71 3 20 61 8 17 71 10 17 
91 49 32 28 61 97 15 7 23 5 3 40 96 99 68 75 38 0 50 53 87 92 47 2 55 76 37 25 40 89 69 50 54 44 84 28 78 11 62 17 93 83 48 2 21 98 54 27 56 23 80 47 76 15 32 16 89 38 37 62 4 19 2 71 37 28 95 94 88 22 31 12 13 95 17 15 40 85 1 63 54 50 97 18 97 8 72 15 85 23 45 85 92 16 1 57 63 53 95 16 7 2 28 6 71 58 83 80 2 7 17 52 15 22 3 74 87 22 68 85 79 82 58 36 51 93 21 70 46 78 98 52 22 52 85 21 15 32 96 35 55 8 70 76 45 86 85 55 50 66 51 60 91 12 83 14 64 54 10 51 80 72 60 57 23 60 28 71 8 12 22 13 87 18 93 73 66 95 4 2 30 7 13 26 96 80 72 54 88 22 48 61 50 74 15 55 68 69 47 79 67 7 69 50 53 26 9 57 87 13 34 49 2 70 39 14 87 31 58 90 15 17 40 38 92 33 9 98 90 16 61 84 64 60 56 79 15 47 38 94 39 7 26 69 15 35 12 4 80 45 48 53 5 80 21 72 62 40 33 5 52 60 79 44 55 28 47 62 35 47 29 62 40 54 76 63 90 41 72 28 7 49 94 43 22 11 51 2 3 24 56 30 60 86 76 30 84 2 50 1 
78 90 25 27 56 69 93 33 8 17 91 66 56 72 28 56 1 97 22 15 45 89 56 56 16 70 20 62 15 51 22 22 80 25 62 0 13 13 28 13 32 82 2 78 66 53 63 88 79 87 87 49 2 78 96 0 65 7 7 76 63 19 26 23 12 64 40 9 17 13 81 2 21 49 32 8 98 37 50 99 96 17 90 87 79 12 41 44 19 21 62 24 33 53 6 31 52 2 88 30 97 78 25 31 70 17 2 84 96 79 90 54 64 82 73 65 27 14 41 1 58 25 36 7 13 77 50 5 10 32 93 54 36 20 15 98 80 11 95 14 96 4 25 7 27 98 6 99 60 85 23 87 2 91 46 75 79 88 27 71 67 33 72 23 4 58 83 66 55 14 23 54 14 48 13 19 68 78 20 21 36 64 23 79 70 10 30 25 94 26 13 88 43 10 4 97 19 53 5 63 67 99 26 13 57 18 54 15 8 54 40 47 37 68 58 23 87 3 94 74 8 35 30 12 90 59 29 10 58 72 70 49 92 30 37 77 51 62 58 49 71 81 20 5 97 49 87 61 17 45 70 16 19 65 12 31 67 63 79 51 81 24 9 52 9 26 87 19 6 5 83 11 13 76 42 75 4 38 50 3 20 1 84 65 52 47 74 69 67 34 19 92 36 92 35 96 36 0 64 92 
55 75 97 55 98 42 18 86 68 35 64 91 0 63 90 47 15 11 36 10 54 6 40 85 22 33 3 73 55 87 89 31 81 11 78 35 58 8 83 80 11 85 88 31 24 10 72 8 35 66 3 10 64 0 94 99 97 42 81 39 23 48 41 87 58 58 52 70 28 30 5 19 19 40 98 97 2 47 40 70 94 27 54 86 97 34 94 48 63 92 45 82 63 30 28 62 76 68 54 75 45 47 12 41 54 23 43 60 76 37 32 79 58 82 14 20 61 12 15 2 49 27 56 59 73 42 86 71 44 64 33 36 85 64 93 40 5 99 54 24 23 64 52 22 16 97 17 97 99 66 61 7 2 98 45 88 83 16 48 10 62 82 44 36 60 68 31 86 11 76 3 25 62 74 90 7 8 5 81 66 24 79 97 29 20 34 60 23 26 39 6 62 46 95 27 87 81 12 6 37 66 65 10 67 47 33 40 54 62 21 30 5 84 63 82 11 57 66 94 14 74 24 14 89 32 51 95 5 70 99 58 28 80 86 72 14 96 65 53 67 21 59 34 32 99 87 4 84 19 3 14 79 35 74 86 70 11 5 74 2 45 26 88 46 22 68 96 34 39 51 74 66 23 79 43 53 25 43 12 26 64 92 0 32 84 18 1 66 25 86 38 54 63 48 96 61 76 47 71 27 
2 99 77 19 18 82 85 18 85 46 17 96 5 22 81 91 71 71 63 83 72 97 67 10 84 10 68 24 14 98 59 57 49 4 0 10 47 40 94 66 44 69 23 2 73 57 24 35 42 10 73 50 64 15 24 40 40 80 94 99 27 2 38 53 86 87 39 39 34 0 24 9 30 43 98 4 54 32 13 76 86 98 58 7 43 92 45 89 94 17 53 38 61 19 96 45 79 91 53 23 26 19 34 19 47 57 71 6 18 92 40 94 59 28 75 43 60 19 14 98 51 69 22 37 14 44 64 26 74 85 62 56 89 88 65 71 99 87 97 32 90 20 78 64 20 80 74 64 58 92 96 73 51 14 3 44 3 17 86 25 45 28 82 55 41 12 0 71 25 4 61 87 50 9 74 32 99 89 1 23 66 89 94 52 34 77 30 88 0 15 50 0 40 37 22 13 19 35 35 91 39 32 9 57 26 90 25 74 26 84 32 93 32 19 60 5 48 53 63 11 28 26 56 77 45 51 53 8 83 40 10 33 51 24 83 11 37 72 2 60 6 84 65 25 92 5 59 38 40 16 89 10 33 9 17 11 79 68 7 2 44 83 78 66 14 20 51 2 53 66 89 67 43 66 66 18 97 40 98 18 64 70 92 62 9 65 89 93 97 41 81 70 0 97 34 94 80 83 44 96 
96 29 14 31 45 30 95 58 93 63 93 12 6 76 48 21 9 1 6 77 28 52 93 68 1 22 55 49 72 38 18 74 79 53 86 61 55 31 34 44 70 12 44 22 91 18 98 97 1 34 14 86 68 1 66 71 52 69 91 32 51 65 29 5 29 77 88 55 59 53 1 24 77 39 60 79 15 71 8 12 41 51 36 4 49 15 73 69 77 59 76 41 46 63 57 68 64 74 16 86 71 65 3 93 82 2 92 83 73 0 77 72 40 17 9 83 6 11 24 33 84 88 18 6 55 96 79 58 86 95 47 87 12 67 13 33 36 30 9 94 35 60 90 32 60 36 80 75 81 65 86 51 72 55 3 25 14 81 67 21 53 33 32 92 73 42 62 39 81 97 50 12 71 0 69 92 51 51 5 96 80 8 56 91 90 68 65 92 97 94 51 20 3 83 35 35 16 35 10 19 75 15 3 29 54 55 93 39 46 15 56 94 84 28 57 5 43 12 47 2 10 34 61 95 1 18 33 79 35 13 45 70 67 36 36 74 28 54 71 75 36 87 82 86 72 6 9 61 17 43 70 14 67 90 84 6 62 86 77 88 0 69 20 98 21 87 94 5 40 49 70 83 95 32 6 14 98 46 92 76 56 92 1 22 14 77 37 61 88 70 35 25 45 51 10 60 88 36 96 47 
72 15 90 27 53 57 68 95 16 7 51 48 90 96 84 49 4 0 99 84 65 66 15 20 10 66 55 96 78 24 10 93 10 85 55 23 56 43 17 38 84 42 85 90 1 66 44 87 24 18 74 79 70 44 6 0 5 42 56 63 45 35 49 97 79 50 86 68 6 14 44 53 28 95 30 35 22 91 11 24 32 52 34 70 31 41 75 89 77 36 44 31 70 24 68 49 35 59 66 40 23 29 57 18 81 29 43 25 45 94 36 80 22 46 72 57 60 76 31 15 37 60 39 86 85 20 3 35 42 47 4 68 49 92 73 39 74 68 79 90 42 44 4 11 23 31 79 97 24 39 65 3 42 13 98 98 74 62 67 9 99 79 38 28 10 12 19 90 81 93 22 73 9 17 53 69 71 0 75 20 81 58 9 39 12 56 64 85 40 27 83 58 40 75 2 81 56 9 67 46 72 44 49 33 93 24 30 7 34 68 41 80 33 6 43 48 38 73 13 14 45 34 87 97 71 10 56 33 17 38 70 75 92 80 31 12 96 90 59 39 19 72 84 75 9 95 24 18 50 71 82 1 95 76 60 12 33 84 90 10 14 0 23 84 21 90 4 65 4 10 77 50 4 75 40 87 88 8 87 2 10 46 34 41 23 53 61 18 70 90 22 51 86 67 34 7 75 81 28 0 
58 21 63 89 99 66 10 14 72 74 76 18 55 55 29 52 13 4 26 95 29 44 96 43 95 50 87 15 5 90 28 5 85 2 45 2 89 53 85 34 43 24 20 20 53 78 55 29 0 45 3 91 64 18 86 92 83 5 47 8 69 4 87 16 99 2 60 3 58 39 85 78 11 67 18 22 48 50 29 48 42 98 53 86 25 74 62 85 87 25 21 18 57 76 86 53 66 17 23 70 61 17 95 22 66 18 18 42 48 32 58 5 49 56 79 56 5 3 51 22 23 14 98 46 98 42 0 52 39 42 26 17 92 66 90 58 53 98 81 95 0 75 83 45 50 94 98 82 96 11 14 54 63 79 41 86 60 33 29 29 90 85 78 83 45 95 10 97 71 71 42 92 21 88 3 22 61 50 36 2 61 70 70 15 67 37 26 39 6 2 5 52 47 28 58 80 17 35 55 29 6 72 49 83 99 3 78 45 18 44 67 61 2 5 63 88 78 12 73 98 46 60 21 1 54 24 30 80 12 39 86 62 96 45 31 79 54 75 0 38 76 69 75 32 53 0 73 6 29 66 83 25 18 44 64 9 10 36 30 59 66 18 94 50 30 44 90 88 14 84 18 42 12 21 86 89 55 94 69 11 36 74 99 13 67 9 14 54 0 34 47 89 86 77 96 98 56 90 45 90 
74 3 79 39 87 75 74 70 48 84 82 68 39 78 9 91 41 40 48 34 64 58 40 6 49 8 38 94 2 18 21 57 67 60 91 71 14 44 59 77 80 62 41 21 94 67 82 46 55 45 5 91 26 61 50 50 72 94 94 6 87 34 60 33 62 38 87 88 64 47 35 84 66 34 64 99 44 32 93 37 99 87 17 87 30 67 96 21 69 76 68 87 81 18 9 91 96 50 98 24 56 81 44 90 24 43 37 76 22 42 66 54 95 86 45 29 39 39 42 23 60 85 54 35 6 91 0 33 12 60 84 98 33 81 37 98 40 79 4 78 8 4 69 52 36 56 12 76 74 86 60 88 71 78 46 36 7 49 38 0 21 59 62 73 20 88 47 74 43 59 3 11 42 35 15 51 18 98 66 70 72 19 39 85 24 66 64 52 48 59 42 28 38 95 14 67 1 54 81 17 24 26 36 1 12 22 27 3 9 7 56 98 86 91 10 76 52 22 22 33 76 66 8 22 80 41 19 7 40 34 91 91 17 45 99 82 93 62 10 96 76 32 84 32 99 97 13 27 19 70 62 74 29 85 45 12 67 25 10 9 25 93 46 28 20 71 14 44 51 27 75 78 93 16 57 60 70 6 5 0 29 97 92 86 29 41 4 68 59 34 21 33 63 38 84 56 39 85 67 58 
32 92 46 1 34 89 32 18 82 57 17 25 86 43 74 31 85 65 49 89 47 45 79 23 79 46 31 3 80 90 37 40 5 46 95 13 80 40 39 90 8 4 57 29 65 42 70 52 93 30 25 38 97 25 41 39 21 4 83 98 52 83 33 26 93 44 3 94 43 84 93 12 68 0 18 71 11 83 35 9 0 48 83 49 7 67 53 22 21 5 19 31 70 80 58 32 6 87 29 92 10 21 78 33 6 43 95 13 41 49 54 74 76 38 55 49 14 87 29 98 99 52 27 95 84 24 8 90 2 50 78 20 3 17 67 83 17 5 36 10 4 74 69 39 7 28 86 34 90 56 9 4 58 19 7 83 80 47 43 48 99 46 64 20 44 53 31 11 51 97 61 86 23 54 23 76 70 20 94 64 46 38 59 65 92 19 40 81 79 43 84 70 63 62 49 6 62 40 35 82 74 40 39 97 53 10 49 74 93 55 50 99 28 23 10 83 79 78 45 47 41 90 46 36 82 64 5 16 21 76 5 6 43 58 17 99 57 18 9 99 88 16 95 99 50 52 83 48 52 92 26 99 62 60 38 38 30 49 46 96 89 17 31 45 34 54 16 44 64 77 62 8 22 25 19 20 33 64 31 58 26 64 64 27 41 82 66 57 1 99 38 17 1 80 93 9 38 32 7 52 
42 12 60 1 85 46 89 86 29 48 3 67 75 39 46 82 11 75 64 15 9 62 16 86 66 69 37 24 73 78 2 76 27 70 16 63 15 84 17 86 66 91 7 42 89 37 44 47 81 52 92 22 20 97 69 41 92 11 1 97 5 45 25 98 58 24 5 24 73 51 28 74 71 31 9 30 14 49 70 40 89 45 4 36 55 69 56 85 59 27 52 20 55 96 13 35 81 37 31 2 39 98 21 3 74 68 11 97 43 43 85 76 79 77 86 95 85 50 53 90 51 92 87 96 63 68 49 36 38 30 59 92 44 18 44 94 45 55 36 58 63 24 24 71 69 1 86 22 40 87 45 24 20 75 61 83 57 40 89 47 82 79 48 9 10 46 22 97 53 8 41 9 45 76 36 5 73 52 6 20 62 0 94 19 21 32 26 84 16 62 6 82 29 19 86 47 7 87 90 62 5 26 5 26 8 18 80 22 81 63 84 11 84 50 78 11 47 46 94 19 74 26 47 88 2 74 22 17 96 24 96 39 47 6 40 5 34 15 60 2 47 54 15 62 94 41 81 96 94 89 42 89 49 65 40 72 95 30 66 79 21 46 65 10 25 63 18 54 81 34 60 90 31 35 60 57 96 12 2 74 58 90 37 44 50 87 90 48 34 56 25 9 81 49 68 22 21 74 40 34 
33 20 41 92 67 9 2 96 14 48 85 42 42 5 76 17 1 3 11 23 84 19 64 31 30 68 53 55 89 39 65 83 28 25 74 85 85 34 89 63 27 5 14 94 52 9 53 92 13 38 70 73 81 5 13 85 2 47 13 85 85 77 49 26 21 72 75 78 23 95 97 86 68 81 58 92 94 39 86 66 88 83 0 70 28 94 27 27 58 40 86 92 3 73 13 68 51 61 9 41 51 31 99 49 85 15 60 62 13 18 59 17 76 11 23 54 67 87 90 61 74 68 91 52 69 94 32 63 83 66 47 48 46 39 90 12 86 17 8 98 89 31 46 75 82 30 98 61 8 44 51 7 82 2 85 5 53 68 51 49 65 96 73 69 87 42 99 20 59 8 3 90 74 86 21 18 66 23 2 31 64 48 49 70 65 44 10 95 21 85 0 76 97 10 52 74 24 53 12 67 47 15 56 64 19 10 16 8 3 82 17 32 87 75 53 64 29 42 81 26 78 51 13 14 66 33 23 66 7 40 15 30 83 71 55 7 17 60 89 83 27 72 9 0 97 55 25 95 28 85 62 38 99 98 81 46 50 36 6 45 25 62 84 66 83 51 4 42 93 15 66 5 20 33 86 68 50 78 27 73 7 33 26 4 98 87 57 3 7 93 66 78 70 39 57 81 83 4 80 23 
76 75 62 13 55 8 99 2 37 88 43 68 62 89 56 58 53 29 88 35 18 20 41 31 2 13 72 69 7 85 43 69 1 70 58 63 20 54 80 67 23 58 55 58 8 30 85 70 49 34 50 5 51 42 90 35 53 45 21 97 30 91 91 0 3 50 25 59 27 30 37 96 40 79 73 41 51 71 19 74 42 59 16 93 25 59 6 22 22 30 94 88 50 26 74 64 21 87 31 57 39 5 27 15 24 73 68 60 77 5 76 40 56 26 80 27 14 38 3 52 82 9 45 12 13 1 51 81 96 82 73 57 5 55 12 90 47 77 73 79 63 95 23 30 15 47 41 51 44 96 0 22 5 25 53 20 56 1 22 31 8 23 9 79 30 27 39 80 16 93 47 37 5 46 1 78 18 22 52 57 28 17 29 90 35 68 27 80 34 85 4 95 5 89 57 91 68 14 93 45 12 45 46 96 50 6 97 15 98 41 95 22 66 27 35 85 52 58 34 44 57 86 24 87 71 85 1 41 95 43 8 44 47 13 55 31 68 94 43 1 59 23 17 68 9 97 41 63 39 73 74 40 19 11 51 20 29 38 80 30 9 55 31 35 9 99 84 31 45 2 48 67 73 38 22 4 99 65 12 17 82 74 71 20 34 73 67 71 36 1 98 36 56 61 15 9 50 2 39 34 
58 36 35 7 16 19 79 83 90 48 62 1 71 91 46 12 4 95 66 82 20 13 19 24 6 46 63 54 61 4 24 61 67 65 68 12 67 17 83 11 31 69 45 73 31 68 82 28 49 6 56 99 77 43 40 7 81 37 19 58 72 17 66 84 20 76 59 11 75 44 26 42 86 24 65 51 57 45 88 65 11 42 83 28 43 14 12 12 89 35 7 9 9 75 89 55 16 91 33 26 92 38 25 42 39 19 0 57 83 49 2 65 16 78 45 11 21 40 51 82 24 48 96 60 9 99 13 43 77 6 53 46 74 57 95 65 61 64 8 42 43 0 90 22 46 67 13 19 17 90 38 43 0 23 33 61 39 8 51 30 77 26 67 27 13 17 8 9 46 43 24 58 42 43 16 42 99 64 40 24 73 30 75 70 87 49 11 97 77 3 78 50 41 63 32 25 37 59 5 92 0 17 97 20 20 78 98 51 96 38 53 30 38 44 65 18 71 57 28 84 61 19 66 17 17 68 15 93 41 15 13 45 24 86 50 46 25 96 58 87 76 93 28 40 27 7 33 97 25 48 70 39 41 38 44 97 36 2 97 49 62 40 60 48 34 57 55 83 1 46 71 40 1 8 50 24 26 56 41 58 76 69 61 72 63 72 39 69 20 64 0 79 4 78 66 29 65 42 92 79 
67 35 14 13 81 71 81 81 57 47 36 41 38 37 3 1 47 58 39 92 39 95 30 65 75 35 48 36 11 67 22 78 44 24 86 93 49 43 64 12 45 95 67 30 45 44 82 1 83 52 92 48 54 10 67 25 50 36 81 61 78 57 16 93 88 36 19 82 57 92 52 15 54 40 73 29 82 89 22 51 61 69 11 60 77 98 1 74 11 68 38 80 63 19 23 34 27 48 2 31 45 29 11 55 48 11 58 87 89 12 29 29 79 86 67 40 71 23 70 24 40 37 85 53 50 95 70 42 25 28 90 40 37 67 48 28 95 28 18 70 58 95 85 74 31 30 93 76 90 84 57 54 90 7 84 21 75 33 29 29 45 3 63 57 44 65 19 99 66 70 14 95 37 91 53 98 22 90 16 76 4 29 23 46 53 39 91 38 57 62 84 0 93 22 29 82 31 88 89 58 2 38 97 58 21 63 6 37 55 46 28 96 38 8 3 75 52 77 25 77 9 46 32 29 39 24 93 59 18 40 69 35 83 24 83 40 31 13 27 67 4 65 13 41 4 78 81 17 85 24 62 95 24 24 76 54 28 42 54 21 73 32 79 56 53 11 17 3 39 17 44 24 79 39 84 97 66 74 17 16 50 45 10 58 83 77 36 45 71 63 4 74 56 17 88 11 32 71 34 25 
69 92 65 12 29 21 48 1 7 66 20 44 16 23 6 88 89 92 9 8 18 68 0 83 74 90 7 90 71 37 34 33 33 30 43 67 70 51 74 69 65 38 5 10 87 67 13 52 29 30 1 10 51 24 57 89 28 84 92 19 96 29 14 34 62 62 73 25 22 60 24 38 62 7 1 16 7 12 55 33 10 26 99 19 95 60 20 50 66 6 44 17 65 26 93 22 5 60 31 87 40 37 60 54 43 5 14 3 19 15 52 65 61 57 32 34 74 92 27 8 24 73 10 72 43 65 23 36 3 6 70 51 54 62 66 51 4 99 30 8 4 56 53 27 62 7 10 89 48 95 12 17 94 40 78 36 93 37 48 32 9 18 53 82 90 38 24 44 28 66 13 65 15 42 65 19 13 31 20 15 81 2 6 51 83 4 52 29 21 95 77 82 70 88 57 13 49 25 44 92 17 21 69 76 38 33 29 85 2 94 59 76 76 68 98 29 89 1 13 35 97 78 9 6 81 89 68 39 99 8 97 77 61 57 84 7 29 19 40 53 0 35 38 0 34 74 39 55 26 10 52 70 30 87 9 8 25 92 20 87 11 31 16 26 69 37 58 60 86 41 94 3 68 67 9 84 31 56 77 48 31 16 6 50 0 42 0 72 7 50 56 87 31 89 60 15 37 2 29 98 
67 34 79 91 86 41 40 86 43 9 53 74 91 10 53 55 55 90 2 98 47 51 97 66 33 43 85 4 12 96 55 84 77 24 12 61 54 86 76 99 18 85 2 52 84 61 23 66 47 36 95 70 57 26 42 15 34 4 75 65 96 38 31 16 16 59 36 6 56 69 4 83 3 93 88 14 68 72 20 29 63 39 88 89 64 12 71 92 86 45 43 90 11 24 70 89 24 12 60 28 99 31 24 95 19 33 39 72 61 60 58 53 60 52 84 97 18 56 73 88 9 26 92 83 66 56 91 63 13 47 82 84 41 88 17 57 23 28 40 59 61 12 31 19 35 50 83 63 53 43 46 91 26 34 27 0 53 39 62 98 58 51 32 47 60 63 70 59 4 95 74 53 24 25 79 65 49 66 78 96 58 33 41 57 66 77 75 45 88 92 59 86 77 37 70 67 89 53 19 87 29 1 85 47 24 35 84 37 5 56 88 90 9 25 43 38 26 56 60 71 38 37 39 51 56 72 10 50 11 61 45 63 61 79 10 21 55 49 8 38 6 35 97 91 66 95 90 23 71 31 34 44 57 70 69 17 48 49 2 11 0 32 3 38 67 81 48 0 99 88 91 43 91 7 18 58 76 24 61 94 8 13 14 50 83 64 62 73 80 51 53 85 10 85 29 96 20 82 63 58 
86 75 83 90 37 70 54 62 8 68 48 36 8 11 71 19 13 63 4 73 46 87 0 54 23 13 72 20 28 50 8 21 37 75 14 82 24 5 5 97 50 90 88 34 14 85 77 69 91 18 69 70 44 53 74 49 65 16 22 60 3 79 2 59 59 28 59 91 68 27 68 34 74 27 28 66 71 89 97 62 16 90 1 17 7 40 67 86 88 33 18 99 92 14 57 30 46 13 35 49 88 33 65 29 76 23 60 81 31 2 90 12 10 78 22 64 75 25 68 25 30 13 73 81 13 98 46 69 8 18 73 60 73 82 51 18 99 61 89 60 78 90 44 82 43 59 38 65 88 11 91 46 13 43 81 86 84 24 4 32 46 36 81 88 84 24 67 21 81 69 62 14 0 14 7 80 76 76 97 99 21 27 15 9 83 88 45 27 66 83 95 51 44 71 79 1 47 96 91 6 4 44 7 54 24 21 92 1 53 90 21 49 24 56 41 90 98 83 49 46 83 17 44 45 10 30 0 28 94 61 58 57 77 62 97 90 43 84 2 87 5 93 16 29 11 39 7 81 10 37 22 20 99 62 1 48 0 30 51 67 95 39 64 43 24 2 47 65 57 2 6 97 54 56 97 18 3 43 72 91 89 70 99 26 13 44 17 75 93 94 20 11 20 44 70 42 24 53 17 87 
34 28 31 36 2 23 57 96 56 25 92 74 22 5 1 34 62 44 33 59 86 55 8 25 43 41 95 87 11 74 15 28 10 41 33 94 6 80 35 71 30 97 52 3 52 42 86 53 86 72 19 10 99 49 90 67 10 25 88 59 35 38 58 28 28 10 96 40 14 84 79 55 52 98 31 67 8 86 96 88 61 92 42 93 36 23 22 31 66 10 23 84 37 52 41 59 30 63 69 30 54 34 17 56 91 21 69 68 70 85 83 10 31 24 26 84 53 94 5 39 30 36 42 76 5 1 73 57 98 47 23 0 9 36 90 14 79 85 3 92 42 26 41 54 12 15 28 80 93 25 82 85 56 68 9 93 86 77 5 26 49 71 62 67 21 38 13 5 24 67 28 73 75 38 12 58 55 33 31 55 89 80 9 56 98 94 50 13 78 43 65 66 35 34 51 65 8 61 83 98 66 34 36 29 15 21 15 21 49 39 11 67 89 5 91 76 53 93 23 91 63 72 97 14 79 57 45 12 83 33 70 99 84 75 48 59 84 18 15 11 86 85 77 90 65 78 3 28 81 34 11 3 14 43 86 32 43 87 32 70 42 89 64 45 92 74 43 11 99 13 87 59 94 78 60 14 5 55 37 70 50 8 27 5 87 45 63 22 53 61 29 21 68 74 25 73 8 66 65 49 
28 95 83 99 68 83 24 77 52 1 61 17 95 4 42 32 94 69 4 78 78 39 43 96 63 35 95 81 85 84 18 17 54 32 35 58 46 23 58 1 4 20 24 89 22 58 92 42 62 20 30 34 85 72 78 38 17 65 60 39 83 11 67 79 87 59 20 69 62 11 81 21 7 87 17 34 73 5 41 70 77 38 40 48 48 69 3 9 39 27 84 77 25 60 39 79 53 89 25 90 25 18 73 57 98 90 77 69 93 33 78 1 41 38 10 18 42 29 9 20 57 62 41 29 45 30 91 9 97 77 51 50 11 73 43 9 33 87 82 40 98 87 58 1 75 13 29 3 10 9 52 27 86 82 21 26 9 82 38 77 19 80 41 41 67 60 57 93 51 44 63 96 39 7 26 87 58 58 64 26 1 56 16 74 96 38 55 28 18 95 24 7 38 70 83 56 43 54 18 9 17 1 21 14 38 52 92 91 84 78 91 81 67 75 46 49 73 26 52 99 80 78 89 76 60 18 45 17 57 56 79 73 12 7 6 72 17 7 26 30 35 84 66 23 95 93 81 92 94 48 67 99 70 27 2 34 43 40 72 49 66 89 66 45 34 81 77 47 73 15 60 62 13 97 26 44 11 31 90 92 19 77 32 88 2 29 58 23 32 94 19 73 62 2 90 73 7 88 42 16 
70 41 20 5 8 76 82 96 73 97 35 51 28 64 59 58 90 29 13 93 27 9 90 44 9 98 63 85 5 96 82 54 7 77 60 81 92 22 91 68 14 58 74 54 56 31 5 33 55 30 20 82 12 56 30 81 70 74 58 26 87 80 60 32 22 2 32 72 63 75 19 10 98 39 59 5 89 74 69 37 49 57 26 40 23 13 29 70 83 49 38 18 68 61 16 60 21 21 10 1 99 50 85 43 65 55 37 53 69 66 64 90 0 93 39 1 87 64 58 62 82 68 67 7 13 94 98 73 81 97 36 75 70 4 74 83 87 11 16 64 21 51 12 17 67 47 95 48 13 38 30 73 12 63 66 47 78 80 39 11 82 46 41 20 94 32 28 47 71 70 0 88 93 48 16 68 15 83 59 13 65 98 3 86 17 93 86 80 66 23 78 42 40 50 90 75 48 71 90 49 34 85 85 20 16 50 21 64 80 56 59 40 95 54 80 83 76 39 7 92 39 70 0 34 74 39 38 28 23 32 88 71 56 0 68 75 44 24 21 90 66 79 45 29 38 19 78 43 75 76 34 89 43 73 36 23 74 5 69 15 1 0 27 59 89 18 69 47 83 43 15 61 45 87 35 88 20 15 56 15 68 65 70 58 75 97 62 41 30 97 64 56 80 67 54 59 56 27 66 47 
58 90 19 60 97 41 72 81 47 38 50 73 44 62 11 99 23 42 62 88 39 55 97 87 81 32 97 13 83 49 9 3 49 86 25 5 65 60 28 48 84 24 44 62 63 10 50 64 91 15 69 92 65 6 70 24 44 35 92 67 64 17 33 55 19 27 38 7 2 17 36 49 47 84 99 26 56 77 69 21 39 69 26 53 11 39 15 35 93 57 60 96 64 34 39 95 22 84 38 46 60 79 59 92 72 34 86 74 57 24 87 82 42 91 54 0 15 97 23 69 76 54 25 8 51 18 22 31 28 65 19 33 95 4 18 34 46 35 57 12 68 67 77 15 33 14 83 59 83 17 14 88 56 86 61 75 97 81 6 83 62 91 19 46 35 1 63 45 46 83 73 45 26 45 77 32 64 10 59 92 60 22 4 74 86 87 86 5 41 60 7 23 68 86 21 64 39 12 76 47 69 85 41 82 11 23 86 29 39 22 38 89 94 29 2 53 38 4 27 2 29 79 6 39 78 82 86 59 77 29 97 10 92 90 77 58 99 24 96 51 50 38 18 44 68 13 79 7 4 19 60 34 39 57 10 68 75 86 52 40 47 39 92 20 54 81 46 76 5 25 96 24 4 52 77 80 72 4 3 58 28 57 2 41 24 35 55 24 97 10 5 13 89 51 27 11 42 91 55 74 
83 98 37 25 66 29 74 52 24 55 67 20 41 81 52 55 35 44 70 45 66 11 73 51 45 65 94 33 95 51 24 83 87 34 27 79 88 12 42 50 89 80 57 48 60 31 15 13 30 5 82 45 27 49 63 58 94 4 43 21 42 6 82 39 74 17 75 60 6 83 92 61 27 47 96 49 58 89 13 77 35 65 43 90 76 27 91 71 15 16 92 19 63 72 3 74 40 57 48 90 8 62 16 5 6 51 25 13 88 72 76 17 79 61 2 26 28 85 89 92 61 42 48 95 26 40 78 51 48 51 6 76 5 50 50 98 25 41 86 79 65 75 80 59 62 21 2 51 21 45 98 91 52 42 16 25 51 6 68 69 99 58 74 69 27 47 7 28 62 25 46 99 16 68 11 69 20 96 79 8 9 61 37 98 12 3 95 5 77 12 19 89 66 88 71 75 20 32 46 75 55 2 70 45 92 23 71 9 57 58 34 61 69 97 70 83 68 70 77 47 97 0 50 8 87 13 9 45 89 57 36 55 17 60 44 33 62 25 68 73 48 13 94 17 97 94 5 9 50 42 86 75 91 58 61 50 39 26 96 47 22 48 60 84 64 80 27 32 50 98 56 20 75 10 79 70 72 64 31 71 92 80 71 33 27 79 29 43 1 83 37 97 94 70 74 75 11 66 96 24 
64 37 37 78 48 36 41 27 32 26 80 3 63 32 11 77 21 98 77 48 91 55 27 27 66 98 18 6 52 77 93 74 67 83 54 34 19 25 93 45 31 8 26 96 71 69 10 48 80 56 6 51 95 10 27 53 87 46 41 23 5 34 89 31 41 11 64 50 46 5 38 30 10 11 59 14 55 55 5 0 30 37 58 10 2 74 56 3 91 34 70 0 35 77 16 25 88 42 34 45 52 97 81 35 29 11 46 49 33 47 23 6 49 28 59 15 72 24 62 25 98 59 9 51 6 73 67 65 29 36 44 75 28 77 48 32 72 24 96 25 15 21 56 51 34 94 77 20 65 35 57 80 18 57 11 78 50 10 97 84 40 60 82 61 7 12 65 5 2 36 31 2 22 12 21 6 4 70 22 75 48 1 78 10 10 71 35 27 70 5 54 89 49 86 53 53 89 58 52 59 77 82 22 69 78 81 33 86 65 37 56 70 91 42 60 9 53 18 53 69 75 30 83 71 3 67 68 72 10 33 19 8 67 64 10 80 39 12 0 93 39 46 78 88 96 35 27 51 16 57 85 7 41 44 23 8 35 55 20 2 77 39 12 54 1 95 21 24 32 76 91 42 72 90 37 77 72 48 72 30 51 85 60 47 48 68 42 23 69 13 43 92 68 40 99 75 91 58 22 22 
91 5 5 33 94 1 24 89 30 4 10 80 97 10 86 92 12 77 0 20 77 14 55 56 25 57 10 5 36 81 61 24 82 56 66 77 53 86 75 4 52 20 21 27 84 43 13 10 17 8 22 55 19 66 12 76 1 33 7 23 58 66 95 52 10 41 30 72 23 62 6 34 88 35 46 74 86 72 39 69 54 16 91 32 74 56 52 98 80 38 78 88 95 83 59 52 14 95 78 29 26 48 78 95 92 78 84 40 72 26 39 69 48 50 24 3 12 40 57 68 17 61 69 82 4 16 1 10 40 47 21 77 72 41 94 95 22 4 67 95 94 5 33 75 95 18 24 72 83 19 22 97 6 20 94 96 33 54 82 73 34 80 32 90 55 44 3 14 2 58 19 90 56 52 86 17 59 47 63 87 60 33 84 92 73 87 56 6 45 24 36 88 46 3 42 93 60 66 99 60 66 40 61 89 18 16 73 92 76 58 69 16 71 29 94 67 51 93 24 36 94 0 14 1 62 16 47 94 22 26 89 42 77 77 4 44 23 88 83 64 49 62 71 8 91 96 44 61 40 59 24 26 50 87 73 91 38 6 35 86 31 18 22 34 6 86 61 19 4 33 46 94 87 28 20 25 58 61 43 46 80 65 15 32 38 75 55 2 68 89 59 3 93 35 60 42 26 74 67 26 
45 55 8 8 34 47 32 16 18 61 74 30 42 10 78 59 2 52 39 78 47 34 98 34 5 87 42 4 45 70 86 30 18 65 25 32 38 36 84 42 80 71 33 17 39 22 63 93 74 86 22 59 6 5 24 52 83 54 88 94 43 97 14 5 79 83 27 24 15 3 79 81 68 76 92 43 51 87 41 3 69 15 42 53 50 17 74 71 27 55 26 10 67 68 4 48 71 39 96 42 52 43 85 27 25 68 4 12 62 42 16 41 61 22 50 68 15 83 11 97 92 87 97 26 70 18 7 36 27 94 19 41 74 44 95 23 85 42 0 61 24 22 85 76 4 25 7 9 44 3 59 45 52 18 89 41 9 9 99 23 95 95 65 77 74 88 64 24 30 7 20 52 29 12 39 22 75 21 55 14 15 64 39 47 69 23 96 87 37 22 89 87 79 88 45 70 13 40 44 40 97 74 85 22 0 95 98 77 38 77 77 52 42 50 65 18 88 18 28 32 53 67 8 14 3 29 19 39 26 31 80 26 46 64 26 68 70 73 11 24 8 37 37 60 42 66 48 56 77 28 72 72 20 44 52 14 74 15 20 70 48 75 10 54 17 4 83 88 3 38 21 90 91 19 44 72 71 8 21 72 91 17 93 7 5 40 14 70 90 50 62 83 50 12 5 44 9 63 13 12 
35 79 32 89 5 45 81 22 53 95 54 62 68 24 34 29 45 4 9 86 33 45 40 24 77 11 26 64 72 49 47 34 38 68 9 80 63 47 48 77 80 72 6 38 2 62 15 2 48 4 85 81 72 16 19 10 73 60 99 2 8 45 61 84 19 72 46 75 57 98 54 32 83 38 98 25 6 82 36 86 90 3 50 25 95 93 49 21 86 70 75 58 74 7 12 53 27 48 66 98 70 9 18 89 95 54 80 97 12 13 42 41 19 85 73 65 77 73 57 5 68 13 2 81 77 1 31 69 6 7 86 57 40 70 40 7 20 0 98 79 39 55 88 92 82 27 85 1 47 63 79 75 6 83 89 1 15 28 30 20 44 58 84 8 17 70 60 50 98 51 24 11 61 83 6 61 1 29 47 13 54 77 32 41 25 97 39 3 70 3 66 65 61 93 99 59 46 47 71 10 37 35 92 50 68 77 77 74 98 46 10 34 64 71 43 13 21 34 85 48 44 44 37 94 12 99 99 62 19 9 68 15 48 74 64 98 41 31 56 17 98 27 58 74 97 6 16 1 90 24 85 82 91 11 25 95 95 84 81 89 52 72 32 57 84 13 0 9 8 38 11 80 96 11 99 62 31 86 36 47 32 23 61 99 19 37 54 18 72 17 68 93 44 90 18 60 93 55 82 53 
57 5 23 81 94 59 6 74 57 54 30 89 18 80 96 9 58 98 23 20 76 54 81 40 17 62 58 80 67 57 24 80 92 73 15 74 90 91 78 71 22 59 38 69 54 67 67 38 55 41 48 17 10 10 30 16 77 26 32 73 30 38 70 25 68 65 55 42 25 18 11 27 27 28 45 58 18 79 81 29 9 55 85 61 16 26 61 51 17 27 97 28 42 36 54 36 66 3 60 1 39 73 26 0 24 58 46 60 55 1 70 70 9 3 39 69 68 30 42 31 85 16 88 63 2 51 74 76 14 23 52 3 44 15 74 28 20 56 49 11 48 76 31 1 95 90 89 19 80 73 71 82 44 85 17 32 11 72 57 63 64 30 70 92 20 24 67 1 77 67 6 47 51 5 19 78 94 91 63 29 2 3 74 54 84 4 45 85 73 11 24 24 51 40 27 52 18 42 46 22 37 47 14 0 50 48 86 69 88 59 30 77 50 85 6 74 43 79 71 8 28 71 22 71 1 8 85 27 59 31 46 79 1 55 80 6 74 84 12 30 7 85 73 9 50 47 16 86 78 90 43 47 87 45 63 64 56 63 79 29 67 79 63 72 89 28 93 61 83 85 38 93 72 71 84 36 24 68 15 17 37 94 22 88 64 84 19 80 77 41 61 34 34 95 21 20 37 5 15 65 
9 16 67 78 23 54 4 33 70 25 75 9 83 86 11 74 9 65 55 77 16 52 24 54 92 51 41 89 5 7 92 15 88 65 96 49 52 16 48 78 50 13 61 53 70 4 90 21 75 52 34 96 41 15 7 62 72 38 70 62 72 53 76 37 23 39 15 90 39 45 76 46 1 53 3 58 0 57 87 5 50 68 44 61 7 52 27 0 80 36 85 4 67 44 65 96 23 11 14 66 47 36 28 41 58 25 91 42 34 63 7 38 61 94 38 77 91 32 78 74 18 91 21 93 10 84 5 17 64 68 41 87 65 58 57 71 31 96 77 46 48 82 33 96 6 33 59 30 54 26 34 54 63 96 10 94 5 84 84 58 62 31 70 51 61 87 90 72 30 94 4 22 6 46 26 55 47 13 51 26 10 47 14 14 62 10 12 15 8 64 68 13 1 72 75 68 95 42 68 84 68 68 16 6 59 25 57 55 89 56 79 15 27 50 47 88 97 75 52 21 98 18 3 37 32 86 88 0 79 11 10 75 97 94 13 19 45 38 78 36 36 68 10 67 95 64 40 14 50 95 9 50 36 11 45 21 49 98 35 54 76 28 44 46 1 67 60 59 86 35 17 38 96 49 32 65 20 88 45 91 14 31 95 31 42 22 60 19 74 83 74 21 72 98 46 31 39 80 48 76 
27 13 15 66 80 92 2 40 63 67 27 87 77 67 83 69 52 29 30 86 40 14 20 43 69 68 37 31 37 76 97 0 96 7 23 54 38 76 31 42 72 17 61 34 35 10 8 87 54 56 10 74 78 14 54 43 91 55 12 43 57 60 56 81 76 93 69 39 52 75 63 34 47 61 99 96 52 93 98 56 59 32 37 3 26 36 47 57 84 58 83 65 64 92 68 82 73 89 98 58 11 50 3 28 8 31 41 5 27 71 10 66 29 97 58 21 54 87 35 41 75 75 35 27 62 23 37 78 5 85 61 42 38 87 81 20 94 33 64 21 1 93 94 52 46 58 29 48 40 0 46 63 83 82 35 91 22 30 27 67 17 77 54 58 95 98 27 54 66 44 87 8 78 94 1 66 79 35 22 96 94 63 41 75 9 96 59 51 54 76 35 92 5 74 54 4 44 51 61 22 4 19 11 58 2 35 0 76 84 90 86 50 64 55 3 13 77 41 96 34 68 86 80 9 48 19 48 11 19 37 66 1 40 84 46 99 21 4 33 98 68 84 12 20 4 81 81 58 63 12 44 0 13 7 83 62 84 2 0 74 90 36 86 13 94 39 14 88 82 40 59 64 28 28 4 19 0 0 82 8 94 14 50 37 41 44 51 39 99 12 54 23 61 57 29 99 69 61 15 83 
74 12 7 22 45 68 79 60 78 33 78 12 56 94 35 5 72 92 60 48 2 55 99 17 78 64 96 48 27 98 96 74 86 75 63 4 53 92 96 17 64 87 33 67 47 69 1 92 29 68 10 42 21 71 34 52 51 76 82 30 10 37 45 47 7 46 42 54 4 29 95 36 22 95 8 51 92 35 27 54 9 52 98 23 36 7 36 84 98 6 43 67 19 79 30 28 4 60 89 0 76 83 25 23 54 48 22 26 63 23 70 75 41 7 15 80 14 56 96 38 1 21 68 25 38 59 31 31 40 82 6 87 28 29 81 52 31 60 27 66 24 41 96 11 59 94 46 13 45 14 78 4 53 82 0 58 70 22 5 46 50 64 96 73 7 52 3 30 56 68 31 1 86 38 55 78 31 92 69 7 99 52 30 71 41 4 15 65 40 19 24 56 7 81 51 68 78 75 76 61 42 34 43 70 86 70 71 60 67 74 30 60 37 46 41 27 63 64 50 61 61 11 98 45 83 37 28 26 97 99 95 48 69 46 63 29 12 32 79 10 73 3 97 54 7 86 46 25 49 58 35 12 95 98 21 93 26 21 78 57 35 95 68 29 17 11 49 85 36 97 95 6 98 32 0 20 72 61 93 51 0 73 65 33 58 19 96 84 48 17 45 47 54 76 79 7 41 66 95 28 
18 72 43 30 90 73 1 37 90 6 71 91 88 57 25 84 24 23 72 30 0 96 38 34 96 98 93 14 63 67 84 93 5 78 96 96 1 93 87 35 95 62 51 59 85 80 33 45 11 65 39 79 3 23 55 73 30 52 85 50 41 61 97 0 67 39 0 82 87 17 7 25 48 76 45 73 71 67 96 8 1 6 40 39 13 50 99 96 8 43 8 16 4 56 40 18 18 22 18 31 7 28 72 31 61 6 14 16 89 5 23 53 20 17 52 58 26 56 55 23 34 78 92 6 51 49 52 97 67 0 19 22 54 99 86 97 33 44 61 31 92 68 44 69 17 75 41 8 70 9 45 54 68 6 84 53 16 92 26 70 74 52 21 29 97 93 17 15 82 95 34 68 64 20 21 30 95 63 42 2 44 2 84 37 53 86 65 86 5 96 56 53 50 35 19 95 65 99 94 89 46 39 61 38 65 54 46 61 12 74 39 10 85 19 81 36 54 15 73 31 92 30 97 43 61 76 18 92 33 28 4 11 50 23 79 85 51 14 34 67 74 40 29 74 1 31 38 99 91 97 83 17 19 54 29 54 25 12 69 92 76 17 36 17 6 8 3 85 85 39 65 66 78 0 51 64 32 39 90 22 32 79 15 1 71 47 29 48 15 18 36 35 1 58 65 27 42 25 98 46 
0 90 79 0 4 35 57 54 90 94 26 82 37 77 6 10 27 53 68 35 55 47 23 57 57 2 67 46 77 15 99 76 64 18 45 83 20 64 8 10 27 45 72 73 81 89 99 99 45 33 46 9 56 87 51 26 28 22 78 56 17 26 58 84 17 0 93 53 49 16 47 38 90 28 75 72 97 12 50 94 79 79 24 80 16 37 15 47 34 17 95 27 48 9 3 72 67 71 82 25 65 95 58 37 4 2 79 36 65 57 27 46 22 66 89 38 53 38 92 18 30 8 9 5 15 28 43 13 89 52 97 66 26 40 73 7 25 84 93 39 25 69 43 79 74 31 61 26 4 1 32 72 78 10 40 92 50 85 61 44 37 27 88 90 17 35 33 80 17 17 48 39 65 75 89 77 63 69 16 96 61 79 69 42 40 92 37 98 32 21 53 99 89 67 30 28 2 5 26 56 75 97 8 39 60 1 34 60 28 61 63 56 32 35 11 90 13 14 43 57 67 23 96 16 70 32 60 92 0 82 14 63 1 50 61 94 8 51 57 44 75 50 1 26 80 2 76 50 69 95 94 12 9 12 41 25 36 80 9 10 89 69 11 33 65 22 28 74 91 39 50 81 10 1 63 74 91 24 34 13 79 75 90 91 35 87 84 28 46 84 73 94 91 47 68 58 8 81 89 30 
78 14 49 51 14 2 4 52 99 48 93 42 85 24 92 1 73 22 38 87 66 47 72 4 55 67 85 66 6 24 50 98 89 71 3 70 35 68 44 96 29 98 7 31 97 27 23 40 38 25 86 4 94 27 91 80 45 58 7 18 7 3 81 26 35 39 39 50 24 68 63 54 20 72 78 71 32 35 32 11 32 21 28 38 35 72 41 47 48 52 89 4 58 93 81 82 10 29 26 72 3 29 38 59 38 7 49 86 42 50 30 6 9 2 41 85 61 23 27 79 70 60 31 49 48 26 7 78 28 19 14 78 62 72 4 25 29 18 77 68 78 68 25 30 46 67 79 73 47 76 83 29 69 94 46 42 65 28 13 46 58 65 29 14 30 68 93 81 99 87 61 5 34 74 17 5 35 29 77 94 7 86 7 38 22 47 89 5 69 44 17 30 20 96 79 54 71 54 34 40 98 74 49 53 36 80 35 0 24 99 76 40 55 98 55 56 97 47 96 60 88 49 27 95 89 48 78 8 84 86 46 97 70 48 29 96 49 17 38 3 48 70 34 71 12 79 45 89 10 65 80 26 53 69 14 79 59 64 88 15 75 43 45 27 77 49 6 90 5 78 78 47 93 38 50 7 98 90 91 52 33 14 96 22 2 24 78 48 8 29 16 14 82 97 76 92 66 60 91 19 
8 42 68 50 33 74 4 41 5 14 68 12 57 78 16 98 5 59 47 4 5 66 47 79 82 78 10 31 72 1 76 68 98 50 83 78 61 22 53 23 28 24 13 87 59 48 53 73 3 74 78 9 70 8 8 45 55 3 83 67 80 70 30 83 18 97 27 45 25 4 32 42 32 20 89 40 3 60 98 95 8 60 54 33 74 26 75 16 17 19 56 74 66 37 36 49 13 36 65 17 88 41 85 51 18 89 24 51 73 19 55 12 67 34 87 66 79 69 32 60 55 56 83 75 89 78 51 47 67 47 56 73 40 72 73 32 23 44 71 52 73 41 72 4 98 99 17 11 63 57 12 45 23 6 55 38 31 46 13 55 32 61 20 40 83 34 31 7 54 88 44 51 58 81 10 83 55 88 81 55 59 17 54 71 47 18 45 83 90 0 72 19 64 6 42 64 46 10 39 87 90 82 22 12 5 68 40 61 27 20 7 68 19 18 79 70 56 0 31 46 19 5 19 18 86 63 65 4 73 22 90 55 74 9 10 75 78 37 43 50 42 40 53 65 15 67 18 6 50 11 48 12 26 69 95 60 95 40 25 4 95 98 55 61 27 46 42 68 93 33 13 59 63 16 73 82 71 49 47 44 60 7 60 11 35 3 15 20 55 33 26 52 66 43 14 48 33 56 77 64 
86 40 24 94 24 75 14 99 34 87 86 10 60 66 60 60 26 32 7 76 2 96 61 56 88 1 28 28 48 64 39 85 76 49 60 64 27 66 85 48 33 78 36 34 92 21 99 91 30 15 44 99 72 76 53 40 54 55 67 13 0 18 13 72 77 61 79 78 77 28 88 77 88 62 40 10 97 67 30 49 0 57 76 29 40 7 55 72 76 98 18 79 16 53 10 78 79 79 59 2 18 62 25 15 35 82 86 96 59 50 91 96 40 66 34 70 52 50 77 77 82 61 70 34 30 98 6 5 67 83 48 46 62 19 88 4 66 26 7 50 94 46 56 46 78 93 23 94 50 88 29 53 91 53 33 54 76 4 34 75 40 31 44 77 56 48 32 73 24 87 50 30 21 52 24 22 22 94 29 2 23 93 79 53 9 86 22 11 27 84 93 55 88 49 53 98 22 85 73 99 6 65 3 59 65 56 56 35 3 70 15 96 54 67 58 46 22 47 65 9 90 33 39 60 85 37 63 43 78 21 87 72 96 68 66 56 86 69 75 43 7 93 57 77 1 64 22 78 75 64 39 57 11 80 61 24 24 40 36 79 17 40 51 66 30 78 88 79 80 96 29 53 72 74 40 77 58 96 27 51 32 43 59 21 4 69 38 62 21 74 14 38 67 87 28 71 32 86 25 79 
47 60 67 21 19 2 95 97 19 0 85 76 8 21 90 39 54 75 14 38 40 62 84 52 91 58 82 93 77 86 11 8 55 14 92 51 59 69 66 31 18 71 9 84 73 21 70 77 81 91 57 96 5 68 79 17 59 76 37 19 63 82 28 50 75 34 40 31 58 78 38 45 23 26 3 21 17 28 89 37 77 72 4 0 19 34 5 97 5 22 78 84 36 88 67 89 20 15 75 29 30 37 46 34 40 41 97 14 81 45 42 85 33 95 78 26 43 69 89 52 38 0 84 42 1 85 64 6 66 13 54 33 12 63 30 57 11 47 53 39 29 74 6 51 83 59 36 34 57 60 92 10 2 69 64 92 78 67 68 83 61 77 64 75 60 12 15 8 82 37 26 88 72 95 68 2 89 25 92 0 61 1 60 64 76 17 53 86 42 2 38 65 24 43 50 39 18 15 32 82 99 54 33 37 84 97 24 98 92 40 29 81 39 60 48 72 10 17 83 88 91 30 79 0 45 38 22 89 46 9 93 67 47 39 53 74 83 4 55 35 96 13 16 15 98 78 56 59 22 5 46 14 3 62 5 65 78 47 50 74 27 73 86 87 49 88 58 39 10 19 12 72 77 72 55 27 96 3 97 46 37 68 63 61 47 22 10 2 20 13 34 24 30 60 48 66 27 16 16 20 
61 83 95 39 14 4 41 86 79 26 26 23 47 91 81 39 11 71 2 57 35 1 32 17 11 61 90 92 11 35 92 21 16 79 16 28 24 90 66 46 44 44 79 12 80 10 13 77 34 13 27 69 55 35 98 47 42 13 69 17 62 79 73 95 10 64 64 25 91 61 15 77 11 60 69 32 35 19 93 19 46 91 83 45 51 30 84 92 55 56 20 61 48 37 47 40 29 34 6 91 71 14 67 62 15 19 19 66 14 41 91 94 25 90 9 59 64 23 32 11 93 5 55 76 73 60 27 78 79 60 54 14 88 64 30 68 49 72 33 68 55 18 67 72 40 65 22 82 71 41 48 11 61 81 34 47 8 85 56 39 89 86 33 15 5 52 76 45 58 12 55 21 99 51 75 47 75 17 85 18 49 41 99 50 11 47 94 88 99 75 2 73 71 34 42 80 52 42 34 24 4 75 14 41 57 31 69 89 5 17 38 3 17 62 82 67 51 8 14 16 24 84 66 74 24 61 30 62 31 89 31 53 71 64 13 8 79 39 61 56 56 14 34 4 26 73 52 50 41 7 54 12 32 88 71 92 2 2 19 14 11 6 56 60 97 64 65 70 47 50 21 51 6 60 3 28 99 33 61 3 29 97 19 55 43 56 73 22 43 94 47 50 68 64 88 57 4 94 97 7 
83 93 87 94 88 50 20 68 61 55 21 78 78 2 56 88 76 80 21 40 40 24 94 88 45 88 39 72 38 83 81 95 9 87 54 53 54 85 38 25 8 79 41 79 77 21 25 61 61 43 26 37 5 78 18 43 55 29 81 81 57 2 65 78 18 13 83 79 44 40 23 99 4 68 24 54 98 95 67 45 56 50 92 27 69 84 25 27 83 32 47 76 14 28 78 69 9 71 57 74 50 68 82 50 53 43 99 72 69 71 29 19 94 0 87 65 86 47 94 55 79 92 64 97 76 44 91 6 80 20 24 17 47 88 3 43 90 47 93 47 65 70 7 89 43 46 72 91 26 11 54 5 35 35 57 1 1 43 20 30 69 76 60 9 36 1 87 4 24 17 58 8 88 55 73 30 75 68 38 62 46 59 76 20 77 38 8 94 63 25 30 50 13 49 70 28 1 11 77 95 99 8 42 40 56 27 12 14 61 33 2 48 58 52 8 44 68 75 31 30 23 25 24 68 88 33 85 71 46 29 61 6 63 41 58 33 6 29 19 13 14 1 42 2 26 53 78 85 71 6 34 11 97 28 22 58 42 84 98 14 95 75 72 31 68 19 41 69 98 46 35 63 83 57 36 60 1 3 27 20 23 50 83 59 53 85 21 55 54 83 31 54 91 10 57 60 97 8 91 38 
43 2 10 1 13 9 16 43 21 50 70 51 64 16 76 72 46 25 60 26 45 29 34 65 31 34 36 15 44 29 68 18 71 28 11 61 63 20 80 49 40 81 72 87 33 72 73 36 50 15 91 9 36 19 19 4 35 23 46 51 67 60 97 68 0 65 43 76 52 79 86 28 71 56 3 64 76 41 24 82 91 68 47 3 17 37 56 48 3 55 97 56 95 5 62 92 35 56 60 83 75 34 90 78 10 13 49 87 75 3 79 26 86 64 35 72 16 22 47 52 59 57 16 50 95 23 37 13 32 90 93 76 61 20 70 13 4 93 42 90 47 99 13 64 99 62 75 16 99 75 88 87 78 23 68 17 37 31 0 5 3 94 50 21 10 97 72 64 59 15 20 43 12 57 31 76 85 59 99 31 32 51 69 75 26 89 71 41 59 37 50 55 75 37 20 48 90 18 32 74 29 0 5 12 62 64 32 90 50 26 84 13 21 63 8 51 81 36 48 6 70 40 84 63 34 59 2 19 73 91 80 73 23 15 93 63 57 29 8 50 88 44 17 90 4 82 52 35 16 48 68 28 82 28 92 50 14 79 4 28 2 15 82 36 37 66 26 95 60 87 15 48 12 64 31 22 57 37 10 27 83 84 13 87 11 82 97 82 40 17 50 1 86 15 89 55 86 29 58 3 
4 99 70 28 86 47 68 38 30 12 49 11 25 9 9 64 9 6 8 76 87 6 5 33 77 2 54 38 40 61 88 53 93 77 84 46 98 29 54 60 70 82 1 19 4 31 28 37 27 59 3 64 17 50 49 12 91 49 19 77 17 54 93 72 67 96 29 43 19 49 21 13 64 48 26 99 2 97 84 51 26 94 53 95 80 61 68 30 16 83 27 8 94 75 60 20 2 84 42 73 42 23 79 54 69 33 77 47 52 95 71 51 34 87 54 95 10 57 32 43 75 26 43 87 99 69 89 57 41 98 50 42 11 8 86 69 9 86 69 43 42 22 97 43 47 69 67 14 29 33 52 71 98 83 33 19 12 15 24 43 37 14 77 68 26 68 78 84 47 10 47 15 79 14 8 5 65 64 15 42 45 87 53 2 79 92 52 86 0 38 54 34 7 3 8 89 3 6 65 14 49 2 13 8 25 78 34 76 59 21 78 61 20 63 69 88 87 41 52 93 85 2 14 54 72 22 58 87 82 67 41 46 17 82 69 12 26 35 83 27 71 76 1 25 69 75 14 81 26 13 14 25 5 42 49 60 91 91 67 64 86 3 74 66 20 25 43 37 15 40 69 0 7 60 91 12 91 76 80 34 99 81 81 76 21 6 81 70 27 13 40 3 92 73 42 89 70 67 89 73 
80 94 58 98 84 90 80 45 75 33 69 25 19 72 89 0 13 12 80 73 75 88 72 0 32 9 7 31 75 97 25 94 60 68 89 89 81 77 64 96 61 79 95 8 99 7 35 92 80 85 26 22 4 5 91 71 22 20 4 8 51 67 99 86 81 43 15 9 20 54 0 53 9 61 86 25 53 98 46 31 44 28 41 99 18 44 17 76 66 22 82 32 81 49 81 55 89 39 99 26 23 80 39 88 98 97 76 94 65 12 10 79 7 10 63 90 93 72 99 63 87 66 99 83 86 69 41 88 49 83 17 72 47 36 62 85 29 43 83 57 29 74 44 15 30 18 8 78 36 18 48 24 62 85 30 5 90 86 10 53 81 12 53 47 24 30 8 48 90 68 35 60 0 99 22 31 25 38 30 42 97 33 69 3 87 78 20 42 53 42 77 34 57 65 8 16 50 21 13 93 85 12 66 46 73 96 19 3 23 98 3 32 90 26 29 24 78 26 67 7 71 73 97 63 69 95 89 41 93 66 9 52 74 86 62 90 81 28 0 23 78 71 42 59 36 61 20 63 3 45 6 2 11 4 82 92 28 57 84 51 92 8 21 78 69 15 18 34 24 48 27 95 92 33 40 3 59 29 34 9 85 58 89 40 11 19 76 17 31 16 94 75 20 48 36 97 69 58 39 85 
73 35 91 11 90 35 0 40 82 42 88 32 2 33 45 58 73 57 16 50 30 44 62 71 58 13 34 59 59 52 76 15 70 26 8 7 52 2 6 14 71 5 29 90 44 76 13 94 10 51 1 23 97 52 8 1 83 52 28 90 11 41 57 96 25 81 27 3 74 65 86 33 56 14 29 17 64 32 45 22 97 89 24 81 56 92 1 55 14 5 21 4 17 40 90 65 19 47 19 4 39 1 13 5 74 21 57 67 93 92 38 9 20 14 71 82 82 93 52 91 6 35 45 91 21 41 28 56 68 69 89 60 21 54 70 70 29 32 44 6 89 45 31 58 61 98 28 35 40 55 49 64 78 30 61 97 86 9 34 6 60 74 63 5 38 79 54 1 29 86 14 20 90 98 44 71 77 34 7 69 14 85 29 30 27 72 92 45 34 84 81 83 82 55 71 21 39 36 35 0 53 1 87 40 93 25 41 47 92 6 42 86 8 32 3 8 49 94 22 42 31 77 23 52 32 23 65 74 16 30 67 40 83 29 12 14 10 42 63 18 34 89 39 80 10 20 95 20 76 23 96 78 2 77 58 11 68 15 91 10 20 37 46 22 1 7 65 6 41 75 65 84 67 16 26 54 95 44 73 49 43 77 20 24 26 76 62 26 91 91 27 27 57 72 14 48 96 31 80 95 
42 85 12 73 58 74 57 27 29 40 54 15 91 96 97 0 65 76 21 23 37 70 44 4 77 60 89 84 59 88 59 12 16 46 11 49 12 44 54 73 26 21 25 99 61 45 88 42 1 88 69 36 77 61 75 33 61 33 3 96 16 55 29 30 60 38 86 72 1 97 60 7 55 71 27 51 99 48 19 70 39 26 82 55 89 27 79 25 1 62 30 18 65 99 10 78 51 13 1 38 5 94 20 33 4 17 38 84 85 84 41 85 67 79 14 10 47 29 80 6 12 59 92 45 72 13 55 64 54 98 69 40 68 55 1 99 48 24 53 46 73 89 70 1 29 46 99 24 36 10 59 83 0 13 20 73 7 13 39 12 92 25 77 0 73 19 67 37 85 68 41 50 17 93 79 19 21 32 48 89 40 43 30 80 15 16 59 98 42 2 3 63 68 39 25 11 74 23 78 63 25 92 52 6 7 45 7 52 22 80 18 97 79 23 31 70 66 3 28 80 87 12 13 3 73 88 94 30 93 54 55 73 73 88 81 24 5 56 86 62 37 79 76 0 44 3 98 39 17 51 27 47 88 33 67 5 88 27 71 44 23 29 13 79 81 49 64 46 8 24 73 30 86 52 34 90 65 59 26 92 12 39 0 23 95 6 89 90 77 21 92 40 91 51 29 10 24 47 86 50 
83 5 59 17 13 68 48 51 68 58 7 13 86 92 4 32 26 70 61 93 24 73 70 8 99 49 73 76 96 57 42 6 0 16 92 66 10 35 23 71 90 89 25 7 61 74 6 98 34 14 33 29 0 60 96 62 13 78 79 2 43 64 36 56 1 93 49 68 24 0 2 34 66 3 29 88 75 88 19 9 46 57 13 36 98 69 38 24 38 79 75 33 66 91 56 71 59 31 37 33 60 20 45 93 70 37 58 58 57 14 97 22 92 73 3 93 95 93 77 9 50 56 83 56 85 39 63 55 58 51 88 52 2 58 89 94 44 54 52 63 51 69 11 87 66 26 1 0 53 64 40 33 93 64 21 78 39 11 96 76 78 28 67 29 58 15 81 87 69 75 40 69 24 81 6 26 5 5 66 36 24 89 27 76 15 52 69 89 90 56 44 6 38 31 61 52 88 38 45 54 93 44 49 87 30 49 40 89 45 22 87 67 78 16 22 54 31 27 97 24 80 94 34 9 96 16 22 93 8 44 22 73 36 28 67 80 7 14 15 94 62 80 11 0 5 35 18 11 98 86 11 38 10 84 10 53 42 98 30 4 13 93 91 22 86 51 10 26 48 92 14 55 64 40 50 0 15 39 86 59 72 17 38 33 0 31 56 70 73 17 94 21 60 16 80 83 34 67 87 84 
65 70 94 22 66 54 40 41 2 67 75 43 13 95 3 92 54 74 73 92 53 70 81 60 53 85 94 95 78 77 5 30 89 44 25 42 17 28 18 80 19 61 11 5 85 56 93 83 64 66 68 16 49 77 24 21 20 18 16 2 80 16 65 56 6 51 59 27 37 97 75 61 97 5 36 86 19 61 56 54 41 94 29 68 35 81 45 21 4 0 74 11 8 2 94 66 86 3 18 88 18 15 35 72 98 92 98 95 20 26 32 37 50 91 57 45 17 51 2 22 39 94 41 96 68 15 80 52 22 15 76 39 16 63 51 86 24 54 59 2 61 90 94 12 43 60 27 40 8 46 7 5 43 2 67 64 67 56 43 50 26 48 48 55 94 12 34 57 76 30 93 49 47 18 73 8 24 51 28 79 52 83 70 67 89 68 83 51 48 53 64 49 26 33 31 77 53 90 56 55 98 33 52 6 29 65 29 3 17 77 94 88 68 2 97 50 33 41 26 30 60 89 14 15 73 11 27 47 93 83 22 98 94 50 62 75 86 76 51 90 65 36 3 22 78 98 20 48 86 13 50 35 19 5 30 69 41 62 22 70 54 33 27 56 83 78 1 27 37 23 54 14 65 60 10 4 36 96 65 72 50 15 86 67 45 32 74 44 16 73 44 86 44 40 31 12 43 16 20 93 
3 97 51 29 69 24 52 92 71 71 58 77 71 20 6 62 93 59 8 22 43 72 68 99 75 29 51 30 64 9 84 43 44 14 44 81 13 45 72 69 43 96 46 5 90 7 99 53 93 65 84 37 18 28 78 82 26 79 38 25 95 73 0 8 52 88 39 88 85 43 30 91 88 94 42 79 95 29 28 70 71 55 48 0 24 85 2 33 82 32 64 31 4 31 88 20 26 44 27 92 28 49 58 42 73 18 21 3 30 49 69 11 60 20 78 42 99 26 17 90 99 81 37 23 42 48 81 75 68 77 69 12 8 99 41 6 72 7 15 65 26 0 43 6 64 50 77 9 97 8 42 51 1 80 54 65 19 95 21 37 12 64 80 83 3 6 34 67 59 62 88 1 33 57 49 85 54 14 14 28 27 63 73 18 11 73 42 1 25 53 62 66 35 76 8 95 18 54 42 73 47 39 65 95 53 38 95 7 72 82 80 75 17 30 86 54 99 96 58 24 41 73 72 91 45 75 62 11 41 2 44 41 84 81 65 83 43 32 6 99 96 10 31 10 18 53 70 23 59 4 49 8 67 16 94 2 90 45 9 51 47 83 68 13 53 61 37 46 10 69 13 55 75 78 83 5 96 53 21 88 64 81 95 10 55 17 16 60 85 64 81 11 98 5 18 38 80 6 19 18 
20 21 28 98 61 56 17 20 41 26 17 11 86 0 0 38 76 17 6 54 83 61 38 7 40 46 43 93 19 1 18 44 87 99 39 52 6 75 4 91 26 3 12 19 68 25 69 49 55 64 9 42 8 30 33 4 10 97 2 88 99 21 31 57 45 56 15 73 69 17 13 42 79 29 73 40 56 43 61 77 40 49 80 78 52 19 81 12 28 20 3 1 84 99 52 67 84 20 35 49 11 63 39 41 16 51 45 30 64 99 0 12 95 1 23 84 11 64 58 60 1 16 27 70 73 26 68 36 77 90 56 0 28 8 74 9 68 26 14 49 13 60 7 20 4 91 83 78 49 28 5 24 91 96 37 5 72 16 95 74 87 6 13 78 88 80 34 80 25 18 50 54 91 55 93 87 71 32 83 15 1 31 53 33 76 45 37 77 87 38 77 7 28 18 18 4 95 61 4 72 25 98 65 31 22 99 34 48 55 40 27 10 40 82 31 25 25 86 47 57 27 58 87 42 34 47 31 92 21 20 55 15 29 10 14 69 1 33 67 83 33 42 95 81 6 85 93 94 90 84 64 19 72 92 61 71 94 24 21 27 41 56 59 95 17 7 1 57 93 89 54 91 1 70 12 11 11 27 57 10 11 14 60 30 6 51 57 98 12 50 35 58 4 87 81 38 88 49 70 77 
67 22 26 86 79 1 49 48 70 93 70 63 15 53 53 26 80 36 33 78 84 40 1 63 90 57 80 94 96 35 14 51 25 8 32 31 67 47 87 4 33 22 37 56 79 57 41 75 84 71 8 17 89 76 20 92 19 3 76 58 79 74 68 93 75 89 90 38 24 63 53 59 54 43 61 77 71 53 67 9 76 39 63 35 60 82 43 87 15 49 53 6 62 46 80 53 27 54 75 67 59 46 83 25 22 11 38 93 43 42 15 61 53 76 68 30 86 27 62 62 33 10 56 97 25 74 43 14 95 58 96 94 68 99 61 79 33 3 61 90 99 67 18 61 79 15 62 55 68 51 50 92 70 27 20 9 99 86 91 55 96 7 15 12 35 31 48 31 82 55 12 67 99 45 19 6 53 8 42 10 37 65 89 53 58 63 50 65 38 87 43 90 50 65 30 59 28 62 83 54 3 58 10 40 54 31 39 60 85 66 34 75 4 26 42 53 97 7 37 73 44 53 56 30 13 25 97 28 2 47 14 93 30 97 28 74 61 58 8 16 45 58 89 51 32 29 46 31 59 71 5 54 42 35 36 19 77 67 98 24 67 86 6 82 72 11 4 47 72 29 72 68 46 44 91 48 42 43 87 61 51 54 6 46 44 26 34 1 37 26 48 33 17 52 98 31 37 65 69 56 
59 57 87 42 36 3 17 64 38 44 60 15 19 52 85 70 82 57 75 84 95 99 52 93 1 61 6 42 37 14 83 81 78 30 83 97 31 79 70 41 12 83 6 95 73 83 85 62 3 69 65 8 17 69 79 22 54 97 95 85 19 71 3 47 72 71 42 20 50 33 82 9 76 16 75 70 66 84 6 39 81 10 91 81 76 49 94 22 30 54 72 63 5 3 44 96 74 49 51 5 18 89 50 75 93 76 65 44 17 89 13 3 38 31 46 76 79 2 89 44 3 71 89 75 13 39 50 21 32 39 79 71 95 58 61 62 49 3 52 49 84 22 97 36 51 96 36 63 40 89 82 19 2 22 43 91 4 63 94 63 50 90 5 6 45 9 99 80 14 76 87 86 25 59 78 68 16 6 80 11 5 22 87 29 39 23 77 42 38 50 11 77 52 58 53 62 32 69 76 84 77 80 2 85 70 71 73 17 16 73 42 25 59 40 15 5 50 99 43 92 78 97 61 2 46 38 92 27 60 87 33 78 49 78 5 12 17 86 21 10 21 44 63 3 22 39 3 59 87 46 41 5 94 95 37 92 95 34 0 81 68 74 37 18 28 71 85 29 70 89 30 58 53 12 62 83 86 73 50 19 89 71 80 77 88 57 22 18 48 91 40 44 29 59 85 4 96 67 73 98 
35 88 97 91 21 41 35 28 11 83 48 97 17 87 47 36 69 87 96 96 41 29 45 64 59 66 68 24 90 17 13 82 18 82 49 84 21 70 27 69 92 8 21 85 84 77 43 11 45 12 68 30 62 3 97 21 38 6 70 42 98 42 93 4 33 28 10 97 68 43 57 72 98 2 18 92 55 38 42 92 95 84 72 0 86 50 23 63 50 20 7 78 32 41 46 26 94 73 28 70 64 49 89 0 65 49 50 8 85 70 70 4 73 12 43 42 43 41 59 35 50 31 88 29 52 51 51 39 86 22 16 27 95 16 35 13 33 90 57 6 77 48 27 8 61 32 70 0 47 93 22 47 63 60 16 41 41 51 97 99 96 35 13 40 38 75 48 39 10 21 40 11 90 53 55 90 84 63 7 74 31 58 71 13 17 14 55 48 0 26 83 94 82 67 56 29 21 71 63 38 75 61 94 57 37 8 12 40 34 90 37 76 83 99 46 71 8 62 66 24 53 71 57 48 38 58 3 35 56 19 89 2 77 23 12 66 82 9 2 12 39 16 4 98 78 85 32 99 72 60 4 67 72 51 7 13 61 77 17 40 78 40 17 23 4 10 76 72 45 98 35 60 98 70 45 21 10 27 20 3 44 19 17 19 21 42 38 9 51 16 79 13 9 2 79 89 8 47 68 61 
93 81 69 3 81 40 59 35 93 10 18 89 97 47 18 74 79 59 29 21 12 86 39 39 87 4 87 57 17 49 63 68 88 46 39 56 58 33 42 50 92 89 79 96 44 38 10 71 15 23 37 99 51 96 4 16 73 62 66 13 22 61 30 72 72 18 62 73 38 85 83 88 95 65 61 60 94 45 29 2 49 97 64 92 10 42 10 94 79 25 83 46 25 11 68 7 10 65 93 1 65 22 33 23 74 9 11 53 66 79 36 70 21 18 60 85 35 75 57 36 40 89 86 9 24 54 1 52 17 58 4 88 18 57 36 9 56 2 42 7 79 38 85 1 59 65 17 88 75 7 70 53 74 85 64 16 24 71 86 71 99 81 76 14 19 97 33 52 86 64 20 58 88 82 67 30 43 55 5 51 50 7 5 11 87 22 88 89 33 97 1 76 79 88 35 59 18 72 27 71 32 90 20 74 18 24 23 77 72 80 6 84 47 31 8 53 72 48 6 6 94 61 61 59 32 40 87 35 40 70 46 2 10 81 63 51 65 40 63 42 67 39 48 65 28 98 93 3 73 50 75 53 21 78 67 64 87 44 48 51 45 0 83 61 28 12 11 21 61 89 22 46 32 72 1 5 51 13 63 73 89 92 66 41 64 25 89 16 96 6 9 85 96 33 88 16 10 68 42 49 
74 27 32 19 95 61 83 44 17 39 19 19 74 43 95 50 8 1 86 57 26 78 46 10 95 95 80 15 99 36 12 61 75 32 50 42 67 59 21 26 58 65 24 81 30 83 54 92 45 27 82 8 67 53 39 35 8 99 96 90 96 85 15 54 5 69 31 84 14 97 56 23 82 2 98 15 82 59 48 79 98 87 62 10 93 63 53 98 44 56 78 53 17 82 65 21 76 69 55 87 54 41 3 7 92 87 61 93 42 0 28 19 33 48 69 49 1 79 27 73 43 27 21 68 34 8 50 88 68 10 67 49 28 35 58 18 1 12 94 35 74 69 87 20 80 7 47 63 39 50 77 30 53 3 53 48 71 83 36 13 65 68 38 12 24 64 97 24 58 28 0 10 61 7 32 26 76 15 29 70 75 95 68 39 53 62 63 83 71 98 37 19 86 72 32 6 21 52 37 29 76 8 19 68 9 62 79 41 57 81 46 72 28 43 75 35 65 40 66 18 31 90 73 30 25 78 14 5 85 30 41 1 46 51 12 79 72 53 56 37 67 40 90 51 8 29 14 53 75 30 74 10 3 98 46 33 4 65 35 67 66 70 17 8 55 46 38 57 63 8 4 55 17 49 46 41 9 62 17 59 40 84 60 1 87 71 2 50 88 2 15 67 1 86 86 83 62 4 85 36 
42 64 10 29 20 56 97 57 12 94 61 20 23 77 23 13 43 33 32 0 8 80 99 25 14 64 11 24 32 98 34 26 60 65 34 28 97 64 83 95 49 12 97 0 90 6 27 85 79 79 37 35 38 20 26 49 49 32 69 61 29 20 92 61 55 26 85 89 97 38 44 3 7 49 26 63 71 94 61 4 22 45 0 7 12 94 64 91 1 59 46 24 57 89 67 84 13 4 82 43 83 97 45 73 28 44 55 37 8 22 44 40 25 12 9 96 7 69 77 19 56 84 76 11 88 14 56 23 79 99 57 57 78 86 45 17 2 74 72 18 3 61 56 44 20 96 36 54 71 97 90 89 16 60 66 13 61 58 54 53 13 82 19 65 81 36 1 63 78 94 77 67 68 4 5 52 99 24 30 62 16 95 86 97 2 75 9 57 25 14 49 36 30 97 19 94 57 76 95 83 88 65 15 42 85 3 60 80 1 61 82 30 94 99 50 63 26 60 0 5 92 29 57 11 68 1 25 8 78 85 5 6 84 18 41 36 37 69 52 60 56 14 96 7 60 68 52 52 47 20 87 12 82 72 91 2 45 86 45 2 48 72 39 66 5 30 87 6 39 67 42 40 78 32 89 70 39 23 34 42 50 34 91 2 15 6 58 82 38 19 36 70 79 65 96 88 76 85 34 74 
52 20 81 84 68 3 88 61 91 71 92 66 4 19 78 31 83 84 59 37 75 77 29 7 46 87 72 77 77 2 37 30 32 77 85 36 46 54 29 26 48 13 52 69 95 71 99 87 45 82 20 4 68 75 69 69 3 15 91 51 4 14 64 60 11 9 30 61 55 90 33 3 10 5 4 77 0 21 39 58 98 99 3 71 84 2 79 17 32 84 38 48 45 56 28 54 16 45 57 65 89 18 59 2 80 26 96 68 78 77 68 96 10 28 60 39 81 90 91 37 21 87 27 19 68 9 88 27 20 4 97 9 58 58 47 94 32 85 70 69 79 56 1 86 85 48 1 90 61 74 85 86 64 75 1 95 64 88 44 30 28 32 78 70 99 68 14 51 8 73 36 20 69 46 94 78 94 68 4 94 53 2 86 20 88 21 61 94 46 22 45 17 46 26 89 71 32 46 91 76 57 11 25 76 69 10 52 89 83 47 5 61 37 23 25 24 92 57 5 47 78 11 81 35 50 80 81 15 61 96 50 7 58 10 34 47 87 85 22 36 62 74 2 25 12 1 86 52 41 70 60 34 8 26 91 64 26 10 34 96 13 67 11 79 1 35 18 52 83 47 28 29 48 93 21 65 64 99 58 54 43 41 47 19 76 84 56 52 88 87 53 13 1 47 71 92 40 45 29 63 
36 83 43 50 93 3 18 8 99 58 44 80 2 5 13 78 1 40 2 79 57 40 41 21 25 27 5 47 33 89 47 64 15 17 82 46 52 32 7 68 10 62 24 48 29 91 70 75 96 55 0 22 58 93 94 90 69 43 66 42 10 7 13 59 37 82 37 24 19 30 98 36 41 98 59 5 74 82 22 50 57 32 99 59 16 21 36 3 73 41 52 74 67 58 62 64 76 18 81 98 88 66 66 88 91 94 84 30 15 19 70 95 0 16 61 99 62 60 88 28 61 99 6 7 10 67 59 48 24 72 97 43 56 75 8 48 14 55 15 5 9 70 9 87 93 91 56 50 62 3 97 45 12 9 81 38 5 9 62 21 95 1 13 31 91 75 54 24 44 93 44 9 12 22 60 80 91 80 4 21 54 66 72 86 23 4 11 93 98 53 94 52 51 96 1 70 32 46 27 36 42 55 12 50 15 23 41 79 40 51 31 50 8 56 16 99 46 19 39 34 63 90 32 54 81 62 46 68 53 89 12 92 52 70 66 40 48 78 66 73 30 9 11 43 1 38 29 45 85 35 53 51 16 5 90 85 89 42 43 93 32 0 87 77 70 69 35 19 77 15 43 32 46 34 64 38 44 31 3 70 64 4 54 6 7 69 3 95 99 53 33 85 14 26 27 25 15 25 90 63 
3 85 70 42 55 13 48 37 55 52 95 67 94 85 21 85 23 16 71 7 23 19 35 44 51 76 0 57 57 86 83 45 66 97 81 70 11 43 9 11 84 33 52 45 72 15 74 14 87 63 22 32 24 39 77 74 95 81 71 74 86 71 42 71 74 87 31 99 56 24 62 92 52 69 54 30 14 65 17 80 92 60 13 60 56 18 35 76 38 30 99 22 11 76 8 10 38 10 77 63 51 99 8 47 51 44 6 96 24 52 95 71 70 7 60 66 53 3 30 80 71 2 68 3 64 70 32 35 72 14 30 9 76 16 86 10 77 68 75 97 26 0 99 7 17 63 41 38 8 47 25 19 91 2 63 96 92 29 42 12 94 72 34 69 31 36 84 44 94 70 57 7 28 4 30 4 72 81 30 48 96 9 28 26 30 90 91 64 1 4 83 79 93 12 94 87 4 87 34 81 33 41 9 13 25 32 3 50 5 69 62 16 15 94 28 27 24 17 24 53 77 52 38 66 24 89 40 59 34 76 45 49 67 95 82 50 34 33 42 25 94 90 66 14 47 42 24 88 45 23 27 22 65 37 39 43 49 12 35 29 15 48 4 45 4 0 24 40 59 23 51 45 48 32 32 90 97 36 24 68 68 78 94 83 25 98 95 72 30 48 32 57 25 22 12 27 52 53 7 14 
52 61 43 26 50 12 83 48 53 1 53 27 38 35 48 28 72 15 25 19 37 90 81 51 64 59 80 20 27 38 4 24 56 80 13 81 54 98 96 36 91 64 74 56 71 45 38 29 76 41 29 11 36 54 61 36 18 27 60 52 8 98 78 34 1 87 97 88 10 85 81 86 75 98 67 49 51 42 78 46 91 36 16 12 67 79 12 82 94 1 56 48 85 65 54 60 33 31 12 92 48 90 41 47 16 50 88 61 66 54 39 83 26 35 8 50 8 61 67 82 15 61 13 94 12 65 19 99 21 32 17 70 90 57 8 81 55 37 70 16 71 38 21 60 41 79 72 81 38 21 89 5 94 33 18 80 82 43 21 29 85 85 53 64 37 85 43 34 76 18 60 66 64 66 57 17 16 19 17 1 72 39 2 37 63 78 75 28 90 74 72 43 32 27 66 84 88 62 33 32 23 30 15 35 7 73 2 71 86 76 33 98 27 50 59 16 6 35 97 24 2 84 9 89 24 1 54 69 49 5 94 21 24 45 1 40 33 83 9 24 73 49 55 64 95 11 71 25 26 14 38 19 52 25 99 24 7 91 88 90 22 18 3 60 58 78 69 67 45 46 24 62 47 8 27 56 31 42 14 63 85 35 5 33 81 78 2 22 82 23 89 89 88 28 67 88 94 86 40 65 
85 32 57 47 37 30 6 24 65 82 93 48 57 23 43 81 61 7 43 9 69 27 16 1 59 56 86 31 52 64 20 18 27 37 44 97 23 69 27 57 27 27 3 11 7 77 10 13 4 71 37 23 40 43 45 30 83 45 20 28 8 17 20 43 52 50 83 74 4 17 70 8 54 2 4 32 51 7 77 76 26 87 96 86 54 84 28 44 47 28 62 99 54 20 68 50 8 78 0 60 66 9 28 95 14 19 84 7 28 58 93 18 74 58 29 37 92 38 94 43 41 96 95 16 70 26 69 57 15 27 50 82 15 50 0 68 15 13 92 48 60 52 17 51 73 49 3 28 18 32 86 63 55 34 0 31 55 95 2 39 29 86 82 52 44 24 2 10 69 13 71 15 89 21 53 20 43 47 14 26 20 66 25 32 86 10 84 80 30 58 63 7 73 37 7 61 97 49 27 68 87 2 62 52 80 65 17 3 12 97 54 85 34 86 6 19 98 91 15 79 67 87 88 7 45 56 29 87 5 60 78 92 54 21 28 83 81 63 70 41 12 35 44 36 88 5 73 50 26 94 57 97 94 99 30 14 7 71 49 21 90 23 35 25 22 38 65 16 27 63 51 10 6 52 95 63 57 50 14 90 44 98 39 12 86 14 49 68 95 36 29 67 54 83 95 47 15 8 29 8 
44 26 76 19 99 65 20 31 74 15 62 0 22 72 44 25 13 28 83 9 47 66 91 18 90 23 92 2 93 43 73 97 70 84 10 38 64 13 86 50 23 40 92 38 73 7 88 49 89 7 18 77 70 27 55 76 74 4 13 66 83 85 40 5 2 8 88 41 42 29 61 85 44 70 60 66 13 52 48 10 23 98 81 76 75 79 32 94 38 57 83 15 18 23 38 34 20 47 66 98 12 0 69 48 25 25 35 6 89 83 63 90 39 83 49 10 75 76 30 76 97 23 8 89 35 80 4 38 96 52 37 79 57 39 67 32 9 32 60 52 23 63 97 11 12 86 36 83 54 19 17 7 93 13 39 96 3 97 33 83 13 88 76 55 28 50 70 79 29 24 23 91 73 44 79 87 12 41 8 95 0 79 58 53 12 52 72 40 1 41 49 55 49 54 3 90 14 56 90 46 1 8 28 10 96 76 64 73 17 49 41 15 68 73 12 32 31 32 12 62 4 70 8 17 62 95 15 19 39 45 0 78 61 69 20 67 92 24 68 9 36 61 85 41 52 52 63 6 82 88 46 60 27 64 55 53 1 27 18 76 99 90 67 62 33 27 23 45 57 51 71 86 57 94 75 38 46 50 28 93 12 65 70 76 87 96 70 91 34 5 71 24 90 91 51 1 93 13 71 64 
62 7 14 74 24 11 16 71 51 27 50 52 27 46 57 72 40 62 51 79 12 29 67 27 79 35 13 53 36 95 46 8 81 64 65 96 0 46 29 71 3 36 65 30 45 20 62 86 10 13 36 45 77 37 84 81 71 39 68 85 11 22 39 61 52 23 50 52 3 7 15 97 73 53 73 57 79 54 13 16 88 62 16 65 87 74 77 15 6 3 64 17 54 42 86 4 24 40 31 63 35 11 18 79 71 41 3 72 57 53 55 60 8 76 11 67 23 95 46 55 96 58 9 49 89 82 4 51 77 26 91 27 85 82 24 76 7 93 75 3 26 29 7 49 68 80 42 59 17 58 0 26 85 20 72 33 87 43 84 15 62 85 46 29 97 15 67 47 30 20 39 90 56 69 1 79 37 22 84 97 21 31 62 56 56 66 84 65 46 28 63 44 69 15 37 33 98 83 58 18 24 95 41 57 33 66 46 78 23 77 78 90 42 23 33 34 98 96 38 29 80 22 91 15 20 61 35 88 6 97 22 44 45 14 88 76 34 55 65 74 33 5 90 92 37 50 23 82 31 33 20 53 90 45 94 70 12 6 4 24 87 10 90 49 16 60 12 3 19 45 90 27 49 32 50 41 87 67 90 58 15 26 81 17 64 92 80 87 41 76 5 51 30 82 42 53 30 9 78 7 
68 19 33 29 85 31 82 23 21 71 2 48 78 78 94 49 41 99 95 73 74 99 25 99 79 80 34 76 19 98 77 6 16 98 15 36 26 41 4 8 26 33 37 38 88 86 1 94 51 44 37 35 49 20 80 78 25 44 71 7 51 83 94 37 85 13 3 72 96 19 30 46 5 98 89 15 44 70 33 10 72 76 77 79 4 79 15 78 86 91 64 28 94 11 7 17 45 37 77 61 51 84 36 7 81 17 57 63 19 5 50 71 73 54 36 12 84 3 69 77 60 41 6 24 88 23 62 76 93 14 94 24 86 42 56 70 35 83 90 98 53 60 45 3 38 44 73 2 1 13 74 98 68 25 31 80 76 47 27 0 5 27 89 11 67 57 24 67 95 64 47 35 26 26 65 44 43 50 96 53 7 84 95 45 86 80 21 6 39 70 32 84 84 73 7 11 28 18 63 46 45 31 96 24 17 51 90 16 11 85 26 1 18 17 87 74 6 18 36 88 25 68 39 7 48 15 6 9 38 73 30 3 57 1 21 44 12 77 61 25 23 73 89 46 57 36 34 89 75 85 46 36 86 78 35 99 35 30 24 20 40 21 72 50 86 61 47 76 97 30 12 22 12 5 32 20 17 24 16 10 26 80 33 64 78 24 69 3 6 97 40 27 44 27 33 47 41 8 13 30 
29 34 74 43 95 49 72 91 94 85 42 37 80 65 25 14 92 89 84 47 73 41 47 80 28 39 17 70 86 77 0 15 68 98 4 40 79 51 7 55 52 84 79 22 7 81 92 32 57 14 20 39 0 22 80 58 46 99 93 11 5 45 3 43 46 58 56 77 55 56 80 76 26 41 28 65 35 43 84 25 5 94 9 71 38 11 91 40 80 74 88 78 98 31 94 23 26 73 9 38 2 91 11 51 54 67 43 15 42 36 96 69 4 50 48 47 60 53 5 72 22 18 90 28 88 93 57 93 13 27 8 55 17 86 1 6 78 95 14 2 62 91 69 36 58 30 92 59 58 63 25 33 98 48 20 99 53 28 53 94 79 26 87 40 84 13 25 35 7 52 57 39 44 77 18 34 74 1 26 43 8 2 3 63 70 31 21 44 51 10 57 99 0 67 49 89 43 49 7 96 57 55 78 55 96 37 7 99 98 87 97 87 42 1 99 6 4 31 33 36 31 87 17 11 56 41 83 15 50 82 80 83 12 76 19 29 42 20 8 35 8 9 77 28 44 1 86 71 2 34 61 26 96 10 66 33 26 58 79 44 48 71 87 19 23 14 44 20 26 86 74 78 89 7 70 16 49 81 47 60 69 46 0 81 0 44 42 35 32 54 20 17 2 17 52 91 15 22 47 70 
79 98 36 32 93 12 73 85 82 30 11 50 80 71 42 19 17 89 68 84 60 90 50 95 97 27 12 25 16 79 50 6 19 29 66 62 11 45 77 49 55 76 52 9 13 30 72 71 40 20 37 80 3 18 42 16 98 18 41 72 54 22 72 31 84 26 53 34 36 54 34 78 28 54 88 42 50 6 41 21 53 89 59 54 21 77 31 6 32 45 34 52 97 42 90 71 63 42 60 14 65 41 29 14 52 73 15 51 8 37 21 96 20 85 89 40 77 68 77 68 42 5 24 17 45 60 11 97 99 36 31 32 28 1 37 91 97 84 75 38 7 52 84 78 29 40 24 1 9 78 72 89 87 2 61 19 37 47 71 29 26 13 51 54 29 84 26 20 17 12 86 69 7 5 31 62 87 25 7 66 83 56 1 7 20 11 0 6 18 36 30 3 90 13 87 70 74 67 32 93 57 52 48 10 32 72 21 93 20 21 26 29 44 5 44 73 9 21 46 62 64 83 49 71 28 19 15 14 69 49 48 21 77 13 67 28 81 89 43 93 6 11 45 19 64 18 7 23 74 55 45 67 59 35 79 34 64 87 92 41 64 19 29 30 25 7 65 50 19 79 12 7 45 92 45 60 26 83 96 37 58 14 59 34 19 61 1 42 74 15 81 47 1 24 92 27 72 85 73 42 
50 58 8 59 59 64 13 45 80 7 38 51 91 37 92 77 67 56 89 92 54 8 62 19 69 69 16 4 3 76 36 31 14 99 35 90 51 66 49 64 44 91 30 77 19 73 58 37 92 5 49 32 83 77 92 51 87 49 73 98 62 15 73 45 87 34 62 18 80 50 66 74 75 58 54 79 43 10 51 63 58 83 13 95 66 76 37 30 81 49 63 31 9 75 52 76 80 50 52 84 91 38 87 64 65 89 96 69 51 75 79 94 93 23 4 23 23 61 44 12 77 81 19 72 24 7 49 84 10 56 61 41 16 59 44 21 10 55 32 12 50 72 88 37 33 48 45 78 98 37 34 18 72 76 96 9 43 0 89 93 61 23 42 92 7 52 54 64 41 21 33 46 70 79 76 2 13 8 55 71 83 44 45 98 66 59 14 43 85 17 3 60 25 44 74 52 67 26 72 47 28 3 31 68 21 45 15 28 43 4 39 93 93 61 88 5 31 13 86 56 23 31 72 39 90 34 33 91 22 36 34 53 73 80 22 51 72 29 87 50 29 34 75 54 97 13 91 91 38 75 87 50 85 86 18 19 51 2 88 56 82 72 21 66 21 52 95 85 75 61 26 10 52 82 27 9 48 95 87 5 65 40 53 39 83 33 43 53 42 12 37 46 44 2 23 1 16 12 33 80 
70 49 35 43 95 27 57 66 19 44 59 93 22 65 85 53 84 33 95 27 29 51 7 75 92 67 15 8 69 40 48 87 84 38 3 49 44 34 23 45 5 71 99 73 62 26 6 39 74 85 28 27 49 67 51 6 29 47 74 98 34 43 48 77 62 16 25 64 21 63 8 50 53 61 44 55 69 90 72 92 59 98 16 67 10 30 51 51 81 97 94 20 97 50 70 72 5 78 41 20 87 93 61 33 62 5 77 53 30 82 32 90 64 19 71 33 87 65 18 2 54 14 14 16 83 17 74 7 94 24 7 49 34 32 20 98 17 73 90 77 39 85 97 92 69 37 51 3 98 59 57 4 13 34 82 31 84 87 18 66 40 32 88 52 62 41 23 61 94 98 56 37 58 8 71 42 38 16 94 27 89 18 66 47 6 31 27 41 63 28 24 81 98 15 91 87 7 76 34 22 49 34 58 44 84 10 54 96 22 23 47 52 81 42 43 40 36 60 20 55 54 1 71 68 79 68 72 87 72 80 44 30 29 65 56 2 85 16 11 94 62 3 7 54 98 20 44 39 61 11 78 79 27 54 36 27 84 17 96 13 98 22 41 15 68 54 58 55 33 37 61 60 46 75 9 77 31 68 83 17 19 17 63 54 87 94 21 2 29 2 6 23 65 62 5 58 48 70 13 39 
67 74 25 30 54 64 69 33 78 53 10 92 75 49 81 85 10 54 92 58 18 36 26 11 17 79 81 20 10 57 84 94 1 23 13 25 50 1 83 62 1 40 97 38 9 87 52 43 8 22 77 5 43 39 21 35 74 49 72 47 10 98 80 24 45 63 36 15 50 59 56 72 5 12 78 37 57 89 2 31 64 40 63 36 79 2 70 85 87 69 78 65 95 17 16 97 52 39 59 17 25 21 39 71 62 46 51 27 38 45 41 51 96 83 34 96 59 94 29 52 50 27 28 49 95 80 24 49 73 14 48 0 32 72 93 96 80 41 76 23 62 59 56 38 58 73 66 7 0 22 99 24 85 2 9 58 60 24 12 81 2 77 94 78 15 76 92 53 34 90 71 25 55 40 8 24 75 31 0 11 67 3 27 52 25 31 5 98 95 31 33 91 93 7 17 17 70 32 22 11 9 73 50 12 98 72 8 77 42 96 3 98 23 24 1 58 1 5 96 60 24 21 50 13 79 9 65 64 12 53 79 7 90 61 56 18 59 78 40 92 25 69 35 74 7 82 25 29 83 9 87 48 23 86 75 9 60 43 83 82 79 86 1 7 95 18 94 86 57 54 4 36 22 69 56 90 14 17 80 13 9 50 81 82 23 97 93 9 68 60 7 17 93 24 46 81 48 30 95 80 
66 10 77 70 39 81 83 85 29 36 57 95 24 61 7 66 74 26 3 43 79 0 67 64 63 98 42 60 11 6 87 76 12 87 46 55 14 4 64 45 20 92 93 21 4 98 56 84 78 58 49 5 32 33 29 63 49 13 63 7 14 17 90 35 40 40 12 19 92 3 5 1 43 12 66 76 97 40 80 36 92 17 20 22 8 12 44 42 3 81 99 56 22 85 57 31 18 63 81 54 20 94 76 73 5 61 75 36 91 56 27 75 92 98 14 18 20 88 97 9 24 57 81 2 7 26 31 21 66 56 48 53 80 88 8 25 36 14 85 18 5 9 6 63 5 74 78 84 85 27 67 52 69 34 18 73 41 81 84 45 19 28 74 38 26 17 93 5 82 16 14 28 96 84 20 81 17 56 33 14 94 61 26 79 10 79 33 29 0 46 85 60 6 95 9 35 79 39 20 78 44 59 57 48 61 88 33 62 26 97 13 27 2 75 42 42 11 1 90 98 63 76 29 36 4 44 40 30 67 99 36 54 46 34 50 16 61 90 74 48 89 57 65 11 36 13 12 81 84 83 1 4 12 48 40 59 78 8 3 45 50 72 18 62 59 13 46 10 99 10 30 69 82 3 78 23 61 6 27 81 65 14 55 39 33 97 71 99 47 22 10 66 95 20 4 46 13 74 3 36 
78 31 49 67 96 7 54 45 45 47 3 8 5 25 87 27 15 52 1 6 82 99 86 47 3 59 61 99 86 98 64 0 37 57 44 36 49 54 7 98 56 83 57 48 45 21 42 88 81 92 38 83 38 90 67 71 79 70 82 95 11 12 78 41 21 18 86 51 7 32 29 98 1 87 96 67 13 46 42 11 29 62 87 9 96 56 99 54 65 85 92 92 44 45 43 95 42 31 75 0 91 4 23 62 58 54 24 79 89 51 58 50 53 58 43 50 52 29 76 12 37 63 40 28 57 40 30 34 16 75 7 91 9 39 1 4 37 73 6 82 4 65 67 23 58 67 34 89 90 48 65 61 13 85 38 61 73 75 28 90 94 48 39 43 53 48 91 74 55 52 33 22 80 19 95 48 12 38 80 18 46 30 83 81 39 58 60 94 9 2 64 67 1 10 54 62 70 84 30 14 32 94 61 62 87 22 76 11 23 38 30 85 43 62 57 16 73 11 76 79 30 19 14 29 30 74 69 36 61 39 33 42 55 91 7 46 18 21 61 58 34 96 95 82 26 73 23 46 37 31 13 51 85 59 66 76 7 16 55 63 79 44 60 97 18 25 78 97 85 5 39 7 95 95 12 53 23 34 97 15 23 99 32 64 17 65 49 72 64 95 48 28 62 40 15 58 47 69 50 29 
56 38 16 37 52 12 16 91 50 54 76 99 65 47 16 49 81 18 42 82 71 99 12 99 2 74 51 35 75 54 19 65 78 55 40 60 94 10 67 2 11 84 95 39 26 34 81 54 24 77 29 32 30 42 8 56 81 35 27 67 38 2 18 9 92 1 69 56 77 14 89 7 93 17 6 9 9 13 3 80 43 40 79 19 19 21 87 32 29 82 84 30 3 21 66 54 22 59 77 0 93 4 99 83 6 17 38 83 87 87 19 5 22 43 67 4 80 99 65 5 0 88 37 60 16 52 84 2 12 22 79 6 37 83 8 48 44 23 30 99 4 89 60 90 1 67 17 9 93 90 19 73 96 60 50 97 83 51 82 6 62 21 36 46 42 48 92 72 56 84 34 95 3 74 87 83 68 64 26 96 76 66 20 10 9 83 95 45 21 69 70 70 20 65 86 62 12 14 20 41 77 19 79 5 2 55 54 77 2 93 9 20 52 28 0 14 53 81 93 40 78 14 16 47 89 65 15 27 83 94 87 57 29 57 40 3 83 68 79 78 32 23 86 4 40 96 88 24 90 85 7 83 10 52 82 67 94 78 51 81 31 87 53 3 50 66 1 52 71 4 38 15 43 61 26 38 69 13 71 31 6 36 10 8 5 69 62 16 79 64 1 61 67 50 3 10 38 20 95 88 
90 83 5 61 36 88 8 41 35 52 1 45 71 45 56 48 22 13 76 24 40 58 49 69 73 31 51 96 71 74 28 43 32 78 46 71 70 95 24 33 70 4 23 53 74 65 43 68 58 21 38 73 60 37 59 42 99 69 8 88 49 14 91 81 65 57 25 84 88 11 74 66 45 86 44 95 94 59 47 66 13 20 90 58 41 52 72 49 34 93 43 2 62 5 77 98 20 8 96 22 49 8 39 24 98 42 64 23 93 28 54 72 55 28 72 58 73 92 7 56 34 54 58 98 80 54 32 26 2 9 13 20 38 61 78 91 71 99 79 41 89 80 30 80 56 86 14 35 97 56 28 29 26 33 76 52 97 6 43 57 51 35 23 30 91 23 28 47 9 17 50 33 83 30 87 20 59 60 78 64 77 17 11 35 7 61 22 60 27 80 42 87 79 76 99 20 28 53 36 77 27 73 60 35 67 2 43 83 41 42 19 5 93 19 77 34 46 99 10 95 34 37 42 8 30 20 12 74 92 52 94 23 79 39 57 27 81 30 68 29 50 11 22 66 48 17 90 57 9 94 54 15 40 45 30 13 55 8 58 56 13 91 74 66 84 42 50 78 89 47 5 50 6 4 29 35 63 4 60 2 5 87 58 93 48 11 7 24 8 40 97 82 69 19 25 19 33 35 10 34 
6 68 43 33 29 85 83 52 46 15 9 92 41 74 25 18 85 83 83 99 43 75 50 16 97 92 42 24 87 57 34 57 33 43 85 4 10 37 49 5 25 91 36 23 99 10 15 28 28 54 84 24 53 58 64 34 49 69 93 23 78 77 16 93 94 0 39 19 75 4 25 67 48 15 54 87 93 72 20 9 9 84 78 57 33 29 52 68 68 22 99 58 5 51 10 72 29 40 33 60 90 88 34 52 15 76 81 40 8 63 93 31 48 12 75 80 17 82 48 27 48 61 87 71 74 26 32 68 66 71 0 16 20 10 28 33 45 73 23 7 0 8 44 44 80 83 1 83 71 72 22 1 67 35 61 33 23 7 60 75 52 72 55 71 36 21 56 91 47 75 88 42 93 26 52 83 99 49 91 49 68 41 34 36 26 71 41 48 29 57 0 68 56 67 55 77 44 58 25 92 13 62 35 66 50 22 18 27 47 1 62 94 84 90 38 86 13 98 56 55 72 93 51 2 67 54 2 51 54 20 39 54 91 17 64 68 68 28 40 46 21 7 1 34 95 78 20 93 0 91 14 24 0 26 78 51 54 67 78 71 80 57 95 4 12 69 23 98 47 99 77 51 73 40 48 17 49 86 60 75 46 28 65 90 68 57 68 70 80 18 11 55 36 13 88 57 30 17 69 10 
27 16 18 38 38 48 83 23 29 53 28 74 64 65 75 53 98 77 73 63 60 24 67 81 6 93 70 75 51 34 5 50 48 46 10 19 42 54 35 32 24 44 30 41 55 28 51 13 80 35 73 82 25 12 32 95 84 85 58 1 0 3 11 40 18 18 97 54 59 19 39 88 58 78 93 44 68 86 45 3 11 3 9 63 28 15 65 40 24 8 62 63 57 45 80 23 20 15 51 87 86 46 12 35 23 0 42 3 10 13 58 53 23 76 84 91 9 5 3 27 24 67 89 69 18 92 14 82 35 14 73 42 39 12 80 17 51 14 64 14 40 29 97 60 15 43 95 96 28 97 65 66 14 25 36 11 70 43 32 63 51 79 90 96 53 37 85 43 5 75 39 97 1 22 19 53 29 47 0 95 96 44 43 64 95 71 69 93 50 11 91 45 92 33 59 67 18 76 75 83 91 35 43 80 26 23 18 94 71 57 21 53 47 9 46 61 38 17 7 7 18 47 29 4 14 24 30 33 76 61 13 15 79 36 81 11 99 68 76 76 18 32 6 48 31 29 88 29 85 98 70 57 50 76 97 84 16 21 81 44 56 2 71 73 14 72 84 86 24 74 13 92 50 21 29 77 53 12 68 40 46 6 71 63 78 97 56 93 95 88 56 5 38 8 33 31 7 35 45 18 
93 57 95 33 86 63 64 53 73 9 23 98 34 26 49 94 18 83 76 7 88 76 21 1 58 70 63 91 40 34 18 97 49 44 36 22 80 92 11 99 35 76 75 39 69 66 9 68 73 81 44 30 64 94 6 35 4 14 70 23 31 8 89 0 21 36 23 49 54 93 60 26 34 14 19 64 67 57 45 19 36 80 53 3 2 42 70 22 83 8 6 94 37 82 34 56 62 8 25 37 1 12 5 92 59 95 95 75 87 88 51 97 15 40 45 96 77 11 34 96 56 97 65 4 14 8 91 67 5 41 21 6 85 53 94 36 10 98 92 69 55 39 47 0 74 64 3 46 72 81 77 36 3 28 25 53 90 93 30 91 77 26 35 8 38 7 37 50 47 76 73 47 33 77 79 42 28 61 91 90 36 93 43 42 92 95 73 37 97 70 79 35 85 24 36 95 63 27 12 70 46 57 14 39 54 66 25 85 15 14 18 94 93 75 69 26 42 59 6 88 2 94 92 50 92 75 70 19 34 53 50 84 2 8 36 75 54 23 56 44 89 48 3 28 31 46 53 48 63 95 34 34 42 46 91 42 79 54 64 96 57 16 48 28 69 73 70 49 4 24 37 43 27 62 74 55 77 51 58 20 77 12 80 71 57 30 55 62 18 14 19 74 45 72 32 86 45 33 60 91 
82 32 63 93 25 93 44 74 97 89 37 34 65 65 73 59 91 73 93 10 97 46 85 69 14 2 52 94 23 80 63 60 62 8 22 20 63 21 63 15 89 89 40 66 95 48 27 58 92 27 72 38 55 51 53 25 15 10 92 68 11 77 42 48 29 95 31 99 76 33 34 77 22 63 78 9 83 61 29 93 39 1 24 42 90 36 27 59 2 55 59 73 4 61 77 79 99 34 68 18 53 22 62 52 4 86 91 65 4 45 79 54 89 63 41 6 48 14 92 77 33 22 89 23 52 43 24 77 96 85 7 86 70 23 37 36 10 86 48 59 47 52 58 31 31 68 12 58 98 9 7 93 37 55 14 47 89 12 16 66 7 67 48 21 19 77 26 21 54 52 76 28 29 1 53 78 54 65 84 46 28 80 76 81 10 53 95 26 72 59 0 98 61 56 22 28 16 35 74 99 50 96 67 58 75 57 68 53 25 25 34 63 9 99 84 83 20 4 19 86 41 53 1 29 23 21 85 27 61 18 68 62 51 53 6 87 8 23 80 38 39 77 32 87 7 7 58 6 2 25 2 5 91 66 50 43 58 18 89 51 73 25 44 66 45 16 72 98 99 80 48 23 99 41 48 43 64 24 38 89 65 52 57 42 4 13 31 60 37 94 83 18 61 25 78 0 24 1 41 22 
3 43 8 55 42 60 74 8 49 6 77 6 85 48 86 4 46 19 0 65 67 58 6 62 17 66 95 18 15 15 50 13 65 41 72 54 12 34 32 36 82 51 1 24 42 66 92 49 38 11 94 4 23 69 98 29 21 63 98 73 52 90 30 66 49 6 1 0 53 25 8 69 35 34 53 83 84 81 36 16 88 26 60 62 86 84 88 53 40 45 31 86 33 15 5 29 7 77 31 41 76 42 46 62 35 1 18 15 99 62 8 93 24 43 58 52 4 11 3 77 60 11 87 7 63 2 31 98 75 71 76 93 3 64 20 18 95 36 58 56 74 32 27 84 89 79 93 20 29 85 31 64 87 2 1 54 17 54 57 85 8 75 62 0 52 16 32 91 80 5 84 6 70 8 6 9 53 94 44 80 85 99 52 92 78 65 53 41 37 64 58 50 51 18 96 74 80 89 45 84 76 5 81 29 47 94 52 68 34 19 7 7 95 68 15 88 81 57 4 86 5 51 75 69 32 3 58 59 15 25 84 45 19 82 47 57 37 53 33 81 73 95 87 12 88 33 88 60 60 42 57 0 71 24 6 2 3 75 77 63 21 60 36 10 39 16 92 55 75 74 49 13 93 69 99 5 64 89 5 32 66 19 60 31 21 47 82 22 64 17 92 31 61 88 13 27 78 67 4 49 
35 32 57 78 76 61 39 93 23 93 96 12 72 69 5 23 75 43 88 19 70 54 52 1 40 22 91 60 1 98 13 69 87 64 44 9 20 69 11 16 69 88 16 88 34 7 33 88 31 60 78 98 99 18 19 15 30 72 75 57 92 45 65 41 12 61 58 87 43 27 68 46 10 11 17 64 0 94 59 34 48 36 31 48 45 16 67 75 75 2 64 47 23 89 48 91 90 40 44 70 51 79 5 23 89 22 44 97 30 61 76 37 25 96 19 71 89 61 47 87 87 0 50 40 18 50 28 77 37 73 5 40 0 74 63 83 87 36 72 85 44 49 59 73 99 63 47 53 66 40 56 22 46 45 90 97 20 19 51 57 40 59 41 87 4 72 93 94 88 30 70 49 45 69 56 46 74 42 42 97 98 82 33 47 39 5 31 63 27 33 41 86 24 86 13 57 25 68 59 61 80 99 68 90 22 46 63 96 25 4 64 50 91 54 66 64 19 41 86 92 89 31 96 19 82 32 76 5 17 71 1 14 50 68 24 54 87 72 89 96 98 71 33 14 75 33 84 40 46 5 93 62 74 62 30 78 75 66 82 7 82 92 40 22 60 48 94 11 68 50 49 80 7 23 62 68 96 71 62 7 48 72 54 59 8 49 34 82 38 15 39 83 77 52 7 50 72 76 88 4 
16 89 75 86 1 33 62 12 86 87 88 97 88 39 96 57 66 21 45 83 74 97 92 41 45 78 10 60 51 48 20 64 1 40 40 12 4 65 70 90 67 50 26 38 68 61 12 11 75 18 74 97 86 52 40 65 52 71 38 18 32 79 93 37 9 60 99 96 72 70 17 30 13 95 53 62 90 55 85 88 88 47 13 76 51 45 80 27 12 75 54 51 25 46 72 18 53 80 80 0 65 93 99 44 50 71 56 29 63 56 95 42 5 29 66 68 81 0 35 43 62 37 38 86 1 48 84 15 93 41 28 26 14 1 68 92 56 61 36 67 63 25 51 40 14 23 14 54 24 28 25 17 26 81 42 85 71 42 85 20 77 19 94 69 84 19 9 14 64 94 35 69 69 82 88 66 58 94 84 80 0 1 98 29 12 72 35 39 20 7 59 9 40 69 78 93 79 31 1 35 61 6 43 25 67 34 38 84 67 49 44 59 28 13 95 79 16 14 61 40 64 48 51 38 39 19 56 57 7 8 49 29 53 68 60 60 39 50 25 10 19 69 47 36 33 81 87 48 53 87 74 44 90 28 0 79 46 35 17 91 8 14 87 49 30 96 64 99 78 17 38 40 83 78 52 53 43 16 6 66 92 73 44 7 92 32 43 88 25 26 60 22 29 71 45 36 5 83 13 28 
8 20 92 55 47 35 63 56 90 16 45 79 89 35 82 17 60 36 39 33 20 43 62 75 19 88 47 8 10 89 7 69 25 94 63 81 18 76 65 15 6 37 91 13 84 39 13 62 27 7 80 3 35 8 14 72 30 36 43 35 97 53 92 41 28 36 56 95 90 46 85 8 62 28 60 46 73 93 3 94 93 2 18 96 21 49 48 38 18 40 83 99 1 20 94 31 51 65 38 58 77 29 63 6 32 93 65 5 35 79 34 97 94 4 70 98 19 7 76 29 7 51 38 38 84 42 81 89 0 26 38 76 80 16 84 81 58 95 9 61 8 18 98 92 70 18 7 75 57 58 23 65 93 75 49 31 52 42 99 66 16 19 74 75 83 72 43 69 53 19 28 8 42 9 98 57 64 39 33 41 47 89 24 67 71 44 43 10 6 56 42 42 11 35 68 93 62 37 48 41 0 8 83 85 45 85 46 9 89 88 49 94 56 93 23 53 78 48 16 91 94 25 45 69 64 23 63 88 40 90 83 99 21 63 96 44 79 93 2 65 61 77 46 48 2 1 13 77 18 96 53 34 87 29 25 91 61 54 68 27 66 51 81 10 34 76 54 25 91 83 71 67 32 5 44 30 59 58 97 53 31 94 36 51 11 23 72 20 56 61 82 98 5 81 81 75 0 94 2 80 
12 15 67 29 57 64 59 52 52 7 55 99 60 2 12 70 4 36 61 4 70 64 37 36 7 84 72 24 47 89 82 77 63 54 53 30 62 72 36 5 93 41 80 62 87 72 82 35 99 71 5 51 67 6 58 27 12 67 16 22 43 26 29 0 16 8 30 46 9 34 14 35 14 88 75 90 26 42 48 2 44 73 98 38 74 55 95 70 14 47 60 33 52 25 39 50 31 88 52 16 95 81 94 97 66 51 88 94 34 15 5 47 42 58 15 7 25 40 67 13 55 80 53 54 81 29 41 41 87 19 10 86 56 67 35 31 22 6 79 88 63 45 41 27 83 85 36 31 90 41 11 88 0 65 97 11 3 75 86 38 50 60 13 27 96 4 61 62 38 7 21 83 8 81 9 80 73 86 26 51 74 33 1 76 1 6 35 98 98 86 91 54 70 16 44 79 54 61 24 24 94 75 29 87 99 90 88 60 77 67 56 37 21 81 68 71 30 48 55 41 78 79 30 83 20 95 31 46 44 98 37 6 54 81 32 44 34 4 82 37 7 41 78 63 75 72 4 86 43 11 26 98 27 62 9 39 92 48 14 32 44 98 39 44 66 95 1 26 14 41 64 97 67 31 89 64 19 19 34 14 83 22 90 59 0 98 60 80 30 31 14 74 39 70 34 91 69 29 20 42 
79 75 61 74 77 94 96 7 71 58 37 29 16 14 6 82 87 8 45 84 65 45 26 6 80 9 19 77 20 8 17 62 69 74 33 86 44 37 51 62 53 16 61 60 24 30 39 86 78 39 18 6 14 62 27 61 93 8 17 56 63 92 1 91 31 63 65 32 29 66 18 28 22 9 43 12 75 51 3 27 74 92 98 22 17 93 99 8 36 10 84 22 26 16 55 2 79 90 40 92 48 65 6 73 74 15 50 8 63 64 57 25 70 94 30 19 94 59 76 9 6 20 1 25 92 89 75 93 95 58 98 98 65 92 2 25 72 95 46 19 95 70 34 96 40 62 53 39 93 56 34 29 35 98 43 28 99 62 6 34 36 63 79 62 35 76 3 16 18 44 88 67 34 37 49 60 86 71 35 65 73 82 59 1 59 95 82 42 1 60 63 59 25 95 80 12 32 91 88 42 14 3 59 23 29 8 58 33 18 54 40 69 20 16 17 84 50 87 83 61 7 46 78 2 56 27 64 60 82 49 41 31 37 47 7 3 48 72 1 95 82 31 25 4 36 72 52 37 15 7 41 96 81 93 96 26 91 30 16 98 30 2 98 43 27 34 41 43 15 16 23 30 58 49 77 0 10 7 18 58 36 43 76 71 71 81 0 26 31 26 23 34 44 44 68 7 99 84 27 91 
37 45 19 51 0 81 9 10 86 84 49 38 91 79 40 62 76 29 90 4 48 99 25 60 8 10 6 77 3 7 0 15 76 62 25 68 94 50 95 30 59 76 56 33 32 81 46 25 53 29 11 51 78 22 66 49 61 42 80 78 57 0 49 63 14 16 58 94 66 45 41 45 11 94 28 67 49 16 97 32 10 87 81 95 33 59 11 23 96 21 3 3 18 89 96 63 84 62 45 74 42 5 79 81 76 91 0 64 65 66 30 39 43 40 3 96 24 29 91 52 26 2 30 38 46 54 24 95 74 98 22 46 86 99 99 52 79 58 84 44 39 76 7 15 96 7 86 46 1 13 94 90 81 18 61 37 69 35 41 87 59 21 10 24 0 15 59 52 92 32 36 27 36 45 19 46 5 10 52 69 14 10 41 7 77 4 13 55 18 27 20 84 33 45 0 11 55 36 7 91 10 53 93 1 24 97 51 33 57 45 4 57 20 81 11 85 56 73 73 75 31 46 28 44 74 86 68 14 22 30 53 95 15 68 34 50 39 82 17 29 57 17 18 63 10 9 12 94 40 8 77 83 42 41 57 77 51 3 63 39 78 62 71 6 41 34 83 91 52 38 92 64 69 6 19 9 14 35 48 81 74 38 42 30 96 76 64 37 52 61 48 89 71 84 60 47 9 46 45 74 
77 61 80 20 69 95 42 48 94 91 16 46 54 95 23 64 36 10 68 66 13 0 31 0 49 71 49 90 59 9 99 80 56 4 46 96 92 45 99 1 51 64 44 1 32 18 92 65 44 92 45 18 29 31 96 8 31 60 29 91 51 66 6 58 6 10 48 71 56 23 83 18 25 66 50 10 44 23 97 49 2 61 72 99 45 74 8 81 74 39 84 86 32 2 68 87 15 84 9 39 35 2 29 49 88 3 84 49 13 0 31 60 68 14 48 60 62 26 42 51 71 59 95 63 36 77 3 78 34 82 42 79 54 97 17 77 52 32 89 82 16 74 65 78 28 70 37 5 30 23 19 18 48 56 32 22 81 22 34 77 93 19 61 51 25 97 40 17 28 8 5 49 49 52 16 79 10 42 64 50 21 36 34 79 5 96 69 15 8 77 70 27 18 4 69 63 80 98 69 83 1 37 65 10 96 8 10 40 12 66 47 95 29 86 31 96 76 64 2 74 8 92 26 35 6 32 35 39 70 71 84 54 91 83 96 73 57 94 85 35 33 65 69 56 64 61 98 34 67 6 90 16 63 84 62 11 61 92 18 87 0 24 14 42 86 39 55 27 55 3 61 37 8 92 71 65 91 91 68 54 52 22 85 35 35 52 19 62 87 96 42 95 30 11 61 59 14 17 24 78 
0 99 64 23 78 50 91 34 94 83 84 14 41 40 35 48 78 30 47 60 55 79 59 67 68 21 44 13 70 20 53 79 86 21 68 27 51 8 28 59 45 15 34 8 15 7 53 16 30 26 9 9 46 1 82 59 14 89 56 80 19 45 46 35 62 50 25 91 7 17 6 20 0 40 19 94 25 63 42 50 47 61 78 13 72 12 50 40 84 53 3 68 97 43 73 65 96 73 29 82 93 58 18 42 70 17 50 62 25 73 66 77 79 91 40 77 17 53 67 92 49 61 68 17 44 91 64 0 7 19 90 35 62 66 75 35 21 47 51 3 5 93 90 39 85 47 90 99 69 55 30 85 98 34 47 31 32 20 43 62 72 55 60 20 3 70 25 25 99 5 54 37 90 66 32 27 52 1 4 48 16 7 30 33 75 0 81 51 40 23 64 82 20 26 69 36 6 86 41 50 76 40 40 51 12 97 79 48 17 35 3 57 17 24 19 70 12 62 53 43 86 48 41 40 93 80 91 15 99 21 54 36 10 7 1 67 35 9 8 60 36 67 82 24 37 40 82 74 88 61 95 13 16 98 17 99 95 40 49 89 48 44 28 54 8 3 3 68 30 23 93 66 20 25 85 15 8 83 26 43 9 48 80 27 87 37 97 41 80 39 72 22 51 6 20 55 1 32 96 6 
35 78 1 54 67 10 33 24 98 38 23 56 29 48 95 87 55 19 12 93 86 48 38 42 81 24 49 45 70 37 35 97 92 7 97 92 91 65 25 81 79 81 38 73 57 92 36 23 15 53 22 68 75 80 34 77 11 2 59 43 51 39 24 90 14 66 4 0 65 72 69 12 94 43 66 37 57 85 48 37 97 74 15 88 57 54 93 23 82 99 94 49 32 29 80 99 49 66 74 79 9 88 22 47 88 81 95 74 9 7 82 56 67 40 76 30 1 31 25 5 45 67 55 47 56 72 94 5 48 80 23 11 99 11 83 9 41 10 41 59 48 9 70 12 94 67 16 86 90 10 53 81 14 51 9 69 53 43 71 53 1 99 24 61 99 77 96 90 41 67 17 80 63 87 57 65 54 28 7 61 98 36 9 8 75 15 45 95 33 23 25 21 62 44 16 77 24 33 85 14 72 80 62 46 62 43 30 43 86 87 18 45 83 21 42 43 18 50 86 89 1 99 18 18 96 90 63 24 7 32 51 69 93 68 45 43 5 50 89 74 72 63 76 75 90 24 71 8 68 5 12 31 9 37 22 89 31 2 58 44 40 98 5 43 98 75 28 40 8 59 10 14 58 37 73 72 19 6 0 25 20 83 67 50 32 66 19 41 34 72 56 35 63 34 72 24 85 34 1 25 
71 92 50 23 33 8 62 2 86 6 74 45 76 81 24 20 32 36 71 13 79 47 73 72 36 44 87 32 19 69 52 99 13 13 44 89 49 5 22 87 62 69 84 55 34 51 82 70 87 95 53 15 68 95 54 14 42 82 62 51 72 95 91 44 75 59 36 68 34 75 93 58 41 79 66 5 67 4 33 73 98 66 14 14 14 50 70 3 15 65 89 98 15 85 96 30 17 42 83 17 79 95 80 99 65 63 0 14 51 72 70 87 53 18 17 50 29 61 21 30 41 91 5 23 93 67 71 35 19 81 88 18 85 61 82 5 31 85 11 62 62 17 8 18 56 87 2 27 29 7 71 99 61 32 25 8 19 96 78 25 48 37 28 28 21 96 55 94 23 22 38 97 16 84 59 89 66 88 90 77 33 86 9 66 2 64 5 67 7 80 11 79 90 41 29 96 52 45 55 25 44 22 94 35 96 48 32 35 32 41 75 36 99 90 86 35 46 38 54 46 9 24 26 24 15 34 29 41 57 11 31 46 52 4 6 20 55 71 94 78 19 39 68 4 49 36 15 58 23 46 83 91 83 84 69 74 52 99 71 42 79 55 26 17 57 33 78 96 85 41 9 53 45 54 54 13 80 60 39 71 54 89 20 80 19 11 54 88 77 57 52 85 97 28 13 47 20 76 26 43 
46 35 33 76 14 57 31 27 24 61 90 58 47 39 38 56 15 10 84 74 58 72 39 81 28 71 23 26 57 46 79 2 34 57 87 83 20 1 42 42 16 91 36 19 58 43 19 27 97 44 60 56 78 79 48 10 92 51 20 31 39 59 40 15 48 30 86 86 73 9 75 23 94 96 66 34 2 90 58 68 38 70 44 42 42 22 8 83 45 57 92 18 88 74 93 55 26 38 71 53 6 78 63 96 64 41 3 4 9 7 28 53 73 99 59 88 74 87 86 14 15 69 24 92 78 55 35 31 6 23 13 96 3 80 81 55 7 89 59 39 33 99 79 89 44 33 54 62 54 63 2 10 93 58 27 39 38 11 5 45 65 14 44 12 0 26 85 58 67 54 47 37 11 74 6 12 61 97 79 89 78 85 80 79 17 53 77 33 84 86 87 71 46 34 24 43 57 69 76 99 63 76 70 40 35 83 86 27 5 77 5 35 98 59 97 98 85 37 75 56 16 4 78 12 67 29 74 86 49 4 33 33 81 20 60 10 17 82 33 36 60 13 36 53 81 65 0 5 70 23 84 10 90 55 85 99 46 99 45 14 42 64 76 15 79 6 46 90 52 72 82 40 46 36 1 76 88 24 54 73 47 74 96 14 45 78 60 6 4 73 13 21 50 56 42 71 50 81 83 35 
61 57 70 75 18 35 27 86 59 64 61 38 30 83 64 32 10 47 68 96 33 3 87 13 77 97 41 84 90 14 55 55 80 84 19 6 70 89 66 17 26 88 11 41 29 30 2 11 33 46 84 69 93 60 30 12 81 74 68 10 31 96 7 5 33 6 92 31 32 3 99 16 4 5 32 80 97 22 21 17 78 0 28 89 16 81 74 92 5 20 20 33 77 80 45 89 96 50 33 48 69 37 37 42 31 98 98 25 90 20 90 29 69 5 64 88 69 17 76 40 8 3 15 69 99 74 72 95 0 85 95 87 17 42 16 13 61 92 95 10 64 43 75 7 77 0 37 94 57 85 19 91 43 34 8 38 74 41 49 27 95 55 77 10 47 59 37 52 3 18 55 1 10 4 3 31 27 98 66 35 52 88 51 31 10 34 4 52 46 5 70 1 83 71 23 11 37 23 26 71 53 81 52 61 30 2 31 26 3 18 20 71 98 19 80 63 33 58 17 27 31 79 18 53 21 62 53 84 29 55 6 62 27 29 40 89 54 30 5 66 33 53 5 31 43 66 75 67 51 75 41 44 12 67 41 32 53 87 36 88 40 2 26 65 24 45 18 15 19 35 7 44 73 39 47 37 34 36 67 11 62 92 12 13 47 28 16 36 70 87 48 47 86 37 32 72 69 25 31 34 
97 26 41 64 26 83 46 15 60 62 49 7 44 22 80 48 58 15 78 14 26 73 79 17 91 87 63 19 34 39 30 38 99 31 41 51 54 2 12 19 10 35 40 55 34 88 71 23 6 71 60 95 87 98 31 22 42 73 87 30 15 24 83 55 71 5 5 39 31 83 3 7 73 36 24 0 20 51 25 16 23 61 88 25 42 53 47 50 36 35 1 41 92 67 2 77 27 61 21 86 26 90 87 65 16 4 9 68 73 47 24 33 77 9 16 98 99 75 19 53 70 76 28 5 65 22 8 96 20 98 43 90 86 97 42 47 34 0 68 4 23 19 98 84 67 62 28 24 85 36 16 19 10 85 21 56 89 85 36 33 6 45 49 5 21 78 94 3 98 43 0 1 16 20 19 8 38 25 34 29 50 19 17 1 92 77 26 11 37 97 31 78 9 50 83 30 85 53 10 55 45 47 33 1 53 5 37 40 98 93 40 88 60 45 47 45 58 25 53 71 69 34 15 52 56 87 47 80 23 47 7 50 83 9 56 94 86 75 82 54 27 19 45 25 36 45 76 4 82 92 6 51 65 15 58 76 81 23 71 89 99 96 8 4 24 87 88 18 23 2 29 53 41 46 14 11 86 88 18 59 77 31 79 46 92 33 8 68 82 44 82 36 97 39 17 65 48 33 5 31 
87 97 63 37 92 7 34 36 2 85 1 24 27 86 2 70 68 55 19 14 0 31 69 17 21 56 83 81 6 82 16 36 28 16 47 74 3 29 25 3 31 21 91 13 52 24 62 54 99 22 29 28 39 51 79 44 26 37 64 64 19 35 56 85 76 20 57 32 67 25 99 64 75 56 74 36 4 6 8 5 78 81 86 64 10 1 88 77 89 43 98 26 43 76 53 81 84 77 77 8 44 35 65 24 84 21 10 7 10 79 83 85 17 57 48 32 94 64 36 92 74 13 37 76 74 52 67 42 55 62 8 68 34 22 90 97 67 56 1 33 99 83 59 37 16 42 85 50 76 81 24 50 29 21 72 92 40 95 51 67 51 60 25 73 5 39 7 16 47 11 33 26 68 84 5 17 22 75 80 29 6 20 11 89 90 51 43 47 40 34 84 40 82 58 48 87 60 97 6 65 6 35 33 57 86 68 47 33 44 0 94 81 8 68 21 66 80 64 34 18 11 17 11 57 13 57 78 7 76 65 9 9 6 63 74 68 56 79 44 74 6 67 62 82 8 5 39 22 41 92 6 75 93 19 67 99 28 93 58 55 29 2 64 58 37 93 39 66 21 22 77 10 52 1 68 44 37 72 76 75 67 38 66 92 62 69 84 28 31 45 8 93 67 89 45 10 33 37 92 55 
24 21 28 62 14 37 40 75 58 61 41 63 75 19 98 71 62 58 22 89 14 34 97 11 74 70 94 75 86 44 5 72 78 95 4 66 40 45 51 15 8 23 68 72 65 86 67 18 77 63 38 43 20 51 36 3 37 4 43 47 10 6 99 51 67 17 73 7 1 41 84 72 91 71 87 36 24 36 12 68 22 20 79 32 79 64 81 88 46 83 82 68 68 54 1 97 11 86 0 19 90 10 36 19 82 37 89 6 61 36 85 52 22 24 25 13 9 83 1 22 59 16 5 96 43 28 56 74 33 23 44 84 47 84 77 90 95 76 63 13 37 63 50 8 1 92 81 63 79 54 7 93 9 43 27 6 8 74 46 19 95 75 89 0 4 94 29 58 8 72 88 7 66 1 84 67 87 31 14 37 44 1 23 20 59 87 93 86 19 77 5 26 23 11 52 17 8 21 88 60 74 62 40 51 12 5 6 93 43 73 52 38 50 21 17 89 47 33 10 40 19 0 9 29 18 27 8 62 33 44 92 94 13 10 92 57 1 8 81 82 71 44 88 56 91 50 6 84 11 89 46 24 6 45 76 90 16 6 29 46 97 24 63 30 49 67 6 21 67 81 20 98 41 86 5 26 16 99 45 87 28 54 66 6 62 84 8 71 20 56 47 67 77 24 33 99 10 46 44 87 
8 69 75 69 94 39 83 68 29 52 39 15 42 48 56 6 24 70 12 67 8 79 23 32 37 49 40 32 91 46 30 47 66 59 78 56 6 64 30 82 50 39 2 80 1 21 74 56 48 91 81 69 58 96 45 1 57 47 42 95 93 60 11 78 10 80 78 85 57 45 83 51 86 22 61 66 25 74 32 40 10 78 10 39 83 22 31 14 4 37 34 83 20 4 99 34 91 95 26 13 98 93 73 42 3 9 85 82 1 69 37 91 6 36 11 68 71 27 91 63 3 43 97 24 44 49 66 92 83 17 22 65 46 72 25 68 47 81 24 74 18 90 29 87 51 44 77 44 5 39 0 52 26 39 14 46 41 59 49 5 8 26 15 31 93 76 26 94 51 93 73 52 8 81 4 62 46 19 71 91 47 79 90 69 69 94 21 9 90 23 75 79 15 77 92 33 63 82 24 64 71 74 68 58 99 41 23 58 15 57 9 29 55 23 26 19 12 63 62 5 8 85 36 32 0 3 89 57 52 97 31 74 46 28 62 2 91 58 73 5 98 57 11 14 94 70 99 20 55 64 58 58 12 80 49 2 15 39 51 93 59 51 84 69 6 62 13 54 55 81 70 45 91 59 82 30 64 45 94 73 53 97 12 24 91 1 61 39 31 30 37 56 54 60 50 71 29 97 32 92 
33 82 27 72 5 12 1 98 1 95 89 31 11 31 1 59 4 0 48 10 6 95 47 65 39 5 89 26 16 20 32 83 99 88 14 93 46 40 92 32 13 93 62 56 25 14 15 52 78 48 47 30 18 27 98 38 23 18 58 88 87 0 79 67 66 88 66 31 96 70 60 49 75 70 17 34 7 61 56 21 12 77 53 65 96 26 13 58 18 90 40 99 82 9 12 80 85 21 44 60 0 75 84 34 0 11 16 60 56 1 72 88 39 76 94 62 92 99 96 37 71 70 15 45 92 58 84 90 42 24 6 35 81 31 56 29 4 59 53 81 58 33 17 35 99 25 58 17 41 27 95 23 0 65 56 0 99 35 58 97 23 88 35 92 57 21 49 52 7 52 83 59 87 98 97 80 96 59 26 74 1 97 3 28 91 72 65 47 33 1 42 69 25 26 80 83 90 73 78 13 29 79 23 37 0 11 60 5 77 39 41 61 82 74 27 32 69 42 5 58 47 60 56 70 40 14 12 80 37 52 67 90 97 90 80 43 45 61 28 60 20 16 44 22 13 93 80 12 62 56 33 81 80 51 33 0 0 11 3 64 34 98 25 26 72 93 62 53 18 76 75 24 75 99 65 81 78 31 56 42 29 82 71 84 58 27 80 88 41 74 49 69 9 26 67 97 18 84 69 23 
38 27 80 45 63 88 2 79 77 72 61 99 8 11 98 83 91 75 85 28 34 78 75 76 74 89 85 11 39 49 62 93 10 58 72 99 40 70 43 6 33 75 15 24 97 28 23 74 44 28 17 49 52 92 36 18 60 50 56 7 3 3 64 87 26 87 22 30 97 25 39 67 55 4 8 55 73 4 84 73 69 58 15 80 76 43 80 73 20 78 94 59 53 80 60 41 30 71 10 18 0 27 2 51 7 68 50 98 44 40 80 8 70 8 3 11 83 12 16 70 26 48 29 39 99 72 97 11 86 77 1 67 11 1 72 92 1 11 93 23 54 55 36 23 71 99 82 68 60 75 83 22 2 45 37 81 87 65 47 66 78 79 65 21 67 2 86 12 5 88 63 36 18 62 74 47 15 90 63 74 57 59 45 88 60 29 33 58 70 64 14 88 9 21 52 20 40 3 6 78 43 60 70 4 58 65 45 54 0 49 34 52 68 88 99 75 63 27 49 2 31 4 27 46 36 60 94 68 38 7 59 5 54 31 65 94 92 23 25 38 76 86 32 24 83 8 32 45 64 48 93 81 96 70 45 57 71 24 62 38 72 36 62 95 31 8 81 40 13 20 23 69 12 47 68 77 67 84 28 69 67 3 18 64 23 45 56 52 10 48 8 32 24 38 65 95 58 7 25 9 
49 65 70 41 99 88 66 31 20 15 67 3 60 81 55 45 78 63 73 10 0 40 60 19 12 86 43 1 99 21 17 65 63 90 94 89 79 6 62 38 41 15 54 87 23 41 12 26 55 84 7 97 79 54 63 68 89 8 1 61 42 46 90 36 25 50 56 68 82 73 69 14 39 92 92 73 52 84 78 33 26 29 94 24 37 12 0 46 46 91 70 35 94 21 50 22 69 58 38 16 89 64 46 11 91 11 10 65 94 22 84 64 65 6 34 82 47 10 3 84 45 80 78 67 80 59 55 15 4 54 87 84 4 31 30 77 71 96 31 47 22 34 74 78 10 46 88 53 41 57 80 16 80 74 45 85 48 79 5 44 6 97 12 40 83 4 0 93 63 26 43 87 56 45 69 70 75 74 11 24 99 97 52 5 53 66 24 29 30 74 7 99 22 39 15 32 97 76 52 5 53 69 26 1 76 86 4 98 74 1 88 7 88 49 19 46 34 72 90 24 46 80 53 41 70 89 27 96 12 26 54 26 27 23 21 90 73 93 87 53 60 68 94 22 33 9 55 69 27 63 84 44 99 4 7 27 0 15 41 76 74 32 23 1 79 69 99 64 33 48 10 27 84 35 5 78 6 10 50 33 78 3 40 42 83 94 18 79 69 72 75 4 84 50 54 40 67 54 92 56 
22 33 74 40 40 89 21 61 35 96 35 34 29 82 20 59 76 76 73 87 37 9 15 60 30 41 83 85 55 40 61 79 29 76 22 16 54 70 71 40 36 47 91 28 66 9 84 45 11 43 8 69 32 97 69 37 19 77 95 78 13 19 25 91 30 46 15 39 23 15 14 3 41 54 68 8 39 87 46 38 3 34 68 83 53 65 8 13 13 65 85 93 76 4 0 38 84 15 52 65 15 80 34 51 37 13 72 28 37 10 56 89 26 94 12 44 2 33 32 81 58 58 25 69 83 35 99 11 9 98 13 43 66 80 12 34 65 29 15 45 51 58 21 29 70 42 8 3 17 44 1 82 87 11 99 10 47 39 93 85 3 52 58 59 15 88 91 86 85 82 84 47 11 40 46 44 12 36 36 46 39 99 8 6 20 93 72 55 12 69 82 50 87 72 88 94 40 32 39 53 77 55 47 55 79 55 26 65 84 76 57 88 79 57 0 27 65 8 84 74 94 68 63 13 69 95 18 97 87 67 89 1 40 40 20 87 24 25 89 36 70 72 38 9 87 30 57 0 45 35 85 34 80 37 90 62 77 32 8 50 69 69 32 77 28 75 60 61 50 27 56 57 38 33 64 25 77 96 19 28 10 62 73 3 60 68 50 1 54 36 95 99 42 39 24 40 79 30 2 27 
33 99 73 4 11 53 26 12 7 81 55 65 22 50 91 81 24 8 56 14 38 31 26 54 93 5 82 4 18 21 94 35 13 69 87 37 2 24 28 50 63 73 97 14 2 35 91 1 1 29 14 73 79 16 97 97 80 46 81 60 25 37 60 68 73 53 35 68 71 86 54 84 74 85 31 91 21 92 38 25 90 96 95 26 50 31 45 67 33 71 93 52 0 73 41 69 94 93 83 53 2 78 97 88 3 17 15 64 73 70 7 18 93 29 95 74 42 57 20 76 49 43 18 36 90 35 49 88 32 56 94 69 31 20 96 71 84 28 60 81 32 60 87 77 49 3 7 31 5 50 17 96 64 83 53 20 4 96 78 4 7 96 56 70 46 5 35 74 51 2 43 6 67 59 76 28 29 23 18 62 1 70 41 3 14 71 21 92 67 10 66 57 15 62 54 29 90 97 43 3 13 13 66 87 26 39 52 64 46 80 9 16 52 19 10 1 6 6 71 24 52 69 96 27 15 57 67 35 56 67 59 32 10 90 31 53 17 79 71 46 48 55 90 51 92 76 87 62 53 16 17 37 62 73 97 22 8 9 3 22 28 32 35 95 54 24 30 14 60 31 31 33 18 92 99 81 81 55 13 90 36 86 34 33 44 24 71 82 62 4 63 44 74 43 0 98 96 93 50 99 
34 89 78 12 10 18 35 64 65 16 38 53 68 56 55 61 37 73 73 48 49 52 10 36 81 97 61 76 85 65 75 17 37 86 67 41 14 90 27 78 75 25 92 55 72 57 14 26 30 74 96 90 45 85 4 13 22 29 38 28 46 69 17 58 51 65 35 43 23 51 62 14 26 83 19 29 39 46 66 74 67 20 14 81 94 28 30 77 62 80 96 24 1 21 13 32 45 40 93 70 33 6 92 44 23 41 2 73 24 67 67 71 44 14 78 26 43 97 3 7 11 34 74 95 10 64 98 25 78 67 65 42 44 14 62 92 26 16 41 88 28 91 30 32 45 0 84 91 77 27 31 67 37 82 28 5 75 95 68 79 24 43 20 79 59 60 79 61 75 39 44 71 47 78 65 52 5 28 9 14 84 82 86 5 94 88 54 86 94 37 47 13 81 72 4 29 84 15 43 41 69 8 0 16 85 81 11 77 13 20 4 25 88 16 1 81 88 58 97 98 5 71 52 62 62 97 44 12 93 48 50 68 89 99 71 21 14 8 65 34 13 76 33 26 48 6 35 39 81 69 44 5 14 0 99 48 39 70 41 40 31 15 93 92 8 97 4 13 41 90 89 67 65 69 5 79 30 19 45 71 83 44 96 0 65 53 58 70 32 53 45 97 82 59 91 14 11 90 52 51 
47 20 38 68 53 42 6 86 32 81 45 89 27 73 27 41 72 14 3 44 16 7 15 27 29 85 25 50 45 41 49 97 44 41 97 77 76 17 71 6 91 72 82 13 0 92 95 21 18 26 29 38 53 11 87 79 62 88 1 0 37 91 74 38 52 62 41 18 91 87 41 35 47 69 93 20 8 10 0 33 54 22 97 64 25 43 78 95 3 53 25 45 2 83 48 34 59 74 46 31 7 54 70 1 75 32 48 96 9 75 52 95 5 25 57 54 33 91 15 21 49 55 61 47 9 70 38 73 20 98 44 36 81 26 93 64 89 16 42 47 80 10 77 1 95 84 95 53 97 84 2 95 28 27 3 20 14 12 24 75 33 78 68 37 64 87 19 48 35 34 31 91 89 44 75 1 87 70 87 55 92 94 92 63 75 93 5 22 57 76 30 96 24 13 73 87 55 23 39 45 2 53 36 66 52 16 92 17 47 44 3 5 12 60 44 32 28 32 51 67 2 2 25 56 62 60 11 88 41 1 85 11 10 66 68 54 72 3 86 0 9 62 78 96 3 3 98 37 25 84 83 78 92 39 20 4 19 2 63 21 31 91 37 3 19 24 71 25 11 24 92 70 78 31 37 34 66 78 7 88 43 10 75 30 33 11 76 26 98 76 4 23 49 6 52 7 20 0 45 26 
11 72 91 74 30 87 6 13 53 86 29 52 98 30 94 81 43 45 27 3 76 13 38 73 43 61 97 76 82 26 59 89 1 47 42 30 9 87 31 35 72 66 11 69 2 19 1 70 63 46 23 52 2 66 30 2 13 52 20 99 70 57 69 94 1 88 49 85 95 15 63 26 82 63 66 71 10 46 87 85 52 26 88 19 90 47 39 56 10 13 78 58 90 5 61 5 78 44 24 87 7 74 39 21 29 65 28 26 44 35 36 30 92 99 92 86 56 87 85 66 7 50 6 71 46 8 21 66 58 70 64 48 30 97 61 40 11 67 4 2 62 1 60 57 49 28 53 96 94 15 85 39 64 11 20 21 52 23 24 37 15 95 4 13 56 36 60 18 49 70 15 63 61 16 4 2 76 11 63 60 27 46 50 37 93 85 45 87 86 73 42 30 82 22 61 24 13 70 93 41 46 17 23 41 5 78 99 17 45 21 92 24 50 85 16 3 26 67 84 19 33 28 76 1 71 28 30 26 61 99 47 8 28 89 6 1 61 72 46 99 16 5 26 95 60 63 87 93 14 63 85 64 45 56 85 58 54 96 47 27 35 84 2 67 73 45 52 1 3 76 36 98 69 84 92 13 93 69 56 15 94 14 76 30 78 14 62 26 86 88 32 68 73 41 34 18 14 82 59 39 
69 58 21 79 67 21 63 22 20 14 46 26 27 74 62 65 92 14 53 7 40 65 78 55 77 77 48 6 67 72 37 41 40 46 17 87 63 85 90 90 15 67 42 60 54 99 58 9 82 95 76 27 48 69 60 26 60 89 7 61 4 26 78 33 28 87 69 52 97 51 33 25 88 88 90 6 74 89 93 6 50 50 35 84 58 80 94 19 97 33 40 60 49 64 76 5 17 21 12 52 25 72 0 63 88 60 64 0 6 50 38 64 94 98 64 68 2 85 45 4 6 87 65 31 45 80 81 51 94 81 14 45 27 4 12 72 31 92 0 95 85 97 77 87 87 84 97 9 4 45 51 84 5 22 36 51 90 7 49 90 16 19 35 9 98 78 64 56 69 47 60 89 68 84 6 83 72 39 90 29 3 96 35 59 83 64 97 10 66 20 78 45 43 82 64 3 91 35 96 16 94 14 6 0 99 4 66 89 59 88 29 91 60 81 58 28 96 30 50 82 78 1 82 38 39 7 53 31 10 86 97 82 97 40 22 58 74 28 40 75 30 79 64 43 23 80 30 93 40 27 33 58 81 38 52 20 68 17 12 16 79 52 30 87 75 62 22 13 77 64 60 11 70 83 34 17 60 54 70 49 47 24 74 41 53 64 25 11 34 33 15 32 74 60 72 64 28 40 52 24 
43 98 99 63 99 96 80 57 23 67 43 96 48 40 95 53 20 47 12 27 76 26 97 98 59 79 41 39 24 93 80 6 61 52 76 33 41 40 33 59 19 22 60 94 16 24 82 97 35 30 73 20 35 65 87 50 17 85 3 10 34 61 40 53 7 90 55 87 56 57 53 67 73 0 41 40 91 79 82 93 98 1 76 71 23 70 43 40 17 25 37 72 36 78 26 40 77 85 13 23 75 47 28 41 1 52 86 92 17 66 4 72 97 86 38 94 24 88 20 69 15 91 64 49 40 33 93 27 19 84 37 72 31 3 75 89 67 75 72 11 6 37 15 20 75 14 50 2 21 88 27 19 55 13 83 68 95 9 58 22 68 41 91 62 60 40 73 35 91 1 54 21 73 35 79 37 62 64 16 75 36 33 10 23 32 28 6 55 85 40 31 81 45 45 19 57 2 99 94 88 44 37 32 83 76 92 24 1 68 46 21 58 27 40 72 30 96 51 22 97 30 90 23 76 27 70 42 48 1 76 39 98 20 67 87 15 65 34 71 9 98 16 56 25 87 52 9 66 13 64 97 86 89 44 63 63 71 20 59 97 0 58 71 75 29 81 6 75 37 7 99 77 40 3 61 90 48 2 18 81 40 95 46 42 24 14 17 11 28 15 83 64 16 58 46 69 36 40 25 17 
51 15 21 29 97 11 53 91 78 46 50 33 17 45 58 85 29 63 8 74 65 73 69 71 1 43 17 50 92 51 57 95 41 55 39 46 35 15 59 70 44 31 57 0 7 22 35 4 73 84 56 17 33 61 49 75 79 6 31 36 39 23 93 60 9 46 55 50 64 32 19 98 23 61 48 40 24 73 56 13 59 92 74 29 41 17 3 64 38 98 28 61 95 43 1 96 24 33 29 19 85 21 18 83 24 2 30 63 2 86 81 65 93 92 37 4 17 50 56 95 9 92 13 40 9 37 62 54 98 48 83 75 86 15 51 25 24 35 3 24 62 27 79 77 85 47 49 28 5 15 7 86 22 88 17 37 77 69 2 16 39 50 3 92 39 17 26 63 42 75 27 31 44 98 97 63 80 10 7 96 5 36 4 90 11 5 64 68 15 48 24 97 63 88 1 24 35 76 95 99 97 52 63 36 8 43 95 36 30 93 38 55 4 15 72 60 81 24 42 60 95 90 9 77 53 1 15 77 56 12 55 33 44 90 26 79 1 79 10 45 51 63 30 67 7 57 78 10 72 48 36 27 4 14 51 36 30 86 15 2 0 52 81 99 8 74 29 12 25 33 25 1 35 44 32 75 6 81 6 26 27 70 53 29 55 85 21 19 18 62 64 3 20 65 26 94 53 8 15 3 
30 39 64 47 37 22 86 75 49 37 45 87 28 41 34 40 77 71 67 68 77 10 87 64 19 26 88 18 75 55 84 36 89 34 36 61 87 66 35 39 32 25 2 41 25 38 78 89 83 14 86 60 71 62 71 49 59 52 78 99 78 35 68 11 29 0 20 86 51 11 8 95 74 14 89 67 3 24 45 80 12 69 13 3 31 13 60 10 14 98 81 34 97 94 92 77 96 25 80 62 93 75 35 47 12 80 34 11 18 24 91 6 19 90 69 74 94 44 66 11 54 65 31 17 9 65 11 64 20 4 88 97 23 2 7 51 7 42 42 84 65 50 37 69 11 14 44 75 69 30 26 64 25 57 71 10 58 75 5 53 91 74 29 95 12 65 41 79 0 25 96 62 38 41 26 58 85 76 16 48 93 36 39 33 67 17 89 35 56 38 51 73 75 43 30 28 71 20 15 51 58 28 57 53 35 90 66 46 89 24 69 95 49 81 30 62 38 65 54 54 23 30 20 66 1 62 0 68 13 86 39 72 64 24 64 65 61 84 26 48 91 80 29 22 52 14 21 12 80 31 40 89 10 48 12 30 44 55 58 15 90 3 13 56 53 93 33 7 52 32 1 99 78 38 74 28 85 35 30 25 59 12 10 30 11 12 56 36 38 56 64 73 54 5 35 72 18 90 60 13 
52 1 51 53 92 66 55 49 37 39 1 59 57 51 25 32 48 1 71 12 65 34 62 43 28 10 31 37 35 43 54 92 36 80 97 5 27 41 37 84 68 10 4 88 11 29 35 15 86 52 9 29 30 3 5 55 74 66 21 82 0 22 30 45 21 53 49 71 64 47 27 67 38 22 9 70 76 69 63 99 24 24 83 45 89 51 24 10 86 78 51 86 97 0 20 42 91 23 22 14 34 39 45 29 10 8 44 76 30 69 10 36 32 2 31 31 22 6 27 5 97 37 99 15 93 32 97 17 66 87 49 16 95 81 23 66 54 91 99 25 35 29 91 10 16 26 56 7 88 67 35 3 75 65 68 80 45 3 48 4 38 64 64 36 50 15 38 42 4 48 60 55 40 99 98 37 17 95 87 77 40 10 15 31 27 99 59 40 97 16 37 37 99 99 94 54 94 82 45 18 37 54 6 17 81 92 99 1 15 29 82 25 15 52 75 87 95 9 31 73 9 41 73 79 80 91 28 27 72 41 9 20 61 35 46 47 46 71 43 14 90 45 60 19 66 17 72 62 89 83 8 6 65 90 43 61 14 33 80 65 52 46 73 41 56 75 15 61 10 65 57 93 62 79 1 76 4 0 37 47 58 36 71 11 64 84 79 81 73 8 32 57 17 69 61 41 73 84 45 23 
35 85 77 12 18 90 82 58 92 74 50 36 22 37 66 12 95 51 90 98 93 21 88 79 41 83 73 77 97 95 60 17 3 9 20 52 15 99 6 50 77 50 31 84 65 50 68 82 35 90 98 8 86 4 14 84 82 4 54 3 52 66 49 3 47 25 45 90 17 45 70 81 96 49 85 15 14 26 42 75 41 78 70 3 63 8 8 78 53 87 59 45 62 77 59 97 23 98 92 68 84 97 36 61 37 95 87 49 62 41 86 28 64 30 15 43 42 82 94 47 18 65 24 54 91 0 35 92 70 96 10 28 20 11 90 88 8 23 30 6 73 65 55 61 3 3 91 84 5 57 90 93 61 73 30 17 3 98 47 98 50 62 62 9 60 66 83 69 69 73 80 75 47 51 37 75 45 93 97 50 8 30 42 34 21 56 31 88 1 87 97 76 9 13 20 18 78 3 24 31 3 62 20 38 88 18 13 20 31 39 45 98 77 81 94 5 24 65 34 50 22 16 45 99 80 40 1 93 84 81 88 48 12 78 7 12 68 67 22 30 21 17 60 46 75 53 80 86 44 29 48 87 74 49 77 25 51 44 36 73 91 89 7 79 46 16 43 50 98 33 36 51 95 49 9 83 97 74 98 76 14 12 3 46 37 77 15 28 62 28 97 26 14 34 42 28 82 81 43 30 
23 98 20 17 85 24 72 62 12 37 43 57 50 89 98 45 22 17 71 95 4 73 4 20 7 85 52 83 79 16 99 70 59 74 33 39 10 81 42 33 24 18 0 24 55 73 18 95 83 8 47 97 59 67 54 91 92 33 21 16 51 74 16 12 26 98 95 44 43 21 86 14 41 88 52 21 87 55 22 45 6 47 17 20 89 37 54 3 95 59 93 79 64 47 41 38 80 26 22 46 44 31 84 20 38 8 75 44 56 28 46 69 80 21 8 35 15 52 61 24 9 3 13 40 71 66 70 90 76 41 27 4 25 29 65 66 65 61 9 34 23 63 74 80 1 7 13 58 76 19 2 19 69 28 80 51 80 72 39 14 79 84 14 94 50 79 96 66 36 56 87 85 72 37 67 54 96 41 83 21 30 23 21 82 42 87 95 44 47 12 33 85 53 18 81 4 38 86 61 35 4 93 36 34 39 1 96 0 35 82 66 8 55 19 6 42 99 91 12 67 88 75 80 43 66 64 26 78 26 26 85 81 61 59 80 9 11 80 45 24 84 79 38 51 17 8 90 96 14 9 89 21 98 88 50 28 90 34 4 36 75 82 74 84 98 2 4 79 33 6 11 99 84 7 4 94 66 58 16 70 33 32 6 48 98 88 97 80 96 31 99 50 26 15 11 20 45 95 51 66 
97 50 65 98 11 31 27 70 38 16 72 22 0 77 5 14 92 50 48 71 66 79 60 41 46 88 89 97 32 98 97 40 55 29 59 92 77 70 36 53 27 34 27 78 69 52 92 61 40 27 12 37 42 63 90 43 50 10 82 23 64 62 11 19 39 94 90 16 97 5 17 72 7 74 56 28 27 20 67 51 18 7 71 14 45 59 30 9 9 61 73 6 45 64 88 73 5 42 97 8 57 71 88 4 12 1 51 63 61 33 88 91 57 25 91 38 26 30 38 72 48 28 90 83 51 72 88 17 92 40 68 67 43 29 61 39 56 58 44 35 0 40 81 40 42 50 48 10 11 65 76 82 75 71 42 92 57 41 64 51 29 97 32 93 16 63 38 51 76 58 52 67 72 77 61 40 45 29 24 60 22 12 64 5 22 96 12 2 49 19 95 22 96 65 63 53 36 48 57 30 95 60 95 77 13 35 41 10 54 51 53 90 93 38 48 20 69 8 64 86 73 47 93 28 61 67 52 45 66 49 45 82 91 58 43 52 54 99 60 58 49 75 11 62 54 71 6 90 55 62 39 42 54 85 26 16 44 0 28 64 76 21 27 94 58 56 10 76 72 45 86 4 58 2 16 6 73 96 9 29 1 11 56 72 79 88 63 14 84 35 33 43 68 13 86 1 45 68 87 98 
8 36 15 16 96 76 70 84 24 57 22 96 15 90 79 74 78 65 27 98 74 53 90 40 83 61 70 89 56 75 10 32 72 60 40 14 68 12 49 26 49 85 40 67 29 69 85 14 13 51 11 28 94 5 63 16 97 60 88 61 11 71 96 95 80 67 12 98 98 66 39 55 26 69 83 2 55 60 93 23 86 39 62 81 12 20 65 99 57 26 7 65 85 24 36 67 18 90 80 85 26 36 10 67 69 24 3 9 96 84 67 29 31 9 24 79 44 66 51 46 81 72 91 33 76 6 35 25 40 27 51 5 15 27 37 49 63 87 45 12 73 37 88 28 20 36 5 95 97 82 54 15 87 62 68 13 62 64 7 15 4 94 61 75 83 50 45 27 63 54 48 47 63 50 39 48 67 48 6 86 97 52 52 95 64 87 91 37 12 86 14 14 4 35 10 24 28 91 1 92 27 76 81 38 23 0 56 13 47 34 22 22 54 97 35 75 72 96 43 82 14 69 96 31 37 81 59 30 7 10 49 28 13 97 39 21 36 2 47 51 11 38 9 57 69 17 7 10 7 24 64 78 75 49 99 73 70 88 27 55 96 8 13 60 54 18 46 17 37 13 5 86 76 63 88 93 89 47 42 51 32 36 63 66 89 1 21 15 9 73 30 41 54 25 30 2 50 95 54 24 
45 97 29 6 98 2 6 48 24 32 70 52 85 52 71 75 2 78 1 63 24 72 80 50 31 76 79 43 5 11 12 95 33 57 63 35 36 39 35 89 28 24 90 32 36 47 49 11 83 35 24 56 60 48 50 21 93 17 85 99 90 71 27 63 97 5 0 94 52 45 48 31 46 50 51 71 26 21 19 32 84 73 17 30 97 86 40 46 61 46 50 55 83 3 35 43 81 63 71 69 8 20 39 40 10 74 44 21 35 36 67 12 77 31 56 89 51 97 44 28 75 96 56 21 62 29 69 30 85 52 93 14 41 85 39 63 68 73 73 61 74 69 4 5 57 22 94 33 41 14 20 57 31 14 63 83 44 92 20 6 28 43 88 11 87 88 97 28 92 59 18 42 65 31 3 82 2 66 25 66 89 28 19 72 72 18 73 51 81 94 12 66 83 73 94 14 54 96 99 15 5 55 40 5 90 47 67 95 78 90 60 52 21 56 54 57 36 32 36 7 28 60 57 85 10 61 22 1 86 70 88 84 49 90 10 63 10 76 92 47 70 31 16 23 66 2 31 81 37 57 12 57 79 5 36 61 21 93 1 58 62 97 1 43 22 67 45 28 17 60 3 24 49 96 95 79 88 29 57 94 52 33 39 83 60 38 52 65 80 97 66 64 99 82 4 21 4 63 71 76 
6 99 19 57 77 70 36 49 22 58 25 97 73 39 67 24 4 86 6 25 6 14 33 31 17 93 95 56 33 62 27 48 47 23 20 62 96 8 95 27 74 0 29 70 43 64 91 88 11 6 93 45 36 84 63 38 40 85 62 37 32 55 30 50 74 45 50 71 72 75 5 42 18 56 88 14 63 3 16 83 53 9 69 82 31 94 91 63 60 38 88 73 40 42 10 91 60 7 46 65 55 11 9 23 31 85 18 39 86 25 61 49 69 64 86 6 64 1 69 49 4 58 85 14 54 29 38 76 13 5 39 70 17 59 27 92 93 4 96 43 82 74 54 54 72 31 89 6 70 4 89 5 41 38 29 34 90 29 66 40 81 31 89 99 48 71 96 11 55 53 93 68 44 65 35 6 43 61 53 82 32 44 60 69 71 65 88 15 48 29 22 22 43 60 53 80 26 76 59 35 7 95 41 76 47 58 89 37 64 59 46 55 53 1 65 18 66 12 59 95 15 91 51 56 21 96 78 22 81 74 72 87 35 50 69 41 25 50 15 52 55 92 33 91 22 62 65 56 2 50 34 89 69 83 37 45 33 0 76 15 63 41 4 89 0 68 64 57 60 81 85 17 6 49 73 72 19 87 98 87 91 33 31 96 32 82 42 21 40 56 88 69 9 55 65 28 66 14 10 95 
25 62 88 97 43 41 50 64 72 50 54 16 12 77 32 98 89 71 76 84 33 39 45 39 6 43 82 24 65 51 87 47 44 82 19 93 63 73 81 13 97 88 61 77 50 19 80 26 39 40 58 30 14 46 11 28 68 99 56 29 0 61 0 81 25 69 22 67 98 73 41 18 29 56 57 40 93 91 80 92 36 86 89 91 81 68 11 26 89 59 33 59 77 52 20 21 31 22 18 49 84 56 2 54 93 7 64 3 33 12 95 24 19 83 44 63 40 18 60 36 50 5 40 66 70 89 40 67 15 49 38 69 93 67 29 19 29 44 82 0 93 91 21 34 15 75 43 6 29 99 74 10 55 18 78 30 60 96 87 7 46 3 26 21 0 37 17 20 69 1 81 30 75 95 78 46 69 82 18 16 92 40 26 47 92 24 29 35 27 16 45 5 10 40 3 64 50 23 86 17 25 26 51 57 9 53 51 5 49 99 50 85 43 93 86 65 36 59 87 58 22 89 62 81 87 55 4 58 91 72 88 18 32 40 91 40 32 77 83 33 6 90 90 38 65 33 53 31 49 95 56 13 35 77 47 64 3 53 5 26 43 89 68 79 47 3 78 13 52 74 15 35 14 0 42 97 77 61 16 58 45 11 50 78 56 93 3 4 76 81 63 94 90 1 65 72 11 14 31 99 
8 8 81 4 63 45 83 56 36 32 33 76 93 31 31 63 46 52 30 63 39 24 44 17 60 61 48 53 17 18 18 94 50 1 43 74 98 44 4 33 66 95 15 98 13 16 71 10 37 84 85 19 16 73 63 15 44 81 11 59 80 62 15 22 24 62 25 35 87 98 37 18 99 89 42 52 12 2 84 93 60 45 59 34 47 65 9 77 75 24 81 40 67 3 47 7 83 62 45 85 78 74 31 29 62 7 19 15 20 0 36 22 21 16 32 18 28 8 84 21 85 51 7 1 65 73 13 42 83 27 85 46 78 53 41 20 28 4 9 45 79 27 63 68 26 37 17 65 38 13 67 64 10 41 71 91 15 7 58 77 48 5 84 48 77 86 39 74 34 57 76 20 94 6 51 34 52 35 85 82 47 73 50 26 25 67 16 8 9 17 40 37 73 37 15 77 85 98 70 75 22 34 9 62 49 38 30 62 11 63 36 56 73 15 70 24 72 92 10 2 95 57 93 43 24 90 73 96 67 57 92 7 0 58 59 77 84 94 71 51 87 64 35 65 25 44 74 36 97 37 86 4 5 84 65 77 99 18 18 85 7 2 12 82 86 78 2 19 58 87 63 5 32 39 68 28 30 3 22 12 17 78 2 25 58 1 78 61 71 98 39 8 40 81 75 48 62 33 15 30 
53 73 69 24 1 80 22 49 34 77 51 98 16 50 81 63 95 13 70 41 79 36 14 41 24 52 75 17 17 88 65 25 99 11 61 40 55 66 10 80 3 94 76 40 17 45 36 61 72 71 21 71 69 92 26 48 69 73 83 69 40 63 16 8 81 70 95 22 54 5 6 25 58 49 57 49 46 13 81 11 5 61 89 30 87 50 76 69 72 16 15 12 24 69 25 63 38 25 68 64 30 26 45 33 71 19 67 32 29 59 51 57 22 79 80 65 83 16 98 32 13 26 0 58 68 74 10 58 64 93 91 31 18 17 59 70 2 15 21 35 67 14 51 55 10 30 41 90 43 61 55 42 64 50 41 48 2 3 22 73 69 97 48 19 56 89 73 85 63 93 47 65 60 0 72 13 74 90 65 84 55 3 67 57 44 17 23 88 32 76 34 40 51 70 76 89 86 75 74 10 53 51 85 62 11 61 70 87 39 78 59 23 81 91 87 14 98 91 40 20 60 96 52 39 28 48 82 67 85 34 11 26 89 87 52 98 98 34 33 13 14 51 35 83 83 96 94 70 54 11 34 14 99 96 7 34 36 10 22 47 1 51 26 91 11 45 11 45 27 11 38 47 66 8 57 40 27 78 28 59 92 90 21 8 92 31 91 1 69 8 97 20 50 66 57 87 11 10 3 39 
15 43 60 58 10 58 98 2 47 59 58 3 16 83 31 72 57 46 61 69 69 71 18 9 19 74 3 5 65 74 11 16 46 3 67 28 49 45 73 9 16 45 47 33 46 51 6 8 76 45 32 12 66 99 41 4 65 64 93 20 72 0 67 81 4 90 24 94 76 92 47 34 73 36 87 68 21 29 29 51 6 19 16 24 78 99 67 60 16 83 82 94 17 61 11 64 81 93 22 5 67 59 90 79 68 25 99 74 38 62 1 1 71 88 18 43 74 20 43 65 0 32 54 30 36 36 64 66 68 23 81 24 50 83 56 49 43 60 62 66 9 30 29 58 99 94 73 27 9 18 25 71 17 70 54 52 21 46 89 52 30 53 82 34 77 40 41 81 87 44 52 72 2 24 65 50 22 98 9 47 29 56 49 30 3 18 89 0 80 18 30 20 31 43 36 29 15 45 51 41 52 73 73 8 5 77 41 45 39 95 51 90 28 38 96 26 97 79 59 58 13 21 40 0 75 76 47 24 89 59 8 63 30 69 94 34 89 60 2 35 87 95 50 94 55 41 89 43 40 22 28 30 99 31 18 18 34 28 80 10 39 10 76 14 13 41 38 94 15 18 35 84 42 2 50 10 46 53 1 29 80 67 21 36 11 95 40 40 15 33 62 33 29 5 61 25 64 24 62 80 
95 70 5 52 80 45 64 6 57 29 10 0 97 29 57 8 37 37 95 21 63 12 17 16 7 56 53 26 52 8 48 36 29 45 90 31 13 7 90 98 96 70 10 0 43 77 17 30 53 54 17 57 62 80 25 35 40 84 83 48 45 77 43 19 37 11 13 14 24 34 62 86 22 52 41 78 5 38 7 35 22 86 17 4 28 75 35 14 17 81 60 19 51 4 84 67 90 39 39 91 35 23 4 50 88 86 82 8 8 65 1 69 26 45 16 85 49 25 18 58 47 50 7 99 78 53 73 37 14 81 14 52 0 33 39 54 58 60 61 4 80 33 95 29 67 13 84 90 48 83 75 53 23 0 56 80 5 43 73 34 87 94 29 51 12 9 79 10 88 39 18 72 85 75 83 28 66 53 64 43 23 57 36 72 60 10 83 90 49 87 40 76 74 6 84 78 98 26 68 15 18 91 34 90 91 15 87 24 31 99 49 26 0 82 91 99 93 73 81 85 94 52 95 1 94 88 91 83 60 10 47 43 75 91 39 96 33 32 55 99 57 23 5 28 48 82 28 71 5 53 81 89 96 67 81 92 17 85 11 56 64 81 79 55 40 60 72 64 53 98 65 8 94 75 82 1 70 39 57 2 41 85 96 90 79 79 10 48 1 17 44 44 83 84 28 60 13 53 18 65 
93 10 23 94 40 44 68 93 40 91 24 62 25 49 48 45 6 97 82 55 91 75 36 99 57 87 15 12 14 3 39 3 66 52 28 47 16 93 2 25 32 34 29 29 5 30 7 4 7 85 30 8 83 91 49 69 66 45 23 21 15 49 42 82 55 36 45 6 30 23 96 7 96 89 38 37 13 88 21 21 84 66 81 23 29 42 50 70 90 43 0 74 11 4 80 2 46 60 29 27 10 49 10 57 77 99 77 97 68 90 76 14 6 16 20 28 97 40 56 82 12 52 51 74 80 56 16 99 29 51 96 46 67 53 49 85 30 33 2 4 43 9 14 1 49 77 98 67 78 8 25 49 53 69 79 43 20 32 26 73 61 55 62 83 3 27 28 5 10 83 59 36 30 61 79 28 56 38 23 4 50 75 64 19 37 81 12 48 84 1 62 20 6 12 0 6 36 72 39 96 8 96 94 20 9 1 29 81 41 18 35 79 7 76 86 0 92 1 10 41 11 38 89 8 28 88 13 99 39 28 22 97 54 49 46 32 44 57 70 39 18 27 67 84 65 24 53 68 46 29 58 54 27 92 50 66 95 64 66 63 40 6 94 54 10 69 80 28 86 34 49 14 44 61 14 96 62 35 4 68 66 24 39 71 42 22 65 88 46 22 81 12 14 31 14 74 81 13 27 16 
9 76 95 18 7 45 65 1 85 32 23 70 90 71 26 88 22 57 35 35 54 30 49 11 31 30 23 97 34 25 7 84 35 66 11 95 98 27 38 40 9 83 71 84 88 41 90 53 17 68 35 4 31 80 83 73 73 4 72 63 47 40 40 72 77 97 45 21 83 42 11 34 31 62 55 12 36 35 31 62 31 37 21 85 57 87 93 60 13 33 89 8 62 50 39 33 98 68 93 40 24 19 28 85 31 46 59 28 48 4 41 92 90 13 62 4 84 91 50 50 43 64 82 4 60 77 43 33 16 52 28 24 26 77 19 47 45 90 80 98 71 97 9 5 36 26 65 16 63 57 54 69 6 21 68 19 57 22 56 61 33 29 1 81 25 93 18 55 60 23 25 96 92 81 18 75 35 8 90 13 20 73 97 95 36 73 46 58 9 56 75 82 42 86 73 83 65 98 16 56 18 80 14 85 64 54 12 28 1 34 70 82 81 18 72 51 47 56 89 51 35 96 23 46 51 19 83 35 89 17 66 52 45 3 43 1 79 93 64 6 71 85 84 77 75 61 95 77 12 17 51 99 65 25 88 19 92 97 51 71 46 34 15 58 90 8 21 76 33 12 41 95 36 53 56 17 33 61 8 29 55 9 62 35 93 77 87 80 45 96 5 64 53 16 39 2 85 20 4 74 
22 75 39 37 6 65 22 90 29 3 21 78 52 60 98 21 20 48 59 60 81 67 22 47 32 64 11 32 17 71 18 59 13 69 15 51 7 93 63 76 65 94 1 14 98 4 13 23 14 55 44 69 89 99 53 87 71 93 25 76 28 64 45 27 11 11 20 40 92 14 70 95 18 67 45 5 46 52 41 99 78 42 75 70 77 24 30 15 0 16 48 78 8 12 36 6 24 69 34 90 61 80 12 95 32 10 43 69 33 50 90 15 26 72 10 39 77 81 93 33 81 68 29 30 6 3 91 56 60 38 65 36 70 50 72 57 23 70 82 7 45 91 82 94 32 70 40 68 1 50 31 36 47 6 54 76 54 95 55 5 67 70 50 94 95 57 74 59 11 16 7 67 26 38 51 96 45 15 14 65 84 16 76 19 70 45 2 4 3 91 83 10 60 74 52 28 95 9 90 50 47 11 64 17 6 28 40 45 17 80 46 18 16 7 70 12 54 26 77 91 27 97 76 61 60 50 32 22 87 84 69 39 24 72 20 38 31 40 74 33 36 93 39 35 71 58 35 10 43 13 48 87 84 98 44 84 55 89 9 4 71 73 38 36 70 42 7 24 74 27 52 80 25 5 30 4 42 78 70 37 80 93 78 2 19 13 77 97 73 4 31 55 3 38 37 19 49 86 86 57 
20 48 86 42 13 60 13 61 44 14 88 21 19 43 55 18 96 43 46 58 74 34 42 1 55 80 47 94 61 96 12 27 78 4 68 7 96 91 14 27 47 91 75 51 42 34 68 41 3 55 28 17 58 76 15 19 54 42 31 3 9 51 65 16 11 71 99 59 74 58 85 0 33 5 33 17 70 23 28 53 7 30 14 28 92 14 81 38 49 45 61 85 35 55 26 47 97 60 26 18 51 72 72 33 79 95 10 76 30 61 43 56 70 51 40 42 49 59 68 96 40 76 89 12 81 6 66 27 6 64 73 1 35 74 85 59 45 37 25 80 84 89 50 33 66 79 87 75 37 11 1 87 11 36 12 19 60 21 17 50 24 10 45 90 65 28 60 93 11 84 50 86 94 71 48 12 60 46 46 43 0 64 95 81 38 96 1 12 88 79 43 51 92 35 53 2 90 85 27 30 41 64 61 44 29 30 61 77 36 27 89 94 85 63 94 68 12 5 77 58 84 78 1 22 37 18 94 82 26 89 80 52 22 76 19 72 61 11 77 56 97 2 28 76 78 51 43 51 47 83 3 25 5 10 74 63 73 76 34 12 25 77 74 54 27 93 59 88 30 17 13 93 69 61 92 33 65 22 73 18 73 21 55 14 76 56 11 30 66 69 91 2 75 73 26 79 16 99 29 74 
11 9 44 84 90 97 84 45 35 64 16 36 79 92 17 87 59 92 83 91 1 28 24 99 67 92 43 89 33 13 53 13 54 38 11 37 61 49 89 88 52 22 28 91 0 35 90 45 50 77 94 62 54 93 74 10 98 75 33 91 10 99 36 16 41 45 45 44 94 59 97 7 76 32 30 82 98 67 81 16 55 31 76 43 81 14 20 13 32 85 29 77 66 94 94 65 57 29 74 81 29 79 82 40 6 85 37 25 15 79 47 65 8 36 86 51 30 8 94 15 5 11 25 87 39 42 17 71 94 47 54 69 85 34 64 64 15 29 90 84 17 36 50 50 87 58 11 48 64 42 33 56 53 65 80 9 19 94 47 46 44 79 6 14 71 88 34 84 39 10 60 40 90 41 36 1 34 21 67 16 4 14 87 76 51 14 75 16 19 7 31 30 34 96 5 6 84 16 99 6 90 53 79 55 34 8 61 40 61 42 31 49 54 68 55 11 77 18 92 94 34 16 98 35 33 59 27 11 37 63 46 0 12 17 39 6 11 86 23 97 90 28 38 93 6 57 6 33 9 62 38 44 18 26 86 33 73 87 73 83 33 84 36 5 52 80 97 21 95 73 68 90 40 44 24 38 4 69 30 46 32 54 81 87 5 17 14 65 30 57 74 24 27 40 43 52 0 42 36 77 
52 1 19 81 98 78 82 98 79 71 54 83 34 89 86 89 20 44 7 37 8 68 54 84 58 98 23 79 6 68 64 64 64 77 45 21 61 41 35 28 48 67 54 78 70 60 76 32 7 35 43 18 54 77 33 30 87 71 34 53 63 6 58 24 36 86 89 98 89 2 31 67 52 71 83 64 33 10 7 82 62 91 5 49 18 32 28 74 62 39 22 38 67 63 49 12 87 48 43 32 50 88 51 41 44 37 72 74 20 44 60 53 33 92 21 60 46 40 11 48 51 61 74 66 13 40 33 99 31 26 44 75 79 84 1 21 3 25 61 38 97 22 10 8 91 17 36 25 63 94 88 64 6 34 19 1 39 60 35 43 62 24 70 11 50 30 16 59 92 36 75 86 64 63 61 58 93 27 33 6 25 17 25 18 34 97 35 71 11 0 38 43 29 87 48 24 69 25 25 91 26 13 77 13 95 8 13 65 11 18 76 5 23 50 81 54 28 95 77 72 6 67 90 87 68 67 79 62 17 57 86 5 10 6 43 14 32 56 27 72 45 29 10 20 58 28 12 64 36 47 10 64 0 54 99 6 67 23 13 5 41 7 86 34 0 36 98 15 21 64 59 71 7 40 85 49 63 44 35 56 54 82 12 40 4 13 66 54 70 20 41 70 27 11 69 92 72 69 37 75 
8 11 23 2 32 36 36 19 72 45 61 90 38 99 70 26 72 87 58 94 68 33 35 31 29 64 48 12 53 9 8 18 78 38 33 57 10 13 72 94 26 41 63 71 23 75 20 43 86 9 0 75 78 43 12 69 73 51 58 11 61 67 67 36 86 4 96 40 47 38 47 34 68 57 7 21 39 58 39 52 71 2 11 27 68 38 63 29 85 47 31 15 62 64 47 17 58 30 44 7 40 20 28 99 76 51 91 77 60 35 18 71 19 15 7 95 26 45 28 49 62 85 92 5 81 92 27 49 84 24 42 95 32 6 92 81 0 67 39 60 55 7 57 90 26 51 64 75 92 69 24 75 39 57 32 42 90 18 32 52 97 21 81 54 29 21 61 4 57 40 33 73 71 41 5 28 23 7 23 44 93 53 78 46 86 74 63 37 52 50 29 14 97 10 78 89 81 97 38 24 71 63 91 99 50 18 49 36 80 3 47 92 42 46 98 65 9 9 66 13 81 70 98 51 88 74 47 49 97 1 0 66 33 52 85 72 14 22 93 0 67 14 0 65 7 75 1 42 85 89 12 48 11 99 99 16 9 86 98 32 69 13 69 80 5 82 85 43 9 12 85 3 25 76 35 49 76 37 81 44 94 3 1 97 95 67 33 55 70 73 67 56 45 86 16 23 49 49 89 8 
97 88 50 61 34 46 39 54 85 71 49 43 20 58 30 0 9 46 15 53 49 56 84 83 57 12 53 80 70 78 24 46 62 23 91 22 73 40 88 66 29 58 22 7 46 23 54 45 13 12 37 23 63 15 11 59 56 58 37 69 68 13 43 23 42 1 25 98 96 97 91 91 22 18 30 68 30 89 25 68 18 16 72 11 32 81 67 15 83 33 39 40 55 57 29 50 59 73 75 37 85 14 82 48 94 78 80 62 30 37 55 57 94 18 99 31 43 47 37 59 98 49 39 8 3 71 58 88 91 72 13 83 1 11 92 5 98 75 29 53 75 7 53 12 91 15 14 26 90 64 28 19 45 97 62 56 63 6 70 11 0 65 23 80 4 67 10 14 5 16 71 74 97 94 54 53 50 51 86 72 99 69 48 71 56 5 79 66 48 71 30 12 34 97 98 5 21 82 58 75 9 86 52 51 63 87 91 44 63 37 34 12 3 61 29 71 82 42 38 81 14 30 33 99 63 20 77 32 22 17 83 36 20 72 24 17 79 29 86 2 9 94 18 20 2 61 68 27 97 88 99 81 17 74 35 29 78 89 44 34 41 20 94 61 4 75 53 65 51 21 61 89 54 85 78 71 36 80 20 27 23 26 35 10 49 15 89 72 86 4 28 20 51 34 93 66 11 30 17 21 
92 90 32 54 16 79 63 37 44 55 38 11 5 81 93 12 5 58 6 17 48 6 68 60 28 20 83 11 45 86 4 47 50 85 5 58 68 20 72 54 4 46 65 31 74 52 70 27 18 99 58 69 80 75 48 92 52 69 85 8 64 27 48 97 72 46 90 79 66 91 10 62 30 0 77 24 48 80 69 31 25 89 18 11 50 30 33 87 2 26 25 86 78 80 59 33 48 4 83 11 89 48 27 30 71 94 74 40 97 77 10 96 95 5 45 78 45 0 62 44 0 59 18 51 53 78 97 74 0 11 78 29 3 92 58 56 14 59 57 80 10 98 85 62 71 47 67 88 75 21 87 69 32 31 40 97 3 64 24 43 89 84 33 25 90 27 40 45 85 84 49 61 99 71 71 66 32 70 69 40 98 68 41 57 23 23 0 30 33 87 90 94 43 23 63 38 55 0 27 62 6 48 70 14 60 33 51 46 25 90 66 13 63 57 31 12 68 78 97 8 30 35 86 46 98 88 81 58 22 64 18 37 10 88 69 86 9 92 89 4 67 12 66 41 70 13 77 94 65 28 59 1 8 3 45 19 85 61 26 24 35 46 21 3 61 32 53 7 81 99 58 6 14 68 41 3 6 0 11 3 80 31 11 31 25 63 82 29 82 53 34 56 89 83 57 89 95 31 62 24 
33 11 13 22 22 73 24 59 77 57 42 67 87 29 71 1 66 28 89 60 27 94 33 90 69 15 25 58 84 25 28 28 41 92 82 82 50 8 74 53 77 29 93 82 56 30 86 95 99 14 34 29 33 8 16 78 44 93 1 69 3 16 80 97 33 49 10 88 32 72 48 46 51 3 61 40 64 27 97 49 48 80 34 14 16 73 2 88 4 6 73 84 66 25 69 58 25 94 16 67 98 90 93 12 99 72 24 2 26 72 6 11 85 27 48 96 59 26 4 69 89 17 10 94 51 35 84 83 84 12 32 83 85 14 89 8 40 4 72 26 92 40 12 49 73 26 44 87 20 29 96 19 65 31 56 23 10 48 32 96 0 67 66 32 1 79 40 42 48 6 5 69 12 31 40 75 61 62 43 68 21 34 53 19 78 95 97 63 1 60 89 37 11 90 43 6 53 17 51 3 45 63 33 56 79 71 44 89 49 87 0 45 23 49 68 34 66 26 71 2 11 56 87 95 82 58 94 33 23 17 81 93 12 62 82 5 17 5 38 67 57 96 91 64 90 73 71 74 15 51 89 96 35 48 91 4 24 54 64 5 57 91 54 2 13 99 52 74 54 40 2 6 29 94 97 32 90 30 81 69 33 39 40 97 70 35 24 17 7 99 8 46 76 70 59 28 0 48 21 82 
89 70 71 48 88 56 81 20 26 33 50 61 50 62 94 25 84 6 38 39 17 93 94 12 68 19 71 93 45 19 83 12 59 47 45 86 51 98 15 38 39 90 86 76 12 3 65 32 13 12 82 16 27 3 66 59 57 18 2 96 3 96 38 86 1 84 20 29 50 50 16 57 37 60 30 89 89 51 77 3 96 90 63 50 97 77 81 76 70 74 53 53 87 72 0 51 57 13 85 67 73 38 83 13 36 96 82 24 99 33 32 84 79 71 17 55 75 0 10 49 9 19 22 59 61 15 63 23 35 93 23 74 24 70 20 42 16 9 4 85 83 90 12 60 4 40 77 29 25 32 29 95 72 42 72 32 41 32 62 18 21 73 46 5 30 27 79 80 65 32 86 96 68 29 77 12 56 9 2 19 2 4 99 3 64 23 84 67 30 35 78 48 29 92 62 95 5 29 61 95 70 56 11 93 4 71 29 19 87 45 12 84 43 61 87 19 24 97 12 8 86 82 5 93 49 79 72 34 47 3 37 87 92 30 96 28 85 40 18 92 84 40 24 6 8 47 41 29 98 25 31 83 51 66 50 65 35 89 8 21 41 17 96 20 91 26 43 5 36 3 72 77 9 11 49 8 77 53 22 80 32 58 46 1 90 94 90 8 47 67 24 76 26 49 0 94 99 75 95 72 
93 32 93 49 88 98 91 66 14 7 97 20 44 5 23 88 83 72 91 31 19 81 10 31 96 13 27 69 19 30 9 65 84 9 67 51 86 65 50 40 2 46 50 92 84 30 60 17 34 20 88 76 14 22 45 34 25 65 65 78 89 34 15 64 53 19 53 25 71 30 23 34 51 82 41 78 44 24 9 12 98 63 33 16 35 43 38 85 83 6 13 79 15 56 32 34 99 29 60 10 14 8 97 72 47 30 7 21 82 67 24 46 84 65 23 92 55 47 59 96 16 71 79 2 42 55 8 21 75 37 35 46 25 33 93 58 71 51 31 97 96 97 15 37 21 33 61 74 50 35 42 63 64 41 87 69 18 48 20 55 53 87 10 5 78 34 89 13 18 44 10 14 16 39 26 59 22 48 67 36 99 94 47 67 17 68 38 42 27 75 71 78 57 32 57 55 54 90 92 71 74 14 79 49 12 84 87 94 58 97 38 13 52 37 93 30 53 79 6 8 88 99 29 88 99 60 29 69 5 45 71 85 9 9 90 40 89 69 0 80 16 73 13 40 91 0 64 98 38 7 54 26 58 8 55 56 42 70 89 45 83 65 56 56 80 16 39 92 54 33 89 32 35 79 44 51 42 74 72 61 50 27 43 82 66 16 4 41 71 2 78 52 80 35 74 66 63 63 67 77 
21 62 4 81 44 92 63 81 58 47 90 61 30 88 23 99 5 88 92 53 91 2 82 91 51 6 77 13 54 87 57 32 68 72 95 45 23 28 47 62 70 24 17 52 65 14 17 29 10 23 99 79 23 23 67 24 29 44 46 11 5 64 41 59 16 68 5 19 40 10 79 58 9 73 49 76 33 32 26 56 84 35 98 23 82 60 41 17 14 77 91 58 83 77 24 60 17 82 71 83 15 71 60 33 74 81 10 52 96 46 33 32 62 64 56 41 27 47 58 0 6 58 83 65 45 83 61 1 63 97 24 33 87 46 65 83 70 97 85 47 3 69 94 73 25 43 6 1 77 92 16 35 77 95 55 92 99 14 48 48 14 58 60 77 17 84 82 36 5 57 22 51 22 53 45 95 81 64 35 23 33 12 95 48 38 19 1 83 9 41 62 68 65 32 31 43 17 36 11 52 87 56 27 63 77 21 3 46 14 2 31 39 87 31 45 1 98 23 76 30 55 44 90 56 85 12 58 8 19 31 29 92 32 10 2 99 76 42 59 7 8 29 74 66 79 12 4 85 73 50 97 41 72 76 28 42 10 14 48 26 79 68 91 46 87 32 14 59 78 87 17 20 50 75 41 70 40 60 47 60 15 9 75 72 18 33 88 89 12 9 9 38 64 24 97 39 74 86 88 23 
68 73 62 66 33 22 67 32 52 86 31 14 12 92 50 63 63 14 91 89 35 62 10 1 4 79 28 96 79 63 42 55 78 20 85 22 17 46 84 49 49 11 91 3 19 86 90 34 4 60 5 70 90 60 78 17 41 56 71 67 31 44 94 36 64 23 26 63 66 80 53 31 20 27 3 83 66 99 92 89 20 22 4 24 94 47 38 8 8 20 62 78 57 1 20 24 66 19 34 96 48 15 93 8 73 1 27 6 15 1 79 49 81 57 14 7 31 61 8 76 56 74 46 80 23 96 91 32 43 51 72 63 66 64 56 22 4 73 64 60 67 13 3 80 73 61 34 12 25 92 34 71 91 63 50 92 31 48 75 85 76 3 12 3 94 67 19 67 92 60 61 61 25 18 45 67 69 37 8 25 32 24 27 28 35 6 6 32 86 35 64 25 1 33 71 87 6 51 53 50 38 50 42 30 31 21 80 43 29 97 61 35 48 66 88 94 34 28 31 51 96 90 15 42 2 7 80 21 19 69 26 95 98 6 44 45 59 53 12 23 33 62 96 95 4 81 16 3 18 29 16 29 5 72 78 42 87 29 11 40 12 96 99 73 12 65 14 60 55 0 6 2 49 56 89 91 1 91 35 2 3 84 97 50 61 30 68 15 47 48 84 12 7 69 30 42 40 71 44 17 
69 38 53 62 60 14 69 8 43 9 34 51 27 6 22 58 15 35 22 64 64 16 64 73 26 44 70 37 93 75 7 66 53 36 9 98 39 77 3 63 38 37 95 98 80 18 20 69 20 84 78 9 0 28 90 87 26 36 32 78 9 37 50 17 97 86 23 53 14 25 3 39 29 71 28 3 40 81 26 59 68 32 63 85 44 52 51 54 71 17 90 34 70 22 1 84 23 71 38 57 29 12 66 83 30 95 5 74 33 66 57 72 51 24 70 10 32 66 10 7 93 84 47 87 17 70 97 74 97 64 94 81 84 5 59 77 91 47 93 4 76 50 39 85 33 28 18 83 91 16 75 72 92 93 99 6 10 28 21 31 49 60 55 85 94 38 98 0 97 98 20 67 40 49 14 72 13 35 87 88 30 26 70 14 39 51 7 71 60 53 1 94 12 84 54 9 33 88 76 96 40 34 74 20 79 90 30 74 29 61 21 89 86 97 60 62 43 95 90 15 1 36 46 5 57 12 10 9 59 6 31 45 43 36 76 36 35 37 49 0 51 84 57 67 37 96 88 6 48 16 96 16 83 50 2 71 94 47 44 90 81 85 14 87 40 75 1 65 5 63 45 84 24 65 26 48 23 72 42 76 2 99 70 72 79 70 68 28 65 81 98 70 98 24 50 66 25 79 25 49 
1 16 2 0 91 59 89 13 70 77 23 26 89 84 15 57 13 13 17 81 51 31 18 86 96 28 81 22 35 2 17 70 95 15 82 51 70 80 32 54 21 70 10 50 60 66 63 1 96 3 67 32 36 41 36 91 9 12 22 95 10 18 40 66 70 57 95 4 43 28 9 16 71 20 91 3 9 34 11 10 62 39 49 82 8 38 82 83 94 98 37 26 90 27 18 84 72 42 24 29 35 32 28 21 5 66 34 73 26 67 78 46 57 94 3 99 86 47 50 48 63 11 31 17 86 54 40 23 91 45 2 25 2 44 27 79 27 25 52 79 8 2 16 80 90 11 50 84 68 48 60 48 44 89 23 5 15 47 17 1 44 18 4 24 40 35 76 44 24 53 36 43 22 30 38 36 81 15 53 67 80 76 58 65 89 8 77 27 26 9 61 13 63 18 14 58 45 74 71 22 42 45 55 84 70 36 15 18 10 29 56 46 55 91 22 62 97 51 66 17 41 4 8 39 67 9 1 91 52 48 66 68 7 5 56 50 26 95 51 46 4 58 12 83 97 46 24 50 93 43 77 9 16 54 91 39 66 62 3 51 30 6 15 18 72 78 95 62 64 72 6 24 49 42 88 76 9 17 26 91 53 48 74 2 45 32 69 93 18 58 46 34 23 15 97 56 37 84 44 30 
61 23 41 36 79 64 24 83 1 67 58 28 5 36 66 27 26 77 67 25 68 48 94 0 71 40 21 49 90 46 52 39 68 59 7 18 19 81 13 66 19 89 75 21 65 58 72 50 92 43 31 11 84 93 58 10 22 97 22 51 75 33 42 1 4 53 17 50 76 24 18 84 76 94 62 42 32 96 92 98 11 14 75 76 17 29 26 86 59 97 64 57 83 48 55 29 20 64 81 1 80 29 51 61 24 23 94 15 64 79 3 35 59 31 71 58 41 95 98 22 67 5 7 52 67 76 37 65 78 45 69 49 81 78 68 21 19 67 47 80 35 42 91 53 44 22 54 15 46 39 55 4 39 44 72 62 91 37 18 91 36 71 13 91 13 21 70 52 48 84 53 57 38 26 91 80 9 10 84 49 45 55 84 58 28 31 6 68 11 26 34 77 58 75 39 8 98 50 4 10 76 11 45 19 20 14 80 40 8 72 21 81 70 36 21 2 69 69 86 66 35 11 35 69 14 81 69 59 44 2 59 47 64 18 10 16 51 95 80 25 23 75 50 80 5 21 79 90 25 87 18 65 54 6 19 5 71 0 51 87 13 17 38 51 13 29 68 49 49 32 58 91 43 48 81 65 22 19 49 9 95 73 68 23 85 24 89 59 4 40 63 54 51 74 85 7 94 59 68 71 
23 66 26 94 27 6 61 99 44 53 99 6 88 34 64 18 60 60 98 70 90 62 79 31 28 66 60 97 46 13 17 12 97 5 9 23 37 58 23 36 16 45 77 3 44 6 60 72 99 44 41 6 41 86 98 77 30 20 0 38 44 54 51 90 87 36 74 96 35 68 33 39 34 63 76 79 75 14 42 91 42 48 26 39 73 56 81 66 98 73 52 47 69 3 71 67 25 20 2 67 58 23 82 20 18 81 31 18 60 74 90 97 80 53 38 37 73 2 87 17 91 36 8 70 37 36 32 57 30 88 83 86 10 35 59 11 35 80 91 96 85 58 74 96 63 47 39 68 62 19 32 2 91 94 73 53 0 88 58 55 7 81 19 71 63 78 79 88 11 14 83 97 68 28 64 39 53 89 8 96 69 53 64 73 96 7 94 74 14 84 66 37 16 82 25 36 97 41 18 47 20 15 43 29 2 7 91 62 3 47 94 89 52 44 56 98 27 6 99 47 2 7 62 99 69 12 62 67 55 79 48 96 59 51 55 5 47 37 80 17 53 67 99 11 75 58 11 98 56 31 61 47 29 98 57 81 66 35 97 7 90 66 38 95 12 97 80 67 99 54 82 68 26 94 62 59 12 76 94 67 43 31 94 50 23 52 80 75 22 18 46 4 22 98 47 85 47 73 57 88 
89 19 45 99 35 55 39 27 29 81 95 58 0 26 61 95 56 90 29 21 11 74 70 69 71 68 32 20 19 4 34 45 90 80 45 42 13 80 63 44 4 38 36 99 58 44 67 24 96 59 59 7 91 54 40 80 33 88 43 73 37 54 8 76 6 76 19 9 74 73 77 71 79 74 33 7 38 55 30 44 51 28 55 5 71 83 4 48 35 29 94 1 66 30 86 55 13 8 66 96 58 47 69 66 3 39 93 8 76 2 45 91 32 89 95 3 50 92 26 14 10 20 25 38 16 13 52 16 91 64 79 15 23 54 40 55 23 37 87 80 32 35 21 38 20 93 21 70 46 90 43 84 94 12 70 38 23 22 35 65 88 86 80 95 12 89 1 61 65 69 86 18 18 46 8 51 31 13 37 56 61 88 6 99 91 50 95 0 45 86 10 5 87 13 51 74 88 17 8 39 47 55 11 61 61 33 36 67 53 48 69 62 88 75 43 31 45 97 23 43 52 72 29 67 13 39 72 14 68 81 30 79 66 6 56 71 51 33 81 54 41 87 47 73 67 47 63 20 63 46 75 65 73 93 57 53 22 13 13 53 56 62 45 36 50 59 37 87 86 29 62 77 89 41 55 84 30 71 49 67 31 45 30 49 24 29 1 30 10 78 76 17 7 84 12 26 99 73 64 97 
94 38 43 66 59 83 7 10 93 24 98 42 31 65 0 23 69 71 49 94 40 31 57 8 67 42 64 5 48 1 79 41 17 23 0 23 84 73 81 49 23 89 84 47 84 3 54 35 64 51 97 9 46 63 78 48 94 40 83 21 71 14 49 71 54 86 54 6 0 94 48 12 13 59 61 80 14 10 90 45 80 75 58 39 66 87 93 8 41 55 28 58 42 45 71 59 84 99 4 49 78 23 41 58 3 61 93 43 80 67 39 65 78 52 51 44 41 38 13 40 8 75 0 32 74 86 67 21 80 15 58 43 96 59 51 33 89 72 54 67 16 37 18 55 38 5 9 85 47 81 47 76 19 23 81 24 15 12 27 25 30 22 40 47 28 90 2 96 19 68 98 16 52 81 13 23 92 60 10 88 95 32 98 68 14 0 65 12 48 64 63 55 78 51 51 23 59 98 79 51 96 4 24 17 25 14 35 26 60 49 8 78 39 34 62 80 88 45 56 45 99 33 18 44 51 7 98 62 5 89 24 26 74 73 77 68 43 77 24 70 45 17 39 80 29 88 67 28 90 39 68 32 54 40 60 2 67 1 42 52 21 87 80 57 27 42 76 96 13 66 13 12 9 12 13 16 22 49 66 40 20 38 63 83 78 92 21 30 92 54 46 49 33 49 44 33 16 88 53 93 
49 68 65 89 62 89 20 8 78 66 74 32 66 37 13 76 99 90 30 5 15 58 26 9 99 83 50 24 56 26 56 51 33 28 4 87 69 13 96 10 57 10 68 97 4 72 0 17 52 90 74 21 80 12 2 20 52 88 85 83 49 13 38 30 50 81 83 76 82 19 19 44 58 10 18 77 25 53 54 16 75 7 33 56 79 92 79 66 56 57 37 11 13 44 66 51 56 88 13 7 4 88 47 93 19 85 26 33 10 97 15 76 38 9 88 69 59 79 36 0 83 37 19 26 89 92 89 36 75 64 70 47 96 35 83 8 42 80 20 42 27 63 97 68 22 30 78 99 57 97 66 4 73 33 6 26 37 69 25 74 2 50 59 78 99 89 40 75 36 63 54 90 28 49 66 66 3 51 67 40 25 73 35 63 1 8 34 93 37 58 80 86 2 78 43 31 79 50 77 41 45 89 46 87 21 59 61 5 33 51 51 95 71 12 93 26 80 83 4 93 89 88 66 54 44 3 46 54 84 89 98 54 84 43 8 20 97 42 3 53 63 32 23 88 23 26 32 71 94 70 39 37 12 58 5 0 61 38 92 11 20 91 52 62 71 96 14 92 70 86 87 78 83 14 66 87 92 29 90 80 27 0 27 20 11 41 71 6 32 18 62 78 9 7 61 77 92 45 66 25 
38 82 89 80 51 50 93 80 48 52 49 63 3 33 84 56 46 20 8 22 0 72 99 15 61 2 35 11 4 46 27 54 54 34 61 92 96 44 11 35 73 89 69 34 45 87 23 0 97 16 42 63 8 15 76 2 6 79 54 41 35 6 22 95 90 52 68 8 50 59 56 68 76 85 20 36 82 99 48 32 60 93 43 8 9 24 91 27 25 47 45 9 80 97 2 16 37 49 21 29 48 47 92 16 49 83 20 9 46 36 57 40 54 54 62 71 23 98 75 67 89 25 48 56 41 76 51 65 40 52 72 47 28 90 80 89 3 40 32 61 5 16 48 32 85 8 56 31 6 26 81 44 20 70 79 59 52 95 41 74 32 23 54 27 96 86 71 88 72 83 93 68 31 51 76 64 43 74 32 64 50 56 95 95 92 82 67 56 54 93 13 23 95 66 46 27 33 27 13 26 74 17 54 66 63 46 25 40 73 77 38 14 18 91 64 45 2 0 19 85 55 67 62 8 1 30 0 41 83 98 19 65 14 49 11 63 79 25 76 81 6 16 2 57 8 60 92 60 30 37 19 52 67 40 85 74 8 99 53 92 65 38 24 15 84 64 4 27 93 39 68 89 92 64 97 65 90 14 84 62 80 80 96 91 73 57 0 47 27 32 80 71 1 44 28 70 27 54 86 94 
22 28 6 81 69 68 74 14 68 30 35 17 3 58 25 41 91 22 93 5 21 98 73 68 77 72 60 40 77 82 52 68 53 26 84 94 26 17 94 9 52 7 37 43 9 7 26 65 75 26 40 2 39 72 65 38 22 65 7 16 48 89 47 81 8 19 28 6 75 71 63 52 53 38 10 39 92 2 27 1 18 21 47 84 85 67 3 1 0 96 53 38 81 86 85 34 81 55 26 55 44 33 67 16 50 35 35 53 65 59 73 80 48 85 16 69 82 74 43 77 75 88 78 61 96 94 36 89 1 3 92 15 17 12 38 70 96 5 55 49 96 35 15 66 60 11 74 99 8 22 53 18 83 94 55 91 41 8 72 48 68 90 68 88 61 91 46 80 79 9 7 39 36 30 86 55 92 58 14 61 89 83 50 8 31 54 52 83 75 61 15 37 50 70 93 49 69 63 13 48 55 34 58 51 63 47 61 79 78 39 51 22 10 0 57 31 28 99 63 37 52 97 31 54 87 48 32 94 81 23 71 73 51 57 32 97 67 99 96 30 27 93 1 4 39 26 11 67 18 53 50 42 38 31 95 58 18 26 80 99 93 12 26 86 33 13 53 69 93 5 23 5 15 78 37 74 64 84 58 32 17 61 28 28 58 19 64 76 25 60 57 56 53 10 0 85 31 95 70 75 
77 94 87 94 53 14 30 80 29 43 60 74 8 95 81 80 19 27 37 2 54 30 15 73 96 0 24 65 50 82 62 7 2 66 7 22 63 79 76 90 25 74 21 70 17 82 50 30 87 24 26 27 57 38 99 6 12 47 43 90 62 16 2 6 42 28 87 50 59 2 67 84 37 62 88 98 30 39 70 59 8 57 52 39 56 51 80 95 39 82 44 52 10 26 56 58 55 96 4 96 66 9 92 58 65 91 57 36 44 78 9 97 52 44 17 62 6 51 63 60 42 14 59 11 8 34 54 37 86 27 81 86 44 48 98 93 97 92 32 26 55 93 92 22 73 45 0 16 70 14 7 73 64 94 0 27 2 84 88 25 35 17 86 38 21 23 97 83 73 33 30 42 99 47 74 28 79 61 58 57 77 10 72 19 43 11 56 56 13 79 40 64 18 38 0 42 28 97 58 37 52 60 45 27 43 50 3 61 32 0 93 37 95 60 74 0 97 60 94 90 29 44 60 32 7 32 78 13 35 22 84 84 51 54 52 16 96 75 92 11 15 9 84 41 28 15 30 65 67 82 59 82 42 63 56 35 25 22 24 38 80 75 0 62 2 42 68 51 2 49 12 88 91 76 23 51 47 12 47 15 13 21 9 22 79 43 94 52 17 30 19 99 36 92 28 65 57 53 55 3 
73 61 31 47 85 67 15 52 30 14 29 32 83 60 78 95 6 48 76 15 15 56 86 47 50 28 22 63 92 30 20 72 57 18 10 28 69 52 71 93 55 75 73 78 41 28 14 22 89 35 61 72 3 9 65 94 68 68 25 14 30 83 16 62 10 89 40 87 2 71 51 20 39 71 38 36 6 24 71 53 1 48 34 19 48 37 68 56 8 15 78 53 53 0 74 41 51 97 37 60 34 81 28 47 2 71 48 98 19 89 23 6 13 58 46 32 76 27 56 77 92 2 16 67 91 11 66 73 73 59 17 99 63 69 49 85 63 35 15 75 72 38 82 95 39 58 5 75 29 76 68 69 74 48 35 58 97 81 48 26 72 47 85 8 74 72 6 45 84 10 52 29 77 92 6 38 89 67 19 56 36 19 85 45 82 98 28 45 11 21 85 64 48 56 80 3 75 94 8 5 23 37 98 67 66 83 33 46 49 58 53 67 81 33 33 11 14 20 46 28 88 80 84 16 33 7 62 16 26 50 34 8 49 79 86 49 90 78 46 35 37 99 2 48 0 38 54 44 69 73 37 87 77 49 1 44 98 11 60 0 71 61 48 26 94 25 11 79 87 22 70 13 77 45 54 92 80 57 32 85 82 42 77 54 75 58 1 77 88 37 25 81 41 22 54 67 30 87 29 81 
83 98 76 60 95 8 30 33 99 55 57 4 94 98 71 78 32 11 95 76 43 76 42 41 57 2 5 3 96 32 24 60 87 35 48 52 86 29 73 97 83 39 75 11 13 74 82 85 52 89 71 32 47 45 49 42 23 45 28 6 5 20 9 34 98 28 14 97 17 0 59 82 81 89 34 72 19 57 38 88 61 44 30 4 16 84 56 62 99 2 32 80 37 36 27 8 34 86 79 3 89 8 21 78 28 59 96 61 59 60 60 47 34 35 83 82 69 24 59 27 93 61 0 61 76 88 10 67 97 88 26 10 6 94 90 51 14 11 39 13 86 86 99 7 70 31 18 89 64 17 20 15 72 24 64 17 74 71 59 9 44 55 20 90 79 94 26 19 9 45 78 59 21 28 31 22 18 71 72 12 95 80 61 81 86 60 64 49 23 78 29 52 87 51 63 16 18 31 46 13 10 6 46 69 90 70 97 2 14 40 56 73 23 45 65 0 73 83 21 55 46 53 8 26 54 75 46 54 5 17 33 49 65 42 18 74 85 55 96 69 49 57 62 27 15 8 13 62 22 49 98 36 40 99 45 81 61 4 94 77 89 93 95 91 6 12 14 6 40 80 24 29 65 55 90 22 9 83 44 38 44 50 39 21 41 44 15 11 79 57 17 86 94 23 36 82 53 44 98 29 
21 68 6 69 92 70 89 78 7 81 58 48 37 53 97 40 81 5 90 30 29 55 34 12 8 90 57 89 13 48 47 71 66 0 25 93 79 13 50 11 54 32 19 96 15 2 3 23 0 26 35 65 55 65 9 90 59 7 17 85 47 65 16 29 13 12 29 17 94 69 10 69 94 24 52 66 51 46 69 97 5 38 77 24 17 24 82 18 78 73 5 31 67 86 70 61 74 99 27 44 93 29 16 1 43 7 8 27 65 41 16 21 77 66 72 67 99 80 78 59 30 49 4 3 5 33 88 60 63 45 17 24 84 62 60 53 85 14 4 93 1 18 11 21 96 53 4 2 0 52 93 77 19 83 90 89 81 10 90 86 94 95 70 56 30 39 82 70 7 44 10 29 87 82 98 56 14 8 50 53 78 33 69 99 85 46 39 34 66 90 44 64 89 81 39 21 76 9 63 65 70 42 36 20 6 12 65 82 19 59 85 24 39 26 64 87 36 70 84 88 54 25 95 80 70 26 82 49 94 28 30 80 66 91 10 92 59 25 49 55 34 21 42 71 12 4 73 0 19 8 20 24 23 2 34 92 62 11 46 85 68 23 55 93 59 85 58 58 2 16 61 63 21 74 83 99 8 50 45 98 83 8 71 31 70 18 93 86 60 75 7 57 74 62 55 42 17 48 70 15 
43 19 58 94 42 51 35 90 65 89 66 38 81 1 58 8 47 76 21 84 98 15 38 46 39 59 25 37 43 97 94 70 10 39 42 33 98 76 47 81 1 16 38 42 98 16 92 74 25 57 40 37 10 15 38 6 8 95 5 49 79 68 8 50 50 94 60 30 61 96 69 57 57 36 73 99 29 37 81 63 97 44 89 29 33 18 35 14 85 29 11 18 99 24 18 29 32 72 69 6 34 52 8 48 61 61 62 65 69 35 97 58 72 30 45 43 11 92 18 95 86 26 40 48 16 50 92 66 8 36 39 41 62 72 0 72 57 42 37 61 13 42 69 23 80 83 2 29 88 99 38 88 87 93 67 6 81 89 56 65 22 55 85 52 26 43 10 23 13 40 46 69 30 15 25 37 5 74 63 70 44 48 7 80 79 8 9 30 80 10 68 14 30 8 99 17 40 9 32 51 80 54 82 11 92 66 51 66 53 88 9 10 30 50 98 77 76 91 65 19 67 68 79 85 15 80 86 54 88 71 21 83 31 93 44 1 39 98 29 53 10 76 67 29 99 98 14 98 76 40 75 10 35 48 38 30 43 95 61 38 28 89 90 63 94 36 16 57 14 4 70 59 90 3 41 40 43 83 83 79 64 20 59 29 48 54 15 85 32 20 16 12 18 78 85 51 45 8 22 26 
31 35 79 94 19 4 47 85 22 79 66 36 80 42 82 45 2 49 16 98 91 28 23 90 20 11 77 55 84 69 67 24 40 0 22 15 82 24 14 9 32 90 45 37 15 87 87 86 65 86 37 5 44 66 67 47 64 51 35 67 62 90 99 94 62 99 29 30 78 46 45 84 72 10 39 98 15 14 95 17 76 44 37 55 2 23 76 55 87 55 18 95 85 16 76 50 85 87 88 63 1 63 24 87 80 52 53 15 10 85 4 28 44 92 68 10 67 26 20 22 24 98 50 91 43 62 72 35 0 76 49 87 89 39 48 56 94 27 61 4 85 40 92 17 77 53 14 83 89 12 85 88 85 85 83 63 81 89 34 93 41 8 26 88 7 81 56 97 23 28 58 25 12 24 15 74 59 12 52 39 73 24 66 57 12 76 62 31 94 28 27 32 70 40 59 4 67 2 64 80 46 46 72 58 46 57 71 25 38 9 17 20 79 11 72 65 54 86 62 64 4 88 85 60 56 27 50 85 5 57 5 43 13 27 60 96 33 98 6 92 1 39 77 88 82 1 85 84 27 24 51 44 45 12 30 18 39 42 97 1 76 39 18 53 6 39 69 81 35 48 43 1 74 26 93 18 16 21 3 14 51 21 94 8 74 57 22 76 59 56 56 35 54 51 23 14 18 11 79 39 
5 14 51 71 15 48 19 33 63 80 70 56 49 98 82 73 35 19 0 7 95 55 81 87 33 70 49 89 37 59 27 76 43 13 41 90 53 74 42 75 28 89 69 76 15 70 67 33 92 97 84 80 29 91 22 36 26 44 38 80 91 90 48 50 40 0 37 78 56 31 3 67 3 37 32 39 43 38 34 6 93 36 2 97 11 33 18 48 69 32 13 50 80 73 38 31 6 72 8 19 23 69 12 13 96 15 67 10 34 66 90 87 41 19 31 96 62 45 42 2 13 63 35 63 35 59 54 9 3 33 0 33 31 28 36 1 70 60 31 51 24 69 39 88 93 3 22 39 5 46 25 26 0 44 82 83 61 65 47 51 80 26 8 68 21 9 4 67 11 48 86 92 16 56 14 36 57 19 39 96 2 81 95 64 88 52 77 71 66 94 97 77 73 4 97 72 35 0 43 95 53 94 79 60 88 94 10 41 29 8 59 30 83 17 40 77 26 42 16 53 26 7 13 87 38 58 53 61 25 48 1 53 21 86 63 47 18 40 15 30 57 82 32 72 82 79 45 71 10 7 12 22 89 24 29 33 15 57 99 16 9 21 30 58 54 26 4 80 19 5 45 43 8 92 29 84 33 83 85 71 28 15 20 2 2 52 12 11 67 4 7 47 73 17 35 8 50 47 81 85 
43 30 13 68 8 67 55 97 76 0 0 17 51 41 41 22 87 24 19 5 7 84 26 99 43 18 23 84 91 32 83 17 46 42 90 81 27 42 68 3 89 31 27 66 4 65 17 32 98 99 4 11 71 49 51 17 13 32 22 83 47 30 77 64 83 26 81 35 94 90 31 62 50 59 93 20 35 12 42 58 95 90 50 73 47 62 50 75 79 96 29 83 4 36 43 50 84 94 12 0 56 62 25 66 9 64 22 1 72 78 16 86 8 68 33 56 43 59 12 51 11 29 63 46 70 16 37 95 11 77 41 61 83 47 36 39 16 16 67 43 3 34 17 70 68 98 58 34 82 17 60 48 44 48 40 82 43 11 28 84 65 0 56 23 93 76 35 73 28 73 39 32 64 25 3 29 10 95 92 0 49 20 70 41 17 25 5 17 34 4 63 35 81 46 67 32 27 86 63 21 68 51 50 67 46 3 45 47 39 8 27 63 76 60 27 68 43 19 97 58 46 83 67 33 1 52 52 58 45 57 14 73 34 27 33 32 94 59 56 39 63 1 56 13 15 67 89 0 66 51 48 97 64 78 42 95 67 81 47 79 59 4 87 46 88 28 55 22 4 61 59 23 94 65 94 92 74 48 3 41 70 64 22 38 64 58 2 99 60 54 50 29 5 24 30 29 31 80 40 87 
28 50 94 14 80 85 53 19 44 17 50 23 6 59 76 36 5 2 43 30 60 15 87 86 98 48 0 72 3 60 76 90 2 6 41 24 36 64 42 65 7 26 96 50 0 60 93 97 69 28 63 1 55 31 46 12 47 85 0 93 8 70 80 7 81 52 93 1 83 67 60 84 93 37 80 86 6 82 54 73 54 60 16 55 65 94 41 18 44 82 10 7 26 74 27 34 78 49 21 54 81 82 71 79 23 19 59 99 89 65 66 98 13 99 94 3 49 22 86 32 1 60 23 61 68 88 90 80 53 0 10 29 54 84 67 98 33 46 59 86 12 70 65 89 86 85 67 91 4 52 16 94 82 19 10 5 51 19 68 3 58 50 51 99 34 77 69 77 50 70 62 41 81 53 15 14 33 97 21 26 27 83 68 96 6 58 51 50 31 99 57 12 93 83 84 76 84 86 88 64 52 47 52 97 62 57 9 21 98 92 47 16 51 69 69 10 79 22 74 8 60 21 45 27 81 22 25 33 77 95 69 23 69 40 95 79 33 51 98 43 48 29 22 1 83 54 7 28 23 30 84 91 2 29 85 25 0 35 71 76 17 43 15 2 22 21 69 49 36 27 34 22 0 45 93 21 62 43 2 86 19 7 64 7 48 62 20 88 8 60 61 43 48 63 90 29 11 35 30 33 
20 67 58 24 94 52 24 80 99 60 67 5 94 84 7 32 67 81 26 58 54 10 79 72 82 42 22 17 63 38 76 21 68 46 41 91 22 97 55 82 43 56 41 19 70 2 20 74 59 37 72 49 41 8 22 1 67 25 0 24 56 53 53 71 34 26 83 53 60 72 39 31 42 4 28 49 13 8 19 73 32 7 53 67 23 48 96 97 54 16 71 28 84 49 17 6 8 64 45 49 39 42 71 59 16 71 57 60 16 23 0 33 58 58 29 59 74 62 24 28 32 42 83 87 32 33 2 46 83 71 82 38 13 15 27 71 56 46 87 70 55 75 4 95 84 47 85 92 55 63 99 61 93 19 73 7 4 54 22 14 23 48 46 62 16 34 60 61 56 72 38 9 26 99 14 93 56 90 35 80 46 34 99 62 65 57 8 78 55 35 0 28 60 58 14 76 73 88 1 99 42 22 59 91 13 72 62 65 60 90 58 22 83 97 43 62 43 53 84 74 63 73 5 75 29 82 93 84 27 5 90 47 83 56 25 14 83 77 21 9 49 43 55 62 50 17 96 25 65 98 26 46 22 4 84 71 4 63 19 74 44 84 52 35 47 25 40 89 61 39 78 63 47 71 92 96 54 0 1 48 33 38 17 65 81 7 61 32 27 66 52 82 70 1 82 25 73 37 5 76 
55 21 29 89 49 47 64 68 56 58 78 57 20 9 5 17 44 99 40 43 75 47 53 60 78 73 92 79 35 94 78 87 61 64 51 21 17 78 60 38 68 11 95 13 38 40 98 69 99 39 70 14 32 17 73 8 56 56 71 88 79 49 18 78 27 80 31 22 85 18 94 47 58 86 61 76 99 51 97 37 54 28 10 62 81 49 60 11 80 49 18 79 54 85 38 93 88 20 33 56 90 83 12 85 42 15 67 39 86 81 69 89 36 37 96 32 12 2 55 31 46 21 9 78 44 4 52 20 66 81 1 83 4 14 22 93 28 43 77 24 84 98 71 37 62 51 45 34 47 29 97 85 1 51 37 40 68 70 99 99 67 62 56 31 70 7 55 28 7 50 40 20 85 28 58 45 32 22 84 45 83 37 15 2 82 92 32 89 88 68 48 50 88 40 65 28 34 17 75 24 24 59 43 52 81 48 78 94 2 45 85 10 48 27 3 28 45 3 77 77 26 74 93 45 8 62 73 30 78 21 6 39 11 67 54 39 0 1 7 42 44 24 65 68 77 91 51 57 30 53 61 28 51 55 60 69 97 53 67 97 55 22 0 3 20 45 54 68 73 45 18 2 85 68 51 26 8 72 7 31 65 82 18 59 59 35 33 24 5 8 15 17 85 45 38 6 54 6 66 57 
70 68 10 67 6 97 83 26 47 10 13 80 65 5 95 88 90 64 94 59 9 0 97 14 28 41 60 79 38 65 58 25 29 79 43 43 7 66 14 3 3 34 11 75 31 43 52 0 16 12 17 43 33 41 2 9 11 51 36 69 85 83 15 88 91 82 42 56 76 8 71 97 56 32 0 40 83 27 90 12 44 43 6 22 25 14 97 88 99 7 64 46 89 28 23 29 68 32 90 44 85 63 94 76 58 44 77 14 29 94 24 38 91 10 59 94 17 80 98 36 29 28 71 53 34 71 25 62 39 78 31 97 93 10 71 76 24 4 97 55 61 87 46 92 37 56 2 6 96 6 94 6 67 94 10 54 26 96 30 34 58 27 74 18 14 69 31 97 80 39 44 30 95 59 29 88 34 51 22 18 67 65 56 81 89 11 64 61 19 57 36 26 43 76 54 26 78 1 49 39 16 95 66 27 62 34 52 4 74 52 4 9 90 40 96 76 73 36 9 34 59 15 10 80 19 44 99 59 6 10 46 2 61 12 4 14 83 79 43 50 44 9 55 73 9 52 75 9 65 56 17 49 40 41 4 41 46 44 69 32 2 35 84 50 15 88 93 76 30 66 7 72 77 62 83 17 92 65 96 91 82 77 89 67 11 13 11 85 51 44 49 81 25 29 9 79 77 8 98 11 
95 45 27 45 1 42 21 33 86 14 39 1 44 99 52 26 75 47 38 89 72 35 86 86 21 80 73 86 21 83 77 68 25 1 99 41 20 2 63 29 1 75 0 53 39 79 95 15 90 68 66 91 43 2 25 79 20 19 43 97 53 82 16 12 18 97 27 36 38 54 0 57 91 70 16 58 63 97 4 11 94 8 25 32 1 84 1 73 7 18 95 74 18 64 99 89 60 3 96 2 26 1 49 94 69 88 2 24 75 24 57 96 84 42 89 85 26 14 46 98 86 90 17 75 96 43 68 29 56 27 1 11 66 3 24 54 98 28 55 27 9 53 62 44 76 47 42 85 94 43 20 31 48 19 77 26 39 95 93 74 30 54 19 31 36 10 64 10 64 64 46 8 67 71 85 5 38 46 78 3 88 88 12 0 3 0 20 50 98 17 10 54 93 76 97 34 53 95 73 47 69 76 59 41 54 55 60 49 89 0 75 77 26 16 5 14 49 34 70 2 66 97 9 75 11 56 35 20 36 57 80 63 70 85 54 63 77 36 42 90 39 76 16 38 30 21 43 31 35 28 25 72 67 46 16 31 34 67 73 58 43 85 44 44 11 19 8 46 50 39 88 30 14 51 66 54 25 20 99 93 33 63 67 47 33 69 46 61 67 88 64 46 0 94 85 52 56 81 4 95 
19 80 9 16 95 9 68 56 39 55 40 54 62 30 19 47 96 89 12 21 66 40 7 50 5 50 52 37 85 80 38 44 37 62 81 12 82 73 6 78 67 58 94 20 36 58 82 56 92 59 53 83 75 18 10 32 88 81 20 25 37 99 87 95 56 82 77 30 62 76 80 15 47 52 54 14 81 19 39 26 92 86 5 67 89 55 94 26 17 8 93 66 33 31 34 82 0 27 27 66 77 53 67 32 81 82 3 36 82 88 46 73 73 35 97 9 62 95 90 90 34 71 71 51 49 3 11 3 64 6 26 64 85 85 86 87 42 88 53 37 39 86 39 13 47 30 19 29 60 85 10 54 45 37 15 24 13 92 95 25 46 54 95 48 31 91 6 77 42 29 80 23 76 4 35 26 62 50 25 59 40 49 75 45 96 27 81 45 9 74 37 43 76 64 52 30 83 0 2 26 92 57 89 73 33 75 93 93 69 64 95 83 45 20 83 19 69 56 83 86 36 4 5 55 59 83 8 99 93 43 30 27 78 49 7 55 73 38 49 92 90 67 72 66 37 66 49 3 49 29 35 71 52 74 39 56 35 52 67 61 32 98 90 70 50 37 31 50 9 10 20 37 83 44 92 90 66 3 26 55 55 42 76 8 95 22 96 6 80 67 66 5 61 46 95 44 33 12 76 52 
77 11 65 34 9 38 87 16 66 77 16 94 13 78 74 49 62 85 75 97 37 83 32 36 56 9 0 74 51 23 62 10 97 4 24 29 32 14 50 93 59 55 98 44 17 13 26 67 64 50 89 57 59 77 57 40 17 51 41 11 0 5 29 84 45 89 82 60 84 96 36 11 53 99 29 26 96 84 55 44 39 71 57 74 62 52 26 55 96 43 30 42 11 23 50 19 44 79 30 5 4 31 61 52 10 85 43 90 18 15 14 85 5 12 47 9 70 1 86 96 29 30 92 21 22 29 92 5 79 58 76 35 65 91 2 71 45 63 23 57 87 17 81 39 35 78 39 12 7 7 45 30 7 96 63 31 3 66 15 19 14 49 73 21 12 6 97 44 89 18 90 75 42 99 34 72 25 13 90 8 0 43 40 75 43 36 89 56 95 35 76 86 37 17 80 1 54 57 17 94 67 17 50 29 93 57 9 66 19 36 67 50 15 9 34 94 65 46 96 12 41 95 58 77 88 38 41 10 10 27 19 95 83 61 82 33 18 42 4 51 17 40 50 56 86 92 87 67 93 3 87 78 27 94 41 79 58 87 72 52 99 46 29 2 33 29 46 69 34 66 77 9 6 60 32 44 50 5 19 26 95 55 11 5 31 38 98 34 61 88 6 27 76 38 66 83 60 39 47 15 
61 98 19 67 91 1 80 32 15 51 15 47 94 89 27 2 79 25 95 25 95 34 82 67 66 88 75 94 1 47 32 85 86 62 43 69 64 46 42 2 24 23 82 58 67 34 7 82 25 39 67 88 13 93 89 40 33 0 31 35 9 90 61 22 3 41 60 7 73 16 11 36 91 40 29 35 10 93 31 89 62 61 67 7 55 76 90 75 73 69 2 91 53 72 74 69 38 8 10 93 46 75 90 48 66 11 50 70 7 11 64 31 21 59 85 50 76 64 61 2 90 83 52 60 96 40 20 4 24 94 25 15 38 58 95 17 2 99 80 72 94 72 41 53 36 24 32 97 58 81 58 50 87 88 42 59 17 51 95 66 61 20 2 49 19 77 19 55 23 97 4 95 90 67 82 93 9 40 21 48 63 57 78 16 5 50 23 84 11 64 69 63 89 98 28 15 47 50 64 6 52 49 40 12 41 60 80 25 45 81 18 83 76 67 32 58 56 61 11 84 67 84 28 99 47 63 24 85 99 66 85 14 55 94 35 12 73 93 42 87 88 44 58 30 69 53 76 2 20 6 83 53 89 19 67 14 12 7 1 47 6 28 71 19 62 93 29 29 35 11 20 17 82 52 66 1 65 68 43 6 49 24 10 69 1 20 26 12 33 15 99 70 22 6 32 97 10 97 91 85 
94 37 43 17 10 83 32 57 42 7 12 28 94 12 24 59 83 11 58 93 59 95 54 4 45 16 83 20 3 19 84 47 40 96 86 25 57 5 71 72 30 71 3 91 81 26 54 98 30 25 26 30 77 78 31 18 4 11 52 97 49 54 0 30 79 59 33 40 80 47 27 8 46 31 20 83 68 77 55 44 96 66 71 85 10 53 21 61 39 19 48 94 27 31 91 68 40 68 49 98 33 93 41 67 94 40 76 56 52 34 43 72 83 81 79 27 85 0 44 63 14 11 54 84 18 94 6 44 35 71 76 95 12 18 12 11 61 17 26 65 32 24 98 38 48 91 16 89 63 53 81 74 13 60 34 4 74 18 88 18 0 61 69 63 83 19 36 6 93 95 7 96 78 64 93 78 34 55 90 33 12 43 43 89 3 85 29 52 15 96 74 6 87 2 89 34 12 87 38 78 16 10 66 32 96 30 95 48 75 42 87 89 0 52 66 20 41 43 26 98 97 83 95 36 35 65 50 68 5 67 68 94 83 5 27 90 27 85 69 16 49 28 9 87 99 57 50 94 71 65 21 73 84 56 79 16 5 63 3 29 32 98 41 6 26 33 26 84 51 85 6 34 29 28 64 53 84 57 88 21 53 24 23 8 35 14 14 42 46 16 48 9 5 73 62 50 37 53 80 63 
16 11 22 38 71 67 6 82 68 41 71 28 71 0 87 37 19 18 85 54 51 50 98 36 38 80 37 74 88 98 48 7 6 99 1 76 83 40 37 66 31 56 48 55 56 76 77 19 72 83 35 45 11 0 8 35 14 58 61 78 42 7 99 29 76 44 84 12 61 88 0 60 25 7 30 58 34 48 38 18 2 15 5 85 97 40 43 60 84 8 63 42 80 29 83 71 51 31 42 31 20 86 20 58 38 89 57 77 11 86 20 26 49 43 93 31 0 87 81 5 5 21 25 98 70 51 94 47 59 68 71 59 97 55 96 15 93 55 29 1 48 95 30 39 60 57 97 56 33 28 48 56 37 78 2 90 0 71 4 63 64 21 0 78 12 54 40 51 20 81 79 64 24 94 5 13 85 33 9 10 60 95 12 35 76 50 99 83 78 22 95 29 98 81 16 46 41 84 76 23 13 34 94 87 77 37 39 8 74 74 11 31 33 94 15 28 17 66 90 15 63 82 65 51 0 62 35 41 12 21 73 45 41 71 94 39 25 88 31 12 83 73 85 2 55 99 19 21 33 46 6 83 68 3 17 3 76 69 2 90 4 44 78 6 40 7 28 2 41 52 25 81 38 14 38 90 20 98 91 65 61 33 11 28 29 40 4 56 36 29 88 0 86 10 16 22 49 47 3 78 
53 41 14 4 66 36 43 45 38 48 80 44 6 95 58 72 98 94 21 14 25 31 61 61 14 14 21 10 46 22 55 45 41 38 97 99 66 3 27 66 70 85 9 38 83 89 34 89 15 5 76 13 94 14 82 80 92 61 43 84 9 17 17 37 5 40 55 88 71 72 18 65 3 48 82 31 39 99 15 2 40 16 54 89 97 83 9 77 16 62 74 26 87 12 48 64 28 10 46 53 85 23 5 6 39 17 15 35 89 96 9 14 16 83 85 42 20 25 93 24 66 66 84 82 67 6 0 92 51 25 72 80 84 23 66 33 68 50 1 98 90 45 85 11 12 67 79 72 57 93 79 73 5 69 23 30 71 24 26 28 34 64 48 15 43 69 16 6 68 72 43 28 30 98 7 96 80 36 20 11 69 23 77 92 90 34 82 49 58 17 1 68 89 84 99 76 44 8 56 37 1 58 58 73 37 34 65 53 56 33 75 91 55 78 22 33 25 1 70 14 87 90 65 52 80 81 28 10 69 53 56 82 48 14 40 5 75 21 77 14 35 75 52 9 18 79 10 97 38 20 34 3 59 74 82 40 26 58 51 29 71 0 75 17 12 92 28 37 75 84 94 63 27 49 39 91 93 37 34 62 4 8 2 55 74 90 85 36 65 91 29 77 74 72 37 99 51 85 71 39 
75 75 89 32 30 56 69 2 90 21 49 61 61 64 47 78 3 17 93 64 55 66 65 33 69 17 59 30 39 57 67 53 13 33 0 65 61 0 17 67 19 22 36 75 55 90 88 44 88 24 59 28 41 8 43 8 54 72 88 68 37 15 19 49 66 23 25 26 60 92 7 12 60 57 69 98 95 26 85 25 39 71 61 17 18 16 23 7 59 65 96 15 93 4 15 1 45 32 60 60 82 85 72 95 99 66 22 76 5 93 78 57 69 73 10 97 40 96 78 7 21 15 88 57 11 47 47 75 0 73 24 61 73 74 91 75 23 12 27 67 28 47 56 44 30 7 3 21 9 28 91 48 12 99 91 60 42 5 28 9 81 50 33 70 95 24 84 71 19 51 78 81 98 19 46 87 74 68 42 58 82 33 58 34 40 49 97 10 64 45 74 38 45 22 67 80 65 78 56 9 16 28 97 77 29 81 56 20 57 81 50 54 3 75 88 38 16 56 95 6 35 44 47 94 16 6 63 66 87 17 81 40 42 79 35 95 62 83 7 8 74 57 79 43 68 53 96 62 22 68 96 28 36 86 93 77 54 45 24 47 85 64 90 52 33 64 5 22 85 7 62 52 86 1 46 39 93 12 47 75 40 90 12 8 3 94 63 83 59 35 10 65 98 16 12 29 88 65 46 0 
10 49 65 82 25 73 25 4 81 35 15 14 95 18 79 90 19 33 22 44 62 2 45 7 59 9 65 55 48 61 58 80 32 78 69 60 63 24 91 17 21 79 18 9 6 39 62 38 62 74 81 24 36 92 82 8 16 22 72 14 22 46 5 66 69 69 73 48 3 94 5 6 89 75 23 30 71 30 24 28 54 30 60 47 21 73 1 22 5 72 70 22 88 44 80 11 23 71 53 76 87 21 97 47 13 96 3 72 52 90 18 52 44 52 91 45 93 74 8 48 46 86 73 92 26 69 66 13 83 8 66 35 61 22 22 64 77 54 13 35 15 48 95 54 64 37 87 74 0 83 41 38 51 97 75 38 58 22 12 89 61 43 11 85 6 16 65 1 80 4 85 78 98 84 31 90 66 84 35 27 57 39 63 88 11 76 12 73 2 34 92 39 48 81 64 50 74 37 1 14 12 70 28 67 37 69 34 1 21 34 35 62 18 42 67 82 43 40 34 74 52 54 12 76 97 1 17 54 85 81 38 7 47 90 97 93 46 3 5 41 90 39 68 1 37 86 7 16 47 76 35 19 34 93 36 98 9 88 3 85 62 69 44 36 46 69 92 84 36 40 39 16 85 18 21 66 75 80 97 3 79 81 55 82 45 49 54 83 38 70 33 99 3 9 16 5 88 26 57 32 
54 89 60 12 2 36 30 79 59 67 17 69 11 23 40 73 52 78 92 25 93 78 68 84 2 68 77 99 11 83 81 62 21 89 21 31 29 64 8 58 91 73 2 59 38 45 88 98 61 97 98 2 1 88 39 24 60 71 79 20 65 68 31 96 57 29 1 23 34 79 78 57 37 86 52 34 41 32 39 64 42 42 82 4 12 49 62 71 12 65 3 17 59 22 88 55 89 96 8 58 76 69 44 27 2 15 95 32 52 75 7 75 8 40 82 9 24 49 93 9 36 23 24 59 53 57 38 95 43 60 46 83 32 57 86 16 94 28 56 47 59 39 26 2 3 48 1 40 26 51 37 23 70 40 46 92 27 88 19 5 85 89 12 30 34 43 29 76 25 16 82 17 34 64 67 15 79 5 0 1 26 60 41 59 95 37 66 14 45 44 11 99 16 36 34 79 98 36 77 19 43 28 21 64 37 29 83 49 51 48 34 48 16 52 29 99 27 26 11 72 62 92 36 67 40 49 30 94 28 16 44 61 31 3 45 59 47 54 5 72 13 0 23 17 75 78 42 89 86 74 1 94 83 37 32 55 65 63 18 51 79 38 24 46 10 6 91 53 29 68 73 84 55 10 48 64 40 30 59 75 28 37 21 23 0 30 47 17 67 39 73 46 96 99 20 86 4 88 54 52 
3 39 75 50 38 50 79 21 28 9 8 0 8 68 78 89 93 92 71 96 25 60 67 55 75 66 16 25 73 62 59 71 41 42 8 0 62 83 54 72 44 55 94 75 24 39 80 31 26 19 42 43 24 3 1 2 64 52 73 7 13 64 93 10 34 62 15 31 94 62 73 53 51 79 68 42 74 14 59 73 18 46 43 36 84 0 70 63 35 41 30 73 91 85 36 85 96 86 84 8 40 66 59 77 92 6 54 76 90 79 44 91 75 85 67 54 61 6 63 27 39 24 36 29 76 10 96 28 21 47 48 21 6 64 64 42 98 63 96 17 14 49 26 73 51 22 17 73 15 69 62 32 22 65 85 17 41 42 46 20 30 17 50 35 5 79 72 62 90 51 75 37 85 22 54 24 95 46 77 5 5 59 49 0 78 5 87 39 95 50 17 87 59 7 10 39 49 28 60 31 40 49 22 8 78 63 42 62 34 92 75 58 68 5 32 33 88 92 57 37 85 53 2 42 99 70 65 28 57 19 63 95 72 7 10 34 10 51 64 92 22 98 16 72 36 26 9 53 87 77 60 77 90 64 55 45 28 33 58 21 15 83 17 12 30 46 90 83 97 94 56 99 93 44 51 88 17 63 14 90 97 57 3 97 65 19 94 73 76 29 45 12 13 72 15 28 45 36 94 60 
91 94 81 49 40 19 9 44 51 19 71 66 24 68 38 96 95 45 63 84 92 1 95 20 12 0 11 98 3 13 94 27 83 37 30 92 71 19 96 45 82 48 98 76 97 17 62 10 8 58 0 52 48 62 19 33 40 36 92 29 6 56 79 21 67 35 58 58 50 43 98 28 93 66 77 4 64 88 50 3 64 35 75 31 32 3 41 39 65 7 99 79 47 22 12 39 37 93 46 97 61 36 79 27 1 78 19 45 57 38 90 39 26 8 48 63 87 21 65 86 54 63 10 51 65 34 69 79 94 38 36 3 71 81 9 79 26 16 93 81 64 99 46 50 96 32 9 67 10 52 36 62 49 12 24 1 62 97 71 71 6 87 68 90 37 35 46 85 60 95 98 71 56 42 95 64 44 88 12 79 49 7 81 15 56 19 38 29 52 51 49 42 12 52 4 85 35 97 18 8 62 96 94 96 63 48 24 77 79 12 0 18 8 70 69 93 88 40 75 23 4 47 47 55 54 28 42 96 61 72 35 15 30 51 37 78 95 0 34 49 41 99 86 86 7 71 46 80 61 22 23 16 10 74 22 36 10 40 1 51 63 40 83 36 30 86 44 94 52 27 99 72 14 33 1 98 54 4 74 20 58 33 26 22 10 95 36 44 61 35 34 90 8 52 93 34 99 16 26 68 
20 97 45 7 77 59 13 22 12 13 57 94 37 3 97 10 0 83 40 3 27 18 16 37 86 4 78 37 77 15 55 41 6 17 4 40 51 9 78 71 30 11 42 44 84 50 71 24 63 49 51 5 28 85 23 96 3 98 25 41 71 80 32 67 33 35 87 33 60 38 53 7 40 53 25 16 32 14 12 65 68 46 39 70 19 19 87 23 56 39 98 2 31 98 88 51 14 77 18 36 96 31 17 11 98 68 10 84 41 64 81 75 3 33 15 54 65 96 73 23 56 14 9 16 35 45 11 46 81 4 65 75 87 24 83 11 12 92 81 26 46 55 33 16 76 11 72 77 94 54 4 46 73 9 15 71 4 95 22 55 86 55 40 32 65 11 53 52 73 0 67 45 53 68 16 99 15 88 8 59 74 46 32 93 93 88 83 91 26 2 0 61 64 72 36 29 33 15 61 56 30 13 40 16 32 43 75 15 99 79 73 84 41 91 6 85 89 24 26 1 93 18 85 34 9 43 21 49 60 78 3 68 83 86 82 77 28 39 49 6 33 5 59 5 35 90 65 84 57 61 30 51 32 52 50 53 31 93 41 8 58 33 33 77 52 52 27 67 21 45 38 63 69 97 65 68 99 10 81 8 73 18 1 30 9 99 90 18 59 22 90 58 35 39 69 58 77 83 46 86 
27 68 38 26 47 24 75 58 78 1 51 51 73 20 51 91 58 85 33 8 12 69 3 43 6 13 91 30 18 26 92 70 98 77 6 47 95 65 81 88 24 75 2 31 8 2 2 52 16 83 31 21 60 50 97 47 57 58 37 99 18 1 96 55 89 96 25 98 93 37 20 36 53 1 22 39 51 5 60 63 90 35 69 68 26 55 62 46 6 39 77 52 46 37 30 5 93 40 44 99 72 0 74 84 89 3 92 87 62 76 5 38 58 33 22 9 85 9 73 88 78 43 74 89 18 34 50 88 38 81 2 18 21 17 70 75 23 64 90 3 17 4 27 95 34 29 63 89 2 87 75 81 33 15 53 62 10 35 21 0 92 16 35 7 12 64 13 16 16 25 55 27 52 85 0 81 99 62 23 30 25 95 98 70 34 23 65 71 9 57 50 38 18 33 39 30 37 23 53 21 68 81 20 51 14 90 3 40 10 0 66 41 57 17 81 61 15 26 26 64 97 23 93 32 26 75 11 4 75 11 85 29 47 53 15 83 45 27 97 52 84 64 12 78 88 14 40 63 10 40 44 41 4 98 83 76 54 43 66 59 60 27 14 80 89 89 95 43 35 50 53 61 20 70 82 82 24 18 4 17 28 75 92 46 47 86 95 28 47 65 88 8 74 4 59 46 69 56 77 3 
61 48 87 75 76 21 87 71 62 0 80 57 9 25 65 11 66 98 53 18 53 87 54 16 58 21 80 99 65 46 75 51 86 24 27 6 22 78 67 51 50 41 84 93 33 46 92 12 48 55 22 0 56 52 67 57 4 60 85 43 23 12 63 24 32 80 14 58 88 60 91 72 24 28 81 24 47 51 27 10 75 84 81 36 7 90 27 61 87 46 95 15 60 26 77 36 97 0 95 7 83 44 22 36 3 22 78 53 73 43 20 15 73 17 86 77 99 22 63 35 41 78 69 13 64 87 79 24 42 69 35 57 14 29 52 62 29 26 27 82 97 47 83 85 27 32 6 14 24 59 62 70 48 92 20 42 90 52 63 5 43 51 72 81 27 72 2 46 96 17 92 78 76 51 86 26 41 75 52 1 46 6 76 76 81 6 62 98 99 97 81 73 96 45 61 81 0 57 50 3 53 43 82 73 74 58 99 96 71 2 48 25 29 22 82 72 96 1 97 82 20 29 15 14 49 32 27 59 22 19 43 67 64 27 16 31 86 5 18 33 60 10 30 2 45 56 54 98 69 44 1 24 51 72 7 55 73 23 48 17 77 54 82 13 84 70 95 16 14 11 29 23 69 71 79 52 65 51 95 42 31 65 24 54 28 79 97 40 25 47 74 89 57 52 33 73 87 7 26 92 
28 57 22 5 82 92 86 23 30 72 98 4 0 40 36 67 25 94 15 32 45 99 40 41 22 86 23 55 31 19 97 51 37 82 40 95 35 29 88 0 88 7 25 72 10 54 45 90 16 12 55 73 29 20 83 71 3 27 41 20 97 25 40 89 49 11 28 97 16 72 0 93 19 3 91 46 50 95 5 85 79 26 40 90 93 22 61 10 65 65 37 42 17 54 36 99 43 32 85 91 33 55 46 19 75 65 12 43 32 62 50 43 96 83 55 23 72 24 38 86 80 16 21 46 11 37 4 71 5 52 11 45 81 18 30 22 43 84 97 25 83 92 59 88 52 52 42 28 88 86 88 62 52 53 69 72 50 83 44 30 53 72 30 39 41 74 5 15 48 81 49 77 53 96 21 12 66 97 76 45 47 77 69 0 25 40 11 9 27 44 37 1 76 15 63 37 49 46 62 72 86 31 1 60 76 27 3 35 32 37 90 63 78 73 80 23 78 64 45 27 54 39 38 2 34 30 93 51 93 63 5 71 53 99 11 20 41 13 17 81 8 12 82 84 60 22 30 28 60 2 63 80 95 33 15 23 23 20 97 10 77 61 87 86 49 45 1 19 56 53 19 2 59 59 75 93 31 47 77 1 23 25 15 70 2 97 81 51 6 14 45 56 32 15 35 59 77 12 87 99 
16 87 14 50 53 34 21 27 41 12 87 67 55 58 15 83 47 76 27 69 21 68 3 50 35 78 21 61 46 40 47 54 3 32 81 45 58 52 69 36 99 22 40 50 16 16 39 50 85 53 89 31 70 89 35 1 22 5 97 64 33 26 19 91 15 76 76 72 81 86 58 86 97 21 91 34 65 76 53 23 29 89 80 20 98 77 27 31 45 65 92 40 80 54 38 66 9 82 4 45 0 31 92 91 83 60 76 44 68 2 59 29 43 52 59 16 13 62 97 46 12 62 81 56 7 68 65 87 25 87 12 13 25 8 72 17 89 67 75 62 59 81 48 54 11 13 30 3 30 53 93 37 15 75 49 82 0 34 23 73 23 3 61 57 41 61 21 74 34 44 45 42 43 93 9 57 69 89 73 93 67 93 53 71 97 24 91 54 45 79 32 98 14 13 17 24 32 57 27 60 23 61 57 98 60 76 21 18 40 99 17 66 78 11 79 38 95 6 51 2 71 49 36 14 35 41 34 25 21 21 7 86 52 2 23 16 53 87 64 97 33 8 97 34 20 62 34 73 25 89 81 27 38 16 44 87 71 24 35 38 34 4 71 76 29 88 35 75 4 13 74 38 80 51 66 73 53 56 11 24 27 80 14 93 78 14 59 2 60 66 61 74 97 79 58 42 22 83 66 23 
95 96 20 98 29 5 46 60 40 29 61 27 92 96 57 96 59 92 78 27 62 14 27 8 43 41 1 72 14 54 64 7 11 0 61 51 16 22 47 69 15 39 32 98 66 28 67 65 20 97 59 42 23 57 61 14 40 47 30 74 79 81 19 37 12 14 21 22 28 93 85 9 80 3 32 65 11 41 6 62 34 94 56 80 9 90 36 99 60 40 32 72 39 81 73 60 21 22 85 48 11 14 54 85 40 95 2 12 48 71 88 81 81 46 17 19 5 14 70 3 74 57 27 34 39 14 41 16 68 91 32 51 23 30 28 3 7 47 69 99 81 65 1 12 5 67 52 89 15 8 58 30 63 26 60 85 10 44 16 49 19 18 2 1 49 17 59 1 57 79 98 71 97 75 75 17 94 97 67 0 99 21 73 84 40 26 6 55 70 10 4 31 75 54 96 16 20 30 41 14 73 70 39 90 46 95 60 82 31 1 94 14 1 77 69 34 87 2 34 33 89 60 91 39 44 8 13 66 94 98 84 45 41 56 78 29 86 58 75 1 42 67 91 38 84 43 41 82 24 17 6 52 24 15 5 43 98 15 9 66 77 89 40 96 15 66 59 17 70 7 89 93 85 6 52 31 34 88 97 29 77 60 48 94 19 71 85 80 48 64 73 47 30 78 71 66 20 16 20 24 
34 56 49 46 25 55 56 67 21 27 58 8 68 78 16 25 2 95 15 55 11 71 16 95 33 49 87 55 51 13 31 8 2 93 11 12 93 73 52 69 2 81 87 49 30 40 20 91 25 31 27 70 72 7 18 37 22 27 75 59 38 90 52 8 81 51 44 11 59 45 79 41 20 9 60 85 95 74 6 90 55 97 62 59 80 69 80 53 81 76 0 10 15 70 73 11 36 98 62 27 29 10 37 3 41 80 66 45 31 99 45 33 49 47 39 24 66 8 68 39 85 99 4 4 88 34 48 19 15 13 23 8 12 37 23 59 11 70 68 24 10 88 2 48 15 49 54 63 85 69 76 39 60 77 10 69 95 17 20 19 54 12 31 38 20 78 95 93 3 94 78 17 75 40 4 11 17 40 84 7 36 87 28 77 52 29 15 65 80 48 2 79 41 25 33 65 1 48 39 73 5 8 17 50 3 48 7 14 3 67 15 87 52 87 71 98 25 16 97 53 25 79 25 47 20 81 89 2 39 16 3 83 93 78 84 82 11 23 28 65 40 16 82 1 37 16 17 24 37 6 79 55 77 85 57 23 82 23 35 27 57 77 94 20 31 73 91 5 80 38 45 88 18 80 58 76 63 83 6 28 55 38 61 64 23 35 54 87 12 97 56 85 44 84 84 66 30 8 94 43 
69 20 64 55 11 29 65 72 6 16 7 67 74 96 88 37 52 48 73 71 42 91 11 53 64 76 37 51 63 33 94 16 65 22 21 86 12 3 38 17 45 38 79 11 3 38 83 28 24 77 93 88 28 2 72 41 13 90 46 53 50 8 70 48 31 88 11 53 36 86 86 35 30 58 82 14 10 57 82 91 35 89 26 64 10 98 56 23 23 46 66 34 67 34 47 91 96 49 90 9 17 0 31 18 79 47 1 10 79 60 30 13 48 49 9 76 15 22 58 74 33 59 13 36 74 51 24 65 28 98 46 88 9 8 76 22 13 30 15 53 13 56 50 13 68 76 77 85 56 27 50 97 17 1 31 21 86 42 17 22 63 50 92 39 53 16 30 4 91 90 0 74 38 0 14 9 64 47 23 65 70 68 17 34 17 34 93 28 36 96 14 47 8 42 3 63 41 69 19 82 43 68 25 24 64 82 66 84 46 62 1 6 38 46 21 88 46 75 67 80 81 8 56 86 73 5 15 42 21 50 78 13 63 96 21 33 56 2 35 86 90 80 65 82 71 33 5 27 20 39 79 51 58 83 54 25 36 92 61 6 25 87 51 14 56 29 48 16 62 70 88 99 78 50 26 15 28 40 18 87 58 88 87 96 30 64 68 42 14 47 0 70 4 82 31 3 90 12 94 69 
21 63 74 35 60 43 25 8 52 23 26 36 17 82 42 19 76 36 35 51 59 5 52 26 99 73 21 98 41 48 40 68 23 71 88 6 26 24 61 48 44 43 36 74 90 70 25 72 63 58 6 98 26 90 33 85 70 8 33 14 84 66 97 77 42 26 98 24 30 13 34 37 56 36 68 33 3 24 42 91 76 64 37 93 41 88 88 9 61 44 96 66 1 81 70 4 43 28 88 33 64 21 33 26 28 41 55 78 88 39 64 93 55 23 37 47 66 0 88 41 4 76 76 4 42 38 57 74 10 19 19 78 30 16 13 15 15 11 4 3 15 3 20 44 60 21 21 67 98 29 34 69 18 42 92 3 92 32 56 29 42 54 30 29 90 91 18 20 67 1 4 73 54 30 4 93 2 10 49 63 73 93 21 1 41 83 69 11 75 56 23 90 97 23 5 31 82 98 60 5 10 76 85 17 47 50 67 5 15 18 61 42 26 36 5 93 63 53 45 72 82 90 73 98 49 91 5 57 12 40 76 51 65 8 61 25 4 23 25 90 17 15 10 8 3 95 38 18 29 76 3 62 11 69 54 39 95 97 69 9 21 50 97 84 36 8 20 91 73 34 23 81 45 44 55 33 42 98 65 26 70 52 72 89 60 90 38 51 15 22 17 61 56 51 83 53 46 96 60 41 
72 22 64 87 59 23 73 89 28 60 93 22 72 51 23 61 66 4 62 52 77 53 10 16 99 20 23 82 41 98 27 97 20 84 80 3 70 8 46 45 9 22 58 91 1 92 72 18 65 88 20 44 4 19 91 73 68 93 0 16 15 15 45 18 8 8 0 36 8 65 41 67 73 15 93 31 19 25 83 33 33 41 75 9 2 87 44 70 84 65 91 45 21 90 12 56 61 41 79 12 91 99 95 24 76 64 53 28 99 47 97 76 81 88 76 49 65 34 66 6 39 52 2 11 27 37 10 98 11 16 1 38 24 25 98 49 77 12 26 44 72 25 29 84 59 77 73 11 42 44 68 13 29 32 35 68 57 44 62 66 22 96 10 2 63 92 13 40 5 96 61 29 21 3 79 94 81 79 41 91 65 72 34 23 50 98 17 90 86 8 5 11 97 62 15 44 52 99 16 95 28 80 65 77 81 67 52 72 72 91 85 1 21 18 96 32 1 45 73 96 11 69 49 17 10 58 15 84 54 12 60 76 14 11 78 2 77 3 3 88 20 64 4 73 52 52 99 36 23 82 54 58 81 34 57 68 35 15 43 58 55 7 12 13 67 33 33 31 50 79 60 4 84 43 90 47 48 87 30 31 88 16 40 91 97 23 62 45 17 53 54 50 53 65 48 32 98 79 89 8 
93 32 36 22 65 63 31 51 90 78 54 77 72 41 40 33 50 30 14 30 39 21 0 28 41 78 56 63 16 5 34 89 25 9 14 37 60 49 80 61 78 15 81 67 23 73 88 67 47 84 4 68 19 55 97 44 95 9 37 29 5 91 20 50 80 64 94 13 7 17 80 34 64 2 69 59 56 58 51 89 83 64 4 40 11 50 86 27 74 31 35 54 49 75 92 15 12 22 20 78 10 38 4 8 87 12 18 42 93 93 18 84 39 80 63 56 73 91 38 59 32 19 4 30 68 20 89 56 95 53 13 92 15 76 18 40 4 61 70 77 20 4 79 46 51 20 8 93 67 86 17 37 99 62 82 13 53 44 12 61 58 97 72 15 33 20 20 3 64 40 19 14 98 3 49 56 71 49 11 28 22 33 84 6 0 52 12 55 34 24 24 35 48 6 42 7 11 14 34 79 60 10 65 11 22 98 36 6 75 3 89 36 5 59 26 60 43 56 18 12 37 91 49 60 99 66 78 92 70 93 78 42 83 42 18 87 58 48 81 77 90 89 69 88 90 10 59 45 55 14 37 4 67 5 39 41 65 76 48 58 98 18 98 39 32 17 72 25 40 41 15 91 61 60 59 26 79 23 96 84 50 43 80 47 23 16 43 27 88 74 64 29 86 5 69 73 34 50 63 47 
41 54 66 25 25 39 76 89 17 61 40 85 98 31 40 94 47 57 0 84 57 5 15 94 64 93 96 58 34 2 37 0 69 87 91 4 31 27 15 45 52 77 91 39 16 41 51 27 49 31 82 62 55 20 4 3 62 82 74 61 60 73 52 68 68 31 73 99 22 95 84 98 32 46 14 20 48 10 31 60 43 20 86 23 81 79 11 77 13 25 31 94 64 70 79 31 86 3 24 65 57 56 35 84 8 37 63 15 86 49 4 75 7 36 38 49 54 84 93 69 57 38 88 53 50 74 67 37 38 74 53 8 47 98 33 3 6 73 25 28 77 75 40 86 97 80 61 99 79 73 85 94 66 88 91 18 73 40 6 98 81 9 59 47 93 48 85 23 48 3 77 11 54 48 21 35 35 80 36 53 85 94 3 67 52 36 55 81 10 97 38 58 39 27 74 50 79 75 44 40 99 67 61 0 70 67 43 4 11 47 73 3 81 72 72 6 94 33 81 86 25 48 11 97 36 41 55 1 45 54 8 54 55 60 48 79 31 73 40 0 23 26 79 25 66 66 63 22 41 88 71 25 66 70 84 56 4 51 20 68 14 2 55 61 19 71 66 49 97 77 66 67 33 76 87 43 58 50 88 63 49 33 20 39 37 14 29 9 42 84 20 99 68 42 37 58 29 75 44 56 
46 4 80 44 10 22 24 97 31 65 11 40 6 91 48 82 25 73 66 66 20 89 28 58 1 71 21 71 91 9 65 65 44 45 23 41 57 8 14 43 7 29 1 31 72 74 76 63 40 43 20 97 76 41 82 61 66 29 83 94 18 96 14 57 76 73 78 61 52 1 9 85 99 2 9 11 74 55 15 35 76 99 34 44 87 69 81 0 67 27 79 53 90 89 97 94 15 63 73 44 69 97 54 11 34 16 96 24 13 30 73 0 50 54 24 41 32 96 17 23 95 17 41 74 58 92 88 54 50 32 84 27 89 78 24 90 2 41 33 11 26 14 51 12 61 95 87 94 93 67 15 23 28 61 82 80 8 4 86 95 28 4 28 12 96 17 87 40 1 96 4 10 14 52 12 6 99 51 30 37 20 85 54 42 28 24 94 58 30 45 20 63 79 78 68 32 78 49 40 94 25 31 5 94 88 44 16 29 70 22 5 72 70 79 46 6 80 17 39 34 85 28 9 13 89 59 81 91 22 59 10 37 15 10 77 67 59 81 48 51 36 19 44 66 35 97 32 53 20 86 35 27 69 57 73 53 92 94 17 54 90 30 81 31 70 35 3 2 74 75 23 51 10 90 88 83 7 14 79 9 36 87 69 21 82 56 89 7 81 36 42 19 44 96 70 26 37 47 47 97 
86 67 17 93 59 28 24 23 54 63 47 76 7 17 78 4 91 43 64 43 31 80 0 52 49 85 52 17 87 33 86 58 47 21 66 57 6 97 17 14 71 99 29 44 94 47 9 60 38 93 66 85 76 59 41 79 9 50 31 16 9 46 35 47 17 20 39 71 86 0 10 88 67 71 76 84 46 23 54 37 97 4 59 69 94 17 67 66 95 31 8 50 12 21 94 2 19 9 27 47 97 86 91 5 14 47 0 44 32 58 81 19 13 32 0 11 58 69 21 72 17 27 42 97 89 96 72 50 55 23 19 41 49 70 92 26 56 22 10 28 75 51 75 86 2 91 40 79 24 39 24 24 17 31 89 48 27 15 88 90 87 87 97 65 74 17 58 9 73 16 8 84 50 63 91 19 47 82 96 25 68 57 43 48 80 86 65 79 56 99 42 20 20 49 76 76 26 27 76 15 12 70 93 80 84 37 69 28 6 36 42 45 50 60 22 35 54 65 83 78 34 44 42 99 62 16 25 12 12 39 82 33 62 84 22 28 58 87 58 95 33 2 80 56 21 63 18 41 63 64 82 85 67 81 45 23 52 52 14 30 87 37 53 85 79 49 85 60 76 1 85 26 25 23 78 52 82 16 98 90 30 2 63 89 84 55 82 84 72 11 38 35 0 10 12 29 55 46 61 20 
90 40 22 67 46 33 94 79 89 11 74 2 48 19 56 24 64 13 66 74 36 70 53 45 47 90 95 51 18 46 94 5 8 8 18 56 28 52 50 99 82 85 2 33 50 52 51 79 77 12 52 85 97 0 80 30 80 45 15 37 36 78 25 57 89 48 36 71 10 65 62 90 25 10 19 99 33 57 68 55 9 16 72 6 11 90 98 8 2 21 27 42 40 62 17 69 82 77 48 15 97 8 72 75 29 69 72 21 4 49 54 66 66 96 6 59 2 95 15 13 75 37 3 45 71 41 66 18 88 54 39 59 33 44 22 29 63 82 17 49 34 1 17 50 9 96 79 33 97 85 99 60 5 51 56 36 69 83 61 90 56 44 4 77 98 90 79 78 84 83 27 32 98 9 25 17 17 70 58 81 30 92 19 13 25 63 77 26 14 46 53 63 65 18 51 36 8 25 36 93 93 38 13 19 45 92 46 1 57 43 55 21 99 5 30 88 19 82 70 31 85 11 54 56 70 57 32 72 15 82 52 62 89 59 35 56 55 94 5 80 48 82 31 39 77 72 57 13 22 88 15 99 68 21 37 72 18 49 12 53 42 84 43 89 51 31 98 93 16 84 90 84 63 60 85 85 3 60 11 0 60 68 9 42 81 34 5 1 74 21 30 79 14 16 57 94 10 13 49 4 
16 54 83 56 95 60 33 41 55 30 72 9 39 87 87 4 49 74 86 42 26 74 75 15 27 82 35 13 87 70 84 71 78 19 94 56 53 4 0 90 47 33 76 84 92 80 66 30 0 18 72 47 78 51 10 91 13 77 44 94 22 78 40 69 67 52 30 60 40 20 25 11 29 46 60 17 67 24 4 62 62 34 84 84 21 69 79 4 71 58 85 6 7 48 0 6 79 52 24 60 71 13 20 18 19 65 15 80 67 3 43 41 2 49 69 33 1 83 34 18 43 0 81 63 53 37 92 57 50 72 71 60 85 59 14 90 41 49 34 66 46 76 67 44 57 79 68 26 16 26 44 26 67 4 52 30 62 4 89 64 52 23 59 84 39 77 9 3 89 42 63 77 82 76 2 41 31 98 20 43 83 2 84 22 56 65 14 20 16 54 41 30 88 42 8 4 13 24 92 33 57 18 20 71 68 6 22 38 36 35 21 80 6 22 42 0 22 64 76 27 56 31 10 96 8 57 63 73 3 67 20 24 79 2 9 82 52 82 47 73 16 81 67 50 44 6 87 83 17 41 77 65 6 82 40 96 54 47 99 93 60 11 35 48 21 49 32 96 38 58 3 84 87 46 79 11 7 84 62 62 28 95 49 92 9 99 46 35 79 57 84 49 21 72 20 81 24 32 87 15 
45 28 0 38 32 2 72 40 57 17 23 59 44 78 20 18 99 47 24 13 3 50 15 10 11 69 3 60 95 22 66 89 15 60 57 34 8 74 58 62 47 20 6 65 26 72 11 34 58 34 18 66 81 83 19 22 4 30 25 23 48 5 19 85 74 31 71 10 39 46 78 83 45 2 56 64 35 10 42 48 23 71 81 59 74 67 80 87 96 25 69 39 93 65 64 15 39 25 49 97 21 61 63 29 75 90 64 43 74 87 55 47 54 79 8 90 79 39 15 15 41 63 35 81 51 40 8 79 74 97 47 91 49 84 9 3 44 78 99 88 10 53 92 37 59 18 11 57 26 27 99 40 5 63 28 79 10 59 24 21 66 79 62 24 93 2 9 24 17 70 8 19 82 48 88 73 1 23 43 90 51 50 36 5 78 78 35 71 58 8 75 37 57 77 36 92 55 32 46 98 11 12 15 82 99 73 72 23 66 2 35 51 28 81 27 70 70 11 20 20 91 99 57 3 5 36 59 55 76 41 32 44 59 21 24 26 41 16 66 8 88 72 31 35 32 87 30 47 73 64 92 57 72 0 90 15 91 43 63 10 0 94 11 94 84 24 16 67 88 56 61 58 56 57 88 33 6 25 4 60 73 17 38 16 66 65 91 45 47 56 91 79 38 39 84 32 61 18 50 85 
92 29 66 26 14 20 37 7 67 74 62 85 37 91 90 24 45 49 39 17 25 79 99 23 44 55 82 58 17 46 99 93 40 33 27 76 89 98 22 80 99 7 18 42 84 46 57 77 81 54 6 8 96 85 87 99 0 7 66 52 69 22 9 33 25 50 11 89 67 38 35 76 89 51 11 7 59 49 61 35 50 45 93 4 89 58 68 97 99 50 55 78 17 98 10 51 75 56 18 95 46 25 41 83 95 27 42 0 54 9 37 58 31 77 63 75 13 85 97 71 97 69 29 49 49 39 6 21 18 84 9 40 51 86 87 57 11 75 41 57 85 9 58 38 73 26 72 43 33 99 10 43 58 67 68 59 5 81 79 53 58 25 3 50 54 54 30 50 34 98 98 67 51 38 18 67 28 30 41 10 36 67 52 99 45 73 9 85 80 67 59 53 62 24 84 71 50 37 73 18 32 53 33 60 5 28 80 33 52 79 81 26 25 70 82 26 64 38 51 88 19 46 17 27 72 89 29 93 89 50 92 10 41 19 92 57 24 82 92 60 69 25 68 93 91 59 68 39 17 44 90 6 59 45 42 14 98 79 77 94 37 82 83 76 33 5 17 23 66 76 11 69 75 9 71 26 11 27 90 24 45 20 47 33 49 61 25 18 85 83 96 61 47 96 79 1 19 38 80 72 
75 68 4 46 33 95 89 57 17 74 41 28 28 92 41 7 64 33 74 75 16 40 46 2 95 29 31 34 44 39 75 38 21 11 51 77 12 70 14 98 25 39 92 35 77 44 48 50 99 10 78 21 45 55 20 37 41 24 27 53 92 20 32 96 22 44 45 80 48 14 34 81 71 71 56 89 14 47 45 1 29 76 63 88 26 84 33 38 96 34 76 40 15 80 39 78 52 36 85 73 17 32 30 82 14 25 60 38 89 98 99 43 23 94 39 44 20 42 34 57 29 51 89 5 0 80 74 27 1 74 55 70 94 16 13 29 95 98 76 26 27 85 38 82 65 33 62 21 87 1 62 62 61 74 30 62 9 67 51 69 81 76 80 21 29 86 56 98 10 57 52 98 56 51 90 33 27 32 59 51 27 90 21 5 94 8 68 86 0 13 9 47 26 38 63 73 68 13 58 49 11 15 49 28 3 32 72 96 68 12 74 63 40 33 7 50 88 36 53 53 74 20 81 53 19 65 52 38 32 65 79 22 98 87 74 93 38 53 67 55 34 92 95 87 97 37 13 50 25 79 48 3 31 6 93 91 67 1 8 28 13 99 43 74 94 66 75 66 95 66 16 6 55 73 23 48 75 71 26 99 35 64 90 44 75 83 72 53 59 97 2 87 34 27 35 75 9 52 49 53 
47 10 22 65 16 91 65 43 50 63 26 10 72 28 65 48 81 20 67 76 7 10 50 59 93 88 66 14 69 48 35 28 70 82 85 25 53 93 77 30 2 59 26 48 38 46 36 87 27 77 24 78 75 7 80 20 20 75 44 96 91 71 85 25 76 37 65 32 25 31 28 67 83 70 61 56 25 71 8 97 91 37 18 64 14 61 65 74 20 75 6 72 42 40 28 18 80 56 83 79 10 98 29 45 12 22 31 25 47 59 99 82 26 41 49 87 61 52 20 65 29 97 79 9 44 16 71 6 36 7 22 11 70 62 0 51 15 40 33 69 98 9 75 42 83 88 18 9 41 35 77 97 23 40 23 25 3 34 34 92 30 17 94 82 22 31 78 11 14 35 18 43 0 26 44 13 88 67 80 52 28 70 73 7 13 29 90 51 49 71 14 42 19 2 4 38 70 19 41 76 10 76 74 86 87 57 57 28 31 89 23 10 86 63 63 33 48 80 29 71 60 11 86 55 34 40 87 97 70 85 16 66 98 22 10 24 84 87 78 17 9 59 96 33 65 51 40 76 13 96 84 80 72 9 70 63 37 60 3 33 65 55 0 33 52 58 0 60 34 79 51 78 90 5 74 15 35 57 14 41 26 5 89 24 71 98 98 62 30 21 45 1 16 1 11 61 74 91 47 82 
35 34 97 41 74 10 61 70 18 66 3 91 11 65 78 34 95 81 79 48 51 33 64 37 76 69 40 34 9 54 12 58 1 28 47 68 33 82 58 25 56 81 6 25 66 81 78 19 74 39 36 17 70 68 72 24 10 8 87 0 33 3 21 8 5 8 45 22 10 23 55 56 77 72 64 45 17 92 77 37 86 91 66 62 68 55 77 32 41 80 37 8 30 17 93 33 67 98 79 58 51 54 47 23 31 83 64 46 65 20 92 65 96 98 15 9 56 78 16 44 80 49 49 4 84 65 40 15 99 32 82 74 2 90 11 66 53 71 6 91 14 81 2 59 23 60 37 83 52 80 88 92 18 23 92 65 82 10 7 51 61 43 33 57 47 1 97 41 98 28 99 42 36 16 12 28 9 52 0 77 6 25 50 56 4 81 16 72 50 69 29 25 68 14 21 67 44 83 76 88 71 21 30 26 75 21 88 26 76 90 14 77 43 75 89 37 42 47 47 67 82 85 71 66 25 26 13 24 48 21 48 63 4 27 99 3 42 83 96 90 37 63 5 41 23 7 21 9 16 82 61 60 6 91 27 52 84 10 89 84 86 59 78 35 9 93 18 65 87 15 92 41 56 67 73 87 6 28 90 69 70 22 36 25 60 43 51 13 21 32 37 67 91 96 89 22 53 12 76 37 
28 84 26 82 21 9 96 5 91 32 33 94 95 78 70 36 47 88 26 24 32 65 94 93 27 24 34 93 89 12 40 41 54 51 80 28 99 30 68 46 47 39 17 10 41 99 35 0 38 98 97 76 96 24 7 47 98 25 91 33 94 64 55 34 56 31 30 49 52 18 88 93 47 26 70 58 38 44 49 21 10 70 3 79 14 65 1 11 79 69 38 40 58 12 11 68 64 33 42 60 86 32 41 64 97 29 81 31 74 46 42 2 11 20 8 24 43 18 10 70 44 20 11 64 29 78 10 0 40 21 18 24 2 36 14 42 41 3 1 0 23 8 53 81 57 28 45 15 52 20 84 73 7 99 8 67 73 51 0 80 53 50 81 91 16 7 47 7 29 33 74 84 44 79 3 93 99 92 1 8 72 82 15 98 85 81 87 31 8 2 35 94 7 32 20 88 63 57 21 7 43 22 9 93 48 79 86 6 26 71 28 7 82 54 73 27 94 4 71 15 44 68 21 56 42 5 50 95 37 77 94 54 73 35 41 10 4 35 13 85 67 79 6 64 81 96 40 39 25 57 9 99 35 0 38 20 38 94 15 72 44 28 72 60 73 59 98 3 28 84 37 64 80 56 44 15 22 41 12 77 36 90 44 43 61 52 44 65 70 86 19 96 81 45 39 2 3 39 72 92 
60 65 88 72 97 0 9 76 45 29 23 19 89 11 48 87 24 52 77 38 59 55 63 57 32 41 86 22 29 11 16 41 91 63 9 73 56 28 34 83 10 39 59 72 49 16 90 23 39 73 52 85 57 65 42 96 32 32 21 29 50 98 45 34 35 69 20 64 59 87 41 49 28 60 15 12 16 59 28 91 77 91 62 53 20 73 44 5 3 9 92 32 1 85 36 3 86 12 90 71 16 42 20 4 65 87 96 47 62 19 20 15 31 89 46 18 40 95 22 89 55 72 96 1 55 79 55 92 65 32 26 23 1 24 19 29 7 57 85 13 62 98 86 31 13 60 84 56 48 98 87 66 81 95 40 10 88 77 5 33 8 40 52 77 99 11 80 89 91 78 14 50 25 56 37 59 51 3 40 11 73 47 47 10 97 55 72 29 12 2 43 2 6 88 1 60 89 43 41 90 9 69 87 30 99 11 13 4 64 91 87 55 87 25 71 71 39 75 93 96 10 31 27 96 37 5 84 27 97 21 70 30 73 18 57 85 68 68 18 16 89 72 72 29 94 77 54 51 27 49 74 78 99 36 4 53 31 23 57 36 41 65 57 48 46 26 55 87 52 62 81 28 51 65 28 39 70 34 88 1 68 45 67 43 68 8 18 35 5 85 89 42 18 18 96 3 81 33 21 69 
7 10 93 57 56 34 57 54 58 21 62 85 91 40 4 58 74 31 78 80 95 4 91 97 56 53 34 5 14 14 76 29 92 31 10 1 4 13 81 15 40 86 55 50 8 49 62 57 48 82 83 46 57 72 55 89 23 93 52 5 69 94 83 0 4 91 45 42 77 11 96 20 34 0 75 30 55 66 24 3 85 93 61 71 34 84 49 2 18 59 21 79 90 65 87 47 75 50 9 75 77 47 76 39 93 28 62 4 51 52 91 60 52 19 5 9 23 76 54 88 83 54 77 11 72 62 38 32 9 29 70 80 62 42 39 6 77 21 13 64 70 13 38 24 54 5 29 63 41 93 61 63 92 15 16 5 1 93 70 17 10 36 64 48 38 31 85 87 9 56 91 90 70 29 53 24 99 59 84 85 86 23 7 43 26 94 31 13 79 75 94 97 53 2 16 25 1 84 20 12 23 68 49 75 32 52 68 18 95 72 7 43 82 21 6 8 97 6 37 35 27 64 99 32 83 52 49 70 69 13 34 47 17 82 70 93 88 77 96 67 58 96 72 53 39 88 52 39 24 88 19 56 57 59 16 13 48 65 80 23 41 39 90 87 28 81 66 33 58 68 24 31 67 76 74 15 51 0 49 14 65 99 84 6 28 29 57 66 68 46 20 8 72 90 33 28 96 70 9 39 
13 38 52 99 12 76 6 9 31 0 12 78 6 60 68 66 26 53 79 14 63 91 9 97 71 65 82 30 28 81 36 64 46 67 61 93 15 55 54 67 83 80 1 76 44 10 3 1 17 52 80 13 56 51 15 11 66 41 5 53 74 65 6 46 70 10 38 71 33 26 69 65 59 33 88 82 11 18 50 53 58 49 43 51 9 2 67 88 37 33 46 89 80 71 11 71 15 32 51 51 29 60 92 68 35 31 89 6 70 40 64 88 21 49 89 48 52 13 24 45 83 98 62 94 31 98 72 9 97 4 49 55 37 54 97 50 2 81 69 87 63 23 25 44 69 56 88 25 18 40 2 87 61 0 84 28 51 39 32 78 26 3 87 2 23 28 15 72 10 36 32 96 60 71 45 19 84 53 51 32 10 98 18 60 76 42 61 44 64 13 67 45 88 80 1 8 60 25 6 43 25 87 96 43 38 14 65 84 32 29 38 86 38 60 11 2 22 36 79 64 97 57 82 25 96 64 40 24 56 78 63 85 31 31 23 27 45 37 85 31 2 47 86 3 40 54 53 23 11 67 76 41 15 7 71 16 14 19 94 0 55 46 1 72 6 75 20 88 29 19 31 32 66 44 42 68 34 35 41 57 45 63 32 96 55 14 65 33 58 20 2 83 73 9 32 59 5 0 8 58 
9 58 61 6 52 95 98 91 98 79 2 82 74 23 1 11 18 59 81 4 0 47 9 53 57 45 97 49 43 58 82 41 43 78 94 95 7 89 91 22 52 87 24 96 72 88 57 4 79 77 37 9 27 90 77 90 64 12 30 64 85 44 50 1 53 96 43 82 97 50 4 4 54 87 88 6 65 74 80 26 49 65 40 40 52 10 77 39 18 66 30 71 83 27 0 38 4 84 14 4 8 41 29 48 26 26 73 8 29 0 60 88 7 70 99 41 3 78 57 42 11 84 18 54 9 82 97 17 60 37 78 11 13 6 7 32 66 77 15 10 34 30 35 8 70 37 44 5 96 4 46 44 7 70 84 49 22 58 48 0 88 11 64 68 71 91 53 31 36 39 50 36 95 69 20 97 26 97 5 70 67 4 15 53 37 15 39 68 0 46 9 16 62 16 66 91 96 49 27 21 73 97 39 26 83 93 76 67 63 39 38 29 71 71 49 42 7 67 96 11 41 11 13 62 88 86 3 13 50 11 37 6 12 99 5 36 91 85 74 62 41 79 94 19 86 5 74 85 55 4 53 58 30 57 35 28 43 13 91 44 23 11 0 94 31 80 1 70 31 6 62 26 55 52 85 26 70 77 0 88 90 19 80 5 71 63 99 76 43 14 39 82 17 25 11 21 4 64 70 85 
31 87 36 99 39 19 51 24 40 0 43 53 23 71 37 97 87 81 70 28 3 96 18 37 56 6 11 27 12 4 20 79 10 1 1 57 59 35 28 95 63 29 65 18 72 70 11 92 56 72 95 78 45 24 60 3 22 10 19 12 7 40 55 5 37 96 76 72 55 73 13 77 29 93 8 18 87 52 50 35 76 36 94 81 59 18 62 22 41 36 63 80 9 35 4 64 5 59 54 84 69 69 98 17 76 91 91 89 57 46 34 83 96 48 72 56 70 57 79 52 35 89 19 64 5 82 26 6 88 18 9 98 80 45 33 82 2 36 79 62 6 0 68 78 52 57 4 93 10 10 59 68 6 48 8 62 25 57 41 29 50 10 27 16 67 84 4 22 17 76 79 71 30 57 87 42 36 19 50 11 11 36 14 90 11 34 93 7 95 99 98 11 9 43 4 76 83 56 50 64 57 34 11 79 25 50 51 14 87 97 78 30 41 88 21 26 93 74 50 64 16 32 3 54 31 0 15 8 48 58 44 24 76 43 7 86 58 98 52 13 38 59 69 98 39 6 11 60 50 5 32 64 24 77 99 65 42 74 43 18 18 9 17 94 44 74 12 52 2 86 43 45 38 86 46 67 82 89 17 64 32 98 6 98 90 42 15 40 48 61 23 68 56 22 29 54 59 72 77 74 
29 13 36 93 53 62 82 18 82 57 94 54 8 75 48 64 24 26 45 55 13 68 28 92 24 60 36 96 63 24 71 42 83 44 37 93 39 46 56 33 87 59 62 34 34 53 47 21 36 86 12 70 51 39 12 53 88 20 55 61 25 91 69 53 76 31 84 93 74 71 28 57 80 31 69 84 54 34 70 92 43 69 1 25 33 63 42 47 53 14 29 7 60 72 27 63 59 13 76 61 16 45 2 70 87 0 56 5 28 54 25 7 61 12 87 44 10 32 59 70 91 17 99 75 46 45 13 65 85 59 70 9 82 78 95 85 94 87 94 43 39 92 72 85 78 10 78 99 59 81 86 13 9 57 31 18 37 55 40 45 11 92 52 69 40 97 66 44 98 64 15 96 24 33 76 18 85 16 42 10 40 19 87 7 25 23 23 42 46 60 95 29 26 93 40 54 42 28 87 89 95 65 44 74 3 5 84 26 43 74 76 17 1 29 43 41 49 27 99 1 73 24 46 67 29 33 10 22 32 40 75 63 21 49 4 7 84 7 53 29 17 15 35 37 9 32 40 8 70 36 41 29 2 18 42 17 83 9 1 54 33 44 25 37 11 94 43 37 63 47 49 48 5 0 7 72 85 28 80 28 8 11 99 12 36 19 5 94 91 41 77 7 63 25 77 53 6 73 74 58 
19 7 23 65 11 40 5 39 70 84 75 93 23 36 12 17 1 79 38 18 58 4 66 23 20 38 47 82 82 13 0 77 90 76 64 33 77 44 36 71 90 48 48 56 74 50 53 23 75 25 22 4 92 66 93 28 56 52 0 96 19 35 89 49 26 17 42 69 9 39 72 50 89 5 35 71 95 17 85 0 19 21 15 2 37 52 41 24 13 2 43 95 33 14 38 84 35 99 36 87 56 14 78 74 37 47 48 91 52 94 32 91 53 44 88 27 8 10 54 37 50 5 93 83 44 19 1 1 79 1 42 0 66 45 45 54 84 9 12 33 82 93 51 28 12 74 22 59 23 15 40 70 78 13 49 60 7 73 65 4 37 41 29 89 91 99 29 86 72 64 30 47 60 17 56 55 54 98 76 10 0 28 68 6 98 21 51 26 47 25 7 13 76 75 12 33 87 69 11 81 23 28 14 51 64 59 58 0 89 13 22 61 64 37 34 19 62 30 19 81 60 15 5 64 81 40 51 43 13 38 70 33 85 20 92 92 72 38 62 71 78 22 8 18 11 53 96 24 74 83 86 21 78 38 58 74 60 8 86 61 30 79 42 17 56 72 1 50 2 95 34 60 5 70 31 94 1 44 8 53 61 29 59 10 69 15 66 73 5 58 66 98 2 55 63 25 55 53 57 4 
40 30 69 44 37 5 26 61 1 71 81 58 33 59 95 45 4 57 54 14 59 79 19 94 33 55 62 61 85 75 82 68 42 98 23 9 0 54 13 64 48 82 27 35 88 70 24 52 24 65 73 26 92 66 15 89 59 90 26 17 39 21 86 85 2 79 49 64 68 49 53 5 14 52 83 64 79 33 24 25 41 98 75 87 54 88 76 55 88 29 8 30 61 16 16 31 83 46 90 94 34 96 85 26 75 10 80 42 42 62 51 90 35 73 1 62 82 89 29 32 95 32 86 18 15 59 33 82 80 91 54 69 50 40 29 61 11 48 79 79 0 74 3 73 90 30 90 96 36 52 47 56 97 82 70 54 84 91 43 47 66 69 10 11 80 4 78 84 70 40 66 36 67 31 94 28 93 32 6 48 60 1 16 63 10 88 60 87 5 60 96 96 77 53 89 19 16 81 43 62 35 93 28 22 37 33 79 49 33 67 46 25 85 1 98 21 54 13 55 19 39 17 56 2 88 79 47 8 29 42 40 95 31 65 38 63 95 55 59 55 39 48 65 21 28 92 5 31 84 14 11 32 92 58 62 5 13 70 73 48 80 61 70 51 14 9 6 33 77 78 81 66 5 79 11 43 61 53 51 59 62 2 16 56 60 20 66 74 30 6 46 50 53 54 3 61 12 96 62 18 
39 26 33 2 31 84 65 79 40 5 38 71 50 82 18 9 61 79 96 43 60 60 10 14 44 14 98 59 56 95 5 96 24 94 88 83 87 81 34 1 77 7 42 97 13 82 26 49 65 50 29 50 87 96 1 52 76 37 16 72 16 93 24 82 61 86 88 93 11 45 18 29 67 96 13 67 87 85 80 26 26 26 16 93 71 65 20 24 23 62 35 33 58 39 5 16 35 47 95 80 80 74 13 67 28 12 53 43 43 67 10 99 22 39 21 6 72 12 26 42 75 34 42 68 59 0 59 49 44 61 13 60 38 56 12 67 94 6 6 87 59 94 10 44 45 24 21 52 85 36 8 66 13 41 37 70 95 41 31 15 80 23 53 49 1 41 66 61 90 67 90 90 45 55 3 21 13 29 34 30 79 98 48 4 37 41 65 99 45 46 20 97 17 30 43 60 53 62 24 33 24 26 75 79 50 65 74 2 61 75 63 2 22 14 93 81 99 37 13 16 27 90 58 95 49 90 87 71 49 82 24 84 91 88 72 12 58 62 98 47 76 54 45 31 54 87 80 35 70 3 82 75 59 5 5 89 25 49 34 59 14 18 8 24 9 64 2 80 56 38 83 92 99 69 74 77 19 49 79 55 12 88 50 33 66 85 14 44 13 98 79 37 8 81 72 86 12 7 0 71 
70 50 97 61 26 61 13 32 28 22 17 14 67 47 75 47 4 8 68 38 1 31 58 79 63 69 42 15 21 76 78 73 58 38 37 23 37 45 7 24 30 15 18 30 68 44 57 4 37 46 76 32 29 17 24 27 11 38 40 5 12 72 60 74 21 37 58 64 31 46 10 41 45 67 3 73 66 53 42 55 96 96 76 39 56 67 36 88 91 69 50 34 12 71 83 59 23 36 80 17 97 60 61 8 93 99 83 62 99 80 56 22 19 9 2 81 32 30 2 2 9 70 14 25 3 52 90 14 68 18 52 3 44 90 33 79 34 34 34 28 25 81 66 88 8 30 82 35 23 33 39 72 7 32 38 21 19 72 42 88 96 56 81 84 94 16 52 11 96 74 92 21 21 13 53 69 4 27 70 26 13 73 9 72 34 44 57 80 13 26 73 66 82 77 3 46 95 55 53 89 10 51 22 8 51 44 44 48 87 23 52 25 12 21 55 69 69 13 32 41 61 87 33 62 75 70 83 83 49 3 16 99 9 90 83 33 99 13 7 7 36 67 40 55 11 94 26 99 2 76 86 24 87 62 82 90 55 79 48 9 6 91 98 26 65 35 96 60 69 36 58 93 5 66 40 54 89 44 88 62 19 88 39 1 74 40 86 96 10 3 86 19 8 28 2 87 86 89 76 1 
16 67 90 19 44 17 54 73 79 98 48 26 81 67 35 24 20 77 31 62 60 2 78 25 77 94 76 65 47 45 35 16 17 35 74 27 46 71 45 16 33 25 94 23 48 50 83 61 79 72 77 94 96 94 35 87 93 12 45 7 98 22 41 49 36 79 59 30 3 77 6 99 23 68 55 18 20 67 18 64 56 33 94 38 83 48 97 44 90 10 11 95 53 29 99 24 89 73 40 4 78 67 88 89 40 76 10 5 65 6 73 66 10 74 32 37 17 99 96 91 19 93 61 8 65 30 0 50 44 1 21 90 73 0 39 37 98 72 12 81 54 10 70 81 55 48 54 99 66 65 61 33 83 37 48 58 26 48 1 49 56 56 86 30 22 61 67 72 27 53 91 43 60 48 32 74 89 86 97 28 2 90 15 59 7 61 50 89 59 31 20 58 3 38 64 61 66 89 45 75 44 26 93 13 63 79 72 26 66 90 48 32 32 47 43 73 3 22 78 77 62 49 3 2 43 50 62 92 45 49 36 42 21 36 42 89 43 52 36 31 20 0 67 83 34 60 23 63 35 87 97 30 33 31 58 15 29 41 64 58 7 96 69 49 81 35 0 25 84 7 59 67 79 37 94 17 54 12 65 97 86 29 78 24 9 28 51 51 25 98 67 62 67 75 30 61 2 50 49 47 
5 43 41 28 21 57 50 70 9 79 69 96 61 28 69 31 26 17 48 9 54 82 9 74 43 90 69 48 14 82 45 10 32 13 42 24 9 91 30 10 86 59 65 58 85 71 2 92 28 65 72 40 57 28 81 29 89 0 66 40 2 70 86 70 55 96 55 78 94 79 42 6 43 6 47 33 64 86 50 41 90 94 12 78 95 13 8 59 30 89 23 75 34 99 54 46 39 60 60 30 81 67 7 56 38 0 35 19 30 78 64 51 98 20 79 70 82 21 36 63 62 66 78 43 66 25 72 60 84 35 3 4 94 9 88 26 0 78 7 98 1 87 72 59 98 17 85 80 50 39 16 7 48 63 91 82 9 75 77 95 57 3 26 72 8 65 61 78 29 67 77 65 43 32 19 95 15 42 35 20 21 68 81 55 90 36 20 82 92 21 47 3 31 4 28 85 57 4 47 78 61 53 13 32 82 2 88 97 36 53 23 86 1 79 74 33 90 63 15 10 64 8 9 1 51 71 6 50 19 33 45 20 68 77 81 26 24 29 11 63 91 94 16 22 84 17 15 6 57 51 91 86 27 20 64 71 59 28 50 48 35 37 99 66 57 37 11 93 97 52 65 91 74 29 63 20 48 69 4 66 67 94 89 10 69 84 30 58 71 18 83 16 25 4 62 75 10 93 22 56 
87 83 33 12 23 52 18 88 94 96 86 73 99 8 12 66 0 65 62 46 73 14 82 2 65 33 69 39 37 88 99 23 61 75 83 22 36 46 24 86 5 97 48 20 71 38 56 86 14 70 68 12 51 75 57 6 19 61 64 17 27 63 52 18 38 24 91 49 21 49 53 19 23 81 58 29 1 16 81 50 92 80 29 34 99 54 11 9 34 67 36 31 31 78 24 13 27 29 46 21 56 26 42 41 38 32 61 57 14 33 8 58 70 51 72 22 43 26 76 5 47 36 19 72 43 20 12 97 24 99 47 30 51 96 18 26 31 37 80 93 66 70 52 86 0 78 1 86 11 24 45 44 78 96 60 60 21 29 82 72 9 17 71 36 56 71 5 92 98 61 83 92 89 99 90 98 58 62 69 68 9 71 41 16 71 78 48 84 30 43 25 91 49 40 9 63 57 21 56 9 91 39 51 5 78 47 92 3 3 82 35 6 4 16 44 67 18 26 85 62 70 83 57 23 97 64 25 67 7 72 50 27 13 20 39 86 39 34 60 59 85 87 7 42 35 63 67 88 34 53 86 11 45 32 27 18 62 60 99 4 33 72 63 80 26 52 51 18 74 5 22 44 34 36 2 47 15 39 81 54 21 15 7 83 94 27 78 42 2 72 24 63 29 98 64 19 36 29 68 53 
92 28 96 80 71 94 15 57 88 65 54 23 33 43 85 95 95 35 10 9 65 53 31 94 61 46 52 40 44 86 80 39 36 26 72 73 35 0 22 44 38 16 14 2 75 6 35 61 58 38 24 53 49 31 68 87 94 71 51 23 98 93 26 24 24 48 26 46 88 35 39 40 84 61 18 43 42 16 49 95 0 48 79 16 8 37 60 24 68 85 49 0 1 35 19 88 70 33 96 34 40 51 99 49 48 92 17 50 16 88 64 11 41 34 95 96 48 80 42 91 23 62 63 47 79 31 21 11 64 46 88 27 92 43 77 3 56 88 92 79 27 50 63 87 36 56 89 4 27 8 62 34 35 23 36 92 74 78 67 5 60 38 97 92 28 80 58 34 69 89 50 62 64 35 38 2 43 93 3 32 57 76 13 3 51 91 5 11 47 79 41 78 86 90 80 13 88 37 72 6 86 92 59 83 31 83 30 31 24 54 12 56 4 12 98 13 88 4 73 96 50 11 72 42 40 70 24 90 95 31 65 84 9 17 83 79 56 5 86 84 44 2 13 0 87 21 65 76 34 62 64 55 50 58 63 38 21 69 77 39 31 85 25 94 76 75 83 60 83 26 34 68 71 58 4 72 9 47 74 35 77 22 70 45 5 79 99 72 64 72 79 24 90 64 47 33 29 35 78 27 
43 73 82 91 9 2 40 92 95 73 98 4 77 32 76 36 21 70 74 54 10 50 71 25 25 71 11 62 10 89 48 93 25 47 47 25 65 1 5 0 57 92 84 58 61 27 93 86 95 40 62 18 99 36 48 6 8 87 5 71 68 52 74 52 97 27 24 74 52 15 12 17 59 3 29 74 98 4 61 61 75 37 15 6 47 85 7 44 94 64 61 54 18 64 55 50 87 62 54 10 14 61 36 77 52 79 4 90 88 46 17 15 29 44 27 16 65 42 66 65 29 61 60 66 18 58 95 13 71 12 88 33 71 47 46 65 5 68 93 47 3 30 24 82 45 26 76 22 74 42 43 14 75 47 90 30 54 54 19 51 80 4 90 16 75 72 4 82 43 89 24 85 19 91 6 48 62 19 77 23 63 14 50 48 17 29 85 36 87 63 50 87 99 15 0 21 82 57 36 78 8 70 6 40 79 18 83 76 77 94 63 19 22 42 57 73 23 56 91 3 81 22 72 29 32 88 7 17 51 82 98 83 64 16 54 85 33 27 4 82 70 39 9 10 79 33 34 15 53 16 67 51 68 90 30 32 3 12 74 69 47 50 0 79 61 67 0 86 31 21 45 62 41 75 35 92 32 20 9 77 78 8 14 0 83 20 30 70 88 46 77 7 34 21 20 64 1 42 53 13 
94 64 8 64 10 2 37 29 47 58 4 78 32 32 79 98 68 51 43 62 19 59 69 29 16 48 65 13 74 98 96 64 78 10 95 48 16 23 28 53 98 28 73 92 61 37 86 65 29 48 94 76 43 95 49 29 97 39 64 90 54 67 61 9 78 0 29 26 20 19 95 88 23 34 95 2 2 71 39 13 79 35 45 1 65 33 29 69 52 93 80 35 37 52 25 11 60 5 34 22 34 41 71 98 30 3 79 76 42 29 87 27 66 91 79 67 41 66 62 8 94 99 33 43 73 33 7 66 86 15 95 80 26 86 30 75 37 19 60 30 59 8 21 49 9 53 44 59 47 57 82 6 3 72 76 21 97 31 39 69 61 78 87 24 80 18 99 44 90 27 2 64 79 51 13 28 62 80 17 41 78 43 0 87 99 17 51 58 28 74 97 86 25 3 19 95 35 80 7 27 11 59 97 58 51 3 12 9 83 61 33 30 16 3 5 6 2 62 32 95 43 61 70 76 53 18 21 11 17 20 4 50 54 38 34 44 75 88 45 66 33 67 92 20 31 90 99 89 3 58 55 84 2 1 25 31 27 10 27 14 72 96 9 67 12 81 60 67 75 33 16 77 44 35 19 25 76 63 93 56 96 81 15 97 53 45 71 43 93 60 93 54 29 37 26 32 48 23 51 53 
55 75 78 16 47 53 69 71 27 91 80 93 43 68 68 54 95 14 99 72 4 67 1 69 7 14 99 31 60 61 16 15 42 89 90 25 48 68 26 36 79 14 90 53 81 7 2 88 17 40 41 39 48 60 1 9 80 37 21 18 50 15 50 78 54 27 92 75 85 84 99 78 46 79 9 56 78 13 30 17 60 26 9 66 85 86 1 8 2 26 60 44 23 28 50 84 53 83 37 37 71 67 95 7 62 43 25 18 73 27 59 75 82 16 96 42 74 22 3 49 86 74 30 57 87 0 38 23 28 51 52 17 50 98 14 78 48 1 41 88 43 77 61 8 95 31 1 88 48 64 73 96 28 80 57 41 54 93 64 1 50 71 77 18 38 24 17 99 12 26 73 16 37 81 1 14 69 31 4 54 8 67 2 97 80 86 76 76 4 16 7 8 81 92 0 40 22 10 63 22 46 25 45 16 33 54 70 8 54 47 98 94 24 11 79 79 78 69 4 78 88 80 76 47 99 34 50 19 24 15 68 87 97 19 62 98 19 94 56 49 92 88 50 22 36 34 51 25 77 24 0 23 59 46 38 37 5 56 2 87 70 21 12 46 67 32 39 12 17 94 43 83 5 2 76 24 58 26 62 24 22 40 68 59 9 37 21 16 15 94 77 45 21 32 36 99 6 31 4 33 
85 37 40 37 73 12 1 79 32 7 52 21 9 92 24 62 30 27 86 99 69 58 38 87 9 14 43 98 55 88 93 72 53 28 54 51 30 10 28 34 11 86 54 76 54 86 29 40 54 88 84 54 58 30 61 78 69 16 98 11 73 52 91 3 51 66 50 85 91 5 5 71 47 94 95 93 93 10 22 38 44 78 63 29 96 34 34 82 7 21 91 19 6 43 93 37 80 72 59 11 63 37 61 1 64 88 31 33 13 53 19 26 74 46 99 88 77 67 58 92 29 94 44 84 52 25 4 78 11 89 1 53 71 57 98 0 22 16 47 98 60 15 49 82 46 66 29 47 90 0 8 2 12 62 5 55 65 96 75 98 54 22 28 48 91 26 35 80 80 13 90 9 24 35 87 72 5 70 84 35 3 14 72 38 40 39 16 61 47 71 2 5 83 63 21 14 55 75 97 13 40 8 64 71 58 94 81 6 94 46 92 26 39 93 19 91 61 1 15 45 58 96 57 67 47 95 19 24 46 77 58 43 4 88 42 71 94 79 64 82 31 73 42 17 80 32 60 84 94 77 38 34 76 32 61 20 30 27 59 27 1 79 1 42 9 94 83 72 87 83 75 6 66 51 81 85 52 64 83 75 32 23 7 6 32 42 77 1 84 22 3 25 13 3 22 83 62 93 15 96 
78 77 98 45 88 45 90 52 40 96 56 19 67 50 16 84 77 66 46 76 0 37 45 99 56 42 62 36 13 42 23 6 96 70 34 99 89 3 39 28 80 45 60 68 95 95 12 39 48 50 86 42 4 83 36 82 26 34 4 38 72 57 22 50 19 10 89 0 97 0 30 67 96 67 50 10 84 17 44 65 1 79 63 36 58 65 61 89 41 87 80 26 24 9 88 59 83 56 18 12 8 1 90 75 63 25 31 97 34 33 15 65 16 52 53 52 95 11 59 47 3 84 63 34 25 95 25 47 74 72 18 99 57 97 12 7 79 87 14 45 52 19 61 59 20 99 42 20 51 4 2 38 70 50 72 96 31 98 98 41 98 96 67 57 81 33 47 31 90 66 59 38 47 38 78 83 98 96 64 70 97 53 91 53 80 17 71 43 69 99 34 54 49 42 16 82 88 80 7 66 1 82 2 24 63 14 91 89 18 28 63 28 43 25 85 4 97 55 5 42 37 97 90 8 73 26 1 66 86 67 1 82 31 58 24 19 84 60 87 46 72 51 57 57 67 41 40 15 71 79 25 23 1 85 81 80 3 13 99 37 59 78 63 26 26 95 52 3 25 12 79 36 68 28 48 45 50 84 72 94 37 75 63 81 30 10 19 62 90 66 65 20 18 88 28 98 44 32 23 21 
12 65 73 56 34 64 15 20 44 23 26 33 14 36 96 80 64 81 8 94 8 98 32 37 21 66 85 14 34 86 51 83 99 4 43 22 53 70 79 38 37 21 77 68 79 97 46 12 47 26 53 97 47 21 78 46 86 67 24 3 32 9 98 3 15 4 21 31 94 67 75 87 52 63 58 23 24 67 12 37 22 0 13 41 88 58 29 1 42 72 56 43 90 64 72 19 56 98 98 93 45 15 15 23 51 61 32 66 33 93 39 15 74 16 12 48 95 42 16 92 84 20 29 63 84 87 51 41 58 78 62 38 14 45 55 66 96 78 23 18 37 68 81 70 87 5 39 52 52 40 88 69 10 40 12 8 73 56 1 44 24 55 29 77 29 33 0 36 88 75 83 13 57 87 41 90 17 32 37 7 98 33 36 54 22 19 4 68 39 20 25 99 59 70 11 65 5 28 61 17 30 31 93 69 70 88 95 68 88 76 14 76 23 4 60 30 25 98 1 20 80 38 44 12 76 82 13 80 76 18 63 25 64 87 28 84 98 16 36 86 95 46 43 79 5 46 9 13 27 81 60 21 17 8 17 54 84 11 3 45 96 66 8 81 32 70 24 8 89 89 31 69 72 74 86 43 41 95 74 19 72 23 96 78 89 2 88 93 70 35 75 0 38 9 46 95 11 69 46 3 
77 35 92 2 49 47 70 86 15 22 27 64 44 9 89 10 58 1 74 33 85 88 19 65 97 59 69 17 53 28 88 51 80 53 12 67 99 46 48 67 30 8 80 60 22 42 12 23 34 93 5 74 16 26 22 44 19 99 79 93 10 46 37 79 40 84 26 18 30 38 38 34 44 76 62 55 63 87 68 4 50 69 91 48 24 66 61 57 70 21 94 69 70 83 42 99 79 43 82 1 17 20 47 47 99 55 76 25 91 32 85 21 26 1 84 55 5 80 10 40 3 26 5 88 92 57 13 3 77 51 5 34 41 75 16 15 24 48 39 14 66 20 56 58 66 63 15 59 23 63 76 9 26 86 85 61 37 37 57 66 0 40 66 28 87 44 11 96 3 64 9 66 84 87 99 14 29 4 28 25 78 4 84 64 31 16 85 30 38 58 7 14 67 9 13 31 73 94 26 31 4 23 28 90 44 58 65 8 93 83 75 79 77 46 64 21 62 69 97 70 60 38 90 87 81 39 39 55 56 46 17 44 50 48 80 92 83 85 91 69 56 62 25 50 93 90 99 77 18 8 30 21 78 21 30 7 67 13 83 76 27 16 70 8 82 71 24 78 41 39 51 42 3 13 85 67 6 63 73 46 52 70 98 87 31 80 11 11 69 56 93 38 52 7 95 41 96 33 36 54 
26 53 76 59 6 17 79 21 60 14 63 90 36 62 0 76 62 39 14 87 87 35 65 49 93 80 36 49 8 46 64 58 50 46 26 64 52 58 8 3 75 82 72 51 94 37 73 56 52 49 78 71 68 87 4 85 55 22 91 82 18 65 40 92 97 67 58 18 55 95 47 71 70 0 68 27 38 51 39 31 53 83 7 48 86 95 93 50 74 74 26 78 14 51 5 94 50 84 51 95 45 65 88 80 35 88 76 57 99 3 93 2 49 40 30 84 95 80 96 52 94 36 33 84 71 40 11 95 98 56 53 89 71 7 0 85 96 25 87 32 26 66 43 3 99 77 6 97 40 2 86 28 90 66 62 68 82 7 20 31 33 35 69 38 69 70 57 8 18 80 17 62 27 51 10 67 61 37 87 49 84 32 14 80 79 47 31 9 95 68 78 34 15 63 98 0 31 78 90 68 32 80 78 34 22 47 89 27 65 25 90 58 9 43 77 13 13 81 47 73 10 48 68 68 43 37 4 13 64 26 28 85 8 42 11 88 23 13 24 77 44 69 58 51 85 22 81 60 76 65 83 39 15 79 23 29 83 16 44 31 34 50 89 7 84 74 83 76 94 86 4 51 66 20 59 39 70 90 48 56 96 54 2 35 49 64 85 49 73 10 1 25 19 31 64 18 5 7 59 34 
50 6 92 76 70 86 62 52 2 14 41 32 97 89 0 5 5 16 45 20 54 91 91 79 24 85 53 2 79 97 94 82 28 56 32 11 98 32 26 65 46 99 69 54 10 73 29 9 63 22 32 70 2 88 87 93 4 71 9 72 58 57 8 20 84 60 13 86 96 18 7 38 49 57 51 85 36 63 42 88 55 75 92 27 97 84 91 87 1 58 87 74 26 59 49 65 62 16 2 92 77 88 53 11 81 7 87 89 43 11 50 0 1 11 80 48 22 89 70 57 41 49 28 89 2 62 26 15 21 25 75 53 61 80 13 8 96 46 54 93 39 52 57 18 40 69 96 91 30 4 81 51 9 61 78 26 47 19 42 83 47 38 88 93 67 25 58 69 35 5 7 59 0 86 0 31 30 65 53 78 77 84 78 33 37 82 99 63 53 38 29 2 6 69 78 0 89 5 89 47 26 29 42 14 37 66 6 9 49 25 6 63 23 78 44 51 13 39 31 78 52 18 80 82 87 14 88 98 17 33 68 12 17 97 7 82 99 4 67 42 30 74 23 4 28 25 87 29 13 68 88 41 44 83 82 85 66 6 11 71 52 8 53 17 7 2 91 56 7 35 0 28 56 87 53 52 60 51 80 48 60 83 32 30 32 14 19 53 2 53 46 75 58 18 32 99 86 39 93 22 
46 20 88 21 1 73 83 58 18 12 90 98 40 29 39 16 58 83 36 80 13 2 41 58 39 17 16 72 24 13 26 5 11 7 3 20 87 51 17 76 43 17 77 89 15 37 23 71 96 17 36 41 29 10 88 41 3 7 81 37 18 4 12 93 29 71 82 40 59 15 3 21 75 34 98 75 6 33 14 98 27 37 55 24 7 72 88 38 25 16 63 43 11 27 21 39 31 8 92 15 13 29 66 9 58 86 68 34 20 25 87 35 34 18 53 4 87 93 24 30 50 1 94 53 5 11 33 61 50 43 21 24 69 3 10 88 7 90 35 17 51 94 95 17 71 61 23 35 29 16 88 34 30 69 67 78 18 23 70 13 26 88 62 63 27 50 13 38 8 85 72 63 9 28 32 44 24 25 81 20 12 94 17 60 49 25 70 52 92 68 70 9 99 10 25 12 46 24 73 39 11 68 14 26 63 18 77 17 86 91 5 47 38 50 94 90 95 25 17 14 49 97 49 67 12 6 24 95 35 57 25 35 9 58 89 73 29 0 47 66 21 31 41 85 25 86 43 99 95 20 22 60 2 63 61 2 79 59 31 24 91 17 85 70 62 36 25 56 47 52 40 24 25 76 20 48 46 7 73 99 42 15 20 98 50 98 48 25 82 10 77 24 27 78 14 21 65 34 39 7 
40 55 99 87 2 11 74 5 60 27 31 97 4 9 48 20 79 69 21 86 42 27 90 69 50 31 19 62 20 79 46 10 58 0 80 84 87 15 64 36 81 34 13 35 13 87 65 98 27 89 77 96 83 97 62 48 79 62 48 34 61 56 23 61 27 17 80 77 57 57 41 42 39 91 91 20 41 97 95 20 83 41 51 31 28 0 42 34 57 72 98 78 29 68 5 76 0 78 10 92 57 60 21 65 88 99 82 92 95 74 22 94 27 50 95 67 43 9 77 81 13 0 8 96 32 16 92 15 49 28 58 55 96 9 81 39 98 70 17 87 53 42 27 4 23 83 1 48 58 52 39 59 27 27 62 30 50 87 76 59 97 55 93 24 97 44 24 70 61 51 1 77 61 87 49 55 86 45 10 14 42 80 33 54 3 72 25 47 30 26 46 98 90 18 58 89 11 28 18 56 23 2 20 99 4 82 24 97 58 51 37 38 35 70 86 0 60 64 68 82 94 4 53 77 54 50 9 76 61 17 56 35 47 89 5 19 1 94 17 64 57 54 15 26 77 54 58 48 39 38 47 73 92 15 73 21 10 26 15 36 40 89 61 69 16 81 61 38 10 76 51 38 96 18 46 83 79 91 70 29 37 71 23 83 85 8 47 36 58 95 87 25 80 45 17 97 71 61 78 24 
89 75 82 53 70 10 84 78 91 93 32 61 64 79 7 12 1 57 6 80 58 80 17 95 13 48 1 75 32 46 19 74 36 29 23 19 97 39 25 13 63 69 91 71 56 85 83 92 3 98 82 56 49 10 73 66 6 79 88 39 79 67 92 18 81 62 17 70 79 56 11 58 48 79 16 39 67 21 51 87 61 82 64 19 97 89 36 54 32 49 78 13 7 22 18 22 60 95 68 17 6 86 60 79 5 42 73 29 35 93 88 25 9 94 71 7 48 96 65 75 4 88 35 65 33 55 64 13 47 4 77 52 52 92 4 42 60 71 89 49 22 10 81 2 88 34 15 71 39 48 61 13 96 16 84 79 94 15 6 18 16 52 3 87 14 47 17 78 11 65 53 59 38 63 63 10 10 65 4 43 25 36 74 16 24 51 76 23 43 26 64 31 13 64 34 13 71 31 21 18 24 17 79 4 52 42 76 46 86 71 75 43 16 29 62 29 74 26 60 81 27 51 7 79 84 19 54 4 29 95 47 92 69 43 81 70 15 83 78 96 2 29 59 35 6 66 97 66 0 72 42 86 73 95 47 50 50 90 44 20 6 36 72 95 18 14 31 66 33 59 69 21 8 39 49 67 9 28 62 36 60 70 28 16 96 37 2 4 62 73 7 63 11 53 51 55 81 94 64 49 
96 22 59 78 61 24 64 3 27 71 49 84 48 99 50 37 65 94 10 29 82 83 80 22 40 55 16 96 4 73 76 53 53 59 74 53 21 65 20 56 12 22 30 52 29 57 66 91 68 30 50 45 32 32 89 33 5 57 11 46 69 92 55 68 0 35 14 36 16 1 93 52 74 17 21 50 2 0 66 76 81 8 11 8 13 21 96 84 73 84 93 29 62 90 22 60 21 53 57 78 77 93 56 68 7 2 87 17 5 77 98 34 32 36 95 70 25 74 17 44 34 31 29 33 4 24 55 51 55 58 29 66 74 29 8 33 57 90 32 24 12 92 72 91 0 31 16 15 36 38 66 59 58 3 64 15 54 13 33 3 28 1 66 50 45 16 9 53 58 44 74 13 64 40 30 54 55 49 66 96 21 86 85 67 42 80 88 29 74 95 89 2 14 43 14 49 99 58 16 86 95 26 75 19 77 74 35 14 83 17 79 27 22 14 46 78 61 45 3 96 26 2 21 79 46 84 99 43 12 13 80 38 75 8 42 46 31 37 20 45 25 8 6 89 85 9 43 94 53 27 89 1 47 23 56 46 40 95 24 48 31 94 13 63 60 39 64 94 13 30 72 34 8 97 36 99 27 47 6 26 68 89 4 62 41 38 15 67 67 61 38 76 9 76 88 68 60 39 0 99 
13 45 43 85 78 37 74 36 0 65 55 1 80 8 82 97 80 82 13 54 17 1 99 75 67 21 40 36 8 67 94 61 89 29 13 50 69 20 37 43 91 87 4 65 47 31 7 21 44 84 26 67 64 12 82 21 27 17 33 5 56 59 98 44 70 54 23 65 34 45 85 34 94 28 99 45 14 15 69 49 76 59 94 50 41 29 64 94 82 41 91 58 76 93 45 81 20 17 76 15 45 85 88 52 3 29 11 49 12 20 38 95 29 84 50 59 96 97 11 35 63 29 35 63 27 14 10 34 74 6 69 98 62 55 64 36 51 21 9 1 63 85 65 6 23 59 89 39 97 99 58 86 4 40 44 0 55 17 81 32 6 64 60 63 65 8 40 32 70 57 83 9 1 19 7 26 46 71 32 8 35 96 25 20 39 90 95 69 22 64 23 4 54 28 71 75 49 7 89 43 0 17 96 61 87 73 71 99 58 0 65 75 83 84 5 46 9 53 23 82 81 27 15 8 63 53 82 80 3 21 62 77 48 68 93 62 97 8 5 69 54 88 66 61 37 70 5 66 22 26 96 36 68 83 9 6 49 92 4 7 99 93 55 38 23 38 92 98 63 19 37 44 67 24 11 68 81 35 77 54 58 0 6 41 42 88 42 20 59 85 72 1 93 40 40 30 42 44 96 6 
0 83 8 32 65 31 66 82 47 98 50 45 32 17 42 26 81 33 89 44 83 27 57 21 97 54 38 90 86 26 77 39 82 11 33 5 56 83 97 38 91 88 31 74 61 49 19 32 47 19 42 97 43 75 16 10 74 98 44 84 42 83 64 27 63 60 41 71 12 48 59 19 52 41 40 11 70 21 49 85 57 21 2 70 0 72 7 26 45 13 67 13 69 36 84 55 88 22 6 67 13 15 9 91 59 32 41 87 81 53 73 91 47 88 12 49 82 22 46 44 78 10 25 46 90 32 53 56 52 68 46 95 38 99 26 69 60 9 43 2 54 84 22 40 9 75 0 21 57 87 11 84 65 78 84 45 2 8 24 9 73 7 25 93 40 74 18 17 87 33 97 20 23 47 92 6 50 79 98 38 60 81 76 86 82 76 20 75 5 24 4 9 85 54 49 27 39 33 58 47 96 68 72 5 54 97 8 40 68 72 55 16 97 12 76 38 93 73 19 33 67 99 29 38 14 70 72 99 59 30 44 55 90 49 7 21 53 83 89 46 9 29 62 7 42 81 8 40 13 13 47 82 96 74 68 87 98 50 26 39 59 77 71 17 98 25 58 28 90 40 79 43 46 3 24 60 76 8 94 12 47 7 16 81 63 48 47 68 2 67 17 49 73 42 92 93 32 47 25 86 
9 97 86 33 30 85 20 53 47 8 88 22 51 83 44 24 17 78 89 73 73 1 67 24 31 79 57 59 92 44 17 24 60 74 83 31 7 44 10 67 70 50 6 86 33 3 1 38 70 79 75 42 81 71 7 60 38 75 13 40 30 16 25 64 58 10 65 37 3 51 98 50 71 61 87 69 88 72 62 79 42 20 51 99 12 6 82 53 66 0 64 6 85 38 49 63 54 74 57 31 0 55 33 79 72 94 3 85 34 1 52 39 53 96 92 16 75 5 79 63 90 87 79 82 83 90 66 14 5 21 82 46 64 12 10 96 34 24 50 31 5 44 38 38 95 28 30 81 66 77 98 50 24 55 85 5 34 97 67 3 3 68 20 24 51 81 33 79 21 84 25 20 22 93 64 0 27 92 30 98 97 5 15 74 50 48 42 93 39 91 52 20 12 50 15 62 3 34 87 35 68 29 79 78 61 49 22 77 14 55 15 20 35 78 55 23 21 36 35 52 45 39 2 16 95 0 72 36 78 13 31 3 77 44 64 51 49 20 81 89 88 6 38 81 2 27 49 57 57 13 75 97 62 54 8 42 89 34 90 7 58 35 73 93 90 97 89 30 36 53 20 88 89 28 77 99 72 57 46 96 50 59 38 95 12 88 38 52 99 31 97 49 9 27 97 40 48 83 60 54 
20 4 63 91 52 26 10 72 2 12 33 29 95 51 29 96 4 0 73 29 30 23 50 52 84 18 32 16 99 91 80 17 90 71 15 80 59 63 73 50 75 11 46 42 57 21 11 99 38 90 72 21 65 71 32 23 22 83 53 89 59 28 74 90 86 56 23 5 84 60 96 95 89 47 65 20 5 20 76 84 30 99 71 76 47 55 55 49 53 68 45 63 80 95 0 29 68 3 11 80 80 61 73 89 98 19 47 84 41 96 44 79 84 75 86 42 63 14 60 36 51 57 71 38 85 52 77 2 83 97 52 83 31 65 91 27 40 36 63 49 5 55 68 64 55 5 42 63 98 13 82 3 53 16 7 14 31 78 18 65 65 97 61 28 92 33 35 85 41 13 25 62 11 86 87 31 20 18 78 87 44 40 17 86 75 10 5 23 82 13 62 50 0 36 30 93 57 12 12 23 46 71 61 77 69 44 10 92 44 53 43 54 61 2 89 0 89 50 30 97 70 54 13 77 93 54 32 53 52 79 30 84 86 6 72 69 96 35 99 3 40 51 31 77 45 71 87 15 22 17 93 64 62 89 35 79 4 30 18 83 10 93 54 26 83 89 10 53 80 91 21 41 47 64 80 62 63 72 22 47 52 70 47 89 64 93 21 2 12 21 12 93 99 79 46 89 71 29 65 43 
77 37 61 60 84 83 42 18 85 89 39 90 41 71 90 30 14 35 22 79 82 54 91 90 22 12 64 95 11 45 43 46 47 85 5 1 94 41 43 50 81 61 41 61 10 60 0 17 61 43 22 23 35 98 37 78 89 65 92 81 79 62 59 74 17 6 32 17 74 77 25 64 64 53 24 20 95 14 33 40 81 96 30 96 73 65 13 29 74 62 9 35 7 11 10 35 21 97 82 10 4 3 40 98 9 52 52 47 87 21 55 93 62 70 17 44 21 2 24 47 94 86 55 25 10 1 66 38 93 73 92 2 52 77 82 55 34 39 10 35 64 8 44 31 55 62 83 57 26 69 92 37 97 14 66 40 94 11 45 53 6 79 57 92 73 57 93 2 89 50 17 26 56 40 23 77 17 60 57 13 18 31 12 97 39 41 7 42 49 94 11 21 67 82 37 31 41 79 25 9 31 76 49 46 12 60 61 21 8 43 58 71 47 92 24 28 40 24 1 17 84 82 35 14 90 39 48 85 18 52 76 43 84 38 47 1 36 49 69 50 92 12 38 3 50 67 17 99 95 42 36 27 30 6 69 1 21 30 43 69 49 60 20 68 8 75 10 49 52 30 71 48 1 62 9 65 87 41 54 72 65 32 61 90 69 79 9 52 77 62 61 79 69 94 12 16 3 51 66 60 
67 0 4 3 39 10 44 28 66 78 43 13 18 22 51 33 71 16 64 1 82 95 75 63 0 50 49 19 0 60 76 56 47 63 46 31 9 63 78 14 18 41 73 84 22 63 10 35 58 42 53 14 56 87 16 13 13 34 73 69 72 80 86 40 38 62 91 48 88 86 76 27 24 10 43 83 49 95 70 90 40 88 40 25 63 75 44 9 35 59 43 98 91 79 15 64 77 50 75 38 88 3 93 49 25 98 29 0 74 88 28 9 78 59 1 33 30 34 47 43 11 44 20 98 69 54 0 28 19 18 13 81 25 93 49 49 39 97 20 33 10 27 3 84 87 35 89 65 58 50 10 91 9 51 50 30 18 57 47 84 6 35 29 90 83 25 24 43 10 70 47 5 37 31 80 55 69 3 4 55 19 7 44 41 80 44 56 16 21 63 51 28 0 4 95 11 49 62 27 63 68 22 58 40 7 34 70 46 46 56 52 30 49 46 22 70 98 0 70 17 0 4 73 44 15 42 60 90 16 21 97 58 95 32 5 30 8 64 13 29 27 29 27 50 28 63 10 32 53 3 5 54 73 74 31 60 53 37 19 1 76 77 30 22 92 17 93 63 63 10 9 93 4 63 56 75 31 77 38 97 58 40 16 81 37 50 76 24 66 84 76 90 29 31 87 37 15 72 65 95 
2 80 91 40 25 41 88 29 43 37 98 51 45 8 7 56 83 39 17 28 64 51 48 27 7 39 55 93 72 98 46 10 19 73 46 91 25 20 9 72 48 74 72 0 98 78 55 30 81 71 60 53 73 83 30 58 81 16 50 72 91 35 71 64 15 82 95 79 58 95 22 61 70 17 10 58 20 95 87 54 29 62 36 21 75 32 94 86 24 30 85 97 19 98 52 41 61 54 16 90 30 7 4 82 65 81 20 27 73 78 35 82 68 25 41 42 68 54 93 82 81 15 63 75 58 76 81 26 31 94 87 21 34 32 45 24 28 75 36 90 31 52 15 29 6 28 64 6 5 79 53 20 29 20 20 32 94 32 63 65 99 33 44 89 17 89 48 8 93 63 24 11 91 85 20 43 19 94 56 87 61 18 53 99 19 56 49 39 36 3 77 44 78 56 17 57 45 71 57 20 58 0 11 38 73 48 17 8 23 72 61 40 94 13 74 91 70 56 9 52 75 32 15 41 20 43 0 72 72 13 33 10 60 31 50 31 44 26 59 68 33 1 56 68 18 20 82 60 37 79 16 7 61 72 50 38 41 25 48 96 36 20 11 28 43 27 56 38 62 70 1 71 6 46 71 25 30 1 84 10 81 7 50 24 92 15 29 45 65 30 42 72 63 7 3 60 14 81 73 19 
37 13 83 29 30 26 73 46 18 21 0 69 94 44 20 39 21 60 12 40 15 7 61 28 98 99 38 16 23 44 73 82 66 22 21 50 33 86 19 15 86 58 63 38 44 88 29 68 88 80 72 2 57 28 9 72 40 56 82 14 84 25 57 55 29 42 8 47 79 62 95 0 25 28 48 79 99 92 5 79 85 22 23 3 17 93 18 28 7 81 22 65 50 23 52 42 98 56 51 58 99 45 16 49 81 23 76 53 62 67 9 53 24 75 64 86 99 84 53 4 37 19 47 81 13 27 14 4 60 89 66 61 30 20 91 26 52 70 77 57 74 14 60 20 72 34 96 93 41 20 69 20 55 21 31 74 64 85 28 75 24 9 82 58 13 58 54 11 23 77 65 17 15 60 75 62 46 68 73 27 18 31 51 84 73 80 89 84 33 0 5 13 86 19 38 23 21 60 75 68 30 21 28 59 97 87 28 73 18 52 90 60 73 46 78 80 87 59 50 23 18 1 53 52 94 68 86 94 1 45 78 42 32 90 64 73 4 35 25 31 48 71 20 65 51 48 90 81 48 99 84 63 88 7 9 46 16 75 55 41 36 26 86 91 39 75 87 85 91 69 98 30 12 85 49 8 40 77 23 1 94 15 78 12 83 59 68 61 8 37 20 67 77 7 47 92 81 45 85 50 
48 9 41 12 41 21 7 58 56 67 42 42 47 60 57 43 43 92 54 51 41 53 33 3 77 79 5 70 75 7 92 24 65 34 12 68 20 88 2 83 58 71 38 54 84 62 31 58 79 95 56 79 44 0 59 19 64 94 69 67 57 78 22 59 43 81 58 5 53 65 21 16 72 36 63 35 36 92 83 62 40 52 53 93 65 30 5 46 30 29 38 37 19 45 98 42 77 9 28 81 64 5 60 55 92 0 34 31 85 23 77 24 11 66 89 25 4 98 91 16 7 80 40 55 0 5 57 59 41 35 25 99 97 35 95 66 19 55 58 8 1 74 22 78 77 34 0 19 49 69 49 25 30 70 31 4 34 30 9 61 69 35 53 79 16 24 15 75 57 86 75 9 74 70 69 26 65 75 87 39 71 14 24 37 0 48 0 90 99 63 85 65 74 72 40 25 0 48 51 48 73 37 17 62 10 6 14 99 34 66 9 93 31 46 67 12 61 82 59 32 32 57 82 85 0 2 79 89 90 22 79 44 49 71 77 11 74 23 70 28 47 42 87 9 41 52 47 47 21 67 46 62 56 3 18 2 95 6 53 4 74 34 55 90 91 13 78 79 45 33 88 47 5 28 40 63 69 25 6 96 60 87 67 32 13 34 20 96 43 88 47 88 28 53 80 12 16 10 5 44 
29 23 0 15 76 39 44 43 99 1 34 88 29 55 85 74 29 57 88 48 67 75 31 70 79 79 98 33 76 99 33 62 44 86 82 96 36 16 71 26 70 51 31 48 45 67 93 36 22 21 43 0 24 84 79 35 45 28 95 45 59 44 2 3 31 57 91 50 25 87 58 30 76 27 75 62 0 82 77 14 90 46 8 98 42 26 23 9 28 14 77 36 20 60 16 56 54 45 58 37 90 75 0 96 59 50 56 88 86 81 55 20 21 95 23 16 85 66 53 6 81 68 19 62 88 27 36 25 25 65 28 49 13 25 85 9 20 52 78 12 31 67 35 51 25 36 73 96 53 60 59 88 48 88 81 43 27 11 53 62 11 74 24 10 80 4 2 40 42 36 15 56 67 5 88 49 60 14 17 12 17 91 25 97 20 83 96 63 5 1 19 4 34 35 46 44 12 5 30 36 31 47 29 3 29 47 14 40 8 45 95 38 51 28 93 59 83 0 11 11 90 47 15 65 0 53 38 71 0 79 9 35 77 5 55 72 90 36 9 98 35 88 60 77 29 34 37 16 67 95 87 1 22 21 16 47 70 40 25 16 74 99 75 84 57 65 6 81 90 5 94 17 94 8 39 33 0 61 89 91 29 66 22 50 44 87 58 96 87 47 42 29 96 97 97 15 71 31 41 77 
41 81 20 99 24 45 8 78 11 55 11 24 41 14 34 7 37 96 74 46 89 35 69 32 71 96 63 7 99 8 64 8 90 45 67 70 19 78 83 44 84 46 29 3 31 86 15 18 49 92 55 40 58 3 63 7 99 73 63 58 81 12 56 22 55 36 39 65 25 59 97 67 5 94 58 32 78 96 67 33 32 12 57 41 4 92 27 72 24 31 11 79 4 30 75 99 22 51 9 35 75 85 25 47 4 48 47 63 84 40 8 26 10 80 61 27 81 49 41 77 21 99 18 31 14 27 95 15 84 77 37 54 53 24 52 16 39 12 34 32 99 15 30 79 38 79 78 25 38 31 66 36 4 28 88 56 73 2 64 83 65 27 13 69 31 51 76 38 42 17 57 55 64 29 39 99 81 82 48 43 38 2 37 64 23 91 90 47 61 68 77 77 97 1 27 48 68 83 75 10 51 16 80 0 39 29 17 30 3 84 3 5 35 29 2 73 31 55 51 44 84 9 38 74 11 58 58 39 78 44 1 94 0 20 94 16 67 36 59 12 4 10 72 19 99 57 57 75 52 9 60 4 97 16 31 79 44 14 15 74 55 29 89 51 67 98 87 65 50 45 38 52 24 36 10 73 87 69 39 13 9 69 67 65 39 89 53 34 36 79 0 1 52 78 79 10 26 41 7 28 
38 93 5 24 2 65 38 40 79 94 63 65 36 2 86 16 43 66 7 9 63 14 15 81 73 4 95 61 61 66 63 2 4 88 88 32 16 89 66 38 39 27 58 7 27 73 93 26 21 60 81 10 37 10 20 24 9 91 37 30 54 12 62 97 72 49 27 46 80 93 36 36 82 45 95 45 87 65 18 14 9 62 36 39 73 77 34 27 38 34 18 40 60 13 0 39 53 64 43 35 11 85 16 55 14 91 26 52 88 55 95 15 26 61 47 99 89 19 41 31 22 34 26 14 34 86 74 39 13 2 31 67 29 28 5 93 57 22 79 68 70 43 48 79 50 64 34 57 7 29 85 26 46 30 95 42 37 13 70 53 34 99 68 78 89 79 59 67 88 66 95 98 12 20 63 5 39 45 57 47 52 59 7 22 78 7 39 43 33 62 43 88 21 2 68 33 52 50 66 42 38 90 57 44 96 66 22 9 42 20 97 68 52 48 37 73 10 84 13 37 86 92 34 2 66 32 1 30 15 44 74 33 89 7 97 75 72 54 0 18 91 47 69 84 70 65 10 53 17 94 22 76 99 56 85 98 77 17 75 67 76 89 92 67 11 96 56 28 93 80 2 82 41 23 42 27 76 29 11 49 29 41 45 76 46 26 31 64 85 56 8 74 3 70 60 26 26 86 85 33 
18 63 59 28 98 54 23 57 72 89 62 29 60 0 74 57 1 69 1 36 7 93 2 13 70 63 40 69 76 4 48 60 9 48 99 0 88 20 0 38 31 48 74 80 79 24 77 31 77 5 86 66 80 9 32 11 19 31 30 72 90 59 90 72 92 34 10 91 24 5 73 63 65 35 56 68 77 72 39 15 21 83 6 54 58 64 87 95 60 67 81 27 83 95 62 33 37 14 77 75 6 4 87 58 53 34 43 12 28 77 15 87 19 39 73 85 17 85 66 91 43 50 14 78 25 31 64 70 46 72 75 45 85 17 29 80 45 20 67 76 58 46 13 92 25 0 64 89 55 45 81 58 85 17 72 45 2 63 72 17 59 11 12 5 3 21 67 22 59 62 20 8 53 60 14 79 33 19 50 47 18 55 89 16 5 31 95 68 23 25 7 97 18 63 89 12 50 96 46 6 20 47 23 73 11 7 77 86 33 72 27 24 43 36 88 25 65 45 83 3 16 90 36 38 2 49 69 4 3 65 89 54 20 60 91 81 52 82 10 27 58 22 24 62 86 79 61 37 23 35 1 86 61 45 4 64 94 13 40 67 30 93 96 20 55 36 33 29 86 89 94 40 7 61 28 27 19 85 61 40 76 32 4 2 93 76 98 36 47 58 23 3 47 15 84 26 20 72 55 25 
71 69 92 35 86 70 87 58 74 30 26 86 24 97 80 21 98 47 86 40 13 9 65 30 93 12 40 87 89 88 23 98 25 10 76 15 33 53 82 50 94 93 67 28 39 77 42 93 50 31 48 33 87 18 6 83 58 67 0 90 96 27 33 86 10 99 99 88 25 73 48 77 17 99 44 16 92 77 65 48 42 4 73 71 95 24 83 10 20 73 81 85 50 21 71 83 15 5 88 21 10 83 21 30 29 75 26 31 29 92 17 72 53 53 96 39 3 91 95 74 44 98 38 87 31 99 91 60 11 32 51 88 68 90 29 81 71 26 28 26 92 11 67 59 53 71 97 23 12 8 66 93 78 13 43 44 50 73 37 72 28 59 40 88 54 99 29 50 34 95 42 11 66 46 38 59 24 89 1 9 58 23 84 26 61 2 76 4 61 19 15 25 8 74 52 57 90 97 72 77 68 3 5 0 3 60 18 63 8 52 43 11 49 3 66 53 15 19 66 79 82 95 95 70 52 38 30 59 34 1 71 14 39 6 0 39 58 50 24 51 95 71 71 83 97 77 87 34 50 93 48 13 38 60 72 43 12 87 59 63 15 51 69 61 32 3 51 74 57 95 99 83 98 3 78 36 13 28 20 14 63 27 75 51 89 24 39 95 60 28 38 63 65 74 98 70 87 70 35 12 
94 4 15 66 16 44 99 85 82 65 32 47 70 99 69 35 30 87 15 92 88 14 75 92 51 27 58 41 64 53 63 97 2 72 72 26 67 97 18 76 56 88 83 78 39 57 40 74 31 42 48 85 7 65 58 11 79 85 42 90 75 5 99 69 81 88 67 71 89 6 60 56 59 84 97 95 25 62 4 9 58 41 78 39 82 79 20 14 23 85 1 14 51 57 15 36 3 63 87 87 7 57 63 33 83 69 91 39 73 46 55 46 20 55 78 64 97 31 72 94 28 50 51 91 45 43 64 38 75 34 85 47 65 71 46 19 23 80 44 28 76 48 67 23 57 17 79 57 24 95 34 80 74 65 37 19 61 7 5 11 6 61 39 3 27 51 66 54 80 45 64 0 15 81 92 78 49 15 42 30 87 28 43 95 44 70 94 8 59 66 47 59 81 59 59 27 44 3 65 14 23 15 52 73 93 32 24 81 43 59 21 44 29 21 6 62 60 28 22 20 51 44 41 86 46 37 45 36 54 39 26 72 53 67 39 17 65 98 73 35 61 88 98 41 47 7 15 39 12 27 18 94 64 40 51 92 89 58 27 96 79 80 77 66 17 69 17 15 2 78 90 71 21 60 21 79 25 97 70 45 25 81 1 57 19 27 85 13 0 47 99 57 96 90 27 1 90 44 71 30 
69 49 40 27 84 96 24 32 99 4 52 4 63 55 23 83 53 48 96 14 5 15 81 85 69 36 91 13 87 4 15 80 78 63 30 34 41 99 45 58 93 51 84 32 26 48 29 59 55 60 47 93 1 99 51 94 13 95 1 7 93 58 28 96 29 7 48 56 94 6 12 59 50 35 3 17 81 73 25 93 4 22 50 84 20 27 55 79 66 82 66 81 28 34 11 54 10 82 59 89 73 36 15 57 32 60 20 43 38 73 14 69 95 3 90 45 30 82 97 19 82 90 69 5 84 51 98 18 92 91 37 97 52 70 72 91 53 69 27 58 35 78 57 59 11 78 66 42 39 40 75 76 38 82 42 10 52 54 48 32 4 47 40 8 69 47 30 9 18 83 28 78 85 13 48 47 57 97 22 34 86 3 51 25 94 99 62 27 66 42 18 88 58 69 0 83 69 60 98 15 14 25 72 19 72 57 2 1 21 49 47 48 84 56 12 26 1 85 80 22 56 76 22 63 86 18 92 12 63 61 43 57 83 28 50 93 11 78 3 70 79 32 40 78 82 50 43 87 93 95 96 90 27 4 74 79 8 29 40 24 37 25 65 35 87 67 35 13 92 6 60 20 26 50 45 47 29 55 22 96 24 53 55 59 51 97 46 9 63 44 76 8 41 20 88 29 76 91 73 57 
5 58 40 64 80 82 18 11 16 31 56 61 3 97 7 57 71 55 4 78 9 76 49 86 0 36 33 71 48 51 94 35 79 45 12 67 7 13 96 62 98 99 10 3 58 0 91 76 1 64 47 20 92 15 78 48 6 87 83 73 23 45 2 21 78 65 66 39 64 39 54 52 70 3 18 24 69 13 80 76 87 1 96 57 9 93 99 48 87 77 47 95 79 42 47 93 34 6 92 78 91 23 53 1 29 74 67 77 3 58 64 49 82 5 4 91 79 13 93 40 42 3 63 50 74 52 91 90 18 53 38 90 15 41 92 65 7 37 77 98 82 31 46 15 10 97 84 8 40 20 15 7 72 84 65 60 90 59 5 51 71 42 82 37 54 43 51 61 44 75 29 4 44 5 34 67 27 32 80 39 82 66 69 68 18 65 13 71 93 54 10 82 37 0 30 26 6 82 22 71 43 25 98 93 18 56 89 55 96 80 90 35 19 42 3 9 86 78 97 37 68 2 1 86 60 16 49 81 92 57 10 12 18 50 20 83 16 39 10 36 47 41 84 26 76 16 74 9 20 82 35 0 90 11 50 67 24 97 0 5 88 69 26 1 43 39 28 1 37 11 77 27 14 4 85 95 8 29 53 84 2 26 71 47 85 24 10 93 49 80 42 92 18 97 98 84 71 0 13 62 
3 7 83 14 70 81 14 2 18 29 21 14 82 81 79 81 31 97 79 64 22 21 23 41 97 91 63 75 54 36 31 28 16 0 95 15 86 7 22 59 61 35 5 11 50 80 29 92 29 59 31 48 4 35 59 8 59 11 36 85 79 3 63 10 37 73 61 76 76 79 49 62 15 80 9 55 92 75 48 79 63 42 54 77 23 26 23 94 22 90 77 25 40 55 87 0 46 47 74 15 50 44 35 19 74 63 49 55 4 76 97 94 5 57 11 47 43 95 18 81 59 68 59 73 63 93 42 74 38 18 5 11 94 47 49 55 54 65 86 21 16 54 27 69 15 53 46 91 99 26 9 70 30 24 96 4 81 52 61 24 3 89 34 44 26 20 82 12 61 34 59 94 26 67 86 88 36 54 11 35 65 30 18 77 46 47 19 58 30 18 38 90 75 36 22 58 2 50 26 79 82 29 84 51 40 32 82 15 33 90 75 9 79 76 35 99 41 32 97 43 45 35 32 92 79 81 39 33 84 54 98 61 92 82 58 94 28 88 88 98 26 68 45 39 86 55 76 82 65 16 52 99 68 40 59 38 95 45 72 77 98 99 9 80 52 67 52 97 67 68 67 97 83 30 13 51 2 52 47 24 59 75 43 62 77 93 32 12 19 31 10 98 46 49 36 6 78 29 18 98 
68 91 80 25 64 65 76 35 75 39 22 99 79 24 11 4 85 77 26 19 2 41 95 72 94 58 45 57 38 91 53 67 81 6 81 8 44 32 81 85 60 47 33 37 36 55 42 93 76 32 10 9 82 91 78 71 15 64 34 35 87 78 32 39 24 13 88 23 88 32 84 88 46 97 74 44 64 69 98 65 38 24 78 84 13 2 19 67 84 71 26 91 99 29 71 82 18 7 13 63 12 72 17 31 62 68 35 82 77 2 23 89 91 43 92 58 8 70 27 1 79 0 78 88 68 50 71 27 23 4 90 98 20 69 97 72 33 28 31 22 48 33 68 27 30 33 72 97 95 62 85 71 14 34 1 12 75 25 70 44 31 82 25 22 68 10 12 94 98 7 11 20 1 19 97 48 84 31 64 15 25 87 58 51 42 47 39 22 52 79 91 96 42 2 46 70 99 60 96 17 88 19 78 16 12 51 86 81 53 32 78 42 0 64 52 7 15 96 29 34 54 76 31 79 55 23 75 97 75 55 99 57 78 40 0 62 76 66 24 56 5 54 85 89 42 50 21 73 93 39 69 8 23 87 68 89 7 90 30 73 46 74 44 66 41 67 10 94 46 72 41 3 12 38 86 52 28 8 28 47 0 52 90 56 81 93 21 55 6 10 26 85 81 34 35 92 25 92 30 32 
91 84 16 81 17 50 40 6 86 11 50 63 67 35 41 2 77 78 90 71 96 41 4 65 67 62 53 16 78 58 46 8 33 59 34 18 97 14 3 77 63 7 74 84 27 46 44 59 43 36 20 62 57 35 99 65 14 23 57 84 84 38 6 74 80 28 65 5 68 78 92 72 97 47 96 38 52 36 74 45 98 70 66 20 36 70 43 81 16 24 20 9 98 91 85 95 98 96 52 68 14 76 49 84 74 91 29 88 46 75 71 37 16 86 61 38 23 43 28 97 23 14 56 36 77 2 87 17 65 74 52 30 23 7 84 47 3 9 60 28 53 64 4 92 87 1 83 2 72 12 75 41 1 80 91 7 49 82 76 5 19 83 32 47 86 89 65 86 44 74 21 85 84 54 0 76 56 70 90 70 8 61 31 61 70 51 33 0 46 28 13 36 14 46 36 39 97 30 87 37 13 37 24 52 56 89 51 47 55 89 50 28 94 58 9 18 72 63 96 21 68 99 85 41 58 68 56 62 86 0 6 20 9 20 58 83 21 75 10 71 4 32 41 98 64 66 43 54 69 27 10 80 50 41 76 59 13 53 93 69 54 20 42 36 86 87 22 71 67 2 88 34 38 41 89 63 16 5 71 31 39 92 14 80 2 59 63 52 93 84 62 74 36 9 44 67 18 75 64 4 
54 86 61 2 51 68 29 43 91 52 17 87 84 17 61 61 98 47 16 27 68 50 20 66 42 0 51 15 98 64 73 2 74 4 66 93 17 6 42 85 97 7 71 16 89 67 10 27 51 61 6 75 88 46 37 25 10 28 67 94 74 5 16 54 26 52 66 70 37 23 19 75 10 29 51 88 93 82 37 13 12 8 26 2 62 45 59 68 58 43 25 2 9 23 42 78 11 17 89 13 91 58 96 92 14 67 36 61 26 41 95 89 67 57 66 63 49 54 82 73 32 89 84 18 93 21 73 92 1 47 87 18 18 91 57 84 56 60 67 70 30 64 78 22 70 64 45 94 99 62 40 90 84 3 96 69 28 4 47 46 68 80 77 65 76 80 27 63 93 37 11 70 38 80 97 13 14 12 44 15 42 25 83 62 4 9 13 69 75 55 44 58 23 5 2 14 71 86 77 42 13 53 64 95 38 57 5 92 95 73 34 62 99 10 39 0 18 90 44 77 14 95 22 7 48 45 35 41 68 12 24 95 12 85 19 64 66 70 32 24 45 44 19 20 10 89 10 82 20 19 96 1 40 88 87 41 25 38 74 70 51 68 27 67 86 69 95 9 50 36 89 73 64 45 63 19 67 12 82 83 8 59 34 65 75 1 18 39 39 84 81 78 20 38 94 34 98 64 72 46 
65 78 28 36 91 87 59 8 82 96 82 11 83 31 21 77 89 14 44 15 82 40 80 19 98 15 5 69 90 87 26 7 76 93 18 71 99 71 26 87 86 8 83 6 84 83 13 25 39 45 68 12 45 54 22 66 94 63 93 78 96 77 62 4 71 89 66 8 68 57 12 69 0 14 68 8 17 14 94 82 5 51 6 38 26 93 51 8 5 89 61 99 29 99 43 34 50 41 96 37 78 60 62 80 28 90 1 53 28 84 45 98 83 99 54 37 55 22 75 11 76 6 61 38 64 8 65 75 41 70 41 52 45 20 47 34 62 89 86 13 62 78 37 46 56 27 85 49 1 24 63 65 10 69 90 97 87 17 49 20 51 3 80 7 24 2 31 90 46 67 80 24 71 4 43 42 30 83 14 83 36 44 46 37 62 71 22 79 48 61 10 46 45 41 33 28 5 62 11 91 11 55 74 54 75 25 57 23 27 88 70 41 4 13 80 74 39 15 44 52 68 33 61 43 7 23 5 2 46 75 74 27 42 25 80 4 61 98 5 67 24 38 27 28 12 24 85 46 34 78 17 47 39 53 72 21 73 34 39 49 12 14 4 73 76 27 51 72 27 35 75 76 17 0 71 17 45 57 78 0 63 8 51 66 89 60 13 66 67 61 27 57 34 70 13 85 2 11 82 59 
31 7 45 29 57 19 98 42 20 51 66 32 94 96 1 72 50 55 11 52 64 69 37 42 18 60 42 67 67 5 18 94 74 6 61 89 46 10 14 37 23 34 22 22 11 75 96 29 53 25 91 34 94 26 50 24 66 27 58 7 98 78 45 8 92 85 94 2 6 98 41 36 46 28 9 98 21 80 15 33 39 51 36 80 39 79 25 19 55 68 58 41 46 5 61 28 56 20 9 63 14 46 75 73 15 74 55 4 17 92 10 13 12 37 62 9 68 45 31 7 65 7 33 53 48 35 45 84 44 42 33 80 30 63 58 79 28 43 48 0 47 98 81 95 84 78 42 55 36 83 14 72 76 55 35 79 92 92 18 35 98 8 54 13 37 25 44 49 18 25 73 94 43 91 73 72 35 58 79 69 53 26 4 59 40 17 12 67 22 39 79 72 67 97 24 2 5 87 64 49 21 0 73 11 25 38 41 36 80 86 37 83 45 49 69 14 44 20 73 50 65 49 72 21 3 50 20 71 20 41 31 6 77 45 89 57 28 48 85 12 72 30 8 45 62 97 59 82 13 17 53 42 39 65 22 5 94 27 17 60 23 25 96 48 62 56 19 21 50 37 18 54 36 13 81 52 70 93 68 72 44 47 52 72 78 8 95 80 95 47 48 89 10 76 95 67 55 84 61 40 
97 92 95 52 61 16 3 82 57 66 36 62 30 79 63 21 3 38 70 34 3 86 8 94 61 49 36 23 38 78 7 68 38 46 84 28 78 10 18 96 65 52 9 58 42 37 41 47 90 86 4 87 83 45 89 32 43 62 76 72 97 37 39 75 56 2 66 0 86 92 31 6 88 94 53 3 15 32 34 64 35 96 99 28 96 48 43 65 78 47 50 6 21 90 7 44 89 5 64 55 52 14 41 5 72 77 72 0 88 4 55 95 49 81 2 3 17 10 19 83 4 9 3 46 33 16 50 74 95 6 46 9 49 87 76 99 83 56 16 23 6 83 7 15 1 65 5 1 53 36 56 80 82 60 57 46 63 60 73 51 52 98 29 13 17 75 93 82 42 0 83 75 49 86 26 82 79 43 9 3 43 90 58 42 60 83 82 27 41 86 39 70 90 81 3 85 68 8 75 56 88 81 80 92 33 24 73 35 91 52 97 23 68 90 58 95 1 75 58 42 68 13 8 47 25 30 39 36 17 31 34 79 83 42 92 10 41 62 38 62 29 4 61 10 12 15 47 57 95 31 7 41 84 90 1 10 63 58 50 14 14 19 11 22 69 7 82 97 66 63 40 67 40 82 38 77 27 99 81 55 44 64 35 42 93 84 32 71 58 52 98 67 45 33 41 37 15 69 26 85 
33 37 56 2 58 78 43 71 69 35 40 65 9 17 54 28 74 92 48 58 88 45 86 72 3 96 20 60 5 64 44 6 68 25 64 3 1 61 36 31 93 70 5 14 2 15 22 78 41 29 50 79 15 4 30 71 80 50 73 6 11 67 33 93 3 90 31 86 10 35 58 7 64 13 11 44 54 54 45 42 8 4 8 94 55 6 59 41 72 99 18 13 93 27 4 40 44 52 21 20 77 47 56 70 46 27 27 82 19 69 70 99 64 16 81 44 46 71 76 27 46 69 6 92 26 35 9 44 57 57 27 19 81 54 58 64 7 65 48 33 99 72 58 61 65 90 93 51 75 54 34 99 39 73 42 12 11 56 49 34 20 70 36 80 56 15 4 93 19 74 30 51 87 81 80 4 3 70 29 88 17 55 59 30 23 21 0 83 32 94 67 68 75 54 29 16 84 35 79 65 21 55 57 9 27 85 84 72 73 95 0 76 1 47 93 29 6 45 43 2 25 28 51 8 71 55 48 57 38 89 78 84 59 36 42 27 83 55 34 73 8 26 14 17 75 10 20 31 36 65 99 81 50 43 70 76 23 81 67 81 10 94 74 54 11 0 60 41 38 25 67 83 44 82 40 65 75 99 34 39 93 60 89 13 82 34 99 98 21 29 18 14 11 42 54 11 62 20 11 4 
98 79 34 74 53 40 73 86 88 75 45 23 96 98 64 40 18 33 30 29 19 23 27 98 39 64 46 23 0 95 28 46 85 38 64 19 75 31 73 34 88 6 72 82 34 76 32 56 10 18 96 57 46 38 84 60 12 33 26 59 12 14 2 21 76 62 63 88 57 80 61 4 37 67 12 20 31 42 2 31 26 67 44 69 30 11 72 4 67 60 79 49 28 56 53 23 35 86 17 18 45 71 48 80 80 10 40 64 15 39 73 59 58 72 30 19 71 37 4 54 60 2 72 27 6 26 62 70 9 23 90 46 25 71 78 58 21 24 76 84 49 64 41 74 13 62 58 26 4 65 87 13 3 82 45 55 83 16 72 89 4 52 20 38 50 81 23 50 75 41 84 7 3 8 63 34 21 41 73 74 71 3 21 39 91 5 19 99 58 45 55 59 74 34 29 96 44 16 48 20 88 32 77 98 79 84 58 42 32 52 2 11 10 50 70 99 10 79 61 53 73 54 8 42 28 32 81 86 34 89 12 76 82 78 6 15 86 95 70 46 15 15 14 90 70 26 91 78 94 19 79 11 67 10 94 13 62 19 82 6 86 35 40 46 70 62 72 55 32 70 44 18 90 56 55 53 31 48 71 10 32 50 30 0 87 70 33 32 91 7 90 87 62 11 11 38 88 81 18 10 
96 61 14 6 0 73 56 17 76 84 23 12 67 67 45 11 46 45 77 7 17 83 0 57 35 32 73 76 51 35 0 5 32 43 79 42 6 74 82 95 31 29 89 16 97 43 4 38 64 76 3 94 94 39 25 12 45 7 30 1 69 63 18 30 22 49 28 74 25 72 87 61 50 68 7 3 68 89 95 36 60 90 18 65 31 13 84 80 99 64 19 67 64 17 85 74 91 70 19 34 23 90 94 96 62 8 9 67 18 26 87 61 60 40 23 9 88 10 77 53 79 90 99 80 49 19 56 62 31 87 31 98 20 57 11 41 31 18 85 58 65 77 91 69 90 2 80 96 13 49 48 91 31 66 30 90 88 98 67 13 38 3 76 30 58 9 87 71 56 54 93 34 53 79 64 45 15 43 15 11 73 84 22 50 8 91 29 3 1 93 63 46 75 51 91 39 32 21 85 93 43 95 81 73 44 72 8 43 35 20 80 22 90 79 30 54 34 94 11 1 92 82 2 15 80 46 43 19 53 78 9 13 98 14 27 34 16 3 38 48 54 48 54 82 2 7 85 59 65 22 16 86 84 81 55 71 23 1 60 44 90 39 43 2 30 6 69 24 75 97 43 76 76 32 13 21 70 44 77 86 96 84 80 41 22 51 99 62 13 84 63 36 95 1 20 32 87 23 42 69 
3 13 61 12 80 3 93 89 42 77 9 21 92 12 4 62 70 59 96 39 94 18 39 5 75 4 11 39 17 43 7 72 77 92 39 2 43 14 26 17 81 31 26 85 21 93 12 97 44 47 13 16 13 52 96 37 56 95 37 91 7 32 55 57 88 9 69 96 49 9 37 16 9 73 18 95 87 40 90 42 83 92 35 40 56 25 79 38 84 26 25 56 79 14 70 60 54 17 56 72 18 55 18 16 96 44 24 34 30 56 88 9 9 20 85 24 41 2 19 59 24 26 19 66 23 6 33 33 37 40 15 44 69 44 79 28 71 59 56 17 62 2 85 26 64 91 3 46 93 3 48 4 96 31 39 89 72 80 82 12 58 45 38 54 32 94 34 44 78 7 6 30 94 29 49 33 13 41 37 15 40 39 91 89 72 48 82 53 54 31 55 49 57 4 33 80 97 42 54 8 80 84 79 16 11 78 17 26 72 49 48 43 9 10 98 14 76 62 91 90 72 80 84 76 94 98 81 97 65 55 40 76 99 93 91 55 1 48 80 9 9 31 43 71 70 77 88 63 87 28 55 29 64 6 60 74 13 51 78 81 4 51 19 56 5 10 32 26 84 97 99 7 11 12 70 5 89 24 66 32 70 11 36 64 4 74 35 9 13 55 62 36 18 10 15 36 55 20 76 75 
20 70 20 58 23 92 26 86 75 90 70 1 9 51 48 89 37 79 57 27 47 80 19 38 46 33 80 88 61 51 6 9 72 5 25 52 74 42 50 19 36 40 67 34 8 23 47 62 11 70 39 22 19 37 8 55 2 16 59 32 87 99 15 72 6 98 54 55 77 11 26 43 84 93 81 76 59 83 95 77 41 54 84 8 21 40 73 27 64 6 59 5 16 71 9 5 24 32 41 89 67 50 19 57 66 66 37 53 37 57 74 89 49 61 24 75 33 18 31 22 17 80 16 57 54 15 6 78 30 52 52 20 67 24 68 35 4 59 14 6 75 10 7 53 25 12 56 69 82 98 45 8 12 1 95 22 23 84 34 0 34 90 43 34 48 32 93 8 84 99 60 64 21 21 27 27 94 53 30 45 21 88 24 54 43 58 19 50 32 74 68 75 79 5 68 94 7 51 91 44 31 2 12 97 79 68 13 98 88 88 37 78 23 2 86 90 32 30 76 39 81 20 24 40 48 9 9 84 24 65 36 75 41 14 73 31 73 75 57 50 39 8 82 58 73 57 97 18 12 22 15 3 49 30 66 61 58 75 73 32 31 97 51 32 41 96 35 69 78 39 59 3 14 98 11 56 86 84 33 32 79 94 11 72 74 58 35 44 29 67 33 86 52 11 65 14 36 39 59 66 
56 64 36 41 23 66 87 92 25 49 80 98 5 97 0 25 46 26 18 19 53 4 88 74 22 81 88 14 63 57 60 92 25 93 43 48 72 75 11 2 5 60 4 42 94 7 19 22 38 98 79 88 89 95 62 40 38 17 43 29 92 18 86 98 18 78 53 4 6 17 37 6 95 2 49 94 53 22 91 6 82 47 58 14 3 43 47 8 44 39 26 51 4 87 77 52 59 13 45 93 41 37 20 37 19 31 69 81 64 99 40 3 89 85 12 28 25 5 24 90 8 76 18 8 10 80 6 6 55 27 79 60 28 39 5 45 21 10 98 59 5 21 14 88 33 67 5 60 60 65 72 74 14 59 6 93 60 40 0 56 67 67 59 83 57 50 70 27 60 44 47 55 28 22 62 18 64 17 79 5 48 94 31 37 69 65 91 92 40 99 88 50 80 7 34 76 50 23 50 0 54 12 5 91 23 98 55 31 59 72 56 91 64 88 34 29 31 10 83 99 7 83 21 20 92 39 99 13 36 66 77 26 5 99 7 58 13 2 94 48 78 40 3 10 54 72 44 59 10 49 8 0 53 37 83 78 23 24 58 72 79 78 12 82 66 33 65 44 57 78 73 5 69 5 97 54 68 54 85 44 75 79 66 85 6 36 82 53 51 66 28 59 11 83 74 33 81 13 35 34 
88 25 54 58 99 53 60 47 23 37 10 23 73 3 35 4 33 6 91 19 67 40 4 84 71 94 15 86 10 79 54 82 38 67 53 40 90 51 95 82 75 14 30 43 46 2 41 79 68 35 77 38 18 31 26 18 32 19 12 68 0 48 1 73 11 54 16 33 12 1 43 77 16 69 89 74 48 91 87 93 49 32 32 84 5 30 10 32 70 49 36 21 20 76 1 91 46 56 89 39 62 84 66 89 73 41 56 31 93 99 86 30 85 65 49 15 48 2 21 32 65 73 87 0 90 58 56 53 21 37 72 72 52 83 95 71 80 62 62 78 43 58 29 38 19 25 75 69 86 87 99 53 1 66 29 13 18 31 48 5 14 82 63 30 13 58 10 41 35 21 31 62 82 75 88 33 1 29 90 36 45 64 62 63 30 29 19 80 96 39 5 97 74 38 56 92 35 11 72 53 43 98 87 81 80 99 75 27 13 48 3 19 39 53 40 98 39 21 72 73 39 1 93 7 21 71 7 53 20 80 80 21 11 60 11 46 95 49 87 0 45 79 13 37 33 83 76 90 21 55 5 76 13 41 30 49 10 74 94 59 29 81 50 63 85 4 46 18 69 90 59 64 51 41 16 96 79 90 22 72 40 39 89 93 4 60 43 66 67 61 31 1 74 71 75 94 75 45 65 71 
64 57 76 63 91 15 40 43 49 13 11 6 60 68 28 40 85 98 37 1 18 8 57 55 18 77 89 25 35 60 35 98 65 27 28 5 31 69 2 46 35 5 50 25 49 95 18 85 16 66 95 64 64 42 37 13 51 37 11 6 15 81 48 7 71 19 58 35 2 94 17 21 48 21 96 89 78 99 20 9 8 89 77 62 5 88 33 47 39 28 98 48 71 63 28 55 8 91 47 23 75 7 62 64 53 26 79 95 88 49 53 42 27 94 24 3 13 22 36 81 43 0 24 27 65 86 28 12 50 72 25 79 87 47 72 91 2 92 77 1 23 68 65 65 91 50 87 59 27 47 63 20 7 13 36 19 92 23 91 35 58 72 31 37 82 15 47 31 99 62 46 1 67 73 1 7 73 32 26 34 92 55 60 82 27 99 63 68 15 2 93 93 80 71 17 7 40 30 11 94 68 24 84 85 0 40 64 78 65 93 17 32 88 32 2 36 22 96 43 46 39 6 35 36 20 20 11 87 8 37 57 73 52 72 5 79 9 96 86 40 42 25 45 89 67 83 89 70 30 55 63 29 36 48 80 70 29 16 90 83 71 75 64 13 48 39 64 38 87 65 96 0 6 55 73 42 81 75 54 49 5 26 80 54 77 92 88 74 85 95 38 94 18 70 44 4 40 0 62 50 
59 25 49 17 3 60 41 89 54 93 88 55 60 74 72 27 80 61 44 84 46 64 85 20 74 3 38 20 32 37 46 35 86 77 29 65 42 83 38 63 77 56 11 90 55 66 22 49 87 39 94 11 61 7 73 29 66 20 45 51 80 38 4 80 39 84 49 67 43 13 59 65 15 62 4 97 9 78 26 25 51 63 53 89 62 81 57 49 93 17 61 3 59 68 9 71 49 60 47 27 18 9 16 57 32 7 10 7 24 28 93 21 28 97 18 29 4 18 2 80 54 17 11 95 99 63 3 60 91 49 26 65 30 40 94 69 32 76 33 34 54 6 42 39 6 92 27 27 93 57 83 50 54 1 10 99 50 34 49 93 6 80 47 85 97 82 92 63 87 45 6 37 44 44 37 78 81 93 71 59 55 75 20 19 33 73 74 30 13 33 48 55 74 45 4 39 53 18 22 1 4 45 23 60 54 47 87 1 48 67 39 54 71 27 81 83 35 92 43 26 44 54 14 58 43 23 80 59 55 36 37 42 28 33 7 27 67 26 79 74 8 75 13 50 73 38 11 34 40 78 54 2 50 26 74 18 97 14 91 98 46 2 4 46 43 88 39 14 85 39 77 60 97 29 39 72 12 12 29 65 63 8 38 58 28 60 32 48 91 52 78 18 88 85 35 37 65 51 65 77 
62 75 25 87 87 72 57 28 62 20 71 98 26 46 88 74 59 2 5 22 50 82 12 68 63 0 19 70 50 82 60 56 7 4 80 15 90 96 33 75 81 46 82 59 15 51 55 15 77 72 84 54 34 19 58 45 73 97 22 3 53 0 56 71 80 34 5 72 49 95 65 79 82 48 85 98 59 4 91 91 2 67 77 18 75 25 42 27 40 36 58 92 4 81 18 26 29 49 13 14 49 42 9 98 61 19 80 41 17 8 36 31 76 91 33 56 73 24 18 44 72 86 19 55 65 26 69 74 53 35 59 1 6 8 83 66 6 34 48 6 91 60 31 47 26 19 79 74 31 65 37 2 31 19 4 45 37 59 94 49 42 27 43 89 44 18 1 33 85 34 80 11 47 80 75 64 99 68 23 14 23 52 76 31 64 18 93 14 23 95 7 69 2 59 45 66 87 91 39 2 57 6 44 43 58 43 96 88 28 97 82 79 59 80 6 70 38 72 78 46 97 39 50 0 58 12 54 21 63 65 31 53 99 76 21 50 32 86 15 81 33 71 19 73 52 2 95 43 42 76 64 58 1 55 95 24 58 69 73 8 3 4 43 85 43 76 69 80 13 32 51 45 21 29 42 0 17 93 40 90 16 35 30 64 81 62 36 3 1 90 46 45 76 33 2 12 5 15 95 17 
