78 63 92 11 51 94 47 79 70 60 75 9 63 56 84 4 16 17 86 84 45 54 74 56 48 42 59 69 12 95 84 39 55 49 39 15 6 92 14 4 64 94 30 66 75 26 10 88 18 18 29 44 98 86 6 1 19 33 26 24 29 87 59 91 72 91 4 66 49 7 96 55 79 39 24 25 32 98 99 63 39 27 81 73 90 74 44 55 7 5 24 29 57 49 74 35 16 49 69 42 4 23 73 14 58 16 65 14 48 69 58 5 71 31 38 6 6 23 8 18 40 62 62 88 50 14 89 14 78 6 44 70 51 91 35 99 15 80 25 41 81 42 0 26 6 43 60 59 17 72 63 54 18 70 75 17 13 58 76 39 20 99 4 26 54 11 88 21 32 73 41 66 15 94 87 2 8 63 0 0 17 6 52 60 41 14 60 17 6 24 84 20 8 95 46 66 32 84 79 28 
30 91 36 62 88 9 58 74 8 50 37 77 84 48 63 30 80 72 75 2 40 37 40 96 75 47 33 98 23 22 69 96 65 59 71 87 87 78 97 16 12 89 16 22 16 63 61 93 76 48 75 69 17 56 53 43 92 35 21 78 17 8 97 5 28 57 92 78 55 33 65 70 90 51 4 47 95 54 57 10 9 30 41 67 19 86 6 97 69 58 62 42 27 35 43 63 85 88 49 24 85 16 69 38 86 37 69 16 93 35 71 71 91 5 51 22 19 35 59 66 48 44 1 47 48 2 3 46 98 49 14 95 29 4 93 94 78 98 3 42 4 91 72 38 6 9 40 48 41 54 88 18 10 79 13 59 34 14 50 62 72 91 21 9 19 20 34 4 49 83 63 47 34 16 71 66 41 75 76 3 64 99 46 57 71 0 34 63 87 55 67 51 43 23 4 69 10 57 67 74 
50 59 96 13 17 78 24 11 54 59 19 65 86 39 60 52 19 42 93 96 96 8 51 17 55 12 50 22 12 18 8 3 2 56 14 26 35 16 0 28 3 36 94 89 57 42 7 69 9 90 49 4 41 37 73 1 51 15 16 38 15 45 57 59 65 55 90 64 57 47 42 71 85 79 49 51 82 91 37 73 71 95 22 53 82 11 85 69 80 48 81 96 36 22 23 74 99 66 91 81 6 95 10 27 67 47 94 39 85 71 52 65 63 23 61 26 3 74 19 26 27 82 21 92 7 38 58 12 36 53 13 83 60 19 4 80 51 89 7 24 74 10 92 75 86 2 41 82 7 73 80 41 10 46 41 42 15 93 60 37 7 7 13 25 13 59 73 82 43 80 19 96 48 42 11 33 44 85 34 3 83 1 23 45 89 59 39 38 70 58 39 77 53 73 42 74 50 60 8 49 
84 53 63 23 56 10 75 33 72 80 5 48 7 90 44 73 90 66 10 92 26 78 18 96 78 91 48 52 3 6 46 97 54 64 93 55 35 64 28 5 16 18 48 61 7 43 19 55 43 34 7 64 0 73 93 54 62 84 3 58 64 88 66 7 1 56 64 29 7 25 56 40 86 92 86 66 99 40 69 22 81 88 16 94 24 69 77 75 49 8 12 44 73 75 64 25 77 38 89 25 80 60 61 66 63 45 68 7 50 2 26 37 76 11 12 42 49 69 25 20 90 4 38 6 25 7 8 96 1 65 78 11 20 38 54 71 99 86 40 72 50 57 32 62 32 76 3 81 17 47 38 79 70 40 42 60 1 94 83 33 34 94 66 0 5 38 24 15 82 7 41 33 73 4 9 24 93 47 58 97 50 52 58 74 13 3 43 2 37 63 80 46 36 64 53 22 40 13 6 86 
35 95 72 46 12 20 56 83 70 11 36 64 61 39 79 27 11 10 57 81 53 40 7 77 3 8 64 23 14 54 44 72 87 58 63 47 82 52 18 31 81 45 29 32 82 73 68 60 92 32 92 87 57 94 13 0 71 18 22 97 64 98 62 25 66 65 72 89 53 25 17 93 8 52 58 75 65 89 70 59 24 66 89 33 40 4 25 57 75 73 75 54 89 53 97 1 8 72 51 6 7 35 87 91 76 25 66 39 45 68 76 10 38 96 79 12 87 51 51 87 57 77 36 21 35 30 60 16 17 62 78 83 21 21 8 14 8 79 97 94 84 61 22 64 75 33 58 98 94 62 7 62 91 96 8 37 4 22 11 23 97 40 31 53 55 59 3 18 66 91 88 23 56 93 89 37 43 77 47 49 85 2 90 17 58 11 59 28 82 88 19 36 91 2 14 31 89 2 72 88 
16 57 34 22 94 32 36 45 54 54 65 3 96 42 75 58 42 69 17 33 10 69 31 36 80 67 89 12 87 46 95 10 23 0 63 71 46 17 31 36 19 45 56 18 54 63 47 52 94 68 7 72 47 72 8 40 80 47 50 46 36 86 65 70 27 97 95 2 83 96 90 58 60 25 29 29 41 53 1 35 3 0 80 49 43 18 52 26 75 43 52 92 9 67 17 18 68 87 47 59 31 59 74 55 59 56 83 24 19 39 81 4 30 14 49 52 96 99 45 40 89 15 44 61 66 1 31 36 21 63 94 2 96 99 54 7 45 90 50 2 9 22 71 93 1 82 21 81 91 46 82 93 45 42 69 15 51 79 67 39 4 8 77 7 75 23 11 90 74 40 86 17 14 77 72 99 48 35 64 88 36 99 68 60 40 1 99 61 96 61 62 74 95 99 27 34 52 5 39 81 
78 74 80 36 96 89 59 18 41 57 78 5 23 40 86 87 38 19 3 91 52 52 32 87 51 99 72 23 63 29 12 22 56 19 11 39 65 81 53 15 50 62 88 49 32 22 28 45 75 21 7 77 61 96 67 25 60 1 68 31 95 88 46 18 45 23 88 26 19 50 84 16 85 16 45 82 26 44 71 10 87 83 2 11 9 76 41 64 82 17 68 28 25 14 36 78 17 28 82 10 76 67 66 47 20 79 33 18 58 4 29 18 81 40 5 62 9 53 37 80 44 18 83 4 14 78 21 40 48 63 25 85 72 14 19 2 3 68 29 87 68 46 33 77 71 20 30 16 60 58 16 49 15 65 21 29 43 97 88 74 50 19 77 96 33 72 9 7 88 54 4 99 12 55 88 23 67 72 16 78 44 64 48 79 95 77 83 21 83 22 98 51 38 74 59 39 69 71 50 48 
26 38 22 48 70 55 16 92 54 72 67 65 67 51 88 43 56 63 0 14 53 82 93 6 66 28 54 55 10 79 29 87 40 72 12 76 5 45 76 53 20 51 12 43 50 74 61 79 74 90 64 26 92 12 25 73 20 46 74 70 74 35 83 75 91 67 97 42 34 61 80 4 20 30 78 98 37 61 41 60 92 83 59 24 65 89 24 19 57 8 92 90 30 56 55 0 75 96 93 17 98 21 45 46 47 88 49 92 60 81 15 87 60 22 2 20 84 29 32 44 9 25 7 6 33 30 5 50 92 82 13 27 82 75 70 80 98 98 42 7 67 10 43 98 28 46 1 46 49 55 36 12 35 94 15 21 61 88 34 41 9 78 27 75 1 83 31 0 71 52 0 6 93 99 2 27 17 52 94 82 80 32 69 87 41 38 41 25 76 66 88 25 68 92 42 49 82 82 81 4 
2 33 59 32 95 37 11 40 51 91 47 88 84 99 5 97 61 38 36 53 95 41 94 86 43 87 83 17 76 47 19 55 97 54 51 51 49 92 66 71 89 40 19 76 22 1 67 70 36 29 12 57 18 1 21 72 47 19 44 99 20 28 89 12 98 10 73 34 83 99 12 50 96 2 66 38 38 25 20 2 10 8 45 36 69 69 83 31 27 69 76 64 70 78 80 69 51 94 13 77 13 38 99 43 73 2 5 50 0 64 42 86 94 27 4 12 56 14 7 76 69 73 59 90 34 99 23 53 2 17 85 20 6 98 62 13 54 87 47 36 60 53 20 44 42 93 52 12 6 39 29 53 59 94 38 14 75 27 98 20 36 52 3 51 52 71 42 52 80 99 65 69 21 33 90 69 4 7 18 21 0 61 34 39 59 81 80 81 43 73 93 94 8 26 6 46 25 92 29 24 
26 99 25 71 13 20 29 50 37 24 21 1 42 36 13 79 59 77 85 21 4 58 9 31 76 60 62 89 18 70 54 21 74 77 57 47 78 69 28 9 65 29 41 29 84 23 6 15 92 15 46 47 15 74 93 87 66 30 68 21 46 52 98 67 2 77 21 82 81 45 55 68 52 57 22 69 2 59 98 89 57 87 50 20 84 88 34 46 43 35 79 92 43 31 79 54 99 66 31 15 41 51 55 46 97 5 5 66 87 55 80 8 60 4 81 51 6 40 35 64 7 0 52 71 31 35 0 6 85 5 5 93 96 32 19 26 34 93 21 42 88 28 28 75 71 39 84 63 27 48 8 57 62 40 61 75 47 35 6 12 19 46 15 18 4 40 51 30 1 96 30 75 37 69 27 0 3 87 62 66 17 65 45 46 79 60 20 2 87 43 55 26 63 92 31 41 75 34 63 41 
7 50 57 87 90 11 35 18 68 1 51 51 61 21 83 41 4 55 97 70 31 12 14 33 47 43 51 58 39 14 48 71 96 12 17 52 51 57 99 65 82 56 12 22 35 88 1 95 47 14 54 73 11 2 95 22 72 56 2 16 80 21 9 72 83 98 58 92 47 24 32 9 64 89 68 3 31 42 27 89 25 81 89 61 78 44 59 75 10 75 37 45 36 3 95 88 18 47 85 77 24 64 68 86 4 87 71 62 96 34 98 1 58 23 53 93 73 47 5 78 1 35 39 92 97 47 65 67 55 56 0 62 80 4 82 28 92 3 1 87 32 56 29 77 33 65 63 49 56 27 49 78 89 33 84 82 5 50 91 53 19 45 34 47 36 13 59 67 93 73 99 78 89 41 80 28 76 22 62 53 71 71 84 90 53 52 44 57 90 47 53 90 2 93 44 16 95 34 29 36 
3 28 32 87 40 65 56 98 49 3 90 81 50 7 13 64 78 33 20 10 0 51 16 55 99 0 16 37 83 16 38 29 57 21 1 14 13 71 8 94 17 71 79 93 44 8 84 11 84 76 39 49 73 10 15 54 48 59 65 58 46 82 38 75 29 63 96 8 19 16 28 26 80 79 58 93 27 50 57 43 91 36 57 31 64 51 2 64 47 22 0 11 14 97 95 39 57 55 3 31 24 95 24 33 78 74 18 37 21 84 37 4 95 61 27 94 80 70 6 90 37 60 91 76 5 32 55 43 54 24 6 64 46 77 81 55 82 57 76 65 71 35 7 70 23 88 60 91 86 44 66 2 62 6 37 49 91 0 38 17 0 19 47 4 90 6 58 96 74 56 11 29 8 2 96 17 76 13 28 95 94 17 66 74 66 79 31 6 62 21 42 15 78 80 96 61 48 97 0 60 
96 86 63 66 50 26 7 85 55 87 36 89 40 76 71 9 96 28 95 12 60 86 49 99 42 38 89 29 31 42 21 84 1 56 36 26 67 87 92 82 29 19 47 8 79 18 20 6 42 21 12 37 87 32 15 88 50 13 84 83 5 74 88 34 8 29 59 42 48 4 47 12 45 77 17 38 85 43 65 3 54 17 58 11 21 30 70 5 27 86 71 47 84 97 6 79 43 30 59 35 5 73 45 16 78 84 35 42 84 94 39 99 25 1 42 72 35 65 32 4 5 25 33 96 9 90 65 20 28 2 20 32 34 63 69 60 43 88 48 35 93 55 49 26 50 16 63 78 84 93 56 72 48 90 51 52 36 10 92 51 28 50 59 48 51 86 19 82 57 94 32 15 76 15 15 16 95 90 49 31 46 41 43 93 91 63 28 54 41 80 31 73 43 70 19 13 91 21 0 16 
76 66 55 29 20 74 69 97 58 85 93 21 15 81 76 51 76 23 68 54 55 37 71 83 41 9 36 74 11 29 99 64 56 55 54 37 35 35 20 1 45 75 77 19 40 90 11 98 9 64 67 24 27 25 75 8 94 79 42 54 87 74 48 56 56 74 20 83 11 11 91 56 94 68 16 73 25 56 84 47 71 78 50 48 30 23 55 75 77 46 34 35 47 27 20 26 10 54 42 96 61 89 79 54 50 89 51 87 58 2 12 80 10 11 0 26 82 56 31 46 4 63 99 72 7 0 38 37 48 24 71 14 53 62 62 56 92 94 52 45 47 61 54 10 9 64 2 43 27 55 4 80 53 81 54 9 66 82 98 85 75 64 15 62 70 66 30 20 38 54 82 43 19 40 46 17 58 67 94 29 95 25 86 33 76 70 10 66 50 33 12 98 63 13 50 16 54 72 83 3 
6 37 34 97 91 88 73 46 47 72 83 65 68 9 31 29 63 90 7 51 97 52 1 4 87 35 9 29 27 33 99 62 53 69 62 3 31 93 26 71 5 87 30 16 16 28 9 92 37 62 13 53 36 84 96 95 29 19 55 71 38 4 0 19 71 27 80 9 91 82 77 38 28 11 33 92 57 41 63 42 25 30 57 6 46 8 78 99 3 41 12 32 15 45 90 28 56 54 68 8 47 92 79 54 84 68 43 55 35 17 18 99 24 25 98 63 97 17 34 4 26 72 65 78 46 66 47 8 71 76 61 78 58 66 91 90 8 39 76 83 12 28 76 83 2 72 20 29 7 39 64 2 90 37 93 95 99 41 61 78 21 45 27 76 5 56 53 24 77 96 12 34 34 89 83 14 95 86 72 50 85 13 48 81 51 20 40 50 1 22 4 92 11 74 26 15 56 52 50 23 
31 66 88 15 3 25 99 41 42 40 93 28 91 83 75 30 4 60 7 59 61 70 86 29 47 63 15 13 95 88 45 27 18 2 40 86 73 95 90 46 21 61 55 77 69 2 48 67 15 21 92 85 11 17 69 9 73 67 77 48 98 32 10 72 54 15 94 83 17 40 74 78 10 6 23 95 55 30 79 45 50 28 90 10 67 38 20 76 39 39 24 39 56 69 65 58 91 38 8 62 62 67 75 54 26 51 88 29 32 98 61 85 46 93 86 97 32 45 24 46 27 50 64 57 83 83 75 89 52 62 33 95 90 29 31 17 21 95 6 38 41 83 61 33 46 51 30 90 32 64 71 99 27 29 66 56 9 37 79 61 62 4 50 66 99 54 24 46 82 66 26 4 42 33 27 7 92 95 97 17 73 52 68 11 93 31 58 71 55 63 66 10 17 68 97 79 42 37 14 87 
71 45 91 50 11 35 52 90 98 12 96 55 88 84 96 26 53 1 66 86 24 75 66 64 81 49 81 82 59 86 39 83 46 8 73 52 16 85 7 94 82 75 89 94 25 34 17 89 5 7 76 1 78 51 21 55 89 4 95 43 42 51 49 41 8 83 40 70 40 20 72 30 94 84 74 75 52 86 34 74 80 40 35 32 59 83 55 12 47 76 1 78 71 17 39 71 57 56 21 8 89 52 7 48 26 62 7 90 92 33 99 86 49 53 20 43 1 4 31 61 29 98 50 84 77 47 82 80 64 10 3 90 53 96 85 55 4 21 70 76 54 7 9 70 49 49 65 82 86 81 25 32 12 65 58 39 13 43 61 40 39 43 7 20 45 81 21 63 22 35 77 87 35 79 67 92 92 29 72 77 18 31 29 47 44 58 2 9 51 81 72 87 88 52 43 19 60 2 44 12 
82 61 4 61 12 66 93 94 21 80 33 73 23 38 40 68 41 85 53 68 47 46 55 61 96 84 54 21 84 68 25 79 50 90 81 48 24 51 84 43 22 47 71 64 11 61 4 50 58 9 11 46 49 30 31 99 11 15 73 79 87 27 48 34 99 59 10 86 58 99 79 10 41 2 34 60 12 69 80 48 84 18 69 18 84 28 27 31 53 43 34 94 26 30 9 18 36 39 15 90 53 9 30 61 72 36 66 83 76 1 97 20 80 26 50 39 73 80 20 62 46 89 92 48 77 73 49 67 75 52 78 59 38 94 37 31 68 33 40 11 40 42 73 85 75 66 70 19 53 68 28 57 81 0 35 39 4 93 51 54 94 78 53 75 61 34 73 52 28 70 59 30 27 80 95 63 68 1 9 81 45 77 49 46 23 14 12 49 55 66 79 13 14 26 11 1 54 20 25 88 
47 43 15 14 79 78 0 38 30 45 8 61 96 34 27 63 4 55 97 40 1 75 74 78 87 56 93 85 5 85 26 3 60 11 0 50 94 72 35 62 32 42 66 15 1 9 80 2 60 12 65 23 31 77 23 51 5 87 30 19 21 32 19 25 36 51 67 73 85 7 24 19 83 89 48 43 11 42 42 93 63 57 77 94 53 4 22 30 28 32 14 83 59 74 56 18 51 3 28 5 56 3 3 89 95 42 77 33 27 50 57 62 20 57 31 29 31 27 48 82 19 90 69 1 3 98 37 74 81 94 89 77 63 51 89 88 16 80 5 85 73 57 11 39 44 69 46 20 45 26 20 34 11 54 44 18 49 97 75 54 6 40 56 41 46 84 41 97 66 75 48 16 93 26 6 47 83 72 75 75 30 22 70 52 8 72 50 88 17 38 57 48 41 54 92 61 0 9 95 58 
64 21 47 56 46 62 53 78 89 39 61 50 44 7 42 63 82 51 27 20 78 98 51 81 8 0 90 85 74 7 68 52 35 68 5 86 50 76 41 88 82 98 76 85 57 84 57 95 77 88 44 35 62 25 34 10 61 69 68 45 68 34 19 56 75 92 22 39 7 21 37 1 53 0 24 0 66 94 15 8 4 2 28 71 75 6 97 89 93 42 44 54 6 17 88 45 80 94 23 89 38 25 53 37 64 89 66 99 50 52 94 26 80 73 4 14 18 42 8 40 99 91 62 2 92 93 92 26 50 29 63 2 51 87 13 16 77 99 61 71 79 83 48 41 89 71 22 34 42 0 80 82 13 10 57 38 53 37 58 9 56 78 58 52 74 47 54 26 61 19 93 46 39 15 12 78 55 86 32 81 53 93 36 66 1 22 65 51 6 1 58 97 40 81 53 33 22 54 87 51 
83 0 43 9 35 55 98 55 2 2 73 90 41 40 80 46 4 1 78 51 15 79 13 29 8 65 87 52 28 32 4 76 85 79 86 29 31 11 31 97 90 60 50 76 16 66 25 5 94 48 53 96 68 65 50 11 9 83 92 65 48 76 10 15 9 19 58 53 3 72 10 89 18 91 94 37 76 39 30 23 83 22 8 24 37 67 77 78 58 78 65 79 54 23 84 86 37 74 60 76 19 62 15 49 87 53 29 88 37 98 31 16 87 4 22 57 81 98 78 66 9 51 28 16 42 17 18 99 15 88 15 80 98 16 7 98 1 87 44 57 5 92 76 32 21 1 0 34 82 46 86 7 16 26 0 47 55 9 17 72 95 94 11 28 13 75 85 85 68 99 21 56 34 8 94 15 74 10 12 39 70 70 8 69 72 18 94 24 63 91 64 47 3 20 33 27 56 19 65 25 
31 49 70 13 70 75 20 45 2 82 89 75 98 74 97 52 5 99 52 16 84 64 51 2 93 13 56 7 39 70 72 1 4 57 63 36 39 64 71 98 65 66 20 28 38 0 84 53 15 34 41 5 91 0 83 16 31 14 52 75 94 59 77 59 37 93 67 86 26 20 41 51 95 62 92 29 81 62 45 66 70 43 93 92 44 46 11 29 79 54 21 23 72 20 60 14 83 60 10 1 98 91 68 78 55 61 53 62 72 20 68 56 73 1 1 61 54 59 95 16 6 86 60 59 47 66 50 42 98 80 80 6 81 36 72 20 51 47 11 23 12 3 86 52 65 45 16 73 55 30 76 51 15 22 24 35 73 48 17 55 73 66 30 74 81 87 43 86 21 94 71 61 15 82 42 12 26 34 22 10 29 32 68 73 16 65 66 60 31 23 12 29 74 89 71 23 59 17 59 10 
74 99 64 70 53 70 92 30 36 17 28 34 85 72 38 86 51 75 28 84 16 90 60 72 99 77 11 59 99 42 36 66 21 53 51 95 84 55 1 28 11 2 5 55 79 3 23 63 1 1 88 44 14 58 3 60 81 16 19 0 69 45 4 89 80 98 86 64 19 28 16 0 38 84 53 35 54 81 77 70 50 51 14 93 95 38 56 65 28 16 58 80 20 91 69 82 1 6 19 86 21 90 25 1 75 52 65 80 12 5 95 76 18 24 0 97 48 20 15 28 80 41 52 18 98 80 86 47 73 2 62 19 39 48 96 19 48 53 32 52 35 80 53 17 28 9 76 38 85 29 21 83 16 52 90 9 61 55 84 83 88 38 53 37 45 87 10 73 86 20 70 22 60 53 4 58 6 18 94 82 2 3 25 3 49 61 83 39 90 32 38 22 6 89 26 62 94 27 22 53 
88 16 24 46 11 77 11 97 82 54 0 43 47 18 23 57 0 7 43 3 85 36 36 96 59 20 45 68 96 99 37 74 92 22 1 64 32 79 50 0 21 45 4 84 23 57 24 11 87 86 38 81 33 99 75 69 46 86 64 42 81 39 66 56 36 81 69 28 86 96 10 93 59 8 46 16 55 45 47 35 66 20 37 1 8 56 65 69 72 68 37 52 30 92 33 48 30 58 24 74 91 68 22 42 35 87 56 69 15 46 56 60 35 82 99 7 36 56 60 92 77 69 11 50 79 10 78 32 83 9 91 90 81 78 62 73 59 13 96 50 35 98 92 49 88 43 45 91 30 18 96 98 73 86 59 71 84 52 14 89 46 13 89 40 13 83 87 80 73 43 21 19 63 48 78 36 26 93 25 29 22 67 12 80 4 3 84 1 53 51 0 99 70 7 99 8 30 46 28 54 
94 24 48 84 98 50 42 16 85 48 85 14 31 7 0 96 21 27 50 35 13 46 41 75 42 86 95 27 62 39 65 87 74 61 56 1 66 29 65 17 37 81 97 16 31 77 60 72 77 27 17 90 81 86 51 27 88 67 15 11 55 76 18 3 65 81 49 10 37 88 65 67 94 56 96 25 12 93 69 94 29 58 6 28 89 27 60 33 2 93 59 89 47 39 92 58 58 6 63 99 8 68 77 26 99 60 42 11 55 13 86 88 66 37 64 94 61 28 4 35 80 97 17 74 92 24 62 72 82 9 95 37 58 84 10 18 70 6 95 95 56 98 43 4 87 67 36 52 69 93 1 75 24 3 79 61 30 96 21 33 2 24 68 78 57 29 22 67 57 93 72 46 67 55 21 0 23 77 92 79 40 0 13 59 37 90 61 25 91 99 68 93 47 11 34 55 23 62 12 65 
49 50 87 83 60 57 11 91 41 87 66 65 55 98 11 61 58 30 73 28 89 44 19 5 92 49 74 21 65 92 92 0 5 92 83 37 58 95 81 96 14 8 86 20 82 14 48 20 0 52 21 41 26 24 98 19 8 79 31 74 7 27 87 93 87 60 61 26 6 59 79 65 18 72 6 34 5 10 87 72 39 76 72 23 88 98 42 16 70 28 73 96 65 22 64 98 57 86 19 81 68 81 98 49 29 72 80 81 0 94 0 53 27 46 55 80 48 39 30 49 59 85 33 49 71 34 4 33 52 25 84 82 28 71 73 60 94 24 84 15 90 11 40 99 83 92 93 67 1 90 22 60 91 94 2 83 44 98 29 84 76 21 77 57 21 74 21 78 99 0 92 74 57 17 37 10 28 9 38 88 61 36 91 67 18 54 36 25 89 55 77 33 69 48 13 54 73 80 65 19 
30 62 74 45 31 39 34 54 23 11 2 27 58 37 16 12 28 26 84 19 66 84 95 98 7 95 68 65 58 17 13 91 12 65 93 28 33 77 16 95 94 2 26 56 49 24 25 41 48 25 88 25 87 10 76 93 5 17 14 34 41 57 45 7 37 87 38 43 67 9 81 65 41 16 81 24 38 37 23 65 71 24 23 51 84 29 23 65 12 52 20 85 70 75 90 41 69 64 64 22 92 16 40 61 98 34 96 29 85 57 92 56 29 86 54 21 76 76 16 26 48 68 45 27 81 23 19 2 7 53 19 81 85 57 45 77 71 7 97 88 2 40 63 25 58 0 11 11 33 28 52 23 37 22 46 14 29 90 16 67 88 6 75 84 15 94 97 10 2 96 70 33 20 46 5 78 62 45 81 9 13 4 34 66 71 26 73 87 91 12 78 70 84 62 41 11 28 99 39 85 
33 0 99 9 92 77 72 54 49 22 85 51 29 29 78 98 45 51 40 67 28 60 76 89 39 86 12 26 96 53 59 28 45 65 59 78 90 80 91 25 94 91 65 93 76 34 44 28 60 26 87 56 22 47 94 90 97 66 17 73 45 40 26 65 21 31 53 54 6 1 3 28 78 3 99 4 40 28 73 30 48 2 48 8 5 60 65 79 74 80 74 45 18 87 15 19 51 95 16 60 84 32 26 65 53 99 23 34 23 22 80 77 85 88 21 90 3 28 60 91 21 99 37 52 46 95 18 45 89 49 9 39 87 7 58 37 39 42 63 84 50 5 29 41 43 19 65 85 54 86 99 93 27 17 82 20 10 71 36 1 64 0 86 85 69 95 7 12 91 57 81 71 97 73 61 94 1 52 33 59 51 11 47 87 16 83 47 19 50 32 11 38 36 53 99 69 32 79 24 59 
3 87 97 94 28 93 59 73 41 35 4 95 78 51 11 36 52 40 34 11 53 34 74 44 41 67 58 83 32 8 9 72 37 37 57 64 59 10 20 12 13 39 90 21 67 65 11 40 94 85 7 62 97 4 54 3 78 95 73 95 15 49 2 85 26 35 39 47 25 71 18 49 38 93 60 53 38 49 47 95 48 9 52 30 76 82 69 35 57 8 75 61 44 32 60 92 38 32 46 54 15 69 39 14 40 84 12 15 30 77 28 65 16 57 23 18 7 77 74 20 84 7 29 17 2 33 46 91 80 37 79 44 73 35 83 9 78 57 9 55 4 58 41 42 71 68 67 10 26 9 42 42 4 48 93 15 90 69 4 41 94 13 97 63 27 42 88 97 86 11 72 97 40 83 19 91 57 35 93 6 21 37 51 82 33 74 85 55 0 64 90 69 58 52 56 2 93 34 12 10 
94 39 83 49 38 42 40 34 53 46 68 26 0 26 63 86 90 26 53 21 8 81 69 1 85 4 41 69 70 66 50 43 7 56 21 72 14 3 58 64 77 40 24 98 26 83 50 99 29 63 40 78 73 25 88 96 63 35 26 20 16 31 47 26 97 3 58 36 43 75 9 6 15 18 85 74 12 57 90 2 40 70 14 40 49 7 68 42 43 77 90 95 37 96 58 18 39 8 63 62 83 42 3 14 88 71 76 14 94 36 13 1 52 22 75 36 34 80 76 63 51 47 62 83 62 6 47 47 47 94 31 59 12 23 30 46 24 80 8 66 92 15 59 42 29 20 84 47 17 72 92 47 81 89 8 18 70 72 94 37 3 70 86 9 63 51 26 88 83 16 26 91 14 62 74 31 70 88 92 31 74 14 72 14 30 70 51 21 63 55 88 80 92 7 81 18 52 61 69 62 
32 8 0 99 19 23 56 78 81 37 19 2 65 82 53 16 66 47 11 93 95 82 96 33 70 98 27 1 18 34 17 51 73 75 0 83 56 79 45 86 68 7 6 51 73 57 46 6 57 35 33 84 39 26 63 50 61 90 0 25 18 53 73 6 76 62 18 52 57 25 23 94 40 28 28 17 63 63 12 34 11 7 28 96 55 99 11 52 60 60 5 76 65 11 50 45 18 37 8 28 10 23 20 40 77 49 49 26 91 27 17 49 35 58 64 7 23 52 10 96 32 40 37 49 21 76 75 51 7 55 24 85 87 13 11 27 95 17 33 85 97 54 79 68 46 41 74 51 11 78 8 96 46 81 24 24 2 87 16 72 94 1 78 46 15 76 81 23 13 30 5 46 9 88 22 37 56 36 17 39 34 76 27 74 3 0 18 33 14 93 22 52 61 46 8 78 72 32 93 96 
89 80 80 81 38 79 16 2 53 42 45 66 1 23 69 44 46 96 4 52 79 81 19 7 62 87 84 39 92 8 23 46 13 16 39 10 86 90 11 9 93 83 78 78 4 98 86 92 18 66 57 9 75 80 45 81 22 12 69 28 92 72 23 6 14 10 89 33 71 15 35 4 31 13 57 34 23 90 64 97 66 93 50 80 96 61 52 51 33 32 88 97 80 70 26 38 56 25 34 70 66 31 90 94 32 33 22 10 54 63 45 6 39 86 81 25 59 1 63 91 26 47 60 78 11 79 7 39 42 81 70 86 99 17 94 91 60 78 39 62 16 20 8 1 25 44 81 85 31 15 86 46 67 86 33 55 98 94 86 73 78 24 90 95 13 62 42 67 83 34 38 98 15 70 14 93 80 56 3 46 6 32 37 89 58 97 47 92 42 45 64 1 2 20 13 30 42 93 39 62 
73 45 6 74 41 32 2 58 96 70 33 17 54 48 45 58 40 19 43 1 89 68 84 49 27 61 55 4 4 15 4 52 1 48 63 94 39 31 20 72 36 21 50 19 40 70 17 95 21 53 84 46 47 44 34 11 1 32 93 11 36 35 97 37 49 35 22 79 40 66 28 47 66 74 62 54 12 79 69 34 81 50 31 40 6 93 15 10 71 72 98 97 66 38 94 25 27 25 22 63 94 10 35 87 20 12 2 8 70 26 34 13 67 27 70 73 9 6 70 37 95 78 34 88 69 48 80 16 20 22 0 67 39 78 24 0 70 44 37 15 37 76 83 3 65 16 87 91 87 52 91 82 27 74 98 94 11 64 50 46 47 28 18 56 64 55 88 27 26 5 87 61 19 29 4 67 97 80 58 16 57 70 79 0 28 67 45 38 42 59 81 15 66 97 38 80 81 73 69 2 
31 52 76 9 78 28 25 43 88 67 57 58 87 13 77 11 94 98 23 96 67 44 23 24 3 41 44 5 18 63 85 30 68 33 17 75 27 89 91 94 98 55 50 71 36 32 13 3 25 90 80 87 10 40 42 3 87 65 50 77 59 38 68 16 86 19 53 23 34 37 53 20 90 73 32 29 46 60 19 92 89 96 57 21 47 74 50 18 50 28 34 94 71 81 88 90 41 7 89 65 18 36 44 17 2 12 96 51 79 1 44 30 25 24 86 81 41 15 29 63 96 16 99 99 47 81 67 90 89 16 88 29 21 57 7 13 36 85 57 40 84 30 79 1 10 69 97 71 10 39 81 4 97 70 46 88 27 5 69 47 25 23 78 27 1 81 62 4 65 31 31 82 97 68 61 85 56 23 16 12 56 61 49 32 92 56 34 37 39 90 36 24 11 63 15 19 71 59 41 19 
33 8 59 80 74 6 36 66 11 99 94 34 36 37 22 6 63 98 19 38 35 84 22 55 49 61 48 77 31 52 25 48 19 36 8 14 23 77 66 88 58 33 79 54 57 33 31 88 56 76 85 99 46 70 58 67 40 32 56 29 32 28 33 16 9 93 78 84 71 88 23 0 55 20 80 40 85 50 56 69 23 28 9 76 62 13 89 56 24 50 12 80 16 94 65 16 53 40 61 38 35 88 18 76 56 77 0 5 98 71 86 5 18 49 66 9 25 44 34 50 44 44 82 84 5 66 70 70 40 39 10 40 47 97 15 62 26 16 71 11 2 46 55 84 0 57 89 18 28 40 61 41 14 68 96 15 12 69 67 0 98 70 40 3 63 78 18 0 93 99 54 72 83 35 42 62 60 96 41 75 18 48 46 21 80 2 78 23 37 63 92 92 23 5 63 53 91 31 12 32 
25 85 68 14 81 39 36 59 31 0 46 65 65 61 14 82 31 13 14 46 96 56 58 68 10 3 16 67 22 38 55 97 25 56 97 83 62 98 7 95 13 26 56 90 87 74 64 80 19 62 82 34 61 54 24 47 97 20 98 42 5 44 58 2 34 81 18 1 37 95 2 23 10 89 20 99 25 92 9 4 4 65 94 89 55 48 22 44 22 65 6 48 40 12 2 85 28 23 38 14 73 50 45 57 25 94 77 93 7 59 3 76 13 29 48 58 91 60 37 45 26 74 58 11 47 35 17 85 87 67 89 9 59 29 73 14 72 72 99 86 77 62 84 13 12 50 46 41 33 58 92 65 20 2 76 69 66 92 10 2 95 92 0 26 3 34 65 11 61 41 51 44 3 26 64 72 67 21 79 50 29 15 23 20 86 34 3 48 56 25 2 8 36 63 30 53 96 9 49 94 
9 13 92 46 4 18 1 67 51 18 36 49 50 47 14 54 6 41 80 47 63 54 88 67 65 71 27 62 88 39 30 77 36 21 74 52 85 79 97 52 35 44 96 82 22 9 22 15 70 52 10 89 85 45 76 15 43 33 71 37 9 15 87 39 61 61 49 73 6 24 68 73 33 28 39 77 51 62 54 15 0 90 53 8 43 27 86 16 98 21 39 82 80 6 48 23 78 44 62 71 79 42 4 80 55 53 1 10 34 9 91 63 88 32 70 55 41 47 51 34 62 30 66 45 41 16 86 39 49 47 48 53 68 61 43 20 87 96 51 73 23 95 59 69 0 46 12 98 38 18 46 2 3 49 48 62 84 92 16 98 71 97 44 79 60 52 0 73 15 53 16 74 18 4 0 42 3 91 95 85 11 67 91 78 24 53 78 14 89 91 66 72 80 51 9 53 93 92 36 83 
59 83 52 70 74 27 98 55 96 52 59 80 93 88 19 59 2 79 43 63 19 40 76 37 80 21 67 99 89 32 54 62 49 30 76 63 69 97 43 82 56 0 9 64 2 21 41 6 13 18 92 27 95 8 63 29 10 42 70 22 29 97 38 18 80 67 3 79 29 85 81 61 55 68 12 99 6 79 13 78 5 87 99 96 21 39 90 56 83 6 31 40 40 86 48 95 83 22 37 84 71 39 60 30 41 43 24 62 99 46 0 30 30 94 70 52 89 16 30 86 79 30 21 58 44 40 25 33 59 46 15 32 94 81 10 59 61 38 38 49 24 17 81 56 71 66 73 53 43 63 2 91 82 90 80 61 75 38 84 4 16 84 0 57 56 37 5 83 68 88 1 69 44 25 44 11 90 27 66 9 14 14 70 3 44 49 69 47 90 69 22 16 61 0 84 77 95 75 64 69 
19 22 57 44 44 45 94 82 9 90 7 79 56 38 6 91 89 64 47 34 1 93 45 6 72 53 88 91 72 40 20 19 68 24 47 52 92 26 6 59 93 23 11 66 35 49 67 21 76 15 66 52 36 13 40 44 31 23 23 79 3 48 12 64 43 33 38 79 11 23 40 61 73 86 91 64 44 3 48 58 34 69 11 51 11 6 32 31 87 51 1 73 20 22 60 36 46 50 90 67 79 1 96 4 55 61 54 76 58 92 57 67 31 22 89 25 97 55 67 4 64 97 26 84 11 26 64 99 39 30 96 35 90 28 91 8 9 59 68 22 11 83 19 42 35 59 4 88 15 49 96 30 50 48 63 43 47 34 33 81 32 54 7 19 61 51 80 89 44 10 61 38 49 52 29 49 18 56 57 67 9 55 15 72 41 81 39 91 57 23 22 11 59 58 35 71 28 19 68 63 
40 70 26 44 77 84 31 79 87 76 7 70 39 10 68 32 64 31 75 89 85 80 64 83 0 37 89 58 11 59 2 43 45 53 82 73 51 67 82 59 23 12 10 57 89 30 8 5 88 91 90 13 67 99 34 90 37 75 71 98 54 4 42 43 43 60 10 75 47 32 13 83 6 75 82 4 58 30 35 87 17 41 92 19 19 80 56 88 48 17 48 58 84 61 92 8 21 90 16 15 93 84 4 74 88 6 36 31 4 75 23 73 55 88 57 16 48 32 30 38 91 95 41 51 82 11 1 19 72 56 74 74 4 34 75 24 57 97 11 14 33 96 62 93 78 28 18 22 12 71 69 94 52 32 76 39 84 10 64 14 56 37 80 82 17 35 95 53 68 3 76 5 74 38 51 38 33 18 70 78 57 52 60 14 24 9 96 35 10 17 17 75 5 31 28 84 20 14 11 17 
19 64 25 9 38 80 67 0 69 34 37 69 80 72 7 48 70 65 49 3 0 36 13 72 19 62 72 9 21 5 44 4 4 49 85 44 63 15 0 72 39 11 40 66 1 2 55 18 88 29 4 84 49 45 11 15 1 11 96 0 48 13 64 99 92 82 37 79 67 38 84 40 28 10 22 84 55 87 94 11 80 21 28 72 38 61 19 43 25 50 42 48 80 88 86 88 51 78 67 99 91 54 31 29 99 47 95 93 35 78 63 43 51 84 49 40 31 75 53 60 33 38 52 31 22 54 31 52 88 42 46 34 95 75 64 27 43 29 59 40 54 36 39 97 77 50 56 49 84 84 78 38 6 32 58 36 58 6 73 43 80 38 46 2 59 52 51 87 59 20 47 57 38 93 16 23 34 81 0 2 37 63 33 44 27 71 54 71 64 13 55 78 8 17 64 65 83 46 72 27 
16 9 19 91 7 56 97 36 70 22 93 22 13 58 71 16 14 92 66 56 32 54 73 67 18 59 26 69 18 56 52 1 50 44 61 72 31 6 63 16 36 16 76 47 62 21 87 21 57 50 77 63 77 46 96 60 30 29 23 45 5 91 94 55 69 92 55 11 64 66 41 43 53 56 16 28 46 82 93 92 81 30 68 76 65 49 7 0 34 23 32 69 68 30 10 43 16 82 12 69 20 97 35 94 77 33 9 69 86 42 5 27 82 36 77 67 14 62 66 98 88 20 35 1 55 98 28 44 73 97 37 56 93 70 61 79 36 89 16 54 86 76 56 91 24 31 10 16 65 58 9 0 54 61 35 49 62 55 17 6 54 46 96 29 64 94 48 75 26 92 87 83 5 1 57 80 11 36 31 59 10 84 57 45 62 77 33 73 8 72 61 40 80 29 51 64 4 20 99 90 
14 36 5 4 57 40 93 59 10 62 63 77 28 29 2 77 49 89 24 77 99 94 50 28 75 33 26 49 3 41 98 33 2 70 43 49 36 91 30 18 66 42 94 68 53 20 50 0 82 8 64 85 57 4 58 45 30 6 3 93 35 89 42 74 96 37 7 98 63 26 14 55 55 71 40 77 35 94 51 22 7 71 37 1 63 27 32 35 43 22 96 46 61 35 70 55 73 30 96 47 74 22 65 60 93 30 42 69 79 26 36 15 66 70 92 45 12 62 37 6 44 70 13 46 65 28 66 78 76 40 34 40 92 35 49 59 28 27 7 86 77 1 78 47 4 56 32 22 22 50 7 66 2 41 52 47 79 87 27 81 23 13 46 6 31 88 80 42 79 57 99 22 40 11 95 22 41 2 29 14 31 38 96 88 57 40 15 15 26 41 60 99 32 17 47 51 85 50 45 31 
8 44 15 88 66 87 17 8 29 7 12 22 28 79 0 78 17 70 90 69 80 57 17 32 56 81 13 37 39 96 81 17 37 34 73 71 73 34 20 74 23 60 8 63 25 37 90 73 25 53 31 73 35 80 63 47 55 21 53 2 29 75 99 84 31 92 28 17 98 63 23 50 53 40 1 67 82 11 18 78 31 5 20 74 72 26 72 78 57 44 98 36 10 42 23 20 22 17 89 77 33 99 22 69 45 84 8 52 19 46 16 27 85 31 32 38 91 50 67 88 26 51 12 45 28 26 90 77 45 55 30 59 18 65 61 64 0 20 72 77 35 25 89 90 8 27 40 12 11 53 9 41 29 97 20 15 9 99 10 71 41 14 54 83 20 98 29 61 54 31 61 22 87 5 92 97 23 12 39 88 42 38 44 1 35 95 37 85 38 72 46 54 87 63 22 17 21 74 20 58 
10 94 12 46 19 85 21 86 92 31 25 78 6 18 91 29 88 16 11 39 15 30 31 74 57 54 25 81 55 40 17 82 46 8 48 63 59 70 85 52 45 83 86 43 20 12 50 83 28 21 51 77 64 64 15 11 35 2 51 75 15 88 37 61 72 62 93 28 55 72 38 58 16 29 39 89 80 81 34 92 71 62 91 15 93 75 89 14 75 75 44 16 8 48 14 50 37 3 31 85 42 78 79 2 39 49 95 9 74 61 62 80 64 82 98 89 29 2 25 93 27 71 49 34 64 57 95 11 25 36 7 22 42 17 17 47 54 18 26 7 73 23 3 72 97 14 29 43 21 94 40 93 53 72 69 46 65 30 33 99 92 56 92 11 29 20 74 17 7 65 69 76 70 19 99 22 56 13 6 9 37 39 93 27 79 54 68 81 81 48 31 70 93 16 91 77 64 32 17 8 
72 9 51 82 77 70 44 88 33 96 76 99 97 32 88 33 33 18 7 17 30 42 1 12 58 92 62 18 94 0 23 44 3 98 96 15 58 8 38 56 26 66 83 42 77 41 10 89 21 51 73 16 56 10 31 13 81 83 99 91 89 81 78 49 50 34 89 9 65 68 59 80 34 20 32 80 68 11 54 2 42 38 50 20 89 93 26 26 99 82 54 29 67 6 89 47 34 75 45 50 2 63 65 79 56 77 90 74 19 94 92 43 39 47 47 91 40 74 97 1 79 36 73 50 69 12 29 27 46 37 4 5 60 13 27 69 65 82 17 65 30 14 77 18 53 41 39 68 44 73 5 55 63 18 66 52 55 79 92 43 84 29 71 54 84 73 58 1 37 67 70 43 21 33 35 66 32 41 22 43 22 24 16 73 93 55 69 85 37 90 77 48 10 14 41 64 70 47 49 93 
48 23 32 82 32 94 77 87 24 54 96 20 82 24 48 1 50 4 12 79 51 38 64 63 93 50 42 49 70 40 36 56 14 35 15 69 54 75 52 85 16 49 82 86 15 24 57 88 14 73 89 12 12 26 46 70 69 46 94 36 88 0 3 6 50 6 28 43 1 96 26 92 98 18 31 83 39 70 49 15 5 65 56 82 29 91 90 23 14 40 14 73 43 50 75 55 45 1 70 90 39 55 6 44 60 40 92 95 16 90 38 25 79 36 59 0 94 84 12 1 36 28 77 52 16 51 91 16 23 40 73 77 85 81 13 5 31 55 36 88 35 17 20 97 95 72 44 90 51 26 37 87 50 58 56 18 35 74 32 63 44 2 93 92 47 88 9 40 78 28 35 15 68 91 29 41 46 78 50 96 68 13 36 95 73 73 50 93 16 28 93 41 36 19 51 31 48 92 40 43 
67 11 17 76 75 23 19 32 33 17 42 42 60 48 89 72 57 37 55 54 27 65 46 58 34 20 62 78 2 81 58 47 4 83 43 19 0 6 49 46 21 79 51 68 1 76 24 62 26 75 59 89 59 76 7 55 75 21 67 65 71 54 29 45 31 77 0 9 42 63 60 55 49 72 97 30 13 80 46 9 40 67 15 71 86 93 73 70 95 29 37 4 8 47 99 63 90 53 0 24 54 35 35 31 60 69 32 64 77 53 70 57 58 16 66 54 38 90 83 77 74 73 36 59 49 9 88 95 62 93 56 62 8 62 70 46 61 62 5 27 20 26 25 14 49 19 88 76 60 44 21 46 88 44 92 7 85 24 62 63 98 72 39 65 28 95 37 72 1 66 87 53 64 40 50 20 81 59 50 87 23 14 52 15 53 19 94 42 62 51 67 29 88 20 13 95 26 58 25 77 
64 90 14 59 75 42 61 51 58 13 47 89 49 90 46 51 20 70 57 74 42 27 27 12 50 58 75 27 65 16 93 29 2 33 83 82 46 53 86 43 24 48 71 1 76 76 94 22 46 20 25 93 42 23 40 68 81 97 12 52 99 77 53 29 6 48 21 68 85 1 2 37 54 53 43 86 33 49 89 27 87 89 7 41 98 92 88 16 9 42 8 12 94 84 22 11 2 50 80 19 92 21 24 99 66 80 9 94 68 56 9 68 39 19 66 72 1 85 94 46 2 52 8 94 11 26 99 5 20 76 41 45 79 58 16 35 42 96 48 88 13 91 5 76 65 7 66 28 93 35 95 73 59 44 87 38 25 63 60 9 25 86 15 12 85 59 87 11 3 33 61 80 24 15 78 79 35 44 0 28 36 46 2 17 90 25 45 64 2 30 58 21 53 63 38 31 63 17 56 29 
73 45 14 66 4 2 3 74 83 76 15 7 47 61 75 94 1 28 78 8 88 35 92 67 75 83 43 62 25 95 19 87 47 5 2 58 82 32 68 23 50 39 27 87 94 33 82 53 5 9 11 54 88 27 38 77 1 16 24 17 99 34 53 51 55 52 14 12 38 89 5 19 48 62 44 99 1 53 8 40 18 79 31 38 26 66 21 10 9 79 72 52 33 46 77 84 95 76 96 41 36 68 91 22 57 97 35 95 40 54 8 36 55 11 50 77 42 79 36 57 48 23 32 11 62 82 91 82 72 25 30 31 64 69 17 25 56 19 63 7 74 43 90 54 42 32 45 33 68 39 99 12 34 18 54 14 8 39 71 41 58 72 56 59 26 1 15 82 70 96 57 83 84 69 67 4 33 59 51 55 83 57 63 98 22 92 9 37 45 16 38 21 96 49 5 46 81 12 30 18 
51 50 68 51 6 20 2 63 57 67 69 8 24 86 62 3 6 98 66 0 34 90 59 82 32 43 9 94 74 25 53 90 27 30 12 28 60 23 63 76 78 25 57 70 47 85 43 15 8 80 51 71 22 8 11 16 48 31 88 61 5 5 84 17 26 7 65 4 86 14 39 82 95 21 37 35 24 23 63 54 29 37 26 7 11 95 85 47 97 48 98 45 90 55 4 86 79 43 0 24 79 38 53 88 82 2 25 45 19 72 24 9 69 25 7 38 55 46 45 99 99 55 52 0 0 52 36 15 24 58 16 49 84 79 81 36 9 8 31 62 79 83 5 62 96 30 8 85 59 34 71 28 14 35 90 25 60 15 16 23 63 61 41 53 5 28 72 61 21 32 61 93 37 9 98 30 86 86 39 13 51 71 20 55 69 29 82 67 83 5 25 26 73 56 64 26 58 50 25 3 
30 30 50 94 49 81 40 66 78 25 36 68 11 40 95 98 97 1 26 96 63 54 21 39 30 98 36 42 51 17 44 30 20 42 59 4 87 68 10 48 89 68 29 52 39 2 40 10 31 6 49 55 52 69 75 12 49 36 1 55 43 76 81 78 42 2 11 13 47 49 36 58 99 22 80 40 18 24 48 12 41 56 4 76 20 98 68 24 48 77 36 4 16 15 37 15 86 5 58 24 41 9 55 10 60 93 8 64 57 47 22 19 35 89 74 35 57 63 26 56 13 18 72 40 64 27 83 5 78 61 12 57 0 72 82 50 96 2 30 99 48 18 74 46 59 98 67 60 73 25 88 50 69 78 9 33 44 48 8 84 79 46 50 80 81 5 9 20 98 35 89 39 35 26 97 43 23 34 91 95 30 91 2 51 76 70 35 34 92 53 42 80 21 22 71 10 20 80 77 98 
27 96 25 95 86 35 30 57 12 39 79 65 77 99 29 35 97 94 7 43 99 59 95 57 39 74 76 81 45 79 1 27 15 84 3 55 48 80 85 99 46 45 58 76 85 37 8 79 98 45 68 8 47 90 87 12 39 17 19 6 35 23 9 47 98 20 53 27 31 37 58 83 81 9 17 85 8 30 24 21 81 4 31 29 30 9 85 71 59 48 26 54 88 7 73 98 80 48 98 67 89 96 18 52 9 11 42 33 56 42 3 34 55 78 31 51 69 20 33 96 12 98 41 99 90 1 46 88 32 3 55 80 35 42 84 82 93 54 43 70 90 12 87 27 92 32 0 36 32 4 83 45 46 45 42 75 78 13 55 85 36 13 70 52 32 46 49 17 67 67 64 70 58 89 60 67 8 21 66 97 78 13 39 44 45 97 67 56 12 28 9 29 2 96 18 52 66 78 84 30 
97 69 71 51 28 92 16 25 82 90 82 26 85 74 10 16 60 19 16 72 67 70 91 88 83 89 67 33 39 18 41 27 56 69 94 47 55 50 33 71 68 10 99 68 15 20 88 16 16 99 15 29 13 38 65 98 30 27 82 93 8 23 16 81 51 66 60 40 49 98 94 72 52 7 61 45 53 26 39 2 73 48 54 53 28 37 7 92 1 63 54 18 17 21 82 96 96 53 54 0 0 77 64 28 27 98 41 35 35 9 9 25 95 71 16 19 53 46 2 36 22 80 35 70 62 79 22 9 37 78 91 38 57 7 86 70 21 25 6 56 16 88 89 73 46 91 82 15 12 86 81 96 91 12 10 99 27 74 68 90 27 44 79 86 88 75 44 32 97 20 52 50 74 96 48 30 98 61 55 13 81 84 20 2 70 19 86 31 47 89 29 73 18 48 91 24 44 82 38 9 
25 6 36 4 71 69 65 48 86 56 39 65 55 9 8 52 63 54 67 16 43 49 88 24 2 9 57 12 3 63 45 66 39 28 9 86 56 18 0 43 23 5 31 43 20 37 8 40 44 93 85 45 27 85 77 77 70 72 72 94 19 67 84 29 48 26 83 83 65 96 89 31 85 68 85 31 78 15 64 60 19 99 37 62 27 70 5 63 24 4 57 98 9 77 24 91 28 59 2 61 86 26 81 92 56 20 23 97 18 67 33 7 34 65 43 59 91 48 59 13 26 30 30 32 37 90 40 80 58 79 67 39 95 9 99 75 51 34 93 57 83 58 77 73 71 70 53 12 86 74 71 57 49 33 34 53 23 5 88 21 24 63 77 49 19 52 51 22 96 5 70 76 35 60 47 13 15 51 13 41 70 40 17 22 97 18 9 67 6 32 68 36 44 43 57 4 39 4 50 47 
77 82 22 68 56 17 60 53 17 72 62 22 81 84 86 36 46 17 24 31 43 16 93 18 39 10 94 34 59 85 91 60 91 76 49 30 16 79 54 84 7 84 0 7 16 11 77 27 43 17 74 14 82 83 86 20 5 45 4 52 31 22 78 3 2 52 12 43 69 45 72 90 7 95 60 69 86 72 35 51 37 95 47 38 19 97 47 97 34 19 95 54 95 87 64 50 78 2 30 97 55 77 7 28 50 74 29 90 29 89 15 0 12 54 0 37 74 93 88 68 93 29 8 49 14 57 40 43 86 37 87 6 72 83 25 16 36 13 28 75 95 58 85 99 92 19 76 98 83 84 38 87 52 27 74 63 33 48 82 21 3 97 28 61 67 49 41 71 69 91 3 73 61 20 21 34 1 41 83 84 5 22 29 37 45 56 21 5 20 19 7 87 38 12 55 70 71 92 12 13 
20 81 64 50 51 51 84 62 66 29 94 81 17 66 7 2 85 85 6 32 27 67 10 15 36 31 7 56 41 79 8 91 35 15 47 88 13 38 73 68 21 11 4 52 83 48 34 30 79 69 80 83 62 0 31 40 80 1 9 93 17 11 44 51 24 8 82 17 47 38 68 38 96 78 73 45 19 9 13 36 77 60 19 13 84 29 58 30 25 20 19 68 59 67 44 43 72 8 31 19 36 86 94 26 0 75 21 56 97 65 57 3 29 96 0 28 71 42 20 53 90 12 88 53 14 97 81 45 95 48 45 21 89 91 54 78 37 37 33 29 72 3 93 40 57 75 89 79 57 0 24 9 36 62 97 32 47 61 70 39 84 88 77 67 98 64 28 80 18 93 16 60 89 20 25 60 83 81 85 70 27 7 27 62 59 74 85 9 15 24 3 0 65 75 70 49 7 98 9 78 
57 94 11 89 76 51 37 7 68 95 9 17 85 2 56 13 55 43 88 1 19 94 52 3 96 18 60 79 16 53 0 22 4 81 16 76 49 73 90 89 75 85 51 20 58 2 23 88 60 57 38 38 22 50 2 94 46 12 83 45 8 32 49 55 12 53 94 98 44 38 87 51 70 42 90 95 24 99 80 84 13 30 60 73 35 49 13 80 15 46 0 23 57 47 85 25 5 67 34 73 84 37 48 31 23 82 35 74 81 55 96 98 19 92 73 34 89 50 91 33 39 0 34 33 53 16 42 8 6 3 86 42 11 2 66 3 39 83 56 69 46 77 78 88 26 71 61 70 5 90 86 93 61 73 70 47 73 28 75 80 49 32 97 94 19 39 48 37 62 70 88 76 23 75 18 80 46 16 65 7 19 13 61 64 90 25 55 53 16 86 73 17 28 15 7 31 57 29 46 7 
4 38 20 75 71 38 13 32 63 34 92 59 91 2 24 18 75 9 93 20 32 28 78 27 80 3 85 39 60 59 89 47 80 93 10 91 0 89 10 70 64 22 38 85 33 81 60 23 97 65 56 98 91 66 41 82 13 41 94 53 82 22 52 95 7 7 73 34 72 65 97 81 39 36 68 92 40 15 64 16 79 56 41 56 50 57 22 23 31 60 58 88 97 89 19 18 10 9 53 30 72 5 42 53 82 87 1 42 98 44 13 95 44 7 39 43 53 29 62 52 81 53 65 46 34 2 23 48 43 47 91 17 4 94 26 42 54 44 89 38 45 47 25 93 15 62 2 89 96 49 80 6 12 68 64 6 73 77 2 17 70 96 54 21 23 51 4 99 90 2 76 72 70 45 98 11 57 23 47 44 63 62 72 58 72 8 94 68 14 71 15 93 89 89 2 44 39 41 81 78 
92 42 3 48 16 29 76 11 70 89 17 3 21 83 79 70 85 70 96 8 77 84 55 36 98 49 28 76 14 68 68 62 98 8 5 54 49 4 9 91 22 6 80 78 27 37 88 48 7 73 33 22 1 51 36 78 71 21 82 20 65 43 57 68 85 63 79 58 83 46 67 45 85 87 72 96 25 23 27 55 98 30 33 22 15 53 9 11 78 44 79 60 60 51 52 78 97 63 80 12 23 34 26 35 34 95 18 35 75 78 9 22 21 72 52 0 64 78 42 99 31 11 24 64 55 83 34 5 18 89 96 52 57 93 72 20 14 87 41 18 93 82 17 15 45 60 71 32 13 48 12 98 12 10 23 48 58 40 30 97 64 45 7 58 29 54 39 60 41 78 26 89 14 54 19 29 70 41 37 75 49 70 74 37 68 80 39 80 96 29 9 67 90 90 90 98 67 22 6 78 
99 37 16 36 60 90 24 92 72 57 23 67 79 14 29 2 18 22 65 72 86 31 21 57 53 77 80 85 86 8 30 0 76 95 83 99 5 24 86 0 91 69 27 33 58 33 55 87 87 27 51 88 60 33 60 81 17 14 9 49 55 65 42 13 95 69 63 67 10 29 40 77 74 99 47 42 67 46 42 78 67 76 52 8 42 65 66 45 10 67 70 36 30 52 22 5 18 71 53 74 54 24 27 83 71 59 75 48 70 17 58 97 18 72 73 61 4 96 53 27 0 95 86 40 19 70 62 33 75 32 76 41 75 63 73 42 32 84 25 89 19 20 49 62 7 80 88 21 73 68 83 97 90 76 37 71 82 95 63 79 67 77 52 37 91 42 9 10 13 67 15 12 85 29 73 95 3 20 96 49 30 69 31 97 22 83 36 56 34 38 4 96 30 89 26 44 75 2 15 11 
8 24 52 52 26 32 65 79 11 99 25 54 43 86 46 98 70 11 22 34 76 92 78 68 35 5 9 64 55 87 16 66 8 30 5 27 20 54 74 98 4 85 64 26 96 52 59 4 15 45 27 31 96 84 87 80 96 88 1 75 11 48 11 93 80 81 5 0 96 95 23 32 29 39 96 71 65 75 42 51 40 96 48 86 2 19 13 10 23 59 71 11 75 46 81 46 57 34 12 51 37 62 16 65 65 41 69 44 74 66 48 75 31 65 7 19 18 40 80 76 33 62 42 50 66 12 16 43 43 1 15 44 17 35 69 9 95 30 87 16 2 45 75 76 10 75 23 34 60 0 94 88 9 64 2 54 25 23 54 34 14 85 92 23 22 40 75 44 76 3 87 41 82 9 29 54 3 75 9 19 27 23 69 60 77 58 36 2 76 58 42 1 45 47 90 16 66 34 37 82 
64 48 33 86 34 58 66 9 3 5 39 74 4 76 32 35 28 59 19 18 99 42 5 94 18 70 14 99 7 24 72 99 19 76 15 71 62 67 17 37 45 28 16 51 99 31 24 56 21 8 23 14 58 35 46 92 15 99 62 64 98 84 74 39 37 55 19 60 25 21 22 3 96 29 4 83 4 38 24 1 57 0 48 78 72 40 81 43 89 30 97 51 38 66 82 43 17 10 92 37 69 75 37 33 27 55 28 84 98 14 28 77 36 92 91 18 79 69 71 23 64 86 75 85 21 63 13 85 65 93 79 98 56 62 95 92 80 39 75 19 47 58 45 56 61 27 7 90 37 8 19 43 99 47 81 36 17 7 61 39 83 43 46 59 39 18 39 5 97 40 94 69 1 4 54 46 10 10 81 66 23 78 41 82 56 18 58 26 91 69 1 75 16 25 63 80 22 90 57 98 
94 75 59 28 1 28 55 83 25 65 91 31 36 82 65 81 33 63 50 25 91 30 49 99 75 26 22 42 96 63 50 97 89 84 12 74 3 83 52 71 19 43 80 55 26 58 32 45 67 29 90 19 85 77 69 13 78 59 10 3 71 64 97 25 1 30 17 1 86 25 66 82 76 85 81 91 95 86 57 18 98 97 9 74 92 39 2 55 39 28 11 40 45 94 86 69 85 69 0 51 16 17 92 81 84 22 28 4 36 55 4 68 98 31 31 44 90 83 68 56 83 92 1 78 99 60 18 55 38 46 19 83 7 35 6 70 99 43 76 44 25 93 78 4 78 54 45 92 5 54 29 52 34 68 89 24 73 79 7 34 20 65 89 69 32 57 61 82 12 27 13 45 58 67 98 60 56 82 62 66 82 68 27 75 20 31 74 33 55 6 76 94 99 50 91 32 15 69 52 50 
88 47 20 17 51 22 61 37 14 88 94 98 25 80 17 21 5 81 84 79 20 70 94 19 10 19 64 46 0 99 59 68 59 27 7 26 7 41 73 8 73 0 9 0 85 23 64 22 56 40 43 81 65 43 75 93 58 47 76 62 14 16 99 70 93 86 81 83 15 81 88 35 24 5 76 0 4 68 43 74 10 54 72 42 74 68 10 68 88 32 55 16 11 95 7 82 29 32 35 16 51 73 5 20 61 12 86 42 72 28 42 5 43 27 15 84 47 98 4 56 42 30 62 97 25 17 91 66 45 67 35 1 11 90 97 94 46 24 96 18 38 22 93 75 95 88 46 70 40 24 35 42 4 23 48 67 45 42 40 81 15 44 68 30 75 12 19 21 49 98 89 72 34 11 9 44 82 21 3 20 29 47 65 36 24 76 94 79 15 65 21 87 24 46 51 11 46 90 35 96 
4 50 41 28 12 62 77 5 19 69 49 66 73 74 98 19 24 56 6 65 62 91 78 76 56 43 95 0 46 52 90 49 83 87 60 91 11 84 97 12 28 64 45 20 57 50 48 36 30 8 58 6 71 31 67 36 31 95 40 5 49 68 71 7 64 37 47 51 56 93 50 91 27 0 41 14 13 66 77 61 0 15 14 96 43 6 57 91 72 59 54 78 16 11 78 30 26 58 97 78 27 76 23 96 13 86 23 29 29 83 25 40 67 71 0 17 64 76 91 29 77 7 66 23 26 64 87 10 16 91 34 26 88 66 52 49 77 65 67 55 13 5 38 11 62 0 70 27 79 72 62 2 72 74 35 29 17 17 23 72 55 7 11 97 23 98 50 0 89 63 76 73 24 39 82 52 59 19 76 40 47 70 37 66 94 53 77 26 39 98 85 2 63 31 7 9 72 85 40 39 
15 0 50 8 11 6 61 66 96 64 24 78 50 19 96 69 78 55 9 35 1 48 86 93 99 14 30 96 90 79 26 49 28 21 85 34 74 61 25 25 18 30 24 19 22 7 31 31 98 21 38 21 63 79 48 65 93 62 16 73 90 71 88 46 0 26 2 77 65 5 4 0 69 38 75 18 84 97 79 1 28 14 0 30 37 6 41 39 75 75 66 72 68 61 51 78 79 6 20 39 92 10 41 29 33 95 74 15 76 26 19 61 85 87 28 64 91 58 45 33 78 6 4 41 8 58 19 61 45 78 83 14 79 87 85 11 61 6 8 98 26 6 11 57 81 84 81 66 76 2 82 65 74 35 16 40 14 10 6 43 13 45 31 69 41 92 35 82 79 90 29 3 45 20 60 3 4 40 79 32 65 11 90 85 3 33 52 17 9 36 6 68 72 72 1 91 7 18 99 42 
9 0 86 18 2 60 81 45 42 79 39 5 50 32 49 11 77 25 23 64 2 1 90 48 46 46 88 50 33 69 29 56 48 8 49 11 50 27 66 94 86 18 4 47 11 90 85 22 7 30 33 25 57 40 6 27 95 80 85 97 23 52 90 54 60 41 24 98 26 93 56 25 34 65 46 33 12 13 68 33 46 57 83 92 22 30 83 81 83 74 43 64 0 84 93 33 80 88 75 47 93 73 66 16 80 48 33 87 72 4 81 58 78 38 68 5 69 91 92 87 41 87 10 67 46 20 90 58 82 92 93 75 26 20 56 6 60 89 26 49 29 39 49 40 27 60 9 21 49 10 18 83 6 36 94 70 23 61 82 87 4 22 98 8 60 97 34 71 48 67 48 75 41 72 11 59 53 7 92 78 76 23 55 11 19 28 68 22 16 11 12 81 91 37 38 64 12 41 17 47 
15 16 84 70 85 92 83 55 15 81 95 66 8 67 9 73 53 60 63 17 29 13 68 1 59 54 26 1 54 59 0 42 40 65 80 52 60 34 25 40 50 43 26 51 94 58 67 11 23 55 72 32 21 56 19 38 55 13 29 1 78 5 92 24 68 61 42 26 48 36 46 18 58 48 87 23 69 15 90 91 76 58 17 63 2 31 40 79 69 9 15 54 96 0 76 29 19 80 42 77 55 78 93 66 43 69 40 80 55 67 53 83 31 5 80 19 34 7 55 18 55 98 45 6 71 10 16 62 77 88 75 3 2 49 63 86 49 41 13 40 26 82 40 90 9 23 73 90 2 91 33 74 42 94 73 12 89 75 20 53 33 7 64 90 69 45 94 19 20 54 56 70 75 35 52 76 2 28 34 18 42 32 85 3 26 30 54 11 52 6 41 3 81 13 0 0 16 65 8 34 
3 56 51 50 18 10 60 9 38 97 33 25 78 53 3 89 7 69 61 97 85 92 78 45 15 47 28 83 95 54 33 65 15 52 9 11 87 32 20 85 80 62 30 17 17 83 55 52 52 25 4 5 63 92 71 41 68 0 26 33 73 95 43 81 80 6 99 99 70 97 96 36 98 78 83 49 24 94 22 76 35 74 50 91 20 43 9 89 44 25 66 32 7 13 24 51 86 69 20 9 6 12 65 90 94 58 42 89 15 61 27 77 98 81 96 55 2 85 91 84 14 98 10 3 73 71 8 74 60 86 32 18 89 54 14 43 41 42 22 88 58 4 43 71 18 2 33 17 14 1 93 53 20 82 88 26 67 42 69 45 0 93 91 20 97 78 44 55 51 53 32 16 41 17 16 38 47 84 13 46 12 16 4 90 72 70 55 25 69 6 29 98 40 44 14 88 30 9 29 18 
4 47 39 56 8 98 72 26 0 95 16 88 72 25 22 22 55 73 28 8 82 14 19 60 81 58 44 14 42 83 95 25 47 97 7 40 50 19 83 48 99 65 87 44 90 1 62 5 17 32 86 99 28 62 48 95 31 41 89 7 4 7 74 66 69 39 64 17 52 29 64 46 70 12 25 62 13 55 9 95 82 7 33 2 13 52 7 63 97 90 50 85 7 97 77 31 26 28 95 81 14 51 43 34 6 44 66 71 10 40 1 84 5 49 5 73 34 89 92 56 29 24 54 21 32 11 28 42 42 45 51 45 56 78 56 50 71 94 35 49 37 15 81 24 47 70 31 17 2 60 15 34 5 55 93 68 75 42 95 53 13 30 41 73 54 82 55 40 32 85 19 94 70 13 74 71 40 36 70 16 87 51 33 21 46 21 20 97 56 97 90 50 39 9 35 74 67 70 69 7 
27 66 34 13 69 46 14 9 84 4 6 75 75 26 45 73 40 12 14 55 10 86 6 19 87 5 35 6 76 95 70 26 62 41 93 97 13 57 83 58 15 57 20 43 7 58 0 47 79 12 15 80 99 61 79 79 62 60 1 78 13 80 8 3 46 37 99 24 39 71 5 35 73 64 87 54 75 91 16 29 90 62 96 51 29 15 19 46 40 7 55 15 34 26 81 73 95 43 88 17 35 51 15 22 33 92 43 54 27 44 31 40 7 93 52 68 1 48 20 68 97 5 15 56 43 37 28 40 89 66 20 48 73 66 29 0 76 59 21 9 95 10 93 33 60 95 11 78 30 67 21 61 16 71 61 56 68 60 70 40 16 75 20 5 13 27 71 54 86 9 80 65 30 88 56 58 58 45 25 43 54 52 67 37 47 8 31 53 20 47 34 73 95 62 39 92 71 87 14 26 
79 43 40 85 41 87 26 1 4 13 11 42 96 61 52 76 76 81 63 98 32 95 64 71 55 6 90 29 10 38 4 30 79 21 18 77 20 54 83 8 44 95 80 3 99 87 83 58 96 77 16 63 56 72 80 2 56 47 80 84 19 43 4 77 9 90 24 37 43 78 17 97 24 7 37 67 92 69 5 91 31 73 19 96 32 53 79 62 98 50 13 41 2 78 83 42 66 59 97 5 46 55 34 47 29 92 13 28 91 81 16 20 12 41 23 33 83 55 36 16 80 67 17 0 87 57 27 3 82 23 70 73 76 88 49 70 12 46 72 91 99 75 19 51 73 36 8 54 23 33 75 90 44 41 53 10 85 33 95 67 25 71 5 49 75 89 55 14 26 94 34 48 6 76 98 93 16 42 18 91 14 20 93 82 60 77 8 1 62 37 28 42 31 83 25 53 33 8 23 87 
66 84 20 4 86 84 82 19 14 1 22 24 9 88 33 50 9 99 30 86 4 2 9 64 7 58 83 57 27 2 69 1 62 51 41 45 0 70 10 67 75 43 19 49 12 80 19 88 71 21 28 62 48 7 34 41 67 24 21 49 20 74 21 96 12 92 69 77 32 83 2 75 47 56 38 10 78 17 16 86 62 54 41 39 86 34 75 41 89 98 49 66 34 94 52 80 18 58 9 50 14 74 19 46 9 21 97 4 89 58 71 2 69 24 33 79 61 8 21 69 90 88 71 22 67 42 45 93 85 58 24 34 69 40 36 15 15 37 14 69 39 71 4 59 49 24 69 89 75 60 67 91 58 57 81 54 80 7 97 75 88 27 70 12 39 48 5 84 19 1 1 99 45 98 52 44 30 61 0 92 42 62 86 76 48 30 5 11 49 85 46 31 5 54 36 48 50 43 90 20 
46 29 28 68 43 21 94 79 40 76 46 66 35 64 32 88 53 51 99 91 2 43 79 95 18 55 0 25 15 73 0 55 24 96 33 66 25 60 18 83 79 24 52 66 42 47 71 96 38 91 73 76 91 58 57 5 12 33 9 73 70 29 54 53 16 67 8 95 98 48 96 76 51 26 56 28 43 10 11 94 1 42 73 61 83 13 90 27 39 20 96 39 66 76 53 78 92 65 11 13 59 21 73 74 59 21 97 40 97 19 38 48 74 25 3 90 35 33 28 99 91 34 63 51 45 85 4 26 86 3 28 23 56 22 8 93 80 42 32 38 26 82 86 17 35 48 29 26 23 81 38 15 96 52 69 85 65 1 95 25 75 20 38 41 61 71 38 18 26 77 91 42 28 84 99 64 90 42 77 11 43 98 93 9 81 77 3 70 75 79 26 3 67 41 82 35 26 94 78 27 
13 41 57 52 96 13 95 15 17 32 70 72 75 96 83 80 83 99 47 44 71 44 74 53 9 54 31 57 95 57 52 1 25 35 10 17 70 0 44 29 98 29 25 49 22 94 4 88 2 66 15 68 41 31 62 65 51 66 13 39 27 32 32 52 81 22 95 35 13 18 57 98 50 74 52 98 38 52 34 28 14 87 11 46 24 17 90 64 47 78 56 93 39 68 35 25 42 19 79 23 43 10 55 78 28 95 94 59 65 39 59 30 59 90 69 35 77 14 3 7 50 13 81 51 31 52 20 98 68 69 31 42 26 29 41 25 58 75 16 21 64 31 82 53 84 98 87 5 12 81 24 48 56 52 35 93 59 49 59 45 91 5 73 70 51 3 91 59 98 26 16 18 82 44 44 22 38 20 21 78 97 47 53 9 57 34 63 80 95 59 69 8 75 83 95 5 26 63 97 4 
13 81 49 39 53 65 35 27 73 59 21 20 80 15 7 77 88 88 35 54 34 93 45 29 59 18 81 21 78 85 96 76 71 32 3 17 31 26 57 25 77 76 37 85 1 30 73 35 83 66 85 8 89 68 27 47 84 46 73 44 25 18 99 27 40 26 91 70 57 64 22 72 10 18 77 4 83 79 87 37 80 79 41 19 60 75 31 98 59 32 77 17 97 50 30 78 27 68 88 64 91 59 85 88 31 62 7 29 3 87 98 66 20 27 89 9 35 47 54 22 62 60 28 28 51 44 62 7 42 21 30 13 77 62 82 30 74 72 29 55 61 54 65 2 83 36 51 20 86 24 71 18 45 42 55 85 59 37 74 31 99 74 50 15 51 65 93 12 37 67 34 32 37 19 88 29 80 19 39 71 73 49 67 60 26 8 13 7 17 73 59 31 11 35 7 84 64 38 75 56 
93 63 11 55 39 99 19 59 65 19 55 33 75 78 5 80 27 53 54 0 68 71 19 22 66 39 21 14 89 51 31 44 82 62 39 68 18 81 83 72 56 61 5 60 57 40 61 44 41 23 58 52 81 55 72 79 19 47 9 84 18 88 9 94 47 57 30 99 55 94 83 12 46 4 52 55 71 35 19 17 96 58 98 61 77 58 77 16 28 38 13 18 63 70 33 17 70 67 56 92 78 41 72 91 59 90 53 34 25 6 80 63 92 88 13 12 26 88 39 8 55 21 8 28 24 61 76 97 33 66 18 4 3 67 72 18 26 87 27 65 74 2 19 14 29 66 64 5 20 24 9 98 65 59 59 2 84 96 18 45 89 54 75 77 66 88 93 67 49 57 22 96 32 46 57 99 46 71 77 56 9 55 79 60 94 73 28 48 17 51 53 7 94 52 51 0 22 63 51 79 
94 13 14 91 29 71 24 44 16 36 6 30 87 8 58 69 10 42 38 90 45 15 51 94 75 76 99 46 81 56 40 63 2 97 40 98 18 81 34 11 83 56 67 37 75 88 28 29 88 35 73 96 13 76 63 82 62 29 94 33 37 8 34 53 81 73 99 45 35 55 75 90 31 77 2 43 13 2 20 80 41 44 14 91 52 2 18 47 85 40 80 3 71 67 85 91 79 65 84 45 3 77 45 43 8 7 49 90 89 3 39 90 82 20 68 5 48 64 18 61 13 92 90 70 86 52 87 44 75 48 17 24 36 77 58 24 33 11 8 40 51 47 71 64 93 72 36 27 67 10 49 1 86 30 23 72 36 24 50 15 91 26 80 91 60 52 1 91 0 77 5 0 26 33 79 68 94 95 16 90 70 29 75 69 80 21 35 24 95 19 26 6 45 60 85 39 96 81 11 31 
99 16 98 61 36 34 39 71 43 14 66 76 33 81 99 38 2 54 47 25 24 80 77 16 98 2 38 74 12 42 99 32 95 33 2 33 83 61 4 74 66 40 74 51 84 1 9 45 37 45 74 25 71 55 81 77 41 91 5 86 64 59 89 46 51 51 30 71 24 35 69 71 24 10 86 61 75 33 65 24 70 97 24 19 36 37 89 89 76 28 18 46 27 29 18 93 73 23 89 11 34 51 46 63 53 20 80 4 73 95 12 45 18 75 2 55 71 90 34 80 1 0 63 9 34 56 64 57 99 88 79 9 15 10 88 47 53 53 59 91 35 41 33 74 8 98 6 93 51 85 90 14 54 88 62 45 97 51 53 54 70 15 65 1 45 20 94 50 96 50 24 50 69 39 60 77 67 11 98 77 2 67 16 51 9 63 26 73 88 30 89 32 66 56 69 71 97 32 40 31 
57 78 34 57 39 26 70 21 90 45 98 35 38 23 41 87 74 86 64 93 27 55 87 7 3 26 13 87 91 34 15 88 49 62 45 4 93 49 13 65 78 61 57 8 55 82 11 15 99 9 79 21 90 91 71 92 97 62 9 65 39 92 86 44 21 45 74 99 98 94 24 11 35 74 19 86 75 76 13 57 31 7 35 25 36 13 45 65 3 23 0 6 69 75 97 23 54 68 31 66 44 22 44 50 33 57 24 10 37 80 47 6 57 49 56 17 50 99 62 71 46 30 22 20 96 98 36 17 39 26 90 77 5 99 31 78 48 42 73 1 64 42 62 19 34 54 99 61 32 73 45 55 22 90 7 41 21 43 40 14 67 36 55 52 74 37 48 55 59 80 29 97 37 88 77 82 54 7 43 6 70 96 34 23 59 36 16 79 68 6 20 2 29 10 85 31 98 16 8 5 
84 84 48 20 88 79 28 85 45 79 0 42 36 4 46 21 25 60 36 28 45 52 33 1 58 47 40 31 15 58 65 52 37 89 15 68 33 86 96 15 38 31 75 14 25 8 76 52 91 73 15 66 12 25 14 99 54 72 36 86 75 30 54 88 11 56 45 63 43 86 4 87 38 50 99 51 86 25 64 91 63 15 65 87 16 4 43 12 53 32 90 81 87 34 88 34 61 0 46 4 44 34 88 23 82 45 37 91 84 46 59 76 19 48 27 62 26 46 44 93 62 0 41 17 43 83 89 44 85 62 87 38 46 88 60 38 44 20 39 60 36 36 59 78 36 57 33 50 31 46 22 56 23 71 61 72 91 60 92 39 77 74 67 67 14 12 49 80 68 30 27 64 21 3 71 65 66 53 77 57 68 41 24 51 50 66 15 48 95 93 9 72 42 23 10 2 64 84 22 33 
4 24 12 57 62 90 12 73 60 70 85 38 32 10 74 92 92 97 94 88 10 84 69 25 48 90 4 7 99 81 28 41 34 9 35 78 70 53 48 38 7 64 72 97 38 70 45 57 1 31 54 88 73 71 3 52 71 10 66 26 77 61 62 52 12 82 63 78 14 85 54 24 68 52 55 86 17 12 52 60 32 24 75 91 12 2 27 0 86 44 71 87 72 20 92 10 96 63 60 95 78 90 14 31 37 6 4 73 90 6 87 79 11 30 38 27 71 34 34 84 43 43 60 66 17 26 2 27 46 63 51 44 34 75 29 24 10 89 26 11 29 53 91 89 0 18 46 35 82 62 94 86 88 16 31 56 92 89 21 44 92 50 87 61 73 25 6 97 93 53 14 98 94 39 11 65 96 55 0 7 96 24 22 17 10 62 46 63 68 28 52 3 32 17 84 26 9 27 2 83 
88 80 30 15 96 48 75 85 67 27 95 83 87 61 43 57 65 2 61 76 99 1 79 77 72 16 50 71 4 82 79 7 37 0 93 63 69 12 91 20 52 46 19 87 77 27 31 82 12 20 95 36 27 41 99 43 82 50 90 45 43 94 83 63 50 41 83 84 63 29 76 10 25 81 92 88 79 46 1 4 13 83 24 97 49 51 83 35 71 52 35 6 66 6 70 45 7 52 81 43 51 14 25 91 28 92 27 40 88 86 82 95 34 20 24 61 13 48 51 27 86 45 45 35 60 6 38 75 94 40 54 53 25 13 47 3 78 62 63 80 90 81 77 99 12 18 64 14 51 83 32 54 77 38 77 92 39 56 33 47 98 2 2 37 28 18 56 83 23 0 36 93 55 18 38 88 83 86 38 58 54 53 65 51 26 71 10 54 65 85 79 16 74 94 22 6 26 31 55 61 
51 69 11 77 41 47 61 67 23 23 9 43 28 25 38 88 22 35 93 43 55 40 42 2 83 59 33 18 69 53 13 74 18 58 79 18 21 65 19 42 43 86 26 35 35 44 48 64 25 14 28 69 13 99 68 92 21 2 87 12 94 99 52 23 15 82 60 78 62 39 31 82 93 59 39 49 88 58 2 11 95 18 85 86 27 18 48 8 88 82 96 12 93 54 71 70 75 42 35 7 79 13 25 56 55 77 23 81 87 58 88 61 96 44 91 36 40 62 19 69 19 16 33 90 42 49 10 81 94 34 47 99 75 73 10 66 50 73 83 11 19 40 38 10 95 15 71 70 17 35 59 23 88 12 33 66 4 50 58 86 44 73 68 36 71 5 73 46 70 62 50 67 26 14 61 54 97 44 44 92 39 80 95 54 1 1 93 8 97 65 46 79 61 71 31 9 12 77 42 94 
74 93 52 61 66 53 44 89 42 38 54 53 39 81 28 47 39 7 4 36 55 11 18 22 88 25 27 62 23 26 62 44 27 29 77 85 84 48 56 75 74 87 78 55 44 68 8 80 49 75 50 50 3 80 30 9 70 59 80 87 91 99 20 91 94 99 74 79 16 57 3 5 5 11 50 49 93 2 94 66 85 9 79 34 49 31 47 31 23 89 74 60 46 18 12 31 13 83 90 72 78 80 11 69 86 88 37 67 13 94 22 86 65 4 0 21 88 41 49 80 31 81 86 69 46 72 82 60 56 88 30 98 9 94 80 60 3 15 28 22 53 90 77 50 51 45 52 21 38 17 22 80 14 34 23 54 97 31 87 6 65 10 60 50 70 15 52 67 10 18 81 12 49 10 50 3 33 8 63 35 33 80 36 51 63 34 54 3 28 39 90 61 55 70 78 97 6 98 21 44 
36 9 7 14 21 51 81 86 76 55 30 40 94 58 70 17 40 22 74 53 86 44 72 85 73 48 8 93 46 40 19 81 40 96 86 92 77 17 87 42 15 81 4 30 29 50 12 98 75 65 7 90 5 0 20 34 4 11 0 8 77 76 60 29 24 38 55 91 76 83 63 42 88 32 37 83 33 96 67 46 1 87 5 47 39 6 2 32 4 20 36 25 70 55 34 75 86 23 13 65 31 34 81 28 33 13 38 58 56 13 14 13 21 6 49 45 30 0 62 67 64 23 23 43 16 92 45 69 35 60 88 27 47 93 26 39 27 51 82 95 96 89 78 16 9 23 14 46 99 27 93 64 14 95 66 48 24 16 39 62 43 53 37 66 37 93 61 43 50 67 33 85 74 87 93 5 75 5 36 68 33 38 94 37 84 0 28 3 94 91 74 70 22 89 43 89 80 41 58 12 
86 36 88 34 66 44 9 62 65 70 48 73 27 93 45 43 7 95 1 56 74 92 21 73 20 53 86 83 99 14 37 46 18 27 69 65 64 3 86 33 61 94 8 75 68 94 39 67 23 24 6 67 36 68 29 19 20 16 39 86 41 36 31 13 4 63 63 46 47 17 58 0 15 14 39 37 61 79 43 56 72 90 93 84 35 38 56 52 43 43 69 85 71 66 11 81 2 61 15 65 16 78 43 73 49 22 54 35 35 64 73 61 30 22 5 99 16 99 40 20 81 53 8 16 9 5 66 46 41 25 99 90 60 85 1 98 89 65 99 29 31 70 86 64 76 3 47 56 7 22 33 31 58 91 13 27 59 64 58 8 53 18 18 5 81 11 2 18 65 84 45 95 52 28 89 80 63 42 53 47 24 48 26 30 74 61 2 22 80 24 65 31 5 29 36 11 39 3 32 41 
39 78 61 57 12 8 26 85 43 71 18 81 71 64 59 23 92 18 94 13 18 76 43 76 71 33 78 86 48 18 82 74 80 32 6 55 53 51 93 26 72 45 62 76 35 59 48 20 50 83 26 0 35 85 55 69 89 67 99 31 38 47 29 27 91 26 4 77 97 79 63 49 10 12 6 9 94 69 90 91 54 59 4 63 52 23 13 8 72 22 80 59 30 63 20 71 82 95 39 31 89 48 15 61 84 77 61 33 6 29 24 78 13 79 27 30 5 33 69 15 32 15 63 32 29 73 19 10 63 99 92 1 60 90 14 6 63 68 67 18 56 88 66 15 70 98 55 81 17 3 27 84 88 86 54 60 24 30 66 17 47 88 2 24 28 79 95 57 80 36 61 82 43 33 49 8 79 61 9 41 2 27 64 38 94 98 84 5 62 90 46 58 18 3 73 18 63 30 78 88 
40 58 38 28 57 93 12 23 54 39 72 20 86 2 36 32 72 39 50 41 5 52 90 2 64 11 34 16 55 29 91 36 86 34 58 71 4 36 75 98 84 57 56 44 22 75 77 88 83 22 39 27 7 21 39 17 72 29 44 35 13 36 75 41 97 87 6 45 14 37 66 32 29 99 66 19 46 56 1 29 55 51 35 3 38 44 79 4 4 8 23 73 68 25 13 8 84 65 97 97 64 80 98 89 49 76 37 35 82 37 63 39 24 50 51 25 19 74 8 25 54 50 20 12 71 33 69 35 68 41 7 59 57 22 54 69 8 17 97 30 37 47 68 70 89 37 58 65 29 38 2 14 91 47 42 47 89 47 52 60 1 11 72 75 12 95 67 0 41 45 3 26 8 89 95 74 24 55 60 75 66 5 47 65 15 20 29 58 11 24 13 81 43 94 61 9 36 70 80 14 
17 41 74 26 12 77 68 99 71 66 17 27 12 51 9 8 97 77 14 68 82 95 84 0 17 67 97 69 23 92 81 71 44 77 22 14 50 92 23 29 43 94 58 5 36 91 67 38 83 49 56 27 95 98 74 80 25 97 73 83 51 48 2 32 66 44 56 58 77 65 45 44 20 53 98 9 94 81 74 46 47 93 43 22 33 13 2 52 29 45 67 59 52 67 88 55 63 62 78 42 36 89 89 25 21 44 86 91 30 55 29 26 6 24 27 29 30 61 0 46 2 91 62 22 48 13 26 33 50 8 87 98 22 43 63 50 36 66 64 47 40 46 12 69 12 79 85 40 76 2 12 57 48 42 27 78 10 97 52 91 48 82 8 74 48 73 80 65 19 64 2 26 3 69 44 99 85 54 92 91 77 35 27 13 10 94 32 48 29 99 43 83 45 71 27 66 50 31 35 44 
99 53 0 58 24 10 60 4 48 32 81 71 62 5 76 38 70 37 4 5 50 44 90 67 1 60 95 54 48 50 0 33 76 63 80 21 23 93 40 40 30 25 14 18 10 59 72 60 6 12 35 67 41 28 25 29 12 52 52 67 50 98 92 70 14 50 36 77 44 87 4 59 96 66 17 17 91 54 2 35 39 26 78 72 50 55 65 55 42 76 7 79 83 18 38 33 84 63 80 36 79 0 25 49 43 47 42 69 91 22 34 88 25 0 12 34 16 67 65 32 94 52 91 19 28 27 78 25 59 6 90 57 43 47 82 95 10 15 68 92 84 30 80 73 88 21 77 59 97 55 93 43 5 23 64 28 18 16 65 85 51 74 40 47 37 48 63 79 4 75 39 52 27 26 65 11 55 95 45 58 71 73 66 6 51 57 83 28 38 18 58 83 4 88 61 32 50 69 9 18 
32 91 55 31 3 64 56 91 60 86 81 31 67 89 7 36 76 12 99 61 31 72 1 58 70 23 18 15 19 12 99 29 43 50 16 59 79 65 65 95 1 83 8 58 37 12 20 49 27 69 24 14 20 91 10 42 33 80 66 20 75 21 57 22 17 60 83 82 38 0 85 45 51 66 83 35 16 90 53 89 90 3 31 58 20 95 18 71 48 50 57 83 29 81 24 15 42 58 76 62 53 74 51 23 49 38 21 74 30 42 99 72 51 76 23 47 28 79 64 45 76 82 3 24 48 51 79 50 38 4 9 46 53 38 43 11 41 92 30 3 53 65 97 74 99 8 96 16 64 12 5 29 45 48 13 11 85 96 50 41 32 77 28 90 47 78 90 24 5 79 18 30 82 62 96 40 30 76 6 49 0 69 68 53 19 11 22 28 12 92 10 95 17 86 72 38 34 90 59 77 
59 8 50 15 1 10 22 44 40 52 42 46 95 99 65 14 33 24 63 44 57 50 6 88 61 94 6 14 33 79 66 16 21 11 21 30 9 61 81 31 60 59 51 55 27 93 16 76 93 66 91 69 63 59 2 63 96 90 61 26 15 21 4 52 15 11 56 68 32 38 25 6 95 13 74 76 58 48 54 0 73 38 94 4 32 14 3 58 26 49 57 94 37 35 79 29 35 88 1 99 44 42 12 43 85 24 50 21 77 4 22 44 50 99 88 30 46 52 91 48 94 44 46 58 79 78 6 91 75 48 74 45 6 44 20 48 70 53 43 18 52 4 8 70 72 98 50 73 78 49 64 70 10 67 9 71 37 17 46 14 69 16 79 8 34 24 65 55 30 91 13 16 74 68 81 1 23 43 51 47 88 88 30 94 88 33 85 35 62 57 73 70 51 79 18 42 96 4 41 6 
81 16 49 37 89 90 84 28 22 29 55 10 51 93 72 89 77 19 78 35 91 14 70 67 26 46 21 13 79 78 58 32 74 96 66 26 91 71 41 41 94 80 58 4 33 97 22 91 97 20 17 40 49 7 97 78 69 52 16 39 25 82 35 36 30 60 76 76 65 18 52 27 32 74 49 56 52 4 52 0 39 61 61 96 10 64 31 5 26 87 85 87 28 57 69 52 9 92 20 25 47 80 98 74 97 12 80 6 77 29 51 49 96 53 30 5 70 23 55 53 11 63 46 37 1 55 67 11 3 31 29 31 61 48 34 69 24 89 25 73 68 57 82 4 65 1 73 77 83 57 65 27 41 22 6 53 12 99 85 13 79 46 67 65 82 48 97 62 16 55 62 67 65 84 21 95 8 65 65 46 15 53 70 57 72 25 38 47 48 85 20 86 3 56 91 14 7 20 34 41 
76 18 22 71 67 77 57 84 97 96 10 55 56 64 89 13 60 58 5 15 15 55 14 26 45 78 52 16 53 42 37 52 49 43 6 57 92 44 85 1 6 35 41 64 48 93 18 94 65 65 3 1 7 50 57 29 14 79 62 22 17 63 74 12 79 86 32 78 6 2 85 9 6 17 52 85 87 42 2 63 50 82 84 97 1 29 81 24 18 56 65 32 94 78 94 1 14 26 27 64 34 75 46 63 44 63 66 42 55 91 60 86 84 99 69 47 33 14 29 33 4 61 62 98 55 52 24 67 74 67 64 0 52 58 31 93 69 88 32 43 19 61 56 26 35 99 33 39 55 41 57 17 90 69 52 52 63 60 1 23 78 71 57 86 87 92 20 90 65 29 96 12 2 12 3 43 43 88 48 82 70 51 65 33 94 45 60 6 67 48 39 11 19 88 41 35 57 52 69 42 
51 49 29 21 45 11 51 33 84 63 19 62 71 96 66 3 5 48 73 60 99 4 68 77 57 94 48 9 96 95 79 5 21 33 68 58 8 67 39 88 37 11 37 21 39 27 15 17 51 59 39 59 83 25 92 95 56 90 71 90 93 76 61 35 1 57 7 59 7 63 72 0 51 76 62 41 35 45 48 29 92 81 34 29 23 47 61 43 84 63 97 36 56 32 8 52 88 88 72 13 73 56 76 93 78 64 47 60 82 17 78 25 27 79 67 15 82 77 69 23 44 30 10 93 12 3 87 76 50 51 15 50 63 42 18 91 74 65 3 28 47 92 60 92 26 4 33 78 73 4 23 13 10 95 55 51 11 4 10 92 55 93 14 91 50 24 74 82 31 27 6 15 89 85 66 45 59 34 96 24 97 15 8 48 24 85 3 20 51 24 37 82 79 87 47 1 92 82 5 23 
9 95 25 0 85 57 8 70 35 2 77 79 71 43 87 0 67 89 54 23 89 58 37 63 61 96 18 94 37 2 10 64 39 97 59 83 67 8 47 14 98 66 95 13 6 95 32 5 86 14 4 0 29 79 25 52 18 73 21 4 51 9 69 27 90 56 0 76 51 45 50 61 95 10 26 84 57 84 64 99 71 29 10 71 35 62 25 27 30 62 86 6 20 38 7 62 98 84 36 11 41 49 2 55 12 5 15 95 39 98 77 14 8 58 55 40 50 60 10 38 49 30 65 32 50 26 27 19 39 18 48 64 92 7 26 44 67 48 25 65 17 28 49 86 90 16 56 95 43 97 95 27 98 38 8 25 67 60 41 48 88 86 47 31 17 84 62 4 53 27 56 64 11 79 32 11 13 75 16 36 67 8 4 40 71 33 61 11 15 58 78 63 95 72 6 52 76 47 58 16 
62 85 32 43 25 58 25 89 41 32 7 47 60 30 46 20 26 23 59 33 28 16 5 47 6 51 56 23 53 9 75 86 57 90 38 34 18 50 68 49 10 7 93 96 14 46 67 43 96 38 71 83 57 7 6 76 10 19 93 80 16 53 20 23 72 71 57 53 68 10 85 53 23 11 31 64 11 9 66 17 17 32 91 65 5 39 74 98 95 37 73 52 88 36 41 4 9 76 30 32 73 3 41 30 89 13 76 81 13 82 12 14 25 17 78 71 65 63 80 89 88 49 81 5 79 26 35 31 41 44 28 83 18 69 11 41 20 73 76 28 42 34 91 74 95 30 13 38 81 40 40 93 19 26 28 64 83 94 41 78 12 76 15 39 7 83 19 8 28 69 8 2 68 40 30 37 5 95 78 84 85 65 14 18 86 97 22 98 81 21 11 15 66 23 19 6 31 33 98 93 
97 12 43 46 15 53 6 3 33 31 12 14 24 15 11 4 90 13 0 26 40 94 74 48 50 34 61 81 0 12 27 19 82 32 13 51 29 29 1 44 64 11 19 81 39 70 78 59 39 19 89 15 86 74 37 76 86 77 24 73 44 56 26 41 73 50 79 31 8 99 81 28 85 66 28 47 87 49 79 23 5 46 49 83 21 64 20 2 60 11 20 72 48 5 0 49 28 45 32 73 2 4 86 23 54 53 98 34 42 80 55 65 67 19 32 29 43 73 20 92 97 88 22 88 80 73 91 62 12 86 52 52 49 23 35 94 61 51 81 36 68 69 89 55 74 86 87 1 98 17 12 45 24 18 61 7 32 51 94 0 24 32 88 26 6 41 60 39 3 97 62 3 15 53 46 30 11 86 90 62 86 19 16 25 75 30 69 71 11 1 74 15 66 36 10 98 48 21 37 24 
80 51 48 29 53 55 64 59 96 79 11 26 61 12 64 64 48 83 35 67 14 27 13 91 44 69 57 88 9 64 19 43 28 64 75 28 4 60 65 41 21 23 16 20 29 67 33 58 49 87 78 63 58 7 70 80 67 0 22 0 35 78 73 94 19 12 80 27 10 71 12 7 80 23 32 25 84 29 42 99 84 14 10 10 76 26 13 94 47 49 63 86 31 46 7 36 60 61 85 70 99 58 82 59 3 50 47 95 72 53 60 52 62 93 39 46 27 10 91 50 32 95 67 47 21 24 45 96 97 0 17 13 21 65 62 92 91 62 78 75 58 64 61 71 30 8 70 18 82 91 31 94 42 11 46 97 45 46 52 68 12 12 57 0 11 49 48 1 12 7 4 89 29 30 3 85 6 2 98 94 72 45 2 3 28 56 13 69 67 45 39 75 21 99 83 19 56 2 85 16 
6 58 30 10 23 94 86 19 8 39 52 86 10 83 54 26 52 83 67 79 34 36 31 41 82 89 2 78 65 91 28 32 17 47 22 60 66 68 88 91 93 81 15 27 32 61 81 1 72 99 9 56 83 36 59 22 50 35 82 29 66 61 77 41 56 93 46 76 71 13 31 95 85 37 39 59 58 76 23 10 52 37 97 78 2 8 71 38 52 49 20 45 39 23 40 67 41 41 58 47 34 89 87 49 16 50 64 47 96 96 26 55 62 57 21 7 99 50 23 77 53 62 71 76 83 70 10 71 54 94 8 40 7 67 30 7 81 14 99 0 73 64 88 82 37 2 28 86 2 71 84 59 53 30 24 91 55 66 86 7 52 45 78 38 29 60 22 20 17 13 7 76 3 65 49 94 84 80 99 74 26 18 33 37 88 7 89 75 28 14 13 64 26 41 76 11 90 20 62 7 
65 92 84 52 84 22 91 63 12 84 69 13 4 47 31 25 65 27 44 26 60 26 13 30 6 27 72 74 68 70 67 18 95 87 19 85 72 36 12 92 1 2 74 94 25 56 76 40 62 86 57 94 31 88 24 94 54 99 96 58 60 46 28 36 19 53 63 14 5 78 19 19 3 10 11 21 62 78 54 99 89 73 94 41 11 57 26 38 39 44 75 77 50 21 81 41 55 7 28 94 78 29 97 79 33 74 99 50 74 28 89 80 63 31 49 49 14 4 73 16 65 10 30 94 41 43 75 81 49 88 87 95 34 9 8 40 16 53 26 17 44 88 83 33 36 62 73 45 50 66 3 78 40 67 76 53 91 67 68 68 59 93 75 40 74 77 31 35 13 29 36 10 35 18 54 69 31 91 19 73 77 62 32 6 40 40 57 82 74 22 66 46 7 9 24 61 50 38 15 94 
14 6 6 97 36 83 62 63 6 32 62 93 71 42 50 83 12 48 77 58 55 11 53 96 17 81 22 10 66 99 62 50 87 50 71 94 19 59 9 61 23 29 6 81 34 6 95 20 73 33 37 71 82 11 20 56 91 45 58 87 49 77 11 67 2 78 28 69 44 57 49 38 79 42 56 61 17 55 14 99 43 27 32 30 58 6 75 3 92 24 11 40 77 95 18 6 93 37 35 71 54 66 41 34 10 93 34 41 91 69 36 99 78 19 50 91 73 55 66 78 23 3 58 69 12 18 16 61 38 60 46 62 19 81 26 25 88 29 2 41 13 63 32 28 70 25 44 27 33 22 90 87 25 89 69 86 43 18 48 61 47 74 77 23 53 71 19 15 84 84 8 1 95 30 82 98 82 12 25 24 35 49 54 36 38 79 43 55 70 38 2 31 65 61 70 51 29 48 84 76 
11 50 67 73 69 69 50 17 47 77 33 20 95 13 74 95 10 28 5 52 20 66 79 62 79 61 31 88 7 59 93 44 49 13 83 30 50 21 41 93 33 39 73 33 13 5 47 34 20 17 13 38 3 95 90 77 75 39 92 64 31 96 67 23 82 46 28 18 75 98 38 99 80 7 72 65 77 83 48 56 57 46 14 23 81 93 91 34 75 83 79 18 64 92 69 81 62 48 99 74 5 87 6 73 60 48 22 67 62 83 29 29 74 10 20 33 39 67 19 88 40 4 50 9 91 19 71 87 81 72 87 47 46 52 47 20 20 19 12 3 61 50 86 84 60 93 4 38 13 66 49 91 34 39 88 79 84 56 30 3 30 1 44 3 94 27 83 45 42 68 21 88 54 31 96 55 14 36 33 32 27 14 9 31 89 79 38 83 99 56 41 30 6 69 87 88 35 21 10 82 
40 66 57 88 45 52 78 41 31 39 35 17 56 38 31 60 40 45 7 25 12 15 81 1 41 4 91 65 3 53 34 33 39 10 92 46 49 42 65 38 46 89 3 15 29 42 64 94 61 8 95 25 22 0 68 42 39 59 60 46 56 12 9 64 27 19 27 26 44 7 0 42 28 35 51 97 31 7 99 17 26 1 34 55 11 51 4 51 4 74 94 58 0 97 67 77 99 6 53 4 88 27 35 14 53 13 30 47 28 81 41 77 48 48 13 99 81 21 32 87 43 16 54 47 31 78 14 34 85 34 27 9 26 22 70 48 97 18 45 65 76 59 68 58 75 60 87 57 89 66 73 78 37 74 27 36 67 3 72 1 51 32 64 11 58 51 18 5 40 2 34 3 17 6 42 37 90 42 1 14 11 81 94 83 34 95 66 33 7 93 40 5 34 47 76 71 72 14 66 41 
97 6 60 25 13 30 67 60 19 53 98 32 10 39 71 92 50 52 14 94 74 72 95 78 74 20 35 29 3 88 14 49 22 66 84 47 45 78 58 40 16 14 82 28 0 51 97 64 9 5 11 27 73 11 56 44 46 15 78 6 12 21 43 83 5 69 56 65 81 2 43 86 10 32 49 31 51 70 34 19 98 41 57 53 36 83 91 99 64 83 64 40 12 68 72 1 71 32 95 91 9 35 58 40 65 40 96 87 84 23 1 13 83 0 17 6 75 71 76 99 74 5 85 85 33 62 73 21 47 58 42 54 69 13 55 12 80 62 74 90 7 43 83 34 22 19 14 7 89 32 4 4 65 16 94 75 59 38 91 65 35 44 71 64 88 43 63 41 61 45 35 50 15 38 18 67 52 22 0 93 35 30 38 2 57 41 70 64 64 41 49 52 69 10 13 46 48 10 22 98 
14 93 55 93 90 23 53 30 76 88 24 78 18 68 59 50 42 31 89 83 2 90 83 98 86 99 96 45 47 73 46 93 48 4 7 94 30 87 76 40 0 58 25 96 32 58 89 34 47 27 52 15 86 78 42 86 62 44 9 47 5 97 1 93 43 27 59 9 60 25 28 81 66 28 7 61 89 85 98 43 37 25 25 58 80 37 16 2 9 36 71 62 96 21 94 34 83 9 37 46 84 10 20 2 24 17 3 7 91 45 66 62 49 16 35 27 68 42 44 25 7 59 26 9 15 58 10 20 19 48 67 56 30 17 12 49 52 37 72 76 20 1 47 9 84 45 99 18 86 41 71 35 39 19 83 27 37 96 80 51 41 68 0 81 77 31 9 36 70 21 34 66 54 62 15 34 17 47 71 75 57 56 59 12 26 46 40 2 63 62 76 59 7 54 81 4 27 12 58 42 
68 29 6 88 15 76 82 20 27 51 90 58 58 80 79 1 60 24 64 37 45 57 54 44 14 42 84 62 30 59 55 42 4 76 31 34 47 66 74 14 57 8 65 79 85 52 79 44 33 2 44 48 23 24 79 71 58 95 48 37 95 44 69 50 8 3 81 12 20 92 61 66 92 91 26 95 54 82 88 86 9 80 66 3 88 80 26 2 42 69 34 30 13 17 51 5 42 73 24 82 49 27 58 19 20 35 3 80 69 54 77 67 87 49 13 50 18 48 15 34 4 74 68 89 30 63 29 51 75 7 21 16 5 79 26 21 29 61 52 23 49 25 99 64 5 61 26 53 43 25 47 60 18 44 37 79 12 13 75 60 46 85 95 70 81 35 68 48 79 17 24 65 72 63 44 79 33 22 75 28 16 51 65 74 29 39 57 46 45 33 42 4 61 6 31 16 21 52 68 76 
65 6 31 92 0 39 22 22 48 97 94 35 9 69 57 70 85 40 5 20 31 3 89 55 98 66 40 7 57 29 54 81 21 25 45 42 46 34 53 59 29 41 75 87 9 67 56 38 33 90 16 11 30 4 93 17 38 14 98 45 36 39 31 3 13 57 38 33 45 67 95 32 58 64 5 10 30 70 9 36 99 50 58 13 88 96 37 58 29 58 41 15 99 98 50 50 81 79 39 99 87 35 58 72 21 38 36 13 34 14 4 87 1 12 60 0 67 10 85 82 95 97 98 86 35 57 40 94 35 59 40 59 78 5 61 15 71 24 76 89 38 6 10 10 68 83 41 66 21 83 45 22 55 52 60 4 86 44 7 40 18 51 59 76 80 54 69 28 0 70 2 44 46 27 38 63 96 4 53 50 84 30 70 44 71 3 83 71 16 32 37 22 77 74 78 68 39 98 89 77 
4 19 45 36 14 69 12 29 85 30 76 76 49 4 59 13 73 85 80 65 75 61 26 46 65 62 40 30 87 28 41 93 47 36 33 68 17 59 68 28 71 50 15 80 91 0 52 26 58 94 61 84 33 14 81 78 34 48 50 42 82 41 57 72 60 44 26 95 20 1 87 12 25 68 5 50 8 51 38 82 30 15 97 39 12 84 21 52 44 83 39 32 94 76 14 78 84 56 73 87 4 40 60 29 24 83 43 22 82 32 16 72 92 56 53 26 86 35 13 34 54 12 67 44 85 46 67 72 91 43 90 63 3 96 24 28 12 19 52 16 18 97 94 62 90 48 91 85 51 38 30 22 94 2 90 70 33 2 81 48 93 66 83 23 41 60 94 91 73 21 20 64 4 63 97 75 66 16 66 44 25 5 26 15 30 78 57 55 3 73 99 99 34 77 22 51 60 97 94 63 
22 93 59 50 16 64 56 70 69 7 95 43 7 25 0 41 67 56 47 21 82 58 77 81 97 51 70 79 54 83 96 92 49 30 78 7 18 72 15 41 51 58 89 38 52 90 29 28 77 75 1 73 44 35 83 23 3 89 88 55 4 96 17 55 12 49 16 81 89 98 98 43 32 32 88 37 69 35 68 3 35 99 49 36 11 17 30 43 9 14 62 75 46 95 16 94 72 94 69 2 66 27 6 32 3 14 60 60 18 37 81 29 55 49 89 12 64 94 5 67 72 7 74 88 0 38 65 55 25 95 98 16 37 87 50 96 25 80 34 43 15 75 49 27 19 69 81 91 67 62 76 45 55 7 68 84 74 30 49 77 39 79 90 85 78 77 55 23 63 97 1 75 91 74 90 58 12 62 39 71 72 60 92 67 57 75 83 76 27 14 95 99 85 24 29 51 17 37 55 98 
15 90 13 54 35 66 42 10 22 21 13 6 82 65 75 52 45 31 83 57 9 7 7 63 68 3 92 40 33 85 33 39 85 6 19 97 88 86 49 39 9 30 42 95 91 97 96 48 60 86 64 33 50 0 73 8 0 11 50 95 96 42 10 63 47 18 58 41 8 78 34 2 32 60 99 21 73 47 32 74 74 40 15 98 70 26 54 2 25 33 39 3 92 71 24 23 43 89 2 64 75 31 33 81 25 11 79 50 61 15 13 12 99 18 19 22 79 56 25 17 95 12 20 6 61 73 90 29 54 72 48 64 91 37 90 65 54 4 10 61 71 42 38 77 50 68 24 63 0 71 71 53 62 17 15 59 65 63 32 66 60 11 23 56 6 95 66 39 24 87 45 50 6 76 92 49 45 97 34 56 80 59 55 78 13 71 79 98 83 91 55 79 17 41 47 32 62 46 96 85 
6 95 98 29 92 4 66 8 70 2 86 20 52 79 85 60 9 91 21 43 14 13 42 79 77 19 37 71 81 38 92 53 82 21 84 26 35 91 32 31 82 71 44 93 0 68 49 95 78 81 51 62 79 66 85 45 99 64 4 67 11 94 82 26 62 84 36 49 68 4 6 28 41 79 30 58 64 33 44 83 52 4 36 8 50 54 56 87 80 13 84 95 50 42 3 16 32 25 24 58 71 56 81 76 79 62 98 83 35 59 45 88 31 81 76 43 55 92 72 80 84 65 45 79 17 19 3 2 42 76 75 94 47 63 64 51 59 13 63 48 59 1 77 71 22 23 96 52 69 1 29 32 11 73 52 27 15 37 40 30 16 28 45 79 86 16 71 26 86 84 33 85 98 92 34 58 98 99 83 0 62 76 29 51 1 16 56 27 37 79 56 79 16 93 87 18 30 15 31 75 
0 78 81 74 73 35 62 47 3 32 17 65 16 86 26 41 26 63 46 84 27 70 30 57 1 76 44 68 72 66 83 68 9 96 2 80 88 44 17 60 53 7 75 76 4 75 15 74 65 42 32 16 49 9 59 72 38 5 24 63 64 82 79 11 25 58 25 77 98 68 65 91 96 64 96 78 18 58 37 54 31 68 56 96 86 5 81 1 28 99 96 89 38 50 16 6 64 42 36 62 49 5 84 62 87 66 12 98 2 95 42 17 40 82 22 73 75 2 46 82 79 67 23 49 50 99 1 24 77 87 22 76 3 19 97 63 83 69 52 11 19 83 96 31 48 15 57 81 77 55 18 20 62 77 65 58 39 64 18 97 53 51 56 77 45 21 73 17 45 50 35 43 22 62 39 65 42 92 21 38 30 60 36 87 59 84 39 50 34 87 68 93 16 87 48 7 79 56 55 76 
99 81 81 1 15 11 89 17 84 56 66 74 66 18 84 88 48 4 96 72 15 52 21 43 62 66 28 88 93 84 3 28 81 54 35 73 54 51 12 85 68 44 8 3 3 73 26 89 50 42 8 88 50 16 36 13 86 57 63 58 62 64 86 57 25 83 36 63 83 41 52 67 95 20 92 55 7 40 71 60 49 62 15 78 58 11 74 34 26 47 6 40 51 36 82 15 5 15 52 95 33 50 27 61 33 31 86 76 4 12 2 35 73 47 50 70 81 40 13 35 16 85 11 34 9 9 17 50 62 44 47 1 86 22 71 93 53 21 56 93 0 21 19 12 78 78 72 40 9 16 40 42 97 38 89 27 70 71 63 46 76 26 78 69 12 36 60 93 1 24 32 82 59 2 31 58 31 86 70 16 23 95 55 84 13 71 85 53 90 77 31 83 95 11 32 99 68 85 48 20 
83 93 65 3 95 3 56 0 29 32 26 6 91 99 3 53 11 68 98 63 11 64 17 42 3 32 22 7 62 32 69 65 52 79 76 28 11 45 29 4 44 64 87 35 29 99 71 10 73 36 28 21 95 4 89 33 87 20 22 94 89 14 2 22 24 84 8 17 94 88 91 97 16 21 90 41 44 69 60 41 53 11 99 43 55 43 64 37 40 56 38 70 67 78 36 46 18 36 1 6 85 31 64 75 53 99 37 81 62 58 48 39 72 15 32 26 95 72 37 63 90 19 2 68 62 9 38 93 96 56 23 19 80 19 15 62 34 56 91 92 93 89 93 93 58 98 10 80 67 17 12 53 1 7 4 33 31 98 20 19 16 20 3 25 91 67 21 18 8 33 76 60 70 58 63 90 39 28 10 2 47 83 6 49 5 76 2 91 82 50 38 76 75 27 32 42 21 96 36 99 
95 1 9 23 44 3 0 81 78 2 34 69 58 45 46 26 73 75 44 88 74 69 97 85 73 2 62 7 55 6 31 98 15 85 5 64 21 2 34 88 81 7 84 39 86 88 40 20 47 76 40 83 25 38 8 96 82 92 42 37 2 0 15 1 96 68 72 82 55 7 64 94 50 88 88 53 61 3 73 6 1 38 64 15 33 46 64 26 42 38 11 62 88 54 46 97 30 92 46 95 95 43 39 15 94 9 0 72 3 55 71 86 16 50 15 42 87 88 31 28 92 35 41 68 57 57 59 75 48 21 92 66 1 46 50 34 57 97 6 99 86 51 13 99 7 87 22 39 95 69 95 80 81 36 29 49 79 1 66 49 87 76 69 11 25 19 33 33 54 1 86 89 37 36 12 77 28 82 76 90 81 0 80 32 25 21 2 19 4 85 60 40 15 5 98 90 71 46 36 91 
3 24 42 48 99 98 2 88 1 62 61 3 60 98 88 94 44 53 12 73 6 18 76 33 8 75 94 51 94 49 56 57 22 67 48 95 73 32 58 68 51 41 89 62 66 23 69 16 90 28 80 23 11 80 94 43 41 15 1 18 39 21 92 5 4 13 63 98 79 39 64 13 74 24 37 35 85 6 19 4 58 28 45 29 95 94 75 17 64 76 91 3 34 69 65 48 9 11 48 9 21 94 21 88 2 41 72 6 54 55 72 72 41 58 47 30 60 88 21 69 91 99 97 98 63 67 98 62 64 93 54 27 90 14 4 91 35 48 59 44 68 84 14 95 39 17 86 21 89 67 15 14 75 84 14 76 94 67 99 88 7 18 29 35 32 90 34 15 12 52 88 95 41 46 72 45 52 91 59 7 21 75 82 28 8 86 99 59 50 26 52 0 36 71 81 98 45 51 9 25 
42 90 50 24 67 72 19 98 52 92 21 77 13 27 28 91 13 85 66 56 73 12 50 39 60 91 83 61 14 36 7 11 33 21 22 12 36 96 6 26 46 57 57 35 77 52 68 43 56 55 65 52 57 96 68 42 87 43 66 88 75 26 16 67 69 94 18 85 18 94 29 33 12 46 77 69 77 45 99 28 99 85 36 17 51 91 90 48 97 82 23 23 19 37 70 51 98 17 73 57 69 19 60 23 96 6 59 47 96 83 24 54 79 34 45 5 91 52 13 92 69 53 8 95 92 32 47 21 75 53 55 54 3 27 52 32 15 81 71 90 39 78 27 25 36 39 90 15 96 8 75 44 25 60 71 10 56 76 71 0 90 23 56 18 51 49 36 96 56 69 75 96 31 85 72 18 10 71 98 66 75 58 67 39 19 94 92 30 28 44 8 8 69 6 1 8 96 57 84 48 
9 92 65 15 46 96 32 99 44 84 86 56 57 15 14 9 8 75 41 25 44 53 4 32 9 38 6 96 43 1 53 54 68 94 93 45 12 84 90 41 24 26 37 0 20 59 62 53 20 44 20 21 28 91 18 94 42 13 81 6 16 63 70 48 94 48 73 68 51 89 78 13 64 7 59 62 64 49 62 69 86 33 57 20 23 21 51 77 3 81 36 42 90 7 47 56 87 13 83 79 61 30 69 81 85 16 57 22 11 50 15 57 76 98 10 80 90 79 49 33 33 82 70 91 31 66 37 80 15 75 95 90 68 96 50 15 78 11 29 40 67 65 28 43 56 17 29 36 14 46 39 47 9 17 48 92 53 83 71 78 86 39 71 28 78 19 85 45 5 68 70 28 94 7 89 88 3 65 29 72 61 38 90 97 73 6 92 26 61 75 61 48 39 75 41 39 19 38 83 5 
28 87 33 78 34 31 98 88 61 32 19 24 55 14 16 0 73 64 57 30 11 30 28 13 56 39 92 46 77 65 63 90 49 94 4 66 56 94 32 35 73 38 98 40 70 7 44 36 31 60 88 52 11 47 71 1 47 10 77 57 19 53 25 32 34 4 26 48 43 67 14 22 25 60 34 88 68 92 78 50 65 21 95 24 25 63 2 67 1 93 38 96 64 98 45 23 91 91 71 1 5 55 44 71 3 30 83 80 98 82 67 20 1 0 49 63 0 89 78 5 69 84 50 35 21 99 12 27 98 84 76 43 96 10 67 71 96 39 34 48 60 65 38 24 33 72 46 95 5 46 65 70 77 34 46 63 86 33 57 68 65 38 0 80 65 87 6 15 28 68 2 4 42 4 63 68 25 38 15 2 96 94 42 14 19 19 24 82 39 47 61 38 42 97 3 98 8 15 97 86 
31 21 32 76 84 36 59 98 11 85 43 10 81 64 34 62 92 41 7 45 47 98 43 97 15 31 70 67 77 65 17 39 68 61 58 41 81 68 21 84 94 30 46 29 88 32 75 28 96 89 47 21 63 86 71 65 5 98 48 37 43 50 93 60 9 8 50 25 47 53 21 36 81 77 1 54 64 47 12 1 35 14 25 60 96 10 57 34 35 82 9 10 32 54 25 0 92 71 36 38 80 14 44 21 49 53 15 56 11 65 69 29 48 85 16 28 4 18 26 57 71 92 94 1 18 35 62 7 90 18 2 34 69 52 53 47 78 79 20 61 15 13 51 65 45 33 56 39 67 63 45 88 7 56 30 74 2 28 26 33 82 8 34 55 85 38 88 82 84 98 12 8 85 64 5 87 72 12 78 27 87 37 26 45 80 65 45 77 32 7 60 58 50 22 12 88 22 85 33 94 
18 43 16 17 44 94 55 45 46 98 73 34 46 39 30 14 26 63 59 38 79 53 73 62 76 99 74 4 26 81 89 51 38 74 47 28 78 22 74 17 51 60 97 58 22 78 92 45 53 56 89 37 33 21 95 25 18 4 90 57 62 85 27 53 34 70 22 25 49 72 9 17 42 22 99 10 1 70 24 20 37 1 10 2 4 40 61 91 94 56 23 50 82 2 4 64 3 71 12 44 78 77 88 88 13 35 53 82 99 66 19 21 25 53 63 73 21 45 55 4 68 0 30 31 94 39 14 52 76 42 53 1 5 13 16 73 58 72 70 50 14 98 16 95 2 50 79 78 0 81 6 8 2 4 66 36 53 45 35 78 55 67 77 65 22 23 76 82 42 28 79 38 65 71 95 90 20 24 54 89 76 32 17 44 63 95 75 45 73 79 55 36 10 93 9 50 9 32 28 90 
65 60 78 54 55 25 16 81 35 68 76 31 7 57 73 18 54 90 69 90 16 70 73 23 19 53 4 85 97 99 12 69 67 12 54 18 77 15 84 14 39 62 30 42 67 20 68 40 12 60 85 19 3 57 65 0 88 7 74 87 3 29 81 27 55 19 27 38 7 30 82 0 63 73 63 76 17 62 76 44 49 38 86 60 70 85 87 57 2 70 64 82 3 29 94 32 38 41 42 99 77 37 39 80 72 34 47 3 73 95 49 4 77 79 69 26 40 74 39 88 8 82 13 16 85 52 28 24 64 63 6 35 70 9 26 28 34 60 19 77 3 74 49 22 43 60 52 75 27 51 66 16 96 76 17 47 29 22 98 71 85 25 24 67 91 94 59 17 21 28 42 96 95 28 50 68 32 20 53 84 25 17 92 28 20 72 41 53 98 70 4 10 85 58 22 96 97 11 2 19 
9 5 40 14 56 57 71 9 69 84 84 78 51 11 15 82 9 81 72 93 9 1 18 71 24 19 62 68 98 88 28 6 41 16 33 62 47 4 45 77 8 4 83 31 9 50 17 97 91 8 26 71 2 62 61 91 57 52 64 85 54 30 56 15 35 9 70 20 16 53 11 8 45 87 84 33 23 58 53 61 34 76 16 42 33 74 32 99 49 96 74 25 19 45 14 48 37 87 27 20 63 93 89 30 78 66 83 23 0 62 96 90 5 6 16 16 78 96 3 61 0 75 70 86 27 16 11 7 72 46 6 74 8 92 79 7 41 96 70 52 38 66 89 4 78 37 61 76 1 97 99 39 46 10 87 47 68 0 66 90 96 76 41 10 90 17 90 3 72 58 63 26 19 83 24 19 95 2 44 94 53 53 51 95 91 77 62 0 16 65 43 99 68 50 59 40 38 17 77 46 
77 88 9 64 44 97 5 15 33 89 27 87 67 47 99 59 10 39 18 57 67 46 19 65 22 71 80 56 28 11 5 96 32 49 17 98 36 67 49 77 76 45 61 89 3 0 36 54 48 21 79 41 71 23 13 52 20 65 89 66 96 60 52 45 19 57 22 80 37 26 11 15 75 7 26 17 69 79 92 76 89 2 62 63 63 17 89 87 67 12 97 62 94 96 41 54 52 57 88 74 9 81 31 42 84 2 31 35 92 53 14 13 81 23 45 12 62 56 59 36 3 53 45 85 25 30 69 77 21 81 7 96 65 13 26 3 93 15 47 60 90 1 23 88 48 76 34 25 45 39 44 90 71 52 63 53 51 74 86 40 44 52 68 42 41 78 87 8 99 89 70 18 97 76 53 27 45 80 97 26 72 43 43 77 49 28 85 8 14 22 11 97 50 87 18 93 57 35 54 35 
98 89 97 59 2 37 51 18 2 79 65 83 91 15 1 21 87 94 99 68 15 99 80 2 66 21 1 39 89 57 44 22 57 75 47 73 13 85 74 79 81 74 26 16 1 48 41 14 70 53 91 35 69 48 41 41 26 51 22 29 28 51 84 79 46 90 36 74 57 96 88 95 15 89 0 62 91 70 95 13 54 62 7 27 18 43 83 68 96 97 48 20 24 1 14 77 7 74 9 52 84 49 43 54 76 3 36 35 2 52 75 72 63 72 23 46 16 36 42 66 49 2 40 86 75 69 87 87 81 89 37 17 60 1 63 72 35 93 73 69 92 38 6 80 24 24 41 39 76 88 32 19 61 66 84 53 34 17 30 15 48 88 88 24 6 47 83 34 69 51 83 46 73 49 23 90 70 50 59 38 62 98 79 43 8 83 2 91 8 17 51 64 92 14 91 13 62 92 51 50 
27 31 63 64 15 45 38 88 2 37 4 91 90 8 18 18 38 66 69 26 91 18 2 2 64 0 69 72 56 79 59 6 87 12 40 34 68 57 44 92 90 97 97 93 64 63 34 60 2 22 62 25 93 72 80 29 90 73 6 73 67 61 80 80 69 60 34 19 74 94 8 52 42 36 85 91 39 22 82 45 21 80 48 43 83 6 28 45 24 79 50 0 97 62 61 50 99 36 61 65 55 72 78 18 68 80 80 42 28 42 70 21 51 95 55 82 77 24 31 51 63 90 74 89 96 49 62 95 63 87 66 95 91 10 15 5 82 45 18 59 91 98 46 96 20 45 44 25 83 68 20 41 7 72 13 24 5 94 55 22 95 54 20 21 48 72 54 92 33 40 36 98 12 32 71 82 24 30 34 40 24 52 39 80 23 42 68 73 15 78 57 77 57 0 24 99 45 95 43 61 
41 32 93 35 27 92 84 52 94 12 37 43 46 68 8 32 49 47 93 49 8 57 95 67 50 82 73 69 85 23 43 55 30 10 45 27 91 7 1 48 4 72 97 30 79 81 60 58 27 52 78 50 14 27 42 64 45 7 23 87 93 7 92 86 60 54 77 44 46 73 19 76 24 84 51 17 76 94 38 48 66 20 39 57 19 86 17 8 84 16 58 26 81 72 41 30 90 35 68 75 54 65 9 6 63 80 30 97 73 20 30 32 82 65 82 99 61 81 80 71 45 65 91 4 13 17 15 95 90 14 26 57 64 28 91 80 32 48 30 84 61 79 73 1 91 27 81 19 64 62 39 57 73 73 97 90 72 15 20 89 58 10 52 41 76 17 94 96 17 67 36 35 86 30 74 42 80 3 36 44 42 18 47 66 52 13 45 5 63 13 43 20 35 0 77 62 45 93 57 60 
32 37 67 31 10 42 25 81 74 17 5 84 58 16 99 71 70 16 97 79 43 33 8 93 28 15 57 70 80 91 68 39 2 23 0 58 82 54 94 73 97 44 46 30 63 60 4 34 50 39 79 97 54 68 60 10 83 48 81 0 74 88 24 65 83 73 73 94 74 83 26 38 81 89 74 89 26 32 48 92 18 61 78 92 92 56 14 44 14 47 96 64 41 0 99 6 71 62 88 61 42 17 12 28 58 11 38 83 7 17 29 42 68 19 43 43 75 5 34 64 6 83 78 25 13 50 48 58 30 55 72 29 93 87 21 95 64 27 9 19 14 10 23 14 69 73 49 45 5 98 29 36 79 85 63 65 80 70 68 85 59 43 86 89 93 29 0 91 38 13 87 49 78 45 48 6 89 74 0 12 72 28 50 62 57 72 20 79 48 66 69 83 63 71 45 41 56 88 73 0 
21 0 4 41 48 30 74 44 99 99 97 39 18 91 61 9 67 57 72 76 75 48 6 48 50 10 29 36 51 16 44 34 93 76 49 51 28 50 41 26 9 79 99 66 3 25 7 72 75 39 44 50 43 4 11 72 64 21 47 12 33 4 94 45 2 22 77 44 42 93 39 11 97 71 94 89 45 45 71 17 43 43 51 74 81 95 29 83 49 24 1 84 12 21 50 9 67 74 1 34 30 58 34 23 44 22 66 12 11 37 21 7 44 52 37 76 44 20 15 38 56 94 90 84 82 38 49 43 42 27 95 90 24 82 37 22 2 37 96 27 24 94 34 38 18 39 10 92 6 56 2 95 39 96 71 60 56 4 73 53 17 34 65 92 35 76 5 96 91 43 87 74 89 51 28 34 5 36 3 47 89 83 68 44 52 89 66 77 38 7 16 53 89 34 75 37 36 61 5 1 
70 61 76 5 70 17 6 91 20 26 79 11 6 92 39 39 88 54 90 77 48 42 50 17 86 96 84 35 79 29 81 61 33 67 90 60 79 39 77 1 76 58 62 70 89 80 46 70 10 94 87 25 94 77 25 55 44 8 48 16 8 15 25 60 74 60 89 56 51 10 99 20 29 99 37 94 22 82 6 87 16 6 94 30 67 26 3 6 98 53 47 23 83 23 6 86 98 65 89 95 7 25 3 72 31 42 51 33 44 79 6 12 76 9 78 18 17 2 55 9 89 0 61 47 19 6 3 23 4 29 7 95 20 22 69 14 74 2 44 22 13 22 50 60 59 80 99 30 10 0 2 38 94 12 63 98 50 84 9 55 2 61 50 54 16 46 22 32 21 56 89 77 71 36 19 83 41 55 82 59 99 82 71 60 58 9 53 99 62 20 58 67 66 52 86 22 75 15 29 79 
2 68 80 93 83 89 72 97 34 89 42 76 55 56 70 15 32 1 57 22 64 51 0 37 9 27 84 61 31 25 2 44 51 25 48 88 1 52 77 14 86 99 59 68 76 35 52 3 3 54 1 23 15 21 59 83 15 94 66 53 2 71 66 41 41 40 42 89 92 10 50 18 12 92 74 9 36 39 11 92 90 92 68 38 97 49 5 15 36 88 23 25 30 66 92 56 76 84 80 76 82 50 52 85 1 29 86 18 4 95 25 14 86 32 7 87 8 59 56 15 60 33 68 21 37 53 60 71 35 82 73 73 13 33 86 95 9 66 95 95 64 39 46 69 23 46 56 6 1 84 71 90 78 15 47 69 3 25 95 68 99 53 58 61 14 30 69 24 64 46 90 60 56 81 73 21 29 97 54 43 84 0 55 19 87 71 31 76 94 42 0 94 17 6 1 94 69 18 27 16 
62 5 57 76 3 34 14 35 40 38 62 34 81 50 91 12 52 0 89 36 29 75 59 29 75 72 32 49 14 81 66 80 2 68 47 98 19 93 89 37 95 12 6 27 72 91 7 8 38 56 80 53 11 1 97 17 30 76 39 14 68 10 38 54 89 87 97 19 66 52 67 24 67 24 41 19 88 18 76 15 20 15 28 17 65 71 85 70 41 30 40 30 44 37 2 48 27 65 81 20 65 15 23 89 0 97 15 56 82 68 48 73 69 82 49 65 35 78 7 96 38 37 49 15 34 3 66 96 92 71 98 65 84 31 45 91 78 48 37 36 58 48 86 18 64 17 60 85 21 85 91 39 51 94 6 75 22 88 82 40 64 24 72 30 82 52 2 21 81 84 46 33 76 43 31 54 18 35 32 13 70 1 42 39 17 52 77 28 8 11 78 14 59 69 28 44 37 69 37 37 
64 2 74 77 80 13 33 85 83 77 1 34 56 5 43 4 76 88 28 76 48 69 63 88 92 78 45 49 11 51 6 94 85 90 82 43 33 85 91 80 43 10 32 14 33 18 58 70 0 34 83 2 81 62 89 97 20 42 71 3 21 5 46 47 2 27 25 54 20 36 77 37 57 55 48 71 46 4 60 78 36 48 96 38 68 33 18 73 35 13 11 12 39 48 99 86 12 82 87 20 13 9 80 25 83 23 37 67 58 62 32 62 97 45 81 31 57 66 96 48 65 33 32 2 85 36 60 94 82 82 48 28 68 93 63 41 51 87 48 20 51 37 7 59 3 63 13 47 16 50 6 22 73 99 94 75 70 96 94 91 46 44 13 50 29 47 2 15 26 7 56 89 95 44 23 38 6 31 97 33 97 85 81 23 61 70 58 21 56 0 83 29 46 76 85 74 60 40 18 45 
12 66 65 89 80 76 2 98 30 36 0 81 7 74 31 83 31 56 7 75 93 93 18 88 87 77 93 68 76 48 42 26 80 40 76 46 48 96 39 38 71 55 46 3 39 98 11 94 92 29 21 57 50 27 3 20 85 67 60 52 46 86 86 85 72 62 48 3 60 9 79 92 56 23 91 59 41 8 18 84 88 18 41 99 14 93 87 6 52 27 74 26 62 10 71 16 34 56 69 20 31 31 73 55 86 97 20 90 9 33 98 81 63 38 37 53 95 92 61 56 8 29 15 7 32 54 96 78 79 2 23 37 31 77 21 91 33 61 76 54 99 73 6 42 68 3 40 83 87 63 30 51 40 0 24 25 19 19 5 95 27 2 91 78 46 12 0 59 1 86 67 24 46 35 42 57 24 42 75 5 39 87 8 4 73 57 72 29 37 52 90 59 97 55 76 15 53 35 97 57 
34 36 58 57 80 3 51 84 51 82 96 15 19 88 25 89 35 76 91 84 56 39 16 90 15 11 15 5 80 87 44 44 43 0 80 55 75 67 92 77 77 0 86 93 47 57 85 52 22 56 42 32 97 4 30 44 75 15 34 14 71 19 21 76 77 22 57 72 32 20 29 90 30 39 53 99 31 66 70 63 70 21 76 71 68 16 89 41 6 30 95 63 97 20 49 14 57 37 74 10 2 5 11 78 42 25 38 78 30 61 10 0 14 20 13 7 64 51 28 33 76 84 14 89 76 53 63 12 68 38 10 55 23 27 29 24 48 10 72 56 94 87 45 2 28 89 62 70 35 88 59 40 21 91 6 6 50 23 8 27 73 9 41 74 17 77 83 82 53 7 83 7 53 39 57 5 22 23 62 67 11 84 42 79 49 89 11 15 44 42 6 79 63 89 36 14 65 45 21 67 
65 16 60 21 96 83 76 80 9 43 13 86 81 34 46 32 67 74 1 65 5 29 59 57 69 78 62 41 63 31 4 95 96 60 22 40 94 87 45 65 72 24 43 34 21 43 86 48 56 67 72 19 35 9 83 11 28 29 7 2 95 9 68 46 25 56 13 51 77 36 81 95 97 35 45 1 23 54 86 8 0 11 53 88 16 49 32 27 76 90 96 61 97 60 59 36 6 43 74 57 87 82 14 70 38 99 3 90 98 52 19 58 83 75 64 6 90 58 44 55 21 64 43 94 92 6 39 77 89 18 40 48 57 52 87 91 56 65 27 85 84 96 32 44 93 51 19 12 15 83 35 45 6 76 58 97 57 43 11 13 67 0 7 55 75 46 17 56 47 73 27 59 31 20 85 77 57 54 64 2 4 13 59 44 45 45 13 78 89 7 91 88 68 70 99 98 77 78 6 62 
7 50 6 90 12 29 51 33 68 25 70 84 52 76 90 99 20 48 75 30 69 40 40 79 51 60 5 77 90 93 61 73 72 53 60 83 18 69 13 87 26 59 38 50 17 11 75 92 52 81 72 27 0 97 65 60 86 97 36 8 24 18 2 18 13 57 82 50 99 32 31 81 99 13 63 72 65 59 43 66 65 35 92 58 73 32 14 72 75 98 37 87 45 15 98 59 71 99 59 24 17 9 13 90 91 99 1 38 89 7 29 33 50 22 56 64 27 14 84 88 23 70 43 62 70 88 56 22 27 2 71 51 26 73 8 18 9 84 36 56 1 80 17 1 37 15 39 63 59 46 14 14 74 10 54 29 71 18 0 33 22 19 63 93 28 64 79 37 31 60 81 10 65 41 35 46 24 74 17 61 17 77 88 20 72 5 30 33 3 25 63 50 11 54 6 60 51 33 67 83 
3 81 11 5 64 67 56 44 80 86 27 40 69 26 71 45 0 4 92 0 80 0 56 31 81 38 32 82 5 72 22 29 10 52 26 91 36 69 95 0 77 92 96 6 2 90 2 20 76 74 55 39 96 44 35 98 19 27 70 97 89 47 43 5 71 72 27 2 3 68 17 52 59 60 84 6 57 36 33 83 22 77 99 11 36 0 69 74 54 99 7 67 86 59 3 48 76 62 69 20 10 28 60 73 33 81 44 7 31 73 97 33 63 94 97 86 36 49 37 11 50 55 95 63 33 27 24 22 19 37 40 79 52 48 10 0 17 67 22 23 2 85 33 2 59 3 48 90 20 46 95 29 71 26 79 9 54 0 1 96 30 99 89 89 15 41 31 67 61 59 65 53 70 63 97 22 9 68 48 94 95 56 79 48 52 57 98 77 61 41 10 64 71 8 91 52 97 54 61 44 
86 85 38 41 57 35 85 57 79 12 54 85 95 15 38 84 2 27 88 19 81 52 8 24 14 49 82 75 92 80 54 29 47 0 11 15 1 79 42 67 75 48 85 33 30 34 95 21 62 66 77 7 99 5 90 71 65 66 99 22 6 82 10 24 42 45 43 55 64 0 87 84 2 80 53 57 73 98 87 7 42 62 58 57 20 53 68 32 98 90 65 33 36 33 35 92 65 23 23 85 24 57 89 0 4 3 66 57 11 66 60 58 26 97 50 37 29 52 30 69 59 10 4 3 61 13 51 96 50 59 65 14 14 8 22 8 60 1 29 85 86 39 44 19 32 72 66 31 73 65 77 73 94 41 32 6 87 41 89 2 67 1 83 0 53 53 44 98 56 51 37 37 60 88 75 4 46 18 48 4 79 97 85 68 24 88 30 98 32 10 26 37 88 56 49 48 47 1 23 63 
10 53 51 97 15 30 0 22 62 16 66 70 94 59 12 78 0 11 33 85 5 23 49 61 23 20 98 83 54 68 33 60 43 30 58 93 17 53 15 18 6 13 88 59 23 72 56 59 16 97 14 88 2 21 26 34 18 15 58 7 87 77 0 75 83 63 70 6 54 16 92 2 75 71 36 49 86 28 32 99 98 22 31 43 35 19 33 16 23 18 53 74 10 57 60 30 26 23 35 30 68 91 79 48 4 14 68 70 59 94 97 86 43 19 78 38 71 42 27 95 88 0 4 18 75 79 23 80 67 75 22 74 85 88 73 63 63 91 0 96 2 10 85 4 51 80 7 42 0 85 7 31 2 50 53 61 85 88 83 40 12 35 30 67 19 56 46 18 58 6 74 89 30 93 42 5 26 20 64 1 92 21 22 45 24 23 47 65 34 35 40 32 63 82 23 47 4 22 16 55 
66 54 96 56 45 99 96 10 75 76 91 53 76 94 90 91 48 21 51 84 96 49 8 3 97 16 54 40 93 84 45 9 67 56 1 84 33 55 45 29 40 80 92 8 31 55 17 22 40 12 99 45 72 94 13 37 90 63 42 52 25 78 8 84 77 19 86 51 35 66 8 15 67 83 97 68 91 33 15 59 33 17 50 32 42 77 58 14 57 68 99 73 94 89 58 80 47 12 70 76 10 43 42 49 73 97 68 44 74 91 74 52 99 16 25 73 45 47 92 50 15 10 98 38 78 1 22 1 3 27 41 95 40 71 84 42 42 23 57 63 54 6 32 19 10 44 39 12 71 91 73 21 21 47 42 66 78 9 44 11 35 11 43 96 91 42 51 73 97 53 14 71 21 93 1 7 46 62 68 77 62 6 76 75 61 67 59 63 10 13 44 42 4 36 53 47 48 87 35 20 
64 70 17 95 56 5 75 67 18 21 52 12 15 27 78 20 96 83 41 76 82 27 19 27 10 67 38 33 19 15 42 94 37 47 69 43 90 74 56 77 43 30 24 41 46 67 45 69 25 63 9 41 85 28 80 28 20 56 63 52 96 73 54 2 81 47 7 39 41 67 27 20 41 21 11 5 23 41 80 92 46 66 42 6 97 11 79 74 40 14 54 85 91 14 66 86 32 91 57 91 15 65 49 4 36 17 38 94 37 74 99 66 61 8 17 35 48 70 49 94 76 78 29 33 3 33 19 21 26 27 10 87 1 15 57 9 20 30 19 13 61 34 99 32 79 63 37 76 91 45 69 46 41 71 40 74 49 35 96 79 70 54 15 32 79 78 3 11 88 34 4 19 59 24 19 92 72 28 34 58 98 81 59 92 15 10 62 69 37 95 25 96 9 32 54 80 13 53 47 50 
41 54 65 78 79 93 11 20 56 94 68 91 56 66 20 22 81 3 62 99 91 30 14 44 92 46 66 32 86 13 62 70 11 45 68 44 21 60 4 51 10 3 28 68 47 23 63 26 61 45 47 55 55 64 48 28 0 4 55 41 36 37 99 75 74 81 15 52 41 22 73 20 19 27 97 2 97 89 44 95 77 93 38 80 92 64 90 78 20 69 50 73 85 82 19 5 2 62 93 85 78 79 2 29 8 91 51 15 91 71 64 16 22 90 61 32 55 99 17 31 43 98 10 45 78 40 96 33 75 13 59 77 29 74 23 45 99 15 99 49 33 50 38 43 60 8 0 18 48 52 79 20 28 2 87 90 42 82 80 93 72 81 24 7 6 91 77 0 20 70 72 26 79 17 86 63 91 73 97 94 95 40 74 75 4 86 98 87 31 17 71 55 46 72 0 7 9 19 19 58 
37 93 66 52 4 33 80 28 82 67 62 32 72 26 14 61 71 78 86 31 79 60 7 21 17 15 56 57 94 90 46 83 48 35 74 14 74 38 65 22 75 98 94 52 75 11 49 43 97 61 19 4 8 72 42 57 77 96 58 17 64 43 69 39 27 13 11 48 67 75 68 61 76 67 58 90 55 71 81 16 22 12 66 65 28 48 8 29 49 27 33 31 16 23 40 18 12 62 25 5 88 61 58 94 98 62 44 98 49 21 54 71 21 94 85 90 32 61 43 3 35 8 70 27 26 17 59 84 11 11 24 55 24 91 82 3 57 62 38 44 45 17 18 38 71 0 67 71 71 59 5 10 33 29 19 45 62 18 39 94 10 12 45 81 85 62 0 33 36 4 88 76 87 25 11 8 88 9 61 84 47 25 57 78 44 41 23 78 44 94 67 74 20 40 51 47 65 49 16 96 
93 15 1 63 2 14 76 5 24 58 13 85 46 56 44 35 44 18 90 96 75 20 43 13 64 96 35 69 14 33 47 73 82 48 49 47 8 99 70 21 99 10 94 46 77 83 53 77 40 21 21 24 49 44 48 4 95 35 84 44 30 2 52 6 0 78 96 29 71 30 92 44 5 18 40 55 36 19 16 96 14 5 43 99 76 23 1 33 41 74 46 50 1 51 3 37 43 38 3 54 48 67 22 62 1 90 48 16 35 75 45 84 12 82 16 7 57 53 74 90 30 48 97 48 37 48 85 41 78 51 57 48 47 43 84 63 84 61 73 50 41 12 97 33 87 54 57 18 7 73 44 58 93 22 78 50 64 75 25 57 43 66 74 89 95 2 79 31 90 88 4 55 76 57 3 31 95 15 81 15 0 92 70 92 35 16 88 49 28 9 95 95 44 19 99 36 74 23 54 86 
87 18 83 17 14 83 12 34 28 45 60 65 26 98 20 42 25 5 19 83 31 81 47 90 58 73 2 64 18 62 1 13 14 92 24 66 12 34 11 99 45 21 67 86 62 14 75 91 4 89 96 14 90 84 78 14 97 81 54 63 48 17 57 58 85 5 95 56 53 29 68 76 47 39 97 41 72 76 94 23 51 61 2 13 80 29 27 3 13 18 48 4 36 22 1 7 74 10 58 45 35 61 99 54 67 90 78 78 40 89 81 18 81 5 49 99 95 26 47 25 90 85 6 79 78 57 25 70 34 19 43 83 44 29 93 82 75 50 30 93 70 69 48 24 77 56 46 14 45 95 69 48 83 42 15 88 53 39 70 65 49 31 69 97 22 10 21 11 11 25 2 30 17 3 92 85 60 47 92 41 31 34 33 72 85 36 56 19 95 27 15 66 74 75 53 99 91 15 95 24 
21 72 37 49 26 88 80 81 86 98 51 52 37 40 59 29 92 71 32 8 22 86 88 87 35 30 38 49 64 69 75 35 51 14 76 62 26 59 33 56 51 20 15 94 71 60 80 51 68 12 83 3 75 92 94 3 94 37 96 86 72 68 98 27 18 89 81 93 98 29 73 19 15 81 69 69 88 39 71 66 48 47 37 41 46 56 16 57 16 27 28 72 37 79 48 75 74 29 19 83 81 46 42 44 13 74 96 61 2 4 53 39 6 51 55 0 14 35 14 23 69 21 28 47 93 83 47 29 43 91 7 22 62 37 24 72 15 15 37 32 43 85 24 28 12 61 56 45 76 56 97 76 56 98 54 29 1 95 37 64 85 23 35 47 48 99 13 12 59 79 63 63 96 86 62 63 47 69 88 93 89 88 11 88 19 91 22 59 37 8 65 24 27 28 78 15 4 39 15 98 
22 63 38 50 33 20 91 2 23 22 96 34 19 75 91 95 36 64 47 57 65 53 28 17 3 35 44 28 10 37 50 72 47 54 22 37 9 7 41 3 60 96 83 50 95 68 6 37 52 64 33 59 36 39 96 84 47 95 70 72 34 15 44 69 20 33 72 53 38 6 58 89 41 56 81 99 92 55 78 83 87 0 52 50 56 45 87 31 32 85 51 82 31 99 75 56 23 36 3 4 14 18 33 83 91 54 87 91 44 37 34 99 25 35 33 96 79 92 97 31 33 72 79 73 43 25 95 3 45 54 59 52 54 50 99 43 38 37 20 85 65 54 50 54 90 94 35 15 82 8 33 88 28 45 74 79 96 70 98 9 78 8 81 35 30 19 35 52 78 6 0 85 96 49 79 81 41 20 78 37 28 96 79 7 31 20 17 15 71 50 30 42 50 69 68 43 30 80 33 66 
43 56 3 83 25 79 52 10 43 86 11 76 3 65 31 22 59 68 51 45 67 20 74 30 25 5 16 14 97 30 94 69 69 4 38 82 64 36 45 75 92 84 41 31 5 30 98 3 68 53 81 81 74 80 99 5 2 6 82 38 61 5 64 45 95 57 72 4 8 87 79 70 60 33 8 9 28 20 99 80 82 61 38 51 63 4 43 95 54 50 84 50 4 84 5 10 30 48 2 53 42 76 85 25 51 41 76 76 10 94 30 23 61 33 82 99 61 65 33 64 21 41 37 34 27 84 17 48 86 65 51 43 35 20 75 66 40 10 74 39 16 29 3 63 0 8 1 85 13 22 30 4 79 76 46 26 53 32 83 39 11 55 39 79 9 7 2 55 72 57 57 90 93 1 35 27 68 8 80 17 55 33 80 8 76 71 17 42 92 61 27 64 57 55 46 9 72 0 33 83 
63 69 42 5 11 65 62 49 33 49 30 87 2 30 6 2 59 1 45 14 70 10 21 33 79 24 17 65 58 40 80 42 97 48 72 40 56 14 90 88 3 4 56 36 96 58 40 75 18 2 91 90 37 60 82 60 34 83 19 28 77 70 31 88 62 54 23 67 37 15 9 72 86 5 60 82 27 65 95 52 39 96 73 34 59 35 69 19 50 7 84 28 34 11 55 77 81 8 27 43 82 13 50 29 29 3 4 67 8 6 94 87 15 64 10 58 24 94 54 88 59 61 73 79 49 54 31 65 84 86 49 34 39 87 94 15 13 79 80 41 71 46 37 34 9 13 75 90 74 41 22 41 93 69 41 71 66 0 16 4 97 55 12 61 39 62 59 90 90 0 70 74 68 20 73 48 55 69 42 75 67 53 32 20 55 46 36 86 45 25 77 82 25 72 1 61 40 33 84 43 
84 27 24 52 34 9 57 12 83 52 10 3 21 14 24 96 54 28 3 79 65 76 62 15 67 52 30 48 80 41 78 96 51 75 50 73 95 96 25 80 70 7 39 52 98 48 51 8 99 13 13 93 64 42 95 56 1 68 9 23 52 62 31 2 54 53 82 56 29 74 25 99 20 2 86 44 87 21 7 26 35 18 2 18 60 18 13 19 33 15 74 3 3 15 78 18 23 57 86 29 33 11 50 21 81 60 2 85 27 72 35 21 81 54 31 61 62 77 63 54 76 14 87 15 67 61 67 94 60 10 21 40 91 46 35 58 65 30 31 66 12 47 52 93 88 54 23 10 61 94 5 7 82 9 78 74 94 31 55 16 2 25 76 53 38 28 29 26 23 51 50 54 20 66 88 78 11 45 30 1 7 22 76 28 67 67 34 74 26 34 77 66 57 5 66 80 0 44 59 69 
76 88 89 71 84 59 18 76 43 73 96 54 30 53 59 91 55 80 36 62 21 85 81 62 0 43 99 13 51 91 61 99 80 60 83 20 56 59 30 83 12 10 66 5 19 86 78 10 69 65 95 62 24 5 60 50 81 22 15 28 56 4 51 60 31 12 53 17 8 76 21 68 18 54 7 70 78 94 42 60 7 62 83 82 34 26 84 80 14 87 15 53 95 28 26 97 57 80 53 62 99 26 34 89 61 58 15 49 35 24 97 85 31 35 68 50 69 47 68 63 20 69 58 60 8 46 89 48 57 55 98 71 7 33 90 79 12 1 19 59 34 65 74 92 77 2 43 2 67 81 5 43 55 57 36 6 46 51 56 23 36 22 97 76 62 60 87 31 80 48 70 62 74 44 42 87 83 46 67 30 53 79 1 0 10 99 66 97 86 75 92 60 99 52 84 89 17 79 3 39 
9 94 17 40 8 98 23 45 24 33 57 38 39 34 71 10 19 30 59 87 24 57 36 33 87 78 29 6 76 35 94 29 47 89 2 19 40 70 76 2 75 56 24 78 21 9 76 13 76 15 23 78 8 10 36 76 15 55 24 40 62 84 26 91 10 37 31 13 62 45 78 63 85 34 44 23 50 13 22 85 18 37 95 24 74 89 93 31 98 28 88 17 21 81 9 51 85 3 4 80 86 79 43 62 70 71 17 19 64 57 60 66 85 73 2 59 74 87 78 29 51 1 41 78 47 31 3 32 98 11 47 98 75 3 37 36 50 37 44 72 85 98 51 61 17 22 72 1 51 75 11 5 99 65 23 52 25 73 38 86 71 36 50 90 14 58 36 17 16 49 80 60 90 64 37 8 25 77 90 81 30 94 57 93 66 40 11 41 59 56 96 37 37 83 96 63 7 23 91 74 
26 90 13 85 10 22 1 76 58 50 3 15 95 28 23 28 80 99 4 7 5 3 68 68 27 11 98 75 78 83 34 69 78 62 24 93 27 17 7 70 1 48 87 99 10 0 29 70 37 42 30 17 38 43 55 33 79 5 27 61 71 1 5 36 69 25 24 14 11 64 64 88 39 0 14 45 31 75 7 87 40 24 13 94 56 48 3 83 31 5 55 77 82 78 29 69 3 32 49 59 52 88 55 68 99 57 17 17 29 24 2 71 58 94 6 8 73 93 39 35 24 42 74 59 26 90 1 98 51 91 31 56 56 88 80 73 40 32 55 91 65 28 65 86 99 20 89 10 58 99 32 3 38 72 45 91 76 52 33 18 23 1 99 49 88 1 80 34 25 92 49 59 19 38 33 61 39 97 0 68 66 25 64 68 89 44 19 10 52 52 13 20 29 51 8 61 27 7 10 17 
55 94 18 65 23 83 44 50 26 9 45 66 7 36 26 78 93 26 45 62 98 91 74 98 18 56 7 70 79 93 34 17 66 89 70 65 29 95 92 82 75 1 55 68 75 71 90 78 5 13 61 80 9 73 28 43 42 21 43 32 94 52 28 62 98 82 81 0 76 17 77 14 39 73 87 90 52 15 73 78 18 22 9 13 3 42 97 11 21 74 88 49 17 19 81 48 59 5 84 56 58 97 73 68 74 80 95 28 72 52 34 24 24 64 85 23 78 16 15 26 46 66 42 14 8 71 60 67 96 77 74 74 85 92 42 2 40 3 97 62 55 81 77 90 23 4 15 24 91 58 61 8 78 41 70 27 47 87 42 43 91 43 43 7 22 66 16 98 65 49 1 21 43 34 55 86 47 66 21 74 50 66 91 45 81 1 27 8 1 92 50 36 30 38 76 22 20 54 41 82 
49 79 78 79 62 24 27 50 99 29 19 19 82 49 10 89 55 99 1 94 92 49 16 34 34 23 52 38 53 69 75 69 59 45 96 98 62 3 1 56 21 34 19 49 5 54 29 93 4 21 5 99 26 63 20 93 94 81 47 89 75 31 53 78 0 26 15 84 73 58 94 43 55 40 95 42 49 37 41 39 68 3 46 25 96 46 19 70 40 85 97 90 31 63 92 59 80 55 24 63 16 58 69 15 14 67 47 53 3 28 80 44 54 45 96 18 49 49 48 47 2 67 67 73 21 65 47 95 11 55 42 73 98 7 98 40 81 61 69 22 75 64 28 25 43 62 20 44 51 33 19 82 81 82 49 85 93 14 22 34 40 11 45 4 45 52 69 22 10 20 19 37 25 56 13 60 19 34 9 50 56 97 25 21 49 75 97 88 83 90 34 88 53 94 9 59 35 13 79 93 
87 68 80 34 32 22 69 63 66 62 51 95 2 82 1 18 46 85 61 61 50 12 41 37 68 1 35 57 69 19 67 89 74 22 1 1 30 86 46 80 40 6 63 25 15 35 27 87 15 69 84 33 36 13 81 61 42 19 87 36 99 38 90 38 65 86 88 38 5 49 72 89 0 13 88 67 72 13 96 46 70 14 38 10 71 92 70 69 71 61 55 79 29 77 42 8 24 91 43 65 30 51 17 33 39 24 98 29 40 80 79 38 61 61 56 53 35 30 3 35 83 27 93 18 18 89 69 96 21 58 66 78 97 39 31 20 25 2 93 35 5 3 24 79 41 9 65 70 2 75 84 4 77 76 48 37 44 62 91 28 58 62 12 30 85 34 77 26 58 36 70 93 37 27 23 45 34 47 90 82 23 54 97 17 58 24 29 0 73 27 39 33 81 40 5 15 28 31 60 22 
74 38 16 91 61 3 49 15 31 91 13 95 77 63 39 44 98 81 6 87 22 88 25 40 96 83 57 14 76 99 63 18 16 75 52 2 21 56 85 99 62 8 16 98 89 12 13 27 5 8 45 27 27 26 37 39 19 8 13 24 34 82 50 82 94 75 20 44 81 53 92 73 93 95 71 28 43 10 7 0 59 28 74 98 15 61 7 56 68 22 76 87 62 31 93 52 22 87 30 86 92 99 41 75 25 71 12 68 7 16 82 69 75 55 12 61 28 16 16 82 30 23 14 65 35 34 45 97 17 55 86 49 92 41 84 14 98 77 5 21 68 87 81 69 39 21 43 25 64 96 20 4 60 64 20 33 55 92 37 53 31 6 15 31 3 68 49 94 52 49 74 37 68 94 20 67 37 23 11 48 72 72 17 80 51 23 16 83 36 77 10 20 55 65 77 49 70 8 9 56 
66 10 5 83 1 79 31 97 30 45 57 72 56 61 89 29 35 72 89 54 83 68 14 99 82 12 92 68 20 96 51 66 22 72 12 39 80 58 23 58 10 94 79 51 72 18 91 71 44 70 12 4 20 86 51 52 9 82 40 3 39 41 35 29 70 44 6 0 5 57 83 14 76 35 76 91 63 40 96 58 13 34 63 36 59 59 61 13 34 35 66 81 29 94 6 46 31 54 24 84 31 5 8 29 62 91 1 47 59 99 47 74 16 4 41 70 59 86 98 76 25 24 42 84 12 80 47 51 28 53 65 82 64 40 9 67 38 43 76 55 42 70 4 35 59 47 43 78 41 43 28 71 56 25 30 71 30 94 22 42 23 22 21 6 30 10 74 20 77 94 12 66 13 74 3 57 91 51 28 44 6 15 94 93 1 69 92 18 12 45 8 18 46 92 48 49 10 67 67 85 
59 73 18 82 95 2 25 89 23 29 80 68 44 90 53 33 74 81 19 85 73 77 60 11 63 56 63 53 68 70 33 20 27 64 97 54 30 19 97 9 77 85 79 35 63 99 36 53 53 72 92 12 83 9 6 80 44 30 77 7 91 87 95 82 99 42 45 78 80 68 23 30 39 46 70 7 93 47 87 8 91 15 58 23 28 37 58 91 29 53 30 87 85 95 53 64 61 76 22 38 59 94 52 65 35 33 88 1 16 45 99 58 43 37 21 90 17 95 5 3 60 89 23 14 40 42 52 88 70 53 49 63 1 21 11 88 23 18 65 46 1 46 34 55 67 59 17 69 78 24 46 8 84 91 51 90 37 15 15 76 50 58 41 99 26 76 72 9 4 68 94 88 4 77 43 91 21 57 43 96 91 75 26 66 48 39 6 73 40 47 10 82 97 26 75 7 12 95 52 38 
41 7 30 21 97 71 47 50 38 30 54 24 23 2 32 70 5 0 5 61 1 41 50 60 10 54 21 63 49 55 78 13 76 84 89 88 44 36 48 20 50 71 70 19 64 69 32 6 11 3 95 8 55 42 26 29 59 62 13 64 87 76 90 9 79 35 16 16 24 87 93 18 29 59 40 35 84 81 38 63 89 28 52 13 64 1 74 4 46 25 47 12 56 45 41 30 27 55 82 79 7 81 74 62 46 67 3 2 44 18 75 65 37 50 13 92 70 79 7 39 48 79 9 37 13 63 26 79 0 97 87 0 79 45 60 1 79 58 63 2 23 63 10 65 17 1 73 8 2 8 52 81 9 81 53 42 61 2 17 26 14 72 27 87 13 84 98 52 6 53 21 1 91 77 23 81 98 2 60 79 80 95 9 78 76 15 23 14 62 9 34 42 88 81 59 92 36 41 48 93 
44 28 32 77 30 59 39 31 16 1 94 64 39 20 30 78 67 85 25 27 26 36 42 91 80 79 2 55 30 69 15 6 45 86 20 25 82 50 93 33 47 97 92 11 69 9 40 25 68 21 29 0 22 80 80 9 12 83 1 60 93 60 46 69 64 16 66 25 37 65 65 69 99 55 29 44 48 87 42 99 72 78 98 1 66 9 5 61 49 33 31 43 46 13 1 92 27 37 49 33 8 93 84 54 87 90 78 76 37 93 89 45 3 66 57 13 66 30 12 9 87 24 60 88 61 0 21 54 28 54 73 60 26 98 17 67 28 11 6 29 20 69 3 69 92 21 57 38 46 60 77 86 29 77 52 95 98 71 53 95 0 98 38 64 13 47 80 90 74 50 73 12 65 31 94 80 73 68 46 59 49 59 56 53 13 35 68 12 1 43 93 91 43 22 73 53 35 84 34 34 
49 98 35 81 95 8 78 55 48 59 68 5 8 85 46 4 13 35 27 72 37 83 45 82 29 73 1 13 21 31 49 43 13 99 45 77 51 96 49 32 22 65 92 58 75 49 26 0 6 68 9 85 23 57 30 72 97 20 7 17 47 9 44 61 25 26 82 18 98 2 81 49 7 19 17 11 54 61 84 34 8 83 27 49 67 9 75 69 92 55 69 85 45 85 76 28 54 75 50 10 13 7 26 76 79 9 72 12 1 6 21 97 66 88 84 74 25 56 21 73 31 61 29 85 62 33 87 52 69 29 22 35 67 62 78 87 21 77 7 54 27 11 12 12 38 46 12 54 9 22 19 56 60 15 23 38 40 97 92 42 39 65 57 31 15 32 47 13 19 66 76 11 97 77 49 69 78 45 40 64 82 6 65 86 99 12 13 42 33 2 55 0 7 51 51 81 96 16 84 57 
27 30 55 77 59 79 0 91 47 99 55 95 29 13 35 63 42 9 25 15 86 8 17 67 20 42 21 16 39 59 54 53 2 90 50 90 85 66 10 98 41 41 9 57 23 90 50 88 11 85 47 19 27 50 93 11 89 86 81 86 24 77 64 32 7 53 95 76 31 25 38 42 92 34 15 69 85 22 5 91 3 77 25 72 39 5 15 69 99 56 10 86 51 93 2 26 40 84 54 5 4 89 17 75 3 59 43 39 26 72 44 70 86 81 37 69 60 88 24 75 74 16 41 64 8 72 33 67 67 6 13 31 38 94 30 81 48 59 32 51 77 41 20 55 60 44 87 85 76 92 39 31 34 17 44 80 34 85 99 47 26 0 94 25 11 15 65 44 1 32 75 77 21 4 0 8 33 78 5 86 0 48 24 0 42 36 10 46 22 45 22 98 23 1 44 71 60 41 62 80 
7 67 30 33 59 11 60 24 76 49 89 47 92 93 88 49 28 8 96 22 52 39 34 13 3 6 68 37 40 63 34 69 82 11 52 23 83 83 21 62 38 10 58 92 99 43 18 8 90 26 16 49 56 60 14 50 45 99 5 7 61 46 8 91 77 32 85 28 1 54 18 48 68 80 97 29 59 81 46 8 33 70 84 17 22 7 82 34 99 55 51 45 17 65 21 27 14 28 74 46 40 60 59 73 79 93 16 50 58 3 17 41 97 15 72 99 85 94 38 58 51 42 98 67 90 1 87 51 15 80 54 26 54 12 36 61 62 45 90 91 5 43 81 71 21 89 46 20 75 62 63 76 90 50 35 37 46 73 36 77 45 67 58 65 41 99 50 0 8 89 20 77 28 42 9 22 23 82 5 14 34 73 80 78 76 93 41 99 73 15 40 79 32 87 44 73 90 45 12 14 
44 1 68 42 7 51 10 54 81 35 70 71 95 23 21 18 5 75 97 81 81 24 45 99 44 28 2 80 77 17 47 87 99 80 57 39 9 92 74 91 16 23 26 57 73 47 35 82 40 93 37 64 60 46 17 44 84 75 48 28 61 23 90 7 9 19 75 4 56 61 0 89 16 99 90 26 78 58 77 57 18 66 63 2 28 33 27 53 93 64 24 11 92 13 85 59 42 65 35 54 86 31 0 5 5 50 34 77 64 76 19 58 44 39 3 73 15 40 28 32 79 90 72 68 4 40 60 25 73 91 12 55 28 46 99 25 46 82 28 25 9 56 5 71 92 44 43 67 42 68 79 52 58 6 23 59 50 3 84 90 44 92 42 21 94 57 32 70 69 27 70 68 10 2 96 11 6 40 5 90 48 89 24 81 78 87 74 87 38 35 4 3 33 21 90 51 83 25 11 61 
76 74 87 89 18 19 95 26 36 76 33 65 27 50 80 55 59 70 48 42 96 51 12 42 25 58 83 88 17 17 61 12 36 67 0 48 4 23 83 96 64 23 65 59 25 35 9 74 88 11 29 27 67 33 81 89 4 2 41 66 98 74 85 77 24 77 56 25 23 1 55 33 12 46 39 30 7 9 57 6 58 25 97 30 89 41 58 23 93 45 81 24 87 75 63 70 86 65 99 80 53 82 79 49 34 33 82 45 25 72 8 83 65 84 61 84 44 8 35 19 18 5 45 26 64 45 56 73 32 14 1 89 56 37 71 57 26 26 55 20 19 99 61 1 41 53 88 7 41 6 53 23 5 19 8 44 24 12 31 1 16 1 31 45 12 43 96 63 86 96 9 23 81 75 56 93 53 84 11 32 72 50 94 10 87 86 35 38 57 79 72 66 20 90 80 54 63 16 21 76 
44 1 92 70 86 56 17 85 7 88 20 7 80 61 21 88 0 60 20 80 29 90 72 12 68 4 72 73 60 83 66 5 38 58 80 57 35 4 9 75 77 34 37 65 35 34 3 97 11 53 22 94 69 31 1 51 22 92 60 75 78 40 60 88 6 6 10 0 12 94 75 85 40 81 42 84 87 6 94 41 66 66 89 16 53 91 78 27 8 21 55 46 82 97 74 31 93 78 13 27 21 4 71 45 44 78 13 94 73 85 21 28 39 95 70 2 45 73 28 80 28 55 98 24 84 63 28 72 74 93 18 83 86 51 30 45 73 65 20 5 53 22 93 26 11 87 4 53 96 79 25 18 48 80 55 27 88 29 83 81 67 0 43 26 50 98 63 43 46 73 31 79 70 41 60 39 98 50 96 87 76 25 52 49 41 70 60 25 45 88 14 93 90 99 74 69 46 10 94 94 
88 23 4 22 90 75 20 35 24 86 72 38 43 0 5 77 82 93 36 33 1 43 41 8 32 85 55 69 54 30 23 53 92 94 97 96 63 96 49 15 41 13 94 56 6 96 25 75 17 74 36 50 46 68 93 61 17 74 24 32 14 39 63 74 19 22 93 72 94 83 30 77 44 11 14 39 61 84 95 77 24 24 75 58 29 47 12 18 73 44 51 48 14 92 6 44 72 1 5 6 39 57 63 86 94 85 46 1 91 73 80 89 24 53 29 88 50 73 21 42 64 56 96 24 29 22 86 15 86 13 4 70 10 9 56 43 27 94 68 72 2 46 18 9 69 54 35 52 28 74 81 65 57 69 81 79 57 97 17 71 64 34 94 52 34 12 30 74 43 92 83 31 12 60 99 7 19 13 91 78 73 57 38 15 89 28 28 83 12 28 90 28 83 29 36 20 64 38 83 77 
14 84 92 38 98 14 18 13 98 42 60 78 7 99 11 21 36 72 48 55 31 68 9 2 23 54 88 26 1 38 62 79 15 4 54 68 24 81 52 93 37 9 95 44 79 56 0 77 6 95 50 63 69 8 23 74 64 20 36 6 3 69 84 72 59 44 57 83 69 73 20 78 69 4 46 85 89 18 50 40 47 81 37 23 0 49 23 90 26 0 96 40 10 58 51 83 94 16 86 90 71 41 22 64 66 10 92 91 20 56 16 6 74 8 5 67 54 30 14 63 28 53 7 97 20 14 42 2 4 90 51 78 16 81 67 46 0 1 5 3 14 44 31 96 9 73 46 43 45 32 78 6 95 32 9 55 47 80 78 20 77 97 94 53 13 63 42 18 79 6 54 42 61 63 73 0 70 2 17 15 7 78 41 25 23 12 30 11 61 77 94 61 4 87 83 36 90 24 15 7 
82 12 66 46 6 36 0 8 54 75 65 95 28 61 79 66 76 58 67 78 16 28 2 77 79 36 45 31 59 83 62 38 26 99 33 69 49 27 48 6 20 64 67 80 82 53 70 35 86 29 71 51 52 70 58 56 32 82 72 90 23 62 8 1 63 1 8 45 74 74 59 16 70 64 93 76 63 29 80 42 24 39 94 5 67 43 99 19 64 10 16 50 36 25 84 53 81 12 2 28 84 87 59 21 70 95 77 13 85 74 12 90 64 89 13 34 7 62 72 48 10 7 58 93 68 9 38 50 40 80 23 48 73 18 19 73 25 34 15 97 14 79 19 19 16 45 66 45 74 16 34 96 12 74 73 85 84 94 91 80 32 14 44 91 83 28 52 55 11 81 93 86 3 9 64 33 25 59 56 29 54 0 19 11 12 10 97 8 60 31 14 64 56 46 28 20 11 49 49 85 
72 95 97 86 59 36 19 67 74 6 8 92 88 19 13 10 56 1 63 60 63 13 52 52 13 95 99 15 9 88 14 42 56 25 6 19 76 75 5 91 85 55 48 21 35 84 72 39 94 23 62 20 15 39 27 98 75 9 13 40 12 93 27 74 46 10 61 56 32 10 16 40 76 30 59 88 77 12 66 12 42 45 82 15 18 86 13 84 82 58 19 7 46 54 17 93 63 79 29 16 92 38 99 79 76 78 90 45 80 63 13 8 94 27 39 59 33 33 22 60 9 67 60 8 85 96 87 12 31 19 6 69 76 95 67 6 13 39 12 28 97 36 5 2 4 16 78 11 40 69 12 41 6 91 9 87 58 94 54 5 10 11 53 98 56 20 90 86 51 10 97 54 68 35 80 8 70 53 70 11 34 90 21 7 55 68 64 68 17 54 45 17 64 87 53 71 24 66 75 51 
26 79 73 89 17 46 56 65 22 1 84 87 37 67 64 37 41 30 87 96 30 96 64 24 24 74 54 36 23 20 10 94 41 53 69 14 92 86 92 17 61 49 11 75 19 76 34 77 24 70 2 89 84 77 63 99 96 89 32 57 86 83 60 45 5 5 68 61 56 18 29 68 58 9 11 35 37 3 70 38 59 0 60 88 56 29 3 80 50 71 92 82 65 91 4 30 30 91 54 79 30 12 18 26 23 16 32 68 71 5 88 96 44 23 5 82 43 27 91 9 95 85 65 40 96 55 62 7 28 94 4 26 50 76 87 95 98 94 91 96 17 49 80 27 45 68 45 5 90 48 79 20 78 86 11 41 71 32 3 70 51 22 21 16 44 95 44 11 96 64 91 88 58 73 23 71 63 54 49 11 0 15 28 19 81 19 19 46 65 77 2 73 18 4 37 8 88 61 6 78 
1 98 37 28 0 25 96 69 38 58 80 35 96 89 80 41 22 55 4 0 11 27 51 10 55 64 17 77 45 37 72 64 69 95 59 53 97 94 32 59 10 11 30 92 49 37 22 54 90 87 79 57 25 89 51 32 52 77 12 49 36 95 14 38 19 76 47 41 62 40 1 78 58 38 19 16 88 4 15 21 41 31 14 95 43 80 81 27 6 16 74 31 30 85 21 30 81 89 25 94 91 98 89 99 63 55 60 22 93 6 69 80 39 98 79 68 21 19 97 83 84 72 83 79 16 57 56 5 49 69 3 91 99 13 28 20 10 33 64 6 32 98 39 26 80 17 1 82 2 39 35 16 56 30 44 97 73 39 96 64 56 76 27 95 56 0 56 15 53 32 36 48 25 81 22 23 31 79 5 24 84 44 44 46 60 97 60 5 64 32 59 2 38 31 0 52 84 84 27 78 
80 10 39 76 79 90 93 67 29 97 42 98 81 9 79 89 5 38 92 75 72 47 79 78 66 74 23 57 92 28 73 47 89 40 1 34 19 74 8 87 50 75 92 87 94 87 81 25 3 77 67 23 66 65 99 58 18 4 87 18 44 41 68 17 74 93 10 50 25 84 99 9 70 8 96 61 46 5 92 38 2 25 1 17 70 10 76 65 36 46 84 27 19 99 66 19 68 91 51 96 97 81 79 26 1 12 57 35 47 28 10 41 22 55 10 41 92 45 73 58 69 11 94 28 55 57 98 83 11 50 67 33 55 0 67 30 26 0 7 77 91 63 71 44 82 58 3 60 95 43 70 63 69 72 98 41 70 7 9 72 39 79 31 31 2 14 63 78 66 36 2 99 92 91 89 92 7 55 83 20 29 47 24 71 56 25 35 74 9 87 54 46 96 6 77 47 32 7 16 60 
10 11 99 34 52 99 94 98 26 85 14 86 28 10 65 2 89 53 6 79 64 2 97 29 61 86 3 86 23 34 13 66 15 6 45 24 91 52 90 36 68 85 25 71 13 28 44 80 61 0 42 96 83 3 82 17 16 96 65 66 40 60 22 14 80 92 84 66 83 50 91 48 68 75 35 33 60 64 82 89 37 35 63 78 33 12 2 98 47 39 13 57 34 20 24 26 68 66 21 36 90 72 63 73 97 38 28 86 97 94 81 86 14 46 25 55 36 61 88 96 43 8 29 46 11 27 42 21 14 80 23 63 26 67 78 18 26 10 81 53 71 67 20 85 99 84 41 17 30 19 53 68 27 18 88 28 93 32 12 15 91 77 82 85 21 26 50 89 0 89 33 41 83 39 59 39 31 18 86 58 76 98 51 0 29 46 27 57 26 28 15 59 7 25 23 60 32 50 45 57 
31 92 84 44 21 5 67 65 85 48 96 64 54 85 88 45 79 88 9 96 40 83 41 3 6 50 29 62 30 43 70 22 3 30 31 33 25 2 59 41 42 56 4 61 63 5 76 92 46 99 94 25 51 36 65 94 67 97 12 13 41 84 78 88 35 36 60 96 23 74 59 84 50 89 1 67 25 25 37 55 34 60 3 40 65 68 96 80 12 77 81 84 79 61 64 23 48 69 62 69 26 40 72 75 61 49 75 9 42 86 9 88 15 38 50 21 36 34 64 5 91 83 67 59 9 3 36 59 3 11 78 40 4 92 81 25 99 93 42 63 75 3 40 38 68 62 14 92 10 31 72 50 29 38 70 42 51 10 82 96 94 99 18 9 7 95 78 9 55 4 47 56 36 97 20 20 7 15 0 33 81 94 36 89 86 84 15 16 9 93 99 31 85 32 17 96 76 57 36 41 
22 55 61 30 56 32 87 16 14 74 6 0 97 68 85 99 26 25 84 83 75 33 98 26 14 94 7 66 3 57 70 60 68 77 85 12 89 11 24 5 42 70 63 70 64 37 22 25 80 19 96 90 60 53 99 78 15 99 45 33 99 84 76 10 61 91 46 7 37 42 24 31 47 60 23 29 69 24 0 69 53 83 24 38 29 54 67 16 34 12 86 62 34 33 26 63 69 8 36 69 93 47 58 6 57 92 75 18 87 29 45 8 17 23 6 69 34 4 13 66 45 96 79 2 54 41 37 59 35 65 3 71 1 15 74 38 99 33 62 58 47 93 99 47 48 39 73 16 79 50 93 86 29 97 98 79 68 83 72 34 69 22 96 33 25 13 68 39 74 48 92 51 65 28 46 21 58 51 53 55 56 13 72 2 37 23 49 71 0 76 40 60 53 94 54 91 48 47 13 13 
82 88 34 19 41 21 80 69 63 70 67 47 72 16 97 72 91 39 32 40 61 12 56 41 68 90 81 98 76 97 92 68 95 62 83 92 30 33 79 93 46 68 66 2 60 27 56 51 45 33 73 60 49 54 52 9 2 73 6 84 31 84 34 45 57 37 99 92 74 36 58 60 64 70 58 78 36 92 18 95 60 48 30 90 14 11 68 1 78 68 20 3 90 72 45 78 11 70 35 82 31 69 86 70 41 28 52 81 4 21 94 55 0 89 50 70 29 26 25 15 58 18 11 49 17 92 11 40 39 77 6 10 18 16 34 54 5 17 47 69 20 38 76 53 29 47 82 56 82 88 54 49 0 96 28 40 59 25 28 0 23 29 52 40 35 34 22 46 87 2 39 12 59 40 64 8 18 75 97 51 85 24 63 1 41 62 46 3 22 50 70 24 20 87 45 52 33 23 18 77 
89 70 53 0 19 99 75 4 73 81 31 45 33 35 41 1 80 99 69 17 60 28 23 14 54 6 86 6 54 18 63 40 45 38 72 68 82 90 32 57 68 28 12 41 44 97 19 11 91 84 98 44 82 22 87 68 16 31 66 82 24 68 12 65 32 41 76 0 81 65 72 16 16 72 33 56 20 25 41 93 17 48 24 59 84 5 68 20 72 93 10 4 56 24 98 77 58 8 74 32 8 86 9 95 33 94 45 24 86 76 96 38 33 16 71 22 81 89 20 65 88 85 97 48 50 47 64 72 70 91 0 80 70 83 38 7 34 30 97 62 81 81 15 73 56 67 55 41 75 61 42 67 33 90 75 6 57 5 66 7 86 65 89 44 60 96 92 33 77 75 95 34 3 45 10 56 38 74 89 72 20 13 79 54 15 49 48 83 51 5 4 72 24 63 30 4 31 74 25 15 
52 14 45 57 34 79 5 10 98 96 44 87 57 83 50 86 41 22 85 1 22 63 91 56 73 76 45 24 13 72 28 30 52 22 79 57 76 36 33 59 62 54 57 75 50 44 87 91 93 0 49 66 83 69 50 84 61 85 49 48 94 51 73 91 77 32 55 84 83 75 73 23 56 92 22 6 43 79 38 93 17 92 28 96 66 52 81 75 48 93 50 8 84 15 45 69 58 0 95 28 31 65 50 23 45 41 65 65 71 10 56 84 34 1 11 61 55 19 97 48 65 65 57 45 10 7 3 71 1 9 83 3 14 46 98 77 29 26 70 20 56 1 76 52 64 20 41 11 22 12 56 57 18 20 33 85 15 44 23 7 44 28 61 0 14 65 64 38 44 30 52 24 36 25 43 89 35 32 62 16 90 15 29 85 41 67 74 70 4 17 53 44 32 20 3 26 65 79 73 22 
30 90 19 7 72 58 79 48 38 78 10 23 4 57 93 16 11 42 69 90 93 91 58 22 77 37 8 39 53 51 27 82 30 69 39 19 44 19 23 15 6 22 82 96 28 69 10 33 40 0 1 87 57 74 77 77 63 25 73 78 19 50 41 28 25 88 12 91 51 37 84 43 7 87 6 83 46 61 47 82 39 94 50 79 90 45 31 45 41 14 53 99 90 55 75 46 95 59 99 34 47 75 56 17 45 18 0 48 61 78 89 46 62 59 89 8 2 88 15 90 69 96 68 70 48 83 66 78 60 13 20 78 70 42 6 88 60 50 14 67 63 10 59 38 27 28 21 89 94 68 37 16 69 56 63 79 91 62 61 6 43 78 21 34 13 53 50 3 64 80 59 36 62 85 97 32 27 21 74 62 50 85 85 19 6 30 44 94 72 87 88 72 2 36 84 94 20 97 12 80 
36 91 7 63 87 7 51 9 54 81 41 7 78 82 56 99 44 81 17 67 31 34 19 22 31 60 12 2 58 38 97 98 25 24 23 40 22 19 82 9 71 44 40 60 34 8 61 84 50 30 78 62 60 16 71 63 63 81 38 14 45 75 53 69 19 10 70 43 67 5 97 77 12 3 54 69 29 54 53 71 98 56 86 64 39 57 72 35 98 85 93 38 51 88 6 72 74 43 37 93 13 90 44 51 79 42 88 98 96 17 62 54 94 92 93 67 99 49 92 82 76 52 29 62 69 62 62 85 50 0 74 64 69 42 20 72 45 0 84 95 87 69 70 27 83 97 83 21 93 94 85 72 68 19 34 58 43 21 36 51 74 51 95 42 96 96 64 45 86 74 5 56 38 21 29 16 45 88 97 52 25 39 46 81 88 10 21 46 37 33 25 78 80 28 40 65 75 69 28 41 
14 87 43 58 73 93 73 11 63 72 74 6 87 30 47 9 14 76 29 63 34 1 63 43 70 46 43 51 41 80 41 63 44 52 23 95 3 47 48 39 27 79 14 9 91 96 41 60 31 58 94 59 40 73 72 48 48 82 70 34 17 58 10 13 62 37 92 44 25 80 41 51 91 30 10 71 32 64 91 2 90 87 13 36 77 6 12 2 24 72 77 0 42 70 87 26 90 1 62 62 55 3 89 73 16 39 52 51 31 42 74 72 85 52 45 40 22 92 58 41 9 3 18 80 77 61 5 2 17 64 38 55 65 30 71 92 66 74 23 52 93 76 40 64 38 0 10 41 71 34 58 70 82 91 75 22 70 79 38 73 7 68 23 17 43 17 43 92 5 94 68 68 3 19 87 48 14 68 89 81 7 40 12 91 64 41 55 90 21 83 73 70 55 74 9 83 32 93 41 61 
36 84 29 2 76 34 27 86 45 48 93 62 68 32 61 38 75 17 31 96 50 1 39 24 30 77 57 40 30 30 46 47 1 52 5 74 75 87 10 8 35 27 90 59 40 28 88 45 71 70 34 36 64 75 50 32 37 19 82 26 15 39 49 2 38 29 61 20 47 86 38 8 88 77 49 0 0 96 61 78 79 45 92 54 56 83 57 19 14 40 32 60 60 36 87 6 28 71 19 92 97 48 87 84 11 36 29 60 12 41 52 36 65 9 25 42 6 9 28 49 6 33 15 42 85 51 7 43 19 91 2 59 81 65 43 27 18 21 18 69 55 43 50 14 59 55 86 76 78 50 40 46 92 18 68 88 33 45 69 58 94 93 87 35 75 32 76 29 23 51 68 98 99 53 55 78 34 31 50 12 28 37 48 3 90 70 86 66 97 97 77 29 79 72 84 21 74 54 61 81 
10 60 56 72 98 99 41 55 94 44 57 27 91 15 53 42 50 21 98 88 94 17 48 70 60 45 96 62 28 42 23 41 69 12 89 61 61 18 30 5 14 22 76 39 97 64 65 89 97 97 23 86 90 29 41 55 2 88 23 56 71 85 29 64 23 92 36 22 48 82 21 88 44 22 2 53 20 7 10 30 91 43 41 4 73 26 28 62 33 0 90 16 92 39 23 6 31 76 23 91 7 43 95 64 62 88 59 58 93 41 88 87 24 34 32 39 85 48 94 65 21 5 52 35 67 7 29 20 26 99 44 20 5 19 2 89 89 55 0 89 35 37 77 14 31 96 65 33 53 34 98 38 37 84 25 92 56 61 52 24 40 49 51 46 64 81 49 56 81 16 36 61 84 40 3 61 14 17 75 80 88 5 48 20 86 41 54 42 38 18 35 39 77 44 22 83 54 27 9 15 
94 55 11 12 62 1 69 15 75 6 22 86 27 16 60 82 80 39 78 63 18 34 39 13 8 22 35 1 72 6 76 59 23 43 26 21 51 13 88 92 91 31 95 77 54 68 67 30 31 63 29 78 48 36 98 31 47 11 26 78 30 1 17 73 2 48 48 20 77 76 51 40 73 83 13 91 76 33 73 99 55 56 3 27 68 97 94 39 4 32 25 80 59 72 44 75 29 91 1 24 92 65 30 75 35 79 52 86 55 22 64 25 72 87 25 30 74 61 19 55 28 96 26 86 49 21 18 51 9 84 5 95 66 25 5 9 95 22 21 97 33 91 38 8 37 11 78 91 9 43 11 21 39 5 17 91 2 54 38 51 17 30 45 12 57 47 69 22 7 45 23 43 11 1 2 80 75 13 43 98 43 71 52 87 24 48 12 73 79 51 20 25 95 90 96 36 7 92 61 26 
93 67 18 62 9 20 76 78 50 97 59 83 94 78 1 60 45 11 57 59 92 37 89 20 25 15 31 41 46 63 98 65 13 33 98 69 63 23 93 60 58 26 30 66 35 36 99 51 60 66 23 57 4 71 15 83 57 14 17 88 23 5 70 47 1 11 52 0 1 27 28 27 3 21 20 47 58 92 93 38 70 76 11 59 37 95 49 96 9 51 46 49 5 1 20 49 20 28 91 35 98 23 2 39 20 25 22 39 42 3 79 92 75 30 15 5 61 14 48 2 37 17 42 49 86 77 29 77 5 33 60 6 55 40 13 93 18 7 87 8 21 28 30 57 79 40 26 83 65 82 18 45 3 24 58 26 36 30 95 73 65 33 94 61 56 18 7 47 77 26 99 67 13 72 29 69 57 41 93 98 97 59 42 69 2 45 37 33 20 2 21 71 8 25 93 61 37 68 4 63 
9 99 67 45 87 10 72 0 86 57 98 4 53 41 81 82 65 40 87 11 86 37 59 13 46 32 49 84 90 10 70 95 30 66 62 84 71 59 99 22 46 42 80 70 16 34 73 60 61 96 13 74 2 58 41 1 94 99 51 91 58 38 87 37 95 90 16 82 8 11 31 3 89 69 75 80 92 89 37 7 62 86 74 92 55 26 72 69 37 61 50 91 6 17 74 44 29 91 26 78 32 29 95 12 67 69 48 71 35 56 34 64 43 14 30 16 87 41 40 20 32 48 54 42 50 58 0 4 89 19 79 31 89 22 67 15 4 63 90 21 90 0 70 1 50 67 2 78 24 82 7 54 68 73 72 54 26 7 12 5 72 71 91 15 20 65 0 13 91 34 53 32 21 88 32 55 29 29 68 25 15 29 83 35 40 82 71 45 58 88 66 98 13 78 11 85 81 83 25 71 
25 16 86 51 75 96 48 95 33 37 43 55 60 75 87 63 15 71 11 57 89 30 99 37 47 22 73 81 16 67 18 19 6 69 0 5 58 42 27 23 82 87 24 47 10 16 52 66 56 63 17 77 81 5 89 6 77 43 52 55 88 86 0 87 70 14 31 76 24 84 20 73 32 66 49 97 43 59 53 76 36 39 8 41 16 56 63 55 48 42 73 11 47 16 2 5 89 91 12 23 14 50 27 76 79 51 41 49 49 49 10 85 63 3 96 0 63 67 90 65 4 7 62 33 63 40 68 99 2 99 69 90 60 49 89 31 18 9 25 28 41 5 91 89 45 14 89 24 46 0 84 84 61 85 38 89 25 78 19 64 58 95 93 1 41 92 25 36 50 33 15 44 51 88 41 80 30 92 92 60 4 52 40 92 71 44 81 64 8 32 90 24 37 94 33 32 27 1 35 54 
11 71 57 18 34 98 79 51 1 46 0 76 66 66 26 2 21 14 0 52 10 3 57 71 23 65 35 39 72 33 95 45 41 30 59 94 60 78 41 24 44 44 6 20 49 20 27 92 68 12 34 38 45 6 45 28 4 72 70 94 17 58 62 5 16 6 83 25 23 76 72 57 81 73 65 21 51 70 2 72 8 49 12 51 15 91 52 17 71 98 74 53 58 84 99 26 47 21 31 49 32 82 95 36 37 18 25 25 60 45 55 84 5 55 28 69 42 18 24 30 86 87 76 52 75 95 19 0 51 84 91 88 55 57 10 19 43 14 94 93 86 81 39 70 91 54 4 54 66 88 21 49 11 40 35 12 35 77 9 51 48 2 81 40 76 76 98 24 97 58 81 69 20 21 81 4 5 95 55 48 85 77 10 95 47 49 68 31 92 65 5 71 58 28 15 27 31 80 50 69 
1 70 49 46 45 50 53 24 53 50 26 13 78 96 3 88 29 93 21 95 52 93 19 12 73 17 69 48 79 24 34 73 92 93 26 66 58 59 8 5 77 78 56 88 12 38 92 76 67 13 72 70 76 42 40 67 21 75 9 51 65 98 99 20 46 60 37 19 15 45 73 47 26 0 45 97 8 30 14 12 35 37 57 38 44 95 3 18 1 66 5 35 85 2 67 58 75 98 97 43 87 15 24 22 79 91 22 80 42 77 16 74 47 52 6 61 55 80 56 19 78 11 12 82 23 45 45 35 91 19 86 64 36 50 45 98 26 88 10 57 37 22 58 12 49 2 13 21 95 31 88 88 60 58 87 51 82 75 46 31 13 1 77 49 72 70 33 75 21 47 93 0 43 18 77 4 97 56 65 81 38 86 70 43 51 10 77 58 20 11 96 58 94 2 5 86 28 34 31 89 
89 83 19 61 26 88 88 32 45 38 47 81 41 29 82 66 30 92 26 27 79 86 2 64 58 78 34 43 24 47 24 68 58 68 61 76 71 34 51 3 51 31 66 84 16 81 17 71 43 23 6 3 56 32 76 89 33 42 88 71 32 48 78 80 96 67 22 61 18 61 39 96 45 76 62 64 30 37 78 41 8 12 50 76 99 95 83 45 15 94 20 4 76 22 35 54 3 64 35 84 27 83 35 53 57 0 36 48 1 3 13 52 42 91 53 55 80 26 26 41 35 25 45 57 67 92 83 84 82 6 54 93 10 56 31 81 56 96 82 41 99 88 50 52 37 83 39 28 50 83 22 15 99 87 4 63 38 55 20 99 42 94 69 53 66 7 35 88 45 72 90 97 49 42 26 85 84 33 57 4 22 99 33 41 77 22 36 32 41 19 24 60 95 19 28 42 12 73 32 46 
34 31 12 89 31 25 24 59 49 48 86 33 89 45 33 25 14 23 37 29 44 91 51 93 21 98 41 58 56 30 17 27 65 65 27 37 73 37 73 50 26 20 2 89 33 2 73 5 85 49 35 98 7 27 99 88 4 39 78 43 86 61 63 67 51 27 43 77 26 48 76 98 20 71 6 54 22 57 82 83 44 10 19 68 5 21 14 4 63 37 75 59 50 58 57 2 12 57 60 62 64 9 53 79 3 75 61 66 78 39 35 61 5 42 72 77 3 38 20 28 24 49 22 81 43 19 59 69 32 86 11 90 5 38 64 97 83 32 91 40 75 15 84 42 25 74 70 54 85 21 83 50 77 18 9 32 19 49 13 98 2 3 19 79 30 64 18 57 3 99 85 7 6 30 26 58 28 22 22 72 87 52 17 25 87 81 55 22 80 63 72 26 48 19 72 59 67 90 98 61 
81 59 22 85 19 32 36 41 10 61 91 22 65 51 45 37 53 65 5 6 14 78 99 50 32 7 19 12 31 56 68 46 31 50 46 37 82 12 2 91 67 24 77 71 94 51 36 6 45 55 98 56 3 25 38 0 55 27 67 1 28 84 69 13 42 65 94 7 15 34 20 68 66 98 1 45 40 88 37 16 1 22 2 24 42 2 42 74 85 62 56 37 44 28 20 97 5 62 96 59 57 72 3 72 12 32 81 11 49 73 40 83 99 35 13 14 78 53 10 66 93 57 50 14 24 52 53 61 82 81 50 69 33 35 70 95 13 29 32 89 58 90 81 55 13 14 24 10 84 95 86 38 57 7 78 11 28 29 9 7 99 26 8 97 59 46 54 65 45 50 95 79 23 1 9 17 95 6 86 48 16 16 91 49 87 5 95 84 39 6 75 62 94 20 21 52 67 63 65 42 
20 15 72 97 83 35 15 43 63 16 80 45 82 47 91 59 64 98 18 41 59 37 83 25 1 11 33 24 9 54 93 19 89 63 94 11 35 35 71 50 3 35 81 63 9 61 33 92 40 55 90 74 74 79 77 22 92 8 84 86 88 60 38 50 37 31 54 33 28 15 94 15 9 52 93 51 51 1 2 72 3 7 19 55 61 2 78 16 45 39 75 95 34 33 79 93 89 74 38 95 60 95 75 80 39 6 48 74 6 20 4 87 76 71 73 37 48 50 85 99 70 27 69 53 89 92 4 38 34 73 97 41 55 72 22 23 25 98 39 42 63 46 14 93 20 59 49 58 47 34 43 31 53 81 22 82 86 2 49 71 71 67 72 35 19 82 16 50 1 83 53 85 98 78 25 10 68 2 2 3 93 15 75 1 44 72 87 84 77 34 26 78 31 85 69 86 47 68 20 71 
38 79 74 77 71 56 3 90 18 93 53 8 40 21 13 99 64 25 11 9 97 33 28 13 81 79 87 52 50 47 6 89 75 87 78 80 97 97 30 85 6 79 80 58 62 23 37 82 4 55 34 92 39 82 23 59 94 60 54 43 65 10 27 44 89 37 6 33 77 57 98 47 6 65 61 15 84 33 72 70 30 7 61 48 48 10 57 68 78 28 27 49 76 90 10 39 92 49 58 60 99 63 42 57 28 82 32 65 54 37 49 84 68 9 54 75 54 49 24 20 45 8 21 44 22 26 63 44 36 98 28 68 3 88 42 65 85 15 23 3 71 60 84 42 55 16 8 88 5 6 59 63 7 84 84 14 33 63 38 62 4 85 6 11 49 7 26 85 25 44 28 76 21 37 2 98 63 8 76 15 75 62 11 13 15 59 89 65 51 25 0 93 54 70 79 28 16 41 63 95 
