477762 447190 481903 485410 450210 475225 451972 438497 446980 505033 483536 458720 445509 428869 418812 436151 460287 463487 493647 422760 456276 435229 455105 478506 487490 449628 492005 456040 433693 496262 475878 444703 390307 450614 463270 447816 452214 438180 444562 450554 449110 487104 469213 489709 452411 440560 471369 459065 460199 464394 464278 462765 463870 452129 458249 443668 513920 442058 464563 458230 476271 436974 528148 500797 448372 465559 462682 469848 414626 479453 498725 479358 440307 475310 437341 476090 460596 421097 457089 439323 455793 494457 446532 475559 467520 465288 410615 459772 433377 496461 474604 489045 453738 454685 454616 477493 475750 452045 439366 455030 465639 464432 448155 385605 496216 439316 457671 429126 489288 495969 440153 433103 474842 504826 452922 451800 458708 505052 431715 449435 471916 470274 461055 419377 445513 452604 491462 436108 496452 494427 447685 439033 453150 483159 514471 454546 467525 498023 443294 442280 490595 481911 457757 440022 483083 467607 463682 471479 443630 451148 467443 442752 420763 455359 455265 429477 510088 461855 466137 449883 450828 502973 432093 451567 499462 467662 471545 481756 467609 446853 416049 421104 476631 412909 415880 457124 462253 472553 462015 492211 454034 465158 456347 461138 440845 469421 452551 482256 467865 466476 481646 448979 486859 487753 456606 508736 429335 457974 460086 435623 
513292 481328 539960 521410 504858 525013 510990 471116 470630 535340 521175 484764 489009 492030 452009 480615 491219 521953 531858 473816 478372 463841 522392 514657 530003 490678 547689 484798 482664 525252 524520 490439 419912 495051 503689 480787 472626 483213 482316 511378 482938 506782 504884 511252 512769 474971 530789 521839 479812 511115 511036 496074 526860 458810 515035 480680 562265 484261 500309 488626 539874 482088 519418 529181 497082 509438 497430 512008 460270 504101 542238 527494 488104 510768 488405 515801 540170 458959 504910 495552 505517 518126 474146 500713 513638 473308 441982 485003 473511 554897 521108 510807 505452 469719 498066 521991 496386 489716 485617 525771 508625 498817 525848 431762 548148 477577 489547 475030 514793 482056 497837 481417 500756 536196 524621 534969 504418 514126 478970 493338 509745 487211 502063 439680 479893 504645 525921 456542 545312 538446 514338 508408 490833 516976 542423 476068 513991 536801 478807 477050 511068 516710 510684 461920 510527 500493 511102 513511 500319 510161 518189 493270 480177 489273 513921 442947 566257 513341 470217 469161 513040 543199 471111 489833 522114 490168 507006 502404 501135 487747 469670 467451 532393 439745 454298 488236 465349 482468 481265 506480 488903 533052 510297 469569 489548 536267 480211 501771 491954 497001 506112 482069 530001 532246 488495 520361 498167 513771 511187 486507 
479653 471691 494687 521116 456224 493828 492839 446296 448303 518016 491891 487333 479929 465699 446565 467256 471219 485412 518262 439280 478386 430494 485091 488763 492032 451663 503653 476929 460065 495494 481567 466083 411679 455056 466111 437483 468126 443353 457053 459812 442592 494554 476031 492699 483619 434469 488783 471761 495511 463845 496402 489234 486375 436421 490333 458699 513788 448168 494706 481521 475823 439813 521933 511148 462897 496048 475080 484223 433207 487934 505000 499717 477558 471952 472876 461996 498388 430572 482702 465445 475313 485632 485278 485786 491382 460393 408438 471889 459895 501014 498721 485102 456203 482391 473782 485309 483569 466272 449156 478341 478333 479666 468033 411116 497887 434826 467970 458471 499213 466480 469142 441052 464420 506118 462837 469690 463271 492095 440033 480555 493107 481238 472509 421034 460176 482004 464598 445544 507342 523491 430524 467914 464836 469521 526917 476841 474050 528852 455213 453784 485074 503812 471421 451892 497364 498496 470507 512440 468068 487722 488647 423712 445820 453528 481001 431208 514414 471502 445899 456128 465408 503818 423559 469202 502951 452170 448826 489228 479428 472712 444283 445330 486272 437375 421438 465957 457791 462597 444188 512963 468143 473708 468332 452839 473130 506305 451835 496760 480909 499335 496975 470356 466297 507447 473911 528690 454510 474606 488325 459760 
495083 470876 499530 498390 480081 500442 485028 447629 461715 505857 489333 485851 474527 472017 439494 478513 483386 487537 483841 452478 469424 454740 465891 505528 485970 466550 520741 461519 460647 507149 500372 483809 439954 472338 467609 471114 445287 446362 455384 477766 465031 482858 474012 468637 475427 432330 491145 462608 472257 456531 508394 453177 515552 445220 462306 464490 533158 464073 494103 466996 494794 462895 513225 501298 470905 486105 464632 486809 440319 486492 531854 489037 460321 484092 470111 460111 513335 438941 471424 452733 450700 486576 453982 465393 455398 458966 431322 442369 465320 468983 471446 480134 482762 475118 469508 487335 489757 490834 443799 477425 488029 497149 487301 420487 501692 419025 446000 459319 499839 464496 499698 448125 469158 509210 472237 499271 465539 450477 453438 482514 497099 468269 507189 437810 450091 457269 489315 438468 529962 515633 461378 443065 457150 491976 515401 441105 480305 506848 466223 456017 485914 488902 472806 440205 494137 464615 470732 495299 473886 498093 481779 443351 472574 442561 488299 443380 498476 451116 467367 431912 469797 493493 451920 483205 517477 486164 480297 475897 497121 449418 430956 468963 505260 428244 448845 445409 459044 463026 456257 496464 470676 476544 468676 435119 472267 509668 463330 506887 466563 492533 498433 449776 498611 499819 454945 517856 460039 495182 475473 487839 
531494 529847 524710 522453 502153 529011 520619 457841 479829 544986 546670 518187 511052 478749 475738 495432 498930 517776 564511 470915 490201 478743 536733 530311 516819 483420 535015 520864 475012 549201 529370 505770 446546 519310 492332 493820 499638 509090 504510 492677 488467 527267 515301 534742 509031 520532 555248 528580 492314 511421 509257 530167 516419 476979 520269 489817 596661 503941 523776 509751 553876 504661 550930 544211 491507 528867 494683 533086 488851 538243 537531 529586 507877 535479 535603 524419 530588 500276 530303 509239 501256 545509 508713 507306 528484 494819 456303 511441 504465 516992 536197 525527 525423 509977 492684 520133 513794 509222 488506 537996 513996 533258 501303 446441 557721 471734 532417 481831 542290 487859 508566 503848 496091 577463 523793 509512 501632 547430 497141 525439 542023 496463 537352 485996 509359 509763 552329 484726 549322 536632 511897 485138 490796 523405 544417 508555 522754 540340 503638 504909 508826 531874 530047 483009 540546 530801 490287 553790 490439 529681 533624 502520 482273 500244 534545 501418 582057 507070 497377 493287 496359 545751 478231 511073 532750 529267 519586 509882 498883 511786 467148 493716 546104 445710 446187 511509 481241 521323 538377 522640 497213 518543 521947 514696 496694 536116 508866 537149 506765 531836 521819 494113 534531 545449 497946 541174 506972 526461 502542 515701 
504805 487413 500738 527011 481136 510627 519912 483563 437263 517753 539520 512981 496551 482033 453217 493754 462337 508042 541978 470547 484828 463621 506834 501649 515106 473726 548508 494893 486433 535865 511099 503886 446629 491571 505571 483718 492808 485050 492497 507691 498194 536043 511002 511288 524756 477522 521346 494811 488009 502149 520202 489434 526373 466784 500235 465341 562401 477572 518434 521107 552752 487125 554942 545297 523564 499677 478843 500935 472352 501088 532367 514443 482751 518778 513737 487581 545116 485184 516492 492113 494168 531481 456423 511214 502405 492607 458532 495161 506012 522479 514653 519101 481880 483628 483555 519698 506826 510546 485922 517799 494181 514333 513503 459323 517792 473383 514200 470177 520936 523469 514087 489371 492461 547968 495870 503594 481373 507202 461554 488130 537771 482799 505445 463887 476792 495820 503581 446769 548302 532825 477316 485334 488121 538095 554336 489105 494358 535393 494713 492231 533725 497606 501285 462743 515352 511930 507760 533731 491912 515390 501428 467795 479376 478178 516209 478478 550182 507664 508067 486259 494706 538449 467752 482422 558571 492981 501248 508244 521741 483914 467380 461122 527962 464456 465030 482859 481091 488936 507875 520274 493373 507801 481082 477865 493539 525119 504897 525804 490000 504328 516309 510131 523412 550086 491794 537462 504236 526615 488495 492458 
497391 480922 497798 521735 483159 507589 521764 451139 448888 514839 512616 497244 473524 460879 441659 468753 496199 488342 509227 478672 492315 459522 488491 513064 515926 485353 506124 482487 476930 512908 490229 470452 433151 490178 497778 456295 466165 458380 469225 474853 475432 484206 490933 477886 478971 447850 503253 458407 478453 473204 510513 496145 498025 449668 488039 472307 521667 480570 505047 480967 528865 489542 507667 520910 469843 497728 473526 484534 443307 493708 496009 501002 463333 493925 494937 496985 511802 449867 485665 473488 485849 492158 459331 494182 470100 455071 429388 467883 471599 494472 511484 499134 494665 470782 492522 519525 484354 475653 458584 489461 503590 462966 492764 430324 507387 447843 460081 453460 528568 481569 491160 430684 484953 533380 475859 516540 467739 482501 451494 508193 520085 477039 493998 440852 451736 463210 475413 426608 521308 501186 467206 474151 466817 510805 508275 450382 506216 504260 467901 459190 508689 502652 477964 452432 500656 493319 491094 520649 469973 487689 480689 474528 451735 478445 494234 459440 524704 471477 487091 448591 476654 518087 449381 471588 501439 494257 484379 497113 508591 475283 443988 459256 515622 462322 429203 476710 457612 474168 479816 504810 473005 474459 461278 463161 477439 522867 486166 509197 484028 511996 503679 491998 511140 486702 476522 513886 455582 509147 502718 470062 
534192 501217 532038 540328 496551 529110 521948 500953 479318 533320 540999 535488 504324 515250 454697 504198 495520 503065 542950 470358 505574 482101 494527 537084 529382 516629 538086 496157 504377 554698 505428 505491 417776 492038 507389 505291 475773 521553 507703 494387 507914 513522 541220 511030 499645 483350 520382 485634 508568 499410 544440 518004 547218 487898 503011 480864 561505 519340 526503 516584 538788 487109 550018 511185 497756 505678 524547 520371 474751 527677 543851 544833 529532 524587 508099 515024 526067 477993 502057 511322 506810 513615 504772 525416 511642 509524 456821 511693 493737 543311 507404 502167 487304 503594 513635 519116 513043 517353 492656 515396 530380 524227 518850 455025 571016 467880 508829 471308 533222 527708 513352 488041 501736 546874 512467 515461 522198 491258 462529 516150 539143 511069 519830 462210 470756 512747 536673 454561 572801 535249 508912 523649 495220 531433 552772 486899 523362 563978 506201 497351 509521 527182 510223 499189 527009 506931 516995 534463 498154 525233 500641 507857 471887 489943 521317 478297 563187 509150 524201 478624 526200 549741 503557 464572 550267 511654 512938 511764 511909 522571 486745 480305 537498 459726 456683 486107 508007 502285 510682 547799 495362 523590 499090 478539 511687 553194 497829 515430 509188 523836 539797 493173 539102 547526 477801 530124 503222 518540 528517 502363 
490223 491395 528837 512791 485232 513721 506820 476163 447838 515217 516684 509015 477109 475617 437881 476885 482789 488064 538036 452455 470063 468586 515627 510077 494172 468105 536260 506353 469336 537471 492364 489685 442121 488036 502882 476732 499025 469097 473174 492102 509865 485370 491032 513436 530530 459386 513284 493553 498423 494803 498528 463633 520617 488826 500255 486960 545000 476663 478071 497102 523226 482412 548360 544232 500942 491323 481976 488885 433963 500649 509672 517794 466469 505745 473434 497336 511292 464314 492135 451790 488427 488732 462306 505544 491248 467771 455197 511742 488381 511908 501662 510195 500336 478845 492756 508226 482153 457522 484951 500056 499015 482733 484532 462274 523417 464409 495559 481123 510527 508098 514137 482356 499940 542971 497652 524000 476975 504932 473017 488953 507529 501548 493851 457533 484631 467342 501684 441777 534795 523270 464601 479899 478389 487905 549003 462393 478360 509289 461627 468474 533336 514983 513836 452026 523411 495256 500049 510501 475781 508657 477835 479877 462113 466625 501434 470891 542485 504341 474000 464534 491966 514384 477980 480335 526886 481150 486141 500652 548645 466712 445592 464669 516680 444323 456206 445874 467888 470988 509270 497933 497124 491420 490863 473445 496174 515010 488169 536800 478063 524606 494128 486102 506585 529559 479113 542258 477839 515451 487761 482619 
508156 450888 492283 483459 458383 484075 487085 445791 423674 501054 502972 460709 483407 472915 399162 449991 478589 474104 511113 436377 481596 449243 483411 505802 493503 461189 480992 470830 461663 504409 466611 475761 406375 450655 462336 448947 444205 453679 438841 476617 448051 477779 475676 491187 478395 436351 491274 476891 458972 450917 488183 468694 495601 439278 463277 456565 536114 445452 475880 473579 488699 438920 496782 498814 454288 492304 474054 499118 417867 461652 495363 494519 465728 480715 461721 464553 507384 433526 464181 448656 449668 483047 452589 472573 455981 458833 417472 487675 450684 503784 492224 484765 461830 451844 474500 482413 480739 460038 455156 489182 455498 467469 469823 397090 486353 427568 463530 444540 496764 496672 468797 424189 491574 509296 466568 484051 455649 472799 436899 468169 492827 447696 478882 429804 431296 463487 510456 431401 502383 519477 448920 446316 437025 478890 501322 456330 487640 514353 454509 459951 499555 493586 472711 417454 499612 460950 479572 508918 464472 442535 455709 453621 430547 467635 493220 437913 500646 480619 456316 449324 449319 518395 448897 471892 503548 470154 467206 477087 462755 465873 426555 407447 503367 432453 431040 447303 464082 467654 458231 489085 456872 497056 466014 460229 467177 498982 467744 475494 469971 487274 496188 456770 516374 500578 452025 507434 469403 456054 479965 471517 
537933 495317 539652 540700 506866 560801 526108 499060 468992 519194 563388 513481 518305 510228 473600 503480 510964 516234 526987 488471 508900 489356 526215 528361 528006 500611 527147 512691 508919 554684 524422 503464 460708 513229 518267 500344 488172 490443 489365 507284 494481 538942 538220 562420 537397 478907 550640 514702 501448 521564 539688 513725 524222 496712 525326 503289 575682 474051 521753 518002 534139 515556 550399 536231 510442 537869 489384 540569 489482 530918 532012 527813 509678 525522 481645 521885 562646 494711 529532 527359 523154 532622 495505 477747 516882 499701 456441 489442 507876 536008 539952 545571 523639 517760 520120 535279 520687 506205 480255 524448 529673 520271 516927 459091 549074 489465 510327 486362 536012 524894 533988 489178 532033 545626 500431 532070 509884 522308 481620 489736 508880 496936 543897 457715 477162 502685 539566 486852 561518 539191 510833 517234 506160 541144 548962 508335 520355 552896 502583 489323 506556 518279 524952 484678 520869 523678 520870 537912 497981 498698 535009 498236 476593 497115 527917 484385 562529 527307 520802 498424 544885 537430 488609 503578 553141 542709 497233 517988 512852 501533 468759 474924 550947 467498 466058 497040 507439 513738 522876 523192 482839 527897 505505 497650 525134 569588 505543 541311 512995 511102 527715 499397 543662 530903 493046 566617 500534 511678 518199 494880 
485912 453991 481728 514313 476917 488141 477713 457258 440079 489909 514184 497420 456251 471023 409853 451272 460622 464787 494064 436830 479596 425660 484507 498466 506606 459618 494600 475587 464574 495411 478078 481272 398775 484260 485142 459500 445575 486244 444582 453476 466328 485419 477049 480429 468549 438614 491962 459927 482324 464380 469589 484607 502073 438524 481657 465335 547834 444723 492740 482548 487588 469264 540832 505577 471841 467348 481126 503810 442033 460374 502851 489826 483352 473156 467670 459068 490725 437076 471560 477860 463114 490797 442854 459444 500907 467153 438286 461533 433472 481547 486404 476769 470219 456671 465790 497745 471057 471917 447203 470811 475000 479963 472517 439085 520557 449293 454976 472502 516753 484464 460752 443007 476846 512334 471082 466821 482820 477345 427786 466550 489004 446349 486525 420427 449995 452982 488126 444547 527334 508029 449045 449466 466029 501571 509373 448746 476702 526968 460784 439533 483510 477205 471654 458455 484335 472895 448024 496282 465856 512433 456900 449196 443841 463428 489692 452947 515539 462178 490449 465231 466695 504209 462012 477612 514420 475747 465440 466533 487778 479044 433100 451941 494406 435917 448765 443931 460420 474717 459462 466588 456163 484238 460742 471478 478859 504554 474282 477655 480732 484998 479666 440729 496002 495094 446759 509372 462378 461320 449086 471521 
485769 481401 492210 520602 475509 510802 493619 483911 468781 528287 522825 511429 497228 481334 429845 482809 451860 498615 529613 462767 472036 459845 500495 501639 516295 495280 509557 486434 461483 519046 508374 479981 422158 481708 506188 444472 484861 458830 459155 491240 497563 502536 504868 522074 487200 470542 510654 479366 478117 486052 518146 483846 526295 455011 480838 466798 529178 472120 494353 478412 518907 484592 506677 498799 475527 493340 477314 515540 442990 488588 503078 507242 495993 469062 483785 500701 505450 444306 519565 473072 490563 493926 476179 509636 486747 460937 431895 479586 486005 519884 514375 498103 464939 468794 506839 491835 480310 482736 447652 491861 498874 512111 515277 435523 520895 452785 505459 472134 522801 484491 503914 462401 466676 508736 493437 486331 497975 485443 452622 490176 510932 485518 495073 436476 477131 499390 504543 442720 520783 513188 454920 468573 466392 502412 529127 462004 496186 530181 458823 468700 516521 501802 483879 448032 519561 511583 498523 513107 480035 505056 496370 465225 469662 485495 485691 471844 543727 487319 478113 446988 472084 496109 448667 479017 530111 490835 476084 478433 493945 477670 456224 466661 493044 434345 425268 471088 478774 484118 475888 532966 467449 487983 480887 476767 493572 519496 484491 505639 484711 517283 505902 460283 503826 530702 466734 535622 489633 493534 475719 477863 
505487 486688 518695 529183 502792 523961 528773 502046 469190 538410 535508 504321 507813 477890 470168 483700 497974 529640 523849 479666 484815 467164 507362 538057 518015 499174 520545 511477 489072 503720 514732 517285 433268 511857 505791 492899 465975 489942 498708 498112 500910 507763 497489 525026 521760 486845 535191 489862 497283 481211 514681 499296 520007 473795 494417 487653 558290 493061 504186 503000 536322 492666 530691 521634 494857 521469 497946 527384 470628 508999 535501 529817 511429 511760 503930 508277 524998 451188 523081 495584 494173 536380 481559 512225 512706 486854 458151 509479 477645 529875 515734 506436 499546 489521 507729 550368 520102 493701 478631 506857 521791 513388 498514 459668 539531 459042 490785 475431 526757 487658 510286 492594 502973 527645 495606 530744 496699 520846 490204 507684 518600 506003 509199 454086 474371 496125 517398 481037 546805 522991 482752 503604 463677 509436 534458 460388 500829 544915 515544 478304 507611 524857 525494 479569 515230 512685 500235 530210 506466 530339 517084 465020 476136 512625 509679 477826 543573 482816 491640 465266 506532 532529 465414 487885 537971 516830 510510 492164 523754 500220 449688 487445 518896 468937 440107 470319 504646 499927 491576 521149 482462 518168 494682 484535 496378 538824 480736 515222 514345 500739 523628 497873 534805 522829 481049 516270 487415 506841 515125 482430 
503163 467078 507984 513671 470760 511175 517360 457353 433421 506051 521308 489696 466137 462011 443077 472170 482790 488060 504043 460110 487190 483002 482205 517119 511843 483119 499479 510816 476892 514859 481856 470725 407775 485664 494805 473826 473898 506211 479863 473437 477370 490772 523619 500648 518515 481863 522703 473470 487499 490484 513379 492459 511747 469994 476375 479982 544591 458081 501287 501504 529426 447367 536581 503570 466278 473883 511420 515578 455818 509699 507891 502193 489979 505199 468324 516503 521675 441407 489446 488617 517953 506616 474916 489584 513709 480837 436583 466823 468811 500954 489875 499718 466243 491397 483218 511745 488718 473993 470914 515855 498666 489526 503460 437365 517805 484849 472019 472751 509091 505613 490549 479886 478628 509912 478030 489040 499741 488720 446198 477741 500991 495051 509007 458537 443202 476161 512554 460820 544336 519501 490859 499284 491285 523026 519972 467345 488025 533024 455648 466809 504893 518205 494205 465892 481494 484827 473271 529427 469905 482156 501258 463116 434490 460760 465380 486445 521801 490755 469104 470784 508155 525368 486895 471813 531209 472855 476464 504969 510437 495776 470969 465948 508285 452767 425472 455261 475788 474568 493511 494707 455242 499645 481606 461802 496328 530534 467658 509556 484032 515827 509920 467700 512197 521389 472121 514606 456687 510529 482358 471431 
519755 509369 540366 569988 507893 541957 518095 518130 492081 564692 548719 522395 518184 503609 450236 509674 514268 540961 553763 488435 512799 514432 529867 562746 550127 489936 545020 519959 498529 562444 529148 510983 458189 497736 531387 483804 528625 509074 515829 501846 521214 531065 508127 521065 516570 491803 567189 505643 495549 519434 543086 508995 545038 484528 535084 503913 570048 499145 527514 530648 543607 498519 550370 565393 530886 525333 486816 547938 468446 527101 543702 532892 502317 554001 527825 541053 547930 500409 536296 521152 550742 526312 478746 513900 527722 505788 470399 492043 492350 537192 534923 540462 518020 523475 525357 539491 527031 507606 481185 542783 525286 523868 512774 469528 561276 490262 505064 488715 558830 534166 527092 506968 493273 575322 507200 543638 501447 519838 491906 548297 562714 514481 523096 481075 504409 517102 543514 481816 565519 553658 493912 501738 502591 543009 560422 501153 531183 556961 511045 505044 527139 552750 524866 512115 534348 534822 513896 548071 504061 537055 524233 489492 482776 497881 540983 487461 584462 506974 510479 499844 527372 560389 492845 505709 563606 520252 527058 512851 524012 519154 479894 492175 561954 490026 478469 496776 482230 525215 501238 529720 485736 521821 536548 497484 517161 557156 502684 520982 515044 532314 546945 536942 529486 547897 503738 566878 498701 538865 518022 511624 
524948 498528 524884 547678 513576 547082 522752 503764 500615 548827 569825 530331 533415 506806 459971 506192 509610 519471 543317 490230 518900 488080 523718 531796 532856 511913 538657 519112 513481 544044 536619 503043 462114 517157 526425 498747 493711 502201 477367 513153 533828 529054 525698 553047 525698 499803 552764 516589 520600 533473 537256 530971 552029 496849 515047 501528 585564 499687 525905 515577 540927 508611 551615 556581 518617 525279 507036 534055 498908 526829 565235 521268 527768 528839 529206 501036 561000 481643 550492 519465 529203 530245 512705 525155 522530 535351 467327 495745 487701 549514 555494 542286 491582 516522 541845 535099 522906 527414 473907 526554 531289 526738 516184 468196 554452 496756 528928 498703 555676 543873 526749 491782 520322 570132 517171 505487 517349 553583 471879 514255 532237 508780 536160 467278 514114 535523 541497 487896 566772 553373 499297 518496 500414 561688 561846 523189 516362 564742 496187 488789 531310 538930 510260 489948 532283 546960 509333 547258 494725 512785 524913 497989 482084 506562 539356 501267 561401 509688 514829 489033 524238 532144 490260 501684 567592 550689 522160 509249 514744 489835 462015 494789 537827 479812 476935 500938 509981 521071 518380 535547 504656 521415 515053 497011 533954 564094 503430 559840 534335 529293 540746 525555 541498 532074 519268 562951 511983 534472 526206 530041 
521786 493219 523389 524419 495598 510535 520919 475874 469322 521079 530927 515262 512961 515972 443701 485366 499209 512705 512097 483191 515592 481984 500743 534080 528422 482856 536260 512819 496842 552203 522743 484291 451522 507555 511412 490516 474365 489077 485386 510983 498800 506589 516397 520634 525862 489277 542176 501456 494560 500346 522406 485494 531054 490555 486893 475822 572893 475468 500447 491204 544569 475839 530637 534195 518829 537667 480467 517585 447848 509660 506469 490584 517923 528679 508242 489047 525607 480407 507137 489374 509786 538115 472440 503895 474472 488481 471305 489024 494365 518208 499366 535920 489448 480664 529804 513051 503908 500249 476117 524763 503807 515184 509147 447020 519624 475613 505333 486030 524665 518301 503746 487686 501773 548929 500073 506948 486027 521506 458502 520126 514295 501272 523897 454349 483062 489208 528038 480866 540095 529164 497187 483607 477484 525922 571871 475809 511051 536515 500045 475017 512857 520060 484915 466519 524616 514483 525867 546324 502756 487224 486024 474676 472910 484449 516572 475022 526792 524788 501654 479915 492756 548740 467062 484164 544772 494713 495589 508550 528282 495528 466584 449805 522188 463744 466790 478704 497057 504942 527445 516144 485930 500653 487120 458842 488106 543845 483431 535002 497806 487183 524724 515146 531201 533404 484225 541897 485154 511892 511311 486813 
485936 456874 494927 511891 454094 494670 468472 450366 457588 491449 500286 478736 436773 481822 415029 461086 474027 486441 509268 446166 474269 444389 476667 492562 506067 457034 503599 462288 451784 465158 483629 467946 436445 457271 484027 462239 474771 461263 462730 490600 467863 450019 476118 505585 463524 428047 494426 457929 465786 465303 502044 460102 488481 438291 467206 454304 512566 478625 493374 483881 498875 467954 480412 499544 503012 478221 467891 476972 421911 485762 492930 475189 455576 498000 490064 469522 520612 457675 462567 486012 466579 483802 442093 476815 495657 456146 410785 453103 447887 497279 478203 492556 458336 463562 513547 505669 471240 471806 454435 482432 491663 471872 475019 427415 486955 442373 444154 434271 491173 488310 449644 440659 455282 514122 471588 468212 471256 468137 430394 481396 485244 477756 481209 420415 459526 480268 500738 430800 524166 480943 460249 462114 441784 478905 521064 452271 483515 502525 464028 442272 474459 481109 477607 456251 487606 508867 473994 493705 475826 471409 480167 469907 435560 455630 468899 435928 516999 460321 446509 433514 452256 478372 447186 486402 516644 480930 483025 451523 462635 466686 439920 426858 497332 436236 429613 466569 469060 473547 439643 500245 443748 471556 483614 445132 463750 508159 482383 480094 468243 475789 487121 484838 496650 489796 453769 526358 456762 483494 479741 453355 
513654 495252 519485 540291 508983 535994 529526 495022 476442 527515 556297 528437 507227 490248 470697 495044 513201 528390 558140 501384 507144 469088 508860 543310 547323 492337 548066 508428 482279 540963 537809 505225 452996 510974 522942 500448 485089 509750 517608 523359 512061 540165 480335 534002 522003 509006 520785 496592 515864 505559 515630 485461 529827 483158 520668 485545 562826 495008 514757 491150 541757 485921 557843 549566 516028 501225 480307 509139 483569 533956 541769 527338 512531 532548 500252 510174 522584 466207 534337 496444 523986 535363 484350 529648 534216 507457 465249 516776 527292 541739 511287 537615 522936 497571 517786 530300 531241 513484 497235 530391 538658 530651 504428 452391 524435 482772 524204 486865 553803 510054 500870 501819 472931 581251 501927 527225 498907 534515 461742 492808 550079 503669 525621 449906 489253 506512 531811 481379 542315 528156 496802 492691 490976 530751 552633 472417 505992 566023 504495 485356 528291 501559 525150 499363 532952 525160 504762 543947 486826 508310 518776 482268 494767 522203 525566 493090 548242 522761 527251 493370 498691 539846 478409 514027 553343 511803 492131 519039 521924 518135 464997 466627 550139 437603 474684 494536 495526 519777 505484 514018 498855 528560 496938 492889 512425 522284 501972 537603 526400 504548 508301 520099 524617 529623 515373 544359 509994 550831 529632 495992 
484664 466016 482364 494353 470881 512362 485550 458965 449132 517958 514367 479497 490127 445993 422923 460934 479356 480889 514140 461984 477622 455625 496344 500727 499075 465169 494223 464652 461678 507164 505432 457783 399880 491872 479396 447843 452655 469176 467100 492812 469239 497472 485510 493587 470595 455709 524251 454987 494835 476324 487927 488423 495066 451083 484052 458005 512617 468161 494699 450479 488069 476054 503775 499921 451429 486170 496678 475101 443732 481323 526536 485544 475585 491981 480065 495538 513558 456914 493690 480720 470406 503700 479543 473035 478259 441752 433046 465368 440832 477497 501339 492680 471570 472274 487023 492968 492113 477707 461280 494249 486563 483905 483834 408127 489493 457321 474068 447011 517914 471519 459296 446810 471054 522778 498974 499565 494583 502181 462118 483495 497590 451100 497505 441236 452082 497576 490192 437021 517873 500470 448125 468460 473563 507795 514649 477266 484318 509703 461000 489019 482281 503530 497700 465505 496046 484093 468253 515990 470235 502733 472703 473601 442214 457204 493949 433481 531998 492437 453554 456275 471092 495239 455222 461873 502844 486021 463414 459000 496226 454656 432507 453547 516817 432917 425657 482686 464952 474897 466550 491871 448562 478253 479324 446565 487041 528638 484686 470815 471364 489553 476211 461258 495509 509537 470552 530984 485230 476196 453790 483774 
510595 468358 498414 537980 475915 519579 479879 488591 452466 498444 540532 505592 487224 471059 427630 477474 487342 492944 514987 476674 482257 472017 501975 533981 535770 480656 508200 500729 485412 527069 515419 494156 427946 487665 495878 459778 482031 499627 508822 475750 507604 498113 510378 529274 504125 466857 522276 495274 495402 494718 520072 497909 511431 473390 497439 473354 541575 505866 507545 506307 526113 488842 513245 541213 505405 510357 507942 504270 440135 519755 525262 493624 509387 506570 498353 506570 535297 441690 508468 509614 500412 510367 484129 511955 528268 479815 456224 489963 465977 504834 515261 517958 459637 499539 519355 521019 487570 506457 479672 488953 499049 497593 490894 446200 546259 483405 508402 479618 531809 496301 499939 484469 487132 521551 490624 506433 514082 503292 481036 490586 515788 480006 500461 450570 486256 482428 520340 464611 561076 528075 483845 513261 471254 498464 544220 492908 492862 542009 486894 471141 494057 525049 499129 496532 501018 532614 512123 547926 485755 506224 487151 484404 471331 484483 515868 462351 537446 507218 509065 473752 497241 541046 478045 465896 542797 503765 477632 483200 498037 487846 488784 490596 514827 466016 439657 473854 483980 498261 503868 527823 474665 495244 495159 476911 493085 565816 461090 505813 501840 502033 524056 483699 517232 526661 479271 536993 478784 514821 514319 485563 
479449 442505 490448 517086 475402 496358 491321 478392 448523 512566 500039 503207 484107 487341 420407 481439 478564 505202 502472 460875 470994 455849 488693 521296 509985 469675 518874 467128 447070 506906 480607 479999 433879 486785 491614 463467 474929 451198 445267 489312 501382 496390 494903 497722 481513 442212 499217 479576 468128 481826 510277 460990 488986 461812 473819 484655 540417 457667 502433 488789 499333 460679 509796 525844 504723 505237 477874 499289 434863 504944 504882 486309 465186 505849 487376 476994 518218 458703 494138 473921 503327 471295 446695 471668 475514 460662 449159 489069 469838 498171 502471 523289 486752 476383 494230 502827 456946 483403 445216 488520 494878 499996 496262 440390 519915 454973 484999 448833 511607 510586 495984 450739 465971 535436 486176 500871 457124 480791 441244 482620 504344 475379 510445 444159 464375 483523 501585 472107 545653 515688 467366 478232 467398 475959 517587 456005 500168 528873 470583 464299 490371 489038 500689 444227 508689 496555 466759 527357 484427 482761 483412 472296 474836 490247 498428 458578 506030 459041 475875 463661 471904 515841 431142 489271 528946 504137 474356 479666 478318 464134 456637 454964 515497 437760 438404 465761 436879 488873 467748 498993 453431 492271 482969 461225 479478 508349 474326 518434 468098 486976 503216 475676 504913 517030 481148 507478 458590 477972 486331 462221 
525723 491686 522269 536630 514074 527099 521018 464932 460379 534716 525348 518353 495794 505529 483539 502306 511593 526483 561363 491251 509165 484955 531170 526786 545220 494865 530435 521799 511899 576624 529286 488980 445312 519513 512096 494778 519382 518029 497110 517896 503101 540985 526726 526471 533296 495254 536818 502115 510592 506847 547983 499321 533190 487979 526334 497304 577150 497697 523513 507805 535833 511431 556762 510018 521097 495970 505134 529296 444555 545308 543954 542724 507289 540953 504235 516224 534346 492658 526410 501701 490718 551176 500147 517470 510865 493500 458286 512184 483562 517036 507080 537010 519606 494570 526444 544239 512771 507314 508320 531429 540890 542519 497816 478613 533733 479919 515285 477710 544988 526449 504587 490618 519775 561197 510542 520484 529201 509303 478299 526710 544705 497978 529995 481222 481754 517038 530729 446953 569197 541854 498086 502369 519767 521308 564104 507706 510723 556491 496005 493243 518482 542611 521016 499126 529089 507863 479243 537050 472442 519256 507768 492739 489030 497486 526358 474939 551043 502815 515992 516065 508664 534808 482157 506797 549876 523188 499387 550726 522198 530847 466086 470881 534938 481465 476726 496390 471709 518569 508256 513864 485563 516746 537294 501751 519510 560266 519627 522894 502778 532861 528854 519941 524692 551606 488642 565215 498287 539189 495986 511843 
539407 517080 541145 555609 519318 544284 565668 510738 481438 530602 547797 541854 529203 519610 482184 503516 551772 543493 565457 493376 539788 475642 543590 556553 545015 498643 548159 518652 471359 552041 534419 512722 486359 530960 548387 495969 533271 487883 482486 540647 512897 543523 546932 533972 543190 512626 557433 498024 504482 496119 555909 494342 541281 505657 502275 500377 613023 486206 534723 522140 549620 506003 562850 569209 521184 530533 515878 534812 468021 559747 536732 553521 507160 543353 488587 528118 562464 491814 533409 504030 528113 556622 508551 518377 521745 523812 481794 504287 520841 535593 547450 553202 545147 529212 527686 530906 528802 534365 498565 523200 522663 525479 516202 481008 526386 475392 516003 514255 566928 539755 529429 496009 529953 573861 515004 527611 509271 529635 468172 517250 535719 505351 550622 481465 508855 559611 541867 484897 541829 536442 501515 516014 517155 552330 572932 498851 524304 529589 510447 517009 563397 523127 536605 487471 527622 537724 537125 563399 531221 539604 541450 478845 493461 501386 510360 503931 563418 498312 534618 494650 513107 543645 483504 519230 555783 536527 518555 528533 520283 500485 472715 491268 541218 463980 467017 502613 497121 511819 530256 535421 523389 520313 492643 511418 494830 555579 527720 560489 537444 537228 530668 517089 537077 565480 513380 568897 513268 530788 501991 500665 
532683 533735 566341 572787 518297 558991 539396 522468 491800 568320 560666 547906 528375 520238 474891 537397 535690 540866 552754 507650 523748 517050 533257 588922 535022 507933 540179 553979 525026 561531 540750 529793 446496 509756 536876 508846 545019 525250 504989 497121 551322 544395 536065 565726 538186 494868 561776 540308 543773 502834 544944 537840 561710 511926 537816 525151 597336 518635 558432 565097 569589 515971 573239 563156 509891 513643 522896 561445 485775 556864 569845 569753 541943 551489 537487 547551 570311 508223 551250 534548 519611 553251 520691 542263 532467 520596 482946 558545 518821 547116 531623 564738 540360 521610 534297 548995 514838 543916 512281 550263 535756 533915 516653 479096 581435 507161 539082 527519 545204 563650 560674 511438 526910 573312 510435 571328 511821 529300 517453 529489 578097 528699 538882 471178 520906 504827 552084 505597 597468 562597 508550 492567 503153 548730 576545 505775 548303 596886 539351 516362 545836 541677 529671 494672 565025 511542 530232 567807 499760 554823 535586 508399 489626 487197 553172 500359 555798 536793 545453 523864 541708 588282 518332 509814 580466 552586 524546 537492 552440 540462 492914 510759 555169 502795 474653 517634 499142 516425 544381 567090 518135 536717 539654 495747 536609 566857 508338 544875 534758 541931 569853 527214 568252 586957 499968 570273 530037 538641 523300 510287 
488752 459373 517769 483344 475575 508988 497837 459516 441085 495584 507396 500489 452285 450249 436781 465895 478884 471574 515190 438840 467400 442122 477899 496646 493690 470992 497216 463089 474772 497769 524701 452564 434147 480003 480331 454908 460645 466171 443174 483354 462531 457704 480050 479461 466136 464598 480439 463182 461294 477582 507128 451441 484523 446265 479316 452395 532731 461172 484955 475849 497941 441367 510470 517003 472576 460065 463308 492778 433778 499383 487749 492993 472731 474791 479755 475717 506352 441771 476474 476096 484007 500382 462106 474316 485803 460149 437373 461480 445555 471655 492514 482771 465024 479567 478807 476419 466773 481730 467622 485056 467443 482540 489812 437920 505637 457272 489201 449808 507209 484035 463920 443992 452829 527381 479366 461263 487612 470768 452891 486538 475006 472973 477574 421066 449047 467968 486417 439932 527075 493950 487204 461954 470968 500843 526126 451450 462065 492131 465831 443229 478765 494234 483619 456862 497173 490730 467906 509383 450254 483368 483813 456892 439206 470388 471660 443639 509631 475382 476151 449852 486015 494605 450954 481672 513380 455072 476801 468578 489161 470420 437834 454391 478701 434023 428053 475082 450660 460905 466446 489272 468396 490314 459119 455791 461823 517625 463992 498326 459641 480280 485551 487092 490260 495053 484209 491024 460543 500948 476483 480538 
528608 495925 542344 539003 504832 551057 506621 494623 478816 518870 544005 526162 497620 501688 444572 504674 525679 521473 548144 489308 509482 480816 546445 538955 539182 497905 536991 513787 498017 547631 520749 511305 445711 505904 527595 494953 500614 495241 502427 498466 510116 511325 510106 510862 521821 494339 542168 505429 493979 509588 541538 508408 527617 471594 510093 511742 575475 504491 508392 531307 533574 486903 549291 565618 509204 524928 516693 520172 469618 516553 528209 533068 506412 522870 504168 519838 553666 468717 514645 524083 522338 521323 481011 495997 526181 503491 474533 498524 479558 541139 525285 527563 532904 517508 531045 538629 527531 500094 500455 526050 542687 521011 520422 468914 543434 462879 517213 510736 554759 521974 499721 477447 503406 556034 509945 530821 517526 519287 475544 512040 534654 505672 534364 482709 508748 498219 541805 462034 558534 518730 506543 488928 500740 523606 543566 489214 528975 538013 520854 486514 525042 523486 532756 512986 536452 533095 510245 542048 492794 524942 504107 481168 502488 489725 537188 480017 552480 476883 528268 508895 506185 535118 486252 512247 550783 535630 505141 514437 522550 496300 479940 508622 545173 471792 453653 484585 476247 498289 496239 523909 488588 502166 503267 517807 504235 561327 500638 532706 519427 524867 504370 505238 546854 519510 491828 559704 499799 520095 536523 505433 
476746 458988 510533 523861 480632 501623 504914 460965 440964 505970 502743 500507 469670 485143 433583 475039 461995 475177 505632 432203 479712 454419 513619 478490 509891 477952 491131 478245 461732 508760 492009 462501 413089 491655 475416 484821 456147 464174 445524 485259 487576 488535 476872 507472 491941 445644 494021 457150 472434 475222 496411 468021 487543 447629 479038 474671 524908 452650 495391 467370 511307 478117 531167 518271 476085 467869 456403 495077 460517 486599 516133 519764 463586 493685 471378 472498 509864 444892 487375 479586 499375 493193 457550 478240 467892 465844 451898 475503 469197 486393 487032 490651 478110 497307 476643 499173 488946 498451 453800 517311 502313 482589 476486 443521 494841 456853 478810 439912 498251 490708 495623 467722 465470 524106 481471 510415 480451 498530 450066 478252 505439 476134 477788 454471 465731 461813 498554 449282 543684 520430 469569 468942 501040 512362 522165 460243 494840 512939 464289 480886 502505 487397 485543 464616 499208 483511 473049 499635 475783 504228 457530 449934 461815 480709 487319 430132 521639 481330 477644 450732 483343 521415 440514 471508 507625 487497 486983 479048 491941 464625 421390 448393 513538 449314 420791 465650 451493 457447 463549 501901 467398 489117 490329 462266 478003 508067 458511 501766 491504 480955 486619 468226 500790 525844 458663 515346 466101 513067 489079 458832 
501608 484563 510766 514280 491045 528350 510668 478437 446544 524843 512621 505661 471064 486469 452724 484200 494932 499929 501258 463340 486214 453682 501411 511271 517207 478968 529753 508379 471364 535837 515442 494878 421566 505212 480456 459835 481543 482803 474257 500641 486090 517773 504767 499389 476116 451701 519470 472032 489148 485354 519264 507064 522925 471156 497589 474924 554291 462446 502912 491375 522312 465175 519063 546713 480971 505679 483469 509388 479175 513310 504300 523108 514525 515266 488129 483315 520821 460312 488872 487576 497908 510086 463148 485883 503253 494268 431944 494307 489145 502801 489855 517025 482647 487098 492939 504820 492155 490696 467853 498682 501764 499725 497559 437156 528892 463204 474640 480321 508648 492650 498869 474700 474349 546482 506712 492580 492230 489751 454099 498648 501971 485360 521115 422892 456947 494256 507534 434355 544420 499053 470157 490872 481976 506070 525505 488051 498514 525677 484960 478308 509196 507232 497748 470230 493094 493474 498795 497083 499347 502853 494767 482249 476972 482110 515944 442852 553448 490174 505807 450451 477646 531972 477618 478435 540620 493387 487648 495706 492058 497866 460120 429068 528460 453615 430724 460416 480626 495392 474628 519760 474037 518137 467278 479944 492475 529462 476711 526055 486286 492810 499271 490554 517640 514611 492979 507003 488531 489643 485671 487747 
480492 450014 477760 455318 441984 483002 469765 428694 392392 493411 471126 476901 459257 438953 414219 433527 445716 461480 500822 417430 434195 451094 455143 473625 458983 442406 479250 454737 432155 492468 474618 430707 399989 434576 432383 450799 453208 435081 430407 449762 454455 456447 452387 489715 457025 452846 461936 471199 451470 469012 473876 451529 483519 434811 447363 425181 518732 441478 439937 429692 459847 415962 497566 467860 430140 459119 441539 480347 394699 442988 477694 460414 459561 482317 458500 449472 472802 431070 449841 434689 437233 467346 441373 475373 459833 444789 403700 454606 423082 456749 449082 489899 439397 443598 458960 453169 447298 468354 436472 464548 479198 446662 441444 412726 469579 423254 480891 424119 455213 465605 452670 426916 436265 489473 450869 460477 449669 448880 435314 464991 463062 466251 494143 408669 445378 460407 460475 422745 488010 466732 469205 435854 437895 465737 490503 424385 434101 479490 425303 430737 456428 453960 452708 423067 463649 448433 454016 472675 436546 421309 446634 429728 387680 436315 472010 408158 469870 453273 469199 428917 441317 480251 417419 453500 493233 433413 447437 464428 460587 429327 408781 418897 474896 405876 402297 433833 443361 456684 457089 481889 426926 468923 457687 450380 443072 473414 448822 482247 431788 468783 469792 452588 464822 487680 454279 487539 445211 465743 453601 439939 
527981 523386 536464 560270 511239 527963 541695 486204 482527 542064 554783 506121 494636 504362 494589 518163 526910 528649 520633 477736 529219 495431 540144 539064 546747 522983 545240 525205 494669 554133 542736 515627 462208 514547 542218 500848 517509 503393 478190 501144 525212 511775 531319 537239 524086 499215 544866 502811 513901 517048 537630 509883 516572 476908 516662 475870 578190 493038 516856 496992 542306 490595 567378 551446 518178 507667 525368 526410 505877 554334 512975 548150 507394 526212 514322 487465 551166 461670 507193 498953 504819 508218 498421 522892 515813 502739 463316 485261 480095 516021 516698 527554 499369 512486 514677 552969 495928 526573 513148 526188 501876 497647 524895 462175 535813 470359 478518 481779 563045 548504 517033 496769 503515 559319 508873 528529 511055 511301 479723 518311 531688 506825 501520 473613 502915 504347 521538 457601 566330 536772 520443 518354 522755 511485 577723 492901 519081 550152 521774 488003 527113 520608 523792 496832 539406 500895 526247 570260 505767 519628 494120 502961 488793 485081 511925 478022 538655 508579 496120 493975 506592 565402 513033 497219 573873 507379 519030 522923 534350 499862 476537 483167 537757 489305 449150 500120 496471 494088 489662 529358 495529 538658 488643 520346 523625 565270 522867 561800 515891 531356 514965 525939 512576 532374 497154 551161 478973 532504 517886 493791 
477392 475736 503137 505797 451619 490603 466698 486918 432410 494023 493347 509516 479860 469297 454190 479398 457843 482269 506267 446153 486690 440106 486619 496823 475675 456940 518825 484080 459213 508217 499929 457025 420723 461897 476418 439033 469238 469120 463988 473685 483580 490753 464799 504000 480420 450844 499250 472726 480055 483381 505341 468859 502088 449874 488206 462371 512327 441852 479391 462963 499369 459711 493195 528078 474004 492976 458882 486041 429177 468712 487667 502666 487006 495219 469939 463803 487424 445635 480791 474506 448329 465441 437787 476358 480187 450701 417012 470353 443431 503602 483452 490360 469744 465926 467044 465974 461064 479055 427292 475045 473232 486384 480618 412127 508737 447847 476813 456783 514082 466824 495105 470123 464944 495121 474517 486948 473280 486640 448288 491792 488173 470411 476117 417664 462818 497657 473670 442071 521899 494004 466771 476836 467183 482174 533275 465130 467846 496708 444882 446441 512097 491016 484528 443154 493600 501995 494486 513236 469268 477623 472216 449993 456168 463921 474275 432173 506690 483270 471446 462782 468594 507180 438854 464620 525970 479522 463869 471163 485114 455519 445102 437956 489570 431038 430792 470049 456227 473082 461073 468928 436353 484559 502699 444437 473034 504548 445993 499831 480046 483205 487221 466689 492546 507597 483895 517786 465964 502683 482352 469250 
493644 484947 514405 506999 464083 522024 507897 483612 466370 523927 517735 509252 480113 486500 463642 474737 476505 518218 523282 458274 474165 483787 512297 527321 513892 484021 523821 522192 481354 533620 504971 492474 429774 468871 478686 483336 496386 486222 483163 469130 491829 506483 496488 526005 501191 486159 532555 492338 491089 517375 509944 505492 503832 471422 499478 493390 560336 488846 491996 499253 519458 467559 539818 521112 474501 496080 485404 506527 480088 494239 518617 523055 483685 512006 490206 512004 529896 477227 515274 491263 484324 504747 477048 492709 508865 475447 453507 484501 477110 525065 487533 506433 482782 485734 501778 499510 508207 487167 456163 523678 529129 505954 486451 445159 516326 447441 505513 491991 520720 503272 519944 487327 514898 538304 460378 523432 466241 501207 468629 474548 504414 504940 514671 452053 493080 485693 514983 455055 541719 526350 485750 492267 491403 503442 528353 490281 491664 545750 492021 478444 525631 499636 490635 467323 502449 504110 498804 532756 468417 491740 496397 466018 454133 484705 497776 476079 529133 515817 464969 471960 494302 514259 462743 507986 529972 494296 480182 505829 514115 473621 451876 491047 528636 455531 440902 484521 473353 494475 478545 529644 483885 498781 494248 496591 501257 544714 490049 520284 501733 510390 508507 479739 524810 543683 465106 545821 463615 497713 486035 505404 
486024 466926 504010 500701 473610 511529 495197 463707 465018 521231 513054 474335 484902 473007 441251 490913 460909 506196 504147 446137 476057 452761 484970 491929 509841 467342 498463 493251 462330 520568 497412 457924 420447 490203 506337 480087 454448 454540 460735 482037 491241 503099 507051 502167 494943 462018 502788 472554 463620 490272 495393 467388 514430 458606 474163 461767 530766 469902 479371 477028 503223 445622 510146 513833 468226 492819 473538 501985 451706 496853 522059 504488 462802 467934 486160 473009 505334 467756 503803 491365 479460 486925 452851 504803 493100 478351 426875 449956 484724 520022 495506 508327 475659 477350 482948 492881 469216 484185 458756 511706 493789 479515 480540 424235 495645 462527 479613 460797 516511 490766 486050 465033 475849 528935 477328 492805 472492 470732 441655 478543 489997 468565 511108 428672 476494 498745 502436 437542 512278 507086 464607 469957 479954 514183 533715 459956 470465 517274 454404 473686 501750 501353 478976 466424 510185 483443 495048 513425 481377 488561 501031 450834 454246 449961 496266 457504 533739 493890 465820 441066 467806 498799 457654 475775 521522 489446 456337 476321 485857 467762 446001 450741 510560 432210 426400 465976 469750 474918 492660 498088 480144 510494 494615 484189 477179 524076 482768 516365 480058 500175 475728 484213 520968 499892 471499 511667 488687 501483 472073 482114 
482458 444224 489661 526841 460050 486726 475888 453797 447646 491571 498264 490791 465085 446504 435274 446772 447483 483125 475732 447307 439961 443586 476764 510376 477919 447051 474893 481422 439369 479546 467903 466920 408516 493594 439762 485627 434250 471831 449828 473670 493346 482594 468052 470319 463956 456297 507199 449491 462453 474303 488820 482575 494209 432338 467101 457033 535161 455427 493810 470893 496851 454897 497900 499797 439606 452612 468897 487160 445908 487621 500637 490209 485456 465941 464068 476516 489855 437980 475011 484378 487812 498207 450256 459298 505444 456184 440683 470293 443420 501266 484882 469224 442922 459891 473695 484689 461115 452642 439164 502318 476241 500293 459297 425228 498049 441506 488755 444033 481825 462141 484100 436865 460122 494630 477075 477218 470817 500752 431503 450410 490886 469806 490006 424958 486444 457006 483548 419289 520037 482767 451769 465366 434903 490610 498416 452575 472411 506857 468123 439441 479780 479123 459780 462900 485154 473772 457616 505583 460511 485544 480953 462431 455686 465862 487960 449528 491307 475766 446933 439617 477352 510381 446205 462365 504325 482752 457515 469362 480695 476368 475744 463976 506787 433420 432457 455288 424352 446366 461997 481026 458719 473622 474635 433711 459849 490771 463333 481880 485747 469987 475252 455046 496349 509853 458847 477090 467583 509758 455182 454245 
500737 471055 521875 520741 495737 515528 494703 494101 460653 505960 497909 499197 501354 500597 462491 501128 505315 519156 524091 478964 487173 449718 518750 526243 520831 485513 527843 495734 477671 543289 513640 477881 428179 481963 506417 471800 480711 493652 467494 505086 480252 504029 484221 500989 497513 454521 527892 480848 514455 485226 503342 494004 505255 480726 498102 475863 534976 490365 500074 523025 535546 468972 512450 516025 496207 492566 491488 516159 455445 499426 539324 516629 487514 514496 492078 495065 537299 455151 532616 497064 494691 506491 468300 515242 490802 482305 444180 467973 469177 513627 504429 532473 497148 494350 496958 525315 503361 479362 485192 502425 493724 499548 504882 439920 527218 455583 487175 473983 517480 494810 516735 473264 492605 549619 505252 528004 491881 510998 472531 500425 535959 497365 482495 425920 480392 488337 526379 442754 537793 512338 483843 505642 480841 517244 540319 469428 496745 541383 473094 481818 512744 519299 485190 473117 518795 500634 499981 532136 498043 513827 501974 484924 458869 484011 513445 453830 529670 492621 499929 457048 497139 556072 448382 490690 512798 504370 483312 498239 529572 476129 468203 457686 535731 454034 454802 490880 466338 478987 507701 491581 485876 491503 488185 468763 490864 544347 466872 523251 508031 526447 515497 480238 508675 532152 464325 521136 485186 525995 504144 476336 
538804 499318 525873 551059 522383 543663 524017 495542 472819 562771 546658 529192 497993 518826 486430 483256 479653 519758 534999 473537 512086 496737 526953 542649 516574 487507 504777 517708 485127 559945 518449 506517 442488 514866 510008 489285 489968 488451 472181 515141 524948 531591 534467 526135 506952 494783 546639 498269 510104 511654 523265 525252 550978 501802 530357 495833 557321 496638 519320 513444 535286 496689 546529 559607 521224 505891 507493 547689 463163 515671 540585 525453 517973 525413 513625 506592 529707 468820 537497 510021 518339 532842 465851 511963 533898 477908 448772 512458 483852 527361 533266 519901 501263 494431 497765 530682 486770 495418 485490 528853 520464 532426 503639 469027 553228 469064 500795 499576 544908 535800 511262 476596 503501 537754 503595 527238 494667 513752 470535 513345 538066 514324 540965 480666 495657 504097 530628 469076 572929 541241 493921 508137 486426 507233 552622 505795 519837 565118 494179 467887 504142 514556 515338 474525 538821 530904 514957 553482 497925 529319 529620 495571 448734 499792 521001 487473 547604 500338 509724 475765 527698 541923 472572 496621 558734 522442 496625 514822 526932 527948 471835 470516 529152 462971 463251 477795 500467 519318 499057 531907 508502 529094 505999 489075 500216 561497 519661 517663 506867 533123 530180 514429 536007 551452 501653 531042 515964 510506 501431 510823 
472990 461712 479798 484873 468707 481080 499047 454625 425607 466902 502641 499423 488233 475678 430663 472826 435463 474290 519508 424108 472857 426506 492811 490651 508095 444055 501977 455436 454000 494542 476304 473234 416161 463134 477812 440463 453206 455677 465730 496508 490116 502767 475472 494457 463093 430438 496108 464433 486665 473769 485167 458415 501703 452816 474547 446514 516137 468584 469722 456463 505019 454896 504112 511922 495615 471902 471479 478993 446545 483866 493552 494535 467104 495728 485775 473915 520193 426198 488784 478488 478547 479669 446537 496374 492114 466190 427010 450536 446610 483142 487480 484726 475844 459298 491606 483621 475906 476549 449906 491360 474964 470233 484202 443926 495691 453491 476974 450465 497032 489487 486030 463087 463858 512179 468411 466958 478607 465432 449754 476870 506135 471729 491843 424994 461895 449180 499708 446088 533371 493672 446558 446215 466262 479274 521348 459669 457556 514537 500378 476631 476048 477042 487337 442626 490341 491927 451717 526072 484258 495586 453995 446248 447572 438621 485644 439764 507293 457183 446776 454030 465256 504602 453046 466991 523292 467649 459751 474256 492945 458567 421914 462575 513875 424604 411806 461459 448967 453273 448018 486249 466833 480044 471468 449155 473727 513699 476881 492201 478029 473246 491226 464108 510340 514042 456175 505169 457796 491621 476108 476952 
513575 488743 513898 518286 457444 522468 473813 445289 473605 521452 490494 496767 486650 483143 423817 485932 474629 478390 521327 466690 476497 488139 493635 501597 531081 480399 503752 492499 467477 523566 496360 465194 428113 485048 474324 467555 466160 485028 480852 483679 495841 489615 509989 520555 499773 457942 512678 488739 479866 496968 509824 478913 504796 458074 495381 473675 521391 471388 495722 501318 492145 485438 513480 526631 492524 488290 466405 510163 449031 496364 538616 511163 483938 517424 481628 484820 511630 478402 488215 473774 472602 507986 475544 487228 483412 469126 447611 481663 460234 497980 480367 508198 503379 483386 503717 490951 495847 471614 463036 507150 504325 513687 474594 431856 519536 460363 495634 451831 521320 503773 490170 486484 477919 533490 503494 507102 494882 499378 436720 493376 497493 485786 493599 474236 466015 483324 506286 446699 547398 527720 484450 466128 480977 504255 523597 482109 515356 515522 478469 482340 480529 501307 488784 468055 506888 504012 469539 511682 454338 494458 485440 461239 463232 484721 495938 468506 526252 485037 466704 497282 486646 507672 443996 491431 535414 497532 483226 493364 494444 479883 451851 455663 505484 455821 446514 481274 464282 469107 484225 498550 448593 479817 511323 454861 485510 503129 483725 496347 482515 494925 514814 482597 519222 502922 469707 557474 474053 500576 480458 495277 
482957 476401 491416 519791 463022 484325 485895 454638 429879 524620 512261 508564 467636 462740 414003 456908 481004 493851 517920 432244 480865 459027 486959 503865 516867 452240 498736 480912 460522 504299 494032 476200 418017 490940 496537 436164 482362 450706 463155 473926 473766 483626 490915 503368 484609 452172 516275 486731 479321 473749 501858 472755 514295 437302 484255 465465 507806 477459 470491 474344 515008 476763 532289 493138 471673 492449 479804 481212 425718 479744 496067 504445 470451 489819 479249 471544 496859 423421 491669 467890 486578 493390 433186 489541 480029 480148 437911 486174 455376 492147 483804 490742 472338 464090 479808 485807 434294 470755 449206 496255 480105 507063 485815 413386 488618 460050 477821 453759 507497 501663 483556 457046 479328 530818 484623 462545 475915 482678 454453 475337 523366 465220 476039 417185 467908 462793 478615 439504 522601 500564 462427 441363 458882 483638 529918 464668 484923 491278 470979 474043 490860 515371 479536 451203 500637 512364 481433 520586 477922 480628 485427 438402 442149 470632 488847 444286 530382 470859 457365 473081 468728 516284 452445 457811 524267 460675 466749 484224 484122 499784 422345 429628 504360 426513 439197 477740 469762 483842 471891 493649 470864 483820 484243 465183 460140 504263 481376 486294 457552 495377 491598 482797 508537 497911 461918 509791 480418 506973 464774 480562 
507982 477571 524535 511708 486519 530229 535496 474759 464032 543227 528255 492681 484653 496270 452913 470883 475367 517808 539199 474942 503077 478823 522198 507261 522865 469391 506860 502015 492925 516079 517085 492051 430554 511135 495113 488514 492433 489423 489425 505257 505783 507381 497804 533696 490830 478142 531981 505604 482834 495143 518456 498772 526862 468282 504711 481076 570616 522004 511387 492887 506214 477741 542579 519214 496752 516440 491560 508898 448895 504144 516503 519909 496820 529235 518369 497182 530634 462980 504819 498190 474522 515926 471264 504755 499343 473857 454929 492899 474764 528531 498454 525500 476287 489889 479165 512599 503627 489123 494259 508133 491957 504941 496256 442973 543502 461844 508426 476231 531748 523384 495420 457050 505009 542508 503829 540775 496978 498695 466380 514250 524481 490125 507470 456568 491838 532194 541502 462993 555742 521752 503156 476183 491257 533148 543770 475365 520419 532287 475361 481189 503302 497998 503920 485943 515775 515943 525157 525671 507542 496278 504460 484416 459542 480776 513824 440274 534269 507878 503261 458685 489605 519202 486827 483706 524313 496343 493351 497510 502351 477059 458603 456581 515413 449260 452270 497603 485010 495274 506799 531277 497071 514181 487205 486247 484529 527370 486902 519923 485281 496482 539838 500736 545828 543983 487210 547298 489941 493869 505093 501327 
491652 455715 492694 486493 454412 498953 479994 442286 436651 482796 498600 479009 479258 469116 462966 444829 476207 474786 501987 436987 454596 463801 474606 486439 507913 460671 485097 461585 452038 492256 462245 446553 409637 478058 486561 454791 441270 452561 474775 462419 460063 494946 479965 490259 457920 446404 491122 466048 466850 442654 518626 472828 483206 451245 466850 462125 522837 459338 470450 461238 496288 447098 510770 517318 455053 487604 455037 498038 435571 480791 481687 490155 465580 502558 468516 462945 498837 437641 473294 463175 464539 484691 470517 448694 503394 456817 420736 483343 463116 498104 477062 480362 464407 474767 476038 505003 473602 471864 454679 498026 492147 468858 469395 425634 509050 446828 470736 470955 499445 494912 472930 437844 476634 518132 479500 464978 456919 467585 436775 459043 486332 468160 478079 424609 434935 449508 474179 443782 523715 483875 463883 453773 455333 480848 489767 435964 454314 528284 474056 448125 491175 499696 472008 437075 466054 469040 478015 496825 465291 469809 477509 424207 418412 462979 479864 434825 509529 477049 464169 432097 468108 504891 453176 461784 506531 478327 448533 471917 476182 473021 435998 430175 497924 421572 420684 467658 454442 459133 470901 492984 458432 477586 464348 437833 450618 491904 470825 474883 476084 481113 471695 471074 509303 493910 443285 520774 452038 483486 473473 468719 
460805 457749 477774 491364 443670 484516 478226 453634 398753 500326 487460 476537 449391 453011 432623 495798 442845 465717 475467 440502 444350 436746 490281 478038 465064 439578 481535 462481 469171 481054 452605 450416 416311 456319 465393 456007 453853 473731 463501 457047 471964 464615 477968 479657 482323 456353 471971 479678 477238 462124 483414 473798 492209 446420 484441 467948 524729 454736 470859 484361 486628 441970 504561 489526 469624 471665 466784 491825 424400 484598 487039 492362 477854 483444 475208 459614 495821 430504 476894 483655 466720 488347 445303 480036 488080 460568 423366 478043 463261 468240 483660 473761 477315 470756 467009 495916 444842 437740 465663 474848 474834 461812 456191 416023 501257 438816 473266 450053 486283 477359 459976 455890 480034 501896 474443 483879 452961 472417 439721 473472 483208 448477 477410 434653 454840 479847 476444 440984 545938 491878 470904 456233 438345 495382 538311 459558 469564 488663 446187 435118 466706 477627 486206 449188 464387 470025 468297 485813 461081 470644 476037 450116 435158 440010 487213 436992 509121 458404 456642 455670 490946 494337 452222 454305 497622 477546 462167 503060 483199 469853 438155 437256 458103 446225 409480 427988 437203 441490 468592 490797 452586 470613 459723 438150 466248 497437 456357 483491 469824 486875 475249 462673 477369 504441 439917 487212 469016 464488 479218 451516 
482922 475219 514761 526974 490757 510894 512987 474633 472312 532447 514556 513627 491379 472510 450189 472950 474121 514804 496231 440249 494569 472408 505144 502250 513125 471537 483430 502913 478088 544420 503635 475818 428193 486320 502393 475863 466491 470482 469919 481014 500254 521171 494485 519859 488513 475994 517432 488323 467071 508469 515332 510366 505778 460983 509628 488893 559749 458833 506983 490638 510579 502750 539714 504595 490973 480383 461973 516915 470825 495951 494906 530386 490186 505438 489777 488239 499132 461229 509363 477662 475700 519126 484315 481412 492739 491747 441368 497871 474381 521951 494556 513212 492191 493476 490294 493631 492195 474935 467974 497985 498069 473138 479013 448690 540554 449913 503273 452257 514699 501938 496018 467596 519640 529591 497974 504120 476377 496955 451421 512426 516745 468115 486351 464064 473094 489031 499683 474712 529266 498746 496481 475596 487468 493579 520380 485059 494701 528702 490252 472631 506588 499496 453691 466706 509032 515885 488050 509331 470717 498797 532514 454811 462071 471140 488211 458228 544338 487760 481069 466393 497892 512493 450464 484670 520232 494096 468676 499878 488381 492352 448791 454995 515037 454981 448920 484952 444527 479178 488795 489054 490659 498069 477197 484888 476084 521287 482680 500714 506377 497010 507473 500424 507818 510953 461908 541860 484965 501220 489607 475255 
502449 500994 531204 528443 497330 549999 520672 499001 467053 552631 556166 511993 506849 496718 464489 492336 494953 508215 538576 491544 498101 483360 518801 532738 539748 495987 532303 526651 482471 555969 516522 507209 456129 500003 509033 479194 496080 499564 488760 498820 516645 517221 505386 521335 517812 488153 560772 498546 498444 501192 511601 486459 527575 451864 518575 495756 558054 470692 525747 506751 530285 489118 548847 555063 492992 502973 506740 526538 485992 524766 539308 532660 495435 520487 504281 495112 532024 478965 518139 486926 505377 516432 514351 514659 499252 495000 469531 488750 498703 519596 518254 528998 500147 500444 484788 521486 504704 515410 476104 520383 519866 517509 520528 450242 532042 479120 510322 488882 546874 504953 504445 496282 479534 556324 511529 534188 500405 513566 489087 515301 524718 493526 506016 461927 486750 498821 508149 477757 569325 537812 486558 504482 500532 516454 554314 466243 515211 531284 508665 500444 544569 519629 508395 487280 528638 522916 523202 548721 482488 538220 516882 459489 473921 484180 504086 463977 552713 514049 516158 498292 491449 545234 482046 493707 545710 500884 527598 505638 532074 473980 485122 497202 531351 458474 443452 495214 483149 492725 498161 534449 492766 505917 498819 496189 513433 544841 507507 529880 531027 530959 532502 499631 551325 549223 494683 544719 480560 521665 516116 490799 
494149 489074 507964 535116 473798 525375 523842 472280 448071 531515 521314 509722 489606 482937 454178 489199 496470 501496 517062 467917 493397 480931 504353 510020 518400 485275 535986 520528 487157 553287 503656 499932 429762 464253 508844 481208 474660 479834 482288 495000 500634 493602 474643 514019 490780 474803 509586 487269 493246 492880 510123 485474 522311 460744 509151 473506 552702 489209 528003 487571 517113 461124 548328 521570 504003 481696 479807 526751 445362 524238 516029 512816 501071 520893 500592 462580 510948 461222 501131 484755 515810 518731 476775 506991 504175 489191 451673 472826 487903 512728 522507 519705 489734 487096 497279 505504 500591 507660 459055 510857 513092 488708 477718 449366 529321 481514 487293 471571 528658 498394 495151 497002 471149 571992 477199 481637 483578 494585 461127 507964 523789 493421 508004 465774 478729 472267 498966 473606 548379 537653 475360 499178 481853 528163 543954 451864 502145 521875 493513 472888 530544 495131 505272 480940 513789 509232 488035 503404 475805 501203 498592 460317 448515 481842 500513 475089 525473 492187 511886 471190 513118 534066 457565 454698 549918 532926 488955 504214 528242 492056 452043 476302 532161 469552 431486 459689 485602 483571 476931 530256 465501 503987 488502 477082 505332 528744 491696 533744 504054 526265 507953 503252 512216 527258 466356 520608 478163 511997 512208 472383 
516911 487851 516308 526754 486015 535452 497785 492912 472445 527166 527863 525346 504536 480462 452942 496935 495796 506164 525584 473701 493720 478431 509648 520558 506804 485801 530394 506190 491084 530491 527786 500280 430351 513221 509572 485137 483981 485581 474809 491660 513808 503915 513888 518847 504116 486092 530806 491635 486648 492063 526159 498475 503270 472177 485579 468754 532221 490850 523121 494392 537795 471575 532177 557759 494518 509090 493458 509828 461084 515383 550947 515927 509066 513486 510641 488531 521847 455857 498056 495133 478937 509168 486728 514978 515201 487000 447094 491619 478688 507463 527321 530862 492694 503787 495509 500327 502250 511994 458468 495051 497732 513635 511190 438386 534820 467062 491477 463506 532458 507452 489654 492446 490212 547492 493529 497146 502262 515941 442258 497786 516230 489188 523192 467738 493177 512510 526859 489181 565899 516525 471310 497731 491038 515561 539223 489537 490868 525599 502894 475397 493838 510373 503558 484967 505321 521314 488772 526597 487353 502926 505285 477085 474825 486677 508739 460810 529484 494002 495898 479033 492282 528924 458371 473000 546341 508672 503125 495445 496843 483139 470754 466512 519953 465381 477300 464592 479672 488582 483806 507138 484716 516682 507317 463787 479903 533435 486419 522557 497557 511075 509879 496769 526233 517911 494042 520513 501573 493671 493490 496709 
486221 449937 478411 499462 471646 494572 488083 462391 446537 504421 523188 479956 476953 473114 420514 484296 456869 478572 491609 443970 462964 450348 481329 485572 502038 460557 500377 504383 449419 514365 490716 489648 417981 490318 473734 450788 475031 474816 472661 483201 490944 477370 458607 499959 473570 457291 513114 493754 479370 475630 500840 491216 506039 457412 469035 498255 531719 472997 499030 465502 491706 475973 535921 512203 467863 488439 486401 516590 446648 509188 509418 476075 484572 482974 489796 458455 502765 431638 472809 469428 456148 491790 459327 487464 467348 478534 430110 451469 455872 500364 490599 499475 494847 465448 511806 491331 485955 479656 445497 513255 458478 508587 485373 418648 505894 426500 474159 467800 506604 500908 489863 468413 479486 519629 490293 479715 489482 460082 458652 500901 515180 467610 491584 417284 477456 461136 515867 435528 527750 516410 470464 441407 468401 508242 521055 467793 502400 509035 469571 461387 504448 508737 474344 443137 493324 494486 490491 502757 489935 468563 467626 458029 456787 467255 496100 444146 526722 477325 481888 449124 453543 496054 476197 481701 531836 482067 494255 495935 499914 456367 443117 452554 502889 449070 420756 465757 479821 480971 466779 518120 460692 464867 488165 488359 478621 510739 464786 513013 506135 476637 486861 473041 495751 519292 478170 509364 467790 471374 501772 457800 
488085 475303 483911 523230 478879 488380 488682 462633 425907 494670 503163 508678 487133 484455 410776 451780 477681 469871 492803 449715 478560 439822 510730 491804 497258 460454 495571 473248 465671 512983 479843 457027 397278 503383 482214 461902 461037 469810 470684 480303 476617 500600 483062 488004 474161 461277 504138 441223 472733 466308 496591 478456 506713 458427 477774 468266 519055 464908 507148 464330 502514 473280 491426 500145 476886 485841 470882 487172 418918 504700 504085 476530 477055 476474 475516 481781 490376 446274 496523 474514 491851 499485 457727 482073 480962 465135 406856 471777 479979 491099 494944 509463 465933 477688 473822 475962 452738 461843 445383 478285 490032 484498 473736 425733 506915 447008 490812 457798 503376 480594 480932 457437 483598 513320 462758 481791 486368 479052 439658 481755 479046 466363 494214 442121 457102 490818 495001 417357 522421 489652 469357 457273 452774 504359 520386 469164 473866 530908 458763 462517 489589 492396 463465 454468 497043 481107 476449 497674 480913 491960 476936 458620 471135 444237 493659 432722 535019 451734 494818 461302 492490 509555 454486 447263 527496 499967 465370 492606 480990 482460 437725 443915 498403 461993 435652 463612 455681 475335 476422 499462 457652 472677 464406 444868 472181 513380 481833 477137 467284 472484 495270 468046 500334 524255 465485 518590 493369 488276 493567 456550 
437770 437978 478417 482508 465902 474032 449366 439768 413955 471835 485081 476650 464406 441059 399724 426119 458928 458961 475218 431706 471906 435246 475221 456397 457279 442319 496210 443923 467355 471380 472450 456959 385442 455440 470338 429642 454576 435896 422337 471479 463117 453589 424143 483668 451554 437543 492535 443838 455380 471541 456607 451417 479886 436201 469337 448408 490297 436327 458311 437205 502709 464478 477977 482557 453636 448069 450574 481684 422038 453731 496435 502428 438155 444169 471582 450370 480810 429899 452330 457342 453188 468195 442328 448990 453708 409380 401350 436144 429369 468202 499131 484388 444424 426104 454033 481013 462150 445461 447443 469585 446333 446004 460564 396783 496544 427998 443685 431113 506444 464362 460231 454495 449624 479336 454090 465492 455293 476142 418257 475687 488222 436393 454850 419845 444238 457950 480859 407095 501561 479336 445405 441677 441978 469970 495167 455092 471065 474371 424407 444146 458990 474218 456138 422278 467540 450444 457989 455592 425351 462365 463433 445662 443651 455431 458872 417805 505388 466805 435624 433446 462172 484788 437715 436698 487291 460165 456395 453256 491310 434204 406696 412775 470541 418460 430392 432534 430708 451030 455245 471563 432080 471711 458572 447382 453029 515115 444223 465766 427472 494840 477478 446445 470083 490849 442492 502164 469910 473534 466097 444949 
508198 482336 504863 494033 465118 512355 486490 444661 419702 494861 503068 494316 469682 471801 431515 492307 480793 482182 500855 445686 450470 463203 487766 496748 483092 452648 505031 503526 471774 496323 497936 471690 423216 499759 486196 465823 464858 472953 445616 450269 473843 478506 483306 481225 470171 452316 495073 462123 469516 485118 489144 495217 489007 444297 477246 468803 557543 459925 498608 468588 486722 445835 516089 510497 469159 485759 470187 491012 440543 486498 472793 488365 487455 498643 473282 460596 512010 436342 482568 464492 465097 493466 470694 466616 476181 464326 429301 479596 466724 481569 507066 487016 488491 460724 471929 487556 458269 481830 466358 470839 485053 456418 483831 436317 504821 451560 460792 471314 511747 479946 480183 470204 484831 538083 453788 492942 461960 483776 454658 473997 489599 481221 486494 424155 448741 454653 499331 472985 529450 486146 474473 449386 457573 478179 506602 460946 492041 494585 478702 459309 494854 487617 495817 452729 476788 485658 462560 511902 463748 488873 483821 455492 442207 454043 491597 444416 525172 477817 490304 456518 487747 520934 463167 481818 516149 480265 477762 476843 485408 452641 434545 450933 478588 437007 416813 460790 455575 469557 470039 491494 465405 507403 480306 464319 471291 521658 478376 494307 474673 496996 487339 481850 510978 500977 450558 507082 457493 506089 480960 454390 
534663 502247 536217 537053 506003 522084 509306 479010 446247 542467 534513 523136 498231 495925 455799 493456 518911 511906 546911 498029 507075 473898 509684 527122 519937 490981 538451 531797 505816 532705 527415 485461 431556 499569 495505 492215 496626 477892 497804 483771 511895 511253 503969 533014 506073 487150 521682 464994 519272 508588 521945 526046 539410 499842 513862 507003 557229 475801 516601 513146 526912 488192 551435 528088 502747 507641 486617 530203 467532 524341 526875 541187 501471 529913 516343 535289 531857 462423 514440 504053 528295 497957 500819 509078 550520 501568 446130 506613 468452 522378 517101 529608 500757 487400 503395 530854 509385 493517 506002 519960 543513 512795 494446 462078 557309 486888 499581 491671 523855 517106 505129 517586 519982 553325 522141 525642 485417 502288 484336 498215 501529 508792 493875 441573 482739 509582 512297 459522 569907 550486 485192 507564 497398 525911 540798 513019 508827 546134 486532 474365 532956 518623 516798 491632 514374 507206 507487 552344 489691 493767 492990 469415 478386 498942 507656 459965 544507 516005 506253 478965 515131 551773 479961 497766 542740 528291 501231 535308 530973 506808 463360 486138 527098 476715 471852 486404 483315 484585 488811 512812 472793 528347 487339 467968 495565 536621 475342 518576 506747 521277 527178 496150 534673 547325 502250 550399 501138 502782 512728 494593 
528656 515622 531445 561624 492204 536101 540442 499095 471045 541610 519696 511948 494678 495184 475899 505039 511999 495725 540035 487164 511064 495969 514141 542059 547442 485532 531838 511192 517975 537338 530800 499166 455609 517575 528124 476700 502316 518813 484864 492034 516235 501322 522194 521244 535612 472046 549774 506313 514433 525770 539165 497485 528637 516599 520688 472801 550688 482746 501353 508476 544490 470801 551221 548728 511003 517430 514128 515474 443935 515056 534865 526360 509238 525160 484029 530878 548835 476307 505819 494159 505361 519777 487218 513414 509062 498237 456766 513980 491587 527541 514516 514200 479217 512413 508553 503344 525432 500470 497672 547036 524966 517317 520287 458205 530175 503709 508632 483794 544841 502177 520241 476484 490681 550212 486353 531942 506475 529023 475371 520481 530763 531292 540549 470250 481885 504409 510419 471766 550038 530111 478161 480327 476823 537457 563936 491130 529876 533335 499058 492126 521823 522132 533883 485665 528838 529902 502844 537983 503576 521764 518341 481898 473827 487627 517119 487350 550440 515840 506788 502259 519931 547849 493798 504246 565845 530825 492120 511665 534392 517309 486496 488294 527706 480273 472463 485944 494081 489107 533553 540059 487846 519042 496407 483790 513953 572982 520468 522557 480740 519583 523804 495324 535042 542170 495011 541940 511457 535808 507226 500373 
476337 464717 499176 507686 452781 511534 491974 461497 430262 494214 518828 492738 489636 469080 428846 476540 450202 482973 528082 444016 485907 450589 497142 503169 515674 445940 507035 480345 480447 490573 488726 502238 417619 484087 463020 462204 478183 455333 470223 470429 477138 483606 492544 497645 495765 444843 501833 464960 495059 486226 523190 474211 520127 451806 474702 461394 524701 480464 489622 458706 500272 483134 520285 493900 464671 482061 496615 498735 447902 511542 502771 498720 475910 504114 472479 462216 502460 472366 476655 470876 468718 495085 458538 461552 474217 450999 443673 468891 466101 506562 482767 489160 464002 451795 486366 486239 493765 477616 441376 506761 496366 490274 477158 446948 517029 443599 478673 467720 500687 490601 493716 455666 475830 512847 477518 463867 479335 466582 455901 487940 501449 479997 505652 453648 473281 493697 482931 428578 527023 508664 460405 454361 471199 490785 533827 452473 500497 513224 482515 469902 465523 492919 496296 475702 498054 484526 485108 510530 463427 506083 493057 464780 469291 455995 479242 459765 508022 461896 461481 459898 456466 498788 465089 456634 527317 481470 459406 479131 492556 479299 436077 443479 507223 448444 438793 461628 464955 475652 479391 518283 449450 479885 506815 459467 468493 526339 507282 488369 476334 477047 509099 466241 520854 515735 444142 509912 473570 496054 481631 507507 
506212 481671 504195 526341 487607 534803 470923 459485 464048 538661 502957 506789 493741 491451 440286 477683 497231 475016 504478 475450 492320 464042 482956 506572 519804 470513 497886 516124 473696 528969 509360 466988 428550 497787 478058 454680 471538 468593 492091 485341 487894 491929 510417 520711 482297 461130 526147 467621 474175 476145 504885 524833 539413 496993 492828 494864 532624 483630 508402 486025 492821 492980 518667 506880 478656 504936 480195 517535 425279 517633 536907 509800 495725 489821 486423 497646 513174 462362 519419 486255 498364 508223 469781 507941 512025 475804 449134 479528 478875 498185 489398 497505 476352 466738 498199 507475 470477 504893 473888 529340 507224 523593 465894 448591 541679 444408 474709 490343 550195 505509 511839 468676 487963 528750 490139 503005 511762 477600 450853 498080 522702 483809 520770 460390 469580 498711 524373 448471 532780 529524 482322 480891 468361 481278 521939 483622 517926 522054 487175 494151 500418 513017 495990 479284 519804 536061 487774 517317 483178 505619 496674 466106 463641 482514 509414 471294 523180 485224 501372 458312 503651 516711 481264 471237 534513 516041 491382 498834 508537 475629 454977 457387 508579 449976 435084 453439 495030 511766 484263 523130 505485 505517 532990 482290 482836 530490 491028 522607 497192 519952 501313 475214 511107 532561 455426 527401 502773 480749 498514 500924 
500764 456614 493862 511526 469210 508435 484656 463717 451674 503645 523949 493747 460643 488115 443615 480116 463676 474630 505177 429531 463446 466196 506345 503129 491108 462456 509136 492457 479915 520912 491983 474792 430799 488132 481772 465559 463419 483643 444093 484253 473018 466921 471198 504361 480929 470503 505801 454802 457730 496264 499455 486115 512296 461040 472561 468990 531667 463491 487982 480805 509136 450928 519369 517614 469560 478877 473570 509613 446711 499892 514151 495691 474567 487516 477355 499948 517818 440417 482248 502550 473705 475608 464291 494407 473219 461734 443605 457486 460320 495223 495920 510452 464303 461337 472470 493608 481834 481666 470325 506222 480169 490818 494643 449787 540773 441221 474726 475287 526760 470591 505805 466985 481732 516376 468264 487513 460602 472839 427607 492452 507635 476164 506430 444993 465188 471449 507600 470291 541859 516725 461868 464672 487180 490171 498687 469600 505743 530138 465931 459985 473768 493645 500756 476837 491430 501977 463691 515280 461416 493639 473986 465617 460388 484295 479325 456819 529627 472115 482175 449314 465205 506498 455840 475946 532159 471868 478294 473603 491072 455608 447727 451778 502365 432662 434466 444458 470985 472239 460958 514703 496659 508653 480850 476685 474426 524019 465811 492787 475171 493803 504586 446039 508256 535047 457936 504570 470670 490671 489975 489707 
484251 479281 522870 524151 468347 531716 507770 477924 435727 509869 516698 486185 486584 502653 436074 471431 468979 491576 515439 456040 478008 478965 492866 528696 525190 482018 504518 482348 456527 543512 512164 493307 420221 482852 507485 482154 487897 488708 468221 494671 491585 498576 520440 521059 507612 466757 518672 506083 489392 514278 522083 492605 503712 473296 496566 465807 539362 472608 499395 495496 534104 480752 529518 524016 499733 483877 496669 499424 469451 520240 509201 506796 488437 493730 494619 499398 521161 466585 514154 468429 500819 488192 468484 517618 502812 492570 438592 477157 483836 521440 499813 515422 471608 480374 502266 489147 485658 497179 461952 507715 504984 492870 484536 443133 521995 487349 488296 457297 517389 510414 510400 478005 471570 542175 511126 495479 497782 489467 457888 496122 492594 476255 501747 456478 467116 486847 497769 450663 552828 506877 481263 478185 480652 504596 542842 467981 484631 526780 480877 494096 524301 508880 489347 450586 518411 525947 501100 533975 493625 492684 495802 474349 452751 484242 514207 479055 542696 495896 487988 463303 470408 525300 462313 467684 546395 495158 497124 520486 498392 493901 449876 460831 514639 458886 440587 467065 471186 484602 482319 517956 476504 499704 485610 499458 479529 541441 499246 533888 486107 493844 528961 491810 525250 516983 482573 514724 505730 504811 503326 503022 
495253 491511 506102 537156 486424 519847 511246 471350 468774 519438 534794 514641 500856 483286 446797 498117 485543 500727 549308 475673 469484 474478 494380 533617 530455 471298 536299 507841 504113 535947 523963 507036 437330 515538 508115 491967 509793 497253 461977 501284 512645 517901 500894 530069 513349 490505 527350 494969 510598 506614 509877 522591 528940 480208 495773 495801 563896 498798 510328 522700 545464 506380 554157 536430 470461 494603 511610 494223 451489 517485 545729 532767 504253 524004 519505 495137 556178 459003 514389 491933 479387 521071 466959 537556 514313 487935 455690 497933 489109 504127 505841 534913 491763 473625 510303 515638 509293 526695 481309 526881 517434 511893 522567 447352 537588 489940 519349 483016 554846 529024 511554 488994 503212 527353 531840 516496 516137 493596 478144 505901 533441 472480 508379 442998 460058 501336 524991 462008 550037 528448 485852 488655 485664 523975 548224 501338 504896 543843 495423 508595 533919 505793 489540 474488 498639 525046 503972 536278 504129 517721 500945 493706 473141 473450 521059 474388 538509 516650 501343 476161 495830 523185 473420 501184 573024 506727 502754 503857 518586 510670 455336 473465 536152 447210 471221 487018 494426 498189 515383 535456 491096 499381 518878 497823 513473 539294 493781 531031 500263 527337 528478 495001 533215 549932 488519 525191 494721 520042 481980 483978 
510786 493461 531009 555032 479990 521535 528565 513222 458464 534298 540617 528793 518236 503403 465581 497076 474296 502445 533257 467998 518817 476860 515980 522036 516936 458677 544461 494226 495967 532632 502025 507066 440058 518680 522189 486857 487073 499748 492141 504195 526563 496747 499808 510767 518880 456580 540492 490834 503922 509194 542116 519739 518218 475463 500720 471255 541595 503637 513085 502727 536420 499303 525957 525193 504781 519700 495618 517034 445874 500593 528273 521290 502574 522467 534563 511464 556148 457312 507853 488096 499308 510491 464567 517970 509235 502728 434017 498107 471161 515021 529445 521768 478164 495637 526251 521618 501468 517862 483035 506924 517173 508040 490717 459206 517716 464923 497983 456210 526630 514032 514162 474821 509175 537305 504559 506484 498665 515660 465598 519452 526501 476897 518757 470115 476811 498689 517122 469736 561638 521401 480436 475916 465646 521722 556759 494640 482604 522972 491388 499205 505323 510031 519522 461066 510710 515377 492754 529560 510574 513471 497654 482248 486347 491881 517581 476701 546769 514039 493149 479250 489638 527774 487829 498046 549912 489954 510814 502261 509810 502692 459811 469303 514823 478257 462922 467505 496826 495482 500015 518294 494618 522758 502975 475417 510280 541559 499977 521123 479019 508425 530705 521556 525965 537889 486383 555974 507708 503421 504992 498096 
518409 493859 520794 541181 505394 554881 534305 474470 475225 527777 531810 526880 517434 522657 473383 494087 508994 526139 537987 495174 508882 480572 532575 527172 523388 507569 546105 529867 494919 538583 534234 497387 453439 504114 518937 496753 489468 518667 504080 545305 513126 505783 534288 541552 535640 484616 528347 501428 524135 522954 555820 524426 519768 510592 510226 522046 591394 497046 529238 521916 536249 497609 562953 536247 529722 528405 525882 532697 470694 525887 537523 529992 514984 527261 526039 533449 549957 492859 502432 506605 514779 549534 480751 507189 508262 526525 459137 510835 495489 543460 501743 540239 490137 514702 525745 540334 505785 507939 504671 550525 529018 521000 509888 449351 537789 469795 541417 474884 549552 511081 508670 500802 517281 558130 522212 527734 526524 518136 493501 518895 548655 524398 531598 466809 496319 501881 551404 496501 572088 527904 507563 512622 500172 533855 563953 503410 517564 558092 509287 480748 540866 544103 499979 492702 541112 559354 504828 576750 511979 529358 521652 506776 483562 513446 528422 480389 564483 518931 495569 486981 516420 532795 496533 513835 552959 526763 507040 531425 507887 509127 471438 467972 547333 481296 439013 525190 501458 504543 512993 515680 499145 504127 499412 495456 520886 546029 499458 537235 534055 503869 563589 506859 544808 546948 512408 570769 477891 540106 524310 510052 
475631 453517 479697 471172 471842 504011 470758 448586 432324 500614 491329 475779 468340 468072 419957 453614 456182 455149 494077 447274 470353 439067 472815 490808 499933 459562 464782 480526 445233 503248 485588 448623 391849 476632 469541 467074 434998 450255 474177 447700 467317 498963 485698 468269 453194 444598 470225 456397 465130 478073 490564 454317 494623 440256 450408 448048 524739 455466 481122 467802 478391 440045 500008 511428 469045 459187 448450 484587 434619 491364 489239 475685 459944 481948 458630 458989 475372 457626 475495 437737 444847 471350 463964 455772 488177 464138 413116 465084 446555 475377 483975 480317 466960 459827 479126 474531 463737 481641 452579 476585 473431 482402 452317 448430 505108 460375 459388 441362 459680 482541 462800 440917 454878 500132 466001 465045 463173 479490 419003 456515 475257 448172 495341 409568 443166 469454 485083 411346 521138 488895 468479 444624 457575 477124 510432 434555 473477 507136 471069 465776 450310 475052 461010 476832 480243 475064 455347 476315 442993 506726 465742 440020 441714 454751 489408 427798 512187 453560 487714 463270 456401 491746 449782 465410 508619 487286 455455 453002 473213 459579 463780 460521 474995 429805 406807 458563 435379 455924 470392 501527 448529 467934 469695 442927 443814 504053 467535 481822 467756 454469 463271 470932 499665 493819 431757 479393 480015 473428 455519 459233 
521312 471369 522171 526736 486777 507329 503631 458586 446936 520310 538648 511028 477731 478777 449532 494935 482867 505127 523833 476549 481773 463821 500514 505558 507488 476342 517662 504797 492079 539497 492862 496708 442395 519977 508017 456541 463520 485162 471010 489543 497322 499731 487252 500902 479038 474806 515802 470641 472197 473760 494767 472253 512329 449124 487522 480875 548999 482654 484210 488071 511531 470019 537220 527334 487075 482658 478857 531747 445762 522359 509455 510341 496119 486357 488322 500185 551582 435698 507186 478978 484248 507222 471302 495887 484305 487966 440462 467299 461517 487902 495242 514328 500005 468672 487977 502369 487551 493371 473845 493416 513366 495379 502160 456389 529390 467489 463041 473808 509654 502886 489305 506592 482041 525338 477207 524768 490398 485739 462756 482058 507402 485323 514676 445911 487035 470165 495481 455277 542737 522120 473674 462725 479656 481889 526993 468435 505703 549579 476842 460602 494169 518878 504635 476719 501815 475032 504904 525162 477124 498826 498707 455720 466357 479929 493634 462091 529752 497504 495314 465584 510830 515752 456868 479323 518200 496553 493275 491321 507116 496954 454876 438585 522538 439913 437134 467711 482563 477261 497477 507499 477403 531283 507669 467056 482669 517419 473985 506404 476207 506246 496939 482696 514451 542095 472938 519278 464570 512029 476943 469481 
570100 523792 555866 555304 532437 562362 547615 518255 528069 562466 554985 560109 529027 526876 483537 524462 532364 542769 557289 492858 537557 478691 534423 555865 546269 516266 579416 525130 519811 556929 581858 512069 478922 537815 539170 528596 528558 525781 492810 514252 517710 534054 542234 552524 546463 509019 553082 531271 526080 520693 545497 522986 556034 516684 532185 524950 604266 515508 555353 521979 553602 506970 558380 582003 531293 539930 515646 546913 470379 554530 565580 554213 504325 540985 510763 521900 535700 491288 524156 510611 530405 561279 517239 534945 545992 505718 475908 530776 500306 535992 551221 536282 534181 509795 528149 543182 544588 547489 525376 537312 531726 547050 526850 484772 575351 490460 510155 519713 561982 517492 530316 505021 543749 574664 545354 553192 551107 528747 490119 539993 546958 526229 551289 498631 517833 539477 562822 484499 575256 571370 527867 524331 508352 555882 576700 527112 541117 560835 509334 504338 546502 551570 539782 506776 561251 541956 528636 552825 529133 563463 534220 517464 516199 514358 557000 491214 562473 535113 531790 493179 523927 557030 504934 537357 579160 525325 539995 556955 559247 500738 489947 525979 555731 488714 503375 494239 507207 525191 530122 545262 523693 533795 538358 516951 531856 563821 514891 573694 530220 548846 538169 523693 547073 567976 518472 586746 536591 525192 549991 514854 
507458 440383 473718 515190 459291 503183 477733 460048 411528 485751 502158 469597 478731 452266 428762 473470 462132 485284 503533 451079 471049 445076 472146 491105 513367 462908 497237 471696 474869 492954 487766 483698 408531 497973 492482 451323 460682 446367 470830 451067 477805 495338 480167 478053 487676 458863 492491 474746 490305 492607 494102 475692 498639 459526 479930 449359 511799 473381 478028 469184 495113 470985 526965 515105 479529 486770 464814 477015 427112 478663 522458 500601 480568 498005 471207 488892 511035 454974 489544 470006 473679 485664 448426 476142 504423 472681 438588 468560 446786 470358 477544 509448 470535 455767 472418 487665 484844 469653 454746 495698 484308 504077 476744 425855 515474 461334 486647 459896 497446 489726 474764 480578 468719 515201 474184 481407 446212 489431 464306 510611 498730 479089 484691 421159 480337 462049 486488 433107 527471 499262 469004 472833 460783 490888 537096 469141 482574 510830 468273 453827 465597 479893 484840 435098 494184 488384 479920 497687 459731 494361 485554 466181 465357 446460 466227 451316 521611 494076 484358 440534 489148 488036 455283 459942 518685 466711 447895 463221 474318 477198 451786 435525 482400 436052 426344 445524 461184 478549 497409 516192 457653 482343 469435 464006 462486 518557 475254 466166 458709 487829 507386 467681 500871 531717 457063 502322 474033 479790 467119 464922 
482978 501729 513653 513163 477851 510658 498320 468273 435403 524391 530666 478372 488180 461154 452557 483828 469458 484840 520569 458279 476808 476685 507706 505114 509870 475383 520952 511762 465201 517321 510168 474900 419691 485843 479700 472385 451470 475561 478453 471038 471419 479801 504212 502278 488113 481568 501471 477614 478218 483367 504495 484733 518732 470440 473324 490790 545460 490082 499315 500047 546716 460016 531724 529849 489994 484811 473545 496441 448353 512436 516541 503012 489919 493645 491032 503485 515212 447166 499072 476549 495384 492560 467066 478072 491052 436161 434009 457231 483628 490693 498340 502060 470752 467420 478325 496775 485094 488474 481496 501598 499900 494652 496725 443393 515693 453869 480528 462062 514905 492671 498866 485241 470297 527108 473053 514667 488301 499700 475574 490040 502551 474993 502047 479909 462520 487385 524304 460081 534201 510214 479703 495484 484908 518861 537137 473294 492491 522057 464926 448463 494403 494552 513522 488093 524580 486498 484513 513180 474776 502689 472802 472680 447561 473571 489473 445410 522144 490866 494689 453129 503063 505212 467004 454173 522514 493878 497955 493918 530147 450954 465503 460444 499896 441380 426156 443190 459556 476535 494943 526040 460574 501650 490027 475968 471543 525301 479119 521749 471492 510762 487101 477797 487573 544865 467742 512642 488743 491684 498056 483110 
483809 451827 477134 480425 443501 473090 457433 447317 421664 483358 502566 471603 454998 465966 420017 442965 443515 459554 492752 437707 437090 445995 461007 476069 481777 453071 511964 454656 434988 506434 474486 464816 412959 470119 459171 434336 459007 448816 455472 462527 451783 440660 453794 470555 467972 443749 475101 462986 422933 458260 497047 462906 473842 437987 435392 457637 526109 458053 480330 435894 496488 445828 480952 475286 452024 481845 432695 484677 423216 459909 472554 448831 474157 470622 465806 463279 488510 425896 488623 453711 466522 472930 416738 444561 467943 431687 414258 441216 451829 476296 470403 467051 454877 453977 471180 478831 456947 455906 448553 462171 485793 463726 470188 428873 491722 415227 446064 443867 501764 459789 481024 444198 428824 497539 460829 450767 461395 465464 428507 464834 499582 446027 467868 445625 442175 446069 491043 433258 512732 476512 438758 437322 447978 446819 481523 439123 454184 505373 464779 433181 455892 465047 477244 425005 473220 484459 437535 498852 453936 460589 436885 440192 448923 456786 471655 427358 519525 448677 462611 422773 470310 480699 446261 454049 497352 480733 454944 459021 468318 447540 439547 426488 492317 420668 414847 408492 457577 482026 442963 477574 453186 480253 457336 427923 456374 495081 452984 480816 462463 469381 455089 452879 493122 508189 418333 510225 463811 476962 451990 454493 
497177 477481 502004 513685 489231 517558 503633 472905 452286 524216 517785 511258 488649 481090 446605 486444 465657 475819 523778 466729 485627 460231 521466 514972 502539 468320 524444 508190 471369 518098 493597 517695 426954 494173 474567 465085 468197 485329 485374 472574 491685 494570 505344 521297 504911 471395 532975 484495 477221 490451 505902 485129 506942 451889 480842 473186 531946 498404 499320 474064 516425 474548 528931 547971 502187 480606 480532 515410 451421 512878 522085 492156 505258 505128 514261 486529 532415 470588 504468 493825 507290 525282 458953 513509 485515 492875 435394 479859 465152 505632 494595 500172 485589 497313 502390 503531 509600 481815 465482 512658 504729 512710 480798 451262 502318 443672 498627 474032 499625 489493 491311 483020 484315 538113 480555 476007 470122 503927 458765 503476 499353 496040 520851 450500 474104 490210 517145 458226 533211 521157 474996 469352 479110 495576 536577 479610 493803 499467 480556 483240 484914 496856 528297 489839 502233 513060 474147 510526 475561 511198 507129 473640 472234 482359 503451 487902 527576 470716 508698 460062 485775 514273 447749 486815 551718 511101 493573 481498 508270 477470 451710 479742 519255 475894 444051 444009 499063 491092 503910 509779 476036 500919 495401 457074 479168 536470 482295 506882 488099 500911 485210 484579 525439 503556 477408 522402 484233 507510 491483 488214 
471171 439012 485774 468919 452737 499590 447912 430804 424747 487110 461052 463879 446531 455278 413321 472938 451577 461564 485944 411440 439789 430978 478356 489755 478931 439645 469006 456849 441764 474825 463855 441092 406715 460976 445729 453347 460271 449591 427352 459973 482816 463567 490545 473432 466797 429735 498485 464319 450813 449716 463091 447533 488741 449334 462532 452220 502207 449458 447651 477598 471900 427635 502584 495939 454578 457231 463066 464898 427778 477800 496664 472291 457818 478576 465162 446941 503789 433029 438086 458639 455671 473755 452921 465062 464466 447318 415863 456508 429776 473741 467296 483529 473803 462523 457019 464138 463171 449727 437143 488195 468400 462134 462931 409140 502103 414289 459778 453991 495819 479303 482870 445254 471840 478414 454035 481356 472811 463064 428345 452895 462218 448327 478732 414642 447297 465044 488640 424391 534984 484996 462869 439766 444403 475278 512296 434699 476211 477553 473241 436827 455766 474943 469357 440954 483248 477296 454603 481971 447714 485677 455885 444989 443235 448295 475488 447240 487266 436222 457754 456345 443571 495129 439284 434993 498303 462055 461213 468673 473464 420274 437823 461371 465575 412567 406273 437311 426279 447650 444366 485190 434921 473556 453749 459205 443364 510353 444882 496544 459470 465165 487148 434266 503356 493768 440984 481107 450657 485208 481149 449265 
505879 476024 501652 518495 497016 530599 503964 459454 445296 506001 515131 509002 512263 467967 447396 458207 493851 472699 533198 452878 514321 463917 490616 509443 505857 473706 514059 475978 439385 514406 474919 498582 424996 496608 503794 470263 466916 465453 472108 480554 475467 496641 519049 507574 492491 448777 504843 448275 499191 505307 531248 481492 502086 464606 486130 489793 535850 484947 490435 471291 523943 467879 538081 513750 481092 488433 501557 490810 447971 512309 511564 500824 484303 497443 489188 472918 518430 472880 498401 461831 495378 479634 473624 495598 508626 480262 414700 480570 482657 508628 513692 490209 463425 478822 486465 521553 504146 481365 479214 513143 488800 496125 482463 439244 503423 447315 476516 446987 518304 523479 476283 458187 468914 522210 485576 486047 482002 482658 441118 482059 511407 488564 509482 466190 464678 493032 504574 438470 548941 498558 483052 472279 454149 480675 527913 482449 488508 522215 470100 469127 482210 507682 482112 493606 499437 508982 494562 535144 481782 499665 490101 465851 464310 466489 497182 466930 538047 490120 466366 456410 475410 507081 472279 476949 535315 494042 470899 491798 476528 478416 476235 446383 514193 453908 432235 464117 489070 490846 506568 497000 476553 497695 486738 459706 456219 523381 509278 512841 482891 479292 499948 492231 523158 485742 477966 533382 495709 505700 508811 481656 
469163 464466 494012 490081 457664 502458 489723 460785 430244 512170 507344 471103 470600 481083 422668 447724 464744 483159 484680 431563 460973 460913 499557 492901 473618 455512 517566 484119 466358 504636 473420 462296 387128 463182 507241 466452 451812 481569 471944 464778 481099 473805 468232 493639 488051 456072 496949 481773 473722 477007 469040 480190 500744 440595 503044 484035 514793 461502 483360 508476 504700 451333 516052 512828 477077 460382 488190 495149 438980 480694 506528 526142 464486 496823 489167 498090 488336 450750 477110 474365 490613 497506 441545 480671 488372 467048 430039 471527 468103 502556 476286 491616 469209 454340 472729 485990 482593 460150 464519 498187 500290 494110 475508 428166 487998 421875 450717 461939 503542 479254 467754 461160 469040 500224 492574 511997 464060 494521 455553 489905 491896 488538 477859 434374 462700 472734 494961 433984 545186 498675 455207 470533 472216 494022 533019 469687 457330 508992 469365 463685 497961 497059 479676 443838 507793 492726 487593 487259 473263 504667 479029 457979 436937 450591 483973 447771 524890 488625 455079 458353 466482 490692 461516 475207 508999 466596 482338 487721 488757 453413 442021 447350 495702 443678 411993 451916 446524 467047 471149 506129 458785 481390 473257 462922 464120 512455 464024 484150 482681 507526 498613 487987 504290 510146 465065 511688 473797 487686 489041 472337 
510085 469580 472352 502330 452894 511960 482257 450218 446208 485482 494515 476985 447335 456903 432159 463816 463821 457948 489200 431885 467723 457064 469566 496301 491649 443024 490479 481995 433149 513551 476644 434504 414426 472984 455831 447455 447271 464810 467912 466548 465484 483714 493168 481892 465308 437827 484040 449632 467669 470062 514448 458829 487272 453355 465235 453961 519845 465956 495488 487368 497799 457651 519439 504040 460066 478751 457097 470254 443737 473860 494061 473065 469286 502592 453162 471613 503944 429299 476179 454535 458522 475475 447717 465408 486953 458600 426031 460363 463609 490700 492777 475727 455805 471864 448573 488466 469140 486862 425862 502487 466740 487421 470825 445602 503705 425492 467494 443697 470904 481279 485583 426708 469456 480584 464253 483333 462401 459652 407351 460382 488447 454066 497168 442430 436274 466477 480245 421842 502293 498606 456710 465446 467410 480551 500403 466471 456574 528262 442969 446556 495138 493751 466413 457282 491429 492218 451089 489438 443381 481043 482029 432895 431547 444404 491408 434621 508832 470969 472342 460185 463002 506382 453790 478513 497565 465055 453584 480518 466285 467240 432585 430168 492698 420183 430559 454082 454723 457159 467084 480097 476101 469302 474658 451164 448895 490483 464936 485190 477943 475435 489708 467647 474171 515100 445892 515934 466402 463675 461524 480392 
510027 510017 511632 524216 508621 545978 521850 480918 462309 527942 535938 494298 477537 492944 440981 504406 499580 496397 554146 457864 514774 478612 508283 507105 533095 490959 510764 494346 497991 536342 524743 504849 414865 500006 507317 489152 453690 486146 504568 510479 497372 538425 518635 517517 506767 488079 516594 476726 495014 507165 524553 524806 523568 463852 505645 480133 548210 494623 513174 519565 521350 486020 547451 529769 497066 520272 486524 535242 467789 541111 536380 500362 511911 506657 503744 527838 530240 456672 514472 487651 505857 527034 500727 539271 527164 492210 453127 486719 489256 509129 521416 508376 493732 482473 515831 506809 497796 503391 497403 528000 519779 514589 485503 476559 529409 469216 485281 461121 538644 516304 505624 489454 492694 551011 508023 508007 498765 496831 452015 503152 530773 488835 528062 468170 487525 517794 524368 466624 568760 556177 477685 480153 475843 528087 552064 484626 534860 547490 491714 487910 524420 521632 527599 493398 527570 539363 494191 539589 476041 500862 506126 469029 454129 477663 526212 487508 541161 498455 504165 481870 490024 544560 491991 491136 536942 497201 513755 523216 500521 495557 468732 463815 502147 445184 442325 498858 480004 490440 495202 515030 488374 497413 481003 474876 491278 535647 511617 521976 515154 487702 525939 487399 525512 540606 491029 549410 487724 527631 517061 498181 
476717 445893 477535 490109 482909 482283 468331 456999 433201 499608 503431 487489 483715 457478 421161 460333 473600 486791 510309 447203 468035 448433 490740 483511 485691 444438 476898 450668 468132 515957 481381 462440 420229 452159 482059 445660 445748 440707 462941 483864 469009 508700 477675 517275 490946 451894 499228 460385 453847 464461 481582 473140 507235 433931 479571 438302 525242 453179 468330 472664 504288 483523 516662 500691 465279 475425 457870 482788 431693 494649 501372 478878 456630 487784 454454 484619 513066 447770 485585 463757 474026 508216 442804 475972 462195 463635 443513 459126 437662 478820 484815 491748 463790 453117 485421 479751 462965 450959 449575 502760 494904 483910 449273 420492 483842 444960 482195 439057 502733 484775 455820 465653 466271 516824 483029 495528 470915 490975 429194 474379 498754 443568 502902 422325 484224 476496 482867 435040 526517 514799 469573 466580 464371 479219 493173 476772 485634 502511 458334 458160 470084 471205 470309 444325 519027 482114 471798 498874 456425 467115 486673 466228 456349 462301 494573 432313 492651 461776 443056 462797 473317 518584 441979 476852 503685 465786 478013 485842 467781 459568 422935 446298 522792 412699 424124 480915 450293 458616 468028 490650 448117 489275 456905 470758 468664 509679 479312 500069 460246 480654 467047 452732 498961 483823 456842 515012 467833 486272 462740 473821 
524641 507213 563301 532928 503675 540254 541949 502491 478205 542631 534248 539768 507464 496745 450483 488013 501967 523686 534049 488823 506693 486655 538446 534751 522861 501308 531111 508788 512953 518941 538241 512084 441497 507599 499098 492968 491452 504428 477578 507100 494917 519373 523321 537811 542415 515164 539847 510119 495836 520260 534586 502616 538603 470796 526142 495475 551911 486758 505295 532089 548053 492980 544700 542689 505286 532687 499932 531748 455183 505885 538395 525632 517508 508769 504494 506323 532968 492624 506223 494677 505669 538614 496429 510920 520161 473762 465341 516451 477313 529611 534310 507236 508039 500835 505488 494136 505828 493363 499183 537630 523608 511935 512180 474908 549218 472194 513603 498579 541119 514227 506333 493141 514669 539370 513840 558300 510712 528890 482944 515916 526388 516299 528291 484394 498557 541259 538668 477552 549787 547723 512465 505735 485055 520202 550282 486503 517597 552135 505771 488919 507603 525110 518134 461359 525963 533484 529186 533160 494835 507050 540198 481643 484305 491820 514960 474832 562298 508606 484497 480398 518344 542542 482561 507202 555283 502439 487268 521831 530962 516049 483337 483997 534986 454561 471707 496529 483931 501217 504018 527304 487217 526624 513999 495524 491856 565532 514741 512664 496819 507449 524428 505368 561352 530656 497109 535127 518375 520485 501744 497205 
489574 492403 511138 518109 488833 511143 497982 492432 456854 529502 528216 529474 491486 497018 437827 486723 477948 500925 528615 448792 487377 462724 496809 508152 491517 463456 551001 496729 480871 521033 513687 482070 432769 484689 482675 486752 479786 485586 474677 501209 495923 492053 508441 513959 506254 450021 523984 466955 490954 508649 507450 514578 514386 480892 515629 489995 545836 471262 502919 500798 535042 463156 542387 555745 482048 494247 486483 498384 460618 504270 520066 519179 477691 519631 490172 493549 532919 476624 507262 502594 525145 522135 477656 486732 493645 466201 429589 488512 489743 508860 520532 514963 493144 503058 497960 494801 489869 484662 480724 504534 512390 473045 490796 452414 526078 464074 483021 488949 528762 490704 505039 474968 478688 539627 512551 505850 478561 488295 457974 501379 507368 488249 497150 442897 468337 485362 498589 462170 555448 506015 489379 479094 484793 491579 535577 491923 504642 515589 489390 460888 477790 498076 505395 476973 514436 479984 490058 529050 493976 510215 507141 487979 456963 470704 502872 461306 549854 484127 473633 470139 494119 545219 463246 487665 525513 491585 486970 503342 507359 506517 443786 454434 525078 448727 433888 466449 479838 488113 490367 511034 494675 515965 488034 473846 480395 532655 495155 505812 501250 510589 493530 501230 508837 529313 471204 526356 495884 499474 503575 476333 
501487 490133 518960 525282 482348 520371 497022 477400 460512 516985 521141 486327 498375 492182 458051 477561 490759 500429 541104 459097 501830 464430 529366 516118 537539 480546 535752 529742 478534 527303 511537 474773 425280 495273 492583 464489 479483 516344 495954 499941 508714 505394 521176 524001 517294 493494 534437 483642 510504 502116 527456 514699 529939 475733 493867 493767 554937 484395 496374 477704 530907 493856 537671 528415 495679 498255 500210 518404 467346 525177 540979 529586 493022 519398 494194 500429 523940 461607 514250 480346 492164 510681 486124 504982 495975 472520 439529 493667 486459 527517 504616 529355 487193 489407 501136 525604 495631 512747 480178 518547 505337 520295 493937 454285 534810 453350 485516 474352 541806 520926 515091 462556 498107 543178 516484 513842 500504 504406 453687 514463 547690 477279 513831 472480 478774 500418 520579 430483 546957 530455 498244 500870 493952 512130 555275 477067 504969 522489 494800 492467 509328 519466 528331 472137 515888 501344 487423 530009 491195 508788 500471 469362 474168 461873 497605 470907 526319 495607 489968 476247 475835 540599 483785 482198 529026 480231 489147 508602 498178 474175 460632 453401 510823 450918 455726 481208 463333 503320 497896 511215 485228 502462 502420 483509 491284 528549 514290 536690 506221 516778 509695 490511 546144 536407 480110 552336 481254 502943 504246 518216 
512715 475322 525673 529749 491949 528158 496134 520673 478327 524752 532769 515570 479083 498697 443767 501949 486071 498137 535460 474403 487439 471581 527994 539612 516172 492162 516444 520553 482586 543310 529035 491202 462517 494254 493889 509876 495391 505518 487513 496452 508821 493545 499729 525552 529769 480737 505688 481112 522588 503399 521102 498647 536663 495249 487513 502507 578813 475115 516528 498692 544191 498212 561040 548366 510801 517264 503913 518719 447683 533731 510750 509599 505702 534991 497843 510760 523808 461237 499230 493061 495317 513137 469370 527505 510507 500898 470214 514551 498747 522162 512423 498923 483506 497410 488942 519017 508953 509850 491230 512565 507837 496801 502929 459588 553538 463668 504115 475844 519791 502559 527391 463191 510799 544826 509419 516937 508424 508673 479579 507034 533172 495878 519452 465512 466255 492940 518557 471456 574335 524275 508912 503996 514583 527205 543913 469555 509009 547479 490172 473935 510029 533492 518467 505171 548660 512531 506902 534604 485292 529825 496458 498933 485061 487185 520454 469237 526143 510587 511920 475085 495311 534591 501423 510172 550303 504271 519117 519092 518342 497533 470629 466855 540733 479542 456493 468572 493000 486970 505457 533219 489372 500194 489230 492273 482314 538158 497090 540134 498706 496813 511647 503980 510777 531684 483877 539170 494919 519101 512689 516939 
510927 493407 512736 541973 497290 522625 519250 471858 458021 524708 536302 537422 505394 519320 463163 485480 473675 492579 541306 475109 519953 463557 516598 515231 540350 490780 523085 512796 507042 541730 504725 473838 448213 514477 509232 483437 467707 516208 468642 503484 514155 526552 514348 515056 514082 470471 521243 493687 495948 514966 510922 496594 528285 482370 517091 478149 561610 473224 504539 508580 552169 466727 531019 556079 510150 506955 495963 508015 449215 501954 537341 516342 502184 507326 506657 497575 541170 480875 494002 499088 506013 527920 486422 502920 528201 485808 446983 508582 478379 505207 534235 535857 497775 481746 499292 503577 486543 483198 491169 522236 524729 519956 498862 435210 544005 483136 505248 469806 529159 506627 484167 480410 484786 535499 497982 508535 498149 516413 444751 520455 525475 493771 533929 455768 477456 514706 534600 480037 566817 535613 482040 516740 482694 522000 551098 504769 521699 546228 493631 468433 516620 524807 505569 478464 506545 537199 491318 552884 485833 505378 522897 488003 442822 488463 498352 473602 526447 515099 498447 472043 514144 529171 465099 500405 530680 522336 478194 526995 524535 505380 476161 462489 518148 473446 472672 482252 477847 492564 516345 520468 472269 518756 493049 465198 501962 548271 514228 506149 497783 514594 525126 490741 519921 534877 494809 540395 494162 504639 507667 469014 
522541 483558 531763 531084 504216 538804 498282 489545 466397 524104 552159 522034 513177 510109 440562 495329 502241 518500 520853 502212 495579 491695 510562 517976 540611 481306 534799 535567 508918 511900 522098 509235 425737 519626 489958 492116 488367 496680 501445 511804 517319 518699 518798 519702 509105 462152 546687 478505 517933 515485 535161 513949 524382 486581 506974 503311 566271 501374 522235 528542 541395 500903 544122 536718 486144 501868 508296 539190 488772 503056 549919 538790 498184 510343 524580 511963 554768 488562 536100 521137 528931 518022 490591 498782 506975 502551 460828 489148 476679 516045 526296 539494 490685 499478 523833 534884 511033 523899 483604 527014 552787 528133 514106 471158 559406 482692 497860 482250 528355 513714 517115 496410 512774 556103 508223 535483 511305 523281 503096 525593 534378 500055 504431 467608 492192 495389 556149 463072 551827 519047 504641 482612 497727 527346 542340 507609 492800 555172 514135 507143 502887 536347 506277 482932 536921 508496 497053 524949 491200 525167 536960 502753 488592 495272 539097 465579 550800 518078 518943 472764 515282 538299 504804 493050 537430 523296 526036 530322 528401 491001 476864 474968 541504 488952 458364 497970 492864 505558 505023 538132 476331 520725 509536 481070 525815 558817 491614 503397 502526 532681 519408 506485 528677 542285 492837 537328 505607 510100 511646 515418 
505191 493580 525164 503366 474638 516734 509243 465636 450553 512790 500169 503067 473559 496783 446658 475687 458260 474625 521616 433166 475984 460137 490691 490343 503677 455165 507994 492418 452048 521812 515374 464901 427335 486516 490392 489447 476130 492471 467314 476955 478077 502881 517964 505188 519321 478108 508228 467346 461542 498049 497685 483483 509872 455797 489017 481683 578512 471717 493003 475951 497079 464507 533206 520217 458921 499159 467018 498976 456051 490359 510837 473673 474264 494760 483783 472622 506626 454472 510583 478219 505691 513405 455248 483770 507371 485237 418944 479093 466299 503858 508354 485914 477051 472942 488398 497520 499091 485319 473328 529635 495439 498532 476657 447295 511344 441771 483032 458841 507043 516637 489353 452447 496361 539461 470028 494618 474309 486160 445154 505544 492531 464332 503929 469256 467622 488495 530022 444852 533074 507547 490216 447785 487497 499745 535712 470740 508069 510285 474643 467404 504631 511120 499614 465498 524078 502710 503045 527503 478365 498886 481327 468256 454859 464847 514343 470839 560584 495932 480420 455416 476668 516177 471634 488805 523645 481599 488235 505098 498843 465998 444713 436399 498333 445569 446746 452760 466774 477894 494397 504809 481130 495640 482169 487164 473749 530759 494094 524191 483177 472699 493434 486615 505413 522145 473266 513118 488133 474485 491724 485064 
498748 471854 498854 531507 490600 533332 501235 465640 450260 513871 504498 499554 496600 506593 446570 483772 483840 508913 506864 467058 493471 490109 513137 514784 530012 497497 511044 503997 479342 536475 499745 496794 434236 522590 506861 466938 470318 491589 480395 508988 494671 492436 512483 504903 506405 478600 516648 492830 479218 510647 521897 486248 507702 465833 504509 475150 551634 485249 505272 492050 522798 501972 529521 526171 485586 504915 492366 524261 441627 501334 520581 506338 524992 486393 500333 493759 531404 478590 491909 495731 493478 516379 489437 518418 473032 494453 464742 494978 494095 507821 515255 530563 494844 485563 523577 510769 490094 501432 482331 525395 492414 488924 497827 470501 533084 465516 495059 485875 535107 500329 503505 482045 479922 535602 496057 521718 496500 491750 449222 509271 514303 480991 523535 450457 462981 499228 518179 452246 542973 529355 491941 488267 470666 504203 540593 476998 507763 545679 478065 492492 505871 529707 493506 473833 506792 503405 472742 515564 494450 504880 488371 475487 468156 481472 496858 485051 545482 498244 481340 470400 491726 518107 485271 483455 527872 506363 499799 516103 514798 487830 478013 452939 519215 455922 436837 481701 480125 501059 490728 516306 477544 530916 516627 488288 489243 536747 502112 508653 484720 508822 521419 474239 517283 534477 475813 534538 480825 512329 501872 485169 
483279 490845 505781 550297 477221 512629 517613 490404 455772 541139 526623 498182 499294 502017 438226 500235 473161 500211 511660 460516 512082 458758 520030 532576 529704 478051 515765 519446 493683 524234 498410 480344 440179 496299 501942 479383 489773 490051 463095 501132 515680 516908 507312 501666 504196 486187 521941 490788 471899 507288 504572 475449 518090 463511 504496 460352 542191 467371 498408 497772 506667 460258 517493 535837 505047 504635 490086 500271 439111 476937 518522 496953 495926 521301 501986 474382 547202 465443 503614 509844 489169 505849 459865 507824 504838 487154 447210 494363 465325 516823 503813 528443 495590 491261 498910 498165 481031 482316 490494 506189 479270 490181 501961 450969 512031 444445 487946 478075 516248 498091 485681 462578 486615 540363 483852 495379 494830 498588 455853 501196 499236 456539 506181 436670 469426 485773 491900 449680 535526 510876 490069 492962 480839 496553 564670 479425 490299 520732 507649 495291 499215 496812 505634 468715 492841 527804 511345 548496 491012 526285 479793 466448 462671 476497 510462 487995 540235 477942 494010 478654 497183 532933 448595 480802 535060 499491 477103 493864 523703 488114 459809 480501 513035 458889 443589 468831 465591 470939 476166 513184 474665 499885 478937 481144 462496 540790 492585 508967 484646 490563 507611 509969 505931 528096 486353 507700 489039 509630 497601 475772 
512527 493211 553824 562369 518448 544809 539808 507154 496627 560307 539908 538604 524636 517151 476124 512212 500582 542757 538826 489739 491189 491431 538205 528718 551947 504355 529947 522582 504472 542778 524076 512374 460309 517940 494507 516517 492778 515594 492312 520621 544142 536906 516986 548131 535866 498606 550335 525921 532651 520123 550369 530464 555212 496820 531991 520279 555709 496078 550633 519180 545539 518225 559129 561270 508680 523844 505602 511016 485117 529157 575747 539503 524861 521188 519254 519684 556337 482448 542833 514122 530568 534539 505197 513315 510653 502725 472520 508588 499301 540920 543259 535293 526624 499778 537984 524984 534293 497763 500648 524878 552338 537693 522433 457139 544748 477906 536562 507211 545452 533007 555035 479806 500840 561654 518582 551500 530769 544773 488787 494430 542519 523804 536125 459622 515176 507369 534539 467865 599548 550270 517517 509117 506617 559820 553913 511255 517713 559892 517264 481129 502757 515277 518341 490228 537103 558120 508694 546826 506861 528036 529174 515629 495645 503426 534114 470509 546506 496409 525874 483501 532348 540016 460194 516744 547537 518203 521221 541764 529338 507445 478768 495147 556857 460253 464412 503827 493166 505414 507113 535800 513569 495551 528732 497268 516182 544338 519773 535460 522768 510103 547096 508284 541563 556564 511551 551441 502207 547309 534764 516511 
536982 488018 520436 539140 500762 533137 511449 494050 460832 520096 533193 524963 508073 505125 441837 498741 516085 508176 543990 475251 512803 463594 514343 526595 512318 496318 556655 514411 498885 550488 520223 482174 461215 515750 502453 453213 477717 506811 478070 509632 511985 506239 526320 512312 508208 482636 509018 503315 516339 517079 515733 493085 535154 478492 517273 475322 555442 474259 516184 512212 520763 499003 547934 534437 516055 511032 501875 523668 452290 515103 525273 498580 528876 519265 502862 482411 552271 454784 513415 476309 491212 538564 488820 501226 518066 494096 431840 486466 475086 513626 523118 524229 492423 487627 496312 513343 507089 505282 485883 529878 502992 510201 523171 456285 532190 475843 500911 488520 533798 509479 502165 468650 489604 527505 504153 511047 507226 507666 464666 491177 512107 476185 516645 472872 469064 507429 511871 475895 559272 537235 496141 487918 476944 506768 571756 488759 505049 533572 493010 468505 495816 538577 485959 466635 529023 512621 489728 545884 486816 504242 493464 496671 478405 483989 502668 466105 550122 504616 503144 501829 502076 540216 473265 494962 528671 508317 484035 516065 506819 506861 469331 461562 516095 460006 467104 483816 479420 506755 478011 509984 495137 534683 513454 493397 498446 541584 503453 530909 499069 504554 517470 498202 522949 542309 481784 550964 506809 515220 499718 486238 
510648 493333 524716 542243 483253 524491 508056 505201 463124 540971 529666 510092 496549 487729 453316 513139 486524 510697 532921 483475 495310 485164 498264 505182 541357 480104 514711 522281 481217 525759 504969 505211 435163 506629 492225 487643 481569 504409 482928 483495 522884 500741 505990 516445 516466 469054 521366 477352 481833 491567 513815 490065 512305 460705 501228 482815 548988 488424 499687 481931 534523 500033 543237 535315 508669 507430 491354 523873 453651 518239 525692 523888 534781 521348 515200 504283 516532 478827 500144 509213 506314 528755 480660 485080 494894 512306 459072 504244 485216 522288 517469 520072 519224 477958 504664 529439 507581 487007 478528 516864 502630 495439 484745 443894 544516 489497 505256 466898 542886 513908 505066 492611 489202 533778 513250 513721 494780 510979 457810 510397 516623 476097 498508 434000 486155 492662 518181 489397 560635 536419 491415 491181 478493 513220 568936 502427 515352 540138 482536 477984 516156 518911 492097 501789 516739 511790 506386 517784 497483 513416 515005 478000 477050 495286 523894 473760 559355 497167 498023 500308 502641 532693 474666 507821 525430 506772 512517 514169 509771 507947 467657 480711 520247 466217 451157 482922 485465 488980 501842 524557 473611 505714 501979 465896 498652 518995 472632 497287 507777 513627 504801 499969 508202 511392 479239 537299 497010 519533 499567 492136 
471231 467520 516457 494923 476147 484014 486978 466571 446804 504353 502608 495730 496983 468389 437528 468560 470720 491073 522786 451033 464458 461165 476407 508789 484402 456797 518453 463495 467004 514917 487238 477125 408459 472665 476758 445400 476730 457784 483757 493996 473882 478326 488116 498558 467864 453715 506674 474379 464771 491585 529445 479964 485860 461539 467491 464936 535742 457418 499324 465127 527763 472047 493682 484222 463187 493679 489494 492716 444369 484149 502240 484625 472038 495529 480086 485555 484113 447002 497637 472248 467917 492760 446561 481873 493767 431074 433880 460134 472018 520364 506279 495322 468449 440736 477798 490560 469489 485850 455323 502184 510942 486918 456784 411212 525393 437263 478680 456189 503531 490951 504214 460103 475681 503965 505807 477687 472101 492554 464361 495832 498438 487645 497548 435313 447714 499833 500779 458193 521252 497851 467350 468115 456510 489452 498224 468373 460740 518492 460151 463408 518145 502113 480140 444583 502765 498723 486273 501883 488015 474606 494540 466492 470419 456270 485318 441214 536792 494344 473745 450676 472738 517339 425884 454182 514550 494282 474950 503223 511157 458664 435682 442809 495704 443964 453159 463403 473896 501328 472233 495013 454620 472649 498270 460291 464665 510273 466049 514360 457554 480161 486445 464949 491609 509078 458068 524768 485295 493137 487279 468440 
486385 456160 464888 483429 484703 489667 476422 456009 448879 503428 483764 470814 460788 454710 411139 465806 489782 505260 489445 453527 482270 415752 470133 494247 470470 468908 489017 466340 455618 501904 497970 464264 398898 478659 457227 447883 468002 446234 456272 472760 472169 487574 468794 489830 481288 450406 476322 453843 480955 447805 480787 463264 484524 442312 480227 467778 517991 446294 478738 463894 492644 461213 501154 478636 461542 477984 471293 484318 437201 495713 527335 492466 469316 455864 472114 469311 492650 456294 481238 461564 467733 504077 464255 470324 469237 446537 426266 454542 460722 494861 468003 491538 472847 462088 472874 490080 455858 451122 452042 484480 458229 486571 475992 422437 502480 424361 460571 442031 491811 483960 477206 453787 450031 508196 472395 493944 456472 468180 443728 465200 496510 471412 490035 442683 477846 473980 485695 412260 503996 497097 454035 465664 471281 488803 522371 448428 490737 522515 459072 457500 481920 488662 452699 438017 516001 478265 478942 498894 455758 481312 485594 443514 468555 448496 483078 439296 523047 471608 459813 448133 473693 493815 444612 445471 513638 467816 465999 447825 476276 436830 424871 434666 500850 413595 423016 460337 410980 471669 466320 490280 468491 469230 445352 456145 459632 493799 448857 505296 480917 475444 483019 480898 484766 497270 465102 497734 460991 497746 469498 471145 
511643 499023 512513 531144 482896 517496 505107 495645 476197 542773 545883 489849 502719 476461 471996 487966 492247 507365 535048 469740 495289 490987 498802 532464 547004 491320 519873 519729 467124 520492 532819 522426 430251 503187 502730 474723 481579 479489 494880 505517 503830 501776 517973 516744 510532 477803 538466 487096 503017 499482 532216 490300 514878 471059 504722 473637 534579 500884 499630 487797 564245 482891 535288 515367 511101 505686 492099 529265 477247 523330 532043 523686 483221 503060 499738 504973 520042 467723 507535 466018 493430 509148 473965 500512 507929 459240 440309 503318 508302 527323 497164 500103 501751 491349 513475 520716 508088 517188 483656 525830 523045 523105 497048 455157 523014 459470 491301 465897 527522 514784 516240 480069 468474 527284 502368 523394 487973 517177 462997 503175 534067 497782 509614 470705 476281 481438 513560 439521 538012 528402 467267 485390 471150 504859 557422 478016 508534 534954 495854 482755 508493 518291 493761 481783 525438 505197 511558 531359 474817 512661 502786 469683 478494 478143 517573 484543 531488 522436 484153 476083 493058 522284 467666 494758 538199 497923 502728 498524 530936 500068 472735 458344 517746 453351 456786 471552 478687 506004 502144 524464 474440 513456 513151 476597 486598 515697 504783 527194 500820 508505 520203 501020 530748 543798 461154 533069 497200 516765 496453 490380 
454945 439802 468072 453422 438163 494204 482731 454970 411578 479650 491946 468690 446916 457172 406450 464822 444744 447963 484262 416585 473522 429942 477276 475564 480728 458252 481093 472928 456641 489140 471103 443231 410676 430484 431616 430891 446311 471501 442336 469260 459073 472166 486102 484224 476997 444940 475547 460164 471152 475471 482175 469294 466789 439471 461084 452180 512826 432169 472391 463793 478915 451510 500060 477415 451748 446812 448048 465695 420266 467570 473370 479590 477267 485925 452121 486579 485263 428032 474463 466544 470228 491256 456148 481734 458287 466258 415943 465919 427378 475883 460290 468938 432377 454109 464621 460546 476136 458251 446994 486034 467742 484695 450452 416326 489807 436675 478151 460033 473173 468584 471143 443062 456226 512053 450700 443806 468415 448722 415815 439730 476288 453774 489340 420166 434119 435138 459546 430778 509777 473865 449546 460430 452501 489860 481219 446461 461928 495083 455282 437228 454236 474809 484858 442853 468510 474488 464496 487339 445808 447509 456732 446952 417216 447250 459470 459924 467980 448886 478488 442430 464087 486024 453431 439116 488511 452807 448670 476782 474241 457511 418665 428341 487047 410459 413051 435949 442503 439683 465960 478851 453545 463150 438643 455025 437461 491192 463100 483351 465841 452874 486546 437845 479777 499113 453149 491372 440510 447718 475015 467481 
538321 503061 521310 535580 505458 523188 524877 492828 467936 529588 526900 526284 509792 504845 471100 505456 502367 499282 545739 499798 493124 476295 505235 539647 512423 513765 535732 528309 499247 526817 520276 503318 444659 503562 509997 495988 491279 510559 511641 504746 500292 518325 525376 523015 510501 501893 538459 494638 505337 509457 518098 494900 540596 481738 497048 487380 582732 506523 513071 498184 538584 485403 543066 547550 509550 508626 499539 525920 485128 521634 533159 510267 515238 520701 515445 512905 529036 502802 505127 492831 507738 523507 498794 511321 507261 510341 454208 511883 479915 514754 490322 520982 503159 517533 525112 532454 529920 505902 500870 541256 495733 517596 494799 466932 517268 459901 506081 473085 536652 521039 504733 479469 512839 563362 498641 503670 484222 527446 484783 529080 528699 516785 531045 467910 486210 507280 530463 476963 559433 544456 509933 504544 505451 535871 552494 487942 505606 550657 518546 510962 500323 529410 542074 491158 531114 521238 474473 544288 494264 524210 509021 496994 472510 480213 515591 489032 548701 507250 504118 487130 504676 532402 492593 503747 547688 508001 500945 496994 495745 480316 478959 471548 541626 489188 445343 485820 495484 512102 509619 527221 485805 517553 525003 480777 526569 526863 497573 537974 508146 504411 522572 505429 538522 539446 499124 530012 493790 540074 505223 498526 
465021 461921 491110 509829 483136 508337 493497 461492 449035 499604 498431 515296 475520 479611 421073 454502 468550 494795 511221 443284 460836 459784 484364 495605 504943 462926 509351 497326 483676 507791 500226 477796 429045 478695 458251 463096 477242 459697 468684 483442 471968 492736 483896 520175 484663 462064 503882 470741 474231 501103 493972 484405 516225 453745 462233 477071 550613 477659 492751 464810 512820 474285 501609 512365 482439 492821 477148 458757 426612 501313 516744 474009 474343 491242 491454 485741 519169 440974 495326 476300 476451 510905 470655 481069 487395 474482 425294 450484 465353 498699 482401 474700 473458 462608 499424 487564 468541 474020 467755 497641 483124 485762 480137 430833 492182 460713 484103 454653 539673 492006 493259 476184 476610 513845 454548 469224 485132 481903 459151 499208 510324 479917 497479 424861 478916 493095 504370 470354 525831 530723 473048 465557 479606 500049 519541 460014 490800 506656 451072 456510 511151 492729 496788 461115 498220 515428 468640 504808 485733 489939 479433 477095 459630 482540 478117 449897 538121 469002 475931 453888 492392 512466 462419 460994 527972 491440 469627 471479 503344 466082 436016 463169 500537 421212 440183 451291 484013 485551 454908 516499 473920 480565 491446 456628 454564 513659 471785 493294 453432 485930 490346 460904 492076 530342 469069 514627 469113 515611 485208 469284 
497144 456112 498689 508648 451617 512793 477565 466923 452606 529376 505364 492999 484508 480941 427648 485416 487603 487861 503456 441858 493380 435241 495362 507547 512953 489949 503280 482666 468575 517963 503946 464671 418416 466305 490155 445052 489227 487992 470646 472030 469631 475289 484356 511443 496423 461082 499693 484814 492868 497616 483176 487315 498266 462530 485154 486625 526802 458777 488337 479380 496638 470210 512121 499511 497166 502101 484846 510069 436515 486093 518673 496306 487554 503009 480250 503194 519289 457108 510686 461567 485606 503909 473521 529465 494057 480726 432159 481173 455631 504018 491700 502859 484728 455858 503654 505218 484456 486574 463951 498120 486651 503204 486567 424370 513237 448786 483858 465262 500931 491299 486801 457507 468129 525616 486602 494833 480036 494428 454009 485011 516794 479072 497927 437240 453104 477337 480565 456424 525658 517257 473672 474625 468253 510403 537612 474003 486041 525494 474759 482720 480056 497261 500714 464212 489674 498946 480205 518698 478171 479613 490839 454973 456921 480667 484808 476807 508059 481053 474227 488466 464210 490000 447735 491492 524237 468697 484637 489280 481930 474698 441881 448932 496493 439298 432431 445425 470102 496091 482522 518295 457057 463422 496988 477675 460941 500736 477834 507972 487319 491306 502793 478969 504201 499291 455843 528528 450823 486090 495017 495651 
495808 480298 484111 502412 443073 491506 486220 466829 444365 517144 523503 477961 482002 476229 414405 464526 470952 499729 508729 452824 477486 443768 496856 502420 471199 449124 522448 482734 459394 515304 496355 460023 422494 458760 485942 451765 483782 465074 454679 476754 464138 479462 485942 515013 498189 452712 503225 454065 450288 486856 484488 481849 485557 438061 461540 457815 526832 483735 486268 458502 525480 441399 496832 505760 465131 501701 451573 485231 455023 471205 503372 491262 464591 496233 470204 474828 504384 468409 485672 461380 477060 501918 445793 470117 461731 464988 424027 474351 459153 502020 475430 496055 458676 476887 481077 478405 467837 491151 457691 487775 502749 456466 476011 416008 513370 454378 469569 454869 493065 468743 478808 467701 482836 528746 492403 488059 467838 466383 454137 482123 495323 452664 468740 428203 459914 501277 475312 420968 516935 505015 465054 455135 456277 493417 514654 477238 474793 505134 452248 456684 502887 504896 464061 455544 498710 477917 472694 507866 477854 486595 485915 433125 447064 472767 492186 448444 540415 483648 462653 445809 463388 482984 449574 459973 509726 477086 464792 478098 486425 460726 430517 436202 508074 449865 454249 457049 451511 466778 473328 489840 460262 476125 466876 472187 474889 508057 463996 495886 474960 486646 483593 493152 485440 517404 448535 528837 488469 480857 473835 478176 
515929 500784 519887 538898 497054 512748 507345 504156 447722 524383 531078 536207 500127 481112 458533 487733 486620 497034 561378 477022 499371 445514 523043 515357 507145 496172 527635 503711 498039 527901 518566 495462 459964 503704 507197 463666 502285 490897 494270 500739 499306 505914 509797 524697 529105 465677 519848 494530 491014 500441 515181 494498 516364 476523 519010 485628 583162 465057 506677 499597 526026 492839 529320 542891 496158 526726 497347 511990 440657 514828 522980 516633 485900 513005 496086 499751 528019 467855 507438 490918 483091 518635 490355 527621 511228 477965 445359 507494 471061 516358 522364 521190 506026 495942 515480 510526 518571 500851 502889 527604 508038 501207 502142 455025 523688 480327 507031 484609 513864 487824 477824 473296 481836 560336 525105 510798 510775 530840 490217 514670 515743 501568 533607 448187 484301 506872 515459 472450 541863 537362 512808 493620 484656 505825 547806 494273 521961 526722 488330 487759 505321 518969 523774 498257 536843 515629 508247 536716 500756 513724 506852 481165 470032 504453 516611 474568 541636 499003 485790 475223 485241 524376 470418 507113 523148 524904 493726 503979 512872 487454 463814 470918 527201 458749 443416 476908 477824 511776 508943 540207 483577 508997 497857 510238 504181 539712 484484 532414 495558 511775 508427 497957 528758 529427 489189 528038 491517 515035 523640 489454 
507369 495279 510771 533832 475291 512188 489654 505959 464360 535430 521040 505957 486363 487724 460267 490216 470632 508402 546758 476351 501296 458372 497386 528973 522333 486742 516469 497090 454799 533830 500533 498833 442634 497175 503997 476989 491828 489561 472054 494609 515899 489116 522346 507600 496533 463180 531295 486353 490900 489999 515556 508983 515027 483591 493899 476478 539316 466255 500443 508177 522503 466459 542119 512120 496302 491995 506425 520420 463368 518931 508085 522037 490334 522538 484692 496900 520456 452310 496515 496022 491874 512424 483829 511129 489869 473624 448954 492929 486982 511847 481253 507579 486400 482377 480682 502032 487014 498759 478436 492492 512921 500028 511192 445389 524338 453389 488893 470752 521174 503242 514249 495820 468225 532580 489814 519400 491524 499460 459112 483628 516655 492367 496752 448928 481993 510057 528061 457367 548772 521549 477490 491701 487717 501788 545168 463414 507510 544079 480195 482010 499377 510938 503035 488057 526094 489926 505742 546326 480990 512232 489093 472120 455271 485433 484172 471364 522323 496922 500372 487698 488252 543859 488171 478691 548827 500383 483556 505751 494284 492265 463589 454280 521705 444426 429992 477465 487452 497176 487123 511255 479250 534891 493655 488031 495621 543129 500628 504541 524719 505527 515738 488438 518301 532770 469572 528047 480797 509762 491423 475440 
521783 473589 507555 528528 496024 503704 492962 486862 445749 526076 512706 515475 507286 498021 442736 505427 471980 497499 527872 483800 482812 471441 518290 521832 501278 488755 519892 499173 483134 553638 490911 482510 430347 511666 500254 451372 473377 481744 482769 475932 489162 503168 507212 519808 497459 484193 527815 494072 494117 490332 514234 501732 515805 477030 481918 491064 525453 511713 493925 497014 541113 473472 522313 521987 498707 510188 498403 529508 445290 494856 547592 501435 515323 494535 502747 501720 531683 468995 531958 500228 512007 502844 478434 505518 483606 486368 432254 494061 463353 494186 510894 502006 490724 503077 506277 523092 497250 488835 458797 516473 504116 516341 508001 451401 528309 447294 508599 461117 520903 487381 490106 485025 487686 511755 484071 477245 531380 503613 471189 519754 534811 508984 530324 461479 468533 500344 516986 443091 551952 539545 497354 484918 493129 516636 534676 483115 492276 552100 479701 467319 487838 527133 502207 480701 525681 520529 477012 522197 499140 520081 501489 472551 476525 507664 519283 459165 541537 478511 481664 476154 509017 517128 468745 483476 530513 524514 481625 509062 512499 480673 460304 484889 516632 475370 451134 485451 494316 505304 508675 521878 470803 472018 501513 460756 507890 547790 475375 500792 496565 517096 492345 488149 520011 532487 472719 519548 476358 497455 521368 486627 
482372 473078 474063 475465 473021 491047 480698 433559 431896 495549 503306 475632 490572 445348 409409 462089 472693 470733 497130 451131 465687 445599 471816 485343 491216 459122 499961 460170 444136 489512 491310 458890 410826 463327 465116 451011 438261 447003 438631 469883 470232 462529 483990 490514 464092 448395 481061 458592 450530 475932 494066 460198 474842 424523 470545 451655 515569 444926 483468 466452 516149 436423 510762 471124 459431 471390 450704 464217 427786 474175 488733 496261 444048 466033 447245 462760 489991 440890 447787 459065 461732 480846 444809 468333 458770 448313 392926 435879 453125 478215 478547 464274 458763 466113 479048 491233 480735 467053 438947 481051 465786 463882 462101 419391 477974 434470 459530 440252 498300 471970 446706 445935 471458 521298 463165 464029 458300 482466 424771 468483 466237 452860 480754 411334 448631 438616 477419 419160 494560 486190 431176 438020 438525 482374 507600 447860 469169 502571 462905 459642 489566 490643 453381 434672 487918 469343 486044 497702 450465 451889 479554 441243 424001 456428 466694 420929 490839 469400 458856 448007 464899 521612 432990 431760 486735 459095 449146 456638 473944 443151 420468 438584 501818 423426 417892 452435 453041 457636 460507 485485 435418 486707 454563 466187 459927 485940 452287 475131 466633 473675 476610 467058 495123 504275 442947 505385 486085 467736 491219 445215 
474279 446097 477239 475408 469611 491308 488414 425111 424081 502565 481827 490145 453754 446774 421997 442019 462799 488620 488885 444029 473395 425904 471101 488958 471367 450563 489101 457418 453308 488543 482704 456354 394037 450662 465339 459584 459631 455213 462107 468134 442733 470816 449562 451890 454057 469634 507914 458238 455780 451176 458378 460095 487766 433026 478255 442736 498307 466706 490959 452755 488380 450449 505468 477502 466094 459858 463624 476182 423898 472293 477543 488360 476549 484397 467962 461482 468876 439801 464745 478360 461547 485241 431754 478955 469204 446334 430465 462739 454066 481977 466966 469519 471162 419154 481543 477135 454023 458661 439779 511642 460109 488549 477983 402084 492949 440669 472432 450093 491424 470985 445653 443522 451775 507513 480218 469975 442219 468235 434589 483266 508265 455133 455593 413612 440471 465824 482936 412629 494908 490224 468899 456261 435981 492537 511294 448926 488620 493591 471174 441260 480352 474680 460149 429820 493712 462273 451025 503398 448334 487148 467120 439200 431774 449458 469495 435558 507439 454205 459854 445755 463105 493457 435986 444903 514334 453094 479138 459861 461652 492201 432444 433755 480490 428491 415587 456278 455355 469338 447957 464260 436537 475947 445141 444888 450273 497166 449723 462090 466789 483198 491333 480035 493075 500358 465513 478998 459126 477577 471128 465039 
450284 438965 470266 484541 444514 470338 485494 438458 425215 486184 475689 482843 451607 458686 421342 439047 436807 462287 504867 428507 461380 411736 452079 475773 484848 442686 494985 469067 433934 485818 467859 457980 407146 454725 434615 452579 459657 432453 440074 465206 456912 470383 460614 487556 484702 447621 474694 434679 462648 469864 468911 445408 489307 428280 455688 443872 525837 457146 481693 420328 480373 450086 496906 497286 448730 460622 451959 461711 427547 466164 475329 476334 456119 484605 456836 464128 475867 462744 447266 428477 451601 475072 423303 463753 450849 464202 410886 459302 444171 484588 463294 478304 432213 455306 439831 460367 472779 473190 431652 473599 460578 452456 442993 423717 470984 448339 454326 414616 482663 467691 449030 440641 445271 507392 463488 442124 434164 451057 426248 463844 481721 461902 477123 417979 464582 465876 459030 422568 479098 469584 450997 436003 461111 475752 511589 439980 444161 485422 444329 429523 458521 440676 475528 439360 468859 471251 449971 490955 457987 480822 474117 429173 440899 442059 448117 412258 489040 447011 466721 438292 465247 463222 424169 451028 515445 448513 446336 456686 463089 448851 417133 422030 488494 414931 422161 410305 450128 438198 462058 501182 440975 477139 452978 435550 429408 472928 470589 475201 430246 460568 471618 474435 485443 491691 457845 493743 463094 454155 448274 462252 
484491 449611 498010 498231 482905 484145 501614 462907 444445 498750 503714 495083 478694 502359 433468 463244 455973 489348 499890 459060 464603 435376 487024 505080 490023 449983 502745 466455 486781 498465 465796 465220 416740 479624 469735 465921 441286 463027 453874 473712 469217 475613 499200 489975 484100 466168 503229 487008 471280 452689 513696 485849 531916 457259 459138 461971 543940 471090 493408 467553 488494 477104 510162 499137 480815 482495 476370 492160 451598 488328 504738 488546 475846 485329 491634 475748 486919 445137 470082 474525 470219 504460 454382 468875 471817 469839 446462 468447 460795 525596 472112 468841 466000 478873 510357 486511 469849 473642 476292 501203 501233 492733 457865 426047 504312 430626 499282 470710 525584 480675 488485 471361 490551 515734 469545 493088 481887 480287 445047 497167 491396 486030 507446 416068 468255 506357 480874 440673 532130 513212 476239 468690 467343 505158 520076 462939 479822 501322 473130 450503 499785 488218 485837 442854 494872 487864 472183 517781 491839 477607 480072 448313 465800 470385 462749 433882 532414 452933 443281 439538 477802 498512 458858 491136 505008 475769 470237 499750 488034 474824 435691 456294 481979 443589 428178 459148 460746 460186 451598 488755 470551 485524 479234 440947 473825 521812 481050 509443 482111 467829 508368 457811 513316 496611 466080 509772 469564 483083 493425 474422 
507036 500079 510567 538643 498400 518610 536252 471386 448911 511170 527440 528929 516784 490692 446790 492332 481409 489786 522523 463709 505824 489980 498462 529723 524314 487493 513099 497533 498288 544045 511855 493688 444928 498526 489770 477562 459739 498858 485555 499163 500423 507349 529789 505990 530776 502511 519415 491459 504237 541560 508982 497064 527922 470804 501801 486756 546595 493117 505085 506898 541266 483033 519169 500260 507393 494879 484376 518579 451646 499397 512526 534597 518570 481043 504310 491501 522107 467359 514209 477605 494224 551113 474980 504968 507322 493958 448206 493267 459700 517468 506543 503817 483054 481032 530472 498003 517696 494362 505018 536454 513852 507735 506730 452110 524828 484799 520608 494496 513307 503113 517671 506101 498767 539058 500666 519589 476952 518421 454638 489588 522483 485120 528192 454425 503088 484009 517187 453917 554793 548905 498396 498996 472275 512314 530979 507979 502247 516075 482129 480887 490837 509567 488143 475825 529453 510587 507514 528849 485521 488064 520982 461450 456943 502809 504755 463611 547509 528251 479991 478164 497573 523898 449859 460591 537030 486119 490289 519242 516162 496818 465076 469714 530512 452703 424460 454733 473970 466745 512167 527188 483260 521524 496710 485239 502088 552685 499587 511347 497169 514342 530393 491785 524611 525237 485752 536412 533746 521077 502120 496513 
510511 466110 508198 537225 496535 545573 523065 486585 486585 549505 506477 505055 504851 493425 475668 499763 494598 534724 523073 479669 499755 488440 513758 537997 541960 479374 526721 512637 469559 544167 521339 509661 430326 516990 506188 488393 509214 476954 488946 496833 513538 508976 502838 514425 515442 491825 545930 509854 484452 503649 532268 500920 505477 470284 515830 485162 556559 493268 496821 496394 529409 475532 530090 536248 500375 499843 498034 523612 446682 512098 526712 519150 499721 535313 510469 515445 538485 492045 509049 489033 506223 522934 468548 524684 499067 516044 457362 508100 486472 521117 502840 535411 509707 500684 519798 526833 521488 522347 481580 548451 502917 506629 496516 459884 520042 459460 492906 469224 533535 498742 500691 487364 478215 543422 495906 540171 492551 502275 469619 518899 550037 496059 525952 455174 493302 515404 529580 451242 547000 543076 493752 486282 501766 536473 555021 465588 517868 547521 512361 500916 516279 507217 497278 475488 522071 503917 516102 534089 503444 529890 512553 486176 483202 502289 509022 486976 538324 501082 485461 496465 488124 544093 488249 502582 545388 517538 501220 515168 502339 498255 479029 491210 545130 458513 453851 499584 478996 490568 511510 516993 493803 506383 505362 484270 487445 527360 514014 520982 513449 526760 516421 513637 546356 524797 482405 515452 480061 522874 494236 507878 
499670 471859 503496 503616 487382 511298 506643 470361 469602 511568 524958 509199 474967 483312 427349 479996 455383 496320 508138 445180 474607 470980 512889 513344 508819 474962 509465 493834 487151 536760 491391 486866 424353 494722 494808 487204 452137 474704 469707 486415 491952 503141 488628 500665 504475 481494 517860 495992 472802 499647 514997 495942 509734 445734 496204 488525 543160 476380 486924 497312 493139 480454 536816 515618 489652 481497 485229 496403 431533 480593 507823 504103 496616 518697 472924 486127 514666 441375 516190 505284 487769 509051 448255 498971 498389 486033 445750 478964 461773 499731 506391 487698 482269 474109 506137 488304 475933 483906 479638 503940 520286 512583 480429 452016 511836 438353 490803 471140 511823 480482 473151 464432 477484 510384 495761 518733 506379 504533 452532 497625 522596 467913 519637 462164 471142 479607 519631 443197 555658 531184 486140 466633 470832 498345 531144 487774 495790 522116 494644 461466 492728 502859 486504 478112 506144 506593 487476 521363 479950 519167 478243 459882 472476 457276 498952 460115 548231 480442 483558 463370 501731 501462 460078 483976 510394 487007 472623 498224 505194 489145 447240 472932 500233 456123 427500 480997 471487 493738 477437 502136 459229 492917 478789 459845 466600 532261 480965 482935 500255 496750 475665 492096 504766 531014 466703 514250 477707 500467 486725 477296 
508720 491057 540453 527428 500644 545054 514325 483379 447297 548815 526156 509470 494962 516209 441339 485871 505355 514458 530159 482792 510953 497908 506885 504790 543691 469454 513671 544485 502975 546294 513714 511618 443147 507978 495685 502100 491913 489483 504129 516853 535263 522246 513918 517064 509026 471035 537921 502225 491899 506721 537173 498289 525652 476636 520382 491846 555554 489843 515936 516363 523366 490737 561983 559638 499314 501242 506078 516729 450736 503112 549818 523683 488652 524576 497841 494223 536778 471153 515897 502654 511873 526867 497583 497634 506786 505053 448149 497512 484246 533710 526095 529328 509677 511030 513523 514615 523461 495453 484793 510741 519362 510015 501433 470445 535584 459635 508173 472592 540337 538063 516440 468775 516641 548748 496516 526849 496422 531844 458376 502144 522426 491074 510469 474405 485184 499348 521393 458845 571795 526560 485277 488342 495110 514550 561609 495858 504838 518867 487308 502430 532377 535288 501175 486178 522585 521453 511882 521137 491803 494345 518143 462706 484359 472388 517634 467349 553978 523123 513720 476807 501985 529840 486279 491470 537020 510551 518654 525002 510613 500083 479977 459540 516469 479022 463354 484899 476949 479416 505641 509648 512874 518352 495554 470394 493429 537265 495594 507936 509033 544171 522041 504918 530626 533516 477247 553910 510003 506255 498576 505788 
465543 440206 454985 477578 440799 456918 437856 429243 387315 472867 483933 452302 429059 450487 381011 433595 427904 442865 456062 407861 422050 420133 449484 471124 467864 420646 449581 436665 426817 468608 448180 439748 357224 445669 434249 411840 431795 437221 431292 449651 449217 445434 452551 457160 429244 424427 467139 441697 426845 442255 478909 451353 474165 399752 445227 427814 486227 428977 446515 414431 465222 448964 462673 468127 450887 448397 423511 473279 408390 446313 444699 463647 446632 449049 438850 449431 454329 408648 458225 428731 438209 446012 409003 421793 449123 425312 391399 440583 418342 448533 436517 451708 441446 424703 461761 454897 408205 435543 410406 449324 452397 437667 419731 408942 484615 432577 436114 410241 466854 454552 440576 437326 419670 472325 451337 455717 429982 428316 417490 437388 448647 429295 445771 391487 424334 428014 459162 407199 494234 468709 432599 436840 412410 448868 476287 435133 471416 448993 450446 414560 448996 450380 449087 417239 417409 453924 449036 463160 436258 438104 437156 435594 409870 424115 453707 407365 495982 413841 432180 412525 445255 462559 431819 438266 474507 456672 432300 452902 436118 439850 396782 404485 452945 397944 394430 403730 420545 448244 417727 466230 401369 463281 447612 422936 438792 464327 442764 435487 441395 459249 450405 418857 461783 469562 416355 458478 433626 446592 432659 431491 
487772 475247 473840 501800 485245 485427 493001 466296 455002 514790 510473 471221 473600 471942 441066 468697 460717 489523 490034 456405 476759 454568 497207 478562 498242 452870 516283 486638 466525 505722 487259 473127 420084 485001 487975 468639 443704 466016 452598 473027 495060 486441 486007 497941 472070 459061 509255 483213 473978 479653 502874 477487 496966 461204 476997 466953 532949 463562 496185 465797 487228 464053 497678 539912 451838 490483 455350 482125 435621 496473 501809 478322 476896 481906 491706 463583 496804 434163 476873 466725 466419 493863 476185 490679 471220 446935 460498 455116 466911 472776 489961 482980 481459 464293 482514 507714 479570 468732 481269 480614 482806 499997 461806 433324 501190 444195 451833 480800 502844 474978 476964 444006 477562 507711 488161 505235 471059 485990 453292 493026 493597 482003 499472 430279 448134 483300 506892 438137 512301 506319 480854 468833 440558 483411 506662 466434 492486 493442 474282 458103 475464 471527 490890 453466 495612 503500 465102 498841 474812 474492 469493 459719 447354 461365 475801 438357 510988 472974 482977 438535 473816 493191 458802 467035 526923 485492 460389 469369 509649 472896 468382 464202 481309 442880 418802 448627 473987 475188 493730 475579 468428 498807 471939 458389 472950 516463 464095 504475 450258 510852 482925 478947 498112 497889 456692 499166 480736 484566 486706 467324 
493086 466234 497841 509956 474138 482694 484257 449221 444572 499277 501223 483499 473759 480927 428829 461820 487060 461410 495667 439061 478718 448163 458982 479180 509632 456522 508113 482756 477385 492583 501590 463460 409315 478080 491704 454247 471008 451474 437286 488699 437495 460867 477835 478821 478351 455658 485231 456556 448790 467080 499772 474499 498533 455342 471846 460793 532408 465906 467320 457132 496918 456179 490259 499223 481968 484554 465349 489310 437671 482630 492856 455919 440642 485291 456104 469152 504088 418404 451468 439846 466365 479682 440667 455683 472003 457692 403532 461021 465609 496514 472835 499737 482038 474989 485476 455587 450992 486369 472071 484631 480232 476105 462995 434952 486561 435890 443650 453639 495037 485003 464548 454555 449574 524182 472921 487874 472636 456869 419745 475232 478924 463326 491201 418894 456704 485579 492232 438374 494681 492426 466208 462085 454782 496791 522950 443373 501862 489624 471941 459601 486351 474837 464481 428078 480560 487623 478433 488133 473863 478110 480223 448807 443781 454618 484416 436611 525820 465164 478951 443412 479671 493428 427712 468687 497931 468337 486698 483820 471936 454483 429116 435369 479946 426654 410168 449214 444442 459777 446601 511945 457232 474153 457617 460821 450310 502551 473198 499500 477594 485843 479782 445907 496302 505194 457782 506769 459641 490333 486992 445608 
467344 463787 481001 514581 459031 502568 495321 457081 448778 493394 506236 484228 484896 492420 418244 464770 470256 459673 492531 445672 446351 461861 478834 494613 508583 461137 494169 492218 457508 516066 484423 458859 412192 466128 487860 455997 454773 464474 450266 468766 475484 508169 475086 505159 484038 452635 521266 475134 472084 489854 477147 462634 506121 452981 473342 465063 545263 458246 473984 468870 490730 451461 505072 519222 474287 481566 456453 484691 435430 486002 500202 493254 470127 492279 470846 469798 511411 430254 484803 458818 478310 488177 456009 479028 475059 480673 439080 461050 471725 505037 491292 502013 471022 465164 481918 473412 478046 482007 464057 491278 482244 487062 452677 416980 501753 438222 467685 462386 504079 470730 470232 467404 458886 521604 464102 506682 461869 479704 453611 480361 500392 478055 468581 432459 454442 479829 482609 442231 523090 513592 466273 453533 451134 486723 512835 464810 479624 521328 462345 451122 493793 473227 484217 476677 493016 491007 472813 518167 467767 512007 464788 447408 450891 440067 503124 449236 510482 480294 483067 459928 477749 497545 453972 457230 536152 486756 473620 489435 498844 463275 424431 452674 503673 452282 417206 463706 471466 464165 472042 513493 467219 475823 459599 468500 485090 523141 463761 488248 470339 463351 492267 466766 493438 519451 467918 496629 477558 481849 481076 466567 
480915 479902 521673 508876 473435 501893 503449 501776 457519 513027 513962 493614 464624 473399 441492 463535 484004 494431 510395 443832 492994 449469 486560 490277 495842 465632 516873 489942 484890 500374 510344 476702 438660 461753 475713 478819 487229 481765 456160 473450 497880 482935 481874 509518 476957 461418 516363 471268 466715 480073 499654 489503 500473 459999 457339 468255 542624 466954 474244 467201 512289 449317 518341 521445 479847 481396 483544 485033 449660 504359 519457 506913 483054 478338 483563 484008 508896 413492 478665 477697 482235 495666 459764 489735 504623 463222 445379 468347 441805 487070 455851 473247 472778 471925 475023 475737 492420 487153 462271 499546 493515 492679 484399 431762 521480 429463 463624 479719 496468 497443 505689 473832 474518 482579 459591 492912 493712 477138 436546 491266 527201 474278 495652 446254 464579 483269 488494 452452 525024 518358 462033 481772 477169 496133 521152 449799 490583 501340 479091 448107 496441 480446 491925 466420 488726 490833 497334 505391 480538 485987 482623 456024 459242 452861 469984 446002 499864 483470 489057 457583 487064 522414 467667 461408 539281 467039 488207 486376 519146 474220 432207 485408 497339 452044 453639 449441 477592 457290 461132 489486 470079 488293 465036 465346 475591 533721 465864 514041 479034 502646 487641 481379 509417 513346 472338 513784 465656 492753 474100 477217 
497975 478570 520745 541350 511576 524513 521662 514316 475352 535374 541093 535100 495937 517214 460942 487001 486585 502659 527666 477517 496102 502476 530037 534254 533301 506310 548579 501738 504911 561492 529120 515427 447861 504277 506787 486902 496214 519252 473822 507257 516990 507344 531773 531290 542744 509483 535722 513380 496870 525030 520237 507807 528961 476696 518843 503931 566985 489352 495964 520251 546040 490896 559677 525520 514273 504077 484590 526973 463597 508783 519192 527397 514411 536817 501241 521576 527094 479303 537681 500172 530044 536112 459920 520155 514387 501450 460861 500688 506415 516575 498089 524606 506246 494458 513868 503627 509419 490843 470376 528569 540317 534873 515444 465573 530941 489998 503829 509483 545366 532376 525332 487564 510826 536175 513562 530628 492014 535542 479653 513135 516668 509233 521605 471255 500538 482666 521053 486196 570665 539498 497985 489782 518751 529650 568537 508330 498181 552728 506721 496735 514839 512931 510398 468209 523681 530158 494845 551832 495042 507929 531725 487428 477009 498531 502741 475442 560464 514185 506333 496275 524173 541665 478716 494305 547041 488705 507838 537646 524551 500444 455162 484828 540773 472840 468849 483106 496094 530673 504872 528919 483879 507633 508463 494419 494404 545089 509944 524054 510675 500277 538630 512693 538082 545290 486954 548255 498541 525870 497558 496839 
552664 514603 555567 572293 533877 551862 558887 530242 500525 568418 547182 535891 520087 530144 478205 528661 518703 530721 572346 508695 530637 495334 545426 538149 554035 516896 549676 554388 519163 561304 559019 537861 471127 516774 532034 525457 511884 521226 536989 530222 534046 522895 544137 544517 542038 514121 564012 514853 536946 540630 555284 531251 537698 524644 525936 506280 586173 537783 533536 531113 584835 497867 569555 548694 526037 521269 527906 550602 489861 547091 565880 557493 534137 561837 528972 538597 560913 490133 546950 542146 534039 556502 498133 533455 562234 519627 471389 514187 502493 549347 522852 535722 522909 527558 526780 546092 565587 522954 520331 582387 525285 530694 534596 482198 568102 495446 523759 511253 575246 556860 540478 509121 547293 582667 551469 521034 535765 541345 511261 543796 567911 530906 521748 485967 509309 507886 543609 472182 571026 573129 534514 523490 508285 562403 575753 509323 534144 552953 545951 505283 549232 541565 555393 510765 567147 528014 515003 550032 542108 552029 540533 512562 526459 506549 530016 516818 584041 533410 526078 516966 534846 573464 509416 515198 584199 543536 534913 524753 545407 525160 467287 505138 586567 516252 486755 514485 510837 550025 518453 549037 513352 544544 508582 526765 524251 549851 537669 576082 512788 534134 516901 542757 563833 570067 504304 555174 546612 551456 532684 531226 
486801 481059 516002 521682 484619 508424 518767 478116 468671 515950 505907 501113 456864 477126 453648 473125 476069 499514 520428 468281 482880 475480 512269 488331 521925 501372 508482 473795 486884 522905 525327 487743 411698 484720 470691 461795 489967 472792 490515 478712 477443 498899 475940 521529 497995 479065 523319 494050 472933 504539 512740 491719 497591 445201 498411 454030 535495 479516 503176 493096 526037 473739 514946 501871 510878 495300 459414 498680 435067 502929 496938 496951 496337 509960 478643 488230 523964 458751 490552 497934 488958 508649 476418 502960 500105 456573 449992 485537 462221 481928 497557 511769 478571 470464 494066 481186 501477 496658 476048 517370 480927 479729 474495 436631 549350 459783 481380 452274 520701 502109 503423 482014 486362 541907 484058 500053 518908 477807 458407 503094 538058 492762 487592 437730 479711 476111 482426 449047 550646 523654 480057 477767 480610 513417 532575 470063 507238 528440 481105 456461 483991 510310 510372 462653 503898 498011 498861 534286 485932 482502 484092 483874 463941 457834 495205 443846 517378 494700 475550 468482 514810 521256 480709 475512 533909 471700 498594 524881 478648 492874 447570 470272 522310 466719 451722 501064 454294 479978 473954 499315 475429 479597 479871 464970 503686 526139 474426 518144 470065 480761 521111 474955 507369 506977 484152 542681 463269 498881 514305 480340 
522630 516942 540910 541645 526534 539341 527014 470669 460942 549279 560251 528802 504810 509933 488012 496021 510483 522733 552713 478707 516740 486189 539043 519623 532104 498483 549462 533774 498764 553517 531907 512412 449948 529214 514416 501215 508902 524038 508038 532124 524308 536553 527118 540343 554525 503874 551035 509308 490200 521950 540256 517475 525783 495533 523211 521879 585628 497209 520270 514225 548790 501472 547871 567662 521951 529143 507874 533608 496384 538580 564299 551727 492675 534913 527626 520654 541488 491539 525314 530923 539634 562736 506109 505154 530469 502511 467898 517744 496103 537204 527233 521975 515284 515705 515975 551944 515766 527192 513656 534944 538062 538287 520428 450735 549466 504540 506366 498844 558777 527032 504548 508293 518917 555963 505244 511416 519995 518607 462311 535060 558579 527394 552929 481265 507144 503280 555474 471801 558792 556815 517474 514452 523250 546554 571019 510317 546470 557558 490427 488165 516190 536773 515649 491696 538490 523019 520649 543983 509707 541140 507492 514031 476995 505979 536179 492997 564338 511408 508653 506272 538461 540442 495180 516296 556331 503520 523803 501255 540273 491145 486275 495138 543212 460841 450752 489415 499469 516606 512342 540246 516300 537532 505138 517207 505371 561486 497947 543089 508256 565636 528097 527526 545819 547409 501557 540765 503541 546468 524206 514253 
536790 516238 543674 539327 506782 539744 556027 494728 465326 536035 546484 538455 534376 518661 484357 518175 515964 517586 547689 493753 516604 499047 527307 541601 534827 491410 559573 506038 514602 554015 536649 513261 459320 508736 525061 499463 524065 505608 479747 524577 519988 507651 535172 545702 514955 486982 561124 513237 489020 520582 537354 484416 529147 500537 504880 492736 561365 507859 514082 517699 558419 491068 547649 557511 532777 525932 502634 526103 463699 536152 514016 526141 504319 526972 479283 512282 554037 484997 512660 501801 522223 530681 512289 518973 501202 490600 469781 506526 494811 528549 549257 541414 516933 500463 524142 531446 511468 519789 504523 537515 499403 510949 540248 473906 544325 503307 518783 499413 548216 524428 509745 503847 517785 547404 526390 522774 514804 518435 476516 524705 543392 519622 524035 471480 511093 502015 521114 473560 548451 550564 510286 518286 499835 509164 576486 505279 549439 554759 487098 483618 523592 529906 537763 485343 554673 507724 537245 562401 523378 526702 525851 489733 494308 495298 532232 498897 541854 508141 496743 497781 500519 544787 497490 490443 567221 499675 520864 525309 534799 494874 501401 491875 545371 456670 449680 503804 514140 509208 516864 518909 508356 534152 524287 499417 521066 565685 510351 529742 514308 538663 527699 507673 539445 546549 503739 532153 509393 528651 534553 502813 
505433 470413 511162 508493 479239 525550 506015 480385 447362 507512 508016 511165 489150 485854 456273 470810 486125 502121 489029 450550 473339 459605 506117 514868 503495 473036 527285 493534 475861 510045 505370 495532 447931 493100 481252 480798 478622 482576 443649 491040 461105 491563 495010 509999 500182 452636 516396 502664 495722 499844 502954 472745 510270 462552 493545 486718 570844 450101 478888 493089 526967 494236 534209 534823 499758 490521 482201 503452 473217 501936 511615 511847 488793 502239 464420 473494 537397 454222 496334 487751 482841 512109 459492 486314 492789 485441 432408 480270 457558 491368 522336 517127 496690 484963 496395 516776 502277 473128 487599 510906 484677 484706 494443 451720 515278 455450 490522 467764 522425 494538 502246 480085 502792 537673 491901 493262 502853 520696 488685 495466 507046 480990 484504 444191 459738 480876 501687 463718 561599 494359 474968 477316 478578 478702 523715 486291 491006 515747 494853 477029 496016 508472 517144 462246 504968 496581 483150 522587 481981 496029 498549 477576 444095 487045 510841 461807 543675 502179 479037 462366 497458 499079 463094 487456 534291 509546 492400 511065 499312 469368 456392 457189 522892 462719 433152 450200 486409 485594 473390 521183 492131 510064 495573 482881 500881 536429 481655 529428 478937 486548 504738 467947 513851 531517 477648 532122 483303 483330 497700 465333 
513803 475546 496930 493608 470282 521753 482339 456984 434715 500618 492262 468816 457441 447337 425597 475002 494159 480554 526724 456427 461289 435430 495319 500539 480429 455675 498340 468921 479091 505664 507142 479546 422681 499559 472039 455285 467449 459360 457829 475159 455873 480413 478984 484089 489832 468014 520802 471723 458863 471259 496550 467436 505164 457013 479415 441329 530360 494870 468500 471132 509815 469730 519738 537658 471041 501545 469056 489867 429548 481312 498064 485263 487138 492580 450883 468888 519757 442166 498717 474308 491560 500871 458270 487251 496379 475302 443870 476115 458435 479462 505487 474494 480926 478242 473581 510157 486061 487561 457214 508946 456569 498351 482159 455372 510430 453802 492601 467535 520782 494071 478439 441549 486744 506909 494743 482048 474265 491882 443284 486442 514994 466093 484340 440964 471289 477304 499068 404182 520251 512454 487175 463371 451784 499999 538197 469287 492372 489006 476028 458200 483473 504152 494431 447557 476680 482734 493007 510439 452980 483969 476200 435674 447905 451040 502839 452071 526328 476627 489795 445748 482758 509893 460479 467888 513172 469447 480290 483270 478839 471975 446353 462783 466639 422826 418336 464173 470649 465677 498825 504127 485909 483207 459963 471247 489024 527048 479702 504737 479415 484083 487872 486770 482978 521239 455239 499349 491955 488087 481431 481593 
497906 481952 521833 524064 483187 527089 491131 482556 458058 524753 530592 542914 510322 512087 448462 479485 492522 510749 530037 489083 494019 454762 514496 521829 524824 464067 553025 519087 472974 516971 515927 496323 420075 489690 492371 467371 489897 479758 467191 520209 498363 517256 477318 518464 518478 475950 523280 475746 513382 516265 514997 491128 533124 491762 483063 488314 543734 486570 504836 487381 516189 488242 540915 528482 487570 499835 501437 510009 475997 504244 545905 515393 495166 498809 510891 477822 539549 484437 495043 474081 497371 496592 485525 495257 497316 499963 448791 477152 474223 530973 517726 527648 489632 481047 505060 516794 499898 510286 462248 512147 514760 527438 488447 448379 536697 481806 491546 478737 500290 505290 493008 487577 469965 547755 512823 480338 485443 506044 451124 494778 513270 500249 529951 433752 497807 511876 505802 451677 543858 522332 478447 476688 489093 518209 547485 480276 490340 530216 486702 519898 526454 510354 506719 470276 520673 506913 475099 513716 484569 510854 528002 481691 468273 481028 498325 446110 528215 482649 518485 460434 473089 530517 475871 488488 522572 511425 504180 484762 518477 471526 436174 460295 523804 446079 463051 483468 470748 473627 495991 527241 465389 488652 498654 465064 481205 531009 504238 519160 474672 504771 515660 498644 533110 538166 478330 545385 510220 500294 480243 504589 
502406 498959 551891 534061 487346 534755 501824 507988 478199 541597 526819 515825 521028 499437 461528 520923 513909 516124 542857 489911 517215 455368 512815 516571 545198 478846 528746 520688 520934 549867 534581 475855 456771 508112 505187 460232 527153 512159 498226 499081 523419 538503 516517 547976 511332 460947 519083 496309 501981 507390 536745 512782 545992 491951 519042 504950 548905 498495 523559 542827 548474 519347 531112 544778 502293 499803 467527 521217 465598 524010 534457 518338 487868 515115 509136 509630 542902 492236 504980 501638 496302 502685 499677 517485 510299 484133 472668 501788 470919 533039 496991 541718 512403 508740 527159 523898 516898 490665 488706 539588 503878 497928 517502 476072 533454 466514 513369 484339 523617 526239 511233 494299 498360 564896 492007 540548 513218 501311 467790 515456 556210 534513 528998 478330 508570 502275 534584 447261 562167 517945 496741 499361 509796 535097 551232 489113 535267 540603 514075 489905 518576 526242 512331 472858 532614 548658 533062 545787 492073 500494 516500 500292 477142 498437 503656 459210 534314 499432 513159 487947 506088 534172 488614 495575 561276 516483 504943 518142 529217 490958 497876 463183 558099 467503 471144 498153 478849 484099 512590 543056 488767 531486 514949 502805 511400 549918 509507 539670 503797 535065 548613 498417 550250 552147 496535 558797 496598 514424 522586 508542 
552563 492660 529969 560060 511165 511557 509741 493008 458372 547522 539737 520667 522179 526996 453747 519446 503170 528877 553655 497365 518173 483278 542820 542129 541130 500132 540240 532068 498849 547131 523394 522731 446762 530999 522561 503413 504674 488583 490474 500870 500709 532067 531216 526274 550395 510932 527978 497393 522349 520978 506895 513341 547004 475158 519774 491587 585257 499009 536663 496656 552349 522206 548882 571276 509328 541387 515329 536864 479141 531733 521525 527089 525970 534992 523197 513604 554173 488038 509500 500823 520371 546758 493348 525570 517702 524984 451687 534865 505619 525026 521400 519890 533078 504857 515895 541526 521228 504003 495717 538306 535724 511354 508085 448402 540991 482822 516277 484430 540503 505685 509956 506313 518398 573452 526971 523128 493913 537938 495319 523074 541060 513368 513550 462331 503015 499593 553403 471742 574994 542715 520261 500804 505452 534992 559968 503880 520141 545597 525892 512698 538150 529325 522487 472390 548220 524212 498366 556254 500544 526168 509476 513381 502374 506671 529360 462053 561969 527535 501188 505178 519880 547042 486654 520761 553035 528369 519848 538836 517100 515262 475847 493802 543140 495202 451221 506465 478294 507246 504229 538192 493932 534201 511080 498181 525170 564016 513574 530152 514760 533818 529744 499004 556980 556916 510172 567572 512681 533421 525378 499303 
524739 492924 508978 520665 485883 521363 510063 481914 472650 527296 533927 520927 498471 492038 457012 483872 504239 510037 519051 470343 512779 471663 504804 521468 532165 481005 536236 509824 489381 529284 520326 497982 445528 502411 531214 478729 481678 478615 478192 511449 489865 473916 512552 523517 514702 485312 527223 484010 511033 527373 517901 483330 517211 496743 500027 492540 560468 465842 530540 509432 540845 496316 570287 525825 498791 493618 504677 534820 462658 504647 518117 514402 499711 521414 484745 508815 532473 484379 499348 491540 493845 533814 488274 499118 501675 495590 467199 469560 487404 540626 522297 495043 492402 480238 505951 519900 521456 490671 485638 529049 515335 501237 491758 448863 530128 483053 488121 466006 541535 510015 518537 481712 509226 515824 498592 516314 484689 514028 474325 494709 524234 495021 496940 468612 478923 508384 517053 477502 559819 519056 488764 491127 484539 531103 557770 486051 501230 520624 504363 472722 517584 525959 479504 485595 548441 510533 496037 541118 476600 525265 505814 486969 476268 495886 498855 474560 548908 525406 488129 470163 515064 521404 479936 499592 537721 493529 491922 509265 525101 483538 461724 461105 517765 454603 458024 480543 498491 499839 520512 499151 477733 512425 487859 478274 461725 518978 490204 526746 507264 516419 506886 489511 531604 538228 470484 551469 506161 513502 509845 498688 
491509 490156 510108 510171 471651 535964 507023 463526 466612 533833 511968 467361 464409 478927 432514 473709 475165 496230 532167 448459 479252 483852 505626 497268 476872 446105 511277 484224 470277 503425 524454 477355 417816 473311 481028 488185 474125 487640 470194 481268 480807 500883 486044 514846 473963 468637 529443 500632 457812 486682 500037 491223 485833 444201 492417 462549 517828 486519 482560 503022 515677 462743 518798 516856 475816 475685 470020 507728 437292 499138 504268 493060 486600 503779 495090 490923 521635 434811 491697 477295 498168 520409 475179 487248 489682 469222 444530 476602 460373 522600 473277 503889 472095 478296 481819 482823 490581 475584 471158 525777 478961 496975 475406 439391 499803 432387 487070 485246 521608 495813 483272 478325 470669 520235 486765 491773 483459 481257 463887 502344 509628 474321 493520 451540 480649 469574 519530 456873 534477 521662 462314 469115 463965 502585 529229 459025 492687 519695 502823 467070 502337 486624 497654 457326 500912 509055 497832 522657 474871 493009 491560 474132 456640 455477 512420 474720 515251 485021 467200 469350 459385 522190 478965 489814 532575 462090 488746 488607 478657 482875 450080 450357 523203 432172 428255 485111 467854 482561 461724 489557 460036 498975 476194 467622 498725 508235 465147 513309 499484 484233 519556 482383 527257 515656 495710 524838 460201 514153 510979 492225 
486742 476036 495725 507594 476162 506430 501331 446474 444202 514357 506869 485683 460304 482141 445017 477724 469243 481650 512452 467641 441139 459952 492458 503395 506606 462374 503333 487114 473562 491865 498117 458456 440701 483688 481796 469715 465862 472117 461253 470842 472047 500705 481614 502296 477848 461358 498525 479127 454687 487910 483704 457294 503053 445369 477514 483279 551796 459190 492048 490841 504735 443462 515875 541605 473954 485375 453553 476397 446622 482975 517966 496192 467377 472389 490136 477646 498306 452899 485436 480390 492947 493559 467171 499150 494164 468140 445617 478894 465477 504455 507616 502945 488980 482286 490790 492127 488257 481630 458759 511327 470875 487205 480536 450190 502475 441384 491059 461989 529305 471480 464396 457513 475313 529811 475285 496362 478123 481935 444074 495951 493543 476759 491623 436725 452899 478491 493202 449265 527148 518149 466615 446362 465535 482477 525874 434945 480738 522866 443782 458838 513436 487033 506104 458028 516492 506734 461449 520825 474091 507038 478547 454819 457623 456915 484188 468518 524927 459241 482474 462755 479174 498264 464184 492960 533575 473111 479801 466064 507714 481843 442900 467552 513488 434756 424322 467752 471296 478090 454414 488444 502465 490108 488210 454689 497986 497141 482766 494395 474987 490691 465473 483448 525948 496667 468116 516181 485368 497612 500387 455552 
478427 448725 504580 512151 482128 498653 515570 471800 431442 486415 492993 476197 471839 476882 424378 456840 465508 489778 508039 464288 470954 459087 487415 502356 487970 468135 502151 471050 464717 514454 467237 480656 408681 482145 470418 461520 461273 460807 477457 495385 490644 504931 485612 496146 472867 472693 505950 470521 469619 485230 484838 485653 490266 456833 476619 472911 498432 458910 469635 479815 520640 449955 523044 509711 476657 471817 479746 476411 439794 499756 491431 494486 488980 493378 490294 476735 494317 453214 479883 486088 481709 478796 473404 478632 460063 448306 438482 471337 447887 489060 480028 488902 488110 464761 491001 489372 490530 461736 465683 485324 487645 470733 492784 402505 487153 430209 471093 475122 531625 488464 481124 450271 484730 511496 478897 500183 475162 487018 422364 480926 504399 469049 489965 457539 471402 485170 492224 434169 531075 506286 472331 448778 469019 513899 512127 454068 472118 506979 487802 465189 461976 484422 492383 447037 507738 477614 479449 501339 475527 478765 474013 448424 459952 465033 486874 442014 488675 474739 475226 474857 456448 497844 456521 447050 517445 488849 473900 490436 484479 448357 441841 476243 486668 430797 437843 482917 438199 468360 468880 490529 458747 463032 460314 464350 473494 503001 465724 511609 490808 477535 510618 484491 520111 512998 480995 517534 469296 493473 506547 482989 
504753 478155 504369 505120 480790 512480 487922 494889 469155 521283 504389 496677 495112 471877 429462 478015 477333 485439 491833 463269 494532 472988 518332 507190 501278 464735 510270 497126 477512 519257 502429 491249 422519 466840 505361 459791 473133 491844 469525 486346 487309 485771 514001 519427 488087 458613 528600 474625 478212 511589 492366 492557 489828 480631 496743 493095 539187 463160 500104 508432 497159 475077 513715 526742 498517 506892 469978 524969 473248 489186 510941 513950 493053 485878 500296 497929 526395 467121 510518 483722 478921 494129 480678 486477 489911 481622 427832 480679 452971 512775 514454 506601 483840 497564 496871 503662 496574 475803 481354 504231 507686 497716 481429 445051 541661 441192 493153 477208 499122 501345 502506 471372 486422 549478 478324 514273 479573 518606 472921 495232 511775 485261 491304 454547 484235 500931 524948 468135 543019 512322 473292 469922 468705 502032 539768 475206 521176 519688 493724 467223 476341 491782 515970 469144 511114 509953 512555 530022 461739 490778 491904 457625 456617 469568 504449 464030 536407 491705 485609 443053 482095 512407 465887 472373 515594 526745 482148 497728 496815 463469 453042 448407 497366 459922 428493 474024 469694 474863 488645 504054 473147 513190 480870 485124 490855 550088 485180 515634 490112 478191 517121 474314 539617 524214 479191 530168 477224 487269 507689 484087 
511480 462527 496995 518186 476211 507244 510690 471374 433273 493850 509064 494191 493542 466993 415430 467189 469941 483853 514953 458917 488699 453538 493568 518525 502651 462882 534441 479959 454501 518895 476594 474290 407312 494904 503909 466327 460146 476513 467912 483004 496252 487921 505534 512398 519896 447103 530586 477742 470646 466256 519151 474250 504094 439765 471183 468752 544187 470569 508062 486553 525815 457696 524715 509163 498724 500401 480140 489522 440262 501876 514234 510582 476599 481973 478062 488457 532266 463042 491014 482775 484996 501739 454698 477854 492141 460865 424857 466517 473577 484729 492359 497968 484952 468230 498786 493166 484519 475466 449245 511407 506721 506693 471556 430245 493490 454579 472661 437200 491088 482680 480491 459051 472526 510842 482562 501802 487649 491365 442793 494026 517708 472847 499559 456672 470692 470821 493375 441509 505265 510500 447177 483871 472984 503110 523826 461739 500511 535440 489427 460401 491723 508571 492622 444233 520943 502792 464164 535650 476685 523155 482638 473277 475269 455312 499784 458124 540325 487180 446759 469710 474583 514179 467166 474910 533561 475369 462509 486269 482680 456009 432001 475424 517427 449888 431943 460553 463901 489062 482591 491634 462884 472592 471096 457715 485922 527547 465184 491180 525321 492918 498256 477616 531232 507051 487689 516373 472990 500020 470674 469374 
533376 521123 536606 524523 499175 554317 514117 474149 486348 546755 547779 529226 503658 490038 461712 506107 503033 516923 532436 466918 514222 479074 510240 532457 545091 515726 553120 526253 494529 562071 524815 500786 455177 512715 490928 483562 493073 488907 503885 502351 511476 532022 514379 546450 512906 491327 522063 502911 494014 503636 535363 497214 529126 476332 506263 495916 557417 477925 518378 494085 534913 496576 560332 536830 507361 522579 495883 532519 465860 514991 526991 526355 514126 523317 501526 495525 522552 471356 504334 510552 502486 515161 495702 518137 500698 498879 460319 498380 505011 531986 512223 508035 496822 511425 512195 522363 500509 498963 479733 516358 527844 520326 515796 443932 539974 473897 494816 489644 553079 499600 495932 492843 507415 542720 513999 518975 513048 511899 466117 509363 528588 500799 534636 471683 476444 520060 519950 459374 540281 546397 486745 505413 481698 520341 561429 490424 506016 557807 494105 481403 538295 523756 496235 490611 535804 527887 516716 533113 480637 506588 514280 469205 488602 500662 516697 469166 550400 527274 522211 465465 523350 520609 467330 487891 570821 521927 504298 523262 508429 510783 469579 472087 535306 472231 465673 481165 524066 501113 508411 544567 468229 535016 500970 484932 501771 542618 489992 516187 498079 550547 509280 501200 529395 527228 500815 595063 494901 507192 516238 506355 
523253 504597 534567 536645 518035 560587 521165 492816 465986 539934 525814 510586 512386 511685 454570 527381 507504 532140 534987 492596 522270 478539 518139 545068 548732 503009 547468 530667 491359 535943 533951 493938 444217 508528 491718 493571 491178 496802 506576 514260 501535 536363 520078 547404 526686 502393 542868 529594 536012 530707 533777 532995 551495 505500 511946 506879 581391 517365 528152 511514 555074 515204 542698 556902 514596 526026 506366 529234 483303 508106 530597 543316 525819 528144 516992 516649 563853 473122 538469 509583 552585 525611 504163 525168 532065 511306 468963 524821 497473 542955 533704 535422 502912 516806 509259 561705 532978 503559 496812 542277 521839 523610 513258 453988 564143 509297 530878 504301 544258 527729 527889 497411 523781 550246 535190 521439 527968 528851 493955 505959 558593 511023 511063 470302 495455 516037 560120 461783 563630 530373 528367 515892 504165 524019 579419 488242 520114 530747 498848 500627 519927 530040 521047 488708 542594 540558 500338 535807 503088 525476 534254 509791 488389 520117 529125 485976 556542 531286 508691 476321 526026 535273 506262 496950 560880 530221 514247 545856 537906 495312 470381 479762 537458 455721 460354 481823 488659 510277 520341 547342 499314 524391 513801 504609 522019 554717 522457 531363 506738 528543 522575 505345 541296 552305 503676 559319 536118 488492 526896 520816 
529474 528499 554808 568123 517393 554708 532125 497997 503238 567550 556533 528067 528013 511888 492152 529628 521815 515303 545492 502420 478749 490844 550493 563790 568126 479095 537729 541528 503917 577088 542200 512650 468200 542993 514011 488833 514901 516173 509389 526743 518687 531321 521405 548795 521940 514572 572333 522020 528664 522733 527686 520480 551968 489364 526259 517396 586450 507180 544368 538713 542220 523463 565074 579297 517103 517255 515371 557568 494504 567540 547388 534421 519834 534298 512674 533037 555837 504585 560475 511386 529241 553018 500469 536363 534794 529410 479886 508214 513754 543432 536854 559138 521029 522498 522302 566994 519393 517560 480243 553607 515527 521752 494470 491670 561080 485633 538457 491893 565615 525859 524117 516211 531543 569516 525778 529608 515028 538705 496410 513541 533432 503810 524816 464980 511056 513332 550865 476764 567439 550820 517969 502156 524138 528030 580861 512991 527471 566123 529795 527961 534534 550478 529583 500978 526025 532604 529369 558428 503164 538438 539351 511720 489687 494699 563247 476981 576887 523751 529505 508957 515476 567972 505928 547577 555949 518795 526364 545294 531280 515410 472360 495149 567444 495135 477730 511975 506199 525541 545637 556304 518883 507698 539408 506268 525626 561424 531512 533179 531567 541925 525435 523186 557535 541880 507858 575504 512101 513631 514088 498852 
512543 482858 534605 535528 493389 527105 514756 493326 471348 565673 540402 511461 517850 529179 470678 499250 518284 498273 552141 458685 512447 473505 541059 532726 521867 491317 550364 509224 510552 540994 522414 503408 443200 529962 523877 480261 508104 502999 461402 516672 516513 516884 509916 535951 507690 475374 555240 497337 494570 519122 534209 516595 541141 469674 534411 496872 575099 502566 521520 480939 545471 495523 552078 547172 500701 516938 506617 545681 475663 505901 542189 535820 527362 537153 523797 514334 547825 480042 526041 530512 520808 535076 484806 491721 512196 483432 456675 499291 473284 524412 525116 539524 501235 499992 509443 531595 493596 511852 482272 551880 518299 534237 522550 464447 542002 445772 505257 486164 555355 514524 503795 471172 511253 535549 511761 530614 526878 495655 464834 509012 521998 488524 514112 483341 499025 515501 511986 487554 591766 538701 504833 490719 510945 510839 561354 510411 533581 543190 512548 489679 510453 537152 537263 496954 523530 517791 501925 549945 507544 534018 501772 487128 489117 499168 531137 473097 547269 505061 504675 523389 518523 562827 500423 515241 540243 520616 506337 518270 518483 513429 459398 480797 524988 465785 467459 506580 501415 507281 498239 522819 492257 536969 530085 492872 497179 564639 510231 528219 514500 503956 514969 490007 541269 556569 489368 552269 504327 511276 503886 478843 
521193 533423 539994 564284 490106 552564 541649 511421 481432 552636 556642 533619 528288 497470 493866 495035 524270 524334 538598 481683 510995 499529 524804 533676 536655 503020 541061 520236 507794 532017 537128 518350 454555 497313 536308 509042 497613 516347 486351 515809 512865 524736 528371 567017 511757 493139 534822 509701 506713 522566 532365 496376 524668 494040 535442 487751 571103 521074 521058 530201 553999 506088 569037 538969 524577 524212 500784 534908 478486 536458 553216 540450 523697 541855 514895 509224 541275 484236 524673 518880 520002 539605 494716 511225 548738 510820 453590 515736 521188 537654 545663 552711 536606 518488 524559 532488 528144 501271 494800 538258 505213 509555 517909 476312 545723 474257 515086 480948 540357 532175 512979 513157 520045 563039 501825 521317 515015 531138 493094 524155 512669 512818 519642 461854 501825 514515 513390 509842 572238 544035 497553 530736 499535 530750 577658 506493 526346 575385 524394 492562 529448 538761 529270 499577 528809 534095 512972 536351 511144 517251 544578 498556 476287 507152 531173 503577 570335 519388 506596 488216 523086 551147 491237 517394 562910 537495 510408 527851 522666 528374 481348 478700 565373 479121 465173 504571 500799 510518 504510 540151 499718 514866 518239 506626 515106 551637 512808 505419 536638 526176 535735 516085 538208 540491 487403 552390 510217 529524 519738 484789 
465189 458706 473772 504386 461307 484957 492534 451594 447539 491354 500478 473096 479399 436807 429445 482260 481204 464752 480459 437748 471778 447266 466309 516207 480171 439836 488997 454271 449640 509497 485847 466925 411832 454988 523767 451688 459136 450157 447920 435654 469132 489567 480773 488951 493302 435623 505956 482443 463975 462706 484963 456020 496401 455736 486379 458154 525963 452288 496532 484780 495864 449536 514290 517603 468141 474444 443383 487054 426903 481484 502653 487211 458350 504013 462035 465790 507765 448313 475579 471454 474265 476990 438161 485375 471626 460763 427477 458654 449599 483629 482774 483132 470449 461842 482015 485842 479935 463659 417819 498691 469680 477638 455833 413938 494146 446615 469671 454554 510466 474674 477285 464303 480499 516241 479512 486497 466246 462366 451236 483736 482501 470242 468012 449207 457386 472348 471484 445481 519250 490999 451070 454149 446627 491530 521777 446712 469211 508391 460813 450053 502457 466116 474661 435607 490803 495912 480594 501545 466676 511625 456039 446166 452255 454088 500455 466383 520640 476859 459842 452448 484214 480874 439619 456512 535514 471892 470126 488092 501911 461496 410190 452045 503077 444505 436733 442304 469693 465430 478489 479230 456284 485628 463692 470428 483382 497637 444500 517526 458519 484240 483234 466845 499403 516031 452726 520536 458724 465209 481581 464186 
495436 468408 501020 516723 468274 492590 520710 483493 470292 519505 519221 483908 485031 476526 453591 485123 470625 489648 501478 440926 490448 439511 507726 489292 493352 490465 524209 474617 468592 490337 506314 451463 426285 463913 502963 477289 482285 467570 437213 468335 491767 498686 477445 497402 499234 465681 495615 472589 470210 483509 491837 484572 483995 472475 492685 471655 518735 441086 499674 470305 508018 459520 510736 531721 491531 471827 431490 482624 452961 466397 510505 517725 465763 496549 486788 472569 513891 455443 480723 477379 489662 505653 465755 469069 480048 471953 424690 484648 476521 509787 522434 511230 475183 463518 460257 488440 490980 496190 482309 509165 473344 485219 481902 407493 507050 461244 469204 481557 488584 504275 475159 446973 485913 507105 486205 496876 471917 489270 447255 483054 504914 475865 492549 424233 473999 465238 489930 453052 538335 509857 474699 486882 449659 521097 536960 484353 484048 512048 483150 472540 500073 463236 460812 443200 512127 496240 495789 514274 474291 496759 496837 460466 453457 442345 482266 434740 495645 491865 474731 454044 502066 516494 445428 491068 507598 469864 476522 485667 509069 475585 445790 457776 506320 457419 434358 474108 456097 458379 490131 496670 466926 492084 455841 470342 482195 505358 477475 518210 464849 500242 502138 505534 510522 510943 442099 525898 497746 498938 501583 459353 
510960 481427 515624 526850 514647 540757 503191 481269 483421 528721 520656 522526 486245 485023 448234 500587 496056 496387 516196 469833 479212 481206 500836 524056 538057 485110 508659 490227 496024 510309 519591 506570 438158 495518 492633 485777 496167 473983 488950 472827 487529 493951 514467 518593 511771 486564 534376 517548 490142 521138 513533 497020 495177 478546 497580 482776 563894 469504 518198 509767 537581 495864 531349 514636 476204 496647 478497 525212 472777 514228 523072 522034 482559 508066 475865 492437 524742 459189 498922 504133 492972 531351 492987 483680 495288 500787 451536 482437 484143 505979 496777 504094 488193 494498 508069 506458 507915 477979 463866 529772 492357 482962 488300 455082 525973 463541 496948 478098 530426 504164 524920 492326 502196 522624 509557 512318 492952 513483 467352 501709 513065 494486 522795 450423 495639 476617 530453 453749 584519 539644 489423 486756 492270 526243 544040 460668 505988 540605 494432 485165 514387 518383 491781 493156 548383 512476 477199 514562 479851 534338 508689 470550 498441 471408 502393 478240 556456 486357 486453 485013 519850 516000 488626 472241 560931 511194 516241 497618 495125 492833 454104 487030 521152 488848 420156 502068 483308 492916 492277 526925 492710 501949 498841 488168 481934 520062 514214 517118 486499 491234 519075 483576 523892 538105 472837 556781 500445 518781 513389 511343 
481411 493763 516171 500224 459959 527739 494615 449882 441701 526096 514223 471391 461517 477694 449333 482822 490202 485896 511948 465180 468425 484164 491202 515140 501954 474309 506768 496591 492245 508434 510698 474109 415259 475940 471376 474033 475683 469666 436420 474985 472410 489154 492743 506522 480476 448660 518693 474206 486193 492147 515175 476613 491217 465712 487310 474083 529797 494562 489362 506192 513021 466574 523419 495918 455108 481851 482858 487460 451498 494173 528585 503833 486889 501554 473500 510687 513690 456727 486858 500584 502230 496190 456835 484290 509349 487748 421172 460391 468476 518785 491748 498340 482824 501545 484129 499438 493613 480879 462495 498631 500380 508799 507297 430025 512353 449049 498842 462486 519408 489368 491993 456195 465369 509755 464795 508755 479131 479710 467960 473695 482421 486681 481680 441881 470661 479348 507361 442250 535876 491823 471295 468543 465809 491232 534733 468204 479194 511459 470866 445255 496511 509749 478992 480372 497861 484755 475989 500662 459601 475705 490609 470550 444244 472134 496166 444673 539563 486063 500543 475091 491975 508720 463202 457219 513341 492600 484326 492211 489212 491329 432191 443876 516563 445147 434135 455080 459826 487447 473660 512180 465631 500018 474142 465748 494929 522067 447037 473515 486031 487000 511911 475937 497933 525306 466146 517820 488112 476116 488079 475265 
522112 497376 541133 520820 486035 533547 508985 484757 478714 533368 508909 508525 484906 497400 452302 499321 489708 512785 525968 467100 510622 457472 521032 531962 513910 483248 521493 515592 485725 547656 504103 494540 431821 490336 525690 482448 470021 502655 472839 486769 506028 496906 517355 516497 496070 459945 511384 489843 488234 486303 525088 488032 540199 480611 494506 501790 541857 514697 523265 516551 523920 477035 545226 549273 488927 487379 482666 516339 476784 506866 549799 507297 480879 513318 504608 493834 522635 467483 495224 489843 514059 517446 469712 504620 493456 475824 448244 478358 494812 544037 503501 506134 497572 507470 483597 511780 499306 509074 480633 518091 513851 498234 498861 450875 541525 470968 498616 466122 527387 536025 498269 460412 502087 535401 486744 519801 501735 496614 463000 508293 509662 514583 520395 459252 475432 509233 542614 460560 557365 510309 509728 484996 470034 517328 558109 474308 498690 531052 481408 486663 528965 522101 480529 481226 527651 520093 498730 517354 486209 500990 512810 484141 464682 475848 477303 466731 541579 498326 502284 466973 513713 523634 485057 489472 538689 524030 489398 497722 516530 480349 470194 476543 529421 472066 469676 475029 492610 479054 496897 518936 481255 516123 483654 459905 499242 543381 483570 516129 487074 514097 545037 485456 563280 511447 452315 536192 498839 508021 522306 493571 
531507 495057 521333 523885 495789 534910 528504 478214 448216 544888 534789 534003 515358 504982 447449 505354 489331 516130 561656 491274 517273 465899 525195 533925 516459 501105 536661 490989 494996 557440 507894 501242 463386 508967 510614 492862 486662 513578 469526 481195 517503 500838 516884 520891 520992 481794 524977 498490 496647 490938 515776 494316 555595 485942 512722 492491 581984 503215 525133 481623 538419 503269 550922 534849 502254 485820 508611 525374 460599 515025 520484 538421 504959 525956 502074 502603 536065 495601 499260 507328 508567 533914 490902 504240 500883 494651 461107 521294 488593 499252 514582 527460 518466 495376 517589 507292 520562 483069 500841 502280 506777 503493 511225 462448 538047 478871 520338 477892 527229 521205 489338 497586 512428 559631 515405 513564 510522 499939 486793 498475 526618 479002 516292 453828 475101 498241 537602 490512 574023 548091 509584 493010 480884 517992 548527 497410 514990 543356 497561 493044 526078 538432 501525 474065 506690 519446 490534 546803 510222 521163 502679 492584 472712 517671 511911 490035 575105 482021 510470 489170 510787 535016 485829 494487 541747 517842 510813 516698 506685 483459 450890 498143 524336 455033 453548 480542 466854 509168 507049 532741 523154 522914 483572 496369 504457 547387 510484 527444 510128 522564 517363 515349 529761 549700 494926 528391 520309 523378 520543 493359 
486790 479321 485730 495477 460349 482093 477959 459236 448500 499077 515658 480039 478624 465993 423655 479522 468942 483171 493191 434273 464126 448223 491291 479945 490897 435822 490083 463671 444501 488106 480476 450206 415172 478497 469171 453301 467587 482164 459450 454311 477105 482985 487543 502997 475570 458174 500651 460364 453209 466038 482412 468792 488108 456406 477417 465295 523524 460332 463584 471649 497500 439307 497994 512377 456337 502014 456865 495978 435049 494353 488504 486927 461591 476357 469843 464596 527501 438787 466840 471812 480861 490677 475596 478881 472335 463133 424201 462495 460165 465016 506918 485100 485806 468994 483568 483172 469460 467367 454412 473303 472124 471849 449636 433417 518172 443610 480087 463736 488605 488813 480532 451058 485524 520806 480689 476122 452886 488402 433506 465854 489555 463367 484705 417853 460891 475985 509341 433290 514072 490584 467358 453756 437698 510762 507689 456545 494346 518426 462799 452108 497449 461811 484046 441292 471458 469079 473645 489381 474071 487678 477469 442921 431301 446349 494104 444708 510709 470363 467077 440731 470320 502807 440725 464616 522664 487799 458012 489050 491953 470210 442567 460726 466770 416803 409396 468970 452263 463083 497138 488375 456298 479444 460758 470471 472382 498047 462391 505096 462664 491507 484318 465346 479871 509044 433092 528880 467109 465845 481844 447115 
520836 524487 553898 554091 494310 543531 517920 487542 488029 535892 539351 529751 501051 506029 470245 503665 493835 515545 552660 485543 500150 468892 534150 536215 540517 487784 544587 515501 511188 551031 516884 499194 457212 527411 514110 477630 485278 497330 480685 524582 523479 522806 508360 537007 507914 474535 534706 522446 494002 521726 516740 535041 553934 477632 531509 504727 566709 513053 517799 523029 552247 509329 532883 564812 509062 521463 496549 539625 457766 509412 538080 538969 518659 524597 502618 495467 543196 460395 515267 523098 534107 538446 484997 504831 529853 493708 461522 494192 463481 537020 532462 529264 523911 499667 519327 536344 493235 504384 494877 511655 527484 518503 501379 476905 546526 476079 503598 499667 556813 514956 530930 466714 528269 546649 527984 523624 525531 528016 479219 508275 518826 516038 509242 452547 500949 519287 537900 470676 570065 555088 507043 515928 508711 509429 565980 500192 522687 524148 498662 485272 520766 521041 536854 476626 519699 526782 515288 529457 500524 497930 511512 478838 476081 495699 506038 476744 546694 516154 512329 476136 512923 556456 495216 491243 541630 531726 518279 523537 529172 500905 470007 490544 523222 442442 446137 490783 498762 486426 503968 535595 500884 547030 529286 498800 525271 572179 498336 535309 518140 527049 502740 511925 533669 528536 504149 551045 518374 519387 508494 485200 
496565 462525 498150 504845 464296 510533 505506 468317 442918 494071 524671 487135 476085 472228 432592 468203 472923 491060 513833 459107 481345 451551 495348 496221 499918 431706 513114 485998 461305 520483 499474 468584 432550 468242 482089 482746 475776 478754 465988 472751 493554 479016 483578 518985 520978 457731 510007 492532 468227 488505 498086 469993 514263 458253 471401 473896 547917 477183 486218 495150 506358 446427 505411 499593 492207 492337 481401 482253 439971 489551 506814 485017 471366 522518 483497 476272 519557 439008 486666 446986 465206 482826 469040 484686 505017 468933 436660 455986 456501 500921 502664 498957 493427 480758 488279 489067 485434 468842 471401 498485 506182 488180 493263 435113 499684 461922 482480 452693 508929 487631 475709 461066 475043 530885 498810 520732 492049 503875 445584 492509 486837 451389 508616 450166 453112 526096 532677 471447 527879 526378 488694 482881 456890 523071 511478 480797 477095 525727 445317 454482 517583 471746 483766 452759 495020 504780 472552 503266 495503 475518 498052 446570 441767 475051 489527 452337 531761 475645 463295 459201 462625 506916 464906 494366 520496 496096 495296 487855 488584 479394 462516 465197 506405 432416 445368 459039 460273 482419 470696 481991 463223 486035 486400 479202 479046 511175 467685 524070 478531 490118 480254 479212 505484 517578 461958 516849 485710 483640 486366 471586 
520898 469520 489424 521446 493511 518296 521467 469319 460145 509182 507641 513495 488360 489885 446480 479080 473671 497915 520732 454036 486352 467295 530526 518439 524869 485855 510647 503979 469850 536377 500047 470882 430260 488351 503701 463678 465135 480487 467324 487475 492947 497292 496360 495880 491933 481836 531430 480854 486976 484933 505685 497191 482556 463835 482651 468224 533284 461825 513504 514237 535238 480917 518703 520892 511322 476575 499883 496996 443433 505165 505735 520854 494068 509399 478070 494656 517197 463812 506948 497623 489567 534001 470773 479120 503201 476309 433645 474361 465503 511550 508368 499364 484730 483379 506862 512802 509409 487987 457681 512329 496987 502944 502233 413390 529341 471246 511400 459397 538508 477631 482755 484253 494712 520163 493942 489148 514348 504385 447101 487554 514548 480383 500952 473420 474450 480587 519433 454031 539586 496309 469650 478924 474394 503285 519994 491722 485850 522144 488466 459779 514461 506712 475799 491682 529104 510263 490445 520014 498281 527847 499568 471202 455584 485542 481897 451847 546702 479381 463433 485668 487562 522501 446160 488904 522904 496628 486212 504836 504455 482583 449169 469645 530191 476600 438606 487517 467790 475698 490221 500049 475445 487311 484759 487114 477395 539873 476409 522588 502577 506523 494283 482751 523965 520421 460126 542265 486906 487531 502590 482620 
500705 490389 501503 517136 482693 527336 495527 460952 435086 522300 523190 498522 476824 510506 429545 456096 477762 499270 511308 454180 489904 448019 526127 505723 498195 463817 498253 507705 468306 508493 506679 474585 431452 488232 497213 475565 495897 469882 459900 470956 491054 515482 494906 514871 499269 478738 513068 492652 493857 481887 512466 477179 499294 466777 503285 471951 567047 473401 509972 479584 545734 511948 518380 530711 483753 482835 461778 490571 467081 493388 501802 501158 461052 504232 471447 469676 522603 448745 499818 474196 508564 519295 456840 499376 497503 479244 420204 500805 472339 499767 502921 504390 487644 497364 497246 519907 482490 500138 481678 512519 520161 482214 460635 452991 529453 452673 500858 466184 520045 507181 478398 451020 477680 530344 513815 493391 479228 505288 468540 487076 523878 474040 477909 444463 477298 480241 511192 436153 554361 503106 498786 483246 467621 521302 513236 486491 483412 522594 500370 481643 509228 470688 490620 455463 502733 503941 469414 517254 451271 516969 494621 468868 464993 475477 496086 453148 535210 495322 494563 449270 484738 489938 459827 456362 535864 507149 478572 506341 475826 502031 424994 453163 523443 451574 437017 464987 457791 500612 477055 508342 475880 500591 454790 472938 503495 513688 505661 487955 478173 511275 494635 498996 501171 528713 456086 534702 515762 488345 487690 495420 
466404 471956 481176 479096 446198 492199 484811 431305 435877 483089 473323 457467 442422 450070 422515 438193 443398 460506 487521 420941 474646 448863 459238 472077 487462 441311 489918 453847 451873 472940 467189 435829 397197 460153 459552 453098 463461 452135 419100 453564 461772 455182 472514 467191 459715 429697 485349 446404 443987 450694 486059 434186 455266 439196 474238 424961 510320 445662 479019 470296 477105 447538 499811 461042 459301 453823 439168 457369 418988 474261 478980 482346 444284 472836 466478 449895 482205 408810 439222 469206 453142 472183 436794 466029 465738 440468 414026 435408 455455 479805 476408 471464 452642 458341 439003 474849 462230 460595 438550 495029 444377 460603 457134 430413 488225 420620 451477 443762 477866 486776 453190 422189 431961 486919 445346 481900 467731 453571 407577 462877 477792 449128 468876 406987 428226 456998 483781 424035 503093 505324 442527 452522 442649 489454 510903 450694 467845 488515 445637 434008 457708 470295 456689 438161 476454 460714 468782 485215 431197 465728 452502 442074 412869 437797 465608 418440 496686 432325 435117 462957 474190 473213 446076 436781 492956 464450 459225 463105 443833 472921 411932 436653 466374 414386 418455 449956 422925 450940 439979 472286 450537 467466 431951 416398 452966 499508 447029 469320 475919 471966 513408 459435 464978 485035 459675 503443 426480 478116 462855 454881 
500779 505753 522821 561048 503115 544714 528803 501627 473853 553346 541966 518408 516497 491707 461969 507887 493586 501501 541686 471935 508738 496519 531267 531521 536305 489045 544954 522358 471459 553881 522655 501281 439740 509387 530346 501839 500322 493411 458545 491574 538970 514443 521405 531862 544792 492890 544066 500576 507805 517905 522462 530956 519233 470522 505831 498085 579853 489206 544929 518653 523395 505929 539940 554042 504321 515517 505194 500066 457264 520703 532737 533818 502660 535684 516629 515815 544125 480637 512131 501029 523468 524655 489658 517329 526817 506542 456972 508914 502883 512952 546844 532035 496839 496875 510291 525955 497506 527189 503457 507049 520162 507096 515720 453502 534462 492392 498890 487723 552260 527060 517139 477649 504305 552164 516726 524372 514668 505173 463922 500729 534269 487582 529946 480576 500007 514483 525247 484948 569581 552150 503507 526371 504528 526784 568733 486827 526623 531406 488421 508610 535048 528484 525566 498598 536799 525385 495533 520643 503061 548474 498721 500379 473333 507093 519629 467566 575291 507242 506138 493204 513550 547663 505361 513423 559614 522493 514059 517111 526194 496960 468291 484071 543047 478398 429677 478841 493580 492501 505876 542525 498233 506838 490870 520527 518436 551251 504471 525615 514253 539875 525166 514683 540277 522820 497829 561453 499795 508891 497909 487697 
501360 482597 504797 497844 463038 505493 506470 460737 445651 536042 515826 494700 486633 463554 430241 466560 478517 500611 498835 466943 469710 467835 500065 491727 510914 481179 496762 507274 476506 494672 506712 472110 422308 472240 491426 449543 465427 463443 487825 481882 461871 486865 480764 505940 482513 486178 529326 478334 454952 475708 496074 460867 488134 431351 475115 465393 539341 462914 469858 461055 497753 448740 516909 509348 477958 488535 463336 492092 446123 485228 510718 477301 472563 494232 469157 492585 507951 444914 511415 473259 488775 494268 461508 488306 477665 479283 431766 485022 463535 500528 484297 492070 498156 478663 472202 492226 472337 489151 475285 502836 484381 493469 471006 422285 509812 449234 470965 462210 504357 493850 470168 472209 469599 529788 462135 499376 450125 491131 456424 482999 508295 469860 497502 416767 464890 472866 491645 457993 513664 502696 475649 464949 452639 478313 509338 460862 496098 506777 466422 483385 489081 503440 488464 455338 493150 473191 495152 504496 469711 483342 493803 454110 444014 451700 481876 459350 521415 495293 484210 464250 485423 522077 434298 465520 499225 465544 459495 478034 489518 460416 419534 461245 514494 439780 427232 469339 478126 487558 466932 494963 451717 491258 464105 458329 476989 513686 452104 490198 460465 491287 478196 468811 503251 489535 463494 505097 470631 489976 476202 462970 
508765 499568 526501 531320 491404 547363 531626 485506 497795 541098 510036 526937 520803 494810 467032 514658 520067 522675 509149 492099 525472 482023 509224 529975 555074 506575 548122 525051 495893 545087 551483 490360 465368 506661 521799 497581 496378 517786 495516 504540 518471 529587 531435 532595 526192 501155 525029 521510 521865 516936 545254 525272 543932 493251 516735 519993 561775 487234 542241 539050 531263 496326 563577 531930 522553 508796 496561 520630 473576 539692 545642 533451 535560 521558 508828 508196 534691 464641 525725 515836 521370 531493 496678 523535 505994 497094 462639 494645 497400 508197 505271 546019 516520 521675 534408 517160 493838 515312 494482 531605 515580 533043 518001 447605 536991 480729 539522 501983 568056 517494 532175 487487 512855 565000 524086 528072 509547 501626 482414 507254 563963 502725 512173 460927 495226 507377 516375 483363 573378 535154 514299 487774 505634 543762 568074 491769 514378 542154 514688 488340 503628 516249 523024 485105 544484 537107 493722 568545 506409 536211 539524 469239 485750 502209 514366 491169 539417 522795 520644 487405 508614 526048 481381 499305 584478 497529 505148 534967 504442 509862 472361 493068 529231 466151 467190 515320 492257 518327 518713 531152 508521 515818 499354 491310 516801 543546 487889 555249 521253 515557 539996 522021 556403 541644 526183 571011 497634 521815 523638 514590 
492445 486878 499365 511947 464894 516242 493314 468867 425686 495293 516412 469805 503710 463509 422553 483306 472765 467804 520994 446260 463539 453378 512395 511739 486339 456763 508376 485986 460572 507563 501289 487723 433531 499054 494873 442384 461147 474236 464101 457649 483485 492408 488564 506081 494800 460557 502594 467195 471651 491342 513549 470853 496305 442956 472120 474860 546405 469766 505801 486800 519205 480518 494578 511797 496278 471579 464936 507787 451253 498107 508295 494742 483465 499626 499011 471717 503637 451725 511300 455284 482810 497847 475894 493339 493600 472174 430659 454914 469263 488269 512162 494491 480354 471265 492703 512361 492740 491732 444931 493524 474865 489562 491861 436999 510124 445147 489526 463901 516379 495010 480854 471228 467567 536507 466624 493196 479968 490161 442318 492658 506506 485474 490459 444630 462045 481375 494237 459676 541728 520273 466933 467178 467070 520358 519940 459193 503694 514704 463455 465256 498445 493292 478303 442992 498544 481304 484313 518674 483084 504489 481918 449518 442125 459886 481742 478480 527929 471687 459360 457932 467616 506241 463269 473223 516901 494469 495624 471542 486262 473582 444275 447115 502999 452879 419746 450641 466621 485054 481403 502893 463018 479548 473553 469789 480022 500433 482485 511091 482321 501786 506167 472131 518818 512826 455900 510584 470930 488221 488521 469198 
509884 506144 519632 536890 481452 525885 513697 476305 457206 537516 532779 488339 479006 496035 446551 492557 485282 499913 511496 443920 478089 469021 505816 509754 500481 468119 519945 492447 470816 511087 493006 466463 443721 486534 509737 493163 455063 472186 440400 477491 500494 503399 512755 525619 516407 469035 528178 490775 466842 488525 515858 490761 519644 445390 493742 472224 544762 476943 496845 502605 539547 459945 520994 523879 502146 477671 463379 499660 467426 506930 535199 531379 472835 505496 462516 491582 536583 461830 494113 476385 506722 528733 459450 500284 515963 476162 437598 459136 468462 490011 483664 508400 476708 488007 493066 501136 481714 502030 502649 534821 536356 516426 480697 452596 510210 465958 485997 464156 507741 506805 478288 478590 463299 514881 496945 513163 504713 503079 466438 510229 499653 488463 495876 469179 460289 485173 504678 452731 525195 505754 477441 484513 456130 501380 543162 497640 490013 506891 476369 465899 490566 497227 476182 469938 513952 518261 497597 533516 474847 512445 492064 483710 464020 465434 490899 468929 542270 513758 485605 453389 514042 510530 462886 489795 549740 485956 480007 491663 517210 477190 458517 468799 517152 454771 450474 449859 471452 468082 484771 521056 474233 500438 475831 480170 489965 538579 472822 519021 481249 508489 496810 504541 506405 519144 468287 513294 488466 519528 505560 459737 
494265 486918 540436 547216 476800 534654 520064 479293 484844 523266 515260 523042 505184 497815 460455 507904 503157 518036 534813 487184 496211 483832 493944 530172 524932 476167 547532 505916 486097 518553 521175 491758 449398 506222 487960 474825 489002 489720 451894 485069 507045 504748 503726 517048 526073 458788 540901 490506 523775 515421 537720 495461 536651 466862 508783 495204 563606 482783 519664 484502 518108 501314 529220 538282 486139 514369 492471 535740 480681 513747 520906 551615 516535 499537 495867 513993 524459 498544 492499 490800 502899 523435 485123 487096 495404 496423 439490 476382 469254 517342 527425 519314 466455 488299 507203 514489 507606 517512 490047 503330 512524 497908 488549 461104 550211 485284 492613 479166 531951 495875 507439 470069 503155 551064 504960 525221 513577 520804 476002 512518 531586 497421 529685 459517 473449 506562 520100 477539 551773 524982 472032 476713 485293 511455 524449 513934 516298 551900 501144 472450 500578 523468 512203 486372 507966 510138 499012 557222 494104 503148 518562 460138 488566 469013 501604 454987 540241 503350 488548 472241 514512 531324 468415 484498 531580 502362 487807 507977 505906 491778 483502 469018 519247 460574 443027 475199 466017 479070 509611 524958 482709 502586 503480 471622 500248 563525 497204 525065 492622 512280 529356 492895 524889 532962 484047 552792 496528 515217 489164 495375 
522759 509141 545541 552161 510230 536127 537524 499979 479591 561715 542206 521636 500361 520557 454582 518124 506808 524796 545653 477497 515885 477784 524867 531272 562753 492756 522507 540994 498546 538901 535682 524074 472468 498834 515745 506090 511091 510505 522526 511975 517687 530701 524299 522695 522231 510562 530469 505978 490027 519090 546744 507232 545172 484638 528514 520434 582555 513783 508072 499485 529229 481075 547916 531653 516506 516342 502079 512667 474252 535283 532990 538995 513547 527776 516093 512268 553198 496508 527665 506712 526529 530678 493434 507962 530317 500232 469140 507047 493107 542766 512074 522755 503243 494175 515094 520719 523600 531653 499332 544450 532728 527683 523327 467898 547426 461667 524731 483341 553973 533055 524920 499605 516971 576113 511734 512836 506741 505689 481489 515817 556874 497614 526745 491916 497865 507154 535039 466945 564564 541946 532554 512498 508998 545893 560224 489131 528999 552632 527705 496107 521665 518732 557034 496090 538236 536792 516954 556478 495247 533241 516819 500721 510974 484965 529708 493281 558192 515285 525208 477618 522695 535732 491812 510851 577159 524679 519141 508302 525998 496783 479247 503501 544615 476599 467331 514027 481240 507735 515084 532463 515469 513094 519769 505506 513852 543368 526511 542048 500942 524982 545272 519212 550586 556186 484089 547958 504027 545864 527915 531265 
512120 476240 518882 530261 503147 537958 504338 491000 481988 523263 552476 534530 502643 510335 447823 501464 501975 512634 523202 465852 508694 489089 520806 499356 497227 484782 527135 519637 514113 528803 550448 519224 438161 531380 515103 491681 477921 511397 489729 491014 514917 515447 511442 535364 526680 474162 529125 494344 503066 512009 537179 525586 527537 461669 514016 520139 574597 478829 508960 512091 526298 497160 545960 571191 485572 519443 513155 533364 484757 529298 547750 522008 497313 527431 512091 496214 545798 483444 500915 494220 510386 535133 505601 494038 510972 510532 453385 493812 481270 506236 525974 523378 499381 498447 519559 515130 522957 525451 487140 527534 515806 524752 506830 472509 543015 474867 489573 492810 542587 517182 509739 502576 509946 544806 521169 523060 505848 517291 473275 519209 541035 504546 523915 477573 483074 520090 541842 483719 571031 544578 504512 476685 512508 522434 564040 517306 521578 523206 492956 502186 526254 529599 500692 502436 521288 521075 506730 534830 490737 523337 524920 491827 491044 483197 529600 478088 576564 508359 507530 493491 515844 530764 485485 525951 547211 508921 512364 514935 517164 493207 466156 474480 528860 473343 451349 484304 504267 509489 506492 530394 477686 531356 519895 497056 507020 541251 489410 548593 488218 530366 533429 502670 529101 535849 493345 559871 477381 541095 522280 487997 
472459 462785 483827 489444 470635 490847 488668 440271 420827 465994 482718 466128 455162 453387 414081 457717 471474 483525 484344 452959 464263 441144 480260 491055 498899 442847 479407 475043 449183 483804 467529 466749 403601 473455 478869 440747 447564 448160 455862 449063 459648 511096 479252 479176 461009 450516 489226 464686 468071 472093 477858 466491 496650 429903 488412 478283 506062 446093 452389 489369 500741 463518 503994 492756 461764 465249 461320 484285 444379 492365 495706 496936 479527 467720 492632 477213 493944 449639 459037 465247 472795 471515 429421 449740 465905 442072 433604 455802 449208 459910 466773 483484 462559 451703 466500 493262 471094 448198 445660 478814 461642 488253 468419 411017 502255 421901 475168 439823 512892 477292 447375 466344 479937 500531 461175 492525 459938 470405 444576 487798 496164 460031 495825 429272 444656 471405 507167 432143 517651 474136 455474 456870 427433 458575 514817 458126 496823 497145 465517 445076 456603 475235 463515 450924 471803 493613 480461 491329 448949 489016 489389 445995 438434 446247 462642 447539 483447 467681 458153 440982 483475 476261 444811 444646 485980 463576 462515 467870 476453 467305 444561 422862 496931 416714 421846 445551 424963 460789 471652 472885 433068 482400 474395 439685 484876 518940 444784 478685 445657 476004 494337 449511 491262 493765 459208 499707 453394 469098 485747 459531 
478379 473701 516971 520158 478819 513013 505247 460282 457029 516119 522349 479085 510224 495521 439808 483729 490063 498773 490989 482404 490317 466291 501510 520070 502363 474343 515476 507043 468511 517637 487521 486716 431193 489097 495086 473857 476620 477575 494114 495906 496152 478854 485514 499451 497917 468909 517979 505057 503203 503914 509467 480206 498594 475790 474586 491633 543925 479587 510812 483007 521968 471927 512423 513878 478177 505584 490675 521243 461205 492697 501361 524330 491022 511851 498878 507383 523758 452131 500655 488661 488136 497728 447339 474904 495324 472734 452597 488998 479395 507180 493221 511823 496480 472175 479616 504358 498589 485229 457419 506387 488303 505731 486032 450095 524832 448838 482235 451568 509882 494892 502286 482665 488617 527641 492214 503301 465994 518489 470833 487259 506111 476102 485454 441437 479446 469322 531109 465494 519185 504935 476886 468932 473225 501702 522841 485355 479783 537233 490577 463173 491330 508488 501618 453218 490773 494919 469268 517110 492697 500680 485392 475621 479252 482906 484164 457932 526470 496276 476397 492834 493348 537443 467876 480878 516383 499071 495106 487942 509373 472426 442234 463288 544059 448086 441287 458557 459235 482772 496276 497555 463741 486439 502785 480424 488260 506748 463794 491002 490312 489027 498855 487645 501049 523630 454231 514878 478571 484924 479689 484573 
474963 454820 493842 456589 444874 495480 484049 435611 408985 469336 472721 476652 453910 462986 426167 451087 451443 457962 491666 448237 451928 433515 471378 460158 500315 430151 475084 458255 436032 496814 467560 436078 407356 474520 464331 443599 431553 443770 439854 457325 450782 479066 461243 470770 459288 437026 476171 443631 468326 450471 488837 439547 494017 443078 467974 457146 507921 449410 459590 462070 478770 452365 497011 503169 442467 449277 442967 477552 431669 475200 496681 462888 453105 488699 475257 464425 475910 435244 444426 440413 472044 455800 441751 457561 467331 446664 426880 440720 457666 445668 472380 493410 471334 468556 455500 466528 464382 452789 449962 492316 454319 456690 447267 435190 485469 425503 464313 444313 493020 487773 452519 423392 450209 496594 451511 495686 463453 440291 423852 472321 465688 454629 494369 430689 428925 462583 464957 417973 501654 470133 470643 438910 445673 475388 495051 459694 451971 484895 441567 454803 477398 473836 461844 439109 478682 463949 452589 481455 458290 440884 468765 417418 420593 438004 457726 425126 495863 450804 481674 433267 466067 492763 464524 465646 493258 446643 457234 479019 463759 465092 432848 409252 493432 403284 417895 432114 427720 447538 474198 469733 452570 478455 460129 434638 459739 487456 465247 474353 436642 463784 466983 453610 494684 485286 450663 483249 466756 461408 469591 453931 
531308 522439 556237 551761 526649 575515 555921 522139 496342 548674 544718 552500 498982 547188 478131 523800 517293 547287 558317 510060 530851 501665 545626 541575 546566 530888 553854 549753 512634 545981 544353 516530 461639 539148 507665 509653 527299 523266 506564 530413 542448 537156 543613 540510 531161 516188 566746 533505 524106 530611 563085 533461 560967 502860 535970 516026 605106 515724 514865 540019 552171 520331 556729 591607 532958 539188 511767 530574 505643 542624 558322 536941 536272 552442 541825 523927 557558 485021 544757 560844 547486 543260 518398 547761 555113 522022 476742 519895 515264 554591 573539 552732 533405 537354 552994 549235 520682 521176 510937 551169 517112 541519 522422 494374 575858 501989 528311 510431 562859 529699 551226 510714 533108 579099 518630 547260 544682 535520 496871 554916 556308 544214 540649 482902 533361 556724 559247 497046 582256 552855 533382 516754 523653 578449 597117 509957 568103 533662 522260 514033 549699 541638 563290 505452 527925 558958 541101 561108 547934 537248 538025 516237 511362 517081 519397 503847 587174 496292 522686 488553 524276 563173 517714 530123 553457 541560 526604 541339 563195 513505 491253 517881 531013 485701 494180 508893 495898 514777 519854 567695 519356 535255 534484 509632 518113 577387 537895 565597 513162 556355 527295 538141 550103 561639 527274 551447 525133 540093 536822 523896 
487206 487144 526640 510488 474589 523925 512757 473974 443538 513299 516732 500490 503410 476889 413194 478484 500751 495754 519905 473312 494068 475025 508673 529122 518903 480815 521398 477604 496820 536009 500043 479365 419124 457853 511031 464131 478367 479174 461427 496173 479148 490485 486312 516647 516569 484276 495475 490360 477175 486563 508884 498016 506138 476563 494420 478706 542261 470818 521035 496580 523076 482577 511800 505566 492232 498815 485463 520866 442318 478907 489660 511709 471968 497515 458962 479998 522642 441833 475587 469915 469296 511622 487505 501354 475571 465849 448247 487611 477166 502935 499967 491604 464447 470625 494733 505492 489725 482333 489003 489774 506887 484682 500125 444961 505992 470133 481400 465253 517495 508974 470104 438198 484624 514836 472737 519146 491007 482127 440959 487496 526867 498886 506441 470150 465350 498803 524696 440579 527370 532095 489403 486851 482942 519741 538384 456826 499464 527337 487642 467070 509778 492752 485118 455997 521317 487807 493806 510082 477855 482412 490591 473229 443805 483125 488590 426052 512398 465254 507863 474214 506953 537646 462221 464060 517709 479115 499979 511495 510150 470250 425603 452974 498752 458826 435800 475871 457164 461198 493815 530737 474239 496974 473516 486228 472558 539495 504391 499165 483796 506256 505149 504849 505833 526693 458477 531051 485549 479698 492007 478689 
460621 459304 493113 489326 445634 483218 467133 422018 414347 496900 476013 467560 453860 442071 406989 421024 449063 461821 503770 413627 478397 413300 468742 473893 494926 440932 489724 482728 458371 499618 474984 440238 374747 477130 445863 448127 446729 443107 441374 455238 454704 441307 462901 481535 472874 424119 482126 427579 460984 453599 461969 473491 501524 464126 453667 448455 499930 432260 468705 445061 480570 447978 522211 480431 458758 463110 458414 494275 412363 471823 487883 473156 465344 462047 462206 460577 464583 432298 462404 455621 463807 457798 437385 466407 466025 449694 433803 452161 445497 488497 451096 480677 433441 449266 439469 469066 441687 457111 443089 488273 461476 450095 460864 420233 498402 425808 438879 415101 502896 464496 474424 448293 435459 492969 461914 461760 483265 459544 396500 456908 477007 443937 476719 436261 444130 481971 467915 409473 493166 497448 450104 466597 437528 480899 515233 445286 497905 503379 437646 411488 459284 487177 445442 446684 487485 461860 473612 505339 451636 455674 428453 426204 427420 434930 449075 426272 476315 441025 437561 431496 450070 483978 463173 442029 493096 468068 481809 466440 453530 459233 421824 416692 459362 431068 411982 427533 447129 454789 460132 474174 442859 476507 457812 425119 427828 486820 458871 474542 459755 463230 483094 438124 477460 487853 454957 505177 458164 455005 447062 472177 
524208 503731 533336 547694 499780 530469 536362 483317 476756 560127 549049 543529 521750 497273 473353 513000 489846 534543 525467 466985 513604 512849 540239 529597 541543 496048 547743 516878 500780 545047 514726 487095 459272 521214 514814 503412 491792 498981 481172 529887 513699 525694 510944 529569 505700 505014 559823 501289 511642 513999 546709 518759 547399 496550 517465 507827 584778 484220 533711 502721 535492 509928 550415 530477 498413 497227 499176 517487 453265 513950 521580 525015 500676 509927 526481 522177 553652 504019 508033 500526 511266 529476 491933 520260 514858 504433 474456 483644 501709 528193 541778 544508 519249 498631 524019 526528 510472 506902 519000 529447 537972 548298 499548 459363 525478 494504 513539 500909 533962 535536 500265 499304 492625 565948 513914 530667 513405 516991 477846 496206 525352 488040 539022 456019 501078 497592 533070 496398 564715 526417 518309 492701 495160 534031 542766 509781 511236 558513 518574 502917 503794 520268 505248 492672 514848 534992 494488 546273 478724 506795 515960 510303 468622 502125 544296 485389 554529 499782 501748 487681 532788 545511 486545 517012 541788 525374 480628 535478 530716 508790 469142 485857 548028 457499 454033 487641 470909 506089 540203 525609 505133 505092 521777 488324 502690 550456 506582 526886 487125 524618 546609 518003 545369 542574 500789 550856 516701 538759 514871 516736 
537823 486587 506737 515822 485519 511434 523641 505556 460600 546667 543709 508467 502138 482013 444215 510788 482788 519936 539989 461209 499623 465595 525218 537074 521623 465960 547290 500657 487582 552108 501708 512581 461633 503295 498515 476082 517051 489442 487749 498579 515744 500601 504304 527189 521408 486727 524549 520186 502175 496494 546445 492613 525166 481884 498180 491715 563525 470860 504044 481076 526140 483871 560224 547488 491468 500538 490575 515009 455462 498828 538724 514597 497574 536947 499767 502341 544224 469719 515799 494381 484601 503796 468806 508320 480577 504714 469876 507899 487434 517370 493070 537797 502211 502333 504166 503368 514026 500915 481325 515061 482946 498316 498681 471079 531088 464864 505091 466937 523029 533070 515248 491742 510144 548101 506121 521640 497060 506685 484707 503549 543565 489550 534489 461178 492256 506974 500594 456012 544429 520781 480940 498009 467715 499620 552304 494861 513625 522200 509329 502854 512105 535174 528918 473141 497932 499028 494145 538953 492512 504031 485749 473337 487336 469902 514795 484382 561939 493176 487189 478320 496995 521993 496454 516927 556106 498213 506270 518587 509347 499428 457400 454559 544113 472298 459068 470455 499397 505271 512899 499713 497229 526645 503078 485900 501006 526345 496628 541403 485430 507450 514879 497298 516580 534707 492424 541983 510741 511785 491915 504232 
472545 471064 501853 507956 488422 497555 482238 461672 444559 517902 511169 489087 487263 470346 437050 464608 494096 496245 510607 457522 483974 457603 483429 494536 504734 466945 513536 501672 463659 513128 501110 479750 415323 475102 500615 451974 461394 473096 448232 481438 467796 491459 482053 494631 494753 459834 508563 468284 492630 473277 482076 467303 514021 462145 511382 489042 527000 461427 482602 487107 516974 489622 545040 496921 466619 487569 467812 514345 452137 507836 548622 515225 492727 470968 503993 484706 519226 445285 497277 488944 488510 499702 448924 493590 466853 483007 433634 452460 470893 505803 488354 506564 492181 477969 493435 506381 475752 478273 450479 512762 487559 498275 483913 428673 520502 442622 489540 462962 524284 495177 488683 478150 466296 515770 463082 513098 477329 480431 474570 494833 514301 461307 478309 427609 474312 470293 510778 460670 526139 514927 470819 470582 458181 494970 539983 467953 489539 527285 473307 459785 469831 500279 481669 475501 526204 468134 465373 507952 443372 492313 481324 470697 479827 461142 502743 456309 497264 492862 480050 468081 480183 506015 474992 464827 513305 478074 494251 494987 483020 496646 436117 437958 525763 436062 430183 458297 453184 479452 483495 484100 458583 510119 474289 484455 493995 529636 460305 495537 469224 499032 505901 476485 504168 497834 465492 521156 480552 501463 477361 491566 
508044 496590 518585 513376 459195 514254 507520 482980 445068 516841 510233 506928 500304 488340 436032 471453 481389 489434 537461 465125 480509 460391 492579 520595 508085 479421 515986 497600 471452 520617 486008 465570 441482 466582 481482 477857 493327 469502 465453 466631 495747 495697 509726 524610 486489 456291 504195 499462 497736 466781 520604 474408 532965 498912 484055 465068 531186 487446 509430 497461 512185 487157 520548 509403 500096 513546 492948 494305 428439 488349 524026 499543 481159 509664 486242 480787 521254 452136 495407 471147 488726 473620 477305 507087 505285 466634 439894 488024 463828 516130 505198 515522 465398 494028 495908 509820 474504 487968 466587 481640 490261 492922 502355 460945 522509 461982 513372 475497 509939 518577 502361 456469 481429 514065 483134 497216 505580 496800 447360 466650 503028 486355 510728 449144 478786 488360 501976 458856 536939 521440 479058 498778 481684 508041 541813 467059 480954 521451 470448 474388 476134 492396 498108 461493 501643 491542 505040 532135 473869 470564 462655 463062 440161 475245 518841 452094 508932 472319 476348 477660 486653 519832 468331 473386 549305 506542 486438 500777 517653 465423 441599 476452 520130 444287 454657 454539 461067 487303 494869 531475 470188 482596 484520 469929 475347 537748 498128 501807 460858 504267 517385 493638 505563 524624 472993 527192 491059 470611 476646 495333 
489363 478431 512585 517766 472570 487762 502029 471346 456906 523758 519280 491623 484823 470015 428579 490654 471395 495257 508264 475952 492367 430663 481938 502939 512842 476853 515761 500358 467178 519030 512623 490594 404375 473642 485855 468880 479526 474114 455693 473256 491446 491303 470930 503653 489546 456534 509663 468859 487584 474391 504498 485221 519555 438971 474781 462054 523061 480587 518394 477503 504454 461172 524103 495678 493941 474142 487435 485775 431678 485686 512924 500321 492527 478678 495779 486615 498975 446256 477411 476313 475567 492457 458807 496452 497283 478998 426387 466269 459156 507601 485580 500914 473097 477834 499243 481940 481146 490831 471426 483359 489264 484669 483561 417584 494408 442612 477616 454865 507196 502206 458359 469808 452758 516325 471728 494588 497054 481876 455255 471497 506231 474767 493839 441641 480442 477147 499042 446327 519813 505416 471446 463102 448919 515117 548358 456694 478770 512020 466978 471332 500265 491802 477873 457934 497306 487584 483739 511965 464116 478924 484005 462937 463402 445339 473553 437977 516187 473415 503248 459524 470992 498955 462873 466404 525165 471037 467293 499256 488382 468808 434905 454839 506174 450502 440112 470242 460945 487083 442687 504774 461708 488683 484238 467706 490616 515213 466943 486661 489506 476047 500797 478796 500589 529282 476305 525934 487140 491843 467229 446613 
548013 512026 534378 540678 522136 537842 532161 518524 490553 559466 552586 526838 528154 497250 452974 535064 535899 530816 551956 492617 517341 484789 537505 544791 549564 519762 544834 546622 511933 543436 556115 495044 457944 514675 518392 482248 517090 537444 522821 515534 519942 515580 538105 523541 523461 526574 549332 503889 515224 518167 542100 516578 540387 507396 521118 503866 591190 508712 537966 505607 545320 514455 555785 557468 514767 533881 512034 536990 485951 538936 543351 530616 532256 524748 516665 521324 561730 498197 530662 516216 525611 520925 524050 530390 514005 512480 478277 523510 488436 547334 530037 536359 497127 523859 528228 548290 538734 508755 502363 548378 507473 540032 535373 475136 578532 502419 528719 535274 560799 535792 518614 515726 525762 577967 519429 521017 532367 514187 494093 519753 543152 507118 531923 478610 516062 524932 542089 474288 598093 544724 520025 533935 511242 540986 569205 498654 525974 549381 499888 500736 523194 535452 530966 495962 556529 531661 521275 541992 509467 537349 521820 527981 490284 512380 551796 469233 568903 520108 530189 494062 535818 536615 504935 481483 546116 517117 519637 541284 536149 490520 467130 500262 552685 476608 474686 509988 480925 513935 529887 545179 500992 520708 516732 514761 513922 559781 523270 562508 511084 531657 533857 515613 542583 565853 502956 567324 512058 510232 533808 518752 
468415 438314 472002 456454 423510 475425 480047 447861 429733 469783 483581 468360 461102 450494 428039 456386 430733 467229 489715 421796 444660 423989 459193 471799 460527 449512 470323 464166 440648 479247 457705 436226 412892 465457 440027 455756 432681 448277 452426 455863 468296 453878 466191 465026 455917 439079 489184 427441 439033 446091 478760 440206 452928 440447 416303 451102 515965 440622 464400 438885 480388 445547 485278 484279 433415 463578 448927 459311 418112 442553 473604 476905 462931 464680 432169 455547 468102 426595 472563 453129 457894 476686 433282 459252 444026 452511 420752 454006 420371 482617 462300 457459 439640 472585 462551 473993 472169 456146 424893 448165 467251 470179 453326 432419 483693 397192 465787 421476 472070 450589 457620 414202 449744 463737 441903 471821 482740 462931 394937 443287 485332 433023 475818 454153 434100 444236 490148 421813 487380 458458 427166 440415 458171 472317 472465 420980 440832 488369 456687 418860 450663 470460 454691 464504 490073 470419 442635 502158 453175 482118 439263 437693 432577 434173 481535 427455 455745 436466 449416 436022 461973 457336 433342 442954 484484 448662 448150 449129 499088 419135 426298 436871 479770 422094 409772 427629 447189 438477 469797 479021 435113 440295 441553 434670 432655 477122 455389 485594 456922 460251 446129 459396 457328 481579 424562 496490 445849 437679 453201 437200 
513773 485059 521652 525928 492540 529891 509416 476366 482790 513768 515269 504218 504947 492189 444877 487409 512536 507950 521359 458101 500176 476057 498146 506416 522942 484008 513937 515655 485037 542800 508070 482327 438692 494836 507448 471812 477925 484217 489618 495331 504073 505115 508696 528403 508559 466629 544194 474312 481852 485384 515323 508260 526579 475403 493552 498337 559534 492025 507001 504331 510244 488212 533172 510923 501627 494426 469243 492987 451414 517084 515934 534849 487312 516015 496348 499853 509921 474024 523241 478604 498300 507748 499691 489320 500611 500550 450609 475781 481359 519372 504560 504912 490436 487370 513802 535000 519435 525904 483580 497546 507909 497208 490474 456076 513797 478696 474344 478323 538639 507095 496430 486958 496605 536551 481582 511118 498589 509980 449257 486079 523901 477585 505962 462773 462611 480706 516672 470038 537468 547157 482177 462794 488584 519944 537042 471296 497393 542186 497967 476626 503408 516050 489506 484746 546367 516863 492013 538019 500358 498307 504280 459029 465842 472614 483753 453335 536609 489331 481246 496231 493994 557651 477792 485869 521650 512253 486010 497506 509780 467828 454322 474236 525468 466798 449840 486284 487133 497641 493732 535182 465000 494155 497807 468185 477150 533090 489990 510630 494337 503906 519226 503635 531439 536141 464206 552046 487065 505693 498766 477816 
492038 448183 480786 471665 459675 481294 461142 451193 434808 488509 484689 474322 463932 460796 426057 440786 481623 477697 486563 434495 475475 439582 451026 483457 499251 473600 496745 456566 437402 483755 475395 442794 402307 465944 486762 474153 452776 440456 452430 429461 445823 467494 450516 464325 464101 448480 507902 463469 455256 462787 481653 453488 473109 436232 448115 443571 529285 438110 466539 468926 501109 412432 512147 501223 454187 473871 457925 492186 447215 466823 509907 484857 446461 470788 454551 449461 483762 441870 440647 465956 475110 481666 454858 456717 482359 456836 402710 445832 440816 494428 486061 493891 452450 471946 458758 478811 479389 459940 438535 496396 469113 486630 489771 402207 509939 433073 465864 430765 485561 487507 451129 441214 449971 494176 474993 480033 448862 471110 419796 484195 489731 473437 453763 432165 457088 456415 494987 418760 511535 489968 477215 448195 452055 489844 508811 442521 471934 494021 442164 422330 477534 478884 464782 431399 486305 457001 446946 492716 454746 466136 485557 409620 427601 462656 464189 437240 500705 452212 448558 435701 459637 486881 442886 449575 498596 457721 475404 479951 487270 453421 443629 440173 479051 423660 444668 455621 433882 448289 457292 479463 435289 477504 465271 436961 449027 497580 453996 488079 464909 477415 454568 455692 480238 493503 427620 489930 457203 446545 476791 438225 
480314 470912 493321 514487 471466 500070 478392 460780 440085 498547 493625 499671 476091 474319 427908 470771 439205 492053 509619 446360 472351 426476 483536 483772 505386 454150 494703 491491 459281 508194 468786 468349 435569 463836 450433 471250 462309 469470 467537 453157 475907 477908 477111 501774 499139 441819 483408 460866 471916 474821 475543 454777 527945 415421 484006 448190 531515 451964 469538 483397 472908 478487 513389 487572 455343 452185 479539 480151 450444 493010 490833 506783 487338 483556 460935 443424 493888 448408 485884 475712 459509 484017 469788 488390 493718 464115 447570 452398 455381 489520 462357 483063 465826 440228 473257 487361 476493 449551 466464 490534 490405 478854 471909 429044 486190 427116 479680 457169 508354 461827 462904 461649 450359 511925 468097 485600 475084 494749 440460 490711 492934 458492 494398 410526 470977 469176 488433 430207 519532 493927 461827 444118 451531 472133 509243 473771 464088 513611 453588 442590 481928 482942 468578 468413 494571 484652 473680 506957 462782 486062 511798 428853 449440 454195 451661 445418 503377 442206 453350 463839 459421 483510 447562 473100 499016 479335 478197 481359 476163 467540 445180 447778 503784 439294 424971 448442 437385 470546 453728 496134 468248 472552 485596 465703 453623 494318 477797 490954 496403 478563 490943 457541 481871 495611 442112 499871 465555 488118 482189 485778 
500079 485864 522178 511510 492757 537378 505890 478389 453500 511595 524704 516727 512911 462985 468387 504789 482404 510982 534135 475316 471223 456016 527629 537015 523768 477941 507027 502296 473778 542659 518703 487616 410744 510023 505156 476960 498098 485983 481376 481297 494088 522928 481247 509322 530866 460628 548442 484781 515974 510795 521287 508372 500178 478865 491795 496770 551353 501173 527084 509285 521093 490113 515438 529452 485687 510617 501860 513061 468209 488804 520524 513487 475261 512409 485188 515006 537332 469628 516449 503215 498798 505022 470980 515881 506647 490018 440838 482971 481710 503569 524784 529798 486526 509671 495798 515572 504612 484237 462824 512134 499095 509119 501070 461115 546769 473695 528296 460435 527665 504226 507510 460709 517093 536336 502014 519921 508776 488506 488065 510495 509557 511585 499854 442260 487626 498193 514527 439274 552815 524540 515012 501839 489269 530191 548524 492955 506712 543016 477570 461191 533287 497256 504974 471723 511414 497756 498420 548468 503900 513456 498056 480013 463020 481987 501858 468229 560143 485298 500507 456972 497796 527211 470306 486362 526435 493091 481319 511706 510443 497295 466709 487171 522639 479560 439068 485406 484548 482001 524547 526048 480633 495179 495351 483611 506403 544138 508171 507285 496375 521746 502395 476068 499496 536509 463992 546874 494651 487682 488693 476599 
491361 461757 497104 526100 477112 522736 489789 454262 457643 518679 523797 488114 486973 490713 427529 482132 475992 469097 506999 461909 486408 465445 509251 507451 518555 448615 519628 508740 472638 522595 491579 481242 413157 478153 492883 446469 455482 472517 457555 494786 477926 486966 477681 507369 494567 468766 522342 473250 490673 496252 493473 469922 511853 468236 501630 475404 544715 482152 509780 495721 500283 480234 531493 516213 484629 501177 484668 510635 451932 488781 533592 499596 496927 493043 484662 485839 524540 458739 494914 478228 491958 518377 467070 481130 497541 491629 443505 446672 464604 500118 520488 512981 501588 476279 504156 501052 476479 480044 463085 518521 485050 493960 476846 413351 541686 461383 489632 464194 515001 481565 488923 468373 480952 515385 491121 526468 501136 481723 455590 492247 510285 470449 480274 428941 479155 478118 509672 453636 536606 528695 465849 477734 470927 500705 532063 488677 508006 537231 470737 472750 491962 495698 485235 479376 519062 487521 465296 516400 463203 522733 487330 468216 470130 463414 488678 464178 537991 495734 470014 476778 481411 509961 468803 489630 534499 498119 475358 496252 528779 482204 441947 462415 507154 450484 425987 479452 466776 476467 492479 489744 478427 482286 496729 463951 494175 536841 479614 502893 496097 495236 518384 469339 510401 524188 462190 531252 487613 493146 482011 465475 
500308 469905 496266 502576 492885 498729 500631 477158 458041 526174 511962 516010 486961 504864 447386 468251 470924 486212 501471 464369 465758 443572 478677 508059 518980 477443 504152 476437 488065 527927 489009 470136 409656 486567 499508 463094 498669 469614 459043 455140 483459 495188 488235 495652 476938 458923 519300 485297 484110 468203 492379 480924 483931 452720 505838 476112 537802 447667 496034 474128 515455 491617 515172 513878 480298 502621 460234 492932 448992 499940 509155 503493 465776 494734 475900 492165 485321 446396 493300 486318 488722 477070 457248 473820 500748 481221 432598 483026 454575 500493 488300 504138 491846 491397 496944 497099 472441 476932 451807 484310 490464 507728 487195 417839 500522 461834 479890 460969 521669 490380 478541 460815 487747 503576 484879 487063 476409 496555 455598 486305 512110 486816 481367 444747 476530 471833 498878 452661 529103 519832 469025 470743 488335 507869 537373 479330 486652 531704 469835 477524 479722 500661 499377 459958 509482 481419 474894 522760 478030 490343 476626 456151 465073 470050 487071 457256 522719 477610 480623 477268 492589 511974 483158 473982 525103 492502 499323 495124 491535 499732 434938 483773 508671 440615 448870 474149 474247 489487 471844 492939 467047 504226 469776 458002 486609 512033 464051 473942 472267 498981 488325 482219 513948 516013 476294 524104 468965 472048 478505 489414 
536921 525115 524125 530412 521972 560730 520106 519048 485144 578550 553437 539406 532412 516178 464636 527061 518610 515986 562423 501261 537533 519789 528817 569157 549896 508708 545995 547277 523637 557298 540380 522683 465102 523588 497314 485966 533486 552182 523507 538216 556150 523617 549324 537871 531848 504534 546823 486360 518486 523467 550434 532378 541276 508702 520894 512884 554032 499846 561945 542682 540393 513796 557305 586579 513482 517188 537873 535814 490921 519434 568259 521911 522372 541193 548171 530751 564072 505742 528490 524573 522201 562052 524085 550238 521461 512254 476932 536721 503321 544051 536657 571203 496220 532601 525951 542228 535579 531140 487754 541302 523128 533400 514668 486989 571275 507157 532179 513698 557697 530969 507017 509244 515513 580323 529339 537629 523932 524332 490009 529216 561863 528925 546472 478625 505245 541167 544909 482379 570114 543457 495418 512496 496470 533129 581976 506129 541387 556458 513728 518345 544891 543215 535233 497440 541478 532275 500433 565798 513069 544852 533183 511784 483355 485872 533384 486505 571905 517243 519745 502588 508655 552795 510543 513996 588455 518889 548490 528289 542623 519062 481723 470058 543260 491381 480774 515387 523521 518298 513248 541105 519691 558473 535266 492296 535588 576637 529986 528956 511314 552939 553102 540398 581489 542453 521446 583732 529507 523593 519537 527454 
504343 497065 521419 525577 489715 526915 518375 476736 474671 519335 526119 490868 496609 509351 441159 500122 488088 515165 536285 466840 498087 468730 535257 540164 521251 466400 533462 504445 490152 519374 516281 479665 452800 496029 504897 503469 488611 479184 461655 497386 488295 515922 523235 521973 513813 472037 524489 492633 481506 494139 529040 491001 530285 444298 499644 481607 594022 471904 523522 520830 544507 482037 524997 549804 486388 506136 493361 508688 454809 515062 518940 522582 489814 527390 496810 500752 531253 491271 491597 489846 511357 531558 472910 497442 497126 483408 456156 475412 482366 518182 499687 502945 492095 488721 492043 514399 507233 498358 487024 523047 501442 499779 507287 460964 500846 464017 487123 486950 530650 499263 488255 467003 501177 538097 502527 534687 492803 510101 462114 517735 511235 475768 520433 478165 463691 500967 535621 465447 538119 513529 492190 492838 482445 512314 542615 484304 498833 532209 486657 478616 520838 497736 486286 467857 530961 501316 502651 536910 496214 519313 512086 492149 477400 465424 494023 458398 542440 497362 476681 476986 495767 541471 488440 496136 532928 485108 498378 488765 531848 492682 454979 470332 527616 448420 440713 472302 469255 473794 507824 517261 479293 511329 496731 489036 499532 536830 488163 526559 503011 508958 509678 498264 529653 535661 477115 538287 495029 507652 500806 482851 
454253 459144 488196 496482 441276 469671 467337 449501 421556 480425 507002 465664 459030 459907 424136 462850 437845 441052 481645 426228 456482 432796 457705 455177 468991 427692 473952 465621 438883 477609 455788 451690 383129 439561 473238 430512 440741 453433 432118 440977 461730 470203 474413 469799 457871 438274 483336 454512 459906 464489 490163 441246 485670 437422 463016 436090 498178 446123 453637 464944 485870 442416 483883 482704 434285 450646 457255 495174 436353 473740 483499 470255 440486 487824 448864 445122 479810 440181 446984 460919 452201 468776 443698 451679 457436 437672 386195 441446 460211 473018 480796 460838 429616 442342 445009 470922 431152 454130 433547 460927 453872 464937 444616 401208 518536 447797 445156 434823 477889 471184 464413 437870 476170 487331 452732 447130 440318 449592 432231 479591 479460 446965 456545 397565 454277 443287 458431 423636 508384 473826 455330 453611 438555 491933 521297 457183 461203 491568 447034 450062 474342 468216 447924 435827 450163 446532 469963 467806 439183 467800 479489 442009 416683 436863 487839 424070 508069 483703 436801 447795 472742 496919 446122 436770 489583 461496 438915 479115 479196 450015 438872 418029 474820 434837 426198 437745 431655 445581 474051 481565 420258 449971 453097 429931 448276 495741 451748 458941 439619 488206 466620 448679 460689 474514 420369 469133 438396 472911 453719 450406 
503758 479777 498128 521115 479633 523915 487674 473448 467297 510054 517611 477143 479390 476291 440239 484534 502890 471162 511352 482118 478234 473169 507066 507376 505172 475858 513755 517867 479919 534749 505434 497252 429389 506846 496124 466139 487573 461296 436648 486377 487521 479453 504311 508163 498072 457745 528020 475805 462624 489439 511041 484338 505556 469837 484888 483940 524526 466830 502817 486281 495252 475340 516642 541375 487683 499816 473292 506243 449944 496924 494767 493813 495810 506958 499880 492492 517222 462077 482169 458723 474559 483868 486595 482768 491038 484451 449619 491916 462242 499318 483298 507290 473442 468873 489291 495204 522718 492385 479371 500393 493155 493033 510789 445206 483516 446429 460775 473713 515420 477365 482427 482354 466553 520366 473781 503869 487586 515934 453495 487389 508073 482403 509048 454079 467778 498260 494885 441726 532434 517433 451836 476265 474267 500721 518228 475717 486805 527055 483311 465850 494309 512256 481856 470148 508493 494289 491488 518424 457394 503364 492001 463237 456017 483732 473506 450127 529255 478948 505423 469203 490841 505004 469119 486819 528073 502634 498356 492570 497512 463086 463936 442540 512956 459328 422510 467591 474136 477077 480710 506214 475095 505082 466385 473420 486180 526227 490548 482394 498252 482022 519102 492615 500036 531306 497337 528901 482397 509576 468722 470524 
487744 496764 493783 521815 474964 506124 474968 474059 437107 492406 504172 490982 465258 467081 445299 466419 450950 460890 527772 447362 466458 441519 488351 493870 478352 460529 512074 463043 461888 506535 486493 465698 424022 470274 479483 453913 465704 470505 446866 473446 481582 480435 480236 500841 484374 471242 484257 466718 471942 491174 497955 486506 515002 437685 513478 453480 542621 461872 490628 469396 507253 494111 513606 521087 468831 473843 462965 486159 446845 482903 480091 490865 485202 507673 485707 456954 486688 427619 473491 482537 457410 484544 468374 496193 494631 455396 414901 473467 466622 508915 496551 480010 483373 453876 472445 505129 483460 468100 447587 503290 482838 476806 481837 422815 509407 450946 500550 455648 528436 471526 461313 446635 469075 516689 473511 478451 479532 500765 432978 498666 493329 481983 478608 428940 455316 489556 493798 452643 535224 495183 478564 437788 462549 514692 529681 473150 488122 501127 459574 453402 485090 489087 474020 454601 502334 498364 467252 491568 471181 470887 484244 481668 449677 475750 476424 442659 540167 459946 465055 481869 458310 502928 484065 493624 506966 486949 487084 500641 469068 489232 433425 443879 484649 459159 440373 476049 440991 457723 457019 507161 458574 474244 464452 460599 487620 505640 461038 470842 486329 497168 502463 454893 509365 500524 476815 510864 453946 488900 490362 478449 
505955 504249 521636 540949 513449 529537 521418 481671 464183 541853 550523 503827 507150 479355 462722 516295 492672 514848 537615 459357 473360 476013 509959 539244 537796 476154 517880 521894 489865 514660 538724 495938 438081 512029 489889 474914 502767 510204 486974 495666 494978 507920 506924 520188 529965 516471 525584 489753 487014 507149 514433 495485 518113 481131 501533 484849 564968 486233 518839 498230 544122 476122 541936 519159 483441 516829 506265 522388 477210 518678 533384 520376 484161 501938 490046 498741 565090 457161 504138 485910 480103 526867 503697 499909 518243 478169 479145 490820 476874 520097 515968 513568 511268 497088 520997 519344 488633 513500 502225 544883 496039 512149 524424 463288 558080 465383 499295 493734 515424 518691 519324 495370 497222 539806 497134 520257 501180 503129 479181 508778 517834 507069 517981 437760 485894 520666 553596 467622 535335 532137 497552 492919 502468 521902 566705 498084 519939 532472 468191 488612 521341 501755 532793 474836 517185 504378 517219 534371 484015 510353 512234 480953 486447 476389 501139 469977 560605 483237 485665 481835 510293 522967 478575 497579 567600 496722 508716 494131 539357 489422 457436 497181 503578 448649 436073 478608 481228 469802 487053 534250 479769 512021 491713 502435 477469 558801 481547 536714 493150 514811 516077 488577 524645 533548 467572 519925 478893 517804 503064 495537 
489736 490888 516236 520604 486583 515834 518206 461900 438806 530213 512087 489850 498082 452900 454977 468111 480516 505379 525081 458569 506374 469993 506120 518421 523738 481176 503686 504274 460315 522047 504504 492734 418208 483377 492482 462814 483767 468105 467613 475532 487231 505400 486086 505047 493898 451237 514317 479324 478145 505419 493000 478733 509377 453938 489023 473232 539295 483177 508931 503325 531262 463620 533817 517474 495472 490381 488616 509793 442224 511028 518733 508393 481183 508683 485595 507531 492080 459912 497674 471242 488706 508464 476561 502730 501595 462861 438405 470722 439676 490995 500722 491785 502300 470833 481350 498381 477115 492743 496204 525639 486932 495708 493293 447321 516906 461935 500665 472250 517677 491157 498804 471625 474029 533718 467996 518341 514268 483768 458913 511933 522402 492121 509098 463560 452962 495318 513837 455432 522196 542558 486956 477787 484696 503045 527872 474265 512360 545134 466652 451034 470501 530582 489081 477611 524524 486857 501205 527977 476783 509311 484603 481175 458831 480039 490633 454427 515374 472053 465838 498068 478519 519655 469545 485235 524554 480592 478581 498960 513882 497210 455320 476273 535153 450300 438786 485200 466679 471021 473574 486616 471866 505922 495342 493101 480767 519815 465587 499499 498724 517947 506945 467692 506398 524522 477444 501126 460617 512856 492397 493687 
537497 515393 535782 540452 518563 526947 527928 497895 465153 556236 555403 538590 526111 521808 474936 513069 504172 525904 534259 508932 501676 477787 544910 533994 553546 488706 543319 531958 513467 531915 522762 509256 466824 523795 534476 503990 518102 492282 501188 525659 529914 549148 534309 526731 511883 513791 548992 503586 521401 524649 543349 509556 546673 493392 539961 508433 572865 500760 530470 521642 561781 513391 559488 570934 526132 515265 513256 529857 485398 538688 561820 544622 513598 539814 516453 515958 552456 489961 532274 520108 533464 520715 489135 512786 533636 489080 460789 490499 485921 514083 536646 536386 522958 505682 535169 538052 522187 516512 495469 551923 570744 533895 501429 482539 544714 474509 525132 507420 551516 529093 497469 509582 538614 551957 517860 524486 545653 547420 500065 520942 542593 509344 529596 480415 489113 517653 544429 470249 586084 536055 501713 501865 532569 534754 579745 516621 511497 547792 520585 519889 518824 540344 519511 486575 547730 534010 530639 553051 488349 539153 529837 507989 519891 507065 544482 490349 549554 521839 537057 483827 530909 535996 502560 515866 560114 530796 505094 556877 547602 507061 467017 506942 560103 484724 492005 507407 484152 508844 514829 534833 468714 521913 523901 516174 512346 574540 523853 546373 500571 547957 540650 514177 554997 565708 503150 539150 519764 532719 549843 508879 
516583 475823 539629 535801 490965 541508 518729 461198 449391 534797 516669 516775 499776 484986 437308 493764 478923 522139 506504 453278 506744 456517 502974 509221 508408 477800 516599 501884 482233 514612 503397 500149 436810 507956 484295 500137 488815 476192 498342 503729 506588 503564 511465 522664 506958 478161 506161 501997 466304 522792 507962 498622 518193 461011 503486 495723 557347 489227 503519 459835 518609 488166 534461 522172 481537 500267 505932 504049 453560 502271 525389 511317 512166 518887 523633 497422 501426 467708 511962 504418 523357 517030 469913 493028 486476 487078 447292 490420 475939 501956 493297 503659 506768 478248 517182 514747 495733 485644 503124 493057 500927 474369 465441 436029 517118 458997 494393 481408 526618 498160 491554 471439 489405 540408 510745 490606 480412 510142 474646 509109 525810 471053 515402 449054 471033 490015 544557 485827 545317 529877 504238 485512 488151 520151 538900 484355 478194 515670 492782 471715 482551 512924 480420 491634 502602 522490 484689 522854 492007 513788 508929 466869 469212 475868 499806 473459 540588 487784 494067 466448 502596 525252 458401 486566 521825 504614 494710 498255 510348 482507 449747 474038 510289 459778 445736 456039 492186 504381 494144 513750 485758 515708 496679 496283 470917 532824 469447 535685 491494 512472 528615 510519 521193 529507 483458 531016 486186 526345 509960 487863 
506850 500494 524040 512377 491723 516486 525048 493014 464455 537557 544126 512228 515571 474252 460426 496901 495140 514073 524792 447528 481206 490460 509336 518958 514501 484285 543967 504748 474759 544350 522691 521345 420646 480398 510883 495553 490221 503671 503498 479414 503237 507010 497732 539318 507328 484498 526769 482038 499544 496780 527349 514714 520424 467404 498783 499491 585102 502501 520435 506646 534571 479026 575670 540410 487099 507802 477130 530735 479186 532019 554491 535930 484475 525781 495144 511036 532337 450797 523524 475824 500409 509138 492880 522940 504233 502587 461050 495763 491548 514586 520188 516937 503079 496550 516716 525886 500733 521134 484444 515638 535818 514844 474406 457750 540906 485079 479864 479850 526186 544320 535591 501857 511020 555056 495481 523547 492257 489427 488958 524937 545320 506500 502555 458823 497943 498590 531700 468305 573066 562768 477731 492970 521287 527955 539295 481986 503709 553236 497749 485827 524292 520770 502083 480899 531259 510127 502595 519808 504617 536115 502629 482387 476372 479771 529303 458210 555844 482407 497488 474409 512178 541151 488272 489879 551039 488788 502698 516049 526892 482547 453028 490300 546498 458767 454816 481495 510826 499371 489253 535897 476251 518877 511574 489311 494030 523147 503950 536230 512577 528167 517835 504027 531475 545256 474761 534799 477862 514789 514854 508387 
494908 484523 530164 518809 493665 527371 495807 469961 442108 532809 529531 518334 505669 486059 470651 489321 499247 501197 517325 483180 475054 490355 502275 540854 515153 474676 520253 504712 500093 509026 513759 482332 436949 504243 486688 474696 481261 473681 489835 506356 505250 510371 508404 500739 490375 483315 519005 475379 482474 489934 523545 498905 518027 477881 521669 506915 548414 474933 525714 500251 519112 491181 532827 542042 493297 518905 482721 503165 454983 487001 531220 508551 491591 529351 498380 515986 512373 489419 512292 492941 492120 523272 459817 502116 505423 486345 443157 502983 468710 499544 510868 520008 503937 503953 510131 511471 500841 513252 466895 524922 522469 500101 497059 439154 511484 461934 499787 471989 536869 498334 506726 467011 487449 533168 499461 534967 491469 504659 462556 496112 496990 509765 530101 442145 484070 521642 507880 463925 551893 505908 494210 470001 482659 509762 548394 493058 490999 530648 481454 480280 496207 505561 492937 471640 531346 502968 524087 521613 491026 516972 505835 485306 490117 486095 499188 447291 543037 481556 489654 483576 507304 532038 453482 514732 538929 499609 477987 512720 497852 483843 463563 470037 503820 474166 440404 479835 500600 472916 492910 525388 481036 508043 518950 473670 488249 532302 476749 496039 495830 507326 517472 502634 533582 536435 489945 546834 487759 508446 508816 477631 
481091 474664 515256 503795 486619 522529 516185 461297 460874 527423 520587 496827 485074 507604 435265 453579 466181 509121 521484 456241 491585 468372 506486 505395 514565 472214 518627 498958 449101 514101 489756 475998 424408 506665 467044 475810 497701 474177 480171 474262 491750 507433 512068 505983 481223 478252 516722 495123 482509 497089 514672 494468 507016 468156 471674 502425 553372 461370 500190 478662 525476 497487 516257 507146 496768 495268 488917 476316 456380 517393 509799 502761 479667 499547 501559 501932 501910 463819 512928 487189 495028 492178 452110 486338 489809 486542 440861 489845 475344 526710 508960 504659 513175 477223 484757 511792 486715 498112 474177 506022 486599 472964 497595 447323 532761 447671 492145 485969 513220 500127 503036 472182 471878 530824 497745 490156 488379 510937 455460 492482 520960 468324 530709 450426 467802 496664 518510 466851 540398 517510 486070 476513 478780 511025 505838 488960 503953 533247 477207 503381 504840 505590 498320 470039 523992 506536 502372 521087 502205 521192 514351 483682 456982 467240 489903 461171 523967 469525 472105 489424 471041 511803 469264 493820 541171 521965 500712 479064 488250 478289 455796 488510 525646 437877 425191 481069 472541 512592 488536 511410 483645 476009 480964 476908 482654 511327 489343 505022 478697 502461 522994 482587 505657 522456 486877 548489 490135 498910 486944 498603 
501569 497091 545628 542359 513160 532114 533945 489216 490715 535959 553142 528827 486860 503627 461908 515760 485935 509234 547244 479980 512313 485053 534440 532475 549992 498411 529385 515888 495966 541002 522442 489824 454869 524477 520325 479957 477642 489064 481357 521246 485184 521088 510415 544798 532518 505537 540042 496127 511996 507856 518484 503395 537144 470702 495656 500952 568948 491282 499787 509430 531771 484575 543896 542330 508967 511054 490151 522828 470212 532174 525910 528681 517542 507795 517499 523863 543776 459879 529829 510237 522716 515744 470343 528494 514288 496122 473425 508301 496585 508547 531702 514299 492579 484062 501695 499268 495334 493799 492849 526254 519855 525212 517413 447172 514363 485758 512376 483306 538556 519675 525377 505190 474471 536103 474633 514124 499785 512751 460519 509722 525001 507572 534106 449134 477676 504820 543983 475258 565745 517142 494373 501603 490303 530695 546671 493099 531027 544620 495263 486553 517027 509701 529331 508042 523879 536127 497106 530527 487478 522165 521519 495346 468409 503538 503335 475817 543020 516495 505214 491615 504787 547139 475723 528325 552007 497079 515089 521479 502423 506549 460210 463648 529135 458343 444942 492299 500639 503523 526381 540779 495723 530181 499525 512269 512063 545542 516118 529798 503274 514839 516640 501767 530981 529180 503932 554002 502527 528560 480848 507438 
478204 465441 506455 527946 465570 501874 512119 460572 437025 515059 522060 494244 486480 484022 436406 481159 477369 493761 495315 461224 481169 461983 496235 508300 518001 492356 506824 499318 468415 511322 494010 489764 437187 499228 460706 482942 475540 462409 470447 483539 496655 498642 488886 490589 523910 478039 509735 501020 494164 489016 504447 477771 516805 446094 469985 482107 557495 463301 485065 453484 524599 467185 522107 517481 473229 495525 486425 473030 445138 495176 525049 507601 482069 490174 470107 504401 522210 460551 496053 476543 483635 491471 448367 491143 481554 483610 435113 489203 486228 496325 488697 502729 479271 466113 491023 483346 485871 485202 455772 493023 496899 493708 480183 435395 499839 460519 482318 459234 501732 491546 506783 476821 485171 522101 485518 502690 477178 493023 471904 480433 498292 482229 492938 449103 466119 480372 500893 439125 551679 508303 484338 469255 477972 492155 526637 477074 482210 521367 494135 469664 506139 495442 498723 456844 482690 499994 484425 532117 498269 517352 493867 455278 472492 460002 488550 437791 532361 477397 471378 465854 508477 509884 451685 475824 524075 487766 473225 488502 493152 496909 455711 462930 513571 456456 429318 447487 480798 490273 483430 517344 479344 474620 469284 458140 469815 531977 483024 501710 498000 492886 487167 478383 503810 536170 469978 523444 486211 493447 474048 449947 
542362 514113 537661 554225 501781 549628 528124 486039 494637 565860 536770 536739 522813 518460 469525 497306 508828 522317 540254 489084 545036 477664 520927 531924 542776 509084 539505 512683 522774 550481 531808 488727 470638 515973 525912 487943 496919 494362 506046 501031 496621 548453 551519 534416 521339 498163 530613 508516 505414 505602 543599 515980 523941 484373 529345 509164 572813 489456 516975 525992 523171 492414 564379 562306 513684 525934 502899 525488 462354 522752 564242 541806 512593 537809 502635 510803 552210 467082 524334 508592 519461 532621 510538 537162 509797 498564 457603 503006 473603 533396 523892 545403 506591 519277 507885 514970 512121 526500 502796 545261 521962 524960 506643 465709 555174 465063 497837 491620 539620 535559 502607 506528 511005 582177 529890 518168 488515 521745 463090 533048 540024 509164 550051 477201 492635 524168 521655 474980 547800 537239 503769 495640 492007 541934 576241 514634 520430 553248 509628 505827 527511 545360 523705 486828 526139 526791 519522 544912 522234 530269 532503 477692 478696 491446 520595 489432 570679 519039 513326 488853 519182 551196 486718 516008 542254 506036 528548 525249 526748 506062 471633 457644 542661 472275 501573 505822 488127 498281 512167 547210 508703 513757 520642 497404 490411 547181 512772 552939 505889 541826 530754 509548 569613 542192 494264 566619 496977 508921 525680 523497 
541502 521633 548287 575172 546070 560314 541962 539965 486169 577892 590310 563112 546093 535664 488390 517782 538477 560287 575369 500466 540059 512041 563915 574664 550203 520470 568545 545725 523596 574739 561669 538622 490445 562581 550165 493149 546858 532584 506954 533160 555150 538947 547194 564135 563996 529117 578656 523082 524045 529110 557455 557784 570997 516418 537764 538518 614724 519476 549332 525082 573784 534182 577624 553751 531666 552540 530754 576216 489199 562410 557485 565648 536613 566954 529392 549288 572197 499815 553681 519236 540952 566427 515720 564264 543494 542550 482765 542603 532034 561886 542504 561603 521227 529791 534383 561499 519935 538820 517319 550344 559726 546734 543001 508303 588517 504248 519682 528734 581538 550196 559612 503060 545706 592113 557011 548979 534138 520219 519221 556174 568303 534200 560247 487680 526661 566059 572651 504082 595574 570152 541969 525635 529898 548783 578686 529904 539875 585330 534802 533326 571596 538852 530578 515790 562251 552554 540946 590492 554807 552964 556640 510170 506094 510679 544056 499165 595095 530162 538081 495746 537610 585632 518087 519972 589218 546834 535621 563238 529956 555806 485208 515371 551503 499513 477713 507937 531932 553558 536918 561945 537164 574487 523807 561900 510167 604962 563479 560576 523824 567592 549224 557650 546228 570956 507249 595514 546274 522070 539487 533393 
530018 472349 526646 524121 503355 525082 512140 485606 442470 524775 518170 496133 477789 520750 464201 498400 488037 507360 541159 475284 487437 468982 528955 507034 513262 478762 538218 510203 482087 532950 498677 505924 438996 505049 510102 472440 496285 477327 481140 494188 484921 503880 503607 511345 492757 485441 501189 501787 484197 499141 523367 484775 510243 469023 489432 491721 562248 480000 508923 499359 514166 484900 546491 530607 504196 509124 501210 524662 464114 518462 507434 512833 502515 517778 506259 515411 546149 462234 499253 453815 499013 504880 477881 501431 503725 502742 443865 499021 482920 507647 509221 523375 472843 462358 484563 513980 530993 493392 487517 508744 496301 484004 492172 446895 545018 449214 484891 441501 527276 500914 510212 490224 500218 534679 511722 500656 489824 492690 462749 501046 513771 489927 511294 442326 472056 512310 526179 462351 558438 533647 479901 496049 494511 511184 548129 472207 509234 513715 479395 476344 538545 524538 511576 471791 513222 523338 511558 513248 484647 499297 508229 493989 465873 485936 484413 453226 542502 504764 492992 466162 487441 524001 484165 501835 531375 499677 504315 526424 519362 463030 471668 445628 518927 456143 447357 468598 478213 471884 494442 524155 490256 495265 507491 487204 500751 516103 503053 535128 488358 492843 534265 475554 508709 549960 491797 531744 482392 496084 506993 473175 
506254 473333 521410 528973 475569 521978 516808 480079 481106 519889 497089 503994 466945 470671 455299 468725 488130 500665 511478 454185 488208 456988 516370 502614 514153 483111 522645 512923 481756 512623 506666 486760 440412 486853 509943 475219 488987 475695 449254 468519 496521 509025 497103 512344 491285 468302 523119 479762 470857 508595 506202 487747 498425 467737 508352 484047 559410 459665 514478 487603 509513 468190 543380 542351 497462 493555 477509 501494 453132 504488 494493 513070 494836 501739 486527 465209 518611 468918 473452 495376 482122 489071 466638 477190 494766 472600 448154 504074 468897 514115 499197 490244 494363 483092 488764 487388 523851 488289 480147 516679 490250 488012 502510 435584 540116 446587 481845 491118 517759 494766 491866 438134 500690 527141 475396 510900 487548 511721 467577 498601 520966 486964 496438 428491 468306 496389 491432 444530 546817 528232 466296 481823 481844 502692 534625 482896 513158 520958 494396 471585 511276 501665 481172 475262 518221 514366 510661 532150 471174 506371 490098 464063 462758 468801 479016 477930 522296 511348 485621 457545 485734 507461 470415 473618 541491 511710 485202 494044 504548 463073 460644 483918 527524 450527 453348 485694 466777 482987 482595 509686 482700 512699 485484 484186 479818 533034 491322 529051 499807 492556 513747 486039 525712 525353 488766 517305 476819 516667 497515 491968 
487693 487848 517365 514665 483156 502982 514789 455416 455019 531903 524708 481358 494602 473772 466111 498069 472217 477752 532479 463006 459032 459451 507290 521836 515341 450764 503121 506074 466824 510899 503969 497992 416978 506007 496823 469218 479858 504855 486698 489071 496256 486156 501031 506371 523927 479484 515644 467629 470238 482597 524248 502431 486133 458943 497837 493264 545832 469157 509667 500942 520796 469186 532802 501357 458247 482556 497158 512518 457335 511728 536787 516908 485253 510299 497495 505509 514586 469031 493159 503871 464763 508966 468232 496445 484572 484097 435291 516798 499843 517474 496019 495082 489127 509718 493984 506536 477326 490763 477355 518123 508418 487484 477967 430053 526238 434232 484319 459530 512835 503545 482909 446581 493244 523353 498862 517057 506845 483734 454137 483612 516376 483650 497432 442031 455709 514571 525720 457155 539151 527823 483235 462481 471677 505411 534611 463039 501201 519729 479924 482375 514241 511393 491662 480461 512609 487248 499469 530091 492032 513776 489556 461938 470705 484965 497781 441892 553856 482641 488341 492334 477575 527158 467786 487665 529070 495428 495429 515107 506721 487434 441659 475561 491269 472234 429891 502264 495508 482364 484025 505945 463238 493980 472182 489942 479860 518309 482991 499499 510718 496029 507682 476164 523064 520397 467549 511433 478940 489953 498834 462649 
471890 464205 489151 483694 451689 484846 485910 465582 443651 480889 513416 484624 464966 448268 424887 445536 471825 444399 480638 429377 477436 426934 462874 482473 469089 454251 500354 463035 455436 483642 496536 465395 410571 462584 455227 444932 443752 465826 451921 468131 453085 466679 455376 481151 474210 439368 494224 455895 482571 456119 494970 484175 490489 441438 481377 457633 519657 436878 480391 474291 475797 461423 520185 496893 460375 460486 462852 490962 419074 485067 497626 468847 481341 459282 446394 458388 499485 429824 465413 454585 457939 483029 450760 474336 471056 455092 418308 459284 423376 497751 486726 464126 467566 477568 481393 469316 472293 454042 449107 474403 461654 479754 471548 435010 495200 427694 444421 470547 494772 466132 460113 446526 454919 517125 460443 467793 476493 468703 427814 478964 487747 457399 480651 416000 451360 473801 465639 426747 493665 480847 450059 454355 464108 494876 505515 446156 489194 484905 468286 432419 474396 464226 473984 433038 464200 472669 466381 501701 461510 465723 481166 457081 433002 432139 490472 431319 504760 488302 453989 440764 461526 495187 443653 480681 508393 450430 465069 468295 492043 445469 424664 438264 500364 429403 428114 440314 456869 458169 458668 479972 436878 463222 461783 454146 474086 511486 462398 488387 479872 478727 463717 462377 486766 468355 460610 507837 460246 460280 465554 462423 
475451 445266 457967 491805 450657 477315 462975 435904 417312 466852 446185 455104 461457 457224 394639 459562 468990 470763 449957 414076 453563 423485 432719 483885 506816 432939 488154 473621 445177 475509 463784 451166 389749 468435 457843 429437 441955 436839 446274 439349 470715 462493 447649 450480 470126 452270 470077 453031 465569 440136 473404 477683 480814 446083 457839 455297 497774 439948 452744 437935 486220 427540 492512 479117 462503 445294 451213 443538 406974 479101 492148 465506 461048 465744 464345 455339 491751 411412 461721 430149 478816 460564 436932 464222 455556 462106 415224 442970 430977 481923 460771 500236 467940 445107 460525 456443 452585 457281 429897 491564 462191 466214 451062 414557 496323 422747 455425 463772 469015 453830 479209 471322 410544 512749 463238 471353 449962 446630 424437 463507 468906 462562 471677 407228 442129 458965 464230 422727 494187 475407 469293 434971 431254 482462 482376 433951 484348 480272 472629 454851 468954 461524 464818 413337 459952 476107 453053 474283 471100 462639 473358 431575 441983 433167 436760 432435 491293 439384 447962 412374 458564 479723 433301 431453 509275 471958 461780 475078 466476 446991 409723 422960 479046 415091 423097 439540 419372 428792 455131 479608 458043 451596 446148 429953 437227 492140 457500 462123 465950 478080 466357 433213 482734 500840 440869 486221 453410 457952 476059 447650 
514033 498353 523299 535054 500842 542323 538410 487129 465648 538135 542033 529181 497742 482575 462741 477941 476907 533522 530711 473148 496525 500651 529795 542344 532740 477323 527205 498233 469799 534139 521174 531701 445578 505849 501331 488266 487319 494632 498460 504076 517604 536240 529285 531140 528495 487913 548910 514174 499961 511133 541661 499186 505649 467701 503899 484985 571092 499120 508462 507589 558366 471605 533750 545331 503917 513584 497147 508335 466029 525330 527507 545178 497156 510326 507478 512662 545544 450584 526022 506362 513195 524768 484106 504038 511925 492352 458850 507619 501211 517326 507509 521842 523863 506192 499172 522955 520287 509459 484627 520740 514585 516457 522707 462291 555935 476050 520223 499649 526393 517966 530655 480515 527353 553218 498407 529244 475544 509714 484674 492053 534413 498651 540235 467720 499149 493816 536246 470789 557582 518520 473872 483620 472239 503244 546598 487186 515645 549111 491370 513333 538999 525992 519618 469834 523153 521886 509292 540489 505588 529463 525012 469961 470666 497211 538210 511328 569485 510226 513054 482776 510316 538741 475295 483884 557165 511970 500243 517317 516249 504919 474108 501847 563988 446298 455731 478016 489197 504769 492438 508486 533568 522208 486065 496381 508000 542813 477654 543185 513185 517147 534798 470641 548658 551552 487469 535888 503652 534698 523810 498131 
481477 481755 512793 517838 497557 522833 512341 459773 431706 506699 511436 525185 490273 476840 450202 482506 468826 497330 537411 459481 499983 467779 506196 490410 499823 494491 504549 495685 484892 525407 516763 502589 406189 490583 485744 485844 466350 495126 510023 491396 511545 513659 507448 496328 503769 470976 494863 463025 495139 493326 525189 505118 499313 463624 491812 488220 550699 480847 513731 458370 516300 467689 534091 515971 492802 484008 476596 504294 436969 513353 519704 511620 497878 515187 522359 491246 494864 459779 494404 499198 505558 510461 470574 501596 497357 485266 425118 496892 494394 506031 500477 504651 466836 491457 504488 509633 500140 495401 465999 508536 505221 474809 470235 431144 519820 483123 490082 441267 519514 506613 476335 482808 477062 539261 491067 495245 494214 491412 465667 505815 526664 494735 502833 442509 477801 477189 521981 448155 566206 541330 486048 491578 488595 517607 544323 485868 498751 513139 485266 475760 504279 517187 488831 502602 496273 503487 477982 539860 484010 485312 473026 481617 481792 466955 519112 445071 528853 490135 496397 456894 493340 537146 471214 464998 516406 490578 496934 501220 489356 498389 465635 466772 523913 477149 429377 469110 479591 493219 488762 515857 452154 495363 491485 461322 471655 529774 483936 512756 488802 506365 524309 502603 510000 504255 471707 526326 485830 526890 497688 474998 
482634 465828 503650 504499 475428 508701 512320 449350 443753 506196 507216 501191 470756 457600 430549 480237 493811 484831 528161 444325 494642 456600 486842 502229 499484 475330 517487 490625 466882 523076 483252 473347 426828 475914 481521 434073 487635 458342 456152 485887 481442 485991 476796 501296 478104 458286 488236 473278 454254 479613 486677 464845 504479 445591 475858 462533 544370 459686 507972 495085 515727 471268 522511 512304 483178 466661 475110 487526 429594 503439 491698 502980 480952 492165 453989 491997 526835 451212 493332 470724 489512 505925 469742 491343 461344 457124 452909 479441 476579 492111 488406 502958 488655 445916 486885 478706 484085 475709 455149 520103 489282 461073 479178 444976 507021 455280 475458 476787 507161 475136 504541 476916 446786 534994 482207 504790 492443 478369 454059 487439 532281 480010 488195 442513 463835 468712 492384 449138 513193 527069 467217 473962 479164 495590 504944 460481 498736 518420 462806 460581 500309 485078 487922 466715 508837 495285 486722 516012 454445 512340 479280 477377 452966 449155 479184 458443 512670 466717 474470 459455 485396 497039 449001 477881 526251 474477 490327 490722 486747 466937 426174 445434 506068 420463 404445 473689 452625 480870 493781 496954 483658 493415 494927 481691 474872 512571 480378 501159 478934 507164 496504 479651 489044 527462 483961 536110 460402 516378 472323 475710 
506245 476727 486899 535035 483920 518746 513248 460215 443761 519607 533487 506881 478230 481367 452478 494426 482514 470066 540124 464219 474355 483598 498192 510408 506397 455583 530001 499146 467842 516348 523044 485701 430901 484069 489498 463436 492156 491895 462927 488803 499956 498938 497047 505188 504414 479785 503077 478358 475714 477646 502993 490020 536983 456324 497421 479405 538792 476575 514637 491814 528024 479392 539757 538825 504711 483547 482389 521776 443519 509169 522251 515409 491852 537887 503541 483937 513225 452606 486317 477469 486929 519551 477295 489251 495604 495603 432322 487973 472141 497835 496844 512847 476916 469142 477079 520188 487499 508931 459900 502646 488156 487779 492714 433388 506587 460774 464940 459571 538906 506989 495722 470814 484191 535878 499149 508857 477222 471977 464601 490700 516630 470308 491232 460043 456951 481430 517966 459279 556111 515111 467240 465795 477799 506679 547676 460030 473245 521173 482662 482694 519801 494836 494321 463348 517796 498017 492941 533067 487660 514631 478397 464539 469432 468177 500692 462629 530740 470969 503201 474975 487422 527462 481415 483124 547694 480888 515706 508176 492581 470100 447685 454285 498126 457051 443484 460000 482973 465869 464728 527236 489995 500206 477256 481610 469216 514366 481690 522259 481817 503116 492355 515012 517944 524011 498159 518464 503613 513466 495247 491663 
520717 511588 539792 544383 503834 543411 532027 502941 467682 537160 524052 516924 512970 508027 456247 515586 505154 532180 538067 483025 506699 478936 538459 543847 522005 502042 555354 519738 500582 551933 535198 501222 465249 531161 507435 489183 509773 518863 483463 508958 513847 527764 503911 542323 531521 467077 532945 503007 522200 513519 521275 492950 549601 504497 499587 494647 588128 481127 519857 501095 537123 506590 560539 560073 513278 503398 515477 533710 469965 535227 530775 528623 500932 532997 480589 509944 547561 468350 514593 505068 499777 519593 503974 506438 494202 494105 462675 505466 484997 519009 514966 535028 499615 491441 508846 530455 512397 480952 494340 518262 509990 522411 518861 452139 547801 478267 503855 481744 531552 521088 517298 502203 527842 546187 496290 520453 509359 532534 480452 513266 535430 509858 511435 482574 475286 522361 544473 491724 552049 533578 502010 492469 504789 514758 560659 492525 521331 572416 470301 496286 529533 532042 522879 472418 542681 508384 512035 539349 497200 506905 508451 503430 480142 495665 521519 469534 547094 523998 518655 483222 509675 543132 491434 482333 559329 505235 504995 535626 508319 491232 458933 484284 528080 463702 455765 496589 485257 501215 520972 538647 507829 534555 506477 495086 518095 547321 492700 525099 488205 525982 519459 504390 517085 564951 497262 544745 519277 501604 505186 502547 
482303 456944 493189 486032 463558 504076 478958 461133 415285 487915 493917 479743 463987 472638 430194 466835 464492 491448 525706 435223 473173 453021 455608 499701 487281 453700 498256 470657 463050 504617 493834 479373 403081 484683 458712 465600 476038 463337 466974 446610 460991 464940 478955 470134 477971 450641 504249 466707 461628 462190 509077 479028 494616 456538 497902 461659 538660 475205 469986 461636 497064 444934 512975 500158 468500 481568 481666 484111 422974 459210 479241 490562 473553 486948 473958 485783 519337 461985 461682 471366 465286 490140 445184 473431 481741 464040 424931 465871 435745 483346 482158 483457 477229 459031 484292 468265 462528 472161 478133 475201 487836 476619 478141 417823 498188 444504 471501 458987 494416 490864 477820 458827 453316 514071 462007 484405 466204 460930 446794 480585 500043 484484 468020 405682 452215 467627 487240 437300 518524 492702 463291 451278 474149 495734 525005 462571 477183 517835 453928 430038 484312 481775 500822 446022 477753 476796 483179 524195 480764 497144 469402 441522 433718 445440 473120 432073 523571 470381 482089 450370 492993 491515 448927 450690 517196 474870 468993 488289 484201 482764 432857 446452 475056 430892 409464 460535 465677 465090 473171 481843 449718 487936 488437 433023 447872 506958 486694 472713 468929 468324 500376 469406 496436 514389 447622 495995 464353 479295 470972 464700 
455905 456776 500574 524547 462810 481815 469304 482513 419965 485764 482630 476388 457482 457075 422555 449341 449190 486477 505058 444868 432086 447732 469862 474132 487787 437855 496242 455337 444038 451841 478870 433649 412001 476057 453017 458166 449171 451078 445518 470302 475168 479622 452972 483605 460557 451627 500501 465413 459690 471741 470694 476167 489810 455895 469877 456965 520315 460879 469264 479519 497297 456636 476965 510601 458136 466695 451945 478392 443360 479574 494723 498886 464665 467086 501898 480415 518055 423163 478160 473914 491104 483937 452105 458730 504388 449081 416782 451340 452375 485146 495285 494385 437625 440252 448287 489368 479893 450751 457722 486200 480441 485463 467865 418319 497040 445718 483345 434685 504477 463993 480309 457406 437724 502089 459712 493274 464030 497830 440830 472000 474399 461897 458354 412150 470997 477492 483807 427631 525484 482428 463991 461349 454522 481696 509131 446436 463161 488153 447906 444668 484137 448855 485520 439229 483700 496656 471815 483756 470874 477128 482194 458488 448646 466090 459675 421285 506525 477818 459988 425617 470543 506143 435661 447244 483062 485064 450934 478765 487525 455947 413683 433906 490676 416962 415997 450816 410474 443930 459190 500233 451621 480726 464153 436928 454526 501293 464874 473445 443684 483696 470460 459366 472719 504574 476674 488568 478214 469482 464666 455137 
513859 514941 535523 544165 487883 540526 540311 517896 468570 554111 561616 537751 496158 479114 457194 490145 484401 541450 544872 480194 512574 478710 531488 545105 531622 494356 533284 555935 496075 557354 505325 524544 435375 511169 519494 484164 522047 504809 510682 492842 526941 519314 512401 540266 521359 496312 550154 506711 493762 511149 520037 531641 515352 493595 506437 503997 551611 518300 533397 513645 536967 489437 561060 551271 486553 506054 503703 520584 475272 515537 549911 538977 500558 533980 525766 523356 534946 483222 533237 519528 508229 515699 490178 524301 528329 482526 467432 516658 486662 526898 515214 536677 502051 507389 502304 517974 514941 524899 512901 518533 527931 525729 505552 463658 561664 472227 521485 479740 544885 536551 523301 496332 509000 560095 495649 520593 508130 514293 488744 526556 553237 494938 521825 478222 494984 510152 538632 490830 568985 546680 505035 506223 497400 520123 570695 514991 505288 553753 503212 509391 522205 529652 538795 504190 498588 547368 520176 563267 496538 523247 502132 494271 478447 489017 512708 497688 560103 503828 503779 477123 529111 538126 494305 488091 535666 535872 478288 506065 538197 508806 485772 507294 534321 480668 477714 485581 500767 503899 514141 520472 506717 505557 507197 474753 494656 544441 494544 532324 503920 531454 529749 526549 508735 550044 475765 522162 500610 521451 508041 510627 
521676 475187 521731 527349 482748 531041 491906 485264 452942 524937 498044 487885 481933 474567 434446 505943 465313 515797 512848 453747 483134 459883 499086 528762 507260 485605 525980 499812 463561 509904 504001 483299 453250 505743 466641 481243 494294 477689 467619 474948 485948 502718 485481 472913 506316 474396 521964 477169 482319 495459 506492 474530 525812 470803 499097 470205 531496 454332 492131 473399 493933 489655 522842 527831 492574 475474 491822 500323 434749 480311 507994 502272 487385 489287 483511 482723 516497 458607 492869 510195 509176 509786 459586 507397 498185 493771 440844 485757 476551 503565 493466 499605 505008 464850 503638 500985 495814 482888 482452 494607 481042 500210 493285 443382 533143 444775 494588 472989 508254 495153 482309 468212 486487 496810 477231 504583 487372 498623 452552 497070 510292 483492 501296 442345 463162 470374 521682 444848 536901 509213 483312 482036 462129 492951 545001 484456 508965 519695 478555 479818 506285 514207 475021 462897 501386 489292 492580 513929 475006 505660 490546 463266 466819 467359 494469 460847 535235 479819 470597 470916 497962 510451 465587 490545 524239 478223 483671 509137 521631 467376 455932 468352 507273 465783 448166 473401 452115 499709 480289 495598 479713 506422 488153 452740 483674 524780 459044 508895 493913 509948 515976 492424 500139 520393 472226 511041 490609 507976 500096 474688 
