59 41 80 32 27 68 93 40 81 35 93 45 20 3 46 42 85 87 64 28 10 2 11 92 6 20 76 43 47 14 37 52 32 86 8 77 49 53 44 49 67 51 28 88 92 82 33 39 30 35 67 1 10 29 73 66 41 55 68 76 74 96 63 47 39 57 20 53 17 7 54 10 0 42 64 92 72 1 61 18 16 31 84 38 89 41 73 1 30 16 72 14 1 62 34 25 43 16 87 49 59 43 11 23 72 84 27 98 28 52 89 28 91 55 90 90 81 95 36 83 3 13 76 13 84 60 30 41 75 64 63 48 15 61 73 1 12 92 69 72 44 74 82 28 0 29 26 74 3 67 25 14 51 96 96 25 67 57 34 27 33 69 0 94 45 81 75 31 10 48 68 85 84 97 15 54 57 71 51 28 87 52 45 37 98 49 66 27 38 10 42 60 12 7 3 27 22 38 27 13 55 38 53 22 32 35 1 23 39 7 50 26 46 0 7 9 68 26 85 26 37 59 24 58 36 18 36 16 32 61 42 60 40 19 18 9 48 89 63 30 91 99 66 32 78 45 32 97 49 86 3 23 52 0 17 92 69 49 54 88 49 63 43 27 51 83 11 93 80 79 63 11 87 75 32 4 29 44 11 13 65 88 97 80 20 45 8 3 67 82 34 35 91 38 95 50 78 58 68 82 
56 48 2 19 37 37 4 64 57 37 13 81 0 29 66 56 91 30 51 49 22 35 11 74 96 6 1 42 72 43 84 17 53 22 58 13 48 24 29 64 76 51 78 70 10 77 70 68 70 74 10 29 90 65 78 88 78 73 6 94 52 8 47 29 29 47 15 33 23 39 11 78 8 36 21 27 43 36 23 66 74 50 90 55 28 95 86 49 7 61 61 6 72 55 34 14 94 92 64 32 4 27 15 48 31 58 99 76 20 77 63 21 33 86 35 84 54 55 76 61 66 83 27 95 79 29 45 61 38 9 38 5 26 68 25 5 68 38 39 54 55 46 86 73 65 62 32 19 25 75 12 89 51 67 4 84 89 37 71 53 67 38 41 24 61 78 52 46 91 84 46 8 29 85 13 19 33 77 6 72 26 56 81 93 10 33 63 77 18 65 29 70 3 70 88 9 9 8 61 94 20 56 31 31 59 47 55 85 48 17 24 68 39 70 31 59 39 17 88 90 78 59 90 85 16 54 31 25 38 83 80 1 95 33 79 25 24 16 45 94 76 88 59 42 86 57 64 69 50 74 1 48 17 77 19 33 61 55 99 79 80 28 20 12 68 17 82 8 67 47 11 91 24 15 62 74 78 93 41 2 3 81 95 90 11 73 35 78 6 23 60 92 3 37 89 1 39 26 71 7 
34 66 32 90 20 78 86 93 98 93 13 94 74 2 9 65 72 7 83 77 67 98 89 95 4 74 85 6 60 65 54 59 36 35 85 62 40 9 95 34 96 6 22 46 23 53 85 99 77 77 99 16 12 6 71 96 77 45 25 91 99 29 13 47 12 51 97 8 8 91 24 77 15 52 32 53 90 2 7 66 32 18 42 10 89 25 62 83 55 16 55 47 69 96 33 99 8 50 25 55 64 97 17 19 35 55 0 72 32 72 36 50 78 29 93 68 98 52 24 57 63 33 43 26 68 64 13 56 27 36 81 27 64 51 28 94 32 39 42 85 19 5 68 77 24 51 95 60 83 39 32 25 63 70 49 12 77 87 19 32 77 16 64 8 44 65 46 57 18 35 93 74 40 95 10 89 40 60 45 85 76 90 96 79 13 44 88 14 57 35 27 94 94 67 70 11 28 3 38 29 33 40 14 11 68 59 75 70 96 68 30 3 53 29 69 84 39 2 32 71 87 32 90 79 18 37 49 11 17 49 10 88 85 58 92 30 18 97 18 82 31 90 63 3 75 99 78 19 63 34 14 47 26 92 64 73 50 10 6 8 93 38 74 49 14 61 36 97 25 96 0 67 44 79 15 0 52 34 24 40 44 94 22 71 84 46 48 7 24 6 44 35 62 63 55 72 60 57 45 36 
7 33 56 45 73 56 11 6 74 80 14 79 34 11 67 65 52 9 14 53 41 13 80 15 34 0 45 2 28 89 12 33 31 1 63 78 49 11 3 26 83 73 65 53 88 81 86 80 1 86 76 68 70 26 65 36 79 77 79 86 84 7 17 38 9 14 69 8 72 40 98 95 69 7 96 18 92 36 70 61 25 69 52 47 5 6 65 79 75 13 70 56 2 93 31 90 72 36 33 90 6 41 29 9 3 57 8 40 33 79 40 14 27 65 38 66 48 21 8 87 52 42 97 21 48 4 50 62 2 93 52 21 83 80 51 57 4 82 69 69 27 16 67 74 27 8 35 46 25 39 47 64 57 54 21 64 88 96 28 53 58 87 97 11 63 62 45 90 78 35 58 28 90 89 84 38 61 12 50 54 34 64 58 43 82 58 5 17 56 96 42 23 53 80 49 15 42 28 15 56 76 16 92 21 7 43 47 29 81 82 37 30 1 7 4 51 70 50 22 57 50 2 27 60 77 50 59 98 48 19 88 63 98 49 30 97 56 26 3 35 56 38 13 99 88 45 10 44 83 78 84 3 1 44 73 81 7 98 56 38 74 18 16 48 96 73 5 15 50 89 21 68 0 92 80 60 18 26 23 70 92 9 10 87 37 95 64 97 67 7 71 90 42 39 8 6 34 86 92 12 
38 90 96 37 46 72 42 89 51 2 48 78 89 32 96 86 22 95 5 48 30 87 49 54 13 36 32 98 60 34 4 2 62 83 13 81 74 25 42 78 43 61 45 3 47 23 76 87 48 83 60 35 18 60 38 11 76 31 43 11 70 18 96 15 99 65 47 28 17 56 69 60 50 26 1 18 84 42 23 90 43 9 16 53 68 39 93 48 85 17 90 93 12 94 98 23 26 32 31 75 17 85 47 46 60 59 92 13 73 37 56 7 31 19 54 94 69 88 79 1 62 89 44 20 15 1 11 40 18 51 89 41 36 20 43 29 93 22 51 18 66 8 29 59 4 66 5 75 87 27 99 83 26 13 34 33 85 1 45 96 46 60 68 10 53 57 33 76 69 84 38 49 32 42 74 81 18 74 98 11 76 91 98 17 28 91 80 63 83 40 52 98 20 97 40 59 23 75 31 67 40 81 64 52 85 12 60 85 61 31 48 42 67 42 28 7 90 60 25 70 54 51 23 63 75 75 99 59 92 44 58 94 23 52 38 5 95 14 67 28 58 0 32 73 12 86 48 65 91 96 37 79 84 22 23 86 51 38 98 46 47 50 80 26 0 74 56 76 8 92 14 77 91 46 78 67 6 56 90 52 83 43 74 73 15 93 92 75 16 70 16 80 96 66 65 78 21 28 1 63 
90 45 26 13 81 38 9 16 31 36 63 35 46 49 17 96 2 87 9 83 6 22 51 86 59 87 25 42 64 60 21 28 52 63 70 26 81 9 38 76 18 29 83 67 60 97 41 25 48 53 26 4 89 20 59 47 40 27 43 23 79 90 81 23 57 80 55 86 74 38 68 28 43 25 1 3 5 76 40 59 75 24 40 17 29 18 93 12 59 84 79 68 76 8 9 98 15 25 60 8 39 0 92 83 34 34 82 83 25 42 2 62 82 50 87 7 94 81 57 20 84 11 34 5 33 72 20 63 53 10 42 17 30 74 29 14 68 85 29 55 32 55 72 58 89 3 6 4 48 41 46 7 67 16 12 39 61 44 87 89 47 99 97 16 90 45 52 84 35 94 51 48 35 79 86 68 28 9 82 19 19 97 80 37 72 91 60 52 68 22 5 13 21 11 28 21 67 33 28 57 44 64 68 33 8 45 35 39 83 46 38 72 40 23 41 35 51 47 35 75 93 39 99 93 15 83 11 25 72 26 14 89 51 17 3 94 92 27 3 80 50 79 39 96 69 25 58 24 33 18 64 77 14 2 12 56 85 75 0 99 83 52 90 97 29 95 20 28 28 59 64 62 9 60 57 34 0 16 94 48 96 54 84 44 2 17 14 83 35 31 16 59 43 70 59 60 64 59 28 38 
86 86 47 81 25 25 35 42 59 8 31 88 6 28 71 71 93 62 62 88 54 47 30 33 60 50 18 86 94 93 7 44 40 87 43 33 72 98 62 21 40 52 41 11 5 32 40 99 60 50 10 78 8 75 44 62 11 26 82 44 5 97 77 43 89 44 30 39 47 58 61 14 30 2 57 53 55 10 51 46 5 65 30 89 50 50 74 93 66 67 64 29 63 59 32 74 72 75 76 82 27 67 37 77 52 48 31 7 63 25 69 11 61 95 53 86 81 65 73 59 98 84 95 1 55 18 75 57 55 69 10 6 66 43 61 47 96 51 78 96 88 30 66 31 64 95 4 92 83 96 37 62 11 23 68 13 9 71 80 57 5 50 48 52 74 54 50 66 17 39 99 36 36 29 53 96 47 91 26 27 90 71 1 24 78 62 95 43 76 98 99 81 22 46 33 51 41 58 27 29 31 12 53 72 66 10 87 69 40 13 24 8 13 9 42 73 65 54 83 6 86 99 89 49 2 89 62 67 37 98 21 69 94 6 25 78 46 21 59 26 77 94 58 10 15 44 43 51 42 87 61 67 86 94 14 93 45 78 58 25 85 69 36 0 86 60 91 57 64 53 6 88 84 70 47 37 10 66 61 76 7 17 48 96 68 22 45 90 11 50 2 40 52 88 83 81 27 15 14 2 
92 28 36 86 59 44 32 22 57 16 27 48 62 71 89 84 12 12 95 27 28 81 97 28 60 55 15 81 97 19 82 7 78 80 64 64 28 62 80 91 68 26 14 73 38 47 51 88 79 8 51 37 92 47 4 61 40 62 55 14 12 52 44 23 26 98 83 10 53 98 80 35 67 8 2 41 30 11 91 22 39 10 74 30 96 28 43 12 44 80 4 74 85 33 4 98 17 58 20 25 93 69 11 35 62 97 42 47 4 32 60 0 21 38 96 64 62 39 89 76 4 7 37 33 94 16 53 41 17 55 48 21 36 27 14 5 9 50 30 4 19 18 31 94 61 95 60 3 16 33 75 14 68 57 99 69 85 91 80 55 7 75 78 84 42 92 48 84 48 7 0 99 39 76 0 38 52 43 15 93 48 35 24 45 32 31 13 48 32 55 56 5 84 48 63 52 99 55 34 72 67 64 93 64 20 88 54 94 28 92 48 92 80 34 17 17 77 17 8 6 81 4 18 17 26 99 30 0 63 9 48 66 70 33 92 11 90 0 6 54 79 75 59 0 30 29 61 74 61 54 20 25 38 38 22 81 95 36 80 88 18 55 89 57 42 82 55 29 73 1 91 68 3 7 18 63 56 51 49 89 97 72 92 35 13 28 79 77 33 18 53 85 20 55 50 98 85 98 42 85 
58 43 34 18 22 62 35 39 40 67 36 93 78 81 41 44 41 47 98 51 34 63 64 2 86 81 42 67 48 54 94 92 35 86 87 12 35 98 30 31 68 82 32 82 10 18 58 98 97 71 38 41 73 69 34 32 66 7 42 74 0 78 55 72 89 89 20 84 89 24 28 52 23 40 2 45 87 35 44 31 51 16 52 82 38 57 62 77 9 75 9 23 88 50 76 27 45 54 36 36 86 4 97 61 21 17 40 65 11 72 35 14 38 94 83 35 36 3 17 51 0 66 32 44 7 1 18 5 17 79 53 23 37 90 76 94 10 93 62 54 40 88 14 68 62 61 68 91 57 99 42 50 17 60 55 31 7 53 48 28 95 69 20 70 38 18 45 0 70 87 71 21 45 29 65 56 55 4 94 66 36 92 90 40 74 45 45 71 15 44 39 66 57 32 4 56 69 11 30 5 13 52 32 33 78 93 17 18 53 48 78 8 61 48 53 39 17 41 27 81 74 31 38 3 57 43 34 25 90 46 56 15 51 80 33 86 6 1 6 10 85 57 60 58 33 21 62 7 56 75 84 4 46 62 70 93 73 51 93 49 9 51 94 78 29 63 17 72 51 24 7 61 17 95 35 19 34 16 25 14 34 40 56 44 6 69 31 42 55 5 58 97 87 78 22 21 21 97 20 12 
76 20 37 14 46 98 24 20 33 92 24 78 95 5 41 38 78 35 20 65 82 59 93 28 30 27 56 16 36 17 35 17 65 35 51 25 0 69 38 87 78 63 44 94 78 99 25 76 2 33 85 23 98 1 21 30 95 21 89 47 51 24 78 32 82 98 14 91 8 49 78 42 34 27 16 35 25 65 88 21 35 87 44 87 47 25 22 92 55 38 85 11 68 58 88 60 8 97 66 91 96 18 35 65 11 70 74 16 75 74 31 18 79 41 18 5 41 94 69 89 28 68 51 11 29 63 98 33 37 68 50 45 90 88 62 98 43 62 62 69 32 37 82 17 23 27 78 5 52 71 54 30 88 64 68 35 68 15 63 11 14 35 55 54 48 43 63 15 36 95 97 98 1 35 24 89 67 29 26 28 24 61 64 49 17 58 55 44 59 66 60 15 68 73 4 97 96 70 37 48 88 15 71 24 16 84 30 6 68 50 78 57 29 0 8 12 85 5 41 13 69 31 61 96 73 84 33 62 53 27 4 23 37 53 47 42 46 40 99 97 20 79 55 53 72 99 54 74 43 46 61 94 97 67 57 30 54 14 84 18 11 72 9 30 45 92 65 29 27 90 20 21 77 96 53 90 59 68 57 24 54 10 92 51 13 98 1 58 88 68 71 44 54 70 24 20 83 69 39 35 
56 28 40 30 1 61 71 54 91 21 33 9 68 43 82 93 16 20 32 47 94 33 50 64 37 52 40 38 43 76 54 94 99 84 60 73 42 25 54 41 41 43 19 5 16 45 90 39 34 28 50 57 11 23 18 78 78 56 74 23 93 56 5 14 54 23 44 61 63 58 85 57 39 22 47 49 10 38 45 22 67 92 13 49 29 64 79 71 97 84 2 11 89 39 94 81 83 81 7 62 39 14 89 24 23 82 68 39 78 92 54 85 11 82 31 38 83 73 44 30 72 49 55 31 67 75 61 29 16 97 25 76 68 70 29 38 56 83 27 37 64 37 30 80 26 3 44 72 25 86 29 28 56 95 21 73 79 33 91 33 80 13 0 0 57 22 78 41 37 20 91 99 28 51 56 75 73 35 77 91 55 91 64 43 61 70 50 59 57 37 8 50 2 39 17 54 2 50 16 87 64 62 85 40 79 99 29 15 78 22 86 0 24 95 47 6 3 58 7 1 21 95 39 79 40 60 27 52 7 57 62 75 0 13 25 4 7 68 48 87 66 47 42 62 99 96 82 50 59 82 90 42 0 71 93 96 53 24 0 44 96 64 44 50 73 77 50 99 85 64 22 59 30 99 81 70 25 72 54 93 7 31 51 18 76 12 77 94 65 86 96 33 77 79 96 63 43 98 24 58 
70 45 67 76 56 98 93 43 67 60 14 62 25 69 30 61 47 87 48 72 64 72 4 87 2 30 59 82 70 19 68 44 96 88 6 61 34 4 59 97 37 80 95 61 87 24 94 64 55 52 98 42 38 8 32 71 44 65 84 83 14 93 26 81 21 61 0 82 86 13 50 76 63 39 97 75 3 32 99 50 98 47 58 60 75 91 79 40 53 84 93 59 31 5 1 54 11 48 56 52 98 88 96 85 58 67 63 30 79 28 94 99 18 36 72 31 59 21 38 15 98 74 82 41 45 40 54 42 52 84 51 62 89 35 81 23 44 6 46 69 21 54 51 24 73 30 53 98 79 70 56 42 96 8 24 42 44 93 65 89 11 31 68 80 74 56 18 50 99 61 69 73 36 52 29 95 74 67 25 89 81 42 6 63 81 14 31 84 85 91 77 64 35 31 4 55 75 60 7 59 77 48 97 40 60 67 17 15 40 97 51 73 18 48 83 14 67 4 18 37 86 97 18 30 90 13 23 78 71 23 39 97 88 43 38 9 61 50 22 45 49 97 0 29 71 1 8 61 85 45 82 81 33 48 81 15 91 97 32 85 10 28 95 44 18 37 3 1 11 23 81 75 52 58 16 85 18 49 24 62 46 23 22 6 44 48 10 71 34 50 12 24 40 61 50 41 5 44 12 79 
74 36 49 56 21 30 86 10 77 12 1 72 16 44 11 14 37 69 8 15 95 66 86 92 73 4 65 54 36 62 94 83 86 86 43 1 76 43 98 55 22 46 96 76 70 33 64 89 94 22 68 58 70 51 83 88 53 18 95 50 79 44 85 1 43 65 35 53 17 18 89 44 35 74 91 81 0 2 70 85 97 89 9 37 35 70 70 33 93 63 85 18 86 61 92 98 45 41 20 44 97 95 63 18 23 93 94 27 18 51 93 44 25 84 72 18 14 39 28 49 67 66 3 44 89 39 0 49 89 14 55 42 14 66 35 92 30 67 37 46 12 63 68 45 26 28 57 31 84 26 73 46 84 97 8 43 4 56 96 74 69 55 47 36 17 11 26 26 28 32 2 3 58 43 39 49 12 45 19 32 31 54 28 8 53 90 17 24 95 9 49 42 14 5 33 49 71 93 99 97 60 24 8 53 76 51 92 59 91 26 38 4 96 64 61 25 44 18 37 57 78 18 27 60 17 77 72 93 22 33 87 83 64 50 85 81 6 31 16 27 43 1 20 27 0 20 77 75 31 57 65 9 45 19 9 52 4 16 13 81 31 35 69 18 12 24 61 98 0 79 14 46 40 36 90 73 13 2 56 42 16 87 88 37 44 4 16 19 33 73 64 16 79 91 62 42 6 24 22 12 
63 79 88 54 26 32 71 47 53 78 53 52 73 87 55 31 68 48 39 36 63 2 88 30 57 45 22 38 51 67 73 91 77 70 22 37 5 61 36 43 23 4 29 51 1 79 34 74 91 17 14 27 13 29 5 52 8 28 16 70 47 72 13 36 43 73 1 91 85 67 20 56 38 51 52 54 67 49 52 10 75 93 83 29 41 76 29 37 90 25 81 46 62 65 63 2 46 0 89 87 3 57 13 3 32 84 65 62 41 22 57 80 22 13 92 85 34 8 61 1 42 40 32 87 97 36 6 9 49 79 53 45 61 17 27 66 52 15 84 46 86 94 62 15 94 0 65 19 44 25 64 24 56 97 54 56 14 51 8 74 99 61 69 93 28 61 39 20 62 44 34 62 2 60 95 79 26 32 99 35 23 62 52 79 36 40 74 97 79 40 97 72 94 84 91 40 9 78 41 38 42 59 47 43 85 58 15 97 5 67 98 46 23 92 1 69 34 97 97 95 22 71 26 39 45 66 5 73 35 91 88 83 20 31 58 27 31 54 67 83 69 26 5 43 92 24 76 55 54 19 95 17 5 54 71 43 79 52 11 88 37 30 57 51 40 89 16 40 0 25 55 56 37 41 4 31 14 36 65 28 16 43 19 39 55 59 95 45 74 38 14 93 17 21 47 94 62 45 4 14 
89 47 74 85 9 36 25 89 70 44 83 8 52 57 58 18 31 36 23 32 21 4 62 77 70 2 19 65 26 31 87 24 88 99 8 44 69 18 97 9 38 98 98 75 78 73 43 85 95 63 2 21 28 53 38 40 59 39 89 75 93 35 29 94 90 99 34 28 81 17 95 99 99 88 40 38 63 50 78 84 2 25 69 59 19 6 38 88 46 72 60 29 33 92 5 56 20 65 52 98 61 11 1 72 30 4 58 68 49 6 77 7 44 77 88 50 99 71 63 11 26 79 64 61 35 32 99 91 32 86 85 72 73 5 67 55 41 40 31 29 37 7 58 19 9 77 42 30 90 76 89 8 91 38 23 1 72 29 33 54 84 90 82 0 61 19 58 88 10 60 89 82 72 78 45 35 53 19 7 28 61 1 64 92 65 31 46 41 30 84 36 13 94 5 78 26 90 92 42 20 75 66 56 14 80 91 43 76 96 32 20 35 64 82 79 81 77 44 72 63 43 48 15 81 84 94 6 21 98 86 62 14 46 61 13 41 39 9 56 13 90 52 69 35 4 70 62 81 45 66 91 17 98 59 43 49 5 63 50 17 82 47 3 74 94 84 0 8 8 46 67 90 20 47 37 77 95 74 18 68 26 52 19 42 26 75 11 53 8 46 21 42 83 44 56 52 59 12 8 86 
94 36 33 67 4 56 29 36 39 86 95 65 76 36 65 43 45 5 9 5 79 88 52 21 23 61 86 45 76 25 94 11 55 0 81 13 91 93 41 48 14 54 8 8 16 44 60 83 86 81 1 34 97 64 2 69 12 6 33 61 51 7 65 76 98 46 16 43 30 0 60 46 54 9 17 9 28 45 26 22 29 87 33 7 46 24 51 98 1 70 76 82 51 41 22 71 75 66 81 49 35 26 62 53 38 5 92 61 66 79 8 81 70 27 82 41 70 50 9 16 29 35 35 74 76 85 25 83 26 7 29 68 52 27 84 93 93 48 71 31 80 50 44 42 21 56 70 27 85 32 38 24 50 31 39 12 26 97 53 57 35 3 52 83 27 54 50 47 65 63 2 35 20 38 94 16 42 83 29 37 67 24 22 54 31 79 56 48 2 6 46 67 6 40 81 86 70 37 43 26 13 62 42 97 33 54 42 40 9 40 59 19 61 55 42 28 92 14 61 15 66 43 1 48 55 23 24 50 60 34 36 2 13 45 86 22 66 15 94 48 82 43 71 70 41 20 34 0 97 66 39 88 83 78 6 0 15 79 62 57 37 10 92 75 89 95 72 26 33 9 21 35 2 60 17 61 84 53 21 17 98 9 77 56 14 82 36 80 68 22 83 70 77 69 32 74 81 17 73 99 
45 92 41 57 91 79 54 8 99 56 87 56 23 44 8 81 21 94 60 43 79 14 47 94 52 47 4 22 45 72 11 83 14 56 71 99 54 11 82 40 88 70 74 19 20 55 4 77 97 27 5 2 61 77 24 79 34 83 7 4 85 33 78 25 48 96 78 72 80 49 72 64 93 35 11 72 86 78 76 0 35 93 20 67 8 81 93 56 31 58 69 30 90 67 38 54 91 45 94 16 71 9 41 96 84 67 21 11 31 5 76 80 94 11 77 44 34 82 0 98 11 85 39 11 26 25 29 40 15 39 37 36 81 59 72 69 31 77 82 87 16 47 34 63 29 35 75 32 29 62 73 55 10 77 61 80 46 10 70 38 29 50 81 27 77 86 62 22 69 18 30 84 50 66 79 40 98 87 35 92 39 52 42 25 96 93 62 35 19 11 43 5 3 86 94 13 42 67 46 7 65 15 26 14 91 80 58 12 56 60 36 79 87 99 12 84 6 20 35 35 91 40 81 51 42 91 1 83 42 27 33 21 21 22 22 82 81 26 81 22 23 86 79 77 13 76 98 51 2 49 24 0 64 93 83 27 51 80 82 48 60 80 7 75 36 35 57 23 74 91 40 98 51 29 59 99 41 75 85 22 85 13 32 43 17 86 25 29 64 38 76 20 24 94 59 85 6 52 64 33 
44 89 32 73 60 92 93 16 6 4 68 41 20 44 87 42 77 22 93 66 51 85 11 35 82 23 17 19 63 7 66 0 78 46 93 61 34 49 20 32 98 26 49 29 1 10 74 36 94 22 77 89 42 13 9 26 62 5 91 54 3 70 76 77 11 11 66 21 89 6 9 7 21 94 68 16 58 83 1 86 27 30 73 30 75 13 11 20 8 2 54 9 86 15 97 80 29 88 39 22 73 76 80 2 57 9 10 49 86 70 35 58 84 42 22 30 76 51 88 6 44 92 65 85 41 18 58 11 35 65 70 46 70 75 12 68 7 92 31 13 76 20 65 71 93 38 35 11 47 93 30 66 82 8 82 56 26 61 79 12 9 49 24 52 56 54 10 86 23 22 94 10 22 45 38 10 94 53 2 4 15 76 85 79 78 69 37 48 34 59 67 10 19 70 76 44 48 35 69 30 69 94 72 83 83 97 59 18 43 44 12 18 8 4 62 50 5 81 7 61 22 31 55 66 45 42 40 39 20 8 38 6 26 55 8 57 47 64 55 71 48 84 3 43 22 56 21 49 85 2 76 5 12 34 34 66 51 34 4 96 18 2 28 78 24 74 23 63 70 37 47 33 61 34 15 78 49 42 53 35 56 45 63 70 94 60 53 60 18 98 29 87 16 13 72 4 9 75 77 49 
76 10 79 37 54 9 0 0 81 80 67 68 4 42 1 60 54 72 47 24 36 77 87 97 56 8 26 74 7 98 69 71 49 45 14 6 12 76 76 64 10 87 66 33 67 9 25 17 14 68 81 28 86 97 53 53 81 25 5 72 64 39 39 98 9 11 13 24 37 54 46 6 56 51 43 41 59 85 16 35 25 82 75 75 93 72 44 27 26 38 77 72 71 9 72 9 77 12 55 40 46 52 76 70 80 0 81 4 50 28 89 49 71 87 4 90 31 35 19 72 65 88 75 48 35 46 88 65 67 51 81 29 72 62 47 13 64 25 53 22 55 16 73 40 35 91 68 31 26 6 43 82 37 23 83 35 82 68 50 32 96 41 18 27 98 32 10 70 65 59 27 60 6 10 68 99 35 6 28 12 16 93 87 0 42 27 44 94 83 84 63 60 81 95 55 99 51 94 25 21 36 71 54 14 83 98 45 30 50 12 64 84 23 19 0 75 84 83 27 48 94 53 71 41 0 59 36 72 81 99 26 91 59 63 82 66 14 79 21 13 96 92 83 48 18 34 34 41 95 49 88 81 51 57 88 45 35 53 28 98 47 56 87 15 20 43 81 70 79 47 83 77 17 35 82 42 53 0 52 37 11 15 42 41 74 26 45 54 97 35 24 30 96 89 88 73 34 89 44 65 
38 76 28 25 58 97 81 97 31 38 87 84 28 78 29 1 99 49 72 64 97 96 71 75 86 10 86 26 48 47 90 27 67 63 91 6 97 38 23 70 70 51 82 12 46 70 79 32 42 98 10 77 45 63 78 73 60 51 76 77 12 66 93 53 58 24 17 83 43 90 12 12 37 1 54 99 94 58 77 31 4 33 6 43 52 33 8 56 42 63 96 74 37 2 17 6 87 95 89 24 4 84 5 39 80 30 58 33 34 48 37 21 31 98 13 25 22 78 82 89 72 19 87 77 35 75 55 75 75 31 33 49 89 90 22 27 63 71 95 76 28 14 91 58 24 92 62 96 99 65 43 27 7 44 71 91 18 13 19 10 28 41 14 87 36 14 34 13 35 8 33 42 2 33 35 22 28 68 86 71 87 4 64 87 49 79 36 99 26 43 12 25 68 53 70 9 51 65 6 60 90 45 19 51 18 85 80 26 5 98 64 14 90 5 37 15 87 59 18 62 71 67 31 28 29 83 85 35 4 54 26 33 73 74 73 37 30 90 70 37 1 6 13 97 80 49 9 53 57 67 19 19 93 51 27 17 33 99 42 94 33 67 72 14 44 70 21 46 64 99 34 23 6 4 89 9 25 52 25 37 76 70 90 54 64 68 9 26 46 89 38 24 73 18 83 57 80 99 96 34 
43 69 28 12 34 55 91 9 61 2 48 61 78 29 49 95 24 25 44 79 86 92 9 16 24 64 17 6 71 75 41 99 54 28 63 93 72 44 60 41 89 87 99 87 81 52 61 83 78 36 89 94 52 37 30 63 53 97 59 99 27 71 38 91 19 4 8 50 96 43 39 58 7 34 93 67 47 3 25 69 28 47 60 89 92 72 49 75 62 77 16 70 3 74 75 65 25 65 58 61 61 40 49 91 80 40 99 15 26 98 85 17 12 43 28 3 2 97 59 7 46 36 89 51 2 30 81 90 88 47 62 32 5 15 85 81 9 37 45 41 13 72 59 68 28 12 21 9 30 64 92 88 69 73 97 60 14 65 96 81 28 53 27 98 83 96 16 82 20 61 82 17 19 82 37 73 14 78 29 38 4 48 83 29 27 61 57 87 42 96 63 62 93 60 54 24 31 66 50 28 43 15 50 41 74 4 15 32 32 33 58 50 32 74 81 18 17 4 4 75 70 59 66 69 0 48 31 64 33 30 2 62 73 45 19 7 53 66 2 18 16 8 12 69 10 90 37 87 29 82 67 69 33 42 99 51 95 97 37 9 58 8 28 5 2 93 42 38 48 84 41 54 29 4 48 76 46 60 12 13 92 7 98 36 81 88 27 99 59 58 9 68 88 44 62 56 57 8 34 51 
35 57 54 36 67 57 49 50 96 72 74 87 30 94 72 40 14 91 25 53 72 89 42 19 88 1 5 95 28 42 1 88 2 10 66 76 26 39 88 31 69 29 30 73 68 65 89 73 78 65 39 94 11 44 21 65 7 93 72 43 6 15 35 60 89 84 47 27 65 94 61 52 83 93 96 52 60 42 39 92 70 79 25 17 86 20 21 38 39 90 81 34 47 18 57 64 16 4 73 56 46 33 91 44 48 6 30 79 64 82 4 76 70 53 44 58 39 13 43 31 66 13 56 83 71 81 43 66 24 53 24 76 93 5 87 95 46 1 25 22 66 48 88 70 6 62 0 70 80 23 75 31 46 38 34 11 34 30 60 21 27 98 22 6 64 98 52 26 47 29 56 62 88 74 88 76 55 0 36 80 15 21 32 22 93 24 55 20 21 2 65 49 30 58 2 82 16 32 79 16 37 96 64 22 13 94 55 64 43 45 69 60 83 48 18 49 61 21 34 25 82 64 41 31 82 42 30 48 37 31 51 73 82 92 4 38 93 13 34 62 12 34 58 63 56 81 63 15 64 27 59 82 70 26 25 42 49 42 55 29 16 58 9 34 65 26 34 91 11 71 25 88 84 51 0 16 38 29 52 56 21 67 28 96 34 62 48 50 81 6 60 92 71 11 17 98 50 66 86 71 
17 16 87 64 1 4 34 27 32 79 96 32 40 45 43 14 20 85 95 56 41 98 5 17 23 24 98 21 85 92 69 17 58 92 1 34 17 52 9 16 8 82 61 36 41 89 16 28 13 79 46 51 8 73 24 97 57 34 97 27 65 76 63 10 82 18 6 36 2 73 77 80 98 61 39 83 96 78 64 75 90 28 0 23 44 68 90 99 55 81 85 97 68 73 23 44 1 47 67 76 11 1 65 26 36 73 11 22 25 82 46 6 98 88 49 89 28 43 54 71 35 76 87 74 58 28 14 54 60 71 35 13 12 21 10 75 55 50 17 92 28 15 64 45 12 18 11 91 52 10 2 74 44 69 22 31 41 38 36 92 37 82 59 76 89 4 87 57 51 20 52 29 57 54 19 65 46 80 23 36 92 69 30 75 30 38 31 67 42 48 99 51 5 12 71 48 42 44 45 51 88 55 4 65 44 90 97 49 39 36 84 57 72 3 75 90 36 72 81 78 5 65 90 2 76 24 98 77 19 83 7 74 63 22 51 57 6 37 50 25 67 90 16 48 32 17 49 47 12 95 93 84 51 44 31 66 23 23 89 71 20 23 6 60 2 66 94 60 73 25 41 33 70 48 95 0 28 4 35 51 33 30 51 6 18 24 91 33 52 50 83 71 89 78 46 20 67 63 92 22 
90 8 71 90 20 81 58 98 64 73 58 17 75 11 54 55 95 2 73 45 69 10 81 72 58 20 6 42 16 93 95 20 22 56 52 23 89 0 65 20 28 55 85 6 14 32 67 71 87 94 57 22 76 86 70 3 3 75 70 27 75 8 7 25 11 94 99 77 13 86 31 40 57 37 21 25 58 30 41 91 77 68 33 58 79 25 95 82 53 85 68 17 98 27 97 1 87 33 4 99 96 91 32 30 65 18 82 22 80 45 53 10 32 75 95 27 45 10 92 63 82 48 97 7 79 76 49 13 89 7 33 89 6 99 34 48 89 59 19 61 18 85 34 20 6 61 75 48 10 98 88 22 84 46 68 26 37 77 10 80 77 30 55 19 12 1 91 92 46 0 28 83 77 25 45 42 62 84 54 54 5 81 35 65 29 16 62 56 92 31 17 86 90 7 52 78 76 91 15 78 99 41 15 71 62 50 30 54 48 25 12 52 32 87 7 58 11 49 34 20 32 33 93 44 18 30 12 97 99 63 11 88 95 30 17 89 39 44 64 3 63 83 40 94 54 11 1 33 33 87 82 55 9 57 59 60 0 75 27 48 46 18 38 0 0 34 89 46 46 59 8 90 85 48 2 80 35 91 44 44 82 92 42 40 39 5 55 37 56 5 0 24 80 24 50 17 89 46 84 25 
81 87 49 81 9 59 72 87 71 61 77 77 28 81 60 99 6 22 12 36 54 69 71 52 60 20 52 72 57 6 5 26 78 88 96 71 47 7 59 34 91 62 43 79 58 22 85 4 26 84 86 15 14 40 57 12 84 16 46 92 82 10 86 58 68 93 52 81 92 73 54 22 53 6 32 91 4 71 80 68 79 75 90 61 4 71 50 25 11 54 88 65 23 74 43 40 14 67 74 93 50 57 79 62 18 37 64 16 18 35 6 86 46 79 96 54 73 5 45 90 64 51 57 76 52 65 61 36 14 82 45 21 14 10 38 74 78 6 17 50 96 44 74 26 5 83 95 3 19 73 47 51 5 91 26 35 29 72 68 27 63 42 6 37 88 6 72 26 58 66 20 21 90 12 98 5 69 12 76 11 23 54 35 32 89 30 23 85 91 4 31 95 21 59 85 39 65 35 29 31 44 73 67 82 60 40 30 18 79 94 10 11 50 53 94 2 4 55 67 55 92 86 59 79 80 76 37 93 79 10 32 44 30 19 70 48 86 16 35 1 13 61 34 61 42 90 52 36 74 31 34 79 37 1 35 20 68 11 7 23 52 63 46 1 99 68 37 64 65 79 81 7 45 45 36 83 97 73 8 95 83 86 58 80 10 16 48 8 73 14 62 11 18 78 6 47 6 16 59 32 
71 27 79 95 50 49 63 28 58 98 70 45 88 20 28 10 16 50 62 42 87 73 31 7 31 26 93 40 37 66 92 86 65 2 46 73 31 83 88 5 48 12 19 1 35 5 95 82 69 44 48 2 99 50 30 19 22 33 22 83 43 55 13 90 88 41 5 58 30 53 38 53 45 49 79 20 45 81 96 39 71 26 50 13 63 4 98 81 75 41 22 89 40 27 22 62 30 96 25 13 82 8 34 72 4 63 13 72 35 87 62 17 0 8 90 74 64 66 67 59 85 15 25 84 43 26 10 88 33 75 41 78 91 63 51 27 33 63 22 72 51 40 79 81 90 90 89 65 91 37 26 12 70 39 38 71 34 63 26 16 84 33 2 5 25 72 58 5 84 72 85 44 75 88 23 58 88 91 86 47 26 89 87 29 57 48 42 99 96 60 9 48 18 88 28 91 84 21 10 58 29 40 55 93 53 15 63 0 85 16 50 19 55 30 21 25 26 36 60 59 38 35 24 90 25 2 46 79 4 40 92 98 88 33 88 2 31 13 59 91 95 93 0 29 25 67 53 8 69 41 53 91 6 45 90 37 40 96 93 22 81 86 8 2 61 4 19 63 19 37 26 44 45 66 22 38 19 50 70 18 31 96 24 43 45 18 52 14 79 73 76 83 48 94 21 5 68 25 53 48 
95 84 69 27 75 99 80 81 51 61 45 56 34 17 18 44 95 17 78 40 42 95 12 6 67 31 52 4 73 88 5 42 34 18 87 42 45 79 43 74 0 53 78 49 55 72 18 65 69 40 95 95 13 36 24 11 67 36 44 89 92 41 96 5 44 43 1 51 59 43 23 78 78 50 92 85 50 16 49 22 69 25 52 23 88 66 45 99 77 51 34 18 58 15 53 75 97 27 55 9 9 84 71 95 29 43 99 85 24 58 79 12 4 45 56 93 15 31 11 45 23 50 45 3 81 27 81 70 69 77 52 36 31 11 44 44 29 30 4 60 99 94 43 6 47 8 72 72 91 3 1 5 99 49 62 86 27 85 55 21 28 7 52 77 14 55 41 18 54 41 3 82 77 72 58 92 69 26 87 21 90 76 35 12 27 34 25 41 2 45 92 1 46 95 4 71 24 35 3 55 44 13 15 56 76 28 43 63 69 82 14 90 9 24 7 45 1 56 65 68 4 19 52 92 91 26 84 91 14 86 78 42 7 18 13 9 34 14 27 62 21 94 56 1 25 13 82 60 8 38 34 25 40 38 30 96 67 51 23 63 53 33 85 71 16 96 1 69 66 73 45 73 24 84 74 62 92 57 71 25 36 9 13 2 1 87 67 17 7 96 42 49 55 20 52 51 73 26 34 21 
4 98 38 29 78 9 84 79 88 61 87 85 40 97 38 50 97 2 74 9 77 19 89 1 86 75 17 33 15 90 92 12 95 37 26 68 14 97 61 86 67 80 21 32 74 2 0 14 47 75 40 38 75 50 99 65 93 82 21 13 79 38 16 86 73 90 64 81 66 47 38 46 35 60 35 0 21 91 20 1 23 82 92 12 99 55 0 87 71 76 15 0 67 59 2 79 81 77 49 97 29 93 70 84 47 27 65 71 1 41 70 79 81 87 31 17 79 34 77 70 34 14 88 45 45 8 1 92 83 37 88 94 68 37 38 15 70 98 25 68 63 25 49 76 89 5 33 87 9 97 6 15 9 4 7 80 11 47 26 84 55 99 58 91 9 88 46 55 26 9 64 95 53 21 45 53 99 73 13 98 51 82 50 13 72 42 10 82 99 38 8 44 89 75 14 56 45 54 53 45 14 48 76 1 56 77 8 93 79 15 95 72 0 3 2 20 15 44 41 34 72 51 76 87 62 29 49 66 72 50 79 52 50 90 61 77 16 47 3 45 78 7 77 75 80 74 41 88 14 77 57 4 26 52 10 93 64 17 31 76 79 94 33 76 2 97 59 96 82 17 28 84 62 8 28 18 14 12 72 94 57 30 82 69 89 49 49 66 68 74 67 87 92 68 83 9 82 83 49 72 
60 13 67 46 44 72 63 26 28 72 23 77 52 12 19 16 57 52 25 11 63 62 73 9 32 65 84 4 22 17 87 99 31 61 96 63 21 97 32 30 77 80 13 74 51 80 77 45 54 72 91 19 19 91 38 0 56 9 85 44 35 19 2 85 4 26 46 64 7 40 63 10 49 94 18 12 26 53 3 32 72 92 59 50 26 26 94 28 51 96 89 5 79 64 30 8 54 7 9 0 28 41 21 58 33 47 7 83 62 62 54 2 71 97 64 89 82 18 76 39 68 57 61 60 67 78 14 34 52 10 66 55 26 95 50 7 11 71 68 39 61 62 62 54 39 43 67 83 41 41 65 91 97 62 85 40 60 43 7 34 72 41 53 73 31 52 29 72 4 2 52 93 8 26 30 0 32 21 16 72 70 49 77 19 53 49 40 74 96 24 96 93 21 9 1 27 14 10 82 78 28 47 28 56 0 14 2 65 39 93 86 61 48 55 39 4 20 59 90 16 1 41 50 74 35 94 95 53 67 90 71 59 68 52 96 28 88 74 32 48 46 57 41 12 45 23 83 5 14 36 97 52 13 2 40 49 50 80 10 41 61 68 33 65 38 91 38 42 67 70 45 66 71 46 70 88 72 37 50 90 14 95 6 61 22 98 79 7 34 18 83 85 54 36 47 88 52 85 69 25 
51 89 44 5 0 32 85 74 25 65 24 43 71 54 28 16 99 11 55 42 55 98 69 68 81 41 95 30 88 50 55 29 35 36 98 39 83 23 57 52 48 98 56 57 94 99 20 20 96 3 95 97 81 78 85 71 94 17 37 9 28 41 89 6 30 39 26 47 2 27 79 33 5 14 11 35 64 55 41 33 48 95 68 57 8 55 3 0 98 82 6 85 14 52 86 65 30 74 82 54 7 27 34 90 68 75 24 94 89 14 1 16 41 26 49 56 4 25 18 94 7 9 10 60 92 77 19 45 10 9 94 31 77 4 67 53 34 61 40 60 13 39 0 88 74 54 55 1 30 91 19 46 22 26 28 88 1 81 51 47 94 59 67 26 60 78 42 20 5 78 75 8 45 0 0 61 63 89 9 80 80 91 49 18 91 76 81 28 85 32 39 98 22 65 45 68 31 41 14 79 74 81 88 19 59 95 14 47 4 33 8 26 19 99 77 29 47 92 64 53 48 2 26 54 51 52 11 24 36 17 63 49 14 45 11 23 92 33 84 15 14 0 92 50 72 60 94 95 68 95 14 14 66 30 49 35 83 61 26 14 86 69 31 6 43 63 18 59 21 22 10 64 19 62 72 40 65 22 85 57 84 87 7 39 7 93 0 86 7 59 53 30 90 62 7 94 99 87 86 11 
13 42 44 86 32 77 0 29 56 32 22 22 5 61 94 36 43 76 30 46 59 97 33 13 86 32 14 45 68 49 74 75 71 8 33 38 13 55 37 28 36 48 68 22 25 60 31 90 10 57 80 87 24 42 14 78 83 51 57 92 52 4 72 28 33 38 45 3 71 94 51 61 28 24 47 50 86 18 51 32 77 24 81 38 0 55 15 90 85 27 75 27 34 62 84 22 98 86 41 57 32 76 50 29 86 21 69 97 14 17 26 34 10 3 22 58 41 76 32 87 64 72 22 0 45 81 19 51 34 45 73 41 2 6 80 78 97 35 71 11 48 62 3 53 42 52 14 99 73 37 67 87 57 33 46 61 67 42 60 93 73 74 48 54 4 71 0 99 49 34 12 72 12 9 67 84 74 32 98 10 82 54 97 22 66 27 52 85 99 80 33 67 47 75 31 92 77 17 4 25 94 49 78 21 42 70 82 3 32 11 98 2 27 62 5 30 93 78 4 45 53 81 99 38 52 78 13 80 75 70 64 6 80 58 73 25 94 40 79 31 18 25 33 43 55 18 80 33 4 74 21 4 89 52 32 17 84 89 71 69 69 15 58 33 59 67 98 81 36 36 2 67 22 78 44 34 28 30 57 95 33 74 80 22 19 52 76 56 71 14 12 71 75 88 3 75 47 21 77 12 
88 63 0 87 42 13 98 2 21 62 38 90 11 80 48 23 3 62 87 23 41 29 29 63 28 41 25 46 24 36 53 6 82 7 65 48 5 7 52 35 26 26 3 72 34 54 18 88 82 46 56 95 86 16 42 11 14 85 92 8 71 63 98 7 70 80 24 81 67 76 85 85 51 93 41 40 33 33 6 64 14 91 51 95 99 90 58 50 96 50 44 97 98 92 6 60 17 76 18 98 87 4 2 29 20 16 44 39 2 93 51 56 4 3 81 87 70 38 78 69 23 46 92 27 87 45 62 68 1 45 90 56 91 47 66 6 5 40 79 20 4 73 81 98 77 40 62 20 89 49 25 58 57 78 60 28 76 83 9 95 56 88 61 53 98 93 94 53 94 86 91 19 63 87 54 20 67 47 81 81 42 15 80 96 79 98 77 72 47 38 13 2 24 61 22 72 32 5 98 96 92 9 91 12 39 85 79 78 32 24 71 38 87 0 50 95 49 81 47 73 70 9 62 44 3 72 42 66 46 80 9 30 49 4 40 56 56 84 59 58 70 87 67 40 42 99 28 60 12 21 9 61 55 2 5 69 99 49 29 73 58 50 20 4 34 94 34 50 71 8 20 74 67 7 82 42 93 85 1 90 26 32 52 76 73 55 14 22 74 71 62 72 21 87 10 32 32 52 8 7 
38 13 78 33 57 10 67 80 91 27 46 13 1 47 63 0 63 13 84 74 3 76 66 55 51 62 88 57 73 6 42 17 46 94 74 40 90 6 83 35 20 99 99 18 59 86 11 31 95 20 0 61 41 82 36 91 1 53 81 15 43 0 22 82 48 17 7 58 29 60 94 65 28 13 15 56 74 21 31 44 8 28 73 44 62 98 77 95 81 6 42 39 37 70 73 50 98 16 31 47 90 20 43 77 63 19 11 39 0 79 8 56 34 89 4 45 53 47 64 59 77 70 51 51 66 31 98 7 46 28 59 60 33 25 42 80 73 31 26 8 43 74 58 98 9 22 49 51 54 15 50 20 31 97 75 78 28 60 34 95 74 60 93 79 38 97 81 72 70 38 57 30 22 4 12 10 65 24 91 7 81 64 27 61 25 42 70 97 34 13 32 58 68 90 29 51 65 14 90 88 98 97 24 69 5 86 3 48 3 87 2 87 70 15 94 42 2 31 22 22 76 70 46 54 75 64 51 77 90 37 69 44 69 1 6 50 76 27 74 41 85 79 11 62 74 8 92 68 37 26 68 24 30 31 4 57 74 0 97 59 73 50 31 69 91 13 3 91 71 21 74 0 8 31 74 60 91 35 0 54 76 24 75 4 20 11 79 46 47 16 38 92 55 21 59 34 9 99 76 43 
2 42 94 45 68 53 66 42 2 76 6 96 58 61 29 89 86 83 47 50 5 68 60 64 90 73 46 24 25 65 73 11 69 92 99 9 62 47 24 95 39 94 8 66 23 40 74 35 84 40 91 4 92 86 12 28 51 15 56 33 17 13 69 1 52 85 25 3 12 94 39 0 83 10 72 17 11 3 15 94 86 23 72 60 16 60 97 27 95 75 28 67 55 88 29 44 79 61 19 79 48 42 28 99 28 28 74 8 26 28 76 47 44 67 53 10 21 28 43 37 88 69 11 46 9 33 40 0 30 10 33 42 61 39 31 98 52 8 35 16 72 60 8 33 63 87 43 63 15 88 36 27 52 97 56 96 49 34 47 26 98 10 28 99 6 40 43 96 50 26 43 24 85 51 20 20 93 18 54 34 70 13 86 60 86 47 28 95 13 5 22 69 57 59 72 42 41 34 57 54 61 45 97 96 2 53 7 41 99 21 41 52 59 10 57 60 9 94 26 94 0 71 56 9 69 3 4 72 53 49 80 95 47 86 2 72 53 58 94 19 2 36 32 23 52 61 10 48 19 99 27 90 10 56 1 51 4 83 73 68 30 49 17 35 79 85 73 41 7 89 60 42 97 95 96 1 86 44 25 3 31 74 15 58 43 20 99 94 88 86 71 54 92 98 27 19 81 66 27 66 
29 79 74 91 31 14 77 82 66 44 5 37 9 23 13 18 63 95 47 2 92 22 25 98 91 32 63 22 89 5 27 23 81 24 64 9 2 28 90 4 90 49 14 18 65 30 86 70 34 80 36 0 35 21 71 81 43 90 96 44 27 66 42 65 97 96 81 0 21 94 60 89 60 83 74 15 95 34 37 55 52 48 44 71 55 32 58 62 0 49 27 81 95 32 12 59 67 31 1 97 15 52 19 69 43 6 26 19 75 32 15 28 45 39 11 27 71 91 34 10 42 21 44 26 13 40 88 81 57 40 90 27 62 34 38 82 34 81 5 19 33 0 71 90 5 29 62 13 83 18 58 39 85 86 94 62 81 46 90 52 58 32 37 78 21 88 29 86 67 9 37 65 9 6 66 15 28 98 84 27 75 57 99 43 41 96 14 74 83 26 87 6 62 91 89 34 32 13 81 44 37 26 70 36 96 2 0 62 39 29 55 71 79 35 29 94 59 6 63 32 16 7 47 22 61 1 52 8 51 98 86 1 72 72 77 37 32 59 16 96 92 76 36 37 43 1 95 39 45 41 62 78 62 75 50 21 10 50 86 71 87 88 79 76 32 55 22 70 6 71 94 63 81 93 54 76 31 55 85 38 81 29 86 40 18 28 46 5 35 61 44 60 58 72 1 37 45 22 92 62 
23 48 59 18 24 73 90 72 87 85 96 31 5 66 32 80 29 23 98 85 88 96 70 1 1 1 3 60 3 22 32 73 69 23 75 97 11 79 83 1 76 99 64 35 95 20 28 84 89 68 4 86 91 17 63 20 36 42 6 2 62 7 45 20 82 47 9 80 60 77 59 68 4 56 64 76 57 26 17 4 8 90 40 42 61 93 79 5 0 14 10 30 14 65 56 50 77 58 10 56 25 33 6 40 32 5 81 97 97 62 71 82 81 7 20 67 86 59 4 98 39 58 82 57 47 56 48 71 53 14 62 97 57 88 69 77 69 78 6 79 22 66 55 92 11 81 33 53 14 89 8 77 91 34 70 5 82 39 62 87 64 24 56 81 72 82 80 36 5 63 72 20 0 55 53 65 60 37 10 3 30 93 51 14 66 90 91 76 5 80 98 95 5 88 92 34 86 59 98 0 14 32 82 27 67 8 41 34 99 15 52 29 48 17 90 3 98 90 41 18 70 13 75 22 24 22 11 27 15 35 72 49 51 44 53 85 95 15 53 18 48 7 6 59 50 42 68 6 66 53 15 85 95 43 73 21 49 62 97 41 3 93 73 56 51 13 5 25 48 62 16 37 47 60 54 98 46 23 86 11 65 20 26 51 62 42 30 75 60 31 1 34 98 86 66 56 36 37 29 55 
94 10 76 71 12 76 24 93 86 47 4 32 5 83 18 28 21 89 71 60 17 7 88 81 44 74 38 45 41 69 30 27 97 19 5 61 47 5 13 4 45 5 69 15 81 54 82 6 22 30 15 48 28 52 25 27 85 81 66 15 50 12 15 42 25 57 1 42 4 88 97 35 98 95 22 63 1 97 78 59 44 15 4 40 21 14 25 2 97 71 54 19 63 96 69 39 71 56 49 79 80 85 87 39 91 47 26 13 89 99 79 34 67 97 34 63 37 99 72 77 57 43 25 4 96 27 47 74 33 87 63 30 25 39 40 43 63 94 70 56 85 30 61 92 35 0 66 42 30 26 57 36 3 3 64 15 13 75 14 48 4 27 43 82 36 52 15 52 54 75 66 84 45 16 75 36 60 15 44 23 73 38 44 76 77 53 78 51 62 54 41 68 45 52 81 84 94 74 85 49 4 32 49 81 41 66 14 82 18 72 39 24 87 32 43 0 49 37 64 48 3 68 10 58 82 10 92 46 93 10 58 66 85 75 11 60 26 79 41 26 17 37 80 17 42 20 95 28 25 1 9 30 17 11 34 51 73 85 52 71 79 52 17 7 33 17 38 96 2 5 65 73 33 79 18 68 92 38 27 57 39 28 94 54 62 57 79 26 9 96 90 59 10 79 86 61 84 42 35 89 
54 82 34 6 70 2 30 43 4 41 28 94 97 33 22 35 84 72 77 3 46 69 94 38 64 21 66 87 75 70 69 4 51 99 31 90 36 14 15 1 25 3 5 23 30 41 19 17 69 6 67 87 3 94 11 97 32 28 93 30 36 24 93 0 39 0 88 96 36 62 98 27 93 18 64 44 6 76 2 9 63 60 2 89 38 36 42 88 54 73 82 40 36 66 90 29 20 49 6 76 4 91 95 36 19 67 89 30 57 66 13 74 52 25 2 97 34 94 14 53 86 12 86 51 8 54 94 8 73 62 97 58 45 90 41 4 67 18 5 69 83 7 52 44 78 11 30 51 79 70 44 34 31 89 65 71 46 25 65 12 61 6 40 87 92 41 1 68 85 54 8 59 44 34 6 76 92 80 22 28 89 38 7 66 79 99 53 18 16 79 24 77 62 6 96 14 80 4 94 26 33 53 37 10 72 52 56 53 97 49 59 55 48 39 68 78 66 59 29 62 44 55 11 72 71 70 29 35 40 73 97 41 55 5 73 9 95 33 74 23 47 18 57 1 36 85 83 60 42 42 39 11 28 63 25 87 32 94 10 26 38 10 45 98 79 91 0 88 73 21 19 26 77 11 43 13 38 92 31 67 8 34 8 51 59 13 91 81 69 94 19 44 5 16 63 51 45 43 44 60 
98 64 43 67 67 36 82 19 64 44 17 44 48 11 99 52 97 54 20 3 90 69 9 17 36 95 66 75 77 80 44 12 31 77 23 41 85 20 50 55 59 28 0 1 94 3 17 25 98 70 53 31 19 77 8 23 61 19 95 10 84 8 70 13 26 45 59 77 11 80 57 38 72 37 33 9 27 92 41 91 54 17 50 72 28 24 15 16 39 32 78 57 52 53 39 5 9 60 6 26 77 48 62 95 9 31 91 64 9 47 56 85 53 50 30 27 37 71 75 63 98 77 38 47 87 92 42 46 98 14 81 4 28 12 91 62 48 42 7 95 54 57 21 19 51 98 69 90 86 65 35 9 62 72 52 0 7 25 8 39 19 67 87 87 90 48 49 60 95 2 5 89 20 27 73 17 68 25 68 55 60 76 20 8 24 67 55 73 18 36 40 61 22 87 21 16 8 15 43 48 28 82 64 94 21 56 16 80 88 31 51 74 25 54 58 62 38 19 8 9 34 28 51 39 93 41 35 54 11 94 94 98 82 24 24 23 48 22 1 23 99 20 33 25 66 76 88 83 61 19 26 84 57 95 24 5 51 66 72 97 69 17 25 30 65 34 47 47 8 27 49 70 18 64 87 18 84 34 54 94 13 29 50 35 38 79 56 44 44 74 0 2 76 40 33 5 44 61 50 34 
59 25 23 58 59 38 41 57 58 8 9 31 51 79 80 25 5 45 43 11 56 5 13 84 2 67 93 98 93 21 80 44 40 89 60 66 39 91 82 4 87 30 45 70 89 38 35 14 74 9 60 78 35 10 88 23 73 57 50 62 79 65 67 70 39 14 71 55 71 71 54 89 85 87 97 8 49 10 64 90 73 74 87 25 93 39 68 60 56 60 60 92 2 18 3 95 60 46 41 95 69 30 26 63 79 84 6 76 45 35 66 70 14 66 82 13 78 78 15 30 7 70 14 96 63 37 73 32 23 51 94 68 79 24 22 79 12 81 52 90 63 56 38 61 25 59 38 13 66 84 17 61 25 76 17 62 60 84 13 56 28 50 65 1 44 44 93 44 46 90 90 10 50 23 63 4 82 18 94 42 37 53 51 45 96 81 8 55 90 91 86 3 95 15 58 99 7 19 44 30 56 43 16 5 17 82 50 30 77 23 24 90 32 13 53 3 87 79 40 50 85 60 80 1 56 6 23 13 78 81 38 74 34 91 35 91 14 22 98 3 18 78 80 67 25 63 82 82 46 12 68 68 6 29 73 47 92 67 13 35 32 98 32 34 52 72 23 26 84 99 96 43 94 38 87 57 93 40 86 91 5 50 89 75 47 40 99 24 69 97 91 6 9 74 2 69 66 12 99 84 
7 73 92 71 43 80 45 51 73 84 75 33 45 71 10 81 38 67 50 48 33 17 91 76 13 48 19 28 81 20 20 80 55 3 89 30 55 65 25 24 71 3 78 8 92 83 9 10 33 94 43 96 78 63 89 44 84 2 7 93 83 27 85 43 8 58 16 28 64 38 76 95 93 45 18 40 59 44 3 92 62 71 85 39 50 27 6 11 26 78 19 35 9 19 35 75 70 6 24 34 24 6 49 93 74 21 73 54 74 28 22 41 79 85 73 9 75 89 30 35 39 29 95 26 76 66 18 99 18 51 90 11 69 20 41 92 49 21 11 65 14 69 66 12 42 59 95 35 63 76 60 75 96 75 98 95 86 89 85 4 86 37 81 51 17 55 87 12 20 63 29 49 1 49 74 74 38 86 62 72 5 9 0 7 59 39 53 33 21 68 32 68 83 7 86 74 99 40 28 47 54 40 43 15 77 37 31 6 55 30 79 36 8 93 0 52 97 46 71 60 79 31 64 42 10 43 89 61 31 19 84 43 83 12 60 62 65 56 25 64 45 23 37 8 94 13 10 73 43 61 89 61 42 62 21 54 37 95 93 88 9 96 42 19 71 78 13 18 36 84 19 85 28 0 21 26 2 52 26 46 91 14 35 7 5 96 54 13 66 52 95 25 13 23 35 72 82 72 25 8 
12 15 49 47 20 35 39 93 20 37 81 92 75 9 60 6 79 22 20 6 95 70 46 38 71 39 66 12 12 64 9 51 96 98 28 45 5 70 22 70 48 51 86 10 54 52 73 22 62 16 19 61 26 76 27 54 27 37 84 62 57 27 0 59 72 5 40 80 99 82 26 15 74 31 91 76 23 49 5 16 93 42 54 23 21 67 1 61 41 65 40 19 9 73 63 72 75 88 44 34 82 22 64 83 31 1 49 79 76 82 13 12 0 12 5 10 14 12 97 44 21 55 27 29 97 81 82 63 23 23 41 66 3 40 40 18 69 69 26 86 4 29 12 24 23 29 25 57 32 77 62 46 91 27 48 11 75 1 32 27 79 5 70 80 4 90 81 33 85 62 94 73 67 11 7 98 86 83 10 37 39 39 38 8 60 84 76 69 4 51 14 57 28 83 12 93 98 66 40 27 96 34 64 96 53 79 57 41 61 80 91 8 27 69 18 96 14 20 95 80 5 88 15 40 96 57 55 64 30 26 92 0 96 15 89 92 86 95 83 53 36 13 13 33 56 85 92 72 90 13 60 99 68 72 20 92 64 15 94 33 74 35 2 81 98 30 29 72 54 49 29 99 16 65 23 93 86 65 4 96 45 28 68 30 47 99 32 89 60 65 34 49 72 92 94 21 31 19 83 93 
9 6 26 34 83 38 46 74 73 62 57 18 78 16 22 18 29 64 48 36 29 66 50 7 99 71 83 4 38 9 59 90 39 34 67 79 42 82 78 47 41 0 76 84 8 83 35 86 97 41 20 0 61 99 59 47 58 42 6 75 10 18 7 75 28 69 31 12 78 6 90 53 47 34 13 38 69 19 59 6 5 96 91 73 66 64 52 54 91 50 26 73 57 44 80 8 61 50 27 43 53 70 26 18 9 30 39 14 44 2 85 22 68 74 61 48 34 49 30 54 33 75 28 30 2 8 44 58 52 55 82 76 85 54 39 77 16 14 54 46 29 94 13 95 70 19 91 40 39 26 96 26 88 65 55 43 17 86 67 40 86 62 17 41 36 58 89 42 21 91 79 57 39 47 52 60 91 78 61 29 67 54 99 51 24 39 8 35 58 2 61 78 8 20 76 32 88 33 43 38 74 97 94 36 36 31 82 34 11 69 10 88 92 47 91 63 41 55 46 90 93 3 77 45 32 17 26 68 68 52 74 68 93 72 2 98 67 36 58 8 10 78 3 83 33 3 67 1 75 71 82 56 78 59 39 56 36 72 60 2 20 75 98 80 93 28 96 87 93 40 9 54 0 30 60 49 90 7 96 86 22 80 24 38 13 52 48 35 67 79 61 41 72 14 70 31 89 44 27 75 
20 69 6 88 57 17 24 7 15 98 53 48 15 50 67 75 82 91 12 91 65 32 34 25 32 1 50 60 95 37 72 95 41 7 90 71 26 70 99 11 8 70 87 33 16 48 64 96 85 0 42 39 73 64 10 54 56 19 79 15 58 59 95 74 32 92 49 42 13 91 10 8 53 97 89 25 54 12 94 59 39 58 27 39 1 75 78 89 88 10 65 88 90 2 19 4 50 11 38 17 59 78 73 75 78 49 24 58 58 16 26 86 6 67 30 63 20 69 81 89 80 28 27 52 67 90 56 34 97 7 57 25 5 8 95 46 99 72 95 42 54 73 83 25 99 9 52 32 70 21 24 3 72 86 22 22 33 86 47 43 62 73 11 5 21 21 41 24 44 6 83 33 36 27 82 50 83 89 5 73 23 9 31 78 16 79 17 27 96 23 52 39 18 93 16 77 81 97 66 66 57 77 40 29 26 65 99 35 32 67 36 27 83 11 53 86 17 29 85 38 64 70 22 91 48 35 91 2 52 83 15 94 35 91 25 12 50 73 61 80 44 54 5 44 19 80 99 99 25 70 74 7 77 96 34 62 51 18 97 55 37 33 24 59 84 50 39 2 31 73 24 11 58 80 9 91 65 35 64 46 73 59 35 62 7 12 88 76 49 52 38 56 38 1 88 37 30 0 57 33 
56 94 1 50 66 63 56 5 22 66 41 18 46 40 32 76 27 97 75 22 5 63 21 34 54 12 24 69 47 46 28 87 79 64 28 48 7 8 57 76 91 31 5 3 7 9 34 68 3 62 75 79 66 0 30 32 85 25 71 54 25 11 8 51 55 15 65 50 7 39 33 99 2 95 29 82 71 50 17 34 9 28 61 55 98 95 22 2 95 42 97 56 34 5 92 98 0 18 94 31 69 64 43 18 52 90 41 30 0 98 64 15 43 15 97 90 80 67 29 76 80 93 92 64 64 90 52 39 34 47 58 23 13 14 24 54 74 52 24 87 41 42 0 98 7 79 66 49 40 94 22 99 72 52 34 96 50 15 97 66 5 40 55 90 43 6 52 70 95 53 18 17 53 58 89 79 99 15 81 59 22 98 14 90 63 57 59 67 44 48 83 47 62 78 5 25 43 45 6 46 74 32 61 81 14 10 70 3 85 53 41 9 19 60 24 50 81 85 32 50 14 13 97 35 87 9 26 11 81 17 47 34 41 39 70 2 83 10 87 21 28 59 7 14 5 80 13 21 55 15 37 15 76 18 76 85 25 84 51 65 42 98 70 71 19 52 64 97 0 61 97 65 92 70 27 86 73 41 81 93 39 33 81 93 30 90 91 69 56 93 42 93 20 54 12 65 68 55 45 9 
21 85 92 11 5 26 72 65 27 53 3 34 58 57 32 77 24 78 59 4 93 58 19 34 0 63 20 6 76 6 41 46 54 56 39 16 27 34 74 84 92 6 96 86 5 76 48 85 86 50 0 81 42 76 22 17 11 31 47 96 67 28 73 8 20 35 15 79 86 44 54 74 70 77 15 75 98 82 74 3 64 26 41 8 17 75 18 72 63 76 16 46 29 12 49 60 53 69 67 45 38 2 24 91 15 66 56 37 95 39 17 71 87 14 55 2 57 23 63 50 54 6 32 81 82 59 36 57 42 28 20 1 43 93 51 88 29 25 25 14 79 10 7 96 61 41 81 22 69 91 6 3 58 87 67 67 46 33 59 19 88 30 70 47 57 41 28 44 66 58 64 32 69 32 60 10 83 20 7 76 27 52 51 7 69 29 36 54 5 6 65 27 73 48 88 31 36 70 75 35 89 20 61 63 87 10 89 73 94 87 23 49 34 82 25 3 94 2 28 66 44 17 27 88 99 10 86 42 1 75 27 62 82 92 41 49 12 18 62 10 48 26 27 68 30 29 17 23 57 24 38 37 45 44 8 6 12 64 49 15 38 86 20 91 44 70 4 20 28 0 34 4 55 45 59 9 15 41 34 29 98 72 39 49 89 29 29 46 78 6 5 30 32 73 7 17 21 38 89 75 
83 38 90 99 2 67 64 56 93 38 45 79 5 37 74 98 93 25 66 35 76 91 85 12 4 37 0 89 76 31 12 67 57 82 1 71 92 10 98 74 32 75 41 56 14 1 60 82 68 84 86 93 33 24 98 28 36 21 38 93 21 75 95 18 62 54 64 53 47 36 88 70 96 77 71 9 45 30 57 87 93 25 49 69 63 65 92 62 10 35 46 72 16 12 99 3 78 8 34 45 34 30 34 65 85 8 39 8 34 9 64 41 46 78 4 74 57 26 54 3 9 93 75 31 6 39 63 35 81 40 20 33 5 99 14 89 31 32 76 28 97 46 21 78 38 33 59 80 23 71 48 58 45 77 2 68 13 36 61 76 48 80 94 75 60 69 10 20 30 16 3 94 2 33 10 84 8 59 42 19 21 19 11 39 65 41 91 13 46 75 45 65 53 95 11 82 47 82 78 46 11 34 95 68 97 82 48 86 34 56 75 56 91 76 55 42 83 41 65 90 61 11 8 18 69 52 24 31 98 40 51 30 68 92 89 69 79 24 2 25 55 59 37 78 53 64 27 36 6 3 4 13 99 17 14 32 73 24 72 24 25 57 32 16 63 35 44 13 62 80 38 84 43 14 98 38 47 64 56 72 14 89 14 32 78 26 2 78 99 23 52 63 60 37 34 28 54 75 41 77 
8 54 0 91 70 27 15 14 94 3 5 79 79 33 88 19 4 15 53 8 21 24 87 72 12 42 77 99 99 0 24 96 95 38 73 54 72 15 39 81 60 35 15 60 78 69 45 40 27 55 54 19 42 45 22 74 75 78 20 71 89 25 52 6 49 76 45 58 54 94 78 40 66 94 34 67 17 2 94 29 17 1 66 86 61 4 93 85 27 79 96 71 79 11 49 0 13 31 51 34 82 16 66 57 45 41 49 28 33 7 70 78 89 24 92 25 84 91 95 49 22 59 16 64 91 51 29 33 78 56 27 23 25 73 20 55 79 16 20 84 66 98 63 69 42 21 41 68 74 59 76 71 6 23 93 64 48 38 57 89 18 56 55 43 48 56 91 22 2 83 84 86 85 85 53 20 94 72 97 92 31 7 13 54 97 58 83 62 66 7 64 80 56 52 20 60 17 62 81 71 92 26 85 98 60 89 13 6 72 77 15 16 55 98 38 26 37 10 17 59 33 29 96 47 64 23 85 18 62 23 14 80 47 12 38 93 93 30 7 32 24 56 96 5 6 99 38 75 13 73 63 2 65 7 97 25 94 32 16 67 13 75 79 20 78 66 68 26 14 0 18 29 10 16 7 34 16 15 30 90 92 64 2 83 46 50 32 75 50 94 57 41 0 58 84 56 81 96 39 25 
93 91 59 57 42 50 65 59 13 18 50 15 96 51 50 38 92 38 57 56 16 46 21 52 49 79 60 82 96 98 90 67 61 98 97 72 12 38 21 12 89 20 57 92 24 22 34 16 15 19 51 88 28 80 68 86 54 83 64 21 19 20 1 39 13 58 57 91 97 12 68 38 73 33 71 23 60 21 87 76 32 45 50 15 35 68 61 77 74 86 43 22 54 29 57 73 47 7 23 25 19 92 41 24 55 8 1 7 36 75 48 54 85 3 84 50 35 9 37 36 33 72 2 64 93 83 54 45 58 49 98 46 19 49 17 38 24 63 15 37 0 97 66 35 19 50 3 60 9 17 75 20 23 29 37 87 8 20 91 44 6 28 15 23 86 77 8 93 41 88 68 63 16 91 29 46 15 82 15 45 54 26 60 28 64 48 31 91 55 69 13 70 19 23 93 51 90 18 5 44 56 76 41 71 97 77 64 23 12 63 21 66 16 93 88 40 12 23 28 73 2 45 31 97 53 83 76 87 85 41 73 59 27 54 42 69 1 63 76 19 17 61 44 42 89 26 90 80 87 16 98 24 70 14 6 19 68 28 70 17 73 93 79 51 73 56 61 96 9 40 40 93 8 43 33 89 15 53 6 17 9 96 94 28 93 98 34 67 21 78 65 87 72 16 72 79 45 16 57 52 
46 25 40 53 88 19 24 20 56 21 21 62 30 98 67 2 88 2 50 53 98 25 77 72 49 64 67 43 29 7 36 29 18 50 70 16 28 63 12 38 51 63 23 43 67 64 54 85 88 22 2 2 88 65 15 77 87 51 25 60 8 69 35 20 19 35 92 45 34 24 18 79 92 3 7 61 2 36 54 13 76 2 7 81 80 61 10 97 16 7 46 85 30 14 9 39 19 20 14 80 9 49 85 4 82 13 10 63 17 60 85 55 47 42 25 70 24 14 84 92 19 12 37 90 11 90 75 1 8 64 81 73 21 92 46 3 47 53 12 77 26 18 23 66 15 61 23 62 5 96 82 19 56 8 79 23 63 80 40 11 57 81 81 89 70 75 25 95 54 70 60 40 11 62 73 2 43 0 10 56 8 15 74 88 7 49 27 45 34 37 65 71 18 1 9 35 24 91 73 57 23 98 50 99 14 50 91 80 6 51 98 36 16 78 88 81 32 13 10 59 0 21 73 12 94 45 65 0 15 68 26 67 59 23 79 14 49 72 60 43 34 58 77 27 40 3 8 2 7 94 31 14 41 56 73 91 35 17 27 79 40 38 81 92 8 50 55 26 91 90 53 95 34 21 10 32 66 4 40 50 25 9 35 4 98 74 69 95 76 76 9 48 61 1 94 96 39 39 25 50 
84 34 1 4 30 23 99 99 69 34 87 53 92 93 38 3 45 74 52 4 97 99 35 63 43 64 8 72 0 69 78 14 99 9 25 67 62 38 57 89 97 49 3 67 33 4 31 27 91 58 6 26 98 55 38 57 47 0 24 7 24 6 73 23 46 14 5 3 86 88 99 72 26 76 37 45 85 48 14 70 9 0 37 34 92 90 53 37 31 53 1 81 53 0 15 95 96 63 40 1 75 54 18 67 0 13 56 30 2 22 60 74 37 41 10 59 73 44 61 95 57 39 88 39 21 92 79 61 89 94 58 3 47 63 81 99 27 54 56 30 90 74 49 55 81 28 48 94 54 7 82 64 47 74 61 52 2 6 50 26 94 92 76 19 71 69 93 42 47 4 59 82 99 4 68 43 8 75 93 93 63 58 7 87 27 77 15 52 58 85 52 76 13 37 70 85 68 6 33 79 68 3 39 81 31 35 46 80 21 68 85 42 41 92 5 88 52 6 71 68 63 63 48 6 15 53 35 95 68 67 59 38 31 23 28 19 37 41 51 17 90 96 81 49 46 26 83 67 78 55 76 19 79 22 47 60 68 59 28 11 57 28 96 28 2 43 51 17 80 48 58 87 46 83 69 88 20 32 58 73 24 53 99 93 9 67 60 23 5 85 97 85 65 85 82 32 54 44 24 22 
46 5 83 29 89 89 20 93 85 29 18 61 44 31 99 99 77 22 8 26 56 57 41 63 74 22 25 14 92 79 50 42 62 12 19 31 83 14 35 60 79 31 26 0 57 95 61 12 87 63 18 45 87 76 24 91 79 6 8 15 46 34 25 81 8 88 30 58 60 89 1 11 25 64 18 37 47 15 24 32 95 53 91 1 60 46 31 73 59 94 24 54 86 65 39 8 12 75 19 52 80 87 67 32 91 45 7 64 31 69 57 55 1 78 3 25 37 2 2 39 76 62 69 63 43 2 97 46 86 31 35 35 7 48 36 2 29 10 45 49 55 30 12 74 93 72 69 61 80 22 4 19 37 6 49 83 16 39 38 20 22 69 61 7 33 16 37 66 6 15 23 77 4 53 4 8 3 24 82 66 15 84 26 0 38 74 43 1 3 77 84 44 96 57 26 79 87 3 54 55 8 32 74 71 54 53 70 70 15 77 69 3 69 69 83 67 83 1 5 17 99 88 19 64 65 78 98 71 23 92 62 37 98 92 5 4 22 85 69 2 94 61 2 52 98 61 12 63 32 9 96 72 0 8 16 20 35 6 16 51 3 36 30 68 25 8 65 90 82 75 22 42 54 58 95 69 26 16 8 96 21 4 83 56 66 49 71 79 96 99 64 32 45 60 45 5 19 84 42 23 
80 81 36 54 92 70 66 87 9 57 25 34 74 15 7 68 57 22 71 69 18 2 0 69 43 53 24 95 25 4 95 11 22 35 12 64 21 51 7 53 35 45 36 6 60 57 19 85 65 77 29 82 86 15 17 30 47 46 38 15 39 12 96 32 54 71 6 62 68 9 87 92 24 45 11 35 65 96 40 97 82 32 80 71 73 22 22 96 79 70 16 35 38 31 23 52 46 28 65 96 76 74 46 3 64 54 6 41 90 54 69 3 96 76 17 46 62 59 56 58 58 60 10 57 12 46 57 42 40 9 93 44 71 92 99 66 4 79 4 5 20 36 75 83 63 32 55 86 84 85 10 16 99 89 31 9 7 21 25 55 39 59 87 44 28 33 35 41 30 91 42 34 53 70 6 62 40 66 3 24 25 45 38 18 56 97 79 77 77 44 25 18 15 58 99 63 70 47 49 97 23 1 51 32 7 68 77 39 77 4 93 26 48 35 8 57 76 64 47 15 64 87 61 39 72 90 73 66 71 11 14 81 68 86 84 32 8 98 17 95 96 83 44 19 33 7 30 4 7 1 83 35 86 77 82 39 42 38 7 40 18 84 5 53 75 98 17 57 6 11 93 20 79 75 4 56 44 28 49 72 97 62 59 7 85 92 40 44 61 59 96 69 15 80 75 50 94 89 53 31 
28 80 10 52 12 52 11 52 93 92 19 88 58 65 5 37 44 66 98 33 29 46 86 69 82 65 16 55 67 47 85 35 86 65 51 70 9 26 54 51 72 5 40 56 34 35 76 20 67 84 88 23 46 61 49 13 19 92 27 92 76 63 92 79 72 10 5 35 20 8 88 57 25 0 12 92 70 32 82 81 38 50 24 80 40 0 51 36 47 1 80 70 60 66 83 38 30 15 68 82 24 83 55 7 12 57 78 25 8 52 59 39 89 91 83 47 44 1 41 3 96 84 24 35 31 56 21 41 48 63 75 59 69 3 83 92 38 80 90 58 57 62 32 74 4 84 60 44 52 34 34 72 83 21 79 86 28 65 95 54 2 28 39 95 66 60 33 37 61 56 73 43 58 99 53 62 47 94 17 72 25 73 63 65 4 75 77 24 93 33 48 64 80 0 43 61 25 46 17 92 86 30 27 9 49 67 25 76 30 7 58 6 92 96 55 30 40 67 48 3 65 32 17 24 54 56 12 37 57 88 6 35 34 95 23 95 4 10 17 11 17 91 64 34 75 52 24 42 53 69 7 18 48 41 62 12 76 27 45 87 3 19 93 10 75 33 42 85 25 40 81 64 20 72 55 93 4 88 78 4 21 5 68 10 47 73 66 2 51 31 83 16 5 43 65 15 95 12 71 76 
86 73 95 53 32 29 54 90 66 94 14 87 71 19 23 29 96 12 38 98 29 6 5 7 68 64 99 16 29 54 71 75 18 92 66 64 27 21 98 85 84 92 88 48 10 42 38 73 96 78 73 94 43 73 32 24 64 90 26 4 92 33 77 2 24 86 84 73 67 69 94 11 80 75 11 77 32 28 50 18 51 26 64 52 78 12 28 72 1 32 39 32 18 10 34 54 38 15 34 86 90 41 91 78 9 7 20 26 44 43 74 15 26 18 86 92 65 83 60 70 12 40 18 47 22 97 90 6 91 39 91 5 86 92 45 49 23 88 6 5 66 47 27 28 51 16 12 24 15 38 37 15 35 96 2 93 0 98 68 10 15 21 88 26 61 68 19 21 74 85 54 20 6 50 8 1 60 85 70 30 30 44 42 45 4 89 20 7 0 97 68 34 74 63 12 35 1 63 81 44 46 40 39 42 16 83 47 55 79 29 75 77 17 26 68 18 85 75 91 19 14 1 28 19 64 3 44 22 45 94 80 41 23 59 26 32 32 93 56 53 6 51 72 66 71 24 46 94 80 49 60 28 22 71 57 52 45 46 55 30 9 29 32 85 85 23 71 80 6 85 16 75 36 29 24 24 38 2 13 83 52 41 94 83 16 51 14 2 14 4 74 4 29 56 28 86 17 12 53 8 
6 15 51 73 92 5 23 39 9 8 17 39 97 17 18 6 4 77 21 43 61 88 85 11 53 51 37 6 29 77 77 96 16 59 24 48 4 64 83 64 56 77 9 61 46 14 15 4 11 65 14 33 11 52 63 47 49 9 30 85 34 76 34 51 33 44 76 79 27 54 74 5 39 63 86 26 29 72 58 85 43 22 2 72 57 78 9 8 29 11 24 33 77 63 13 45 71 56 14 55 85 98 24 9 94 76 79 53 5 98 43 18 21 74 33 70 53 23 46 79 93 25 39 48 68 35 53 42 27 61 95 43 2 54 86 37 46 41 65 10 66 74 25 30 86 31 30 85 89 47 55 75 17 39 70 2 17 88 23 35 14 48 43 87 98 48 4 23 61 73 27 73 72 82 49 45 88 26 90 85 51 46 75 9 66 93 53 9 98 89 79 79 26 25 93 47 93 77 77 90 28 74 54 67 15 39 82 16 65 11 16 48 61 83 67 15 46 14 34 67 85 76 0 58 73 20 17 24 7 9 30 22 48 30 9 91 84 1 85 90 0 21 21 68 38 96 86 95 18 83 26 80 85 55 90 81 82 80 32 97 93 48 10 68 71 14 97 58 1 60 41 7 60 17 88 44 97 55 73 45 27 0 24 66 33 3 83 55 92 74 94 59 33 98 58 35 63 54 98 90 
19 11 91 72 95 8 78 93 24 1 32 83 91 53 58 23 71 0 92 12 61 22 98 76 44 70 1 27 38 30 95 57 95 83 67 16 36 92 59 38 66 14 50 31 88 46 68 22 66 62 32 48 96 64 49 34 75 77 60 77 30 74 49 71 79 49 88 63 63 85 34 83 7 5 80 33 5 38 67 84 54 72 33 88 17 96 91 57 72 35 47 76 82 5 91 90 89 6 3 1 40 93 88 77 59 28 93 27 77 79 43 4 35 24 55 15 96 61 6 47 17 96 61 12 57 64 66 16 43 1 79 47 11 2 8 78 34 1 18 51 26 31 55 26 9 8 79 10 85 29 89 54 52 48 62 33 33 7 85 65 23 41 13 44 36 26 23 60 44 49 11 68 87 47 71 34 77 85 45 80 52 50 6 74 59 18 68 52 37 50 5 27 12 73 20 97 27 59 36 3 34 32 47 35 12 67 5 29 33 87 48 93 81 33 62 41 45 99 80 41 9 89 90 8 21 14 9 72 40 50 24 2 46 13 30 71 33 14 34 18 10 49 8 81 41 2 72 41 86 91 1 98 9 75 7 55 32 84 47 32 84 34 38 29 21 94 53 92 66 33 85 89 68 77 39 37 10 36 57 69 58 94 49 53 9 14 69 61 56 7 55 98 81 37 3 68 68 41 64 38 
75 93 88 43 4 45 7 12 21 69 12 62 33 80 68 61 33 64 91 33 37 75 49 56 4 97 51 80 57 27 70 82 40 40 15 87 76 30 36 90 55 83 6 39 83 56 63 74 17 70 2 51 19 15 64 17 74 11 21 40 98 64 4 87 25 46 43 45 46 12 79 80 6 19 50 96 48 0 94 5 50 95 65 43 42 97 29 89 93 27 62 64 57 96 53 82 75 37 28 18 37 42 7 53 52 69 93 5 64 26 8 29 98 57 53 50 82 51 63 41 83 81 25 49 40 70 30 53 80 24 93 49 72 42 85 9 19 8 27 19 67 15 49 47 82 58 81 55 79 53 43 68 42 92 39 2 50 8 3 18 54 34 75 62 41 34 1 41 85 70 83 69 93 90 47 21 3 91 70 87 38 9 0 30 88 70 8 11 18 28 67 21 19 52 81 58 67 11 34 40 73 5 2 96 74 73 92 13 75 32 48 84 29 34 27 79 88 73 39 36 14 23 38 0 49 82 92 16 70 69 85 22 91 50 27 50 79 90 28 43 64 77 50 0 57 71 4 64 90 18 48 22 37 89 94 25 2 79 31 92 2 76 49 31 26 29 79 33 70 70 28 21 16 42 53 99 59 41 70 60 22 37 28 56 83 21 96 55 48 89 95 90 83 0 43 76 52 86 21 53 
81 81 83 29 97 62 40 19 33 96 54 40 0 49 43 35 16 21 3 83 10 38 88 23 29 80 75 57 56 16 86 28 38 91 47 34 50 94 68 82 49 96 43 99 16 96 96 2 0 27 60 60 55 75 53 50 24 57 76 4 6 73 50 60 7 72 93 37 3 82 36 52 6 32 14 1 82 4 68 77 95 44 6 98 69 4 11 8 84 79 34 75 23 55 28 24 47 31 87 65 0 86 49 35 99 70 66 98 58 86 10 28 30 84 67 74 55 81 85 75 89 26 98 89 5 55 44 9 17 82 89 6 65 54 87 21 62 8 60 75 52 74 19 0 63 26 63 55 29 78 76 13 19 17 4 26 37 12 64 14 11 39 43 12 6 57 1 73 58 51 11 43 88 87 27 12 51 88 36 73 55 26 23 94 55 6 79 63 15 60 89 19 88 18 19 92 15 81 88 4 47 3 93 43 75 99 9 32 55 20 19 20 81 38 75 33 39 51 8 35 24 77 66 45 68 45 16 89 28 0 47 33 57 75 99 73 31 32 13 73 29 47 34 17 39 50 88 54 17 13 35 74 90 33 81 58 43 7 84 68 69 11 87 60 80 45 87 31 30 35 96 58 63 93 33 79 74 14 21 33 95 56 22 9 27 18 94 9 33 31 31 60 6 93 91 29 44 63 1 41 
90 4 90 87 75 22 84 50 80 74 10 51 19 48 64 59 97 36 38 15 26 82 95 21 28 80 48 97 5 14 8 53 81 59 31 9 55 65 50 67 2 21 69 70 92 24 39 40 42 53 21 50 74 28 29 71 33 26 21 31 19 54 37 17 21 68 61 11 54 92 51 65 65 4 79 65 21 93 52 97 20 48 58 57 30 5 52 91 6 72 83 8 43 7 36 5 44 58 3 65 55 5 64 37 43 55 99 17 80 63 98 69 9 88 37 28 76 84 65 56 48 10 46 86 63 0 80 87 65 6 47 84 44 81 57 37 62 94 26 24 4 82 98 88 64 94 56 36 29 11 35 34 5 88 93 67 68 67 65 29 16 8 93 27 68 63 85 87 60 29 67 25 29 98 27 19 25 74 85 92 6 64 80 26 11 38 85 31 43 74 48 22 77 16 50 62 43 1 1 94 27 51 36 9 59 99 54 17 12 87 32 88 17 92 44 55 9 79 21 68 38 58 9 23 44 33 98 73 81 77 8 3 66 74 53 3 26 72 34 66 97 15 86 97 12 15 96 45 63 84 10 48 71 94 15 11 29 49 24 53 62 13 71 81 96 28 12 83 66 42 84 14 0 56 70 34 70 20 60 76 48 13 99 19 92 92 63 30 92 6 25 5 66 31 9 56 55 2 14 1 
7 73 76 34 21 31 17 91 98 69 19 61 94 10 77 71 83 66 0 20 77 1 72 46 2 91 35 21 58 0 70 58 17 97 73 29 44 12 67 9 10 20 14 71 8 7 8 78 23 66 39 14 8 18 6 70 44 59 49 95 41 45 61 61 93 14 64 63 37 59 67 35 81 6 40 39 14 23 27 51 92 78 44 39 61 25 47 15 37 34 46 58 16 50 46 98 61 95 56 29 49 16 6 97 51 95 54 28 52 96 11 87 34 90 2 51 25 9 18 33 22 83 7 86 83 48 87 2 50 81 86 46 10 50 79 3 28 59 0 26 46 84 79 89 29 32 29 3 70 16 20 50 1 47 39 52 91 89 56 16 21 52 81 63 66 78 87 2 16 69 45 85 33 64 88 73 85 31 30 74 54 4 24 8 52 2 7 19 98 9 66 96 33 88 54 90 79 8 42 25 55 6 85 18 99 99 73 67 78 50 65 68 11 58 42 91 41 60 66 47 17 2 69 75 77 5 49 97 95 96 59 45 81 82 69 32 81 11 71 76 16 62 85 90 95 9 0 29 6 36 29 25 76 43 92 64 79 22 93 52 72 54 30 13 30 81 37 63 64 66 29 19 3 3 3 3 4 15 20 28 18 15 63 36 52 95 4 19 58 33 42 81 56 45 21 93 38 91 56 76 
14 89 4 25 15 16 83 31 60 82 74 75 40 54 97 24 67 43 76 77 37 96 9 6 34 55 1 93 38 0 47 26 49 56 24 64 21 79 48 95 58 71 71 35 78 75 83 62 31 91 93 49 6 72 30 46 49 22 20 66 64 67 22 69 99 99 88 59 91 38 82 74 82 30 95 15 27 6 60 17 98 58 10 91 48 96 65 46 23 67 30 75 45 89 20 54 78 66 9 35 62 46 22 80 60 59 1 67 19 13 61 17 74 26 56 39 83 38 28 77 95 69 59 32 50 66 65 88 16 92 34 70 35 23 64 81 39 78 53 59 86 62 41 55 14 53 71 42 95 68 98 43 85 58 74 22 37 34 78 43 27 34 24 15 9 61 95 46 50 26 93 32 88 27 49 46 54 56 62 55 0 95 37 72 61 16 83 12 72 97 99 52 70 68 74 2 51 20 92 98 34 64 30 9 90 10 21 6 78 39 50 19 82 67 1 89 43 80 39 10 82 30 63 42 53 22 57 71 27 27 22 62 84 72 19 55 82 23 84 8 21 22 26 45 54 64 40 81 0 74 62 73 90 46 23 1 72 80 21 11 0 19 78 21 8 14 54 13 25 48 22 22 1 13 91 93 94 38 19 61 78 6 51 68 26 93 62 13 99 73 49 22 66 32 8 51 66 78 99 39 
11 31 48 47 17 75 84 35 51 76 69 3 10 72 43 3 13 55 85 23 58 27 38 10 52 38 51 92 31 35 67 1 65 62 26 72 82 89 86 20 2 3 7 13 13 87 17 70 75 20 52 38 21 80 87 65 88 13 39 13 89 11 38 44 41 95 47 87 26 23 53 7 57 15 76 55 81 20 58 70 0 79 50 59 76 61 73 54 65 36 57 9 13 84 67 23 97 23 92 39 62 65 80 36 58 40 42 87 27 59 93 82 76 94 87 48 28 49 43 22 11 56 53 4 24 19 19 74 19 41 32 40 18 55 35 56 47 46 61 67 12 80 24 95 91 59 64 64 27 82 22 87 15 94 94 83 89 68 65 10 93 15 64 27 39 20 32 30 98 4 82 11 47 43 56 11 66 43 73 24 10 10 73 55 67 35 5 61 59 34 82 53 6 79 40 99 15 73 16 62 50 88 41 25 55 63 39 45 83 50 61 42 94 42 33 2 56 6 6 10 36 42 21 10 42 38 3 84 23 50 82 72 75 72 69 87 14 41 61 86 59 51 1 61 9 70 82 51 2 2 68 2 67 5 11 90 16 36 53 39 88 35 27 21 77 5 83 29 79 97 53 40 46 23 89 17 9 42 71 38 62 86 55 34 20 85 16 55 14 81 52 15 81 4 26 52 59 34 94 77 
90 39 84 86 93 47 44 43 52 22 93 43 18 27 92 66 38 98 11 72 47 57 77 56 89 12 57 82 55 81 3 25 3 95 65 16 10 5 78 61 88 65 47 23 24 29 23 52 87 50 77 94 31 11 71 3 86 9 40 74 68 0 33 88 86 8 81 35 15 81 24 30 44 76 10 49 62 32 51 6 78 63 69 76 10 0 95 91 91 93 37 4 31 84 1 47 27 16 24 58 51 65 10 63 32 47 93 65 50 47 37 7 72 47 48 58 65 80 72 16 4 49 49 24 6 61 79 76 26 69 61 13 61 15 83 6 12 90 21 67 67 88 32 60 11 64 53 88 38 11 12 71 45 49 87 35 62 63 62 77 3 40 97 36 91 29 84 62 24 5 90 56 29 37 77 63 52 31 25 95 70 89 83 6 46 84 64 76 59 26 39 50 22 89 47 80 16 1 8 0 28 75 35 16 79 15 40 78 39 15 51 50 73 49 11 72 23 68 39 72 62 85 85 18 68 27 64 37 76 0 12 47 64 6 1 5 67 78 40 97 92 10 20 37 20 93 13 42 8 63 10 17 97 17 37 69 35 88 79 81 79 65 7 27 52 56 71 97 0 17 93 34 20 86 0 53 49 59 96 54 45 22 13 25 58 66 54 83 4 22 93 62 97 70 62 56 32 2 6 71 
22 30 5 71 41 40 94 1 34 24 57 7 34 81 97 52 71 12 85 37 72 70 49 43 34 25 37 83 24 75 69 92 77 83 33 48 61 88 19 1 77 99 51 61 83 99 78 28 94 7 70 38 49 88 32 97 62 11 15 47 65 93 1 30 69 9 0 99 30 98 26 50 16 2 92 37 21 54 51 67 85 2 72 82 29 87 98 10 49 12 37 84 5 26 17 35 75 48 79 22 50 57 12 87 54 15 80 86 22 40 49 24 66 23 47 66 87 1 14 44 31 80 34 23 77 31 2 39 97 76 73 41 72 39 44 32 91 95 44 84 80 10 15 68 92 28 41 44 82 44 17 11 41 38 63 59 66 84 88 13 8 68 36 10 60 6 99 50 26 66 68 72 1 32 30 78 51 14 55 35 20 89 54 26 13 48 35 8 34 49 6 9 13 42 84 75 97 71 93 79 61 24 91 49 75 29 49 78 95 49 84 48 24 60 46 21 44 4 55 55 99 10 69 55 78 80 90 15 13 34 49 78 59 65 82 11 72 79 69 69 76 32 10 25 66 33 20 40 35 39 83 75 88 66 92 96 41 71 50 99 55 50 68 8 16 56 96 15 82 76 62 65 46 4 41 33 66 3 77 36 44 57 70 4 81 10 0 15 32 38 47 26 83 25 17 47 96 34 78 48 
8 37 71 93 53 42 78 37 60 24 25 7 37 93 25 11 37 50 24 44 53 75 62 56 41 85 13 82 28 75 99 86 34 30 81 86 81 56 41 60 68 62 83 0 73 93 47 87 34 46 37 92 35 12 62 77 58 43 39 13 2 55 88 74 28 79 51 62 10 26 9 54 54 42 3 32 80 99 61 56 31 50 51 45 41 51 36 74 40 99 24 17 15 86 97 46 6 56 82 12 53 42 54 99 39 71 87 73 81 28 10 66 68 61 85 70 69 58 4 90 44 5 68 49 23 19 1 1 68 92 45 40 24 54 38 40 85 15 4 98 38 96 3 98 69 69 68 8 46 9 69 33 78 32 46 10 19 40 33 64 62 32 89 63 32 56 11 12 73 52 33 0 38 27 99 23 6 80 99 49 32 78 28 36 31 73 6 78 57 3 16 21 84 48 38 40 90 74 81 47 68 88 91 78 5 8 51 78 36 55 55 24 23 79 4 62 5 8 73 11 59 36 67 23 46 24 83 43 4 72 49 38 80 41 9 76 59 37 3 89 25 77 83 14 75 94 5 67 90 1 43 9 47 1 21 78 45 36 28 25 52 52 38 40 39 87 17 86 88 40 86 50 94 12 76 37 12 9 37 4 52 36 51 50 75 97 43 59 23 43 18 77 73 17 29 1 87 88 24 9 
13 22 61 45 48 14 29 64 94 77 58 88 45 85 46 28 94 59 84 65 5 26 37 7 38 38 94 2 18 59 45 28 16 82 7 20 65 56 79 4 74 57 84 91 68 71 76 78 56 56 21 56 36 53 9 0 21 96 60 78 39 67 68 64 50 30 97 85 15 66 6 83 6 47 88 18 37 7 36 13 8 0 90 57 2 76 64 50 93 67 80 97 6 65 91 55 96 8 94 12 12 24 29 68 43 73 37 32 47 21 58 24 36 67 14 83 81 3 45 68 22 3 65 23 27 61 83 15 36 93 51 27 86 94 5 39 42 40 53 93 84 33 83 83 87 37 10 82 24 57 62 67 44 87 48 45 53 82 55 4 19 5 80 28 51 63 37 21 49 52 45 89 7 11 59 38 41 29 81 59 70 20 3 17 27 45 21 46 94 42 93 24 58 60 80 35 69 4 30 49 50 81 19 69 28 46 73 14 78 96 60 49 73 90 30 21 3 67 99 75 98 39 53 93 64 82 11 94 51 9 67 71 28 71 3 76 43 47 90 50 75 30 67 84 0 20 44 36 72 82 86 39 35 94 36 71 48 26 23 19 89 58 37 80 30 37 13 83 93 10 45 63 10 55 13 52 3 14 87 24 31 53 79 6 90 47 50 60 20 25 53 81 59 15 36 79 6 60 24 21 
4 19 47 12 24 71 98 42 82 31 43 63 10 86 34 8 27 90 74 46 91 76 36 13 85 31 99 16 31 96 68 86 49 10 16 69 61 41 83 1 85 17 68 41 38 83 94 2 30 35 29 88 33 44 90 78 75 12 71 83 21 33 70 34 52 2 43 18 62 2 84 70 44 34 93 20 44 18 60 11 96 81 10 95 54 36 59 64 85 16 35 89 52 63 42 50 86 41 24 88 65 62 76 88 39 3 90 82 86 37 24 47 71 13 22 50 26 27 48 55 83 20 20 13 32 17 55 45 37 21 37 86 76 29 88 19 66 28 4 79 26 53 68 23 53 3 73 13 53 92 49 68 94 55 21 52 5 92 70 95 11 55 23 28 65 15 75 23 38 96 55 45 86 49 3 74 16 43 46 60 7 12 13 6 84 39 79 77 11 92 6 33 90 46 41 79 38 36 18 57 45 89 2 26 92 47 55 0 22 45 65 44 24 39 13 5 38 74 9 4 58 21 40 58 12 84 49 45 94 75 53 0 33 1 46 10 67 69 81 98 82 4 31 92 72 57 80 66 25 85 64 97 50 87 71 26 92 39 51 13 69 89 71 0 24 17 30 99 31 76 92 87 83 74 48 80 52 25 39 76 59 16 40 29 60 69 24 26 61 8 88 12 62 2 24 62 28 73 67 39 
71 64 25 51 3 89 63 29 94 69 33 91 6 63 4 51 22 81 79 68 37 3 11 20 7 10 54 53 99 24 80 53 41 65 7 71 29 10 61 2 68 83 67 92 80 42 1 27 74 9 43 35 83 28 78 88 67 8 26 69 43 48 66 46 60 50 19 18 33 44 6 75 0 68 69 22 11 20 14 98 50 38 76 24 11 99 18 49 74 66 31 99 83 7 97 61 12 57 72 28 35 89 29 69 24 92 22 85 10 90 32 51 84 60 0 5 49 91 37 78 57 86 79 30 18 50 48 26 13 60 63 97 39 63 74 83 66 62 2 14 73 60 22 14 42 34 24 37 41 65 15 63 10 9 10 74 70 81 72 41 80 8 16 50 29 99 90 25 88 52 43 67 8 58 89 64 22 26 51 9 15 65 4 4 26 79 17 71 38 52 28 59 91 13 42 38 73 57 69 20 17 40 98 71 75 0 45 56 87 34 71 3 44 59 31 78 33 76 20 94 74 7 81 35 95 26 78 9 88 77 6 99 76 43 18 39 14 85 9 86 69 95 0 97 54 31 64 8 56 15 26 70 74 41 74 41 5 73 87 72 4 23 6 6 27 9 73 17 49 39 10 66 60 49 11 99 50 89 44 94 17 49 3 28 22 67 52 94 63 40 18 98 70 74 80 34 57 61 55 44 
52 0 15 17 24 71 68 76 21 88 87 13 41 70 41 55 14 21 39 53 14 56 82 52 83 35 17 45 58 25 21 57 79 29 33 38 17 43 90 56 5 77 16 24 49 34 21 63 95 91 94 90 35 53 44 92 21 94 40 90 82 91 79 50 98 41 79 74 35 43 58 31 56 52 28 59 64 5 82 64 27 49 89 90 65 30 28 40 46 59 50 22 17 60 60 13 98 38 10 80 66 60 39 17 76 65 26 67 69 14 86 31 87 58 65 80 79 93 81 48 0 90 91 79 84 96 92 2 77 6 57 24 34 14 26 31 15 87 55 3 18 31 85 95 68 63 10 32 51 80 75 22 77 70 74 72 65 71 21 59 88 50 89 50 95 97 2 13 8 75 34 71 30 26 56 84 44 64 11 67 52 68 71 72 84 64 24 61 13 57 21 62 96 34 86 83 38 36 76 33 70 10 88 84 21 40 67 55 41 17 69 44 18 37 89 29 45 96 36 15 77 97 52 83 83 34 67 58 81 64 44 21 67 18 53 68 70 53 9 59 61 26 56 71 53 3 41 90 99 38 15 49 71 4 3 16 47 86 57 87 77 50 29 4 78 19 0 26 31 44 99 72 98 18 51 68 93 17 89 78 68 50 36 87 77 94 17 23 67 73 23 95 11 28 75 3 67 15 77 7 
47 31 40 71 19 39 42 64 70 5 96 77 55 48 52 2 41 19 96 23 71 36 74 85 34 74 56 33 78 96 74 69 99 36 65 23 43 87 90 70 52 89 8 67 48 27 55 41 9 3 65 69 70 35 89 37 61 98 61 38 71 8 52 51 29 80 93 24 76 15 31 3 71 66 29 57 47 44 12 64 91 1 6 68 26 46 25 44 74 46 77 22 58 9 82 69 18 59 1 98 33 95 72 61 59 68 61 14 5 3 27 12 65 10 27 60 78 37 78 77 88 3 46 54 96 52 6 52 6 68 61 34 14 86 30 90 44 62 85 3 52 32 50 32 6 62 23 78 86 91 51 16 46 21 64 93 59 4 76 35 70 41 28 11 3 66 97 74 23 54 16 50 5 74 34 52 54 25 51 84 22 14 20 21 62 24 24 64 36 23 17 39 16 80 87 38 28 65 36 48 90 18 19 41 29 31 42 12 85 71 55 69 10 96 71 33 15 4 6 81 68 15 61 22 17 58 45 54 74 68 83 20 7 31 89 92 34 53 76 65 3 3 70 82 87 50 29 31 45 56 45 94 41 77 47 26 46 19 67 87 31 15 87 46 64 41 8 45 86 77 44 70 80 71 88 37 39 71 61 80 96 14 38 75 93 57 56 3 74 39 40 33 48 93 32 26 87 32 48 6 
95 31 99 36 52 17 63 41 71 45 37 15 9 12 4 26 42 23 7 47 36 69 77 81 49 16 45 73 67 23 42 7 87 90 65 14 23 62 32 30 32 42 5 56 22 55 84 77 90 94 97 68 2 27 81 14 47 46 27 43 59 39 10 42 4 88 73 68 61 89 30 1 24 19 22 31 8 18 45 19 51 16 93 17 7 67 46 40 64 32 53 34 85 72 31 33 72 7 96 38 35 24 74 13 29 52 80 13 39 15 44 41 63 79 4 59 83 14 53 68 42 46 4 96 0 86 74 31 98 20 45 13 7 93 83 18 45 5 82 21 20 24 65 54 69 64 50 1 29 96 48 65 3 43 3 84 56 81 66 81 70 15 9 88 47 58 91 65 54 94 5 83 49 98 11 70 69 7 50 31 11 44 27 59 53 1 47 35 5 25 92 58 28 36 47 7 81 17 90 97 18 54 32 44 32 57 11 26 75 91 5 45 92 60 13 7 79 46 40 96 31 57 91 94 24 14 96 23 11 74 1 18 83 42 20 87 99 25 52 52 15 94 18 56 37 46 19 28 17 31 25 55 50 86 28 54 62 99 64 3 59 35 32 60 44 66 0 76 52 29 79 11 33 6 70 51 36 43 85 34 86 88 55 20 46 92 95 60 94 93 66 55 59 74 14 84 41 90 45 88 
22 67 91 24 21 40 80 95 18 63 2 33 88 9 21 36 99 55 3 34 52 53 58 36 2 37 72 14 70 94 35 42 4 37 13 73 23 64 41 31 11 49 22 98 38 66 24 30 22 94 89 24 88 54 73 44 12 70 53 64 3 13 89 70 64 76 96 5 96 62 20 83 72 87 90 88 36 90 3 6 61 63 80 69 35 94 47 26 48 94 94 80 64 5 99 16 29 92 45 24 46 5 63 51 59 95 38 0 31 26 7 81 94 88 29 73 71 51 28 35 68 60 23 1 25 40 71 69 27 93 24 99 94 54 79 48 61 62 89 85 17 78 24 46 31 62 11 36 93 31 98 9 59 30 27 63 74 15 42 60 50 58 52 93 13 21 62 61 67 16 24 59 75 98 49 9 82 49 59 51 82 88 20 23 45 94 14 95 16 77 63 2 90 36 10 94 21 70 40 26 64 85 82 98 65 30 50 19 53 17 97 5 96 94 92 70 79 17 53 88 69 60 92 82 39 47 65 23 56 53 52 23 39 32 60 43 0 97 72 71 54 69 4 14 49 47 22 16 11 67 0 27 34 18 89 68 54 11 78 59 1 74 75 9 78 95 42 57 2 48 99 5 24 78 52 23 64 94 28 12 62 80 70 58 64 24 95 72 89 88 96 78 23 24 29 88 32 12 71 68 
16 51 22 38 98 89 71 70 49 2 95 79 16 95 36 59 21 38 54 51 33 37 96 49 4 48 37 38 17 56 84 69 99 58 74 33 18 47 78 58 95 92 22 55 22 90 62 98 91 8 85 40 39 92 42 3 11 42 67 85 17 38 36 7 90 41 59 30 51 67 20 44 8 72 78 19 94 43 31 73 0 98 13 19 25 19 89 32 56 90 28 68 43 76 43 94 76 95 24 81 65 72 27 90 11 34 74 99 82 71 23 78 66 95 73 45 45 91 82 24 35 96 32 0 46 84 47 7 31 66 57 51 96 13 91 11 72 25 28 0 64 58 39 32 16 72 38 21 81 12 24 96 60 83 2 40 71 84 10 76 38 84 51 15 76 19 29 56 11 78 64 1 86 27 71 88 26 21 23 95 83 61 44 91 91 28 67 60 95 98 16 4 1 2 10 26 37 50 45 96 64 82 51 30 59 72 34 53 56 22 17 60 97 52 25 46 72 59 30 76 62 55 14 76 36 60 41 47 12 6 70 35 16 6 29 91 58 51 69 99 50 71 84 51 73 67 8 95 95 28 68 17 48 50 72 50 79 49 61 22 95 55 56 69 97 45 41 37 61 97 39 62 64 87 91 84 90 59 60 1 1 35 65 18 30 17 13 69 10 47 94 71 83 0 49 27 92 78 80 28 
75 46 65 35 38 44 50 20 60 20 70 17 44 3 12 99 46 26 21 46 61 20 70 95 5 82 83 60 97 36 5 34 40 34 27 9 96 64 79 61 59 5 86 97 65 74 41 89 6 14 38 15 12 17 28 37 19 49 50 16 93 72 85 9 96 36 60 69 42 92 3 26 31 16 11 52 53 78 62 59 44 93 93 79 59 10 46 17 87 45 67 40 6 90 32 80 79 29 88 26 28 91 89 8 84 79 74 22 74 60 16 61 34 7 77 59 46 90 77 4 63 54 5 35 18 82 61 23 29 62 64 88 59 15 75 13 26 67 26 44 18 91 94 92 78 3 0 13 2 67 48 9 9 31 33 1 20 60 64 87 46 80 96 23 85 98 41 92 97 16 76 13 84 25 89 91 14 70 66 24 1 39 60 88 44 66 35 99 55 87 38 71 67 10 79 32 7 65 44 73 38 70 59 89 87 36 72 46 73 61 0 36 69 55 20 9 92 85 90 84 81 49 91 16 58 71 38 2 42 92 76 65 83 4 32 56 97 17 17 54 23 34 90 22 12 87 77 17 5 17 3 40 37 48 34 40 52 22 53 89 52 43 8 83 5 35 43 31 25 84 40 89 64 49 39 49 56 54 54 71 70 29 97 79 15 9 88 9 82 28 90 74 55 66 81 91 5 47 63 89 
71 69 66 6 92 40 84 13 35 70 80 40 73 91 93 10 51 43 80 99 78 21 48 32 78 32 46 66 17 28 21 35 47 28 27 34 7 37 44 71 39 61 27 35 65 73 31 64 33 12 79 96 70 37 41 3 33 30 96 91 11 34 4 32 13 64 26 19 1 82 0 5 39 44 70 16 63 52 74 6 97 66 93 34 52 80 14 83 15 68 58 30 18 93 57 76 81 6 44 80 6 45 23 34 51 55 98 19 13 8 46 27 95 42 5 21 54 93 30 37 2 42 41 28 1 68 79 55 11 67 1 17 14 70 42 27 11 82 66 93 32 21 60 79 27 64 72 79 35 53 82 16 49 68 89 4 94 92 31 86 11 44 87 7 17 39 73 58 35 1 43 97 32 43 20 42 77 72 89 10 87 44 81 41 68 13 57 22 24 69 92 12 38 92 73 41 76 67 27 54 55 71 68 36 26 29 53 93 77 30 65 89 1 82 0 19 79 99 69 95 87 71 4 42 66 82 33 84 45 73 37 44 19 9 22 56 92 68 12 35 8 85 7 9 67 23 34 94 90 68 31 73 11 42 96 6 16 73 16 46 50 14 26 46 59 51 60 87 40 24 37 32 32 74 4 33 76 22 0 30 22 13 80 27 88 93 22 70 61 10 77 21 45 82 75 79 51 81 12 1 
12 61 62 13 63 53 15 77 48 77 10 60 77 49 3 98 10 42 62 58 19 25 48 9 84 73 23 48 60 43 79 80 18 43 10 97 59 94 73 29 4 14 31 39 8 10 86 44 69 71 83 20 28 70 99 20 21 50 99 27 92 60 71 86 96 77 63 68 34 61 54 26 62 2 52 87 52 50 61 64 53 36 46 70 3 80 8 48 74 18 55 83 76 17 40 58 88 1 58 3 79 33 5 79 75 45 88 85 23 42 65 70 54 31 67 83 79 17 59 28 62 82 34 76 21 78 77 49 97 93 58 73 1 79 83 17 59 82 80 40 23 46 78 87 25 83 85 64 38 55 45 41 33 47 72 63 81 31 79 86 27 98 80 14 58 19 15 38 99 23 23 56 98 10 83 82 84 55 32 8 79 59 2 78 39 60 26 27 66 48 22 77 82 31 3 87 89 93 74 92 9 46 2 66 82 98 9 36 21 84 65 43 82 12 1 75 92 68 12 48 95 89 49 43 30 82 60 82 82 97 35 7 3 36 65 93 17 97 19 71 50 38 96 22 11 20 90 16 40 54 1 98 39 33 48 10 7 37 74 18 41 43 51 49 27 76 75 93 37 12 58 93 25 61 60 27 74 37 59 26 95 7 26 46 20 13 80 24 9 22 62 72 86 62 82 4 27 92 29 83 
81 71 5 13 24 60 18 69 3 9 1 76 37 83 39 24 5 81 49 69 72 66 64 22 17 43 91 63 82 39 38 6 13 18 49 60 33 17 89 53 70 62 23 15 74 10 83 86 78 41 62 44 24 0 75 67 54 58 86 67 99 12 79 66 5 17 86 1 31 82 46 45 3 81 99 5 18 16 62 22 7 20 68 25 98 95 48 7 30 99 49 63 56 12 47 31 17 55 19 20 98 40 57 8 42 33 13 17 10 36 69 43 72 96 58 32 20 18 62 67 91 13 33 47 60 71 99 30 21 70 60 10 78 83 9 62 44 76 26 68 88 72 52 94 73 99 97 98 87 47 50 66 2 98 1 92 51 28 10 86 41 52 59 74 14 2 50 28 47 52 34 88 30 62 86 77 90 14 57 34 92 24 39 53 12 72 87 49 69 57 17 16 81 46 41 96 21 27 85 17 5 54 44 48 2 51 68 58 51 13 81 60 25 97 46 38 47 8 35 78 86 68 48 66 94 15 73 4 68 56 42 69 56 98 5 68 14 82 53 65 69 19 90 13 16 84 43 59 21 98 30 55 70 42 18 11 82 13 93 71 32 58 72 53 18 20 0 8 32 73 54 85 2 10 43 68 84 72 29 16 24 17 28 65 25 31 36 20 98 74 49 80 21 5 20 32 93 7 94 13 
94 6 7 34 27 16 9 81 20 84 88 35 34 67 28 3 20 19 65 55 43 55 62 27 71 73 50 98 63 33 54 67 99 6 71 56 5 54 95 89 14 45 37 6 10 94 2 13 21 30 62 43 31 68 60 17 23 5 21 72 63 92 89 32 15 29 99 24 7 60 50 2 85 87 76 12 56 7 64 80 29 91 6 36 28 9 46 5 11 51 45 1 73 65 51 18 42 3 62 41 88 90 29 47 85 10 33 66 63 26 0 35 41 63 34 51 48 26 29 84 72 93 31 93 89 52 95 12 8 60 96 99 90 55 97 57 2 13 90 75 69 63 38 86 23 14 74 94 21 22 92 96 75 20 39 52 59 40 54 47 81 67 55 90 32 16 22 46 84 37 90 39 29 81 11 90 69 12 41 40 26 54 60 95 86 55 56 79 11 3 31 30 53 93 53 99 49 89 83 73 83 27 31 54 43 98 30 10 9 96 47 18 23 98 96 12 3 60 27 1 21 67 39 49 20 14 94 74 95 78 33 75 47 57 33 13 0 48 76 90 73 8 90 58 88 82 41 88 61 97 19 71 17 45 65 72 78 38 39 53 5 71 95 98 57 11 14 67 98 56 41 19 84 26 59 47 49 54 7 42 88 68 89 8 39 69 70 8 51 81 72 74 27 76 38 36 59 7 39 65 
86 62 88 96 2 99 37 70 10 49 13 42 79 7 21 20 79 59 53 48 64 90 4 68 29 52 33 61 66 67 39 13 32 29 54 33 19 43 26 70 31 57 87 65 32 86 54 83 78 86 23 56 43 87 67 96 55 84 29 87 91 49 31 85 49 74 18 50 91 82 22 55 16 16 63 62 6 19 84 30 22 43 64 45 42 58 87 40 5 40 81 8 40 79 58 9 99 66 33 20 42 71 10 25 53 23 50 69 29 49 69 24 85 42 63 6 51 32 73 54 92 72 18 64 27 22 86 47 64 91 59 50 92 72 34 77 46 25 31 62 25 23 14 21 17 47 17 39 24 36 36 78 42 88 8 69 90 77 71 53 34 26 63 33 61 15 61 2 16 56 28 98 19 30 94 42 24 78 65 25 79 4 2 19 32 83 30 21 39 50 94 43 91 30 17 4 69 33 48 84 61 70 5 44 33 90 98 66 20 71 84 87 6 34 23 41 23 2 65 92 77 47 27 95 89 53 6 43 36 97 42 40 34 72 99 45 24 94 77 33 75 85 26 93 52 35 12 40 21 13 40 64 12 77 65 47 6 29 18 74 42 81 84 41 0 58 90 23 12 72 73 47 4 29 50 59 69 47 1 73 20 4 20 3 11 88 61 34 65 43 48 34 8 59 69 27 41 40 29 16 
86 54 14 73 39 35 56 10 5 14 81 55 22 79 77 80 80 28 90 17 6 39 1 70 80 12 18 27 55 18 9 4 28 9 25 71 92 87 85 50 76 52 69 66 85 66 58 84 54 16 21 87 81 9 21 74 72 56 75 36 21 43 97 41 60 73 18 27 27 89 85 57 94 8 4 46 80 76 15 42 33 10 77 60 30 32 59 87 30 75 39 74 35 56 66 65 96 54 28 91 56 28 43 61 7 7 15 64 58 42 77 98 17 32 75 53 5 41 39 20 68 61 38 90 72 49 99 92 22 96 84 6 71 49 56 33 23 69 57 15 57 84 48 36 39 47 87 68 74 93 62 1 29 1 53 95 62 34 85 44 49 10 69 76 84 48 27 53 90 90 7 60 92 6 99 89 29 87 76 79 89 89 36 71 88 29 24 61 12 43 52 95 60 49 92 70 19 9 33 18 48 34 69 50 31 99 51 0 16 83 27 82 82 92 72 9 91 39 83 20 14 27 3 24 1 33 53 15 16 0 58 31 42 96 66 65 90 77 91 57 65 77 19 36 2 45 27 79 77 67 16 37 40 92 50 92 83 50 39 68 68 76 93 45 74 17 83 81 33 70 84 57 2 75 89 93 79 15 28 53 86 51 70 31 46 60 11 38 18 60 98 11 77 15 38 86 22 70 91 3 
41 95 70 79 88 22 92 69 95 87 12 48 26 66 11 91 5 12 75 10 14 58 36 58 33 75 98 28 56 92 91 62 8 92 92 43 16 66 13 41 76 33 54 27 65 87 36 59 35 11 45 36 47 77 78 17 70 73 21 90 46 34 70 87 79 48 3 18 77 54 60 80 36 77 72 99 43 63 24 45 73 7 91 89 93 85 79 54 10 76 26 1 30 43 73 28 82 45 98 15 26 44 28 18 65 31 91 79 60 10 19 17 72 70 61 20 57 22 12 35 19 74 42 68 10 2 4 39 94 9 10 22 57 58 5 84 77 26 41 31 89 16 87 6 30 25 44 90 77 96 48 52 15 73 73 43 53 36 90 64 37 93 14 8 21 21 5 32 59 48 30 31 92 68 14 35 97 16 0 5 58 51 41 55 29 34 58 59 27 1 79 41 21 33 91 52 74 65 29 81 86 63 1 32 70 96 12 95 71 71 64 19 73 2 39 94 45 5 81 55 64 25 16 4 68 17 64 78 68 54 40 40 48 0 11 97 24 94 22 63 2 6 49 28 20 66 15 12 90 86 35 19 60 7 65 49 16 56 30 22 55 59 84 19 16 98 51 70 16 95 67 17 16 92 34 70 4 31 65 46 46 97 16 83 15 13 81 66 20 79 61 97 87 18 37 17 78 91 58 4 
76 35 68 97 95 50 12 35 90 21 8 27 40 77 95 56 57 81 45 41 16 2 64 62 80 73 0 99 2 61 8 66 67 17 33 97 98 24 14 87 45 63 89 51 85 88 53 93 46 84 29 85 87 61 27 86 14 37 93 88 8 9 48 96 48 87 93 15 1 42 13 64 32 55 8 70 39 8 9 27 78 66 92 43 39 76 76 83 73 58 95 4 97 27 3 87 81 87 73 38 64 52 21 24 85 95 23 37 75 69 88 0 45 7 86 14 51 59 9 15 69 87 78 59 83 23 36 1 57 66 52 51 95 89 25 30 31 88 17 95 53 93 62 2 40 22 20 98 91 33 66 18 83 14 4 98 99 61 52 53 68 76 3 65 50 75 17 27 98 6 96 16 14 83 34 69 17 0 62 19 40 51 96 7 89 93 55 56 93 20 62 64 38 37 54 52 1 52 67 2 82 56 25 37 44 98 56 44 70 61 35 66 60 45 86 10 1 89 75 65 62 37 87 68 55 40 88 80 36 13 16 87 75 56 55 53 48 51 18 83 17 65 20 86 64 71 33 99 25 30 97 86 84 68 86 44 75 46 17 46 60 5 47 94 37 16 66 52 47 6 81 54 16 76 89 24 80 1 73 90 39 83 76 38 21 21 92 17 50 87 43 41 91 98 50 12 56 25 28 23 
44 47 84 37 49 90 36 82 53 62 81 12 82 22 61 73 84 56 13 53 0 27 19 17 30 10 53 8 24 71 67 77 54 81 5 57 6 10 16 30 41 3 42 5 25 49 24 0 28 20 32 34 45 38 32 87 30 82 29 95 98 78 63 22 47 30 28 50 70 41 71 28 85 24 47 19 10 77 92 26 99 50 70 84 34 60 15 94 21 74 90 95 96 73 93 63 70 40 82 94 57 23 2 30 46 77 61 84 4 18 86 83 52 98 90 74 49 68 35 74 53 66 87 78 7 58 20 63 23 40 63 51 83 4 68 22 59 2 92 39 47 56 81 35 59 40 29 84 7 75 78 92 88 58 81 56 16 63 2 82 17 13 14 88 96 27 50 16 15 59 51 5 71 75 78 71 76 0 30 38 89 97 20 7 76 69 3 19 41 61 48 8 18 65 15 90 76 14 55 50 84 27 58 45 44 30 69 74 7 94 14 77 73 54 62 39 8 4 30 73 32 91 64 22 1 19 56 79 3 15 12 30 53 71 42 67 2 50 69 61 4 53 37 47 73 34 0 41 32 23 41 62 39 67 42 67 30 50 30 30 21 23 8 15 90 11 39 91 73 27 82 71 35 98 66 43 32 96 45 19 72 38 93 80 44 31 34 84 14 55 44 24 42 30 56 66 79 19 88 82 
25 61 5 72 52 69 41 2 93 33 6 16 72 13 82 97 94 4 47 72 75 50 4 55 7 67 56 34 88 86 10 15 19 87 94 28 55 90 44 74 66 13 46 61 88 35 43 96 1 71 81 91 90 2 30 62 26 0 35 67 65 58 24 78 85 43 24 0 25 8 28 22 26 68 86 20 60 42 20 2 77 53 93 97 15 37 47 29 4 31 9 41 74 65 31 4 85 3 64 7 92 89 88 51 45 38 74 80 12 56 67 86 34 45 63 43 23 61 87 17 18 1 20 61 63 92 67 4 77 44 74 97 37 83 93 44 63 62 41 26 80 58 73 0 80 41 26 8 0 71 21 33 2 18 62 90 60 11 79 98 23 82 68 15 57 63 22 65 52 86 15 4 20 75 5 68 91 43 47 64 84 47 66 29 98 62 59 89 45 77 52 87 45 65 21 96 94 89 89 86 80 88 49 56 1 29 69 99 75 49 9 48 25 25 5 34 73 12 24 80 43 4 45 50 37 48 31 8 10 68 19 28 88 53 47 18 5 54 45 76 72 68 57 55 61 92 3 55 62 90 24 45 64 86 94 75 18 88 51 12 80 2 79 86 38 1 76 84 1 75 22 28 86 71 54 45 7 90 27 12 35 50 88 64 34 40 41 99 11 45 28 63 27 5 5 69 35 55 57 48 
6 0 28 61 58 8 61 39 95 45 54 1 91 81 0 39 59 38 0 65 38 15 63 77 61 50 79 27 43 40 38 98 50 61 30 94 22 21 26 47 40 6 32 99 30 15 35 8 29 36 59 65 50 98 83 35 37 61 86 62 63 89 86 12 15 74 73 56 48 99 84 16 40 5 20 57 48 79 90 31 82 41 83 67 67 62 73 75 59 82 57 14 57 64 97 68 64 74 72 21 70 94 67 47 74 29 15 44 77 43 56 66 72 50 8 20 73 46 72 68 15 40 22 37 55 69 56 38 41 50 20 43 58 98 61 74 38 20 56 99 13 77 78 31 70 47 13 47 84 27 81 39 73 21 93 65 88 10 71 20 41 78 12 53 6 3 75 24 40 36 88 78 16 54 95 5 28 0 14 85 17 49 88 50 21 27 51 6 79 61 73 8 74 22 57 92 84 40 80 86 9 90 30 13 14 18 0 97 78 65 73 17 50 96 40 84 23 47 20 82 26 36 55 57 99 62 99 82 55 10 98 74 19 14 11 49 68 16 81 10 40 50 88 99 64 16 6 57 32 25 31 27 52 13 96 52 56 65 25 87 79 81 13 2 27 96 30 41 0 30 77 8 10 14 67 71 7 0 81 10 78 56 89 52 17 13 33 35 37 57 27 49 19 93 30 42 41 7 64 89 
3 14 89 83 4 42 55 82 56 37 50 14 74 22 5 14 41 55 62 17 78 8 42 26 37 90 13 28 82 4 61 74 66 57 8 56 18 34 43 59 85 55 88 34 21 57 64 44 84 65 2 95 72 47 46 81 60 83 17 22 20 35 76 15 11 83 15 74 32 10 92 6 8 54 28 28 93 86 62 58 98 69 29 35 17 89 19 27 45 21 19 84 77 64 6 16 60 24 81 50 75 46 38 76 63 98 62 86 20 81 62 44 3 64 76 92 34 68 84 18 82 24 22 28 55 43 90 90 64 43 35 86 21 33 24 60 24 58 1 24 12 37 8 71 55 18 3 18 60 70 73 24 96 12 51 4 4 76 37 60 10 78 97 84 31 88 3 66 66 75 85 52 63 36 81 54 2 35 89 30 77 36 23 89 43 13 57 88 59 18 34 30 16 63 78 72 82 75 62 46 25 94 75 8 12 12 69 81 97 18 7 99 19 94 46 36 43 18 13 46 36 18 74 45 97 75 42 36 28 82 70 61 73 57 91 95 51 18 3 93 22 81 52 65 32 88 93 33 17 29 19 12 30 36 57 32 5 26 19 62 43 49 99 86 45 48 77 74 84 30 20 33 58 34 13 25 82 86 24 60 83 44 62 77 59 92 54 27 52 63 86 30 50 68 28 74 79 89 31 68 
66 8 64 98 54 94 34 70 15 7 41 42 27 68 54 30 50 54 82 78 86 36 86 78 52 86 77 88 7 66 48 61 3 95 18 54 57 13 14 24 25 88 82 82 31 41 33 86 15 45 96 46 19 99 80 44 35 0 7 68 95 40 6 33 47 28 42 19 42 46 46 68 59 25 63 60 13 74 24 21 14 10 25 2 63 77 23 87 2 30 22 34 8 71 13 93 0 28 69 20 59 19 13 12 41 62 73 0 20 81 14 75 59 45 4 27 62 30 93 36 37 16 29 87 14 27 99 76 11 29 39 62 79 26 56 31 15 63 8 43 0 12 77 13 7 98 78 15 93 85 58 42 40 81 77 34 5 40 81 79 48 27 31 60 81 0 2 54 37 47 71 69 64 52 77 98 64 73 31 8 30 80 12 85 27 39 25 64 82 49 74 28 59 36 70 10 39 41 76 47 15 20 38 4 26 93 39 18 55 57 54 54 46 13 68 9 62 52 2 7 35 95 11 9 9 18 47 85 60 89 53 97 69 72 62 86 29 58 43 26 53 28 79 47 82 93 36 83 57 5 16 9 26 90 51 6 76 26 99 67 16 47 38 88 7 48 67 98 49 45 92 65 76 12 47 61 44 28 80 6 44 38 42 58 13 46 44 93 26 0 37 55 11 64 23 69 82 11 21 69 
30 52 15 11 30 58 38 84 2 98 88 7 0 6 0 20 58 83 62 8 33 96 78 54 17 85 59 79 28 47 95 69 44 16 31 33 65 1 71 74 59 50 39 4 51 87 52 41 79 52 38 87 59 94 46 82 3 92 19 87 30 58 69 84 0 41 49 58 19 63 75 41 50 38 1 15 74 11 31 76 70 11 92 52 79 57 72 70 3 73 2 23 25 69 64 10 68 35 36 14 39 50 86 37 45 80 3 52 62 63 12 94 86 86 3 97 84 3 97 58 18 54 29 13 91 88 44 18 53 41 49 54 92 91 11 60 75 5 61 85 85 11 9 74 11 74 40 37 16 70 64 35 49 89 47 77 30 47 76 28 92 44 36 25 60 66 2 84 40 4 18 84 37 79 46 40 33 6 30 85 30 47 62 64 26 79 61 29 88 62 68 68 55 61 36 35 6 75 16 96 72 11 71 45 53 42 52 93 72 88 90 12 30 45 18 53 46 88 63 79 95 0 74 15 76 77 10 25 10 6 17 29 67 24 11 22 88 97 99 47 44 90 95 22 72 94 1 91 42 84 4 98 30 86 16 20 21 19 13 89 0 30 76 89 21 49 83 1 48 92 62 28 65 21 42 76 56 12 51 77 73 75 61 19 53 96 58 47 24 46 22 57 20 77 74 3 30 92 26 97 
48 99 61 40 51 93 55 32 70 0 87 19 34 0 65 69 8 90 73 73 16 53 36 85 62 57 30 32 86 29 33 83 56 70 22 62 50 22 13 12 46 14 29 6 19 72 73 36 19 84 40 16 28 9 48 88 71 2 69 22 50 10 56 30 24 49 10 22 43 60 21 60 68 66 11 73 87 8 32 5 62 13 13 11 90 50 41 78 1 34 95 96 80 14 6 66 16 95 68 88 8 26 70 87 1 16 34 96 62 21 15 18 93 67 85 31 29 16 88 59 25 24 15 18 33 96 80 19 48 25 74 13 22 45 81 61 59 79 13 99 68 70 81 17 84 84 90 34 73 83 85 36 36 63 9 37 66 45 37 10 48 39 84 88 30 13 29 82 40 24 66 15 61 78 51 38 91 61 72 51 82 62 87 68 0 32 71 40 33 53 58 86 65 25 59 85 74 26 47 75 54 7 85 91 61 4 33 76 82 77 79 95 48 71 71 15 7 59 26 95 24 16 46 91 57 91 71 57 96 52 59 31 31 4 39 16 56 13 62 19 14 34 65 52 95 92 72 26 91 0 49 51 90 65 66 30 69 96 27 95 35 94 44 62 13 7 68 93 66 73 63 55 49 18 65 25 47 50 19 84 38 54 81 63 82 37 1 70 62 21 80 7 98 26 74 48 26 31 87 2 
7 52 15 65 76 70 13 59 93 68 59 61 47 51 45 67 22 69 64 72 74 35 21 78 91 58 79 62 45 45 53 99 68 57 59 24 92 18 90 76 87 76 1 30 33 65 63 11 57 3 23 22 99 87 47 2 17 35 8 4 93 70 93 57 59 66 22 0 79 6 79 79 14 4 9 86 30 61 3 20 71 83 33 42 75 88 66 90 12 41 44 0 44 43 12 87 66 57 93 26 35 34 40 48 63 85 38 57 17 55 7 97 76 23 79 75 24 61 57 23 12 27 81 76 85 27 21 17 35 79 84 29 39 89 75 40 16 27 1 95 90 18 52 59 56 9 64 62 17 85 72 35 85 18 47 83 20 37 37 84 80 52 26 61 87 44 22 58 59 34 1 17 61 8 64 29 87 27 21 38 73 61 40 65 95 71 23 34 69 36 87 3 11 63 11 6 54 23 65 82 7 17 99 34 90 99 71 47 49 99 70 67 62 41 65 1 10 16 49 3 0 45 37 34 42 6 93 9 70 6 25 73 7 58 78 83 21 88 9 29 86 53 54 38 35 29 86 40 95 49 20 93 98 4 92 50 48 75 73 73 10 25 97 65 9 71 47 30 79 59 20 68 7 55 41 6 24 84 88 93 76 8 56 1 61 5 34 66 36 67 86 67 30 63 87 77 56 45 5 73 
70 79 59 3 86 67 60 51 45 52 94 13 86 95 3 85 38 27 51 78 84 86 50 18 70 62 68 66 96 68 77 32 19 38 80 18 64 95 91 49 30 63 1 98 18 20 95 0 62 36 71 22 31 67 45 82 54 76 62 70 37 31 7 26 31 78 84 42 50 77 9 37 92 2 81 62 66 93 24 26 11 18 96 87 17 88 72 11 87 18 25 40 91 68 66 99 92 28 10 82 46 22 79 14 93 73 13 57 88 26 7 76 14 42 37 32 78 55 59 86 87 51 25 37 66 73 51 59 76 36 39 86 58 9 56 72 78 67 49 17 10 73 15 17 16 36 76 66 18 85 21 78 23 61 32 0 2 51 45 43 97 70 90 55 89 88 17 68 7 62 19 20 90 21 49 85 44 75 5 71 42 94 67 91 84 50 97 45 7 74 25 45 93 85 92 60 74 9 34 17 57 20 84 58 83 89 29 73 5 93 58 82 16 2 96 22 32 76 70 68 54 82 26 60 46 87 12 53 15 61 98 64 86 26 91 29 77 74 66 4 61 40 36 36 9 33 61 30 21 80 16 10 45 54 69 37 90 6 63 67 11 36 61 47 68 16 86 47 59 72 97 94 15 85 90 55 86 10 77 67 45 29 2 54 17 4 38 94 72 87 93 9 62 94 33 68 25 46 25 3 
83 15 49 55 59 20 69 70 45 66 13 82 22 70 36 32 75 18 36 6 56 98 57 67 32 35 75 22 63 59 73 66 68 38 71 28 97 89 4 21 52 33 97 18 78 6 40 17 17 81 28 10 54 58 55 37 85 22 14 34 37 84 98 14 30 83 39 80 49 55 29 65 69 79 12 11 95 94 68 96 81 85 65 37 62 77 93 64 49 96 27 55 15 38 79 42 53 56 16 8 51 0 84 33 58 44 2 30 32 75 16 33 61 57 24 83 24 77 48 35 88 97 21 29 48 22 0 51 54 70 26 71 23 62 54 1 13 35 32 66 33 78 61 37 27 94 8 68 32 75 75 51 94 1 54 1 74 91 55 55 11 40 82 85 97 30 95 25 28 65 58 43 90 86 78 27 74 97 74 9 62 67 32 86 28 20 46 5 40 56 9 49 5 52 56 34 25 80 38 38 62 14 96 9 43 65 57 35 30 0 38 85 39 41 87 98 12 73 7 40 46 8 37 69 17 92 39 91 4 39 20 20 7 2 48 77 16 73 55 73 59 43 39 69 1 68 17 55 7 78 2 63 41 32 85 32 89 86 84 95 48 25 20 89 19 49 77 54 49 48 10 94 21 4 41 27 5 73 70 31 34 25 21 96 19 60 41 97 66 28 35 42 22 40 91 15 86 78 69 9 
62 87 62 65 76 62 65 89 20 37 1 88 15 39 80 54 61 48 70 4 57 15 54 93 3 37 25 45 64 19 65 1 60 1 27 31 16 64 55 79 68 89 75 58 40 15 51 81 95 36 72 2 37 14 68 3 53 92 57 67 73 34 68 90 93 28 27 79 65 63 82 15 51 48 27 19 92 87 61 14 66 83 90 86 45 95 91 88 50 0 27 18 33 24 66 28 98 86 29 77 79 47 3 79 20 53 70 97 58 89 62 20 64 38 77 28 23 0 92 25 85 75 84 77 28 24 77 96 60 17 67 37 14 75 70 10 74 59 23 96 56 26 67 27 98 70 88 49 42 70 2 21 66 19 84 37 11 76 70 33 9 78 22 52 27 77 22 13 63 47 79 94 69 6 76 24 93 92 92 8 70 53 6 8 48 17 22 64 28 22 44 79 95 52 45 53 0 47 23 51 54 77 70 17 81 73 80 62 88 51 24 81 47 97 47 15 9 45 35 76 97 76 17 31 48 70 60 20 22 22 98 52 91 37 3 68 4 11 28 53 70 70 1 20 5 89 26 32 32 63 2 33 64 52 1 47 14 51 5 14 78 6 23 1 38 27 59 64 54 99 59 70 13 60 43 54 48 19 34 78 57 50 72 1 43 2 97 50 24 36 18 2 51 39 69 48 39 38 61 95 
75 94 2 16 68 22 41 26 40 9 52 98 36 39 41 98 44 84 29 89 86 18 47 32 56 97 65 72 90 79 38 67 79 20 80 19 71 76 0 89 13 92 88 2 5 19 4 52 49 88 48 74 60 38 81 29 75 63 58 74 99 82 25 64 78 37 2 72 6 58 95 73 67 96 37 89 12 60 38 33 97 44 27 76 90 99 83 64 23 50 93 24 58 95 35 45 81 41 72 93 73 95 75 56 30 24 52 59 94 54 86 91 32 82 29 64 0 83 91 53 12 82 2 49 76 86 15 82 94 31 81 65 20 65 63 26 99 50 44 5 97 83 41 89 61 3 43 33 62 32 46 20 53 79 40 37 7 78 26 91 95 45 46 29 79 66 92 46 68 44 50 78 18 77 94 64 94 78 13 3 32 0 34 6 24 1 87 9 24 49 0 5 86 21 6 55 98 15 98 28 31 19 93 27 74 89 50 35 66 49 74 62 50 0 47 58 36 43 48 40 84 89 76 59 77 68 94 10 5 84 28 28 46 23 90 62 23 24 84 62 17 94 86 55 0 95 85 73 97 6 19 74 53 51 67 73 34 97 97 86 44 28 34 10 7 71 49 89 11 39 81 89 52 58 35 21 55 3 18 22 48 91 83 12 53 66 60 44 31 94 28 4 44 61 10 55 69 21 33 71 
32 13 65 65 5 93 26 32 29 62 97 89 95 35 85 17 83 92 52 11 34 41 22 83 79 45 89 87 87 91 62 73 28 44 67 89 45 19 58 49 91 62 72 2 43 49 57 13 94 67 11 94 45 27 40 31 75 97 14 36 19 78 17 14 58 82 60 34 72 23 20 99 26 76 75 2 32 44 90 21 20 89 44 57 99 44 34 89 6 21 31 84 16 10 34 78 94 33 55 86 87 3 91 34 28 7 40 40 31 99 32 56 8 67 35 9 60 20 11 92 62 5 64 22 34 55 5 46 92 18 9 11 88 17 41 71 47 66 76 80 74 35 88 94 54 72 9 69 60 51 36 32 13 92 10 19 57 12 80 89 92 48 13 17 5 34 98 17 14 24 2 63 99 36 54 3 6 55 30 70 63 72 64 70 81 79 72 54 1 91 2 43 46 21 4 58 68 22 47 76 37 38 39 8 36 62 49 52 24 91 37 55 97 20 12 89 69 83 96 51 18 98 1 4 58 19 58 0 7 84 96 17 47 17 22 79 55 4 86 32 20 6 75 76 90 3 48 1 97 69 31 82 56 78 1 29 80 47 54 54 49 66 76 99 18 86 53 85 51 96 96 68 18 78 63 1 39 97 99 51 97 96 40 96 63 15 48 5 44 25 84 73 85 78 80 10 45 32 80 13 
23 36 40 6 30 75 30 75 66 82 85 37 53 71 84 16 52 92 11 45 2 65 14 24 45 1 19 66 0 53 88 95 33 25 66 61 45 15 8 17 64 41 15 94 65 21 74 14 1 99 53 59 18 27 13 19 16 87 34 48 7 7 73 7 44 7 81 70 69 5 40 31 26 27 89 79 13 63 56 7 24 26 91 49 41 94 60 15 58 24 17 27 6 32 34 38 48 53 13 35 91 36 74 26 6 96 62 14 61 97 18 54 27 66 68 15 65 35 73 11 59 67 55 40 18 57 48 55 41 13 52 19 16 53 67 93 26 8 19 46 89 79 89 27 24 51 82 15 72 38 80 19 7 13 56 13 45 97 30 67 79 1 7 78 30 88 83 68 8 91 27 19 90 13 73 11 53 49 57 39 88 11 82 63 22 59 57 72 8 86 37 97 54 2 17 97 3 25 26 28 6 77 19 38 42 62 45 65 24 95 42 3 91 82 19 80 24 70 46 69 8 42 65 13 23 40 71 91 17 3 70 32 3 33 79 2 38 39 90 97 40 30 73 81 72 66 38 49 98 85 6 19 95 75 85 27 40 3 56 68 42 12 6 48 50 0 18 7 19 45 99 92 8 98 13 83 38 64 63 94 94 75 42 62 3 10 9 28 62 22 42 96 93 98 56 25 1 18 68 74 
75 97 37 77 98 11 15 40 83 97 92 52 29 51 18 2 78 94 23 51 74 95 29 8 2 22 88 54 35 99 91 22 80 6 43 28 81 53 54 17 10 70 91 70 52 58 85 3 54 26 20 44 62 20 74 63 81 4 43 71 68 22 32 95 57 95 98 29 89 76 67 33 75 78 40 8 41 12 55 26 41 93 99 64 12 38 53 82 26 11 69 92 12 41 34 34 73 43 22 45 26 67 41 76 82 36 24 71 46 1 29 59 37 32 1 14 38 20 5 80 17 37 53 42 15 6 23 74 18 83 10 51 24 87 61 58 15 75 34 6 77 45 99 48 17 40 9 74 26 80 55 1 14 88 24 28 53 10 55 11 59 35 95 32 84 32 99 20 46 48 3 73 12 35 48 7 9 90 77 37 23 28 22 49 93 29 53 31 7 13 75 69 48 71 88 55 32 66 50 65 23 95 39 45 62 68 17 7 21 85 33 6 8 50 47 25 46 8 17 77 15 11 51 37 17 14 70 60 1 56 35 90 15 44 21 37 35 8 33 81 45 8 50 29 63 64 98 24 13 28 0 8 22 71 42 26 50 78 0 35 55 76 65 54 68 70 70 45 70 23 21 92 21 98 4 35 99 26 94 35 19 47 93 72 69 94 64 49 43 93 75 49 19 32 9 77 79 75 49 42 
45 17 24 28 37 44 78 26 92 30 51 8 2 3 61 31 58 88 59 5 76 44 67 9 55 69 90 7 65 9 27 10 63 65 11 73 65 94 65 21 54 38 7 57 16 93 11 59 67 29 88 30 13 35 19 71 89 67 61 21 52 45 48 79 65 45 42 76 26 76 32 77 93 16 87 90 31 33 23 8 62 61 10 80 67 89 19 68 12 10 94 90 86 7 27 57 17 3 68 76 54 41 84 4 49 66 14 5 33 23 19 72 49 68 3 48 60 52 29 47 79 53 52 46 25 6 88 63 24 56 62 41 34 94 1 17 62 25 61 4 56 50 25 61 63 65 67 81 73 54 78 96 84 17 91 85 79 76 32 57 22 24 55 4 3 92 38 12 5 36 63 75 18 92 77 58 71 77 31 55 95 44 45 15 78 31 89 28 75 31 31 51 43 62 72 20 7 77 23 62 16 45 78 72 50 7 84 96 7 28 47 47 0 58 43 85 17 56 15 27 17 76 28 62 88 99 56 13 80 13 94 86 64 98 50 9 68 8 98 50 70 78 54 88 78 88 63 97 52 59 32 92 28 3 80 89 87 32 80 28 0 82 88 80 86 12 89 97 36 31 6 72 92 26 53 74 68 9 67 52 37 43 86 97 82 88 15 8 74 23 36 76 33 22 28 85 16 11 88 73 
98 95 8 95 69 38 31 62 89 82 91 65 24 47 53 77 30 26 64 72 75 8 43 61 22 87 35 20 56 83 1 68 18 74 10 93 29 20 69 71 47 60 49 92 59 12 66 29 76 71 71 80 88 97 42 16 63 87 8 17 69 56 72 42 72 26 21 56 36 77 38 13 25 8 90 37 27 18 81 75 73 21 53 76 40 61 32 99 64 82 85 85 54 93 69 51 88 0 64 52 51 53 99 64 59 49 41 49 40 81 9 38 19 69 66 49 58 47 70 37 53 58 78 43 77 27 82 12 38 60 65 20 64 27 4 25 97 94 67 87 14 49 54 95 99 91 73 30 0 68 71 75 2 14 8 23 33 62 62 36 82 26 56 20 68 85 96 63 39 34 11 56 94 13 14 56 77 46 47 99 25 44 72 95 35 37 71 2 50 38 47 63 93 69 82 48 88 45 40 3 33 86 19 70 58 30 3 92 70 20 31 44 89 94 0 36 24 4 98 34 56 31 2 94 93 82 91 53 46 28 27 96 43 18 11 91 48 28 97 67 4 11 46 66 48 12 76 31 25 7 98 22 11 52 46 56 52 46 38 90 64 62 38 94 14 50 84 23 74 3 97 10 29 12 51 12 90 88 76 10 74 30 22 39 39 50 59 9 24 54 88 27 96 43 44 5 40 90 42 16 
46 91 58 72 35 95 47 71 3 23 99 31 92 4 59 43 32 45 43 70 11 61 76 45 96 66 10 34 66 65 92 0 2 59 97 37 68 87 42 46 71 81 38 14 77 18 73 1 46 93 56 54 31 38 83 99 83 37 51 16 85 88 55 46 16 85 50 50 86 6 83 49 83 34 72 69 82 45 99 25 37 50 82 33 86 8 24 25 40 26 49 43 3 28 18 7 59 75 12 50 99 82 27 4 85 54 42 42 72 79 85 72 94 80 62 80 23 16 28 71 85 6 1 40 14 2 50 10 3 78 36 37 62 40 1 84 62 84 43 69 97 64 17 77 35 10 28 58 74 26 95 98 33 25 33 22 20 85 54 63 16 73 33 39 15 84 46 68 63 37 28 12 87 2 84 52 14 13 67 27 87 22 96 5 0 94 61 69 47 36 79 87 34 18 36 81 46 42 69 48 34 29 77 33 21 79 57 58 81 89 59 39 90 40 48 45 98 99 56 54 98 34 45 76 57 31 37 78 59 61 23 29 89 12 21 52 27 1 73 94 22 82 73 79 95 3 6 73 7 94 83 80 56 44 79 72 53 73 83 47 74 74 68 58 74 9 21 19 84 58 51 76 83 99 37 22 62 88 31 97 39 68 62 75 95 86 82 31 86 4 46 27 91 34 35 31 99 78 92 44 
18 30 77 29 82 22 3 41 3 59 26 97 71 49 4 99 62 0 65 16 88 92 91 54 30 47 65 85 75 13 74 98 4 83 47 56 98 1 10 35 74 64 4 2 45 32 77 37 93 41 9 35 24 37 6 24 55 5 37 2 10 15 65 50 34 36 98 41 11 57 26 0 51 7 12 51 2 19 42 4 68 91 5 76 52 10 98 66 83 54 8 81 12 16 51 94 48 92 74 9 33 10 40 24 23 7 11 60 19 12 47 41 19 12 18 40 37 52 4 63 44 60 37 55 21 88 12 53 34 76 94 31 40 87 32 92 96 10 33 58 34 16 67 87 94 89 52 2 72 75 52 31 51 9 29 14 77 70 17 12 65 0 47 91 76 86 5 83 55 74 49 52 85 75 99 6 54 94 86 18 15 59 20 83 1 39 59 49 52 44 58 49 59 60 68 49 17 37 56 37 41 84 8 26 10 1 30 90 77 50 72 89 24 56 51 86 5 38 12 5 14 52 86 7 53 75 62 46 71 77 36 59 5 39 97 9 79 41 41 64 24 35 71 26 58 17 43 8 54 56 12 96 67 15 42 86 0 14 45 97 42 42 54 8 78 29 9 44 95 49 68 43 72 11 51 85 4 0 49 10 26 55 22 20 47 16 89 51 98 2 68 98 38 44 45 12 82 92 47 47 
57 11 70 3 11 31 20 67 20 99 48 15 12 53 51 89 86 81 52 61 33 81 27 90 64 90 98 55 80 26 20 19 67 20 31 53 83 63 56 50 57 75 77 71 51 52 10 50 53 68 42 68 99 47 60 92 54 65 61 54 20 9 80 31 24 3 29 24 42 63 54 61 3 63 95 59 69 45 52 39 10 74 96 21 46 86 72 65 45 86 41 85 65 41 14 7 92 26 25 80 62 42 40 33 10 65 87 17 1 75 72 28 23 99 10 63 4 64 18 83 6 39 30 50 65 12 23 75 35 55 78 10 30 61 18 80 62 19 92 16 67 72 71 6 54 43 99 98 83 39 51 68 4 48 54 15 11 24 42 48 49 28 66 1 14 37 2 29 7 34 43 49 7 18 93 72 1 14 39 91 14 53 74 15 70 43 50 75 84 75 20 45 94 51 93 65 1 71 73 80 29 90 64 10 69 18 17 70 23 19 64 4 37 66 21 69 38 50 57 50 6 7 8 67 67 1 56 42 93 86 93 50 77 35 66 82 90 60 3 52 11 4 95 92 44 96 40 81 71 38 65 93 54 89 35 56 90 57 39 37 5 25 94 98 29 21 86 81 16 88 81 55 95 15 83 4 79 10 84 51 96 11 90 79 20 4 33 70 92 5 49 81 69 47 84 29 30 67 19 16 
16 62 20 22 98 72 62 54 62 95 49 56 11 73 5 49 9 94 45 41 62 63 54 99 1 1 74 89 93 67 50 22 2 33 35 10 76 29 60 13 1 28 66 15 43 36 74 1 11 49 19 79 22 20 80 10 30 55 56 8 60 47 54 0 39 2 43 18 85 77 66 49 84 37 12 64 84 75 16 69 95 14 12 78 62 68 4 98 2 97 23 58 9 3 32 40 37 57 71 26 13 43 56 59 80 66 70 11 94 44 44 41 18 89 20 70 36 3 1 39 46 67 79 53 14 73 72 32 94 42 21 90 48 24 93 34 75 86 61 81 98 25 93 35 79 58 46 1 98 24 65 38 71 60 99 23 81 24 57 59 49 81 98 47 42 88 5 27 38 14 85 73 50 75 24 33 29 24 71 97 99 32 48 94 3 22 36 76 17 63 55 98 97 25 85 76 48 71 74 48 54 95 77 0 39 49 84 75 38 81 79 25 90 68 95 3 19 87 81 94 94 67 31 88 80 39 70 2 48 12 2 75 85 51 49 84 89 13 50 31 85 3 29 2 21 70 6 86 8 39 31 7 15 16 37 29 53 48 19 27 59 89 21 80 17 30 23 95 85 29 18 99 37 91 53 83 43 50 40 94 9 56 25 54 50 94 17 50 24 53 65 1 30 12 84 89 12 66 20 13 
13 66 43 6 8 25 60 40 68 58 78 7 77 93 12 24 2 84 1 74 13 53 55 48 7 66 34 0 84 77 11 60 91 60 5 5 93 44 30 22 12 8 27 98 86 65 44 11 3 43 52 53 24 59 39 38 72 71 41 64 60 5 1 42 1 19 42 11 4 6 86 19 19 90 16 34 19 37 16 26 90 32 16 99 77 38 9 21 36 78 94 66 52 4 41 71 97 87 11 68 1 17 57 5 69 26 32 47 12 29 29 18 57 77 65 21 40 75 98 25 42 17 79 49 20 90 49 5 22 43 99 16 29 42 10 96 71 8 88 93 17 45 26 57 5 10 97 22 97 78 14 20 36 14 0 17 72 61 57 50 59 72 48 20 78 65 26 51 35 38 52 61 66 76 24 14 62 33 97 31 16 39 36 88 25 34 57 39 0 68 34 53 22 94 54 75 21 85 53 10 2 11 15 62 43 4 78 13 93 84 44 6 78 69 85 60 17 13 0 41 44 82 92 75 54 29 10 37 50 28 50 89 49 30 62 41 44 55 53 19 56 73 71 37 45 70 56 73 20 87 12 81 92 28 14 87 67 73 28 59 38 0 49 17 78 4 32 32 17 18 89 43 80 6 41 4 66 24 54 46 38 63 91 11 16 18 93 5 69 53 79 16 3 98 92 69 31 73 90 38 
58 61 29 5 58 68 0 49 38 4 87 7 11 54 33 42 36 16 60 89 4 70 24 52 51 2 88 93 10 49 23 16 11 43 93 74 81 74 88 78 35 2 6 96 75 72 56 82 89 37 88 80 80 24 82 36 32 16 28 54 53 15 12 88 37 42 74 61 4 46 70 91 87 62 67 66 66 69 97 67 25 54 93 61 2 87 30 95 84 92 38 59 95 24 25 37 78 52 76 54 85 6 2 14 1 15 3 80 20 97 91 94 45 24 94 29 76 3 67 57 54 37 54 60 72 29 57 7 92 26 2 90 47 15 95 37 36 46 86 78 38 80 91 54 34 89 19 54 39 47 18 7 42 48 85 89 47 55 56 39 21 0 37 12 42 1 18 11 66 91 63 49 50 9 12 67 86 45 6 90 64 69 63 92 95 37 14 87 22 97 67 0 87 30 37 80 90 32 30 13 46 10 87 56 89 81 56 50 19 10 28 33 17 87 41 56 79 72 67 73 28 54 54 50 28 91 97 94 75 43 16 50 48 43 54 76 88 64 51 78 60 18 4 57 68 86 49 35 73 4 73 48 29 57 4 82 66 80 21 35 17 40 51 58 92 89 95 59 41 58 14 87 89 95 23 16 15 26 38 30 5 11 70 19 53 11 34 78 36 14 22 30 32 97 0 65 82 98 54 75 
46 3 89 77 65 47 20 74 28 98 21 0 51 83 6 42 97 24 80 89 26 27 16 80 68 95 51 64 70 4 80 31 94 6 39 77 34 2 29 5 1 36 29 2 40 33 65 49 51 40 69 52 0 7 30 99 5 82 51 6 88 32 65 52 81 48 57 6 87 46 98 63 0 70 91 83 78 93 10 17 44 71 53 73 10 64 97 81 60 41 5 72 21 58 36 1 30 41 54 85 32 10 48 47 88 37 18 55 90 51 5 37 68 0 41 47 88 92 57 98 7 62 4 5 99 9 2 58 35 5 3 89 25 17 7 2 93 45 55 58 16 78 27 5 12 81 1 35 82 40 57 97 95 35 69 41 71 71 70 80 19 60 32 58 38 8 6 47 43 1 62 61 45 99 92 38 34 36 56 55 56 8 17 6 65 89 75 44 2 74 97 97 70 97 92 28 28 11 22 82 30 87 94 91 47 27 55 23 56 90 19 26 22 52 70 97 27 20 55 43 34 43 6 60 76 78 95 28 29 74 38 51 14 49 96 40 44 60 81 28 96 6 29 21 41 44 16 86 91 95 65 57 97 54 66 54 93 65 6 81 94 96 11 79 51 40 3 93 2 14 5 66 44 82 83 14 23 79 66 2 60 52 20 70 33 98 85 53 38 59 17 7 28 98 69 29 65 16 8 29 
75 63 40 96 51 88 33 4 61 71 37 53 77 97 56 58 4 93 10 32 29 95 43 87 77 89 19 18 13 69 94 24 30 29 37 18 1 61 22 51 32 86 52 53 12 7 39 30 81 37 98 19 19 83 21 28 43 27 69 64 81 26 70 83 46 25 57 81 77 9 51 80 90 76 12 0 36 62 50 18 24 19 44 83 88 97 51 66 72 92 8 73 22 84 32 32 25 15 32 75 97 44 11 74 77 51 88 1 53 78 36 48 69 79 85 71 21 51 16 2 98 50 28 25 25 48 35 2 46 47 69 7 40 14 18 77 80 34 29 9 63 74 63 14 7 45 32 43 96 59 60 27 31 55 28 6 4 83 28 78 5 93 16 22 86 34 46 98 70 72 19 19 2 72 55 31 8 96 70 68 63 41 20 29 69 45 17 58 45 68 10 10 46 76 95 14 83 61 89 3 69 98 21 75 2 98 29 48 91 66 91 97 97 87 20 57 55 14 43 25 31 78 10 73 65 5 35 22 76 83 35 91 76 96 36 61 95 13 89 3 25 73 62 22 9 19 43 22 49 70 93 33 41 92 79 8 70 44 39 26 7 28 97 19 43 6 39 78 46 17 30 3 28 58 87 16 13 3 30 96 91 83 31 20 25 63 26 13 22 41 85 23 53 60 75 73 70 19 47 33 
85 77 8 41 97 12 84 94 80 1 8 11 9 36 26 1 62 75 50 50 91 0 21 84 54 10 28 68 73 49 51 14 41 99 69 11 16 49 2 52 54 82 34 64 7 0 90 69 64 52 72 11 70 76 8 26 55 16 40 13 16 90 48 22 43 57 43 32 50 67 76 94 75 49 88 78 9 0 74 95 7 86 8 43 64 11 78 75 58 16 53 10 79 63 10 64 81 60 26 88 77 20 4 73 15 12 69 70 19 48 35 95 67 40 61 26 59 99 2 41 37 87 28 93 26 4 48 64 85 92 99 20 95 10 30 16 78 45 37 87 90 8 40 97 88 80 92 36 61 57 29 76 62 40 56 22 34 36 14 23 77 0 37 67 78 29 39 0 68 65 77 1 92 95 94 74 78 8 88 5 20 52 78 38 71 25 47 84 29 73 37 84 83 74 69 29 24 23 55 40 89 88 97 16 10 14 81 77 41 60 90 66 38 38 78 73 99 92 5 95 88 9 17 71 58 36 51 99 71 22 41 0 9 66 28 29 45 58 84 67 17 82 66 11 66 57 96 64 46 30 91 35 4 97 61 85 57 79 62 32 81 80 38 56 61 90 59 99 11 33 67 18 79 49 38 90 35 71 77 76 79 99 21 41 15 37 86 37 34 67 3 80 25 63 25 61 11 54 2 78 
42 71 31 80 61 76 57 21 95 58 37 84 32 91 38 16 79 21 80 87 8 0 69 55 27 64 23 78 92 52 60 15 84 54 88 53 69 48 25 43 9 86 31 40 68 6 39 52 67 56 6 35 99 78 9 30 91 58 59 51 1 17 61 84 67 52 53 76 33 53 75 97 89 9 60 44 51 75 47 9 66 7 68 62 23 8 99 72 37 79 66 33 69 53 58 28 70 55 51 32 91 47 90 14 31 65 27 5 77 71 43 72 14 91 43 27 64 67 2 78 37 41 55 23 55 63 91 40 53 37 46 24 5 57 15 86 11 84 45 78 43 34 98 53 62 6 19 67 39 31 42 7 7 13 76 65 89 25 59 18 60 26 9 25 77 49 17 69 89 44 33 96 39 40 5 94 78 76 51 61 26 84 32 43 15 19 50 80 98 81 19 49 83 8 88 21 2 53 57 80 42 42 52 2 26 37 16 97 46 11 8 37 74 9 44 34 45 67 75 67 73 48 86 18 30 14 68 79 44 74 15 30 60 33 37 52 96 72 74 61 30 37 30 31 27 64 1 57 62 89 23 6 72 10 97 68 57 67 45 8 31 52 30 28 80 23 62 46 74 34 80 43 78 71 63 60 98 3 92 79 12 96 5 85 86 55 79 7 36 40 18 63 22 94 34 36 95 2 76 29 
82 12 89 65 54 45 98 51 61 55 25 68 93 93 74 5 71 6 53 35 23 97 96 76 48 50 80 88 7 83 1 92 42 63 82 9 39 15 93 76 30 84 98 49 51 68 58 13 47 92 95 49 54 18 62 60 30 98 80 40 70 98 1 35 8 18 98 51 91 21 89 84 76 58 70 77 80 29 88 98 2 10 4 72 50 34 73 69 93 91 37 74 18 31 15 39 34 8 34 30 55 90 25 38 6 80 87 68 22 4 72 94 89 26 73 24 9 2 93 37 61 53 76 76 5 53 52 58 39 36 42 78 92 36 54 10 62 23 54 99 71 40 28 84 26 76 81 86 84 63 57 12 90 8 13 49 30 22 32 67 39 71 97 23 8 93 99 84 15 63 66 77 2 7 73 57 62 2 69 65 8 7 77 13 69 15 91 66 8 16 14 75 85 25 35 90 29 13 61 57 1 16 76 34 38 55 10 83 50 78 32 65 95 82 74 12 48 76 38 58 5 0 30 76 27 6 13 26 25 70 11 36 56 62 27 35 85 28 36 45 36 85 23 51 43 22 8 53 48 89 11 49 0 54 89 73 80 29 15 11 22 91 62 74 84 21 20 98 30 84 66 99 1 39 22 50 99 77 10 29 22 27 58 28 25 85 71 47 88 12 44 53 87 87 70 66 17 48 46 14 
13 6 50 86 26 92 60 46 23 57 89 75 84 61 78 41 56 15 99 93 67 9 33 53 7 91 26 88 23 4 54 92 18 57 80 85 22 0 66 60 26 84 93 39 52 5 0 71 21 54 34 79 94 9 2 43 20 55 67 60 66 49 48 74 81 26 89 24 0 86 51 99 70 38 9 45 41 69 43 83 96 31 79 57 79 8 94 77 41 51 36 47 46 15 27 95 19 17 85 7 70 47 60 35 62 85 1 66 63 7 80 83 73 62 79 20 31 34 45 77 38 38 14 24 91 38 8 55 98 58 79 19 43 47 20 4 94 76 74 50 65 69 79 94 61 50 18 7 26 86 80 90 59 94 92 80 66 21 38 43 67 92 28 88 23 22 88 99 38 14 36 87 61 43 27 8 14 17 87 2 5 69 51 24 68 49 35 45 61 73 18 82 59 89 27 52 54 8 7 11 86 60 38 19 58 27 72 10 5 5 50 66 74 87 29 52 81 24 14 65 74 38 7 84 16 63 77 29 72 81 46 57 7 58 41 61 36 80 51 11 23 43 17 6 71 52 15 5 59 87 43 96 95 64 54 62 71 87 90 14 85 16 1 83 87 4 8 74 35 1 60 51 2 79 97 74 34 40 61 76 12 29 3 36 18 67 99 19 33 21 13 48 93 30 19 63 31 81 80 28 
64 27 50 67 64 49 49 31 33 67 13 19 69 96 92 63 29 34 73 87 97 41 74 49 36 3 9 1 56 62 73 77 93 62 66 22 76 5 62 20 71 52 42 53 39 50 10 68 90 90 96 95 70 78 2 15 46 91 34 60 28 4 70 49 31 13 72 40 53 22 43 25 48 84 6 19 12 8 64 52 84 60 49 98 78 85 5 54 92 49 19 96 33 49 35 51 14 94 59 42 29 29 98 79 64 19 58 91 98 74 3 26 35 42 68 12 96 30 94 16 72 71 75 65 33 25 5 99 15 51 75 75 87 6 11 20 18 53 5 3 51 36 83 50 95 32 45 18 44 73 90 3 52 19 7 47 10 86 20 25 32 37 93 83 55 85 7 39 76 17 80 86 45 5 99 57 48 36 30 55 62 22 20 55 30 26 75 87 26 98 99 2 3 72 9 34 13 21 50 65 33 45 38 61 31 42 23 61 14 92 66 23 70 8 53 26 36 28 62 21 27 19 99 85 94 12 74 29 89 56 11 8 54 7 92 46 49 0 0 56 73 9 83 54 36 49 65 82 96 28 44 15 8 23 52 2 71 53 1 95 95 12 3 23 33 44 13 24 14 77 14 42 77 99 5 37 48 11 3 67 8 72 55 95 45 38 61 30 33 90 89 53 23 38 46 42 95 32 30 0 
96 29 24 70 38 10 78 59 38 19 60 35 31 2 84 20 30 82 6 55 75 56 31 53 81 34 66 78 68 18 27 45 78 66 63 64 5 94 3 1 90 17 63 52 88 67 78 3 3 22 76 12 95 23 43 74 62 84 98 50 45 52 47 55 60 82 39 28 56 38 79 37 69 64 53 65 73 19 43 59 56 45 63 74 88 95 96 21 36 27 16 27 80 20 22 58 54 26 30 79 0 35 19 73 89 78 73 95 77 45 71 24 93 60 2 31 82 84 22 96 60 57 5 19 66 79 78 39 25 30 95 76 18 77 38 5 79 61 44 9 52 3 83 2 2 63 34 14 69 65 75 94 7 16 84 52 24 53 93 49 19 18 60 59 48 64 30 59 88 66 57 87 90 19 55 22 56 66 42 4 73 91 32 71 27 5 17 58 73 6 7 29 97 30 62 45 36 28 55 93 6 37 49 85 43 58 54 75 5 68 83 19 22 78 96 16 58 7 78 51 68 1 49 85 36 25 76 61 21 72 58 87 47 65 92 72 64 88 5 77 50 94 21 98 37 18 60 40 51 28 9 89 63 76 38 83 62 85 55 47 7 38 47 19 2 36 1 63 3 77 55 13 44 49 91 82 40 99 7 83 37 58 62 7 5 33 19 19 16 76 90 88 33 36 81 95 10 48 65 47 
13 33 77 22 17 91 41 29 52 17 11 17 34 42 98 86 14 49 92 79 23 50 78 78 5 43 81 14 65 22 15 62 43 31 66 8 87 68 88 42 62 3 68 7 41 44 49 17 69 68 80 17 90 49 26 28 58 10 22 41 70 66 20 54 7 84 43 36 48 14 60 33 20 26 71 44 38 80 54 4 56 69 68 77 68 32 15 19 28 91 73 31 49 72 23 51 87 8 52 65 50 79 88 27 11 22 96 85 85 54 29 63 18 74 59 65 67 10 97 17 15 40 57 68 38 55 45 55 29 23 28 83 52 73 49 27 20 67 46 41 98 89 64 19 4 65 18 19 70 16 99 65 19 50 92 64 57 81 10 16 79 17 95 39 66 18 55 45 62 68 82 92 33 94 52 11 56 3 32 66 45 38 26 47 4 49 79 64 74 68 17 62 47 49 3 44 52 26 97 10 52 75 23 42 70 1 32 20 87 12 14 99 12 12 17 96 39 69 52 35 5 25 6 27 43 12 25 70 17 99 3 88 4 70 42 92 33 58 78 9 37 23 96 69 2 97 57 87 82 46 95 74 87 43 59 65 78 74 60 49 56 52 42 66 65 6 7 37 63 1 10 14 51 38 5 92 34 39 1 9 98 83 55 39 98 68 61 3 24 67 26 78 6 24 94 33 47 39 5 98 
82 85 85 87 67 23 26 76 69 0 82 24 48 21 65 53 3 98 43 46 89 31 3 12 56 8 74 63 58 96 52 93 63 52 35 57 58 51 30 26 88 1 71 14 26 72 16 61 51 87 75 13 45 5 28 72 46 12 43 3 10 39 50 36 27 32 67 95 33 34 82 73 87 78 45 99 90 84 61 9 68 5 97 64 64 35 25 32 60 36 32 50 11 34 28 67 44 38 62 21 59 48 5 78 78 22 60 45 66 73 72 0 0 76 94 75 50 99 45 70 70 63 14 43 37 82 73 20 0 6 71 32 7 76 44 95 90 11 7 30 44 26 80 34 73 14 26 63 39 82 28 22 61 30 37 30 92 23 58 93 62 23 59 66 79 72 67 6 61 7 87 46 47 1 38 3 97 82 88 59 31 3 76 82 63 62 20 7 17 65 86 77 81 30 25 78 78 54 37 59 85 27 75 91 63 56 93 0 31 63 20 71 95 20 7 12 30 1 27 51 14 51 79 93 23 56 46 97 68 15 34 88 36 43 20 79 11 88 45 41 79 30 4 84 97 59 69 96 24 75 91 9 88 31 85 88 3 47 6 65 16 83 71 99 72 43 78 1 81 97 92 36 65 39 90 65 35 81 31 16 95 38 92 13 76 55 78 70 49 3 28 37 20 21 44 84 27 70 76 26 
56 86 48 59 29 33 74 54 7 54 88 50 70 56 9 72 44 12 51 12 77 46 77 10 44 99 9 1 27 53 54 32 20 92 21 13 54 10 57 40 75 14 26 34 29 19 3 37 62 89 26 44 47 14 24 27 50 51 80 36 71 9 57 82 58 60 44 59 15 20 14 54 69 65 50 66 31 37 38 4 24 84 79 97 3 1 82 76 67 54 60 68 47 72 1 41 16 0 5 55 93 64 30 72 83 82 62 76 22 70 85 86 0 91 78 20 5 53 70 89 87 16 79 38 87 98 13 59 11 60 51 56 89 34 25 19 44 79 18 83 61 68 56 34 53 80 81 35 61 3 49 11 38 84 85 49 43 29 94 95 87 94 51 39 55 38 66 58 44 34 97 8 52 34 72 12 43 49 71 17 63 2 86 97 45 8 91 33 79 27 47 21 93 20 68 82 87 4 22 69 6 68 40 25 23 19 61 32 2 74 54 6 16 92 90 15 30 42 29 46 11 5 57 86 71 0 19 88 2 83 72 41 24 32 39 77 42 68 90 15 54 33 95 71 10 95 77 42 18 39 22 13 35 99 76 49 99 92 79 21 62 8 69 40 49 88 81 97 2 73 68 28 95 0 45 7 15 92 2 69 98 27 51 45 63 97 35 82 19 92 49 42 45 35 73 13 73 94 42 47 
1 50 10 48 49 29 16 70 85 47 62 64 57 2 88 23 91 39 35 70 73 38 84 38 13 40 51 17 49 47 24 54 28 98 73 30 40 70 14 81 90 44 28 72 14 95 96 81 96 52 87 40 67 97 1 93 76 51 43 54 95 15 80 66 52 6 21 74 92 44 61 19 44 22 77 52 55 8 59 21 36 50 8 64 43 44 36 84 93 79 98 71 96 34 97 68 55 79 57 28 93 42 9 92 85 71 97 4 99 79 90 71 21 99 89 63 4 88 16 50 39 30 72 24 4 43 44 31 71 79 93 13 0 30 31 69 28 37 10 45 94 49 89 85 73 20 63 64 54 77 98 91 4 54 60 86 68 88 52 95 46 82 82 32 63 34 59 17 69 49 19 65 56 29 79 49 66 84 1 7 29 59 21 35 27 60 35 68 2 79 39 89 14 26 16 65 4 91 80 92 24 91 30 3 69 37 77 75 55 21 84 44 33 85 22 75 64 7 73 98 88 33 17 8 85 93 30 69 5 37 42 50 21 98 24 36 77 51 54 1 11 73 32 8 98 81 57 58 51 77 57 13 72 34 55 4 57 25 97 47 52 16 15 40 72 32 24 62 60 65 43 65 20 9 40 38 24 37 41 1 8 68 47 60 68 73 77 62 73 80 65 79 59 68 56 73 37 63 91 16 
30 97 95 30 85 45 77 23 11 82 14 43 3 33 76 35 51 8 98 24 93 34 57 58 44 8 20 86 28 92 28 82 63 75 23 85 22 89 82 25 55 15 5 20 88 80 84 43 32 33 27 97 25 57 33 55 18 85 81 46 33 99 12 53 71 65 63 85 99 64 8 22 89 70 70 96 28 1 86 31 53 13 59 46 61 32 66 50 29 87 35 81 96 87 63 68 27 98 70 10 64 16 78 34 7 85 16 32 73 8 35 63 57 84 83 1 41 30 32 71 52 70 43 79 74 46 36 12 5 77 65 68 49 43 21 60 2 2 48 11 52 64 58 43 48 50 11 17 53 8 82 23 69 26 49 29 69 50 31 11 47 75 87 32 34 62 44 44 3 99 90 17 14 58 28 24 34 18 10 78 69 46 9 21 55 18 24 38 39 96 21 7 55 0 65 65 47 77 92 74 68 21 25 59 85 94 52 1 51 65 8 33 78 40 44 62 51 11 97 50 18 64 86 52 3 0 90 96 69 47 85 18 23 87 25 76 79 96 83 47 39 71 22 21 78 41 60 49 31 73 19 66 60 22 81 72 57 54 39 43 90 50 14 53 59 51 23 0 54 76 9 13 98 56 60 79 58 86 73 66 36 12 35 49 31 26 99 45 23 83 15 60 55 80 16 71 95 35 75 60 
20 65 97 31 65 36 85 33 51 0 34 9 38 68 8 91 17 15 44 54 68 8 47 55 89 22 30 2 57 0 88 75 36 80 52 41 6 71 22 13 71 57 39 51 9 52 99 44 49 18 23 64 24 19 51 34 98 12 5 96 64 42 3 65 74 93 53 64 54 52 47 71 52 21 25 79 18 46 88 25 43 15 20 18 91 44 2 67 72 42 65 8 68 61 43 75 89 60 89 31 42 8 99 21 72 10 68 53 99 0 46 10 27 6 60 0 1 17 97 14 50 51 5 75 89 24 61 43 23 25 51 82 32 39 38 73 65 26 83 18 58 3 1 33 17 47 39 78 82 68 95 65 19 5 29 44 11 41 64 40 27 52 76 74 22 49 49 30 6 91 63 57 57 11 11 28 5 41 64 93 98 39 41 74 49 18 82 71 50 50 49 59 37 56 72 70 74 74 8 61 23 47 4 34 66 51 81 22 3 49 80 68 45 32 39 84 59 59 48 60 22 32 8 94 74 74 22 82 82 89 46 57 28 22 13 26 16 89 50 71 71 19 38 0 15 59 16 40 49 83 54 28 8 67 52 64 36 30 83 99 73 75 20 42 76 34 2 20 35 55 40 24 49 15 35 35 68 34 92 77 71 68 33 66 54 42 86 81 40 32 18 83 7 12 77 65 46 82 24 80 
54 86 99 60 97 57 71 28 97 39 76 91 21 4 24 78 5 43 69 22 18 75 32 85 72 52 90 36 59 89 7 50 35 58 4 84 88 16 85 44 92 96 0 74 15 76 76 81 42 96 54 22 87 77 4 90 27 83 51 65 20 96 18 19 5 42 83 30 8 54 29 65 75 59 23 51 17 52 9 34 71 94 16 49 5 4 19 0 62 60 15 52 17 63 66 18 92 56 55 96 99 45 25 78 68 53 58 65 40 84 86 9 6 37 88 28 22 45 4 26 65 81 90 92 22 6 66 60 52 78 69 38 43 90 34 19 61 41 8 96 42 48 44 91 17 88 94 46 64 76 92 29 54 40 77 77 87 24 43 32 45 29 56 6 78 40 31 32 36 89 6 49 4 3 90 7 82 21 81 87 9 24 27 39 50 38 0 91 13 38 25 70 60 97 45 82 22 1 58 46 51 31 36 23 51 31 44 29 72 6 53 96 79 71 20 6 37 79 74 83 50 89 19 50 19 74 51 42 9 27 67 93 53 40 9 79 89 30 64 10 90 24 40 76 20 83 28 22 67 2 72 60 32 3 33 65 75 19 51 88 54 99 51 87 26 24 57 71 12 89 48 45 10 51 27 63 55 49 82 54 57 16 90 58 73 92 88 82 53 33 73 50 89 13 9 54 54 27 42 53 
90 79 68 74 99 71 25 18 20 9 83 18 53 70 78 46 39 26 12 81 99 17 40 55 26 53 51 65 17 29 41 36 13 94 37 17 61 3 99 32 7 23 78 6 5 78 19 79 73 19 68 19 71 73 96 92 96 55 22 1 95 81 65 61 52 12 11 71 96 37 76 21 84 70 16 23 23 24 43 45 6 49 33 67 47 9 15 40 46 42 45 21 68 72 39 27 26 34 49 43 4 31 70 33 71 20 25 16 89 34 11 96 48 70 55 37 13 3 55 79 33 91 81 97 80 90 22 66 37 12 19 54 18 14 53 9 36 55 68 13 78 62 38 41 94 30 21 58 16 1 0 45 34 66 69 77 43 31 56 3 4 82 99 3 32 50 23 52 99 84 53 18 1 74 97 51 16 95 27 29 35 20 59 39 9 83 51 90 65 91 9 57 91 39 3 30 47 42 65 91 56 30 61 16 36 0 19 95 42 16 78 2 20 80 63 24 98 42 43 7 23 1 75 8 50 93 55 23 23 28 58 52 60 43 48 34 54 73 25 0 76 64 18 70 14 37 5 20 58 34 6 44 55 99 35 0 9 42 20 51 89 14 35 57 5 53 74 45 63 32 94 90 42 96 62 35 61 83 29 12 59 1 72 34 71 91 31 2 52 71 69 21 71 13 91 86 4 78 73 32 
3 19 95 81 45 92 39 84 5 49 6 15 58 37 12 12 5 18 95 13 72 52 15 89 31 5 8 81 22 24 92 91 78 8 20 54 71 48 44 74 86 33 65 33 92 59 7 30 99 59 47 93 47 72 10 56 56 74 90 16 70 47 13 62 92 84 20 16 21 47 54 47 80 69 57 3 44 99 44 21 19 0 66 99 38 13 81 33 73 7 38 23 71 61 93 66 81 27 68 4 16 62 12 86 27 30 27 88 17 80 52 56 3 87 20 10 22 69 61 76 36 93 40 60 39 97 31 98 14 93 31 12 22 82 44 19 0 91 6 12 61 43 98 87 86 45 6 75 89 57 93 85 36 92 39 53 61 38 99 99 57 1 30 34 88 17 7 87 33 98 19 64 75 49 27 15 0 98 40 96 81 81 58 9 25 36 72 85 80 21 11 55 75 17 44 57 79 63 39 9 67 97 14 23 7 44 55 10 77 42 97 75 20 65 12 71 23 89 98 1 18 38 52 32 5 31 10 94 78 70 16 45 3 73 62 65 20 28 37 31 49 73 74 75 12 48 18 72 82 55 70 40 46 65 85 38 5 12 24 56 44 8 53 40 75 14 28 94 96 23 5 71 80 90 62 53 76 64 12 59 86 37 28 70 52 65 44 27 9 96 1 47 59 99 43 45 17 44 95 11 
94 35 33 44 66 34 74 60 84 27 7 24 19 80 35 23 40 23 69 65 43 86 18 0 50 85 18 56 64 54 76 7 27 58 31 1 67 9 81 8 19 38 55 3 29 28 83 88 58 7 13 28 5 60 74 42 25 94 80 18 43 46 38 39 85 70 19 78 79 27 76 74 51 52 79 45 96 97 17 84 11 73 64 38 18 28 58 93 12 44 44 50 88 82 6 90 45 4 58 16 26 68 47 60 95 47 16 9 36 38 41 28 13 65 85 29 42 39 17 73 83 2 64 16 94 35 95 4 31 79 15 6 69 47 33 97 51 81 69 0 94 73 82 90 61 11 49 12 69 77 92 91 62 87 65 29 57 9 78 53 83 1 99 81 30 86 3 10 99 39 87 32 12 24 93 12 7 26 67 76 55 30 74 22 89 44 50 39 37 48 87 74 90 96 58 19 67 71 80 53 72 53 26 67 4 88 49 58 44 47 92 88 56 89 84 67 52 65 60 85 94 63 41 94 54 41 83 10 98 63 45 41 12 79 13 77 76 29 15 19 86 94 84 60 28 48 98 89 87 66 78 40 20 39 53 37 33 36 35 21 49 89 69 86 48 89 52 44 38 79 83 51 27 75 42 84 23 5 83 44 47 78 93 94 39 92 90 56 57 97 53 1 70 51 49 25 93 46 53 30 
97 9 32 70 78 54 42 61 61 25 64 84 34 58 68 82 7 78 13 30 16 31 82 73 15 15 36 89 37 28 65 74 92 60 67 20 62 42 97 38 26 11 88 58 98 79 77 16 49 57 37 35 73 28 73 5 35 54 75 42 89 37 83 97 61 41 51 74 89 77 99 40 38 73 28 73 37 99 61 85 15 20 3 40 80 30 19 78 78 76 66 73 6 58 1 90 75 65 36 32 50 9 75 1 78 17 79 33 37 98 42 24 62 69 11 75 64 38 20 19 28 57 68 65 63 30 95 65 38 15 32 88 17 15 30 71 28 24 62 3 56 46 12 81 43 70 48 3 11 0 83 28 33 81 62 30 11 83 42 71 50 78 73 68 78 86 8 10 2 78 21 41 12 57 70 13 40 60 27 41 80 19 57 89 73 95 55 9 24 59 66 38 47 41 83 55 69 4 92 52 46 95 91 38 32 9 25 55 71 47 83 7 51 21 61 95 28 56 76 37 89 59 58 44 61 65 11 62 46 35 42 83 74 99 96 7 60 24 24 23 86 74 45 76 84 80 60 17 74 20 81 10 38 35 22 41 24 10 97 63 73 64 91 94 29 81 54 26 88 14 24 42 99 22 96 89 24 93 21 4 91 47 45 53 59 59 32 92 0 76 36 29 38 67 47 90 86 70 2 66 
27 13 85 47 25 8 13 76 25 44 25 82 87 1 4 52 15 22 5 9 22 63 81 89 5 0 21 22 91 99 39 64 99 4 46 22 76 18 59 67 64 33 20 93 71 13 51 22 25 70 0 76 16 10 11 37 58 11 2 18 83 65 87 11 48 26 16 60 64 41 91 86 65 83 97 85 49 88 70 4 86 1 11 62 43 58 27 24 94 31 53 83 2 11 22 31 60 72 14 0 33 36 25 47 65 3 56 21 63 98 0 4 43 32 78 10 0 19 88 66 91 77 75 67 88 8 81 44 72 50 65 22 59 33 96 32 86 89 38 73 83 19 6 17 60 67 14 8 10 5 11 8 47 25 79 1 45 99 92 27 40 92 0 22 18 98 33 49 98 21 55 93 47 63 43 7 81 97 3 89 64 68 35 85 72 95 82 58 77 1 2 55 32 49 60 73 18 32 87 64 19 3 26 9 25 78 56 27 35 68 40 0 88 27 25 65 92 3 8 56 20 62 88 64 33 59 92 58 31 75 35 43 19 87 48 98 19 51 49 60 28 74 58 61 37 8 1 41 18 76 88 26 11 70 45 51 45 44 17 73 97 35 45 42 13 48 57 12 32 67 13 50 54 0 32 9 98 1 10 4 73 67 95 76 80 80 66 7 82 81 63 91 21 55 39 15 1 47 60 13 
28 22 68 38 87 50 11 54 61 71 53 2 99 12 8 91 96 86 26 20 42 33 33 31 5 84 32 44 62 64 41 11 7 40 56 23 49 12 51 23 77 17 57 47 83 71 16 70 24 18 66 3 75 18 68 22 18 74 30 36 30 35 57 25 1 52 6 1 78 29 15 81 66 41 75 16 65 52 10 21 94 73 78 35 76 2 87 38 97 77 62 32 84 44 8 56 6 96 77 29 96 99 71 46 44 49 11 72 65 19 27 1 36 23 13 84 56 11 79 1 41 53 79 95 84 66 29 42 86 38 15 26 74 68 0 73 95 18 0 16 87 87 75 5 13 71 79 83 77 19 43 38 81 62 62 85 74 26 1 10 1 55 88 72 60 73 54 34 35 24 94 3 47 29 37 77 16 27 77 95 82 55 52 94 51 31 42 90 82 72 43 21 79 55 93 40 26 37 56 42 45 51 10 85 81 65 1 74 43 69 63 72 63 34 18 56 46 97 80 63 49 36 16 89 12 54 81 0 52 34 7 24 3 51 84 78 38 71 69 95 85 78 85 34 28 58 92 20 98 28 24 47 65 70 88 1 61 31 30 51 38 58 14 85 90 75 75 23 84 10 6 84 30 6 45 90 1 81 71 99 66 64 45 14 3 13 66 25 80 7 37 50 32 26 58 39 51 84 4 23 
64 32 63 97 6 40 6 15 18 12 54 80 48 81 75 33 20 91 66 6 27 74 61 87 98 38 27 80 28 6 11 78 79 71 90 3 65 6 22 10 72 79 18 27 67 90 35 99 86 14 78 67 56 88 79 41 48 82 84 16 31 69 63 81 71 48 79 13 31 62 34 37 29 62 78 88 83 76 37 36 55 83 63 8 57 13 2 56 10 98 29 93 34 77 16 51 70 7 99 52 24 73 9 86 42 28 23 16 53 24 48 97 29 81 96 78 49 81 88 73 29 13 76 41 79 29 19 72 50 39 90 87 96 7 71 13 48 99 84 46 35 87 29 61 26 14 18 0 83 91 25 55 95 9 38 68 5 3 76 57 73 62 67 30 31 32 70 61 97 13 98 91 82 92 64 68 45 4 16 42 77 52 22 30 86 84 10 88 16 73 82 9 46 42 87 9 50 24 44 6 86 31 45 73 18 34 24 59 37 96 16 52 82 36 15 23 56 59 22 67 15 20 58 96 25 0 77 93 31 22 21 52 0 0 76 26 28 8 9 93 32 22 50 55 14 55 27 49 15 41 14 76 76 59 43 46 17 76 10 61 59 43 90 63 2 86 84 34 98 51 40 34 13 66 28 23 53 24 7 88 14 88 31 4 30 76 42 16 44 30 61 41 15 99 26 0 3 75 36 83 
14 67 65 67 72 96 27 2 47 93 94 81 60 14 97 45 13 61 78 26 9 9 83 70 77 46 66 51 33 73 73 79 58 96 51 6 57 35 37 86 8 16 53 95 39 84 35 10 26 39 32 86 64 15 67 95 91 4 34 62 71 6 74 2 48 49 27 65 28 96 90 78 80 82 3 26 86 50 17 16 31 38 44 38 14 98 15 12 36 64 13 47 9 51 32 10 63 72 76 48 61 72 86 30 75 87 89 34 85 52 85 97 61 58 77 53 73 99 96 90 88 55 76 9 55 75 7 41 18 15 7 54 49 80 35 67 38 26 47 4 36 13 52 60 80 67 84 59 42 9 28 48 54 77 86 17 1 96 2 10 27 99 88 11 98 91 56 96 39 1 68 83 23 47 13 93 17 0 44 17 69 10 63 46 44 98 0 66 87 52 62 78 1 80 38 75 97 92 7 33 87 78 37 48 74 84 62 97 66 2 90 78 87 64 64 56 97 86 94 76 69 0 38 48 16 49 5 99 87 90 53 7 91 98 25 70 5 41 39 47 21 82 81 26 6 93 68 31 21 84 71 67 83 20 55 36 84 4 94 94 22 50 1 57 21 37 33 45 44 90 21 99 72 21 2 38 92 99 83 98 52 70 23 52 85 8 44 70 13 75 33 32 4 20 64 3 15 75 12 69 
4 22 64 54 81 2 93 49 19 74 92 98 94 22 36 38 44 47 14 91 43 99 41 86 19 0 29 6 76 91 11 95 11 15 91 55 70 48 49 95 17 32 55 49 84 93 83 61 78 43 76 14 83 48 27 83 37 45 57 41 71 39 65 74 6 63 39 26 29 46 58 1 92 36 70 50 56 34 95 18 53 18 87 36 35 30 59 47 5 96 51 60 38 41 36 50 50 19 47 36 45 25 2 90 6 69 6 6 11 71 61 0 19 49 75 63 72 56 92 35 90 14 20 28 8 86 37 28 81 51 32 96 6 13 14 14 62 36 14 39 81 26 28 27 74 99 7 13 31 8 42 57 42 13 48 20 81 38 46 11 25 51 49 62 0 10 89 50 52 61 11 12 67 1 66 48 0 18 60 50 14 36 14 60 56 93 58 20 89 60 95 59 85 26 95 38 43 51 8 5 80 20 92 1 63 90 67 6 59 8 17 80 91 29 4 77 80 8 46 96 60 86 39 97 48 74 6 5 87 77 50 47 66 44 59 27 3 29 84 5 30 95 71 57 92 42 31 78 6 64 54 57 58 86 27 8 52 9 61 54 48 29 9 4 46 82 20 89 46 28 93 78 41 49 17 13 87 37 40 86 14 55 91 58 79 69 27 8 48 68 45 54 10 53 77 5 72 7 92 63 
19 57 25 84 0 3 96 22 71 44 30 26 28 27 80 64 15 43 66 69 4 38 49 87 85 29 68 65 80 36 31 5 84 98 5 79 34 36 20 38 75 65 62 12 93 45 79 85 27 55 32 96 4 29 42 79 54 11 47 33 50 16 0 80 0 97 12 47 17 18 76 92 97 66 52 58 31 28 56 11 5 23 66 20 80 35 27 34 63 85 81 51 51 74 72 36 91 7 51 33 41 71 57 29 32 87 3 68 47 18 52 10 6 65 36 98 12 6 89 35 89 77 51 89 93 93 58 91 13 47 50 44 8 68 30 36 72 74 47 77 34 37 19 24 23 70 29 85 64 40 80 42 77 81 36 79 42 42 11 15 90 11 28 81 75 5 40 13 45 37 6 81 26 30 8 47 42 66 30 97 49 25 63 27 69 26 98 79 76 9 91 87 42 89 29 38 46 62 66 36 43 26 21 4 45 65 88 11 85 13 74 42 29 39 74 38 39 47 29 47 57 34 97 64 57 14 18 41 5 6 33 30 22 59 67 31 57 58 58 62 71 10 26 61 45 72 23 8 62 82 78 31 59 81 37 48 87 86 55 10 89 59 4 62 74 25 97 8 52 80 99 58 19 27 70 17 94 6 95 73 9 37 81 73 12 29 60 85 84 9 87 23 80 59 84 9 88 47 98 78 
24 57 62 3 47 34 85 74 46 39 13 51 54 21 1 15 55 48 22 67 33 54 19 90 12 67 85 61 50 23 44 10 95 31 40 75 6 72 35 21 63 28 11 40 32 82 91 56 11 88 18 96 16 99 15 47 99 30 90 88 81 83 31 2 92 35 1 68 44 21 50 41 47 8 25 11 15 68 26 25 54 26 53 55 14 90 94 92 39 14 28 70 34 60 16 81 63 17 16 17 9 60 39 78 56 77 72 85 3 98 7 45 39 21 70 1 76 76 0 19 79 37 98 29 59 94 11 0 72 48 34 39 81 74 81 9 61 77 36 25 64 30 94 68 2 55 22 39 81 9 34 48 78 41 41 3 42 57 19 74 63 86 10 24 40 84 2 1 45 41 80 39 98 54 66 6 63 26 33 18 40 44 24 61 18 16 72 40 98 93 33 47 64 5 41 15 30 80 90 82 14 57 4 47 5 99 95 68 90 87 2 66 67 75 49 4 22 75 12 30 6 49 72 91 83 2 94 89 63 55 90 80 51 61 54 14 82 65 14 89 36 10 38 85 69 96 18 80 2 49 25 11 84 42 77 7 80 61 82 76 48 4 38 12 88 12 75 83 23 51 75 66 31 91 84 93 89 4 94 90 78 92 46 66 75 92 16 22 64 18 88 15 59 97 25 93 9 24 26 74 
61 31 21 25 92 6 33 85 69 67 98 96 94 6 88 88 59 55 8 25 21 60 37 22 37 68 67 0 10 91 5 20 89 11 89 20 84 54 76 34 16 25 42 89 38 16 66 80 48 91 1 34 92 96 61 26 23 58 6 68 7 34 16 64 65 68 70 67 17 88 18 23 2 49 61 18 47 2 41 26 82 59 1 95 98 22 67 34 87 7 39 29 61 89 72 62 19 18 81 73 56 12 34 48 99 20 15 29 75 60 76 86 5 96 1 84 9 86 68 30 35 95 21 11 50 79 93 15 73 44 62 77 46 18 77 49 43 83 89 65 91 73 48 69 57 2 88 31 11 24 83 11 70 5 98 3 67 86 70 66 53 0 76 46 46 86 35 47 71 87 55 26 16 47 0 22 78 49 4 38 71 88 77 84 59 86 6 20 57 68 72 39 46 8 12 73 63 43 7 1 17 55 12 77 12 4 21 42 8 45 81 28 72 21 50 1 72 31 70 38 42 78 6 35 75 97 81 48 59 10 34 24 82 42 17 77 32 21 75 35 52 2 12 54 48 16 77 58 8 94 78 34 32 20 21 33 94 27 87 23 5 23 59 98 99 39 81 78 73 93 61 87 12 67 76 63 14 21 74 68 67 3 1 71 81 14 40 57 22 34 56 72 25 6 71 57 34 79 41 29 
18 6 56 62 90 25 15 99 66 36 34 14 45 92 40 81 63 39 60 43 11 85 38 5 23 35 65 9 16 26 25 5 26 94 11 30 88 64 54 99 16 49 21 29 74 59 50 53 97 57 85 4 13 54 9 57 19 10 6 40 10 84 84 78 47 15 51 49 8 8 15 61 28 31 6 88 50 10 12 38 87 50 90 31 76 47 98 57 17 10 6 52 11 89 59 49 72 7 71 15 80 16 42 48 78 11 2 47 1 83 29 84 84 87 96 29 85 13 65 27 69 40 80 53 78 84 85 40 77 3 12 34 70 86 3 45 58 33 28 38 19 54 62 31 90 55 94 45 50 64 53 57 7 56 16 97 73 82 83 46 90 50 54 96 9 84 20 70 12 97 77 6 1 41 63 16 88 32 85 39 88 87 99 59 83 34 48 86 23 63 0 80 51 50 48 32 61 47 80 2 29 23 85 38 1 91 75 70 10 44 8 47 43 36 66 8 62 69 77 31 16 79 9 20 16 89 23 19 18 15 85 13 83 82 59 2 44 23 99 86 4 9 12 86 28 1 71 8 58 11 86 53 44 18 69 9 57 12 78 44 76 63 68 4 63 68 15 43 23 26 22 83 3 57 17 83 85 79 89 91 0 62 57 55 95 4 69 11 98 11 58 75 95 37 16 38 6 91 42 52 
88 60 61 9 81 44 18 42 24 98 21 50 1 75 50 81 25 96 85 91 39 34 10 20 99 19 5 71 98 16 72 61 65 89 87 76 35 80 19 16 20 25 22 40 55 94 34 55 54 27 80 40 37 80 23 72 80 30 41 56 77 62 72 19 37 8 61 89 9 55 98 64 44 34 41 9 40 78 49 46 2 29 83 43 22 7 96 62 94 22 14 40 94 67 91 17 91 54 39 79 96 19 68 26 6 27 82 70 47 77 78 1 85 6 73 14 48 85 66 3 97 23 8 63 12 53 45 87 45 0 28 42 38 70 60 54 9 17 8 25 51 25 73 44 24 65 55 27 13 75 45 86 46 24 64 30 85 1 61 14 82 83 96 67 57 29 99 9 25 84 36 13 10 7 68 12 65 48 60 54 99 88 84 11 23 26 46 4 8 39 3 21 18 86 36 5 28 35 96 34 54 8 45 91 95 99 65 52 26 1 41 57 36 62 44 58 49 98 9 13 97 19 48 44 33 56 96 0 70 82 29 46 68 45 68 53 62 61 72 56 85 41 42 98 38 79 24 52 77 74 65 41 80 77 44 99 75 40 15 61 25 48 18 76 99 14 29 14 15 72 78 97 24 20 98 64 68 13 65 96 90 94 20 41 1 36 10 47 24 27 90 55 8 66 93 32 15 76 11 23 
6 34 6 54 21 25 66 4 34 22 82 38 35 40 31 20 56 73 43 91 24 9 9 46 91 88 19 66 80 59 18 19 71 65 89 23 54 18 97 29 64 87 64 34 30 54 53 19 21 85 14 80 19 46 15 90 89 54 7 79 26 95 47 38 94 38 35 41 66 57 64 43 33 3 7 25 54 89 24 68 20 85 32 8 86 66 76 76 4 19 6 78 49 51 86 44 8 45 23 59 32 43 62 83 99 24 46 91 86 29 44 66 62 12 81 81 31 36 53 51 52 33 75 52 46 1 46 98 27 33 42 37 94 76 16 39 70 88 94 90 72 66 2 66 69 21 20 51 63 94 62 24 95 90 8 31 11 51 60 51 16 99 19 48 59 59 1 37 68 20 34 64 23 92 14 86 46 87 14 44 23 10 10 30 82 75 45 29 70 78 56 19 56 64 91 10 99 70 54 29 62 64 91 92 83 2 83 73 82 71 70 34 13 61 94 37 41 28 99 66 49 98 81 79 41 98 70 18 86 83 35 26 8 16 64 39 24 30 70 67 47 21 32 73 75 58 69 69 84 4 22 40 42 59 43 34 17 94 35 13 56 47 27 36 6 95 94 39 59 42 26 37 59 41 26 55 8 19 16 51 72 81 73 33 36 84 7 52 10 27 46 13 14 78 39 27 45 39 28 14 
22 11 96 78 21 50 42 90 15 94 35 30 79 89 21 32 22 94 61 26 62 99 36 49 26 96 66 32 55 2 19 24 22 12 79 50 80 90 16 98 66 4 21 50 99 13 73 74 22 17 48 79 32 24 9 61 25 25 1 74 22 29 63 44 95 59 32 5 38 87 93 5 60 9 59 20 38 21 78 2 23 49 73 27 60 7 12 70 48 24 19 73 8 83 95 22 14 62 3 60 42 90 21 57 29 37 88 39 86 37 91 8 45 90 27 82 34 40 98 39 57 22 61 78 95 14 92 58 45 10 99 54 24 98 91 73 5 84 8 35 13 36 77 61 72 76 63 53 93 99 95 44 50 19 19 32 46 92 69 25 58 87 12 28 28 33 99 18 16 17 9 33 9 16 72 7 56 78 88 39 59 47 70 74 57 51 76 71 40 71 19 10 19 85 0 45 82 34 87 34 94 41 37 15 77 91 19 72 13 5 67 37 0 33 99 60 40 22 44 63 3 61 5 9 62 64 36 33 66 60 32 44 67 96 96 0 33 30 7 60 59 37 56 6 34 30 99 78 93 7 53 1 14 91 0 30 50 55 23 80 4 24 53 13 27 26 47 57 81 88 23 50 74 22 66 62 30 56 26 85 78 87 28 40 97 76 84 30 14 23 87 3 72 94 12 51 3 79 10 92 
69 43 72 70 7 12 38 89 36 91 11 12 18 42 48 97 92 18 8 41 52 40 40 13 94 85 9 81 49 34 24 36 97 53 57 56 0 26 63 28 52 29 91 71 73 56 19 51 91 3 69 1 91 78 59 83 43 75 85 35 26 81 25 46 13 36 27 25 35 57 26 82 27 84 45 18 31 85 1 42 66 8 98 4 59 13 40 47 41 18 24 62 91 74 71 76 13 58 38 4 86 33 38 83 19 61 58 22 16 84 47 2 6 61 40 45 48 56 2 35 94 27 13 81 62 6 39 45 9 71 49 97 63 18 64 92 46 80 25 94 16 83 1 64 77 42 42 73 50 24 58 71 20 2 85 96 97 72 72 58 97 53 32 57 8 44 60 28 66 17 79 91 83 44 62 83 36 50 61 38 25 37 75 73 89 59 75 52 15 6 28 89 54 30 64 75 95 50 9 75 57 32 60 48 73 68 55 12 84 75 60 47 94 15 82 87 51 37 28 40 99 74 63 5 38 48 61 27 95 41 79 10 10 72 51 45 2 58 27 65 35 55 12 73 79 50 26 57 8 94 31 64 3 81 18 98 27 41 15 62 15 30 68 40 68 75 41 74 55 56 19 16 58 19 61 10 69 37 16 49 75 40 41 68 10 71 97 61 7 30 56 10 57 26 61 65 53 91 57 72 
46 68 58 37 34 10 26 25 85 74 84 97 16 72 26 13 36 20 55 41 88 18 27 46 60 80 69 46 40 29 40 18 61 75 33 58 94 98 32 30 77 95 17 60 47 74 93 2 93 76 9 86 25 3 38 87 24 47 57 74 81 48 97 40 10 93 20 5 17 65 46 18 99 5 96 59 28 49 91 84 65 90 98 69 85 59 77 99 17 46 20 65 16 30 49 7 75 42 54 33 65 89 45 56 65 44 88 9 39 23 71 18 28 15 19 56 26 23 6 21 39 70 68 35 29 73 20 2 66 10 59 91 17 24 72 28 61 55 22 86 40 2 34 8 62 75 91 14 47 11 58 41 54 83 77 89 56 98 9 17 65 88 20 90 97 51 88 91 65 88 49 62 75 19 79 70 11 30 27 32 0 95 11 24 63 81 77 66 81 45 57 93 11 74 9 2 49 1 85 47 27 21 10 6 0 54 51 65 84 12 63 64 17 2 81 45 60 68 85 26 4 38 11 44 48 62 58 59 97 28 34 15 26 79 4 77 59 43 69 32 23 84 22 57 82 42 24 93 74 11 16 66 74 57 92 1 83 88 17 58 81 34 80 52 74 82 56 31 41 77 22 55 2 51 89 20 59 13 3 66 34 23 35 69 53 1 95 65 58 58 37 54 89 44 6 32 47 89 10 89 
16 29 78 95 59 54 3 23 28 68 58 74 66 44 69 84 91 87 57 58 44 79 16 0 61 70 37 2 89 98 73 26 74 95 8 59 36 30 97 32 85 75 2 73 64 58 68 89 14 23 85 75 13 94 15 75 49 76 40 91 76 39 70 50 17 91 93 31 67 30 58 75 75 61 19 29 18 81 4 54 68 65 0 21 2 84 85 51 58 45 88 69 80 17 88 66 99 85 20 8 58 1 31 71 24 68 36 88 86 32 10 79 79 93 58 50 81 65 98 64 2 83 28 59 77 68 4 1 86 97 18 97 76 26 88 72 41 94 22 74 91 37 38 90 57 34 22 56 83 93 56 47 19 12 13 50 72 0 17 47 96 34 86 18 56 30 20 86 87 88 16 17 21 54 35 45 25 77 1 51 76 55 76 23 55 9 7 52 35 60 84 25 28 25 37 68 32 69 11 22 32 54 35 35 28 12 70 27 58 90 38 86 29 13 77 12 44 69 9 16 3 61 21 50 30 18 87 22 3 71 38 79 70 16 34 47 67 46 70 81 46 97 90 57 36 61 57 63 32 10 32 6 13 56 99 62 98 45 91 32 33 68 65 53 4 81 78 26 24 90 84 46 60 10 48 76 99 0 80 19 17 34 23 95 31 62 47 33 80 94 14 98 86 59 15 68 53 15 35 82 
82 18 56 26 52 57 49 28 44 30 95 16 10 99 75 70 27 6 84 96 36 4 63 97 58 49 1 9 55 64 84 78 26 71 81 81 94 89 1 80 69 26 14 22 71 11 19 95 32 15 55 10 78 68 15 48 77 78 95 56 97 65 10 79 34 61 51 4 70 7 19 8 33 94 32 30 12 67 60 79 9 84 95 32 66 34 57 20 72 58 56 15 11 5 4 35 91 4 43 14 49 71 27 0 63 48 42 95 88 14 10 9 92 82 61 45 40 66 50 19 65 33 36 92 81 62 67 73 41 52 97 24 77 21 22 57 21 1 23 34 45 90 24 49 8 77 68 25 24 84 94 71 17 54 12 82 39 62 6 29 33 24 72 44 55 52 44 91 94 5 80 26 3 13 95 43 53 77 25 12 95 59 32 76 53 6 84 46 1 55 2 20 41 45 53 44 32 14 37 88 42 48 9 11 36 92 90 48 55 90 28 75 3 53 76 44 95 13 75 70 95 7 43 73 79 79 83 88 2 9 51 86 85 53 93 21 97 91 18 27 6 27 96 9 89 8 87 33 65 35 66 36 1 6 56 24 53 86 27 70 79 26 17 28 79 49 76 89 58 54 62 25 66 74 42 6 74 57 25 79 49 32 28 88 16 94 13 94 73 70 77 12 89 5 65 38 12 32 28 70 
3 48 11 33 91 81 33 15 57 83 29 24 69 72 26 97 46 29 23 42 45 98 12 62 10 41 4 53 68 70 2 16 37 31 96 83 73 69 98 19 25 60 76 30 44 86 76 63 21 61 70 40 43 80 5 98 68 16 49 84 0 99 16 76 6 5 22 87 32 97 52 58 44 10 86 96 89 15 57 46 79 88 45 9 38 90 83 26 5 64 56 92 26 59 42 25 80 99 33 70 57 27 36 68 97 46 50 39 58 35 70 3 14 63 81 8 34 9 98 14 76 38 55 43 59 93 8 31 37 60 80 31 2 57 14 82 48 96 68 14 98 22 38 85 96 61 50 13 67 52 64 88 21 14 47 55 52 46 1 27 11 86 92 86 85 88 9 92 44 80 49 61 57 23 78 4 83 40 31 76 73 73 11 6 96 16 47 52 15 2 33 72 81 31 32 92 24 24 66 84 83 66 73 61 15 24 29 32 78 46 44 94 20 26 63 87 37 59 69 36 98 13 37 54 6 69 45 84 5 5 88 76 8 77 27 4 84 43 20 6 32 12 86 74 72 73 5 44 96 77 73 93 11 67 73 22 68 22 10 78 74 74 4 75 48 59 76 32 44 41 38 90 83 58 57 5 97 40 41 15 77 56 60 15 32 23 88 87 90 71 16 31 81 81 61 89 77 38 55 93 
40 74 64 6 82 20 0 49 59 91 34 6 64 1 2 72 4 10 59 53 16 79 27 14 73 40 72 51 56 30 41 46 78 42 30 76 61 25 64 52 87 64 73 81 21 4 14 50 71 60 13 56 70 68 78 75 30 72 32 88 89 41 18 99 67 8 63 11 36 51 73 98 11 29 65 63 33 12 49 8 5 5 39 21 92 40 46 74 96 65 34 57 37 26 45 32 16 45 79 24 71 28 58 22 24 28 47 8 94 59 2 87 13 53 49 75 38 88 50 84 82 46 90 40 2 56 86 78 31 89 20 49 46 9 55 0 55 3 46 96 53 59 78 70 37 75 46 67 13 56 15 20 66 13 71 87 73 64 51 8 50 52 47 52 26 98 13 20 62 34 43 4 39 21 85 85 81 17 54 75 35 40 72 11 56 28 38 2 55 30 81 38 11 78 19 29 53 50 84 82 71 43 77 3 62 69 6 8 79 25 26 41 9 59 30 60 58 28 10 87 63 22 35 69 84 82 78 99 56 47 59 99 37 81 50 93 84 46 33 56 4 16 2 37 20 83 0 19 13 85 96 40 68 95 38 4 4 18 96 78 76 47 7 95 51 3 79 35 80 18 99 60 88 78 45 22 66 34 71 84 93 7 32 21 20 23 61 31 6 72 66 78 71 71 35 0 35 38 10 83 
6 3 8 29 67 66 80 24 64 25 39 28 71 5 5 12 50 0 78 46 56 37 4 72 51 55 28 64 8 82 47 24 37 70 39 13 74 73 19 95 15 83 71 70 81 29 31 63 74 7 5 26 21 73 21 58 2 87 37 42 58 67 49 99 63 11 13 78 39 64 65 83 30 26 44 38 60 61 15 85 87 12 36 90 97 43 46 3 98 10 63 71 37 28 1 86 55 2 26 68 96 69 78 65 72 56 41 41 77 90 89 47 39 98 32 3 16 85 70 60 94 22 74 98 93 7 11 16 33 6 77 1 71 56 43 81 23 31 87 66 30 39 68 80 89 43 99 76 74 33 6 83 58 37 49 47 46 10 74 54 1 40 74 11 62 35 36 25 6 89 13 41 89 2 33 80 81 5 17 61 31 28 57 51 41 24 5 54 76 18 50 91 43 9 2 73 96 44 56 27 1 63 24 79 81 9 83 35 44 29 6 58 84 14 52 5 13 38 1 68 0 10 16 11 27 67 85 44 64 29 92 10 32 64 68 63 6 94 43 94 48 15 25 12 55 38 11 48 57 89 6 16 28 40 44 30 38 22 50 23 96 40 59 91 7 98 28 93 59 27 97 36 22 50 74 78 5 82 73 44 37 71 23 66 73 94 93 57 70 40 38 54 47 58 94 45 82 51 0 45 
2 12 84 65 2 72 30 24 91 0 7 85 69 66 69 71 16 66 84 27 40 99 60 94 9 74 92 48 65 64 86 76 30 27 32 86 81 39 9 27 35 13 36 28 50 40 32 54 63 82 57 72 13 4 69 9 2 78 74 0 40 65 59 17 35 19 98 58 93 64 98 78 27 49 41 84 58 49 7 23 60 71 79 21 31 43 56 14 50 96 80 66 15 70 38 13 77 35 26 73 60 79 62 77 53 68 93 66 22 67 62 95 45 68 74 93 24 56 90 30 37 93 13 33 7 42 9 19 13 60 83 16 16 68 4 5 35 37 21 76 18 20 42 97 96 79 87 4 35 7 47 95 19 69 62 89 50 7 4 3 65 50 98 34 15 34 37 85 24 58 13 84 7 90 31 1 16 74 26 99 55 7 38 52 81 28 42 15 30 67 28 9 90 96 87 67 88 71 44 21 3 33 44 82 95 75 52 60 45 98 18 17 62 26 88 29 69 9 26 18 77 51 25 30 8 96 89 88 19 21 54 58 58 7 82 92 76 64 6 69 18 31 16 58 43 18 92 27 4 22 9 2 9 38 14 65 40 76 36 60 71 49 31 23 4 24 52 68 53 60 65 36 41 89 95 50 6 88 55 61 67 13 80 32 88 30 56 94 72 41 85 7 26 71 50 52 89 95 2 86 
81 61 8 45 81 23 92 18 39 31 52 91 4 31 15 67 28 9 82 10 22 27 12 85 47 58 91 93 25 42 40 20 34 41 55 61 38 91 62 13 78 29 4 54 29 96 81 27 24 85 1 80 40 42 56 43 78 68 12 7 60 15 60 72 95 69 35 91 80 83 54 80 43 12 35 97 20 95 71 97 88 48 28 20 76 30 10 24 47 7 38 65 38 7 17 5 36 29 16 24 40 28 76 62 2 1 44 16 23 22 0 20 44 43 84 55 77 2 57 1 63 8 76 48 4 10 57 44 4 61 73 23 80 26 55 27 75 36 39 48 13 3 9 0 35 69 33 56 90 11 42 5 52 19 0 18 64 55 12 76 1 57 23 64 65 44 12 39 58 9 66 76 66 71 29 37 87 80 42 3 29 9 61 0 87 76 62 13 31 8 43 81 78 92 58 67 56 88 26 23 35 32 46 28 58 62 13 96 40 10 91 57 73 52 5 6 24 34 87 85 42 71 34 67 64 35 4 33 15 96 30 34 71 72 10 44 93 44 72 64 80 20 66 88 98 32 86 44 72 2 7 60 39 85 92 39 5 34 4 5 35 49 51 52 44 78 24 41 79 60 11 26 48 86 20 83 48 80 77 57 81 77 61 80 60 58 46 96 98 61 68 71 77 27 38 22 52 58 32 14 
88 19 22 28 64 8 92 99 31 93 38 53 57 36 98 29 75 2 20 31 55 8 49 32 32 45 31 15 37 36 19 40 88 38 20 44 28 33 84 10 23 76 88 1 18 86 69 69 22 0 56 98 69 50 74 99 55 61 61 95 93 56 9 34 83 31 50 78 29 35 76 99 29 30 72 64 66 46 71 42 36 70 61 15 82 84 76 96 4 93 48 91 31 49 33 60 9 50 39 24 97 36 25 62 87 66 54 34 84 55 3 99 16 66 93 26 20 30 98 55 34 38 6 26 6 0 64 26 98 89 12 76 18 45 59 40 2 63 57 32 71 42 78 73 32 81 37 1 57 88 53 57 65 24 36 16 60 14 81 53 51 6 80 22 86 94 45 16 46 0 65 36 9 55 44 39 83 74 0 78 15 50 32 25 49 19 1 74 16 12 37 4 66 62 48 72 87 30 28 22 88 62 15 25 61 62 92 81 97 79 83 85 32 55 32 64 74 90 14 70 78 41 27 55 41 25 44 40 80 91 23 31 26 37 71 68 7 47 19 32 74 94 5 76 98 5 89 17 88 11 86 11 34 28 20 95 38 63 83 30 12 99 55 62 98 49 52 31 75 17 64 2 10 25 83 5 48 10 14 12 43 56 47 90 20 24 55 87 87 16 9 72 77 63 87 47 67 25 35 41 
9 33 40 13 97 78 52 19 66 75 60 17 87 38 54 97 20 66 86 75 15 23 56 28 18 79 28 95 32 95 87 55 37 75 66 29 32 30 73 59 88 55 50 81 0 73 18 87 70 10 66 16 81 65 77 53 27 94 22 93 91 25 1 19 32 75 35 97 73 60 34 60 30 92 53 63 30 44 11 40 51 64 93 9 79 91 55 32 12 78 88 37 7 20 25 47 84 85 82 69 77 86 74 54 24 80 8 68 90 73 95 97 97 91 39 30 0 50 60 7 97 85 86 8 40 84 66 79 2 44 49 13 5 94 61 65 86 1 96 10 90 18 19 97 53 41 83 3 0 97 88 89 86 56 22 56 86 60 52 13 75 78 17 10 11 5 53 50 44 57 72 83 40 40 94 37 52 48 42 29 35 23 24 7 36 19 65 84 37 30 9 16 37 65 44 47 17 47 64 88 46 0 66 95 50 71 18 75 36 33 12 87 93 55 44 95 49 22 2 1 85 72 10 41 46 70 58 92 77 80 30 92 84 40 11 60 94 75 15 69 71 40 24 2 62 58 83 8 10 32 87 65 22 75 26 41 68 44 30 26 45 71 16 96 39 35 53 40 15 91 66 67 95 60 54 73 94 32 98 66 23 3 84 7 36 59 82 65 21 61 41 40 40 53 73 70 33 35 76 42 
48 60 43 79 38 79 84 48 42 45 36 82 37 41 98 75 52 16 97 21 40 7 39 2 45 35 78 42 44 70 35 51 35 90 41 11 39 27 35 19 20 72 70 31 18 7 73 58 88 41 9 75 40 32 19 60 78 55 35 98 26 97 67 94 79 61 45 98 90 93 70 23 81 91 63 17 48 13 96 91 33 32 50 61 19 61 13 39 22 25 31 24 89 19 40 47 16 57 98 1 94 85 26 39 38 44 36 73 26 26 92 86 40 23 9 38 24 81 62 42 57 27 51 0 52 98 37 95 14 30 69 11 9 95 50 59 73 16 65 22 27 0 28 4 91 19 66 95 19 95 14 18 31 43 66 96 54 44 42 0 9 35 82 44 38 70 56 24 32 59 85 20 85 73 13 44 72 91 56 11 80 58 24 26 88 63 73 18 13 58 84 72 65 65 84 80 33 44 4 13 62 28 20 16 75 70 26 22 97 21 8 98 71 84 21 38 76 41 28 93 0 60 67 99 50 48 15 96 31 3 27 86 70 17 56 20 57 3 56 31 84 19 37 28 64 31 8 2 36 5 37 14 31 86 98 76 60 84 4 59 14 20 33 84 70 84 62 39 7 71 35 74 12 3 20 34 56 83 62 47 46 53 75 0 74 96 26 47 60 72 7 2 15 87 33 21 69 30 5 38 
81 28 30 31 25 91 89 11 49 78 35 44 79 83 64 31 9 1 43 0 76 86 99 79 18 83 84 60 75 23 71 47 55 8 85 31 71 7 99 47 36 3 82 77 12 33 21 83 36 98 11 0 6 64 17 48 20 74 81 38 96 98 72 21 49 72 54 44 94 13 99 63 90 33 39 75 83 73 53 61 35 75 37 58 8 87 52 89 31 78 93 41 36 33 45 12 35 96 58 21 2 67 92 34 29 65 44 77 30 48 93 96 34 32 31 62 44 67 53 12 85 68 96 32 35 2 82 33 1 80 0 55 71 71 6 5 27 79 42 67 91 1 92 81 46 97 82 13 68 56 96 55 56 68 73 16 29 22 34 91 84 71 18 52 9 59 27 6 98 11 56 10 4 50 99 38 29 77 81 54 74 5 8 18 6 21 16 79 86 73 73 55 98 75 92 63 56 4 97 71 80 80 47 13 36 45 82 17 60 5 97 77 49 7 14 27 77 29 90 19 78 79 1 87 81 82 43 16 84 45 84 91 24 64 50 60 55 75 68 30 0 29 69 14 16 87 89 72 27 38 35 76 70 60 36 49 79 69 35 52 98 64 77 51 25 21 75 84 28 32 9 47 51 21 14 14 29 74 5 4 63 89 62 37 60 43 94 25 94 32 67 22 0 7 91 34 69 32 2 91 
89 76 79 38 75 37 87 65 7 3 56 68 73 38 92 66 49 57 76 97 36 54 84 91 28 91 0 48 83 97 60 4 33 39 75 31 7 84 53 37 2 9 56 3 97 61 52 71 2 70 45 43 39 5 1 29 48 4 97 66 83 71 9 52 60 88 56 48 66 28 80 76 66 63 81 77 23 89 11 9 45 50 51 98 78 39 43 94 62 38 36 82 61 60 24 45 30 60 99 43 26 83 15 41 15 42 64 55 51 71 45 74 76 1 35 63 49 33 9 13 0 85 29 95 29 90 82 6 8 95 43 27 38 18 7 36 29 58 61 59 1 80 1 49 90 66 99 97 27 83 36 63 64 8 8 90 47 74 71 99 16 37 50 45 34 20 83 74 93 59 15 43 73 34 72 83 79 58 31 56 6 68 72 99 49 76 99 53 56 12 81 37 51 34 4 96 34 35 44 82 17 97 67 55 51 77 85 14 34 89 11 93 93 62 68 17 51 57 53 59 14 87 51 7 37 65 15 12 34 21 93 65 82 91 8 2 68 7 49 17 49 79 77 14 13 47 20 62 65 91 40 16 94 77 87 10 31 88 80 85 82 28 15 37 65 2 59 88 2 38 71 49 47 16 60 97 68 68 62 21 21 22 25 25 85 68 38 56 55 89 93 4 10 22 97 60 8 90 59 13 
18 72 8 77 16 23 42 74 15 85 67 94 42 93 27 81 57 9 27 71 67 61 66 16 30 91 0 6 57 51 45 34 29 63 83 81 44 62 35 76 58 46 54 25 89 21 26 8 32 96 82 23 85 67 7 66 3 45 28 89 18 21 36 42 62 19 65 17 19 95 73 27 49 50 45 3 52 26 92 27 76 49 45 54 99 5 7 56 39 42 24 7 33 35 18 17 60 38 62 54 94 91 77 43 89 87 68 31 88 96 83 81 11 71 90 94 24 77 22 56 32 96 5 31 73 35 56 72 49 98 53 39 51 17 66 9 96 27 64 17 85 55 47 14 99 88 37 74 48 20 61 58 88 41 62 14 10 63 84 77 4 1 31 97 11 83 41 96 36 99 77 54 31 99 61 95 94 10 79 11 50 78 60 84 33 30 28 83 48 32 86 35 80 1 55 62 22 63 37 44 23 83 58 77 15 91 89 23 91 66 48 96 16 95 74 20 5 34 75 14 90 57 5 39 19 71 98 84 33 71 36 82 55 78 68 31 19 32 86 54 38 76 19 65 61 51 88 77 62 51 82 24 6 60 42 15 76 38 3 23 58 89 50 5 79 70 38 74 65 62 96 12 31 7 72 66 97 29 73 64 71 55 37 11 95 95 21 78 19 84 55 13 43 1 48 97 22 97 13 76 
99 53 25 46 82 53 65 60 36 18 26 80 87 47 69 18 26 55 25 45 36 7 46 72 67 33 22 78 30 20 36 85 75 48 30 31 19 52 23 18 91 74 34 21 12 47 78 62 61 0 90 19 63 60 75 28 41 7 87 57 30 83 0 59 72 97 34 40 82 5 85 89 72 93 10 16 97 27 39 77 65 98 49 72 49 51 82 15 75 53 16 5 62 85 33 68 38 46 7 39 99 92 61 68 88 35 86 80 42 43 37 70 38 49 22 68 60 4 17 87 12 69 40 59 50 80 38 27 84 84 17 22 79 49 67 91 15 67 57 29 63 42 95 29 73 24 52 32 45 31 29 35 24 56 48 10 70 2 91 65 24 67 53 49 40 31 64 78 94 27 40 39 24 21 10 55 64 64 8 51 36 99 53 36 55 49 16 82 10 44 46 85 1 54 95 67 91 15 48 22 95 53 38 47 37 32 54 91 41 81 50 5 14 93 87 37 41 94 15 27 75 18 92 35 59 7 82 88 53 98 94 98 28 22 20 52 35 79 38 57 26 23 57 7 37 17 7 2 22 33 69 58 51 88 64 11 6 92 7 56 60 89 15 22 27 9 5 46 92 86 83 90 13 6 73 60 87 63 34 71 34 11 31 14 7 37 32 54 50 78 89 4 2 95 30 27 30 68 6 18 
69 96 48 65 92 49 27 28 23 11 56 97 13 80 41 0 95 3 12 11 64 37 73 95 78 35 36 15 72 81 26 19 79 74 34 6 85 78 75 76 52 88 72 75 95 28 30 78 16 8 25 47 86 45 22 89 3 16 32 45 21 37 58 58 76 4 16 14 15 51 60 91 68 15 22 13 81 42 87 6 52 97 99 32 89 77 29 38 79 99 31 42 76 60 54 41 70 54 75 68 2 65 87 89 10 29 84 32 1 52 92 40 69 66 69 88 42 82 10 91 53 0 81 52 39 14 53 38 15 48 34 60 66 19 47 50 34 51 80 63 56 16 48 58 14 98 44 43 47 81 0 55 89 51 73 58 5 27 24 8 85 29 90 90 91 51 93 47 12 28 2 15 43 71 15 38 82 63 75 71 74 24 63 71 99 72 4 29 6 66 86 76 67 59 47 7 29 31 32 47 64 23 19 74 93 49 78 51 87 15 87 26 21 3 21 34 79 70 45 72 38 4 88 61 29 88 16 34 96 68 61 83 26 51 74 74 65 25 13 30 88 31 43 72 22 80 47 40 73 38 45 7 62 13 34 75 90 17 14 44 40 42 72 42 18 81 48 90 89 73 19 2 97 7 16 83 76 49 12 9 73 56 19 70 4 37 83 95 20 69 0 15 45 69 8 12 72 5 1 79 
92 71 53 87 38 22 86 81 10 79 74 94 87 24 32 70 57 24 55 88 34 86 43 41 88 97 42 73 72 31 92 40 97 68 94 37 19 82 72 97 58 38 13 70 76 26 15 62 81 21 27 18 32 62 14 94 83 17 33 2 19 54 30 49 98 48 15 65 96 5 66 76 79 34 38 46 42 1 45 14 1 49 31 45 26 79 94 20 39 18 2 34 23 24 58 99 18 99 76 74 9 68 74 69 69 43 45 52 10 11 70 3 3 33 22 90 17 71 6 17 37 97 20 1 49 43 29 20 45 12 96 69 46 63 33 12 20 76 21 22 17 30 45 88 45 26 85 68 79 58 11 21 15 15 92 64 10 64 3 95 67 48 19 77 11 6 62 49 56 83 11 44 49 91 3 1 81 63 55 55 77 50 13 14 51 75 70 10 32 31 47 45 40 4 46 22 89 64 83 69 37 82 18 36 76 13 11 91 97 7 29 56 87 73 87 94 52 12 5 87 61 72 33 40 49 45 33 24 82 91 24 71 51 62 99 80 49 2 50 13 12 25 27 6 2 41 18 33 21 1 65 76 88 98 46 59 76 10 63 96 40 25 94 36 23 46 73 83 67 12 71 71 10 58 92 29 96 52 97 81 0 51 16 80 20 14 42 26 42 6 73 81 29 63 1 18 71 0 81 82 
80 57 99 78 42 78 24 86 95 95 89 36 92 42 39 67 83 72 48 14 96 40 95 47 99 49 32 55 16 18 19 8 87 99 2 92 22 65 49 56 69 9 2 69 33 90 17 66 48 80 1 2 52 61 79 27 12 82 48 59 79 69 10 53 68 22 87 20 1 66 48 87 76 20 79 1 23 14 43 31 71 30 81 14 91 49 72 48 82 84 12 20 42 25 67 6 19 64 35 39 23 99 28 20 19 74 76 95 66 71 48 85 88 37 71 91 94 24 40 94 4 25 1 76 91 58 25 13 84 47 33 11 36 50 18 22 50 36 54 59 26 18 78 37 19 35 95 12 72 10 76 85 22 66 94 7 41 11 13 89 91 49 78 7 17 76 73 57 73 26 81 81 71 85 38 29 32 74 22 5 68 62 63 30 95 51 16 71 39 2 46 35 84 64 73 75 44 73 71 82 3 16 32 90 30 36 91 64 11 63 24 75 28 77 74 0 1 79 63 38 35 9 1 85 19 76 95 44 58 1 12 83 42 98 92 97 1 41 25 38 25 94 48 5 27 87 4 64 63 36 2 59 40 21 77 2 73 87 96 53 4 27 90 43 5 83 48 90 77 2 18 80 52 10 83 91 73 92 10 49 22 24 45 59 98 62 63 74 68 88 99 19 52 56 54 35 25 68 1 66 
23 97 3 73 25 81 56 69 38 64 3 11 32 4 78 9 89 56 75 86 41 50 36 68 11 92 46 65 80 5 55 4 97 68 75 34 25 21 36 60 62 10 52 34 98 52 90 93 89 66 12 17 17 6 48 42 54 11 62 64 31 66 21 92 93 28 48 5 78 39 2 91 49 76 85 67 8 68 16 3 38 25 7 7 62 68 15 61 16 61 58 92 26 75 52 31 33 96 62 92 98 91 35 71 71 72 49 49 30 31 94 48 12 1 43 93 98 40 56 83 0 54 45 38 58 7 75 64 11 58 50 95 75 88 95 83 96 51 53 48 85 51 72 11 51 66 97 2 23 73 68 18 44 9 59 17 69 27 22 47 82 72 64 4 23 96 45 91 60 33 96 29 35 46 3 53 60 96 68 62 91 45 19 53 15 15 29 41 17 19 39 85 66 63 51 13 29 65 58 71 32 73 99 83 34 29 51 80 77 34 49 26 65 14 84 17 45 32 71 83 76 19 4 53 50 95 80 69 69 32 13 40 74 65 9 98 12 96 83 46 71 62 52 73 29 29 79 53 33 84 60 10 4 51 41 43 24 68 10 53 31 89 99 65 20 39 63 55 83 30 44 47 47 98 16 47 43 90 29 13 13 38 29 50 3 90 47 23 71 17 26 4 54 44 75 54 68 92 21 29 
78 33 81 89 71 63 6 84 23 84 66 29 80 28 65 28 63 66 58 42 7 48 4 90 92 96 42 28 80 95 66 24 72 95 19 26 77 81 5 85 97 17 61 46 31 24 17 95 19 93 85 91 84 3 39 39 80 27 44 86 18 54 11 9 63 25 25 90 31 11 58 77 41 15 59 15 60 99 88 63 91 76 12 7 19 27 87 12 39 7 96 36 12 76 51 75 26 51 68 87 99 19 0 13 15 59 47 73 60 97 39 77 79 35 69 68 22 36 97 60 67 25 87 3 53 72 11 46 53 88 64 7 44 3 56 12 27 81 18 27 91 65 22 35 67 45 18 5 42 13 5 64 81 56 16 18 0 59 38 2 20 6 96 45 62 32 41 50 37 32 8 33 46 53 80 72 19 35 35 19 92 16 38 98 13 66 20 93 79 21 37 60 15 59 60 82 81 82 28 67 82 54 56 59 15 79 78 77 19 22 33 60 82 67 49 0 12 33 78 84 45 45 35 55 78 88 58 69 97 92 49 32 52 37 46 50 87 0 75 40 27 36 99 55 89 27 45 70 40 95 75 24 22 89 85 24 30 53 95 74 34 12 23 72 85 26 68 29 51 76 84 8 91 33 98 8 58 28 59 98 43 6 38 28 98 47 31 29 41 38 58 41 20 88 95 79 67 21 83 64 
30 35 44 25 39 23 98 72 60 1 83 74 15 6 68 17 94 16 40 28 64 6 1 27 43 5 0 38 0 38 98 68 39 8 16 96 16 97 42 6 38 20 96 14 66 93 5 61 60 64 1 73 67 15 20 63 95 87 99 96 2 17 23 31 68 33 55 20 12 2 15 50 30 23 71 60 23 13 32 7 49 59 29 11 35 3 20 30 32 58 7 61 75 13 42 92 68 12 70 25 37 39 8 88 43 87 67 54 25 0 70 44 13 9 65 50 66 63 49 50 7 45 33 69 34 39 16 60 19 54 61 68 13 28 86 85 13 92 72 95 98 8 14 78 1 57 4 94 10 43 54 94 6 81 41 85 75 91 76 65 72 71 87 32 82 40 21 80 8 54 64 12 81 78 5 88 27 48 99 7 62 74 32 39 18 34 18 69 14 21 0 6 77 42 65 29 30 73 60 58 0 92 9 28 62 69 50 34 73 98 62 50 69 78 82 11 92 40 13 7 47 64 65 36 77 53 30 0 31 1 23 50 21 28 63 95 77 31 2 21 17 27 92 11 61 57 77 45 79 7 25 49 18 78 29 10 89 58 83 80 36 25 39 32 71 56 43 26 46 26 53 96 41 90 49 36 81 8 0 21 94 79 19 38 55 5 20 36 87 46 44 97 13 97 76 88 82 1 89 59 
5 11 2 19 19 13 83 71 89 39 4 67 87 67 42 46 34 42 74 94 84 45 88 80 14 57 9 51 86 99 28 68 70 22 89 62 97 22 31 55 61 17 89 52 37 24 71 6 79 37 34 13 56 50 19 43 7 29 55 64 79 81 49 81 9 55 95 10 50 18 28 89 53 28 54 92 92 70 5 13 34 62 52 32 44 63 62 5 4 56 37 48 58 89 63 25 3 54 76 91 18 1 92 32 41 42 11 45 27 93 34 92 20 36 53 67 22 86 1 71 73 39 52 33 49 61 3 84 50 50 92 7 77 75 35 76 13 84 13 85 56 53 3 89 75 36 69 47 63 24 43 15 26 62 40 65 14 42 64 42 64 64 77 12 63 15 26 37 73 66 84 59 22 45 18 54 89 59 39 79 40 53 85 0 59 29 12 0 43 48 59 76 71 32 78 69 16 31 93 96 9 84 56 64 33 3 75 59 96 82 44 47 56 21 82 86 85 96 20 68 30 26 31 89 53 14 77 82 40 5 51 60 90 89 36 2 30 93 89 6 50 44 3 80 14 39 47 98 94 42 26 51 98 66 10 13 32 22 99 72 3 18 9 65 66 19 36 95 51 23 5 93 53 64 13 21 52 29 16 15 31 96 95 4 2 90 17 13 22 83 75 2 41 25 30 8 7 96 45 35 
5 99 91 12 87 17 41 86 69 45 48 49 89 42 38 60 32 91 30 39 78 86 9 81 23 16 39 80 59 65 59 97 60 36 2 13 51 64 96 8 65 12 95 73 38 52 1 34 75 33 85 46 39 0 51 59 11 49 79 1 24 22 45 65 89 77 86 46 61 85 30 61 40 90 99 22 72 46 40 14 51 48 77 11 99 14 50 70 7 89 55 20 12 82 47 35 26 11 16 54 81 48 98 0 57 10 89 24 94 67 20 4 76 39 55 40 25 7 5 22 73 68 95 80 57 83 15 84 73 22 88 74 23 5 32 22 83 73 92 36 23 13 77 17 38 80 95 68 41 42 82 1 7 54 82 17 34 79 7 95 96 2 21 5 47 31 38 37 43 52 86 77 65 98 54 12 17 77 60 60 47 34 21 41 3 87 92 32 7 47 19 68 29 78 60 39 33 51 94 32 2 85 7 91 71 59 71 58 29 43 74 70 63 20 7 86 91 74 59 52 15 83 92 43 3 16 4 0 73 45 52 7 52 49 84 22 9 16 22 70 90 26 82 21 90 92 64 22 62 29 4 97 88 66 38 41 81 78 46 37 75 13 41 39 85 23 37 39 95 12 36 8 81 45 56 58 42 22 55 83 44 98 42 87 97 2 76 30 61 37 70 29 31 75 28 19 30 93 5 73 
29 76 56 8 76 22 55 91 88 41 17 48 24 65 11 31 35 41 34 48 70 97 11 80 46 66 54 44 73 9 24 49 23 89 96 87 25 47 0 55 73 99 29 6 96 88 71 4 72 28 13 21 4 69 37 59 10 16 35 28 40 28 84 22 77 17 44 72 2 81 31 50 27 62 44 24 15 22 43 7 97 23 21 80 87 67 33 29 60 67 26 93 85 10 98 72 35 16 61 67 17 88 15 37 63 19 90 14 69 94 71 34 14 6 10 2 79 37 79 14 17 20 60 75 30 83 5 43 26 60 19 25 44 36 8 35 42 14 30 68 79 1 18 11 7 44 98 77 4 32 42 31 16 22 4 52 93 78 35 76 92 44 25 37 25 60 91 60 75 39 8 19 95 79 44 58 81 27 20 40 19 40 83 95 40 83 39 50 28 33 40 66 95 79 64 79 31 69 4 25 85 41 73 82 38 96 99 53 82 25 78 68 46 89 18 14 91 57 48 36 86 50 29 77 73 66 95 67 1 39 6 1 50 25 45 82 24 59 85 38 80 67 17 51 38 2 86 57 52 90 92 59 83 38 38 66 20 93 83 98 41 50 18 20 93 7 87 53 38 78 66 85 21 33 56 92 52 49 87 55 87 44 71 78 67 8 58 48 74 31 0 80 18 50 83 14 18 31 72 77 
58 31 63 24 71 86 55 3 70 60 10 68 43 71 24 93 22 10 38 35 57 74 93 63 68 27 2 4 81 57 76 50 70 3 19 81 41 16 16 77 46 76 67 84 82 41 0 56 60 58 81 36 8 68 14 45 59 68 98 9 86 28 82 70 48 10 4 12 94 93 9 13 62 0 93 84 51 76 54 92 61 74 88 86 42 46 60 1 23 66 88 10 85 82 50 91 42 43 7 63 40 78 18 95 36 14 49 79 43 22 15 4 69 16 78 45 1 92 31 83 61 49 44 78 14 37 13 36 27 60 78 48 74 15 64 48 47 28 54 42 0 5 18 45 28 76 28 41 64 46 38 92 35 17 61 85 57 30 79 46 14 23 93 70 4 35 10 42 10 28 49 4 15 10 8 5 14 84 74 59 67 0 94 35 10 38 60 27 14 57 59 36 13 29 79 98 86 92 62 92 39 64 66 93 28 4 36 27 36 75 7 46 58 29 26 1 14 15 52 65 34 61 10 34 63 82 25 58 96 56 25 91 77 60 28 33 96 13 60 56 68 16 80 47 69 2 63 88 76 57 74 82 79 44 59 81 72 50 43 9 54 52 21 45 4 10 83 9 25 75 45 26 84 48 96 29 12 35 77 6 54 8 81 62 98 88 43 60 80 8 36 0 1 24 42 69 28 77 0 0 
0 87 65 40 54 79 56 92 52 32 47 79 10 16 58 50 52 66 37 99 23 33 28 77 87 4 52 24 57 24 75 78 62 65 0 82 16 89 47 96 31 17 57 37 34 97 13 13 19 70 26 6 41 41 73 83 17 7 89 16 67 88 59 80 61 9 69 84 40 93 14 30 10 1 5 94 84 38 41 87 93 11 2 66 34 80 8 18 75 7 72 64 98 41 97 1 31 6 1 87 96 8 60 9 66 81 20 73 83 64 98 65 49 87 60 10 71 6 0 47 30 58 51 61 55 90 21 1 23 66 0 43 51 59 15 45 57 41 13 75 51 68 30 70 78 48 77 78 54 39 70 61 28 37 55 81 8 81 54 1 37 15 5 14 5 99 24 79 57 17 66 79 76 11 70 18 22 99 28 91 80 6 33 80 3 76 87 43 94 28 12 11 52 34 0 78 90 95 33 74 88 65 99 41 77 28 49 90 36 96 2 12 50 4 91 21 2 54 23 75 18 16 0 46 34 91 78 86 38 74 74 30 56 60 77 66 40 86 81 88 92 51 26 17 94 33 4 91 88 45 81 54 78 33 46 71 62 37 35 71 45 71 66 68 48 68 72 64 85 60 74 19 10 59 69 95 74 61 57 94 39 67 83 99 44 35 5 56 96 14 10 76 75 23 26 39 68 3 91 30 
58 23 61 8 58 6 39 9 20 92 26 99 18 65 61 38 47 50 86 60 16 48 48 89 88 38 90 59 99 66 22 65 8 23 98 17 24 58 19 71 94 37 10 96 65 35 88 16 18 73 24 4 47 84 36 74 12 92 53 0 79 81 59 19 19 40 96 61 40 40 65 2 87 73 66 76 40 56 75 20 23 73 12 38 31 90 67 44 7 33 31 67 55 55 63 83 35 26 27 56 91 59 43 69 59 48 73 56 19 34 44 14 57 18 30 40 57 17 77 54 98 8 69 23 27 49 13 61 37 68 53 79 7 81 54 16 2 82 36 14 90 19 20 74 48 16 85 86 1 39 5 4 75 7 67 61 43 48 87 70 35 91 55 97 69 52 13 32 3 27 51 89 93 56 73 57 24 75 41 38 84 46 67 39 28 16 48 68 0 82 73 69 39 91 80 11 42 10 38 51 56 74 37 49 16 37 11 94 45 74 52 62 44 51 89 82 79 28 93 92 76 7 0 66 59 64 58 79 4 73 89 87 13 53 2 91 63 78 82 30 35 30 63 50 67 86 96 69 82 6 73 77 0 65 40 42 37 10 45 91 49 17 99 64 28 58 15 6 19 78 76 88 86 27 9 16 87 67 31 45 23 16 17 28 48 83 32 92 11 32 58 94 87 72 12 81 54 90 32 79 
86 59 92 68 22 89 83 78 26 2 67 1 56 24 13 44 49 72 97 56 23 40 33 1 44 85 71 86 75 20 68 88 82 27 64 14 63 72 68 76 15 78 59 5 64 71 36 53 73 69 58 19 44 8 33 83 63 23 37 71 75 22 64 79 37 75 41 19 34 72 6 44 38 8 65 74 31 97 55 12 82 58 48 76 78 49 43 40 32 39 69 73 39 2 80 88 69 51 6 50 17 52 93 16 90 56 85 30 73 14 93 36 46 46 38 35 61 46 6 37 91 9 40 71 13 78 71 9 40 86 51 19 2 81 18 51 21 6 60 80 70 70 66 73 23 27 41 80 29 85 91 93 28 24 25 25 47 28 13 40 32 34 46 51 71 63 29 70 26 93 38 1 70 80 80 96 80 11 81 44 14 56 22 96 15 34 77 40 19 72 43 32 4 33 29 17 42 6 93 20 17 43 6 23 85 33 33 72 73 67 81 34 52 16 46 90 36 69 87 31 75 0 17 2 36 44 16 29 97 85 39 13 54 30 61 49 27 53 77 33 70 79 46 3 39 29 3 84 27 50 25 90 58 70 86 61 19 43 96 48 86 50 50 53 82 19 7 95 40 32 57 35 86 19 83 81 75 27 22 81 40 85 24 58 79 12 23 13 31 65 64 9 88 15 35 9 91 58 18 22 
0 70 77 31 59 79 77 46 57 42 59 46 39 30 70 82 48 88 23 27 95 60 58 60 83 1 94 72 54 15 49 69 16 62 92 4 68 70 83 86 79 81 21 33 8 1 51 58 72 67 11 29 52 98 19 97 83 64 82 34 63 81 54 21 26 14 22 95 46 89 66 31 2 85 81 68 12 25 58 58 59 20 95 77 56 40 1 57 64 63 12 80 23 97 2 36 40 32 73 75 71 24 98 27 55 30 94 63 61 59 64 35 45 89 14 23 12 62 96 55 38 28 23 53 88 60 96 56 28 89 74 40 8 43 90 30 28 32 45 28 53 71 45 48 38 16 24 78 8 28 36 20 45 57 75 29 96 16 85 0 28 0 84 54 33 38 62 2 15 75 74 1 98 89 16 74 6 50 78 82 12 89 91 91 61 19 22 77 29 33 88 97 10 47 13 2 7 52 76 93 39 10 76 82 90 57 37 96 53 7 84 39 45 83 80 84 58 86 6 92 93 1 2 54 76 80 29 3 40 50 29 91 87 63 76 65 72 70 38 78 16 75 5 46 37 32 53 95 8 34 59 34 35 58 94 91 93 56 29 33 89 80 64 62 85 60 17 72 67 82 92 28 25 41 30 62 74 81 7 33 84 38 74 88 54 1 73 37 97 31 61 65 63 14 31 88 84 30 68 54 
17 95 46 67 81 35 6 71 18 58 77 13 88 84 62 69 0 10 91 35 84 1 68 66 85 8 50 24 4 72 24 56 45 33 85 90 17 83 70 58 51 14 71 99 89 18 33 53 36 85 3 5 86 30 47 0 90 37 86 7 97 56 2 17 87 42 4 41 63 86 82 62 4 51 43 68 56 65 80 45 42 46 41 11 35 85 89 88 36 99 43 84 15 56 41 73 99 17 73 41 49 80 93 91 88 59 47 3 56 12 89 75 46 32 43 98 59 3 7 16 26 40 96 79 6 46 74 20 49 41 64 89 69 68 12 41 29 79 83 68 20 89 72 5 24 4 22 53 86 92 4 99 76 65 33 28 54 36 25 83 89 83 62 61 53 96 6 9 6 7 88 8 82 58 29 91 4 74 65 41 76 96 9 10 54 62 80 80 72 78 73 13 87 35 23 78 60 6 96 82 11 26 9 74 37 21 19 48 27 10 30 72 57 27 74 51 12 38 66 62 74 54 87 27 60 37 78 74 82 79 97 45 16 70 68 66 16 12 58 20 51 96 53 72 54 0 74 89 82 22 70 10 5 54 94 64 38 52 32 28 11 3 14 73 13 93 54 92 13 71 51 15 81 71 75 5 89 4 42 13 44 31 2 41 78 36 83 28 70 30 96 61 35 62 74 42 74 4 73 77 
23 8 62 34 42 29 12 50 20 28 69 45 94 63 86 14 35 26 25 51 53 37 55 75 46 83 98 20 88 31 97 84 6 69 46 72 68 12 87 63 1 29 36 36 80 6 15 69 86 88 21 94 65 98 5 81 64 91 62 68 89 54 77 26 86 36 80 85 49 21 29 12 54 38 14 59 62 2 61 55 37 24 62 44 0 53 77 4 9 19 97 77 66 40 2 58 24 27 67 94 19 40 9 77 65 54 32 20 53 46 99 35 66 37 62 17 36 30 79 78 69 65 64 68 51 79 36 80 38 99 0 78 96 4 40 83 20 76 10 86 75 49 82 13 8 34 58 57 31 8 60 85 60 33 74 19 65 41 82 4 53 7 94 45 47 42 5 66 38 77 59 85 6 12 97 42 71 24 80 37 28 92 44 49 66 65 4 72 70 87 52 55 25 17 58 32 55 63 65 4 99 33 43 6 0 55 13 17 58 87 80 25 83 34 90 5 72 67 13 67 84 65 68 0 39 23 56 69 50 29 52 91 55 88 91 32 67 85 1 78 71 7 33 79 67 74 71 1 92 20 22 30 70 6 51 19 13 62 11 51 15 92 41 30 86 22 51 75 93 28 42 45 81 67 76 61 70 40 98 97 40 8 43 91 7 64 40 69 1 70 99 63 78 90 45 70 40 86 26 12 
84 62 56 15 20 93 65 18 63 43 88 98 62 15 75 37 57 77 4 21 85 55 94 55 83 45 87 69 61 1 49 73 91 88 70 63 88 75 15 67 98 21 33 82 72 97 79 85 99 38 62 55 15 61 53 38 58 67 96 34 97 91 40 93 18 90 53 10 86 42 66 78 44 88 0 48 13 45 70 10 25 27 32 64 6 67 63 49 47 86 7 78 88 16 10 93 49 8 80 50 8 93 79 58 51 21 62 97 60 88 21 84 11 39 46 51 37 90 30 22 7 83 33 63 46 72 59 27 48 66 68 30 87 62 78 0 52 44 66 47 91 59 95 75 81 64 41 96 90 50 54 51 80 61 89 96 80 58 16 10 67 75 40 35 52 87 70 66 95 36 33 25 81 23 81 44 75 36 93 95 8 3 92 28 55 78 0 57 28 79 29 83 70 68 61 31 29 78 92 75 81 31 58 72 34 87 90 82 17 48 53 53 3 77 24 68 5 40 34 79 0 39 5 84 69 29 3 97 47 77 4 75 52 11 78 39 58 58 59 74 75 44 14 17 51 31 21 83 16 76 62 65 30 82 41 12 60 30 77 85 63 65 53 11 74 17 68 18 25 79 80 63 5 56 7 84 28 34 76 49 94 2 97 35 60 20 28 92 24 59 35 32 4 25 79 18 89 73 13 53 
3 31 4 93 44 99 73 57 74 86 76 67 89 18 94 18 56 69 75 14 51 95 39 81 93 47 15 32 91 90 5 29 64 30 4 96 74 47 92 56 30 59 98 67 3 79 14 21 24 44 54 61 86 35 54 88 52 85 49 78 90 34 39 41 41 32 79 73 97 86 51 73 34 29 5 8 87 95 93 96 63 70 24 9 54 95 59 21 4 0 24 79 76 55 24 66 36 24 50 47 95 61 46 53 23 39 26 75 72 24 38 75 41 71 70 99 93 79 63 61 1 88 45 19 24 22 71 54 46 68 32 6 34 4 79 43 70 7 73 18 40 47 1 99 22 75 99 98 29 43 61 95 31 49 3 42 90 95 33 71 40 58 26 63 60 94 91 75 41 47 17 44 22 64 39 56 38 45 43 34 65 30 79 96 46 50 51 25 78 82 73 61 80 27 96 29 39 37 69 90 6 48 54 26 98 30 16 76 85 83 60 31 56 70 89 75 30 1 28 99 8 14 24 74 96 79 89 40 46 55 66 75 63 34 6 95 28 19 71 37 95 59 28 42 72 45 69 24 31 40 67 29 84 41 30 80 83 17 17 96 45 21 85 58 82 32 82 43 56 21 49 58 60 14 83 47 64 56 36 79 33 48 24 38 58 33 38 87 36 19 78 26 75 67 28 84 57 40 17 94 
10 17 37 39 76 92 90 84 68 59 85 89 84 73 78 46 62 11 72 81 81 27 61 49 66 40 75 4 22 88 1 65 30 7 28 93 68 5 65 59 0 29 13 81 96 98 66 33 48 86 98 0 45 58 49 86 57 42 79 86 4 49 18 67 9 10 58 39 94 68 51 35 92 96 95 92 50 49 83 44 81 20 17 51 84 96 44 44 4 95 68 39 67 63 41 5 85 32 66 45 79 70 48 5 24 38 45 68 56 12 46 78 75 95 44 27 90 60 42 99 16 72 77 49 3 69 66 13 47 63 68 24 80 99 46 55 28 60 83 7 24 84 98 3 91 81 97 59 51 80 96 51 43 37 47 19 40 49 80 21 0 16 21 99 83 15 26 35 48 14 6 45 96 29 72 12 46 96 36 95 55 10 82 29 58 34 93 90 2 85 64 21 30 91 89 70 46 14 27 21 49 7 18 0 82 46 92 92 31 52 94 23 90 51 99 60 13 98 40 88 81 62 17 63 7 4 75 18 52 91 11 52 37 1 26 66 21 73 37 59 89 75 47 80 40 3 72 92 77 19 84 44 33 36 32 61 82 27 24 98 88 20 62 60 74 42 83 50 52 84 79 26 14 80 74 13 93 2 16 42 32 67 96 70 15 31 28 90 86 83 88 82 72 35 61 73 34 63 12 37 
81 88 16 96 81 2 99 78 98 88 4 85 80 3 20 59 13 74 10 87 5 85 26 83 87 45 72 80 75 20 14 54 79 65 29 37 45 94 52 48 5 36 31 89 67 75 10 10 80 98 78 15 2 29 38 60 49 62 22 0 35 16 92 77 82 99 33 78 80 96 3 34 27 27 50 87 59 46 91 3 5 72 19 34 25 99 65 81 6 33 92 9 4 13 27 58 26 73 58 41 41 35 96 97 49 77 41 38 67 6 30 31 2 97 78 33 70 31 55 30 38 76 21 83 53 21 75 26 43 45 96 13 32 93 48 7 13 70 35 62 54 25 68 61 57 16 94 58 81 16 95 32 57 45 6 23 33 41 27 24 1 73 64 39 73 68 86 46 1 98 60 44 30 28 20 41 21 72 60 56 86 63 50 26 43 97 34 93 14 93 52 5 32 86 34 61 64 81 75 41 24 48 97 27 90 63 8 32 37 44 91 28 61 36 19 93 72 24 18 83 15 13 61 0 0 16 33 46 90 4 55 65 90 53 54 15 42 93 60 69 91 17 0 44 98 51 83 95 21 57 58 47 68 61 35 85 2 30 17 26 17 29 41 33 74 9 27 8 10 72 81 0 26 43 82 31 6 76 58 70 64 30 13 64 21 48 33 80 68 2 32 94 94 4 54 5 54 52 70 3 
34 70 47 54 22 46 62 45 71 34 67 70 74 45 0 79 74 39 16 86 24 70 75 37 53 24 89 90 1 18 30 23 70 44 77 33 23 18 20 71 2 67 79 53 28 7 26 26 71 18 60 46 64 47 9 68 39 10 47 70 87 14 41 85 22 6 96 56 37 54 59 88 20 69 65 97 60 28 56 39 45 57 72 80 50 13 80 65 14 34 40 76 52 54 64 67 47 88 35 48 8 56 76 68 91 89 37 18 44 84 77 46 38 80 8 25 36 84 64 98 92 88 51 45 32 16 14 79 75 5 35 83 76 90 22 16 73 62 53 78 15 90 70 66 43 62 61 24 48 83 58 34 96 48 4 99 32 17 67 89 95 63 44 44 49 61 6 59 97 78 71 51 76 68 3 51 5 36 99 33 9 31 18 2 69 13 64 33 82 44 21 28 40 84 81 27 63 44 27 57 46 7 59 93 61 36 35 9 14 50 62 52 38 88 19 89 73 1 71 55 87 87 98 52 92 13 74 73 59 53 78 31 22 46 30 62 37 87 18 49 12 76 64 30 93 86 34 79 43 14 36 86 11 72 10 17 85 78 61 33 39 66 39 60 4 75 32 72 4 49 61 70 53 70 64 23 25 57 86 85 39 45 80 89 87 29 94 3 30 62 83 36 5 36 49 20 24 62 20 6 
58 53 96 68 11 39 56 65 86 1 96 78 97 1 99 40 45 24 77 87 58 35 91 56 59 51 5 83 94 59 94 65 31 33 10 99 73 17 12 38 60 93 4 62 5 16 92 28 83 57 12 41 47 87 74 47 67 67 90 14 42 73 28 23 83 91 20 16 74 14 10 33 31 42 73 65 99 72 35 16 96 70 7 95 60 59 67 40 63 11 17 40 80 97 63 71 46 4 94 66 68 71 99 86 48 24 27 80 63 70 45 48 75 69 61 11 37 15 72 44 13 81 21 50 32 11 22 38 44 80 27 90 22 72 41 46 89 91 79 90 33 2 78 81 18 36 63 44 6 66 69 78 12 75 91 58 42 47 31 70 6 98 71 23 52 28 68 72 3 58 33 12 57 8 65 46 48 49 28 79 7 86 79 74 56 98 78 47 35 25 90 22 54 12 67 29 90 1 88 69 70 15 16 20 3 20 43 87 57 93 93 59 64 93 30 77 9 22 55 18 81 84 8 94 81 36 19 36 52 5 12 83 67 20 13 16 16 17 91 28 1 23 54 24 49 28 53 6 62 91 86 9 69 82 69 67 76 31 46 29 35 73 64 12 4 66 67 36 26 4 62 38 4 97 62 42 50 87 61 29 77 16 90 47 40 65 92 28 93 85 65 91 49 29 73 60 23 17 43 34 
47 33 15 60 86 9 61 10 3 18 65 22 14 46 80 24 44 30 10 45 22 98 80 99 23 76 75 41 67 41 33 36 5 16 51 87 67 56 85 19 29 52 26 10 27 33 91 57 87 29 94 99 82 97 53 23 69 80 45 53 75 41 16 58 78 77 78 86 35 38 23 53 62 79 72 92 9 33 16 61 16 33 53 13 24 56 39 97 12 51 36 35 21 58 97 74 25 99 11 69 74 91 26 61 20 5 6 12 80 38 70 44 66 67 74 91 66 9 12 17 26 90 3 4 76 69 71 58 53 83 71 96 69 90 31 82 33 23 76 63 97 75 62 74 55 76 82 45 27 65 41 69 37 17 15 23 44 51 91 45 20 17 21 36 34 77 1 56 19 13 0 12 10 10 24 52 46 22 45 68 87 3 17 7 83 71 75 32 61 55 68 96 97 73 66 4 86 30 90 12 40 74 35 40 8 9 43 1 19 89 2 31 94 37 89 75 86 46 64 84 62 36 35 2 8 79 49 92 38 34 74 45 78 60 84 1 8 77 32 10 70 15 2 47 96 17 64 79 17 88 2 41 50 45 15 79 89 83 23 37 5 73 22 7 60 9 20 1 92 22 94 94 79 54 0 11 73 65 3 21 64 62 84 82 22 11 25 7 60 16 12 22 30 2 26 15 98 14 26 88 
46 51 90 97 38 88 57 59 1 3 61 32 59 20 11 56 79 62 5 63 21 31 15 39 91 83 1 80 15 87 88 84 49 49 3 91 91 7 76 7 92 92 83 5 21 2 26 29 17 30 82 14 24 36 41 61 67 6 56 6 25 59 70 63 17 97 10 41 30 64 70 84 23 27 37 55 84 32 46 44 0 15 45 57 70 55 1 71 97 40 18 61 15 84 9 72 25 81 42 78 63 26 54 61 0 78 50 66 31 53 26 89 25 56 5 19 73 35 84 97 91 85 12 6 61 32 81 72 91 57 57 23 79 83 53 22 32 79 2 46 59 34 31 29 18 94 95 20 62 74 85 11 56 45 14 32 84 60 73 66 54 87 32 26 16 45 35 28 92 35 71 32 14 23 33 75 41 73 42 40 22 58 41 30 64 27 59 24 90 80 74 70 94 98 73 33 64 5 3 54 50 90 19 91 93 92 11 47 52 9 63 56 43 92 95 85 19 76 7 24 96 24 51 80 51 89 76 88 89 79 6 16 80 56 34 48 40 33 49 82 9 50 29 75 39 68 96 49 93 73 43 10 42 39 77 69 34 29 92 89 81 35 31 79 85 80 29 57 16 21 76 55 2 83 74 93 36 61 36 72 55 99 7 18 77 67 0 52 81 22 30 34 6 60 71 82 96 83 39 4 
95 53 60 58 57 34 15 6 12 73 46 21 71 77 98 42 35 62 7 26 65 79 58 83 14 64 97 45 87 86 25 65 38 81 41 56 25 93 2 71 22 18 67 33 78 30 5 76 34 1 58 29 90 10 31 86 72 5 50 65 21 79 7 78 18 73 65 63 62 93 35 36 74 69 42 98 41 81 72 40 36 80 91 15 29 29 65 25 60 32 14 85 30 90 88 13 26 21 59 38 88 29 41 47 23 50 28 11 58 63 38 80 59 82 79 48 48 21 65 11 42 45 12 89 14 53 5 98 29 32 85 14 19 43 37 78 43 69 16 84 27 40 95 74 62 13 77 98 17 74 95 81 98 31 77 77 69 98 77 23 53 4 11 73 43 1 99 96 21 25 75 2 78 16 96 94 92 23 38 55 34 44 6 34 24 96 12 26 59 99 53 38 33 51 50 38 40 16 90 66 57 0 49 64 5 95 49 70 43 93 29 83 1 27 11 62 28 34 30 23 76 94 68 26 53 10 54 82 94 0 66 10 72 64 53 14 38 52 21 32 26 15 88 88 81 50 41 53 38 90 50 69 16 59 19 60 81 69 82 15 85 33 76 15 32 6 75 40 35 32 33 99 65 72 95 60 5 14 57 60 62 32 1 70 72 44 90 43 1 35 99 35 94 67 20 62 54 69 48 43 
91 19 0 24 68 34 35 30 3 91 7 26 92 76 51 20 34 64 24 39 45 6 81 10 99 89 29 93 70 83 76 35 94 61 27 49 59 19 4 7 70 85 30 91 33 97 71 51 27 70 54 40 61 28 7 54 45 92 52 43 61 62 71 2 36 82 41 17 42 72 1 14 34 8 90 88 75 20 13 73 8 87 35 35 13 70 97 65 77 4 33 80 89 8 51 46 5 37 64 61 41 17 71 15 87 35 8 48 88 89 66 12 31 7 52 71 45 52 16 79 1 21 3 29 36 11 11 14 57 88 1 11 25 38 93 22 21 83 64 59 26 36 26 68 18 57 72 25 53 13 0 46 95 43 54 45 92 43 17 63 44 65 90 22 80 34 24 92 28 41 57 10 91 13 64 87 56 71 28 35 82 51 24 96 98 41 31 76 71 34 9 27 54 69 19 82 7 27 64 24 96 26 48 12 33 92 93 27 28 83 4 67 22 76 73 1 81 57 42 35 31 67 5 20 71 36 71 72 91 55 48 99 18 33 21 5 22 96 97 24 56 66 11 85 51 57 70 43 86 97 14 93 46 5 58 34 80 5 51 99 62 79 20 3 76 89 15 30 5 2 67 56 19 28 81 75 55 14 84 88 16 10 32 50 39 5 31 3 63 21 22 67 38 47 2 74 95 57 62 14 
46 74 71 85 69 45 43 55 12 18 50 75 39 11 7 70 18 7 29 77 2 29 5 73 50 22 51 60 92 74 51 85 61 64 50 46 18 33 9 5 40 31 17 57 91 22 40 74 3 71 95 48 43 79 76 12 41 26 2 47 85 76 94 63 78 8 52 56 50 75 87 31 13 63 73 97 40 61 54 81 66 44 15 86 36 87 2 36 9 97 28 9 24 71 94 97 9 29 64 5 41 92 71 35 82 15 9 3 18 57 66 72 91 59 45 41 55 79 44 62 65 96 44 26 28 34 12 98 82 4 83 0 3 76 52 12 83 39 30 95 25 70 80 54 82 36 54 73 82 46 17 0 1 99 40 88 40 83 99 71 5 61 44 54 48 51 4 91 0 39 43 6 94 0 27 95 55 47 82 52 92 15 94 25 93 5 76 1 46 96 96 15 38 52 92 97 85 49 31 87 33 43 65 43 83 47 60 59 42 52 8 96 60 51 38 66 97 0 25 12 89 30 3 58 21 77 79 68 56 1 58 16 98 26 19 62 25 50 90 39 96 31 53 32 28 90 38 53 57 22 63 82 81 73 43 24 11 59 60 15 66 13 37 86 91 53 38 28 81 82 86 22 43 47 80 1 3 35 73 77 25 96 73 82 34 84 60 30 46 8 35 3 92 87 39 70 28 44 58 84 
9 24 71 56 65 53 26 86 89 28 44 22 73 66 16 28 56 93 63 23 48 18 46 35 68 36 29 31 5 3 58 54 39 53 98 86 24 21 99 15 94 11 11 33 89 96 23 80 91 66 76 7 87 70 70 99 36 35 63 98 31 86 58 3 57 88 7 47 66 43 82 96 87 1 25 53 10 69 67 47 11 4 55 55 81 99 30 56 31 70 52 89 68 4 51 42 25 16 25 39 81 31 67 82 2 78 59 15 18 59 96 76 92 79 38 26 64 95 51 13 20 91 32 90 25 86 5 63 98 60 76 91 15 80 19 68 76 66 12 17 83 52 29 32 71 67 96 48 90 96 4 90 73 19 32 45 27 52 95 99 28 13 6 90 59 76 78 31 9 84 5 85 51 93 30 53 86 11 83 73 54 31 99 51 89 46 68 24 48 70 34 61 38 39 48 88 16 57 55 53 2 62 53 39 24 78 32 57 74 61 15 50 40 48 16 5 68 0 47 65 78 64 14 9 82 2 33 98 80 12 39 36 85 94 25 25 80 58 15 76 72 67 65 87 76 79 17 71 6 45 70 28 88 41 30 11 11 73 75 90 86 84 90 88 56 13 81 89 17 35 26 16 46 50 61 22 9 80 27 14 3 48 24 3 97 99 86 80 41 25 82 35 90 7 74 27 45 55 40 66 
46 31 90 31 98 65 90 53 70 54 56 45 19 14 58 76 79 88 59 75 25 99 87 62 28 59 70 23 14 91 11 57 95 55 71 85 58 10 29 75 0 30 16 52 50 83 75 26 17 41 69 33 9 41 78 61 84 13 24 84 57 31 57 21 7 3 76 84 96 79 77 8 60 21 91 31 56 99 68 62 79 82 7 32 74 31 2 19 27 25 29 96 68 85 39 14 40 90 49 86 71 74 63 37 90 24 44 63 98 74 25 87 81 18 74 3 68 23 95 48 71 71 80 29 74 70 0 21 37 18 79 86 15 29 67 73 82 62 39 35 66 91 53 97 55 11 42 47 4 3 55 61 49 11 50 26 63 2 13 52 54 41 58 97 88 52 28 89 45 38 53 15 17 72 53 84 17 11 26 82 24 65 95 57 10 96 82 44 27 37 73 13 96 68 21 6 86 85 10 51 29 43 70 80 76 3 48 5 63 83 14 99 42 67 94 36 48 27 65 50 54 98 33 40 85 27 77 77 1 6 3 57 43 90 77 89 30 45 19 7 5 15 35 38 96 74 50 27 44 60 22 88 0 47 69 96 90 30 41 90 25 1 80 63 72 79 71 74 34 25 37 99 40 50 93 16 32 85 87 81 59 35 22 50 53 46 80 37 99 12 70 34 50 84 16 87 19 26 23 16 
42 45 67 19 42 46 95 28 20 74 18 82 68 16 73 5 29 64 59 15 45 95 28 8 64 48 64 11 67 2 78 6 36 71 92 69 4 85 94 46 2 11 51 75 66 14 90 32 16 68 85 11 46 17 18 93 91 80 47 43 18 0 55 12 38 76 57 9 71 0 13 54 49 41 77 31 59 98 94 23 99 68 67 68 68 7 20 11 20 46 67 85 87 29 79 83 31 0 62 61 30 11 53 17 65 76 85 18 38 56 48 15 56 38 64 22 93 9 51 97 1 40 92 35 38 55 50 10 95 55 34 43 88 89 85 6 18 0 18 97 43 96 57 87 41 91 97 70 51 90 39 64 88 99 75 52 86 58 43 29 78 89 86 67 35 64 22 10 12 64 41 27 94 10 64 99 64 11 46 7 89 72 15 38 67 27 64 25 93 12 38 88 96 85 57 39 74 46 52 24 15 26 82 56 63 78 54 24 7 50 10 85 2 57 24 53 20 64 94 1 38 71 57 48 61 64 80 29 24 68 2 88 91 76 52 0 2 67 87 41 80 28 81 20 0 6 10 24 29 54 26 24 50 81 29 80 49 50 7 32 55 82 41 90 40 11 27 32 79 30 94 10 97 72 9 25 78 63 64 76 12 76 12 66 35 68 57 1 41 3 81 41 50 60 44 63 94 95 0 87 
46 7 47 72 33 12 99 3 44 95 14 15 80 15 90 96 86 17 19 1 43 87 6 75 77 62 60 14 50 95 95 66 3 90 32 42 64 42 18 23 22 20 97 21 81 23 31 5 11 63 31 90 64 33 7 14 52 63 48 31 34 85 55 55 31 90 30 48 29 66 84 44 20 76 57 52 58 24 53 17 66 96 86 84 13 46 36 34 71 64 37 15 43 71 13 80 60 9 76 63 38 22 77 58 58 20 13 50 25 42 73 85 92 90 48 9 28 99 96 40 82 49 66 41 38 98 64 21 71 29 68 69 30 49 98 81 76 64 54 62 21 8 94 52 7 74 24 7 15 65 20 95 14 54 49 66 41 14 89 52 93 91 50 65 41 26 75 62 27 40 15 17 27 87 76 94 49 96 95 30 12 59 31 95 45 39 67 20 82 34 96 47 4 51 7 56 44 34 91 72 13 95 69 85 77 15 41 12 4 92 80 4 21 28 6 93 68 11 18 85 16 48 80 6 30 88 63 96 5 21 87 48 19 71 96 52 16 96 63 69 6 81 8 75 13 91 49 40 28 3 2 48 30 10 66 87 82 68 49 12 29 43 94 20 14 54 15 82 48 74 42 57 6 73 14 58 87 37 19 13 47 99 26 46 82 81 97 80 47 73 6 80 80 87 1 14 12 89 90 78 
77 25 35 29 36 94 75 86 77 22 68 18 67 67 71 22 91 25 42 4 71 40 9 21 95 15 87 50 79 72 22 60 8 96 57 0 43 25 39 66 82 10 70 89 78 31 29 36 45 6 96 36 73 29 83 98 68 89 89 6 62 86 55 24 7 40 82 46 25 66 65 18 2 96 90 21 50 66 27 88 28 95 8 15 25 48 87 19 1 74 2 64 24 69 72 79 80 45 3 3 29 72 82 43 97 50 87 39 74 70 37 59 24 98 85 45 15 60 22 41 52 74 12 23 43 75 30 76 57 99 6 72 83 81 97 79 99 74 2 94 81 57 36 8 17 89 96 86 11 83 63 27 55 92 56 20 82 13 61 79 72 97 71 12 63 87 23 52 68 41 46 98 29 96 76 72 23 13 93 99 33 19 96 89 1 6 4 46 49 79 36 32 56 5 66 80 30 3 43 94 33 31 41 96 49 11 16 30 55 54 91 35 49 93 6 80 17 26 12 57 36 20 35 88 41 53 46 23 58 29 54 80 52 88 7 87 57 41 57 10 59 95 59 7 40 76 27 35 29 33 60 37 51 74 11 79 54 78 27 21 72 49 55 66 50 95 22 35 21 16 71 16 16 26 92 25 40 70 63 30 96 15 18 31 18 59 60 47 93 88 18 78 12 70 55 20 52 73 83 68 
53 50 4 97 71 69 75 92 94 85 93 89 74 56 49 78 77 52 13 82 17 90 15 31 67 17 38 87 80 10 16 7 86 12 15 12 98 53 83 41 35 27 34 13 19 47 39 47 80 81 15 15 86 98 37 75 39 34 23 90 56 66 1 99 30 54 30 69 75 74 17 30 5 82 82 81 51 85 97 33 99 58 45 59 92 94 65 66 18 89 43 29 2 37 10 20 14 19 86 49 76 35 32 14 70 59 36 82 26 98 90 28 87 86 96 68 59 31 98 25 38 30 33 21 4 87 70 11 82 33 58 15 43 38 10 9 68 85 36 87 28 54 42 16 10 51 64 76 12 29 65 63 17 65 74 85 81 51 69 35 27 10 99 71 15 89 88 27 29 42 32 40 78 89 35 78 54 59 20 31 5 48 13 56 22 81 50 93 16 2 84 57 55 83 32 37 27 33 28 73 92 32 45 1 90 43 74 57 17 71 8 20 59 47 19 41 1 59 20 25 95 48 83 95 60 40 58 10 21 82 18 15 49 40 6 39 81 59 90 21 49 67 81 79 95 27 47 80 21 27 16 74 65 65 89 3 12 53 12 62 64 20 65 79 4 42 84 1 36 18 1 3 80 46 31 88 31 21 84 36 60 37 47 75 42 36 19 92 1 81 11 11 92 98 38 91 12 30 58 79 
65 0 51 62 88 62 93 4 53 99 42 94 17 93 61 45 38 11 44 3 98 37 7 55 5 6 29 34 79 51 10 14 18 25 77 18 72 53 8 98 43 69 95 4 68 82 45 75 33 44 61 71 55 53 95 37 71 2 17 57 25 6 68 17 69 49 3 55 72 44 56 82 87 9 32 41 41 17 28 69 7 92 25 92 7 17 44 41 23 83 10 30 48 48 97 84 68 63 44 18 83 15 60 17 96 65 40 14 12 26 81 11 69 15 81 91 40 65 29 0 55 45 37 60 1 14 37 20 22 28 41 10 15 65 80 5 85 86 93 85 42 93 81 30 93 76 29 86 53 89 99 57 32 91 18 8 16 99 3 7 7 12 57 32 23 44 57 29 36 60 91 52 1 18 12 29 24 9 96 60 62 68 77 33 18 27 32 68 77 82 48 8 63 47 81 79 51 58 99 82 24 43 23 3 14 92 65 24 3 16 99 22 32 67 96 58 6 91 12 59 13 26 35 92 65 5 57 75 52 64 57 2 29 95 69 56 54 57 72 48 32 70 9 74 41 2 59 78 90 96 86 97 38 52 33 81 19 93 88 68 96 42 24 72 59 43 0 58 7 7 6 36 89 79 27 83 54 81 47 49 96 22 1 91 82 32 18 2 97 89 66 75 40 20 31 53 58 21 77 14 
79 91 47 76 72 91 72 41 47 24 12 1 83 21 97 12 87 90 41 28 33 39 77 35 84 17 19 83 98 63 87 93 52 76 51 29 23 53 25 5 17 10 45 16 38 44 7 60 83 70 58 45 32 28 58 16 81 3 68 81 19 10 71 60 64 52 76 70 41 51 21 22 2 36 83 81 55 16 51 96 9 3 70 83 30 7 43 83 97 68 65 8 30 33 96 7 30 25 61 51 61 39 53 4 63 86 33 65 53 97 8 43 24 43 81 18 91 2 88 95 50 21 6 70 65 82 87 84 49 24 12 37 17 42 41 60 41 96 76 47 20 51 47 49 70 56 70 1 52 39 73 36 2 62 92 54 61 67 92 9 71 61 81 35 8 88 24 53 59 22 36 51 76 42 95 94 2 3 26 96 75 80 65 23 71 70 67 56 91 41 82 21 91 4 57 33 66 40 35 47 52 8 8 46 5 74 69 19 92 91 8 47 26 23 60 99 16 83 14 49 85 92 85 61 57 41 40 27 19 68 29 99 46 81 64 10 59 18 76 59 92 86 85 75 67 4 75 0 84 23 58 20 13 76 91 60 29 43 65 30 31 42 87 60 40 26 13 6 86 51 17 75 6 70 65 11 60 65 54 95 37 99 63 33 6 89 73 10 51 71 81 29 98 67 81 78 22 43 43 67 
38 85 12 26 86 48 99 31 0 76 28 7 50 75 68 65 63 90 2 35 83 38 39 89 45 55 2 94 92 56 77 75 27 0 8 64 0 40 8 59 46 55 54 28 15 62 17 67 82 84 68 16 2 9 68 52 34 85 38 42 66 72 16 89 1 16 42 69 96 90 91 60 92 44 79 6 8 66 99 39 58 71 87 0 62 71 0 12 86 75 30 89 76 21 67 81 5 20 9 86 43 26 85 45 29 32 8 54 17 5 74 57 87 59 0 59 72 31 78 65 30 75 46 92 38 81 43 0 17 37 26 82 83 31 69 39 45 70 69 79 82 24 77 10 61 24 35 94 21 76 51 25 52 10 41 41 48 57 68 73 47 95 36 89 50 74 96 73 32 52 13 14 59 47 81 97 76 9 47 68 11 23 6 14 10 72 64 47 86 1 1 4 37 90 72 36 22 43 57 27 42 36 84 89 17 58 5 63 56 99 81 70 64 68 43 68 22 57 86 90 44 88 47 78 65 58 90 42 93 46 89 93 31 55 51 63 74 88 2 63 25 46 72 86 82 63 32 97 78 28 4 75 71 12 81 90 33 34 5 91 5 11 64 4 83 41 2 85 67 27 72 97 39 38 81 30 83 11 83 63 61 23 70 33 21 51 56 44 51 91 21 60 88 85 97 75 19 98 52 5 
13 13 18 45 23 67 55 77 66 6 48 97 54 12 27 60 4 42 27 61 90 42 68 20 13 37 13 31 21 65 10 30 42 39 84 96 95 60 71 96 82 90 88 84 11 4 75 77 78 69 63 99 54 96 63 7 4 87 71 6 38 20 68 96 40 21 23 53 76 83 93 18 61 28 35 47 79 43 76 3 17 40 99 37 11 72 85 50 68 43 76 50 55 73 81 3 2 22 63 28 87 2 8 3 18 35 96 22 6 76 7 50 39 14 84 24 97 89 32 35 27 97 7 55 82 9 93 76 39 32 35 46 10 90 97 40 81 17 19 26 40 89 11 91 18 36 6 26 48 34 64 85 84 65 81 23 1 80 5 71 17 53 48 10 31 19 95 7 30 29 94 49 25 0 82 29 41 6 24 82 28 68 62 9 91 10 90 72 58 73 77 2 11 46 82 32 64 0 63 19 25 82 14 65 41 34 76 24 40 76 7 81 37 19 98 85 52 53 33 62 63 82 24 47 81 55 60 41 59 15 52 77 74 37 18 90 65 19 70 5 3 18 98 85 39 87 3 12 16 2 18 63 59 1 19 77 3 79 78 72 63 78 71 51 38 46 80 83 39 82 99 54 94 24 46 72 99 4 29 90 17 81 91 93 90 63 25 61 69 72 5 73 88 10 51 0 23 8 20 16 
4 93 25 22 29 5 74 30 11 41 22 76 68 69 73 11 28 0 31 58 51 36 53 4 78 67 49 80 86 49 63 41 69 18 25 82 40 94 15 89 36 75 15 93 38 0 95 94 49 52 48 60 5 96 73 6 13 8 81 12 32 75 73 19 40 66 46 40 39 39 4 63 35 50 3 85 69 24 23 89 57 58 13 83 35 64 22 58 69 31 46 39 15 83 57 57 23 45 13 27 58 48 90 4 66 46 32 33 91 46 1 92 24 63 18 8 29 4 67 57 86 98 77 1 41 21 96 71 52 99 53 35 6 77 57 46 23 47 78 72 50 26 14 11 54 48 46 42 24 99 81 74 40 14 89 35 92 89 9 94 69 79 8 89 45 1 32 35 29 72 70 2 72 39 86 31 83 62 6 21 2 55 12 93 3 83 95 4 38 42 57 97 5 3 82 36 48 53 16 95 72 15 32 84 31 87 48 83 79 60 29 74 33 94 11 10 83 13 58 32 29 22 11 68 63 25 36 20 44 49 16 56 7 30 7 41 89 84 72 7 10 65 4 28 63 25 10 98 49 83 39 8 63 23 44 3 77 70 54 82 71 25 81 68 56 18 32 89 49 35 72 24 9 68 42 67 62 80 42 8 71 74 50 43 91 58 76 11 78 65 43 89 19 5 3 54 38 10 66 9 
3 64 2 97 6 66 16 76 72 6 51 72 86 71 98 81 41 95 62 11 98 76 68 37 95 33 41 83 5 76 26 4 87 83 54 3 67 59 86 62 59 9 88 63 95 59 76 94 25 53 67 4 1 37 20 15 82 68 99 34 41 54 56 78 89 51 97 28 54 83 67 97 2 75 42 0 65 65 7 47 7 74 62 97 83 18 12 42 54 95 58 67 30 21 51 59 13 90 74 38 97 42 72 46 93 49 13 47 95 48 0 99 63 48 60 46 4 93 79 30 62 82 2 50 20 21 35 40 43 66 34 76 23 79 96 4 43 91 4 81 51 71 22 7 53 24 48 15 61 38 86 55 6 85 22 0 92 70 21 72 47 68 33 99 91 71 0 59 46 16 63 21 28 35 34 85 85 34 19 17 76 67 49 54 70 11 51 40 60 52 13 4 41 8 2 38 95 34 27 27 73 62 75 99 58 76 15 47 84 30 72 7 42 63 11 90 86 58 64 78 69 22 38 42 90 13 14 73 26 20 50 89 84 47 36 59 0 34 6 33 56 83 20 85 20 45 5 56 2 4 74 27 64 5 81 92 76 32 44 25 40 81 64 48 16 48 45 22 84 17 71 42 22 54 7 96 28 70 22 39 82 86 37 14 87 61 17 18 60 2 13 60 93 45 22 9 91 93 79 55 
37 72 65 70 23 87 92 63 92 30 75 19 38 56 48 79 84 22 47 14 91 77 49 61 73 35 0 98 78 94 85 67 15 49 97 73 41 82 72 54 62 53 71 8 31 89 76 39 93 88 27 66 27 98 83 49 68 84 97 41 65 86 88 17 11 66 38 40 50 55 82 50 96 38 3 79 39 47 64 21 24 94 4 94 46 92 91 26 62 92 6 90 85 23 52 1 79 75 13 81 65 78 35 6 9 54 26 95 87 76 96 97 48 18 51 4 75 9 54 7 76 95 6 59 56 11 80 35 44 6 5 7 85 74 82 94 20 74 50 20 84 41 98 88 37 98 27 38 54 15 28 48 92 0 38 22 12 79 16 8 26 18 23 51 96 56 84 59 47 4 8 75 53 98 68 21 94 83 21 63 38 99 76 86 27 85 97 83 99 71 13 87 46 74 31 15 93 20 73 59 5 88 26 11 1 19 78 36 57 56 40 40 37 1 67 36 30 92 4 40 83 86 67 20 22 79 16 54 92 18 56 1 74 8 52 40 50 63 9 53 61 3 21 92 70 13 81 90 47 74 3 87 75 14 73 64 40 33 59 93 21 18 82 30 70 82 25 3 71 43 13 69 6 78 19 71 41 82 1 53 92 15 61 44 38 57 76 90 14 80 95 11 92 43 70 40 37 31 42 67 
15 91 53 91 61 43 51 57 38 77 19 40 12 70 70 25 18 8 56 10 98 95 85 20 65 38 53 2 88 44 91 96 20 59 61 76 20 56 57 59 93 83 68 75 14 33 80 44 38 15 0 17 3 92 80 24 52 99 98 33 65 14 83 82 37 55 51 50 84 85 64 76 26 38 56 35 12 30 64 4 10 73 72 14 44 89 57 24 9 74 82 59 45 40 18 78 30 35 69 60 17 64 61 9 38 2 94 31 13 26 85 74 90 36 9 85 35 3 12 47 45 67 25 86 36 52 25 63 83 10 39 91 80 63 91 48 39 89 39 95 25 25 33 80 18 42 55 54 87 26 36 50 82 65 82 98 15 56 84 82 28 45 58 77 67 60 23 80 98 29 18 63 88 94 16 81 50 48 61 94 76 49 9 83 25 46 53 89 84 22 70 70 77 60 33 61 72 29 48 54 60 75 36 56 42 11 7 58 58 66 52 20 82 70 68 60 99 4 11 33 17 27 16 27 27 91 41 31 89 18 51 80 87 99 0 1 91 18 30 93 63 92 59 29 77 19 77 89 2 52 4 50 52 82 73 77 20 62 2 56 8 13 71 29 57 93 95 39 7 96 36 93 31 45 91 24 69 33 51 68 56 61 51 66 59 5 22 13 53 16 43 11 19 1 6 65 65 33 45 89 
90 61 66 94 83 95 60 89 67 84 3 63 28 17 49 23 5 46 67 14 35 18 65 88 80 1 9 52 50 18 49 79 44 69 51 25 52 32 21 88 41 12 97 33 69 62 30 8 94 94 67 92 56 52 75 87 46 78 26 11 6 66 80 85 2 40 80 13 20 33 2 26 28 96 92 63 77 89 73 18 89 5 6 20 90 54 54 21 69 92 61 94 40 79 81 60 30 69 32 10 21 94 72 22 69 18 0 68 35 14 58 28 92 43 26 33 95 80 62 13 69 11 73 43 40 50 9 35 93 17 12 97 34 30 7 72 94 60 30 24 39 69 78 90 34 72 24 91 41 6 90 68 66 2 47 0 78 54 23 86 56 52 80 85 54 47 58 53 77 79 42 36 1 42 97 4 11 91 59 87 83 95 78 97 76 7 55 0 74 57 92 34 49 74 87 78 95 31 14 80 80 30 23 66 85 72 86 79 87 37 9 4 24 96 71 92 83 32 64 40 32 73 24 78 66 91 73 41 84 59 43 53 5 43 18 13 99 85 26 2 23 86 10 22 82 45 21 89 3 90 62 74 4 39 2 26 70 10 8 68 65 27 80 49 50 12 26 62 71 95 0 42 45 14 27 17 60 30 51 5 16 96 30 93 22 11 83 35 85 76 45 50 62 82 5 19 45 39 40 63 
77 34 5 6 46 33 76 90 6 26 30 31 3 4 4 74 38 65 98 4 38 37 35 0 83 62 7 95 53 58 76 63 6 88 41 86 18 26 32 40 52 95 29 71 42 64 79 95 16 65 16 45 55 13 44 0 20 85 78 22 70 77 5 98 64 64 15 46 86 83 63 60 14 51 65 74 10 38 40 91 5 90 52 46 91 56 4 21 9 28 53 86 88 6 91 5 8 17 43 99 40 22 59 1 89 31 58 3 88 52 95 26 99 45 23 76 2 25 0 63 6 83 73 90 3 56 91 79 43 96 15 36 34 4 1 15 55 19 71 27 14 3 11 97 80 82 88 14 44 14 76 59 15 34 21 7 71 10 81 44 19 65 28 57 54 24 28 42 73 58 5 96 66 58 76 55 74 13 84 49 69 85 63 64 57 12 22 63 84 53 96 85 10 40 53 43 58 48 34 23 55 42 39 40 83 55 7 84 91 30 83 51 98 39 53 31 62 7 3 57 98 41 29 49 63 28 32 48 61 78 39 89 26 49 21 98 36 0 8 29 58 80 68 99 49 47 96 6 52 89 38 1 38 97 32 44 45 87 53 47 15 51 88 36 60 16 45 87 67 70 74 61 14 32 60 18 71 83 62 99 57 55 36 20 22 19 76 75 42 91 9 81 35 11 81 53 83 27 9 38 
11 77 90 48 85 74 22 78 48 53 47 14 27 49 83 81 3 69 93 37 49 41 31 80 75 34 41 91 33 90 17 23 72 73 67 18 42 46 59 94 29 74 72 13 24 70 75 96 70 16 40 90 82 85 61 79 78 0 53 94 0 28 50 94 18 73 38 28 41 8 46 22 60 26 48 90 62 8 75 26 73 96 29 54 1 94 80 59 60 28 88 3 87 90 64 84 49 71 62 29 86 8 36 3 23 29 77 0 4 65 92 38 94 85 27 82 86 26 42 47 33 71 43 21 14 76 50 32 1 89 88 70 29 9 89 52 29 71 48 60 94 34 42 12 52 59 99 13 65 55 11 47 10 21 37 8 48 2 76 59 2 24 20 22 6 0 36 93 89 11 79 77 55 95 43 77 58 97 92 88 46 46 23 75 33 2 51 92 43 8 56 96 21 40 21 21 33 21 49 66 45 79 78 59 1 79 30 0 30 52 83 6 21 47 21 60 11 14 85 58 98 86 67 19 84 72 80 99 79 64 45 56 76 37 73 7 87 72 1 97 79 8 72 95 66 93 89 5 88 20 98 21 61 79 4 16 56 26 72 49 22 72 44 23 86 53 18 47 21 44 37 29 17 21 46 11 2 42 20 62 37 93 7 22 97 88 29 20 98 76 34 22 63 15 42 5 51 1 28 69 
24 20 21 66 20 19 21 39 3 68 78 92 96 70 19 32 20 29 46 6 68 31 57 2 47 75 73 20 43 20 69 93 34 12 78 27 0 97 67 58 55 0 70 2 7 92 99 83 91 74 68 98 28 7 58 30 36 93 48 31 66 53 69 98 72 84 39 69 97 52 9 8 96 18 9 76 4 42 66 35 90 79 83 61 0 87 77 13 44 57 17 79 24 49 78 88 6 19 81 34 87 57 6 26 44 26 82 79 93 67 69 9 10 23 82 42 78 93 45 83 93 14 4 14 21 24 1 3 57 23 47 37 42 13 27 7 33 43 18 50 41 50 76 56 93 67 66 61 49 79 14 33 97 30 75 34 89 98 41 4 23 82 94 42 2 63 43 75 49 79 52 41 84 48 46 20 64 31 10 22 0 74 34 86 43 19 35 15 33 62 15 50 54 77 50 22 72 54 44 18 23 92 61 17 53 85 31 6 32 15 95 70 89 6 38 26 75 54 31 7 83 74 74 29 48 36 82 96 86 97 42 85 3 31 93 52 18 57 40 17 84 79 13 29 99 43 53 65 12 91 48 77 36 64 52 54 87 74 35 24 50 45 46 84 53 64 39 1 6 60 37 45 27 63 91 33 18 84 97 76 96 74 17 66 61 65 9 36 34 97 24 19 62 18 16 85 85 74 63 61 
49 61 45 83 15 98 33 64 94 7 42 95 78 34 68 27 17 13 98 11 32 91 42 96 92 76 7 54 95 39 39 10 43 65 45 82 83 97 52 13 11 82 89 48 62 53 13 61 67 11 95 47 43 33 52 19 70 42 60 86 27 49 76 35 85 80 73 54 51 32 32 84 86 58 94 65 1 1 1 12 73 5 63 69 46 51 59 1 30 82 46 1 73 85 65 0 97 82 24 43 87 91 64 90 65 47 36 93 93 35 56 98 94 69 27 69 29 28 11 25 67 62 54 16 9 79 28 86 76 83 82 82 39 81 17 26 29 36 83 16 23 63 73 89 21 88 2 93 36 66 27 91 13 51 36 10 59 83 69 12 46 34 24 38 75 32 62 61 22 47 1 43 55 80 25 28 16 78 57 55 23 51 0 44 60 25 95 56 64 36 29 47 64 20 18 36 75 90 48 45 25 70 3 9 38 4 91 72 66 95 88 62 94 60 65 35 72 55 95 52 10 99 56 1 20 65 19 62 35 92 63 4 12 66 68 46 34 69 88 88 27 94 14 46 73 53 31 0 73 59 26 64 3 49 41 32 36 61 8 99 35 90 70 46 61 99 94 83 57 28 44 20 55 4 11 40 97 78 13 47 23 15 97 48 97 15 13 76 66 4 56 56 71 59 69 17 47 68 5 71 
33 93 26 28 70 89 12 31 16 34 68 69 46 44 79 22 26 52 75 75 64 26 28 7 52 61 6 15 73 47 82 62 72 23 74 45 57 49 77 8 99 11 59 97 98 34 61 0 76 31 8 91 81 94 8 15 36 6 30 11 17 6 29 65 68 0 5 86 2 88 85 49 99 79 59 43 35 9 98 58 13 7 27 23 69 81 7 76 1 31 68 26 14 90 41 87 95 90 7 76 22 78 77 64 78 67 44 0 46 32 28 30 88 61 61 88 44 95 26 47 69 88 50 19 4 11 39 28 76 82 75 81 34 62 81 89 22 55 1 67 49 1 47 50 97 21 42 9 21 80 88 11 14 17 48 98 87 21 98 17 51 16 14 19 84 53 84 54 58 42 55 25 65 14 80 41 20 71 77 90 18 83 9 12 22 77 43 84 67 36 19 77 8 52 68 82 90 67 62 21 1 14 73 64 11 80 7 92 89 83 15 11 78 90 99 27 67 13 23 3 76 79 94 60 51 37 87 40 94 24 52 77 13 9 64 54 38 34 27 86 80 44 75 69 18 87 16 54 0 94 47 2 50 43 70 10 32 72 66 75 46 12 46 71 37 88 7 42 93 26 37 99 21 99 90 99 44 99 48 60 57 1 51 98 53 24 19 4 55 42 35 47 20 54 23 46 33 63 27 21 
62 30 21 35 56 44 59 50 37 50 76 34 22 77 45 89 49 86 74 77 68 53 35 62 62 15 28 42 45 98 84 62 88 68 85 63 41 63 95 85 73 40 0 62 63 45 42 18 2 96 19 94 39 29 13 2 79 59 88 91 29 44 49 77 86 90 32 42 20 56 81 40 93 32 79 59 28 16 37 5 9 96 65 45 17 88 58 62 79 54 24 90 25 74 99 31 34 52 16 64 14 46 11 67 3 31 61 2 13 23 92 51 28 56 49 52 64 56 97 15 38 4 84 62 89 80 85 91 43 16 50 78 29 43 46 95 44 9 24 25 2 82 43 31 89 89 94 63 29 22 67 12 92 48 67 56 93 38 0 41 89 8 5 31 86 73 96 95 57 10 29 63 87 65 39 69 50 43 85 52 73 90 11 81 13 68 1 87 57 80 75 9 80 30 9 63 22 21 73 87 9 78 99 73 49 64 64 98 69 2 62 61 75 52 78 30 73 6 3 27 18 90 51 36 93 16 84 75 24 18 32 0 71 60 12 13 14 54 45 61 37 17 20 22 26 20 28 44 8 83 81 80 58 3 39 69 66 3 68 66 23 22 66 40 13 78 72 98 23 32 51 82 41 81 84 93 72 89 24 86 18 83 98 43 79 12 64 73 36 34 97 92 5 39 79 30 2 86 72 4 
37 51 53 30 7 18 29 32 68 45 7 32 72 97 79 7 31 25 86 86 11 55 28 42 69 62 78 63 38 73 96 8 62 44 4 83 86 60 60 54 21 26 88 67 0 50 68 92 12 74 72 62 60 12 76 95 63 75 47 17 20 3 19 73 88 70 23 32 98 39 36 8 57 89 88 54 4 75 67 47 68 6 35 29 17 90 79 27 82 42 43 11 46 39 6 63 86 4 75 78 63 59 74 65 43 41 66 5 46 34 7 47 65 59 22 61 20 77 98 10 76 51 66 10 15 83 80 34 43 41 64 3 29 55 49 25 3 84 27 41 92 63 38 64 46 87 58 12 99 97 23 9 72 41 19 57 20 37 54 7 97 98 33 98 16 72 94 20 5 64 11 57 32 4 1 30 39 35 42 46 56 10 62 83 79 74 15 40 91 42 99 26 67 11 35 68 36 90 97 75 1 86 1 33 32 95 95 6 19 63 11 37 22 79 83 57 91 60 73 91 53 42 76 33 85 68 29 23 73 21 69 73 92 6 53 90 51 18 45 47 48 87 81 75 60 37 45 78 17 99 54 23 34 16 37 98 3 44 80 93 40 53 51 31 60 32 33 95 13 51 30 38 65 74 35 23 0 56 96 58 13 45 94 55 27 82 25 84 85 1 95 82 47 37 34 87 38 28 42 24 
9 15 55 54 94 13 2 58 5 40 9 37 88 37 64 55 86 26 5 52 47 53 91 36 7 34 71 15 74 73 63 2 97 61 15 71 8 80 49 35 67 1 16 84 28 66 48 36 36 69 68 20 53 69 20 53 97 36 37 47 97 72 78 27 0 51 95 89 93 35 85 86 14 14 36 58 38 77 4 21 34 71 63 6 79 69 77 37 60 43 65 74 53 13 15 14 6 75 7 5 54 26 93 55 38 64 14 19 7 34 25 10 31 28 93 86 58 60 34 2 35 87 46 83 36 4 75 52 36 66 82 42 11 53 94 35 95 71 53 52 2 25 86 84 14 71 87 63 28 4 33 78 32 71 94 61 57 5 98 11 40 56 13 20 97 35 55 21 78 87 78 36 6 85 60 66 37 70 1 5 86 47 91 73 90 37 78 81 7 99 67 2 71 17 79 52 30 81 77 30 5 40 40 47 89 40 38 92 51 95 74 72 73 22 67 69 12 27 96 85 96 19 3 85 13 52 21 13 44 51 8 48 33 89 12 54 66 0 42 43 4 55 10 89 43 17 59 64 4 54 0 73 79 54 69 29 51 75 66 39 85 25 31 13 83 0 94 87 68 94 72 77 79 94 98 3 6 4 39 29 1 33 33 71 64 41 2 49 63 28 71 31 19 66 7 37 73 7 5 77 
41 10 5 33 26 27 90 62 17 42 20 53 39 54 28 5 3 43 13 37 67 96 12 80 25 32 35 10 21 15 93 5 84 47 85 56 24 4 89 6 43 44 58 63 86 35 45 26 36 7 87 30 5 99 88 6 30 25 24 70 77 96 28 57 5 31 3 8 86 79 60 4 42 79 12 3 74 37 31 47 15 32 83 43 27 56 28 26 48 38 21 65 91 61 67 8 68 4 20 92 22 77 91 52 13 60 18 25 3 88 90 42 40 71 67 4 75 61 11 51 70 51 15 17 77 92 33 67 82 95 8 24 45 90 57 40 40 30 18 62 70 88 55 13 31 64 44 18 59 8 46 85 72 28 2 32 17 71 64 28 69 56 73 33 95 81 94 90 59 12 61 21 5 37 46 92 20 3 96 68 22 30 96 96 46 20 85 93 22 83 92 57 6 86 70 90 49 52 63 13 82 53 38 90 37 38 38 38 56 99 79 14 4 59 82 45 64 68 41 25 40 88 42 42 49 43 21 80 81 37 80 22 77 82 47 70 27 36 68 3 69 54 52 96 81 3 83 23 82 60 89 99 79 41 94 1 39 1 27 61 96 9 84 83 88 51 92 4 69 39 28 35 40 18 52 99 89 33 0 47 72 76 86 99 83 8 19 12 58 57 27 11 67 44 8 98 48 32 18 12 
57 95 1 79 30 96 23 18 68 63 61 95 87 80 99 85 28 19 10 51 16 91 33 46 33 22 72 27 63 81 13 31 45 56 59 6 17 12 48 94 54 3 49 10 29 56 1 98 86 11 86 84 59 71 35 28 93 22 86 57 30 9 68 36 95 73 67 48 63 13 51 78 51 38 5 61 51 39 71 53 33 88 92 9 61 52 59 31 21 34 25 4 26 81 20 51 94 40 81 66 43 29 98 34 27 55 92 10 86 54 98 47 42 26 27 86 1 76 73 10 48 8 79 12 73 46 40 77 30 79 44 15 12 78 94 2 83 12 3 16 84 45 10 18 47 68 80 65 47 69 22 26 42 5 1 90 81 5 13 93 90 23 61 47 48 29 85 71 17 99 13 99 43 40 10 88 53 63 35 96 46 12 54 90 35 84 62 69 4 85 26 91 96 35 23 6 38 74 91 36 95 81 27 75 10 58 39 17 65 64 95 54 96 73 28 54 90 79 31 45 16 93 44 71 31 21 15 33 86 57 8 41 47 90 41 85 80 33 48 79 81 57 56 44 76 3 72 82 42 88 95 10 36 92 71 82 47 19 44 95 48 73 35 7 39 94 38 69 35 55 62 96 3 30 40 97 14 12 28 87 16 17 3 13 67 99 82 15 29 70 11 89 60 8 48 65 29 1 58 57 
34 65 12 32 30 81 88 73 22 90 73 20 41 4 90 38 95 82 98 39 87 54 36 6 38 28 32 59 15 50 71 79 53 27 35 25 93 4 3 96 25 86 94 82 45 62 85 55 55 29 10 36 6 19 66 66 86 58 75 78 56 54 30 54 52 89 47 1 58 32 43 15 65 64 85 83 20 34 40 70 63 15 19 33 66 49 38 81 85 74 40 52 76 62 86 35 71 18 31 55 52 5 56 73 99 44 78 14 27 74 30 46 19 38 64 99 80 67 79 28 1 71 0 64 66 55 5 65 34 71 84 32 71 59 15 78 35 97 50 72 52 32 55 7 35 8 26 52 22 62 42 78 47 99 66 99 52 60 19 84 13 20 5 19 43 6 52 31 62 84 85 71 57 97 41 78 44 30 93 83 74 31 34 59 56 24 91 95 89 96 13 60 64 29 3 48 28 89 86 27 14 82 2 66 92 97 65 70 56 56 28 0 74 35 24 36 70 71 35 27 97 26 31 90 55 10 61 99 50 26 30 90 49 88 66 93 47 60 34 96 0 61 67 84 0 77 0 60 19 80 65 88 33 47 4 97 7 99 68 93 33 67 51 73 33 57 48 32 76 49 78 58 20 39 20 97 58 60 9 47 45 10 21 12 79 27 25 1 54 47 55 97 69 37 10 87 52 92 93 72 
29 69 81 27 9 36 36 82 54 23 23 10 42 47 52 13 88 34 41 15 14 95 59 92 78 23 90 76 73 48 84 17 93 25 88 92 41 53 42 52 27 11 72 88 17 21 14 83 12 7 25 14 85 39 60 64 17 91 64 77 43 6 50 81 84 23 67 10 74 78 35 5 81 68 73 45 62 21 2 57 0 92 72 2 17 23 41 20 4 3 32 85 64 94 91 54 50 75 41 2 14 15 22 16 84 46 5 45 13 55 89 83 66 67 3 44 40 46 31 1 61 28 13 28 79 32 78 75 39 95 27 44 83 23 49 2 72 96 34 13 93 83 82 53 92 81 30 99 0 62 61 1 34 2 88 58 20 88 60 57 31 1 96 10 52 83 36 94 81 7 84 64 8 16 2 40 56 86 52 87 92 77 40 22 45 1 60 28 31 85 60 95 74 47 13 2 73 96 45 68 75 72 4 47 42 23 41 91 40 5 61 25 28 16 47 47 8 0 90 77 40 0 39 93 12 23 97 83 49 75 77 8 54 53 66 1 97 57 30 98 87 64 43 24 67 59 75 97 5 81 61 14 23 97 0 31 21 89 93 78 30 31 75 15 82 14 33 62 90 24 78 69 72 89 99 88 51 70 16 14 83 26 82 70 5 24 88 74 77 75 5 6 51 55 88 96 24 25 93 62 
89 80 96 85 5 13 32 85 39 68 9 10 22 88 52 73 92 85 18 57 25 48 56 15 60 22 7 7 74 88 24 26 74 43 73 9 61 4 92 44 71 90 63 79 34 91 28 79 77 99 51 32 35 43 31 13 22 65 62 13 93 81 91 41 78 7 72 46 80 65 59 52 68 28 97 59 94 27 22 41 97 80 19 96 17 1 1 73 83 36 57 57 42 46 57 87 79 94 62 47 34 6 2 98 68 26 36 33 48 59 73 2 6 18 93 52 73 30 67 90 4 39 73 95 79 95 36 77 7 6 18 8 63 69 81 56 92 84 11 30 4 52 42 38 42 30 22 20 9 41 16 61 33 98 30 28 98 50 68 46 40 3 25 1 67 3 47 36 76 50 31 20 68 74 48 18 55 83 57 97 27 52 93 72 63 56 51 99 22 62 18 94 4 63 7 47 86 56 4 10 5 27 7 21 49 33 0 37 15 35 95 22 97 13 2 73 68 78 73 32 38 54 74 50 42 84 95 41 53 16 22 36 45 8 28 97 51 69 97 87 5 56 72 47 54 13 2 76 41 81 3 28 36 87 47 69 77 16 30 60 34 7 87 76 14 1 90 19 79 25 32 89 24 44 94 73 30 44 77 19 23 66 90 34 71 57 74 67 19 97 23 86 98 20 11 50 42 70 60 7 
3 19 85 89 54 9 48 70 25 66 36 4 69 24 89 38 63 64 14 25 55 84 95 21 42 84 99 72 43 30 15 89 92 65 27 98 58 87 88 29 3 43 11 59 18 66 65 44 60 75 84 14 25 52 5 5 64 35 10 84 48 19 6 42 47 88 55 85 16 0 15 79 28 10 26 74 92 19 54 65 18 32 28 2 81 35 58 60 94 73 98 26 68 59 22 49 70 8 56 84 56 50 64 66 96 4 91 35 26 0 99 60 49 9 41 53 59 47 94 84 58 70 36 28 97 59 62 10 59 20 39 22 90 35 84 41 35 33 45 21 40 77 21 66 5 51 79 92 47 25 96 89 22 1 90 20 46 79 31 65 45 89 39 52 74 65 58 72 5 73 50 9 66 6 43 30 99 73 91 70 9 25 52 93 9 11 52 21 7 71 77 3 60 48 49 92 21 4 83 36 34 36 90 98 56 62 34 12 45 29 13 3 97 55 64 98 79 84 1 84 20 34 83 56 99 99 48 88 85 10 91 88 79 73 42 88 74 7 33 80 20 38 4 64 76 47 97 83 56 36 74 51 41 57 46 98 92 15 13 44 75 18 25 29 30 38 38 3 4 87 53 55 5 91 17 92 92 80 70 69 63 87 67 65 78 48 33 87 98 39 72 63 12 87 65 37 45 85 69 0 
6 7 18 60 42 49 95 52 43 23 29 91 58 96 67 91 51 35 85 54 45 17 12 5 66 30 36 2 10 75 48 58 28 51 55 35 73 44 3 2 7 0 38 93 29 25 14 27 33 66 17 44 57 31 46 62 91 79 34 60 83 67 83 22 30 94 0 97 40 75 65 64 14 51 62 35 94 68 10 96 38 41 22 11 58 66 9 19 57 50 30 21 14 63 32 62 25 98 99 73 85 48 96 22 38 72 9 50 74 94 80 18 71 79 27 25 41 46 26 22 82 82 1 79 57 29 86 12 3 9 65 3 11 33 65 18 73 74 62 85 53 38 71 6 49 89 5 30 24 27 48 50 65 1 35 33 63 6 51 0 74 60 93 39 26 43 35 94 26 62 41 33 83 42 88 35 70 63 68 49 64 4 16 0 21 81 87 68 16 34 64 48 60 71 12 78 65 90 27 81 88 21 12 28 13 48 62 9 84 49 99 18 14 42 94 74 84 55 61 39 96 57 48 74 3 50 65 92 66 90 48 8 65 92 9 52 57 2 79 93 54 78 27 49 60 9 37 63 33 7 94 50 19 23 20 58 89 20 62 99 64 94 35 34 12 2 76 65 65 54 83 78 59 72 83 67 20 9 58 56 32 72 70 49 33 83 83 70 24 30 23 97 91 28 43 7 33 98 34 69 
15 20 75 20 97 33 76 43 44 50 60 0 57 76 76 65 82 90 38 48 27 13 46 29 51 14 89 75 80 79 6 82 85 26 15 68 43 58 21 21 14 76 4 39 36 25 9 33 78 36 68 87 66 50 96 79 73 49 45 47 89 98 93 95 22 62 50 32 57 55 39 30 81 30 5 45 81 52 4 38 33 13 54 80 61 84 83 48 55 97 74 90 77 63 67 49 65 58 89 19 83 92 94 4 88 33 76 19 80 5 38 70 55 53 96 46 76 38 91 43 94 61 29 37 10 98 43 91 28 76 27 94 77 52 21 94 85 37 13 20 78 51 63 39 53 19 21 65 27 91 76 21 87 79 21 10 37 50 74 17 50 53 53 19 47 40 33 25 15 30 39 41 29 84 2 61 1 17 45 45 14 40 69 76 92 57 19 99 23 17 91 0 3 24 79 85 13 16 77 3 22 8 34 96 39 42 55 95 73 85 42 27 81 5 74 90 6 8 82 20 14 17 27 90 95 67 40 8 15 56 82 43 18 62 3 67 94 54 64 17 39 32 42 6 92 22 72 51 54 12 59 11 71 55 94 18 30 24 28 69 41 24 79 42 43 29 42 94 99 36 70 11 37 37 1 11 60 15 47 89 27 52 57 82 7 91 75 21 12 8 28 7 92 72 41 34 37 42 34 43 
7 56 0 73 5 82 64 28 75 95 26 18 48 50 74 97 81 69 94 21 9 71 48 27 18 3 15 42 76 6 24 80 85 2 44 76 77 53 34 75 82 59 78 61 7 60 63 82 36 20 16 45 26 65 19 23 89 6 22 23 65 64 44 96 16 13 6 76 88 3 4 64 6 92 42 19 27 11 70 27 62 93 81 69 93 81 30 89 87 61 58 87 74 27 17 12 34 86 95 67 6 92 94 65 53 59 35 71 28 99 99 52 2 28 68 14 11 45 61 45 42 28 58 85 72 42 59 7 54 33 94 91 27 48 75 80 81 23 12 41 62 24 9 31 44 81 30 75 13 51 79 5 4 90 31 13 32 94 43 25 4 22 29 3 19 67 16 5 61 55 70 98 49 85 17 6 92 96 95 64 61 68 48 11 67 85 60 12 84 71 29 3 32 72 93 68 10 84 36 62 12 86 13 88 5 60 31 80 66 36 98 34 21 64 85 2 78 67 70 69 66 97 72 39 98 25 97 60 96 36 52 5 8 33 84 38 46 87 82 14 38 19 79 16 19 42 98 11 97 13 92 48 9 63 49 96 82 39 14 70 41 63 32 13 64 96 36 49 24 79 94 98 92 11 91 54 85 48 54 97 99 19 99 90 76 3 59 59 40 27 35 27 69 77 39 27 48 99 28 71 
83 52 12 22 60 5 22 37 10 92 42 16 46 65 3 81 33 15 63 14 84 89 86 45 8 90 89 50 44 49 25 95 39 89 8 30 62 77 35 64 22 87 77 85 45 86 23 24 43 36 9 4 71 45 99 11 83 17 27 78 52 8 2 25 37 48 41 65 95 86 3 47 77 53 28 82 84 39 56 92 34 6 36 69 39 98 51 93 84 79 85 39 52 58 40 46 87 83 64 63 5 50 37 74 99 78 59 81 4 96 65 7 34 0 8 10 77 9 58 36 69 33 86 86 40 0 27 17 35 91 85 24 25 71 90 14 44 85 21 82 59 21 63 36 67 64 46 90 58 23 75 63 24 68 47 2 64 54 58 42 55 0 71 73 32 70 21 46 0 35 58 16 86 58 29 56 61 80 62 33 32 69 31 74 71 51 3 96 85 27 1 6 89 14 10 33 52 23 99 27 55 93 35 39 37 11 56 90 72 69 91 24 5 2 33 18 64 77 19 38 45 49 69 36 12 68 19 84 67 89 96 92 93 56 12 3 81 99 71 70 24 83 58 42 60 25 90 50 21 49 47 30 37 98 78 72 27 67 2 7 32 18 27 53 34 31 36 57 68 27 47 44 74 82 15 63 96 29 21 74 61 72 62 0 70 7 20 67 8 91 86 4 54 76 17 2 95 57 12 8 
64 59 96 1 40 61 1 24 31 91 19 70 0 54 0 34 2 32 57 47 26 52 92 46 27 52 93 44 26 9 71 92 51 71 37 76 11 18 48 88 96 75 84 63 86 39 19 86 71 77 0 55 49 98 63 58 22 18 60 58 40 0 98 10 27 98 27 81 40 19 77 83 3 33 23 57 35 42 68 36 68 1 91 76 81 17 32 66 27 70 93 4 54 46 5 85 71 26 69 77 9 37 36 93 84 1 85 66 27 81 86 86 92 85 86 72 54 96 90 53 46 51 81 19 46 35 59 73 10 61 36 63 72 11 92 71 15 66 89 84 74 42 34 42 69 62 47 54 68 28 54 68 31 99 12 86 62 19 53 22 58 60 75 55 75 19 42 24 24 9 0 82 56 50 71 31 30 82 7 7 91 9 28 82 86 64 89 29 13 25 2 77 74 71 43 46 68 75 33 93 55 90 53 8 81 97 3 14 95 85 76 29 51 71 43 99 59 51 49 57 42 14 47 78 98 58 36 71 98 61 78 76 32 93 25 59 93 47 2 42 96 29 70 30 81 13 84 15 19 55 7 17 91 18 83 55 90 72 89 46 77 31 73 36 64 54 67 38 1 67 26 63 49 92 13 98 7 9 98 59 80 22 83 37 3 5 67 6 90 86 15 31 85 73 41 62 5 60 72 62 
11 58 24 85 86 7 36 63 59 33 18 14 39 14 75 57 50 47 42 86 18 24 29 99 98 49 62 4 28 57 4 93 65 28 70 13 19 90 75 71 63 62 3 64 77 21 85 62 4 84 45 47 14 30 92 97 92 54 10 41 90 35 2 73 65 85 64 78 45 45 79 10 45 76 70 18 88 45 53 47 5 91 36 34 67 36 35 54 11 51 74 81 57 79 15 17 85 41 58 8 74 32 32 46 63 27 59 15 86 10 32 53 21 85 30 22 75 58 31 9 95 13 13 61 51 88 62 90 60 80 99 24 67 58 61 25 75 2 33 19 61 30 14 31 56 50 36 48 91 99 95 46 84 8 64 8 39 20 4 99 25 85 55 9 69 57 67 71 36 22 80 59 59 35 62 77 47 70 53 38 84 52 80 25 50 47 98 82 36 13 44 28 50 77 55 8 34 43 57 82 1 84 82 58 35 43 49 99 24 36 2 22 36 57 82 23 98 40 69 35 44 97 91 10 66 84 83 91 40 20 48 72 92 81 4 64 97 24 54 86 56 74 94 84 45 14 68 23 98 69 93 84 78 50 61 20 73 98 46 28 73 78 27 32 28 48 9 57 69 3 98 1 40 82 70 6 58 70 51 21 52 51 75 68 98 40 13 10 3 50 9 14 75 28 59 99 61 88 79 46 
87 87 40 52 74 89 54 98 70 63 10 26 94 74 11 28 88 89 76 12 52 42 63 74 65 29 80 84 7 36 22 62 39 10 85 60 56 34 33 63 63 79 6 57 26 62 88 95 40 67 89 3 16 76 53 23 78 66 69 79 18 5 3 70 29 86 73 92 13 55 80 70 64 31 2 78 46 43 83 61 98 4 65 38 23 61 50 77 68 7 43 20 42 39 46 61 73 20 19 56 4 59 94 42 13 79 39 98 20 12 95 82 90 42 23 82 1 41 15 77 2 76 29 92 60 54 30 19 7 0 47 8 27 93 68 71 38 71 93 4 79 2 53 75 56 18 24 45 11 59 36 58 64 44 92 50 18 66 91 60 47 2 22 49 5 70 13 5 47 10 19 60 51 85 69 19 89 47 36 17 7 69 84 84 86 77 7 34 29 98 91 93 25 90 16 55 30 10 2 57 96 49 77 78 31 33 18 19 27 39 98 66 50 53 96 15 48 53 87 93 38 7 47 53 90 43 5 16 90 32 94 66 89 32 37 11 81 22 28 41 59 16 94 34 29 4 95 72 14 9 88 54 87 89 70 40 68 66 75 34 77 62 78 1 50 51 4 94 60 31 57 51 90 91 81 47 98 14 26 2 65 65 37 21 22 72 58 15 9 11 89 20 11 26 62 25 15 22 29 36 
61 41 78 5 6 96 23 73 79 43 64 49 27 60 70 79 13 60 67 29 71 90 77 31 80 21 13 26 5 45 2 60 74 40 66 53 45 15 87 22 59 58 70 54 77 24 0 55 38 52 14 34 32 95 15 69 36 83 56 92 50 39 87 66 56 48 74 77 21 19 22 88 21 93 95 12 76 3 43 89 68 26 67 7 19 41 85 48 63 80 70 36 72 45 53 34 95 25 57 52 36 2 44 39 87 54 20 88 98 30 22 66 75 56 57 87 3 30 8 60 14 52 64 33 69 91 48 21 79 63 53 47 41 70 12 21 4 50 9 68 33 25 70 81 95 55 37 6 78 80 83 40 3 74 65 87 55 89 87 94 97 29 26 61 32 56 94 28 88 57 21 6 87 28 27 74 99 6 14 97 15 67 43 68 79 95 94 63 60 38 67 65 99 24 2 18 89 12 63 63 55 22 73 77 18 98 72 33 89 63 57 78 70 17 35 72 91 95 63 52 34 60 51 95 71 84 22 7 44 5 67 7 17 31 68 26 93 48 93 87 32 80 58 72 79 45 77 89 17 62 71 10 36 25 16 19 95 17 92 42 5 61 29 18 54 38 71 84 68 79 83 43 29 50 32 88 94 50 25 33 3 83 10 53 10 26 9 49 57 66 72 70 36 54 10 39 10 32 38 83 
42 73 78 90 10 69 15 36 19 17 48 67 28 84 98 90 83 75 19 46 68 81 46 92 45 49 13 79 65 73 76 80 69 2 53 90 8 1 40 51 70 86 86 92 0 59 72 96 65 4 74 81 12 8 88 10 24 94 15 72 92 92 89 61 48 28 25 22 51 14 27 65 48 85 18 94 62 41 67 68 47 64 13 66 32 68 65 51 13 24 68 85 1 23 70 9 27 61 18 71 4 47 87 35 67 57 33 68 88 98 33 69 1 28 44 97 42 53 67 7 5 65 95 38 65 0 35 97 38 98 95 71 25 73 53 48 24 36 58 51 53 66 82 23 84 20 53 79 85 18 7 27 2 55 96 92 93 96 23 63 62 91 28 65 12 72 52 21 68 72 98 30 29 20 87 46 66 84 65 59 5 97 56 90 26 91 45 86 87 55 67 74 61 44 62 9 19 56 1 28 93 6 61 97 52 6 4 19 68 84 79 34 10 84 74 36 47 89 87 40 53 89 54 54 44 81 85 68 76 9 72 43 77 94 98 28 62 34 84 81 26 72 69 43 40 52 83 70 19 81 77 15 26 77 65 60 8 13 88 88 69 86 96 30 46 16 65 76 28 25 68 36 25 83 79 34 72 37 89 19 40 91 8 86 77 9 0 7 27 70 40 60 56 9 62 83 10 67 63 36 
84 94 55 81 31 42 34 71 40 15 60 75 64 58 51 5 72 3 22 7 94 70 48 49 60 72 81 92 28 32 64 17 63 3 66 7 62 25 94 27 85 97 53 27 54 43 48 36 46 84 11 33 82 13 61 37 33 72 22 40 4 51 79 37 66 42 48 66 48 96 26 53 44 65 52 86 26 94 47 56 63 48 81 84 14 25 34 79 63 72 12 40 97 12 97 62 91 40 38 43 71 70 43 81 51 37 24 96 76 11 42 16 23 58 25 56 61 49 32 80 66 78 36 31 77 59 78 0 35 65 96 13 26 85 92 16 8 98 1 29 52 81 94 49 22 84 70 42 13 12 91 83 62 28 33 49 31 23 88 73 31 85 41 44 92 95 98 13 81 7 5 82 46 78 9 30 88 92 25 89 37 99 22 16 99 32 36 22 63 86 6 79 70 4 45 73 31 77 60 68 72 58 9 50 6 28 35 15 17 27 65 81 21 10 10 47 61 32 69 75 26 86 78 62 15 33 45 91 86 59 83 58 12 81 16 22 88 76 56 68 37 29 16 91 97 1 82 93 28 12 43 95 50 76 65 8 92 82 61 86 81 89 47 2 28 9 84 13 36 22 98 70 73 13 62 21 49 47 3 45 81 58 95 63 20 36 26 87 28 33 77 10 92 70 3 64 54 78 29 35 
6 86 32 40 83 29 49 70 9 78 12 7 30 56 20 17 36 57 2 42 47 70 59 76 7 55 47 57 49 96 24 60 39 39 64 78 92 63 38 63 25 40 26 96 88 32 35 99 11 93 4 62 5 15 74 87 34 88 13 67 9 39 65 57 57 74 11 65 25 36 91 54 61 2 64 71 0 12 51 5 75 42 85 82 26 27 4 48 93 61 42 29 58 50 7 21 98 4 60 56 32 76 20 26 97 84 24 72 4 60 33 93 74 93 4 46 30 97 94 17 89 22 85 84 24 47 95 44 80 91 76 19 39 11 97 19 25 93 7 48 14 78 5 21 2 90 62 46 37 90 43 57 40 39 96 90 63 48 64 75 41 87 30 67 97 40 85 42 58 91 23 62 33 37 46 5 69 24 67 51 35 6 75 49 47 99 7 14 99 42 7 97 31 66 99 91 57 97 68 26 54 92 24 18 68 40 96 19 1 13 66 72 40 49 40 75 95 75 23 68 21 52 7 50 84 50 2 27 73 88 59 99 23 93 33 69 25 68 16 73 72 55 16 69 5 58 76 10 82 27 20 41 15 76 37 38 83 16 32 56 60 54 58 50 19 18 51 78 7 65 26 30 41 39 12 79 12 11 11 58 26 3 85 4 70 76 65 58 92 64 57 69 34 6 88 30 52 71 82 49 
50 47 69 55 12 5 59 81 74 86 34 84 54 66 11 1 39 89 42 38 59 74 48 2 43 26 34 51 40 11 5 70 90 33 78 3 41 81 0 36 76 32 88 46 81 6 97 57 36 83 16 28 12 86 21 71 67 64 99 22 57 19 8 6 95 80 13 94 32 78 20 46 29 69 74 67 69 93 52 75 83 66 25 82 63 55 98 69 18 42 48 74 54 28 52 96 97 13 21 5 69 98 79 61 44 52 52 28 29 20 23 35 27 50 26 39 40 58 72 35 76 14 68 39 35 20 41 61 96 62 6 78 56 27 8 40 99 39 37 7 53 99 99 98 15 14 74 39 51 91 18 50 17 8 4 10 16 3 14 0 89 55 2 51 77 70 47 24 73 60 34 75 85 62 76 67 29 7 7 51 24 70 42 40 86 22 24 37 97 3 56 53 6 30 58 52 64 86 46 60 5 44 42 1 81 60 57 54 16 17 25 34 31 31 28 47 21 55 87 3 62 62 91 76 8 25 88 8 66 57 22 44 5 95 50 44 81 98 86 24 20 0 53 45 97 29 5 55 31 42 10 81 39 13 13 2 60 14 60 71 81 13 74 49 80 49 34 28 9 36 49 43 53 16 35 66 24 74 1 22 57 24 32 45 12 8 97 74 52 7 66 57 22 72 36 57 34 13 97 5 
1 82 35 66 55 92 78 47 37 60 91 90 1 77 86 58 73 83 21 12 78 85 53 11 18 40 84 67 7 32 31 88 45 36 79 50 38 29 7 92 37 68 88 11 5 45 91 48 70 30 6 21 96 99 65 68 80 41 3 84 35 54 22 84 46 14 19 69 74 27 77 3 11 2 11 47 36 43 96 68 96 92 75 8 64 3 63 28 67 89 17 26 23 95 43 61 50 87 3 74 71 94 29 46 26 13 25 72 97 92 68 37 25 67 97 97 69 19 71 52 57 79 57 24 1 75 93 84 63 44 52 25 1 70 30 45 32 78 29 6 22 45 68 63 51 37 15 56 3 8 0 30 73 62 95 86 74 18 25 44 31 97 94 99 69 66 5 50 96 58 32 79 78 60 80 55 12 6 42 66 49 34 51 45 22 43 13 33 7 15 54 93 20 74 64 11 77 64 34 79 98 99 54 33 65 65 79 12 34 64 1 83 29 29 19 42 62 78 29 60 98 63 50 16 44 58 39 25 63 82 56 7 69 33 82 87 79 26 98 30 88 54 89 41 30 60 21 63 96 46 71 11 13 30 73 88 33 87 2 50 25 73 67 39 55 18 49 42 52 9 24 66 25 71 78 22 32 69 32 39 44 9 40 39 78 48 8 77 98 15 78 37 1 29 21 38 19 24 58 72 
12 83 38 71 19 64 43 17 55 98 49 71 78 17 79 11 59 93 31 20 35 19 98 18 85 9 59 0 38 13 58 32 55 93 80 25 53 37 37 30 48 56 96 46 14 39 38 3 14 36 73 8 51 27 99 2 47 79 52 45 2 95 32 55 41 76 73 36 95 10 19 42 89 95 84 52 21 99 38 4 73 26 91 29 8 87 97 8 82 69 90 58 56 71 77 19 63 51 5 41 29 26 22 44 27 98 86 1 13 73 77 13 59 75 0 35 13 34 75 36 54 84 89 50 56 92 24 11 79 32 85 71 87 79 85 77 7 55 61 38 91 57 95 74 96 3 37 39 54 57 29 63 55 64 54 93 43 0 50 99 46 73 13 51 49 51 57 87 39 20 94 66 35 30 35 11 44 30 30 44 40 64 61 8 49 16 85 56 71 85 3 28 89 28 44 36 47 11 93 36 36 90 28 81 10 97 18 57 23 79 98 55 89 15 44 39 28 22 33 66 45 92 6 89 94 90 95 6 25 11 55 96 39 97 28 44 58 46 68 59 21 80 85 30 6 26 29 0 84 64 11 15 86 21 56 82 51 54 37 37 80 58 44 49 23 4 54 78 77 85 88 74 26 95 56 63 43 97 38 80 41 91 54 56 28 88 24 20 79 22 31 38 86 50 6 25 27 85 49 63 
42 42 50 69 90 93 39 74 37 47 67 46 23 95 55 0 25 64 87 94 29 60 65 72 72 29 57 95 93 46 53 12 12 64 4 92 33 74 45 41 2 17 89 10 50 0 97 23 40 43 65 40 87 5 14 67 11 32 88 12 92 28 96 64 29 53 71 67 4 13 47 6 40 67 48 97 15 33 89 30 25 99 49 6 68 1 46 80 61 11 32 71 60 47 95 51 16 63 49 31 85 19 77 41 97 45 63 74 32 27 27 16 43 65 39 49 24 24 87 62 96 6 61 12 1 51 29 1 13 99 74 31 62 41 18 8 7 14 27 54 90 15 66 41 76 57 44 40 67 90 50 57 35 8 54 56 51 59 64 75 8 24 90 27 77 25 50 1 81 64 7 95 74 34 87 25 19 78 44 60 77 82 78 74 85 98 99 97 42 29 56 20 5 16 48 56 80 23 6 76 46 65 76 99 67 27 25 53 84 86 94 36 2 53 65 12 64 77 57 46 42 83 90 85 56 77 40 33 49 93 14 47 16 42 17 49 84 37 41 0 99 23 23 40 86 63 31 3 75 27 64 88 83 18 70 9 97 92 67 18 94 57 53 24 82 43 51 2 75 75 18 39 41 86 34 52 73 36 89 71 34 20 27 21 29 66 91 64 12 33 1 84 94 81 32 82 88 32 42 61 
87 26 33 69 32 23 4 1 40 36 7 69 77 18 63 88 76 62 9 10 33 28 89 45 89 27 14 18 90 92 57 10 64 78 85 50 81 5 85 94 93 62 44 44 84 63 63 77 57 44 70 76 44 88 20 32 54 96 20 94 28 64 76 42 53 51 63 74 12 86 68 11 73 20 48 73 87 20 24 21 94 18 3 81 74 79 89 82 63 27 61 37 26 72 17 60 32 41 47 58 30 76 49 85 89 12 97 59 66 41 18 95 85 97 7 73 37 19 97 81 55 94 75 92 88 60 69 48 76 7 40 13 89 36 5 19 11 83 84 66 18 98 24 55 20 29 60 29 63 13 24 56 2 39 87 77 67 92 67 66 61 51 7 47 27 82 16 65 77 76 68 90 85 79 27 70 93 61 70 88 94 21 49 84 41 79 79 31 33 20 17 55 96 7 63 97 94 14 66 20 58 77 91 84 64 63 54 15 59 51 2 46 92 19 0 79 6 30 95 54 3 11 99 98 51 12 53 58 60 88 85 91 53 0 25 31 96 80 6 14 41 53 76 68 32 70 74 8 34 44 98 47 46 26 66 24 35 77 76 22 8 43 76 98 0 70 63 43 71 80 90 36 61 60 39 73 5 95 43 44 93 44 77 33 76 5 50 71 16 12 89 42 38 40 13 70 30 11 89 93 
67 31 91 91 74 4 60 13 53 98 54 41 48 60 11 64 27 80 82 61 67 99 76 32 61 63 12 18 43 51 10 80 2 27 60 74 64 49 98 33 31 67 60 62 29 50 5 25 78 66 75 54 54 55 72 3 79 8 66 26 71 86 27 68 18 75 98 82 19 99 70 39 43 46 88 83 70 83 19 23 24 1 44 92 15 68 74 56 35 99 39 26 10 51 27 46 2 70 41 33 55 25 52 2 45 66 75 93 33 59 4 62 47 39 14 29 48 62 37 61 25 39 2 63 56 51 91 33 89 29 64 82 88 36 75 15 37 45 61 23 80 85 1 11 6 89 48 61 55 96 2 41 93 57 0 24 37 58 90 9 33 88 56 2 34 12 27 4 39 17 29 49 5 3 77 92 45 15 87 98 31 4 72 53 0 65 88 74 81 84 85 14 33 35 40 3 41 1 89 20 19 71 36 27 34 91 57 0 88 29 11 26 7 48 4 79 84 95 91 91 81 41 28 85 41 45 17 83 90 54 97 79 26 51 13 58 62 98 84 80 11 2 3 76 49 33 81 33 6 35 77 97 27 44 94 21 53 80 26 10 91 93 14 22 58 52 97 18 45 40 99 46 70 87 59 61 16 99 44 19 70 88 89 60 45 82 84 79 53 54 48 34 58 40 57 52 64 92 67 97 
39 73 29 37 37 60 81 0 36 21 21 71 69 48 8 90 57 44 21 82 37 36 6 81 65 60 33 70 73 69 8 29 68 20 27 21 68 49 42 93 1 81 67 19 69 25 57 45 85 87 18 42 18 46 61 91 90 81 11 66 63 40 15 93 52 10 37 95 31 34 61 16 39 57 27 55 92 52 32 61 83 74 82 3 22 91 17 46 7 71 15 62 64 13 21 45 79 40 90 82 15 83 92 62 6 38 36 61 8 80 39 80 73 72 42 6 94 33 49 76 90 33 56 10 18 83 66 90 69 76 79 3 86 15 31 62 59 44 87 19 67 15 20 96 69 48 49 82 95 50 74 53 78 40 7 84 51 64 33 39 7 86 51 68 93 71 51 97 52 67 32 5 4 11 63 44 61 7 49 91 31 79 19 27 42 4 63 58 38 90 43 17 75 80 47 55 73 11 64 21 42 2 73 53 66 49 25 5 96 57 7 26 60 36 81 96 56 37 45 99 3 50 27 94 58 0 26 0 5 15 21 4 82 47 81 97 19 25 42 70 58 10 49 34 20 97 0 31 19 55 60 36 17 48 54 84 37 91 45 1 20 50 15 26 22 36 6 60 10 23 85 43 59 14 91 27 69 21 55 21 35 10 77 92 70 48 35 47 26 37 80 84 64 34 13 9 16 74 65 31 
3 47 2 73 83 84 4 82 10 86 66 61 72 25 19 51 97 61 23 85 71 90 66 4 0 73 56 59 46 33 57 93 74 84 51 18 6 9 53 66 63 58 62 27 94 25 3 93 54 21 42 48 18 38 60 10 71 60 91 56 30 92 79 54 51 47 25 84 40 13 58 7 95 58 79 3 70 74 69 27 42 14 91 32 13 40 13 45 71 75 75 90 14 96 46 54 78 64 95 87 66 56 30 97 92 21 56 90 94 68 44 88 75 45 10 71 63 57 97 49 43 14 4 67 80 66 35 94 80 19 71 54 54 34 37 57 53 41 46 63 99 75 49 73 90 9 81 83 12 90 78 55 43 96 13 34 75 16 78 33 63 48 69 89 17 46 72 34 62 64 4 42 45 2 63 8 67 84 57 31 67 68 42 57 11 26 46 20 75 38 98 95 52 70 82 44 28 29 19 5 15 19 95 28 29 54 19 79 71 68 69 20 70 2 33 14 72 96 89 60 92 26 7 97 52 31 10 80 25 23 17 37 61 58 23 64 9 11 44 2 48 47 83 33 24 63 56 7 60 50 99 6 70 43 78 54 49 57 24 4 82 4 31 98 26 53 35 70 47 21 87 19 28 27 11 66 37 94 35 18 32 52 11 50 49 84 39 71 49 65 73 68 69 84 16 80 23 28 16 15 
97 32 88 4 21 96 2 27 10 76 89 54 88 54 95 1 5 54 41 82 2 87 40 1 56 11 17 72 13 58 25 10 21 31 78 53 21 36 16 69 81 61 91 83 49 23 99 74 10 25 93 53 78 46 58 10 46 68 38 57 38 9 98 11 38 44 77 28 2 78 48 19 83 1 72 38 13 52 44 98 5 4 63 7 92 83 26 47 38 48 38 79 55 63 9 87 4 61 66 19 26 37 38 54 84 19 57 74 98 85 94 79 92 37 42 33 11 59 53 44 34 39 70 79 41 25 40 49 7 15 81 9 96 18 68 92 85 9 21 79 34 82 80 3 76 70 42 10 49 20 59 42 33 37 5 88 51 82 79 53 66 69 13 11 4 45 23 99 84 33 5 70 3 62 15 34 26 56 4 14 5 34 31 28 99 5 11 70 88 12 91 71 67 61 47 64 54 61 30 51 43 24 1 86 68 95 82 78 76 83 56 50 55 55 34 35 96 45 78 50 10 45 12 16 94 29 59 68 98 64 59 66 28 50 92 67 72 67 38 89 60 39 85 16 31 21 7 70 52 27 84 43 16 62 21 11 29 50 12 56 8 4 82 78 33 50 90 45 45 55 46 31 45 88 36 6 41 62 63 89 63 92 33 65 94 31 66 61 89 0 94 82 36 82 52 98 85 34 93 81 
30 23 47 78 26 89 8 44 45 20 21 92 58 84 54 56 44 44 45 80 54 31 23 68 46 22 57 79 11 12 22 31 19 51 21 52 5 79 26 9 20 64 42 88 59 47 99 53 49 72 88 95 4 59 64 94 58 68 28 56 5 33 28 9 52 74 19 84 41 26 42 49 88 45 25 0 95 32 11 19 44 81 67 75 52 71 47 35 37 80 38 73 90 49 13 97 53 13 69 19 98 38 59 36 90 69 47 28 55 60 86 47 6 49 99 70 76 60 56 95 29 41 62 19 90 79 73 98 62 44 73 76 36 55 73 71 15 62 24 85 61 19 86 92 68 77 3 7 86 86 3 38 32 20 89 61 61 17 93 16 31 95 72 55 47 92 9 49 33 1 43 94 3 1 88 34 74 89 44 26 24 81 83 25 56 5 11 79 23 21 49 12 1 46 49 68 91 62 43 94 98 86 69 87 67 70 35 85 20 56 90 76 0 77 88 11 31 4 95 29 32 88 76 45 22 65 26 4 60 54 42 59 12 1 5 81 43 89 17 14 51 40 16 83 52 45 67 44 31 13 81 48 72 54 31 0 27 3 67 30 74 53 3 23 93 49 64 31 14 96 90 24 57 55 43 58 54 27 56 69 86 11 18 15 96 87 61 55 5 37 45 59 25 54 6 62 8 24 97 5 
63 93 31 39 48 66 26 14 45 97 18 24 35 68 30 54 54 95 7 56 50 59 36 45 34 16 58 45 40 68 97 20 44 89 8 52 46 29 98 17 61 68 38 12 1 2 44 2 95 85 96 71 48 49 59 26 51 70 59 71 19 46 64 99 36 64 76 78 93 48 99 6 38 23 27 58 58 22 33 74 36 6 17 30 94 38 75 14 34 85 30 64 28 42 37 14 55 61 88 29 75 50 40 34 80 84 18 88 93 19 73 94 23 6 45 27 67 16 83 99 29 97 51 12 27 91 65 77 49 70 79 14 66 81 77 64 19 37 70 53 78 11 15 35 70 37 18 17 97 53 24 19 90 50 89 32 96 19 3 17 62 73 82 99 17 7 3 4 23 75 64 66 65 28 83 44 87 55 25 17 95 74 13 54 63 83 41 99 27 32 48 37 6 31 16 83 96 13 54 74 24 94 72 34 22 23 46 81 88 51 16 34 21 27 71 62 34 14 90 54 32 63 67 22 26 68 26 55 23 70 37 39 18 26 25 93 34 4 44 87 48 22 99 76 83 8 30 81 46 57 45 27 3 60 73 62 64 15 48 69 62 40 5 10 38 71 76 7 67 95 56 9 43 64 2 43 73 36 89 26 15 65 38 48 13 59 82 99 61 38 41 40 97 97 13 71 78 0 68 69 
2 44 3 43 13 13 15 96 63 16 96 90 85 62 92 41 84 15 85 49 26 7 54 9 92 42 58 91 31 90 38 98 72 46 48 94 33 41 49 58 9 40 1 12 32 7 19 89 89 37 82 74 97 95 94 46 59 91 80 13 94 18 9 10 87 22 60 12 9 19 38 82 83 52 93 40 68 30 93 4 17 21 46 80 80 78 26 86 30 84 22 57 89 61 34 82 80 44 14 63 45 61 10 79 73 16 43 71 33 61 71 26 70 15 89 87 13 0 37 18 49 9 73 92 78 42 85 17 92 4 95 51 79 45 51 89 80 16 53 39 3 5 44 92 2 87 34 21 66 44 8 0 9 77 56 29 84 43 57 47 86 78 63 95 12 56 30 48 22 55 71 34 50 98 17 64 12 57 74 60 74 96 75 15 52 22 75 56 26 58 74 37 69 65 45 59 80 45 50 89 32 58 86 48 14 84 25 69 83 68 13 19 4 42 29 39 72 22 4 10 30 77 82 38 99 82 50 51 83 6 96 35 63 1 26 88 32 38 26 24 85 45 90 67 58 75 22 13 39 50 57 2 83 65 14 70 51 1 57 56 22 29 83 38 78 80 58 6 74 78 0 79 29 4 57 75 67 23 31 36 47 61 90 56 69 54 1 77 81 78 51 41 27 12 81 83 56 78 94 98 
77 86 52 9 79 45 71 31 63 17 52 72 31 33 68 40 40 47 89 32 25 57 95 78 32 53 50 9 95 33 16 41 42 51 46 51 83 56 64 68 42 23 8 10 14 60 27 3 16 49 54 38 39 2 90 92 95 52 75 24 74 31 50 50 68 28 1 72 69 40 7 92 68 47 48 68 98 59 10 36 45 37 61 92 59 60 12 46 50 19 64 24 20 17 24 93 22 47 62 32 13 26 45 29 1 94 40 61 2 66 37 76 43 21 34 49 69 4 8 16 56 60 84 38 43 19 79 42 2 70 60 51 7 94 65 75 70 76 47 62 94 69 2 70 91 17 52 29 37 90 3 27 4 21 92 21 34 85 95 54 7 31 24 14 63 76 28 9 33 4 85 9 90 75 34 10 35 11 83 80 79 58 28 42 56 16 99 58 69 82 91 61 96 32 34 32 70 24 2 19 15 96 31 65 22 14 76 68 88 89 25 43 28 71 19 73 35 30 46 24 4 35 59 69 67 45 97 78 34 77 26 5 41 6 21 55 38 0 42 61 95 45 27 57 98 15 58 44 65 50 93 95 80 16 36 36 47 16 9 86 76 61 84 80 33 87 74 33 70 2 52 80 66 37 0 18 18 20 27 88 2 2 27 71 15 53 30 61 96 55 60 18 37 54 66 99 81 67 7 49 
94 40 35 65 43 29 74 55 1 43 22 52 2 44 88 49 14 62 25 89 6 80 91 34 35 21 1 98 71 42 59 47 75 53 63 1 68 91 41 87 41 28 8 25 49 9 13 52 29 75 8 6 34 73 9 48 40 13 60 90 25 7 23 62 87 39 11 79 15 58 82 98 16 98 61 10 31 97 58 32 97 79 43 50 70 59 36 10 35 36 20 98 26 36 55 30 91 8 96 75 23 69 1 33 17 39 28 19 1 76 38 70 0 15 35 97 3 93 88 27 87 80 36 58 93 63 30 43 28 29 9 73 64 37 93 95 51 49 66 44 73 21 26 9 4 43 96 6 21 73 10 36 46 22 30 50 76 97 81 26 88 54 83 2 73 38 11 52 12 17 70 22 64 42 50 17 91 11 45 9 77 61 29 36 11 94 38 35 58 49 35 62 45 23 90 70 24 92 66 1 3 83 45 0 59 17 65 27 59 82 6 54 57 94 71 83 94 12 34 48 87 69 72 63 22 95 9 59 16 82 23 64 80 7 66 70 68 63 79 98 87 78 49 66 47 8 45 2 59 80 31 38 75 39 34 69 86 84 96 71 17 98 42 60 79 0 54 5 41 64 97 50 70 69 80 48 61 11 21 71 50 53 83 64 70 81 83 49 59 88 76 45 27 66 70 66 88 0 33 84 
20 43 75 68 54 84 47 12 85 79 63 37 95 76 90 98 48 49 39 99 44 60 21 33 79 15 47 60 7 57 2 3 19 94 64 59 30 99 39 18 66 91 19 69 70 45 84 88 22 40 47 45 25 3 70 36 35 40 2 9 88 12 1 99 81 75 69 99 74 14 51 71 83 0 63 37 67 76 12 95 66 13 75 5 66 79 40 61 28 47 23 45 64 88 11 54 46 87 53 84 78 80 89 19 18 58 98 32 27 5 54 26 57 74 50 26 19 30 22 65 51 7 85 25 49 67 88 99 90 30 73 79 14 2 26 20 14 21 10 46 40 20 39 29 68 53 20 53 48 89 81 10 34 91 61 4 8 79 92 71 21 76 41 7 6 73 16 48 51 49 80 96 43 96 99 1 37 27 27 20 65 8 53 42 2 12 38 31 22 46 25 88 75 64 56 85 58 66 51 18 69 37 47 61 93 30 37 81 6 36 68 29 67 55 85 17 84 18 69 80 85 2 66 13 60 7 14 23 91 84 63 91 12 50 3 49 24 2 2 21 9 60 66 4 32 90 29 65 35 92 94 25 43 75 97 19 12 18 64 68 71 74 90 5 88 92 38 93 58 80 81 50 20 46 31 68 85 56 47 68 46 88 8 29 54 75 42 24 99 46 14 49 87 75 15 79 2 99 58 60 
62 19 3 43 38 15 99 37 7 83 36 81 75 28 68 89 96 1 35 26 57 46 27 68 4 76 24 74 60 83 95 38 83 28 35 84 30 88 67 55 84 21 75 5 41 41 85 60 60 68 77 1 55 41 96 80 4 21 14 32 67 52 10 16 91 0 86 6 34 55 83 95 94 75 42 19 0 55 28 26 18 49 19 32 91 22 97 41 89 6 84 68 60 21 83 41 65 49 76 16 45 44 22 24 23 32 61 79 72 38 24 64 94 68 46 19 62 54 1 64 2 83 78 14 41 43 85 21 37 75 24 66 95 21 49 70 13 70 29 58 73 89 58 49 91 1 85 70 1 69 68 59 74 83 82 79 12 38 44 28 19 32 30 24 16 84 55 25 83 51 18 30 23 18 69 81 99 11 38 6 70 3 51 65 19 67 50 46 71 62 18 95 39 26 68 31 68 75 53 74 68 24 35 94 70 31 90 24 54 47 81 25 99 60 58 79 96 7 82 47 88 10 12 81 9 51 47 10 15 96 78 65 90 25 68 47 98 73 77 3 38 50 95 6 15 83 20 31 49 35 83 59 57 12 97 43 53 53 22 58 18 59 27 68 48 10 43 7 19 28 77 69 88 69 72 34 77 17 62 40 2 31 32 0 12 34 31 27 47 65 19 21 99 78 52 89 26 18 57 65 
49 79 59 3 52 19 75 47 79 78 31 91 31 62 83 37 48 81 94 16 83 70 6 53 87 36 60 59 56 47 53 93 33 16 50 15 30 95 9 84 44 14 64 63 92 85 29 79 25 57 95 79 2 78 24 22 71 52 52 3 18 11 77 40 81 61 3 7 3 76 85 6 64 17 24 28 57 41 72 48 7 5 30 86 22 11 57 6 41 47 19 7 44 43 17 33 71 11 93 79 33 99 56 44 59 74 28 54 82 23 20 43 18 39 86 32 17 50 92 95 87 17 74 89 47 99 70 44 45 94 53 89 34 20 82 78 53 15 88 70 3 14 89 9 18 41 8 73 73 91 94 57 27 21 56 57 85 18 72 22 45 77 7 27 64 47 30 32 98 2 35 35 73 81 1 69 63 28 99 62 92 54 66 38 51 93 62 49 71 62 30 30 78 34 2 41 37 8 40 7 14 36 30 33 26 75 55 87 45 24 84 14 24 74 21 96 42 67 76 68 98 45 65 40 83 35 74 9 76 82 29 18 86 21 84 13 79 73 21 79 85 85 46 1 7 13 10 66 84 16 9 71 72 32 0 5 98 25 56 69 88 39 17 54 64 28 6 14 33 99 44 66 5 74 94 27 52 45 58 97 96 80 61 16 87 11 68 51 62 16 64 56 67 65 3 53 65 70 23 8 
3 1 43 51 90 56 92 25 27 35 33 80 92 71 57 85 45 22 72 21 43 92 41 99 84 1 88 29 38 24 56 60 84 79 10 46 61 32 95 87 44 35 42 83 55 37 81 61 72 56 29 32 77 36 24 53 27 6 52 42 29 40 49 29 26 84 79 76 68 72 47 99 99 44 66 90 97 93 4 13 3 95 91 50 32 74 1 70 0 30 9 94 52 70 37 35 20 57 92 44 97 16 22 11 4 24 92 94 30 28 23 79 26 69 85 82 40 96 55 30 55 3 22 35 86 4 45 95 13 22 29 30 95 42 9 66 87 49 85 98 3 34 26 22 40 31 80 49 33 99 58 74 28 46 89 93 74 65 88 20 31 59 79 95 77 64 63 68 24 48 80 87 22 35 56 99 99 52 19 13 43 47 76 5 3 99 83 70 62 16 7 14 17 0 37 6 25 31 90 54 39 37 86 20 64 63 49 29 2 26 51 52 35 7 90 88 81 86 51 52 89 22 65 45 27 28 9 47 18 63 90 15 8 20 22 1 5 17 30 28 97 63 99 54 67 53 82 46 8 55 82 66 99 51 51 74 1 16 36 10 0 84 52 44 20 84 82 50 54 99 51 36 84 28 96 17 37 23 20 99 49 37 35 85 64 6 76 24 64 57 4 36 83 86 92 87 13 6 59 28 
13 83 83 26 76 73 78 19 71 98 96 31 85 49 83 92 56 97 9 80 18 92 5 4 43 96 77 94 77 14 31 6 92 78 59 29 67 2 24 48 95 90 93 51 78 99 1 83 15 34 10 88 84 88 71 79 56 84 4 5 78 56 10 72 25 27 67 6 2 71 54 70 99 83 15 30 6 11 38 98 9 62 62 22 98 28 8 96 94 48 24 54 6 0 15 87 18 16 17 75 9 91 30 31 77 64 95 0 27 29 54 58 10 33 74 86 13 15 31 75 33 29 14 71 59 34 75 25 38 27 48 90 33 28 49 87 48 90 89 89 19 16 80 90 18 67 9 6 59 6 26 44 77 34 41 16 23 33 94 73 53 49 86 27 60 96 54 72 35 21 8 54 73 93 21 70 34 88 56 44 90 45 90 76 99 9 94 7 97 90 79 60 62 42 16 24 36 32 95 32 60 53 53 11 97 28 88 19 24 19 62 88 68 28 22 90 1 68 57 26 61 53 46 96 67 98 77 83 48 27 24 26 74 86 19 38 10 13 6 0 53 93 64 48 75 39 34 14 85 28 33 16 11 90 88 0 31 17 70 68 67 23 42 87 97 56 23 77 86 24 98 22 86 42 22 38 6 13 44 93 53 77 18 14 63 53 1 5 50 30 50 65 15 82 17 30 45 2 4 27 
80 93 1 71 85 66 55 94 40 39 6 42 39 39 34 19 77 81 24 86 56 78 30 96 63 21 28 47 70 65 31 53 60 99 91 49 80 72 35 46 7 93 20 61 41 42 55 23 29 3 2 31 42 65 81 40 27 76 91 6 53 57 92 77 78 83 83 31 66 70 0 92 14 71 59 59 25 81 17 50 15 63 22 40 34 35 32 38 42 67 68 24 8 62 30 22 35 65 65 38 67 70 35 19 53 89 66 55 90 57 77 49 7 29 45 90 61 4 67 25 94 69 56 92 48 63 86 65 13 21 39 5 42 53 23 44 68 78 31 49 96 74 86 99 97 53 39 36 79 51 61 1 79 80 30 14 53 82 19 16 45 14 38 8 53 71 2 45 79 31 79 49 39 4 17 72 94 6 43 46 13 98 82 22 79 78 72 75 68 77 82 46 80 94 45 72 19 80 32 29 94 21 12 44 78 23 66 69 16 14 73 65 53 67 20 45 91 0 34 66 35 41 82 19 44 95 42 95 64 35 66 97 33 73 6 1 43 42 52 85 5 23 55 48 21 51 89 17 95 66 81 27 32 6 52 96 87 38 57 92 44 98 48 11 69 38 9 65 26 46 24 12 43 30 82 99 3 77 61 83 83 15 81 75 97 72 52 64 99 99 91 84 79 99 77 30 84 83 43 23 
81 19 13 35 68 86 61 95 21 79 97 77 36 77 77 37 8 10 25 71 94 5 52 9 54 39 46 70 47 59 7 43 33 17 16 1 98 65 33 95 26 59 52 37 76 98 54 53 36 25 11 98 62 38 87 78 87 53 66 16 11 75 71 69 38 64 12 50 35 89 21 67 2 54 67 55 49 11 35 8 85 30 40 16 13 0 84 51 63 83 46 39 6 91 48 94 85 87 78 87 58 35 15 60 0 72 46 53 41 36 21 97 27 34 61 57 2 76 77 97 99 3 81 43 50 55 21 85 92 88 46 75 67 3 47 64 70 93 12 49 94 13 15 28 97 56 89 17 37 74 64 63 41 94 92 29 38 63 18 22 44 97 35 74 42 41 62 18 91 29 46 91 62 1 34 53 97 15 54 53 70 22 93 41 38 40 55 20 49 70 73 62 62 55 58 72 78 21 4 67 79 31 23 81 51 14 62 69 31 66 48 84 41 31 81 4 71 57 37 72 13 81 91 8 28 66 54 50 57 30 96 73 78 20 4 25 80 50 94 51 29 34 20 91 2 71 19 99 83 69 98 34 9 56 23 8 92 9 48 19 3 13 67 7 1 20 44 50 17 94 67 52 56 15 42 77 21 92 9 86 53 99 56 16 61 39 23 87 69 98 91 52 26 35 53 85 90 59 88 17 
46 17 20 70 44 9 77 82 82 67 88 38 91 13 80 57 45 30 19 16 39 15 92 80 19 41 64 0 22 65 4 77 35 49 38 16 57 48 45 34 17 23 38 38 40 5 5 90 53 80 84 43 13 13 82 99 54 2 19 59 73 37 51 10 0 96 44 75 92 39 60 94 79 74 47 46 40 43 81 45 57 94 26 60 73 16 54 65 24 9 76 79 84 12 46 60 69 60 3 81 7 87 51 81 94 82 78 34 31 1 56 77 81 97 64 8 94 83 52 63 99 1 32 86 25 99 28 64 26 23 87 9 32 40 17 43 43 1 64 23 53 86 31 71 29 98 23 34 88 76 47 4 0 75 62 22 6 35 30 53 63 89 7 51 89 10 36 25 91 69 85 72 10 73 34 5 21 64 34 35 27 61 36 28 32 79 78 39 93 71 39 88 28 52 47 4 40 13 48 30 12 11 88 90 6 11 80 89 94 10 6 14 55 7 34 40 46 13 2 63 60 86 68 23 82 86 5 14 7 72 54 90 36 70 65 28 77 84 77 91 98 75 19 23 45 86 54 67 41 0 60 40 6 31 53 8 31 89 78 40 80 9 74 2 38 48 50 82 59 44 91 73 66 48 24 22 67 6 27 69 39 14 56 85 35 63 21 55 1 79 77 11 14 50 51 85 74 91 12 28 
53 14 44 29 51 73 53 88 94 78 46 67 35 49 99 31 10 6 20 2 34 57 47 77 29 92 90 59 19 72 65 19 89 56 80 11 16 46 8 4 63 83 23 71 13 18 5 85 33 20 64 83 52 46 47 93 45 34 18 1 63 15 97 18 0 96 72 1 40 51 62 66 8 73 65 96 68 56 97 67 35 72 46 30 94 92 39 64 14 46 16 17 77 64 36 69 19 35 11 9 21 55 2 83 99 36 1 7 14 49 7 9 80 28 25 61 11 89 59 1 20 34 96 78 81 14 81 25 41 77 19 6 6 15 49 74 34 28 82 42 46 72 41 56 96 90 46 66 45 18 21 64 47 39 53 77 79 82 8 85 93 57 33 57 18 75 38 35 83 77 21 56 40 48 44 27 12 35 48 88 43 51 6 21 75 73 43 40 55 73 34 93 5 53 23 57 71 95 39 11 41 78 85 42 25 26 35 55 54 71 25 72 9 40 77 21 88 20 47 54 77 40 83 38 4 43 77 26 56 59 64 53 71 0 67 46 7 38 76 51 83 46 29 85 59 96 31 91 31 96 69 63 94 62 50 51 13 8 42 17 81 66 34 61 39 79 46 82 11 3 99 3 23 75 2 91 25 13 43 67 82 88 68 80 72 66 76 44 58 0 23 72 2 5 77 12 72 87 31 90 
77 27 13 79 99 11 9 82 87 5 59 66 54 57 65 72 92 67 36 73 98 7 16 34 92 53 92 92 30 0 18 68 94 68 2 24 33 78 76 15 77 41 35 47 92 95 99 72 51 70 51 7 85 84 72 68 5 67 88 4 41 97 94 14 32 39 53 93 15 68 51 69 7 41 0 50 34 34 39 38 59 27 49 57 43 60 35 4 10 98 16 21 29 96 72 52 45 36 31 90 64 9 38 89 6 12 58 24 26 6 41 28 46 14 61 48 24 67 71 1 63 13 65 37 86 47 87 0 35 47 39 60 35 33 64 45 48 84 48 32 39 50 52 89 55 59 95 46 17 37 37 43 29 63 31 15 0 70 64 4 88 7 90 25 46 43 85 71 94 67 59 78 80 72 77 66 45 9 68 34 36 6 84 79 94 57 85 3 64 95 87 8 3 42 67 92 48 76 42 95 21 30 46 83 55 82 11 98 90 34 68 1 2 50 13 16 56 55 39 58 28 13 63 78 96 62 31 38 25 8 39 71 83 93 42 74 99 93 39 85 49 52 90 85 96 8 59 90 97 69 47 79 13 55 24 16 30 32 82 89 92 15 31 53 22 96 18 91 84 52 40 56 26 4 39 33 0 29 4 34 83 67 98 82 8 90 91 45 23 0 27 16 63 80 35 85 25 62 23 86 
10 17 79 2 9 17 58 69 96 61 60 39 57 68 63 24 27 90 44 54 34 5 79 68 21 53 22 5 63 41 9 60 13 38 15 71 70 5 0 34 62 24 64 29 82 9 47 40 56 27 86 58 43 5 61 68 11 88 57 19 90 63 71 16 25 13 29 79 93 2 57 75 12 6 72 16 4 18 65 78 78 12 10 33 10 6 2 24 43 74 27 86 73 81 78 11 78 31 29 67 50 25 60 84 88 98 67 81 82 7 39 31 72 59 35 19 12 73 37 16 94 7 77 35 32 66 5 76 5 95 42 70 21 50 18 1 36 29 90 28 24 40 33 2 56 50 34 81 39 54 79 73 8 82 7 81 99 12 1 51 32 72 89 53 42 1 42 43 63 99 4 55 54 36 48 39 5 6 43 50 68 21 43 66 94 65 12 8 22 61 57 92 92 65 81 6 61 58 89 70 45 8 30 60 48 32 96 3 67 51 81 78 19 93 22 47 58 94 73 24 1 15 38 32 78 52 87 51 75 84 86 88 54 60 80 98 58 57 96 64 86 40 96 54 1 15 16 77 41 6 97 66 80 88 80 14 16 7 66 36 30 0 70 83 30 62 89 21 92 48 37 41 70 75 93 53 32 79 28 95 80 45 17 33 92 52 98 26 68 78 99 3 24 78 16 82 45 60 17 74 
35 76 86 59 63 50 68 51 18 69 75 53 82 23 52 86 79 65 8 69 56 51 62 26 99 42 77 26 67 0 49 32 57 88 84 24 5 2 36 17 41 53 8 48 46 55 51 43 34 37 40 22 38 13 18 69 49 36 9 33 68 31 25 64 75 23 11 87 68 71 78 46 39 19 56 87 78 27 13 58 2 34 59 5 5 51 87 26 85 59 43 1 16 8 76 0 26 2 54 44 61 97 90 98 95 6 54 22 77 93 35 7 73 2 76 22 9 26 82 87 62 60 52 38 44 21 91 98 88 5 73 68 18 91 31 58 73 75 79 50 11 78 33 28 89 14 68 18 5 70 7 35 22 79 83 62 86 28 50 46 31 92 6 78 12 3 81 9 56 10 15 13 11 10 14 91 4 25 62 85 15 47 53 51 20 72 89 39 72 95 56 90 66 15 62 2 44 15 13 91 74 7 17 66 43 20 11 55 92 45 20 21 22 60 73 38 96 83 29 77 68 84 69 76 88 41 24 17 16 48 23 76 6 90 50 6 70 42 47 81 40 36 78 44 10 14 7 32 70 8 8 30 36 99 42 71 47 95 49 6 94 61 98 65 48 30 53 75 89 46 3 84 15 15 82 77 32 54 18 97 10 62 66 32 38 46 83 12 66 85 4 69 12 48 47 81 76 20 39 96 
26 73 47 44 7 50 81 24 98 22 98 90 36 18 86 59 36 99 23 90 57 7 91 47 0 3 5 17 18 40 59 1 10 99 42 38 15 97 37 66 93 34 93 98 80 64 24 97 89 72 87 93 12 41 58 27 25 96 97 52 15 90 74 67 65 39 72 1 55 63 14 62 97 76 72 34 95 8 78 48 57 11 22 73 39 90 26 9 79 29 39 34 57 22 88 17 20 75 14 29 59 78 56 17 87 2 29 73 11 81 53 23 63 1 65 75 94 75 87 34 94 6 70 99 85 75 4 52 29 93 68 50 43 56 6 45 9 70 52 19 41 65 60 79 33 29 12 6 49 73 76 25 62 5 54 52 88 75 74 14 49 82 89 49 35 30 88 8 72 74 81 36 18 26 53 15 54 21 14 99 92 41 2 14 43 73 44 20 68 32 55 61 37 2 94 77 84 24 63 78 21 11 15 53 52 89 88 11 14 71 15 17 95 30 80 13 29 57 88 59 15 79 75 97 12 49 86 10 48 9 35 37 63 48 10 57 5 94 70 23 2 40 16 84 11 39 99 43 12 10 85 90 95 67 5 64 93 54 62 85 40 15 47 83 37 23 83 96 19 68 71 88 36 32 73 52 38 87 59 39 48 20 28 92 94 34 58 56 2 19 74 69 85 20 16 51 17 10 38 14 
56 61 74 17 1 15 69 70 61 51 63 13 25 78 69 73 47 38 18 40 54 82 65 91 57 25 65 30 42 50 2 52 55 39 99 71 13 96 41 45 49 55 87 22 0 14 47 38 33 56 44 65 1 52 3 5 82 50 63 47 48 91 96 78 40 91 44 84 25 85 21 13 81 47 53 33 91 58 94 81 86 52 36 90 59 5 14 29 30 3 13 42 39 49 95 50 50 89 46 38 83 92 59 7 88 59 18 95 84 11 31 33 53 78 35 15 39 24 11 10 59 39 96 68 15 75 0 94 75 61 48 93 69 70 70 86 84 10 17 62 97 45 38 43 30 2 89 92 92 59 69 53 72 76 32 55 80 95 2 61 50 18 36 83 93 3 52 70 96 41 23 40 48 32 18 97 61 47 53 78 63 64 49 93 89 76 16 46 98 31 18 32 63 98 2 94 5 46 98 43 35 76 87 8 51 84 64 70 74 91 56 80 29 96 42 62 45 60 49 26 1 12 52 45 15 83 11 18 47 25 23 14 63 95 95 59 24 48 95 3 13 96 33 79 34 15 54 49 90 31 74 93 89 38 35 71 56 14 3 25 29 2 68 58 87 62 75 64 78 5 52 58 35 78 29 69 22 84 57 9 59 83 40 58 91 76 52 75 87 51 93 1 94 74 96 72 99 28 0 3 
61 11 35 33 14 7 96 57 34 37 45 54 68 94 70 73 1 32 82 47 88 5 2 73 82 77 64 19 39 34 14 5 16 54 99 52 39 6 57 24 44 76 63 60 13 62 97 39 48 80 26 42 60 41 25 46 1 15 79 55 96 37 32 73 89 94 24 30 19 14 44 68 25 6 21 0 43 69 25 31 61 29 11 40 13 48 31 71 23 27 14 32 40 78 15 23 91 26 16 79 72 28 99 60 82 39 83 69 84 55 65 73 30 63 18 54 77 60 64 12 20 26 29 63 92 92 94 83 95 83 0 75 36 96 99 52 22 19 5 63 49 78 37 98 81 29 55 19 30 70 7 73 28 25 71 87 88 62 10 94 75 33 31 86 29 54 67 40 76 93 98 3 66 80 34 17 37 17 85 35 66 57 84 43 83 42 17 40 81 91 43 71 72 16 50 9 53 21 97 33 18 83 30 72 12 27 92 86 53 49 96 31 59 51 60 49 22 61 62 87 69 36 12 43 26 40 60 68 59 7 57 83 47 75 98 14 41 1 83 6 87 18 2 94 3 70 75 67 43 8 99 87 70 73 81 16 5 49 15 17 10 38 56 52 31 94 18 2 31 71 57 23 58 88 36 76 69 51 40 18 47 41 71 24 14 34 52 12 50 90 63 70 24 95 45 50 66 67 29 71 
37 60 37 64 86 59 61 21 81 86 12 97 67 89 83 15 51 67 66 91 59 16 45 70 96 77 82 64 20 60 0 13 62 14 85 26 23 30 59 70 11 83 15 80 97 20 63 35 8 7 10 59 38 47 21 54 6 74 96 59 21 39 86 89 64 59 5 27 53 11 38 58 11 73 52 24 71 2 26 56 64 79 37 6 49 39 46 89 50 57 93 78 33 10 32 82 10 12 43 22 24 76 63 14 53 73 31 92 47 7 17 11 81 91 82 96 62 55 97 99 4 85 53 41 84 11 77 40 52 41 48 84 88 2 58 29 53 20 69 60 23 42 67 91 2 71 83 35 8 57 73 8 28 7 28 48 34 86 14 36 25 70 14 91 57 73 34 23 47 68 22 53 90 88 33 88 19 3 16 45 83 11 35 33 31 19 77 76 43 49 31 72 47 38 41 5 80 72 95 8 83 61 21 34 8 25 62 50 72 18 6 57 82 22 31 17 3 76 4 16 36 51 67 15 49 43 37 62 67 89 71 61 62 61 71 83 0 5 91 90 85 41 77 16 3 62 0 1 17 84 14 64 3 75 91 22 12 31 45 12 64 14 43 53 62 50 83 89 24 48 83 47 98 13 32 9 5 6 6 19 30 65 59 37 2 46 26 15 66 3 57 49 13 8 90 80 49 29 10 50 
71 14 91 90 99 27 12 68 16 68 71 65 12 68 94 54 19 88 53 9 24 15 2 45 60 35 10 39 65 90 43 17 25 94 23 13 25 98 64 5 92 62 36 67 17 89 48 19 44 33 75 12 14 38 80 14 75 62 59 13 76 37 87 11 11 53 14 43 26 93 81 9 93 9 8 39 11 80 92 77 95 76 25 65 81 70 70 22 36 95 86 22 88 34 46 66 79 91 53 29 39 99 27 15 76 29 77 63 16 12 71 19 94 86 18 67 47 89 89 73 14 36 95 75 63 60 3 97 46 12 23 21 81 57 37 0 27 82 27 14 30 11 4 13 88 72 35 10 58 28 28 49 12 66 81 79 40 85 79 28 32 23 97 26 18 59 55 54 35 27 31 97 3 19 84 76 97 4 8 87 36 7 52 84 72 29 97 66 10 95 5 96 86 66 2 80 32 53 39 79 89 98 88 7 66 1 43 30 69 62 28 13 87 34 0 49 93 9 86 65 79 31 18 48 22 87 59 16 54 71 42 91 39 61 88 4 67 41 56 14 84 60 44 0 33 0 53 97 79 58 17 66 70 84 61 76 22 35 48 92 27 32 35 76 71 53 40 9 34 6 3 41 90 48 63 57 12 19 31 91 62 99 46 24 19 72 87 53 32 30 0 31 85 77 23 40 35 49 50 4 
47 58 74 5 67 15 82 83 11 89 61 39 78 89 20 12 78 57 20 26 98 59 7 46 35 30 89 31 13 59 10 68 98 3 63 45 59 18 53 10 30 63 80 29 92 92 47 44 83 28 27 55 63 84 55 51 5 3 55 39 88 97 40 2 63 38 74 41 10 14 23 63 21 12 27 58 66 72 24 19 87 25 81 45 70 63 81 49 71 96 49 2 71 81 78 44 70 79 84 90 96 70 24 92 52 30 55 37 65 96 3 1 52 72 61 47 97 29 84 41 89 92 8 3 12 61 27 85 92 30 76 95 26 16 17 48 3 59 51 18 85 6 95 83 95 17 91 21 51 18 50 22 99 64 12 67 54 61 41 49 51 10 43 41 74 58 18 4 6 33 16 34 87 40 37 20 48 55 65 39 4 65 91 48 25 37 8 65 41 75 69 21 20 64 85 90 46 66 2 98 9 34 54 96 97 43 84 25 24 75 85 54 64 80 76 71 39 20 57 49 49 97 78 80 20 52 5 80 12 17 66 29 40 34 8 92 9 95 57 8 17 13 27 61 35 5 33 36 25 12 90 43 22 61 32 98 53 90 52 99 14 22 97 57 43 91 66 23 14 48 92 7 41 29 44 33 85 89 45 18 88 64 48 56 0 69 17 48 41 14 13 73 18 99 76 71 47 15 21 0 
35 21 56 89 87 67 92 57 54 48 85 85 46 79 79 71 55 58 75 89 83 76 49 12 62 30 71 18 26 4 41 79 62 71 2 15 30 58 2 93 75 2 52 2 64 14 34 17 96 3 38 13 62 51 27 67 45 72 9 46 74 40 33 29 18 26 41 72 64 51 47 85 82 75 35 60 27 13 77 0 89 18 99 77 80 68 60 3 35 17 74 92 29 28 14 93 87 14 78 12 96 54 6 18 40 58 45 79 34 4 77 38 75 81 38 24 16 39 96 95 32 57 76 23 49 55 4 31 25 35 72 80 46 55 0 59 18 48 55 8 28 39 10 95 55 45 94 66 34 32 58 95 32 92 44 3 73 99 2 11 16 25 40 83 54 98 24 80 42 45 25 22 11 53 91 45 63 30 95 7 14 35 79 3 99 21 5 21 52 22 76 14 12 23 57 89 40 79 11 38 46 85 38 93 58 67 13 42 69 28 63 12 84 51 62 28 97 49 1 96 92 41 39 63 61 70 88 26 8 49 37 96 88 72 70 86 64 25 8 82 68 99 39 8 56 77 20 25 86 16 4 8 44 24 75 31 79 14 89 55 74 77 85 66 66 49 55 96 39 23 79 7 27 38 94 84 54 57 40 27 94 66 43 98 76 59 43 96 14 35 71 59 74 87 11 37 39 93 46 43 
42 9 38 71 44 46 50 22 54 91 83 8 81 11 69 0 72 90 44 20 46 17 7 87 24 19 80 39 31 20 62 79 81 50 42 73 82 27 91 69 81 99 49 63 4 2 60 16 28 8 18 39 56 83 24 13 57 4 96 19 2 14 37 49 12 35 15 90 1 53 22 62 41 84 45 53 21 25 45 2 96 98 44 36 18 90 39 75 19 92 71 66 7 31 67 24 76 41 60 77 29 68 43 3 55 76 55 60 90 2 19 13 36 92 78 71 46 66 95 5 39 49 91 82 36 26 37 9 91 25 18 98 94 15 37 55 64 81 68 71 29 58 91 97 96 14 49 84 14 43 93 61 66 64 15 10 45 97 59 30 62 70 4 65 52 79 53 74 50 68 80 58 96 24 4 30 37 36 93 56 96 85 21 33 58 13 45 43 52 70 64 13 9 43 11 35 95 44 90 13 19 20 30 29 9 98 52 85 1 17 21 17 34 31 26 37 93 55 53 47 78 46 76 42 1 31 99 7 15 34 9 51 54 11 95 13 22 14 87 61 49 74 82 6 34 55 48 15 98 8 89 4 7 64 13 99 52 75 7 62 32 5 93 32 22 27 27 78 50 45 86 86 90 71 67 8 67 99 80 41 44 70 42 38 91 62 45 58 64 67 47 54 67 84 15 56 73 17 53 34 
45 99 85 17 78 64 9 85 5 76 78 82 25 30 75 52 79 18 68 91 51 55 36 53 42 73 43 56 38 9 37 11 23 20 7 69 91 57 47 44 48 69 50 67 12 60 89 94 85 10 3 60 11 71 38 71 75 70 28 91 97 87 88 44 64 56 1 22 80 77 62 38 68 64 62 19 61 56 99 56 91 87 93 59 91 34 48 34 16 80 50 50 46 23 54 14 16 90 6 17 16 70 6 30 97 51 41 22 8 29 55 43 43 68 7 44 50 17 43 76 51 11 83 12 97 4 22 47 91 43 87 21 21 2 42 96 35 87 1 56 73 49 13 70 55 44 37 61 2 12 71 81 62 38 48 89 78 8 57 50 33 7 63 66 62 58 3 88 82 36 46 30 56 98 42 29 2 70 30 56 6 99 87 3 63 43 68 53 97 65 26 36 22 6 79 40 91 9 32 71 2 62 10 11 45 85 14 92 27 12 63 68 70 42 19 84 69 8 81 37 14 23 74 35 98 40 3 32 40 17 46 88 92 33 42 32 37 34 44 44 8 64 63 30 86 92 72 3 60 54 87 68 70 52 85 50 38 72 62 89 93 56 0 59 78 20 88 83 14 92 53 12 52 63 87 69 94 91 22 21 12 5 43 39 87 75 18 33 80 8 5 20 46 28 95 85 25 32 84 87 
73 25 36 37 31 12 79 77 82 25 88 9 5 16 29 96 70 99 69 45 34 18 39 28 15 15 66 41 26 13 22 21 63 51 94 66 21 21 6 70 22 75 95 83 47 21 16 89 76 21 48 93 70 78 29 45 92 53 27 83 39 43 17 67 78 7 7 31 90 32 64 29 35 36 74 71 14 50 65 90 71 21 32 61 26 2 62 99 26 4 63 12 90 74 9 92 96 53 22 4 42 58 71 93 23 62 34 46 14 72 27 33 45 35 12 14 36 5 51 11 75 74 0 39 34 57 31 64 43 0 31 6 49 51 96 66 3 55 87 23 19 59 47 84 97 82 45 23 74 38 99 96 81 97 42 20 63 18 35 43 29 46 99 64 44 31 42 45 44 72 20 35 69 19 24 34 42 40 2 76 71 22 68 66 70 55 60 56 96 83 68 54 13 73 34 55 61 21 62 53 28 89 29 85 37 31 83 36 50 67 93 69 27 17 71 62 84 17 71 26 91 81 99 45 67 54 11 97 33 79 71 46 53 70 83 25 89 8 4 37 0 44 66 79 42 83 86 83 77 6 31 54 63 43 87 26 47 13 55 56 25 3 71 37 34 99 58 19 30 3 58 13 56 39 78 26 80 84 13 57 55 68 3 76 68 43 17 75 92 94 90 40 35 26 22 37 66 43 37 8 
29 2 10 69 30 71 97 72 5 87 71 77 5 61 55 73 86 83 64 23 88 24 18 3 61 48 9 82 95 59 45 79 17 61 11 35 18 82 90 95 81 65 41 58 30 70 36 68 37 72 25 3 75 88 50 11 61 8 8 73 16 55 46 28 61 78 6 10 32 62 74 18 0 22 63 16 84 31 94 34 69 58 56 1 99 91 32 8 33 84 18 68 5 63 79 63 27 79 62 43 28 60 65 37 58 38 96 91 98 32 24 82 63 53 4 76 65 19 57 48 36 86 96 26 86 95 56 41 46 33 72 20 18 8 57 65 79 57 24 52 92 81 23 8 65 77 6 37 53 16 88 97 62 95 89 60 35 86 98 58 77 76 83 20 58 89 21 25 92 62 24 98 30 73 67 12 20 17 89 94 31 80 62 34 35 63 34 84 8 26 33 92 86 80 36 47 89 13 95 82 51 74 64 22 60 89 2 15 41 98 6 86 80 89 58 16 79 78 59 37 45 89 60 29 32 57 95 70 97 70 96 14 14 49 99 75 78 65 83 40 70 48 96 41 94 80 97 74 50 95 19 56 34 36 88 4 75 82 79 84 56 37 79 79 67 11 78 41 65 21 40 27 53 31 96 56 87 10 2 24 36 79 86 99 43 46 0 94 7 41 1 81 84 82 9 44 68 92 72 96 
47 65 74 61 92 47 94 50 53 84 42 86 25 90 65 60 61 89 53 21 53 84 96 78 51 21 89 90 67 88 42 45 1 56 96 1 1 99 37 39 2 33 25 65 1 64 44 91 54 51 43 19 35 0 57 22 75 25 32 8 18 34 44 55 56 75 91 87 15 29 29 68 61 35 66 40 16 37 38 38 7 5 41 68 42 80 67 89 22 88 53 98 72 3 85 86 18 90 14 71 6 79 36 76 69 28 54 67 91 49 20 11 53 79 59 23 62 54 99 16 43 84 49 9 13 3 1 95 45 53 34 82 45 62 39 63 20 62 84 87 36 75 54 46 39 85 82 52 16 52 21 98 34 78 84 0 21 46 50 65 75 4 54 95 70 94 85 57 49 14 61 43 4 96 91 73 96 91 38 3 22 75 84 63 43 54 65 7 80 43 13 76 98 70 55 27 48 94 72 83 80 75 60 64 76 60 75 54 38 80 26 1 34 27 37 31 66 15 40 10 2 48 97 1 85 29 25 9 47 19 92 92 17 95 70 52 62 55 43 8 60 93 19 81 98 16 15 19 15 19 67 6 67 47 32 75 88 47 23 17 68 94 94 97 12 36 47 57 76 33 51 20 37 90 33 23 0 85 11 2 50 40 3 62 19 97 70 94 42 77 18 35 41 13 50 5 33 55 90 38 
97 21 50 97 67 15 91 19 87 48 44 21 47 43 23 31 2 58 92 82 33 90 21 64 63 76 23 84 32 24 39 68 32 48 81 47 89 0 85 42 38 55 23 39 66 44 1 3 61 94 98 96 60 12 13 11 34 17 1 34 41 35 44 30 91 78 71 71 27 64 56 72 3 59 79 20 47 11 21 20 2 4 47 79 39 21 17 65 47 74 94 12 77 0 22 84 17 47 77 27 89 45 80 35 25 16 69 20 47 67 44 98 98 57 23 76 34 15 66 24 32 57 36 73 2 50 40 71 82 91 43 74 31 33 40 37 80 54 73 56 36 53 66 0 26 61 0 22 26 12 63 34 47 8 87 97 98 6 96 5 58 17 72 97 58 41 97 61 80 64 94 7 72 66 94 29 88 24 39 85 77 48 22 15 86 7 64 29 59 72 34 21 85 71 56 74 88 64 14 0 33 83 97 13 21 19 9 40 90 58 67 89 64 49 60 65 7 40 38 72 63 8 7 20 31 99 80 80 58 56 0 60 47 11 29 79 73 15 30 94 67 78 26 23 15 25 39 34 0 26 10 26 4 22 3 92 0 18 52 83 21 51 67 28 95 88 71 32 58 41 86 33 22 38 52 38 75 74 27 41 55 88 32 20 24 13 89 64 61 16 35 48 75 42 70 61 15 54 86 64 
62 72 80 77 57 56 74 78 98 78 95 55 27 87 15 41 82 66 69 44 80 80 18 66 6 69 69 69 12 88 67 95 52 1 53 52 71 93 8 48 94 6 96 23 4 87 32 5 49 86 25 21 22 39 48 89 8 32 69 3 91 4 94 74 40 76 89 72 96 9 29 15 18 49 50 33 70 52 6 61 51 94 75 90 24 22 62 2 99 79 78 59 18 88 6 77 26 97 11 88 64 67 70 43 9 85 88 90 45 17 90 79 59 69 79 95 44 27 88 12 6 45 47 46 31 25 0 38 54 20 52 65 39 5 18 89 21 40 78 4 13 92 92 30 25 42 42 57 16 90 41 23 76 87 65 83 28 7 59 27 52 80 15 77 49 89 90 36 25 99 1 38 58 15 75 7 85 92 3 39 67 17 66 35 35 81 32 66 43 93 64 35 32 74 81 51 90 96 53 64 37 62 73 25 28 67 95 36 27 60 80 53 24 50 94 77 62 55 19 72 6 48 14 18 86 14 1 48 90 2 36 49 60 53 21 15 3 95 33 4 16 66 94 88 49 67 82 69 13 93 38 87 83 41 2 93 58 0 36 14 74 18 59 28 44 80 78 67 0 53 25 91 2 54 11 43 65 50 9 93 64 26 78 78 69 70 75 71 68 16 21 36 32 98 29 96 20 70 83 17 
93 59 34 38 50 51 35 62 0 16 16 31 39 12 31 18 60 12 75 57 61 1 97 50 57 92 15 14 5 72 85 82 63 39 9 16 77 43 77 33 42 52 62 86 42 57 64 33 16 6 63 53 55 17 80 1 6 89 4 69 93 54 40 89 55 55 93 57 9 28 58 61 79 52 68 62 61 58 22 86 29 2 29 89 55 38 93 44 65 49 13 9 97 36 39 10 7 36 87 54 27 95 38 89 35 74 42 20 69 26 84 90 59 46 17 89 50 65 65 15 92 36 13 10 13 26 23 62 65 17 79 94 92 88 48 42 62 83 51 51 48 63 75 99 98 91 94 35 75 81 67 59 70 45 65 45 18 19 31 40 68 68 84 61 15 66 96 87 80 79 88 76 35 91 59 48 66 93 21 77 45 60 44 35 18 14 25 13 2 92 84 48 19 95 7 0 19 11 68 4 41 66 32 5 15 47 39 82 56 75 50 23 30 24 16 43 22 13 0 42 11 49 5 7 28 75 43 14 82 57 81 85 62 15 56 16 18 95 27 59 54 67 84 75 45 19 6 99 33 51 58 21 99 42 59 11 30 88 45 39 59 25 33 67 93 4 91 45 94 11 76 78 45 99 91 31 54 7 50 96 31 72 24 1 40 43 53 35 93 50 56 36 22 23 96 97 47 79 54 22 
73 31 78 87 18 40 24 18 4 4 53 1 32 23 82 94 88 79 32 96 89 80 9 28 95 43 46 67 41 89 93 9 37 38 0 11 87 26 31 89 25 84 31 99 16 90 35 41 49 96 52 60 82 36 63 67 46 64 34 82 53 54 71 93 45 41 83 85 74 65 79 27 64 1 71 13 95 59 16 8 42 60 4 34 8 40 99 65 63 56 20 57 97 93 85 55 9 96 43 57 58 69 65 8 46 33 70 83 49 87 77 62 3 88 93 39 31 21 57 99 14 37 69 52 16 36 14 74 89 51 99 20 22 81 72 4 13 74 31 89 86 2 29 24 48 87 94 37 84 47 0 36 15 12 21 40 86 41 67 54 93 38 83 77 12 22 41 16 26 8 31 96 51 31 40 16 77 83 88 6 61 17 81 41 34 41 91 68 82 73 39 95 13 72 96 8 43 8 72 71 57 37 54 7 18 12 71 17 74 18 34 2 91 37 11 4 20 3 0 0 14 68 19 62 21 95 18 9 59 31 20 93 31 52 23 38 28 43 38 72 3 94 29 19 71 13 59 47 35 32 75 40 89 98 18 74 41 29 64 17 4 51 33 31 86 92 6 86 54 65 48 47 76 25 44 39 27 58 16 54 60 10 53 41 11 34 73 84 45 19 95 15 54 27 48 0 75 54 76 90 
34 54 98 13 25 83 92 50 17 52 99 63 60 78 78 30 20 90 76 71 17 96 42 64 17 28 61 4 71 86 45 34 6 90 43 59 58 94 93 82 67 78 48 16 41 60 33 16 84 12 10 43 30 78 46 3 37 55 23 48 25 56 68 83 41 52 96 43 72 0 38 17 67 26 94 77 1 99 74 81 8 49 52 68 98 35 19 16 50 45 43 95 36 51 6 76 6 30 61 12 73 67 96 43 40 82 57 8 47 97 2 92 26 88 97 11 58 56 16 31 32 9 57 1 58 13 27 33 71 74 61 78 23 41 74 94 41 7 50 31 71 0 21 22 71 87 2 63 59 21 65 89 52 58 52 55 54 4 42 51 67 77 85 14 92 95 89 16 24 33 77 29 12 81 78 57 12 4 78 44 32 22 35 9 80 3 76 4 39 1 31 73 94 34 36 55 6 84 29 0 76 24 98 83 60 32 26 96 11 36 66 3 56 47 70 19 86 33 38 56 11 8 55 83 84 43 82 61 35 86 57 83 13 83 59 96 54 61 60 79 1 83 22 15 97 27 53 28 4 0 30 83 17 76 10 81 33 38 81 57 1 95 9 76 23 16 7 72 14 31 13 63 11 45 1 84 66 87 73 55 36 28 75 18 17 15 67 76 5 57 11 93 7 28 66 71 86 65 36 7 
76 27 97 79 36 98 75 10 90 3 98 64 12 44 14 20 23 47 7 91 92 38 40 52 5 53 44 72 87 75 70 58 92 86 91 35 71 45 46 54 79 3 31 64 66 14 50 78 60 21 81 91 58 58 1 39 27 58 70 28 36 62 91 12 62 94 88 23 42 4 35 71 92 3 84 10 93 0 40 75 38 69 50 18 28 32 42 92 93 55 9 98 50 9 32 50 71 63 83 40 76 85 25 46 37 2 78 98 25 75 68 23 78 10 50 30 92 10 74 42 67 67 68 18 41 74 91 10 49 55 49 34 97 40 18 54 70 26 9 72 22 11 5 26 24 50 20 27 75 10 29 14 97 79 96 5 54 79 16 35 77 52 97 23 93 59 10 71 31 13 8 21 12 51 15 89 29 47 45 87 2 89 65 26 79 59 13 86 63 17 87 86 20 56 12 77 56 65 86 29 41 92 52 12 87 41 87 71 31 14 44 0 59 71 95 32 93 59 82 65 14 56 99 57 88 21 89 43 6 17 58 93 70 42 56 54 75 63 65 96 16 15 49 34 68 88 94 72 68 55 72 27 46 60 44 3 11 55 93 42 31 48 57 86 3 33 77 38 64 2 16 85 22 2 66 67 16 3 20 17 46 6 26 67 34 0 3 40 63 56 68 44 83 58 76 28 77 51 47 96 
46 14 69 17 31 47 37 93 86 17 61 3 88 93 28 57 84 49 48 44 74 34 25 95 14 83 62 32 6 69 33 40 9 23 40 32 78 5 14 80 0 39 94 54 67 84 72 82 67 19 6 24 15 27 57 55 41 94 20 73 60 47 83 95 74 24 68 35 79 21 58 6 5 39 87 95 9 31 52 37 55 54 30 12 10 53 91 58 14 5 13 87 85 33 82 96 95 51 85 56 97 95 69 33 85 97 63 77 52 74 44 30 84 6 31 34 99 21 64 86 14 26 62 7 79 59 22 55 57 34 80 90 82 75 86 96 20 95 7 44 19 72 93 13 54 91 42 84 38 90 55 99 22 74 11 92 21 76 38 97 81 46 33 22 61 96 57 44 90 83 22 36 45 71 55 83 1 0 54 45 63 74 81 31 53 33 95 62 6 25 3 25 13 26 11 34 46 20 4 35 43 47 73 90 20 5 21 15 25 26 84 98 26 39 34 68 82 26 70 2 80 66 65 19 71 88 11 5 65 85 56 44 55 13 79 2 43 91 27 30 90 29 36 81 31 6 81 70 91 47 21 19 2 75 47 72 38 10 48 72 95 56 84 16 38 37 53 62 34 0 51 90 96 41 5 1 26 47 94 39 87 54 88 21 80 20 9 87 58 42 67 69 26 49 30 13 69 21 31 92 
25 94 7 73 3 65 48 51 79 54 55 93 13 48 67 8 6 84 24 12 46 70 64 22 67 0 46 42 54 28 36 3 32 15 19 67 44 71 40 25 6 39 49 27 43 29 12 73 20 73 36 75 80 82 30 91 6 64 89 19 34 61 53 40 19 97 52 71 77 1 18 78 4 69 43 14 52 68 70 75 78 45 60 81 39 76 77 90 84 82 59 5 50 61 21 5 66 22 77 93 32 0 73 22 19 61 35 5 12 7 75 99 16 9 57 45 63 42 79 1 87 87 95 75 40 68 5 64 69 94 39 57 31 80 54 2 81 55 37 60 95 56 56 87 91 32 26 28 96 50 93 96 53 20 78 45 42 29 60 13 9 39 26 64 36 25 69 89 0 43 98 55 69 28 92 50 69 96 72 37 47 34 42 77 0 56 59 80 59 94 67 35 8 67 29 56 2 90 81 15 70 1 78 7 7 7 27 89 35 39 43 88 86 31 99 74 30 46 3 19 26 13 26 50 12 76 49 92 84 32 78 9 66 60 72 15 39 81 27 2 26 50 26 77 86 16 67 15 26 65 77 82 45 8 64 2 11 80 29 37 72 44 74 26 79 5 88 52 70 6 77 80 88 9 49 77 87 71 68 82 87 74 58 65 15 4 33 96 47 84 82 73 21 19 2 50 19 9 72 4 
33 41 28 75 23 8 81 7 58 6 50 25 95 53 94 13 36 28 74 67 42 43 0 23 83 28 25 25 5 57 77 69 22 15 46 72 73 67 34 95 33 74 18 19 81 70 44 9 40 79 19 43 2 3 10 56 42 6 57 92 45 32 98 91 7 60 59 77 40 53 55 18 50 95 36 37 89 45 5 22 55 56 91 80 14 90 84 51 50 88 42 86 91 61 69 56 46 48 52 97 99 23 37 95 39 29 23 10 83 17 48 91 45 32 3 99 45 89 99 68 91 55 77 4 79 27 98 62 37 83 69 61 46 53 44 54 2 0 56 30 39 79 54 72 38 11 27 80 85 0 75 75 45 15 18 69 61 99 2 21 74 4 41 67 57 3 47 8 38 39 2 21 17 79 74 65 62 73 54 61 33 47 3 89 28 52 44 1 5 69 5 87 51 60 57 2 56 25 26 8 74 79 54 32 26 81 69 47 42 30 72 80 73 70 16 1 53 50 27 12 60 45 70 26 27 31 32 83 87 50 34 86 76 24 60 74 88 73 6 41 4 97 90 68 69 64 53 83 66 96 61 47 92 22 70 49 58 69 3 89 70 36 67 18 71 14 27 87 44 58 62 11 37 96 8 86 69 78 31 16 76 83 96 41 82 50 80 49 36 94 34 24 81 89 56 61 87 57 52 72 
19 98 85 6 66 81 81 16 37 80 38 95 64 71 8 94 27 63 89 89 49 97 40 24 72 38 46 47 16 0 54 92 79 35 30 13 45 45 26 12 54 90 33 92 37 24 98 31 37 18 89 49 85 40 33 86 47 30 84 86 18 24 13 4 82 2 62 68 64 15 47 82 46 16 89 56 2 10 21 7 42 87 47 53 32 85 15 33 59 99 27 68 85 81 99 26 94 50 16 84 6 61 38 97 22 85 13 50 1 64 26 38 84 34 3 38 10 33 7 17 10 99 7 60 38 95 2 72 33 17 73 52 58 81 54 57 79 10 57 46 41 96 17 69 89 6 74 83 35 19 60 87 49 35 91 74 99 90 6 49 2 61 16 40 38 48 37 22 55 27 47 61 57 80 21 71 0 68 48 44 60 21 43 82 45 71 95 67 57 94 52 62 12 60 38 29 97 70 56 17 8 52 13 26 23 29 27 12 73 12 88 94 67 77 55 74 77 83 68 74 1 70 71 74 33 44 75 78 83 59 34 24 44 29 95 13 74 26 10 21 79 42 31 12 38 69 14 28 76 7 6 7 45 55 21 45 76 29 30 23 44 27 88 58 53 13 6 42 78 25 71 20 76 86 89 90 19 79 32 35 56 26 72 59 10 17 43 64 37 53 20 80 60 93 89 88 6 54 34 78 
3 80 34 96 31 23 77 1 92 91 10 51 12 13 11 65 81 0 43 9 28 6 32 42 43 10 70 20 87 82 38 60 17 52 82 26 0 55 55 92 67 31 40 25 87 96 35 73 73 11 81 94 77 98 63 12 41 70 14 49 31 50 54 77 16 1 51 52 84 32 24 23 90 53 5 0 75 87 98 8 65 32 77 23 92 23 48 7 94 33 2 0 60 30 60 92 33 59 74 45 33 63 24 67 4 23 78 16 87 82 67 73 75 13 1 63 2 34 0 21 15 27 2 24 69 13 2 13 98 62 3 65 12 72 66 39 17 3 54 5 43 0 8 84 46 7 56 42 9 30 67 60 42 19 73 37 78 12 72 64 72 13 49 9 73 38 75 67 4 94 58 96 87 15 34 2 58 38 64 48 6 69 8 40 84 47 63 15 15 92 35 10 52 21 49 60 45 63 10 92 7 35 66 80 39 81 28 29 55 29 38 34 66 25 23 23 50 49 82 27 61 35 94 94 28 98 58 2 6 61 8 96 29 68 81 74 40 79 83 52 45 78 49 11 7 95 17 83 74 66 59 40 46 45 62 4 30 88 97 44 90 73 44 10 10 35 95 88 40 4 30 28 40 51 25 87 35 91 70 72 98 13 17 47 47 84 27 41 12 79 2 57 3 23 71 39 87 17 25 68 
8 42 78 31 12 81 52 31 68 17 37 16 89 4 34 34 24 59 12 84 68 54 72 41 7 90 13 37 94 98 47 46 33 63 70 12 33 76 40 6 8 60 79 93 82 89 46 19 22 1 54 21 53 7 96 57 12 4 33 67 68 30 92 52 45 24 32 99 80 44 21 36 70 94 64 54 47 93 46 82 63 59 92 20 55 28 17 92 76 51 4 1 9 72 81 48 62 1 21 33 19 28 52 42 21 13 3 96 83 40 54 25 57 5 43 94 93 14 40 66 38 32 73 96 18 82 62 18 82 90 75 97 23 77 49 39 43 66 76 62 90 22 9 18 58 94 31 34 89 32 56 56 22 7 61 47 57 22 2 76 19 43 70 23 61 76 51 67 99 17 76 36 64 7 12 89 40 4 15 9 62 84 18 69 64 52 59 98 60 93 97 0 68 59 89 52 99 11 18 66 69 89 35 87 5 26 82 28 22 61 67 98 60 76 65 73 20 62 72 2 21 31 32 62 76 63 89 3 39 6 72 1 81 88 56 21 5 84 36 21 40 50 0 61 4 18 30 96 26 91 40 58 38 71 83 24 37 31 70 72 48 23 22 31 79 72 52 28 28 21 9 79 82 39 98 66 4 87 69 67 66 37 46 42 1 27 13 16 94 91 34 36 89 24 71 81 23 22 10 40 
2 81 30 47 11 84 20 30 45 98 61 33 76 93 15 79 76 73 15 61 39 59 32 82 60 10 9 97 53 38 23 68 52 12 51 24 49 93 99 76 39 70 43 47 36 66 74 64 50 26 68 40 12 34 46 42 24 85 52 25 30 71 59 0 68 61 47 10 59 61 74 45 99 58 42 79 15 54 31 45 51 70 9 0 5 42 5 25 9 53 73 73 24 95 25 4 44 81 19 97 90 1 94 83 35 20 79 35 23 71 64 10 67 93 1 13 90 53 76 85 75 58 4 8 25 32 37 25 34 65 22 38 36 17 47 52 25 14 25 15 61 87 23 60 22 18 30 79 87 64 36 25 18 11 96 90 3 31 21 18 28 34 5 48 78 29 28 92 43 40 17 9 38 88 4 74 4 74 37 31 1 54 0 86 26 30 62 79 79 56 2 19 12 87 39 40 12 77 73 49 67 0 11 7 17 50 40 77 65 26 24 56 50 93 57 26 27 65 5 60 90 91 55 9 40 87 21 48 47 88 60 89 35 61 86 25 73 35 39 4 93 3 83 42 3 67 70 76 9 73 50 43 19 40 21 43 99 37 3 42 9 11 70 15 89 98 14 5 68 57 80 99 5 80 25 2 45 81 12 84 60 77 12 75 65 62 55 25 4 10 28 14 40 10 66 80 64 88 92 89 
73 50 56 22 19 60 27 11 6 31 95 7 5 7 36 89 46 66 47 67 41 78 96 54 62 41 42 79 0 43 4 76 47 68 94 42 84 54 80 5 4 29 2 44 26 93 50 83 93 52 33 30 25 53 68 80 85 8 38 52 65 79 62 95 64 52 31 42 17 75 9 17 33 75 94 12 45 36 77 84 86 68 19 49 36 50 24 4 27 38 3 20 95 83 96 69 43 29 78 46 96 39 22 6 43 20 70 65 80 8 61 13 21 85 18 41 90 87 72 64 62 45 89 45 90 76 1 50 88 45 88 91 3 30 54 92 93 73 7 73 13 49 76 85 10 61 20 97 63 50 38 66 9 27 23 70 18 19 91 50 87 66 85 60 48 40 30 60 95 90 16 19 94 3 11 76 13 70 21 21 3 64 13 69 68 69 73 12 43 6 70 10 8 13 68 13 45 24 33 16 77 51 22 28 73 49 53 58 74 9 25 97 19 53 7 2 91 43 85 5 29 1 72 1 68 26 77 23 69 79 36 71 11 56 21 35 29 72 44 32 17 94 39 54 21 17 88 80 46 8 72 92 9 74 78 52 65 29 61 36 28 69 70 54 25 20 80 24 42 56 48 93 51 29 15 27 82 87 81 87 13 41 93 25 77 95 39 89 84 70 72 51 97 30 56 63 23 17 12 88 
55 61 90 30 30 1 14 36 47 0 6 63 92 11 10 5 26 74 16 98 53 44 42 5 50 66 5 53 29 5 68 30 82 43 82 93 95 19 32 74 18 28 66 81 95 64 95 7 85 53 8 63 89 40 37 16 94 17 54 9 47 93 5 34 98 33 95 96 35 80 8 16 37 15 62 72 86 72 61 55 12 81 61 59 50 62 68 79 65 94 95 9 65 80 90 28 12 28 90 79 16 30 59 46 6 5 46 29 41 61 28 82 33 5 15 21 18 2 85 3 68 10 11 63 84 52 64 85 98 32 54 76 60 37 68 61 95 14 32 6 89 42 55 67 3 51 67 88 16 36 80 70 5 17 11 71 90 75 38 20 29 17 96 53 34 59 0 0 75 25 23 21 72 42 43 30 81 37 9 49 87 63 51 46 45 35 26 31 16 42 1 97 77 91 15 65 21 66 54 51 77 63 45 86 48 14 99 8 53 60 48 62 25 69 35 39 88 51 45 69 79 29 49 89 46 97 36 69 55 87 75 43 71 52 83 3 23 94 72 79 74 48 89 79 69 88 15 0 35 95 47 37 10 0 81 15 77 85 7 76 15 70 79 51 88 52 44 10 23 69 54 2 64 1 59 74 7 44 8 29 48 61 69 49 56 71 78 4 0 5 31 98 1 83 89 63 92 26 61 67 
50 53 4 10 75 54 7 57 79 51 45 34 29 82 39 51 47 77 19 62 53 78 41 4 57 10 69 75 15 12 89 32 94 40 94 85 23 81 8 95 37 4 24 36 36 26 40 78 30 7 97 11 2 96 20 92 79 26 93 0 17 44 9 23 90 11 69 18 92 56 95 53 53 18 89 66 35 0 49 63 96 5 75 83 81 50 81 93 11 24 38 57 30 31 24 87 58 70 81 14 30 24 24 85 43 30 21 68 53 46 97 1 23 67 62 16 53 6 23 24 45 84 91 47 11 49 63 97 30 5 21 51 22 69 6 13 75 64 80 98 81 74 8 12 38 5 34 0 50 62 39 71 57 70 14 12 22 77 78 92 58 92 90 91 42 74 78 17 33 28 93 89 81 33 96 49 81 90 78 98 67 23 44 45 72 38 71 74 52 33 44 0 6 90 27 38 39 61 3 40 82 17 33 84 76 43 67 54 8 76 23 23 66 61 79 18 60 23 7 37 94 35 94 81 90 16 81 6 26 88 98 18 36 49 11 76 90 87 45 70 91 37 68 62 10 19 72 59 46 87 2 7 70 40 51 24 6 38 40 57 9 48 6 47 24 90 48 28 11 95 87 62 55 2 90 79 55 75 46 63 35 72 47 46 70 8 64 8 34 76 31 63 34 73 92 92 27 97 36 88 
95 57 1 60 98 50 4 54 97 47 10 54 77 79 71 86 12 99 72 46 35 38 58 6 7 30 80 36 71 10 74 12 62 38 86 23 9 83 99 8 56 84 35 17 78 92 45 73 86 80 68 40 51 83 99 16 38 89 17 31 34 93 38 37 32 38 35 35 25 55 6 44 93 10 14 99 53 14 14 33 75 53 7 92 11 60 35 65 30 24 75 22 7 89 77 42 90 61 27 77 92 39 30 71 94 17 94 76 37 38 29 33 98 88 66 62 88 69 93 3 54 44 84 80 33 3 11 52 18 79 71 24 12 95 83 47 80 64 52 49 12 9 51 54 5 94 45 72 40 62 71 96 84 97 93 37 34 55 39 69 1 3 26 80 99 71 48 42 40 52 20 85 77 21 12 23 11 83 67 8 73 79 41 47 55 63 49 57 85 85 62 7 20 78 81 42 51 31 54 0 24 14 49 40 12 26 19 8 32 34 85 14 42 47 84 45 35 97 50 97 38 53 60 62 89 20 80 37 15 94 32 79 86 19 56 38 13 62 21 26 80 33 34 64 50 12 20 85 92 21 88 8 65 38 47 0 22 49 58 85 18 69 59 17 40 10 40 92 24 83 5 67 35 66 47 92 19 4 8 75 26 93 12 3 86 10 54 7 29 21 71 70 38 12 46 94 72 98 98 81 
73 3 68 37 9 90 44 97 84 12 52 3 70 42 62 57 69 19 43 7 24 91 5 69 70 3 18 0 61 94 13 10 4 80 45 88 79 1 68 68 61 72 62 34 18 0 97 38 30 38 55 6 82 24 97 54 54 74 71 41 54 83 62 77 41 67 81 43 87 58 55 92 18 43 19 75 71 2 41 42 6 27 37 22 79 84 46 23 82 76 40 32 33 17 40 13 25 63 59 10 42 31 98 17 71 38 14 82 89 86 72 98 7 97 46 46 55 39 6 74 94 83 38 66 41 20 40 71 46 94 72 5 53 54 13 51 16 54 77 88 1 58 56 57 34 50 73 55 18 93 89 62 78 49 12 14 90 52 42 37 9 66 84 25 22 68 7 99 1 9 80 68 65 99 53 35 0 68 91 64 8 53 96 71 74 87 91 60 56 40 49 90 3 8 2 41 59 81 45 60 22 7 36 46 11 53 12 9 99 92 7 69 61 33 55 82 67 28 6 96 47 18 22 38 30 4 7 5 66 5 14 59 92 6 97 87 94 39 72 50 45 78 6 10 49 75 49 2 27 22 30 31 71 20 48 14 76 86 18 46 13 23 95 18 1 49 90 38 5 11 34 22 60 37 80 72 40 0 18 0 7 7 10 80 36 18 36 17 43 9 64 7 35 53 56 87 27 67 16 19 
34 59 50 22 58 3 92 54 38 59 96 70 72 72 67 72 79 90 17 71 13 15 81 72 67 17 24 78 28 77 14 35 36 8 99 5 62 58 83 29 7 10 69 42 4 29 65 81 38 11 20 96 21 30 76 37 11 72 83 29 46 15 69 61 31 22 18 19 12 7 64 15 84 79 85 0 5 6 35 25 50 28 89 73 79 3 33 47 62 14 75 74 67 36 68 57 39 1 98 12 63 6 24 46 63 27 13 26 53 87 90 68 20 62 63 45 19 34 77 53 56 6 65 76 33 86 76 91 12 81 92 25 21 99 54 98 46 90 80 62 78 7 45 48 78 65 39 49 53 74 40 56 85 50 76 92 31 59 29 44 2 33 40 90 73 17 59 21 91 68 40 47 59 55 93 55 62 29 68 84 77 1 57 63 49 48 53 41 96 72 6 39 89 66 41 37 23 10 79 17 32 33 98 14 56 75 29 85 35 13 31 78 67 37 77 62 8 9 3 67 14 25 56 49 25 60 83 92 56 12 97 97 60 60 56 54 81 95 94 80 96 15 91 83 83 31 51 53 23 9 52 47 20 42 74 52 22 63 79 6 70 16 69 14 2 63 70 59 58 31 0 26 11 33 77 20 1 47 40 13 52 27 52 16 62 31 25 10 28 58 69 27 50 93 61 67 52 88 20 77 
27 82 66 90 7 72 36 96 45 72 12 33 88 81 13 38 8 19 16 27 24 3 76 64 60 77 42 36 33 19 8 21 80 6 89 49 80 72 42 88 88 12 42 9 56 57 32 73 38 23 96 18 84 88 89 20 17 14 59 78 69 46 1 62 21 41 32 22 58 8 24 94 84 25 78 58 42 76 3 42 48 75 85 75 54 38 48 27 83 42 30 23 48 60 81 5 6 84 8 9 33 26 36 44 7 56 9 99 40 66 38 92 87 31 78 6 8 21 19 78 36 79 15 54 94 52 24 77 71 82 64 22 97 8 26 30 7 37 67 68 32 55 77 67 45 99 11 60 24 1 61 28 70 1 15 60 59 55 0 34 5 69 89 18 42 39 25 34 90 52 56 46 76 74 47 72 3 70 30 31 73 17 52 93 31 38 38 75 95 69 30 64 38 31 82 28 56 43 94 38 70 41 50 56 55 61 68 74 86 93 16 62 62 74 33 50 9 37 31 14 23 30 65 80 55 9 12 1 32 76 85 86 17 59 40 66 52 50 85 34 0 68 64 66 29 16 95 6 46 97 82 1 57 45 74 57 93 63 27 23 20 33 37 76 78 19 16 25 21 86 98 6 39 83 67 9 13 91 95 93 33 7 25 73 82 56 24 31 94 41 42 64 9 48 14 10 53 17 10 24 
9 12 98 76 41 42 36 30 14 47 8 8 42 7 26 77 47 77 97 3 28 7 86 40 84 51 5 79 54 37 63 99 96 42 34 55 60 4 49 50 36 36 67 6 29 24 97 73 30 57 73 96 38 80 58 37 63 83 90 72 45 14 59 34 98 94 45 52 3 19 26 96 47 81 63 39 30 72 23 30 13 48 21 98 52 69 99 61 32 83 72 68 38 42 49 86 27 90 96 34 53 81 29 12 11 7 13 19 97 17 63 31 43 5 65 25 49 30 56 60 37 29 44 47 25 95 66 62 59 52 38 97 80 79 91 50 96 10 89 23 34 12 50 4 59 54 52 90 23 43 86 56 28 99 57 45 50 2 9 43 43 72 84 66 71 17 91 75 66 22 86 86 89 29 56 86 43 57 27 96 81 40 53 23 52 47 20 31 5 47 59 23 49 16 70 28 22 54 42 30 50 79 93 4 98 96 96 60 2 11 49 44 15 4 56 8 89 23 33 32 98 66 64 8 22 83 87 63 17 67 3 3 10 48 85 70 42 57 91 54 44 52 7 29 65 77 76 4 83 83 83 36 86 46 83 50 3 76 52 79 88 89 4 27 75 74 99 71 51 11 36 8 9 84 49 7 87 13 96 50 78 21 18 64 39 97 49 7 30 0 4 49 48 38 17 77 6 1 26 88 
7 43 0 7 69 46 74 62 18 93 41 62 86 0 11 59 47 81 1 21 9 31 44 4 91 82 87 41 94 9 83 31 68 93 95 78 96 51 42 75 12 12 10 32 79 51 54 29 44 79 51 12 78 49 23 36 30 83 34 56 98 14 78 6 16 17 68 62 94 11 38 85 6 56 44 37 1 43 66 43 84 26 89 6 75 1 90 70 25 48 85 65 8 71 38 45 9 95 11 46 99 46 70 96 17 59 54 24 56 48 24 32 1 44 41 45 99 40 12 85 21 8 73 56 47 38 87 74 25 90 58 90 11 72 33 37 79 82 65 90 52 41 96 52 13 7 43 16 85 55 50 61 72 80 73 66 2 5 38 83 19 88 46 38 67 49 20 67 74 33 69 73 26 68 37 24 19 8 4 48 3 36 56 3 56 68 34 74 63 37 59 23 66 91 53 43 97 68 75 74 36 8 69 28 80 75 95 63 67 95 8 84 48 43 37 46 59 27 43 68 81 33 10 7 56 56 3 68 34 26 1 71 43 23 74 16 51 47 43 77 53 36 78 44 88 10 26 18 55 3 1 52 8 31 73 6 60 94 88 89 11 87 26 1 93 49 35 79 8 72 45 70 88 83 46 92 51 3 10 76 31 54 8 7 96 33 59 88 98 71 43 27 86 23 67 36 64 7 77 68 
18 74 16 43 7 43 50 73 33 60 38 39 91 65 43 24 61 16 98 17 6 65 8 49 93 38 68 41 51 41 95 15 44 45 5 55 47 9 35 6 99 87 14 87 19 72 91 40 51 28 46 86 4 17 36 95 91 39 60 43 30 11 98 28 88 84 43 27 5 29 56 92 71 60 65 61 14 95 11 2 83 13 17 10 93 47 83 90 71 39 0 66 93 1 62 96 77 56 91 78 53 67 71 6 10 61 7 95 98 78 36 2 99 27 12 74 87 67 44 33 63 54 35 90 48 78 10 51 11 33 29 16 19 75 48 40 44 4 21 24 66 48 5 80 16 53 30 16 51 69 92 0 54 68 70 64 19 64 67 99 81 19 64 17 40 60 96 58 94 79 3 37 67 54 35 17 43 52 84 10 70 4 38 83 4 69 33 91 10 33 68 66 85 58 92 46 6 16 31 73 50 4 44 24 31 28 46 40 90 52 53 52 70 41 3 47 1 12 43 76 9 46 22 83 46 29 70 34 86 17 8 76 70 8 93 64 3 94 33 21 67 17 3 36 64 0 10 7 33 95 8 77 89 18 12 27 60 13 74 5 37 64 92 67 4 86 21 69 79 92 32 77 48 79 54 16 81 57 65 52 20 44 65 89 0 83 59 20 48 31 39 76 26 41 18 59 10 36 57 44 
36 81 89 3 75 9 91 76 32 8 69 16 83 64 70 29 11 27 62 32 0 36 26 62 36 19 67 10 3 60 53 20 32 42 49 39 87 81 18 58 72 64 8 82 4 55 70 43 39 91 58 7 73 87 51 3 37 23 54 23 35 63 20 61 44 43 43 1 88 5 62 4 47 62 70 71 36 24 6 42 50 35 59 0 55 47 21 71 44 98 8 43 89 53 58 20 61 36 32 86 82 26 76 46 44 22 18 57 95 48 6 94 26 7 16 15 99 79 0 95 53 6 61 64 83 42 93 84 90 29 91 69 72 95 3 78 71 52 89 51 30 40 57 32 65 71 90 64 23 84 77 3 79 31 20 89 64 10 6 29 18 45 66 67 28 98 12 26 48 44 58 45 19 82 3 14 45 46 12 72 13 66 0 13 52 11 34 67 44 8 72 64 51 34 41 79 17 89 26 5 47 77 14 80 12 26 45 63 97 5 27 74 19 33 36 43 83 36 90 89 71 89 16 24 76 58 50 45 72 61 26 32 20 89 81 35 20 62 43 92 29 76 46 18 23 96 14 36 1 48 85 27 22 13 97 37 25 38 22 85 91 10 88 45 35 62 90 38 18 80 12 47 37 35 26 64 8 1 17 97 12 77 86 97 75 4 57 96 86 46 36 64 39 68 71 14 44 69 82 93 
20 78 25 99 61 50 63 81 54 30 54 92 45 72 74 28 71 26 32 19 23 5 73 25 12 3 64 3 79 38 4 85 33 18 45 17 93 36 60 85 72 72 25 51 72 36 64 23 86 78 48 89 20 97 60 89 7 18 10 71 89 80 45 74 65 37 29 28 5 67 62 2 44 15 17 94 49 59 81 34 97 98 54 47 41 16 91 54 18 22 46 6 72 61 32 66 56 2 52 20 89 65 84 70 45 18 78 7 85 47 25 22 6 24 25 31 98 83 38 98 39 27 95 20 73 99 2 79 46 59 19 13 81 11 87 40 19 79 82 36 30 29 67 94 87 65 22 72 23 34 14 77 28 45 42 26 57 67 98 8 71 82 90 52 1 0 2 37 6 96 18 89 90 89 56 34 10 0 4 30 24 92 39 89 11 28 27 59 66 89 37 94 71 20 80 12 86 18 70 35 50 2 77 64 15 95 11 39 81 79 49 94 66 71 72 80 10 63 13 55 62 8 43 55 46 21 98 61 86 99 70 52 56 73 64 63 43 98 61 16 99 20 57 47 87 65 82 73 83 72 88 39 20 26 15 21 0 41 7 64 70 4 91 84 30 13 82 74 21 76 41 85 32 76 25 33 81 59 40 37 53 17 98 33 95 89 58 68 66 67 32 12 87 73 29 2 9 37 21 51 
17 87 60 43 47 7 37 25 22 89 99 83 4 59 12 24 33 38 51 15 10 29 16 25 67 38 83 58 98 91 61 76 78 48 2 96 46 41 32 90 32 10 78 67 24 98 57 21 53 61 15 26 29 53 32 52 60 47 98 16 31 61 7 24 34 23 90 35 56 42 43 24 49 68 42 62 97 37 83 98 27 38 45 9 24 40 72 0 61 3 89 17 10 32 59 0 0 67 89 21 77 9 93 16 63 89 95 10 43 49 98 90 75 96 74 21 89 58 55 9 14 63 49 80 69 95 64 3 68 54 70 0 37 47 63 53 41 58 48 6 10 75 67 62 69 53 46 24 86 46 90 12 82 35 9 37 42 80 71 57 18 42 14 91 65 64 88 47 3 43 18 19 46 61 14 1 25 11 76 97 78 14 8 68 7 15 6 29 24 81 11 54 75 12 4 62 87 4 65 39 17 32 32 31 35 55 82 95 43 95 20 61 57 72 66 33 48 51 56 42 14 0 45 43 13 64 37 22 96 79 78 99 31 1 23 33 54 75 11 92 44 44 76 50 46 69 79 23 13 78 42 11 10 39 21 35 25 14 45 94 84 4 2 58 13 77 30 97 17 43 95 33 54 24 49 75 75 89 84 51 26 18 93 77 71 2 10 70 83 37 71 47 44 1 38 9 43 9 34 72 
1 17 84 89 58 49 18 25 63 20 8 56 91 45 76 62 25 3 45 81 76 90 63 87 62 92 9 38 17 65 59 85 19 91 54 24 85 21 32 67 2 53 72 7 65 20 0 65 0 84 45 99 74 53 10 76 28 1 64 60 83 65 32 8 9 61 38 99 13 94 22 13 44 50 20 98 82 58 48 99 52 31 22 80 67 58 44 14 96 26 6 19 2 85 21 26 49 97 27 1 72 44 86 55 13 5 83 87 63 93 9 82 41 58 78 77 53 21 68 79 88 98 64 88 16 16 71 30 46 34 34 46 68 65 33 94 26 55 54 62 77 11 14 21 23 58 7 1 86 82 59 97 87 52 93 98 18 75 34 96 3 11 99 47 31 40 10 77 1 67 12 33 6 85 0 21 87 18 57 96 33 64 5 3 45 93 34 45 85 26 66 41 30 41 81 7 0 68 73 29 55 83 98 78 52 11 79 12 87 72 37 99 42 44 29 78 77 97 91 50 71 57 65 27 94 68 69 94 67 2 52 84 41 45 7 1 93 1 70 57 76 46 10 5 76 54 99 13 69 40 19 32 86 40 38 97 99 76 70 36 36 86 16 92 69 98 60 96 95 87 98 72 75 77 34 42 53 78 88 12 0 70 35 67 49 2 99 0 13 16 53 58 62 43 12 13 24 94 1 93 
4 56 98 82 66 1 18 30 0 52 12 23 50 38 78 32 31 57 0 34 72 46 10 43 51 23 22 49 51 85 97 12 50 13 11 54 35 94 68 86 29 31 58 7 67 65 77 94 86 67 39 42 8 24 20 40 55 24 38 82 29 91 40 35 76 18 16 4 65 0 76 17 0 60 55 99 28 75 88 49 17 21 45 9 85 11 23 88 40 67 61 8 1 71 48 40 10 83 38 57 67 62 62 0 58 3 74 52 75 60 54 89 40 23 32 33 4 38 84 55 27 56 31 29 45 54 58 30 24 72 5 16 27 33 97 30 25 40 92 57 21 52 43 67 55 64 48 24 59 43 55 73 80 19 27 63 4 73 69 10 46 4 20 97 20 65 17 71 78 43 25 54 38 82 16 30 78 58 17 38 79 28 15 35 47 68 38 5 18 25 35 3 80 85 60 92 94 50 43 11 5 63 32 27 35 87 21 55 73 67 70 37 61 3 97 60 97 34 59 60 27 53 0 69 50 5 44 42 25 44 23 35 47 82 45 37 18 7 33 77 88 44 43 67 63 10 61 64 4 70 27 79 71 28 1 24 28 41 97 94 57 78 60 90 22 22 38 91 93 50 49 96 51 25 17 84 79 98 89 56 34 80 18 58 54 61 98 49 99 92 50 9 98 17 51 80 68 36 56 73 
62 28 24 4 43 69 12 18 31 50 56 75 29 24 47 69 80 33 74 83 1 8 44 62 88 65 79 78 71 55 22 48 31 93 71 26 86 86 19 51 13 20 92 85 51 78 6 1 85 28 70 62 83 27 58 33 3 90 21 11 33 37 62 86 67 92 26 41 26 6 7 39 80 98 18 83 43 41 28 81 37 98 17 19 14 70 49 54 79 4 76 71 37 88 44 78 6 82 48 29 21 46 51 80 20 77 45 88 60 31 17 85 5 66 4 9 76 17 77 30 89 50 37 79 14 69 13 85 11 55 89 95 77 42 32 56 52 21 78 20 12 50 88 98 87 62 10 20 35 64 9 80 3 10 52 81 14 60 16 49 20 39 23 74 52 17 5 22 66 62 76 24 86 91 26 19 49 44 40 1 69 91 26 0 23 34 56 56 0 29 15 89 60 97 83 94 16 17 35 51 45 35 56 71 22 61 59 24 53 81 22 27 12 37 39 99 83 11 81 5 52 96 35 74 31 31 24 80 92 0 26 86 5 14 25 65 40 94 22 66 65 73 71 2 7 23 77 28 85 97 13 94 30 0 18 43 94 11 60 15 47 51 53 19 66 73 16 34 76 4 91 44 11 27 63 95 14 25 35 19 59 51 29 18 14 2 44 52 43 78 95 79 35 38 5 54 9 93 85 71 
82 28 47 2 89 53 32 28 77 39 54 13 7 7 64 66 60 14 65 65 7 40 22 48 23 85 37 40 12 86 11 59 58 22 14 29 22 25 67 28 88 13 78 33 24 63 76 84 81 36 40 63 10 81 29 59 95 64 18 68 92 39 31 14 21 62 91 56 37 96 83 8 55 14 62 7 6 88 45 54 31 88 37 33 13 12 23 7 15 38 87 10 94 74 72 45 69 44 47 95 60 14 82 82 2 68 31 47 81 90 48 16 83 6 65 75 38 90 4 53 99 56 93 83 28 13 87 87 51 83 61 71 46 34 28 89 33 77 88 42 45 76 13 1 62 85 40 2 74 3 30 16 43 18 56 78 71 53 83 9 96 48 86 14 51 82 6 66 4 74 42 91 90 60 27 73 70 2 49 69 14 11 14 12 28 44 39 67 68 22 29 65 50 27 49 7 63 84 92 3 19 2 40 71 8 92 71 56 29 21 93 44 41 42 63 85 80 78 10 3 58 55 13 81 7 28 83 71 70 37 53 30 63 31 39 5 91 89 76 2 5 30 71 8 10 27 3 40 76 43 14 45 48 90 50 5 9 47 96 76 25 41 13 31 70 15 70 93 27 7 71 24 52 64 32 84 7 4 90 8 77 56 35 1 80 65 76 47 86 63 35 1 78 0 22 52 25 59 38 79 
72 70 39 66 69 48 91 8 15 75 65 85 89 49 96 20 89 25 56 13 41 45 25 38 14 22 50 35 29 91 55 24 15 41 21 26 71 27 77 29 18 49 64 28 38 10 98 33 15 50 74 38 2 13 93 24 50 46 61 52 60 91 36 59 42 49 81 74 92 31 90 69 99 38 10 52 62 43 45 80 26 88 42 83 4 75 44 6 32 21 40 97 52 59 46 32 6 99 74 65 43 76 1 35 72 89 20 37 51 75 84 45 58 58 90 71 5 91 21 76 78 63 34 0 16 78 80 68 92 57 12 56 56 68 26 4 52 20 33 24 76 88 35 29 11 18 13 54 8 41 77 39 30 56 9 48 48 25 83 2 83 67 33 62 7 61 87 74 84 17 78 80 20 44 27 3 53 58 25 44 33 92 36 10 70 24 90 22 59 88 66 82 26 39 30 59 92 1 13 80 78 5 42 69 89 96 28 88 48 75 30 50 48 61 65 81 40 58 27 1 75 83 54 33 7 51 54 51 51 14 7 38 79 44 6 15 66 84 13 50 60 65 94 75 38 92 36 93 86 19 60 89 39 6 43 26 5 88 15 75 13 85 47 9 31 29 2 39 83 99 99 63 21 31 2 48 1 41 99 29 15 39 52 87 75 76 68 9 31 70 41 90 16 49 81 0 75 62 57 20 
24 19 42 83 28 79 65 95 18 19 39 81 35 86 92 89 23 99 5 42 31 21 93 53 85 64 2 60 17 77 20 35 53 10 41 9 71 15 52 70 58 96 87 89 54 0 92 54 71 97 76 98 84 97 83 46 57 68 78 83 66 15 66 55 51 21 32 17 80 84 22 21 63 54 77 6 44 84 19 63 60 83 2 24 66 97 14 83 54 58 12 11 59 52 24 76 12 92 96 95 45 66 57 58 63 66 85 27 9 20 33 98 8 88 18 49 17 19 15 40 14 50 85 28 67 32 85 94 81 78 85 79 28 13 97 19 4 24 96 57 53 18 20 98 16 62 30 80 14 97 5 83 19 44 84 96 25 38 26 30 86 25 58 78 84 76 7 4 44 3 2 51 80 63 85 99 73 7 18 65 95 4 93 42 7 27 38 89 71 56 50 67 4 95 84 84 68 80 43 39 93 5 66 69 22 42 95 34 9 16 3 0 33 15 46 44 60 77 82 62 40 72 19 81 57 73 70 95 38 53 80 14 77 44 61 55 84 45 35 58 42 33 13 26 32 8 21 74 44 52 25 76 96 79 14 81 55 95 65 25 45 23 23 12 35 93 66 94 96 98 24 59 70 18 51 62 29 65 66 47 42 33 51 42 38 5 13 98 52 16 24 33 77 90 99 14 23 8 70 85 
56 31 60 86 7 23 58 68 26 3 20 71 82 20 15 12 68 13 12 96 22 82 12 20 18 90 57 23 13 33 64 68 30 10 39 14 15 15 53 57 93 42 12 19 12 0 18 50 45 5 2 32 84 19 65 65 20 94 72 43 25 31 85 0 80 67 78 15 8 19 93 76 28 74 61 53 92 15 63 1 2 51 96 25 42 44 94 28 99 79 77 3 95 20 9 44 68 80 21 53 13 43 9 93 33 58 12 72 34 55 63 84 65 24 66 19 47 93 84 77 3 89 60 61 75 34 51 44 56 87 99 57 6 83 6 49 3 60 32 93 30 1 69 68 95 36 3 90 1 54 94 97 48 8 68 35 33 98 99 57 3 34 37 83 79 87 32 31 69 78 14 2 56 53 78 96 84 66 95 75 55 3 57 43 15 19 70 41 85 19 86 13 69 3 46 45 40 22 70 3 97 49 37 42 69 63 89 88 93 64 83 37 73 99 80 55 46 44 61 86 96 95 84 27 77 11 99 57 45 46 16 77 46 45 78 53 75 2 12 12 76 48 35 37 4 27 44 82 55 41 94 42 48 40 37 52 85 13 24 26 34 97 40 74 44 10 65 4 31 63 60 81 90 75 6 26 10 87 5 51 84 71 8 5 2 56 63 90 48 67 40 84 95 72 79 93 19 55 85 22 
74 58 91 18 60 5 13 88 4 99 22 66 11 30 40 36 39 33 25 52 22 99 23 28 65 82 20 11 27 97 51 99 22 19 1 23 5 34 59 99 14 71 67 12 42 54 10 58 53 43 53 31 28 74 74 17 62 65 17 19 60 88 98 20 81 98 93 76 76 57 73 64 85 62 17 16 19 78 1 51 54 16 23 93 48 92 17 36 23 39 66 49 43 16 19 32 34 31 48 70 95 48 75 82 7 21 88 86 81 43 49 60 1 67 85 53 71 89 67 31 97 77 8 81 62 73 29 75 12 9 82 5 13 73 76 49 57 48 71 71 31 26 84 91 70 95 92 68 13 40 29 44 82 75 19 4 6 54 37 22 1 77 22 95 78 77 9 54 60 63 99 2 43 72 59 79 80 89 75 76 91 19 99 79 96 77 18 21 96 89 75 68 32 67 0 66 74 3 65 80 87 38 12 51 52 32 49 49 9 21 3 56 19 40 32 34 1 83 98 76 18 48 62 73 17 27 25 21 80 1 60 39 93 32 21 38 26 25 24 95 44 87 55 0 79 52 36 35 11 80 26 30 22 32 47 57 20 29 77 77 47 85 68 72 16 27 46 28 33 6 4 0 53 98 49 49 81 75 80 69 89 73 43 18 58 85 65 37 85 60 11 57 52 45 51 13 43 53 84 60 
5 0 42 45 92 55 41 82 75 28 92 53 43 22 64 52 44 14 9 24 40 33 24 1 72 3 29 61 10 63 3 23 42 71 42 69 61 79 68 59 36 41 83 98 69 71 10 61 26 69 98 55 29 44 51 57 19 52 47 5 65 61 78 80 77 15 99 8 45 7 34 52 7 4 98 8 7 20 45 80 86 64 73 96 8 73 37 54 69 23 9 67 44 74 58 75 36 36 1 94 42 66 54 46 66 86 96 83 49 52 4 57 71 88 33 10 22 60 98 95 31 18 70 58 95 80 35 60 16 37 94 52 1 3 81 69 52 19 2 20 35 9 31 53 25 61 35 18 89 56 93 0 11 35 82 23 82 77 71 36 14 59 12 1 22 81 46 23 5 43 60 6 21 77 80 38 24 78 59 74 50 39 54 62 83 83 87 96 53 82 73 14 88 14 79 25 50 53 82 30 65 29 5 62 11 5 72 31 80 69 76 21 62 71 55 56 85 38 14 80 36 67 51 46 64 82 12 65 79 91 69 49 4 90 29 99 25 20 10 57 1 96 79 99 91 33 41 98 23 12 18 32 43 87 26 37 0 47 18 28 23 87 54 56 58 7 17 57 68 76 64 90 95 64 23 13 91 24 67 85 63 52 45 74 35 56 57 94 54 96 94 10 41 85 29 36 31 61 77 72 
22 75 82 13 34 45 49 58 97 38 26 92 79 11 31 57 54 68 13 9 49 87 96 76 40 48 27 52 24 75 40 9 88 42 53 22 91 79 56 26 24 9 57 3 34 46 37 89 58 76 33 82 73 78 35 45 82 98 52 45 3 4 95 27 51 85 5 90 4 77 37 69 74 70 66 51 32 79 79 47 21 48 34 26 46 66 48 1 38 1 51 1 69 7 22 42 5 68 5 36 10 56 40 36 94 65 37 42 69 70 0 62 33 39 3 32 19 50 26 24 64 82 45 18 55 81 55 7 36 75 30 56 78 32 68 2 80 62 95 99 45 53 65 30 32 63 73 69 82 0 54 87 32 52 93 40 55 26 25 29 71 73 31 91 42 93 18 40 80 49 36 51 88 62 29 76 40 78 48 84 50 22 8 25 30 41 64 85 35 42 14 12 54 87 65 60 36 63 9 13 86 97 67 8 30 99 73 82 92 69 35 1 40 57 51 35 26 99 34 87 89 37 99 56 48 57 63 27 27 70 54 49 78 35 33 93 31 6 0 31 8 4 23 56 66 85 39 72 40 63 86 90 47 18 11 22 95 15 98 69 78 41 84 4 48 8 86 70 19 23 39 96 20 39 35 34 77 54 21 92 4 53 9 80 0 30 75 65 54 73 82 73 55 13 60 59 72 13 20 84 
86 36 42 47 48 82 72 90 53 48 97 39 70 49 66 59 40 89 70 34 1 34 34 35 85 86 29 61 7 73 38 90 25 24 16 15 88 60 73 97 7 22 30 90 34 43 30 70 58 79 69 44 24 20 82 68 0 36 33 83 59 59 46 57 58 6 30 93 88 90 55 37 49 1 5 16 81 86 12 70 80 88 31 63 95 37 96 90 24 71 33 23 49 94 93 59 43 7 7 67 80 72 69 4 57 13 98 81 37 79 65 94 61 71 77 63 39 82 81 72 85 2 51 79 18 27 2 58 34 51 60 20 76 94 49 70 5 54 71 78 16 10 16 86 21 94 83 73 54 34 88 87 75 15 99 75 16 86 37 18 21 34 28 93 37 96 92 17 3 60 87 30 12 55 30 2 49 83 48 48 97 95 7 93 18 92 12 29 49 59 36 53 54 55 8 28 73 5 12 43 57 98 56 17 3 42 51 47 95 39 65 76 69 51 34 57 70 21 83 55 64 49 9 21 87 83 52 88 77 2 57 51 41 78 51 52 80 18 58 0 80 34 81 70 52 75 6 91 55 96 28 60 64 14 8 25 71 23 35 69 90 55 54 94 26 42 67 74 50 84 8 18 52 71 69 5 80 95 71 52 94 12 22 49 31 64 26 78 90 48 93 28 38 48 68 67 16 35 89 15 
39 60 96 71 64 64 56 17 67 91 12 75 5 32 61 53 96 96 31 71 92 37 51 80 59 57 3 78 47 8 28 72 86 22 95 41 62 23 99 39 11 63 22 73 42 57 2 96 39 61 94 76 25 5 25 5 8 6 74 12 87 15 85 99 11 62 12 20 28 97 6 62 58 94 68 36 55 59 57 67 24 65 63 5 37 67 18 75 88 74 33 99 72 42 83 19 86 28 68 78 40 5 80 42 38 25 59 2 30 46 29 80 63 94 64 55 72 80 63 95 21 94 9 49 34 83 71 41 63 51 55 97 80 5 78 28 62 84 74 50 81 25 79 82 48 94 54 29 10 0 80 61 10 86 38 46 73 99 57 7 10 52 4 72 55 20 51 31 54 79 70 73 58 46 58 74 55 59 40 8 95 19 12 27 3 22 27 57 17 89 0 20 79 71 55 40 44 45 4 87 58 46 43 42 40 59 7 26 12 6 64 54 35 69 95 51 0 25 61 90 67 88 57 76 3 32 58 52 57 13 68 32 98 32 28 5 75 81 26 97 91 70 10 74 7 81 22 44 53 41 95 33 49 67 3 36 96 50 30 0 33 24 64 27 14 47 37 55 39 4 70 43 85 9 3 81 49 61 77 83 90 36 94 19 24 36 75 19 23 55 70 61 12 81 71 95 94 45 88 31 
43 87 19 85 60 29 43 41 3 11 31 70 59 59 30 23 89 69 64 74 65 33 80 82 2 62 58 89 78 71 38 81 66 92 46 98 10 59 1 25 7 76 17 39 56 82 82 69 66 14 87 43 16 89 0 59 7 41 85 51 87 24 22 33 81 85 11 26 1 83 58 17 31 67 90 18 94 96 35 90 81 57 84 64 22 15 51 68 95 67 67 60 87 54 78 28 97 35 33 2 87 33 69 81 13 34 95 58 31 11 48 65 93 17 86 5 73 22 89 26 6 24 81 81 31 31 86 81 86 46 21 57 2 64 27 26 55 27 68 11 76 25 58 14 21 17 13 24 83 8 45 96 73 96 22 12 20 12 67 88 88 94 43 15 64 86 35 36 24 3 36 21 22 87 4 74 91 18 78 79 7 23 59 54 30 43 15 80 68 41 85 22 40 90 22 97 4 57 2 41 20 86 84 29 44 33 3 23 54 48 17 85 53 4 77 53 42 88 71 69 77 14 39 70 80 84 38 18 70 58 44 51 43 4 19 66 29 55 42 88 98 43 58 23 8 11 53 56 10 28 95 64 25 47 74 61 41 90 64 18 94 57 20 85 57 21 73 28 83 60 86 66 7 2 47 32 46 52 79 7 96 31 47 3 10 43 5 1 28 97 32 37 88 41 59 76 58 36 4 7 
61 13 39 75 65 98 31 80 54 90 92 59 98 97 10 29 43 91 25 44 39 96 57 40 80 16 0 99 10 22 22 88 98 94 44 38 56 44 4 95 68 11 67 43 10 65 28 3 84 67 97 21 8 49 20 86 14 8 24 42 9 19 67 83 48 7 54 92 96 46 90 38 41 81 53 71 94 13 67 55 45 99 94 41 66 50 52 32 50 98 14 5 79 71 32 34 10 8 60 51 98 56 3 60 3 25 74 32 77 15 16 8 82 71 28 23 77 1 14 93 96 50 99 65 48 90 37 43 36 37 95 41 76 24 12 74 75 51 93 57 51 56 22 43 39 82 86 67 36 4 22 49 44 52 14 77 9 59 89 9 90 21 34 2 43 40 12 90 85 22 83 58 40 52 23 7 4 22 28 50 73 31 79 36 99 7 32 41 84 32 56 57 20 77 58 80 44 94 20 78 18 87 19 59 0 59 15 4 17 65 24 59 15 60 17 59 51 76 37 38 31 63 96 73 90 73 86 37 53 12 47 70 0 83 90 25 23 32 15 70 66 72 79 26 22 70 26 45 70 3 16 55 36 13 54 7 13 97 83 45 48 27 91 24 13 28 56 71 61 69 35 2 87 22 12 63 86 76 47 18 10 88 2 28 89 77 37 3 15 21 85 54 71 38 76 98 83 99 16 86 
2 96 74 23 1 53 77 27 64 63 19 31 41 47 98 38 8 21 7 32 41 40 99 58 28 51 83 72 88 91 10 5 98 50 57 85 74 83 6 17 46 87 63 63 77 52 81 72 15 79 16 26 52 67 46 97 26 36 16 24 18 18 55 76 69 98 31 37 91 85 36 46 21 39 34 22 24 94 71 2 57 56 41 13 54 2 81 89 37 6 70 60 51 46 39 55 99 50 69 18 53 87 79 68 77 81 38 44 93 50 59 8 54 60 18 50 5 1 37 96 28 5 66 47 10 32 25 79 69 80 66 32 38 1 86 89 35 43 71 30 84 52 13 15 54 71 2 20 43 0 54 93 41 17 11 14 31 80 18 31 29 1 43 80 80 95 18 53 45 62 90 4 45 16 6 95 5 1 78 35 94 95 79 33 7 61 42 84 6 54 94 67 93 29 12 85 58 20 74 18 61 6 75 84 4 78 54 26 87 1 17 3 25 29 96 11 62 27 82 41 71 97 4 28 39 84 40 35 0 49 63 86 65 51 93 24 73 97 44 70 12 92 16 25 55 3 2 35 38 5 80 34 78 10 40 25 49 86 83 15 81 74 64 41 75 73 41 31 12 46 5 98 60 98 94 32 90 69 33 25 36 60 8 33 63 82 3 22 98 62 94 32 99 75 2 37 70 19 34 77 
65 25 40 58 39 79 32 81 45 99 28 82 18 20 97 44 10 14 33 56 29 42 45 94 61 16 5 48 65 6 49 63 24 14 94 47 61 99 98 91 88 16 40 45 49 56 32 31 51 37 9 10 20 20 0 33 23 16 8 21 6 86 50 16 29 17 83 0 67 21 15 78 99 2 56 70 90 6 24 85 3 94 20 12 78 32 45 46 61 81 23 85 40 83 28 61 37 21 34 70 31 18 36 82 78 19 77 90 3 76 42 26 96 84 93 34 43 84 27 20 95 33 36 7 75 57 95 12 54 4 75 51 59 31 32 76 6 52 39 80 81 79 45 2 44 60 33 61 87 51 48 76 66 17 36 7 55 3 25 51 66 60 83 17 89 29 36 23 9 73 21 64 85 95 50 58 73 26 15 88 82 40 1 24 24 64 90 77 24 18 75 86 11 70 70 19 59 31 35 84 0 37 44 75 38 39 97 97 65 74 57 24 64 0 69 6 74 60 72 58 86 74 68 15 75 1 23 86 7 16 10 81 39 58 99 24 31 1 81 19 78 48 48 52 37 83 60 58 33 39 94 65 18 75 77 72 24 11 71 93 67 3 61 64 71 30 55 67 86 3 58 85 54 47 54 36 70 73 40 43 35 94 45 63 22 97 37 81 44 38 82 92 74 45 51 9 18 38 19 5 
