48 7 12 90 19 16 90 6 34 67 81 40 11 13 50 86 90 93 29 83 56 16 46 77 9 21 46 28 27 79 32 31 45 17 93 73 23 81 34 7 94 88 1 64 66 48 23 93 65 95 41 14 71 48 52 60 84 60 29 88 90 70 20 72 16 58 72 17 79 18 96 73 98 62 29 38 99 14 16 46 27 93 73 32 74 8 56 31 73 76 87 94 55 52 96 80 27 63 13 93 30 92 13 20 52 74 4 98 85 38 1 10 40 79 3 31 68 82 67 28 61 2 89 90 74 21 25 51 12 87 2 88 41 7 31 68 26 95 26 32 90 21 3 14 76 72 2 26 42 92 68 49 7 89 1 40 54 48 17 49 77 43 29 72 92 38 76 65 29 94 28 76 96 7 85 89 71 13 71 41 40 34 59 96 6 82 49 52 89 14 27 66 24 70 5 32 87 37 84 27 73 59 32 82 72 43 91 58 68 1 1 88 22 17 49 64 85 48 57 54 57 70 20 98 33 61 39 0 14 34 70 2 74 1 24 50 42 53 42 87 12 61 48 59 72 52 88 52 13 12 40 55 58 77 74 6 86 36 98 28 81 22 26 39 16 25 20 32 82 3 73 31 20 72 97 94 89 93 47 22 26 89 10 77 78 71 44 44 62 70 82 12 15 48 56 12 54 26 59 25 20 94 60 82 5 71 90 85 31 65 31 5 64 20 39 29 24 91 30 73 16 96 15 4 33 22 45 2 45 89 81 75 39 41 59 64 26 89 37 36 4 38 98 25 3 1 96 64 51 53 45 82 69 37 86 96 3 32 16 86 85 21 14 16 40 94 39 65 6 43 38 35 69 88 79 10 54 87 8 88 8 83 12 25 49 42 42 73 45 43 77 6 70 23 23 22 79 81 11 41 
4 77 88 86 73 63 19 52 67 55 35 55 91 6 31 92 84 14 27 57 99 55 45 4 68 19 91 59 96 3 0 12 85 90 79 10 86 17 72 75 28 8 94 31 20 97 83 34 5 18 14 29 92 79 47 87 82 88 70 33 55 0 41 98 49 75 95 5 26 85 9 3 90 39 64 70 30 97 59 70 49 5 66 14 73 0 23 26 86 2 36 6 35 87 46 83 68 11 85 24 66 1 39 25 80 63 89 39 15 61 27 86 21 20 48 86 75 41 58 95 22 59 30 17 37 53 7 52 45 39 24 0 2 78 88 95 60 89 38 85 17 47 67 97 59 95 46 71 83 3 46 97 71 40 52 25 50 61 61 87 26 54 80 79 46 67 87 98 60 49 74 74 69 87 40 19 11 57 46 39 72 22 30 68 49 92 28 68 11 48 55 70 21 9 54 95 30 96 52 23 13 62 25 21 51 59 81 68 23 87 59 48 33 13 27 44 75 81 52 69 51 57 49 15 15 84 69 59 73 99 8 52 27 77 43 86 70 40 39 24 81 24 94 33 13 96 35 25 70 31 39 96 49 9 80 36 60 10 49 99 16 14 90 71 6 61 45 17 48 52 73 31 3 65 50 49 77 0 29 79 63 59 70 5 36 59 95 43 43 47 74 26 51 25 78 95 61 43 42 38 27 27 55 69 15 98 91 30 45 25 61 70 12 69 51 28 1 77 90 50 58 13 57 2 22 85 65 71 74 6 39 29 72 33 33 14 41 66 10 95 89 14 64 63 17 24 89 86 48 0 70 64 31 45 1 66 29 25 21 49 59 27 66 79 31 12 36 11 47 5 58 44 32 84 81 88 48 44 77 41 5 10 82 96 63 42 75 46 23 83 97 72 37 37 89 30 39 51 35 34 
31 40 83 25 56 90 65 74 7 43 41 78 15 27 90 20 54 90 6 46 10 32 82 88 32 25 28 71 54 40 46 88 99 23 61 2 55 65 14 82 4 19 36 62 80 15 66 43 7 69 18 22 12 94 50 73 67 39 2 43 50 12 34 50 85 93 29 24 50 81 6 38 49 32 10 3 50 40 27 5 32 80 27 15 10 25 84 3 76 50 23 64 88 6 70 22 70 47 86 17 9 13 65 4 54 99 72 98 30 49 36 42 71 51 82 7 31 93 45 86 53 19 63 40 52 35 38 10 61 40 24 94 91 17 89 2 73 59 61 60 12 24 66 58 73 65 54 3 97 0 4 66 3 97 27 21 74 54 71 17 12 53 0 83 42 87 56 58 25 77 9 48 7 21 35 26 54 63 47 56 74 33 45 47 98 29 9 77 77 24 72 78 5 54 29 93 88 20 58 27 65 9 77 69 13 74 10 76 34 8 26 64 56 74 32 2 78 14 4 22 35 12 29 95 29 70 24 14 50 95 25 97 22 30 88 17 48 20 28 77 69 25 46 45 48 20 70 69 54 41 29 58 42 63 7 67 76 17 87 56 28 58 7 55 92 45 58 31 49 74 43 30 86 25 63 29 53 74 46 85 44 62 66 0 11 61 13 94 6 73 88 5 46 65 27 55 7 81 99 67 72 21 54 65 14 45 26 98 82 76 20 51 62 44 90 76 78 93 67 40 51 67 90 3 15 13 86 16 2 87 52 97 97 24 69 48 53 13 42 14 74 48 69 37 97 20 74 34 26 59 1 69 78 90 82 69 28 6 98 54 19 39 52 9 83 49 77 41 71 80 15 91 82 76 12 9 41 41 49 2 33 65 24 77 24 87 15 39 38 55 22 53 64 68 60 71 52 72 9 6 
8 54 14 20 19 60 45 33 17 52 75 56 89 20 59 24 29 65 37 32 10 76 95 30 50 62 3 35 2 10 41 37 3 68 98 81 10 5 45 75 26 20 40 24 75 15 39 6 5 50 89 50 35 67 63 63 92 70 65 69 58 19 61 96 5 46 87 30 6 90 99 30 1 70 29 14 23 40 70 16 64 26 73 76 88 21 21 33 8 28 26 89 96 30 38 6 26 68 1 75 41 37 39 30 76 18 85 83 85 63 46 44 21 39 88 42 96 17 37 21 20 95 31 28 11 80 16 59 86 4 49 8 37 3 73 35 91 71 49 5 0 61 99 47 98 50 59 29 40 33 64 69 54 92 47 64 53 80 49 47 5 85 74 33 68 58 58 73 24 57 87 33 61 14 7 18 17 21 72 67 24 57 93 22 0 59 42 30 88 19 39 90 6 93 41 6 95 78 25 4 86 65 29 76 81 13 60 75 3 64 10 69 0 86 96 89 59 30 73 71 41 21 65 44 19 9 81 96 65 11 87 20 60 7 67 16 21 87 26 8 51 19 17 95 44 56 90 13 62 96 31 81 52 21 51 97 6 28 50 89 48 79 99 45 31 18 83 91 68 7 51 4 95 13 30 26 47 42 38 97 83 35 28 70 48 59 66 33 0 78 68 54 94 81 61 35 55 23 59 20 29 86 93 78 1 66 84 16 90 29 44 51 60 88 13 97 79 16 21 4 72 73 48 8 13 55 85 46 55 42 70 66 23 39 56 20 10 55 71 42 10 76 29 78 2 82 89 38 43 84 45 63 64 50 33 17 30 10 96 35 61 78 21 15 99 63 50 9 62 16 48 97 88 80 52 50 89 38 88 80 97 22 36 56 14 76 59 63 92 33 61 84 3 63 39 98 85 54 37 29 
69 4 66 52 35 48 21 35 73 63 43 33 81 71 12 1 40 33 91 8 98 84 92 82 50 22 20 95 33 55 84 96 11 36 37 94 42 25 56 37 69 26 40 16 87 38 97 44 88 1 87 34 35 29 82 14 6 99 17 34 11 47 44 54 71 51 34 29 88 67 54 88 71 18 66 33 62 44 29 99 10 81 38 36 8 10 34 63 43 29 44 95 78 49 71 19 38 46 60 44 6 1 90 56 1 88 34 72 7 13 90 76 64 65 57 90 78 7 60 44 41 9 80 38 75 94 7 99 36 8 43 39 48 28 17 73 88 8 50 33 75 44 8 89 40 68 22 24 54 9 89 39 11 54 30 7 66 49 68 74 25 82 44 66 86 23 97 3 64 41 85 0 4 78 85 81 68 99 4 14 3 79 20 63 38 73 60 58 67 59 45 53 1 36 45 93 11 71 44 42 64 8 35 42 54 62 75 92 10 85 40 16 43 87 5 28 74 66 65 36 14 7 46 42 95 29 97 32 69 27 10 87 94 84 61 37 39 17 1 97 3 83 21 38 80 10 36 45 43 88 33 27 62 86 87 19 81 78 41 51 58 56 94 32 28 74 14 18 21 38 40 38 50 37 39 68 36 66 86 60 37 87 85 4 53 28 29 86 29 22 15 30 95 98 40 71 75 1 11 66 21 62 75 54 61 82 78 78 92 47 2 48 51 32 64 56 49 4 47 53 48 62 82 29 20 28 36 62 83 50 26 7 12 96 66 81 10 46 51 88 75 85 81 85 86 87 78 17 99 63 25 86 17 49 38 60 20 2 82 99 71 93 65 55 15 61 89 92 46 79 97 35 39 86 26 12 43 3 96 77 70 92 92 59 18 64 4 20 41 46 91 37 25 61 95 36 45 13 29 21 
53 54 88 69 86 65 89 35 59 89 13 67 84 84 23 38 37 42 63 15 81 25 19 31 67 74 77 24 64 15 49 37 51 38 53 23 74 76 66 59 45 45 57 70 15 43 70 93 95 12 91 71 21 18 32 39 26 81 98 46 58 76 58 40 27 16 83 50 44 79 30 56 12 30 13 56 25 44 97 55 84 90 97 94 33 3 44 80 30 82 10 42 29 7 74 99 79 39 98 12 63 80 32 31 39 88 28 36 91 3 45 60 64 51 12 42 5 4 46 6 47 37 58 0 70 61 95 8 65 41 15 91 78 16 68 50 79 96 78 42 84 45 69 36 35 60 0 85 48 18 39 5 76 96 81 92 88 33 33 1 86 82 41 50 92 10 15 51 52 46 35 86 23 34 34 47 60 40 18 13 23 48 70 93 27 70 15 6 17 92 70 40 46 15 48 33 94 15 56 32 50 93 64 64 47 41 15 57 80 72 49 61 83 72 99 18 38 21 56 78 71 46 76 55 48 48 69 35 61 98 91 59 32 14 24 52 18 47 0 26 35 92 9 81 57 75 26 32 58 37 61 24 19 78 26 73 2 80 63 66 86 97 61 99 28 8 40 10 46 3 89 51 1 95 39 41 72 84 36 15 67 36 17 48 53 76 9 53 18 68 54 85 20 92 53 47 72 36 26 14 63 38 59 54 58 65 5 57 3 96 20 80 16 83 5 66 81 6 24 21 13 59 58 0 29 68 31 33 1 14 61 89 27 84 65 28 89 79 10 61 9 54 82 5 95 77 31 74 99 5 83 36 71 90 20 99 71 53 7 20 87 45 50 5 5 84 75 66 47 37 75 69 39 4 39 4 26 31 69 57 54 20 75 54 80 25 79 58 52 50 2 0 73 29 95 19 24 86 34 22 
88 62 90 9 29 66 82 51 38 92 15 41 83 69 67 31 95 47 72 62 33 64 15 69 5 52 59 4 29 47 65 86 72 3 2 29 31 5 19 24 95 58 95 8 42 76 39 87 13 0 25 49 61 14 91 83 65 59 98 10 52 63 36 44 27 63 55 90 21 57 99 29 65 17 99 16 3 46 47 46 31 17 64 4 38 21 85 34 38 53 65 43 45 6 60 50 17 39 54 2 58 97 17 8 83 86 43 11 30 83 28 24 14 58 9 64 50 17 97 79 80 91 39 17 11 86 28 23 13 83 66 90 91 10 13 68 90 69 69 84 70 38 93 74 33 2 39 43 71 5 7 72 83 60 96 2 76 22 8 14 84 6 83 31 85 19 4 44 30 93 51 10 56 63 34 46 95 90 62 11 94 97 72 70 6 98 4 45 50 40 81 41 74 8 98 79 93 25 21 78 15 47 88 15 77 60 56 57 43 50 82 46 66 79 27 58 51 37 96 46 30 40 74 51 27 15 26 44 90 99 68 69 61 70 45 34 38 27 6 88 22 1 63 14 54 76 16 22 48 98 31 85 0 63 87 92 22 40 79 13 67 22 33 21 56 67 41 59 2 44 40 21 48 55 66 61 9 91 0 48 38 29 98 90 63 89 72 80 13 26 98 89 71 14 45 34 19 25 64 58 48 28 67 2 9 13 79 49 72 93 46 50 92 65 76 73 77 41 86 59 50 67 18 26 67 2 15 8 79 97 26 51 75 6 98 41 25 35 16 89 0 69 2 14 24 99 9 62 16 80 68 73 26 83 35 27 7 55 60 76 28 19 36 74 4 43 29 20 87 36 55 73 6 37 29 87 44 50 37 1 45 77 35 3 1 87 41 8 31 16 79 68 34 54 61 11 7 79 97 46 
24 21 35 45 89 29 62 48 38 27 61 46 80 41 45 87 71 15 89 37 30 66 48 13 96 23 66 95 44 29 21 27 36 89 57 61 68 46 49 79 56 62 40 73 56 92 72 70 35 90 58 62 82 64 87 75 88 5 10 40 58 46 25 6 23 61 80 29 46 68 51 91 90 42 31 39 63 53 0 25 98 96 61 15 85 39 97 83 16 33 13 79 19 93 18 57 57 48 96 5 48 10 6 28 66 83 84 14 7 89 23 58 64 75 65 8 92 99 53 95 57 66 23 57 41 39 50 51 77 19 89 25 86 65 97 66 46 23 13 88 53 7 15 43 9 56 2 37 71 19 79 5 95 21 17 36 65 60 83 29 29 2 72 46 56 32 85 13 96 55 26 95 81 87 60 14 13 62 0 83 81 87 8 4 10 38 66 30 83 7 25 57 91 12 52 66 77 52 8 45 18 34 89 57 27 83 88 77 92 39 48 4 32 97 83 47 57 80 70 61 38 36 27 40 16 90 97 74 18 37 85 34 49 65 0 72 10 57 73 67 61 87 93 41 22 14 28 28 93 3 89 43 96 48 85 14 56 35 40 35 72 42 76 21 32 19 19 94 40 77 34 51 45 3 15 23 0 49 11 98 79 53 12 31 39 47 75 11 66 36 4 31 45 95 90 8 13 50 96 86 75 52 36 63 68 3 87 20 70 15 45 13 76 63 91 65 40 80 50 32 75 72 9 64 69 66 78 32 70 74 81 96 32 66 86 2 90 94 8 58 56 35 53 24 51 64 36 36 55 0 41 7 12 12 72 76 94 28 68 30 24 97 49 56 11 42 72 0 42 77 74 8 65 7 72 85 7 2 89 82 28 35 56 70 75 20 0 69 22 36 37 36 27 80 37 78 63 12 91 53 
94 39 10 89 94 99 81 48 83 21 49 90 22 52 84 47 0 11 65 18 43 43 36 84 71 77 12 58 30 14 53 57 80 29 99 39 60 25 72 59 20 18 81 28 55 59 56 36 93 94 0 51 31 84 29 41 16 0 34 72 38 93 80 40 9 82 21 77 96 66 81 3 98 17 7 85 61 9 16 32 97 68 31 12 82 29 61 2 25 81 23 12 0 4 72 31 57 95 52 3 93 53 57 60 65 97 50 23 97 90 85 58 87 58 49 93 46 90 15 1 31 78 32 22 16 73 72 20 3 84 61 33 26 47 59 42 73 26 87 63 7 65 30 76 80 43 67 34 90 88 59 33 38 42 36 26 70 32 68 0 33 60 79 35 22 91 24 66 41 70 96 1 18 39 95 77 28 28 67 27 1 51 2 26 86 79 43 97 69 26 60 96 65 88 31 89 62 67 2 38 30 43 12 86 80 91 4 17 50 8 88 76 24 46 98 8 51 18 86 21 70 3 29 62 20 27 72 91 82 27 19 72 0 21 67 80 27 74 90 52 72 68 63 69 83 14 82 39 76 14 96 40 22 50 62 24 26 22 50 22 70 68 15 74 47 73 90 97 16 47 32 38 88 52 22 78 94 6 95 43 14 43 29 72 18 68 63 64 11 80 41 40 98 26 72 22 7 18 32 95 87 11 55 59 27 27 91 88 56 43 63 12 81 79 38 19 81 24 77 8 74 62 18 26 61 44 52 86 47 41 77 88 35 6 26 71 57 50 86 33 26 25 85 2 33 76 34 31 46 31 95 71 17 55 12 37 40 7 62 76 45 78 38 66 42 15 93 91 82 68 89 30 9 19 73 69 62 54 61 46 72 40 85 36 10 37 87 15 68 6 19 63 7 92 18 71 74 27 12 69 
74 22 42 80 63 73 84 2 64 18 88 75 68 12 95 25 30 73 96 18 30 38 86 15 14 68 85 94 20 69 56 22 76 75 49 97 4 5 85 19 34 68 46 86 34 79 18 49 53 57 26 84 69 78 3 4 49 49 67 39 20 14 36 99 1 44 72 47 98 40 24 42 41 59 95 91 18 16 89 92 94 69 53 71 8 3 91 98 98 36 89 30 66 5 12 46 65 77 73 73 95 81 26 85 89 67 87 86 92 36 25 66 71 48 18 14 94 37 76 65 83 21 34 35 73 95 57 45 20 73 40 39 73 65 26 34 86 33 7 51 43 94 17 51 70 59 24 32 60 71 36 37 97 19 83 10 74 40 50 38 89 57 87 88 18 11 4 71 75 81 30 78 84 87 37 59 16 90 67 63 58 10 59 46 68 66 43 19 90 75 87 7 30 12 92 82 46 5 21 46 38 31 97 11 43 50 1 67 69 16 3 90 60 93 40 24 60 63 50 50 91 73 5 59 37 78 26 28 55 75 12 6 89 90 71 42 4 28 70 17 92 41 89 13 57 5 55 36 77 94 0 35 37 13 86 70 43 21 26 50 96 94 93 27 49 90 16 11 67 4 15 50 51 90 68 80 95 69 60 40 22 38 22 23 10 84 93 48 16 91 82 56 40 38 25 25 74 88 20 43 23 71 88 43 48 79 53 91 4 82 88 1 36 28 99 76 4 81 99 33 60 36 89 2 12 58 11 8 91 64 68 8 14 61 50 34 92 83 79 58 37 84 14 12 31 60 15 43 9 41 54 65 82 25 60 93 92 47 35 88 94 89 7 27 34 45 40 61 23 99 78 78 30 86 94 63 87 12 79 53 59 39 53 16 60 18 45 47 8 68 57 5 17 24 41 73 32 72 78 62 
53 82 10 61 74 40 29 16 88 95 30 49 14 92 5 54 40 30 83 33 43 98 50 67 29 88 75 61 75 61 25 7 65 77 64 68 15 7 62 26 21 71 32 90 88 60 60 83 75 70 42 40 38 81 65 82 66 58 72 62 21 41 56 99 45 88 23 8 47 87 17 48 76 61 14 22 7 38 48 39 48 69 55 30 82 72 62 86 40 33 56 58 40 47 23 37 79 42 63 39 55 24 63 40 47 12 99 68 61 35 13 54 85 16 45 57 49 31 18 88 58 70 79 48 62 88 91 23 60 87 93 71 75 28 10 53 95 25 35 67 16 94 38 97 44 90 32 83 71 32 16 54 5 85 26 48 1 48 35 56 15 69 44 22 31 26 17 43 55 27 3 9 97 4 23 30 22 96 65 90 98 12 53 21 98 49 37 53 21 50 7 0 10 49 80 2 30 80 53 58 29 3 9 1 15 92 76 19 51 26 87 40 64 26 35 26 23 90 82 45 80 27 39 19 43 86 58 62 5 26 64 86 87 60 88 27 68 59 18 94 35 67 2 79 95 27 16 0 36 30 27 51 48 14 76 9 88 26 29 6 37 78 9 7 42 95 1 59 2 81 48 49 78 91 43 2 97 50 27 42 3 78 67 16 87 60 69 30 83 5 73 85 59 17 24 73 70 0 42 81 90 41 42 47 87 68 68 17 98 65 45 86 82 69 90 30 75 16 55 79 5 52 30 37 30 37 58 29 87 86 94 94 88 27 88 79 44 83 4 84 16 52 21 27 42 29 45 38 45 43 8 46 33 19 73 41 57 6 2 57 77 58 73 80 4 73 55 39 27 55 96 11 86 64 87 28 87 38 11 96 48 9 18 56 53 13 29 65 67 64 97 34 95 75 88 72 34 80 86 50 
88 18 26 54 27 29 56 87 21 37 61 13 94 89 85 2 83 70 27 89 77 22 21 73 67 58 42 18 93 63 70 4 85 68 65 53 48 14 79 95 88 90 61 39 37 63 87 38 44 80 86 78 19 4 36 84 19 46 0 15 18 71 42 89 5 58 81 28 45 28 24 12 67 16 9 83 90 24 50 22 64 88 54 10 17 39 50 9 47 8 20 5 61 67 46 61 43 32 39 84 30 86 35 98 8 96 61 98 21 0 6 72 39 69 75 46 43 63 41 22 89 0 60 54 34 17 74 72 96 21 94 39 38 13 1 78 61 29 35 19 78 94 33 10 32 17 54 31 56 51 43 65 12 1 99 37 29 30 27 42 64 17 99 94 22 37 57 6 15 44 13 29 0 87 93 87 12 52 58 23 74 56 92 45 23 51 86 77 61 17 20 24 19 70 68 2 91 97 48 71 29 56 3 30 45 63 85 86 52 83 79 63 27 1 6 98 99 11 56 52 31 38 10 0 32 50 75 93 3 37 96 97 65 38 39 37 23 13 58 61 94 46 10 12 35 19 83 27 20 1 77 85 28 87 99 87 81 85 60 85 70 11 3 69 85 58 87 49 31 5 3 59 78 64 98 73 40 81 94 6 2 65 78 48 89 1 69 34 76 0 17 72 94 44 85 73 94 67 74 12 89 12 24 60 58 86 91 1 33 36 28 66 64 1 82 97 77 59 80 87 2 34 40 36 61 3 96 27 60 81 53 89 96 18 2 80 80 19 62 34 93 36 11 11 63 4 41 0 71 43 66 28 79 25 52 72 77 93 74 81 91 2 39 60 46 74 63 63 34 60 46 27 21 8 90 74 56 52 35 13 38 81 81 68 58 30 34 24 32 1 67 85 31 55 44 17 45 45 45 21 
74 60 71 80 1 57 46 17 73 85 37 68 31 38 81 50 69 99 97 84 6 77 97 54 59 95 4 37 26 34 0 67 96 68 65 77 5 54 81 41 78 1 50 85 22 22 72 20 38 72 45 96 65 53 6 99 60 28 56 78 37 50 19 7 30 16 45 86 92 20 2 74 73 85 7 96 39 44 72 85 30 45 47 16 60 98 73 38 86 18 91 81 13 45 74 50 75 63 94 23 40 74 65 81 96 84 62 50 25 61 40 53 13 40 29 20 30 56 59 46 61 58 33 70 44 10 17 5 34 94 53 16 47 85 35 20 89 95 73 45 14 0 17 32 59 36 49 60 32 46 67 35 77 28 35 50 72 77 9 78 12 48 24 49 98 21 55 20 62 49 20 58 56 66 86 26 75 67 27 44 10 25 49 81 29 63 40 75 58 20 57 7 53 90 10 82 97 29 81 74 96 92 45 22 92 67 11 75 70 93 38 56 96 60 29 92 50 92 56 83 18 84 45 62 69 75 68 27 35 61 46 5 74 32 22 79 78 86 96 15 60 0 58 69 73 56 84 76 76 2 20 56 52 92 70 81 7 48 20 13 22 10 97 72 18 98 15 23 94 15 30 50 29 25 23 65 78 29 29 42 11 34 59 0 84 70 39 99 20 13 17 46 88 12 86 29 50 82 18 97 35 19 40 12 29 71 30 77 36 98 93 24 99 55 1 62 85 54 36 52 97 29 67 88 50 6 86 67 63 91 89 92 54 70 70 6 16 55 38 58 57 91 82 31 15 90 31 10 84 53 29 3 95 12 47 9 12 9 72 38 21 66 75 14 55 15 37 94 17 28 31 70 1 78 14 32 9 87 64 23 61 50 23 54 9 7 20 67 30 77 36 62 24 62 25 54 62 7 8 9 
29 56 94 95 22 68 21 93 31 49 8 67 84 71 73 4 70 78 18 68 47 5 14 91 39 0 42 48 51 74 24 84 16 35 2 96 86 12 9 88 2 41 67 53 40 77 12 13 45 80 30 98 24 97 19 9 76 19 30 52 85 83 71 13 50 82 91 85 51 99 32 11 14 82 42 77 35 42 47 13 71 94 6 28 14 98 10 32 5 52 17 2 82 42 83 94 67 41 61 53 91 96 86 32 58 81 92 83 95 78 66 33 24 92 97 10 15 60 24 44 75 87 96 14 44 36 71 86 42 43 41 82 2 73 13 81 68 41 74 32 33 73 69 31 44 65 40 44 83 74 39 57 66 39 18 92 28 89 88 81 88 77 18 95 66 10 3 24 74 87 35 62 49 18 69 0 15 33 41 14 96 9 85 88 97 77 32 85 42 28 1 74 53 26 77 32 86 28 51 88 13 66 87 66 63 13 17 32 48 73 95 84 80 37 66 79 58 60 45 23 81 94 22 55 89 59 61 17 81 87 2 69 93 87 38 52 10 3 17 20 1 17 63 38 16 37 29 75 3 77 61 87 31 98 40 15 16 72 78 90 28 54 43 95 21 78 21 41 87 36 46 50 28 56 63 4 72 33 2 89 61 67 44 78 90 25 21 42 25 84 60 72 19 6 42 58 11 94 31 35 71 67 95 48 54 3 82 62 4 86 89 27 64 31 23 2 15 2 80 24 78 71 8 33 70 22 75 18 45 48 60 92 24 93 96 64 74 65 57 41 52 0 42 99 11 93 17 25 46 30 38 49 69 66 41 58 48 95 99 31 76 39 93 10 34 85 98 56 90 3 30 83 75 18 22 12 40 64 10 53 46 17 33 38 35 29 47 84 6 89 81 21 24 28 77 75 71 88 24 39 
0 37 0 13 23 89 69 37 57 52 46 16 29 10 76 5 11 39 7 25 85 39 66 45 81 66 52 22 93 53 10 65 45 10 95 44 26 40 65 16 39 19 98 53 29 98 27 3 3 69 28 51 79 57 76 89 10 58 23 98 45 41 37 17 65 91 4 94 72 0 76 16 66 14 98 88 99 12 87 16 89 15 14 40 64 64 81 6 40 72 20 37 55 84 95 45 72 35 10 41 35 44 41 41 54 52 76 61 15 21 39 25 15 32 30 58 46 52 29 85 76 27 70 50 43 89 91 64 14 26 61 4 74 85 45 95 54 63 22 91 69 68 7 76 95 60 35 51 71 20 42 40 83 36 26 1 45 36 2 54 6 38 62 86 0 11 87 42 24 7 19 84 8 74 64 51 49 72 17 81 85 9 90 57 40 70 38 70 16 51 58 27 5 65 47 77 14 13 39 18 22 97 16 27 34 63 89 29 67 56 25 27 74 3 21 19 22 22 49 81 33 91 62 96 99 63 83 44 68 96 89 87 9 41 19 21 29 2 78 17 71 63 70 13 86 21 25 5 8 75 64 46 60 63 30 3 16 9 91 3 34 67 2 82 85 2 99 48 2 95 36 29 27 34 24 15 87 59 76 33 83 6 49 22 13 9 91 57 20 71 25 90 35 43 21 97 17 64 17 77 12 92 78 40 97 64 19 25 96 90 53 46 67 14 66 51 28 13 48 2 74 76 0 85 53 15 66 29 11 41 67 56 5 46 32 90 82 74 20 83 48 54 85 56 16 88 7 90 92 68 54 79 20 72 25 88 82 12 70 39 41 67 36 50 11 20 70 87 21 12 14 77 4 38 75 75 90 8 19 76 15 6 67 58 92 69 2 11 43 42 76 21 16 34 4 69 52 16 13 3 
56 77 86 79 40 35 71 79 48 45 50 31 59 98 97 13 67 28 65 50 40 48 40 1 52 59 84 79 30 10 20 42 29 97 83 78 88 40 37 76 60 60 72 25 73 25 28 14 92 8 74 50 28 82 95 69 0 13 11 22 5 19 0 76 53 21 77 72 63 62 78 74 60 40 89 44 88 42 54 99 49 83 84 5 53 73 20 51 46 97 53 60 55 3 4 5 48 93 72 50 38 49 45 13 84 94 30 22 98 10 85 3 88 25 75 24 45 21 3 2 12 31 3 67 42 57 28 1 98 8 33 77 70 88 99 33 10 54 55 42 5 96 40 26 98 95 95 32 53 65 81 77 95 58 84 69 88 22 80 29 94 23 83 3 1 71 46 71 49 10 82 71 7 45 16 35 39 77 81 35 49 58 97 30 87 51 12 73 59 77 49 55 30 50 74 26 27 3 72 29 48 13 25 23 82 5 20 64 3 78 36 59 21 20 43 80 92 1 99 67 16 75 30 12 0 60 59 60 66 28 41 45 92 33 95 29 98 35 40 76 90 63 20 7 12 14 55 47 42 25 54 91 66 11 99 65 37 45 8 3 52 61 60 53 69 67 29 69 77 64 40 35 31 23 57 98 51 76 46 47 44 67 76 97 75 54 45 41 77 26 32 98 11 59 48 19 35 66 58 3 89 99 33 37 31 71 0 6 23 19 75 32 7 54 30 89 25 11 99 3 59 43 92 41 81 22 4 77 17 43 78 43 96 17 2 79 66 42 61 14 94 95 11 15 11 46 39 19 85 32 37 81 93 95 50 8 26 53 33 25 81 29 41 81 44 73 84 51 44 33 82 22 20 63 69 78 36 20 23 19 47 74 16 66 21 7 61 23 28 0 61 26 57 53 32 94 98 60 54 14 
13 96 65 82 43 88 41 2 33 48 94 9 51 67 67 49 60 58 10 62 90 48 15 44 50 95 30 36 77 13 0 60 20 6 9 26 25 10 99 31 92 25 29 18 93 83 2 24 94 53 40 49 31 25 8 7 0 62 40 16 55 6 58 82 54 28 39 66 79 11 92 78 3 0 99 28 56 65 45 82 11 19 59 88 60 66 27 74 14 50 96 91 90 20 5 98 4 21 41 2 9 46 79 85 27 17 68 69 9 70 29 75 34 45 67 67 73 12 4 76 74 80 28 95 59 13 64 2 59 66 97 79 67 77 68 62 28 74 29 19 72 54 33 27 24 71 61 58 14 46 84 66 94 32 60 50 62 81 71 44 86 34 87 91 29 73 40 52 74 98 37 40 89 52 14 58 14 32 32 46 86 25 89 73 27 73 42 58 51 95 71 46 16 54 46 15 86 77 90 58 68 99 8 42 52 36 74 89 2 85 64 65 10 45 21 17 93 96 56 5 61 0 54 59 48 46 42 44 88 74 26 90 15 50 87 51 44 60 28 34 24 77 6 32 59 77 92 22 20 85 77 22 86 48 27 3 23 85 67 20 33 87 96 51 95 46 45 42 99 73 65 14 22 49 33 16 59 65 25 77 99 47 74 60 36 98 31 25 81 7 46 33 9 17 33 13 52 8 82 2 3 10 55 78 70 96 13 95 22 30 20 32 32 78 46 49 40 82 96 43 34 37 30 89 54 67 76 12 70 43 63 9 96 4 13 40 49 39 79 3 50 64 25 8 17 3 17 4 18 41 89 4 29 23 95 78 31 86 10 48 69 20 74 14 8 70 31 81 75 22 90 51 61 34 65 58 27 66 76 21 69 59 95 56 84 4 17 3 15 62 66 57 68 30 2 89 18 54 14 82 
0 12 34 35 29 81 7 96 33 38 37 12 55 87 37 11 53 77 97 83 7 86 52 39 28 22 60 54 25 52 77 54 12 34 28 98 12 53 35 40 49 12 79 69 82 90 87 14 25 30 67 88 59 95 20 26 45 68 22 9 82 29 80 8 70 39 47 34 54 37 5 5 85 71 39 4 47 3 61 75 28 6 81 1 11 64 71 82 83 31 91 7 29 25 27 54 3 64 31 86 89 97 22 3 27 60 51 41 34 71 88 3 26 41 61 90 86 10 12 3 78 64 31 46 58 55 3 35 43 76 12 10 68 70 2 49 61 43 10 21 10 78 39 74 50 28 22 71 98 56 64 86 33 78 99 7 48 72 68 59 22 28 55 14 30 0 71 53 75 75 4 66 33 47 30 29 5 83 36 40 9 67 93 25 57 42 18 91 65 71 28 66 48 31 79 54 64 70 99 94 63 4 86 17 77 78 58 6 63 13 12 45 4 46 77 14 94 15 68 8 95 89 69 60 25 22 73 35 50 73 37 80 88 35 67 27 3 13 62 47 32 15 77 83 23 43 72 11 24 46 26 55 75 2 50 49 0 61 79 7 84 8 14 55 81 28 87 66 95 61 26 86 92 13 96 28 21 71 8 10 67 43 95 77 97 61 16 33 18 63 39 11 17 16 32 60 79 70 51 88 85 13 47 61 91 49 51 45 76 28 99 97 6 1 11 1 5 22 13 52 63 37 25 28 86 9 45 33 18 2 86 92 97 94 32 75 48 62 65 7 18 46 0 34 66 76 99 66 98 18 43 38 23 14 96 60 84 74 81 47 9 60 84 29 70 43 1 28 84 78 79 40 32 68 48 4 76 13 82 34 93 89 78 60 85 83 80 57 17 7 79 6 62 31 34 65 65 66 51 20 
59 14 31 86 86 75 86 31 62 16 44 44 94 78 4 16 47 91 29 17 49 77 91 15 91 99 47 15 30 79 56 50 65 13 91 31 4 55 6 67 24 45 30 52 25 42 55 40 99 39 91 86 98 28 13 76 49 1 67 75 65 43 39 84 33 72 54 17 61 7 77 96 0 14 47 62 30 40 71 26 78 91 11 62 98 7 54 23 88 1 98 93 57 54 61 17 33 14 41 31 54 31 45 38 28 34 95 62 4 41 38 8 52 30 25 23 7 75 33 90 68 18 41 29 12 83 68 82 67 52 74 41 0 76 36 41 17 35 6 56 33 21 58 44 24 96 99 96 67 28 14 43 13 29 87 27 24 75 47 69 76 25 32 98 65 58 86 53 79 41 69 60 51 27 7 0 40 59 27 93 70 5 6 13 22 1 25 47 6 86 30 7 36 26 88 40 73 68 78 58 62 98 39 42 47 84 71 31 42 72 64 70 70 18 95 31 60 27 5 65 90 74 62 56 94 7 13 82 98 75 68 1 18 75 61 54 33 55 52 64 79 18 95 3 98 56 48 95 99 91 74 38 28 74 98 9 0 11 71 56 70 19 96 60 34 35 77 25 36 45 61 93 3 99 31 48 77 11 6 64 43 28 1 72 59 60 39 88 40 70 86 42 34 78 43 80 35 27 25 5 6 33 55 5 1 11 76 77 80 50 27 34 36 38 56 56 45 49 27 82 71 10 15 73 62 11 4 74 49 30 5 55 9 72 65 24 31 75 34 14 71 50 74 29 57 43 34 95 92 96 24 16 17 77 5 27 38 76 51 48 8 6 39 56 70 53 7 38 19 31 2 60 62 26 60 77 87 84 59 75 37 97 94 9 74 43 65 97 38 46 1 12 44 15 53 34 29 45 1 99 
30 82 67 1 88 35 39 2 14 32 16 98 27 26 83 80 41 69 1 96 21 28 13 5 60 70 27 67 13 56 20 96 64 17 17 6 34 73 82 93 58 80 20 51 4 25 85 83 88 42 47 14 37 75 63 67 98 43 39 14 40 33 7 79 93 51 33 92 45 79 62 72 11 11 11 29 22 46 99 69 17 7 95 60 16 10 0 37 0 61 95 82 40 65 55 65 53 57 22 25 75 29 41 60 1 99 25 86 94 82 42 86 5 64 3 27 78 34 54 85 47 45 62 29 2 83 66 71 23 30 88 87 8 44 50 46 59 76 95 53 84 33 37 85 96 4 21 86 33 82 0 14 86 38 69 62 34 88 22 11 48 59 96 8 42 16 5 80 54 95 80 42 76 74 88 80 69 76 61 92 4 71 55 60 39 73 39 33 96 27 83 67 44 52 73 2 63 12 63 47 22 4 33 49 38 17 43 86 46 51 97 83 38 21 85 55 92 9 56 82 67 49 51 85 31 12 71 64 45 41 59 32 71 6 37 54 29 52 63 48 9 62 63 78 0 59 29 35 74 60 0 93 49 82 76 11 97 63 7 38 78 15 41 50 44 94 68 49 90 8 51 76 19 60 90 13 42 86 7 64 45 99 80 2 92 57 18 55 33 23 92 16 42 25 2 16 91 51 98 78 85 88 24 15 0 26 3 40 72 45 20 7 37 56 63 93 37 46 47 27 36 97 98 41 3 31 44 12 90 22 28 33 30 70 9 9 83 60 21 22 45 53 75 94 86 51 50 67 43 67 49 38 2 16 57 72 12 38 86 49 98 71 53 23 29 2 78 99 2 53 24 46 75 65 93 86 95 27 95 38 56 37 83 60 35 66 66 82 72 58 49 39 3 21 94 34 1 45 15 91 
59 58 88 41 92 14 40 12 5 89 89 35 42 87 90 1 3 95 48 92 44 6 75 26 32 84 37 75 24 63 81 58 27 46 18 52 49 3 26 98 28 92 45 43 19 19 53 33 49 36 20 6 4 43 47 22 47 34 60 99 92 63 51 9 14 50 13 11 14 45 75 6 12 21 73 52 25 9 68 96 51 85 28 48 84 32 58 99 14 96 71 8 86 58 73 11 68 57 98 62 46 28 17 58 73 16 44 44 52 42 75 90 87 89 46 50 99 82 79 33 34 25 4 24 10 3 48 35 68 80 27 66 91 43 66 12 30 8 90 77 78 74 27 55 42 24 78 33 54 73 30 64 47 62 57 46 15 91 78 83 68 55 86 29 75 91 46 91 77 50 7 93 2 4 87 23 67 56 86 95 42 24 39 65 93 74 21 57 10 57 54 58 22 41 19 81 51 79 87 83 4 89 52 19 71 4 95 63 24 71 28 22 69 31 79 38 51 51 85 91 92 14 69 24 87 90 28 24 55 92 39 7 8 93 73 27 94 88 72 41 67 17 60 8 99 31 1 56 71 9 92 31 39 74 1 48 27 11 19 52 11 50 25 53 89 92 80 73 91 10 17 55 29 31 60 71 50 32 69 20 67 86 22 37 83 64 37 28 37 68 52 67 26 84 46 4 82 32 51 29 73 94 2 3 74 72 74 6 56 17 24 64 28 43 44 57 14 81 6 96 87 85 49 59 97 30 16 44 28 89 17 14 6 45 52 15 6 94 38 57 75 79 85 90 77 2 56 87 70 28 87 78 79 40 64 63 9 33 62 58 68 96 11 67 4 70 62 17 61 2 50 19 81 14 84 96 44 39 89 35 13 54 0 3 86 72 76 31 60 45 85 60 12 41 87 5 4 86 12 75 
50 98 40 70 2 29 62 48 23 90 92 97 53 10 9 99 20 7 26 31 42 25 67 63 44 71 68 61 62 49 55 12 19 38 95 1 56 68 6 9 84 77 87 45 59 57 95 26 60 65 17 79 61 6 67 15 50 23 31 19 54 90 58 88 46 69 0 52 10 52 48 43 25 19 49 39 46 62 45 9 56 55 81 75 47 27 89 97 16 24 22 11 76 14 65 26 52 96 97 15 51 9 32 10 22 86 86 20 24 34 59 38 94 77 42 67 81 5 50 51 0 59 40 18 43 32 1 52 88 47 29 94 88 38 79 6 85 11 31 6 83 89 18 2 31 54 21 83 31 92 77 55 64 71 21 70 24 97 96 21 16 73 29 46 49 84 88 23 92 45 47 71 68 14 41 58 91 35 1 71 17 51 74 51 36 25 22 13 39 69 1 21 26 18 27 5 14 94 72 53 93 68 58 33 11 42 32 93 38 24 59 91 47 87 58 81 54 12 66 73 0 15 1 73 51 84 46 92 18 57 50 20 38 50 49 30 64 76 4 58 35 16 97 56 48 39 92 19 85 45 1 96 99 7 2 27 91 92 6 8 46 73 26 48 84 81 67 44 30 93 80 43 20 63 17 88 2 28 80 3 4 64 72 73 83 30 15 72 82 61 88 3 75 77 8 25 22 13 52 45 35 13 64 95 63 78 47 33 39 77 43 40 20 64 18 11 22 72 32 88 31 24 31 79 63 81 25 8 14 19 77 80 89 94 69 66 5 61 41 77 16 51 40 66 13 62 39 68 34 28 90 28 80 16 75 46 22 70 40 47 90 99 5 81 89 71 85 72 25 35 53 30 68 57 47 85 67 37 63 51 28 71 36 38 43 55 17 74 54 40 69 64 19 72 60 28 87 82 19 93 
37 85 59 79 61 8 48 97 33 22 83 48 31 9 30 68 69 17 16 5 77 54 37 41 37 18 98 17 50 12 84 77 23 14 65 59 1 24 8 38 1 41 14 27 89 61 41 28 42 39 92 69 97 89 79 64 20 75 36 28 72 12 6 36 9 87 77 28 25 0 2 8 29 77 37 44 68 19 20 0 85 45 30 45 40 25 7 15 12 0 81 53 59 47 24 82 13 23 54 85 17 37 51 3 46 34 59 99 89 16 91 59 92 18 72 57 50 17 50 8 56 16 74 36 76 84 86 59 63 35 57 82 49 10 49 91 83 77 16 76 92 92 95 16 89 31 25 49 29 29 11 58 5 93 82 1 71 4 21 75 25 59 37 19 12 4 42 1 10 58 72 76 1 94 15 13 9 15 54 77 92 62 70 45 79 99 97 24 15 55 0 75 30 18 42 76 20 74 18 27 97 56 88 13 96 11 43 93 52 23 89 49 78 96 87 12 34 91 43 94 62 96 40 29 13 97 80 21 35 53 8 98 86 72 47 84 8 2 87 60 90 35 85 21 12 14 3 5 62 49 5 49 22 59 3 47 83 3 24 98 42 76 56 43 87 98 33 6 90 40 64 22 62 86 94 97 38 9 65 99 26 8 62 11 56 17 63 31 48 33 37 71 81 92 50 84 49 17 23 37 14 32 37 15 81 68 29 98 88 44 2 39 91 65 86 82 12 50 4 55 52 74 48 85 39 53 90 15 19 69 20 23 72 63 47 79 59 66 97 58 77 28 53 95 25 39 50 84 26 45 88 85 78 75 43 66 30 50 89 27 55 19 24 90 8 57 77 14 16 88 35 30 10 41 66 76 36 71 13 15 18 31 57 27 79 3 72 23 48 52 3 39 11 87 64 16 85 13 59 57 
68 65 37 83 12 70 73 54 64 96 35 93 95 44 30 48 76 19 15 17 78 34 98 77 48 52 59 92 88 36 33 74 75 18 97 95 25 43 79 33 52 71 36 85 54 91 4 80 59 7 42 18 24 77 56 60 62 51 29 22 57 5 52 98 60 63 35 36 45 97 71 18 86 44 97 71 39 88 54 23 56 42 87 52 42 5 64 40 53 43 19 97 12 41 15 62 56 99 65 16 22 8 9 43 12 86 94 15 86 96 0 9 1 89 82 90 7 45 95 5 88 45 67 23 33 71 30 28 59 22 97 1 26 91 70 78 19 93 97 97 15 43 42 66 24 71 13 51 49 37 60 35 77 64 12 19 48 96 86 94 73 17 2 34 79 71 5 53 99 87 40 77 97 68 21 26 99 1 2 41 18 58 51 50 58 69 11 57 40 28 46 22 70 60 45 79 91 48 46 38 11 9 14 35 61 52 92 81 64 83 92 43 47 92 72 98 44 12 94 86 14 78 54 74 25 82 89 76 54 57 2 96 21 62 43 95 19 78 88 27 63 12 96 93 27 66 36 60 19 40 76 40 58 7 35 41 15 8 86 16 54 14 60 59 59 36 44 33 3 43 19 24 10 72 45 7 0 45 38 82 98 58 73 4 16 10 83 83 92 49 89 46 58 4 16 86 62 47 92 41 1 79 76 29 87 40 39 17 92 4 46 9 39 25 94 42 47 92 81 92 36 46 8 51 21 87 50 11 6 36 64 24 16 29 56 32 16 16 70 3 52 24 13 22 96 94 42 3 37 64 50 23 39 59 17 72 16 66 15 57 62 99 90 4 74 73 73 91 51 23 59 65 16 25 30 95 34 8 49 81 20 47 56 66 88 7 84 29 39 82 78 20 48 23 36 87 21 37 50 28 
17 42 21 80 4 70 1 38 81 64 8 90 49 0 14 45 81 66 72 26 70 50 84 56 42 53 58 23 22 14 87 29 9 44 32 42 56 28 47 93 4 22 74 92 36 56 13 10 44 37 69 83 76 27 20 25 65 92 6 86 60 79 32 48 97 26 65 64 99 42 59 34 9 93 95 29 72 91 19 82 82 12 63 69 46 45 54 16 37 65 30 22 9 6 74 71 11 40 19 3 83 64 45 32 66 49 16 59 7 52 50 13 27 38 35 98 85 39 98 51 86 23 70 1 91 83 53 49 92 97 55 1 38 52 90 26 88 88 44 60 75 28 30 19 22 20 60 40 55 21 77 83 3 39 28 6 51 35 43 66 80 97 95 16 85 4 21 22 87 91 11 19 29 82 26 85 8 54 6 41 32 44 90 37 89 13 38 33 21 61 74 2 55 98 57 54 63 24 14 55 79 41 46 12 77 19 54 57 34 94 6 99 54 68 85 27 45 64 23 30 49 71 49 41 29 49 20 37 66 61 21 93 83 99 40 23 47 14 38 17 14 19 19 93 3 60 55 7 73 72 40 60 39 42 81 95 53 57 25 68 40 3 71 4 89 28 77 60 82 20 19 79 32 27 33 18 21 25 99 59 81 75 36 2 82 33 65 44 16 83 71 34 50 41 7 88 55 6 69 7 20 97 76 53 46 47 64 20 98 15 33 1 47 99 87 81 87 37 37 0 6 50 58 5 16 79 82 10 10 73 25 32 11 8 69 86 14 58 89 58 46 49 50 80 49 96 1 42 50 93 81 39 19 68 75 64 10 27 27 68 18 27 80 87 28 61 38 85 98 1 79 40 67 23 85 43 40 39 75 9 55 75 90 37 83 5 9 11 87 99 50 59 82 53 67 4 30 37 0 96 
28 75 71 58 76 42 22 4 72 95 40 58 70 3 71 71 65 23 40 62 97 19 75 11 40 98 8 0 99 24 14 90 73 65 56 52 12 82 86 6 1 53 16 10 50 66 40 79 3 67 12 81 2 52 99 53 98 59 93 37 29 18 21 75 4 18 58 10 0 94 15 97 87 61 56 39 73 0 58 71 99 15 94 16 19 1 65 11 69 67 2 96 10 85 72 91 63 3 97 73 84 71 28 49 57 90 71 30 97 40 0 81 98 95 85 96 88 15 97 79 33 0 77 74 44 4 95 42 92 80 50 91 28 44 82 74 13 33 69 56 7 3 82 51 79 99 13 63 64 78 28 48 74 34 92 14 23 93 30 32 72 64 92 1 83 22 51 44 21 77 19 68 3 8 37 47 24 2 31 14 93 49 1 41 11 34 79 75 93 41 30 97 87 64 60 56 86 48 54 67 54 31 52 33 72 84 68 7 83 8 90 58 37 65 8 80 69 52 64 35 17 47 58 6 57 11 48 54 62 48 83 48 87 94 56 37 23 98 63 66 13 78 35 17 81 97 81 56 8 35 5 17 46 15 23 25 5 94 18 12 85 11 15 25 66 91 88 11 85 95 87 56 38 96 36 69 93 30 69 21 56 20 49 28 85 63 43 87 25 92 53 63 19 11 33 67 69 38 27 35 68 23 46 9 86 37 95 0 65 84 27 95 81 98 45 26 90 4 16 25 79 10 38 54 82 56 33 47 17 70 49 8 40 73 31 25 89 66 75 84 4 58 92 30 19 54 32 14 73 5 86 1 32 8 48 80 8 61 92 27 30 20 26 76 91 9 35 32 46 38 33 76 76 20 75 78 73 96 42 12 61 32 39 81 20 69 19 55 55 19 93 13 32 39 23 34 59 37 4 26 
94 34 20 76 59 83 4 19 88 55 75 92 7 25 73 59 82 70 52 38 29 94 68 68 82 4 99 59 70 3 25 71 41 25 16 3 26 99 47 5 8 19 20 70 79 69 68 29 28 10 6 73 94 24 94 23 78 50 79 77 70 59 98 91 99 72 30 95 28 91 53 16 49 5 64 83 1 88 74 18 68 46 5 52 32 56 22 12 86 2 10 29 60 66 0 82 44 27 28 99 79 28 81 64 94 13 20 9 81 77 29 86 51 57 97 15 78 76 52 94 11 75 36 75 23 91 54 1 95 65 45 47 69 49 68 98 1 6 30 85 83 9 8 21 61 48 63 54 19 13 29 33 57 10 33 19 1 75 93 70 38 19 38 55 15 35 64 60 24 1 32 23 86 27 36 51 86 14 74 41 64 98 3 89 68 3 34 86 84 70 27 83 95 80 29 20 17 42 95 60 60 73 58 20 95 20 44 28 17 76 67 96 73 76 45 22 55 9 34 10 17 95 82 58 59 29 97 52 31 97 69 8 73 91 99 54 98 80 80 8 48 74 1 23 62 94 96 24 35 5 57 81 0 15 57 85 25 37 22 48 97 36 32 14 95 43 11 55 35 6 68 79 9 11 36 11 30 77 82 51 60 26 56 65 85 1 1 82 59 1 41 53 42 5 82 49 97 76 10 98 2 6 9 93 1 76 24 90 98 20 66 63 18 33 78 16 39 98 69 3 95 40 53 89 80 85 90 52 52 63 40 42 46 97 82 2 59 84 78 46 75 97 96 81 69 41 95 33 92 89 97 31 38 63 86 33 77 3 9 97 73 31 74 29 69 99 80 22 93 8 73 45 83 49 29 23 4 59 48 32 50 3 2 18 32 6 97 10 86 57 34 55 1 0 80 82 89 43 5 6 
9 43 13 37 38 98 32 46 93 19 63 76 46 72 71 44 85 92 69 59 14 51 5 26 91 48 16 41 83 66 39 64 88 78 31 16 74 36 53 3 98 40 71 15 96 3 12 25 81 70 14 67 55 66 75 82 26 73 76 62 10 44 42 82 14 89 49 32 41 62 81 76 60 3 89 44 71 77 69 41 67 47 73 40 87 58 6 87 61 67 43 13 16 96 48 2 3 43 26 44 81 17 87 83 19 43 35 7 61 49 39 72 0 20 81 97 75 18 8 77 89 47 30 14 35 14 75 6 79 32 75 64 84 84 19 74 18 89 52 0 76 48 57 94 68 9 34 6 7 82 1 16 6 17 79 69 88 31 82 37 33 74 74 20 30 84 34 63 38 92 77 32 77 45 8 87 67 57 25 19 19 28 84 36 44 40 25 26 11 87 10 70 94 6 62 83 17 81 3 65 96 25 44 93 16 49 50 59 93 0 4 35 70 1 29 34 3 37 65 53 0 29 38 51 95 95 72 83 64 42 42 92 10 23 83 92 61 12 57 19 77 99 54 5 74 64 28 4 22 51 93 98 67 46 30 19 33 27 99 24 42 80 44 56 5 7 82 17 99 57 13 73 24 2 16 58 93 43 78 7 42 51 60 26 7 97 59 14 83 46 67 28 8 46 80 1 72 25 23 45 7 84 13 63 6 84 96 7 12 10 22 40 75 64 50 83 77 87 7 76 52 57 92 0 42 97 98 71 41 80 56 58 49 66 61 59 99 74 57 84 3 14 16 26 33 71 4 99 45 59 5 9 15 52 23 60 40 0 62 6 78 1 53 30 69 51 45 99 15 95 59 97 89 71 29 56 68 79 29 16 71 62 58 17 89 46 31 12 85 28 77 82 84 39 48 43 39 90 25 53 
2 92 27 11 48 8 68 56 99 53 89 96 67 56 20 36 22 16 20 73 83 28 26 71 99 39 7 35 79 80 78 23 79 69 40 96 10 94 93 81 84 81 45 14 96 4 54 3 2 25 87 9 24 53 37 13 31 33 54 89 28 57 88 12 35 85 10 50 24 36 5 18 49 6 88 29 75 79 0 48 16 30 91 6 49 35 19 13 55 11 39 69 83 28 53 84 94 24 78 75 62 83 46 57 91 1 66 47 76 60 79 40 62 42 84 26 89 5 55 73 56 56 48 90 56 9 47 39 84 96 43 29 80 91 79 49 9 57 59 91 23 68 22 44 98 66 47 19 62 8 10 62 18 38 88 18 15 61 25 9 36 98 1 18 85 55 1 14 5 91 40 33 92 30 37 90 93 62 59 12 2 95 90 17 61 54 64 64 12 12 52 58 84 53 77 96 43 79 30 68 85 79 44 25 15 47 13 8 15 81 88 52 67 55 49 69 9 23 7 56 22 1 2 46 66 75 54 98 68 76 21 63 58 52 68 39 39 63 13 61 67 31 35 65 63 87 50 85 22 90 77 6 38 41 34 37 87 32 80 12 29 98 78 11 4 98 35 59 1 93 49 8 63 81 59 30 55 96 70 31 63 54 30 6 72 83 9 91 27 89 28 2 13 0 50 97 3 98 65 85 93 25 10 11 9 51 84 71 22 62 28 70 1 76 83 33 92 24 73 68 30 61 68 88 66 87 96 99 7 56 70 2 55 61 95 61 90 57 26 28 34 72 56 98 4 4 47 41 14 64 49 25 79 62 67 34 46 94 53 94 71 31 63 40 82 66 48 50 90 1 62 93 13 19 99 42 44 77 94 39 45 10 69 20 27 85 46 88 2 6 71 31 52 44 43 80 60 91 57 34 
96 14 67 70 32 70 76 0 1 91 93 16 79 10 14 43 66 93 63 46 2 43 76 84 78 3 78 55 87 18 27 37 66 14 10 16 87 34 87 95 82 3 39 74 58 90 39 16 52 31 97 56 34 0 8 63 13 39 61 39 52 75 33 79 94 10 49 65 26 94 44 19 40 89 56 3 15 43 44 93 49 38 92 10 6 13 81 42 25 44 11 30 99 63 36 80 45 69 46 38 80 7 36 33 60 84 97 69 1 44 10 61 21 8 89 89 9 28 93 63 17 31 80 70 87 22 67 28 83 83 85 4 39 36 30 91 27 17 41 26 22 66 96 3 71 29 51 47 61 58 84 65 63 72 45 85 66 67 42 7 48 66 81 45 9 18 39 14 4 68 96 5 68 0 34 41 36 10 74 98 24 98 0 52 5 30 77 18 34 87 17 34 44 24 6 94 83 33 17 26 18 80 99 89 16 0 8 22 92 87 47 60 55 78 43 95 24 22 44 57 80 45 97 59 82 53 32 0 40 32 2 12 64 49 81 44 30 2 75 30 51 83 53 11 25 70 16 64 67 59 74 41 44 78 97 63 7 6 23 62 14 8 38 58 79 32 2 17 62 80 7 45 24 15 72 38 28 55 8 62 24 42 24 60 54 97 73 27 35 26 40 55 91 60 51 50 67 41 15 36 80 47 82 47 65 86 45 76 42 21 45 21 13 62 14 85 89 87 98 65 54 50 71 13 45 65 11 70 68 11 2 13 75 93 30 84 92 97 39 47 0 95 74 42 63 0 54 0 83 39 87 23 16 70 30 43 66 34 98 36 25 71 41 44 24 46 86 0 98 31 18 54 22 77 44 91 34 64 54 42 54 55 0 44 48 33 95 73 67 92 2 27 88 4 4 69 56 10 34 71 
75 1 38 45 12 13 21 97 26 81 49 61 43 4 10 4 79 80 5 79 79 35 97 58 3 87 90 17 20 59 35 42 86 11 88 56 29 48 48 92 39 40 35 22 9 36 64 46 73 42 93 17 56 98 30 43 59 52 27 58 51 48 60 87 65 16 15 35 51 9 45 5 12 16 73 9 98 7 26 80 98 72 54 63 0 26 94 93 44 86 39 17 8 67 61 11 14 69 28 46 76 94 45 30 18 14 14 19 8 8 0 9 26 18 12 37 4 2 60 52 85 37 43 67 62 81 99 91 6 9 62 37 89 71 59 61 38 57 10 98 25 80 71 9 28 79 83 11 12 87 12 96 12 78 50 26 10 97 13 97 17 33 85 68 94 21 75 88 81 62 34 44 87 95 34 16 86 83 48 73 88 44 10 33 55 69 36 68 68 28 55 67 27 64 21 88 46 32 26 73 2 37 93 63 50 40 66 34 78 80 14 24 83 82 95 39 51 61 70 43 4 93 22 4 15 15 95 87 95 27 91 38 20 77 51 21 64 3 13 0 53 11 17 50 67 12 82 55 72 31 47 53 37 89 21 75 35 53 54 74 31 43 26 73 90 38 5 56 56 18 78 48 66 75 54 85 30 91 68 83 26 47 91 81 76 51 36 18 9 40 10 78 75 51 32 65 73 66 42 94 77 90 98 79 7 25 16 43 17 79 91 96 56 32 59 26 50 88 68 64 26 93 68 69 63 4 88 70 33 62 78 78 32 98 27 25 2 76 91 58 55 79 37 99 48 98 61 70 37 84 56 81 50 86 31 5 19 89 86 72 2 21 94 60 13 63 64 87 81 98 92 76 30 0 38 58 80 54 44 44 5 94 20 97 76 87 59 25 82 35 58 91 15 92 29 80 28 12 49 27 
42 83 30 95 76 25 32 11 45 96 9 60 76 50 60 44 74 15 77 80 18 82 89 11 45 18 51 58 40 47 39 75 21 52 9 26 83 79 73 88 30 7 90 46 20 26 85 86 46 87 36 44 9 37 34 16 37 29 56 98 34 8 65 94 24 13 62 29 93 61 93 91 97 0 78 46 67 31 82 15 1 71 16 0 56 89 98 86 33 81 37 84 79 48 3 43 25 29 48 48 35 40 98 19 76 42 98 20 27 20 84 27 47 62 57 48 14 61 27 37 81 88 77 84 64 55 41 52 38 93 91 74 56 32 10 99 69 26 32 77 1 87 69 15 31 12 32 8 61 54 83 50 67 19 93 14 32 92 80 76 77 84 39 17 62 88 28 97 42 32 90 7 40 32 59 69 71 30 68 76 55 7 2 67 13 5 23 7 46 32 32 43 91 7 5 33 3 37 29 8 35 35 48 51 50 96 22 14 85 84 94 0 14 69 67 69 45 59 41 9 21 18 51 41 3 58 96 60 88 46 0 24 94 63 37 30 25 63 0 7 62 29 61 12 4 96 70 1 53 60 79 18 58 39 39 94 71 20 13 87 81 56 73 73 29 6 21 14 74 88 19 34 62 14 53 57 45 79 19 1 70 74 59 44 13 87 7 22 89 5 50 50 26 50 60 79 90 73 24 25 97 0 79 53 49 42 78 29 47 58 94 47 63 57 7 17 94 93 48 13 86 46 1 1 58 85 18 2 27 35 31 65 78 6 94 83 50 78 77 5 68 75 60 46 70 90 71 47 29 1 28 19 30 67 50 45 67 56 46 30 65 17 88 52 56 15 54 39 39 74 81 46 58 47 89 69 97 77 61 92 65 92 29 60 57 83 43 28 55 4 57 20 59 70 6 84 21 78 63 11 
18 73 18 58 47 1 31 90 53 81 83 27 72 22 75 85 74 99 90 20 19 5 73 58 7 0 18 79 51 24 31 46 96 75 45 67 56 99 16 12 18 55 4 43 68 86 0 76 59 47 27 99 70 46 96 65 39 71 90 36 43 53 88 92 49 6 77 11 92 81 51 3 76 74 53 78 62 89 23 50 54 10 52 99 42 52 42 94 88 40 49 67 13 68 1 33 60 15 62 80 49 96 89 35 46 7 53 23 45 74 33 56 12 0 59 31 21 22 97 63 26 87 48 36 32 54 19 81 46 41 73 77 5 28 25 72 82 78 56 78 35 26 35 37 17 86 36 90 13 33 35 54 61 79 2 19 26 98 68 16 28 46 45 53 25 40 3 82 78 34 74 99 26 5 78 72 24 60 29 90 44 32 36 86 37 77 23 12 33 97 55 50 28 18 74 82 29 32 7 65 63 15 16 86 43 42 22 75 27 37 52 54 91 40 22 70 65 68 47 91 86 18 93 59 75 2 84 11 21 82 38 50 33 18 17 24 22 78 37 53 52 90 8 58 21 53 67 24 30 57 43 48 1 6 44 20 64 2 64 8 28 3 71 35 91 63 42 79 91 60 9 49 32 50 66 62 52 10 86 91 84 80 38 24 46 80 79 7 29 73 25 21 28 90 58 81 43 61 81 32 94 9 65 5 35 38 52 70 54 52 4 19 19 56 21 73 76 97 50 61 72 99 12 82 83 37 68 85 27 13 56 16 98 20 10 28 97 34 25 6 20 98 60 16 27 33 10 4 0 89 18 23 66 90 60 71 14 48 76 5 24 46 83 9 20 30 63 90 61 37 66 75 94 73 2 26 35 85 19 70 82 95 22 63 87 7 69 85 25 72 38 35 46 41 37 8 32 14 52 63 
36 75 25 63 40 44 94 25 76 69 20 73 34 64 82 87 47 73 31 66 71 93 87 65 76 6 53 90 94 57 17 83 71 33 41 71 9 16 73 53 54 8 15 67 60 15 27 98 29 34 3 43 66 38 2 21 4 4 70 82 50 83 11 87 47 83 82 88 71 68 22 18 73 8 2 87 80 9 96 63 82 26 32 93 36 8 39 90 52 24 77 59 63 23 29 9 19 92 81 44 16 25 74 24 41 69 72 48 1 82 77 52 99 42 98 70 2 10 31 95 45 45 0 47 18 50 48 50 78 81 61 56 89 79 63 44 70 84 78 16 52 77 98 64 34 34 74 20 32 93 93 90 47 35 87 53 19 43 86 43 15 29 42 57 49 33 79 12 7 0 67 42 45 10 4 99 15 9 59 61 82 80 81 94 26 88 84 65 58 91 41 54 27 73 73 62 18 96 50 34 37 23 83 86 16 38 14 53 76 32 81 3 95 68 63 59 49 22 97 23 43 17 57 12 46 9 29 30 94 19 82 8 48 46 31 96 17 25 25 26 47 26 1 29 69 93 20 37 22 9 29 79 38 94 52 82 8 52 50 75 3 59 65 4 96 91 73 68 55 78 16 78 70 72 66 79 50 66 11 76 55 18 9 69 94 62 60 59 85 79 33 60 51 47 27 84 76 70 40 10 23 74 71 37 15 73 92 68 75 40 73 61 25 1 59 13 12 36 25 2 52 21 72 25 3 56 10 18 18 15 17 50 33 68 26 99 26 90 19 34 31 6 53 70 16 73 69 79 84 40 33 41 22 3 58 30 70 66 68 33 88 16 90 96 53 85 90 89 17 43 52 24 64 65 43 16 43 71 51 47 50 40 86 99 75 72 4 83 26 28 68 93 23 60 2 73 67 61 86 65 
39 7 86 6 32 88 15 15 64 22 48 86 41 37 27 68 63 65 92 8 21 3 19 94 63 17 25 19 82 3 46 52 43 47 14 60 85 92 18 76 69 11 28 74 39 46 13 72 74 77 61 9 32 94 8 28 15 52 64 91 56 59 19 39 18 22 91 51 21 65 11 41 51 81 91 8 10 85 79 67 64 61 43 42 19 74 35 55 29 16 78 94 67 54 24 48 24 45 65 21 64 2 34 56 42 97 30 69 79 46 1 73 96 61 71 43 30 26 44 3 83 57 91 46 48 52 97 33 57 55 12 35 88 3 72 28 41 82 0 15 86 98 39 78 31 8 0 33 32 75 92 60 98 77 56 85 82 20 19 49 48 81 5 69 51 50 16 96 22 85 49 60 26 81 94 34 73 95 83 78 15 16 46 50 30 2 20 94 75 39 45 79 66 43 75 16 71 88 42 34 87 78 90 27 81 10 45 61 22 69 66 64 81 86 51 29 35 80 23 72 17 61 47 9 84 16 18 82 10 80 66 13 49 88 93 23 49 73 84 76 85 3 27 21 59 33 30 54 8 52 38 37 53 45 70 22 7 36 91 61 57 87 53 37 20 68 61 74 87 36 16 93 40 92 34 67 28 40 19 7 82 86 92 20 47 55 41 66 82 60 41 92 19 52 74 10 84 61 19 19 35 33 20 30 65 57 17 96 90 68 62 9 26 33 81 1 15 68 28 25 56 4 84 94 54 53 50 0 25 68 61 46 85 76 88 65 77 42 6 58 95 48 88 13 74 41 89 76 29 64 79 43 12 7 25 73 8 10 76 7 66 81 2 59 52 82 25 80 28 82 52 80 85 57 28 2 66 80 69 57 76 98 91 68 71 34 99 16 82 85 96 99 0 79 91 42 2 78 46 53 
5 2 72 38 50 42 66 23 16 43 28 72 1 99 31 44 25 37 70 59 60 79 94 40 55 38 67 67 21 29 79 62 2 17 77 28 3 24 26 94 70 81 7 29 69 70 84 15 66 27 62 49 14 35 3 62 63 51 34 82 82 43 61 50 81 68 39 89 7 35 81 94 9 4 4 20 57 56 76 58 26 72 28 24 35 2 66 61 91 42 20 88 45 31 75 24 71 18 91 15 84 42 43 2 89 8 82 22 40 73 13 79 0 1 83 64 37 71 4 34 13 18 54 67 21 18 17 30 76 56 27 46 36 58 6 64 98 18 62 21 5 80 79 87 30 94 36 67 82 72 47 75 67 84 87 16 43 63 92 71 99 25 73 36 56 98 44 59 28 14 30 58 91 42 68 23 18 26 22 46 23 77 41 10 34 64 35 48 96 3 50 87 14 62 45 90 88 23 36 27 10 67 97 54 63 98 22 89 41 62 9 65 64 99 74 65 58 41 75 93 86 82 22 50 99 95 22 28 96 32 79 12 10 38 71 11 37 96 25 27 10 21 89 0 28 90 12 34 59 87 78 29 70 15 13 96 35 71 12 86 31 30 43 55 94 78 53 83 45 90 71 36 43 52 83 48 61 9 69 4 88 35 76 46 59 94 77 30 38 67 83 85 63 64 82 94 35 0 42 37 42 74 70 87 90 23 10 15 25 57 32 66 70 73 30 58 19 52 77 18 28 46 68 87 14 55 56 70 8 67 94 56 70 16 74 14 72 93 10 95 69 77 70 42 65 12 63 88 32 93 85 61 29 97 90 46 97 67 72 19 59 4 97 6 23 61 45 16 49 15 60 26 33 50 62 19 69 21 91 8 71 96 58 92 0 67 37 92 39 67 14 14 2 27 64 70 14 89 61 61 
81 28 59 66 37 31 64 17 82 27 94 42 92 50 23 77 70 93 22 39 26 32 46 21 54 39 6 44 78 27 73 13 0 32 35 53 24 17 81 20 40 47 77 93 7 15 92 46 71 35 56 50 92 77 77 78 3 4 60 8 1 3 82 68 5 85 13 9 60 80 91 80 14 56 43 51 75 58 86 29 75 44 43 68 27 27 58 15 73 76 57 22 58 59 94 22 1 97 43 69 23 95 52 13 13 19 89 52 17 55 36 88 18 96 47 59 5 81 21 66 24 64 25 98 72 4 68 3 28 40 8 85 18 83 4 35 17 92 38 46 2 55 50 85 43 57 65 62 91 44 6 98 87 35 52 96 92 61 33 39 98 43 45 25 32 35 58 26 74 54 42 2 52 50 21 78 27 48 84 37 96 96 70 38 27 83 55 56 82 20 35 91 55 90 28 73 75 84 74 35 68 10 49 0 7 3 12 94 54 20 89 92 94 88 77 52 16 88 45 70 97 85 61 81 82 56 84 93 41 37 24 72 22 19 68 76 1 51 35 25 40 75 23 51 35 49 1 67 26 91 63 79 7 29 47 34 1 41 42 1 12 75 57 83 25 34 2 43 12 5 78 59 73 41 94 18 28 46 0 11 65 56 7 37 6 68 70 7 66 71 52 61 22 86 32 42 5 30 83 95 77 54 46 20 12 39 2 50 69 56 73 76 80 2 75 82 71 93 53 22 70 23 1 49 91 33 89 63 62 40 72 14 84 21 14 96 83 77 76 81 6 58 97 54 88 42 59 68 34 65 64 33 8 40 94 97 61 16 45 16 60 88 88 26 9 75 75 7 16 22 43 32 2 45 26 5 5 11 73 29 47 55 84 59 46 48 73 14 26 16 27 79 38 53 15 77 80 92 96 73 
12 67 52 72 83 80 31 50 55 2 67 51 13 44 36 87 86 67 1 58 0 13 75 23 1 75 98 90 76 83 57 10 74 23 85 83 51 32 21 11 62 30 17 0 58 47 56 67 33 74 42 39 81 35 42 51 62 16 8 40 67 41 82 39 76 99 16 66 3 49 22 77 21 72 57 27 92 25 24 50 27 69 85 79 58 44 86 37 62 93 13 85 71 25 44 74 60 90 17 2 50 14 33 69 30 24 85 28 80 78 33 84 48 79 45 52 2 83 86 16 56 85 74 64 97 8 54 97 39 49 18 54 26 88 34 37 23 9 28 51 70 13 86 85 76 17 70 81 75 62 91 56 27 57 82 65 72 33 72 22 29 20 45 69 49 38 86 35 5 4 7 24 1 11 32 65 62 90 33 1 87 1 99 25 98 4 21 92 42 53 35 31 50 38 21 77 61 37 88 77 16 48 37 95 63 27 62 72 91 95 0 34 39 66 85 55 62 4 3 65 41 92 94 98 90 95 59 21 52 32 56 49 99 66 94 56 98 90 48 82 91 19 6 15 15 86 69 14 79 97 5 84 22 49 73 5 40 40 38 61 67 48 83 29 36 77 18 83 35 3 74 7 18 39 4 60 55 39 48 99 49 81 62 69 89 65 13 95 30 81 30 73 73 13 3 67 9 90 42 68 26 43 33 56 72 59 16 37 50 9 33 4 40 41 2 84 38 19 60 8 90 46 67 13 88 30 35 42 71 36 93 19 71 61 64 71 16 70 89 62 46 20 45 94 23 56 22 14 13 68 13 19 88 57 14 57 82 44 36 66 46 4 95 61 93 82 83 26 55 21 0 31 73 35 14 98 39 59 5 53 45 39 9 70 30 61 90 25 80 38 12 15 25 10 65 28 33 6 19 59 
62 87 15 92 48 90 18 6 0 45 68 83 87 1 66 32 23 24 16 89 62 37 78 33 6 89 82 46 55 4 47 12 10 65 72 9 79 34 49 80 86 28 85 98 11 65 79 77 10 75 71 69 24 8 31 96 19 38 54 49 39 57 83 19 82 10 95 91 85 87 1 10 81 48 30 12 41 80 89 42 72 29 27 70 81 24 73 44 69 8 50 23 21 84 24 86 25 67 71 0 48 72 24 54 4 38 3 15 57 6 14 97 25 26 20 74 75 64 59 17 24 8 65 2 89 50 77 80 22 8 84 77 62 58 6 35 13 18 94 53 54 38 84 75 25 68 83 51 92 17 14 88 96 5 91 72 82 86 94 36 98 92 46 15 12 20 13 41 2 99 29 81 85 85 43 44 59 40 39 79 77 11 80 59 28 24 17 96 61 5 8 88 41 67 62 20 66 7 27 24 0 18 91 6 86 90 74 73 89 25 76 28 25 81 8 3 33 45 54 90 42 55 58 35 83 78 99 50 84 74 71 39 38 2 25 54 49 42 9 56 9 57 7 76 22 72 94 57 0 7 46 86 25 27 32 41 84 57 21 76 37 18 46 72 54 68 38 60 50 68 24 95 52 64 43 53 2 31 47 51 78 39 97 60 62 18 62 70 47 91 48 85 59 43 66 6 54 24 30 12 53 69 40 16 22 63 88 6 55 51 86 23 94 60 8 76 28 67 57 18 9 61 69 47 64 60 58 26 11 1 33 46 73 89 56 17 22 66 6 59 55 95 7 36 75 83 2 78 80 87 72 13 78 39 64 81 53 86 23 78 41 87 36 82 47 75 80 57 30 36 94 92 99 4 55 57 16 7 4 90 34 97 40 84 62 84 3 55 49 48 43 43 56 31 26 53 99 51 36 31 
88 30 39 28 2 22 81 48 86 57 97 24 22 58 3 53 9 16 60 17 94 47 45 37 8 69 84 41 37 14 57 97 13 95 26 77 66 4 85 8 53 16 57 68 28 70 19 49 2 76 98 35 50 86 97 37 52 28 16 79 56 4 87 14 89 36 98 63 77 75 43 29 25 57 92 31 59 8 88 61 26 0 42 89 31 50 52 89 13 61 96 48 42 97 48 70 4 49 63 88 12 38 44 7 42 44 35 99 41 88 52 11 5 75 78 43 39 91 1 35 51 7 88 10 25 79 42 89 81 85 53 41 99 34 87 34 19 96 49 77 84 99 5 57 99 50 92 9 26 40 16 85 30 3 50 47 30 13 48 27 49 20 1 62 50 46 49 70 38 26 26 54 89 5 47 17 68 64 24 16 2 97 50 81 86 5 72 49 97 29 22 68 4 56 62 67 0 63 53 71 49 69 83 65 3 77 56 81 12 78 13 6 25 75 94 29 86 24 70 98 89 36 33 0 14 14 56 93 71 16 67 29 9 86 67 25 36 92 26 32 98 80 59 73 13 90 56 3 40 1 86 48 20 49 28 76 47 12 96 54 1 42 67 64 9 24 18 36 74 2 56 53 67 13 22 91 28 33 21 74 22 63 94 77 56 56 0 10 47 22 25 88 51 53 14 65 79 92 76 49 98 34 95 98 91 10 27 18 59 69 84 14 45 30 62 40 18 23 15 87 85 40 11 37 0 36 39 86 13 22 70 60 4 20 34 14 50 62 89 60 45 6 53 23 60 80 16 45 82 83 23 56 10 17 87 71 82 48 58 45 16 1 60 48 76 1 45 81 23 86 88 7 80 55 12 5 53 11 14 80 40 83 16 95 38 33 80 33 15 24 28 28 56 42 32 47 18 93 41 15 
96 21 96 94 74 36 94 60 46 15 75 13 39 73 32 54 21 21 42 18 41 37 84 17 9 48 4 64 17 15 48 28 87 64 18 8 96 46 38 56 65 41 12 32 45 45 85 43 47 41 90 72 82 70 6 62 18 48 51 64 87 32 40 64 89 66 82 51 62 85 33 57 36 61 31 73 12 0 71 40 75 8 35 54 87 44 23 45 97 57 45 53 22 11 97 36 62 76 78 42 80 28 41 27 59 6 2 84 45 10 92 88 34 63 49 40 51 55 70 13 60 52 87 56 70 65 14 82 34 94 60 81 73 60 72 99 4 61 57 1 4 22 66 31 88 1 64 86 28 74 95 46 64 96 4 17 69 10 63 15 40 11 43 48 55 37 50 31 41 37 87 5 68 25 88 41 73 79 77 68 56 10 58 56 29 82 53 57 42 5 60 40 81 11 36 43 20 22 70 88 44 71 44 26 35 46 63 25 25 41 43 6 92 82 64 18 82 90 84 82 28 14 70 31 97 36 41 78 57 55 12 95 91 54 12 45 59 90 10 25 19 54 15 41 48 47 64 10 21 87 43 45 24 79 96 26 32 15 92 50 34 13 28 78 62 35 0 91 9 97 89 45 33 14 3 23 20 72 51 76 8 6 6 19 78 77 90 63 30 71 49 37 42 84 54 63 43 21 47 6 45 54 8 19 13 70 17 89 27 98 64 54 80 62 71 87 26 99 17 12 6 82 99 32 27 27 35 5 85 78 17 88 10 81 20 20 76 30 93 92 7 68 87 85 9 0 4 84 87 70 16 8 14 16 58 44 83 43 27 95 47 91 39 76 38 15 88 80 10 25 26 30 14 75 48 9 3 20 65 28 71 93 7 86 40 70 38 99 95 39 96 55 86 74 67 62 11 24 53 35 
70 44 40 88 93 43 56 63 73 77 36 18 36 78 86 12 9 60 12 71 67 32 56 4 2 95 88 85 66 23 1 18 49 35 91 99 39 43 94 49 69 87 35 2 99 73 62 53 17 61 46 82 55 77 98 30 59 49 11 71 63 33 30 27 44 97 27 6 38 84 26 4 73 23 69 75 24 72 90 5 27 38 71 38 66 3 91 85 92 85 10 55 42 46 16 92 21 94 89 8 56 49 93 97 74 81 11 19 66 36 67 68 73 46 8 26 34 82 82 85 43 11 88 93 2 65 13 43 48 11 85 51 19 63 14 26 27 44 92 29 67 71 36 34 93 66 11 82 37 25 27 46 18 94 6 53 92 30 19 10 31 88 9 62 33 89 21 93 62 93 72 13 17 57 85 35 60 1 91 25 12 49 98 20 30 86 23 55 49 26 45 20 12 92 59 49 95 68 87 29 41 95 7 68 29 46 78 96 18 48 93 57 82 13 76 52 94 36 91 99 95 9 80 32 37 80 22 72 52 80 35 30 98 39 46 32 71 33 96 43 14 91 16 93 21 18 20 56 96 16 22 34 6 42 23 40 52 31 15 7 74 8 29 59 3 45 68 98 94 50 26 69 30 5 92 33 91 3 34 45 90 49 29 26 44 98 50 67 42 50 17 42 15 80 45 78 60 48 45 6 72 74 68 31 20 23 81 25 42 17 35 96 34 24 79 56 59 88 54 37 30 0 0 49 84 34 72 82 47 48 46 77 27 53 35 51 5 36 36 98 72 48 50 19 54 49 72 21 20 97 33 74 38 66 0 52 41 75 77 63 11 98 98 81 8 10 50 19 45 25 40 66 1 23 15 92 15 23 1 99 47 52 2 30 28 24 78 51 66 54 37 81 31 10 93 8 11 74 13 89 
4 61 2 22 75 46 51 21 84 34 53 84 16 54 14 61 97 73 93 3 94 61 7 93 28 19 16 24 88 84 37 47 77 41 92 78 16 94 49 80 67 99 44 55 55 11 75 19 13 74 29 6 47 56 87 21 90 86 14 15 10 85 81 12 70 17 80 59 74 83 17 44 34 22 87 35 43 70 96 89 44 38 35 78 63 48 57 22 76 59 95 48 35 60 13 67 85 0 26 7 15 40 40 49 30 98 85 34 18 88 69 21 29 6 18 85 3 13 74 16 80 45 96 71 41 38 14 98 31 22 16 80 92 62 13 98 35 80 6 75 98 60 99 32 82 41 82 77 78 70 73 92 32 76 48 15 57 83 43 20 52 76 4 17 44 21 76 29 97 11 78 30 24 23 97 71 77 96 92 48 58 80 66 32 69 9 75 30 35 70 36 81 95 78 70 5 33 32 81 45 3 92 26 55 55 56 23 16 67 15 7 48 93 6 78 58 27 88 33 11 10 79 41 93 14 0 84 50 69 47 61 46 43 46 1 54 41 8 82 85 4 65 15 36 57 93 80 52 14 16 71 34 8 0 51 4 59 36 16 71 85 27 55 64 7 90 16 79 80 7 89 52 75 7 65 92 8 88 16 64 74 54 32 95 3 94 5 58 23 45 29 36 1 76 52 0 24 96 78 98 57 84 4 63 74 20 68 8 59 44 15 41 18 53 89 71 92 0 52 0 98 69 16 64 21 1 47 16 94 59 23 95 80 79 0 97 27 81 28 59 73 61 12 30 99 54 41 52 91 92 18 36 47 8 28 21 5 19 52 9 84 68 15 38 9 74 92 26 67 17 13 3 72 6 55 45 1 25 16 47 4 54 77 11 40 91 13 90 96 54 19 44 0 66 79 75 88 22 8 94 
62 85 84 16 58 55 73 65 16 53 2 44 50 47 13 66 75 66 79 36 27 68 49 79 80 54 70 71 48 86 20 5 84 96 32 16 56 98 68 34 36 86 20 84 6 35 84 39 93 8 31 37 14 36 17 75 5 59 36 4 10 36 81 67 4 19 42 76 78 20 27 60 88 61 13 53 37 57 68 36 38 46 68 22 97 68 47 93 55 30 86 4 46 12 18 52 35 14 24 84 88 92 39 19 73 6 89 89 52 94 81 27 54 4 51 71 32 17 72 24 45 75 91 81 12 99 40 28 26 64 20 8 69 52 14 19 28 8 85 42 90 33 17 50 24 92 98 45 30 42 35 23 65 89 19 97 88 57 98 99 91 78 34 1 59 12 99 1 54 8 28 82 38 35 54 40 66 81 95 18 20 12 28 48 69 60 95 27 69 49 20 1 82 51 60 29 48 29 26 35 62 42 46 60 35 3 75 96 34 65 86 16 86 2 51 54 86 70 10 94 8 48 50 66 93 76 60 42 13 31 68 94 31 97 56 39 78 46 13 56 53 93 9 77 0 25 17 61 44 84 80 8 78 65 41 63 14 28 18 70 50 17 8 14 40 89 40 37 47 80 75 15 18 8 66 95 50 72 49 89 11 33 18 24 64 89 88 86 10 48 16 63 42 68 10 64 74 23 77 81 74 28 81 73 95 7 85 72 11 40 84 22 54 30 62 46 81 47 3 37 77 60 64 16 59 63 83 46 21 31 0 87 15 23 96 26 82 81 24 30 49 97 1 80 47 54 83 94 24 40 7 10 87 51 34 40 55 63 78 94 5 28 43 15 41 36 62 70 53 43 33 72 10 90 92 43 64 99 42 72 8 11 63 35 12 61 56 65 7 31 59 39 85 63 33 9 45 80 37 33 
10 96 27 50 63 4 61 63 18 90 97 32 6 10 15 39 91 92 92 98 11 72 71 80 27 99 27 61 75 6 17 12 34 69 47 32 31 62 89 52 57 6 67 74 38 90 52 81 73 97 65 67 82 66 65 15 29 97 71 16 63 43 81 61 36 14 28 34 24 65 67 58 0 83 32 15 80 85 41 55 3 27 24 12 54 0 73 7 28 73 79 28 29 90 17 9 34 38 2 20 0 88 36 94 69 51 37 53 63 99 26 52 34 84 79 89 49 34 40 16 32 98 91 6 76 93 25 13 14 77 61 74 77 44 74 70 18 59 49 69 1 43 63 28 53 28 41 38 76 70 52 38 80 36 73 71 66 61 18 27 97 53 26 92 21 88 79 96 12 86 37 60 96 70 53 39 51 16 7 80 27 81 44 65 54 9 56 93 9 56 51 9 43 48 44 86 52 82 87 82 15 94 55 4 37 8 7 41 55 88 75 85 86 86 25 89 36 94 61 94 2 38 60 45 16 98 28 84 48 95 16 70 91 43 29 31 32 88 86 86 30 11 68 6 84 71 85 2 43 62 9 8 32 78 26 89 11 68 80 99 31 5 60 99 79 78 7 15 8 86 21 94 8 10 38 11 11 36 59 92 99 2 13 21 69 89 36 60 33 77 34 85 87 28 58 8 52 39 99 50 15 16 60 50 61 32 2 85 37 18 23 84 96 1 81 0 71 23 62 41 87 34 18 88 78 23 63 71 54 21 79 11 19 35 27 72 60 18 31 26 91 61 2 96 25 65 15 92 84 3 16 18 79 7 54 30 25 55 70 91 65 9 46 54 73 38 27 41 83 95 65 16 53 52 99 17 88 90 49 63 1 65 59 70 53 55 28 53 3 96 87 4 33 14 29 18 53 62 7 42 
8 52 33 86 22 16 58 0 51 1 6 28 77 14 58 49 27 59 84 76 70 61 31 46 78 69 19 93 19 86 91 53 52 65 62 47 84 20 72 27 19 42 43 15 47 34 98 31 15 58 28 2 72 66 0 49 87 66 32 14 82 60 52 88 67 69 40 97 45 5 76 84 63 16 7 4 98 12 70 32 7 17 62 89 74 44 36 49 89 52 16 69 12 76 5 26 8 56 84 47 30 18 18 53 65 52 74 19 12 77 46 28 57 56 85 68 64 27 59 42 44 67 12 27 59 67 42 78 1 76 68 21 19 84 91 48 67 65 84 72 15 32 6 32 93 17 86 59 46 26 0 96 52 8 55 2 32 73 4 54 8 66 67 63 43 63 30 52 23 32 70 56 55 86 15 18 45 39 52 94 44 22 35 4 12 63 78 63 87 41 37 29 26 93 14 97 20 26 51 9 51 53 27 9 38 27 76 27 47 12 63 89 5 39 84 64 98 39 35 58 71 28 40 11 23 11 3 63 56 49 15 31 39 15 11 56 19 42 5 36 69 53 95 8 58 75 48 70 48 41 84 52 18 25 14 8 38 64 57 17 8 18 24 62 49 99 39 2 5 99 67 83 81 37 53 67 55 69 70 48 43 60 73 23 78 37 81 24 77 21 28 63 88 90 65 46 75 76 58 1 25 72 65 6 28 93 68 58 36 31 70 60 95 13 76 37 56 8 36 99 86 42 29 89 60 0 95 59 51 74 41 91 27 38 19 43 53 44 1 62 21 50 85 60 88 40 99 0 44 21 84 69 10 78 67 64 39 86 56 73 11 47 90 22 15 88 26 32 74 35 38 5 57 17 90 42 77 36 42 10 53 64 43 70 33 1 11 38 67 28 63 28 28 1 35 64 72 79 25 40 
41 70 97 96 73 33 9 93 83 26 31 73 49 6 47 70 11 13 91 13 62 47 80 32 41 72 35 32 12 50 36 3 43 40 90 28 53 73 10 36 35 53 56 15 46 19 68 38 64 0 65 71 37 39 80 90 32 49 43 93 57 75 24 84 72 65 55 39 33 86 6 25 94 53 68 11 53 46 25 4 51 42 89 78 56 39 14 68 79 15 6 97 56 38 27 21 88 19 58 55 37 27 89 79 95 88 12 81 90 44 50 69 5 76 41 80 98 24 79 72 35 8 0 71 77 96 4 9 23 99 31 79 40 93 57 18 73 40 27 65 69 72 19 98 90 61 67 75 5 41 81 68 20 89 30 63 39 13 48 44 76 64 96 66 72 56 60 90 99 49 49 15 85 99 53 17 74 19 2 74 27 19 42 90 26 12 94 33 84 28 73 58 20 59 71 18 15 91 89 15 50 16 7 3 23 33 50 92 65 55 47 37 77 85 25 72 45 89 87 61 2 54 30 44 27 55 35 22 6 51 80 73 38 97 91 13 52 25 21 82 2 35 29 75 15 80 39 12 40 20 62 71 74 11 87 96 41 46 33 78 64 95 82 45 43 3 55 45 62 96 19 47 98 51 68 46 56 84 71 73 80 95 5 40 0 89 21 7 10 84 64 70 67 56 54 45 53 39 47 15 61 77 46 78 1 83 17 93 38 48 53 51 33 33 91 58 99 27 55 1 13 79 60 30 41 41 33 86 87 64 42 92 79 41 13 69 63 1 86 5 79 0 62 41 39 4 28 30 9 31 22 71 8 96 81 38 4 63 69 45 2 99 8 18 98 99 9 75 72 68 49 20 88 10 17 73 74 41 85 81 56 50 32 39 81 93 80 58 86 45 88 32 62 51 45 94 20 36 1 20 
51 34 74 27 93 83 54 70 17 95 21 45 85 39 43 27 25 50 72 70 11 16 30 57 95 21 14 65 67 79 1 24 62 11 56 62 10 38 81 93 85 78 96 80 28 62 91 21 35 75 2 3 53 12 77 94 37 64 2 90 79 29 1 75 67 33 19 45 2 29 91 32 62 28 27 16 69 93 54 43 45 27 40 99 38 76 59 17 23 62 57 80 86 26 2 26 67 89 83 45 27 20 15 44 36 3 29 43 47 6 90 12 89 26 52 84 48 57 47 33 95 52 92 61 34 53 83 27 65 62 29 44 23 84 65 17 67 19 42 91 52 53 34 44 72 49 2 0 81 82 26 46 95 64 77 76 93 31 5 63 3 89 64 44 51 65 66 39 83 17 3 46 62 63 67 90 2 32 8 5 58 16 59 28 36 50 83 12 81 23 34 50 55 1 24 23 23 46 85 99 47 29 43 35 74 0 16 32 23 98 24 69 18 31 86 46 33 53 67 11 7 34 20 37 35 52 10 15 6 24 3 79 60 10 22 42 72 39 81 53 51 96 61 18 23 6 28 70 8 42 23 60 62 39 55 70 25 50 45 99 86 30 42 1 62 4 60 95 59 60 46 97 1 65 28 87 83 29 11 3 47 5 34 63 64 59 9 99 9 0 85 34 69 5 8 79 25 85 74 6 93 53 4 80 62 70 24 95 31 61 82 42 79 93 13 72 75 18 32 99 13 58 46 2 80 96 81 63 92 42 39 67 48 79 58 11 90 62 13 80 19 38 22 53 96 10 35 91 84 15 84 49 59 7 5 94 99 28 51 36 45 62 96 58 21 9 93 68 13 22 20 25 87 67 1 1 66 53 68 37 95 90 35 59 77 88 1 18 57 29 24 78 34 87 7 67 64 53 68 60 
95 50 32 62 59 33 58 82 89 78 44 40 4 25 3 4 97 96 67 34 72 34 47 0 44 81 38 39 77 27 23 63 99 5 61 75 46 91 81 61 36 92 88 85 87 73 15 60 56 88 98 46 50 55 81 16 31 1 45 60 47 24 6 18 31 72 51 96 13 74 71 28 48 32 87 36 43 97 12 67 89 8 50 78 48 78 65 37 90 95 43 3 87 76 14 95 29 22 39 69 12 86 3 81 37 58 21 6 25 31 77 29 6 91 75 3 10 24 79 71 15 66 12 25 90 90 86 4 2 88 24 59 15 38 33 42 83 17 71 89 37 87 6 86 49 29 86 71 68 64 19 26 72 75 92 92 37 11 42 79 61 57 98 8 10 51 62 5 38 17 36 31 39 14 71 74 99 75 90 19 5 68 58 46 30 9 88 26 31 94 75 58 92 42 18 13 76 84 1 60 53 55 52 27 75 4 61 29 40 37 24 67 27 48 79 4 61 9 59 94 27 68 95 76 77 46 31 15 10 38 38 29 54 87 80 48 8 88 35 87 60 10 14 48 88 29 11 2 73 10 33 79 96 32 21 1 5 62 18 4 60 20 10 35 99 24 75 24 23 38 37 49 46 51 90 76 65 3 60 13 77 69 62 47 35 99 82 0 0 10 81 58 66 47 28 98 85 35 53 58 25 36 20 45 60 40 4 53 90 41 12 10 22 66 95 81 24 49 88 71 58 61 58 95 16 74 16 38 11 47 94 42 3 32 15 76 64 80 2 90 10 84 31 91 93 8 7 9 31 9 58 81 43 48 8 25 85 98 10 39 15 77 71 12 36 22 31 7 23 31 30 18 63 83 23 94 8 55 35 79 8 8 25 90 54 62 24 99 71 23 23 53 67 0 19 24 19 7 86 65 
41 46 23 15 3 63 42 49 59 97 46 19 94 17 32 98 64 48 89 21 88 92 82 96 76 13 35 46 35 62 50 13 21 33 82 44 75 19 84 94 40 75 32 5 50 17 31 98 45 78 83 42 73 58 88 84 22 8 74 30 21 72 62 81 41 23 66 45 39 60 59 56 81 24 49 97 24 27 90 16 9 79 83 64 13 12 55 97 53 96 92 44 33 25 15 92 11 41 99 78 10 98 21 34 83 70 46 39 80 40 54 13 0 35 56 38 18 55 45 16 21 14 33 36 15 84 72 73 80 66 29 19 58 84 33 58 14 61 70 20 70 91 10 13 69 91 66 28 82 94 62 87 45 57 42 75 26 90 45 18 32 71 37 88 37 14 8 55 82 70 26 78 1 21 58 41 69 79 73 82 55 42 52 19 18 42 54 39 52 18 91 46 55 84 94 61 88 22 33 21 63 61 12 6 99 14 79 19 57 22 66 65 35 54 45 93 69 12 1 57 91 57 76 49 40 88 69 58 39 49 40 80 0 21 62 5 6 25 60 5 90 69 24 87 78 27 13 47 59 68 44 78 68 99 15 15 80 63 57 15 70 46 73 60 79 63 64 97 23 83 37 49 99 23 91 77 58 97 70 27 91 98 70 60 91 43 29 96 8 74 82 53 16 67 89 17 50 54 36 16 33 59 23 41 47 49 40 79 69 39 14 36 0 49 95 81 20 65 20 81 21 45 64 38 31 44 55 7 2 87 60 49 10 66 9 0 5 31 2 54 93 38 49 49 61 61 64 68 2 46 3 52 26 59 16 56 21 14 84 55 26 45 43 59 76 87 63 74 42 80 73 8 60 17 61 4 83 96 48 60 6 42 34 94 26 21 81 37 47 89 30 79 84 37 90 32 77 83 34 14 
34 96 42 99 91 45 12 72 46 71 15 15 52 16 86 24 0 59 27 99 89 88 63 0 74 59 96 99 7 54 12 38 61 73 60 33 93 58 9 21 66 65 94 40 48 37 70 56 25 95 55 72 10 4 31 39 97 2 21 72 18 7 36 93 66 56 71 0 92 3 5 55 62 43 39 55 54 85 46 3 85 72 88 34 68 36 56 78 57 43 54 15 16 55 19 91 71 88 84 35 2 68 95 74 23 0 73 64 17 75 19 82 32 24 82 16 97 93 8 3 62 85 9 40 87 21 55 80 94 62 66 26 52 46 23 10 10 46 5 55 3 67 4 36 90 12 53 94 26 54 3 29 55 57 97 7 77 34 47 37 92 1 81 41 98 41 41 63 81 58 45 60 98 62 93 76 46 83 78 59 67 44 63 3 50 74 23 92 48 97 79 40 93 83 86 63 44 60 14 66 4 95 60 99 75 32 95 12 33 78 28 25 83 91 94 75 29 81 21 87 48 87 12 30 61 8 35 62 14 88 85 45 81 13 14 5 94 24 89 87 15 60 72 79 28 98 11 56 81 41 18 1 15 88 85 52 59 38 75 85 19 12 74 65 14 58 36 92 66 59 3 41 92 50 37 98 72 9 75 58 26 79 70 20 4 59 47 76 92 86 47 97 60 33 14 87 81 27 9 57 57 0 13 82 4 95 79 68 8 42 89 25 60 7 62 21 22 64 60 11 0 62 57 44 53 87 16 37 56 83 18 17 53 48 0 50 54 28 50 26 44 22 69 33 74 96 73 89 66 76 98 30 59 62 36 55 2 21 68 9 56 8 69 62 59 14 95 13 92 45 63 96 48 16 43 26 5 43 43 26 84 11 13 68 13 42 12 10 99 20 3 25 28 6 36 42 67 15 39 11 
60 93 25 10 67 62 52 76 53 63 9 54 76 20 31 28 78 81 38 2 87 43 0 79 30 78 51 79 52 43 47 80 11 49 4 57 75 40 11 23 90 1 66 39 65 0 98 48 5 47 97 5 95 26 47 26 48 44 8 19 16 93 19 20 65 76 33 67 26 7 17 76 92 24 6 67 93 51 29 95 83 1 1 13 43 43 81 86 11 15 97 85 73 42 95 0 9 63 67 26 97 23 8 1 34 21 50 1 50 84 57 1 4 27 91 64 31 76 45 14 83 28 33 17 28 65 28 18 41 57 62 96 20 23 38 39 2 76 77 89 21 47 89 33 96 68 30 84 19 81 99 96 60 42 65 39 41 51 17 40 19 95 99 27 74 84 35 91 10 24 31 31 70 65 13 21 22 53 18 75 46 87 43 19 81 10 96 54 52 95 2 64 12 37 53 14 33 21 41 23 47 98 16 3 52 70 93 64 84 41 76 95 10 66 26 31 84 4 94 84 92 30 40 52 19 34 96 0 51 95 42 73 69 81 97 37 73 65 6 59 84 77 23 11 93 61 39 52 11 91 91 32 11 0 94 34 50 63 61 51 69 1 2 3 71 86 69 73 27 31 39 96 31 32 71 75 64 56 51 95 7 91 44 51 47 52 76 36 44 87 7 74 83 12 63 47 51 12 53 39 59 87 93 72 1 67 65 23 79 81 76 74 20 85 72 71 53 79 39 53 12 99 90 61 76 76 79 0 7 52 64 79 37 26 11 79 41 2 3 3 77 98 77 70 37 77 56 45 40 8 18 76 71 10 94 20 50 76 49 62 8 89 82 13 76 84 81 78 1 44 20 15 23 15 87 96 12 94 38 37 38 80 89 31 5 93 32 7 23 40 82 57 30 60 47 18 54 0 3 55 
99 94 73 7 98 13 24 62 67 89 20 28 93 38 44 41 1 75 7 62 8 6 33 49 12 65 24 48 25 58 58 3 92 75 16 75 0 15 83 45 99 69 70 16 11 3 48 94 17 77 24 74 29 11 2 62 4 23 12 73 70 80 1 11 40 68 64 99 53 14 0 90 72 35 78 11 10 34 48 46 47 75 41 45 2 42 65 24 84 47 99 47 53 63 0 98 71 12 61 7 31 50 60 36 17 43 34 75 66 32 1 50 88 0 20 28 58 85 47 23 41 36 6 40 58 46 68 51 16 36 12 76 93 94 58 22 8 8 54 86 41 37 41 60 40 13 13 23 23 72 47 51 27 87 44 2 25 71 27 56 45 59 84 64 54 35 66 58 83 67 48 3 49 64 51 25 75 93 31 51 99 8 78 64 70 79 89 35 77 58 52 64 96 58 69 81 79 28 68 79 19 47 22 97 92 70 52 65 97 13 18 74 15 37 62 15 97 89 77 18 91 0 84 59 10 1 92 17 56 74 61 25 96 4 43 30 88 82 50 29 49 36 74 10 83 10 2 58 37 81 73 87 99 28 17 88 99 11 36 46 92 77 52 64 30 80 40 5 46 73 56 31 12 15 35 22 2 56 11 78 62 10 37 18 17 20 90 1 42 73 13 86 45 84 62 32 72 9 4 78 93 86 66 53 34 62 58 21 94 6 79 28 40 21 55 11 48 53 16 45 25 90 64 47 61 15 18 29 48 47 83 53 43 6 49 73 35 76 31 73 29 69 77 91 79 85 45 74 18 17 54 33 2 27 24 44 41 99 96 55 80 79 94 82 94 25 88 73 70 17 36 85 68 92 17 82 55 63 14 3 33 8 76 7 62 72 89 81 69 4 48 42 65 9 75 33 67 42 75 27 
65 3 19 53 55 32 59 51 83 70 34 42 58 30 98 80 33 0 84 42 17 37 75 22 67 32 64 58 34 97 82 81 46 3 83 17 21 17 8 77 12 51 42 47 77 26 81 60 10 15 27 59 77 51 52 91 21 5 57 89 55 71 26 10 14 84 97 37 88 50 12 8 62 69 29 94 90 44 96 92 95 10 69 84 60 33 32 46 1 35 81 43 42 52 3 54 1 32 20 17 90 75 61 19 57 82 88 40 52 13 95 46 22 33 83 45 31 84 81 13 45 27 20 50 94 36 83 89 15 59 44 49 88 45 65 92 89 3 65 87 8 97 39 63 32 59 7 58 10 40 77 86 98 72 58 56 96 89 20 51 59 2 53 1 58 16 3 66 53 2 10 61 19 67 67 16 1 53 72 83 65 12 8 59 8 19 72 23 20 58 5 80 15 53 92 29 64 56 4 53 83 43 63 60 30 40 99 8 73 34 6 1 88 88 8 22 58 75 65 97 90 25 82 80 93 95 36 70 57 4 6 26 45 41 90 74 80 67 96 42 63 83 30 70 22 62 87 66 70 6 37 36 86 47 4 19 78 37 21 6 43 72 95 91 79 9 57 69 56 45 33 56 25 36 27 67 64 99 36 46 66 29 17 18 3 23 30 33 57 10 44 39 76 49 99 53 95 79 56 63 97 73 62 49 13 20 9 17 66 42 24 52 39 26 23 66 94 25 5 91 20 3 96 51 33 31 25 52 36 74 37 87 0 64 48 21 84 51 81 26 64 73 94 71 53 33 78 87 64 35 47 55 25 27 97 8 78 85 57 57 17 10 18 89 9 98 97 72 34 39 10 52 46 80 38 23 40 9 55 39 66 70 54 27 37 87 64 56 26 87 91 2 55 24 38 69 60 34 0 65 
26 81 92 66 23 60 24 24 3 39 64 25 47 25 70 69 20 79 4 93 83 23 36 25 38 48 6 3 73 36 18 67 29 68 84 55 57 85 1 62 16 63 40 33 38 2 13 47 46 50 21 30 35 83 11 24 58 65 17 87 87 10 97 71 80 46 37 57 98 30 92 17 17 12 12 99 18 77 17 19 83 44 16 95 91 63 80 33 6 88 31 65 63 34 56 38 17 51 99 23 47 15 2 73 55 10 2 7 60 31 58 15 42 63 16 63 15 36 51 83 48 16 72 65 13 60 27 64 53 80 10 53 60 66 78 10 78 2 1 94 20 88 58 30 69 24 9 28 54 50 81 5 82 10 57 59 69 49 91 41 99 17 75 99 44 48 12 9 1 28 50 6 6 79 83 20 10 14 11 97 78 56 66 61 45 50 61 7 19 4 99 94 41 69 21 25 96 4 76 48 50 79 63 44 13 77 44 76 49 67 3 95 73 14 48 46 45 43 92 50 66 30 56 13 29 72 45 79 65 44 19 5 47 40 75 89 59 89 66 92 76 79 56 24 48 61 17 56 89 53 19 6 4 79 36 24 20 84 98 25 49 92 0 58 53 23 50 3 10 40 48 19 82 35 39 9 31 37 40 15 91 33 69 48 11 6 65 77 74 82 28 75 36 45 59 49 32 91 17 31 23 86 2 49 26 47 14 18 70 26 26 83 33 31 34 65 84 40 11 98 19 41 79 26 68 3 13 52 52 68 95 70 6 94 84 35 73 46 71 71 64 82 97 84 0 78 99 56 42 52 84 37 86 55 92 84 40 77 57 9 48 3 0 95 87 40 67 95 55 56 98 37 35 72 24 75 48 3 43 40 91 87 46 48 45 76 30 47 31 84 95 59 29 0 45 65 45 5 26 14 
44 95 73 98 21 98 48 78 1 22 74 51 21 64 96 82 34 17 21 85 6 83 79 5 71 86 1 90 49 45 90 76 79 65 38 88 19 5 63 46 86 42 65 4 42 76 83 55 94 78 90 24 89 71 74 53 54 50 68 57 87 55 57 98 70 98 33 89 5 12 0 36 5 95 43 99 52 23 30 83 36 82 52 38 15 56 20 6 26 99 42 42 67 8 13 62 95 79 84 31 14 79 75 30 88 34 36 47 67 44 77 14 10 46 19 81 14 17 99 32 75 2 12 97 81 12 82 82 39 19 89 61 0 40 45 82 76 75 32 46 25 88 36 28 62 41 68 56 96 6 45 99 20 82 97 62 8 86 66 4 18 56 0 6 65 1 45 74 72 53 12 7 16 42 68 5 18 32 30 18 62 52 65 7 90 56 78 21 50 22 83 74 23 43 31 12 38 78 91 24 58 93 55 59 50 71 12 21 32 38 37 1 64 59 11 21 13 96 94 42 93 53 92 35 12 98 96 38 31 92 8 11 76 82 30 8 89 74 49 56 96 40 45 92 6 66 16 71 85 65 81 45 42 19 98 98 47 97 66 60 39 6 98 50 48 29 40 15 82 0 73 86 44 70 11 87 48 90 23 22 78 16 3 94 57 67 52 73 25 67 74 2 52 58 12 55 56 30 9 88 32 28 91 84 7 55 78 38 33 22 53 34 27 92 21 74 17 86 14 99 82 65 14 4 4 89 7 37 24 44 97 16 29 88 84 92 20 12 59 41 94 27 36 40 41 98 18 11 88 3 25 84 22 35 45 22 88 53 25 72 14 15 53 37 79 73 50 84 56 80 21 44 15 9 18 94 64 89 46 90 20 87 0 68 52 44 16 29 16 74 45 72 85 84 56 72 47 61 28 30 
27 24 64 76 68 47 87 26 76 18 46 4 54 49 3 87 49 88 73 75 84 52 32 45 4 43 14 94 13 96 34 68 9 99 48 47 9 25 9 26 97 57 57 63 46 6 6 81 29 17 59 97 43 57 20 31 40 79 96 17 45 33 0 68 17 50 30 86 81 73 30 52 10 69 11 97 75 50 30 50 40 36 74 15 31 8 32 70 65 1 65 47 98 33 67 0 4 48 89 2 17 56 73 27 40 10 69 45 7 76 38 63 70 80 83 62 38 87 25 3 18 9 13 99 14 32 19 31 27 87 73 85 65 17 71 71 16 94 54 34 56 93 2 22 43 34 45 52 5 27 9 32 49 94 25 5 51 5 54 61 39 48 19 45 29 38 39 72 31 18 50 38 95 12 79 24 82 49 44 87 32 27 67 62 68 36 83 80 26 36 14 22 39 41 62 68 65 39 65 49 20 81 34 44 48 54 96 70 52 23 65 46 66 63 63 94 28 8 30 54 3 14 86 46 90 98 30 96 16 85 86 88 50 65 80 92 59 46 65 90 85 20 15 24 45 89 6 98 49 6 3 42 5 39 35 29 59 42 48 48 80 80 48 9 96 42 91 2 55 57 7 14 85 25 98 35 23 59 47 40 23 49 68 36 38 14 4 35 83 86 67 60 3 67 78 58 31 13 60 78 90 95 85 36 56 46 83 6 9 37 50 19 10 14 52 48 60 20 13 24 70 2 67 51 54 66 9 52 3 34 49 36 98 75 43 18 5 14 60 45 67 32 92 66 5 36 76 39 52 76 62 92 64 81 88 23 25 3 59 71 24 84 73 12 68 89 38 87 13 54 88 48 44 87 60 47 77 8 90 15 46 75 96 63 9 11 35 91 87 75 87 63 82 99 16 55 43 35 69 3 
60 45 48 19 10 24 50 57 94 78 40 1 29 85 2 30 56 1 39 23 69 93 29 41 96 9 51 63 53 46 12 54 98 92 86 82 51 68 74 24 64 17 98 37 39 81 48 83 27 83 57 31 56 35 34 15 59 63 17 85 12 41 92 99 83 59 41 45 76 21 53 76 95 57 98 80 34 79 47 12 8 48 44 48 46 21 65 63 63 72 11 18 58 34 75 60 2 29 81 28 13 27 54 73 66 20 2 32 27 1 54 71 92 77 48 16 27 84 90 91 8 34 59 72 77 85 7 61 85 78 71 67 42 66 54 39 94 47 70 47 50 76 37 18 74 41 13 0 73 24 30 45 26 73 51 9 77 63 48 52 62 75 98 83 30 28 76 66 63 45 84 95 55 11 77 35 56 37 44 8 79 84 44 95 20 70 34 7 20 76 29 86 34 44 19 42 67 44 52 78 29 3 58 26 10 15 97 44 4 17 40 1 24 17 72 51 0 29 89 24 21 71 98 83 36 64 8 30 23 52 62 95 84 40 36 75 42 75 65 28 55 92 29 85 9 46 31 48 72 13 51 35 47 37 79 27 42 44 79 45 27 29 31 42 56 62 52 90 28 49 30 71 53 95 68 54 86 36 52 58 85 7 88 96 19 37 77 67 62 12 68 69 91 94 58 1 8 33 4 34 64 69 50 21 42 17 40 10 30 94 75 17 54 22 65 15 77 8 39 17 42 87 37 0 14 7 23 62 9 42 19 25 2 12 96 62 70 74 57 79 99 65 84 93 33 91 1 12 48 61 57 27 64 13 80 84 18 70 87 7 63 37 18 22 45 58 81 38 52 40 60 96 39 5 44 22 8 6 84 91 46 81 36 7 80 27 52 16 5 21 49 54 78 53 16 73 83 94 67 29 
77 77 84 81 83 73 30 68 8 82 58 72 37 59 23 39 80 53 70 8 4 76 25 85 29 83 89 70 26 17 89 47 69 5 57 38 51 6 63 99 25 55 0 23 74 97 46 66 22 6 9 83 59 56 40 50 66 78 9 90 3 31 99 36 20 69 39 14 79 11 5 11 95 26 77 28 29 32 10 63 36 27 9 55 69 92 65 28 3 15 77 91 30 10 90 4 62 73 83 79 27 73 34 69 82 47 22 87 30 46 98 8 16 79 3 11 52 54 80 99 61 58 88 14 43 41 1 96 26 40 36 80 6 79 38 67 93 61 57 48 89 27 38 8 67 83 85 28 46 83 13 75 96 30 30 83 97 14 49 50 18 54 7 18 49 30 79 66 1 5 4 44 69 2 2 3 92 87 13 24 76 33 69 0 99 12 56 3 69 62 60 40 40 89 67 3 72 30 39 95 86 2 79 53 91 76 75 33 33 22 39 40 54 96 31 82 36 7 77 60 20 24 12 4 37 42 80 32 79 90 38 44 60 37 24 37 59 25 52 2 32 84 74 28 8 36 60 33 37 43 33 60 64 81 52 80 52 36 6 49 30 30 74 7 7 50 45 42 65 64 42 46 38 22 58 92 25 59 95 57 71 42 61 53 37 52 13 38 71 49 2 83 32 44 29 7 14 4 6 94 21 85 60 69 67 12 63 17 7 16 52 30 10 10 56 9 93 34 34 80 76 17 83 76 18 65 91 31 39 88 69 68 90 54 6 8 7 17 50 69 12 89 27 56 62 47 78 11 6 94 67 73 56 33 93 17 4 36 58 5 8 13 56 23 90 8 20 93 45 94 78 98 49 11 61 76 6 46 12 22 37 41 77 53 71 17 5 51 94 3 48 80 50 16 18 33 59 30 55 25 
43 54 35 2 82 49 5 88 56 86 41 28 34 27 71 16 13 8 54 65 76 90 80 76 64 56 0 53 85 37 42 37 31 2 34 95 26 11 55 65 30 41 5 24 97 39 5 94 14 39 0 30 93 26 27 45 20 18 9 87 50 24 57 59 6 66 86 8 19 51 20 76 81 72 77 22 14 45 75 19 73 65 36 36 43 51 68 39 24 9 45 59 13 93 53 21 4 61 95 16 47 23 51 52 0 65 87 18 88 15 58 19 31 67 44 50 40 72 59 6 86 26 72 1 25 52 65 17 32 32 93 85 23 59 80 92 17 32 97 56 16 94 77 22 92 16 7 60 53 77 72 30 16 29 15 1 23 18 33 77 64 42 41 54 7 0 84 30 58 41 63 28 42 5 29 88 0 5 98 98 38 24 88 92 62 93 93 91 63 15 14 60 46 84 94 51 46 21 14 61 25 83 0 11 66 38 24 45 3 54 87 16 70 46 34 70 78 59 19 24 53 70 74 58 91 69 37 16 46 48 2 48 88 38 20 27 8 61 20 18 48 38 37 78 42 50 78 77 50 18 36 62 56 92 24 63 87 38 45 5 57 2 92 89 19 15 95 17 71 51 49 29 24 58 9 32 7 50 73 26 36 23 48 86 90 56 21 31 18 82 62 26 24 21 41 75 28 78 94 70 17 56 58 36 20 69 21 42 27 34 10 91 98 49 51 29 53 51 31 18 43 90 52 32 39 13 44 34 93 46 12 56 56 99 67 93 93 20 92 88 58 99 61 18 32 97 74 33 2 1 1 12 91 38 80 93 18 61 50 90 32 32 5 97 53 9 80 90 74 82 95 62 10 45 11 13 40 22 4 28 45 41 88 33 91 25 37 62 60 86 46 4 63 3 94 59 60 57 9 77 
94 52 36 45 42 51 87 50 25 74 57 56 10 11 26 1 9 8 8 7 87 88 64 94 39 20 58 96 80 88 79 8 88 14 50 27 1 34 29 36 94 54 77 11 12 60 29 68 49 38 39 13 37 2 52 85 87 98 73 7 6 21 58 34 29 47 61 50 52 85 54 75 88 60 5 0 84 44 57 18 85 84 72 78 39 40 99 33 1 14 40 7 15 49 60 39 89 83 62 4 51 69 93 70 23 44 5 47 14 58 77 0 59 77 47 84 5 24 8 23 79 96 57 62 37 4 11 71 16 15 36 31 69 25 18 27 15 49 7 91 42 7 37 96 84 38 58 30 34 75 23 73 90 35 19 19 56 93 14 78 22 59 59 49 0 66 49 45 47 76 69 54 64 34 29 20 44 43 99 59 80 64 5 37 70 75 11 74 42 33 50 8 58 86 76 0 90 48 83 60 13 17 74 39 23 92 26 18 23 27 25 69 49 96 53 97 27 54 51 39 85 75 13 5 45 93 85 67 4 62 27 72 99 51 35 34 21 5 74 4 77 15 53 71 66 54 51 3 5 97 46 74 63 52 74 49 7 68 85 86 62 13 70 46 38 18 94 72 44 40 4 21 29 90 58 89 43 60 56 70 15 91 5 55 70 31 82 84 36 22 65 9 68 8 74 44 61 83 54 39 33 70 49 44 12 25 12 35 11 42 7 77 10 10 58 75 55 57 31 18 64 23 79 68 82 64 18 99 2 66 76 32 44 74 63 51 55 51 83 97 24 37 16 6 42 18 67 40 89 81 60 28 90 64 42 47 79 4 19 40 99 10 22 35 24 9 5 17 23 21 0 51 84 57 11 0 35 8 24 75 94 60 85 52 15 61 95 42 28 93 79 93 62 16 79 13 75 2 16 46 
59 82 18 85 52 85 33 39 13 24 44 17 44 62 71 0 15 21 76 33 77 35 9 19 33 12 59 44 43 22 79 46 2 35 90 3 36 14 93 63 39 5 7 88 36 90 21 6 30 9 84 84 66 77 61 79 93 45 75 26 5 80 22 89 95 40 59 25 36 75 24 16 14 44 53 26 50 93 87 12 40 12 12 8 51 3 72 96 25 23 62 33 49 93 21 43 19 48 69 24 35 41 61 38 38 96 51 13 22 58 66 52 93 11 14 27 75 75 17 61 19 43 88 95 22 53 93 80 90 32 20 46 71 28 56 70 83 34 31 87 71 46 33 28 40 42 41 22 3 58 88 96 61 61 82 86 54 55 69 33 64 91 77 29 98 55 5 82 25 61 52 63 75 25 72 11 38 96 69 82 51 63 17 24 48 88 63 32 63 40 90 4 28 14 31 19 29 50 81 15 7 98 67 40 92 6 47 97 11 26 7 13 91 35 53 97 8 93 83 40 86 55 42 58 44 80 2 18 60 51 35 70 79 29 22 68 71 69 35 54 87 39 86 9 11 33 19 3 41 35 54 98 47 53 23 28 38 26 7 4 6 31 63 17 91 25 96 10 44 75 56 46 61 35 2 5 86 19 16 94 14 67 49 78 22 93 9 76 47 80 53 75 37 77 42 58 64 46 58 78 98 20 40 37 39 36 79 88 82 97 59 54 69 96 3 68 42 12 86 68 3 57 44 42 43 42 23 59 90 50 7 0 75 43 97 55 87 88 70 64 77 45 4 31 48 19 81 36 25 18 88 99 13 69 80 33 65 61 70 86 92 42 35 88 33 89 82 96 14 95 55 16 44 80 23 77 28 60 70 70 5 94 59 60 87 82 90 23 67 72 92 5 72 29 34 2 17 77 27 88 
96 86 72 12 3 97 97 36 57 98 58 34 39 96 17 49 67 49 61 6 28 19 44 78 92 65 85 82 63 36 77 24 81 45 27 36 61 25 85 92 22 38 93 12 2 90 32 21 70 21 10 89 86 59 22 4 25 66 99 53 54 66 87 26 16 83 83 88 16 75 60 22 77 39 16 5 92 77 15 4 80 68 16 96 27 16 71 43 43 73 17 21 64 42 57 87 90 96 1 12 14 93 0 36 12 86 98 91 55 72 87 18 16 50 51 0 92 25 45 55 21 82 73 43 51 12 0 96 91 46 31 76 24 99 35 80 56 90 3 67 29 93 83 55 40 88 83 87 45 63 79 68 41 48 61 56 60 33 71 43 79 10 91 56 66 90 37 28 73 48 92 14 0 32 15 35 10 58 9 62 98 77 14 6 49 16 41 78 23 69 38 14 82 63 57 49 15 2 88 90 62 52 52 91 44 58 7 46 23 59 52 9 18 92 8 61 30 53 63 47 24 55 50 64 99 63 68 97 97 78 18 5 61 49 67 9 23 11 28 40 79 84 32 33 27 4 28 89 76 20 41 14 35 72 94 8 32 66 56 26 94 3 66 12 44 75 46 94 84 6 57 69 50 12 62 48 63 16 18 47 43 32 50 78 47 4 42 68 19 49 49 46 71 0 49 85 20 96 64 53 94 99 86 50 8 84 85 88 55 8 3 21 58 66 27 57 37 10 7 59 1 12 4 79 48 2 98 59 69 93 85 9 74 20 52 65 28 95 69 67 47 66 18 64 54 18 3 14 69 90 80 65 90 46 4 99 0 48 17 38 7 81 6 4 64 39 2 31 91 66 47 19 74 47 75 65 0 43 2 29 95 85 65 98 33 0 93 60 85 51 94 90 53 58 49 25 59 32 29 29 
13 41 78 87 22 22 99 38 97 54 81 34 83 75 10 6 48 13 47 69 49 99 26 51 97 48 69 76 73 52 35 69 78 87 50 66 97 60 93 37 20 54 86 37 56 83 76 1 89 50 35 41 25 19 88 85 97 0 75 9 36 58 38 33 10 28 12 2 56 80 37 9 48 4 64 2 59 38 66 63 45 62 85 82 97 80 65 24 82 54 9 92 37 47 97 32 0 17 75 54 79 68 24 1 92 87 84 69 20 43 97 68 12 30 55 75 73 89 24 68 84 37 42 78 16 63 17 74 77 58 43 66 65 88 25 31 37 12 80 66 23 7 95 93 17 54 31 88 77 31 5 14 70 73 2 65 29 17 49 34 5 83 16 26 32 77 20 10 35 46 47 66 4 50 34 12 62 61 96 1 52 29 64 88 14 4 50 34 92 30 85 90 52 10 59 10 18 11 70 82 10 10 41 91 50 95 98 98 81 32 91 46 31 48 34 88 54 99 73 85 68 65 34 45 90 54 59 38 80 9 13 91 54 20 15 14 71 7 45 28 83 10 18 3 66 92 90 4 35 17 52 31 10 59 10 75 26 17 1 50 98 28 0 49 30 43 44 24 29 61 53 36 8 24 79 69 93 72 56 66 73 40 61 66 22 20 12 16 70 24 63 67 68 35 88 96 36 44 72 23 5 1 70 96 36 29 66 54 4 76 97 60 84 8 42 36 64 99 13 72 4 58 55 55 41 3 87 40 74 74 32 97 66 17 26 11 14 6 66 19 42 97 60 16 87 54 58 0 80 52 63 48 77 95 13 67 87 80 12 21 85 42 23 13 70 3 31 80 64 23 63 41 4 35 65 53 7 30 6 33 33 80 61 74 8 1 64 72 64 17 59 79 40 15 1 22 55 59 69 41 
4 7 69 42 74 66 48 58 4 83 73 61 9 87 47 55 91 62 36 84 81 78 1 51 21 50 55 90 82 30 2 61 27 74 89 32 88 36 90 89 6 82 43 59 78 20 74 55 80 58 81 69 34 1 57 39 6 63 64 32 67 0 8 36 61 1 90 33 70 36 79 97 49 86 29 47 97 0 41 75 77 26 47 74 6 23 24 49 48 57 72 12 42 56 6 66 69 20 68 51 95 64 85 34 65 80 70 97 9 19 56 9 76 61 11 94 3 99 8 11 67 97 47 74 27 98 29 15 21 86 79 5 61 20 22 52 29 4 34 65 12 80 40 55 81 80 45 43 43 50 63 63 55 66 26 82 29 32 83 11 19 80 44 66 14 86 13 31 82 25 17 51 56 91 92 44 66 59 79 48 3 43 52 35 71 45 32 12 9 35 95 82 36 6 74 52 59 43 30 24 4 63 12 75 10 1 20 99 5 97 75 85 47 16 20 93 13 33 22 24 11 62 58 24 84 23 78 98 16 53 86 41 75 99 70 37 30 2 17 18 76 51 56 46 54 81 50 68 79 55 10 94 3 39 54 62 74 51 91 88 60 80 76 99 14 5 72 21 92 57 78 24 61 0 3 7 62 59 10 56 74 26 79 79 37 98 70 86 60 99 45 86 89 68 37 74 11 72 92 59 92 3 83 9 77 49 31 56 57 10 9 17 70 87 98 17 16 52 6 21 56 67 64 40 13 60 15 47 20 21 36 32 45 19 88 29 79 62 76 1 48 69 2 14 11 2 69 65 70 13 75 92 55 46 5 83 37 80 40 60 38 59 36 2 52 90 62 8 25 54 74 94 63 77 89 5 40 58 87 96 41 4 32 53 49 49 47 89 81 57 52 23 61 19 14 15 37 11 48 66 
9 37 90 7 82 49 46 18 42 32 44 92 62 90 13 58 66 16 35 23 52 59 97 43 57 93 64 33 8 15 71 91 60 13 79 93 4 10 30 7 1 27 25 27 49 74 31 94 5 73 39 61 44 97 5 27 29 60 98 98 25 10 66 35 14 35 93 18 87 24 76 65 41 36 9 16 9 1 9 44 68 43 61 64 3 56 51 81 18 93 94 5 35 43 13 50 7 90 81 68 1 94 60 12 18 74 72 26 31 90 83 30 93 0 61 38 30 91 16 12 1 51 26 25 75 71 4 21 10 11 50 41 7 64 75 5 59 18 82 7 28 66 1 99 89 81 93 41 13 3 99 56 87 23 93 84 97 89 8 62 69 33 36 87 53 88 20 94 66 64 40 90 30 97 88 35 31 41 11 47 55 31 72 17 31 84 24 89 41 2 72 90 94 6 40 0 2 91 44 68 37 67 69 23 85 22 47 86 37 65 59 42 86 88 88 26 16 35 10 92 3 53 24 18 70 74 85 98 44 76 69 44 77 8 58 34 99 90 27 64 89 56 43 33 16 94 9 58 65 99 67 65 95 27 33 61 81 6 27 72 81 12 33 72 26 54 90 35 94 88 55 17 9 79 33 72 78 76 46 6 3 61 43 28 16 84 14 94 82 62 83 2 42 86 84 34 95 34 73 54 16 13 99 21 19 89 24 27 92 39 16 39 58 25 11 49 87 55 95 99 67 89 28 79 3 16 44 81 97 99 79 67 91 0 11 88 80 95 9 81 62 54 53 53 98 86 42 12 80 81 81 51 30 60 34 81 31 98 19 57 85 90 77 98 36 94 52 95 87 1 7 4 80 42 32 12 55 1 33 18 55 9 55 57 36 74 69 31 44 5 92 9 41 6 94 23 86 46 25 48 
10 98 98 43 57 22 73 13 68 77 75 13 23 60 77 27 85 52 62 69 80 45 88 83 89 5 19 99 99 13 50 56 15 34 58 31 26 95 77 82 78 19 56 62 18 29 87 68 17 38 68 20 96 37 46 90 23 32 2 28 49 63 20 92 43 55 24 46 71 65 87 81 29 50 56 14 58 53 70 52 71 67 40 50 72 74 14 38 6 57 57 68 97 99 10 26 70 87 63 17 96 11 23 68 69 55 20 27 80 7 89 83 92 67 20 84 4 51 88 71 69 44 92 21 27 70 36 32 8 86 0 56 57 17 54 1 82 73 19 83 44 76 49 33 61 87 54 22 75 13 73 30 81 44 5 5 71 95 95 13 4 65 57 92 33 12 91 70 87 2 17 40 25 84 36 71 59 3 74 17 91 36 52 53 46 34 98 22 52 3 62 0 79 59 84 31 21 96 90 1 10 95 10 8 93 62 81 31 9 78 78 67 74 43 90 13 7 46 27 90 44 29 21 67 54 97 25 66 37 45 52 45 9 98 55 78 26 83 57 46 66 1 92 26 69 62 57 82 10 3 10 40 41 50 5 77 19 63 86 6 85 37 23 58 13 83 68 22 33 94 86 85 57 20 36 20 4 63 7 97 1 89 97 88 56 82 21 62 2 96 1 6 89 99 62 60 21 73 91 31 2 80 63 78 11 70 24 35 94 19 36 92 65 73 63 30 25 48 89 22 69 29 66 69 88 25 34 35 39 21 70 11 77 68 32 23 60 79 98 98 13 85 50 37 90 55 13 78 99 81 41 21 86 53 3 53 48 19 57 67 37 67 68 13 21 63 14 50 40 64 98 20 79 46 71 30 32 50 46 96 20 16 54 19 59 13 66 57 51 26 86 40 24 42 18 9 52 5 40 21 
91 69 22 31 37 73 95 73 87 71 54 60 46 2 47 12 26 80 34 37 98 98 26 70 12 70 42 84 4 9 86 62 20 57 96 6 15 32 64 29 82 53 93 30 90 58 89 28 63 15 48 25 45 26 23 37 17 96 95 36 2 99 76 3 40 21 11 5 60 39 0 29 18 53 80 46 20 9 22 60 20 70 11 5 67 79 39 90 23 92 54 18 53 40 43 67 31 72 16 0 10 15 66 3 67 87 26 68 88 27 68 98 12 88 87 41 94 61 78 3 85 85 65 26 55 36 31 46 45 83 21 51 51 84 7 46 33 62 3 37 97 15 63 67 90 2 36 17 4 87 86 25 60 92 63 77 22 99 94 64 38 49 37 94 92 17 10 86 60 6 48 71 8 57 49 24 79 35 11 61 34 13 93 33 76 25 80 65 24 79 70 9 97 56 93 85 93 87 75 15 59 76 88 76 65 78 84 91 3 36 27 85 4 0 71 33 65 79 9 4 15 7 34 37 88 45 23 29 2 9 46 25 47 16 47 6 68 6 4 54 25 40 61 53 21 84 2 3 59 14 5 20 35 81 47 68 37 50 82 76 86 76 12 8 77 93 10 31 1 12 19 68 79 80 51 42 47 76 48 82 29 43 16 59 82 41 7 54 45 31 22 63 35 16 8 52 66 36 92 33 68 41 55 16 63 8 31 74 28 93 49 9 49 38 55 43 3 5 64 47 84 67 92 39 51 68 79 50 45 93 33 14 60 13 16 52 18 99 29 95 65 58 23 90 29 94 61 18 97 58 74 32 93 99 99 70 31 8 47 84 73 71 38 57 54 51 12 59 84 21 31 27 10 72 64 28 14 64 98 71 85 99 7 91 13 54 47 6 87 58 50 79 13 2 2 58 82 23 5 17 
73 67 59 76 2 6 15 95 87 23 98 42 43 97 45 6 93 21 1 10 50 7 32 52 2 75 53 65 28 70 30 10 33 17 89 64 3 41 61 23 2 40 82 87 95 99 80 23 15 76 52 61 10 26 83 21 76 70 11 42 60 72 36 50 47 79 95 29 91 97 97 48 13 38 37 42 56 19 82 92 95 54 24 21 69 20 41 4 43 54 25 65 69 52 81 17 36 15 79 58 31 69 67 2 81 34 8 27 27 17 1 87 59 80 30 37 56 4 22 16 78 56 6 98 32 39 40 23 24 12 4 51 43 90 23 85 66 0 70 10 92 94 29 90 98 37 48 65 47 68 48 72 31 27 59 13 45 68 58 44 39 16 95 60 99 71 30 62 68 31 23 75 59 90 72 76 39 98 53 49 9 72 57 86 84 76 51 38 24 84 65 57 41 27 39 53 91 61 31 95 87 16 35 90 52 16 12 20 47 94 74 81 60 21 32 5 22 67 74 81 5 71 32 4 65 6 48 10 62 83 46 13 62 30 95 36 19 97 12 64 90 78 9 65 38 27 66 73 37 91 20 31 75 20 43 90 49 69 98 63 13 2 76 45 66 10 26 75 91 24 45 15 7 97 13 93 0 5 62 2 20 60 74 58 80 63 95 92 63 55 62 60 92 90 96 49 80 47 40 57 85 70 26 77 72 52 38 1 58 16 72 0 1 79 79 20 78 42 91 44 16 29 71 29 39 58 62 55 81 58 82 76 9 11 19 58 27 71 29 77 44 23 88 11 46 44 11 51 18 66 51 88 55 15 50 15 78 26 75 49 88 83 23 10 19 62 64 27 89 69 29 90 5 35 51 75 56 7 71 5 3 94 4 59 94 88 89 44 84 87 78 93 88 53 63 85 95 15 46 18 
38 87 39 58 83 32 44 64 3 42 90 48 87 15 25 24 87 20 2 61 22 9 95 42 36 88 95 79 32 35 96 68 98 24 21 15 64 33 96 87 63 84 60 66 44 4 66 53 87 4 5 23 76 99 95 48 61 70 42 47 84 94 55 77 88 69 69 43 61 34 13 78 79 55 65 22 67 99 23 45 86 24 64 36 82 6 21 34 59 96 20 64 53 7 41 46 38 1 3 8 2 72 49 42 1 39 54 68 72 84 41 0 12 87 85 58 64 54 33 54 94 65 42 20 64 91 20 5 42 57 69 24 70 55 32 16 79 73 39 64 59 53 71 82 29 62 28 28 97 38 31 59 37 91 82 54 92 10 36 52 33 65 13 53 35 66 68 98 66 53 86 89 48 31 78 87 4 0 83 97 11 94 64 65 61 50 7 50 35 62 39 17 79 8 70 42 19 98 79 26 21 66 65 10 78 28 73 79 42 18 36 71 20 35 55 25 7 39 14 80 43 58 99 30 87 63 41 51 99 15 97 30 38 89 67 32 42 88 8 86 83 19 34 1 29 13 77 85 21 82 93 96 53 80 56 81 99 61 53 87 3 20 60 76 11 89 80 84 89 99 19 68 3 64 50 23 58 19 40 26 83 90 31 31 53 53 32 36 25 59 26 48 78 61 58 95 78 59 89 74 80 52 47 86 50 5 55 17 50 86 75 96 47 67 8 35 87 72 29 50 82 72 13 37 94 59 90 47 5 15 5 26 6 15 83 30 39 85 45 51 99 22 15 8 99 11 33 5 83 10 22 15 86 37 24 46 73 6 97 64 32 60 69 81 70 97 59 57 92 69 80 5 19 74 46 72 65 35 77 26 56 10 4 55 93 81 65 48 88 37 2 38 37 26 11 25 31 14 56 92 
95 48 81 11 47 30 27 98 39 86 36 56 43 93 6 26 26 25 40 29 35 93 37 29 98 3 97 31 34 89 61 90 41 3 95 13 35 19 30 96 18 26 7 12 64 18 8 48 47 45 8 94 94 25 46 29 97 32 83 20 11 51 10 70 61 73 35 40 58 77 72 40 1 47 41 19 95 86 34 9 18 8 29 95 64 22 54 30 20 52 55 59 46 71 16 86 53 19 3 34 10 47 80 4 62 30 22 56 64 5 53 29 40 71 87 1 3 48 92 20 88 52 59 67 78 94 2 24 51 96 65 56 37 14 62 62 71 47 95 78 50 22 76 92 16 49 31 94 13 6 41 23 92 51 71 10 64 71 72 2 60 45 53 83 40 1 34 85 73 57 31 31 90 94 31 83 88 47 68 76 91 8 55 28 30 23 93 39 49 63 39 3 56 2 17 34 39 9 93 77 80 17 98 70 4 16 19 84 30 28 2 93 49 39 5 85 96 32 23 50 95 2 30 43 83 90 79 52 73 41 46 74 76 66 25 67 64 93 55 77 55 13 98 11 86 95 36 16 27 67 20 90 54 63 45 70 89 94 51 91 36 46 14 44 12 41 35 78 34 0 31 76 47 46 47 9 88 7 74 3 27 40 73 57 64 58 68 64 57 17 3 90 74 44 24 55 46 66 12 39 58 58 52 95 90 62 5 14 29 16 85 32 36 54 29 62 11 45 92 5 8 56 73 32 84 94 52 75 68 88 68 38 35 59 33 12 8 49 88 72 66 70 20 17 98 70 0 98 9 85 88 69 66 35 24 55 86 1 18 0 7 79 80 75 86 66 66 5 24 29 73 10 79 92 36 76 92 40 22 43 52 81 5 37 91 61 13 78 20 72 87 30 63 72 83 34 19 55 92 17 
68 71 31 68 99 42 71 88 35 70 32 86 57 11 69 47 47 70 27 97 10 56 2 94 35 51 74 83 90 40 58 24 38 74 31 38 80 93 73 97 15 95 21 71 91 23 54 12 65 55 46 64 67 44 83 22 97 27 11 71 46 6 60 65 66 24 0 28 24 21 36 50 88 69 13 86 12 46 12 37 50 68 46 43 24 69 63 7 55 37 16 92 53 20 39 50 94 1 94 26 24 77 30 93 46 73 61 4 94 76 33 28 75 12 32 46 29 98 53 10 54 72 37 63 61 80 9 18 61 74 97 36 56 54 38 33 16 78 76 79 34 20 95 91 45 88 35 38 90 49 74 57 74 81 16 45 11 30 69 5 10 35 58 47 20 83 57 47 67 44 30 81 44 91 82 64 11 83 47 29 63 35 92 74 66 72 91 48 27 87 24 84 22 35 48 93 31 37 89 41 67 61 28 28 28 44 20 49 52 42 93 44 91 54 53 16 52 8 30 34 20 11 60 21 81 15 72 59 95 32 20 56 20 67 33 90 73 40 87 17 87 69 20 64 39 38 80 74 86 78 91 78 88 65 40 21 75 6 56 46 66 19 46 96 70 30 1 82 53 14 34 67 5 91 73 75 55 30 42 2 29 93 32 3 81 22 4 48 91 65 30 4 57 94 6 1 25 7 21 4 30 75 58 33 62 24 58 55 79 43 82 87 45 90 68 19 4 61 9 39 91 35 46 63 96 94 84 8 36 81 72 71 49 7 2 82 22 78 9 58 31 69 92 17 98 28 80 13 81 3 82 88 69 89 50 6 98 95 12 51 52 90 98 13 46 1 18 10 80 82 21 90 22 35 8 76 59 24 7 25 88 7 35 97 26 86 88 60 37 80 63 0 61 95 35 9 40 86 39 81 
38 63 87 6 14 45 43 16 34 53 17 7 56 10 53 24 98 80 95 39 31 38 24 85 87 50 84 55 5 69 7 59 34 30 22 73 57 12 88 85 29 48 38 31 67 19 3 3 88 8 72 70 57 37 91 44 25 99 4 95 99 95 76 4 41 90 6 13 52 20 16 99 93 29 31 45 59 52 61 25 74 8 78 29 11 80 8 4 37 78 52 22 71 83 14 13 35 69 84 93 87 28 38 7 6 11 47 53 21 30 16 17 66 0 69 76 8 47 60 65 57 42 75 10 85 62 64 40 64 87 55 61 73 69 82 55 19 31 67 4 60 19 35 73 13 32 29 51 50 91 15 54 54 75 53 16 61 31 14 14 43 54 51 17 4 51 84 20 54 48 97 96 74 23 26 16 31 74 3 78 91 40 47 69 36 50 58 48 70 99 64 92 93 99 64 9 26 52 29 51 69 83 12 10 45 53 49 70 12 57 30 61 72 61 46 69 42 31 91 63 5 82 95 96 2 16 83 34 76 31 8 54 25 75 73 43 43 62 37 23 75 31 79 24 89 31 75 14 90 5 15 95 78 35 62 16 30 85 55 38 74 46 61 75 18 93 10 41 86 78 1 99 17 73 13 35 22 29 83 96 58 49 86 66 21 23 65 38 5 78 56 14 27 70 5 52 83 92 74 30 51 32 66 82 2 50 20 83 38 48 88 39 99 34 25 78 18 81 53 16 27 90 27 42 97 10 67 95 26 22 17 88 33 0 35 28 30 86 88 66 91 84 60 68 69 85 43 17 73 90 81 69 31 73 99 79 62 19 87 75 49 84 47 9 46 64 84 86 37 31 98 70 55 40 79 37 60 85 16 14 45 66 53 80 86 40 33 67 91 20 17 31 65 8 41 64 56 45 41 74 
31 54 57 25 23 96 64 67 31 75 49 53 11 4 81 67 4 23 19 64 36 46 86 33 86 82 63 81 20 74 43 9 19 54 1 17 7 69 87 79 83 87 68 65 35 68 94 81 93 13 7 8 37 68 2 20 96 81 7 28 10 52 69 40 82 17 63 40 74 55 92 91 49 8 4 64 1 99 59 66 36 27 76 57 53 35 47 24 78 38 99 96 54 94 11 45 36 19 2 8 46 85 40 89 99 18 42 13 45 81 25 6 83 36 35 46 65 99 55 13 58 13 90 23 31 14 42 6 33 29 6 84 25 0 30 23 41 55 32 24 22 33 51 77 88 5 15 63 37 55 1 55 94 53 25 93 74 40 77 1 29 39 23 44 72 16 78 75 53 76 17 57 13 84 77 59 8 53 16 75 21 4 1 15 79 30 46 76 4 37 40 76 47 64 66 47 31 20 9 60 13 36 70 20 10 5 83 97 3 93 95 0 25 57 92 23 13 41 56 89 58 45 40 6 52 13 38 71 69 76 61 93 74 73 21 42 65 73 98 65 68 93 38 73 5 27 45 44 31 74 84 64 99 11 23 67 40 13 40 7 4 53 49 52 20 55 68 61 46 4 93 72 73 44 92 74 72 41 17 38 71 4 24 17 70 92 20 99 47 21 35 59 6 63 98 84 75 71 67 34 8 25 52 59 52 31 34 4 59 28 6 70 75 36 63 13 70 79 36 77 77 49 43 20 68 89 82 97 31 1 32 66 29 32 72 32 78 93 66 73 50 59 90 30 84 94 13 30 84 45 21 7 37 64 84 24 34 56 48 71 51 16 82 79 67 34 92 65 27 95 55 78 17 47 57 12 50 93 87 34 52 98 38 61 5 26 71 60 0 31 93 78 1 45 18 43 39 11 28 24 
43 24 93 31 16 12 73 7 53 41 56 31 66 21 96 73 27 21 11 64 85 87 19 94 15 39 77 76 80 83 45 51 77 61 37 93 90 81 84 6 48 35 84 19 34 6 9 48 88 86 72 21 27 4 49 59 34 75 24 48 12 8 82 45 47 41 2 38 72 87 13 99 60 63 0 5 23 86 11 22 39 23 87 29 80 69 72 78 29 84 51 6 73 61 27 41 39 25 64 91 10 37 61 73 13 72 27 80 51 65 42 27 6 52 11 42 89 10 98 89 82 59 76 85 60 80 9 73 14 97 0 29 8 48 7 16 71 95 13 86 20 22 89 96 47 21 0 86 18 64 46 29 39 16 13 99 85 49 71 40 32 64 73 39 90 76 7 48 34 27 6 10 55 78 48 95 60 97 67 47 14 7 44 67 85 22 73 79 84 93 33 74 24 59 47 92 64 16 66 53 38 53 11 92 31 28 95 22 43 76 23 52 83 22 1 37 8 77 93 37 9 76 91 3 24 5 79 78 93 72 94 83 54 44 31 52 82 73 87 39 96 43 72 80 79 34 36 9 32 67 72 1 99 37 58 91 2 47 88 32 26 89 86 54 59 69 27 26 22 21 19 8 61 74 79 25 43 7 45 78 49 1 2 83 83 53 53 34 99 25 86 74 99 87 11 14 97 48 58 98 20 55 71 92 12 32 39 30 7 12 73 11 90 14 7 75 6 79 9 25 59 98 82 36 0 21 83 79 52 96 76 72 68 32 95 14 95 42 40 55 50 29 39 6 88 32 36 86 65 76 4 22 61 18 10 2 4 28 61 29 40 14 29 60 6 83 92 36 56 51 98 40 42 79 75 58 47 35 0 6 83 76 60 18 23 94 5 72 41 47 49 9 16 65 58 99 98 45 41 81 
16 64 26 9 37 22 57 95 7 32 39 8 63 22 77 38 95 94 88 94 57 91 32 97 5 34 34 99 91 97 31 41 26 9 31 34 44 25 6 13 76 51 54 49 64 95 33 36 2 41 49 96 21 16 1 3 67 28 89 26 90 24 97 36 80 5 14 3 23 65 57 4 1 47 8 99 99 86 86 70 36 48 3 26 21 17 96 37 2 48 16 90 47 53 15 90 36 28 69 21 22 21 87 60 63 33 90 12 0 23 36 58 93 22 26 12 96 31 34 73 74 18 2 53 38 53 77 87 27 11 23 38 40 54 83 37 14 8 86 22 83 12 97 22 36 24 91 63 8 33 42 17 54 17 31 25 59 96 52 83 85 14 25 23 67 92 81 95 78 1 78 83 87 31 59 81 3 74 29 73 3 76 60 79 51 17 80 0 21 97 19 95 14 16 25 61 9 38 93 55 79 27 37 26 70 64 57 18 64 15 36 16 82 15 73 94 74 48 88 85 29 13 39 73 85 90 30 50 91 72 8 3 44 27 4 34 10 72 40 51 60 15 1 82 65 51 75 66 32 27 55 36 67 39 78 66 12 0 44 8 61 79 61 60 39 33 6 73 68 87 67 95 71 32 7 13 24 55 77 99 48 33 78 92 11 12 18 91 37 97 63 62 18 87 0 47 30 0 39 22 31 16 38 98 76 15 34 95 86 8 28 29 69 32 43 11 21 43 87 62 45 93 84 59 16 59 82 46 90 73 88 45 1 39 6 8 61 3 55 34 96 98 26 56 54 48 73 60 77 85 19 57 88 57 59 29 25 40 42 43 91 55 35 86 69 82 93 69 44 26 73 49 22 16 46 12 60 30 45 27 78 62 64 22 53 13 70 15 6 42 28 52 44 7 27 73 10 70 5 61 
50 4 16 8 80 67 9 97 83 18 33 80 77 73 18 71 34 44 95 45 71 88 1 23 31 80 33 82 21 74 94 61 39 50 9 63 78 26 9 75 55 7 8 4 14 58 15 43 25 23 5 27 83 6 28 3 66 51 19 6 18 72 83 11 42 63 38 46 40 42 60 11 44 17 66 97 81 99 9 50 91 13 69 85 32 1 93 4 2 15 16 83 36 80 48 52 57 5 54 41 9 38 82 99 53 62 0 8 25 49 91 64 0 71 14 59 84 17 88 38 31 65 44 38 65 23 69 93 22 57 94 12 86 79 5 32 59 39 29 70 44 39 70 61 24 72 28 73 32 5 86 49 44 13 88 44 47 1 11 40 74 62 32 71 87 36 7 75 6 11 69 61 56 35 29 45 2 21 99 63 56 22 34 13 39 30 95 87 43 53 45 99 25 81 99 82 84 22 80 82 74 92 29 43 34 81 96 88 79 78 4 49 52 67 97 6 78 45 37 5 69 92 23 4 19 5 55 90 1 57 18 15 47 22 48 94 2 94 11 94 4 90 18 4 35 49 78 36 66 9 19 16 93 73 10 97 3 12 21 21 81 0 71 97 44 98 26 8 71 34 63 99 22 2 77 42 79 48 93 43 7 99 68 22 34 89 77 9 99 70 48 84 21 52 27 16 91 44 88 27 7 64 11 71 92 9 78 65 6 15 74 31 9 14 76 5 70 43 44 43 25 8 80 72 5 20 52 27 46 3 25 77 92 56 31 78 69 68 44 55 93 14 26 73 51 11 32 99 59 12 75 33 42 10 90 59 37 53 28 52 6 80 21 97 99 24 12 53 44 58 31 46 36 14 0 39 46 74 47 19 82 12 47 10 9 83 77 67 73 75 78 10 2 98 53 43 16 54 49 26 
14 16 20 48 18 91 60 62 15 38 33 61 75 98 11 74 60 60 37 67 21 81 3 53 40 10 96 87 23 74 51 63 79 2 86 95 9 96 15 15 75 36 26 5 21 71 0 53 25 96 63 14 12 75 18 33 90 24 50 49 47 85 40 26 7 35 1 30 31 18 48 61 53 51 59 47 30 34 57 43 46 72 70 46 27 34 47 30 29 3 11 33 74 30 46 13 38 24 30 49 25 89 59 67 8 28 91 95 60 0 70 40 25 91 38 46 70 46 94 96 1 71 72 55 38 90 16 15 47 0 68 91 23 16 57 31 3 34 79 77 24 88 3 73 42 82 11 50 29 66 40 12 54 9 84 51 96 57 35 59 11 20 3 86 4 75 61 52 39 30 5 69 22 27 69 64 43 29 90 74 43 31 12 88 76 85 96 5 92 94 38 39 46 99 19 73 38 55 3 58 52 95 47 28 74 48 55 74 11 75 6 82 78 44 46 73 18 94 14 14 85 6 69 46 36 74 61 76 79 84 59 76 14 38 13 92 83 96 29 60 65 21 52 58 80 22 91 44 5 21 44 92 92 4 17 68 37 72 68 68 68 93 86 36 37 55 2 18 42 19 4 12 62 22 47 30 50 53 42 11 33 9 18 36 18 41 84 97 73 14 9 35 1 95 15 97 64 65 10 11 31 4 35 84 26 27 75 78 76 64 71 84 66 23 94 59 81 45 81 21 35 76 78 82 58 69 91 19 13 49 61 89 46 52 90 98 89 39 12 31 97 60 27 69 4 87 94 87 90 47 33 24 56 25 1 61 38 40 37 91 34 74 40 90 75 62 82 40 78 23 95 31 11 16 73 76 82 16 34 66 40 55 74 62 68 18 30 41 31 4 85 35 15 1 61 65 86 83 2 97 
34 30 59 39 28 16 13 76 10 47 92 55 45 86 51 52 11 2 11 72 7 0 83 76 18 77 67 77 38 98 86 84 58 6 96 28 49 86 0 41 30 7 6 26 7 28 88 44 88 86 22 20 63 4 52 34 2 79 59 80 8 68 15 87 60 48 31 25 94 24 97 74 87 85 43 70 79 44 58 55 77 29 31 99 43 69 95 30 30 71 35 37 28 25 79 21 16 50 15 65 3 34 76 13 64 56 68 61 69 3 72 34 56 20 0 43 14 23 92 82 39 40 22 96 14 76 85 66 8 60 24 74 35 33 89 93 83 21 0 54 37 85 22 27 10 3 27 95 30 97 0 76 33 67 41 17 2 2 10 38 54 17 67 87 3 5 69 14 30 71 27 85 62 73 49 48 23 13 64 50 29 68 22 26 52 55 7 48 83 26 84 13 7 86 11 91 7 45 55 77 67 87 93 6 45 91 32 76 50 6 93 22 36 48 38 86 71 29 28 81 66 9 10 8 60 19 88 88 31 89 36 80 52 77 7 89 39 8 31 22 17 0 92 2 31 28 9 67 8 76 12 60 15 54 37 61 2 95 54 97 15 79 74 20 53 68 72 14 50 96 87 96 86 68 0 34 77 0 70 84 9 69 92 9 46 74 59 17 32 82 30 50 83 65 48 61 4 49 85 18 2 2 47 73 22 41 50 6 96 5 37 51 95 76 63 5 95 17 50 84 16 5 95 63 46 35 43 0 75 63 4 79 45 15 75 61 25 73 68 94 90 19 70 79 90 84 46 2 81 42 26 71 92 16 94 0 37 90 25 63 44 47 84 30 73 62 7 0 66 40 49 86 84 93 74 12 85 41 27 5 18 81 81 84 30 54 62 41 40 65 73 12 85 24 38 52 7 48 96 30 
55 15 74 86 58 84 64 26 78 52 84 3 64 7 89 93 7 16 99 51 27 41 7 5 46 11 44 71 87 12 5 55 34 90 89 83 40 59 69 97 99 45 25 66 68 68 2 4 34 25 97 4 86 70 28 0 13 15 5 1 69 75 7 47 84 80 37 11 81 59 28 65 85 71 84 80 97 83 14 87 29 26 45 29 96 79 47 87 5 34 89 1 97 93 53 6 21 94 50 55 19 96 57 39 8 39 27 12 9 81 3 9 42 55 94 71 54 1 20 24 45 21 56 46 70 65 39 36 1 63 29 84 12 25 52 89 8 85 77 77 42 30 84 74 94 39 52 84 76 79 83 66 26 90 95 62 74 96 9 70 44 44 97 12 1 6 54 20 96 64 87 45 25 73 58 45 45 62 28 78 66 26 13 65 12 9 58 88 43 33 48 74 77 80 6 5 50 44 14 69 90 24 40 63 38 26 64 24 55 66 53 75 80 34 37 41 3 73 87 80 2 61 87 13 65 44 41 10 42 47 28 38 72 38 76 59 49 14 90 42 56 16 59 81 62 98 88 14 66 63 92 78 62 43 2 52 4 64 9 90 47 66 37 29 63 34 0 81 10 1 0 63 79 35 35 83 39 54 13 0 43 23 72 34 53 12 46 21 66 55 82 91 19 90 96 76 86 67 78 57 28 58 39 47 97 69 32 16 96 47 72 51 40 16 92 52 57 80 86 14 55 25 93 72 3 19 33 77 3 46 5 31 97 98 26 59 18 22 30 34 33 97 33 79 70 66 6 16 11 58 98 94 78 12 0 13 27 24 25 30 44 38 34 63 63 40 62 57 18 55 5 4 6 95 45 68 48 18 73 94 39 7 71 53 16 33 62 2 70 17 91 69 43 36 83 61 90 13 58 34 
9 56 26 42 90 42 35 31 60 76 34 2 49 22 4 82 17 7 92 83 38 19 31 53 34 56 95 50 32 17 66 82 74 96 56 48 15 9 39 46 60 35 67 40 37 76 41 75 97 68 72 12 17 58 22 46 25 37 78 0 96 91 90 94 3 11 88 70 27 13 6 58 6 80 43 21 18 12 6 87 12 12 73 61 48 1 82 40 26 75 65 4 5 87 75 56 14 59 77 37 95 74 31 44 24 87 26 75 93 51 0 74 85 92 63 18 59 89 50 31 48 91 19 31 40 95 8 26 68 85 3 63 39 87 19 46 47 87 77 48 54 84 34 92 46 52 39 19 98 5 31 75 74 65 64 67 29 8 93 90 92 96 78 73 66 57 52 74 74 4 15 34 5 48 33 93 89 23 24 53 64 6 83 64 89 32 85 50 28 33 75 2 56 54 39 47 38 91 92 67 43 19 24 11 78 15 31 98 83 97 71 18 47 55 41 54 81 49 97 63 4 48 44 81 90 43 53 78 1 41 14 96 60 4 49 70 16 0 43 57 95 92 26 68 85 58 49 70 9 36 72 5 51 37 39 11 3 76 80 72 56 33 67 3 34 54 29 86 24 60 26 55 3 42 67 65 39 24 64 30 3 32 15 94 11 93 5 75 67 53 77 87 23 97 14 91 81 22 96 49 54 90 50 8 13 11 94 27 21 39 89 87 25 33 25 61 49 15 0 23 62 65 95 97 74 73 63 60 81 83 46 66 82 27 62 33 38 88 73 84 98 31 68 98 44 64 58 86 49 81 95 70 0 61 78 56 68 74 98 82 21 38 36 25 32 82 54 40 62 48 98 82 24 99 94 9 96 37 70 97 46 0 39 28 0 80 67 3 18 88 84 57 91 14 85 62 20 8 99 79 
37 61 88 16 37 84 70 74 57 87 10 42 66 30 91 77 15 19 65 22 92 42 28 17 81 56 38 65 77 61 44 61 51 84 60 98 94 2 8 40 3 43 21 13 51 67 55 30 69 65 0 16 6 4 19 62 20 40 70 34 56 76 49 29 63 67 25 87 11 71 69 90 13 88 44 54 30 47 79 29 90 63 64 3 68 84 20 57 8 25 17 21 33 57 86 29 35 82 55 25 83 58 56 38 72 63 42 89 19 13 60 83 74 49 10 18 34 63 7 96 12 68 75 59 64 21 72 36 65 29 83 3 32 97 17 95 0 36 11 26 21 81 69 36 52 46 53 73 83 68 68 44 38 12 5 62 28 88 3 22 53 58 35 29 92 1 13 9 53 62 7 22 26 80 90 61 29 7 34 69 80 93 68 62 92 58 58 95 59 86 81 63 73 52 5 92 24 85 46 56 55 53 83 15 40 6 84 96 78 3 24 84 77 78 18 8 87 65 18 39 75 17 60 31 64 45 9 62 4 10 3 44 5 83 82 27 60 98 58 83 40 99 55 15 10 68 6 44 35 50 94 88 13 60 35 30 69 61 94 92 32 7 9 85 32 45 12 60 34 5 96 56 94 18 87 6 71 51 33 92 87 21 57 88 33 97 47 64 37 22 32 86 55 49 70 51 9 58 10 68 30 46 95 21 91 5 9 86 3 50 78 46 97 73 39 97 46 52 78 37 84 29 59 97 47 83 5 82 69 31 71 17 35 50 62 45 46 96 36 61 35 2 61 93 55 94 37 93 50 91 62 49 30 53 40 55 62 98 6 18 59 31 19 25 27 52 17 64 48 18 80 92 87 14 18 20 22 98 70 99 27 19 39 1 98 79 34 46 45 54 50 96 54 16 10 59 28 61 89 77 
25 87 14 52 95 67 62 85 26 86 90 23 50 83 95 27 50 22 93 32 92 54 20 54 69 66 57 31 23 61 88 50 1 80 37 32 47 53 85 39 35 85 9 20 43 0 29 24 12 84 98 31 86 75 80 94 89 54 36 41 76 75 1 14 76 61 45 67 19 31 53 66 48 13 0 96 82 37 14 57 85 93 60 70 97 32 3 82 2 8 17 65 42 67 25 33 17 21 31 47 42 41 48 18 75 10 99 38 30 56 39 89 37 66 83 60 79 18 44 20 64 83 66 35 63 11 70 71 93 5 10 75 97 28 61 11 90 41 0 14 5 69 37 15 75 47 31 99 77 28 99 74 2 88 78 59 61 16 59 21 12 17 62 3 20 8 28 30 70 98 97 13 41 25 84 97 73 99 1 26 51 3 77 10 14 58 73 65 85 5 88 77 86 52 31 31 35 76 98 85 99 56 73 97 63 80 34 94 9 15 81 69 16 23 65 91 66 18 68 93 67 36 70 32 59 62 18 43 13 29 30 57 60 55 76 87 79 65 89 65 0 74 85 36 42 39 27 45 27 16 42 3 27 45 60 10 82 56 54 71 52 42 29 94 43 57 83 11 52 85 24 68 62 13 27 15 83 80 76 36 5 27 68 0 36 5 59 72 40 34 32 63 66 96 9 73 70 43 29 54 64 51 32 94 51 96 14 46 80 13 99 24 75 11 12 6 87 68 9 36 57 51 70 83 56 79 32 36 38 60 46 10 17 16 44 99 22 6 78 85 29 47 60 1 83 94 4 59 25 53 4 96 25 92 55 43 10 86 38 61 43 70 63 25 0 40 8 3 4 87 52 1 42 97 71 27 79 49 36 45 47 93 12 34 40 92 92 71 67 53 73 55 84 65 31 93 53 90 12 26 
61 40 91 12 86 20 89 26 12 15 22 34 72 23 75 8 34 48 23 44 57 58 67 25 35 26 2 92 3 6 93 57 25 89 48 55 51 79 81 54 74 49 48 76 7 56 87 69 74 12 11 88 58 50 27 77 66 25 53 80 36 37 30 78 36 81 69 47 75 79 91 67 21 70 86 73 71 43 83 33 65 95 52 13 39 56 38 18 22 21 55 67 82 7 16 74 98 57 64 86 19 32 44 54 16 84 38 40 13 45 44 84 51 98 71 73 84 38 95 16 15 3 76 8 62 43 53 94 54 13 69 22 95 89 75 33 57 87 38 41 61 94 29 37 8 12 47 10 1 4 38 75 29 46 45 75 52 50 87 88 17 0 82 18 70 79 97 25 42 72 9 24 67 97 6 42 83 85 96 78 49 67 20 31 16 19 53 92 76 72 14 70 3 62 29 53 30 65 32 47 12 15 8 85 67 35 59 46 62 91 91 15 41 15 71 84 31 78 48 27 17 91 68 50 32 4 65 25 81 56 86 50 6 87 82 36 84 31 13 94 31 92 66 8 10 7 66 34 67 38 78 68 72 38 67 78 24 14 39 41 16 67 70 49 2 81 7 37 27 46 39 64 47 76 52 25 73 11 58 13 20 39 20 83 98 75 3 28 6 11 94 97 79 87 13 26 46 17 91 64 28 83 22 33 38 88 6 50 37 73 13 85 54 78 73 56 97 43 14 78 39 32 70 69 2 12 18 28 56 65 99 9 35 87 53 45 32 96 14 83 61 38 38 14 36 7 70 19 29 89 18 39 55 76 67 45 4 45 97 2 50 96 58 80 16 41 72 41 96 59 91 40 20 1 89 97 8 5 1 57 76 34 42 15 54 64 46 1 90 63 47 26 84 64 60 34 62 71 95 27 
67 93 14 85 15 56 99 92 40 73 88 64 0 41 59 50 76 8 30 25 84 17 71 11 52 82 22 41 47 74 19 44 85 40 17 66 30 75 43 29 45 2 79 21 54 79 52 80 60 43 72 21 30 0 85 33 16 89 87 58 33 92 83 33 90 29 35 11 69 39 77 66 71 45 16 25 78 23 85 77 84 61 83 45 28 75 17 68 10 77 99 54 69 37 39 61 30 51 93 33 56 32 70 61 34 6 5 19 28 26 98 13 94 47 71 98 26 19 40 57 68 36 59 80 22 96 16 99 84 16 13 90 34 81 97 5 21 48 46 30 84 76 8 24 43 9 4 30 95 75 37 38 27 72 30 39 14 98 20 17 74 92 78 59 68 87 82 85 57 96 97 68 41 40 14 10 15 78 47 11 92 68 5 52 30 85 4 81 19 11 6 82 54 76 64 65 75 25 26 27 66 93 16 24 21 91 56 40 33 43 91 55 93 90 14 35 23 68 66 37 98 78 3 62 13 52 48 82 56 76 75 82 80 8 86 37 90 72 55 44 26 16 56 96 30 12 86 60 52 32 99 91 99 15 53 52 15 59 93 68 70 63 88 70 31 68 20 97 41 40 6 92 55 67 91 12 50 75 17 61 2 87 79 70 54 47 11 22 23 30 63 26 60 83 98 11 55 58 57 11 49 86 21 10 86 91 71 1 59 62 13 72 61 58 74 56 19 70 74 99 71 88 82 75 85 72 87 53 91 17 97 63 80 15 53 64 55 6 68 74 43 34 60 27 85 99 53 44 97 91 85 48 97 14 67 89 98 9 46 16 80 46 72 57 16 67 33 80 0 53 14 27 79 18 58 28 70 22 75 11 86 55 64 27 74 43 34 51 99 79 12 12 2 33 7 13 26 57 5 24 
63 99 38 67 95 55 13 70 11 95 29 83 60 13 79 33 46 4 21 29 12 73 31 25 73 57 85 64 34 77 26 51 58 33 59 88 7 93 47 16 41 41 30 1 55 62 7 90 92 17 66 39 76 92 97 68 9 23 23 24 48 25 27 89 63 2 62 97 50 47 59 0 32 76 58 57 57 2 3 91 30 89 0 81 89 75 50 51 65 90 27 62 32 2 20 61 99 79 26 86 45 82 58 81 88 41 17 24 37 40 67 94 78 53 48 3 29 71 68 87 34 11 35 90 33 23 94 93 17 23 23 60 0 97 31 19 53 32 44 56 54 92 12 20 93 68 96 1 33 68 81 53 8 29 47 73 88 6 83 72 79 87 89 37 43 1 46 42 6 36 98 26 53 16 93 26 67 47 62 87 89 61 29 92 87 41 54 21 17 11 34 54 75 83 85 58 90 9 79 42 28 66 39 55 66 5 78 99 96 61 22 58 68 18 90 11 35 6 11 64 96 39 36 92 70 10 2 7 5 46 55 75 39 89 52 42 45 66 16 26 11 7 79 88 0 85 98 84 91 38 1 45 53 30 91 72 0 57 92 53 43 7 5 34 95 66 84 6 93 76 62 25 82 5 1 38 31 11 89 50 97 74 69 87 35 99 46 47 65 75 72 46 77 97 78 37 52 44 7 49 4 54 84 47 79 62 16 17 62 55 49 48 91 76 53 68 43 3 93 65 72 1 13 52 3 96 60 41 73 68 62 18 52 26 67 44 11 82 45 47 45 47 40 16 90 64 21 11 34 37 1 79 67 98 87 85 97 87 21 67 56 34 75 12 2 24 97 95 22 22 7 70 88 95 69 57 9 81 99 88 9 38 17 67 92 87 59 79 62 31 9 33 35 97 45 45 6 57 49 18 
27 98 46 73 14 44 89 71 34 28 13 87 67 17 69 79 32 12 20 77 16 27 46 57 47 69 53 80 31 73 36 92 76 49 70 59 72 50 31 94 87 29 14 12 87 59 58 61 7 40 26 42 97 16 2 89 68 88 85 61 71 91 52 30 23 4 48 50 95 72 67 58 61 99 83 51 0 55 35 59 68 64 94 20 98 81 93 79 5 11 84 84 32 76 32 42 93 19 44 13 64 78 53 63 52 10 90 36 27 7 60 15 13 31 99 34 67 75 9 41 8 61 55 90 79 64 28 41 78 69 12 68 90 46 86 6 56 59 9 19 8 52 38 43 32 18 13 96 32 30 88 57 91 76 64 37 28 97 1 67 41 58 74 79 28 89 9 17 77 34 68 0 3 72 84 82 58 52 4 62 80 81 45 6 43 56 73 66 46 62 22 97 84 11 45 62 89 2 42 57 50 10 94 96 87 55 26 40 27 22 1 72 16 5 41 32 52 58 6 69 59 81 8 5 73 12 34 49 74 11 86 91 52 92 39 69 98 96 72 93 75 7 91 50 64 53 79 47 77 94 77 51 73 55 53 96 17 68 75 20 99 24 16 9 27 4 51 32 50 64 39 77 77 8 63 32 68 86 43 27 16 35 68 30 17 23 99 43 24 8 70 72 68 18 88 73 23 93 43 82 16 3 54 32 79 21 91 7 60 99 93 48 99 78 87 80 39 29 98 85 74 24 79 47 73 81 3 37 88 3 50 29 88 28 94 94 91 93 54 9 24 69 2 50 95 6 0 83 75 99 76 21 46 90 89 74 89 4 72 63 45 95 4 67 77 99 42 67 98 33 17 23 63 7 21 73 44 96 73 77 44 91 11 25 30 13 16 62 49 56 83 38 16 93 70 39 49 14 94 19 
87 72 46 18 66 2 11 90 54 15 30 77 24 73 86 28 76 51 72 69 2 44 73 50 27 8 99 68 86 10 26 51 16 99 0 8 13 82 46 71 68 52 89 83 5 22 66 98 77 57 30 69 17 85 53 86 43 9 11 96 93 69 59 61 75 61 63 27 64 82 12 21 3 91 0 74 36 90 26 67 28 2 89 52 85 66 47 68 27 55 50 78 26 43 88 15 29 27 51 86 2 79 5 9 76 3 38 16 85 64 54 98 95 23 13 56 49 52 91 47 85 31 57 54 97 28 57 11 42 25 9 16 33 56 31 33 73 48 8 56 71 76 46 26 76 71 90 68 4 79 66 39 55 12 99 8 69 23 19 11 86 6 73 31 43 38 12 99 18 16 9 54 68 0 47 76 77 63 41 59 99 58 95 29 78 63 41 12 92 4 41 45 97 78 9 22 9 88 44 2 41 48 65 54 2 45 44 77 36 34 46 47 70 42 83 63 34 72 6 50 68 88 31 7 18 75 43 1 27 79 1 41 36 15 68 17 86 34 70 57 66 81 43 99 73 22 44 26 3 86 78 90 86 99 14 56 94 18 98 92 77 59 73 82 36 39 67 49 20 93 67 76 10 20 38 67 47 31 5 94 73 10 73 49 58 32 52 52 74 58 59 71 62 11 91 52 81 36 5 43 88 54 62 91 22 62 94 15 58 44 67 84 95 35 68 25 43 60 28 18 39 29 37 26 35 64 32 47 7 47 58 71 97 94 84 60 52 71 3 23 84 74 84 70 62 50 30 63 59 26 59 80 48 27 36 65 40 53 15 95 58 68 91 90 72 29 79 73 89 41 54 92 94 9 79 30 3 26 59 32 40 19 51 93 24 5 92 8 5 19 8 56 13 54 67 70 58 14 38 84 
61 49 26 96 76 12 92 6 79 0 16 38 75 31 47 45 26 7 2 91 74 45 55 54 22 82 10 97 20 46 29 83 28 70 32 0 69 51 40 76 93 60 20 47 72 29 72 89 19 64 57 3 51 20 13 13 3 87 73 41 77 28 64 20 57 98 42 12 35 72 17 42 48 21 55 65 58 85 92 11 3 69 41 10 55 7 81 25 77 98 35 52 0 41 68 17 49 85 23 61 88 56 98 82 83 19 98 22 83 84 57 64 82 37 35 30 59 79 40 10 35 94 4 33 12 0 77 57 77 76 68 53 61 30 64 31 75 20 88 57 13 14 23 96 27 5 14 93 23 48 76 25 75 20 85 95 58 34 37 56 79 7 34 46 6 23 81 93 72 5 93 26 1 70 61 60 52 36 82 85 95 97 28 88 59 72 73 8 2 75 74 98 3 65 6 78 99 78 88 72 22 21 73 37 91 25 51 2 31 19 4 0 74 87 73 21 56 37 96 83 28 30 91 63 95 35 28 39 95 73 6 4 76 34 21 77 7 86 85 72 17 30 39 52 46 85 37 70 2 64 74 84 40 48 5 99 73 88 74 68 11 60 62 89 59 68 52 84 28 74 68 12 94 4 75 4 49 32 54 25 73 20 56 87 25 48 39 18 91 89 46 49 12 5 32 59 64 72 15 78 91 13 83 72 85 97 93 0 44 7 75 96 76 34 53 56 96 95 33 32 39 25 7 17 47 37 36 14 49 86 17 25 13 70 54 95 48 63 72 31 75 35 89 69 29 89 70 31 81 24 35 17 9 73 50 58 59 3 39 18 82 5 58 78 68 18 21 88 45 71 84 75 42 12 70 91 46 62 38 5 64 12 74 49 35 1 58 71 3 16 84 36 65 81 38 69 80 4 1 65 
41 20 61 55 60 5 30 6 80 16 89 20 13 10 89 73 80 4 47 72 26 3 91 62 0 96 82 14 31 49 89 97 4 32 32 79 38 27 95 26 55 76 75 97 83 11 60 59 47 63 25 94 57 26 61 89 65 15 77 10 51 16 90 92 37 83 88 36 64 29 39 62 31 22 17 9 84 47 88 17 9 85 65 47 84 89 69 82 34 33 71 71 26 6 87 22 50 78 46 96 18 68 77 92 67 57 26 78 10 89 8 49 10 35 30 28 75 73 3 95 23 96 73 59 94 30 44 27 85 41 52 12 64 79 70 24 32 78 42 6 78 18 72 61 93 68 81 17 90 30 0 90 50 12 90 84 79 5 1 7 91 91 80 56 18 99 24 32 26 0 2 79 87 21 45 55 76 29 72 39 36 87 35 90 34 46 18 8 95 55 11 2 16 0 66 45 51 43 89 21 57 4 1 31 27 27 34 1 9 22 53 4 46 77 64 82 98 86 54 38 36 11 69 45 48 2 72 77 20 32 61 99 97 85 31 81 36 72 23 34 81 74 36 69 5 7 92 56 3 11 53 33 24 14 84 2 11 51 60 38 69 62 47 71 93 4 13 92 80 62 45 54 16 33 59 11 78 62 94 35 77 22 99 67 93 7 74 42 28 59 14 58 26 32 99 3 91 41 93 82 1 16 6 25 10 76 24 17 92 29 94 35 56 46 69 63 36 47 5 30 32 31 16 87 42 55 77 68 77 35 50 46 67 92 29 79 27 3 27 58 22 5 64 76 39 68 38 25 60 25 21 60 87 94 8 84 87 14 94 67 4 15 17 96 68 19 43 80 66 2 22 92 63 62 49 42 68 96 74 41 31 46 72 66 97 66 98 96 15 98 65 98 96 32 96 96 74 36 26 24 
32 51 63 18 32 75 8 49 17 93 5 79 31 50 60 74 66 88 80 85 35 38 22 63 48 67 14 22 47 56 65 71 65 57 29 24 65 65 10 81 31 83 24 59 97 52 61 46 69 94 84 94 79 75 41 93 21 51 92 66 65 66 92 85 77 46 97 10 50 55 38 51 25 79 50 13 53 76 29 9 19 40 33 47 59 89 43 84 52 45 12 5 60 91 20 22 12 70 66 92 94 14 16 73 85 17 95 61 39 56 98 55 96 73 76 52 10 63 92 99 75 96 20 29 54 67 36 43 21 6 36 70 27 13 48 24 66 60 4 32 19 57 79 76 52 30 23 1 89 94 98 68 63 45 24 11 18 1 41 70 58 86 99 92 63 1 19 53 91 25 12 8 40 30 29 59 43 75 17 30 68 81 51 50 91 88 23 40 75 9 45 61 77 1 76 54 71 34 88 98 21 87 52 19 39 25 47 30 24 59 23 63 11 1 14 73 9 80 45 54 74 48 74 70 71 32 14 68 71 39 27 73 88 79 82 75 4 34 81 77 57 90 39 69 30 1 68 61 95 98 82 39 43 14 96 19 35 51 58 30 2 84 85 16 91 93 24 74 11 58 19 18 72 38 56 34 93 6 31 38 2 45 87 97 70 10 53 26 3 52 78 85 62 51 25 69 36 40 30 58 20 41 30 74 70 24 90 59 87 79 9 97 86 46 70 82 58 17 7 45 9 90 8 55 61 85 19 39 93 61 6 85 78 94 29 29 86 67 26 97 85 25 10 56 39 20 10 57 65 51 93 27 90 39 44 86 0 13 19 30 75 83 94 98 86 41 41 35 62 68 35 10 15 88 61 72 88 72 8 73 33 39 24 88 90 4 72 64 67 0 54 45 94 59 61 20 69 12 32 41 
40 94 89 84 89 55 26 98 98 34 62 96 63 45 91 12 85 72 78 67 34 21 64 22 98 64 36 89 60 77 20 61 66 95 53 14 6 83 21 20 37 61 31 37 3 14 66 11 23 28 42 45 60 18 35 28 74 35 42 96 26 80 97 45 90 83 86 79 88 7 3 56 9 34 4 28 24 58 29 33 55 43 34 40 58 15 65 99 80 27 95 9 10 38 65 3 28 27 8 9 73 36 75 56 22 20 28 13 16 32 9 58 34 14 92 35 29 38 93 67 38 57 11 16 47 78 74 17 6 51 36 47 18 81 17 2 52 48 47 52 21 65 73 98 52 96 79 34 54 56 7 33 45 65 63 17 22 33 51 30 14 70 80 89 71 67 22 45 46 1 33 89 36 60 42 29 1 66 52 21 44 11 72 23 33 78 86 65 75 75 1 49 14 93 15 7 96 90 60 28 21 56 87 48 77 62 38 27 45 60 98 96 86 87 31 38 1 17 13 58 98 51 7 88 72 15 2 93 44 85 14 1 29 77 36 38 79 55 3 1 83 69 97 7 27 40 5 7 91 61 66 77 38 18 97 86 53 93 75 55 88 97 41 7 62 87 37 81 0 62 89 25 21 77 57 86 32 33 24 56 41 43 3 23 93 35 44 15 64 3 53 81 52 9 83 58 44 34 40 51 46 83 87 73 93 58 19 45 85 6 2 46 64 90 36 6 49 39 30 83 79 48 24 43 48 82 87 62 38 87 91 66 14 92 73 15 12 10 78 16 58 72 59 70 40 19 75 55 43 74 22 94 40 88 65 61 72 79 82 63 9 10 30 63 84 34 63 89 89 53 31 76 7 15 61 19 84 1 58 51 67 23 21 52 96 72 83 72 8 9 38 1 94 54 27 31 60 64 21 33 
6 0 28 51 75 62 54 16 54 2 21 85 1 42 85 25 31 44 51 58 27 51 42 16 30 60 44 69 94 76 56 81 49 54 55 50 27 14 93 51 36 75 86 32 72 32 73 18 97 99 27 21 86 26 87 81 60 32 40 92 61 6 52 68 71 76 24 34 48 46 15 47 59 34 79 18 1 65 93 61 17 94 73 11 29 30 15 98 95 57 36 70 22 63 39 62 32 50 5 41 39 7 31 24 19 47 16 50 92 52 2 55 53 9 9 26 84 30 77 40 82 83 79 82 57 30 27 59 60 15 0 61 23 84 97 34 16 41 75 84 33 82 27 33 99 79 81 80 34 71 1 8 6 51 9 24 2 65 3 27 51 40 73 1 11 10 18 97 49 33 98 92 4 15 12 25 88 32 35 3 85 68 64 4 87 21 35 12 40 97 64 94 72 12 10 12 98 21 72 29 96 99 52 26 32 18 46 61 88 53 6 6 23 46 85 62 85 48 51 38 49 1 20 24 96 12 33 32 33 60 86 46 95 2 66 90 3 35 24 67 6 18 95 85 57 68 60 81 23 9 88 14 51 86 94 77 63 44 21 48 84 80 93 0 59 30 98 36 51 47 26 9 84 58 61 47 51 43 66 24 3 71 31 32 27 43 15 81 81 67 15 92 43 72 79 35 4 0 34 32 1 46 73 78 32 30 60 86 53 15 21 57 19 59 66 68 45 94 29 96 66 69 18 48 81 5 99 67 13 80 22 26 93 27 96 98 99 49 77 77 30 3 60 43 12 57 36 15 89 75 59 15 65 91 94 48 96 82 93 41 76 97 37 51 58 63 43 29 37 52 54 76 3 36 92 10 54 68 81 75 98 95 5 92 99 1 35 40 34 88 78 35 83 4 83 21 78 65 34 95 
34 67 33 56 16 13 3 18 52 24 70 5 97 2 44 85 25 86 62 56 64 43 45 59 63 77 56 33 87 18 38 16 13 13 82 3 29 79 96 95 56 14 30 46 99 87 35 16 32 31 58 72 6 74 34 87 12 47 53 0 74 17 66 48 67 34 96 90 22 13 80 65 44 14 53 80 1 11 10 7 19 39 32 85 35 53 94 65 30 38 93 80 15 95 11 11 97 63 99 33 31 40 10 52 37 27 24 45 22 13 50 8 17 71 54 37 13 21 88 96 88 31 24 87 69 60 72 93 32 24 43 37 39 23 54 80 23 46 90 60 1 38 46 9 61 83 26 89 50 98 88 87 27 98 27 44 54 27 97 10 79 32 77 16 23 67 92 6 62 87 91 56 93 37 34 25 56 50 76 82 15 40 79 12 23 66 72 26 68 17 10 47 77 60 8 72 43 84 45 48 45 57 32 83 43 3 26 40 10 72 58 6 60 13 23 38 56 24 94 59 32 61 16 86 1 35 40 19 11 25 84 95 74 88 76 40 83 36 15 2 67 43 90 35 61 56 95 5 74 11 86 46 54 28 94 44 64 14 70 87 26 51 53 0 47 69 51 7 29 43 41 27 42 76 20 24 41 15 12 45 65 32 74 11 94 97 36 34 82 5 25 91 10 93 45 45 37 12 41 80 85 5 46 95 53 78 50 8 13 78 40 94 16 74 9 22 31 85 15 34 43 11 93 90 33 28 95 84 83 52 99 71 6 77 28 18 86 78 86 77 46 7 18 52 20 22 36 67 67 84 78 94 99 89 90 30 88 35 51 63 63 86 0 40 37 56 22 76 66 99 23 98 54 67 35 51 5 48 30 14 20 61 85 21 9 22 25 38 87 71 38 32 23 29 49 63 74 9 12 77 
85 15 86 23 45 4 53 87 39 47 27 47 63 89 9 26 70 51 6 22 30 64 27 38 49 90 12 32 33 17 27 65 7 98 94 16 45 66 18 93 53 40 91 67 55 15 33 51 14 39 63 6 32 53 66 93 23 37 52 24 82 59 2 49 31 74 95 29 96 77 82 95 21 70 15 20 10 59 17 39 73 7 94 98 34 79 15 77 37 89 58 57 44 32 90 35 94 56 97 58 99 0 11 23 17 42 50 71 58 19 1 62 19 66 22 86 60 61 79 66 85 62 80 40 61 32 85 65 36 54 5 83 70 75 15 3 50 11 80 69 53 29 2 92 28 53 95 42 22 92 73 4 62 26 65 94 95 98 61 41 65 64 50 69 81 79 86 61 4 62 82 40 65 33 51 69 7 28 30 87 16 35 94 99 31 10 85 21 27 79 69 37 93 10 60 58 56 0 18 55 27 3 91 30 86 80 53 61 73 74 98 87 94 99 13 59 65 65 45 75 92 26 6 88 4 35 24 43 38 29 61 43 6 61 43 65 62 62 95 40 10 32 4 63 23 31 46 24 32 68 72 55 12 36 11 29 81 43 89 5 25 3 3 80 66 60 63 55 55 78 37 39 2 65 42 16 64 84 89 66 75 86 26 12 61 76 4 30 45 27 68 62 67 61 78 21 0 46 42 91 19 65 91 92 72 98 38 60 25 86 51 90 8 41 27 80 33 91 50 22 24 39 31 28 32 52 32 88 1 52 96 13 88 38 74 0 50 10 48 29 70 8 15 98 41 49 88 6 42 97 56 5 10 86 16 21 46 99 56 0 40 41 69 77 55 50 85 60 62 2 50 34 82 91 9 28 95 83 20 86 20 49 10 11 66 1 82 15 16 99 19 9 84 95 70 87 95 60 0 70 
9 38 22 6 63 18 78 14 58 3 60 68 57 80 76 36 30 71 54 97 73 88 0 31 72 22 66 99 6 73 72 28 58 1 35 59 35 82 73 22 18 64 39 12 91 93 31 76 4 13 51 2 66 45 59 18 13 55 22 81 38 61 0 61 51 32 54 52 75 46 90 18 3 43 53 30 16 37 62 27 61 94 85 52 95 87 64 18 19 50 93 85 60 75 28 96 27 98 74 61 11 83 74 68 44 7 54 14 10 63 70 81 45 11 65 46 52 41 32 12 38 18 31 79 28 71 44 95 33 56 15 78 59 5 76 3 6 49 27 40 74 32 29 99 35 16 26 0 76 72 22 46 90 63 52 11 86 14 81 49 82 85 29 47 86 99 96 51 61 17 51 33 59 44 65 39 17 16 32 82 97 87 2 33 94 47 33 49 62 8 19 82 94 58 29 88 81 57 78 7 81 50 99 63 39 42 10 90 73 12 43 36 29 35 25 18 75 55 73 6 3 65 76 86 20 2 18 41 52 85 75 33 42 44 1 55 4 6 42 45 96 27 80 62 73 36 82 11 61 62 40 44 14 3 58 49 22 70 1 62 59 20 54 88 55 57 91 46 67 61 19 90 10 78 58 73 17 53 13 54 16 34 95 77 83 85 40 59 58 38 37 19 86 13 60 65 5 30 25 54 28 3 41 47 79 32 85 27 68 22 67 89 76 95 89 99 82 41 15 4 93 73 86 1 97 54 80 54 8 2 53 85 35 35 54 3 98 22 70 37 88 52 7 90 40 58 74 20 43 79 17 68 59 0 64 6 79 39 18 12 88 94 25 53 95 70 84 9 73 99 76 96 55 95 5 96 86 63 27 31 77 85 92 71 28 66 56 88 41 73 82 27 37 61 80 96 66 60 99 83 
6 8 32 42 70 42 78 11 20 37 87 75 54 8 68 66 72 44 33 9 75 36 65 87 15 9 55 93 22 96 45 76 6 49 92 37 21 58 57 75 59 1 54 10 60 51 44 63 66 97 67 55 29 43 2 81 85 34 49 76 64 46 48 4 85 45 42 51 12 51 14 55 82 62 25 7 35 11 4 83 59 10 23 20 34 23 37 59 52 26 86 93 8 15 79 79 22 81 61 74 38 96 69 21 11 57 86 54 41 39 4 71 31 63 60 86 44 43 31 7 84 98 55 40 89 55 87 17 3 60 90 9 76 17 87 40 0 10 60 55 25 81 85 73 70 55 98 48 97 8 51 75 89 52 70 29 1 17 62 30 14 15 28 76 95 75 7 13 42 0 56 30 50 97 25 35 95 46 21 82 86 69 45 45 10 16 78 52 82 66 79 30 80 66 7 10 77 38 18 70 65 35 52 15 73 88 23 36 36 18 38 47 91 79 6 0 29 74 80 53 65 69 51 93 61 88 52 29 62 81 14 76 69 12 47 58 98 94 12 84 83 44 24 89 8 70 37 52 28 68 46 92 66 39 72 64 52 85 13 68 44 21 10 63 54 83 73 96 85 26 78 54 37 55 76 63 24 9 86 48 28 97 35 41 52 60 17 49 87 50 41 7 65 82 23 92 59 59 91 7 45 9 80 24 98 73 25 9 76 8 13 34 17 83 3 25 81 55 66 89 36 67 9 10 90 59 87 89 57 77 52 24 80 2 95 65 38 74 59 52 56 85 59 53 54 7 3 14 27 24 84 93 72 39 55 94 71 60 77 52 60 28 5 28 72 10 70 17 64 95 62 94 8 97 3 49 5 40 46 98 51 41 42 63 35 35 46 85 80 62 17 35 16 93 92 77 26 41 1 16 
22 96 15 88 64 47 42 30 64 42 40 79 37 83 92 5 41 6 6 28 73 53 8 68 9 16 19 21 70 78 96 2 22 28 57 38 8 37 47 4 4 35 54 43 85 41 31 54 1 1 92 84 93 24 24 37 90 24 54 82 80 81 40 44 17 64 92 97 7 15 2 44 61 93 83 24 83 40 98 81 5 88 87 63 6 76 60 0 53 74 87 6 19 79 64 76 26 35 17 63 54 38 35 56 11 48 19 40 38 51 81 52 71 26 67 22 26 52 13 80 20 77 76 16 8 48 41 31 7 30 23 86 93 98 55 77 65 93 51 22 79 16 76 2 24 67 73 70 25 33 97 29 92 70 4 20 47 31 25 10 18 96 30 32 20 98 45 12 5 8 58 54 18 83 92 63 60 21 4 94 93 74 3 35 64 44 84 37 64 49 46 11 88 38 87 47 82 83 69 27 81 32 48 64 91 78 16 31 42 49 24 1 5 72 0 14 42 52 23 77 67 98 16 99 17 80 37 62 53 32 68 28 14 61 61 32 49 98 45 6 72 46 22 45 24 99 67 86 64 1 21 91 19 76 85 3 9 9 48 88 51 74 29 77 95 81 94 86 2 81 90 48 20 85 17 29 31 98 96 67 72 56 74 83 38 94 87 18 68 65 57 19 21 36 80 44 18 69 42 38 40 7 39 53 59 77 89 5 98 54 91 37 12 5 75 70 58 2 34 39 1 81 55 66 91 27 34 92 13 28 94 80 76 96 56 49 1 12 79 73 45 26 1 80 64 63 75 54 4 89 44 60 22 49 98 21 77 59 74 52 13 48 65 20 78 6 54 29 89 42 89 85 79 15 49 9 14 67 55 84 52 18 87 72 45 49 2 24 46 83 0 86 54 9 67 82 30 8 20 15 
77 13 86 5 66 92 75 34 84 76 57 92 29 62 38 67 54 15 48 99 87 27 57 25 44 88 40 43 39 8 90 0 83 54 59 81 16 74 28 68 32 43 51 27 53 64 22 1 71 14 39 86 8 61 31 61 91 81 17 53 62 55 73 41 28 91 30 9 66 80 67 56 84 43 5 83 90 13 6 30 55 96 80 37 69 58 89 86 74 75 61 86 80 72 28 92 40 4 14 37 36 8 64 4 4 9 73 42 97 0 34 10 29 70 97 93 86 69 8 28 11 47 64 28 23 56 87 75 47 33 55 25 1 91 4 22 94 65 49 62 82 58 30 61 94 3 49 36 59 48 78 43 16 0 43 49 75 10 99 41 80 5 58 18 55 75 14 85 25 58 45 89 72 31 31 67 82 19 21 35 7 27 98 55 82 27 45 31 42 47 87 45 77 72 90 6 76 44 34 28 0 92 7 13 49 98 84 16 65 36 95 43 71 43 48 53 64 11 78 44 14 18 87 37 40 47 75 35 1 21 49 61 32 96 73 12 79 16 77 57 46 56 78 90 79 8 53 23 60 93 46 35 36 16 12 0 78 98 74 23 14 39 54 19 1 58 78 73 19 80 51 72 71 43 6 26 75 41 12 54 0 5 46 4 4 9 89 82 34 12 34 48 55 38 89 6 55 85 83 4 73 95 49 78 50 50 12 14 94 35 5 99 17 34 6 63 38 68 86 67 26 42 35 96 51 29 74 22 13 46 79 25 37 36 68 56 68 88 54 1 90 89 25 72 83 92 44 8 38 41 51 67 36 91 86 73 47 0 6 3 32 65 82 8 90 92 74 85 77 26 55 81 65 44 7 95 38 85 10 19 95 86 13 62 18 92 18 30 44 12 60 81 5 89 41 5 66 51 53 8 
32 88 96 1 80 83 31 15 94 38 47 88 86 28 75 96 30 96 31 3 92 1 89 88 58 26 94 52 83 48 96 7 91 57 55 17 47 27 58 79 62 2 95 59 75 42 54 13 28 16 82 76 63 42 24 25 23 6 47 65 82 55 76 57 16 6 3 41 66 72 23 37 95 87 87 92 42 66 8 58 82 20 21 17 51 52 41 50 70 14 28 44 86 22 76 65 40 98 9 97 52 21 74 0 77 89 50 91 59 88 79 69 87 35 35 74 66 87 60 96 69 28 64 6 13 98 24 41 95 90 32 57 46 50 40 80 32 1 41 49 45 65 83 55 46 42 61 11 5 77 50 24 30 84 75 13 89 18 25 92 21 58 64 77 72 81 23 21 52 35 10 4 78 29 46 57 0 48 37 76 56 97 18 92 95 74 41 14 4 48 97 22 57 5 21 29 74 67 10 67 0 94 3 9 52 19 78 77 57 86 98 97 19 21 88 94 13 13 7 2 28 64 71 71 48 91 84 33 16 79 90 58 9 43 96 69 16 84 63 57 97 43 0 86 22 6 93 88 31 9 44 24 17 83 84 75 42 66 60 26 50 55 73 38 79 29 87 35 38 43 95 32 67 32 68 72 72 43 44 32 7 91 84 71 53 65 90 39 55 71 17 90 11 39 74 11 18 33 10 42 5 57 84 1 20 88 17 93 35 1 29 13 95 51 56 53 31 73 52 93 7 5 20 95 24 56 89 17 66 18 89 8 58 61 82 2 13 72 23 79 61 19 52 23 24 96 14 29 70 79 78 42 22 21 60 55 65 98 59 61 66 77 74 64 94 0 51 34 0 36 95 0 18 14 26 45 54 99 77 38 39 65 21 19 91 2 57 4 30 36 35 45 4 58 51 26 23 22 69 97 
77 19 32 14 64 41 39 1 21 19 54 70 30 81 12 86 11 50 60 20 70 79 13 7 26 64 59 89 13 18 87 87 10 22 30 60 10 97 61 78 24 5 87 96 86 91 59 9 82 57 12 69 55 10 2 45 57 59 71 35 86 53 6 36 97 0 46 57 15 86 6 24 5 0 11 4 5 28 51 50 40 76 81 94 71 54 53 29 85 97 50 59 48 30 32 72 11 66 99 11 64 19 97 23 38 1 23 30 1 35 87 7 89 83 4 23 63 74 30 57 69 87 92 70 25 30 56 91 25 24 33 37 25 81 74 24 36 32 78 58 79 94 43 6 72 9 72 99 59 43 78 95 11 64 85 94 95 40 43 53 48 69 24 39 54 63 82 41 47 72 64 25 27 62 40 73 66 79 41 16 75 9 48 6 73 86 78 40 27 85 3 19 95 85 77 65 58 34 16 55 22 58 61 77 57 69 13 35 87 72 27 45 10 55 72 86 60 69 50 0 4 0 59 43 80 49 87 83 67 65 45 11 83 17 78 47 29 55 70 16 87 93 11 46 21 77 63 31 12 86 73 79 0 26 43 54 93 61 47 37 27 5 19 87 20 2 18 51 58 63 71 72 18 38 96 92 84 77 72 1 36 1 16 67 73 47 4 73 52 44 44 95 75 41 64 92 30 20 81 18 13 46 81 27 7 90 87 33 91 60 99 56 14 33 6 1 36 18 61 54 54 79 94 65 63 39 88 71 41 4 24 26 50 64 79 1 80 61 42 42 90 13 56 88 60 63 35 34 85 36 50 87 90 5 73 80 66 96 5 31 20 14 38 5 45 52 58 82 67 84 23 39 49 22 0 21 27 90 56 36 8 4 52 91 30 83 54 46 46 58 77 79 73 61 71 62 90 14 17 90 
69 83 14 93 87 19 30 79 3 43 80 25 40 35 90 49 72 69 68 24 81 77 11 21 38 49 0 24 0 4 36 41 22 41 61 50 13 9 58 82 80 69 51 0 7 81 0 83 89 2 11 23 72 76 92 96 60 44 64 1 45 71 75 56 33 95 6 48 19 36 9 23 85 45 70 77 51 33 62 8 57 18 4 65 39 20 47 40 51 27 31 48 43 17 35 13 79 41 21 65 17 19 82 16 83 67 36 87 73 91 69 72 20 11 66 92 90 17 52 57 27 45 29 5 35 42 99 98 5 34 68 67 42 51 26 50 43 90 9 80 53 96 56 91 58 58 41 59 80 78 60 15 7 64 83 92 80 26 91 57 61 50 9 33 48 31 63 10 34 63 73 83 62 64 40 45 54 70 38 33 26 91 97 50 81 40 8 81 96 52 84 36 31 58 64 58 37 36 31 79 99 85 81 40 26 82 80 46 97 41 24 72 93 17 10 26 7 58 53 92 45 12 25 13 5 82 15 88 70 77 77 72 13 85 76 15 51 79 80 6 11 59 95 75 31 24 48 75 14 22 25 93 48 39 6 2 9 73 40 46 59 79 94 39 23 14 95 49 70 90 56 69 56 1 75 62 80 55 45 97 34 63 92 0 45 41 36 78 5 36 10 12 36 70 17 27 14 13 37 32 63 96 69 12 28 3 21 97 34 59 76 88 2 65 86 81 28 97 61 49 55 2 26 6 52 21 30 48 70 49 66 41 65 77 58 73 94 24 76 96 67 59 29 77 88 42 32 84 76 96 12 90 64 60 50 4 12 40 58 45 83 11 70 64 70 28 39 97 56 80 85 59 12 88 69 58 2 27 17 74 23 33 26 75 99 85 5 62 76 81 40 0 77 79 34 10 48 77 9 89 
20 13 51 30 89 50 7 25 53 15 57 29 51 9 21 43 38 51 8 16 52 1 92 88 15 24 69 61 96 1 7 87 63 84 6 42 34 24 31 36 89 52 93 47 1 36 60 66 23 79 73 55 40 35 6 49 31 75 51 91 30 12 17 29 28 52 42 69 71 95 42 85 61 14 64 38 97 97 84 81 67 23 7 13 88 85 59 60 59 15 81 18 18 98 36 86 1 27 84 40 43 22 51 27 55 30 70 96 83 48 43 22 90 23 78 75 35 67 66 91 36 57 22 44 80 17 3 57 96 45 11 64 48 42 46 85 29 56 72 96 90 22 36 94 76 10 83 78 38 70 88 83 73 64 66 84 23 76 74 80 38 67 3 99 36 94 32 81 8 3 57 61 71 27 68 61 48 41 49 0 73 54 99 40 80 29 66 6 76 13 10 86 51 45 33 87 11 95 51 70 24 8 77 69 94 38 29 92 68 59 28 11 4 54 85 67 39 32 36 89 87 48 54 43 95 50 68 82 95 0 30 36 41 30 45 39 19 12 46 49 98 37 69 54 78 15 42 98 67 80 87 99 88 70 26 79 70 51 68 58 31 38 2 67 63 54 31 11 54 8 31 34 35 3 47 60 69 52 44 35 52 34 88 15 67 43 90 94 7 3 94 2 82 49 49 79 61 20 74 5 62 95 5 5 51 72 34 43 95 22 77 44 50 13 5 65 63 74 23 16 11 51 61 81 29 40 62 88 44 27 67 89 29 49 99 28 81 53 95 94 33 92 41 59 24 30 33 25 69 40 48 73 58 34 49 17 44 0 46 10 92 63 36 51 89 85 21 29 39 81 24 93 47 99 6 79 36 84 25 24 65 28 62 93 88 81 2 77 79 84 11 93 53 9 32 23 99 60 63 2 
31 77 44 28 17 23 98 31 52 0 99 68 51 99 75 69 17 8 21 77 77 29 87 18 10 69 71 90 35 37 90 38 10 56 4 11 78 83 12 49 9 29 65 82 79 53 45 59 92 26 69 49 68 6 78 63 21 70 94 82 24 89 14 97 24 55 18 62 19 7 61 92 47 8 99 74 20 33 72 53 2 0 75 9 30 96 98 38 8 97 72 80 52 27 89 67 29 37 89 89 80 97 96 88 41 37 31 97 36 20 98 73 36 53 90 85 0 54 9 21 32 25 70 81 85 4 85 72 48 19 53 12 25 26 53 29 5 67 59 57 69 69 17 45 83 70 98 58 98 77 83 90 25 55 46 31 44 11 13 0 10 13 75 35 98 45 40 43 21 79 75 40 84 12 29 19 10 18 39 22 99 1 2 15 87 75 90 92 73 17 29 3 12 18 42 11 35 76 50 86 6 72 61 48 0 19 12 17 80 62 22 54 29 1 28 74 21 68 50 38 31 98 70 69 52 91 75 74 55 51 14 15 84 75 67 67 23 36 92 57 60 53 78 47 2 94 69 6 0 3 4 31 0 65 83 83 34 15 88 9 67 39 45 84 79 36 33 96 75 79 36 25 91 37 35 75 19 7 7 46 36 11 26 78 82 43 25 27 68 27 55 81 95 52 65 50 86 29 61 50 1 9 61 36 13 79 82 64 32 37 72 68 41 9 47 35 30 95 98 86 92 58 80 73 55 77 12 66 3 21 85 63 33 94 90 6 38 73 70 84 49 56 71 75 63 8 64 41 84 90 52 41 55 61 61 80 78 39 30 82 64 98 28 14 19 5 27 51 14 99 11 93 93 79 25 67 58 77 0 86 72 39 11 38 73 80 92 84 18 37 77 52 74 73 47 99 31 90 21 83 
56 96 14 26 14 58 61 12 77 3 7 41 73 27 13 27 98 50 24 12 45 48 91 58 5 17 21 30 24 7 62 50 53 97 10 71 42 22 23 78 17 39 29 90 89 14 8 50 18 96 78 43 88 51 84 18 36 23 30 67 75 81 92 60 29 86 31 63 62 39 31 30 70 89 43 70 70 31 88 21 24 33 93 35 23 3 82 78 12 74 10 86 48 19 91 94 76 42 69 52 81 84 14 30 36 48 84 63 57 18 23 47 81 1 77 99 18 32 23 88 86 15 62 48 59 95 54 26 26 33 9 73 57 42 51 11 15 5 49 70 9 57 67 72 18 66 63 59 88 9 54 91 76 10 49 91 76 61 53 65 10 20 66 74 0 0 94 33 14 35 64 7 72 33 11 3 36 14 45 87 74 10 36 67 70 14 91 72 86 42 72 52 33 51 17 87 11 59 76 93 38 43 15 71 44 13 96 82 74 57 82 40 32 21 40 28 30 7 41 64 3 38 72 25 99 33 29 25 6 23 8 49 67 52 86 40 79 95 73 12 7 64 23 88 42 99 50 14 51 62 10 21 17 20 60 58 84 99 70 50 89 35 78 63 81 79 83 80 47 23 70 1 10 95 14 52 32 11 58 37 64 7 7 81 13 69 20 21 36 68 32 39 52 84 87 89 64 32 80 65 72 50 95 50 64 33 30 68 22 63 5 1 6 93 98 26 91 72 49 84 35 53 72 89 38 61 46 89 35 6 77 57 68 64 33 97 21 19 7 89 47 35 74 50 49 97 17 94 38 90 22 50 64 26 37 6 77 34 11 82 20 57 32 98 98 64 47 75 33 52 74 45 32 48 62 21 32 51 51 68 63 58 23 18 16 10 39 51 87 13 83 24 77 30 71 14 45 22 46 52 
23 53 58 90 85 98 7 84 37 14 57 79 95 21 16 90 79 26 19 29 37 12 41 3 35 29 41 12 14 20 80 97 85 69 43 18 6 52 95 44 10 98 14 77 12 27 78 65 49 45 76 31 82 19 77 38 61 45 23 12 97 75 51 4 81 37 46 47 74 55 22 70 68 12 98 25 14 67 28 7 21 35 38 28 68 31 91 15 25 31 88 54 1 50 99 7 76 17 10 4 95 90 30 28 99 48 82 35 23 38 31 80 1 54 30 42 89 20 32 18 65 27 40 58 60 79 78 0 74 60 71 68 55 46 37 56 95 29 28 3 45 79 98 12 55 44 71 8 94 29 91 29 90 64 8 28 88 38 54 81 46 42 29 33 99 22 43 49 48 64 98 73 74 3 13 67 92 77 73 78 87 10 5 65 80 98 14 80 22 8 70 77 2 29 45 78 55 59 86 74 21 20 16 37 88 61 12 70 88 50 44 88 20 57 20 6 15 43 80 18 50 81 15 79 52 10 75 59 39 33 24 61 83 90 29 4 20 50 72 15 23 79 21 53 4 0 99 32 15 36 86 22 84 20 56 49 45 68 1 52 50 99 20 41 2 22 49 32 89 1 48 59 80 75 67 40 1 47 75 24 99 3 75 61 52 30 69 10 33 37 69 45 45 49 51 74 18 23 48 26 69 91 40 95 80 2 43 62 57 47 2 56 60 64 15 45 1 90 79 86 35 13 50 46 64 89 72 88 75 57 63 11 82 68 61 77 11 86 68 16 41 19 3 10 58 27 38 40 36 17 85 65 45 85 48 43 71 88 15 75 16 9 89 21 77 55 66 95 65 40 90 82 41 60 18 24 25 59 5 24 9 7 99 71 53 25 92 5 10 33 92 95 26 27 14 46 50 49 23 3 
6 3 21 20 64 74 64 8 93 16 71 91 64 91 13 88 60 36 5 18 17 78 92 40 90 78 59 52 21 53 13 55 97 37 98 11 4 68 35 36 33 11 84 19 61 45 96 4 30 43 40 83 11 87 14 30 61 23 71 93 25 80 59 34 8 94 20 9 39 63 74 14 87 52 89 66 47 50 59 72 3 57 75 53 33 65 7 57 66 10 22 68 88 13 65 27 77 87 83 92 6 46 26 81 61 98 24 7 92 30 94 6 15 87 56 58 43 24 57 42 0 14 53 24 88 81 76 16 13 80 76 50 57 86 93 73 72 70 60 33 82 12 6 23 77 60 51 48 89 15 34 3 26 99 59 31 54 48 19 52 92 0 82 57 32 55 46 94 99 43 86 82 90 69 42 40 70 65 90 54 34 99 86 94 13 54 32 32 38 89 30 47 61 96 13 99 22 64 70 12 32 86 96 77 43 9 26 3 42 45 35 19 0 7 67 65 97 59 60 23 43 53 57 49 42 71 78 82 9 1 64 27 89 54 41 54 91 19 63 58 45 70 5 9 25 16 51 2 22 49 60 52 59 59 61 38 17 58 43 25 23 95 68 7 99 32 34 1 96 55 36 19 35 61 85 67 2 5 50 51 27 53 75 43 28 4 45 26 79 44 75 64 17 14 34 16 90 92 50 50 47 86 37 96 3 36 82 85 43 99 54 98 30 86 10 8 47 91 26 22 56 38 27 83 30 65 31 54 94 29 89 22 16 52 39 32 46 3 72 7 12 58 37 54 77 25 63 3 32 97 30 68 7 12 21 82 88 1 98 50 11 64 83 47 95 64 25 3 60 58 51 89 96 53 78 31 57 2 64 73 87 74 63 41 70 89 72 9 1 9 23 98 12 8 25 42 32 79 55 49 
81 87 52 71 64 60 74 77 94 40 5 36 31 45 77 50 11 86 21 64 34 22 39 95 6 62 34 4 90 92 70 45 13 73 94 77 76 65 92 0 43 51 65 1 9 10 66 29 71 10 38 91 39 12 57 34 6 85 26 79 54 4 52 97 63 14 98 11 44 93 84 12 38 9 60 89 81 74 36 56 58 94 58 54 20 22 65 5 89 94 78 64 32 26 99 9 77 70 75 93 96 43 11 53 41 39 30 34 63 53 39 65 52 89 70 65 1 73 64 70 74 61 93 36 80 43 51 19 33 95 65 60 52 21 43 99 57 96 76 58 23 98 37 94 68 44 0 85 57 92 97 52 47 53 71 90 10 11 59 28 16 58 72 94 79 7 34 22 22 53 28 28 49 6 72 78 92 95 95 88 90 11 88 70 34 54 41 65 85 61 87 72 77 62 93 64 70 90 12 62 80 13 13 59 48 45 63 84 10 1 99 0 46 8 6 50 25 46 22 55 90 34 75 51 10 92 51 55 69 30 16 24 6 98 48 53 81 90 39 14 15 78 53 27 62 29 94 79 85 62 34 99 65 41 44 66 5 31 2 62 36 98 98 42 18 56 83 57 96 25 11 99 35 71 56 27 61 30 12 41 46 33 21 21 30 71 25 15 60 13 27 32 90 34 54 53 98 60 93 67 25 7 31 71 33 44 72 71 89 8 60 88 11 5 24 25 97 15 94 28 5 66 33 31 33 24 93 94 67 38 83 63 24 68 64 26 79 84 58 46 72 35 87 40 85 54 10 99 98 78 4 35 44 43 28 70 87 58 66 64 16 45 84 41 96 11 20 28 7 8 96 90 59 86 84 45 45 13 44 11 12 0 22 98 83 84 8 8 61 0 5 26 7 22 24 45 38 85 53 37 
26 52 69 86 54 81 20 19 1 38 81 13 44 64 56 80 28 88 2 23 51 23 18 50 2 72 23 99 94 73 63 82 80 75 18 38 45 46 78 43 69 72 41 41 18 27 63 4 61 80 33 74 73 7 94 63 35 20 66 47 64 36 93 21 80 65 77 26 7 46 82 63 35 55 72 43 74 20 42 32 28 71 82 69 26 3 97 96 8 82 32 14 68 78 67 79 44 63 13 18 2 56 36 92 85 49 83 52 43 79 69 87 14 2 96 64 99 39 69 43 93 29 58 70 9 70 17 81 58 69 51 94 76 22 25 43 45 35 77 14 75 18 4 61 6 1 47 32 36 84 0 99 36 25 46 72 49 28 88 49 79 74 9 18 66 0 8 22 9 92 18 26 36 23 12 74 62 51 3 59 29 14 21 24 47 28 58 93 30 78 71 41 31 59 5 2 92 19 57 43 73 50 35 69 15 18 72 82 44 64 61 18 26 9 13 10 76 43 54 83 53 81 66 7 10 27 83 75 61 47 89 76 7 1 15 1 20 72 9 5 81 73 44 25 27 92 94 14 9 45 48 80 33 8 22 69 15 43 46 47 35 63 99 99 46 26 6 36 46 93 90 31 73 70 4 53 87 95 34 26 99 56 90 35 12 36 94 14 48 59 26 43 60 48 91 83 29 97 53 29 43 28 63 9 92 34 90 48 11 55 45 35 5 60 87 79 44 52 50 57 47 18 87 40 69 29 85 0 1 73 95 23 41 34 52 57 41 6 9 12 95 84 50 29 57 66 44 98 42 14 74 16 53 21 50 92 82 71 78 53 42 43 0 76 97 38 94 92 34 82 97 91 51 33 17 61 17 69 24 55 2 90 55 74 45 59 66 9 7 46 42 12 68 14 29 27 51 81 68 63 
81 81 87 19 10 62 26 17 22 95 51 98 8 54 32 79 69 80 47 78 67 33 63 80 62 23 72 96 63 70 2 48 99 47 38 7 94 41 2 83 8 53 50 55 32 51 86 43 11 94 33 34 12 20 71 57 18 94 48 55 80 58 33 97 72 81 38 82 41 40 80 73 15 81 99 6 93 39 8 14 57 27 93 35 4 36 41 43 90 6 2 56 68 5 76 52 23 11 68 58 44 7 8 73 55 7 45 11 72 46 38 68 65 67 91 12 64 81 61 39 11 67 76 35 13 42 91 27 78 84 7 94 15 67 78 30 7 47 25 78 29 8 92 18 60 59 49 85 63 98 60 71 8 6 5 8 56 9 51 65 99 73 27 98 86 79 27 23 88 43 73 67 16 36 63 38 73 39 89 86 27 36 49 72 87 11 21 44 88 87 70 6 15 9 60 94 40 85 39 34 18 62 48 87 33 14 90 5 38 30 58 99 34 86 49 39 19 25 81 89 55 64 79 26 30 13 35 90 50 90 4 74 53 58 42 92 36 99 57 92 57 52 65 20 49 45 58 98 75 17 8 8 23 36 47 33 48 65 75 42 9 48 28 19 53 80 40 55 68 27 93 37 35 11 80 29 88 85 54 42 68 46 15 14 78 37 28 63 8 32 33 86 58 83 94 81 45 31 85 65 22 33 37 82 16 36 1 91 91 85 25 0 46 29 44 37 90 46 49 24 23 6 19 11 64 63 31 0 30 39 85 56 50 66 73 61 12 18 24 48 82 97 37 27 24 70 1 87 51 77 87 52 6 8 44 51 10 58 9 84 76 90 77 82 84 13 66 48 70 67 68 29 36 15 4 14 92 36 53 58 39 90 88 15 6 42 5 59 99 51 47 42 23 94 24 78 79 35 55 42 
11 87 17 75 19 72 13 19 72 80 61 92 21 83 54 17 78 7 4 36 88 28 38 76 11 83 82 59 8 67 60 78 88 71 15 12 45 79 1 61 89 81 12 48 44 61 25 91 77 60 64 96 89 18 60 59 20 82 40 59 36 54 46 90 27 39 35 14 87 14 11 96 43 76 90 66 13 71 20 35 98 45 5 73 30 56 60 28 61 7 45 93 41 44 52 77 88 62 44 3 32 1 3 44 30 56 76 34 20 98 71 82 2 1 8 46 27 18 2 85 55 93 5 25 87 60 66 3 37 41 38 53 26 37 78 21 53 74 73 91 41 5 18 65 89 52 83 10 51 90 63 64 54 4 60 99 0 34 20 0 40 31 73 15 95 26 14 47 54 37 53 59 39 26 18 10 27 19 37 15 55 26 94 67 50 94 7 79 82 40 59 96 35 13 2 60 24 11 74 70 71 42 76 6 99 69 33 15 24 10 31 84 51 58 59 92 70 40 73 41 63 19 34 19 28 22 5 42 13 44 91 74 53 81 35 50 22 51 78 7 19 24 95 29 67 27 35 5 44 9 15 45 53 62 46 30 63 23 56 92 86 87 47 39 80 97 81 60 97 96 70 45 57 50 52 42 51 44 72 36 38 27 79 99 53 27 5 55 54 32 57 30 50 69 69 77 3 63 63 16 3 67 79 55 90 3 83 31 38 63 73 80 57 74 16 27 14 82 1 51 84 24 7 52 35 33 61 37 12 6 87 54 67 69 48 64 98 88 35 84 49 9 79 1 5 27 59 38 78 68 34 79 4 68 31 74 19 25 72 61 29 43 27 19 36 45 66 92 73 64 80 9 61 20 12 59 25 46 46 18 99 1 14 25 39 19 83 92 7 33 61 95 83 85 79 9 15 84 68 31 
34 20 86 26 99 36 3 46 31 86 72 5 26 4 67 47 81 58 77 87 51 86 36 77 38 29 69 2 24 78 66 33 47 64 50 39 78 73 33 22 37 60 93 53 23 74 93 63 89 92 93 85 26 56 78 21 93 35 87 92 7 94 16 54 6 63 95 69 33 53 89 43 96 35 30 32 74 14 70 95 1 14 33 31 26 82 50 30 22 46 49 57 88 72 55 46 12 42 73 82 83 75 71 1 64 4 94 24 50 37 92 62 47 80 64 50 97 85 56 43 95 70 29 88 18 61 62 62 69 80 33 27 69 41 59 17 65 18 29 99 77 26 26 48 0 97 47 84 72 88 17 2 57 36 37 28 31 85 62 16 16 86 14 41 83 32 10 13 26 50 35 4 97 42 53 68 36 33 40 91 7 56 27 42 20 28 4 99 45 71 25 93 62 87 88 71 41 99 59 74 12 32 13 71 43 85 0 8 99 81 89 9 6 96 61 99 0 57 27 76 69 24 97 42 56 72 88 44 7 66 50 21 60 19 23 48 31 62 67 79 37 89 45 28 96 53 36 9 16 24 61 11 30 88 74 9 76 49 69 78 68 71 44 72 72 23 47 95 96 86 70 97 65 96 77 19 23 83 18 40 94 85 58 76 42 13 22 8 78 21 23 0 29 84 76 9 20 82 39 60 64 48 38 74 72 67 91 34 85 77 46 24 88 91 98 91 71 94 27 18 16 81 63 85 82 89 26 83 86 53 74 35 77 41 6 23 50 54 46 8 3 8 77 93 95 78 90 24 2 29 49 82 17 8 68 95 75 39 87 41 12 59 24 32 32 36 91 18 23 68 3 59 12 47 37 79 15 80 1 91 43 91 90 46 40 79 42 73 4 65 62 65 51 70 90 7 9 78 20 36 
23 45 81 22 42 47 40 79 47 46 64 61 86 59 68 49 18 21 53 43 88 5 67 34 55 54 31 68 48 82 33 53 81 78 60 77 67 63 6 55 97 22 2 48 11 58 46 35 19 91 62 77 32 0 94 92 48 68 40 40 0 42 78 78 3 83 48 56 88 60 65 1 7 44 3 81 13 79 61 76 46 0 60 0 61 36 16 51 22 24 63 25 10 87 52 13 91 99 18 40 21 10 63 11 86 72 47 45 81 95 32 44 9 85 96 46 84 37 48 55 4 93 18 81 6 27 62 68 58 59 1 91 38 24 56 11 50 85 47 30 87 13 19 79 50 70 84 72 36 39 19 76 64 72 9 10 4 6 24 77 79 19 58 86 63 22 42 91 15 59 6 50 87 86 98 17 50 6 98 78 64 76 0 58 0 76 70 30 4 79 3 46 40 53 75 53 71 98 99 45 68 91 24 31 93 2 22 26 93 2 42 85 39 67 43 73 53 18 35 43 26 7 37 42 23 36 2 1 96 85 19 92 66 69 93 15 36 96 18 10 99 21 42 91 18 30 8 93 30 29 60 99 13 94 49 33 17 58 87 88 20 58 68 55 69 4 38 29 1 37 62 2 92 20 28 14 13 94 4 91 77 34 31 65 26 47 32 18 14 72 64 24 12 67 92 56 73 1 43 45 92 40 7 68 95 10 84 52 52 94 14 1 40 81 98 89 45 82 32 99 10 17 3 28 27 64 82 46 78 51 50 50 65 58 84 73 41 96 92 51 51 74 70 29 72 41 0 99 2 24 0 39 1 94 68 39 79 82 7 45 20 39 1 54 32 18 70 82 94 6 62 42 13 84 45 5 93 10 46 43 21 5 69 2 86 58 13 47 94 25 14 37 70 72 99 40 89 89 83 57 
58 23 98 36 95 82 58 67 95 10 31 49 5 28 46 16 38 90 24 87 21 4 27 70 5 83 5 12 51 47 25 96 36 55 98 95 37 96 73 45 2 83 15 61 15 42 55 78 97 25 48 11 64 67 50 29 37 28 9 90 55 39 3 90 38 4 24 94 71 3 35 73 13 29 22 39 31 30 28 14 7 60 26 86 43 12 64 60 14 18 34 7 93 89 74 67 10 23 31 61 9 78 95 46 61 41 69 91 85 53 74 49 80 47 93 30 1 68 96 76 19 58 57 77 5 31 5 86 65 63 36 0 22 11 85 28 50 34 99 41 97 15 84 43 99 25 49 75 0 78 82 57 10 43 56 69 86 98 72 5 55 58 17 71 95 27 49 47 52 49 84 30 38 19 58 21 18 30 18 35 54 20 7 48 77 22 66 96 54 5 32 47 36 72 49 46 41 60 8 30 75 82 29 12 2 85 73 69 59 20 21 7 64 50 62 91 13 6 19 20 43 70 51 36 95 58 29 45 81 22 61 71 34 20 25 93 99 67 20 13 47 73 73 35 18 97 19 64 50 28 76 55 42 53 12 92 98 24 91 73 2 93 89 30 42 8 32 23 62 62 67 71 45 29 19 83 23 65 31 73 88 12 24 27 91 55 68 35 71 5 22 80 35 27 43 61 87 49 35 76 6 41 27 65 87 17 93 96 41 29 89 60 30 37 79 14 53 84 89 86 15 90 10 3 67 27 27 89 57 36 81 98 41 81 91 46 71 56 33 96 50 6 69 96 85 7 86 42 42 19 22 63 1 62 36 27 71 59 17 70 76 84 10 27 53 37 27 66 38 23 31 93 51 23 20 89 94 20 16 85 24 84 59 15 3 94 39 14 43 36 6 93 71 34 95 10 55 99 16 40 
96 86 9 45 32 9 73 39 70 93 37 34 56 77 1 59 95 13 91 50 27 77 93 76 44 86 63 11 11 99 84 18 21 36 53 58 97 39 68 85 32 5 45 61 42 0 31 45 58 40 89 98 91 42 26 4 25 59 42 46 37 14 34 83 29 54 75 18 41 58 89 29 95 54 29 54 46 29 73 18 76 55 28 1 86 97 30 66 87 34 20 42 5 24 47 79 3 15 45 67 42 54 69 39 18 32 40 17 43 85 0 59 65 89 60 25 53 83 40 40 38 14 46 13 70 84 17 54 64 48 69 88 66 54 15 45 58 88 59 38 39 91 91 15 49 34 2 13 16 83 36 80 53 92 95 19 9 55 15 53 36 72 42 85 98 27 80 16 79 62 93 49 48 49 42 61 51 76 64 25 55 51 79 33 46 19 8 34 19 77 89 86 79 0 89 74 45 48 94 80 77 81 78 2 79 28 58 75 69 52 85 69 2 15 72 79 35 72 16 19 13 88 68 94 57 0 29 55 97 34 4 69 88 1 10 65 23 46 54 0 33 93 66 69 40 80 95 29 5 14 15 82 30 11 23 21 1 99 42 12 0 8 59 80 51 32 50 19 62 91 58 76 11 21 33 33 42 90 76 65 80 2 61 44 25 36 7 8 16 78 72 41 52 35 29 71 71 75 17 26 26 54 78 43 41 80 45 17 33 96 88 30 19 52 39 11 73 60 10 25 7 12 56 90 71 19 21 4 96 25 27 35 1 76 63 41 30 7 87 57 90 55 78 32 84 31 60 72 35 58 10 82 83 98 25 55 25 7 59 5 70 28 21 75 57 97 76 74 89 94 1 41 44 2 75 15 41 4 32 96 27 74 91 45 23 91 8 12 76 15 44 32 13 92 6 56 87 68 90 46 
99 24 65 74 46 74 18 51 59 54 24 2 17 66 79 88 10 4 55 58 98 41 50 75 76 82 14 40 2 13 92 61 44 5 47 70 99 87 23 17 10 58 31 25 92 92 52 10 27 41 88 99 25 82 72 24 85 86 6 34 0 66 10 51 76 71 9 98 60 28 54 83 2 15 13 15 62 56 61 15 31 25 15 97 35 81 7 34 98 15 37 30 99 28 52 21 18 8 45 75 41 57 16 18 78 18 91 71 85 99 3 66 78 76 42 22 69 19 37 25 12 38 23 67 36 49 7 33 64 28 75 0 2 80 96 63 23 47 75 41 10 73 21 65 32 4 71 32 14 87 17 17 26 50 13 71 67 49 70 20 76 4 45 16 95 2 54 84 85 73 80 88 68 33 67 11 88 70 30 66 48 79 84 62 10 0 9 77 4 56 17 15 55 95 33 57 55 10 35 51 52 93 39 94 17 11 73 64 16 1 9 11 33 67 85 44 2 64 50 41 42 69 37 13 1 87 10 34 71 25 22 30 16 26 86 18 28 13 16 56 18 6 94 69 18 97 44 47 79 5 29 31 66 64 61 41 53 85 41 6 19 82 47 87 37 49 48 72 60 16 51 48 67 60 96 95 39 50 65 51 53 79 72 67 13 58 65 97 89 59 21 19 95 83 87 21 10 97 14 17 94 43 75 66 75 21 60 53 84 89 29 40 4 35 66 81 68 7 74 4 83 65 38 64 47 76 93 95 4 63 66 91 94 84 35 71 22 9 53 63 28 43 95 59 52 41 23 58 78 42 83 89 20 14 9 81 42 14 97 39 55 26 82 55 47 7 51 87 23 66 39 21 33 23 35 54 84 24 52 96 38 68 40 78 84 47 44 94 37 57 12 48 67 95 70 13 27 57 23 39 
31 25 78 43 81 7 30 2 57 5 24 8 95 96 33 26 63 24 86 44 73 40 56 82 20 34 28 90 56 46 32 49 70 76 91 25 5 51 75 48 67 91 72 59 18 47 31 89 12 64 0 49 43 72 64 69 89 62 54 20 15 65 65 7 64 35 25 15 93 84 42 34 78 15 18 27 31 45 45 23 60 11 84 14 62 0 45 33 60 24 40 93 68 11 58 0 77 6 25 6 20 42 80 34 22 69 88 74 6 25 32 48 71 99 61 59 65 49 57 66 15 23 0 43 67 87 92 79 41 84 61 40 80 0 84 91 38 64 29 43 7 27 94 49 13 49 83 85 71 83 99 56 78 84 52 88 15 6 21 66 55 89 67 46 19 79 94 8 32 73 54 57 45 0 78 12 22 80 99 42 53 5 51 96 7 59 36 63 6 51 52 12 60 98 71 33 38 66 63 91 14 91 66 30 58 68 9 86 70 61 16 64 39 27 2 36 97 19 86 48 14 15 94 65 64 11 95 87 89 30 50 79 29 71 33 13 32 58 89 24 0 23 70 65 9 3 87 97 11 64 4 42 72 34 9 40 43 87 57 86 80 74 31 40 28 88 84 50 72 75 1 4 93 20 94 43 63 22 54 68 18 15 13 27 64 79 0 55 80 43 69 81 2 47 90 42 97 79 10 93 41 62 1 76 97 28 47 77 84 55 92 63 90 20 2 30 57 99 48 89 25 14 69 79 69 1 60 21 58 99 27 46 85 72 30 18 64 48 49 94 81 39 72 36 99 46 86 99 45 49 12 55 32 1 63 98 79 31 80 9 37 65 15 29 2 29 67 44 18 8 84 76 78 25 74 66 88 54 41 58 34 58 64 95 90 55 78 41 53 38 39 38 27 49 83 78 49 0 40 96 
82 87 29 46 23 67 23 4 7 63 7 20 89 61 20 90 95 89 39 60 26 33 0 73 63 46 66 9 62 58 53 20 53 94 56 48 44 61 58 96 38 14 17 7 94 3 41 80 74 71 33 19 60 97 39 44 12 77 29 22 1 50 59 23 27 92 63 38 28 44 59 89 66 7 66 28 49 35 98 42 97 92 40 2 65 21 76 80 77 21 62 33 46 65 50 81 8 2 16 56 48 60 87 27 15 29 42 39 9 50 75 82 30 5 36 73 7 2 80 42 68 11 87 7 28 30 32 66 32 4 34 26 93 60 44 54 44 96 30 13 19 44 69 41 14 81 58 12 36 80 58 56 95 74 52 22 32 82 23 18 6 65 37 20 40 37 85 82 83 77 77 4 39 24 51 56 25 85 5 16 88 98 34 84 6 59 67 76 98 96 86 9 76 77 70 23 56 54 99 83 30 36 55 82 85 71 5 34 43 4 38 95 57 76 41 48 51 6 70 43 18 57 94 7 88 93 8 37 24 20 28 1 54 56 1 65 57 72 64 74 79 87 43 10 17 76 58 6 17 46 93 53 68 57 97 52 91 53 88 15 47 47 55 8 95 14 10 23 11 88 99 82 23 1 38 38 2 63 5 49 27 99 30 81 11 59 29 8 40 88 36 58 82 90 8 77 93 78 42 71 86 54 98 57 61 7 67 1 26 80 18 29 42 46 71 50 68 36 62 80 25 55 82 80 5 77 96 10 91 3 82 9 11 47 90 67 18 89 68 9 26 40 78 1 90 55 67 70 43 67 50 30 4 98 10 15 48 46 2 12 75 37 13 84 34 83 49 43 22 54 11 84 25 2 41 87 39 53 95 28 24 41 23 92 75 88 34 42 27 2 90 88 59 21 75 94 87 53 66 51 
36 3 23 64 1 60 9 70 24 89 30 64 23 49 93 64 4 53 0 24 9 32 69 68 32 15 8 86 58 54 2 54 30 23 61 72 48 86 28 34 50 7 4 30 36 96 42 8 23 10 43 75 51 25 22 90 49 74 9 20 86 25 3 49 6 63 44 7 15 58 25 32 62 70 49 62 14 22 8 86 42 35 96 54 29 80 81 16 8 75 73 8 32 11 20 62 5 59 52 59 38 25 68 42 2 34 90 80 58 42 31 60 67 59 54 5 39 35 23 48 35 17 89 10 40 99 89 22 71 38 26 59 41 81 6 13 18 81 10 52 92 48 33 57 12 75 5 52 29 70 67 81 0 93 72 99 46 82 19 21 15 52 69 91 95 94 66 25 0 44 26 59 92 70 48 1 23 94 65 71 66 38 45 79 5 87 66 1 66 96 65 52 23 46 45 55 98 36 85 59 30 53 13 67 53 45 87 83 85 21 47 86 7 67 34 70 54 2 79 21 7 48 96 69 13 84 78 31 64 54 9 89 70 92 39 57 25 88 39 61 85 20 58 1 93 24 89 14 25 70 12 16 63 86 22 65 74 89 25 83 94 36 36 96 46 73 36 94 42 81 39 58 49 6 31 4 49 18 74 71 65 12 60 56 8 67 33 29 66 78 33 92 76 79 70 21 55 91 33 20 93 84 31 62 3 59 29 99 26 96 69 33 21 40 79 95 11 55 65 80 85 54 46 16 17 19 93 39 64 38 17 33 86 34 7 26 12 76 76 7 91 51 31 92 78 21 90 35 87 53 96 5 94 14 1 0 11 99 35 21 11 95 36 7 16 3 68 68 76 85 92 94 95 79 23 4 60 16 40 94 10 6 52 22 31 78 33 37 72 68 67 45 2 34 2 36 65 6 29 9 
31 65 90 77 47 83 61 57 90 41 1 39 2 34 0 18 66 53 35 69 65 53 10 46 82 82 20 27 31 99 79 65 16 89 45 57 39 75 66 8 98 3 46 85 8 28 89 41 8 75 29 86 46 51 23 28 95 60 26 72 71 12 56 53 77 53 93 49 87 41 41 75 14 34 69 98 60 88 42 7 33 38 33 94 87 69 82 27 57 43 78 74 57 14 6 87 56 75 67 48 87 74 99 44 39 55 1 57 74 55 99 31 24 19 94 83 79 20 72 47 23 0 2 59 17 52 25 81 6 70 26 36 94 9 30 33 45 14 59 94 86 77 72 60 31 29 17 88 4 24 55 20 47 54 17 26 98 8 79 49 11 36 58 8 13 83 72 60 4 78 93 17 87 41 22 7 8 93 5 65 60 8 10 14 55 54 0 99 66 74 86 37 26 66 11 7 4 47 4 39 28 76 46 90 87 12 20 49 12 2 86 45 32 9 86 61 8 72 93 11 39 83 74 55 77 43 30 27 11 55 19 88 96 91 91 21 80 57 83 30 3 34 21 18 91 2 85 25 6 39 67 44 26 11 45 13 26 72 86 11 66 71 20 18 93 32 94 35 50 21 69 94 76 21 61 79 99 36 46 3 16 8 51 67 51 69 17 54 70 52 80 15 88 64 23 77 3 99 49 74 35 88 21 82 1 93 86 80 98 34 57 89 44 22 3 28 93 46 85 18 77 36 75 15 82 78 21 8 18 47 48 59 22 17 52 68 12 95 72 85 54 61 87 12 64 50 78 60 85 69 22 13 87 3 91 64 73 64 53 25 30 56 6 99 18 72 92 25 82 37 92 7 17 57 43 1 85 19 24 5 80 43 79 11 71 90 48 68 70 15 67 35 34 32 3 44 88 95 48 26 
19 51 9 8 91 65 81 46 91 10 50 29 80 44 16 84 42 21 59 12 40 94 91 15 63 68 79 68 44 95 4 74 71 57 83 33 70 37 70 73 29 99 63 74 46 87 41 68 81 15 63 68 98 78 98 39 85 51 70 53 58 31 56 4 17 34 3 42 60 2 85 5 89 13 59 70 21 32 7 99 2 45 96 53 15 79 71 12 40 54 5 37 13 29 45 22 79 18 52 80 63 28 18 97 25 8 35 55 71 76 77 14 93 42 91 1 48 16 7 74 36 48 12 35 55 89 59 27 43 70 74 69 57 55 2 7 34 66 46 59 78 91 59 11 12 63 3 62 41 85 44 97 17 87 41 78 74 24 24 87 66 74 10 19 83 29 83 22 8 84 8 17 15 92 6 91 49 19 88 98 90 24 36 50 30 87 74 52 19 13 86 98 11 37 91 17 28 77 20 58 51 93 33 89 38 64 81 87 37 83 59 27 79 6 79 3 60 85 54 16 57 18 64 28 76 92 81 2 70 93 46 71 94 43 62 11 91 35 96 93 40 79 59 44 75 18 11 90 63 81 86 86 42 0 23 73 27 94 37 96 3 13 43 77 47 6 30 71 69 40 36 43 26 94 60 92 35 13 22 45 95 90 1 22 13 97 38 61 70 92 10 2 44 19 2 24 16 83 66 5 57 87 0 95 3 69 95 69 35 26 8 34 15 25 91 36 97 25 65 20 43 21 48 4 29 92 28 64 82 62 61 65 60 25 32 47 10 3 23 82 71 27 11 56 89 85 80 52 7 68 68 46 90 10 24 69 14 26 31 9 57 22 35 51 96 46 89 90 28 21 0 59 23 28 17 7 15 99 85 15 75 85 28 31 25 11 40 51 70 21 9 8 28 67 0 47 77 13 34 84 
37 34 42 72 94 86 93 82 98 79 17 47 20 12 96 68 99 99 31 45 31 17 30 71 85 27 1 18 33 31 79 52 89 15 62 45 73 25 16 79 10 32 81 53 16 58 76 43 95 7 18 68 7 93 44 44 14 51 73 78 10 43 81 20 4 91 99 50 33 80 5 57 58 22 11 26 53 71 45 18 38 26 91 14 67 73 77 37 80 82 80 57 45 38 74 75 42 83 22 43 35 28 28 76 60 71 5 0 44 6 26 79 52 37 65 32 67 18 37 92 47 86 19 1 94 39 5 73 26 67 93 61 62 48 29 96 26 88 87 97 21 28 87 80 1 11 48 14 46 32 70 83 78 19 41 4 97 83 27 35 57 74 3 22 45 33 97 73 77 44 39 19 68 72 9 7 16 77 81 73 34 22 74 20 83 30 62 8 82 78 14 11 35 65 69 95 7 79 99 32 37 65 43 16 88 87 15 14 66 22 63 99 73 9 89 74 96 91 63 75 64 35 41 22 28 19 41 97 53 57 48 59 94 99 42 22 75 20 73 52 56 23 54 70 68 16 29 16 98 61 79 12 77 47 36 84 43 77 26 26 11 43 98 43 11 87 5 55 39 68 32 37 28 80 11 40 3 8 60 84 33 29 46 74 75 73 0 14 58 66 60 32 93 27 55 73 54 96 95 78 9 95 82 17 90 84 17 51 18 56 21 81 85 2 93 71 99 54 16 26 51 75 76 14 67 98 63 99 89 80 72 71 37 76 30 76 60 20 84 89 72 77 33 43 6 17 42 54 8 65 8 2 71 48 32 47 16 59 44 7 53 16 57 98 58 23 21 58 20 23 21 28 47 23 91 70 51 30 12 95 84 91 49 88 38 84 19 97 49 15 72 47 21 10 32 3 98 62 49 11 
59 58 95 19 5 21 3 62 13 56 48 14 25 60 18 62 39 43 14 7 90 49 27 1 3 22 76 46 31 19 85 79 34 81 2 98 35 40 57 52 88 67 92 79 52 67 43 71 68 75 99 69 19 15 31 52 13 36 58 39 22 98 45 6 2 35 67 49 72 55 50 2 40 28 47 75 37 89 65 54 87 85 77 27 0 77 58 11 1 58 12 38 51 8 90 68 62 20 44 72 78 51 25 77 36 59 77 32 72 37 63 57 25 72 17 5 52 72 55 28 53 59 1 52 90 68 59 74 48 97 80 83 63 15 2 73 18 35 7 35 5 67 33 87 18 90 78 75 12 76 83 46 25 57 45 71 26 71 69 30 94 18 16 78 25 48 82 51 24 61 56 80 99 9 15 16 37 15 84 61 41 40 45 9 11 1 97 32 68 13 14 46 74 18 90 73 82 86 8 37 31 60 41 16 7 97 94 52 24 52 87 99 12 89 25 61 5 62 36 92 12 1 36 88 97 66 1 64 70 8 68 25 23 49 4 69 1 7 65 99 21 93 32 45 60 90 83 10 41 0 2 85 6 16 51 66 74 49 9 59 83 66 95 6 48 36 51 85 5 24 1 93 77 89 94 68 0 16 60 96 21 69 64 65 18 77 89 46 23 12 3 23 95 89 36 3 93 84 13 23 99 40 21 70 8 13 41 18 3 15 39 95 82 11 53 67 68 81 24 66 26 91 98 62 40 77 11 6 15 14 19 26 10 50 21 67 34 64 6 96 94 38 81 44 99 26 25 38 99 27 43 25 40 81 6 2 64 37 25 38 74 5 56 20 27 63 9 50 79 31 44 19 81 49 60 81 18 71 1 48 4 28 43 59 57 30 32 17 40 18 53 83 34 26 76 44 50 90 6 52 
66 93 43 18 28 49 62 43 53 62 96 44 63 64 31 64 69 16 11 97 55 44 55 97 27 4 92 54 7 20 43 38 96 55 52 72 51 50 51 99 89 2 18 22 12 94 95 40 76 36 3 13 55 42 31 64 89 24 75 54 38 44 28 38 65 9 46 47 53 99 97 83 14 87 39 94 3 15 67 51 77 13 69 84 34 84 30 36 59 25 61 0 75 31 50 18 9 6 97 54 23 89 90 97 16 39 24 24 75 66 56 25 9 61 24 84 41 15 11 61 78 40 78 60 33 93 72 4 68 22 38 52 69 84 94 40 59 99 0 88 89 60 49 90 48 16 16 96 12 19 75 55 26 25 87 86 17 41 38 58 17 91 60 87 23 23 83 75 70 6 56 78 57 80 47 74 70 39 86 20 3 55 4 66 19 59 71 46 15 35 73 39 33 34 55 50 97 50 11 68 50 46 74 38 47 91 60 69 87 49 36 8 22 24 24 42 41 79 47 88 3 72 71 75 32 34 71 81 26 54 9 82 3 71 1 25 43 25 11 36 82 24 64 24 28 98 7 60 79 80 85 81 76 56 83 54 98 93 21 72 67 63 90 77 1 54 74 77 84 89 97 29 45 61 98 84 6 92 68 66 58 47 95 35 52 99 26 35 87 7 44 28 61 8 73 81 20 59 63 51 64 99 68 6 26 51 89 84 24 94 67 70 6 87 5 15 97 19 38 40 54 29 9 35 33 34 58 54 7 5 95 52 25 80 43 89 22 75 53 36 66 33 76 46 87 69 41 34 68 11 30 25 29 35 42 66 34 88 89 56 75 5 94 98 0 60 26 32 92 40 66 37 44 45 12 72 1 81 93 86 5 41 27 76 74 24 5 5 95 95 23 75 80 26 13 59 8 78 29 21 
6 4 69 93 81 73 69 86 19 38 77 13 3 17 27 78 90 88 82 57 39 51 59 71 74 29 99 54 19 11 9 42 94 91 25 1 58 34 22 62 15 44 35 10 44 89 48 83 12 9 19 0 71 27 10 64 17 97 92 82 91 11 70 14 97 74 30 34 11 87 20 71 31 28 9 16 62 42 46 75 50 93 58 72 51 67 98 43 36 71 64 25 69 37 90 85 55 57 41 50 92 65 61 17 80 10 30 57 10 43 24 7 10 0 71 51 95 92 61 26 29 83 44 82 17 21 31 39 48 31 73 87 41 3 84 4 77 66 95 4 96 25 30 89 74 19 20 71 99 94 43 35 98 52 59 1 83 40 60 56 56 9 6 36 49 86 42 0 12 62 27 45 80 3 88 71 23 93 67 43 50 72 2 52 80 26 98 10 7 74 94 84 62 66 81 32 98 98 98 5 3 93 10 84 9 59 39 99 76 91 32 62 89 35 8 31 15 43 40 53 44 10 91 35 87 31 33 29 18 34 60 19 11 37 92 41 49 85 62 19 24 73 29 74 72 31 9 50 14 92 97 94 4 13 90 53 55 91 90 30 30 63 48 42 32 66 78 52 54 82 17 42 22 18 4 70 15 47 63 27 91 96 41 5 49 50 40 50 94 91 44 51 69 60 95 70 30 14 7 33 29 22 12 11 36 67 96 94 46 47 40 77 96 61 73 82 95 98 35 70 0 67 84 60 65 42 76 36 73 30 8 17 34 20 60 68 60 19 38 2 52 68 23 76 14 51 84 30 80 45 14 86 4 10 21 73 60 64 11 66 32 28 39 54 80 29 92 88 31 27 25 70 39 86 37 4 69 91 35 39 91 78 61 4 44 37 32 18 20 59 33 89 16 8 23 73 69 80 13 43 
52 3 13 50 61 20 89 73 52 29 72 82 71 97 37 34 26 23 20 79 95 98 53 66 69 30 5 55 83 6 6 9 33 82 86 50 67 95 27 91 29 0 45 80 81 44 81 46 58 97 85 16 89 27 59 55 71 77 63 62 95 19 35 54 48 24 25 23 84 42 11 34 30 33 94 35 69 96 13 78 54 14 51 10 28 63 52 14 6 53 36 40 29 2 4 82 46 15 37 3 98 2 82 10 24 47 17 69 71 76 30 32 29 55 43 51 54 36 75 2 61 59 88 47 64 79 70 65 11 24 22 75 79 23 91 91 83 51 48 13 74 77 3 78 34 87 76 17 33 78 52 7 62 15 15 93 98 15 92 36 63 22 81 76 84 24 99 85 15 12 78 18 88 2 52 51 90 40 26 66 79 64 52 84 31 32 38 69 81 50 79 29 57 26 37 52 57 1 45 61 31 55 60 18 3 93 9 83 57 27 2 72 29 43 86 87 1 47 9 15 18 63 85 77 55 19 10 37 94 55 49 57 80 60 41 28 36 34 15 74 27 94 3 57 74 71 78 35 35 19 38 55 65 7 40 13 51 3 81 78 11 98 7 74 47 66 97 76 19 82 26 88 68 37 25 27 56 43 96 16 7 1 99 92 34 10 56 99 78 38 61 2 43 45 60 81 18 2 1 10 39 1 68 57 43 79 57 37 5 31 57 78 19 64 95 48 20 6 15 33 72 77 86 91 47 21 27 13 49 87 47 58 6 62 23 41 25 69 86 22 70 12 16 5 80 77 87 27 72 38 87 9 72 28 57 4 99 90 40 33 38 34 2 64 74 46 42 36 54 75 24 68 19 38 78 45 70 60 33 11 31 56 48 25 20 22 32 85 95 91 39 75 11 74 15 20 60 5 25 70 
42 24 79 42 8 68 90 15 5 92 88 69 15 49 84 36 26 84 70 26 83 68 13 2 37 68 40 2 96 65 17 35 33 4 88 96 13 3 12 93 1 78 29 17 0 80 97 38 7 61 52 35 62 78 62 77 52 63 52 2 33 97 73 24 10 56 14 26 93 47 80 24 13 45 34 87 84 22 30 87 47 90 56 68 58 13 24 62 28 68 59 25 13 71 26 91 94 80 50 48 65 82 47 89 66 46 38 96 49 86 76 75 66 67 57 97 9 8 93 84 9 11 30 93 58 40 22 30 73 99 51 26 29 99 68 94 88 88 41 2 96 25 98 22 23 11 88 78 44 4 64 3 6 79 24 44 81 91 51 27 75 62 97 5 73 56 19 85 75 72 36 55 14 98 44 84 11 62 11 47 10 84 18 11 37 53 1 32 14 89 80 36 60 40 32 47 73 58 49 68 63 54 10 13 44 6 70 81 62 25 20 25 41 37 41 33 52 32 78 59 41 37 90 11 96 62 61 61 52 48 53 85 87 81 79 90 81 57 45 33 8 56 31 10 91 95 3 91 40 77 70 7 1 80 4 6 14 48 51 76 27 11 3 75 89 25 56 41 39 66 84 92 53 34 58 55 1 61 48 74 92 71 17 14 52 69 58 36 55 41 62 30 30 2 51 10 11 16 44 9 20 54 75 75 69 68 11 61 63 47 67 70 38 55 24 95 36 33 33 53 27 73 19 49 49 22 26 25 98 3 11 84 10 52 91 64 67 86 26 7 25 38 60 0 8 61 86 78 86 36 20 37 74 74 69 71 88 10 35 26 70 33 85 73 50 29 79 8 60 7 1 56 19 62 75 82 35 76 31 47 50 85 23 72 43 21 60 54 42 79 31 80 74 72 59 64 99 64 96 56 
96 75 62 58 64 50 37 70 27 13 79 62 99 28 90 70 20 57 65 33 57 49 9 55 71 76 80 93 7 74 48 18 63 27 96 72 65 11 13 10 88 75 47 71 59 55 82 11 91 76 19 96 31 15 13 52 18 62 65 48 4 19 49 8 13 87 20 9 50 93 51 88 61 23 78 98 36 59 2 39 45 98 18 10 49 46 95 33 9 70 53 29 11 30 94 5 73 38 45 31 31 51 11 51 64 40 9 55 27 47 35 98 46 4 54 93 50 49 88 99 44 95 80 20 68 47 88 16 72 85 75 45 72 81 98 78 43 3 75 34 16 93 71 33 54 62 80 80 28 41 99 78 57 89 10 89 35 52 46 51 74 59 79 43 56 52 92 19 51 43 36 7 39 81 84 50 68 95 11 51 25 81 17 35 86 66 68 17 88 98 64 53 47 17 15 65 93 44 51 17 48 17 16 67 83 4 26 22 61 55 88 6 75 30 72 28 41 60 9 2 94 84 47 94 63 35 10 67 37 72 17 16 90 5 32 16 57 94 24 26 37 16 82 58 60 95 78 87 96 63 81 90 38 8 45 46 61 48 13 86 33 29 37 92 40 78 63 44 26 90 17 64 4 7 57 1 84 22 23 2 67 24 93 43 60 14 25 49 87 16 70 8 44 14 8 21 63 65 17 53 67 5 92 42 10 19 41 48 41 28 5 99 72 82 16 7 84 87 88 71 87 92 56 38 92 68 64 11 63 49 63 29 51 94 10 95 2 62 23 59 5 75 2 68 30 38 50 40 86 51 56 16 78 80 39 61 75 3 28 35 12 7 96 74 33 18 13 26 34 72 18 43 42 63 73 99 64 44 24 20 33 5 92 53 48 47 84 7 54 74 25 31 50 74 8 38 52 12 53 37 
24 78 38 26 34 99 51 47 3 79 25 38 42 53 36 48 84 82 82 30 37 41 97 4 88 39 19 20 37 53 92 27 65 64 88 82 18 68 15 0 7 80 37 65 50 9 9 34 15 64 53 92 88 41 95 59 44 18 78 68 0 57 8 28 53 69 3 66 17 90 89 42 44 6 73 59 46 27 42 44 70 62 46 75 91 18 15 62 32 14 61 46 77 47 88 72 51 94 11 49 41 28 10 93 81 74 3 59 77 99 43 40 47 4 36 42 45 87 98 51 41 92 70 34 88 56 61 23 93 94 69 21 52 86 88 37 28 60 34 17 38 30 69 88 14 9 95 4 43 41 31 24 95 3 39 92 4 87 5 77 17 50 96 17 99 9 86 58 23 27 59 5 44 91 15 15 13 18 87 23 25 76 78 15 53 92 27 64 86 53 75 94 28 97 72 89 18 17 69 4 47 31 36 71 0 36 25 48 18 30 41 42 55 63 48 54 80 26 90 78 82 41 68 2 6 32 37 4 97 33 23 55 47 53 84 88 94 18 24 49 7 70 13 53 13 50 59 7 45 98 45 42 88 44 98 62 62 39 96 80 12 90 71 28 9 97 83 66 70 3 75 9 62 49 85 64 2 90 14 69 46 23 3 12 60 97 84 64 46 61 44 16 90 63 85 97 87 90 10 74 23 95 58 52 0 40 3 31 44 11 18 36 60 7 37 97 1 41 62 65 12 63 10 93 48 33 14 11 7 49 36 93 3 5 93 70 8 70 38 26 77 80 97 0 26 79 13 51 5 92 9 90 81 4 45 41 18 88 85 11 27 85 57 85 76 54 85 51 80 60 94 5 66 38 46 57 94 29 29 11 14 5 16 25 13 97 65 37 56 23 2 7 80 63 34 95 99 34 9 15 
74 18 32 73 22 68 14 63 10 1 9 98 97 45 83 60 4 81 46 13 34 7 18 41 33 39 22 20 48 12 26 86 55 79 11 44 83 27 19 78 27 30 35 15 1 15 91 14 85 85 61 10 15 83 92 52 88 96 69 35 14 28 67 80 23 0 16 91 31 11 0 22 33 9 25 45 36 60 31 6 26 29 9 22 44 4 64 47 87 3 20 99 15 0 48 17 14 28 25 63 43 59 30 88 87 54 51 22 88 32 3 86 97 88 18 23 57 93 87 64 39 23 82 54 49 81 93 14 35 4 16 26 79 15 3 62 51 40 83 97 71 58 23 73 7 30 45 3 38 15 87 42 92 77 87 23 5 1 71 53 64 55 25 62 51 64 86 29 55 31 19 98 15 34 16 47 0 48 5 4 27 9 75 49 26 4 64 14 91 32 65 51 43 70 50 33 59 34 59 78 68 48 86 8 0 5 85 24 23 90 78 44 51 56 0 53 28 9 36 79 67 50 99 21 25 93 17 89 22 24 79 23 26 39 5 89 36 51 79 84 62 27 5 65 24 76 60 90 88 47 55 90 44 6 78 9 62 23 13 57 13 75 17 86 37 39 55 20 41 59 57 39 3 92 52 18 76 64 98 92 64 35 1 99 24 92 49 29 73 21 23 13 24 3 53 14 13 77 84 94 61 26 23 1 3 37 86 71 60 21 99 91 85 77 15 42 93 9 8 56 88 34 22 53 67 27 12 86 97 0 60 21 58 55 61 82 90 41 28 8 47 22 61 20 15 4 32 3 56 29 92 70 97 71 82 49 42 11 33 20 42 21 52 26 80 55 64 23 91 4 0 97 31 84 94 5 57 37 17 14 41 99 52 42 69 27 71 29 32 92 28 27 68 36 87 17 65 46 71 66 
76 19 49 54 22 98 86 79 49 51 60 60 59 76 80 50 36 59 50 97 43 82 25 51 63 36 89 51 68 83 66 52 79 70 84 75 86 61 67 35 97 83 51 67 76 19 84 1 70 42 42 77 65 96 97 72 87 33 75 98 64 34 78 54 73 64 7 8 73 76 51 99 14 24 70 52 10 65 81 99 46 81 0 5 11 95 91 98 35 32 56 47 14 72 78 10 34 66 53 49 19 92 58 33 80 91 59 44 66 58 34 84 74 36 67 5 76 10 4 5 8 97 8 35 34 9 86 58 42 95 79 42 86 93 54 59 78 92 92 85 36 13 16 24 0 54 19 10 14 14 7 33 7 75 32 49 60 32 99 69 76 0 43 48 80 6 53 35 30 22 1 5 31 22 45 24 9 80 24 38 59 55 16 90 69 47 59 52 43 38 56 10 26 81 92 9 35 32 75 84 58 69 12 11 49 50 20 18 52 9 15 90 36 20 95 80 5 45 45 66 61 27 9 51 74 33 38 51 65 78 90 61 55 14 15 27 8 5 46 7 91 66 47 83 21 69 17 76 58 24 79 22 72 42 91 23 17 41 22 80 7 61 76 20 53 25 61 60 45 62 45 56 80 94 8 16 46 7 33 80 43 0 8 67 93 67 9 26 46 76 75 54 52 69 56 48 16 30 27 68 84 78 80 31 84 98 47 0 91 10 7 30 45 78 8 99 88 91 83 92 27 74 61 75 42 97 3 29 47 43 88 54 1 80 27 97 35 6 39 33 27 93 80 24 16 90 15 97 12 14 77 17 26 57 37 1 39 85 92 47 52 7 44 74 27 1 75 83 37 69 88 62 75 49 3 64 84 51 30 57 71 39 4 65 17 71 21 99 60 42 51 86 73 88 59 28 11 53 87 52 
94 27 94 78 47 74 76 16 72 42 12 55 59 79 15 96 70 52 60 89 41 88 16 63 55 74 58 4 58 15 75 95 81 82 86 27 35 75 40 46 46 62 50 52 21 21 11 70 30 29 27 71 2 14 36 56 14 79 24 34 22 12 59 10 44 23 83 32 23 96 82 17 4 36 27 22 25 58 2 16 8 22 60 97 87 21 2 46 33 4 42 35 79 75 40 52 97 97 70 37 46 58 34 25 51 16 55 22 54 26 78 56 58 38 90 63 55 48 86 45 2 47 50 5 27 9 30 49 24 74 26 62 58 89 72 98 59 37 6 60 50 64 39 83 30 77 42 85 55 44 37 34 79 24 55 93 12 57 83 89 47 50 23 83 33 56 85 64 71 31 81 25 35 89 95 18 13 65 2 27 23 29 14 19 57 11 86 96 4 40 1 28 25 78 61 85 0 68 72 15 33 87 11 19 58 56 72 51 35 79 20 1 79 98 57 46 0 75 37 56 25 85 63 54 17 34 73 6 6 40 78 79 59 17 16 64 47 29 70 4 24 62 8 68 63 56 83 22 76 4 63 39 15 57 26 55 20 85 46 99 53 29 58 44 70 52 85 62 90 14 67 60 43 72 1 6 2 78 19 18 88 15 80 51 4 32 24 83 34 88 68 33 59 99 80 2 54 57 97 31 55 85 89 74 97 65 99 40 45 48 73 44 9 44 32 86 70 25 39 22 31 58 52 22 65 21 88 41 35 12 60 38 69 98 40 64 23 82 30 79 24 92 94 71 51 86 24 87 19 57 63 93 82 0 73 68 99 71 7 82 8 24 43 31 41 42 30 45 63 59 19 13 59 8 13 35 58 62 92 42 1 59 62 74 65 45 67 85 73 38 4 79 7 25 44 9 3 21 53 1 
93 87 81 16 58 0 70 72 14 47 62 91 57 0 54 50 90 78 35 39 87 46 27 85 62 4 58 86 71 6 80 12 95 15 28 75 44 17 49 86 39 42 60 22 14 91 63 2 10 79 0 41 60 62 65 17 46 41 70 57 48 77 24 58 55 14 0 61 99 79 83 9 20 6 1 39 54 85 27 9 41 79 50 18 97 95 57 25 98 71 30 2 60 60 79 87 91 49 34 28 21 13 79 9 50 52 34 62 7 6 60 14 6 6 70 52 26 25 47 59 32 55 81 81 13 12 84 75 61 7 94 11 95 87 90 50 25 88 97 59 62 21 26 99 99 41 67 66 91 7 64 2 58 44 28 3 40 8 20 34 25 65 34 94 60 79 14 64 9 77 97 14 91 34 91 71 78 92 49 4 24 5 43 66 62 47 37 94 21 22 81 41 13 27 44 45 10 3 61 15 5 4 27 27 54 63 9 73 76 23 16 22 44 88 32 62 62 28 6 27 28 38 74 2 92 16 35 44 19 83 19 32 83 80 49 46 95 93 7 79 29 52 29 96 21 0 91 40 14 78 55 26 80 49 47 58 65 85 52 91 89 84 19 41 85 42 14 4 13 87 58 64 40 94 11 46 81 92 61 7 12 77 34 64 54 87 97 50 69 37 97 30 2 9 5 72 88 81 38 11 61 47 45 0 51 51 47 44 1 57 21 75 50 63 57 59 79 91 63 16 48 73 4 93 30 39 33 47 40 46 98 33 43 49 64 59 72 48 83 11 12 26 36 84 30 61 0 85 36 74 97 94 81 12 65 25 31 26 36 28 25 13 33 44 19 78 55 9 16 36 26 81 32 40 41 11 86 62 61 24 60 91 96 55 18 3 35 84 47 97 24 70 62 9 39 6 65 26 71 23 
67 55 45 75 63 79 56 58 55 3 38 14 38 35 31 30 9 46 30 48 44 85 24 28 8 90 81 62 80 88 75 99 13 7 38 58 30 62 41 2 12 23 59 2 45 77 58 25 76 36 62 39 36 33 33 92 92 38 78 35 13 4 76 38 10 41 96 80 77 53 5 11 71 8 6 23 10 58 5 39 76 89 36 35 96 54 33 17 39 50 14 67 5 24 92 77 49 76 39 7 32 21 31 58 78 74 29 23 77 30 49 36 40 14 87 22 11 40 79 55 20 57 69 13 9 29 21 10 95 78 16 17 79 74 83 77 18 26 71 1 50 80 9 48 63 11 43 42 59 18 76 90 70 41 84 45 72 18 7 3 80 75 1 76 53 63 70 2 79 96 69 69 13 9 18 39 12 67 28 46 2 92 35 74 24 10 58 83 57 89 68 18 40 20 1 95 79 13 43 35 17 99 22 23 73 20 51 5 92 63 27 37 89 75 48 91 95 29 56 31 11 86 38 53 79 89 13 34 97 20 34 74 60 84 22 71 91 26 96 42 11 71 88 37 88 19 19 21 27 54 1 73 39 26 61 66 40 77 99 37 3 91 84 18 71 14 93 41 79 14 53 74 77 50 49 77 23 47 97 80 36 32 13 9 97 97 23 19 0 45 14 64 45 38 80 30 83 50 84 10 37 77 99 98 6 52 48 9 2 28 5 81 6 99 4 24 29 62 58 3 43 4 75 87 26 14 22 8 0 8 6 32 17 82 89 68 45 54 84 97 84 1 51 70 24 17 87 16 94 62 13 10 53 27 61 30 68 47 18 47 62 59 67 48 58 6 23 77 16 24 14 57 54 79 48 24 83 36 61 98 78 40 41 64 50 74 76 33 9 4 25 39 77 68 32 15 86 97 14 50 
5 81 92 85 44 86 91 88 43 0 26 35 79 17 45 53 25 32 56 16 14 62 7 44 24 22 32 35 11 42 85 5 41 10 68 62 10 17 84 37 68 74 11 5 22 85 69 33 72 77 98 51 94 68 10 22 20 65 92 30 34 42 4 32 51 15 18 46 24 73 12 78 26 81 67 2 47 11 37 56 89 43 25 23 51 79 56 97 17 35 26 34 70 64 84 18 69 90 13 82 81 65 2 53 52 70 78 4 82 35 86 42 9 19 57 66 39 59 44 94 3 22 52 33 93 21 48 46 61 58 53 31 62 77 62 1 56 13 89 69 42 6 27 11 35 56 39 65 31 79 22 31 2 10 9 94 25 32 32 2 0 25 66 99 67 35 41 93 44 69 39 40 60 48 52 12 41 23 82 53 55 83 11 65 78 8 70 64 80 22 85 37 26 28 41 12 48 69 2 35 65 59 60 5 92 56 66 27 69 19 54 45 23 24 82 85 26 11 62 77 52 59 98 99 87 58 28 8 13 51 53 62 34 26 49 3 10 67 80 74 33 30 88 36 35 62 79 5 83 45 13 80 25 82 7 68 27 96 42 77 53 30 46 10 73 71 28 92 10 25 22 31 15 32 43 76 42 64 95 14 17 51 12 33 5 40 60 60 65 49 20 54 82 58 78 11 0 86 84 75 35 81 97 80 99 62 39 24 53 3 97 93 4 3 37 84 46 20 18 87 54 46 32 95 66 30 24 33 76 50 94 36 55 27 84 31 11 76 93 91 24 95 1 61 87 93 2 25 26 19 52 93 86 42 73 99 22 14 37 76 97 71 68 80 88 64 79 98 5 25 48 7 35 26 0 29 48 5 79 68 7 72 11 90 53 14 4 20 58 88 16 69 27 78 73 21 7 64 19 88 
47 82 44 43 86 95 29 15 1 81 99 2 6 24 89 19 87 66 76 89 29 98 1 10 2 91 41 60 72 42 55 77 31 10 13 27 60 4 4 62 67 20 58 69 58 59 24 90 51 53 69 90 16 36 16 60 25 89 65 13 94 51 47 40 62 98 52 63 63 98 18 50 2 12 44 26 85 68 68 8 51 95 27 87 84 99 58 16 5 73 64 77 7 86 68 19 75 90 16 75 85 60 9 23 65 38 10 78 97 83 15 50 57 66 19 93 15 26 38 68 86 34 18 98 93 52 36 17 12 89 22 68 71 83 28 57 86 33 35 79 87 45 39 50 14 27 12 70 49 62 12 46 16 89 8 74 61 24 14 74 51 87 84 60 84 98 68 60 31 93 91 67 39 66 24 50 65 69 99 63 8 27 13 4 11 46 1 47 99 51 7 27 5 69 44 88 78 46 35 8 33 72 15 92 21 1 32 17 28 70 66 0 39 80 20 36 58 0 65 11 54 61 1 10 58 43 2 73 87 6 12 73 0 44 70 24 52 11 5 86 85 66 99 58 69 90 53 97 83 8 61 8 24 81 27 60 62 4 56 77 36 36 63 28 40 9 80 46 42 64 30 27 61 18 42 59 83 96 16 75 76 81 76 64 59 88 93 77 8 45 64 54 1 25 61 11 96 24 34 89 49 3 36 7 12 10 65 45 85 15 54 89 34 88 30 86 96 25 84 62 58 10 82 66 46 47 89 23 49 73 43 71 90 44 98 22 34 17 38 6 62 3 90 61 24 88 0 62 59 13 99 77 70 2 20 95 87 10 79 37 20 59 19 87 97 80 36 40 91 36 57 80 60 55 29 10 48 34 61 64 92 79 46 56 13 81 24 4 59 29 4 51 27 10 98 49 57 39 51 89 
14 58 76 54 5 43 82 52 12 33 77 80 58 92 14 93 55 0 66 4 19 65 51 35 94 16 13 21 44 28 81 65 44 96 81 32 50 76 41 4 26 82 48 78 75 96 34 86 35 35 8 25 75 14 84 20 83 50 23 11 84 92 52 32 53 21 87 66 27 42 10 48 99 5 99 78 77 70 82 93 95 17 48 74 91 46 12 69 56 83 53 47 90 50 28 14 53 26 35 55 28 64 70 97 50 81 13 80 21 39 15 76 13 3 5 79 47 44 22 16 14 73 49 37 94 31 52 40 88 31 60 53 25 11 48 67 94 15 39 0 50 66 64 94 38 40 32 12 10 58 78 56 93 0 25 74 15 67 48 0 9 11 26 55 81 54 13 3 86 98 51 71 26 23 41 71 54 65 72 97 6 85 25 17 33 5 53 60 27 69 48 52 1 67 25 78 77 42 15 15 20 19 55 39 31 24 70 63 49 41 65 74 73 92 49 27 10 20 68 21 20 49 33 50 57 54 14 84 49 63 48 81 54 17 15 69 3 19 84 94 46 22 11 31 72 52 85 46 35 96 30 59 75 33 90 20 30 89 4 86 49 44 84 43 84 61 89 6 92 0 62 84 74 13 43 5 18 16 10 30 94 14 99 27 88 82 55 80 55 7 76 12 85 57 5 43 16 39 67 45 42 4 61 21 30 52 16 14 13 41 46 7 1 41 60 30 11 35 41 52 95 73 64 7 52 12 41 87 49 98 65 93 83 3 84 25 47 27 14 59 7 22 60 65 13 70 91 19 16 69 39 87 17 7 38 61 63 90 31 49 58 10 93 80 93 80 43 81 28 21 22 61 77 32 32 92 89 84 3 57 26 71 17 68 94 16 58 52 50 86 92 68 52 72 57 13 42 56 30 71 
80 7 11 14 15 83 51 13 91 92 29 98 86 99 23 81 34 36 78 34 69 30 55 12 79 36 24 79 48 62 14 12 46 12 85 4 69 90 52 10 49 90 71 37 60 85 50 41 49 92 84 49 92 94 92 53 55 10 23 88 88 67 10 21 39 25 77 93 3 50 84 73 64 1 52 90 32 39 65 28 50 32 88 51 78 27 24 59 63 96 45 59 85 82 10 76 75 22 46 95 4 62 33 16 8 37 61 17 37 6 21 90 59 64 96 78 73 13 45 98 28 85 38 32 57 92 87 59 38 38 80 5 45 99 5 25 21 36 13 66 1 8 73 7 94 82 10 17 43 15 34 34 11 59 18 23 34 57 52 80 20 66 60 67 50 76 15 50 47 55 84 61 98 77 29 23 12 41 61 36 73 1 40 35 2 90 26 36 37 8 69 53 76 53 64 41 67 50 20 5 65 49 14 82 93 81 1 15 41 19 6 19 3 13 97 65 69 76 97 56 38 85 75 53 35 8 99 35 60 49 91 69 92 24 68 17 34 31 54 93 77 84 32 66 56 68 80 21 14 34 28 13 29 69 52 88 65 26 30 41 12 76 44 58 16 12 9 11 57 75 91 30 19 29 19 93 45 89 9 97 7 11 45 24 58 16 31 33 98 96 19 99 65 76 4 47 25 38 94 50 17 74 64 71 36 38 75 64 3 74 53 22 58 40 34 53 88 86 81 62 38 29 89 65 41 0 10 50 79 14 37 75 91 92 66 18 36 50 73 27 44 27 19 25 9 16 79 81 40 81 56 82 61 62 25 75 85 5 78 42 41 79 20 7 40 4 72 13 95 62 44 10 8 61 31 60 41 53 55 2 50 48 83 29 10 55 5 85 28 58 68 0 8 26 83 80 46 55 98 58 
57 98 81 57 53 96 22 57 5 91 65 62 78 33 3 8 98 55 39 64 20 32 89 94 84 74 60 84 41 32 77 23 38 68 6 65 22 23 35 71 55 63 12 20 0 28 34 89 77 7 95 62 99 74 88 1 41 0 17 50 51 32 80 79 21 43 1 40 78 79 62 25 81 21 53 51 83 67 6 37 67 6 35 48 54 5 61 25 19 3 77 97 46 54 27 57 31 17 46 76 38 3 4 73 8 44 14 81 77 19 63 56 55 9 85 3 97 53 17 38 97 8 93 23 23 75 15 27 24 39 43 11 6 44 71 70 68 37 43 17 84 67 88 79 71 95 1 94 24 21 39 77 25 63 48 43 62 47 87 20 96 84 30 3 37 26 58 36 93 91 18 15 96 28 81 36 41 1 93 32 83 18 92 76 49 39 82 89 95 25 63 0 10 85 35 90 9 44 30 23 18 23 49 79 59 65 82 25 34 55 75 83 77 59 14 73 62 33 36 37 78 73 39 99 68 65 80 26 84 2 69 47 17 76 67 97 0 12 80 8 18 8 82 58 63 5 27 98 84 64 4 19 50 65 28 45 72 69 51 82 11 45 66 92 96 47 5 5 2 77 74 51 96 1 15 84 49 19 95 85 10 9 85 43 36 10 81 66 63 36 27 42 58 25 58 74 4 60 17 87 2 45 8 77 14 33 33 71 99 6 92 1 38 35 96 37 84 99 35 91 53 59 53 74 49 33 91 74 21 26 25 79 92 4 34 49 14 96 24 78 93 46 72 74 66 3 23 41 26 22 96 10 53 58 60 94 24 70 95 70 30 50 77 97 44 85 89 57 13 36 41 81 66 58 2 67 99 92 77 48 82 47 22 16 81 8 16 2 78 75 6 11 89 59 80 38 89 93 48 28 
27 23 26 0 40 71 23 42 9 43 98 96 55 83 81 2 55 42 77 78 92 29 70 6 88 6 70 52 9 39 36 18 43 53 22 43 57 84 58 62 71 88 19 42 75 14 83 54 32 51 0 54 2 56 85 33 20 30 47 32 6 76 52 83 23 79 94 99 10 6 39 83 67 46 3 23 16 59 18 62 72 16 64 74 96 15 55 34 17 68 72 95 1 32 8 43 89 77 40 2 46 88 78 33 43 62 74 25 11 51 22 48 35 40 82 35 46 42 94 83 46 40 64 31 70 38 96 86 42 14 83 73 35 51 96 36 20 71 85 18 12 25 5 98 88 88 56 11 47 51 68 22 77 29 39 54 41 70 85 32 14 47 75 13 63 26 28 49 18 34 47 53 90 62 29 63 65 11 88 63 12 55 81 90 84 71 10 87 93 9 86 66 9 91 97 40 35 18 19 26 29 66 36 29 2 45 25 62 72 54 6 0 9 81 83 58 76 64 80 5 95 79 60 70 67 51 24 20 47 71 59 88 16 8 57 64 61 35 78 45 50 17 96 44 58 27 72 64 33 57 85 66 35 7 73 61 95 58 60 99 11 4 50 24 8 60 73 89 29 64 43 27 11 91 12 69 63 97 87 11 39 65 85 9 53 98 43 24 42 97 2 11 59 10 72 52 42 41 8 16 22 39 24 24 34 93 98 98 19 8 81 67 77 50 5 22 77 96 94 69 56 48 45 67 78 56 47 22 19 64 86 9 14 41 6 48 5 94 28 66 72 44 85 0 41 40 64 9 18 51 96 78 57 42 73 30 41 51 49 20 82 0 88 80 23 93 43 79 10 91 4 95 20 68 39 10 17 48 39 22 78 26 99 61 33 7 38 10 72 6 22 60 42 10 57 89 31 24 45 29 
6 72 21 52 16 80 31 62 38 14 73 97 75 15 63 32 43 25 17 34 19 46 92 25 42 9 66 12 64 69 92 75 21 80 40 89 32 90 58 54 68 69 66 18 82 63 26 66 80 1 82 78 46 67 97 62 3 74 13 41 39 5 11 59 50 51 44 38 59 15 63 83 42 97 18 86 27 13 38 39 12 2 31 98 36 4 84 49 9 4 29 85 91 51 42 90 95 46 49 83 42 78 34 9 98 12 54 47 53 22 26 91 39 46 30 2 31 2 82 1 84 88 67 66 10 32 33 77 90 45 63 88 14 9 36 65 42 80 61 66 94 17 99 30 65 13 98 46 85 44 94 26 88 42 81 21 70 12 17 22 76 91 59 33 57 12 80 5 87 61 19 92 68 35 4 96 65 72 87 34 79 91 36 0 48 65 14 75 68 98 29 35 61 13 32 46 43 36 54 27 81 4 73 51 12 19 73 25 49 15 78 55 8 6 4 35 98 90 74 94 52 71 57 18 57 66 79 8 30 65 27 86 39 16 26 89 54 86 10 89 63 93 78 7 58 98 35 35 72 0 98 0 22 82 62 41 47 31 18 77 29 26 74 73 83 62 46 64 69 28 4 56 60 46 56 79 31 46 80 8 42 72 81 59 1 96 19 7 49 44 67 63 35 52 19 78 35 62 26 22 23 8 82 30 91 76 74 4 52 71 4 27 18 73 15 89 95 13 48 47 85 96 38 56 33 18 31 56 56 63 89 18 66 67 53 75 14 33 26 96 97 69 9 30 11 92 20 89 66 76 77 67 12 39 69 66 27 41 21 27 42 66 51 60 3 16 3 28 87 33 64 89 30 7 49 18 68 45 45 7 27 1 83 62 26 83 62 47 4 8 13 11 93 30 24 3 58 76 98 83 
75 13 70 29 99 30 56 96 6 71 29 39 46 13 53 64 22 89 44 73 42 84 11 28 45 8 49 21 7 74 46 42 42 64 86 14 7 53 0 98 49 31 81 33 42 76 52 37 38 52 40 63 71 5 60 26 1 8 62 33 13 79 33 31 92 8 51 87 11 1 71 90 17 12 96 49 57 29 23 77 8 13 1 20 4 82 87 89 74 93 89 75 94 67 93 80 29 18 98 12 19 5 65 7 73 91 70 99 49 49 86 44 41 15 75 98 13 0 93 1 40 19 24 0 52 53 69 84 28 60 86 29 95 38 56 44 47 3 55 75 31 91 73 35 13 48 35 96 86 18 60 74 47 67 18 74 44 93 50 2 3 58 71 98 51 12 66 35 37 41 72 85 3 48 65 8 3 32 84 66 63 37 14 24 82 41 19 46 77 53 67 28 0 92 69 27 58 46 26 7 48 84 96 21 16 88 13 52 29 77 54 4 7 96 95 28 99 0 36 84 49 2 0 85 3 32 93 72 70 69 81 56 20 74 68 24 12 86 21 96 77 48 69 26 31 76 82 64 88 97 40 33 42 87 38 97 2 9 82 73 61 48 18 10 60 40 54 80 13 22 66 26 68 35 50 96 39 33 71 10 10 40 27 91 58 26 47 20 88 73 37 50 60 24 69 61 50 4 84 95 32 21 71 32 30 22 48 27 51 94 98 8 65 95 58 4 83 11 42 74 52 0 89 75 46 80 46 1 4 10 50 55 69 47 4 68 91 45 3 13 7 95 16 32 17 21 88 98 61 79 44 15 27 28 94 1 21 41 38 22 75 61 34 30 40 36 78 20 82 67 88 63 66 82 51 25 37 64 33 51 86 70 23 95 45 42 4 94 71 34 80 12 83 82 86 70 17 66 84 75 
73 72 70 38 45 36 78 22 34 61 38 21 73 63 26 99 46 61 0 71 5 32 49 64 88 57 14 9 23 24 58 16 2 41 10 12 76 84 46 33 48 43 74 18 89 50 9 9 65 22 57 1 15 47 67 28 17 93 84 30 71 0 81 61 42 38 62 11 11 23 85 25 95 27 41 65 87 93 45 10 16 88 79 62 81 98 72 93 4 54 98 97 57 94 44 57 40 22 80 37 26 60 70 70 55 56 36 34 43 62 45 83 41 13 63 88 35 42 44 44 79 29 47 58 33 83 83 88 42 42 39 84 44 73 86 68 16 67 14 13 48 1 37 10 93 41 36 90 64 82 5 67 83 66 20 9 66 79 14 66 66 5 16 51 79 50 96 87 33 47 27 6 84 95 26 69 56 5 86 32 41 91 93 44 87 32 64 94 82 5 30 3 34 72 78 61 97 21 76 95 31 49 55 33 85 35 91 7 85 33 93 21 90 16 88 25 5 88 55 73 23 22 2 79 68 66 21 48 51 51 10 56 6 9 39 62 68 22 60 67 6 40 38 87 91 14 48 92 15 53 1 58 86 33 47 71 60 96 38 31 77 19 99 34 58 90 82 77 41 64 38 27 81 31 24 5 44 81 79 92 35 0 67 73 19 83 91 21 76 34 80 42 2 70 18 62 19 81 80 46 96 4 76 62 7 37 52 31 64 52 60 5 15 97 48 58 26 56 40 70 15 35 95 97 71 67 55 98 60 25 26 82 45 67 34 80 52 47 17 41 25 40 20 75 47 99 32 6 62 43 78 27 12 84 91 60 49 36 75 39 58 23 7 51 55 80 52 21 56 73 75 55 17 60 30 14 57 18 40 51 69 77 99 30 8 88 9 12 18 49 21 46 89 34 72 99 75 12 47 57 
90 82 10 46 85 73 38 30 8 27 83 51 41 29 77 85 11 44 44 15 18 87 17 10 69 43 95 20 13 7 82 60 67 2 71 0 92 10 40 67 31 22 33 8 95 47 64 30 1 75 56 14 7 2 28 90 14 54 50 60 93 48 30 34 99 82 61 86 24 12 41 97 95 18 27 8 30 53 54 3 25 26 2 69 28 53 1 76 75 34 69 13 27 27 10 15 38 98 52 89 51 90 24 96 72 28 96 85 36 73 57 3 36 32 65 57 76 9 56 91 14 67 78 21 10 74 18 3 4 13 41 43 94 1 54 0 37 84 96 89 87 75 92 33 23 22 21 0 4 77 62 22 53 2 35 75 96 62 62 35 53 84 51 66 33 73 1 50 36 9 48 55 44 72 88 59 76 12 43 76 80 38 66 59 57 7 55 14 87 5 31 41 44 23 70 20 64 41 20 48 47 19 67 95 19 44 88 48 55 45 66 39 95 83 24 53 25 42 51 64 8 55 52 22 6 1 15 87 35 14 4 95 91 51 61 73 48 82 44 96 94 50 18 95 91 41 72 56 95 89 30 60 2 8 37 7 7 42 25 29 49 43 63 28 88 37 2 36 51 50 56 35 59 86 24 31 98 16 91 20 69 27 60 58 99 63 39 26 47 35 40 60 63 85 16 14 62 60 55 79 99 22 33 61 20 66 67 83 65 19 4 61 24 50 69 26 17 64 57 9 34 20 25 7 85 71 27 16 73 33 47 79 21 7 30 35 19 26 95 3 60 35 84 95 40 82 18 16 57 92 35 15 7 64 75 78 11 42 4 68 16 55 67 29 29 96 12 83 64 93 49 58 39 55 42 35 65 5 90 97 75 7 26 39 47 88 10 1 89 74 36 1 60 87 30 37 55 79 58 66 
37 87 63 34 10 48 74 95 83 84 34 83 83 36 33 39 66 7 82 48 54 90 87 11 9 9 16 95 87 24 88 8 52 85 40 62 36 53 48 20 81 86 56 75 41 52 64 74 52 26 36 11 96 15 99 57 67 96 29 76 60 40 2 2 99 19 33 23 62 83 49 23 20 24 30 86 64 66 43 0 57 41 11 94 53 16 30 37 78 8 6 34 4 43 49 34 96 44 0 79 60 62 68 46 24 45 52 78 89 31 71 5 40 35 8 53 22 38 43 74 53 70 74 42 93 88 48 30 72 45 20 11 14 17 13 99 61 79 16 32 4 6 27 13 27 52 57 93 82 28 51 96 77 58 25 85 28 72 35 40 54 89 5 79 0 16 33 24 95 82 76 9 17 61 36 76 16 93 49 96 35 11 8 28 67 75 76 34 61 66 59 54 44 9 60 96 77 41 23 27 97 3 84 52 56 1 64 15 40 82 1 99 35 14 16 56 76 46 42 36 27 15 6 23 72 57 84 84 94 69 55 47 41 14 46 52 0 40 26 80 3 66 63 87 87 78 87 5 67 55 31 97 87 70 15 99 47 8 37 88 83 31 13 92 37 42 4 19 54 70 79 88 44 86 42 58 87 79 12 63 31 77 11 96 50 92 99 29 9 30 44 65 32 20 62 62 30 40 94 76 2 86 61 55 40 38 74 94 79 4 23 83 35 40 83 97 14 13 84 99 70 17 88 54 13 47 9 28 3 19 6 95 20 57 19 66 4 73 60 25 99 46 68 83 12 69 71 83 27 40 73 88 10 14 13 74 85 22 71 60 78 12 34 32 68 62 77 99 18 3 54 65 62 4 40 49 66 76 61 48 63 22 47 12 80 64 28 67 62 33 79 25 41 10 61 23 57 18 8 68 
34 97 83 9 77 19 6 31 5 96 39 39 76 78 33 47 33 60 68 84 74 42 9 56 85 62 68 56 57 53 27 52 42 79 60 1 36 6 14 11 72 58 12 49 44 41 35 42 61 25 61 93 10 82 45 51 74 40 93 31 18 62 94 26 32 32 95 1 51 54 56 40 49 13 53 88 61 10 69 3 24 37 68 46 6 64 88 7 36 75 42 32 81 90 45 4 2 29 95 17 54 59 37 94 18 34 28 13 12 66 96 43 18 96 71 43 53 69 13 24 43 52 79 59 38 12 1 93 14 1 93 9 28 56 5 56 64 89 67 32 64 56 55 34 42 96 21 0 33 56 41 95 30 50 95 29 68 21 54 1 37 69 16 81 15 26 18 36 79 33 58 69 75 41 62 21 34 86 59 13 8 55 2 82 6 70 42 4 5 76 42 68 42 76 56 57 69 16 50 13 22 78 51 97 51 53 14 6 32 41 23 30 63 70 10 79 15 3 36 65 99 14 19 34 71 95 61 41 3 19 16 63 55 66 60 34 89 63 82 63 13 90 44 47 70 14 85 76 73 2 22 9 55 10 44 35 98 50 48 21 80 2 45 94 76 86 25 54 5 20 86 62 52 56 50 8 84 7 61 3 28 71 3 10 65 17 94 11 8 24 88 66 86 38 39 46 54 29 48 39 31 43 55 9 3 85 94 42 51 8 16 78 67 41 11 66 40 91 19 62 81 26 17 26 23 6 20 96 29 68 27 59 90 93 96 3 16 45 27 23 33 18 73 27 16 0 43 16 78 63 49 92 73 87 68 2 16 95 48 78 9 70 18 97 56 41 61 12 44 97 93 77 83 44 33 73 65 62 17 51 97 74 60 34 71 96 96 11 41 33 30 33 37 93 75 53 23 28 15 71 
47 93 65 42 1 71 75 0 79 60 56 81 34 35 3 54 5 64 89 51 94 55 82 98 31 17 48 6 72 38 32 78 53 72 10 12 78 18 91 96 90 89 65 93 13 35 78 49 1 64 96 36 59 38 4 7 5 15 76 22 3 26 35 64 58 35 24 89 24 50 82 13 1 67 90 27 78 65 25 20 92 56 24 97 3 97 69 30 48 51 32 80 35 93 85 61 97 69 64 95 1 71 94 67 17 66 62 35 24 62 33 61 50 23 81 10 19 25 96 65 51 8 47 8 78 42 60 97 75 23 81 33 58 24 54 10 83 19 14 21 37 2 32 2 42 42 64 70 79 85 49 46 40 99 49 50 54 86 15 69 64 0 55 87 31 62 63 90 41 50 33 69 51 32 37 2 82 44 0 87 47 50 5 72 13 23 26 67 80 44 82 67 8 61 27 93 8 76 71 87 39 70 75 15 23 44 97 57 12 54 45 88 39 68 82 38 4 41 63 97 52 45 74 52 55 58 67 35 33 35 37 50 99 83 84 8 28 68 50 90 81 51 15 13 54 54 15 42 15 1 35 69 58 21 42 16 52 66 74 9 97 10 65 21 71 51 73 78 96 41 71 27 73 40 23 18 50 73 77 47 50 42 82 19 69 15 91 84 21 54 37 31 85 82 4 49 85 24 9 74 9 78 85 59 76 16 8 43 65 24 26 77 23 61 41 72 78 7 63 78 84 9 46 65 29 75 81 75 63 46 24 61 69 60 23 6 81 64 39 9 96 16 25 28 76 45 39 30 97 22 48 88 97 48 16 91 85 48 0 41 5 14 79 81 98 18 1 92 82 96 10 86 22 32 55 56 27 6 0 15 90 24 50 32 62 74 23 2 93 5 14 57 13 87 61 32 36 50 39 69 
77 11 47 27 45 61 70 21 94 14 77 93 9 16 79 32 6 84 72 8 80 23 82 30 22 46 54 88 13 65 42 58 31 98 2 33 51 66 5 79 98 27 49 86 58 75 93 7 32 97 62 70 59 86 12 31 71 95 67 11 76 42 21 9 15 8 53 22 81 20 69 19 98 29 24 25 28 21 63 41 45 90 21 29 66 86 21 66 73 61 7 40 92 73 37 7 3 78 46 92 63 67 56 95 56 93 7 26 64 13 34 17 53 63 74 75 85 53 3 6 72 33 42 99 50 20 56 1 37 39 81 93 41 58 65 60 2 18 93 88 62 83 33 85 68 43 68 50 24 62 37 55 84 86 64 60 54 52 28 73 30 76 24 55 83 22 44 35 5 26 10 57 74 40 96 92 70 43 51 5 42 23 36 45 64 53 66 46 67 48 45 36 30 1 1 24 40 22 50 2 1 94 78 96 36 32 3 18 10 70 64 47 85 92 34 80 66 94 99 27 3 26 77 7 93 49 0 62 85 3 86 15 66 28 14 85 71 46 83 11 9 21 6 62 51 31 6 24 48 88 8 23 92 10 42 61 71 76 3 48 78 76 32 53 76 20 93 16 56 11 7 48 91 16 41 85 93 5 37 45 7 43 36 36 23 1 64 9 23 68 88 74 31 98 49 99 10 90 88 66 87 98 56 71 48 66 61 0 83 60 57 40 6 88 51 15 68 71 49 29 78 62 26 48 76 33 72 67 53 77 66 93 12 16 25 25 12 7 19 75 80 44 12 71 83 11 49 60 19 35 79 64 1 25 18 62 64 16 49 4 25 81 87 38 3 17 86 86 46 96 62 90 62 81 22 67 40 87 91 87 56 82 17 54 93 75 59 56 33 24 76 54 14 91 7 25 47 92 55 59 
23 53 67 45 59 34 85 25 87 21 64 29 78 3 36 39 25 24 5 86 41 76 22 61 48 23 11 59 86 73 29 18 15 49 69 20 92 75 79 3 66 69 80 96 2 39 19 59 72 77 40 88 33 29 70 1 86 44 46 26 82 34 79 69 30 17 68 75 61 17 92 27 26 81 20 18 68 30 94 18 77 58 45 87 72 50 17 18 97 19 84 0 84 52 25 14 48 76 24 59 93 12 90 23 82 0 51 73 0 27 37 20 21 18 59 13 44 12 66 52 49 31 62 95 59 86 96 59 17 7 58 62 66 87 87 81 92 20 9 55 10 54 65 1 88 98 86 55 51 94 1 75 14 57 75 17 29 26 66 71 88 14 21 62 74 11 71 24 74 30 87 39 61 44 9 29 30 29 55 46 50 85 18 27 0 64 15 13 68 44 54 86 50 20 89 49 2 55 76 40 25 9 40 48 39 1 9 73 70 68 93 0 85 81 58 81 18 77 71 50 37 13 57 35 95 45 3 65 54 36 48 16 41 26 52 60 14 72 86 31 38 26 84 19 20 49 4 3 50 8 53 42 84 84 85 52 51 31 62 32 85 45 46 38 54 8 68 94 43 78 71 69 92 40 45 13 3 66 88 99 46 64 8 88 9 51 89 36 13 7 62 56 73 75 71 93 31 72 63 22 69 79 72 49 33 38 51 48 37 47 51 35 27 73 69 32 64 39 70 15 87 0 60 24 44 34 2 97 50 93 37 0 90 10 78 37 65 39 74 35 11 53 76 13 85 57 6 70 24 90 3 54 71 88 43 71 51 29 99 66 81 68 86 28 88 79 20 27 91 15 79 2 69 79 31 31 11 57 10 46 14 84 76 79 10 39 87 19 94 49 98 85 5 21 3 26 68 3 42 13 
21 36 92 25 71 98 89 87 39 76 38 52 14 5 53 19 12 18 36 67 61 49 48 32 38 31 71 62 50 38 65 90 33 55 72 28 1 90 5 80 67 72 4 65 92 48 15 98 57 9 27 31 96 98 40 20 63 3 6 85 46 15 56 81 8 55 0 55 58 74 43 38 64 93 54 7 32 13 81 77 60 87 55 11 26 35 78 66 2 28 17 93 16 39 91 12 98 6 54 94 32 79 47 57 70 80 28 87 6 41 87 78 10 52 81 55 32 41 47 8 81 27 7 67 43 21 63 74 90 36 9 85 97 4 6 97 28 29 61 58 73 84 10 58 95 30 92 91 82 72 6 95 25 75 41 72 96 82 70 55 10 98 98 48 82 58 51 18 52 95 13 58 78 61 41 6 75 98 68 36 64 55 59 68 66 5 45 18 31 45 27 11 84 68 83 55 98 24 95 12 88 55 76 77 53 5 12 77 78 31 21 80 86 94 59 34 71 73 41 67 20 79 87 94 41 81 90 59 83 91 25 71 57 12 2 45 50 19 40 54 35 23 56 36 7 66 65 0 78 94 45 29 95 60 56 25 85 25 71 26 55 90 77 83 47 59 72 52 72 80 80 27 16 26 72 29 8 55 17 40 25 72 67 98 99 35 45 54 16 18 72 73 55 58 27 4 82 11 26 61 12 75 68 11 59 53 29 1 57 84 0 93 57 36 81 81 69 25 46 66 42 98 35 37 43 43 68 23 25 77 34 23 47 61 85 58 5 36 52 42 38 86 9 27 54 38 86 66 93 61 96 78 38 25 32 60 31 92 67 26 5 21 94 36 39 42 89 47 66 34 56 26 27 1 20 14 64 90 11 28 11 12 74 36 85 56 57 12 87 2 4 66 27 98 33 47 72 21 51 64 
89 28 21 75 15 8 49 22 6 90 79 89 15 57 8 90 99 34 8 36 62 72 36 28 57 20 72 52 52 46 84 52 92 25 88 24 16 27 29 19 38 97 42 52 21 81 67 18 64 61 68 60 97 75 34 95 39 93 90 63 1 43 18 60 61 54 92 28 60 87 99 69 82 93 12 69 92 8 2 34 4 26 90 63 16 26 10 14 15 74 67 40 29 69 20 98 21 70 93 57 68 88 16 40 71 50 66 44 85 5 37 48 42 47 49 39 99 82 25 71 99 50 7 59 98 31 42 75 64 18 87 26 44 41 74 96 33 98 3 26 36 44 13 70 75 64 17 63 78 71 82 45 76 27 11 81 25 71 77 3 21 98 91 3 47 95 51 33 71 90 24 81 73 75 45 75 67 8 95 91 36 64 29 47 30 5 6 44 77 73 64 23 26 37 52 4 23 6 35 48 91 5 51 58 75 15 93 71 54 32 77 99 47 69 26 91 85 41 49 5 80 62 88 41 81 52 47 25 2 5 57 67 99 76 6 90 40 31 33 66 72 16 22 7 1 8 78 20 1 15 22 37 72 6 75 66 91 82 47 83 69 64 29 20 72 30 5 55 54 21 46 32 28 27 79 88 75 34 68 10 5 98 7 26 18 40 99 35 32 92 16 36 28 96 71 61 26 17 22 15 54 97 63 73 36 93 94 28 68 86 57 5 99 83 44 78 98 81 80 19 52 37 14 65 2 53 51 20 45 41 63 48 0 76 25 93 6 64 74 96 30 98 84 78 49 57 67 43 48 48 44 53 62 62 30 62 5 94 14 52 80 35 28 48 67 50 15 96 23 13 23 45 31 54 65 35 28 97 6 91 87 70 69 75 52 70 79 72 31 88 16 12 24 55 43 57 25 14 97 82 
74 7 70 41 96 39 64 81 11 34 88 36 25 14 38 20 40 91 41 85 97 74 91 58 1 44 98 33 52 77 79 52 49 99 42 66 33 17 54 56 76 93 98 80 88 25 16 52 19 70 21 43 7 37 85 41 43 71 76 83 89 18 82 40 74 72 23 54 74 23 86 97 37 90 51 70 57 19 78 38 49 53 86 32 84 64 89 49 82 31 58 31 60 22 69 44 79 92 30 83 35 98 24 70 47 28 55 70 0 51 12 76 29 4 64 94 38 20 40 66 86 41 15 13 41 84 16 26 62 55 38 51 15 61 41 13 58 4 83 92 68 22 46 97 93 78 80 16 63 73 49 44 62 40 15 85 27 73 12 52 59 46 19 4 75 69 92 24 62 5 65 32 39 67 61 30 11 56 85 34 76 70 8 99 19 29 55 47 4 65 20 16 76 41 37 1 87 85 5 37 86 40 64 66 67 35 8 1 24 10 27 31 81 28 21 79 69 64 93 87 74 7 84 80 55 3 21 54 15 50 25 51 92 44 65 54 69 77 56 7 40 99 78 45 30 38 37 68 60 88 47 37 26 23 93 71 74 25 95 19 75 44 3 93 82 10 54 40 9 86 80 72 42 75 43 59 35 69 47 43 75 42 1 49 35 78 13 45 15 18 37 40 98 50 7 97 57 85 74 13 7 65 36 57 12 47 85 69 87 60 23 50 40 17 26 20 67 44 23 29 95 55 29 37 78 64 77 22 93 10 65 79 2 56 24 16 68 83 65 92 3 92 14 3 41 34 62 64 0 65 12 13 69 32 78 86 17 88 38 96 30 81 96 27 51 72 57 74 67 6 2 58 51 53 79 8 43 0 5 78 72 59 46 20 95 32 16 39 80 95 53 79 47 53 62 62 2 3 90 20 
69 97 44 44 51 6 58 11 74 16 84 75 37 21 72 2 99 99 8 69 46 4 35 31 61 3 19 70 51 81 59 73 2 27 35 14 79 51 68 18 70 38 18 81 35 17 15 84 78 2 77 26 17 1 7 40 56 34 20 21 18 41 8 88 65 93 80 77 58 69 36 71 66 45 91 74 64 55 73 48 68 29 76 11 79 86 33 99 24 39 12 34 39 96 66 83 60 79 46 59 73 40 2 9 3 45 48 81 3 17 97 47 5 63 83 45 73 28 61 94 53 1 3 4 73 98 65 9 25 64 93 69 88 91 51 35 58 32 91 42 87 92 76 65 60 9 44 90 59 7 48 14 38 93 30 53 97 6 51 18 1 49 10 64 91 87 78 23 76 23 59 12 69 43 80 19 11 31 59 64 17 6 29 48 45 15 56 76 7 52 86 22 31 89 16 51 22 68 91 8 8 65 77 1 57 71 24 23 4 48 94 61 79 22 48 78 76 54 41 21 23 77 5 72 1 68 23 49 72 77 42 58 73 24 3 28 11 91 32 91 88 36 75 31 64 50 66 58 32 23 5 16 13 97 57 15 57 28 36 32 55 38 28 73 58 56 56 97 10 53 77 37 83 32 57 1 45 35 50 70 89 25 33 41 0 99 1 28 89 95 57 19 69 44 24 89 24 10 13 28 23 13 74 7 8 60 21 15 82 56 48 32 90 53 32 56 29 80 41 92 51 57 53 10 67 31 51 2 67 62 17 89 35 8 15 44 25 3 46 33 87 70 53 90 17 26 11 37 60 75 61 15 40 27 77 25 21 6 4 13 83 3 4 33 51 42 72 91 28 2 36 63 24 73 36 94 52 53 64 76 13 61 54 41 83 5 51 64 90 54 95 48 76 57 70 22 66 62 62 26 
14 52 91 65 12 0 9 87 80 97 26 82 20 90 27 79 82 18 90 7 84 99 44 4 49 34 8 41 91 57 81 20 87 42 8 43 57 95 69 17 93 83 82 9 72 53 28 35 39 14 35 54 69 35 84 78 43 36 37 54 57 90 67 17 15 84 42 89 81 44 18 60 14 59 50 30 11 82 54 83 59 71 88 17 30 5 58 28 2 87 41 42 85 94 70 53 73 13 78 71 97 4 75 92 77 60 77 34 31 51 44 61 86 14 20 60 3 51 22 80 10 4 29 31 79 81 53 68 6 89 95 45 0 10 65 89 76 15 3 55 81 37 50 75 64 70 84 59 11 94 9 92 47 62 4 67 63 34 24 98 95 61 33 48 12 32 94 91 16 75 97 15 28 31 1 91 76 81 74 11 36 25 30 22 68 22 34 45 49 77 0 47 21 73 96 94 99 18 81 6 69 85 22 13 30 58 4 83 7 51 37 22 4 49 41 93 63 76 80 4 68 75 12 16 7 20 13 20 54 57 86 7 75 44 70 0 57 57 79 14 14 41 17 86 0 37 78 93 26 99 29 38 6 36 69 39 8 59 43 75 53 9 18 96 45 9 93 10 6 34 91 88 51 35 87 9 60 38 86 42 86 96 65 86 97 35 89 13 83 70 6 89 24 77 28 10 28 96 40 22 89 5 78 1 82 40 82 81 7 43 56 59 42 58 36 72 34 97 70 75 29 87 51 80 19 70 44 22 76 8 54 68 42 31 99 53 37 57 30 72 19 81 89 30 64 38 79 0 92 13 88 51 78 9 53 7 73 39 75 94 9 10 72 60 17 40 47 40 50 5 56 72 22 56 68 74 58 76 97 90 37 52 97 75 34 82 16 50 75 41 8 32 51 53 25 26 21 39 36 58 
27 33 42 84 69 11 81 40 65 3 87 78 83 90 63 5 1 51 40 36 1 39 39 99 30 14 41 10 47 5 17 35 38 44 39 92 92 99 0 42 97 43 72 84 35 42 62 71 86 15 86 43 47 42 45 26 73 96 76 40 8 94 90 31 95 35 84 64 83 79 74 97 38 41 4 8 81 33 16 0 70 63 9 62 61 94 45 11 17 56 79 56 69 28 68 74 12 22 83 84 14 84 94 81 4 69 31 34 65 58 91 16 1 10 26 33 10 14 71 85 62 9 61 51 17 14 38 89 72 48 31 16 48 53 65 11 50 86 30 58 15 90 66 78 63 25 16 16 84 30 68 76 84 65 95 95 91 22 1 98 26 46 89 44 66 3 1 29 1 45 36 97 46 40 30 76 76 71 83 47 57 44 54 76 91 49 15 45 82 5 35 27 31 39 43 28 36 85 32 13 85 22 81 45 27 61 50 65 99 69 95 83 58 97 32 13 94 19 19 74 3 82 30 94 15 44 76 16 46 65 62 37 98 47 58 84 14 12 6 1 94 59 85 58 98 72 11 79 11 51 95 64 18 17 54 89 70 64 97 37 4 76 73 11 76 47 90 40 15 94 86 5 87 76 8 61 47 59 81 98 60 48 29 89 47 84 85 98 63 60 44 65 1 64 95 41 86 68 57 23 90 15 95 95 83 77 16 25 91 86 41 26 61 3 35 64 57 57 17 75 95 56 52 29 54 77 67 1 38 47 40 92 54 90 44 88 82 77 90 0 71 94 39 87 8 0 88 56 78 24 17 35 7 23 13 2 95 42 74 62 6 47 74 22 76 8 26 4 59 49 5 88 47 59 64 2 96 10 57 83 16 10 34 30 4 33 84 42 44 56 43 28 39 21 95 71 8 64 43 92 
56 88 97 67 31 68 83 89 88 1 41 40 4 15 91 8 65 75 84 55 41 59 18 35 84 44 0 10 58 63 9 66 87 15 99 71 91 46 45 2 85 26 64 43 25 46 92 17 5 33 89 64 78 98 16 19 95 85 7 95 86 16 52 8 33 6 70 78 10 60 4 91 59 33 15 88 49 51 53 37 39 10 39 4 2 25 99 80 94 67 7 62 40 72 6 96 13 64 30 18 97 51 34 42 50 89 8 19 34 52 99 16 24 7 39 97 78 69 45 18 7 7 9 31 19 27 89 44 85 14 96 66 44 34 78 69 69 23 90 96 22 10 69 30 48 8 85 10 58 66 74 65 95 9 23 38 8 76 60 63 72 71 79 18 95 98 33 22 62 86 30 31 43 64 12 91 7 24 99 63 82 55 81 53 57 4 16 67 15 95 92 28 69 8 15 82 50 71 98 48 79 87 94 80 78 56 22 7 29 59 3 20 73 57 78 79 28 45 52 51 32 66 68 49 41 24 40 14 92 24 25 91 41 90 13 19 98 2 38 87 13 70 76 65 45 59 17 37 79 43 92 36 38 6 80 1 24 4 83 22 95 1 39 31 36 18 39 37 25 63 9 73 97 9 95 62 28 26 67 88 52 99 55 23 99 14 37 24 21 95 31 30 81 20 11 11 23 19 61 40 33 71 33 3 19 15 62 91 39 30 35 29 57 72 58 57 65 92 22 90 6 34 5 6 63 38 25 78 0 30 22 82 19 97 13 83 56 85 79 80 18 82 45 82 74 47 39 68 77 80 63 71 25 45 47 7 4 90 73 69 65 79 62 65 31 22 69 83 19 42 70 78 20 35 62 73 89 28 8 66 91 31 68 3 55 11 36 67 90 46 32 93 87 85 86 11 37 33 97 41 
58 31 58 7 91 84 33 61 21 14 29 77 86 37 90 22 84 9 37 3 55 22 81 58 70 25 21 18 56 59 38 59 23 56 91 44 93 94 46 65 93 25 28 79 60 61 24 65 28 2 16 52 24 71 52 36 90 31 59 72 34 67 12 4 71 8 81 18 43 8 38 11 66 74 63 63 31 75 46 98 47 79 64 60 9 89 50 32 58 94 89 72 93 2 81 76 26 40 69 32 45 75 83 50 36 65 49 1 68 29 41 86 64 19 33 61 70 11 62 80 56 94 22 98 50 80 87 75 48 59 86 9 23 82 44 70 35 90 35 48 63 5 8 30 76 27 8 69 59 14 49 85 34 72 70 82 37 56 85 65 37 97 96 23 16 26 86 55 66 31 24 46 60 99 55 92 51 63 27 46 43 13 53 48 81 24 69 68 9 63 40 42 92 12 55 61 57 47 59 89 34 31 52 14 86 80 3 70 89 78 33 71 79 1 92 35 52 33 84 20 40 72 59 38 50 82 16 90 94 20 18 56 84 56 47 88 95 23 19 58 29 80 87 72 11 73 33 80 9 80 78 46 20 96 66 45 19 11 91 32 95 30 36 72 26 26 70 53 53 9 11 18 81 71 87 25 99 38 17 14 82 64 4 42 98 54 25 91 75 28 22 54 84 4 91 18 40 91 72 75 53 98 68 77 55 36 52 90 59 40 63 1 5 10 13 80 6 7 49 4 66 17 79 72 69 75 13 72 48 84 34 39 35 85 57 27 68 94 35 39 58 66 3 36 80 2 81 20 96 22 25 41 7 21 57 86 9 14 70 47 68 68 30 9 94 75 22 92 36 47 79 96 54 76 50 49 79 11 16 3 7 8 53 92 52 72 53 8 53 6 12 24 94 28 98 34 47 47 19 96 
15 55 56 69 85 72 55 67 80 1 19 47 64 81 46 47 55 96 49 38 5 2 65 9 84 39 70 76 31 86 49 27 60 7 2 10 80 95 86 50 62 94 85 26 47 96 27 28 77 38 63 53 49 67 37 48 71 35 4 81 32 52 91 41 1 79 82 91 86 96 87 90 40 99 38 58 20 82 64 57 13 73 39 15 29 69 42 79 54 36 58 11 59 12 70 58 68 2 83 97 5 29 47 44 99 55 31 81 67 78 70 20 61 27 48 1 36 51 10 80 39 27 12 8 71 74 53 98 26 69 25 30 23 58 1 2 27 83 43 77 28 29 68 35 91 20 22 4 51 98 13 54 96 12 44 98 54 87 20 45 46 27 89 7 81 56 26 53 51 6 82 16 58 87 62 21 40 29 89 98 10 1 69 73 70 50 60 91 38 39 95 83 70 49 18 61 71 67 80 85 65 94 52 45 70 11 64 94 84 90 6 9 29 25 40 8 9 30 27 74 12 93 51 97 72 30 80 6 41 42 97 19 99 11 18 96 60 65 35 70 99 26 24 7 84 78 33 29 93 27 42 23 16 54 99 33 65 59 40 40 23 42 25 5 90 82 72 49 12 26 79 97 1 86 19 50 67 3 69 71 9 42 92 90 78 30 99 73 65 80 25 78 36 66 86 97 6 51 0 0 30 42 6 55 73 9 67 73 57 88 11 2 79 34 29 47 9 8 56 95 92 24 23 12 21 55 18 77 23 53 52 29 37 32 14 56 36 92 37 31 19 62 99 22 97 16 2 14 78 80 85 81 66 19 15 53 2 24 37 63 17 85 39 28 42 61 38 12 14 22 56 58 73 93 53 96 56 28 49 91 38 43 78 6 14 14 80 63 91 30 97 34 35 62 65 73 41 64 62 35 
67 44 53 73 59 56 6 54 56 1 40 30 26 41 76 13 98 49 22 17 88 33 4 5 26 61 99 92 86 18 47 33 91 94 43 8 64 36 33 93 96 20 7 31 37 17 26 80 48 88 41 7 76 4 41 90 78 14 32 89 77 43 64 15 53 63 10 79 6 20 54 78 18 96 41 43 50 96 24 14 32 85 34 37 29 87 1 32 15 76 57 57 37 94 66 55 22 68 94 50 11 41 38 67 60 66 62 28 28 37 10 55 24 51 56 31 69 68 87 43 61 95 56 66 76 3 43 59 39 48 68 38 0 71 92 21 35 21 86 36 92 45 1 75 95 24 92 94 9 68 83 67 11 9 75 38 20 79 5 65 77 4 95 33 9 21 40 1 55 10 22 25 46 27 92 46 56 61 20 44 44 58 17 44 98 43 22 75 18 34 71 11 83 87 4 84 29 12 47 30 71 73 41 9 50 37 92 4 88 13 82 86 96 40 62 82 26 20 99 99 5 87 2 35 40 46 81 83 38 67 60 99 73 9 43 14 80 96 16 21 75 88 14 73 31 30 33 90 99 13 36 40 3 3 5 71 31 49 76 7 66 91 99 30 47 38 57 50 67 70 64 30 5 52 79 67 74 49 27 38 25 25 25 20 86 82 68 54 13 23 37 46 62 23 69 14 54 6 1 8 29 99 76 97 97 59 68 22 1 25 50 63 84 10 84 34 47 99 20 84 10 84 30 42 98 44 45 35 58 14 30 59 4 94 5 23 49 21 4 68 44 93 56 38 19 84 95 66 2 6 36 93 50 9 29 17 62 45 87 81 59 25 21 97 49 44 82 41 87 11 32 19 51 62 5 29 19 20 1 11 83 24 4 13 96 62 26 45 97 23 63 4 24 53 80 57 7 76 51 81 
44 20 30 37 25 51 39 5 4 46 75 83 78 21 88 40 50 34 43 45 0 14 22 88 27 74 42 27 8 23 97 5 24 1 2 36 87 49 12 35 30 81 12 45 26 32 65 70 50 70 70 53 19 29 19 49 10 21 72 75 70 97 87 44 62 62 46 43 49 87 20 50 24 38 40 6 21 6 22 99 1 42 82 20 90 20 59 3 18 82 25 89 94 77 29 89 72 2 56 34 71 6 73 49 52 49 15 92 41 26 92 87 15 77 24 84 69 13 56 30 67 68 21 70 4 56 48 70 96 46 23 1 69 50 57 94 12 40 54 12 86 89 85 94 4 59 31 92 64 74 36 78 40 19 40 64 76 29 74 78 15 5 96 52 78 74 71 84 73 94 68 58 10 27 59 45 51 65 99 44 2 43 39 60 27 29 59 4 38 69 22 37 81 20 86 11 52 2 92 79 43 49 29 35 84 15 46 62 77 63 88 89 32 1 12 18 18 48 81 74 73 87 77 71 82 83 65 50 33 72 7 39 97 70 38 97 99 69 57 71 70 40 19 21 22 3 47 98 74 52 38 35 82 36 77 36 9 81 37 89 82 57 84 60 49 76 26 85 68 47 16 58 90 81 75 21 28 78 52 42 59 74 23 65 89 7 65 20 55 58 63 1 46 8 31 98 45 47 81 84 91 42 91 45 65 54 97 49 54 62 75 24 40 5 23 94 66 37 66 43 52 80 34 68 59 47 41 77 6 85 24 97 16 61 94 18 27 89 91 18 95 98 13 19 23 58 54 97 77 66 14 25 32 36 70 95 43 70 45 89 88 48 34 7 50 14 18 99 79 41 23 18 32 71 6 30 78 5 29 33 33 9 23 50 67 45 84 99 3 82 56 23 47 88 51 16 83 53 31 35 
58 84 89 26 65 4 36 67 50 41 19 12 39 87 53 3 29 8 83 10 99 63 64 65 78 10 48 7 93 71 79 78 72 55 43 31 14 30 33 97 51 19 56 57 79 31 71 34 93 92 39 46 47 96 71 36 15 13 88 76 77 68 88 76 1 9 3 8 19 21 4 24 33 14 72 72 29 10 25 56 40 15 17 69 43 10 57 89 56 55 95 70 50 51 29 45 56 63 81 8 40 24 70 84 80 63 88 81 49 35 75 86 86 53 8 61 74 68 44 74 6 77 93 87 86 68 51 65 91 88 51 73 20 59 26 77 79 54 23 20 51 59 26 34 83 43 68 81 81 15 38 9 40 85 95 70 8 41 44 48 24 17 15 54 28 55 48 35 59 38 90 41 2 74 24 14 19 77 46 9 88 62 19 76 0 39 80 15 55 31 15 6 80 69 68 87 80 80 20 26 48 51 96 48 23 43 32 5 21 2 16 37 7 34 45 25 68 23 53 99 60 9 13 83 19 89 71 56 52 41 43 46 10 26 45 89 18 42 19 14 82 27 89 73 38 59 86 35 93 80 45 44 39 53 64 88 4 45 7 93 31 23 60 92 12 15 65 0 15 53 71 51 34 47 62 9 64 40 25 86 96 6 20 59 59 43 75 95 69 28 92 82 99 49 55 94 96 97 85 62 25 93 47 59 13 51 97 53 91 53 23 22 30 94 66 0 10 76 94 81 48 90 34 87 86 84 65 46 0 5 56 37 14 61 20 42 23 51 49 25 77 20 15 55 58 56 68 8 2 48 86 83 50 73 38 56 9 32 97 6 69 99 26 74 68 22 9 8 3 82 7 65 67 62 85 29 74 95 37 1 28 98 90 7 15 71 35 49 40 4 39 4 51 93 8 2 56 91 42 61 
67 4 77 25 56 14 29 16 44 76 49 85 72 75 22 59 23 72 86 78 70 89 96 62 62 98 37 31 74 82 59 5 93 66 73 10 98 14 84 28 70 14 5 10 34 30 47 6 89 25 77 40 9 78 7 38 89 8 45 55 61 20 45 77 98 12 27 34 27 10 69 1 57 86 36 78 1 60 72 19 99 97 94 73 87 71 32 55 57 80 97 17 87 4 31 75 2 37 69 34 68 23 45 43 80 27 98 40 15 32 49 64 39 17 81 39 89 46 72 0 58 57 12 72 66 70 26 36 96 66 93 27 65 49 18 91 85 26 80 96 38 91 74 44 70 1 8 76 83 49 70 95 88 76 74 98 71 68 80 92 5 43 19 75 14 87 43 15 86 67 60 57 15 85 92 55 52 56 45 42 93 36 86 59 15 64 96 82 90 83 59 44 94 71 93 28 31 50 45 85 32 85 85 57 82 5 22 29 48 51 20 39 94 4 88 12 7 38 16 28 35 10 7 18 93 46 93 81 19 85 2 35 47 76 88 75 90 16 61 98 60 37 23 93 83 25 57 70 35 5 5 92 69 83 42 48 70 17 23 78 67 53 32 99 19 30 71 71 81 89 20 22 26 99 72 3 44 74 16 49 76 98 24 42 42 10 98 61 35 96 81 82 83 81 66 75 44 20 93 57 13 69 19 65 51 4 14 89 9 3 38 34 10 73 99 98 24 76 51 84 26 46 61 3 31 46 13 97 17 17 11 26 35 11 58 19 47 81 58 19 70 74 2 35 17 9 81 92 36 69 23 11 57 24 54 32 59 24 27 60 71 79 71 52 43 8 14 13 25 50 39 9 67 17 0 69 81 43 50 9 90 20 80 69 42 45 9 9 34 2 40 28 78 18 55 60 25 59 10 1 
39 50 89 59 95 40 72 80 25 2 51 79 45 2 33 14 98 78 36 94 46 8 26 28 10 11 67 90 52 41 78 44 71 18 64 81 3 56 99 81 74 71 19 51 87 58 39 70 80 55 10 23 1 43 11 90 43 54 41 31 85 70 99 63 78 9 89 75 91 88 8 46 20 93 19 22 82 41 33 61 46 91 32 53 96 83 90 73 88 34 75 53 32 33 28 48 20 4 43 85 47 65 71 53 95 69 77 2 51 79 91 39 90 98 64 86 42 76 44 2 62 28 25 10 29 63 33 85 93 42 3 40 11 23 73 76 67 19 83 89 38 71 5 92 9 9 97 75 9 77 27 99 17 7 9 4 24 95 27 29 60 84 7 82 46 37 73 57 39 26 85 89 70 57 12 8 3 48 51 21 83 86 73 57 9 96 41 53 57 42 33 31 59 86 57 4 29 60 79 67 16 94 93 64 61 86 55 3 76 98 71 42 37 72 62 64 62 10 29 92 51 55 23 9 92 87 45 51 96 15 75 46 79 52 13 21 13 50 62 30 99 96 68 4 99 47 17 40 3 26 43 1 83 59 42 14 4 91 61 9 99 35 90 62 2 52 48 84 11 40 2 35 86 5 10 21 81 98 38 42 66 8 81 79 85 58 49 94 3 88 55 20 46 24 31 86 5 6 23 93 99 65 54 3 79 46 62 59 83 81 73 84 49 43 2 40 41 87 48 97 4 27 75 7 61 65 51 88 6 12 97 99 1 65 47 47 95 63 51 96 24 34 79 56 93 11 95 15 87 31 19 71 93 83 91 37 91 74 81 68 95 29 54 12 64 27 15 14 54 23 65 94 45 63 27 36 2 50 39 80 46 77 91 60 88 81 41 0 69 16 93 24 29 71 74 48 57 7 76 47 
43 87 53 32 2 80 29 46 87 17 14 63 95 54 99 44 14 80 20 95 79 59 43 57 72 78 98 41 97 42 21 28 56 34 89 2 43 42 77 29 30 99 56 40 30 65 28 99 31 22 21 10 61 10 28 31 88 48 61 44 58 36 59 96 87 5 84 12 0 81 44 69 13 38 66 4 67 55 4 70 2 75 27 9 38 54 91 74 45 66 96 89 32 36 69 62 1 99 67 22 88 96 78 77 89 30 7 61 42 40 33 95 61 1 22 8 92 46 21 19 14 43 25 24 65 63 47 68 66 69 36 36 49 67 37 99 82 68 99 36 10 79 99 51 42 45 14 71 85 51 80 24 72 80 70 50 23 48 34 53 86 94 46 46 73 43 27 46 83 32 95 66 81 36 28 11 54 85 40 46 2 9 14 51 27 72 47 9 23 92 12 57 68 75 81 88 37 52 31 94 90 57 74 73 49 20 30 45 5 17 31 61 47 63 47 90 95 65 98 67 5 70 12 84 57 40 54 83 4 26 42 51 33 40 76 27 95 75 89 59 39 97 16 97 11 33 41 3 92 35 61 98 61 35 71 70 2 72 40 33 28 36 34 93 49 64 2 46 22 24 99 88 39 36 81 44 72 13 78 76 5 11 36 32 67 43 79 88 49 80 76 23 43 62 89 25 42 42 51 32 84 60 70 3 59 70 44 79 92 36 45 3 92 17 17 44 22 93 95 36 54 59 88 54 42 61 39 53 56 37 79 36 55 87 54 70 17 60 49 95 56 45 47 3 11 28 58 25 44 58 95 15 7 66 38 8 33 61 55 82 66 10 75 89 96 44 13 56 6 58 34 98 0 54 59 64 59 17 46 81 35 49 68 94 34 48 78 51 80 29 89 49 21 73 18 73 55 51 57 61 
53 3 1 78 48 19 73 6 3 7 90 3 88 87 41 35 96 74 90 29 99 41 37 88 74 65 84 19 64 97 73 49 92 28 46 74 7 37 94 45 45 51 65 95 78 67 26 3 61 40 16 8 25 83 8 69 42 15 78 7 79 14 26 84 53 56 91 5 42 44 64 69 91 56 39 45 3 90 76 63 65 61 95 63 15 45 21 58 52 78 98 29 3 5 90 94 10 0 22 9 1 19 77 26 50 55 41 21 45 32 22 42 12 82 60 90 13 23 72 21 99 95 6 33 34 19 24 75 1 63 86 5 20 46 5 64 66 36 61 43 9 40 76 35 77 66 2 65 11 58 6 57 42 69 22 75 14 39 89 87 70 42 24 93 87 19 27 99 23 78 53 11 83 6 27 68 73 38 45 80 93 61 73 29 50 57 97 0 43 62 67 91 99 21 71 57 46 35 35 44 37 86 33 41 43 96 38 0 81 77 74 11 94 54 76 67 27 10 43 62 75 20 77 77 35 75 59 61 88 37 1 9 31 87 40 66 85 43 57 23 18 56 31 46 68 94 88 34 13 65 64 38 49 88 87 2 65 5 80 89 98 71 42 75 94 66 78 32 56 62 4 93 7 2 90 25 57 87 31 22 48 22 29 81 56 14 42 59 78 34 23 1 8 25 49 19 90 98 79 5 61 39 16 66 71 68 87 68 22 5 40 91 79 32 1 61 41 24 65 98 2 43 67 14 74 96 30 15 47 16 4 27 20 66 36 98 37 98 17 15 42 64 24 1 24 76 68 68 36 79 24 45 29 3 56 18 36 52 34 5 1 12 40 28 41 76 57 41 70 91 4 83 87 54 5 8 65 53 19 36 93 50 0 51 94 11 31 26 21 36 88 64 87 65 35 18 20 13 46 15 
70 4 0 6 43 74 54 4 59 92 65 15 15 82 16 99 30 18 55 31 42 1 0 95 47 79 69 23 36 56 83 4 73 20 86 37 83 58 44 10 29 8 82 8 96 94 40 79 78 37 25 39 36 2 87 40 55 52 79 50 58 62 92 29 18 44 5 73 35 87 69 80 73 10 39 94 10 44 20 70 44 0 27 44 84 40 43 2 60 33 69 90 75 26 78 68 83 71 57 64 11 12 64 35 53 94 35 7 22 32 17 56 72 66 15 48 97 87 47 49 10 1 29 49 24 85 20 7 14 22 43 8 11 93 73 28 70 15 94 94 84 68 30 85 44 16 32 9 66 22 80 17 24 90 53 14 0 18 46 56 92 9 22 16 54 64 57 41 64 22 4 51 31 97 12 37 10 57 55 98 70 65 40 42 91 24 56 57 18 42 25 33 5 31 14 84 13 99 15 28 7 14 50 54 21 41 86 24 60 86 15 34 42 45 70 88 40 84 55 98 9 48 72 12 72 80 3 23 80 78 31 36 10 88 71 67 96 96 24 26 48 23 12 19 2 98 22 87 29 78 20 37 94 6 15 7 23 42 98 59 67 90 62 12 19 59 76 98 85 34 42 51 34 11 35 36 86 63 61 40 22 33 58 27 45 85 59 93 48 86 38 3 74 98 46 74 52 4 63 72 40 61 69 12 16 54 71 21 21 93 62 41 25 69 30 98 22 67 87 13 48 79 92 43 84 8 98 65 94 22 94 63 60 64 8 47 60 77 0 22 85 11 82 19 40 68 62 67 36 8 27 9 23 39 87 55 3 93 11 65 37 2 93 28 3 1 43 65 4 64 66 35 76 46 83 3 9 28 73 99 21 68 51 88 44 14 11 59 89 39 91 50 36 24 75 8 11 37 71 7 
18 54 6 77 11 38 79 19 10 41 47 72 27 17 44 54 21 5 16 96 19 6 85 32 25 27 20 85 77 79 63 75 11 80 83 6 62 98 58 61 87 24 93 83 27 98 1 79 28 72 83 16 56 26 90 83 66 4 36 69 53 72 71 11 30 93 93 3 52 78 50 51 62 84 50 77 13 29 63 35 82 30 19 24 54 69 77 47 64 74 92 6 71 39 60 82 57 10 57 28 59 8 37 83 86 18 14 81 28 98 80 23 31 24 92 5 47 86 62 28 55 14 50 2 18 73 1 55 10 99 58 58 81 53 7 12 82 82 50 34 38 75 19 45 95 49 99 57 61 63 9 35 83 23 37 39 72 9 82 36 10 51 73 15 99 88 94 58 11 87 77 30 93 93 85 2 66 94 67 66 37 61 59 70 23 26 70 15 23 92 0 88 49 86 8 77 85 27 12 8 37 70 15 44 30 71 0 27 67 6 80 62 74 83 95 2 93 71 99 81 88 70 62 11 23 46 97 62 95 94 16 84 24 54 72 28 41 90 59 50 63 22 55 59 87 5 13 4 75 29 99 65 99 34 56 37 28 60 3 80 4 86 79 37 75 28 93 58 2 49 6 5 86 70 67 19 43 45 90 74 58 29 75 79 11 48 46 30 31 55 83 82 9 39 43 51 64 96 9 18 76 14 62 86 72 65 88 24 35 25 77 14 98 58 26 87 62 18 77 18 69 40 88 72 59 32 3 10 97 25 85 12 81 93 58 23 61 19 83 65 72 77 38 54 22 61 44 33 14 21 68 29 18 22 30 1 55 81 28 63 23 3 12 92 51 3 38 42 24 29 79 86 79 74 82 64 95 37 17 41 44 80 88 91 54 27 54 39 88 48 32 88 53 43 74 58 11 36 58 5 
10 19 64 47 7 95 64 71 50 11 98 87 88 53 43 97 89 7 26 1 65 62 42 34 9 17 19 26 69 19 83 71 67 37 90 88 58 26 80 71 89 35 30 64 62 40 59 5 6 40 45 87 81 2 62 82 9 84 24 97 20 25 25 96 11 85 2 65 54 28 42 60 52 12 86 42 5 86 68 72 27 23 36 78 17 78 73 6 15 97 24 17 82 65 6 72 98 94 39 18 33 35 71 66 49 6 32 46 78 71 16 23 38 14 21 68 41 46 38 51 17 32 19 15 21 60 28 87 51 82 70 35 60 23 66 81 59 6 34 45 26 50 25 76 0 61 15 6 9 35 61 94 48 19 34 72 94 2 70 97 32 26 22 21 46 76 72 65 29 24 80 25 78 56 99 57 8 4 26 52 93 81 91 10 7 85 92 46 9 90 20 54 3 25 55 58 61 12 12 6 48 59 88 92 21 24 80 49 28 2 27 19 20 95 91 70 68 8 73 51 25 68 83 78 33 3 85 51 23 66 18 64 68 40 40 93 26 67 62 3 62 75 85 29 39 26 33 16 65 61 58 10 60 81 38 21 57 78 29 17 42 8 2 27 16 15 43 31 16 68 81 41 47 68 60 91 15 33 70 87 47 71 18 99 44 21 42 68 49 51 94 86 75 83 57 16 86 27 2 20 4 56 15 78 59 49 41 66 1 81 29 51 90 59 85 41 2 83 65 33 51 89 48 76 69 74 82 17 76 4 80 27 18 95 58 62 42 41 47 57 40 41 18 12 46 68 56 42 38 4 89 34 45 42 60 49 59 9 25 83 19 71 69 64 78 60 13 41 44 61 22 51 87 30 21 6 98 31 53 57 48 27 74 81 45 22 52 87 28 58 43 99 55 72 90 27 52 0 29 63 
80 80 75 90 25 32 39 33 72 39 31 58 11 73 54 92 35 98 83 17 17 23 39 48 24 78 93 96 63 34 64 8 7 63 5 57 83 42 43 61 90 9 31 61 92 98 79 41 41 94 30 83 87 88 93 13 2 82 89 63 88 59 56 52 49 29 76 56 49 29 90 86 49 13 31 38 80 69 13 42 17 93 75 45 11 10 98 76 36 35 47 72 91 46 57 39 30 23 81 3 95 68 6 8 49 78 34 37 13 59 22 6 97 36 21 79 60 48 57 84 43 46 69 47 88 36 58 82 82 81 70 66 44 76 5 91 21 61 68 27 83 15 92 5 7 18 69 9 16 8 86 17 11 47 82 65 47 16 31 51 4 62 94 25 78 76 7 96 7 5 26 22 4 94 50 82 52 28 14 75 53 99 45 18 60 61 10 80 23 43 28 92 66 15 58 80 91 33 11 49 45 11 63 51 74 87 5 79 67 78 44 33 25 7 39 1 18 0 70 97 26 49 78 39 6 47 4 11 36 51 25 48 48 38 60 31 10 67 4 99 62 3 79 55 13 24 15 73 80 5 41 73 18 73 20 2 69 23 59 14 17 9 41 15 96 3 59 88 21 41 43 82 79 95 32 93 12 14 38 10 11 68 63 42 80 96 70 83 30 98 19 65 25 59 23 44 72 46 66 36 28 62 98 65 67 8 42 52 76 83 11 89 16 8 73 58 79 73 61 52 75 17 73 61 38 63 84 58 98 98 80 97 78 86 54 82 42 11 45 46 39 82 86 12 96 2 34 56 5 29 32 11 54 83 36 8 18 86 48 44 96 11 62 85 1 12 38 2 24 7 6 12 59 61 23 88 62 18 2 83 64 36 35 62 88 89 52 68 50 39 13 28 27 34 67 23 15 45 63 61 
36 49 48 67 13 16 31 53 93 43 34 9 86 69 2 72 37 55 62 43 2 68 61 61 87 35 79 51 90 32 43 24 72 84 27 41 64 85 93 12 68 93 41 13 48 8 74 73 61 20 33 95 66 29 15 31 76 74 11 57 51 26 80 89 26 14 56 48 95 41 41 99 72 9 67 59 53 82 38 29 24 17 25 58 17 87 44 22 61 33 34 49 73 54 82 54 99 67 46 51 41 3 48 84 25 51 48 27 20 19 59 4 93 1 31 22 16 77 95 86 84 23 52 11 22 53 67 81 27 96 65 62 59 60 1 65 87 6 53 45 56 90 80 94 73 53 34 90 16 45 92 71 51 6 93 15 12 63 5 68 13 41 82 8 26 79 96 44 49 51 73 57 55 44 89 27 4 77 82 46 82 8 39 61 43 6 82 77 48 67 3 74 35 69 24 35 67 30 10 84 77 21 97 23 27 64 50 32 30 0 16 26 5 61 85 36 8 5 38 33 18 21 18 58 3 37 11 98 33 25 62 16 1 41 7 51 8 79 44 31 63 74 70 78 60 33 21 77 29 36 10 99 66 91 81 82 66 56 27 41 26 53 52 70 94 59 18 66 16 57 90 53 54 76 79 2 6 35 19 62 96 62 4 7 88 46 4 69 76 67 85 52 0 74 88 41 28 50 99 6 22 5 24 87 88 38 32 46 28 77 28 69 67 0 58 38 63 1 12 75 85 30 24 71 97 23 27 89 10 74 20 60 53 71 23 23 89 51 51 6 58 51 7 8 35 61 72 54 96 38 36 24 52 32 13 87 10 73 68 42 90 89 76 69 54 80 10 83 49 96 51 62 52 50 96 57 64 43 36 37 7 53 56 36 38 13 46 2 54 7 88 56 46 4 23 83 89 28 21 21 
96 76 76 43 50 46 12 22 22 2 40 77 40 11 96 99 8 10 81 69 31 50 10 91 67 90 82 72 10 19 1 91 98 56 63 91 11 46 50 77 12 87 0 88 87 88 25 65 59 47 6 57 91 98 66 72 73 36 32 54 88 95 9 12 86 88 79 31 84 35 14 29 75 70 26 93 63 99 22 87 30 3 32 48 80 22 4 49 56 97 81 95 49 47 45 99 1 15 52 76 70 72 25 49 87 78 92 35 69 64 11 47 60 19 35 76 51 98 13 47 11 43 97 46 67 29 26 38 51 37 71 44 86 22 10 75 28 64 97 4 94 49 65 30 92 91 51 55 23 16 28 87 36 6 49 71 75 77 75 12 12 16 19 45 7 56 77 42 14 71 70 39 75 56 95 17 39 6 12 19 27 65 61 51 97 43 60 50 57 64 96 1 67 61 44 34 92 55 10 86 97 68 34 96 43 29 29 54 17 72 11 10 82 48 73 61 67 98 51 79 16 38 37 85 34 51 51 46 20 75 10 75 0 10 41 11 9 53 36 91 46 26 4 26 93 2 63 31 85 42 37 70 74 54 91 44 31 80 75 3 56 39 80 9 48 14 3 36 40 87 67 2 46 60 69 10 21 14 47 79 97 68 30 83 9 41 97 22 51 0 80 40 88 20 45 53 69 52 29 75 89 96 78 69 76 89 88 90 43 34 18 20 81 95 34 94 50 2 36 64 86 92 90 41 20 57 0 37 31 87 22 44 28 56 46 99 33 54 64 6 26 94 11 65 23 96 82 31 81 82 70 12 32 56 26 6 43 35 21 58 65 40 11 44 85 78 50 36 13 18 66 18 53 63 42 64 5 39 37 98 1 97 37 75 56 19 67 51 3 9 96 80 13 54 55 21 3 19 86 87 
84 2 85 30 31 53 40 60 87 11 20 88 36 38 89 94 95 29 58 72 30 12 26 96 13 66 42 8 84 38 95 26 86 17 81 34 49 47 71 97 27 60 49 3 60 6 84 7 21 28 66 85 77 48 18 68 10 99 52 86 10 40 91 92 90 68 70 66 19 38 90 19 87 92 70 1 34 72 32 88 42 13 91 18 48 28 96 86 52 70 30 13 54 1 72 58 10 47 65 47 73 57 22 2 1 32 91 16 74 16 85 7 6 7 61 84 98 40 93 45 23 87 47 39 76 4 46 58 24 69 41 79 26 45 73 18 3 35 46 34 48 60 69 66 61 88 29 41 41 10 88 64 10 13 67 86 83 73 96 97 17 43 34 47 83 82 26 75 98 74 33 57 43 98 94 36 58 24 46 98 39 71 69 37 2 36 86 32 45 73 54 75 41 0 73 20 69 23 45 78 29 20 44 35 1 66 79 84 18 76 56 16 41 66 4 83 60 2 93 36 76 12 92 60 87 97 49 44 26 60 3 33 6 59 29 67 16 5 21 76 33 64 32 33 19 76 74 90 45 12 40 70 13 1 99 53 48 45 18 21 82 67 19 41 11 75 6 69 1 67 27 79 99 59 41 7 29 24 2 77 60 29 1 89 48 93 38 84 53 81 93 29 23 49 53 7 29 6 82 69 24 75 53 89 11 30 79 9 46 72 57 98 72 35 54 67 25 84 17 51 0 1 17 66 83 25 82 97 80 81 30 15 72 25 96 6 39 96 35 26 99 24 18 37 52 70 98 91 39 41 61 84 93 88 62 43 20 84 93 13 88 86 81 35 51 59 98 90 85 6 96 96 73 26 45 40 45 67 30 61 76 72 97 45 38 83 93 88 8 93 14 54 13 33 27 73 55 86 81 69 
90 63 6 70 33 95 6 60 95 82 40 66 2 94 5 29 10 53 4 77 75 90 22 83 86 90 92 21 61 61 13 40 98 96 41 16 38 58 18 9 18 62 51 4 42 31 6 27 84 23 18 2 71 19 4 66 72 11 93 55 5 10 69 93 88 57 38 50 95 12 72 35 98 75 4 92 72 78 99 33 13 36 16 71 31 37 92 66 43 51 73 99 39 1 5 53 10 53 60 72 99 68 73 51 22 51 13 62 19 76 96 6 45 1 12 8 10 68 63 43 39 12 4 26 66 43 21 45 18 53 68 62 63 36 3 99 83 8 13 63 1 68 53 34 35 9 45 85 81 15 3 93 0 59 91 58 79 84 30 59 33 44 13 16 91 40 56 25 9 86 36 89 52 7 71 41 9 81 84 90 40 19 47 40 73 47 93 1 59 47 87 17 83 11 79 83 3 41 72 3 28 86 75 22 61 52 61 15 93 61 23 27 67 95 72 12 7 52 34 73 67 61 60 5 28 89 74 89 7 11 97 43 76 99 85 52 36 72 16 8 84 48 20 81 29 68 0 65 22 12 67 44 58 65 98 45 99 43 39 43 94 89 97 51 56 38 14 61 4 7 3 8 82 67 63 54 47 2 66 23 38 17 7 64 3 4 88 88 2 56 5 42 13 96 43 1 10 43 75 71 15 72 34 0 91 65 94 63 62 32 14 42 15 19 58 35 89 61 2 17 39 42 0 56 33 87 52 96 44 5 39 92 67 56 69 34 51 15 27 41 0 70 37 75 13 59 61 72 65 97 52 18 51 66 81 79 3 31 55 8 7 81 6 79 49 22 77 59 5 12 30 70 73 38 66 44 31 1 11 39 59 12 31 6 18 86 99 81 98 63 92 73 14 46 72 40 69 39 5 24 
98 45 33 80 83 25 49 67 2 32 68 52 55 13 10 29 51 86 30 20 45 32 48 59 19 33 94 63 19 86 13 43 46 90 30 18 80 34 11 94 98 32 20 71 57 81 2 67 72 69 51 99 23 26 85 2 76 34 23 84 46 48 6 30 37 14 77 12 6 38 55 11 59 6 48 76 20 3 34 32 31 68 61 37 29 4 81 66 78 64 72 23 51 17 31 95 90 78 52 73 19 52 61 0 28 46 63 27 89 44 78 36 21 3 24 72 19 3 56 51 21 63 16 16 87 24 16 84 99 29 37 27 95 30 22 75 55 72 38 68 60 71 14 24 66 49 0 51 61 30 73 89 37 92 23 79 92 78 66 8 58 7 35 85 36 36 41 19 86 55 72 55 49 97 7 38 65 78 6 78 82 2 8 9 26 7 57 12 58 58 95 7 32 78 47 35 61 7 66 8 10 63 25 32 92 5 92 51 84 47 57 65 28 10 49 73 59 83 79 32 67 85 34 57 89 28 67 53 37 87 26 90 83 53 21 88 76 52 21 8 25 8 30 12 29 51 29 10 45 57 40 1 49 22 88 98 1 69 86 27 93 59 56 41 96 37 45 93 79 6 23 11 61 32 60 99 2 29 91 13 96 89 56 0 90 38 75 2 75 70 21 62 5 16 40 5 15 86 8 36 27 6 37 2 68 52 47 55 87 91 23 8 24 57 4 26 28 8 22 41 21 59 18 76 37 89 6 22 34 97 86 22 37 97 15 83 26 55 83 58 71 89 94 53 81 40 55 54 19 85 6 51 53 83 52 42 72 87 27 36 26 53 12 2 76 66 18 92 14 22 25 33 36 16 79 39 86 32 41 11 13 25 9 68 88 19 91 9 15 22 86 51 95 31 17 75 66 78 57 64 
86 21 88 61 76 40 70 21 97 90 91 75 36 27 29 96 13 30 0 11 91 81 11 7 49 30 93 95 81 64 80 66 64 11 16 28 8 37 36 21 40 57 92 69 10 96 42 67 18 73 2 66 42 60 11 9 31 75 92 93 15 37 88 32 5 44 18 12 36 85 51 94 44 70 96 0 1 11 99 14 29 59 53 36 96 29 69 59 58 82 63 49 82 45 88 61 36 30 57 67 16 43 78 92 76 56 48 58 70 61 32 35 75 61 66 71 39 61 50 94 15 54 50 62 14 79 0 53 91 30 97 99 91 41 50 67 38 64 86 82 24 37 17 64 56 71 84 33 5 43 60 83 20 19 87 78 1 36 56 68 68 39 63 63 22 47 13 71 36 37 49 24 97 44 7 59 40 40 11 0 52 96 85 25 65 35 8 24 81 55 65 38 5 99 38 27 62 75 94 52 79 40 30 88 35 22 69 54 35 76 48 67 86 55 24 51 12 7 40 13 16 81 50 23 76 82 70 42 76 42 61 26 47 61 87 58 11 22 11 40 12 49 53 78 3 22 86 63 55 74 71 35 48 1 8 84 58 49 99 46 87 6 31 42 52 47 7 71 45 64 89 76 21 76 85 89 21 77 22 88 63 58 86 67 14 44 17 15 30 20 62 54 6 35 95 78 82 35 70 73 81 82 4 24 72 44 57 44 7 41 0 57 4 75 60 65 29 74 67 5 10 2 90 30 24 69 58 15 56 52 85 97 15 45 99 75 85 19 83 99 48 42 29 0 86 66 2 38 3 2 58 15 48 63 76 58 90 55 34 30 0 51 23 91 94 68 99 17 82 65 2 58 85 79 96 8 17 27 78 72 58 40 68 31 37 61 39 67 8 81 53 33 40 7 81 20 55 32 35 74 
54 35 14 45 14 61 69 77 76 45 18 40 7 49 19 11 33 73 95 35 62 76 19 34 8 85 85 26 86 68 55 34 60 37 84 29 15 39 24 63 81 33 46 95 82 89 15 41 0 42 88 23 96 76 46 7 38 9 25 7 95 74 47 17 65 38 3 28 55 34 18 27 14 58 12 40 35 31 66 75 69 94 55 12 1 92 0 26 33 94 16 38 78 59 16 75 1 30 88 79 23 10 18 23 0 81 98 90 1 88 66 32 77 81 63 56 59 73 85 98 0 44 35 10 46 70 73 29 8 95 85 31 24 38 69 40 94 17 80 15 42 12 14 63 61 84 72 0 36 46 19 27 48 20 89 1 36 63 79 93 21 71 40 50 52 30 61 66 94 75 24 30 32 94 95 50 27 67 7 1 52 40 64 16 25 78 10 66 37 36 32 52 22 86 53 86 51 40 96 22 62 19 32 98 36 66 96 12 23 89 83 98 81 30 95 3 79 58 95 45 18 22 50 87 85 29 90 1 59 57 22 94 67 4 27 69 38 5 57 93 95 99 48 46 82 61 97 23 97 94 67 26 42 36 93 12 63 43 77 77 58 52 61 32 81 42 98 70 73 91 91 9 93 36 7 83 34 21 0 44 68 13 10 45 24 60 95 9 40 30 1 41 90 94 83 86 76 71 60 81 35 79 92 40 7 97 95 28 2 37 47 99 17 61 36 90 95 54 74 53 39 47 79 37 45 70 36 42 96 16 57 62 30 98 98 62 91 69 8 85 6 46 23 18 6 10 22 61 40 51 90 91 18 44 54 93 67 98 78 11 88 64 93 90 23 51 93 20 5 29 6 2 86 87 94 34 99 26 3 10 35 23 45 65 71 97 66 49 26 42 47 8 37 21 69 55 62 15 68 24 
83 49 42 47 97 13 67 43 34 94 76 69 72 85 93 86 31 66 48 97 5 39 58 47 27 87 80 98 50 42 31 47 88 84 95 36 53 11 66 10 13 25 99 23 94 58 93 26 66 73 26 45 7 1 72 7 82 19 14 11 77 87 30 66 23 19 42 33 84 82 88 25 78 20 94 66 71 37 18 93 80 97 26 81 57 75 24 96 62 29 24 31 49 86 62 51 61 93 85 18 43 62 44 17 7 74 41 11 17 59 19 59 80 8 32 9 35 90 66 26 94 56 21 80 31 77 66 44 78 39 59 55 66 30 22 47 13 33 50 91 5 32 92 96 11 30 23 49 37 77 58 5 79 61 13 28 35 5 94 79 86 44 21 20 44 38 91 38 79 73 27 80 95 7 9 8 85 49 7 74 46 9 41 41 53 95 69 25 65 61 43 62 68 89 61 42 23 15 94 13 95 23 4 40 31 76 91 31 22 70 84 30 35 66 62 7 52 35 84 9 9 3 84 60 41 74 94 95 29 93 19 30 83 39 7 46 76 36 1 65 74 28 87 54 93 3 54 41 20 48 50 63 38 67 73 9 94 94 0 5 83 15 71 44 68 32 94 89 15 27 11 47 29 8 7 63 62 48 87 48 0 91 56 51 49 98 38 40 52 65 84 46 53 62 93 7 82 39 48 43 20 28 10 7 82 93 64 19 6 71 47 33 42 80 81 20 22 43 56 55 42 64 45 8 95 90 9 7 57 19 14 99 47 92 29 78 94 17 7 72 43 13 98 62 28 50 33 4 57 28 46 85 63 55 47 61 52 94 23 28 28 57 99 25 72 15 77 25 33 8 11 85 39 25 46 41 47 34 52 82 73 82 41 58 82 29 47 95 21 46 48 22 37 92 71 45 26 64 72 42 
35 51 12 34 20 64 13 32 55 15 3 46 80 11 16 38 68 63 95 45 51 91 7 5 22 25 58 59 27 79 16 27 36 22 46 82 60 97 95 37 47 74 45 76 36 95 59 54 29 65 74 63 44 81 73 93 64 44 21 55 9 13 52 7 79 52 6 71 87 26 34 54 21 42 35 65 86 54 2 32 77 58 21 49 20 39 92 66 11 28 11 65 97 22 1 42 77 34 79 28 51 99 16 81 7 12 88 19 30 47 58 97 56 30 10 55 57 34 90 5 14 50 41 6 31 1 62 55 10 11 50 61 87 1 8 45 10 99 16 31 56 74 14 77 17 58 68 13 81 38 7 56 63 33 54 76 74 23 15 8 98 56 98 90 14 96 87 78 70 44 91 73 99 12 70 61 46 6 24 3 9 66 22 28 48 66 54 56 44 99 81 56 93 65 27 91 77 15 40 4 62 11 50 2 20 9 39 39 33 65 96 21 73 38 31 34 62 56 5 79 7 82 94 55 86 89 73 85 68 35 99 19 0 19 52 88 32 88 44 33 35 84 35 83 29 19 70 48 37 36 0 19 84 99 1 93 7 72 33 6 35 3 76 79 98 13 57 85 65 46 85 97 15 66 82 14 85 77 59 80 72 98 62 74 87 83 91 90 50 47 62 43 45 12 28 76 9 96 82 59 3 18 11 17 7 8 43 92 32 87 91 1 41 53 39 18 39 42 34 67 84 38 48 97 19 90 54 34 21 61 74 0 52 53 77 80 77 30 85 10 88 2 74 86 14 41 75 13 26 91 9 6 44 60 4 50 98 76 99 42 26 23 41 3 70 66 19 70 66 7 0 9 15 13 90 73 68 24 43 98 46 19 8 60 72 86 5 36 40 46 21 54 51 91 88 87 66 50 86 2 
46 8 81 79 69 17 37 33 83 87 11 33 20 89 0 77 10 12 87 37 25 21 54 55 29 29 77 82 72 41 0 94 29 56 75 62 56 89 54 2 43 41 73 54 56 70 0 74 4 57 15 83 23 61 46 34 29 92 3 3 72 10 36 93 63 35 30 45 3 6 94 80 99 52 19 16 14 41 0 97 68 65 84 88 48 97 19 41 16 93 51 78 2 73 71 47 99 51 19 31 53 92 88 71 9 12 0 25 73 87 5 28 90 5 78 46 10 6 11 26 37 35 71 87 85 84 67 0 90 66 8 74 75 38 76 39 95 2 97 0 35 32 62 10 92 69 50 36 99 68 70 72 99 11 74 22 30 40 95 65 28 0 32 77 53 81 78 84 22 30 84 42 18 43 99 54 32 72 75 50 27 38 18 26 17 40 97 27 37 76 3 52 5 34 44 56 59 96 27 39 86 23 64 69 95 92 21 38 40 87 57 64 28 12 29 70 72 63 74 95 18 70 20 70 85 0 34 79 52 32 98 62 90 1 98 46 57 29 11 37 10 13 32 2 53 27 18 51 20 11 35 64 77 6 17 95 99 93 13 62 78 80 79 54 40 46 16 57 54 39 97 59 15 3 29 4 37 95 10 13 17 77 0 59 37 41 79 68 21 93 26 1 31 5 35 40 42 88 69 99 80 53 51 44 22 69 35 26 9 31 44 32 87 5 88 53 72 43 32 27 53 10 75 76 0 79 45 14 73 55 37 18 25 37 58 64 41 14 71 40 45 28 68 20 93 34 11 64 44 83 86 46 72 73 26 51 21 45 61 70 81 96 1 44 23 71 81 59 14 62 80 67 9 85 78 85 69 25 41 66 70 42 57 27 89 73 39 39 17 55 52 98 17 50 28 19 34 36 93 97 
58 66 38 73 84 43 47 67 49 29 50 41 81 7 39 76 22 20 69 30 66 6 29 56 3 50 54 73 4 60 45 82 53 66 13 11 75 82 90 74 37 91 67 27 35 39 78 60 21 82 32 1 66 98 48 99 25 84 4 44 63 70 33 50 55 93 70 50 39 89 72 78 11 43 84 71 38 73 89 79 75 56 40 13 66 70 78 82 12 95 69 62 61 75 1 66 19 4 32 36 86 24 63 84 14 7 19 40 52 86 37 68 8 26 98 36 2 39 98 95 28 88 97 98 4 86 34 64 39 11 87 71 44 92 17 26 61 2 22 16 55 94 65 61 16 63 73 96 98 29 96 21 37 54 36 8 13 24 31 9 77 49 84 33 99 69 98 10 69 30 0 30 83 88 25 53 95 4 29 96 97 99 76 48 43 78 91 64 67 16 32 34 66 14 97 88 85 70 77 2 26 88 26 26 90 65 49 76 80 0 54 91 28 89 87 24 85 36 97 86 96 31 26 98 42 23 33 11 92 20 9 36 56 63 31 68 14 64 14 58 40 68 1 51 40 76 84 1 4 91 51 10 50 44 44 32 8 20 89 98 62 19 25 10 18 64 75 32 17 98 7 96 51 11 50 95 3 12 40 60 12 31 44 88 30 5 30 98 10 68 27 93 23 2 66 26 46 26 14 10 9 18 29 48 89 22 75 91 69 56 34 83 93 73 60 88 28 3 41 55 90 92 34 20 25 17 54 79 2 74 65 47 59 53 55 75 34 89 14 87 84 41 58 15 62 17 15 26 52 68 8 94 29 39 63 87 3 17 52 97 27 24 71 97 50 2 9 1 1 19 62 83 6 75 52 4 77 26 18 67 66 40 75 41 15 46 89 18 76 30 73 44 57 83 73 1 56 43 23 19 
11 13 80 27 52 68 97 27 60 85 72 93 49 30 98 19 0 8 88 85 89 23 36 79 35 79 37 16 3 89 10 83 21 94 86 15 22 47 88 26 40 2 41 66 38 23 14 52 75 46 92 76 66 37 73 65 75 1 61 76 0 30 93 83 20 43 98 96 72 38 61 79 13 43 86 64 21 47 66 92 33 68 66 27 91 23 65 91 59 61 69 39 83 62 72 5 7 31 92 60 74 78 69 61 15 99 94 85 74 33 47 95 75 41 33 27 63 70 98 14 72 26 43 71 32 24 96 3 45 55 39 20 55 42 39 43 81 16 49 35 25 25 55 14 31 22 77 74 35 42 74 26 70 57 33 58 22 61 19 64 5 67 71 37 65 83 43 35 84 35 28 76 53 37 73 31 37 94 83 53 84 10 5 15 77 38 78 99 75 89 48 4 56 78 52 81 2 56 33 72 36 47 70 83 28 58 58 99 3 62 22 65 32 50 82 38 20 8 51 77 37 3 92 6 6 20 35 82 18 30 6 26 49 9 7 75 36 51 80 35 3 89 98 56 95 83 5 77 1 31 15 90 69 35 13 88 3 54 7 74 55 40 1 1 39 60 72 98 17 17 86 85 50 60 44 24 39 37 54 21 50 64 94 53 59 26 14 29 90 60 44 15 72 3 71 97 26 5 83 35 33 71 36 98 28 55 51 84 50 75 54 55 40 19 13 94 6 24 76 45 89 45 86 76 80 39 47 82 97 31 63 26 63 63 35 87 21 41 75 96 34 74 8 61 10 99 82 25 36 84 58 12 50 6 38 76 80 39 1 56 13 23 21 55 6 17 62 31 85 43 65 3 49 14 96 89 6 97 84 6 59 35 32 79 66 63 96 17 24 76 89 19 2 85 67 26 83 66 13 73 
11 76 96 67 7 50 10 54 6 32 52 81 36 12 46 20 29 27 14 50 16 21 8 67 96 48 36 56 66 86 92 91 28 81 76 63 42 78 55 4 96 45 56 42 51 28 29 44 71 66 50 43 83 95 69 64 31 97 92 11 83 20 16 28 68 21 5 83 37 3 79 50 26 4 23 62 39 99 20 95 55 73 47 76 35 17 57 7 74 11 28 4 9 93 13 24 67 85 76 31 31 69 8 38 88 28 77 99 90 16 35 14 86 32 17 49 70 56 6 22 70 59 63 4 14 32 21 51 93 84 48 99 81 91 48 47 40 65 67 90 46 79 3 39 36 82 29 6 41 79 58 3 63 32 13 53 80 6 94 85 90 87 70 24 67 30 14 85 13 20 40 24 68 94 63 76 81 56 50 80 84 68 5 76 33 79 55 16 80 59 91 94 65 22 56 92 17 17 67 60 70 89 36 3 4 6 67 95 1 74 73 13 22 40 77 67 64 8 92 70 6 74 53 18 67 36 80 40 82 25 13 49 80 55 92 49 90 6 12 34 44 14 84 98 69 25 20 98 75 50 24 42 2 75 66 25 48 6 10 85 35 70 70 90 51 95 35 93 14 19 37 28 61 15 2 48 19 87 25 59 91 25 80 39 31 27 28 15 92 63 45 29 65 71 66 88 22 77 25 54 15 48 62 77 73 35 36 17 89 1 25 73 73 46 47 23 46 70 11 93 90 28 9 54 14 56 8 15 39 24 83 30 22 35 52 17 40 59 60 15 51 52 99 92 15 81 9 65 51 83 69 21 36 80 54 58 78 62 48 8 16 16 56 4 15 64 81 43 90 94 40 64 93 60 71 4 49 26 79 89 2 87 68 33 24 92 96 55 43 97 14 69 70 26 52 72 62 92 4 57 
18 41 75 70 58 88 78 93 81 95 96 31 43 41 48 91 87 56 12 75 43 12 83 68 57 18 75 46 82 51 82 54 62 87 50 52 75 40 98 43 81 99 28 47 37 14 31 61 29 23 6 64 68 32 6 35 33 43 26 22 17 44 29 31 88 13 55 82 29 61 25 6 26 0 39 5 70 50 15 69 53 69 8 49 60 21 15 72 94 46 64 12 57 52 32 82 73 22 33 43 86 3 95 94 92 22 86 25 8 28 80 13 37 28 16 74 47 50 51 78 99 26 78 72 83 27 87 0 93 11 61 37 34 57 55 91 31 47 56 7 8 41 8 16 23 53 17 95 79 31 0 80 85 44 50 14 63 95 43 13 27 96 74 15 51 92 65 10 59 40 62 99 14 52 5 5 28 27 60 56 23 21 65 44 20 16 27 95 13 59 19 46 61 88 36 9 63 12 61 61 31 0 78 70 53 66 46 38 4 88 92 13 34 44 51 97 12 45 46 53 40 93 16 21 77 51 7 99 19 31 28 25 72 8 10 98 43 26 20 6 2 96 17 38 21 35 48 35 69 63 9 77 70 14 12 95 0 79 40 50 87 40 25 11 42 43 90 48 18 21 30 29 84 72 71 51 44 71 23 82 70 92 79 40 13 9 97 93 90 82 50 72 55 33 24 61 5 71 76 97 99 42 20 31 40 24 51 93 19 99 53 30 32 41 80 60 2 74 75 66 7 68 82 62 63 47 10 17 97 12 22 7 94 90 46 32 3 87 80 78 9 76 60 39 39 49 97 7 88 51 20 33 50 66 6 97 70 89 42 86 85 51 48 56 66 73 13 17 5 18 10 11 39 66 47 98 47 37 9 0 77 14 62 84 57 27 56 35 26 80 60 8 79 56 60 35 29 6 64 4 
18 64 22 9 82 40 55 61 80 28 92 2 23 83 0 66 30 96 60 85 97 75 17 86 21 58 0 19 49 78 28 78 14 66 91 70 96 42 10 17 2 24 82 67 7 83 83 31 10 73 4 4 67 75 7 94 56 42 67 98 15 52 71 56 68 19 53 76 93 93 15 87 40 57 44 90 93 82 34 26 77 17 10 67 46 51 5 99 67 51 90 79 67 97 75 52 61 76 41 25 11 17 46 21 99 52 37 19 29 87 25 1 78 9 22 25 25 84 96 37 76 86 28 50 33 92 68 80 9 49 46 31 64 49 32 40 47 53 82 50 87 78 4 3 63 56 78 52 15 94 78 76 69 38 61 47 24 54 16 86 64 37 24 53 62 62 72 25 60 95 94 95 22 45 64 45 86 87 16 67 85 8 90 48 39 57 73 90 42 43 73 84 82 68 56 39 95 72 82 95 81 75 17 82 79 81 8 37 72 89 31 6 19 63 88 53 82 12 69 15 5 90 63 16 86 24 21 45 75 34 87 61 24 8 23 51 86 93 21 56 13 75 16 85 57 98 37 56 30 1 20 38 54 35 24 60 73 42 23 14 68 8 57 41 71 3 13 30 27 55 30 46 40 13 54 3 54 66 44 51 51 80 23 28 80 96 74 59 7 57 62 41 93 35 75 46 43 28 46 60 70 19 39 16 19 94 29 47 92 22 98 35 48 56 36 31 97 22 40 53 92 87 67 95 53 23 66 20 96 2 79 63 70 10 32 72 52 3 81 78 33 31 97 5 98 34 14 44 3 12 95 50 28 44 29 33 41 23 4 75 21 73 30 76 5 92 38 19 12 79 83 77 30 64 19 83 77 37 70 16 84 0 90 54 26 65 97 59 1 28 68 55 84 15 45 24 1 40 64 66 
43 87 98 72 87 34 88 67 33 50 14 9 10 62 53 37 28 42 17 61 29 69 23 0 47 85 32 41 75 67 94 16 57 14 87 75 27 93 66 11 82 45 53 33 73 51 92 71 16 58 99 75 44 55 40 18 15 6 57 13 27 92 25 36 33 41 72 15 96 68 67 41 79 53 83 14 87 23 60 56 39 89 11 86 15 30 35 17 92 83 86 43 44 44 95 32 93 4 35 98 88 60 15 12 82 95 68 30 47 9 84 96 16 33 47 60 35 17 4 2 86 87 42 78 35 26 27 3 23 94 88 86 88 76 76 80 81 18 29 4 4 81 40 92 41 12 69 47 78 76 88 43 8 40 14 20 61 79 50 49 16 31 37 49 0 65 64 64 41 22 50 44 63 89 17 42 36 70 97 45 8 44 38 45 8 22 81 16 36 55 38 69 32 88 48 13 80 51 2 86 94 69 41 6 80 83 42 44 98 12 77 36 75 97 82 77 68 7 19 62 92 9 46 97 2 33 53 48 35 61 59 29 43 9 12 94 66 23 59 64 95 33 87 15 13 18 65 5 9 56 33 74 19 74 7 61 28 54 70 76 98 67 49 13 93 50 62 27 19 14 57 64 95 83 31 62 48 32 38 99 90 23 21 76 87 53 60 23 12 29 57 0 18 14 31 19 89 57 56 80 21 95 67 38 2 71 39 68 54 3 97 89 37 52 78 16 58 59 29 12 63 65 89 4 61 86 6 29 73 86 16 66 41 83 97 84 59 63 9 47 91 2 19 41 80 11 57 18 10 79 46 88 57 88 11 24 15 10 56 92 93 48 65 54 35 70 72 93 12 15 60 22 77 77 91 54 21 90 44 90 44 74 56 79 73 50 58 76 26 51 76 88 71 84 12 60 15 51 23 57 
7 42 77 69 47 13 77 88 26 40 82 92 11 43 46 42 29 28 26 24 20 16 34 62 25 17 35 52 73 31 62 67 65 81 38 76 88 38 21 7 71 99 43 29 17 63 16 67 11 54 7 52 78 54 15 92 49 36 5 75 60 21 46 81 69 60 50 83 41 87 80 3 98 64 64 55 88 82 47 11 40 51 58 88 68 85 10 88 1 80 18 59 77 42 73 22 49 66 78 79 34 1 49 4 85 90 72 44 1 23 94 31 76 36 26 12 46 4 59 60 13 18 71 50 48 54 26 10 27 7 56 66 83 95 77 34 50 21 91 14 56 15 25 46 83 45 88 52 84 16 47 50 19 5 47 10 77 88 58 34 4 85 71 97 19 62 83 53 75 95 74 67 37 29 21 75 24 41 14 53 9 96 33 96 90 22 66 81 96 20 7 44 12 89 11 9 63 62 3 81 85 2 68 89 15 78 37 72 69 44 6 5 71 29 57 40 97 41 5 90 84 99 52 93 87 70 89 16 92 34 13 10 3 58 13 14 16 46 77 88 88 95 24 86 32 38 72 53 53 89 35 44 43 81 17 65 4 29 12 52 96 90 74 93 59 40 46 89 82 91 22 39 90 66 22 50 49 56 5 71 2 55 56 33 59 93 7 77 5 33 52 31 87 15 17 84 83 44 66 14 10 16 94 9 18 44 54 39 61 22 64 66 28 46 64 32 41 8 1 75 36 68 6 87 35 37 90 1 76 25 97 1 20 59 36 10 90 14 32 8 94 49 1 38 82 31 84 93 80 70 59 77 46 42 1 62 90 87 18 30 42 95 27 82 11 69 57 90 20 47 94 92 26 93 81 55 22 34 31 88 58 94 86 25 87 60 25 22 94 6 4 21 89 60 73 33 45 33 19 97 
98 40 42 13 90 45 11 49 6 2 22 37 41 8 29 69 82 46 59 42 69 78 60 88 93 45 10 14 60 16 93 39 46 48 7 74 6 42 44 88 95 43 28 8 82 45 16 16 57 47 13 82 63 22 47 49 69 1 79 5 89 85 95 96 56 48 82 23 46 27 46 68 88 18 85 17 21 77 52 45 6 72 30 18 6 2 68 51 66 38 11 94 80 85 54 76 94 8 50 96 33 81 91 54 87 83 25 33 50 19 20 30 26 84 71 74 53 55 39 38 4 52 2 57 68 68 73 88 59 55 59 73 49 95 3 40 30 81 41 2 49 24 80 82 21 72 2 58 71 57 84 89 39 68 40 51 11 57 37 6 86 38 85 54 88 66 45 87 91 13 84 89 81 23 72 37 27 80 78 58 21 27 44 50 31 34 78 46 83 84 40 4 48 64 1 51 3 1 29 24 48 39 70 75 67 49 81 71 51 43 83 78 47 90 66 28 75 85 27 32 45 22 56 52 89 98 2 60 66 77 75 41 82 42 44 22 79 81 2 20 38 21 98 7 45 77 47 68 4 50 27 11 13 87 37 88 21 95 17 94 32 14 51 64 8 94 41 40 73 68 44 88 68 99 62 79 34 97 58 76 86 48 15 69 55 30 77 82 23 32 0 11 47 71 2 52 16 60 29 23 29 2 22 79 25 17 80 79 83 62 83 25 93 56 54 40 59 48 86 72 16 80 1 88 73 17 52 24 28 28 69 81 42 14 68 94 97 38 78 76 85 59 50 87 69 73 68 10 32 41 15 89 89 0 64 18 95 59 67 38 37 9 16 5 33 9 90 99 4 55 50 16 14 84 68 34 21 56 77 42 35 52 97 1 32 76 95 39 81 46 93 13 7 8 86 35 38 34 9 27 
41 44 52 69 66 74 20 3 35 53 30 52 16 65 3 8 73 15 96 9 23 34 21 69 70 16 60 58 81 10 20 47 37 76 94 77 27 69 2 28 25 71 3 36 75 69 57 6 10 50 95 67 96 18 88 26 61 18 8 84 38 96 67 85 92 79 22 6 63 88 91 47 80 2 98 42 32 32 87 27 77 68 14 64 30 70 5 0 54 21 69 96 73 61 71 39 42 70 7 35 32 20 70 90 24 4 17 30 26 21 6 67 12 86 7 74 39 67 32 7 91 58 36 98 69 81 95 39 23 25 14 56 76 65 39 27 16 18 83 44 86 53 1 86 53 40 53 80 60 29 5 31 17 85 35 43 63 39 19 79 46 43 70 81 23 94 39 53 90 79 20 12 88 43 37 12 12 89 93 82 80 47 5 85 80 13 85 29 11 24 64 18 88 81 63 1 55 51 57 32 8 45 13 74 68 56 92 5 35 53 98 32 77 86 59 83 31 47 66 9 21 99 28 48 65 18 46 91 75 93 25 27 43 64 37 22 78 24 21 90 40 41 96 62 77 89 71 70 28 14 87 79 56 37 58 29 29 27 61 8 70 12 19 36 99 77 1 29 21 54 25 57 45 21 15 52 29 69 22 91 25 67 19 88 34 49 7 48 32 36 50 89 81 43 28 50 87 48 3 49 91 62 82 96 72 16 76 66 33 14 75 24 51 13 26 98 53 88 13 63 33 96 13 58 36 95 19 97 53 64 73 56 34 74 15 29 14 39 58 17 45 19 66 43 70 53 69 91 70 13 51 98 94 51 13 83 51 47 1 1 11 70 71 0 79 83 60 78 34 61 41 99 5 21 48 90 49 11 35 57 93 93 82 67 9 34 74 52 57 60 65 54 14 33 11 19 13 28 61 93 
98 47 62 57 40 95 12 7 26 98 40 10 49 0 4 95 47 5 48 66 75 30 43 13 18 82 43 63 74 87 43 64 72 49 20 16 64 93 34 65 39 54 29 72 88 17 67 30 12 75 16 7 14 92 15 64 47 64 43 66 84 12 78 38 29 10 44 50 43 9 31 35 33 9 73 21 76 33 27 24 7 53 53 77 0 26 38 32 28 88 77 11 56 28 76 35 77 30 88 85 98 37 66 23 88 80 40 80 34 43 55 62 45 67 95 54 77 85 79 2 62 86 11 62 54 2 63 35 28 3 38 59 0 85 11 32 52 46 59 21 2 52 31 22 7 3 75 40 47 61 18 60 14 13 72 67 94 76 78 54 62 74 73 62 79 66 86 62 12 4 53 32 8 71 47 22 71 40 84 46 96 21 48 24 90 45 81 53 80 95 34 4 62 86 98 29 77 68 56 49 90 49 74 17 31 49 76 4 57 44 78 99 30 6 4 44 94 24 85 35 67 18 90 33 85 0 16 15 95 50 60 25 12 27 66 96 5 82 65 18 23 76 5 13 39 64 98 70 8 40 96 6 0 2 86 85 19 71 91 22 85 48 55 91 39 10 6 37 16 33 6 39 91 15 42 79 71 50 59 17 42 77 18 7 43 22 70 4 24 9 12 1 19 72 68 41 3 32 29 24 37 42 7 10 27 38 96 5 24 92 22 64 13 12 84 98 76 20 3 66 32 18 34 84 88 4 79 8 39 74 0 89 59 90 17 9 25 8 0 51 49 63 3 25 9 76 57 87 3 44 56 80 74 56 37 55 6 68 72 52 85 51 41 85 64 33 63 75 22 78 81 57 17 71 95 47 18 26 25 63 11 23 81 52 20 4 29 78 67 61 48 70 83 96 42 70 82 67 18 48 
21 59 31 43 21 3 68 70 68 42 41 32 46 21 7 56 76 72 83 65 60 54 18 88 42 4 19 29 67 90 1 36 64 56 98 50 5 48 41 74 18 95 48 47 66 9 5 30 19 24 62 81 53 28 2 32 78 21 78 55 21 49 72 75 61 29 31 96 65 73 39 99 38 14 22 81 88 36 95 80 92 48 94 68 69 35 1 93 75 55 93 27 36 94 39 37 93 25 37 18 20 19 36 21 94 82 64 17 12 89 38 40 81 55 68 55 90 34 94 62 84 3 64 4 26 82 87 90 76 21 17 33 39 65 83 44 91 44 5 22 93 29 77 48 0 81 31 19 42 26 37 61 98 89 49 96 54 76 47 71 98 80 69 43 47 33 40 77 4 99 69 50 72 91 96 3 6 23 96 14 42 18 62 13 9 56 6 94 3 52 28 78 14 59 51 29 86 48 16 54 47 4 9 64 78 52 60 73 91 61 69 86 30 27 86 70 13 73 18 37 78 88 12 12 86 69 82 92 20 16 62 48 98 43 40 12 57 28 75 90 83 6 16 53 26 77 96 20 10 67 98 83 71 69 33 38 40 83 47 11 99 13 6 28 10 51 38 25 9 10 32 18 78 55 68 57 73 27 97 47 4 23 85 3 90 26 35 54 45 93 85 81 57 54 25 60 3 25 39 17 88 26 60 89 11 99 14 85 1 49 0 71 30 81 79 17 66 25 36 22 1 50 36 84 20 64 38 46 69 52 12 15 0 86 69 63 19 83 5 5 60 56 97 72 1 40 12 29 48 74 2 4 15 31 65 79 94 7 73 53 99 9 80 64 7 0 14 4 10 10 89 68 83 32 92 66 93 88 41 23 8 58 45 30 29 99 67 42 7 89 43 8 27 63 68 22 19 20 27 72 
60 45 7 12 61 68 34 37 90 6 85 0 66 33 83 91 53 47 94 65 45 57 99 81 15 39 91 66 37 75 85 59 49 4 93 20 68 65 82 61 7 98 25 10 34 62 86 47 4 54 34 24 7 29 73 31 4 88 61 52 12 64 79 58 60 62 82 88 66 62 5 87 70 91 35 18 72 50 97 54 66 25 96 7 48 34 10 54 30 47 82 20 18 96 74 91 79 20 95 32 4 76 53 25 65 2 21 4 95 8 73 72 59 87 19 22 9 71 28 78 5 16 59 27 13 55 48 84 96 69 90 17 14 59 20 85 57 42 47 33 8 57 13 21 74 93 8 21 18 85 98 95 40 46 51 75 42 28 27 55 36 22 14 85 52 42 46 9 74 76 72 83 63 89 97 57 41 55 22 44 23 55 61 97 84 50 82 86 37 80 42 62 62 18 43 1 26 25 45 7 52 28 52 16 4 71 49 0 86 4 53 8 23 6 7 76 89 63 41 94 50 46 42 23 72 86 50 42 95 54 47 18 26 45 35 75 91 11 38 2 46 97 53 15 7 1 35 88 11 78 71 85 16 7 50 24 68 77 66 98 41 78 91 13 5 64 65 83 39 58 11 15 56 85 71 51 16 14 93 90 42 78 80 26 97 14 2 16 55 72 87 78 62 56 30 2 30 16 83 86 82 0 57 91 58 5 46 78 8 18 70 68 9 4 41 65 67 92 79 15 41 35 2 75 79 86 23 52 82 85 21 39 6 0 14 79 26 52 82 14 95 35 1 75 10 88 16 1 91 9 40 5 38 25 62 60 31 40 46 99 76 49 9 14 20 95 96 93 73 83 12 21 47 57 98 32 47 17 32 80 21 4 53 66 26 91 79 88 80 67 52 47 67 74 69 99 83 29 31 15 
83 38 94 81 46 19 54 89 89 72 10 33 24 26 34 46 56 72 26 97 36 51 3 28 74 52 52 66 77 21 85 91 40 88 83 21 70 94 72 64 12 88 64 4 26 62 44 57 81 33 6 74 32 55 41 78 58 64 7 99 0 95 44 99 68 57 28 53 5 29 96 39 59 26 5 53 69 77 18 43 93 58 47 19 88 79 54 93 47 50 72 2 5 52 99 86 90 27 7 69 99 81 23 96 75 69 74 25 82 70 9 16 52 94 42 52 8 69 5 5 41 73 86 59 0 64 91 91 35 39 91 44 86 46 20 82 81 94 33 10 49 22 75 84 54 9 41 4 83 70 70 79 72 86 10 34 9 78 35 60 4 24 81 72 49 59 35 77 59 0 80 49 6 17 22 24 98 28 63 94 95 9 37 41 47 0 38 79 12 51 59 0 94 68 4 57 27 33 65 25 34 8 71 66 40 10 2 42 21 35 13 83 38 48 39 20 39 52 89 23 40 42 36 83 12 83 52 89 9 83 45 38 65 34 88 34 60 1 74 12 63 37 97 52 65 59 19 45 60 97 79 44 78 88 48 17 33 6 73 73 75 70 91 92 82 81 13 71 62 31 46 4 32 31 46 65 80 23 33 7 58 20 17 76 34 32 62 38 64 29 84 61 89 25 99 27 83 10 18 83 62 80 2 24 8 72 20 98 74 24 14 97 81 28 42 25 64 59 47 18 22 3 88 57 34 89 74 87 37 8 5 20 28 67 6 42 39 41 8 48 57 89 41 73 52 18 86 21 80 25 57 93 23 69 57 46 48 73 67 44 48 16 72 20 12 89 99 92 76 6 93 53 59 51 34 90 93 46 10 71 45 29 55 64 55 90 20 62 21 34 6 38 60 34 11 30 57 46 33 77 
8 26 51 43 65 53 98 3 30 55 69 34 44 44 17 65 37 91 36 19 30 0 32 38 16 20 40 18 56 81 70 97 27 85 23 20 11 44 75 2 28 50 15 84 49 81 28 61 35 15 25 51 2 6 96 82 97 57 41 63 57 78 88 16 93 61 44 78 53 12 28 70 50 22 24 44 16 29 51 21 39 35 68 72 91 29 95 39 23 47 89 31 28 26 6 66 37 83 6 87 66 20 86 27 2 56 73 18 89 47 98 71 18 43 76 9 31 16 3 78 46 55 57 1 21 25 57 11 29 10 70 1 48 4 99 57 22 28 93 26 32 4 22 45 8 58 85 77 12 96 6 98 58 32 8 1 43 78 47 79 3 52 51 23 81 45 26 44 51 33 85 72 92 76 54 2 12 88 28 2 40 96 67 66 19 23 70 7 87 66 35 34 68 13 97 73 66 59 3 36 1 63 68 8 42 78 6 5 76 66 32 95 48 57 31 12 24 63 99 15 1 40 50 68 0 58 17 83 58 73 11 14 56 63 98 66 70 66 99 12 74 16 53 80 47 59 17 35 42 77 44 98 81 29 38 41 47 34 45 5 35 52 9 24 32 37 55 99 52 74 64 18 23 50 7 65 43 53 89 31 9 13 16 14 83 33 86 78 56 55 48 71 23 71 2 47 84 12 80 69 83 3 49 79 7 74 7 74 54 68 60 59 97 10 23 36 42 27 30 37 48 82 83 61 3 43 72 92 5 9 12 57 81 0 74 51 81 15 92 47 57 71 81 17 50 0 30 53 20 91 15 40 79 78 4 39 11 24 13 37 87 0 47 64 12 51 8 26 3 27 63 37 44 39 20 96 79 36 36 35 95 19 96 9 41 52 26 85 35 41 97 60 94 20 46 64 65 80 30 56 
99 19 82 14 99 51 21 56 1 30 61 4 64 4 41 66 98 47 93 59 47 98 74 31 62 57 64 87 48 24 97 29 34 58 75 99 85 32 41 54 1 17 94 94 78 85 31 98 14 21 10 6 74 5 38 28 26 28 17 43 56 55 76 65 8 0 94 93 28 13 79 12 0 58 46 91 11 39 89 20 56 30 44 52 34 79 97 22 28 69 82 90 71 56 83 16 57 63 86 78 30 31 48 87 57 1 93 94 85 53 19 54 65 15 87 71 89 79 33 53 42 43 98 71 59 16 6 99 21 49 91 55 52 30 70 99 67 21 72 86 45 85 65 83 81 80 32 21 60 3 12 88 49 35 65 42 9 30 86 28 43 90 13 73 9 97 15 37 61 14 46 65 55 35 56 87 48 80 26 8 54 55 5 33 32 56 79 42 61 3 66 20 36 39 84 95 67 25 63 83 40 5 75 78 99 77 28 82 81 32 17 87 65 84 65 23 77 39 97 61 7 78 74 24 84 39 97 0 76 13 4 27 76 6 48 21 13 92 59 48 66 7 10 29 3 78 22 58 6 75 3 34 62 8 15 50 3 59 8 86 46 70 40 47 41 84 43 6 52 2 47 65 53 38 76 20 69 28 19 39 44 13 11 81 60 16 68 12 17 91 63 60 99 75 55 97 78 36 74 93 29 3 59 77 35 76 75 63 15 70 41 96 55 93 27 39 51 4 97 89 85 82 40 86 16 85 3 56 5 45 45 26 41 31 47 96 72 34 67 74 13 50 54 62 35 10 22 90 44 9 71 21 0 9 46 36 28 96 26 71 0 52 91 30 65 28 72 63 59 48 5 21 54 45 33 33 88 85 92 67 30 81 41 51 62 99 14 2 21 11 3 24 20 25 36 79 76 49 37 88 
98 41 36 20 84 50 66 38 49 29 30 18 55 8 67 89 71 9 71 92 97 75 27 58 53 51 40 94 61 48 94 76 91 98 37 67 33 95 86 39 95 43 23 12 85 49 89 74 67 51 9 94 17 3 5 17 58 10 52 52 27 94 72 36 43 58 43 10 54 16 36 62 3 86 51 23 6 77 92 46 21 24 76 80 25 56 85 45 65 75 19 35 71 90 10 38 30 86 86 45 83 26 4 33 18 7 27 49 88 32 3 41 47 56 21 70 17 65 27 18 72 74 81 85 73 85 92 88 32 5 94 85 11 81 91 10 95 82 86 68 55 65 99 31 23 33 83 33 44 71 72 8 16 58 39 16 37 66 15 89 96 92 56 52 16 36 76 51 85 38 28 74 89 68 62 53 34 60 66 19 12 53 3 24 33 4 92 34 82 26 54 40 44 18 19 27 28 28 79 78 43 99 82 41 85 7 59 5 31 36 99 66 7 68 49 4 35 44 96 86 17 36 93 47 26 77 63 67 96 64 5 46 66 11 35 63 26 51 27 24 8 14 41 52 10 8 16 17 29 37 72 71 3 37 65 73 71 50 93 10 92 61 97 43 82 39 39 11 85 15 88 10 87 45 44 79 80 76 90 4 1 95 66 39 86 81 9 86 71 47 44 50 4 6 79 21 23 82 39 9 18 52 73 60 34 63 93 25 71 49 35 31 65 59 25 53 98 55 81 82 57 68 76 22 75 96 55 0 92 53 74 61 37 25 90 4 47 28 27 88 17 10 57 68 10 25 14 93 65 59 77 93 99 68 82 81 3 35 38 96 94 95 80 55 69 32 28 8 26 25 18 47 40 16 42 13 59 12 3 19 21 99 74 47 31 60 13 97 34 2 19 93 42 6 85 27 67 17 86 31 
81 98 67 94 50 98 22 0 74 97 51 43 96 52 95 40 94 48 13 89 5 14 3 39 42 74 50 29 0 29 4 36 18 10 33 41 8 97 71 28 49 47 47 57 68 73 5 32 0 27 26 25 71 62 0 82 46 49 90 61 21 92 74 49 15 86 72 79 61 25 79 60 22 55 5 6 70 88 46 84 60 13 21 53 42 83 8 71 72 96 90 39 9 69 29 29 54 73 0 50 83 33 41 26 59 37 39 76 53 97 76 18 60 19 29 41 12 80 31 48 74 82 20 64 27 65 45 68 88 8 30 78 56 50 2 53 0 64 89 76 27 9 95 59 50 77 43 69 95 2 48 26 10 52 22 82 54 91 12 54 68 55 33 33 25 43 17 37 23 0 54 63 46 40 13 32 55 10 82 33 25 5 87 50 74 21 60 23 95 68 32 79 88 97 46 4 50 89 18 70 38 35 30 71 23 13 88 91 31 31 94 82 58 16 88 26 31 51 24 65 70 88 16 95 6 10 63 95 11 35 49 12 63 10 41 90 58 57 56 90 10 15 91 6 0 71 99 32 12 66 72 70 55 18 89 58 87 63 10 58 43 38 67 19 48 64 8 86 35 43 27 16 55 87 78 86 13 16 17 7 59 83 20 48 10 98 17 20 67 80 71 62 0 29 39 47 50 54 73 13 57 16 27 52 4 71 86 79 43 32 82 22 74 70 10 93 50 45 82 65 46 8 60 57 88 45 78 21 24 31 83 69 18 95 92 20 59 74 11 95 56 78 76 19 2 58 16 44 77 15 76 78 31 20 87 77 68 66 38 27 4 69 3 72 60 5 68 35 97 96 42 56 41 20 97 33 23 64 37 24 77 35 1 41 0 80 88 0 51 7 89 18 48 32 35 53 80 14 81 45 
94 99 30 36 1 30 84 68 21 67 70 75 91 10 72 71 31 39 93 28 7 65 79 15 29 77 2 24 62 61 34 66 97 60 19 25 66 21 58 24 11 0 38 52 78 51 14 81 73 9 96 72 18 71 62 68 47 48 93 49 77 95 76 78 59 90 18 58 78 13 14 5 55 87 57 23 20 43 96 50 46 23 85 59 94 34 44 27 46 48 23 40 15 3 65 93 1 83 94 22 6 69 28 7 39 43 43 76 83 78 71 57 5 77 74 3 89 1 5 43 2 38 68 57 18 82 8 23 45 59 11 87 34 21 84 66 96 40 69 11 52 87 63 48 76 82 9 95 20 61 3 95 94 37 68 76 83 35 86 12 52 31 93 36 2 15 51 11 22 43 70 49 35 47 78 98 85 15 29 11 82 10 8 33 39 18 56 57 26 71 93 37 49 67 93 69 65 96 36 72 52 72 79 52 24 1 98 50 33 3 99 43 29 51 71 68 25 81 59 73 83 9 36 36 74 26 26 2 73 27 59 10 92 70 18 37 31 6 18 78 20 71 81 95 31 29 17 12 40 49 2 14 41 74 63 54 61 56 33 99 20 34 21 90 16 38 77 37 55 57 79 89 18 95 34 59 13 27 17 77 12 2 67 85 77 98 71 96 15 35 53 8 59 89 65 70 1 3 4 62 13 23 96 23 66 78 39 40 19 38 87 39 0 78 0 75 87 52 99 0 12 56 50 58 94 73 47 76 95 82 74 9 13 79 33 84 9 12 78 88 49 93 55 38 73 38 77 18 19 85 31 4 32 10 16 59 48 38 32 98 49 47 58 91 79 78 30 8 96 82 90 76 50 1 62 18 31 1 64 36 73 16 32 79 90 75 76 72 99 43 99 30 49 61 59 99 55 44 72 68 
40 28 43 53 28 73 23 83 46 9 59 96 5 42 9 24 3 87 77 74 45 57 4 91 85 49 66 8 4 40 22 62 64 49 38 21 73 30 35 73 62 62 21 81 22 63 46 9 96 7 31 55 35 19 84 72 50 86 5 12 79 7 57 91 91 34 98 61 94 4 68 61 55 85 3 57 17 22 7 69 91 87 11 57 5 46 14 59 76 8 60 50 84 56 59 56 12 94 75 74 54 26 44 13 72 93 84 39 6 3 37 0 48 98 84 2 47 93 54 39 59 45 41 10 43 76 30 55 92 34 86 39 39 41 27 3 34 24 76 91 89 95 19 2 69 9 78 96 68 57 72 64 38 79 54 0 64 26 10 85 63 82 38 51 47 0 87 61 25 71 48 25 18 30 22 3 84 7 18 26 66 42 49 50 51 50 70 4 47 75 21 43 93 53 71 92 72 92 46 57 37 92 66 37 68 47 85 35 99 41 55 28 87 59 76 49 72 91 50 94 39 99 93 92 22 60 18 21 20 48 36 89 97 95 25 3 64 59 64 58 88 46 69 21 4 61 90 10 14 58 52 54 45 13 6 91 57 98 69 14 88 9 63 91 71 48 78 83 86 49 91 0 91 51 0 39 68 3 6 11 61 30 62 84 53 73 46 34 11 60 51 31 55 87 49 90 21 41 75 53 34 82 79 54 26 8 21 33 25 22 48 1 60 44 28 68 7 45 47 48 32 57 45 12 59 1 93 18 20 93 63 38 28 22 15 10 8 92 59 67 33 89 88 92 37 95 57 39 34 66 20 89 72 62 29 81 54 12 4 35 40 42 46 8 71 12 99 93 88 36 43 25 78 21 11 29 46 0 21 43 52 47 54 81 51 70 10 10 81 87 37 37 24 85 93 20 57 32 44 28 
23 31 24 68 22 38 40 54 84 70 52 9 27 42 84 80 93 34 56 55 0 3 92 16 50 41 99 47 96 75 73 33 5 26 86 42 89 67 83 45 15 2 75 86 16 43 22 42 25 62 96 84 95 7 45 64 36 90 20 39 89 37 86 66 98 56 37 8 53 12 89 9 70 87 45 64 27 51 92 51 80 21 21 86 29 24 21 5 31 2 45 2 51 53 64 78 65 86 18 78 8 19 53 85 55 74 78 57 87 6 95 63 22 4 84 91 28 17 19 63 27 67 17 51 56 4 98 20 43 68 60 45 68 1 15 15 76 67 19 56 78 91 78 62 23 90 63 89 26 23 84 94 80 37 80 53 94 74 56 14 37 13 91 15 99 53 91 38 78 93 38 68 34 94 65 65 54 20 4 74 20 22 75 19 17 85 35 58 42 54 19 7 20 53 0 14 54 4 46 54 37 73 6 19 8 13 29 54 61 21 7 64 89 97 24 56 71 43 49 65 64 12 46 15 71 81 6 13 40 97 87 3 73 82 16 12 76 50 81 79 54 82 70 21 67 77 79 26 79 98 46 54 44 89 73 54 5 13 53 35 83 74 31 85 70 89 58 71 30 49 13 86 50 47 87 95 72 93 65 14 7 98 14 53 86 1 48 36 37 20 82 18 29 91 77 36 51 18 83 32 17 95 66 57 69 15 13 77 78 54 17 3 63 45 2 74 45 99 0 41 24 67 28 81 43 10 33 20 73 84 72 15 71 79 19 34 98 15 97 15 75 7 15 76 61 32 53 13 66 48 96 13 54 74 19 92 45 64 83 37 0 59 32 88 10 70 0 31 63 58 14 65 44 9 19 47 11 46 8 10 78 83 89 64 55 52 83 2 7 64 28 51 64 72 99 35 75 40 14 91 
26 89 72 38 48 88 34 99 98 93 97 93 62 17 5 3 91 1 37 13 52 91 43 26 64 79 69 57 58 68 76 21 52 67 4 92 41 47 8 7 42 5 83 35 57 66 82 72 25 50 96 73 62 4 17 59 42 23 3 68 70 11 82 31 41 17 36 67 93 31 99 21 31 7 55 58 82 53 72 76 31 15 37 80 31 65 12 8 68 5 20 65 12 96 73 60 32 82 94 85 29 23 13 16 93 79 31 35 48 47 1 92 79 67 95 79 80 14 42 3 23 85 68 97 69 92 95 48 99 99 30 83 93 84 33 68 55 56 58 55 16 51 11 22 78 7 2 34 45 96 95 34 87 78 92 90 79 43 83 67 52 60 87 17 17 77 20 21 51 35 40 52 34 13 54 40 7 54 54 89 17 63 69 95 44 24 95 58 99 0 6 85 72 16 73 87 84 11 12 48 83 67 82 48 70 55 56 13 84 21 36 73 74 42 78 9 45 56 77 59 8 51 18 7 43 40 24 46 32 97 27 55 88 97 79 42 79 3 95 76 23 80 67 92 46 2 77 63 83 26 31 3 72 65 82 99 85 99 5 60 83 24 29 15 9 88 23 85 3 93 23 67 49 54 23 8 82 82 67 15 50 81 48 81 73 78 6 98 54 46 7 47 82 88 89 32 24 1 34 43 0 34 34 17 86 96 77 59 86 31 95 52 10 90 44 33 48 5 43 1 9 28 82 37 24 56 59 11 47 16 61 31 87 78 6 58 94 81 64 3 14 72 17 58 95 80 63 83 57 31 24 74 47 50 47 12 59 73 35 86 63 36 11 45 95 80 58 90 73 5 44 42 77 70 70 21 41 0 14 66 8 52 25 15 68 4 77 67 25 86 94 27 60 93 57 65 14 4 91 41 
54 62 10 34 69 93 32 57 87 25 64 40 64 35 67 86 72 9 44 81 76 56 19 64 94 73 30 87 83 24 43 75 10 62 44 14 40 52 29 82 42 88 10 73 42 88 81 85 67 73 44 16 54 78 42 67 25 85 90 87 25 17 73 20 81 9 97 66 59 0 33 80 18 45 75 83 47 28 11 2 60 30 42 47 88 93 39 99 52 32 25 25 57 38 78 4 43 32 6 26 81 28 23 31 31 7 47 3 33 79 46 67 96 33 57 34 93 13 63 91 40 4 20 9 43 13 4 52 76 83 9 10 16 5 59 48 65 79 70 17 76 4 85 39 23 1 42 17 7 57 14 5 25 17 86 31 2 74 70 54 63 69 37 18 22 34 77 77 7 88 57 25 6 8 40 74 61 68 72 20 80 54 66 4 15 12 96 64 8 66 12 71 58 26 83 62 85 32 62 64 82 19 7 40 37 2 99 64 30 30 55 15 57 3 9 16 86 85 16 62 19 37 75 92 83 76 97 74 35 87 41 83 18 15 56 92 6 7 31 97 85 40 59 59 30 81 42 65 49 23 76 31 12 42 14 3 63 0 34 66 28 94 50 80 47 41 61 27 1 14 47 61 92 74 81 18 15 35 10 11 53 71 68 89 87 46 33 94 61 37 31 66 6 21 42 93 1 89 45 71 62 24 40 44 9 99 76 81 79 58 67 46 18 64 74 42 28 84 9 84 43 49 98 19 95 81 76 32 51 38 56 70 53 13 9 30 73 72 65 49 8 77 16 59 64 63 44 4 6 37 1 24 43 88 98 83 77 22 60 68 70 92 39 15 85 28 2 7 87 8 94 4 76 65 34 72 19 51 86 77 47 88 77 68 66 99 27 0 50 72 79 72 3 17 33 81 96 58 43 24 
57 12 5 47 44 34 79 38 42 33 34 44 93 30 85 31 20 82 74 60 35 57 59 50 59 94 38 58 72 98 69 31 93 15 70 95 23 35 50 14 99 77 54 69 9 31 18 29 17 96 22 37 3 56 11 5 25 2 83 53 18 21 27 10 40 70 83 75 15 61 63 50 56 70 73 32 11 30 11 10 5 22 51 18 16 79 52 37 52 42 91 86 29 2 77 39 82 21 6 2 38 11 75 32 18 57 44 97 70 76 13 54 67 99 2 42 20 78 80 82 95 5 14 29 87 94 56 36 71 35 94 38 66 62 89 42 93 9 82 8 44 56 83 73 56 24 41 27 12 19 34 72 47 5 96 66 22 89 79 75 95 4 96 26 89 93 85 98 56 19 99 25 7 67 93 47 32 52 35 44 80 99 70 7 4 14 82 69 23 86 6 38 13 77 55 94 88 61 88 46 57 38 31 60 24 12 59 52 19 60 37 9 28 64 53 84 30 98 39 18 94 58 78 32 55 30 43 50 26 62 36 68 10 75 47 69 43 0 74 65 49 84 37 90 47 94 90 33 93 74 31 49 63 52 73 33 83 59 60 86 57 31 12 11 4 29 6 60 0 82 45 92 53 15 82 67 83 49 38 15 64 89 83 11 74 57 58 16 33 82 35 74 83 13 73 19 59 89 0 26 50 51 20 11 68 70 13 40 34 56 59 95 20 8 50 98 26 0 2 55 43 14 91 70 65 91 93 68 2 3 46 1 2 39 64 24 35 56 0 21 85 23 67 95 69 94 13 28 72 86 91 89 20 57 81 78 79 26 55 38 63 74 55 43 52 85 48 73 27 38 45 6 72 27 82 45 27 61 82 59 16 22 52 22 75 36 48 54 57 49 84 1 8 99 3 86 16 2 24 28 
59 71 72 8 86 56 38 67 78 81 27 5 50 93 94 27 21 2 0 67 14 33 54 33 70 93 23 84 26 45 21 91 78 0 36 53 41 1 13 87 73 87 16 56 86 59 67 2 10 63 73 31 56 25 84 6 57 1 14 3 38 7 14 33 35 61 21 50 95 99 31 28 38 67 75 26 87 47 69 52 94 17 32 52 73 14 67 29 9 90 0 97 27 59 55 85 87 49 3 24 69 21 90 42 99 64 94 70 38 66 76 77 96 85 68 76 74 60 77 68 5 49 34 61 18 42 9 17 90 12 91 49 99 52 40 53 85 51 56 95 43 27 39 78 78 82 33 69 22 66 65 96 58 62 63 47 95 40 83 28 8 27 16 83 73 79 36 44 63 51 74 91 26 19 22 17 66 42 12 45 35 9 63 50 21 32 31 15 22 76 97 14 69 26 42 61 2 99 47 69 35 17 87 29 63 1 69 60 61 61 44 34 47 36 76 96 47 56 74 13 55 15 83 7 76 64 25 6 48 52 19 79 7 89 63 97 86 42 33 69 99 24 1 47 16 8 59 68 27 53 93 37 65 96 18 35 30 22 50 88 93 45 47 91 20 66 66 63 10 18 13 42 83 39 83 80 16 88 8 33 56 0 79 95 13 96 57 26 75 4 65 26 74 99 64 19 22 68 53 47 4 44 53 38 59 37 83 73 76 81 0 54 61 32 57 15 79 38 65 77 19 69 76 52 10 37 20 44 25 12 43 50 60 8 73 16 69 11 92 21 11 35 54 97 11 74 42 73 95 79 84 10 10 5 21 18 47 96 74 46 17 34 85 54 18 11 10 70 62 72 91 98 91 69 2 57 42 41 10 57 13 23 40 18 95 53 63 88 43 79 30 6 49 93 85 24 41 57 72 59 
22 25 27 28 2 76 20 62 94 74 37 44 72 9 65 94 63 13 95 46 16 3 37 66 82 42 81 9 79 90 81 71 73 34 4 81 53 23 65 8 75 1 56 52 66 53 37 24 2 76 3 52 64 88 22 72 76 88 41 3 66 28 7 62 34 82 58 46 72 55 36 87 32 45 62 22 5 12 46 34 72 55 37 54 75 97 89 98 95 68 19 88 91 34 61 20 70 13 18 27 7 19 42 23 15 51 47 39 54 82 28 74 1 57 41 81 59 98 59 54 39 2 41 90 30 6 99 1 77 61 75 44 89 4 74 8 74 86 96 6 64 34 61 34 21 75 18 7 74 36 55 10 11 5 23 87 74 53 26 21 55 15 81 98 76 9 32 66 98 43 88 74 41 81 3 65 67 65 68 94 2 95 53 44 21 82 39 69 9 22 53 69 40 93 85 71 38 71 60 53 78 73 99 9 75 39 89 50 12 34 19 48 9 98 38 91 75 60 31 14 65 69 73 91 40 31 26 65 4 34 83 22 12 49 65 62 11 3 68 75 96 19 28 95 48 78 37 23 54 27 99 9 31 92 52 40 30 61 8 26 85 85 4 27 94 3 51 97 13 69 31 87 31 75 78 41 90 75 58 8 41 93 37 30 15 24 76 97 23 34 32 88 83 49 99 54 93 58 17 93 29 82 82 2 64 87 49 40 33 68 53 82 90 24 3 29 77 48 1 8 3 62 53 62 16 93 29 53 49 91 49 48 99 54 2 0 13 58 45 63 19 9 87 81 55 44 48 78 28 78 65 55 54 46 95 75 58 26 29 10 66 5 29 73 78 8 49 93 32 21 71 97 81 95 67 69 62 70 85 97 6 6 50 48 32 46 39 73 99 27 47 39 87 29 68 29 76 73 97 25 
10 95 23 44 39 94 14 46 73 74 20 86 25 33 84 1 28 41 64 83 52 53 8 90 30 46 70 26 23 16 94 77 75 25 23 87 65 49 58 76 52 51 59 97 62 99 69 21 71 8 74 13 16 0 15 10 41 33 4 53 99 18 35 87 91 47 61 62 82 41 9 56 69 90 30 62 9 51 59 52 93 42 69 55 9 3 84 43 9 53 97 54 10 27 24 32 89 52 48 49 4 94 55 48 94 34 60 98 9 10 45 34 30 32 78 81 69 75 75 37 22 63 38 18 11 70 77 89 74 56 29 80 61 7 95 13 37 84 69 35 64 3 36 74 50 90 24 47 21 31 25 67 39 79 77 83 9 43 27 92 50 69 38 35 38 16 5 80 40 99 37 86 56 3 47 78 28 83 92 26 77 0 53 43 90 68 96 70 1 56 9 51 61 84 77 11 7 2 41 39 83 64 9 80 94 50 74 86 78 71 60 36 33 77 84 77 41 95 67 52 67 86 11 68 19 28 38 50 23 17 3 16 52 50 56 95 66 63 25 0 42 39 70 14 72 3 57 39 61 43 24 44 43 88 94 81 39 43 76 81 64 20 36 34 34 23 10 25 19 30 53 21 41 95 58 45 68 93 92 38 54 89 33 81 16 23 33 57 39 65 7 81 28 12 64 84 84 36 32 45 83 52 85 21 59 70 87 95 7 68 81 46 28 33 18 49 28 62 80 31 9 23 75 72 32 36 85 52 63 35 44 79 76 69 66 64 19 85 49 81 2 88 33 0 62 66 65 47 5 11 99 37 38 1 53 96 12 73 49 61 67 56 65 2 35 24 78 19 50 20 96 36 48 56 31 70 6 68 56 87 96 54 99 74 22 38 75 43 24 10 43 63 96 26 72 36 52 6 55 16 
81 46 44 71 63 49 7 93 74 12 66 0 1 17 67 74 24 35 4 19 43 80 72 10 85 62 39 20 35 75 41 53 42 55 70 85 81 50 2 70 55 94 0 68 71 61 0 33 14 47 29 43 35 87 47 86 8 72 33 6 15 66 18 92 37 0 78 56 60 16 67 67 72 33 57 18 84 28 9 47 26 55 4 19 46 6 28 7 39 87 19 66 41 55 56 31 72 57 98 43 6 78 34 86 55 6 29 94 62 62 14 44 37 62 72 98 45 90 51 89 91 63 52 16 86 23 30 29 21 57 28 26 84 9 12 22 98 16 72 89 86 15 15 85 55 29 78 50 23 98 65 81 43 81 20 92 68 62 97 13 30 57 87 61 41 89 20 7 35 52 3 77 24 50 57 96 27 76 89 22 54 63 29 61 17 9 3 43 99 35 88 9 13 36 60 56 79 69 58 4 4 66 1 83 91 31 27 2 3 10 37 82 64 92 79 42 99 10 10 67 9 47 47 8 55 35 58 3 20 77 2 7 41 61 70 15 97 3 25 60 69 32 14 10 39 66 32 37 83 1 44 13 44 9 99 34 11 81 21 38 37 83 73 79 60 69 79 26 32 14 32 60 14 33 73 3 77 41 83 52 91 26 37 10 41 42 10 75 71 91 49 85 26 92 38 44 4 43 23 54 41 51 3 92 98 26 65 7 98 76 68 1 92 16 82 36 88 69 27 87 29 45 7 80 35 23 42 30 88 31 94 89 56 47 6 74 49 50 31 83 12 43 72 22 17 27 2 21 93 95 71 22 50 74 18 76 63 98 40 26 65 64 9 61 61 5 54 96 66 34 77 75 77 51 90 25 72 76 77 40 52 24 80 68 66 3 34 39 64 45 64 22 59 39 83 60 95 70 38 41 
51 98 69 76 43 84 26 13 95 99 52 52 44 39 33 78 49 47 36 23 80 73 62 39 57 4 88 49 16 93 26 60 42 17 35 60 8 1 69 94 63 91 34 67 39 97 22 98 2 11 99 58 68 90 23 1 25 98 65 80 66 35 67 71 48 59 97 53 93 99 10 3 56 73 23 40 23 25 48 13 39 58 59 94 43 15 82 61 25 21 41 48 78 28 20 89 45 17 73 26 37 86 93 10 58 20 79 11 69 28 62 8 70 9 49 61 39 77 19 37 26 62 44 71 0 79 85 30 16 7 43 66 66 41 34 86 52 1 27 68 4 49 20 25 12 40 60 5 74 39 27 47 32 65 62 8 71 36 14 6 11 33 45 15 26 16 66 95 64 71 86 15 10 41 27 82 49 86 80 89 54 78 5 41 83 69 8 39 81 89 64 97 16 57 49 56 50 40 96 73 84 15 1 72 85 64 66 53 72 40 94 89 5 73 69 37 23 31 29 24 4 63 42 15 56 70 50 25 90 49 45 85 41 5 47 7 50 13 29 88 39 49 9 33 4 49 12 82 31 38 94 40 5 33 29 69 91 14 41 5 18 18 44 93 99 68 92 4 77 64 57 26 76 22 65 28 18 34 69 55 92 99 38 45 0 73 51 37 84 25 41 98 94 96 33 62 61 93 68 95 26 99 97 43 52 54 30 68 33 31 24 38 58 10 21 80 57 67 50 92 69 28 30 87 25 75 36 89 33 91 0 64 41 3 77 83 31 2 65 57 51 16 70 42 21 30 67 1 99 8 42 43 80 7 84 69 80 49 18 0 85 63 7 8 89 7 5 50 21 41 25 53 33 43 9 11 37 71 93 81 67 60 21 96 58 69 8 90 75 93 90 56 66 0 73 73 87 45 98 84 
93 44 31 25 87 1 28 89 37 70 78 74 26 30 61 57 47 79 33 11 50 85 72 50 88 55 7 89 43 93 83 89 92 35 25 93 13 25 84 16 86 91 30 50 53 99 14 28 23 57 20 80 25 78 33 73 34 32 80 98 13 4 37 37 35 97 85 29 26 53 19 0 21 85 50 27 19 18 74 47 1 49 55 90 47 31 16 48 26 30 24 30 9 2 43 64 0 39 79 50 0 33 16 50 11 93 69 75 79 52 83 17 3 26 56 83 45 45 77 65 86 1 68 92 94 50 97 70 43 92 1 22 21 18 71 68 67 51 79 77 72 0 28 37 47 46 35 17 3 27 52 47 75 27 67 75 53 21 75 91 22 45 13 63 2 72 89 27 0 14 65 96 27 7 6 9 94 62 62 98 57 94 54 14 89 9 37 21 59 94 30 92 95 77 35 3 71 94 57 31 89 98 41 18 24 89 24 32 35 81 7 52 31 1 6 50 28 74 59 85 33 58 93 71 91 25 45 24 79 29 3 17 87 8 86 70 63 69 70 70 72 68 98 49 68 45 77 43 59 71 3 39 86 72 40 94 78 17 57 89 28 60 4 15 14 40 1 32 32 12 9 87 35 46 57 43 62 98 46 77 24 43 8 3 49 5 24 55 56 4 39 41 8 12 43 31 62 13 20 0 70 89 15 11 98 28 38 5 31 67 73 0 97 56 99 81 37 32 12 52 65 26 57 10 60 48 52 28 90 4 2 18 70 13 46 38 67 85 20 19 76 41 94 96 91 63 38 89 55 3 12 44 80 53 73 71 80 41 8 69 96 16 4 78 12 71 66 29 83 46 12 21 84 43 58 77 86 79 76 63 23 39 49 58 78 70 42 84 15 71 62 88 46 38 40 57 28 56 54 42 
61 95 81 59 1 74 56 59 33 72 25 20 53 74 86 20 44 28 81 57 71 57 82 48 9 22 24 9 6 35 62 70 87 7 59 65 85 73 93 55 58 8 30 90 72 44 3 89 59 97 32 46 66 59 9 41 93 39 28 43 81 18 94 38 75 82 6 23 54 89 51 39 47 32 26 54 98 28 20 53 46 5 6 23 41 47 65 31 5 85 18 16 83 18 27 32 18 46 75 93 38 9 24 25 97 91 14 45 97 11 42 36 96 37 68 77 92 26 85 42 27 50 93 62 54 93 84 78 8 45 49 23 61 31 52 87 4 83 16 5 58 21 12 26 68 5 16 10 67 83 10 34 5 11 74 3 59 7 33 94 73 83 37 41 97 88 49 67 36 32 90 96 89 25 55 43 27 40 5 75 97 4 98 63 60 3 14 41 17 95 55 2 12 57 9 92 72 58 13 72 96 83 52 96 85 95 38 39 41 35 23 8 40 21 48 89 80 51 26 62 34 70 5 53 94 86 35 98 68 25 47 41 25 12 44 63 96 49 9 35 78 37 15 94 66 71 40 65 57 42 54 97 64 84 87 30 24 47 7 5 83 80 72 80 99 10 8 40 20 72 92 45 45 19 92 95 36 34 31 45 50 14 64 97 89 96 81 87 8 8 15 99 6 88 15 92 98 98 75 15 78 99 56 86 20 8 54 29 98 93 88 50 61 31 22 92 2 38 80 3 26 92 9 58 40 57 16 81 6 19 42 27 78 95 84 75 13 61 2 27 15 9 91 33 88 82 55 97 22 87 87 94 60 84 69 33 15 98 64 15 39 74 32 34 80 43 0 90 9 86 95 0 77 81 33 44 36 15 84 8 20 55 51 40 24 87 1 63 41 31 85 94 88 87 29 71 31 89 77 81 
92 86 85 78 54 18 81 69 44 65 56 37 51 29 63 21 76 66 7 2 19 85 57 86 46 41 13 58 97 61 94 91 17 85 25 72 39 67 83 22 26 25 15 44 93 42 27 81 2 9 18 85 33 96 32 23 73 72 93 64 32 24 47 31 46 33 89 42 44 85 0 85 92 14 1 37 40 61 95 65 98 58 23 96 55 71 9 1 69 13 4 39 73 54 73 11 37 3 84 28 0 32 67 73 96 73 79 45 76 31 60 47 94 84 77 67 45 27 96 53 1 16 43 48 16 62 54 42 23 26 43 90 93 47 32 98 20 34 12 38 71 36 61 4 56 45 60 82 46 56 81 5 43 60 68 43 4 37 89 96 72 56 28 68 29 38 56 4 56 20 20 9 80 99 14 9 54 90 80 37 23 84 65 55 33 78 1 85 71 74 79 81 87 37 62 50 97 27 77 3 30 80 24 63 78 20 48 36 26 94 42 48 96 22 55 25 16 97 90 56 67 10 78 69 46 74 29 40 9 35 78 71 36 49 35 18 26 41 70 23 49 22 45 43 33 12 75 45 40 66 9 18 65 53 13 32 55 91 10 94 97 29 52 84 76 55 94 48 8 71 32 40 34 93 82 67 94 7 58 5 57 93 0 13 57 54 93 74 31 39 44 13 76 51 41 82 84 52 35 3 56 69 95 25 31 88 7 46 54 34 83 63 50 73 27 39 86 5 68 63 22 58 68 15 52 77 60 73 97 82 88 85 93 24 34 13 58 43 38 57 10 94 38 74 12 63 16 34 86 3 36 35 84 50 44 2 47 32 37 61 58 77 80 45 61 43 1 72 36 85 19 25 82 94 91 25 4 6 25 92 71 88 5 91 5 65 98 88 38 76 81 19 13 30 64 46 18 0 29 1 
25 30 20 56 70 51 23 74 51 6 37 52 46 71 94 97 12 19 18 7 89 44 75 81 8 20 19 6 45 43 56 34 17 88 79 8 98 52 58 4 24 57 65 38 71 9 35 50 66 49 50 37 15 81 52 53 28 21 21 88 78 65 5 2 12 56 24 52 41 62 62 35 58 9 80 54 86 93 68 83 35 14 72 76 54 34 14 33 93 94 11 4 36 98 73 1 9 25 9 75 65 85 17 83 56 2 86 20 22 92 18 58 55 0 19 3 92 96 87 91 63 25 83 82 25 77 38 95 45 40 88 47 16 96 82 0 63 69 44 40 64 50 79 37 30 48 28 78 42 98 30 89 62 94 68 66 39 51 19 45 96 40 8 87 31 84 25 34 23 66 12 98 81 14 98 83 35 24 22 76 96 45 88 97 89 33 19 84 23 72 16 9 70 19 10 63 29 4 63 66 84 72 44 62 27 41 28 52 83 20 25 59 69 85 48 42 9 0 54 77 77 98 6 84 47 93 29 91 24 93 87 42 66 24 52 16 46 62 3 39 54 48 54 34 67 1 74 88 58 46 16 35 88 0 80 58 78 76 97 3 6 54 70 75 88 17 47 57 68 82 2 2 68 10 51 58 40 21 43 62 12 9 45 31 94 52 3 92 49 97 38 15 93 4 58 10 43 68 97 67 7 12 46 64 45 73 94 1 33 83 10 94 79 86 10 22 85 35 53 40 82 14 9 55 83 30 13 89 91 20 2 7 33 5 70 13 8 19 15 52 38 24 7 43 2 32 38 10 10 72 88 24 2 43 89 3 32 61 75 90 64 6 55 94 0 88 18 73 87 24 77 15 3 31 46 34 66 23 21 85 65 27 76 98 72 88 23 56 82 1 90 87 62 81 75 51 48 94 82 28 
44 26 36 10 95 58 16 57 91 65 12 13 2 38 95 84 26 44 49 88 91 57 24 86 20 63 14 57 75 31 99 35 12 10 80 38 36 1 84 69 29 48 22 80 24 15 71 33 62 31 65 93 9 50 48 94 80 53 17 70 27 14 12 40 62 95 22 81 32 33 94 26 8 56 27 52 25 78 71 29 21 58 3 45 66 35 47 51 52 49 86 33 6 32 82 64 68 18 69 9 8 66 39 16 20 62 64 47 79 84 12 87 11 29 81 2 51 45 16 57 49 35 24 1 98 80 75 23 4 10 93 0 80 83 86 60 32 66 96 60 87 37 17 93 76 99 85 70 35 88 95 51 18 54 60 16 44 63 9 66 20 89 91 20 79 13 48 8 9 55 51 7 97 40 22 94 96 17 26 39 48 39 73 35 49 75 16 97 3 92 44 71 94 67 90 48 59 87 15 14 91 41 81 84 12 9 11 2 90 90 81 44 32 90 8 44 28 90 43 16 57 84 46 88 46 45 42 11 58 14 25 60 18 62 3 35 90 66 9 65 43 15 81 72 20 98 15 43 48 10 90 57 72 99 33 60 2 83 99 91 1 41 26 96 65 11 60 88 41 40 87 60 15 79 58 93 0 35 75 30 5 11 96 92 1 36 33 30 16 28 38 43 36 25 40 69 50 39 25 51 26 34 62 97 98 59 37 90 8 8 22 70 63 54 29 70 84 67 16 12 18 21 30 79 26 94 73 95 19 56 96 52 97 26 93 85 88 91 37 31 72 34 31 27 58 27 89 89 45 74 32 13 74 25 76 23 25 51 8 85 93 58 35 64 22 64 20 68 52 34 70 64 99 36 90 98 61 9 33 66 32 78 44 41 17 29 3 47 35 8 70 85 28 70 34 41 88 9 27 19 
28 37 48 53 58 79 32 41 45 65 16 65 8 42 89 36 18 77 35 7 49 15 30 6 83 72 40 92 72 93 75 44 86 75 8 46 65 35 0 86 90 91 18 67 94 32 86 70 19 40 56 76 11 97 72 24 56 67 1 70 71 87 71 49 35 45 13 40 92 47 50 23 8 66 16 66 26 28 95 15 30 74 47 72 85 89 56 15 77 52 57 45 30 40 99 4 22 2 59 9 95 4 15 46 19 66 49 8 32 11 60 75 32 32 47 32 54 61 55 19 83 10 45 3 20 71 24 47 29 91 99 82 85 97 6 77 6 88 49 84 88 41 30 86 9 22 93 40 92 61 20 77 10 86 92 79 60 9 16 45 6 15 84 4 59 95 79 6 63 20 45 5 57 81 4 48 13 75 47 33 85 10 80 59 70 11 58 20 25 21 66 34 10 3 59 97 1 37 3 88 80 73 56 29 92 3 54 98 67 12 35 89 46 36 73 6 38 78 63 96 76 52 99 45 33 71 94 3 15 8 57 43 22 84 2 63 66 57 69 66 33 81 45 10 3 42 53 19 63 67 88 54 93 18 29 80 67 58 91 44 89 95 65 59 20 12 59 95 96 93 44 53 5 49 23 43 39 37 16 68 98 17 8 22 44 74 39 70 12 1 13 26 98 63 27 52 12 42 4 65 33 39 92 88 48 80 47 15 92 72 36 55 93 56 28 16 17 21 30 43 99 51 17 4 76 48 60 42 36 81 68 25 36 96 63 2 34 23 20 40 48 36 31 78 8 6 15 96 15 62 9 31 69 25 86 78 1 93 87 77 1 62 84 79 56 75 91 22 66 22 75 13 52 28 69 7 37 8 93 6 67 10 32 27 26 59 68 35 10 87 13 41 19 73 75 79 62 57 19 10 
54 8 39 42 32 21 20 37 42 33 18 6 85 84 31 25 82 48 72 45 58 85 16 14 6 61 25 57 78 66 36 61 76 38 68 87 3 95 10 99 24 71 75 4 69 45 51 86 17 8 33 55 87 88 58 9 46 95 50 33 12 65 9 30 45 59 78 56 67 33 66 23 19 2 39 25 39 60 47 66 46 84 15 97 59 3 11 72 26 38 59 4 27 27 46 79 49 76 14 37 78 31 69 72 35 3 87 75 98 38 19 58 90 76 10 55 56 79 53 48 71 7 55 16 73 95 8 63 40 85 51 38 45 91 38 38 12 70 17 43 40 63 80 16 38 7 7 90 44 35 82 14 78 77 70 66 16 90 57 38 77 69 22 79 28 86 5 49 97 54 91 66 43 54 17 98 79 58 85 16 11 68 2 44 40 81 97 3 13 4 44 92 85 72 90 64 43 35 82 29 40 4 69 98 72 76 34 90 48 0 24 26 67 14 95 16 60 79 23 17 40 4 90 45 65 95 11 46 21 92 26 70 91 19 33 41 78 0 44 78 40 62 61 64 2 16 91 1 9 14 64 54 21 66 29 18 46 30 73 59 20 21 36 28 7 28 33 14 67 71 70 17 90 32 95 59 66 59 30 6 58 58 1 73 7 3 44 61 35 88 21 89 42 59 93 60 11 10 8 48 61 40 48 55 71 85 54 49 57 66 94 37 20 9 69 13 31 71 91 91 71 46 66 98 84 54 83 52 1 10 63 29 6 68 59 75 23 89 27 60 96 70 81 97 71 84 36 0 81 1 7 93 61 64 8 72 58 21 44 57 71 92 61 20 32 87 93 95 58 2 33 30 22 43 30 90 31 62 99 41 65 62 39 13 22 28 48 5 63 89 56 64 58 75 62 33 55 36 57 30 
91 73 16 49 97 32 62 16 15 40 12 88 7 66 47 0 66 85 45 79 85 89 41 87 66 8 87 0 81 0 96 92 72 9 17 88 63 57 72 11 48 13 62 13 90 96 68 67 49 33 19 89 98 98 37 80 35 58 50 65 64 30 72 93 55 3 3 31 21 79 36 39 91 59 94 68 80 44 85 93 91 33 18 11 27 95 60 90 8 22 98 56 50 91 88 82 29 14 6 50 91 34 6 36 2 87 18 57 95 79 90 21 83 0 23 72 16 37 64 32 67 15 32 81 65 18 60 97 90 16 83 92 45 97 15 31 13 92 33 28 8 37 88 29 54 7 37 82 32 52 23 88 94 46 22 0 61 56 49 51 34 45 52 27 39 85 38 86 62 26 71 50 47 69 98 92 4 17 61 64 93 11 84 37 42 14 27 54 40 89 62 53 92 63 96 2 20 53 63 98 51 3 93 1 23 60 44 18 33 87 22 95 37 90 76 23 35 76 71 65 57 40 48 41 69 15 56 18 17 34 23 96 90 56 50 82 2 73 2 47 45 60 44 25 21 43 34 90 65 80 39 6 87 9 33 56 37 11 38 85 18 32 93 38 21 12 59 74 2 45 21 19 47 73 11 95 57 91 74 50 27 61 42 30 59 37 95 71 4 15 5 32 59 26 97 86 93 53 94 35 28 51 64 38 53 18 36 25 77 37 60 43 22 48 88 75 89 36 50 89 18 83 85 39 96 1 68 62 21 51 61 47 72 8 72 8 73 46 94 19 28 51 29 77 50 60 46 95 77 93 92 13 27 26 99 67 8 52 17 92 95 39 28 32 77 8 96 65 92 30 53 26 52 49 32 60 51 6 11 20 78 37 31 13 14 12 30 90 92 11 0 31 69 5 85 4 77 82 0 77 
30 37 10 48 35 84 66 29 1 21 11 4 66 36 86 56 68 70 22 34 96 56 86 67 4 60 90 86 22 35 24 45 10 20 92 35 90 84 1 22 7 26 63 78 3 33 54 10 49 84 48 5 60 33 54 87 64 73 94 18 81 82 89 35 26 26 15 49 45 20 91 44 55 5 82 58 2 44 10 38 17 61 43 29 4 98 60 13 81 71 42 88 46 8 26 13 72 60 32 8 83 33 0 64 27 29 12 40 63 94 6 74 3 2 35 40 39 48 40 28 90 71 73 35 61 40 43 41 49 14 82 7 74 6 66 80 12 27 21 36 73 79 10 13 41 26 81 96 95 87 75 16 33 49 23 81 21 15 29 85 92 7 5 21 8 64 11 98 98 86 78 10 74 6 63 20 1 50 32 32 18 58 24 29 48 68 20 61 44 41 15 71 7 48 66 84 58 6 99 12 48 15 42 70 56 20 20 21 24 9 36 32 81 81 88 48 16 84 57 28 0 33 77 29 69 68 92 67 56 69 4 56 24 17 34 44 0 40 46 77 22 32 34 0 36 82 49 87 53 46 85 48 10 16 40 18 89 92 71 66 81 1 48 61 60 49 5 40 6 27 88 48 70 71 60 16 26 59 2 59 74 54 53 70 17 85 67 29 16 99 55 85 71 53 94 23 93 26 31 82 57 49 30 27 90 33 81 48 12 20 48 77 5 71 35 94 51 13 70 56 2 94 89 84 44 53 55 70 95 89 88 11 63 13 76 68 32 87 22 76 11 46 5 19 0 50 1 1 94 11 5 54 98 72 44 35 77 71 50 62 41 70 41 81 46 35 71 96 85 88 69 64 89 24 32 62 20 30 51 21 48 32 41 11 66 86 57 91 98 12 79 27 13 52 21 30 19 5 38 0 
9 53 5 24 98 51 69 15 65 12 43 32 35 35 57 19 64 80 54 90 87 27 54 89 57 84 16 12 14 52 9 67 32 17 74 84 84 63 65 53 66 20 99 28 27 89 42 95 57 85 29 17 43 6 64 40 94 65 15 29 15 83 1 84 21 45 13 89 38 35 15 83 97 1 3 55 22 66 30 93 77 26 34 8 56 45 8 68 12 56 61 31 94 40 0 69 10 88 89 97 39 52 59 11 60 92 97 36 34 17 4 30 96 18 16 80 32 49 99 65 3 40 98 20 74 7 81 41 37 91 62 18 56 73 13 8 68 24 55 14 97 95 21 58 86 34 15 31 64 30 27 84 26 26 62 11 0 13 53 16 11 22 89 74 41 95 42 14 1 13 76 79 97 31 83 94 90 69 35 11 64 39 95 11 14 42 50 36 36 57 78 41 76 36 21 71 33 26 53 61 7 73 25 2 75 94 5 84 21 44 8 51 67 69 48 99 35 79 90 75 66 13 23 34 79 18 70 99 62 9 31 21 5 34 21 7 26 63 79 78 95 3 27 62 91 55 44 33 61 82 0 24 93 26 5 42 6 7 9 28 2 0 39 94 53 56 52 98 28 23 78 54 64 81 80 74 10 70 86 64 96 54 98 95 7 22 51 10 75 64 73 45 22 28 53 80 73 88 63 59 83 98 81 58 83 34 49 66 81 29 86 39 88 24 59 48 18 61 29 80 11 13 26 18 74 93 25 43 30 34 60 58 76 87 16 0 46 48 44 94 84 53 40 76 12 39 23 27 55 15 91 33 42 29 93 99 30 70 88 83 56 57 49 15 47 98 55 26 79 60 4 70 50 74 49 86 89 44 55 56 2 91 30 77 95 48 24 20 82 44 17 28 82 46 94 62 88 12 15 11 
15 37 98 18 65 59 97 17 3 38 18 43 27 41 53 89 40 63 70 97 73 70 33 75 50 44 18 16 79 49 24 27 54 65 17 10 67 20 74 80 78 43 69 13 85 90 8 39 11 58 72 62 68 81 34 18 66 52 41 71 51 5 52 82 68 88 21 2 13 74 22 53 74 72 54 68 85 38 92 36 81 4 0 27 87 13 66 51 75 97 79 9 89 82 53 84 64 43 58 66 83 81 20 79 86 63 91 98 24 24 44 53 26 2 53 56 66 13 17 32 25 60 77 92 33 23 54 1 88 90 45 22 5 73 33 66 12 44 20 5 15 61 48 25 58 3 91 94 97 33 85 55 63 16 70 98 75 46 63 73 18 44 85 7 98 89 63 91 22 34 39 43 93 36 69 23 24 56 71 99 23 67 84 75 15 63 26 85 23 8 65 0 71 82 82 71 0 9 96 56 20 10 14 78 81 78 46 17 46 97 72 48 73 80 69 47 99 86 6 99 44 8 23 86 34 67 1 16 65 54 60 70 84 72 5 96 18 54 31 6 10 85 74 34 99 51 9 29 44 67 96 31 55 82 14 32 65 88 33 56 38 88 30 69 89 75 62 60 65 9 57 26 41 36 18 63 37 26 15 8 14 74 51 84 29 48 20 68 22 92 98 57 83 78 22 58 50 35 35 54 70 91 30 73 35 96 35 93 11 93 11 68 41 66 12 84 51 55 43 28 2 48 77 33 47 32 0 71 52 25 31 6 33 59 73 46 87 58 21 27 28 17 33 29 92 96 89 70 36 34 23 42 37 52 13 82 36 4 73 78 15 73 23 64 74 41 15 12 98 49 1 52 54 2 62 75 77 36 81 26 79 83 14 8 31 19 10 47 4 48 92 45 99 98 10 56 0 79 66 28 
9 15 26 6 3 91 57 90 34 53 53 24 31 14 50 52 20 25 1 56 60 96 89 38 27 13 84 58 4 51 81 59 90 24 76 8 76 68 19 22 44 67 27 48 93 40 39 4 47 72 81 52 0 89 72 56 33 49 33 98 66 41 60 65 86 73 91 26 97 31 31 51 55 59 26 67 89 21 71 23 58 81 70 29 71 71 62 94 15 35 42 16 50 46 80 38 8 14 44 40 5 73 17 26 18 1 27 95 95 52 44 69 67 99 52 26 11 29 91 18 42 83 22 72 12 97 96 39 10 54 62 86 65 5 17 57 23 84 40 97 6 38 37 97 58 64 40 68 6 23 33 55 90 68 13 71 87 39 9 22 74 61 6 76 58 73 12 58 92 97 68 58 72 58 7 33 53 72 5 93 97 54 14 65 30 86 48 35 5 52 29 45 25 93 63 42 82 65 29 3 86 12 11 4 27 97 21 0 11 8 52 54 80 66 97 8 80 58 90 1 40 59 14 62 55 95 49 96 61 10 40 70 5 64 94 48 60 83 23 18 23 48 71 91 67 75 27 44 86 96 63 58 25 25 0 63 60 42 72 99 1 12 30 33 13 41 40 19 47 47 37 76 54 59 92 56 61 99 26 29 33 35 20 73 79 85 97 66 3 60 5 61 97 46 26 66 49 92 29 60 80 65 68 24 72 65 99 50 48 41 97 88 45 36 40 97 72 52 31 57 22 69 47 76 28 97 0 8 86 89 74 62 42 86 59 47 45 16 70 55 34 35 49 75 78 47 63 32 30 77 5 55 55 14 26 50 95 56 4 30 0 59 14 35 34 66 71 65 48 82 15 41 80 94 40 11 95 75 62 93 31 53 64 8 75 95 99 77 18 88 35 38 71 55 81 2 8 0 70 59 
91 27 38 86 66 37 73 85 94 52 0 44 69 80 3 32 93 3 49 59 36 33 33 67 15 88 71 35 8 25 74 11 84 4 37 56 91 88 24 47 41 67 69 32 28 33 22 43 59 87 88 22 43 38 48 85 20 23 9 22 58 85 7 3 12 24 70 98 9 85 22 83 9 32 89 55 82 57 5 21 55 54 25 1 49 87 46 28 5 87 78 35 73 99 7 13 59 89 61 71 58 98 34 43 69 18 45 24 85 43 77 10 71 65 91 15 23 77 2 28 63 61 59 26 19 91 88 55 16 88 56 21 63 43 40 77 35 50 80 32 47 52 77 58 61 43 86 2 49 44 0 18 58 85 59 31 14 94 13 72 73 7 33 75 72 9 1 32 85 47 31 89 98 55 22 73 85 65 66 45 99 27 9 60 86 86 46 66 67 84 51 39 92 18 99 9 80 59 51 55 37 18 65 20 87 93 2 31 9 99 52 44 65 79 68 87 51 53 52 63 70 4 53 2 6 84 87 79 41 63 9 60 9 95 10 33 81 53 60 77 32 4 91 47 58 55 66 59 56 29 70 75 66 79 47 0 47 26 23 93 93 62 0 26 25 33 90 85 6 61 77 49 21 65 60 86 11 20 69 73 42 51 51 28 57 68 6 41 55 92 34 39 93 78 94 97 11 80 54 14 36 78 83 53 17 53 94 9 72 46 19 87 53 10 79 71 93 76 13 29 37 81 1 90 21 35 42 81 30 73 17 73 32 46 17 63 64 69 25 45 49 44 8 63 5 55 63 1 47 78 96 4 2 53 38 96 5 65 73 54 13 40 51 35 10 13 63 81 6 64 13 36 98 66 66 55 14 94 74 60 43 91 99 2 66 62 20 30 96 38 89 24 29 68 25 82 38 30 85 45 
90 87 15 11 94 74 39 57 67 90 12 42 92 7 71 27 13 9 47 76 68 41 45 31 18 98 2 20 35 62 92 57 37 5 46 79 38 1 18 24 53 31 38 90 60 89 43 12 95 33 20 67 39 56 98 48 19 98 74 28 79 9 68 84 36 48 18 66 10 22 36 76 1 63 7 27 97 46 23 59 68 83 94 53 90 80 26 45 14 91 30 42 96 46 43 94 76 29 68 78 82 19 72 37 4 55 35 63 72 21 64 33 59 42 57 32 49 16 12 59 13 57 12 73 99 57 59 19 52 26 99 37 10 80 50 90 65 34 3 85 13 35 97 35 97 80 90 19 99 4 20 59 37 37 35 55 88 67 71 23 63 71 39 85 1 70 75 89 19 50 49 65 60 83 98 59 82 89 36 9 10 98 23 47 6 27 0 99 18 40 44 70 8 19 45 73 89 25 89 86 69 11 44 91 76 34 20 71 82 90 99 48 4 20 8 89 44 78 41 1 63 47 85 56 92 51 68 5 20 24 87 27 60 82 81 31 15 28 30 65 5 55 80 63 58 34 39 20 11 35 49 37 13 1 18 41 55 3 56 32 63 83 38 97 4 87 86 5 75 48 4 3 22 19 37 98 32 81 25 35 70 33 49 68 17 53 7 89 41 70 49 24 74 96 24 8 49 69 78 13 49 18 31 44 14 39 61 77 41 4 53 0 22 29 55 68 7 0 97 56 30 4 84 96 60 96 4 44 79 68 37 72 44 36 42 80 97 26 1 76 23 93 87 10 3 7 81 94 34 42 11 71 37 14 24 80 18 90 82 14 81 78 40 80 58 71 17 71 87 53 35 19 96 5 39 29 21 38 31 22 40 86 13 20 84 68 98 92 29 92 7 64 16 48 90 50 5 38 13 4 
72 48 70 42 37 78 62 81 16 86 39 5 47 80 52 29 25 53 89 61 59 22 6 4 76 57 84 15 87 87 60 37 43 30 6 69 6 52 91 62 67 73 3 13 36 18 83 52 85 86 81 33 64 45 51 8 93 35 16 17 26 78 8 26 94 75 8 36 19 43 35 96 59 76 79 36 71 57 6 79 95 38 18 69 18 29 27 22 67 74 8 54 62 12 13 21 23 84 99 64 7 73 17 7 8 98 85 8 36 40 2 92 53 38 37 13 16 49 93 48 33 87 75 0 93 97 42 11 63 49 32 51 92 41 37 87 38 64 35 79 71 8 94 81 93 6 37 26 1 26 89 96 69 14 30 49 98 48 43 80 49 49 85 51 48 17 75 88 41 93 5 52 31 16 86 29 88 17 14 46 10 15 36 69 13 14 76 76 44 54 40 12 23 57 68 26 68 14 88 3 77 23 29 7 61 54 59 52 46 8 25 35 63 49 25 71 82 8 13 37 52 10 70 24 95 37 53 30 64 15 75 46 9 86 73 75 93 90 35 66 11 34 17 95 63 67 0 6 23 39 74 4 98 21 80 62 43 8 34 21 3 80 52 75 74 71 64 6 43 97 21 19 99 11 6 16 40 82 45 42 90 8 78 33 5 30 62 44 17 14 41 17 39 11 76 4 76 90 55 95 14 23 62 59 57 81 97 37 72 82 25 79 5 7 77 60 23 90 89 80 1 56 93 77 10 14 50 19 87 14 61 86 32 91 88 30 42 6 25 42 56 94 47 85 93 15 19 73 18 24 8 16 85 94 7 13 9 37 86 34 86 68 26 7 3 62 34 12 10 38 86 67 48 87 32 92 50 72 77 40 75 2 79 99 95 43 26 84 80 37 45 67 87 39 22 67 24 40 84 81 
21 90 72 63 84 36 10 96 8 43 22 77 34 25 75 0 93 76 54 32 22 41 30 29 4 0 82 92 47 67 31 13 7 98 4 64 24 90 91 30 35 80 83 52 55 79 11 1 9 24 28 84 21 87 57 68 26 51 69 23 72 62 82 85 31 85 61 85 11 8 63 20 34 94 18 45 50 16 83 73 12 8 6 45 15 52 18 28 41 15 3 48 54 83 86 35 31 3 88 59 10 19 92 95 82 54 49 57 18 31 95 56 5 40 14 69 61 54 18 53 76 5 37 8 38 63 5 73 13 26 52 64 41 63 20 84 55 19 92 30 76 61 0 90 30 55 36 97 71 85 8 87 93 92 50 89 17 73 13 33 86 83 85 29 40 83 71 9 1 70 21 98 64 82 25 47 97 45 51 13 41 45 81 38 58 36 82 97 41 94 93 89 29 65 83 66 31 99 11 64 4 83 74 67 74 77 79 31 55 63 99 21 90 36 76 46 72 27 2 14 74 13 10 43 24 14 67 4 25 41 50 40 83 21 87 35 50 70 81 42 52 49 48 74 56 77 77 87 75 3 5 10 42 59 71 65 89 70 52 49 51 38 48 24 64 5 50 9 55 63 91 85 76 66 99 70 93 54 12 65 75 32 19 36 51 99 28 90 45 90 50 94 29 69 35 6 5 46 21 12 43 57 53 26 82 39 7 95 46 28 58 17 83 39 29 55 94 78 78 82 52 94 34 80 59 80 93 41 3 49 83 54 48 35 20 30 32 11 60 43 11 34 62 81 81 3 82 17 87 44 96 9 38 89 71 98 65 27 45 13 89 5 49 22 62 14 55 30 88 55 39 64 71 48 56 26 51 34 22 21 62 88 2 67 99 8 21 15 90 75 28 42 1 67 58 56 63 25 34 24 
47 63 87 21 64 56 49 21 50 89 86 43 39 74 96 88 2 38 45 57 32 92 21 44 77 74 78 76 14 66 46 74 81 22 76 25 8 80 24 97 33 58 72 79 93 76 19 68 52 28 25 59 37 25 48 71 95 59 5 18 62 81 22 42 93 5 2 38 84 52 81 21 30 49 74 41 81 3 94 35 89 13 76 37 74 22 13 71 97 10 32 66 80 87 6 58 61 11 30 35 16 77 29 27 35 34 16 53 19 78 86 81 57 90 71 95 67 81 65 25 99 42 10 56 24 72 19 45 27 65 79 76 55 34 19 10 50 0 45 60 39 59 5 2 4 43 80 49 55 95 63 79 87 56 20 37 34 35 59 99 8 46 2 69 71 13 19 65 77 63 73 84 93 14 73 55 9 15 2 31 3 43 11 78 47 15 37 7 41 45 9 8 20 27 74 70 82 35 37 22 88 32 40 30 84 52 94 62 61 39 62 21 24 71 58 3 73 4 33 47 95 49 54 64 87 67 3 19 65 6 62 76 61 3 15 91 42 21 75 49 17 70 46 51 20 31 63 28 91 30 36 22 94 0 96 23 64 87 89 37 12 34 93 19 74 63 57 1 9 44 8 70 66 25 37 33 75 56 34 31 97 94 43 74 31 90 14 5 12 31 97 26 7 66 43 43 77 57 26 82 18 86 61 47 7 75 12 95 35 46 20 18 93 19 41 1 10 18 33 98 64 30 50 39 81 27 99 41 20 52 75 68 21 82 46 30 3 81 41 14 91 12 48 31 18 55 10 45 63 28 19 22 50 9 33 12 24 81 29 99 28 77 47 45 53 77 56 41 57 99 59 48 90 39 26 77 75 35 98 32 1 33 54 61 74 51 60 30 74 31 77 74 56 15 86 80 7 58 59 31 
74 68 58 75 33 50 71 92 9 57 42 37 93 57 62 99 46 93 41 55 92 21 36 22 34 71 29 20 28 50 1 16 94 92 31 49 40 10 78 79 0 41 10 16 27 27 14 53 4 98 44 73 58 73 5 64 60 45 6 99 46 53 8 12 97 28 25 44 82 94 23 12 96 62 96 8 75 16 22 37 65 55 35 47 3 76 64 82 35 92 76 64 9 74 51 99 63 92 20 50 21 79 22 90 84 89 58 71 33 99 14 33 9 72 72 88 49 1 74 30 95 56 60 75 91 94 11 25 43 23 25 69 35 21 76 81 22 46 79 72 12 29 59 19 56 52 78 26 66 17 66 90 16 11 8 48 46 68 46 70 22 18 38 56 57 79 56 85 64 80 8 31 82 66 39 77 94 52 2 72 15 11 24 48 74 78 63 39 52 93 31 10 60 97 26 11 39 90 51 67 75 31 83 53 25 73 49 82 82 23 19 18 8 69 41 15 16 48 30 28 3 36 79 25 17 39 10 54 53 29 91 25 86 96 11 84 50 59 94 77 49 38 37 8 76 19 52 74 91 91 75 72 52 10 52 55 21 76 80 49 23 45 87 56 67 95 17 93 81 3 56 72 60 92 88 66 5 34 5 3 87 75 60 45 30 98 21 45 39 5 47 48 96 61 24 57 20 39 63 28 65 94 62 10 80 42 1 64 65 22 28 49 60 89 9 36 63 25 2 33 8 6 88 79 69 10 4 86 55 29 36 22 36 59 21 95 84 31 99 26 81 2 94 88 2 13 37 86 25 91 28 61 0 54 73 90 26 64 2 4 14 57 84 85 8 3 16 67 79 96 99 88 33 99 82 96 76 18 92 81 45 67 34 31 59 46 37 45 39 98 74 40 46 74 16 15 90 33 75 98 
72 97 16 6 49 12 57 49 47 33 14 91 39 2 40 17 29 37 1 21 64 68 53 17 34 52 71 54 38 70 38 24 48 17 54 49 80 14 54 23 19 9 4 2 39 47 43 53 58 40 59 44 80 0 18 90 0 56 81 32 63 34 26 81 55 65 85 99 32 53 61 55 28 23 92 84 0 99 50 77 65 91 90 91 16 27 25 85 66 6 75 55 99 60 66 74 13 36 38 26 59 48 70 19 50 74 73 84 0 94 45 56 7 49 6 87 88 92 74 21 57 49 40 17 28 85 3 33 45 55 72 12 6 95 90 52 96 87 96 1 29 71 28 22 72 67 48 38 36 8 78 54 73 54 60 57 55 88 19 91 45 33 7 55 69 32 4 59 16 42 11 53 36 50 72 75 24 84 15 70 80 34 96 36 78 80 15 63 36 26 48 17 75 7 24 69 31 64 44 74 92 46 93 35 21 20 33 15 26 32 35 86 63 96 29 87 7 12 78 43 15 22 66 37 68 73 66 84 62 78 51 99 13 59 47 27 3 13 73 2 12 5 68 5 83 34 24 55 2 57 16 81 55 81 59 17 92 14 37 79 84 95 76 0 35 71 4 57 92 0 70 0 20 77 63 1 86 26 73 92 69 80 26 49 42 43 25 52 54 38 69 82 38 50 83 79 85 55 92 69 78 94 79 5 23 88 36 89 77 21 44 46 21 5 99 31 42 59 44 69 96 79 59 0 56 45 17 98 61 50 99 23 42 46 64 77 33 67 57 5 76 82 54 33 6 43 55 27 80 17 34 30 60 26 26 27 49 28 29 23 29 10 42 59 16 53 70 9 94 30 0 33 26 70 94 97 43 99 6 21 63 83 65 58 31 94 55 6 23 52 51 49 26 19 32 38 51 15 20 91 
89 88 28 37 89 64 37 19 54 32 97 46 89 26 12 45 93 53 57 57 64 45 28 72 92 18 42 30 57 71 14 16 39 73 66 65 11 42 97 9 61 63 95 80 72 61 32 15 97 31 4 89 45 74 46 52 34 3 6 92 88 73 29 73 0 43 68 81 29 24 68 13 61 99 68 56 50 70 60 56 73 81 32 88 30 80 40 49 34 93 86 29 93 74 24 48 64 11 16 97 95 43 90 37 50 41 41 51 9 49 40 92 11 47 38 23 99 46 87 55 38 69 42 91 0 74 99 67 27 84 54 10 52 99 77 91 27 45 1 28 89 31 64 7 8 60 45 82 19 29 41 94 35 98 56 52 97 76 99 13 20 56 53 94 58 35 59 82 66 58 32 94 88 24 33 57 0 81 37 34 44 93 5 90 77 73 10 59 88 57 51 37 13 47 45 43 63 4 75 49 37 84 79 11 85 43 94 90 55 21 63 93 12 41 23 32 92 77 11 47 28 37 55 61 76 66 26 99 64 61 78 30 85 89 13 86 15 8 71 27 81 89 66 29 20 17 52 6 71 19 96 66 30 75 60 32 86 17 85 52 49 7 95 64 90 86 2 74 99 85 69 14 53 12 46 52 80 11 27 1 47 63 64 47 90 35 89 34 51 55 73 8 25 13 34 19 68 90 7 85 77 44 67 68 84 79 4 32 55 44 28 2 57 96 39 70 28 94 14 47 54 29 34 89 18 60 47 31 2 67 50 38 8 93 26 70 90 66 31 44 3 87 80 27 34 99 10 31 44 0 83 19 45 14 8 34 6 68 31 0 86 73 54 37 42 85 48 66 91 8 83 51 26 77 18 26 89 7 23 42 29 72 89 94 46 71 0 26 90 64 29 26 42 25 60 2 9 47 15 2 
7 29 41 99 85 33 90 82 97 81 93 63 60 75 35 20 78 87 38 3 54 85 26 9 99 95 78 1 30 76 22 89 65 46 16 79 24 73 21 10 5 72 21 38 1 44 74 5 5 75 12 16 70 38 53 13 89 46 11 19 45 48 74 3 26 99 80 35 42 29 50 24 30 57 77 91 32 56 28 26 86 71 44 65 98 8 54 67 15 98 55 22 46 74 54 51 22 20 1 91 93 2 89 3 92 31 20 99 57 63 7 25 91 98 13 98 81 82 49 1 47 29 71 23 45 11 22 79 21 59 72 19 11 72 67 59 15 87 6 48 99 88 27 75 54 73 96 79 84 61 71 9 59 40 10 90 41 86 19 90 27 99 52 75 89 22 86 36 23 5 20 79 32 32 82 85 48 71 95 56 27 49 63 85 96 58 89 68 87 68 27 24 47 74 90 99 7 77 1 78 79 20 9 13 18 66 78 57 49 89 76 58 78 57 81 55 6 65 82 51 19 69 77 21 27 77 32 76 93 68 33 93 49 29 45 84 6 38 3 97 37 82 67 63 97 37 26 77 73 33 63 53 65 4 42 49 13 91 20 76 98 72 60 21 35 51 65 82 63 2 83 8 59 63 23 64 59 18 73 41 48 95 31 33 1 29 8 45 54 56 90 16 28 33 29 70 42 27 64 6 11 52 60 57 1 68 92 6 29 0 14 70 24 71 79 98 90 13 38 11 37 74 5 33 37 6 36 44 45 24 34 39 24 56 54 82 85 88 18 43 23 91 17 19 25 40 30 42 54 60 72 80 20 31 57 5 2 19 90 84 22 35 64 47 31 59 95 82 68 43 10 53 45 5 27 42 51 39 0 4 59 49 31 52 61 39 98 34 55 10 74 24 55 72 65 13 44 9 57 21 
78 42 99 90 19 33 36 26 98 59 70 8 98 1 46 92 26 3 76 67 11 84 85 34 61 42 81 33 31 97 95 31 46 81 81 28 84 37 78 23 38 53 11 58 14 44 25 98 77 50 4 99 72 96 29 48 28 6 48 19 44 87 74 76 74 51 80 18 74 53 67 49 74 61 59 74 5 45 25 0 50 65 50 76 28 99 28 0 80 51 35 35 58 85 36 52 32 65 49 99 35 63 94 88 83 82 42 92 85 12 41 61 87 24 80 93 56 28 45 56 76 54 33 89 66 36 4 87 25 95 67 21 4 80 63 89 77 36 21 32 59 62 85 4 26 90 56 58 48 53 89 50 82 82 99 41 80 27 75 41 33 0 43 87 69 66 55 66 4 40 79 26 15 19 46 95 49 56 33 31 55 86 47 9 96 96 47 67 68 52 27 43 67 64 44 13 5 21 97 0 15 94 65 26 65 46 23 89 2 1 60 52 79 16 51 97 87 43 24 60 46 43 83 47 45 0 2 31 74 53 94 35 0 29 85 96 1 48 60 46 2 30 84 13 74 35 78 10 31 96 35 22 21 77 75 46 85 40 9 21 90 5 92 84 81 94 13 17 74 36 13 22 72 71 9 86 81 46 83 39 36 19 82 10 87 2 84 97 44 39 54 16 22 69 53 89 55 64 13 19 53 31 51 5 70 43 3 23 28 22 30 82 13 99 92 65 86 9 65 54 14 46 84 26 90 6 17 60 50 8 75 48 58 24 85 19 22 22 31 64 63 14 31 63 11 81 57 69 19 59 86 39 91 33 44 80 1 52 30 40 2 82 25 98 65 84 40 48 25 10 16 62 85 43 43 36 18 68 30 60 2 91 60 39 6 94 36 54 17 50 58 0 46 33 43 79 2 19 51 48 
47 28 10 15 16 9 65 94 54 85 90 57 6 82 78 69 29 52 62 77 84 85 72 14 91 98 39 18 16 8 30 67 24 27 94 9 30 47 77 93 79 15 77 23 24 19 76 19 30 13 50 87 3 48 25 21 46 40 55 86 76 76 1 94 95 12 43 10 52 69 36 86 84 67 63 12 33 59 66 68 18 14 86 10 26 4 76 57 88 44 22 45 34 50 37 39 6 46 25 0 30 29 9 27 39 5 13 19 63 38 77 68 4 46 92 52 60 24 1 26 4 89 5 98 66 35 17 55 99 47 9 9 95 84 77 1 6 16 18 92 30 27 76 31 70 90 12 67 31 25 53 63 45 72 23 1 32 42 33 23 59 95 50 51 37 37 30 29 94 81 99 27 40 43 80 73 98 85 16 94 85 91 26 3 66 20 64 90 44 56 90 54 38 23 72 21 90 25 38 57 7 3 39 36 47 5 80 6 78 96 78 53 55 85 99 11 92 82 40 85 1 69 3 59 91 91 24 95 83 67 49 71 56 7 14 11 97 78 48 74 64 42 57 44 93 40 89 52 87 62 60 54 92 80 32 52 12 46 81 0 28 49 53 18 22 80 96 64 16 97 0 21 85 36 46 18 71 67 62 26 15 91 91 49 89 62 50 76 59 97 51 46 88 67 56 78 90 63 86 87 57 39 97 24 36 46 32 77 81 47 93 61 12 22 66 3 84 62 72 70 33 7 66 24 17 26 73 98 10 87 11 52 19 55 78 57 51 63 27 36 66 71 70 22 13 98 8 30 56 37 26 12 34 97 55 74 85 2 97 56 6 78 96 52 28 70 59 61 0 71 75 60 59 72 94 67 95 56 5 95 71 78 84 41 34 79 73 85 85 46 99 31 4 13 87 21 22 84 69 45 
88 12 13 95 44 86 72 58 2 87 73 79 47 58 99 97 72 20 41 95 93 51 27 63 35 30 34 85 66 68 15 43 91 48 40 2 93 24 60 53 82 76 21 8 89 52 66 84 61 16 1 89 41 80 45 64 94 25 77 78 40 3 81 29 21 35 49 61 30 74 95 46 83 26 52 64 57 77 58 38 82 48 31 71 12 10 58 7 86 17 50 86 80 76 64 6 61 18 26 33 30 29 84 91 28 39 2 69 26 25 93 32 48 60 31 94 44 53 81 98 83 47 51 11 73 16 3 41 28 0 57 92 26 57 19 14 39 64 95 69 30 59 70 96 50 47 31 56 27 28 47 42 92 51 72 35 93 90 86 4 47 42 54 63 66 66 33 34 10 19 56 87 51 20 62 67 75 66 25 43 70 99 58 11 59 84 31 93 2 75 10 26 72 28 19 23 22 2 40 7 70 36 37 31 94 19 55 78 50 65 65 49 37 68 68 10 30 94 10 65 13 55 50 43 31 65 22 59 82 24 31 17 18 42 44 56 83 45 80 59 72 11 65 92 11 44 41 73 58 54 84 47 26 85 58 83 26 86 91 42 89 94 39 52 24 90 23 0 94 89 81 76 73 64 3 99 62 78 83 2 63 92 94 19 28 98 66 78 19 46 16 62 41 48 14 60 94 20 5 18 58 56 11 91 21 45 83 49 44 91 48 63 69 63 35 45 61 65 19 56 52 94 51 86 84 99 79 93 37 95 55 46 93 54 69 66 24 62 35 72 2 86 0 90 4 76 35 65 83 99 36 13 95 65 39 2 23 31 71 99 97 39 63 37 65 98 31 63 21 46 89 75 28 65 13 14 63 66 82 75 39 19 18 9 92 88 25 10 78 3 4 58 58 65 16 21 67 44 85 76 
25 22 0 18 73 40 9 98 47 90 61 83 97 18 7 37 25 47 76 26 24 16 40 19 36 45 59 51 38 57 0 28 84 69 85 9 39 0 87 40 60 0 83 45 77 0 93 55 77 53 24 82 91 42 47 60 86 70 38 59 44 9 20 79 50 60 86 36 80 5 88 67 6 99 20 70 14 36 44 88 31 71 93 94 93 28 75 58 33 61 52 58 31 12 31 85 11 54 82 75 69 90 3 75 97 19 73 12 37 10 70 25 80 24 72 90 31 30 18 58 5 26 69 78 37 16 39 2 22 73 34 78 70 28 28 88 44 13 5 41 90 11 29 88 80 61 76 18 25 77 16 34 66 64 82 33 48 16 51 18 13 58 44 82 63 70 43 66 96 61 72 79 5 71 89 31 62 21 82 6 50 73 15 96 16 99 78 81 72 46 96 21 14 43 99 41 79 5 37 65 6 30 95 60 66 57 60 9 92 65 60 31 0 57 13 51 26 44 41 68 39 46 4 95 58 20 19 88 44 97 77 45 59 81 85 70 45 18 4 37 36 13 44 83 89 18 18 70 2 39 80 52 96 98 25 60 81 68 85 76 60 17 76 59 86 62 18 75 65 70 21 37 67 8 30 40 50 11 76 27 86 79 2 75 10 91 51 1 90 28 72 35 88 9 88 29 10 16 31 90 71 40 57 56 93 50 4 24 35 1 21 25 27 81 7 28 2 56 16 64 62 63 16 83 76 95 51 40 98 39 55 83 95 60 6 46 26 0 52 77 19 63 24 0 72 24 23 15 80 94 2 67 78 58 82 15 23 96 77 81 51 20 14 30 85 71 71 51 46 38 54 17 28 74 38 88 43 41 75 92 36 84 69 24 84 93 97 10 15 51 56 34 5 39 64 31 13 21 1 55 
36 4 48 86 40 58 94 89 94 55 46 95 17 44 19 13 32 99 81 66 58 29 26 85 36 31 54 62 34 65 86 2 85 60 36 67 88 6 0 3 50 51 85 12 24 98 2 48 48 5 51 58 77 49 67 81 19 93 27 51 25 0 1 4 49 29 49 64 24 55 8 62 7 1 63 11 9 15 46 39 55 58 81 82 84 97 69 37 36 72 56 74 50 93 59 5 56 53 12 93 88 12 51 31 65 64 84 8 80 99 53 97 80 31 82 10 78 37 6 3 69 45 72 23 57 57 90 82 2 68 76 22 4 62 72 40 56 65 12 71 61 65 9 29 56 23 83 70 13 38 25 90 71 44 71 6 50 76 97 9 86 35 57 99 83 28 23 50 19 79 40 49 64 2 41 45 51 19 14 66 23 12 87 42 34 60 9 12 16 73 32 59 46 2 95 88 58 7 5 58 63 43 55 4 56 69 54 84 36 34 98 22 1 42 27 39 13 37 71 47 65 80 56 41 20 8 31 5 45 39 61 22 33 80 69 86 54 71 35 18 53 1 19 74 59 21 97 21 42 48 36 33 59 39 8 57 49 54 60 10 16 67 79 36 38 7 95 53 98 52 76 87 76 16 90 78 93 48 25 0 51 21 76 4 11 95 8 81 48 60 11 16 95 79 28 90 1 0 36 19 12 59 85 28 22 26 18 3 54 28 48 80 41 8 96 82 24 71 85 48 31 37 70 81 93 0 83 10 41 86 60 10 8 84 83 7 7 40 8 31 48 77 53 37 52 51 23 65 20 24 46 93 16 89 55 50 39 66 36 51 45 21 92 68 49 60 97 29 51 89 86 0 29 14 33 44 92 85 17 7 5 93 11 86 92 77 78 16 17 16 88 1 42 19 23 20 21 59 4 94 
9 30 14 56 74 67 94 3 72 32 98 71 8 20 8 58 51 85 77 81 31 67 50 79 28 45 1 69 26 28 22 67 11 74 44 33 15 73 90 51 42 40 47 73 41 53 82 9 53 52 18 7 37 75 14 75 3 98 75 41 57 52 17 14 15 26 90 9 99 8 17 93 16 82 40 77 40 18 52 71 30 47 33 29 78 35 48 72 2 24 47 39 89 59 97 1 58 46 30 50 64 55 81 27 19 54 79 26 57 12 83 40 49 57 76 2 16 19 33 54 30 31 56 51 52 51 16 54 40 85 67 67 64 39 36 55 70 75 66 87 99 73 50 12 79 63 33 96 33 4 28 74 32 20 63 13 64 71 40 71 32 52 34 20 76 24 14 43 67 90 60 33 91 81 9 83 64 0 19 62 66 42 34 42 18 47 26 77 94 65 45 78 12 46 58 52 96 81 89 57 72 98 49 93 50 56 60 45 44 33 7 36 3 24 1 43 36 55 32 12 98 94 53 37 90 24 95 57 3 58 47 60 19 60 50 39 37 89 12 59 67 78 32 34 19 19 88 89 72 16 25 64 52 53 98 7 47 65 62 74 3 40 23 80 78 56 42 99 7 84 20 83 16 78 94 88 76 99 64 93 80 92 18 34 84 79 91 44 3 42 1 95 14 23 58 81 85 93 30 10 67 14 20 74 45 66 17 78 88 11 15 33 18 0 78 3 77 19 53 72 78 82 22 25 45 38 7 23 54 35 48 62 72 63 57 89 8 33 22 36 56 43 32 19 48 83 5 33 68 58 87 47 95 6 93 50 92 98 70 98 95 36 26 92 71 18 18 83 98 92 24 42 68 92 87 25 99 7 92 37 9 23 5 25 52 22 9 43 67 14 23 66 58 73 88 21 60 44 7 43 
10 82 68 21 99 94 97 29 38 28 94 76 76 47 95 58 7 29 26 56 37 47 91 51 61 17 52 52 91 12 69 23 78 0 24 19 75 24 25 69 71 27 59 61 65 6 62 66 65 88 96 90 24 57 73 9 93 93 64 32 67 99 63 41 36 29 58 61 10 35 75 87 68 44 32 83 23 79 17 1 25 78 4 27 34 51 50 96 45 84 36 67 81 24 89 83 89 50 66 56 37 50 67 86 42 38 52 84 83 23 20 48 65 72 53 37 28 5 8 1 47 64 66 68 78 48 64 64 45 27 2 95 44 34 62 70 5 30 87 55 33 69 40 53 59 33 83 66 18 72 86 42 61 97 88 3 20 35 43 68 48 87 52 49 70 26 35 75 41 63 30 68 81 18 24 2 52 14 91 12 71 80 61 41 56 40 93 51 91 60 66 7 14 11 28 8 41 75 71 5 65 38 40 11 87 49 32 73 96 59 4 54 73 60 59 12 36 5 38 42 29 3 45 65 58 38 68 43 35 33 33 92 71 79 1 88 31 79 1 80 7 3 42 87 30 21 14 9 9 27 70 87 88 54 9 18 1 65 10 5 53 27 97 4 49 1 57 19 12 36 14 1 9 70 21 57 99 11 77 46 51 35 33 15 82 42 61 46 3 80 81 64 47 94 15 5 28 76 53 4 83 83 95 50 93 46 18 55 96 17 37 5 9 13 31 32 37 2 18 94 88 94 42 39 89 9 88 95 72 1 56 63 52 28 53 66 89 32 40 25 48 3 0 1 0 35 65 67 70 80 6 68 20 7 44 62 3 53 55 35 16 64 99 60 11 85 67 61 59 31 52 23 45 6 46 78 44 68 30 92 48 24 31 13 98 80 67 49 0 85 72 55 34 40 36 80 3 75 1 42 
39 61 17 25 21 70 69 15 97 66 82 31 65 27 45 34 59 29 55 64 81 70 4 16 64 66 57 17 30 93 28 15 35 34 91 51 37 78 7 58 51 46 38 89 59 89 74 5 44 61 13 87 62 43 30 79 19 1 46 20 10 9 30 55 54 19 58 5 69 23 11 50 69 75 45 88 27 13 92 32 58 41 36 15 47 54 3 2 79 94 41 18 80 99 38 30 71 76 31 44 49 36 6 64 84 17 75 30 49 16 19 85 84 56 20 58 28 84 57 11 59 85 84 53 32 80 25 81 35 88 17 34 92 26 66 42 64 58 65 1 29 17 81 34 1 87 54 77 80 63 38 29 17 37 39 87 45 44 9 74 62 64 53 28 72 73 41 25 49 72 78 3 18 77 88 82 96 2 85 49 68 91 1 79 7 7 0 63 17 54 53 78 40 67 1 27 43 96 95 17 79 27 38 19 94 99 91 28 22 60 94 64 76 43 47 83 22 38 25 4 30 83 33 61 24 54 55 45 50 23 99 22 98 80 66 49 83 24 55 42 7 13 83 96 40 0 91 28 26 35 29 52 89 78 70 56 76 4 67 84 21 91 5 81 89 78 77 72 30 4 23 87 43 71 22 3 84 86 53 34 19 89 25 62 86 92 91 61 22 54 51 87 7 44 9 24 69 95 11 22 39 62 79 95 93 63 38 55 15 28 37 85 68 85 52 6 97 52 8 74 31 63 17 53 78 97 88 57 26 24 40 42 61 95 56 30 63 48 92 7 99 66 92 33 83 98 78 4 85 95 42 57 71 53 4 60 88 75 93 10 16 55 65 28 38 42 64 88 51 3 31 94 82 9 73 62 34 25 67 92 68 60 24 40 45 61 77 3 46 42 88 53 34 96 77 92 28 16 57 97 
34 67 71 70 1 45 53 52 70 90 44 90 12 33 30 18 99 89 63 90 84 37 81 81 10 15 33 59 44 36 35 18 88 34 85 2 12 29 11 20 71 72 60 30 10 67 17 82 43 93 50 81 13 72 29 26 10 71 16 71 54 63 41 9 61 56 44 6 54 98 7 76 56 8 96 97 37 96 16 26 90 21 90 84 71 68 28 83 39 12 2 85 74 96 31 63 32 43 12 82 93 24 45 1 47 25 94 21 55 56 7 73 28 75 60 55 44 53 20 14 1 79 99 41 79 12 5 5 58 92 13 78 7 85 42 8 34 76 93 83 46 58 78 83 9 54 67 34 9 26 63 82 71 68 8 96 26 59 8 89 27 29 36 23 97 40 57 71 46 68 22 16 80 91 30 8 24 40 12 41 58 64 20 11 99 66 24 84 27 60 31 5 31 2 96 63 87 83 30 0 79 70 75 94 43 79 10 72 2 78 58 80 7 14 72 61 31 86 71 63 82 12 42 7 34 83 69 59 80 83 42 37 0 69 39 83 12 57 7 27 71 35 29 72 55 1 5 56 20 63 34 99 7 18 86 49 32 99 28 55 74 51 24 88 47 15 66 57 14 97 56 61 67 67 77 83 92 89 21 53 54 22 28 78 42 91 54 14 28 70 4 12 47 36 80 28 26 77 64 42 31 17 5 91 26 24 83 31 88 81 0 38 25 46 93 99 42 83 50 89 27 73 26 4 0 97 62 60 14 85 74 81 29 70 10 35 20 43 54 82 72 89 97 36 60 12 34 46 20 17 18 24 5 44 16 21 53 67 67 22 91 91 96 62 29 23 76 74 60 55 94 18 56 98 80 32 92 48 45 82 72 29 87 34 38 38 92 1 46 17 35 17 73 6 24 25 39 73 50 93 
91 46 36 69 39 68 29 12 22 45 57 21 50 92 92 99 73 40 33 70 70 60 84 13 11 31 84 25 87 71 92 70 29 60 39 49 43 34 37 94 20 79 87 94 22 22 14 35 64 53 12 95 38 84 44 46 31 22 91 0 16 31 71 87 62 66 55 53 38 1 39 28 26 24 53 45 79 38 48 54 61 42 32 32 18 84 58 80 87 62 94 70 63 13 70 54 42 88 68 57 17 53 47 32 18 37 30 2 30 37 30 0 57 62 53 12 94 61 78 16 12 55 31 69 13 82 49 17 96 77 91 88 60 9 90 85 10 5 91 73 7 22 8 18 12 22 4 25 38 22 37 84 2 66 9 46 71 14 13 51 85 70 59 24 30 33 2 34 83 34 34 19 90 38 47 82 21 26 67 34 42 20 10 13 92 15 21 37 32 52 44 0 9 66 41 20 81 62 34 29 93 24 89 10 83 1 82 69 86 97 93 55 17 10 86 67 88 13 61 22 7 89 41 72 0 54 32 52 83 40 11 77 96 64 80 7 41 2 65 20 41 88 55 21 96 25 27 75 96 61 16 34 27 16 37 38 98 10 20 73 61 18 39 26 16 70 89 47 6 41 25 73 59 38 59 42 95 32 79 27 29 19 34 51 45 70 54 72 42 37 57 89 59 21 33 16 16 77 63 84 40 91 1 2 52 44 36 51 86 48 66 85 99 34 92 3 33 63 87 82 78 95 24 53 9 48 22 91 30 14 75 88 24 32 77 41 28 61 46 56 25 57 18 40 26 82 61 32 83 10 9 66 52 70 60 1 26 72 76 59 92 32 26 45 93 84 50 32 38 2 78 54 91 86 81 15 93 92 73 36 39 67 70 97 81 31 1 86 84 41 82 24 7 76 49 57 69 41 95 6 
68 2 47 19 13 68 46 0 93 88 89 54 64 3 4 75 84 80 44 6 69 74 33 95 50 77 68 7 26 42 96 98 4 90 97 76 43 46 46 50 18 45 0 77 12 54 83 68 19 5 48 79 62 35 3 6 35 60 1 58 25 25 86 78 71 50 37 66 49 33 28 85 32 36 54 15 85 35 62 9 12 86 33 3 23 57 79 30 72 41 30 96 46 42 4 41 33 21 98 80 55 21 80 93 67 84 63 55 40 31 69 64 93 58 80 24 35 52 21 36 82 23 66 84 89 50 38 55 17 4 76 53 37 5 75 58 27 10 68 69 20 69 48 63 60 49 32 41 4 3 38 58 85 70 78 98 10 49 20 48 93 86 64 75 90 21 55 96 15 85 72 77 91 54 88 0 81 12 93 29 48 99 17 62 73 68 65 70 12 6 27 16 31 16 77 49 63 50 51 27 76 42 68 83 67 58 52 9 98 55 64 86 12 8 54 83 70 26 55 76 24 38 78 55 72 98 63 59 60 40 60 63 86 5 83 39 53 32 52 13 49 9 36 87 92 65 94 16 75 15 68 8 91 28 42 26 92 91 63 41 37 86 68 88 97 85 69 77 37 65 8 7 84 31 33 56 67 50 20 95 21 57 89 43 46 5 93 87 70 15 79 11 65 53 66 46 57 87 38 49 95 88 21 17 81 36 71 69 43 52 0 15 44 68 61 3 76 37 89 63 24 79 78 1 10 48 90 86 21 38 35 52 91 6 34 2 25 61 63 50 70 31 42 4 84 89 92 29 52 63 30 79 40 83 49 91 50 20 25 50 82 23 95 68 72 98 40 50 3 2 80 3 93 86 3 22 85 84 83 78 65 68 58 57 7 50 82 81 22 89 30 16 68 17 50 27 39 81 2 17 
41 10 59 16 4 94 14 97 22 72 29 52 28 39 35 55 17 29 24 47 46 50 45 58 7 53 61 39 84 50 36 59 33 29 94 62 19 2 88 21 48 66 87 5 41 8 25 23 66 23 51 85 61 40 51 54 3 23 47 2 79 38 62 28 8 24 44 23 37 3 12 50 15 33 75 39 52 45 42 51 53 29 4 40 65 70 79 74 55 6 60 90 52 21 53 12 34 23 26 36 80 93 54 8 75 34 75 40 68 96 44 90 80 67 14 2 68 89 65 28 40 6 9 97 86 78 52 96 47 37 22 86 54 75 26 52 24 84 26 7 47 9 66 23 17 12 41 49 71 88 98 19 35 53 1 30 46 34 20 62 54 7 7 3 52 61 53 68 85 60 1 55 31 81 89 36 41 32 78 35 62 68 36 51 17 32 68 13 88 16 23 27 33 29 17 5 22 4 34 9 28 90 63 18 85 44 72 44 28 21 72 2 45 32 90 60 37 22 7 85 52 29 79 8 26 22 16 87 95 96 49 64 83 65 4 75 92 37 51 27 25 56 3 4 15 29 77 82 82 21 40 36 66 16 12 83 18 98 33 28 25 4 59 47 23 30 45 22 58 76 75 33 86 16 80 79 17 79 27 17 71 53 54 1 42 98 60 34 29 90 20 94 50 37 63 12 56 20 68 3 38 83 2 42 29 59 34 46 83 41 83 33 33 35 26 0 79 31 37 71 46 26 27 92 31 7 77 5 89 64 52 14 7 51 38 30 79 41 65 9 33 52 98 94 28 39 98 1 98 14 39 40 95 85 32 50 12 5 26 44 72 45 66 63 30 87 99 10 28 7 30 16 71 55 34 32 56 28 73 25 39 55 68 84 70 44 38 76 24 59 81 8 55 40 12 11 55 33 12 56 
7 92 47 3 57 31 5 44 17 22 15 66 94 36 10 79 72 30 82 62 21 6 90 9 55 80 17 96 85 5 49 45 82 22 67 50 34 3 95 56 82 99 49 77 74 42 24 65 65 32 23 48 73 58 13 27 32 54 37 75 10 96 94 50 23 78 95 57 35 72 70 33 60 60 62 87 13 4 51 50 57 97 17 22 5 30 55 6 9 78 57 21 4 6 76 9 35 3 5 36 44 73 76 68 63 64 2 10 29 56 74 6 87 58 84 24 61 15 31 22 84 19 56 88 28 38 34 32 62 26 92 83 65 19 1 51 3 29 46 8 27 42 89 5 32 43 69 38 5 80 38 83 87 42 74 46 66 9 52 17 16 70 52 11 90 98 75 44 64 91 33 91 99 79 4 83 41 35 79 37 88 30 79 97 55 98 80 81 18 70 95 6 76 81 74 78 94 1 80 34 1 19 27 21 88 91 36 76 95 75 50 3 16 81 6 4 60 96 5 27 71 18 2 66 32 27 73 61 42 29 72 13 36 65 57 72 60 77 16 20 49 62 47 38 75 84 47 76 10 35 5 34 35 20 93 96 2 69 25 53 18 57 17 0 63 40 78 70 33 41 52 15 94 49 61 56 78 67 43 86 48 8 69 68 36 53 64 66 79 59 39 92 90 2 61 17 79 49 6 22 76 33 97 62 53 51 76 91 53 3 45 36 91 95 44 12 55 33 92 7 22 36 14 36 50 84 63 51 15 51 22 84 81 35 82 23 59 5 45 21 51 32 49 27 24 35 38 62 92 51 96 51 33 33 46 24 74 66 92 54 9 63 65 60 24 11 84 32 8 71 7 80 42 5 64 64 32 57 23 30 34 72 9 26 74 73 92 7 21 20 59 42 31 93 3 38 68 62 53 51 
72 0 2 43 12 79 9 78 6 80 64 44 55 99 6 64 55 37 71 91 44 91 24 99 58 40 32 86 99 63 59 42 87 1 95 6 74 86 48 0 9 49 56 84 13 13 75 25 78 92 27 95 11 95 23 41 2 24 9 24 83 63 9 32 64 73 45 76 20 97 22 0 68 31 52 6 57 33 48 70 87 71 4 51 78 27 5 49 79 94 89 20 45 86 60 48 12 5 76 83 1 92 54 5 84 51 70 22 83 52 70 25 64 22 71 11 84 84 29 69 5 54 85 22 93 63 79 16 83 80 72 98 51 24 40 11 61 24 88 21 79 5 64 15 92 56 91 7 27 41 99 46 3 63 3 63 90 31 74 95 25 67 10 45 24 21 24 81 71 59 46 9 84 1 94 65 90 6 25 51 85 47 64 93 62 74 17 89 85 1 38 73 94 61 29 65 97 50 95 9 58 84 43 43 55 88 9 29 79 27 60 43 63 54 51 52 46 94 91 33 47 62 69 74 46 15 66 44 62 20 84 54 65 86 43 60 72 21 96 65 87 36 8 95 13 93 32 1 51 24 83 4 30 38 82 18 44 73 15 19 35 46 72 76 78 78 70 78 67 33 91 59 42 36 49 68 42 65 24 78 45 56 51 32 43 96 98 61 49 34 34 42 47 85 78 32 79 27 41 3 56 91 7 65 75 24 88 4 80 81 22 61 95 1 75 27 13 44 87 87 97 23 43 50 56 69 38 44 92 62 38 18 47 44 67 34 23 51 56 64 5 25 98 53 79 64 33 80 22 63 96 49 24 87 88 25 32 33 96 69 75 30 36 54 27 39 7 85 91 31 81 57 50 55 5 94 71 8 31 67 4 45 49 29 69 99 11 69 4 21 9 95 23 40 36 65 9 73 76 68 
53 61 88 6 3 37 70 87 84 86 36 43 80 17 83 12 10 54 16 92 84 22 80 75 99 24 72 46 57 78 64 98 85 67 92 82 4 7 1 2 33 73 77 50 90 16 45 79 57 41 65 64 71 28 53 95 72 1 67 77 55 93 42 91 37 97 5 11 76 82 50 74 8 38 77 7 94 54 27 44 63 4 88 28 19 38 89 73 46 20 78 90 39 67 91 59 59 26 36 60 36 82 82 71 27 4 20 54 39 14 2 53 44 42 5 11 34 61 55 91 61 48 52 61 64 55 5 82 72 15 52 84 80 66 72 94 52 88 86 75 26 88 17 21 55 47 30 27 73 77 99 35 96 82 33 18 43 54 87 73 1 20 17 85 96 70 5 73 77 94 52 6 40 45 64 87 58 5 9 3 84 41 14 84 29 37 25 37 4 63 22 6 3 16 87 46 20 4 79 5 66 85 17 31 55 89 52 33 11 17 45 11 30 49 3 85 78 22 97 10 63 63 68 58 77 39 51 35 80 50 5 90 89 50 46 83 27 35 28 98 15 86 75 79 65 6 14 52 28 37 76 14 56 38 31 73 21 50 88 68 51 64 36 21 16 64 65 76 6 4 20 58 2 30 57 11 59 88 7 64 3 37 19 67 6 11 31 24 73 65 75 41 66 79 38 60 57 96 29 43 22 91 0 53 79 61 18 31 69 46 55 65 62 2 8 10 87 14 58 49 71 23 47 2 77 30 54 1 54 73 83 97 60 65 21 55 52 48 71 43 75 41 73 63 3 37 57 0 61 88 90 22 24 57 72 48 20 34 40 70 87 44 73 32 92 69 78 68 99 51 66 68 73 68 22 2 88 38 74 3 77 13 43 13 11 86 74 21 55 7 97 57 10 80 2 94 78 88 12 64 
1 21 10 40 46 36 9 22 54 88 25 73 2 76 79 92 82 91 10 50 89 8 36 88 74 83 70 10 26 46 6 79 6 31 3 12 68 25 82 96 73 32 76 13 26 38 40 62 55 8 63 44 87 42 45 17 70 70 37 19 3 74 24 13 70 12 78 53 93 22 5 30 21 70 18 2 87 3 45 23 83 96 9 93 33 12 92 67 23 55 60 51 27 45 42 3 49 21 58 41 98 23 51 29 73 57 4 78 82 10 59 74 94 39 89 7 31 71 26 26 65 42 23 9 32 70 13 79 66 37 31 46 79 29 71 62 15 41 81 52 91 11 89 17 80 15 70 40 37 39 2 78 28 54 36 17 79 38 0 6 22 97 46 79 87 84 29 99 93 63 93 56 46 63 87 15 41 85 80 66 27 79 89 11 47 12 41 47 75 76 79 17 13 29 10 3 92 71 34 74 32 19 77 2 3 98 21 32 40 8 44 4 28 95 34 73 96 88 5 51 86 85 39 74 43 48 63 32 48 47 69 21 19 92 63 18 33 19 0 64 86 62 13 57 25 32 61 48 81 81 25 1 94 41 11 39 16 98 2 93 64 12 66 74 84 63 82 16 30 7 11 72 83 19 99 11 54 10 42 20 51 47 23 81 68 27 71 7 75 13 89 94 36 69 2 95 21 63 87 88 40 81 87 50 75 40 78 1 35 84 90 1 17 99 90 91 0 32 76 38 97 14 47 95 79 30 64 50 68 53 60 10 63 34 39 91 10 45 19 43 43 91 32 40 69 41 35 15 30 87 57 55 66 16 57 4 63 84 48 2 23 81 48 39 17 2 87 19 35 73 21 1 76 2 4 15 57 0 36 85 22 29 26 20 98 57 33 77 74 59 99 79 94 86 23 81 77 92 35 27 
72 92 41 59 12 66 91 35 75 61 28 82 55 5 39 20 81 97 14 54 21 86 71 41 59 32 86 57 98 52 92 69 43 60 2 14 20 71 52 81 17 68 11 68 2 0 97 79 6 89 0 55 32 10 99 16 61 8 32 8 93 40 49 3 41 90 16 8 56 44 92 59 12 84 46 57 15 73 47 85 35 45 88 52 87 78 24 28 51 90 85 52 62 85 6 47 25 89 95 38 23 58 61 79 27 1 84 75 38 25 78 58 62 28 37 30 53 15 4 1 46 81 66 59 89 58 12 23 65 83 44 48 87 52 21 48 68 0 77 0 63 32 24 19 24 98 64 23 52 48 6 59 70 74 86 12 9 37 89 82 59 60 62 99 58 46 11 37 41 85 70 59 5 41 68 50 88 5 15 17 22 87 74 59 46 85 53 78 52 74 40 8 48 97 77 29 37 98 16 20 55 51 66 23 33 73 99 36 64 51 68 42 92 37 1 19 36 89 72 7 24 94 78 52 72 62 46 32 44 6 99 0 90 51 33 18 67 59 87 61 58 0 59 16 74 88 86 28 6 82 6 98 90 32 97 64 43 78 84 10 19 42 0 45 62 96 67 51 15 36 47 74 51 5 50 1 67 32 9 39 21 21 15 63 2 94 32 91 41 62 71 89 21 87 71 27 58 19 25 42 69 47 39 53 27 77 71 43 93 36 63 34 21 86 19 66 95 61 0 45 17 85 16 72 63 61 77 10 0 43 90 95 77 45 32 80 70 86 41 73 54 73 83 67 46 44 35 51 27 23 24 42 92 44 18 11 77 59 57 30 78 53 11 62 70 22 41 34 36 21 77 99 11 59 81 85 72 24 38 46 40 40 12 91 90 94 41 41 83 13 68 51 57 85 27 47 37 9 62 58 
16 0 54 16 44 80 54 35 46 77 69 27 31 52 76 70 71 80 9 48 53 37 37 38 1 38 74 66 50 46 63 62 40 95 80 98 48 35 1 67 53 44 59 86 16 98 81 88 63 2 11 99 43 44 44 53 77 97 16 20 1 82 65 57 38 70 20 72 13 94 6 60 45 93 4 63 62 98 30 53 69 87 58 74 0 25 73 93 59 41 46 55 69 5 60 15 10 79 36 42 73 66 30 90 78 43 92 83 95 77 7 42 22 52 27 74 21 78 93 87 85 3 83 4 20 11 54 12 98 69 86 33 21 2 7 5 12 42 76 16 21 35 41 57 31 68 89 41 26 39 11 93 68 10 43 80 72 98 65 84 73 6 86 47 1 95 92 45 74 64 67 52 69 75 71 40 69 36 8 76 83 57 19 5 88 79 3 77 98 13 88 39 14 86 83 73 77 44 42 86 33 34 73 93 55 14 49 61 83 75 44 19 52 16 82 45 96 50 66 9 22 6 64 45 66 91 17 11 0 22 31 36 90 39 63 25 47 3 72 22 56 66 54 35 40 43 79 75 46 18 32 34 87 1 11 38 81 62 24 50 8 8 42 35 14 52 32 14 64 71 79 94 71 45 85 98 48 71 98 14 60 39 30 62 95 96 59 22 79 98 69 52 55 91 71 55 84 12 40 46 84 53 90 9 17 71 17 97 24 43 7 85 99 59 47 84 92 96 52 30 15 52 75 71 54 99 59 1 11 5 39 20 97 94 70 2 86 60 55 77 72 40 55 42 91 47 35 40 19 16 72 60 51 75 30 69 1 35 57 43 6 79 78 16 20 42 25 71 6 57 66 93 16 86 30 72 72 30 70 85 32 73 54 13 81 33 15 96 11 8 61 83 90 75 33 66 53 20 78 83 
41 26 46 48 96 76 66 91 41 58 29 61 75 66 71 18 6 86 73 79 54 33 12 55 83 89 6 82 47 60 58 66 90 90 52 64 43 46 13 19 8 71 12 51 43 25 44 38 26 55 8 65 20 71 97 29 9 4 31 92 12 68 11 16 26 94 3 12 6 9 62 72 11 2 13 27 54 94 74 36 48 16 20 80 50 49 12 67 27 1 67 40 6 21 88 30 89 78 43 76 21 17 81 99 63 75 26 74 78 22 69 6 82 64 2 3 40 44 34 3 71 79 38 86 42 74 57 66 55 33 16 24 8 61 55 14 48 1 2 58 36 1 51 75 70 92 78 58 37 32 50 68 3 63 25 38 20 21 63 17 72 47 91 72 78 74 39 62 81 16 89 28 40 58 54 34 61 79 62 85 47 0 56 90 28 37 75 88 92 26 93 43 87 61 31 20 25 31 74 91 20 18 96 52 49 34 21 9 75 98 68 76 20 77 33 65 54 72 93 9 29 2 48 1 89 43 97 48 63 45 74 46 19 20 26 11 49 40 77 91 32 9 67 35 33 94 32 21 20 32 45 55 24 61 6 13 66 48 7 88 61 72 33 69 43 37 11 31 38 61 21 0 87 99 95 18 14 64 21 82 76 39 29 32 58 94 25 1 10 93 80 84 39 39 23 70 20 31 44 62 41 25 33 92 37 76 81 62 43 98 76 76 68 2 69 58 92 98 5 87 85 13 21 32 4 50 94 56 17 58 80 30 30 31 69 87 46 41 16 85 87 57 22 59 49 60 15 71 13 44 24 25 55 73 40 9 18 15 8 2 40 3 67 45 68 19 98 74 46 86 53 56 68 68 58 55 75 2 49 21 92 41 76 98 55 25 0 5 27 51 4 14 59 34 86 65 37 6 67 99 
41 90 70 60 92 36 96 52 70 15 79 42 52 76 96 58 90 12 29 66 32 17 67 63 87 14 72 0 3 16 69 83 71 62 77 27 84 9 93 7 29 37 7 49 6 42 97 57 36 3 84 46 85 43 60 21 36 96 93 73 87 8 2 43 79 30 46 7 60 34 52 70 50 32 31 74 82 39 38 74 69 21 16 19 94 69 55 56 90 23 46 56 97 87 52 25 10 13 71 31 51 76 50 62 99 25 78 65 0 6 23 59 4 14 37 7 82 76 73 72 33 28 54 37 25 65 11 11 80 87 82 78 11 30 13 36 17 60 69 50 28 92 32 59 59 24 52 48 98 16 76 33 20 71 33 56 86 24 13 47 77 57 30 10 78 73 11 39 7 40 19 41 57 52 26 55 88 13 31 93 75 52 75 43 12 31 31 29 45 27 44 47 21 47 0 38 45 20 23 22 51 26 36 98 96 15 76 21 80 1 5 46 62 84 19 30 69 48 89 92 91 4 28 85 71 40 3 22 24 92 10 67 59 2 28 33 41 84 31 70 31 33 63 91 34 22 42 62 59 19 42 97 94 28 71 7 56 73 75 38 47 53 75 21 49 42 28 2 76 68 86 78 1 13 27 60 82 15 87 67 13 32 23 76 46 46 23 56 72 13 84 42 65 70 66 95 7 49 31 13 37 86 45 54 25 96 76 37 49 54 74 42 41 30 54 78 29 15 11 4 91 81 59 10 83 24 76 3 21 41 57 91 11 32 24 4 40 34 19 86 68 37 36 81 45 14 25 1 73 62 44 27 13 53 23 62 93 30 44 56 21 67 27 6 8 99 56 1 50 69 94 19 91 32 16 10 6 11 16 90 31 88 69 29 81 0 61 70 39 81 86 62 33 66 52 79 90 65 76 86 
31 62 0 0 54 56 70 55 4 2 37 10 75 72 50 82 41 14 52 54 85 8 62 65 23 62 40 15 70 74 72 62 31 4 62 42 49 93 31 10 23 63 26 4 29 31 27 90 3 80 36 51 83 20 13 38 61 13 92 33 51 81 5 96 29 73 70 35 51 2 10 30 82 89 51 63 5 21 53 21 52 38 81 79 68 96 54 87 84 57 71 32 23 47 49 94 79 37 39 24 93 52 31 70 74 37 2 33 66 41 91 79 76 51 20 72 97 57 82 85 35 62 37 30 56 76 59 23 67 25 81 34 24 50 95 20 55 50 5 5 98 64 81 97 30 12 44 44 82 31 3 36 92 85 75 94 47 7 96 15 54 21 1 3 13 45 80 35 25 65 75 82 71 1 44 41 7 65 5 29 19 21 35 45 1 41 0 72 76 24 70 37 32 32 2 25 19 92 45 99 48 9 93 26 42 9 11 9 4 44 20 73 55 36 10 46 15 4 88 91 43 20 0 19 32 91 76 35 49 88 91 32 28 31 30 4 54 11 90 99 87 48 64 6 96 59 34 9 54 67 43 1 36 59 87 60 24 53 83 88 66 5 32 18 36 74 22 72 5 12 70 9 56 91 41 75 96 15 25 32 10 16 30 97 94 44 70 89 10 99 40 22 19 86 27 5 81 3 97 66 45 20 82 97 53 18 83 72 64 35 51 49 75 31 44 88 43 88 41 32 63 32 27 20 12 16 45 45 75 6 48 70 75 18 70 29 84 92 19 72 96 92 50 59 80 12 6 0 97 78 28 50 95 81 86 18 65 54 0 50 34 30 94 53 87 26 23 28 31 6 36 5 8 30 12 57 58 50 67 42 20 75 80 71 85 98 19 64 53 33 86 69 10 12 16 29 21 14 72 54 
4 71 19 10 67 4 0 41 45 93 3 38 66 47 48 20 83 90 57 26 74 60 7 44 22 79 20 99 9 47 29 98 24 92 79 43 94 75 27 6 49 82 54 29 42 65 36 19 7 26 93 84 6 16 45 56 95 84 12 75 30 8 19 18 78 32 56 77 33 74 44 12 78 49 89 69 71 49 21 25 82 61 45 2 18 57 94 82 25 34 24 90 21 47 40 69 24 76 50 34 8 14 87 19 11 77 3 95 98 53 58 95 32 44 99 24 30 10 26 97 76 30 15 54 70 24 39 39 88 68 26 15 71 74 64 19 97 15 52 64 91 6 51 48 21 78 63 15 17 11 91 8 80 95 72 29 53 8 5 49 35 39 7 76 18 79 0 4 56 30 57 75 98 83 45 71 12 28 76 81 41 38 51 57 76 11 46 58 30 39 76 85 65 50 77 50 72 92 62 63 8 15 97 47 58 57 31 50 43 14 2 51 80 40 78 83 2 79 14 0 16 64 63 64 82 80 85 87 6 18 95 18 13 85 80 46 97 83 77 36 16 75 5 66 35 44 90 57 36 65 82 97 44 8 90 38 25 2 6 21 48 1 21 90 98 17 43 23 57 19 32 13 8 83 6 16 26 48 17 17 91 53 50 72 71 98 30 56 4 11 76 66 42 28 10 0 29 75 16 41 35 65 86 28 95 27 88 75 25 56 98 34 82 86 12 97 34 71 62 0 97 96 28 88 55 56 42 66 72 46 26 82 51 62 78 63 92 23 99 98 27 49 22 40 63 33 94 96 96 6 78 84 89 33 85 98 9 88 39 42 64 42 94 73 72 26 21 1 85 78 11 20 9 15 48 39 88 18 79 37 68 88 83 54 64 57 71 91 6 29 7 74 49 69 2 62 56 76 77 19 
92 21 93 31 72 13 88 63 18 20 80 40 85 40 92 24 45 93 35 45 7 62 26 48 66 52 25 41 13 9 81 95 38 72 77 98 33 79 26 76 13 15 39 41 32 32 97 68 90 56 20 55 24 76 86 78 33 10 72 87 72 61 17 6 83 78 49 37 99 91 95 79 73 64 90 56 17 65 7 68 61 55 30 61 89 99 25 78 64 17 73 58 49 42 46 96 22 3 67 52 29 62 70 66 66 55 1 53 32 25 1 95 55 85 1 55 53 2 94 95 12 37 58 95 79 71 7 74 25 44 42 55 98 51 39 66 63 31 27 81 20 64 75 25 76 67 26 77 21 62 50 5 69 63 15 22 20 38 17 78 58 49 51 78 7 88 35 8 37 29 88 2 51 45 69 66 92 48 64 83 85 62 32 88 58 75 62 44 46 76 2 49 62 25 64 69 72 77 1 86 68 41 68 97 39 69 68 22 46 29 64 77 89 63 56 52 77 8 13 47 18 24 72 60 45 37 47 57 33 31 25 58 68 14 76 63 93 48 99 65 48 70 72 80 65 28 50 41 24 59 40 37 52 30 43 14 55 5 28 52 78 38 76 82 57 56 51 42 69 29 3 67 12 54 31 26 61 66 87 27 68 11 45 32 84 80 45 14 3 43 58 15 86 21 97 84 18 32 89 96 78 72 99 28 87 90 74 68 48 56 50 50 81 77 26 66 65 36 52 98 79 86 57 23 86 17 12 51 45 30 55 0 86 11 83 84 60 41 99 75 51 19 68 19 39 20 75 90 73 66 51 65 69 96 1 66 31 33 54 7 28 61 68 77 43 79 31 72 57 32 65 25 14 19 47 68 17 33 10 36 66 47 71 15 30 22 63 86 54 50 70 35 0 62 80 5 86 94 28 86 
68 38 92 88 65 87 41 34 32 96 13 51 93 95 55 80 25 71 10 5 46 91 16 93 56 24 3 3 7 8 5 96 90 0 60 43 19 36 78 90 1 16 27 1 54 33 55 59 84 12 38 61 18 21 96 64 70 68 10 43 82 49 6 96 55 78 14 17 82 49 64 66 46 53 89 97 68 93 71 83 41 32 3 77 97 8 23 32 12 65 36 13 74 16 16 52 67 87 58 60 76 83 89 32 55 29 98 35 77 49 12 13 2 44 26 20 32 31 88 14 91 16 78 49 33 21 70 90 30 71 22 63 74 1 49 19 58 53 14 59 39 42 65 78 5 19 19 12 95 75 96 92 19 41 27 3 29 77 76 40 19 64 36 2 40 12 50 26 17 28 25 30 35 95 31 38 27 86 20 84 38 99 25 47 44 55 99 75 51 44 23 29 79 87 55 5 90 92 50 51 65 44 16 86 97 34 52 53 15 97 3 88 4 68 38 91 86 95 78 50 43 17 9 13 27 55 96 12 91 64 12 89 6 49 30 20 77 27 87 48 87 59 63 88 23 57 4 73 64 88 73 90 32 1 49 51 44 38 2 79 64 53 13 68 80 84 7 72 14 15 65 81 93 72 60 0 73 47 73 35 3 51 19 12 68 7 96 69 21 32 81 46 85 26 8 84 63 81 16 99 1 14 68 74 90 62 15 21 91 94 36 55 0 95 16 45 53 56 20 86 49 90 33 33 82 28 61 29 98 91 84 35 83 47 83 49 38 74 43 29 29 57 69 7 48 85 89 67 8 8 64 26 19 20 23 12 35 38 20 27 71 27 35 70 57 43 14 60 65 83 53 53 30 72 53 69 18 45 61 8 41 94 21 42 96 57 74 68 44 49 38 38 32 24 90 70 42 41 5 61 
70 15 51 1 88 53 82 11 45 22 12 42 15 90 89 20 48 58 70 3 96 88 50 50 70 43 28 89 77 18 49 38 22 90 36 70 49 81 99 43 68 20 23 31 76 45 18 77 79 70 28 67 0 96 69 87 76 31 89 26 17 25 82 42 26 85 69 30 46 15 85 68 0 37 97 14 26 15 0 65 92 34 87 58 48 49 49 70 80 65 78 96 75 23 82 21 56 36 7 43 99 52 38 90 85 22 2 83 18 27 70 1 1 45 51 94 52 34 29 17 44 41 26 33 15 12 75 27 88 98 99 79 16 35 97 45 7 22 66 10 28 54 8 31 16 24 53 37 47 76 18 50 37 82 57 48 53 31 32 72 40 56 93 60 20 6 83 69 17 35 14 14 80 71 74 5 86 47 84 1 51 42 10 51 31 33 27 73 25 97 2 4 94 13 27 25 60 21 59 30 72 85 29 37 89 99 5 1 31 49 32 81 38 41 71 6 66 65 85 84 90 61 44 3 40 2 71 58 69 42 97 92 65 89 92 63 88 94 84 33 74 22 14 89 65 52 20 61 17 3 74 9 89 56 94 13 64 74 52 30 28 2 21 23 90 19 10 26 98 91 71 44 5 84 5 48 12 32 78 2 34 34 99 24 86 49 36 78 94 10 99 23 80 44 60 87 79 38 19 11 89 95 70 9 54 4 13 36 11 77 19 8 31 31 27 90 97 85 99 42 28 10 95 40 16 85 57 81 34 98 83 18 89 53 98 74 18 49 2 12 13 22 23 23 29 93 86 45 58 15 86 78 33 65 56 61 79 48 0 99 25 13 27 27 76 22 50 78 65 73 37 80 23 80 16 95 52 45 64 78 56 64 49 28 44 96 22 19 2 31 22 2 62 48 6 7 16 61 99 61 
66 20 73 65 65 66 4 99 24 99 82 98 37 64 49 66 66 38 66 92 37 38 66 87 87 66 0 32 95 7 96 63 31 27 27 69 19 41 70 13 8 26 15 23 91 86 25 94 43 92 19 9 52 50 20 44 48 45 86 36 83 71 1 56 34 86 45 81 81 36 7 13 69 87 7 59 71 47 97 86 86 13 42 50 75 83 53 31 63 61 3 93 4 2 90 8 24 48 69 1 67 92 21 5 79 69 59 56 8 98 94 44 45 78 53 76 45 0 40 7 87 79 15 65 40 24 48 91 17 85 35 18 16 88 30 62 6 13 34 16 60 68 55 70 38 59 6 93 63 66 5 91 39 19 19 95 53 4 70 6 1 67 5 62 85 13 30 24 94 86 56 90 65 61 68 67 86 47 77 62 46 24 85 9 16 60 34 38 61 79 1 19 32 44 5 19 82 27 28 96 86 13 46 41 53 15 30 99 49 94 72 56 27 23 23 12 14 71 80 72 34 28 55 63 1 32 55 83 39 1 72 80 32 42 18 55 70 17 47 34 19 41 25 66 65 50 43 88 97 11 34 16 29 8 2 39 73 0 37 72 71 76 62 45 82 44 83 59 48 57 10 68 28 88 32 27 3 70 81 89 36 33 71 10 57 42 82 41 80 75 93 81 48 35 39 28 89 48 10 33 77 32 48 33 11 91 15 29 68 87 86 31 37 77 23 42 48 35 81 3 90 43 95 21 92 71 54 27 13 41 65 73 95 81 3 89 69 28 60 43 45 44 13 98 42 42 22 12 52 95 1 15 11 77 73 22 80 47 39 44 77 68 7 23 96 49 66 68 46 38 14 85 2 94 35 38 28 48 25 40 38 37 50 43 82 79 57 91 72 36 2 74 82 60 61 75 26 55 33 94 
18 15 86 91 27 28 99 68 78 76 83 94 30 17 50 78 16 37 2 56 52 18 32 49 93 78 73 38 17 96 17 95 97 43 11 9 63 79 29 66 10 66 80 90 36 69 67 12 29 66 57 89 19 44 25 32 80 5 57 2 55 36 73 96 98 99 85 7 4 22 65 9 47 41 89 61 20 94 80 37 37 3 0 82 30 11 59 85 16 78 53 8 47 18 2 87 79 51 36 65 64 38 88 14 44 22 81 85 61 39 78 76 28 76 74 7 25 50 88 35 8 29 60 77 84 58 46 58 90 86 17 47 80 47 25 51 30 84 21 28 64 90 96 19 61 72 44 84 0 38 79 74 6 13 74 15 11 77 31 63 28 21 43 97 4 12 16 2 69 60 67 0 17 39 10 54 62 99 40 18 3 90 77 30 88 39 87 8 92 7 93 92 52 28 91 79 43 69 78 37 28 6 77 31 60 87 80 67 29 27 85 95 98 31 36 59 43 10 16 90 15 19 74 63 96 65 99 70 27 28 70 34 45 37 99 63 89 42 7 11 95 9 67 48 8 56 90 18 59 87 75 47 47 22 68 62 94 23 1 60 34 6 0 96 58 58 43 90 83 51 70 38 95 64 31 30 6 70 19 61 92 85 75 14 82 4 10 8 19 44 25 27 97 62 52 63 12 96 15 19 79 70 30 32 39 61 20 71 84 53 14 45 5 45 81 70 30 56 81 49 11 29 57 25 72 93 23 70 19 72 82 5 98 65 53 10 69 99 70 57 58 20 7 23 95 99 27 49 88 78 72 69 50 1 51 96 63 6 53 23 63 61 41 58 77 2 89 86 63 96 14 47 59 68 78 45 98 2 72 98 40 11 87 48 48 45 19 62 97 15 92 89 95 32 47 29 79 61 98 74 
71 96 43 24 73 60 88 65 18 99 69 13 89 3 6 34 56 64 99 25 19 4 74 36 73 40 84 58 51 59 14 88 77 68 77 82 6 41 4 33 95 93 69 38 93 41 26 39 95 23 29 8 98 39 38 64 19 70 0 97 24 55 55 74 7 4 69 32 51 54 74 31 5 13 80 1 26 22 14 75 89 41 36 43 15 49 72 38 98 94 36 14 19 82 80 7 83 87 93 34 20 92 23 74 63 74 42 78 53 49 55 86 98 99 81 50 45 48 73 88 42 7 59 94 8 80 62 66 35 22 56 64 45 51 21 41 18 53 88 61 90 31 75 48 86 97 15 93 79 84 84 79 82 30 70 35 19 96 16 93 93 40 91 78 9 98 87 14 90 50 13 59 4 88 80 2 84 94 18 24 28 81 94 40 28 6 91 54 95 19 38 95 94 30 92 52 85 78 42 72 71 52 6 26 53 11 22 90 30 38 34 39 57 2 33 65 18 72 44 48 38 8 33 80 5 36 18 6 33 42 28 23 17 39 17 36 11 96 28 18 30 7 0 86 18 51 79 47 29 19 45 63 30 36 51 20 72 93 17 12 93 51 92 79 91 52 92 7 7 53 70 56 25 63 47 93 47 77 88 47 77 64 0 28 44 43 91 19 1 61 38 58 33 0 31 80 26 83 75 12 57 59 0 78 94 26 4 73 4 64 26 56 77 46 51 56 72 48 22 49 9 25 20 13 37 98 15 2 59 51 96 4 93 37 82 50 55 45 89 84 96 71 71 61 19 31 30 38 26 7 34 78 12 93 32 27 4 92 63 85 59 33 89 82 39 13 89 46 90 19 20 3 24 67 14 24 57 4 95 17 1 53 86 75 30 60 72 2 63 3 36 34 69 29 45 97 2 91 9 97 
56 45 77 23 69 59 88 96 52 79 72 19 50 26 22 6 18 51 98 20 54 91 8 19 68 62 49 15 7 12 36 3 77 39 62 82 0 64 72 65 68 92 77 51 77 69 63 72 38 78 30 47 9 27 30 45 35 80 16 83 38 27 48 32 81 76 13 6 76 1 58 51 37 2 20 1 6 71 36 6 52 44 82 61 43 20 66 81 23 88 90 33 95 26 96 12 32 89 90 98 4 71 15 6 26 94 43 73 13 28 53 2 25 9 32 96 26 85 89 61 52 18 40 45 61 6 81 43 97 97 15 13 15 42 21 14 45 76 13 23 61 71 67 26 61 26 15 27 80 15 54 87 14 53 32 11 82 42 77 85 13 85 10 53 58 57 71 91 32 79 95 19 36 76 45 72 63 3 0 50 14 73 89 90 0 6 61 11 12 75 7 2 56 21 18 5 1 37 98 53 36 91 43 81 4 28 95 2 9 39 46 40 24 0 39 33 76 76 12 37 68 28 68 54 34 32 84 1 0 41 52 48 69 93 47 9 90 83 6 75 9 91 9 91 58 40 22 18 40 56 39 97 14 27 6 65 95 70 75 61 62 66 92 56 50 57 19 51 70 4 45 51 44 38 38 10 51 48 73 72 97 94 85 16 70 40 76 64 54 80 55 81 85 55 22 22 69 74 34 76 71 96 56 54 34 53 11 21 24 49 65 23 19 97 22 0 7 40 78 37 64 94 84 9 15 21 59 92 16 65 64 94 11 70 63 40 99 64 2 29 53 78 88 99 81 29 87 38 18 79 25 78 50 67 83 77 85 52 62 8 84 70 5 38 24 47 31 33 62 90 15 20 98 12 41 60 65 43 39 3 16 12 72 5 1 16 99 29 19 11 3 80 5 24 18 53 99 18 75 21 
52 39 41 67 7 98 69 30 17 51 70 77 62 68 87 76 48 44 77 62 56 66 99 50 79 47 58 33 76 52 84 56 66 80 40 22 48 61 27 69 58 88 33 34 79 50 51 41 22 48 55 18 90 62 13 57 77 24 41 88 18 57 61 26 69 37 64 54 40 96 15 65 8 15 7 21 70 7 19 22 26 80 31 22 35 15 81 40 4 91 44 45 39 80 18 15 68 57 62 45 24 8 13 75 27 48 68 41 90 86 63 34 97 51 69 19 24 85 92 41 72 43 5 43 73 10 79 40 34 81 5 29 92 77 78 85 74 94 17 76 52 16 95 29 11 93 55 95 45 34 4 27 93 33 27 40 73 42 49 51 42 36 33 20 60 54 77 16 51 49 21 57 20 65 76 55 12 68 43 28 70 37 96 2 51 4 3 43 83 49 75 97 73 43 43 84 91 64 90 21 88 38 4 64 78 36 74 60 79 21 9 69 90 40 49 2 98 57 59 40 59 74 49 59 43 14 62 32 7 42 10 18 58 73 86 61 30 46 3 92 34 95 95 57 54 63 61 27 21 83 10 67 16 2 76 15 4 48 42 91 46 29 4 57 68 89 20 92 63 82 57 95 59 15 35 46 27 36 43 77 13 31 5 44 56 57 71 79 12 6 35 43 33 4 20 20 28 47 45 85 22 9 75 49 15 40 60 3 27 56 12 52 38 73 83 7 29 74 26 62 58 35 50 79 16 92 19 57 20 98 70 48 71 94 5 30 94 44 27 80 58 37 66 80 60 72 80 72 76 58 82 71 71 76 27 75 91 21 68 47 58 51 25 9 58 82 76 82 60 31 23 77 82 59 83 62 14 81 28 40 88 56 54 52 15 92 64 87 9 94 51 70 64 6 41 73 19 56 91 46 
44 27 28 42 9 14 83 24 38 79 84 25 47 56 70 44 26 40 91 91 11 56 60 38 58 50 71 98 9 9 3 96 83 13 18 7 36 97 64 28 38 67 71 92 15 56 2 23 40 95 31 7 53 90 36 27 70 63 69 21 38 73 38 6 85 99 98 20 15 48 72 0 95 36 1 22 14 22 3 25 33 94 68 7 47 89 58 49 27 87 46 99 0 87 38 78 90 13 99 42 50 80 27 34 53 3 19 41 46 98 32 90 48 65 15 80 57 52 23 12 28 11 42 66 12 32 18 54 78 47 13 83 33 45 63 88 32 44 96 31 3 1 66 54 66 23 47 92 67 52 2 56 42 26 94 44 5 27 11 69 65 76 97 72 39 34 58 52 51 86 64 14 99 23 56 21 3 9 65 96 80 68 47 89 73 69 97 32 37 69 24 90 2 4 66 86 34 52 36 81 99 17 52 36 96 95 98 92 79 22 99 93 53 89 50 15 64 79 43 45 14 57 73 87 10 92 33 47 0 70 63 98 5 87 15 88 80 22 32 33 85 51 75 65 98 11 56 7 93 42 52 53 98 36 59 27 81 92 68 65 73 5 53 25 62 93 69 42 53 51 47 13 47 75 81 78 75 1 80 99 74 42 5 3 35 90 89 6 43 43 41 94 11 12 29 13 41 98 26 54 40 35 74 29 95 63 63 79 35 36 86 97 92 16 13 91 25 6 83 92 59 78 11 8 89 56 28 14 73 52 27 64 16 69 53 11 26 11 31 95 16 99 83 67 35 96 45 29 58 85 5 81 67 20 39 94 70 5 29 12 33 63 7 92 15 54 73 57 43 2 56 76 4 47 54 43 59 65 0 81 36 30 0 1 33 82 40 19 3 38 56 91 30 96 63 6 83 66 33 94 
20 13 39 13 44 47 99 23 92 36 38 23 57 22 55 48 66 67 62 5 24 8 81 67 8 39 18 26 25 52 9 17 32 75 71 50 96 68 27 41 29 8 15 15 63 12 35 82 10 4 46 51 89 38 85 21 83 7 24 84 97 4 57 88 22 45 76 79 76 26 57 60 39 74 80 97 55 61 18 64 44 13 95 9 37 29 27 31 7 36 29 0 75 87 42 30 39 70 70 8 19 72 21 8 58 50 80 30 52 5 94 16 18 1 73 43 66 88 43 10 99 20 42 2 55 37 12 3 3 55 98 61 14 66 63 48 58 7 52 84 60 83 63 99 18 1 72 1 22 96 18 71 20 44 66 75 16 34 17 95 97 95 67 42 1 46 4 42 83 77 30 16 5 79 35 34 1 4 13 47 74 41 11 56 62 51 1 45 31 28 63 62 51 75 46 7 8 49 11 81 44 82 12 31 96 14 68 75 59 91 79 26 42 86 94 75 89 7 72 94 52 14 61 28 55 39 62 60 83 94 61 26 90 63 22 47 69 88 30 80 20 33 78 0 1 31 52 2 37 0 34 80 23 94 68 77 74 54 7 86 94 71 9 99 41 59 42 2 72 68 67 32 15 27 83 46 45 21 44 79 41 47 3 17 4 72 18 97 8 9 65 87 92 8 91 25 85 27 22 78 76 67 69 18 50 92 93 25 20 8 10 45 75 52 56 28 74 66 25 72 29 55 53 13 54 10 83 24 14 86 69 77 75 5 8 56 59 37 37 75 59 15 3 36 49 10 0 20 39 29 49 55 41 29 10 62 4 57 10 52 56 74 20 14 11 73 26 29 19 66 69 90 18 75 18 92 76 6 67 87 81 28 57 24 87 26 40 20 90 0 7 30 74 91 6 89 81 3 21 53 
74 66 7 40 33 28 27 48 71 51 54 32 76 28 65 32 80 35 76 13 11 0 86 76 37 59 51 46 37 4 92 8 71 22 30 15 99 17 18 6 56 46 83 79 86 12 97 92 4 68 41 23 53 20 8 8 17 55 80 17 46 24 56 10 96 73 47 54 29 98 88 1 17 47 41 96 90 26 26 82 11 88 59 45 22 5 72 76 86 17 3 46 70 18 71 3 67 48 57 73 56 0 44 34 15 5 37 3 19 66 98 16 88 91 78 91 11 34 26 98 55 73 3 93 47 47 44 99 9 3 56 43 30 23 7 67 10 56 17 36 62 29 44 5 29 59 43 52 32 96 99 53 38 39 81 34 42 82 56 10 50 13 5 50 55 10 7 33 70 33 12 79 23 91 97 25 28 97 57 38 49 55 90 57 85 57 71 97 71 0 1 77 17 14 54 57 61 10 55 28 95 20 22 65 30 63 11 51 50 72 89 40 13 14 51 53 81 94 36 86 69 85 18 42 12 67 54 16 90 47 36 49 88 64 40 8 94 2 13 25 63 34 34 98 65 81 6 23 18 72 96 94 26 28 91 46 37 20 10 23 39 52 52 90 58 98 85 41 49 35 76 22 39 31 80 1 61 10 28 10 19 72 72 91 16 29 49 62 33 80 28 59 28 97 46 45 17 81 38 9 77 31 15 78 49 32 47 87 13 58 0 90 50 29 7 99 36 26 63 96 40 80 39 86 61 59 38 4 45 30 9 42 87 2 62 33 75 29 12 77 85 92 83 39 73 39 9 20 34 0 53 18 38 39 71 49 62 26 97 29 94 53 4 18 67 63 21 91 27 73 18 39 61 18 48 97 93 24 15 8 10 6 16 31 42 70 45 9 6 57 33 74 47 45 55 95 97 38 81 21 
90 37 33 58 76 48 47 5 14 90 20 29 20 69 91 70 38 45 44 40 27 21 5 97 98 95 88 51 40 92 69 57 83 20 54 36 23 39 8 1 12 37 48 69 71 28 30 5 80 87 12 35 39 57 10 53 5 14 61 9 81 33 62 68 32 79 40 87 78 19 72 90 30 90 88 59 56 57 65 35 93 16 22 3 78 14 30 62 65 39 57 45 92 72 10 19 27 57 43 77 37 87 90 9 50 97 87 47 91 4 37 60 73 74 9 31 70 15 88 76 77 97 21 78 61 30 47 8 33 27 12 20 15 56 58 92 90 29 53 97 76 31 1 8 47 90 33 90 90 25 21 15 11 5 60 50 68 35 81 68 14 49 58 47 18 9 85 9 71 82 58 89 30 99 54 79 21 23 19 38 33 12 8 63 37 70 74 80 40 53 98 60 6 6 49 1 0 35 90 94 48 78 67 51 27 46 39 69 29 50 18 74 48 87 73 36 69 25 27 36 63 27 0 47 17 74 54 44 2 33 69 45 19 90 7 27 93 20 44 70 44 46 78 54 39 71 20 82 13 58 12 7 3 7 95 56 18 54 32 19 56 76 99 61 78 57 35 9 41 41 1 46 78 1 40 42 94 19 66 85 21 16 12 23 53 50 37 49 91 34 71 18 74 76 67 37 58 1 98 73 39 31 23 22 10 35 38 22 20 68 66 22 11 36 44 1 21 19 60 49 82 30 55 49 59 52 5 7 31 6 8 43 3 65 29 56 58 94 39 62 47 89 28 7 69 45 46 41 34 19 43 16 75 76 97 36 32 32 22 62 1 9 5 60 40 45 55 37 40 39 32 74 21 31 33 17 89 28 24 92 78 29 43 6 28 3 68 83 69 18 40 66 12 10 58 10 75 24 78 58 
45 96 75 90 79 81 8 97 97 28 78 80 19 66 91 7 96 97 5 46 30 83 58 43 75 28 62 35 89 21 89 73 1 13 15 54 41 69 25 21 89 10 30 55 46 25 67 75 38 67 34 30 63 46 21 85 76 76 73 17 76 37 56 68 0 30 60 94 46 96 1 99 35 34 6 7 35 7 95 30 55 12 50 17 68 61 19 84 29 53 44 94 56 39 24 66 77 6 51 91 24 8 63 70 38 43 86 82 45 20 12 92 11 24 2 12 32 24 51 64 59 56 54 84 35 8 52 82 66 61 19 99 21 53 19 73 69 9 48 6 26 43 29 45 78 53 4 64 96 76 61 46 21 64 47 21 3 59 8 38 5 40 60 96 2 90 86 82 73 97 98 53 76 33 38 42 27 69 67 39 52 93 10 84 81 54 23 20 69 89 41 81 3 11 63 72 23 52 27 32 98 59 3 46 52 53 76 29 4 68 91 19 16 94 97 99 1 58 15 45 33 62 6 27 3 29 11 33 56 11 14 95 24 2 92 25 94 8 90 23 51 71 77 35 51 40 34 44 82 95 51 44 79 85 43 92 55 47 84 33 92 46 35 71 38 63 88 46 62 5 73 73 21 89 15 66 11 62 82 69 28 45 13 81 7 6 32 56 41 0 55 46 12 77 19 60 29 98 75 45 67 33 27 90 98 55 96 42 70 37 8 60 15 46 55 32 76 83 2 31 83 21 59 23 17 33 9 98 90 90 34 74 47 16 38 85 37 29 33 6 17 44 92 64 51 23 52 25 63 73 20 61 71 29 60 32 57 82 90 81 15 43 71 69 84 85 29 40 64 94 4 18 68 40 63 96 83 63 8 4 96 83 39 58 97 37 15 93 36 67 61 10 36 23 24 14 19 48 41 94 
41 55 16 86 19 53 88 70 96 72 92 25 59 23 49 99 59 45 10 70 48 37 98 79 23 47 89 9 11 87 89 90 65 43 34 2 21 54 51 1 42 50 63 32 20 9 60 90 24 80 60 79 3 16 53 17 78 61 93 3 74 87 69 38 72 47 21 74 15 19 45 65 45 86 46 82 2 34 20 40 59 91 74 20 34 66 95 53 11 33 20 26 38 47 86 77 34 11 65 22 57 2 72 74 29 28 91 9 47 62 91 22 73 85 22 37 25 62 99 81 64 23 54 91 57 65 22 47 54 38 86 18 91 24 19 4 57 79 76 38 17 68 79 6 74 27 3 62 80 14 21 59 54 46 4 63 33 21 44 84 13 52 61 50 49 88 11 63 30 36 77 6 93 97 4 66 74 4 77 71 23 43 62 45 28 74 41 17 26 64 89 60 59 7 33 55 83 64 54 27 48 14 28 96 43 36 60 37 20 97 33 25 65 40 65 65 76 8 65 12 82 18 43 44 40 8 70 47 60 68 99 68 83 26 59 43 22 14 89 86 33 41 86 34 36 74 54 6 20 0 37 94 64 82 37 38 76 54 69 64 5 53 42 58 79 3 30 33 3 34 43 51 2 29 48 88 86 52 29 24 21 29 11 18 23 60 11 75 59 66 89 52 62 15 56 70 43 70 91 97 51 37 52 31 49 81 24 29 83 91 71 6 7 32 74 59 96 2 86 56 80 59 82 45 27 21 60 38 61 75 60 15 8 7 94 90 2 68 49 47 21 78 4 6 46 0 35 39 7 26 25 79 68 35 65 89 83 16 82 0 15 57 76 86 10 67 52 60 95 91 51 13 7 78 62 7 5 54 36 65 99 24 4 74 91 54 45 82 0 15 31 90 26 76 80 56 79 50 27 73 
58 73 55 46 4 27 59 29 58 65 44 89 38 1 44 71 17 37 62 3 32 11 26 42 50 90 35 52 85 91 93 89 32 59 12 52 93 4 54 20 47 66 56 47 38 64 12 32 18 56 81 76 56 99 31 54 50 4 69 87 90 7 41 4 22 89 34 82 46 26 15 65 17 81 95 91 36 63 16 19 1 78 61 80 36 88 23 92 88 89 70 19 40 13 0 46 5 54 97 36 15 52 27 42 84 53 81 22 88 87 45 58 47 60 26 41 84 22 21 55 98 3 55 89 0 6 84 8 28 74 70 66 43 83 45 64 63 23 62 90 38 34 98 8 36 49 92 66 35 20 89 3 49 94 3 89 89 85 80 80 73 26 52 36 60 58 78 80 80 14 79 92 46 8 55 61 20 82 72 11 46 10 40 32 81 3 18 60 13 27 88 87 62 42 0 94 12 58 4 64 57 83 3 12 95 56 36 73 87 55 37 85 57 62 93 2 69 26 69 88 98 12 21 86 49 45 69 4 0 38 85 29 55 33 66 11 22 95 78 32 60 87 24 38 64 81 48 41 95 50 19 78 89 31 2 31 27 52 7 78 80 96 61 84 38 69 61 67 79 53 92 62 1 54 59 75 79 86 17 41 5 20 24 19 18 13 31 44 23 98 90 45 91 97 14 4 73 11 75 78 10 29 35 15 40 89 36 16 38 31 21 58 52 39 69 77 69 29 57 44 39 80 59 47 95 19 38 60 66 74 24 51 75 99 42 43 10 84 7 98 92 12 95 16 92 0 69 74 45 24 35 50 41 86 77 45 38 82 8 62 19 30 53 13 89 77 61 34 15 54 82 67 50 38 83 71 49 18 32 73 8 18 1 80 2 23 8 80 53 41 41 45 13 41 69 38 54 84 80 69 
94 4 7 25 72 17 78 12 18 2 27 90 64 34 35 85 62 27 73 42 28 29 0 49 60 24 36 17 88 86 40 66 24 30 86 54 70 68 79 57 64 16 85 92 14 40 66 13 1 24 55 73 35 86 57 42 8 58 18 22 68 51 52 39 18 51 45 84 11 52 67 59 88 47 66 57 6 77 93 12 99 59 2 92 1 91 33 60 44 77 4 9 17 91 76 2 26 79 82 62 49 68 32 3 59 44 90 84 11 93 1 62 71 75 87 70 71 64 90 3 90 37 81 14 53 89 17 37 64 83 17 15 54 57 44 40 88 74 6 49 87 7 81 43 42 66 77 61 46 66 39 71 72 55 26 57 38 5 22 86 90 87 64 89 19 34 18 17 50 66 25 80 40 52 37 67 32 88 36 68 8 1 29 64 51 35 82 6 61 72 19 63 62 6 1 75 92 88 79 52 24 3 20 22 3 95 53 10 37 18 88 7 65 8 62 46 27 8 49 45 62 30 13 11 42 49 35 85 1 15 30 56 27 62 22 29 92 81 90 49 85 24 54 78 75 40 13 45 67 94 27 74 33 26 86 70 28 43 31 75 33 50 19 45 15 38 59 78 74 94 19 58 43 65 81 97 16 84 34 94 9 71 73 9 17 81 69 83 53 13 51 17 93 5 75 94 8 92 55 93 39 25 56 78 49 25 78 96 53 73 26 83 95 40 42 15 84 90 31 56 24 34 86 3 5 98 1 49 66 68 27 11 29 6 66 18 73 46 48 55 38 79 0 10 34 60 82 70 16 90 58 96 47 12 85 1 81 54 13 21 52 5 22 86 73 78 20 12 92 21 91 35 7 45 76 97 10 81 2 4 86 89 13 7 0 4 30 68 85 72 39 50 32 64 12 24 19 53 70 34 
17 77 99 82 84 60 23 38 70 75 73 59 18 6 1 94 96 60 92 38 33 58 20 45 40 96 34 75 35 87 13 87 66 56 61 89 48 15 52 56 4 75 63 33 92 97 8 91 87 56 43 28 96 92 3 44 81 78 51 41 9 38 20 38 21 94 60 33 61 11 83 6 66 1 65 65 35 27 33 67 25 55 12 75 99 63 53 20 98 77 19 5 80 77 47 25 7 20 40 72 73 91 21 46 85 64 34 46 36 4 81 90 65 14 90 93 50 99 8 45 37 50 95 67 13 46 23 11 12 18 74 12 88 36 76 27 89 69 54 86 63 39 6 25 37 12 65 80 13 35 22 56 76 13 57 74 84 61 91 64 0 95 97 43 64 33 75 69 46 75 6 72 8 85 39 38 67 86 86 19 3 48 23 87 0 1 84 92 65 47 35 48 67 16 69 39 8 83 83 60 56 31 92 8 47 37 88 27 56 96 60 37 26 53 53 76 33 47 77 64 72 36 23 59 48 72 15 19 83 86 82 80 26 81 19 18 75 64 10 54 40 61 59 80 68 75 30 85 63 34 70 54 12 31 64 61 12 8 54 18 38 21 31 49 65 88 12 2 46 74 36 49 22 22 84 43 6 13 54 52 49 43 22 6 14 45 77 82 67 95 30 90 77 41 99 47 85 40 65 12 26 50 74 38 48 78 25 70 36 72 31 72 25 5 90 45 22 97 99 82 25 62 87 70 20 69 68 90 2 86 29 16 72 81 80 83 92 54 9 17 6 32 83 8 89 13 56 13 36 16 68 22 30 93 94 6 42 74 96 91 31 30 84 99 28 98 23 75 71 29 49 60 83 44 41 94 10 50 98 35 76 2 78 24 65 31 14 98 73 95 23 60 98 31 75 23 21 6 11 38 
37 40 91 23 56 36 50 21 28 21 56 83 13 62 29 82 51 9 8 94 27 45 63 79 57 74 69 69 69 16 2 64 10 50 42 78 33 78 97 17 86 58 64 14 41 13 95 50 45 50 27 90 5 47 10 54 37 2 35 70 38 81 62 73 81 12 70 45 10 75 14 10 98 80 84 30 2 10 70 18 36 71 55 67 95 30 36 31 2 48 27 36 85 28 38 89 11 2 4 96 67 14 13 92 78 32 76 21 29 17 22 4 55 39 36 83 68 98 23 16 20 68 71 61 50 58 86 64 97 19 67 84 36 81 83 19 11 17 54 53 41 40 29 66 1 87 7 51 90 90 69 51 58 77 83 23 28 11 43 18 5 88 80 75 72 40 91 16 53 28 68 12 8 21 81 86 9 66 67 64 71 95 46 75 61 80 37 48 69 34 20 4 39 24 89 54 16 96 50 69 28 81 26 65 56 12 49 18 16 22 44 28 12 68 68 91 69 36 75 43 3 52 10 4 41 32 36 22 28 29 14 3 99 82 30 27 94 74 14 9 98 84 63 37 33 74 69 73 62 2 64 0 55 60 15 67 17 75 57 58 20 22 21 35 96 98 78 96 54 39 67 43 99 82 39 93 74 21 88 56 24 17 65 22 29 27 17 78 48 74 18 93 59 36 51 19 21 51 97 55 52 14 76 68 67 28 52 22 26 88 78 40 7 86 1 99 21 32 8 47 50 73 77 41 31 70 58 41 11 18 8 96 92 47 94 64 53 97 75 91 71 27 34 29 66 96 24 2 42 60 58 24 43 71 57 65 42 33 16 15 6 70 58 67 97 28 75 43 10 50 43 56 7 67 32 87 94 64 14 83 94 3 17 19 15 29 39 40 17 4 37 59 17 0 59 28 44 50 61 17 
62 11 52 84 51 12 24 47 19 98 12 79 63 60 13 78 89 62 34 60 36 8 79 19 25 27 47 55 29 52 68 31 69 87 94 93 78 1 11 7 41 57 53 4 86 35 80 76 30 10 14 36 63 73 80 13 79 92 59 41 0 44 87 27 95 50 22 50 78 19 0 64 60 30 2 27 58 14 72 57 3 3 80 56 49 34 55 84 33 95 54 24 29 74 26 78 39 57 51 71 29 21 11 78 47 60 17 96 25 14 80 92 5 31 26 96 67 3 65 12 7 91 88 29 35 3 1 29 38 92 22 20 64 40 13 82 43 84 52 8 85 66 81 59 79 2 75 77 9 34 81 5 31 92 14 29 64 63 41 82 64 62 6 78 67 80 81 30 28 93 23 77 56 72 90 61 96 21 12 69 51 80 51 43 0 39 75 42 74 93 53 79 93 64 35 39 42 52 71 52 14 4 4 65 44 72 35 38 67 48 83 29 57 44 3 66 77 92 48 42 14 6 53 22 37 21 1 48 45 45 16 38 53 89 69 82 73 55 24 27 73 98 95 89 47 32 78 82 67 70 31 79 20 57 6 49 12 10 29 34 55 82 27 14 96 47 82 90 89 41 78 94 30 48 84 38 20 88 91 31 6 14 90 87 47 39 51 27 69 3 98 71 70 99 60 99 37 98 5 63 55 97 56 44 94 93 15 6 5 37 7 54 37 28 84 85 0 23 76 59 29 59 88 52 36 6 52 85 98 87 60 95 90 95 3 77 52 90 11 11 74 39 28 17 6 31 66 36 44 82 9 11 52 95 40 50 94 81 46 56 12 86 30 57 63 49 37 26 66 18 60 51 27 29 44 61 59 7 15 58 89 36 95 50 98 86 17 56 31 48 34 67 78 86 96 73 98 44 88 89 
62 14 43 8 11 84 83 55 81 29 7 46 3 40 17 72 98 96 51 5 25 4 84 36 30 4 29 47 6 75 68 96 77 74 3 9 32 87 51 65 60 57 83 80 40 27 44 41 54 51 31 55 70 21 77 15 10 84 97 67 85 44 95 45 43 13 76 1 8 95 2 93 52 46 37 56 74 32 83 53 68 29 76 41 15 6 72 86 91 21 33 69 17 91 3 98 99 7 30 78 52 7 68 38 53 73 67 82 31 4 22 4 81 34 66 15 32 47 38 30 53 71 23 37 71 1 35 82 23 90 26 51 24 28 23 63 90 37 93 86 57 94 61 55 37 27 41 77 41 38 89 31 44 84 89 7 3 98 12 56 25 83 52 76 40 38 89 2 32 31 98 45 85 63 45 96 16 60 6 78 49 41 20 33 16 25 79 27 57 9 1 14 86 69 58 97 67 56 61 82 15 39 94 13 66 78 61 20 33 76 24 85 86 32 0 17 88 92 68 98 29 75 78 47 26 18 22 2 94 42 20 99 79 32 85 31 74 16 9 20 41 7 88 43 34 92 11 93 21 37 24 30 98 7 36 11 96 90 83 31 97 66 85 13 0 6 76 56 99 25 70 82 32 79 17 17 26 40 48 71 75 0 15 25 69 58 74 62 90 6 77 72 68 33 56 52 89 18 26 90 90 92 31 64 30 37 27 19 50 9 83 61 14 48 66 57 62 20 4 56 34 10 33 62 91 30 77 40 95 44 27 55 75 18 28 52 63 88 62 77 13 99 65 5 38 5 32 56 21 28 50 13 25 33 42 87 30 11 37 1 7 19 64 85 6 70 42 0 30 26 27 4 77 21 88 9 50 84 29 32 38 54 13 17 63 68 57 80 40 72 71 27 74 72 84 34 22 61 28 27 
69 3 21 22 88 92 95 47 60 57 2 79 28 83 8 89 20 62 56 94 62 18 24 38 27 51 95 65 81 42 90 16 14 0 72 9 79 3 35 22 6 87 21 36 93 35 59 11 68 88 49 27 88 29 18 23 25 63 34 29 93 74 9 85 42 81 69 19 38 87 70 74 5 91 89 26 19 73 3 0 14 73 40 29 66 56 23 68 31 40 32 60 87 89 8 17 65 5 63 62 37 16 75 71 72 48 99 59 15 2 19 73 75 74 59 95 27 92 19 27 82 3 81 1 83 62 59 92 94 21 66 56 67 69 3 81 93 23 77 86 72 66 35 40 31 66 0 72 93 36 28 82 14 0 1 16 16 6 42 58 51 0 19 43 46 66 81 72 90 43 38 79 72 48 88 51 70 19 50 90 34 29 56 87 35 98 9 85 44 76 86 27 86 75 88 6 0 36 21 44 56 21 99 90 81 40 25 16 44 90 26 60 43 54 15 88 88 26 16 0 41 69 94 11 92 97 8 81 86 15 7 97 19 97 31 55 52 11 42 49 48 61 3 6 0 0 31 35 55 67 27 5 40 20 15 55 61 47 64 20 7 78 72 27 11 66 70 59 25 65 76 57 7 40 21 72 69 27 74 75 50 98 72 92 53 74 75 65 56 57 46 55 89 6 59 99 0 85 48 0 24 17 10 16 57 91 48 82 69 74 59 20 94 83 49 2 20 83 16 18 11 22 1 2 42 58 20 7 57 61 58 59 65 56 4 34 62 0 77 76 37 49 15 50 11 13 14 89 60 2 86 55 96 23 6 93 67 99 56 12 91 99 51 5 75 41 35 18 30 14 99 10 65 74 45 41 24 32 18 94 82 31 47 82 48 35 27 40 12 65 10 43 79 22 43 12 11 9 81 42 
64 67 99 88 65 70 97 37 99 82 37 6 50 43 41 73 79 55 35 39 17 35 70 58 34 47 79 45 41 71 44 10 46 19 56 98 33 72 68 46 34 20 15 59 44 86 84 94 33 38 19 70 6 30 37 15 75 82 94 17 93 44 60 24 54 56 42 9 21 18 96 76 30 69 21 7 32 79 6 87 25 97 69 26 54 9 90 73 88 22 56 19 43 84 84 21 37 15 29 39 32 56 31 67 59 34 81 17 70 51 81 51 9 36 68 49 27 72 17 51 63 23 26 26 22 58 76 37 18 99 46 21 23 75 69 91 97 86 58 72 97 38 28 21 3 78 60 97 7 29 87 7 26 99 91 64 15 3 12 72 19 25 84 72 70 67 17 53 87 79 69 6 42 15 12 31 68 43 86 44 99 94 11 60 42 15 3 8 58 66 13 59 98 76 31 91 37 3 59 55 79 61 96 66 85 30 40 12 64 40 77 80 22 55 81 98 75 2 74 46 11 68 10 28 21 54 68 89 7 91 59 34 23 73 82 84 26 44 0 64 22 33 97 44 58 77 65 73 96 42 77 82 82 36 43 13 18 19 38 0 82 17 26 27 40 43 64 4 53 53 89 83 44 45 71 55 97 64 44 33 42 7 47 4 35 71 1 76 25 24 45 99 52 3 43 97 53 58 73 90 5 60 85 65 32 89 13 51 60 59 77 30 58 66 81 48 53 17 51 11 48 77 89 81 26 81 10 11 92 27 5 50 75 14 74 38 95 37 42 51 79 14 33 80 86 7 2 66 5 53 33 81 29 77 63 92 32 56 67 35 83 85 80 12 43 34 24 63 41 48 95 55 78 23 59 64 10 41 62 26 83 40 72 77 46 81 22 87 86 8 3 32 64 25 15 84 9 45 78 98 
17 74 42 47 96 83 15 60 48 8 77 76 27 5 99 93 81 36 19 10 55 56 18 65 33 95 89 91 57 51 92 36 9 60 82 59 99 37 73 81 86 34 88 17 32 20 58 20 19 79 29 49 28 60 50 64 66 66 7 71 94 91 98 2 99 70 8 71 65 63 14 8 86 36 66 95 84 99 41 82 79 6 92 45 81 57 25 88 73 38 71 13 78 81 77 50 12 63 38 15 63 85 33 47 6 93 75 7 81 92 81 67 87 36 12 84 6 55 74 97 32 65 75 58 55 79 16 38 8 84 22 35 13 64 34 76 42 35 8 98 80 27 89 63 69 45 82 71 19 2 10 83 25 88 79 88 22 78 51 84 47 40 4 28 90 36 2 69 64 86 88 30 57 37 58 26 58 66 61 90 20 21 51 39 38 82 65 9 98 53 63 10 28 60 55 36 88 44 64 68 75 95 63 13 3 98 87 72 18 91 1 46 96 76 3 19 92 1 83 4 89 45 75 35 21 64 7 52 21 41 60 12 14 98 78 38 36 89 92 22 89 35 83 85 20 4 42 12 78 97 72 40 49 77 55 74 96 27 88 85 54 82 6 37 26 58 4 48 22 67 29 26 6 35 14 77 52 85 91 6 94 43 5 99 59 3 51 81 30 50 23 57 75 0 67 82 55 60 9 33 14 95 35 65 51 91 66 68 40 70 18 90 2 6 9 80 47 27 56 35 30 92 27 10 24 3 51 85 53 15 22 32 88 10 25 24 66 18 36 24 83 51 71 46 71 40 80 63 33 55 73 20 82 1 12 99 92 34 8 45 3 24 65 1 4 55 91 81 68 96 83 56 67 98 75 96 37 90 3 44 17 0 83 48 32 19 86 91 61 81 68 98 31 11 25 8 41 83 70 86 
9 94 95 59 30 49 97 54 8 26 28 35 58 52 13 99 6 72 50 44 61 73 74 44 59 23 79 9 33 86 45 13 12 36 89 47 65 52 53 6 96 76 66 64 65 7 67 17 90 16 36 25 45 78 46 48 52 0 37 36 98 63 8 76 35 37 40 43 52 96 67 63 12 92 54 39 34 1 93 47 45 96 66 18 52 39 81 40 5 39 66 41 77 18 0 18 40 6 56 59 55 44 44 40 73 12 94 52 49 9 88 63 34 80 94 55 40 37 90 17 56 28 98 93 29 36 67 15 92 38 1 83 25 2 0 19 67 39 45 12 78 51 55 10 59 59 67 20 55 31 26 76 76 42 26 2 0 37 40 7 91 54 40 91 35 75 25 43 82 27 31 41 77 52 78 93 54 17 62 45 94 50 87 11 72 18 69 37 88 81 24 2 77 2 60 3 10 85 93 56 46 57 37 44 53 76 54 86 92 64 81 74 41 34 51 15 21 79 44 43 47 38 69 4 89 81 14 59 91 56 87 34 86 32 74 78 3 30 54 27 49 93 90 72 68 94 42 81 71 78 57 14 79 87 6 53 4 51 80 12 13 88 68 21 35 48 50 9 43 95 98 54 5 95 17 49 67 50 90 68 5 87 14 96 76 74 8 53 39 65 33 64 59 51 6 57 29 59 34 59 5 22 47 37 39 16 17 66 45 96 9 31 45 69 50 15 52 59 25 4 7 95 42 0 64 96 88 15 72 71 89 63 12 76 76 11 40 56 70 32 68 29 54 28 13 13 58 49 70 76 23 78 63 72 37 21 53 9 75 33 8 52 7 0 37 24 5 43 61 12 88 5 86 96 94 14 70 30 93 21 13 26 42 40 98 21 9 9 2 51 73 84 13 59 73 8 77 7 63 3 
60 0 80 27 36 75 8 41 12 25 71 71 86 92 69 56 3 18 46 30 43 57 1 37 2 8 70 66 42 45 93 86 97 27 77 52 5 22 84 97 71 89 41 55 13 91 0 59 75 70 29 31 56 71 87 62 92 2 6 38 68 93 47 60 6 26 43 54 7 2 95 34 50 39 6 44 38 22 79 46 14 33 68 75 12 11 76 93 39 37 53 36 9 15 25 53 85 20 66 20 0 51 51 36 23 18 2 60 56 15 27 79 88 96 34 40 0 99 51 96 67 3 8 56 3 85 36 29 40 90 99 85 37 80 47 19 64 91 25 39 52 82 42 56 69 99 24 21 28 67 44 73 67 73 34 42 80 12 35 48 9 3 90 35 50 73 16 31 50 46 68 99 63 36 35 36 32 9 68 94 60 88 96 86 5 18 84 86 82 19 87 7 4 24 45 73 31 60 8 88 33 62 82 73 42 37 59 46 22 15 53 51 44 73 61 1 47 60 40 64 10 32 2 28 71 37 2 79 19 2 50 70 28 12 80 13 0 48 16 12 55 96 32 68 47 12 74 13 62 83 85 0 83 51 38 4 61 17 56 21 12 42 10 90 25 87 72 15 68 38 49 93 15 93 80 33 58 26 40 18 90 60 20 35 7 85 95 96 25 65 68 47 88 62 73 22 82 8 28 64 25 54 15 9 58 65 5 18 86 89 49 76 74 87 83 55 8 82 15 22 52 36 24 85 16 46 66 48 92 82 48 18 40 49 49 20 71 33 7 47 56 73 36 15 28 19 1 66 63 33 24 40 70 47 6 16 52 27 25 74 19 10 22 27 37 83 95 78 52 73 83 88 51 62 10 91 98 1 98 22 72 67 90 36 6 1 94 34 67 73 3 10 30 48 40 49 88 55 77 3 
63 52 24 30 38 78 26 64 5 0 27 57 51 55 91 32 26 95 54 48 91 27 27 95 31 11 18 62 57 5 64 51 37 59 82 3 4 52 20 22 69 45 67 57 39 42 53 79 32 81 57 55 70 74 37 0 60 67 66 93 23 18 3 71 78 77 38 60 22 54 68 90 50 83 26 88 62 79 43 29 29 2 28 25 37 69 50 35 26 49 90 81 56 14 19 13 93 79 99 2 20 97 63 86 75 91 8 1 94 27 78 29 25 58 25 52 12 81 96 67 45 41 25 52 74 56 46 62 91 92 37 76 10 64 72 31 9 97 78 92 68 18 13 65 64 10 62 6 3 81 82 68 65 54 64 77 86 49 34 99 85 5 81 45 60 51 75 46 21 92 96 9 68 59 20 84 94 6 22 45 33 82 93 70 37 53 66 44 83 69 75 38 25 62 26 23 53 24 97 81 13 88 80 80 61 31 47 98 66 17 10 72 84 72 27 77 19 66 47 25 83 34 39 93 27 30 92 73 62 89 5 86 93 55 80 85 9 57 55 55 33 8 60 7 54 10 91 53 69 4 55 72 48 71 8 75 17 34 96 2 83 62 83 12 39 18 7 52 50 98 79 0 87 99 71 17 96 1 74 98 16 75 63 53 99 78 78 27 86 25 81 8 24 32 88 70 29 32 33 21 49 25 72 75 20 1 32 88 13 84 38 44 24 9 42 20 44 96 51 95 61 40 51 30 53 26 91 78 16 35 91 20 22 47 57 57 96 82 98 87 67 44 93 20 28 91 21 6 7 4 45 54 7 46 74 28 53 18 40 15 84 27 8 21 5 15 10 54 14 35 81 62 0 4 95 88 2 35 59 57 68 59 87 12 92 28 47 74 29 81 27 57 57 65 41 17 53 23 79 75 
12 44 25 77 45 61 6 10 16 73 44 74 58 20 50 41 87 33 57 57 74 69 93 84 27 97 40 10 75 0 93 58 28 48 99 81 86 55 40 12 51 1 56 2 30 92 53 81 2 30 57 15 97 6 53 4 25 58 87 90 67 20 59 9 3 12 70 68 27 97 85 88 87 30 40 35 88 50 88 4 11 11 57 69 97 92 68 93 81 77 86 59 9 31 61 98 84 92 31 15 60 71 7 28 8 4 99 55 92 11 99 46 63 59 67 87 25 65 77 59 65 73 7 3 37 52 96 63 21 98 36 18 60 75 84 90 33 52 33 84 18 35 71 11 74 51 91 22 16 8 64 42 82 23 80 56 39 44 70 7 64 1 35 54 93 38 40 97 87 30 70 68 65 17 99 67 64 82 87 72 95 39 89 46 39 26 65 4 54 79 6 94 2 27 40 77 73 71 41 36 62 49 31 30 50 98 91 15 25 77 53 23 6 23 97 12 50 39 44 10 79 96 29 27 59 29 89 65 73 56 1 29 22 46 36 78 77 57 68 85 80 79 5 5 77 91 35 6 61 78 35 90 26 79 85 4 31 78 16 73 80 81 43 63 99 12 27 99 38 15 93 78 94 61 25 32 60 23 67 2 57 46 81 8 95 85 93 24 14 43 85 4 72 43 4 54 97 0 46 35 41 31 11 27 99 83 91 35 54 69 70 62 58 7 51 76 42 14 18 83 43 11 18 48 11 46 63 54 19 17 60 37 18 74 72 90 63 96 7 57 52 51 27 92 56 15 44 22 38 69 3 45 55 63 33 8 46 1 12 47 10 28 34 41 84 88 78 33 93 40 3 60 94 1 70 54 79 12 88 58 76 63 36 71 90 2 45 68 13 92 87 50 14 89 22 67 76 20 72 83 
31 85 9 55 76 60 76 50 54 66 71 44 4 15 81 19 60 25 27 63 68 81 5 73 79 79 47 16 50 26 75 32 87 16 12 66 14 3 96 7 82 70 42 52 54 54 51 18 9 48 50 43 50 97 89 65 24 35 54 2 82 40 54 39 10 52 97 33 43 56 30 57 67 71 48 10 78 12 1 92 88 14 10 8 57 83 11 38 71 20 53 26 67 63 85 30 52 27 74 16 16 40 22 60 17 78 25 23 47 32 31 66 51 23 67 4 35 85 20 5 42 83 47 69 55 10 61 60 33 69 18 51 10 25 25 11 4 19 78 45 23 62 86 62 84 33 74 28 53 59 11 8 34 67 0 25 48 99 12 21 12 67 62 62 50 55 6 36 43 49 34 50 16 92 57 2 16 58 14 60 31 34 88 89 43 5 41 76 99 54 21 65 15 97 36 50 87 78 78 95 83 45 49 88 23 51 44 40 74 34 64 28 76 78 68 90 37 89 89 80 52 12 41 80 72 22 31 69 52 48 60 10 8 78 12 97 63 78 60 98 92 26 94 9 18 2 46 53 19 30 28 83 34 13 78 87 52 71 99 20 0 32 20 6 42 73 66 27 42 50 64 59 36 85 38 29 35 91 62 49 62 0 35 75 27 72 43 68 22 55 53 88 4 0 38 39 41 45 87 12 50 86 56 75 79 56 24 30 28 0 33 18 11 29 49 34 29 77 60 8 92 15 36 71 92 29 71 62 68 71 80 35 64 12 53 29 29 7 74 34 49 30 22 28 75 2 38 15 97 26 2 24 36 46 84 19 76 6 86 29 21 47 8 28 48 28 77 71 98 61 38 83 6 20 69 50 9 30 62 58 71 21 12 98 35 37 30 27 56 55 63 25 66 28 95 3 54 7 67 16 
66 67 64 31 90 83 26 86 28 79 46 83 11 74 86 43 69 96 97 42 51 46 95 71 8 95 65 23 50 65 36 76 16 32 90 16 83 39 58 72 23 41 41 62 96 2 61 40 94 26 9 94 66 84 49 13 23 83 99 34 59 89 46 31 37 85 18 57 47 83 72 70 19 97 28 15 28 64 52 0 62 51 47 94 29 20 73 37 18 53 40 64 26 8 68 94 53 13 79 22 71 16 57 17 44 87 78 74 57 94 51 34 32 89 21 66 84 72 60 58 43 88 29 87 48 94 82 39 56 29 30 31 58 81 7 41 66 6 63 27 92 97 31 88 2 9 6 22 63 72 13 88 12 65 29 96 38 53 17 11 10 33 58 16 2 27 69 6 49 42 47 38 24 87 43 33 34 14 99 50 17 89 80 6 46 15 4 31 67 8 80 18 14 52 43 25 45 45 60 9 0 41 87 24 99 88 79 81 96 54 30 26 51 67 89 26 69 63 42 85 58 13 20 1 5 3 61 58 89 32 82 76 60 0 38 47 83 91 79 4 62 9 22 70 26 25 45 91 4 53 28 92 50 69 63 66 56 57 49 27 48 60 78 69 73 50 80 88 94 69 96 6 3 48 92 22 15 20 95 77 17 92 41 9 8 47 87 19 8 47 6 60 94 8 68 78 87 69 26 44 38 30 57 95 30 31 86 34 85 51 4 28 38 5 89 41 12 95 40 62 8 28 93 37 53 60 21 65 18 33 11 57 4 57 3 39 24 73 46 11 87 59 7 16 36 47 5 71 30 35 52 1 71 45 96 87 99 46 47 16 21 7 3 89 39 74 53 42 37 50 8 35 56 92 56 50 51 59 56 34 17 25 65 71 48 2 33 48 66 63 5 25 18 43 95 83 9 83 3 4 
53 28 66 75 17 1 47 32 23 8 30 48 15 37 30 72 28 90 48 14 68 90 92 11 3 56 42 27 60 85 93 62 63 93 82 80 46 82 21 35 31 19 16 44 50 44 12 3 35 29 79 59 10 4 58 94 73 79 96 64 1 62 80 46 29 93 8 49 7 73 61 64 88 72 60 38 3 66 54 66 33 61 96 73 79 0 90 62 59 7 2 16 52 2 91 89 9 65 58 61 16 47 31 53 14 6 73 93 41 90 40 92 81 47 27 27 21 36 93 67 99 57 66 54 93 97 70 56 72 68 42 46 8 23 72 72 29 18 24 55 18 16 2 9 53 82 26 40 30 84 14 25 31 37 91 34 51 50 38 42 86 88 99 51 40 90 71 51 57 59 47 87 41 50 85 13 47 75 15 86 23 90 41 20 96 78 70 56 11 1 94 42 90 66 26 35 88 83 56 92 26 74 1 65 1 33 76 69 40 33 73 80 68 3 14 0 42 36 65 40 78 67 14 18 26 36 86 8 80 36 40 94 63 98 75 50 79 24 8 35 8 14 41 26 21 86 14 81 49 24 91 86 37 40 87 65 40 54 31 97 64 97 74 84 37 88 51 48 75 13 24 36 31 6 22 4 21 0 0 44 69 14 32 79 67 15 12 38 45 99 82 10 75 87 22 96 52 27 43 52 40 68 80 32 92 51 80 82 2 24 8 31 89 97 29 49 31 97 33 31 93 44 13 67 70 66 97 89 12 20 23 34 48 98 76 48 76 14 39 40 74 36 23 55 2 62 85 77 8 97 74 35 72 17 35 45 22 1 85 91 61 67 57 19 57 19 57 38 75 85 24 10 38 56 4 93 68 80 65 60 35 4 4 70 73 37 45 62 24 1 21 62 78 19 75 73 44 86 14 92 
45 48 46 68 18 49 23 55 51 88 63 76 68 42 66 92 57 12 9 55 27 81 46 94 13 57 69 86 9 96 47 65 18 7 50 79 53 51 97 15 51 74 33 23 47 78 85 21 20 12 82 44 62 66 86 11 48 80 89 60 36 20 37 8 58 89 74 17 37 37 21 80 39 53 58 40 0 52 95 78 62 58 84 66 84 52 72 69 75 17 49 45 96 3 74 75 32 14 84 43 84 92 67 89 89 62 83 54 10 49 11 13 23 1 96 67 98 42 84 93 84 16 25 44 15 96 61 17 81 27 44 98 27 7 20 16 75 96 79 75 43 89 90 75 39 78 25 17 68 16 47 1 38 52 51 37 3 92 43 50 77 28 72 72 86 47 43 96 14 76 46 58 53 35 2 85 21 20 43 62 70 60 60 46 0 21 61 87 89 59 82 89 0 76 54 7 1 51 44 33 17 77 81 43 81 92 62 53 14 45 47 68 40 31 3 85 71 48 78 12 25 68 45 84 29 84 38 90 63 0 39 95 42 0 7 18 18 35 94 97 70 65 96 14 61 0 69 64 23 77 59 7 14 36 17 14 18 27 94 56 22 82 61 82 75 4 40 19 50 17 71 27 73 81 78 59 74 36 93 37 96 11 19 16 46 50 21 60 17 34 24 95 40 56 17 30 10 2 96 2 71 98 72 25 11 53 41 85 71 90 55 19 33 11 66 99 31 39 97 32 19 92 27 42 38 23 28 35 72 70 80 99 70 41 61 65 43 28 66 83 64 84 16 57 16 28 8 1 66 74 25 39 84 46 60 13 19 94 25 30 64 67 31 30 87 23 6 61 98 15 89 29 85 14 11 1 27 71 10 12 31 64 2 93 39 0 42 8 45 86 16 9 85 82 78 59 46 87 60 20 
8 9 76 47 85 49 56 94 19 72 67 73 98 28 67 35 22 9 53 11 90 86 57 37 6 58 11 2 95 58 83 82 73 31 25 45 37 1 12 16 48 86 35 8 54 23 0 39 31 58 37 18 56 95 13 43 69 32 20 24 97 95 13 23 65 61 23 43 98 85 81 79 41 93 99 90 76 81 34 10 75 54 31 77 93 49 27 49 52 95 53 71 5 3 36 47 91 34 22 13 45 30 82 23 28 66 70 5 24 9 72 89 30 30 66 85 69 95 55 53 35 96 84 73 91 57 79 26 29 10 35 44 77 99 40 60 39 33 24 23 82 88 34 47 40 37 3 16 46 49 98 9 68 43 87 40 47 74 19 96 25 38 69 70 77 1 97 94 11 45 62 30 82 69 49 51 20 56 96 67 30 77 67 11 74 99 94 98 17 14 38 61 64 94 61 76 16 80 68 69 48 11 47 28 48 17 92 39 24 58 95 15 23 40 50 78 40 52 99 58 32 72 34 57 97 41 73 63 83 59 49 22 26 67 71 0 19 31 79 10 38 68 12 14 71 85 83 2 59 83 24 43 9 89 83 17 50 36 31 81 90 98 81 23 56 0 87 78 56 88 79 0 87 70 85 10 79 21 11 34 31 92 52 95 20 76 35 39 81 59 55 60 33 67 15 9 20 26 42 77 7 72 62 40 35 7 48 53 2 11 94 28 52 6 32 69 21 22 24 57 20 45 59 15 60 75 79 53 68 18 80 95 72 6 51 28 9 76 64 21 86 13 30 71 25 42 99 37 24 54 58 33 33 22 21 9 74 41 18 17 21 4 5 11 71 55 11 27 79 0 58 97 57 31 69 11 91 44 25 51 25 73 23 65 88 7 44 88 0 86 83 7 70 71 82 85 11 90 84 70 
15 60 13 52 32 47 2 1 91 7 70 83 71 55 53 15 91 12 93 11 10 77 2 17 9 96 38 97 85 24 25 79 90 60 41 40 47 74 97 19 3 87 27 17 3 15 92 45 84 32 31 90 36 84 56 17 0 46 62 39 73 76 34 19 16 27 87 60 90 74 71 50 43 66 15 53 73 77 58 46 81 60 78 49 26 87 60 34 13 14 37 52 7 75 20 14 36 45 50 96 68 47 83 38 29 13 15 76 61 39 89 78 92 75 18 96 79 75 82 32 14 16 7 94 39 53 74 25 4 59 30 12 47 33 38 64 15 54 34 84 58 70 92 32 6 14 96 55 52 72 99 7 43 23 12 38 8 53 61 74 70 1 19 92 37 11 82 38 95 45 44 22 50 85 60 66 74 9 19 98 54 81 98 19 46 99 53 41 76 55 27 50 91 62 70 96 75 37 77 37 59 58 9 91 71 34 24 35 90 75 56 45 10 43 11 60 66 65 93 5 17 84 62 10 27 55 66 41 81 8 31 38 40 92 90 33 42 77 32 59 12 56 66 36 3 73 50 90 86 1 88 84 64 36 34 41 38 51 83 85 62 24 90 48 5 39 74 10 39 83 72 95 73 53 77 88 0 64 72 33 91 74 91 48 68 82 21 62 91 15 94 5 48 64 84 74 24 80 77 0 89 24 49 93 37 90 5 3 20 76 76 13 37 77 49 47 3 67 17 27 88 99 30 62 49 77 52 90 71 19 43 61 74 51 74 6 44 82 99 30 72 16 74 18 47 94 70 16 91 75 21 19 99 46 20 30 34 22 47 99 55 83 45 68 28 16 40 50 97 2 34 6 80 92 23 69 19 32 23 2 9 1 50 22 33 88 18 67 55 64 96 41 24 61 51 45 4 85 81 10 
10 78 78 42 60 62 26 20 15 87 38 39 89 41 27 52 2 55 10 11 20 42 7 84 26 28 87 63 78 27 47 32 57 96 32 69 44 79 28 57 4 16 46 6 15 72 24 88 53 24 75 20 20 37 33 96 80 17 79 12 42 21 30 98 59 3 87 69 83 82 87 30 90 67 28 99 55 42 53 49 36 70 86 29 69 1 36 45 44 87 10 63 75 49 32 54 32 65 99 69 18 8 5 25 81 39 38 30 68 38 43 8 73 22 46 58 33 29 27 31 40 87 61 0 47 71 71 14 31 75 80 12 41 8 65 88 85 61 83 27 96 89 65 14 53 3 15 42 29 90 55 54 33 89 70 28 40 20 7 20 50 80 79 60 64 68 24 37 17 84 4 98 69 66 68 75 4 87 54 67 96 27 22 10 87 56 12 93 63 4 10 50 83 89 31 56 19 52 53 19 94 85 99 36 67 78 78 35 21 46 82 32 28 21 3 64 69 41 12 32 76 34 98 79 63 97 73 88 57 97 0 78 36 60 30 15 64 77 2 71 6 38 11 85 35 63 50 10 53 55 32 25 54 35 30 15 22 61 96 32 83 47 26 61 31 32 53 24 79 86 57 53 93 44 53 26 15 50 32 9 77 67 23 5 34 98 83 66 0 24 92 9 58 85 2 78 7 17 87 4 87 5 37 90 55 74 77 68 86 90 24 90 54 68 69 50 65 28 36 68 68 55 45 57 87 4 76 72 59 17 76 73 85 76 49 87 36 92 14 5 52 58 82 11 32 43 47 90 53 1 89 29 7 50 36 97 73 3 44 20 84 61 60 37 21 8 45 83 48 86 60 50 71 74 39 30 26 64 92 67 55 68 46 85 30 56 36 97 63 55 79 28 54 36 43 14 95 92 53 77 
70 99 68 63 53 99 74 38 58 62 40 11 50 17 60 72 87 14 49 78 96 40 96 69 73 47 22 38 30 54 50 75 92 71 89 53 96 1 75 90 50 57 16 96 4 17 62 59 62 91 40 70 29 13 60 15 49 65 21 60 0 62 20 44 32 27 99 46 82 88 79 76 31 31 43 48 31 40 92 44 49 40 32 91 38 2 41 6 94 80 58 11 31 61 25 16 15 51 71 48 48 6 96 83 61 49 5 6 72 29 71 96 38 76 45 39 87 9 61 43 87 4 83 41 4 98 11 91 36 18 8 82 85 14 85 63 76 42 14 26 15 41 62 80 94 68 96 96 24 43 80 64 49 78 39 13 54 67 29 1 61 61 2 87 67 74 47 68 75 24 11 80 4 68 41 58 81 44 60 57 20 23 40 35 32 98 63 7 67 97 44 42 56 67 46 17 92 22 64 82 0 71 63 56 70 13 29 96 3 55 41 1 96 70 95 90 28 15 86 83 18 26 99 10 91 53 91 43 41 4 91 89 25 48 99 22 62 48 25 20 64 42 4 22 96 51 9 31 28 42 68 21 30 34 82 33 8 86 49 81 50 37 69 5 95 43 78 30 17 94 5 60 7 72 12 63 80 4 88 53 66 78 33 77 52 41 93 39 47 95 97 66 75 15 76 10 94 3 52 48 57 71 26 75 9 2 85 84 32 41 90 88 40 48 30 64 48 74 9 88 26 0 1 84 23 70 6 85 37 32 1 60 58 10 87 25 86 11 7 25 19 51 10 31 87 4 70 36 5 65 17 37 92 8 96 98 24 10 63 40 82 92 2 63 50 84 64 97 22 4 23 10 30 58 93 12 79 49 26 34 97 91 53 44 32 88 71 57 24 14 29 89 51 32 58 71 15 36 14 53 
73 76 40 43 74 33 94 58 91 47 32 47 78 68 62 99 67 27 16 91 60 70 98 74 73 63 33 50 54 87 39 80 95 80 27 48 8 81 77 29 73 88 18 45 65 51 67 88 25 42 10 77 84 75 10 5 44 83 88 42 55 28 18 34 15 92 42 94 51 21 22 49 3 13 8 82 86 5 68 37 34 36 65 79 71 33 79 56 99 16 10 77 62 28 72 0 30 79 16 99 34 74 50 10 2 61 52 60 29 97 46 60 25 74 86 42 15 83 35 69 8 11 15 97 67 95 39 32 76 66 62 0 44 72 96 69 26 22 32 65 61 76 92 15 35 39 72 88 30 14 86 15 77 4 16 64 53 8 66 47 53 0 30 46 90 18 73 48 31 48 23 95 44 57 74 49 69 44 51 27 49 81 78 65 51 58 84 49 86 60 41 65 4 86 27 3 64 24 35 0 44 12 94 68 52 69 73 14 33 89 12 17 24 49 45 93 42 26 51 43 88 42 5 67 3 55 25 21 46 76 52 14 35 77 76 15 50 44 47 58 71 97 6 64 31 25 26 34 66 15 82 88 32 63 69 67 64 92 21 31 68 99 4 8 66 37 29 16 90 89 67 29 1 53 45 22 93 90 74 88 43 30 63 71 45 30 93 15 36 77 73 8 17 96 13 0 78 65 74 99 7 52 14 75 5 60 70 97 92 96 84 91 60 59 17 28 41 96 14 89 71 9 72 86 66 36 85 40 10 67 57 44 59 55 50 8 36 83 48 8 58 38 32 75 78 85 21 79 18 53 15 35 56 80 63 8 7 6 68 46 40 3 93 79 20 60 42 40 87 10 43 23 12 17 38 41 25 80 49 92 65 0 56 32 21 8 28 98 52 24 16 97 46 25 83 12 55 3 42 47 
15 84 80 94 57 76 67 83 65 41 4 20 54 78 42 87 24 30 2 68 33 22 71 8 82 7 97 35 48 61 11 5 19 41 77 53 87 64 94 34 1 88 50 93 77 66 56 46 30 13 54 6 33 1 12 25 98 48 94 57 31 85 20 59 97 6 85 84 12 40 7 22 39 64 80 28 46 52 58 80 75 43 79 88 93 73 0 27 50 38 30 32 95 68 54 79 87 63 41 83 66 65 7 76 17 6 81 89 60 66 88 65 62 64 65 2 70 89 6 58 0 90 58 33 49 42 71 7 27 51 87 30 63 47 1 22 80 5 66 57 72 10 99 5 1 13 96 52 41 42 14 94 42 43 89 17 89 78 49 13 26 3 54 57 43 97 13 86 44 78 13 58 86 60 50 40 66 50 89 26 5 95 16 11 42 89 63 50 27 57 72 71 63 6 66 40 96 99 44 27 57 65 60 6 94 33 18 6 6 58 47 93 45 89 21 81 2 50 17 22 35 66 66 47 88 73 48 40 0 82 37 32 74 29 6 60 40 21 86 39 5 46 74 71 64 40 76 48 27 0 14 64 97 34 41 47 51 40 47 31 85 14 48 95 52 59 12 63 23 55 18 8 83 9 67 93 87 31 14 81 24 39 78 59 56 96 16 70 9 66 75 75 1 34 14 35 51 66 33 5 92 8 22 79 28 72 85 44 90 94 37 86 75 60 30 77 73 93 56 84 18 3 73 42 85 59 78 40 99 55 21 61 19 91 51 85 35 46 80 55 37 30 99 64 90 75 17 29 28 45 68 53 74 61 40 58 24 77 32 30 64 49 53 19 96 93 36 27 65 36 69 37 76 15 32 88 90 23 15 47 89 39 72 9 73 1 4 94 32 19 44 57 82 69 36 19 31 73 85 99 
86 2 27 24 10 0 6 24 95 0 60 11 8 8 0 16 50 82 58 1 35 21 63 37 24 86 6 13 88 0 55 67 98 95 90 91 96 42 43 6 29 60 21 81 92 23 29 70 10 50 17 21 50 96 12 22 99 1 91 73 50 50 9 57 9 91 27 1 42 73 7 33 52 12 89 1 34 65 46 99 25 9 97 69 45 60 96 92 87 2 16 47 86 6 91 67 26 56 29 64 12 96 40 68 59 27 21 99 14 17 84 63 39 20 71 13 44 40 93 95 68 36 68 39 88 56 90 20 26 11 52 71 18 59 96 13 87 59 31 83 32 8 53 22 0 34 9 37 87 69 33 47 62 40 60 97 96 65 36 44 93 7 48 30 31 15 38 27 4 92 34 10 40 6 44 1 55 97 9 73 1 87 52 25 88 41 66 22 73 5 80 63 11 78 94 33 4 92 47 6 82 67 99 86 77 18 54 58 94 70 63 69 71 41 65 39 7 24 92 24 69 88 39 64 68 88 97 17 14 89 74 78 33 12 96 0 1 60 65 15 35 48 26 89 61 87 0 3 43 64 70 4 18 64 15 9 87 22 58 36 86 51 19 3 0 50 20 25 58 21 64 94 7 76 78 77 63 86 61 55 64 62 90 71 9 96 55 82 30 24 71 27 35 57 94 5 32 58 27 11 45 33 19 85 5 61 95 98 81 74 33 73 34 74 42 55 50 82 84 37 59 25 30 78 64 32 56 8 17 71 6 64 81 31 78 70 27 97 86 58 42 30 10 63 24 47 10 66 68 30 32 27 43 85 87 90 56 8 36 4 75 50 0 99 4 96 66 39 75 4 46 18 27 35 99 31 8 53 68 95 13 58 85 4 17 18 20 13 20 52 15 81 66 42 53 83 72 44 83 7 
54 59 39 87 72 48 49 16 96 53 26 49 83 51 31 52 23 98 39 13 84 44 47 28 81 24 65 34 62 34 11 58 40 62 54 55 93 2 26 22 1 35 47 22 35 8 41 88 67 17 48 36 60 37 70 63 22 28 5 15 70 66 40 8 9 72 42 64 66 68 1 85 38 75 96 17 41 30 95 26 67 32 77 84 80 91 64 72 55 5 96 74 16 17 77 5 9 38 79 65 82 27 95 73 61 71 28 90 29 64 85 80 0 18 52 68 31 5 83 41 17 71 59 7 68 31 67 97 59 99 42 97 55 67 3 54 92 18 95 45 78 92 84 96 89 12 97 15 18 20 33 20 84 28 77 58 17 99 4 28 44 52 98 14 83 47 1 28 56 62 77 2 22 74 39 88 21 6 58 71 69 84 62 23 63 37 94 55 5 82 27 10 88 16 11 51 19 36 9 59 81 75 47 61 47 43 42 67 87 79 13 95 60 52 60 36 4 49 46 74 62 83 17 87 87 36 69 92 66 9 24 47 35 23 76 74 26 7 1 40 85 76 1 63 91 20 65 2 89 38 2 75 4 47 68 3 69 16 97 5 54 51 57 89 50 55 61 74 51 77 65 85 45 56 55 67 13 93 24 69 71 36 57 63 33 90 87 99 33 47 38 2 89 17 28 79 65 53 92 75 1 10 29 77 0 76 38 11 32 47 34 49 74 68 32 96 40 71 90 81 17 78 37 19 41 40 70 10 21 49 60 10 42 33 98 88 89 48 6 87 38 33 62 18 21 14 45 47 32 22 6 91 91 84 97 32 56 55 26 47 62 71 42 92 60 15 23 58 54 39 75 31 8 76 28 20 46 9 10 69 70 17 74 99 67 62 82 5 42 44 84 44 4 34 52 15 92 68 0 91 
5 77 94 32 41 75 56 31 43 18 67 64 70 33 46 11 23 67 20 19 21 92 13 31 95 78 57 57 30 7 1 59 55 80 2 56 55 71 55 91 17 56 82 54 68 61 19 29 74 12 0 96 39 57 88 27 22 0 93 12 85 24 47 62 88 53 67 24 52 44 8 40 40 36 89 6 83 26 32 55 71 64 37 82 58 43 1 92 11 88 20 58 23 16 1 5 24 63 22 69 57 13 76 18 20 89 11 35 57 99 5 92 71 21 43 67 28 89 53 77 20 89 27 82 26 23 4 54 54 95 90 73 46 42 34 62 0 40 69 75 52 22 2 4 30 96 23 93 86 12 23 40 78 4 66 28 99 92 42 6 36 68 59 70 15 32 66 74 29 69 42 41 13 43 32 59 44 67 12 14 55 0 67 64 52 60 11 84 34 76 45 30 0 48 78 71 48 59 0 59 60 83 6 97 8 55 15 53 77 98 38 4 13 16 89 37 12 74 40 53 39 35 25 88 79 95 54 7 80 42 81 18 79 11 2 55 24 22 81 18 96 44 58 18 86 64 2 75 96 21 52 57 45 3 0 78 41 62 91 24 0 2 92 50 74 72 24 11 35 15 8 82 38 54 59 55 91 89 97 94 13 66 12 68 1 59 36 26 25 25 58 49 52 7 65 54 43 43 3 73 99 47 51 41 11 64 17 37 64 75 11 78 43 33 42 68 80 49 45 30 41 15 13 58 96 60 76 64 80 91 92 37 97 38 74 55 91 1 76 31 61 49 59 40 66 65 97 58 0 98 13 13 99 57 47 43 16 73 78 43 86 77 9 43 61 78 22 16 58 85 73 21 90 44 33 94 34 35 22 22 73 69 74 3 48 62 41 80 79 35 3 18 65 80 97 83 10 74 18 85 
95 57 71 71 78 32 5 17 2 2 27 24 61 67 7 24 72 71 9 25 7 6 93 87 89 9 96 30 18 64 95 16 55 85 95 29 74 27 56 58 27 19 15 81 46 3 33 0 27 44 22 82 74 85 6 77 34 60 75 38 75 97 31 35 62 92 0 27 46 88 81 23 5 61 18 87 29 66 87 19 68 32 17 7 9 17 5 80 79 88 29 13 26 96 16 28 40 59 34 42 82 5 84 90 32 61 97 88 35 11 81 69 24 47 20 4 23 81 3 56 74 2 14 41 71 58 85 85 85 25 73 4 22 51 50 65 8 43 71 46 1 75 39 38 59 22 57 94 22 70 54 62 69 73 83 92 94 86 19 24 29 51 58 54 93 1 6 58 4 54 24 3 58 66 30 46 73 81 48 7 88 48 92 20 21 26 51 48 66 61 73 31 7 57 52 21 8 40 92 8 62 30 1 54 52 31 33 9 70 39 39 64 30 82 65 55 53 12 90 79 45 98 83 25 92 54 51 79 3 59 92 51 56 37 73 70 21 59 40 48 22 1 4 30 8 52 28 51 63 4 5 0 41 26 98 54 56 74 12 18 62 23 3 26 99 92 40 45 47 13 88 9 4 99 83 20 70 79 49 33 13 2 59 7 19 9 9 70 47 79 50 76 93 71 64 3 43 38 98 50 7 30 56 41 65 48 70 65 80 55 8 83 72 57 80 16 95 90 52 17 76 46 45 79 87 16 96 49 3 77 72 73 60 53 73 93 53 96 27 11 57 11 30 87 44 86 20 23 40 81 43 79 29 86 38 94 94 14 94 0 72 97 77 50 88 3 5 11 20 44 41 53 74 24 50 95 1 56 64 4 44 72 75 0 60 25 64 77 8 56 34 89 75 51 30 37 89 4 38 73 
22 16 61 2 59 42 84 57 90 96 19 23 49 24 51 24 58 19 51 27 18 47 68 14 38 75 34 66 84 87 31 58 18 95 66 52 88 52 88 88 89 21 26 20 20 76 24 31 51 13 91 30 27 94 97 72 61 32 29 57 77 60 57 73 1 22 92 78 29 50 35 67 48 76 84 55 37 70 16 62 35 7 73 53 61 14 60 27 14 10 75 74 64 73 63 64 71 92 8 4 97 41 73 8 88 24 21 36 72 22 37 59 77 28 40 44 66 30 14 44 99 87 1 2 21 75 13 38 96 62 8 70 66 1 60 90 65 90 93 52 44 93 35 95 46 92 5 35 40 7 89 13 26 97 26 35 47 33 44 67 80 8 15 32 58 81 70 89 71 86 17 9 30 15 73 79 14 73 71 7 33 48 31 64 37 0 30 23 95 13 42 91 62 1 14 63 54 74 18 17 1 51 8 61 95 91 90 13 25 68 34 86 49 35 28 55 80 77 26 24 37 59 2 82 24 65 51 81 49 43 65 14 56 46 70 10 80 38 5 71 91 68 22 53 46 85 78 44 73 3 17 88 97 88 97 76 8 53 33 55 61 65 49 20 36 54 40 78 60 75 79 56 59 15 92 0 2 92 95 89 71 75 35 69 87 92 13 9 67 37 96 38 28 52 25 12 49 88 49 63 54 31 54 99 83 13 59 4 47 24 2 80 61 81 9 81 70 34 81 18 21 84 37 96 39 91 82 92 67 79 53 51 1 73 18 74 17 23 99 23 63 88 32 4 4 32 94 47 99 22 73 1 93 47 15 47 6 78 98 33 37 52 40 73 98 78 97 44 18 29 21 31 55 33 32 81 64 33 6 6 11 34 78 59 8 41 82 21 89 14 24 72 73 23 91 45 57 30 37 41 
50 38 24 19 78 15 58 67 73 75 58 16 27 92 59 57 31 35 55 32 8 43 20 43 25 27 50 31 78 84 89 33 40 51 36 54 10 97 15 10 66 43 24 48 94 20 92 93 92 57 41 11 62 80 99 16 14 97 51 75 17 41 86 80 26 55 82 30 45 15 45 30 85 45 71 22 75 23 66 29 95 90 12 33 8 18 76 57 32 16 28 73 45 36 70 14 42 31 81 78 32 82 79 11 36 12 96 42 85 8 44 28 46 79 0 64 90 89 83 32 38 97 8 37 23 50 64 27 97 82 45 54 75 50 82 65 32 0 57 24 61 25 70 49 51 87 2 11 36 28 97 39 29 39 47 91 63 2 97 83 67 37 14 21 30 42 4 76 20 22 5 5 59 63 33 22 92 71 70 34 94 51 36 76 6 3 94 11 33 53 83 39 99 16 61 1 69 27 72 25 22 50 88 67 23 88 32 70 15 46 54 5 31 43 35 6 39 68 60 89 49 70 9 21 11 58 81 57 55 44 54 54 88 75 83 7 12 36 47 85 5 49 68 84 5 32 67 57 33 44 86 98 18 62 43 86 85 32 67 70 37 74 3 76 48 18 25 74 12 18 30 91 81 75 83 7 22 53 22 89 63 92 38 92 34 77 98 91 82 93 6 70 47 73 42 36 24 86 46 98 89 23 54 44 5 77 35 98 43 79 67 30 11 66 46 76 39 38 61 22 90 90 14 70 9 0 79 40 49 48 7 24 32 43 26 64 67 99 53 26 83 61 11 4 91 46 34 71 66 10 68 5 41 62 67 98 63 28 31 34 90 24 95 81 17 77 7 39 32 72 28 9 8 56 44 35 56 67 20 44 34 60 0 55 98 2 70 99 68 32 57 21 85 97 26 12 3 33 64 21 
68 21 45 84 40 92 1 15 26 54 18 14 13 37 12 27 99 34 90 63 5 97 33 8 40 72 45 8 8 61 77 30 11 29 18 0 52 76 59 65 60 91 36 83 93 57 8 71 46 97 19 68 42 78 8 69 64 8 23 79 62 14 70 83 0 33 21 91 36 16 44 39 56 85 76 30 56 79 0 70 16 27 50 68 63 44 76 39 5 94 28 80 22 58 80 94 13 64 94 71 8 1 87 90 40 0 72 23 60 71 17 8 85 81 98 5 44 98 84 22 11 5 89 19 28 61 22 80 28 75 31 38 32 23 4 7 49 93 47 73 25 6 26 65 68 11 43 65 76 89 77 18 69 10 29 16 40 35 20 22 62 10 94 38 27 81 52 4 55 76 58 78 89 0 44 89 51 52 58 22 73 37 57 31 1 64 32 43 37 31 15 98 99 36 38 34 34 84 34 67 30 84 84 49 6 72 62 24 84 5 9 27 33 1 31 25 33 52 78 84 89 73 18 22 62 46 76 2 45 80 98 79 86 46 37 15 54 87 84 50 28 54 31 84 41 18 84 0 26 78 8 43 10 62 25 5 77 55 55 2 4 56 1 19 2 77 89 82 63 80 62 43 7 78 45 41 36 63 82 21 12 5 93 36 45 6 41 23 6 4 11 10 11 76 82 37 27 90 73 11 13 28 89 48 52 45 5 66 44 53 67 50 26 86 94 63 50 16 81 51 78 56 80 18 17 9 21 44 17 13 84 42 10 51 36 71 97 48 58 43 43 43 95 16 6 0 5 73 4 81 41 31 97 0 55 98 28 67 46 20 92 37 78 0 9 36 87 53 76 3 81 0 31 66 96 48 94 16 80 64 41 64 93 70 99 79 27 38 66 1 62 9 80 10 72 87 49 51 39 3 
30 85 8 53 26 25 16 72 67 57 99 81 11 66 22 40 59 30 81 46 44 68 84 19 76 1 13 60 95 69 63 55 35 23 42 30 64 1 75 82 5 8 72 21 55 31 23 13 55 81 28 6 93 67 41 26 45 6 73 56 27 38 11 51 35 40 40 75 71 46 7 0 91 41 73 62 29 10 37 25 33 79 76 55 63 7 4 6 92 44 89 26 81 9 80 58 13 81 24 85 89 19 58 52 83 87 98 30 76 91 82 81 10 33 61 11 24 0 25 63 18 24 24 37 76 79 77 79 55 18 45 66 52 89 16 61 99 2 9 0 66 43 21 79 5 74 80 75 1 33 64 5 34 46 70 75 22 16 54 16 47 74 79 44 6 95 83 46 36 63 96 32 45 70 63 56 12 59 92 96 2 2 30 69 19 33 80 71 13 63 76 36 82 34 67 93 56 54 5 65 22 74 42 97 18 83 26 45 85 67 49 73 59 76 74 57 84 1 1 72 94 68 50 3 87 41 8 3 25 90 5 1 25 95 92 21 77 39 77 8 57 67 68 85 20 63 92 7 50 87 9 12 69 56 64 49 28 59 66 44 23 62 20 42 44 8 53 7 98 29 56 78 60 87 56 30 88 82 25 85 69 23 8 34 21 27 82 70 71 14 30 6 44 10 29 36 21 56 93 75 44 58 52 20 30 46 85 87 20 90 60 93 33 60 31 34 92 16 81 98 22 48 18 24 73 11 24 35 98 37 8 61 32 98 96 93 39 16 87 47 24 51 93 97 1 75 5 56 8 72 16 25 51 33 45 50 78 17 41 20 52 39 91 85 99 0 64 92 26 35 91 24 28 36 69 27 39 3 19 61 50 78 52 47 3 98 84 52 47 87 97 5 67 44 25 47 67 53 80 11 
41 20 52 41 16 25 71 82 45 37 56 87 82 63 67 89 25 95 5 46 56 54 15 71 58 53 59 32 44 56 9 9 62 90 19 74 87 7 67 90 56 57 92 95 23 95 15 9 35 31 39 32 32 25 35 98 83 28 35 34 28 46 31 78 41 47 71 11 99 6 65 15 12 70 35 89 47 81 0 32 83 74 79 58 56 13 38 95 32 21 24 70 33 66 32 6 0 51 80 92 90 25 90 81 20 40 86 62 44 70 96 15 94 50 43 20 32 42 51 40 98 76 55 5 29 73 82 17 62 59 82 6 57 5 37 84 30 20 40 80 95 85 29 44 92 68 49 30 12 39 14 43 81 56 90 81 70 90 92 31 22 11 6 55 79 29 55 48 20 58 21 33 96 22 67 77 73 71 41 17 4 41 76 11 13 85 16 96 96 18 87 4 9 6 43 60 58 54 95 65 79 85 82 87 67 55 20 97 36 53 22 91 35 23 64 83 97 12 17 56 5 33 1 20 59 5 77 54 80 76 61 23 59 98 2 64 12 58 50 91 82 98 92 77 18 69 86 69 74 41 69 91 43 82 80 99 40 87 57 55 86 66 97 46 88 77 57 27 86 51 57 77 52 87 11 20 21 41 27 4 20 99 45 40 12 54 52 90 59 93 58 29 68 68 60 23 25 65 16 28 70 27 87 6 84 52 4 6 32 33 82 28 83 75 13 27 30 44 83 11 26 82 48 58 42 3 85 4 4 90 9 62 28 54 34 58 90 84 54 45 87 53 91 41 79 76 67 92 6 25 23 75 87 79 28 72 72 63 84 10 23 45 99 47 8 35 33 49 20 32 5 24 81 46 6 47 92 39 65 55 67 40 64 31 91 24 89 86 77 15 18 26 87 6 3 42 13 22 69 59 
56 35 65 14 28 36 60 46 45 19 90 88 27 6 76 26 58 88 87 91 98 0 86 2 71 44 71 27 37 69 96 68 52 58 71 1 90 46 24 38 31 65 23 43 84 83 41 71 7 59 35 69 59 66 4 20 85 20 14 30 86 69 25 20 98 52 51 20 56 48 55 55 78 85 70 56 59 70 55 44 68 90 80 79 40 0 65 31 75 17 37 60 57 29 33 59 22 98 63 23 61 16 15 29 86 6 70 43 92 7 52 88 99 21 58 61 73 66 4 11 27 44 38 7 34 91 18 62 54 64 93 10 35 0 14 56 86 49 84 4 7 8 18 10 65 80 37 7 9 1 5 43 23 1 15 48 85 39 51 3 93 41 56 29 52 24 8 65 20 93 6 23 52 94 48 56 70 89 46 25 86 81 92 5 23 43 56 3 33 30 80 55 74 46 29 44 14 85 60 50 94 71 55 29 90 28 47 29 49 27 8 3 62 25 38 40 85 82 11 81 19 0 38 95 38 86 78 71 35 54 82 73 53 10 79 68 42 44 98 37 44 96 8 13 14 26 26 24 71 60 26 68 40 84 60 57 61 26 5 70 19 44 62 24 77 59 91 6 44 86 33 84 33 89 56 8 41 47 85 1 15 34 77 34 41 99 34 83 54 53 38 22 28 75 1 97 18 58 58 49 24 71 56 6 29 89 63 90 93 29 18 12 83 59 30 97 93 96 89 72 67 80 96 17 68 6 9 15 27 38 48 27 90 91 20 8 48 4 94 44 40 20 77 95 16 76 51 27 51 72 32 95 50 11 63 33 73 38 77 33 29 19 90 15 41 9 56 56 46 68 83 39 7 39 90 55 21 20 96 7 86 62 15 54 61 5 15 28 57 46 6 41 85 15 71 36 62 65 5 51 
43 98 21 89 2 82 98 0 44 13 19 0 95 7 2 80 21 78 61 44 57 11 74 58 88 95 75 0 58 41 85 94 34 45 60 60 57 18 52 31 31 3 34 92 58 27 2 41 61 75 0 67 96 57 40 4 41 18 14 62 82 86 30 15 48 43 49 98 88 23 48 50 35 31 84 10 43 41 70 33 76 92 60 39 52 11 5 99 79 2 29 26 49 31 80 80 85 20 30 69 94 48 95 27 76 25 74 2 34 18 35 88 69 52 33 47 19 13 84 59 73 87 87 80 86 42 89 51 45 93 10 16 36 82 12 60 46 4 3 96 6 93 8 34 9 36 36 58 14 40 33 68 0 6 85 60 44 95 91 90 36 74 18 67 86 25 63 83 69 13 95 68 20 47 77 67 4 48 85 94 5 44 56 74 4 15 14 50 92 39 62 91 65 58 84 98 8 48 25 95 44 51 74 46 20 99 6 47 98 15 50 54 48 16 70 93 69 93 26 86 54 34 56 16 77 38 95 69 50 63 49 91 36 79 57 71 6 10 8 67 3 21 5 22 51 57 98 70 11 76 1 17 6 39 7 56 88 93 36 52 47 91 67 37 17 45 55 33 98 47 38 17 34 11 45 30 41 6 12 51 85 94 84 73 75 95 26 35 82 28 18 7 21 60 91 92 27 88 8 73 67 19 96 90 81 17 63 26 67 12 29 81 48 97 42 71 11 13 70 77 15 39 13 38 46 69 42 52 6 5 49 48 7 74 27 75 98 62 45 74 65 63 40 37 64 93 75 40 84 78 6 38 74 9 89 33 83 95 52 9 1 51 41 92 28 67 22 94 10 95 9 87 55 86 53 62 61 51 76 58 79 86 78 6 57 82 11 28 79 53 99 55 61 2 9 27 95 31 81 1 
80 20 31 23 45 86 17 95 75 58 32 55 8 68 78 1 58 60 34 12 36 32 5 14 38 96 35 55 27 1 17 83 74 99 14 63 26 6 27 14 73 63 27 5 31 64 75 75 46 32 78 83 40 32 5 11 20 59 37 62 94 90 21 91 58 87 58 32 15 94 55 54 33 38 6 70 27 59 80 16 56 81 24 94 32 20 43 0 35 39 86 79 22 81 29 11 41 26 59 36 76 12 86 22 93 78 72 89 65 41 21 5 98 44 79 10 4 76 44 2 7 77 55 57 89 3 22 26 27 17 6 69 33 90 83 24 70 68 61 86 1 37 99 92 10 20 15 46 72 85 75 38 3 72 7 94 89 88 91 52 64 83 13 1 22 32 54 27 79 19 34 0 39 88 29 95 10 59 61 65 0 43 16 26 56 14 66 37 74 75 40 1 64 9 99 22 2 55 15 99 38 64 13 89 75 2 3 56 76 41 12 17 39 13 92 19 38 12 57 14 82 81 17 57 78 66 97 3 23 11 67 44 5 95 53 20 88 98 58 61 28 99 88 93 66 4 6 66 89 72 58 5 35 25 15 64 95 83 81 64 47 59 49 58 37 59 63 13 12 0 77 84 24 93 38 72 37 64 38 18 20 54 15 70 11 72 5 34 3 83 10 4 95 3 14 77 30 96 21 5 65 77 20 71 86 38 73 48 64 47 13 54 77 74 0 53 4 89 4 43 30 43 13 77 71 21 29 30 16 3 26 78 20 33 92 33 80 7 65 96 47 52 70 24 78 74 12 11 31 89 38 36 72 99 5 50 34 91 34 79 63 0 78 33 5 83 76 78 32 31 14 40 37 13 89 39 40 89 47 86 95 56 81 87 96 74 70 71 61 73 17 89 42 30 2 18 31 48 0 13 
47 31 49 88 72 75 31 11 23 73 25 99 18 13 81 69 72 20 16 36 21 96 79 21 94 98 17 98 96 23 37 12 28 19 25 28 10 89 66 84 50 39 67 59 74 92 68 23 6 11 80 62 60 67 95 65 31 91 39 51 54 45 69 50 85 30 95 33 96 80 13 2 19 26 16 84 60 2 48 87 39 76 93 43 50 63 21 19 33 30 45 43 74 89 95 95 24 24 37 53 93 47 97 73 60 94 48 12 24 87 73 67 82 6 52 56 85 72 58 37 84 87 6 48 84 40 20 20 30 18 25 93 19 31 24 5 10 65 64 61 34 70 5 98 89 11 7 29 40 85 49 45 3 25 86 28 59 22 30 91 51 20 63 38 44 43 13 38 41 45 27 33 9 44 18 47 6 27 44 39 78 39 86 98 16 33 50 57 65 66 20 13 7 61 13 54 25 41 24 45 61 2 97 79 95 45 99 52 58 83 75 76 16 5 1 52 81 54 49 29 20 45 34 86 21 98 1 59 74 50 66 28 81 25 59 30 14 48 45 44 69 63 2 50 58 68 75 58 95 61 3 15 61 70 57 75 55 75 15 15 51 40 22 24 82 66 60 36 83 37 31 23 35 6 63 79 27 16 31 74 57 45 57 7 44 98 20 46 35 95 33 72 8 55 88 6 17 92 44 92 2 37 9 21 84 81 86 73 65 12 38 15 37 91 18 9 81 88 99 29 30 54 33 93 80 10 41 4 72 35 15 78 58 44 80 66 51 39 93 51 2 92 11 65 73 6 18 73 67 41 15 22 40 69 87 21 88 30 0 56 35 49 6 90 57 97 50 90 73 65 70 49 87 37 6 77 43 55 57 3 20 33 67 19 4 16 93 86 44 47 93 25 72 75 76 4 25 9 77 53 
26 26 64 19 56 63 27 97 88 62 24 19 42 79 63 14 0 94 45 31 8 31 65 42 9 84 14 48 43 99 93 15 18 19 16 28 65 29 23 6 27 38 38 85 90 72 28 69 2 92 66 12 64 65 35 73 47 98 2 62 75 60 41 5 97 96 29 94 86 68 53 84 11 88 48 21 39 39 25 75 95 25 5 41 11 99 3 81 90 33 86 71 8 28 77 77 10 96 99 16 50 55 54 80 59 71 28 24 19 52 34 24 63 30 41 38 39 94 10 26 78 30 74 81 16 10 1 93 46 56 54 43 70 3 8 68 65 8 48 8 12 25 11 72 26 34 14 43 22 85 78 4 19 53 97 50 21 22 58 39 62 31 79 1 82 68 77 26 87 6 8 70 52 76 57 7 75 27 24 44 21 81 10 39 24 21 19 44 4 54 39 5 79 2 25 7 74 77 65 64 57 66 66 23 29 97 83 53 71 14 68 46 15 65 11 59 79 47 96 20 61 67 44 45 96 8 1 85 18 66 22 24 77 44 12 94 83 57 14 62 79 65 37 99 10 58 75 52 34 98 81 47 80 68 54 81 12 78 77 16 9 81 10 76 50 87 94 58 44 96 85 54 96 36 15 40 20 91 33 78 10 35 88 76 97 66 92 96 94 32 55 90 60 3 36 98 47 99 22 77 90 61 76 82 29 10 51 18 90 69 65 57 34 41 92 38 35 16 26 73 47 13 63 17 39 27 17 93 81 77 70 58 59 77 11 60 49 24 20 67 44 4 96 78 0 57 94 87 7 8 72 66 47 53 87 19 66 47 16 97 64 41 37 56 37 39 27 73 67 41 58 69 30 15 25 59 38 47 28 50 77 42 55 90 38 13 81 38 13 39 5 14 44 99 20 81 29 84 71 70 
28 50 30 18 80 27 33 22 17 66 17 43 93 60 78 57 67 41 57 92 7 48 73 12 8 17 42 84 30 55 3 97 48 27 95 32 81 7 10 17 9 94 86 94 94 75 90 83 52 77 53 23 26 94 46 59 13 90 19 5 22 5 28 68 47 71 41 70 70 96 94 94 18 1 46 83 70 9 82 12 47 15 39 14 4 40 71 55 84 64 99 96 3 26 25 61 45 11 85 76 75 9 64 35 92 12 9 2 95 26 94 92 41 78 10 69 26 86 29 32 47 11 91 57 58 49 90 22 69 94 1 78 8 67 13 58 74 14 47 63 2 62 74 64 30 44 27 72 96 42 22 22 70 97 62 9 63 82 28 94 48 61 0 84 33 2 12 74 81 13 61 22 71 24 83 38 42 13 41 55 73 57 57 54 87 71 77 82 42 6 53 17 78 75 43 18 69 81 41 31 69 77 10 56 6 0 60 23 44 46 32 2 70 22 90 22 36 16 94 25 7 9 64 34 63 25 28 20 22 49 29 4 26 27 87 19 62 47 89 60 37 91 76 77 52 67 86 23 59 61 67 70 25 19 62 19 71 54 78 14 46 25 79 75 44 79 38 84 80 97 31 55 97 23 46 92 1 64 88 18 66 37 80 30 45 70 1 43 46 99 10 36 90 66 75 51 86 68 13 40 25 89 61 46 32 7 37 11 89 58 52 97 70 90 72 99 43 9 76 46 63 20 70 74 81 3 9 9 17 23 52 21 75 72 27 71 54 31 46 46 42 69 11 86 90 28 82 91 7 50 28 97 3 0 0 97 73 13 90 55 73 63 21 49 66 97 62 0 11 37 91 90 35 24 12 76 12 16 13 65 17 85 7 66 50 80 68 23 68 7 33 62 94 97 54 23 88 93 5 36 
22 0 58 17 99 56 7 54 26 74 22 28 36 80 79 86 24 59 4 53 23 6 2 70 20 92 38 26 79 63 8 10 8 78 91 89 83 40 69 46 93 81 99 74 50 72 84 93 80 58 2 4 82 6 2 51 62 5 98 92 0 16 4 60 61 20 60 44 59 93 72 3 41 74 28 42 29 76 41 88 80 56 46 39 41 42 84 74 70 52 77 4 35 36 32 17 9 37 67 40 14 35 11 77 6 44 55 56 61 9 14 33 86 58 86 5 16 91 81 41 26 36 87 22 80 78 48 77 15 58 44 79 94 97 51 56 19 76 18 52 60 2 47 94 63 24 96 68 10 36 31 22 51 22 33 62 59 74 80 72 17 42 9 19 93 15 10 56 90 45 20 86 21 89 61 33 15 5 83 71 12 34 88 47 5 93 77 84 75 30 9 98 13 34 52 27 28 34 75 61 93 16 58 26 27 10 87 80 45 78 12 41 98 48 16 86 11 30 82 32 89 23 86 83 48 37 84 23 99 74 87 19 5 13 54 24 47 50 1 62 31 6 42 56 96 87 57 2 3 64 69 66 49 76 80 88 98 48 46 75 98 26 56 11 78 79 30 48 73 33 59 38 83 81 97 75 90 63 65 27 79 56 56 94 87 47 97 71 74 51 9 99 97 23 12 51 59 19 98 14 13 86 62 2 82 49 94 38 11 27 39 20 8 21 18 9 87 4 31 57 62 89 1 59 59 72 59 84 74 28 69 55 94 50 53 45 48 16 75 69 53 8 88 47 66 64 63 81 56 88 46 39 12 27 18 39 97 54 43 55 45 91 43 49 2 36 89 23 0 42 51 40 18 73 67 67 92 17 60 67 88 15 88 71 49 56 45 67 15 57 26 74 33 15 20 29 35 29 37 92 
64 80 19 8 71 31 76 40 68 67 36 72 57 76 79 43 65 25 97 91 33 76 16 51 70 69 29 40 50 25 9 8 66 74 77 39 23 65 91 58 8 91 83 14 64 32 23 9 88 37 87 4 91 47 91 92 87 9 21 76 23 87 61 23 3 23 16 54 12 96 37 45 65 92 18 31 61 54 30 55 17 89 49 16 16 16 17 75 90 14 80 47 14 91 98 57 43 52 88 90 88 23 13 58 27 63 56 6 83 55 26 68 22 32 85 88 89 96 66 35 53 56 51 12 2 86 31 95 22 8 6 61 60 83 32 19 86 19 5 6 91 86 46 63 5 79 91 61 10 50 20 79 17 65 5 46 92 96 53 55 48 64 13 1 88 56 16 49 69 37 34 49 62 40 39 26 43 30 85 25 67 72 45 77 30 58 10 39 36 80 98 18 28 83 45 92 84 57 67 69 9 13 42 30 58 17 28 72 80 8 89 54 64 70 12 0 8 82 94 98 74 43 16 69 43 18 67 32 48 83 1 97 7 2 53 65 63 56 49 81 63 30 47 35 60 57 10 16 2 35 82 43 34 65 99 18 9 81 6 0 67 97 4 19 32 17 23 82 83 74 87 69 10 35 97 39 5 21 66 25 70 73 57 78 95 60 49 83 78 71 14 23 46 76 82 17 59 61 33 93 72 90 32 80 75 20 77 88 61 89 56 27 70 81 32 91 59 23 84 38 6 48 75 15 77 67 83 9 99 95 94 26 8 1 22 94 47 5 50 81 81 61 32 55 63 31 50 14 76 20 96 97 16 62 66 67 40 59 97 42 31 70 79 89 85 10 9 20 22 1 73 38 37 15 95 7 49 18 11 35 87 56 91 3 5 18 95 55 99 48 30 95 72 27 18 42 56 62 52 68 
95 76 65 91 88 32 20 44 27 30 79 51 52 46 51 64 5 47 24 71 5 37 61 18 42 65 42 94 52 72 23 79 0 91 42 56 79 39 59 30 39 45 83 44 14 11 71 88 84 71 51 19 32 71 87 86 97 41 40 31 67 1 38 62 71 94 44 97 75 30 81 94 23 97 6 79 43 78 92 83 78 66 99 91 70 65 43 79 65 35 62 94 39 45 94 55 49 60 44 94 26 45 61 94 56 10 64 37 53 20 29 53 62 37 84 91 96 80 13 5 5 50 87 72 33 79 30 64 78 54 5 11 36 29 55 92 22 37 2 44 85 76 46 38 14 76 55 72 41 15 57 40 19 83 23 31 61 16 98 27 34 95 56 25 31 2 96 11 36 49 23 14 63 67 15 6 80 34 51 36 91 75 16 24 41 85 39 61 27 43 27 46 0 64 83 30 22 55 95 6 52 11 27 5 98 81 57 29 45 83 9 36 80 75 5 65 75 65 98 60 50 21 24 92 62 97 4 36 36 25 76 71 60 79 7 95 56 17 99 7 60 57 23 5 33 68 89 36 31 90 24 14 40 86 9 64 74 53 63 33 58 19 8 25 53 28 54 7 19 48 86 8 19 78 87 25 94 18 6 71 88 85 37 54 23 13 78 96 61 16 98 95 92 18 34 88 95 31 16 81 60 53 68 33 44 90 89 30 59 92 74 11 25 30 86 96 80 86 8 87 51 64 11 80 93 45 46 16 18 79 73 40 35 53 11 76 32 98 7 98 44 67 57 57 95 96 14 36 11 62 18 37 7 58 65 58 7 65 12 57 58 57 98 90 20 7 91 7 51 29 87 27 52 58 29 75 18 48 90 86 35 73 73 6 99 25 49 52 92 46 13 31 54 73 95 18 46 52 26 84 
69 69 32 96 72 58 44 3 50 37 81 10 62 90 84 26 29 74 82 29 1 67 76 54 15 58 22 92 31 96 18 5 58 91 75 65 80 98 98 4 86 8 47 84 82 58 3 57 38 12 76 43 34 45 2 42 53 0 41 33 9 22 42 65 25 61 75 10 4 15 1 9 24 96 8 0 76 64 98 28 70 33 8 61 47 75 37 75 84 48 35 71 5 18 87 55 84 71 56 23 28 25 71 16 62 90 17 34 76 69 46 97 36 21 45 99 16 54 11 33 91 38 20 59 58 50 20 69 49 1 34 80 83 11 43 56 37 9 49 78 1 41 34 89 90 54 19 57 0 89 60 97 96 97 5 29 34 55 17 30 4 21 54 37 95 70 26 89 89 91 13 37 25 19 98 29 46 61 22 83 16 97 67 9 57 78 25 94 47 80 71 98 71 26 55 66 2 33 7 11 93 65 7 1 38 87 83 39 65 4 75 5 32 30 24 47 3 21 12 84 99 75 44 25 41 70 74 55 33 45 18 46 31 53 97 40 53 34 12 9 3 27 93 40 68 51 71 21 62 60 27 45 12 0 55 35 73 93 6 8 35 53 39 54 49 35 71 40 34 24 85 25 24 38 52 78 64 96 25 5 70 86 25 71 26 24 21 48 0 33 7 78 10 82 59 59 32 10 47 39 1 61 15 41 91 64 93 64 15 11 12 6 30 45 54 40 39 87 16 48 54 43 29 99 76 27 77 17 72 39 75 19 90 55 29 76 42 57 79 59 2 41 75 63 15 42 91 42 62 4 83 24 71 74 89 20 42 61 74 53 25 6 27 82 24 93 59 13 47 62 7 69 89 49 95 82 1 72 11 55 98 63 82 90 26 63 26 78 68 28 4 85 18 50 41 43 84 1 22 38 
47 47 31 88 0 64 38 34 4 24 78 34 0 62 82 95 61 9 76 51 66 47 37 34 17 3 47 2 66 11 41 98 21 35 69 18 39 61 75 55 36 37 57 51 76 71 98 24 22 30 40 5 4 43 53 53 24 86 4 3 86 96 20 9 51 43 0 17 97 86 27 45 53 80 35 62 17 98 22 55 58 70 77 19 65 51 74 92 8 15 69 10 15 8 7 83 51 42 65 88 24 23 89 8 42 44 32 71 41 32 91 70 89 30 39 21 58 12 6 5 44 89 21 35 43 30 31 68 11 97 31 50 50 38 37 8 96 78 28 30 78 28 88 80 2 38 42 22 7 73 29 2 42 37 72 6 12 95 27 40 21 95 62 41 28 28 91 45 11 22 96 75 81 55 5 28 59 73 67 16 24 23 33 37 48 42 26 31 87 38 12 12 73 13 83 76 62 72 16 15 83 3 71 90 58 53 83 60 18 76 49 78 9 58 24 89 48 81 84 70 16 36 44 58 33 87 13 23 11 51 55 19 16 10 53 39 33 33 69 51 12 78 57 0 45 49 17 2 60 86 73 63 35 73 33 87 32 76 0 98 20 24 60 15 81 54 67 75 86 52 59 73 9 68 18 54 6 5 37 56 72 80 17 67 31 8 95 8 5 29 84 97 90 53 32 64 51 68 32 92 16 37 57 2 81 22 56 96 14 77 91 63 14 7 1 20 50 6 56 91 61 53 6 69 67 10 82 31 38 47 97 72 40 93 84 10 99 11 87 99 14 26 27 63 45 8 68 44 18 6 90 10 40 81 29 8 91 76 30 71 90 72 4 9 98 60 67 69 44 59 60 13 37 47 5 0 32 11 94 41 16 88 17 35 90 32 13 27 88 67 77 43 23 83 59 49 82 25 47 47 
28 19 14 11 69 17 34 82 76 99 80 65 47 42 31 4 90 87 47 18 33 46 2 5 24 79 62 50 68 8 75 16 3 63 17 42 12 15 29 81 17 17 57 82 65 26 74 52 61 81 14 26 89 46 93 12 51 12 71 90 55 79 15 44 53 58 2 8 55 94 19 37 62 65 49 10 12 44 65 78 24 75 90 73 41 6 19 87 30 63 12 60 61 7 75 64 70 57 92 91 10 18 10 55 25 98 77 16 13 37 1 84 37 53 84 1 25 79 91 16 90 68 32 31 56 38 8 42 45 76 75 89 73 22 57 69 84 32 88 80 84 57 25 69 92 22 95 0 64 16 69 86 30 87 12 29 97 28 45 11 43 82 32 52 60 47 85 84 92 40 58 98 25 59 21 65 91 15 19 76 68 18 85 49 88 34 59 25 95 37 94 68 28 3 38 38 74 44 72 69 69 50 91 85 56 75 89 0 32 55 45 48 99 53 56 89 34 88 5 71 12 32 12 75 4 92 33 97 36 38 69 55 7 81 52 36 16 79 6 6 21 55 60 20 6 0 73 22 45 11 82 71 66 89 94 62 75 89 14 56 58 60 40 41 98 46 36 60 66 12 27 44 96 19 8 76 93 76 5 64 33 59 47 77 26 57 20 24 16 61 44 55 0 15 61 61 73 76 32 50 86 65 49 72 33 74 34 51 80 40 99 64 14 82 19 90 16 60 43 20 40 65 75 22 78 83 21 46 97 0 87 82 8 96 51 51 50 72 4 63 43 93 83 0 4 45 47 92 76 29 98 8 95 80 59 97 91 83 16 56 10 30 81 80 84 5 21 73 25 90 17 43 41 74 93 17 58 47 37 16 38 1 61 15 65 11 9 72 33 44 56 86 16 41 54 85 53 69 59 31 
48 28 98 8 59 32 46 64 69 1 27 43 49 87 88 29 6 54 64 83 6 65 63 66 91 29 39 51 41 36 78 43 5 41 37 84 97 55 69 79 29 22 17 67 10 76 48 74 5 28 25 54 7 55 4 23 46 15 67 15 26 29 1 35 57 46 45 52 43 70 66 8 38 72 97 69 45 91 52 70 28 73 86 54 83 97 56 45 66 79 26 66 73 45 96 93 99 78 34 40 37 13 54 25 60 75 25 78 94 2 93 5 1 94 74 69 36 48 41 61 4 20 69 71 34 87 8 3 65 2 77 93 6 30 96 4 34 12 49 37 53 14 69 32 61 11 6 0 52 3 93 57 77 99 11 81 80 0 95 20 21 70 5 1 63 70 64 84 2 23 79 69 69 77 63 1 8 75 32 0 4 35 92 90 48 0 24 98 0 3 28 92 72 25 14 41 44 92 42 37 2 35 21 52 75 79 32 65 17 91 23 31 52 56 93 48 44 30 80 5 43 89 52 2 94 35 25 38 33 25 27 67 51 33 11 41 27 51 78 4 65 55 51 79 12 49 0 20 28 85 44 30 35 58 61 68 31 26 57 63 38 12 26 9 64 28 7 76 65 62 84 3 97 86 49 38 80 43 89 20 69 22 40 56 60 49 22 5 31 11 86 3 18 31 24 33 27 21 35 45 17 23 74 8 63 28 7 22 43 69 21 38 3 53 90 45 24 79 20 25 77 97 89 32 19 2 52 74 30 35 46 52 26 19 21 65 79 18 16 94 74 36 31 20 74 49 76 44 49 67 46 8 90 81 33 69 39 55 50 65 30 87 53 49 62 42 4 53 39 12 21 98 33 59 67 52 21 3 41 78 45 10 4 99 94 50 82 14 99 55 6 68 23 49 62 40 11 91 19 83 
97 61 36 26 96 59 53 81 62 98 58 89 74 11 78 40 17 82 25 87 3 81 85 52 41 16 79 73 10 7 2 33 19 70 32 54 99 32 94 87 11 11 25 38 53 47 29 76 87 45 84 20 42 46 62 77 20 77 32 16 55 37 6 10 99 38 10 6 89 49 74 49 89 74 72 65 17 69 28 15 71 33 6 97 30 77 58 8 63 75 48 18 89 2 91 90 6 18 29 90 8 19 47 81 84 42 55 26 24 2 91 98 7 27 64 46 29 36 39 3 11 11 79 9 46 29 27 45 79 21 49 94 78 61 91 58 23 63 56 94 12 78 83 63 97 2 0 83 24 27 83 60 76 12 41 2 76 23 68 83 92 52 18 90 12 68 17 92 4 75 57 23 46 36 75 84 54 55 9 36 55 31 78 33 6 59 43 94 52 59 9 40 55 3 17 30 5 35 90 23 89 71 66 83 6 57 19 63 21 9 51 17 77 68 22 52 17 96 92 95 66 22 91 20 49 89 53 87 11 7 12 27 15 6 13 24 28 28 44 6 48 42 51 87 68 29 29 3 28 82 84 99 61 36 64 27 58 87 62 75 64 27 37 45 54 85 0 52 31 10 25 80 53 22 88 88 26 83 22 12 65 41 16 81 3 64 58 61 34 60 41 95 89 84 25 11 14 47 51 14 93 38 14 53 25 46 42 78 32 37 2 66 54 19 74 32 42 15 85 59 68 65 49 0 30 74 51 34 6 78 84 10 72 89 8 24 20 62 86 63 58 40 80 53 24 17 45 94 83 32 60 83 86 13 38 84 15 64 99 83 80 26 81 87 49 47 81 95 2 45 19 69 59 47 48 25 7 30 6 22 82 36 15 34 50 9 25 97 96 99 97 60 18 0 85 43 92 67 24 29 
35 96 37 66 13 23 7 34 74 40 31 88 83 90 94 77 93 13 17 2 40 94 90 99 9 60 33 25 20 82 30 22 50 34 65 8 14 4 39 64 62 23 87 44 17 27 18 6 51 76 86 43 4 74 61 2 8 25 24 93 7 95 13 38 20 8 86 66 79 1 35 67 16 76 71 62 66 55 49 51 63 7 65 15 64 2 42 35 13 8 18 59 79 87 92 6 53 89 48 56 76 99 96 55 46 23 42 26 0 25 2 7 71 5 81 60 16 87 42 61 82 40 71 16 49 9 99 84 57 70 92 82 29 57 8 12 0 43 84 4 76 93 94 34 85 27 22 5 40 5 79 11 21 50 32 38 17 58 79 33 80 39 52 60 10 76 26 51 32 72 77 45 33 57 95 55 54 52 72 58 71 11 56 83 28 18 80 50 35 98 55 77 37 35 31 54 82 27 22 82 28 40 66 15 73 86 48 64 98 21 76 75 99 98 46 72 11 83 19 24 42 40 60 9 50 59 82 12 94 27 13 18 46 97 18 27 6 63 42 84 37 25 41 60 30 1 39 70 48 78 54 17 95 64 72 83 5 2 63 66 46 64 26 4 80 51 1 78 70 1 80 3 26 53 68 38 61 29 66 5 81 54 44 99 42 27 81 89 62 45 53 28 94 97 65 46 94 71 40 82 19 99 38 77 63 81 19 43 3 29 40 1 96 23 13 24 47 93 23 13 19 91 64 59 42 98 15 54 58 76 22 65 93 87 8 26 74 40 52 28 58 94 15 50 43 55 82 94 94 65 8 77 7 5 1 69 53 76 3 3 39 51 99 69 90 74 59 71 64 91 19 30 48 51 94 76 79 44 62 27 23 56 62 32 25 6 63 83 8 83 1 96 44 0 80 24 57 75 70 94 
32 13 34 63 10 73 86 0 59 70 97 90 21 50 88 30 82 3 10 46 39 43 62 75 18 50 4 1 93 78 34 12 88 79 39 29 8 72 17 44 81 42 88 31 69 6 67 86 50 64 67 44 66 86 48 7 5 22 71 92 87 81 85 46 74 52 70 74 18 99 54 93 7 91 66 17 95 24 22 50 41 80 17 55 29 55 66 64 57 91 77 37 79 85 5 6 35 85 93 64 76 15 77 68 74 7 59 26 19 13 25 37 3 68 4 30 87 28 69 14 25 58 47 87 28 5 22 41 87 22 66 77 33 51 11 87 18 67 19 57 77 85 56 27 87 99 37 8 54 57 19 25 67 15 96 84 84 55 2 0 50 98 45 11 94 16 91 0 47 9 63 18 24 63 76 0 78 70 51 43 28 72 59 29 37 77 73 80 77 95 31 58 80 5 44 41 87 25 65 22 37 61 34 73 37 44 56 33 36 37 74 2 62 74 10 58 68 48 17 41 28 58 1 62 0 93 41 27 56 99 58 36 3 71 5 31 12 27 45 4 53 7 98 37 60 5 66 13 23 93 32 52 77 52 18 54 39 99 75 13 33 70 9 88 26 50 75 82 33 61 70 22 93 52 44 48 13 49 73 52 40 32 14 13 48 56 64 77 98 90 47 55 37 37 98 93 94 62 4 67 36 26 71 95 55 29 59 83 3 30 19 8 85 8 24 72 89 91 66 39 74 20 84 61 6 81 17 27 31 64 16 10 8 49 96 32 8 90 84 74 92 43 34 42 4 58 13 62 63 52 33 12 42 65 10 51 30 17 75 34 29 4 64 52 59 94 10 71 92 74 58 1 65 28 64 12 39 74 97 61 91 44 48 4 41 30 41 33 54 6 51 26 15 17 23 43 51 3 84 18 
51 78 45 60 26 30 97 80 71 2 53 99 77 75 39 51 46 7 26 92 9 79 74 11 90 0 37 57 65 53 70 43 61 25 5 64 66 69 31 68 83 53 52 86 13 28 46 25 42 79 4 30 81 9 51 29 22 36 7 44 68 67 65 52 74 60 95 3 63 72 80 2 65 57 26 84 43 27 22 94 9 55 43 0 36 43 30 52 51 38 28 6 50 39 7 44 37 87 62 23 11 72 0 5 3 67 72 0 98 73 98 94 3 66 8 35 35 70 75 56 17 37 28 26 17 37 19 55 43 97 50 46 31 76 57 97 94 62 41 25 96 70 46 94 79 33 26 17 86 18 59 10 99 90 92 35 98 38 62 84 48 10 36 82 91 1 65 97 98 79 21 1 7 97 55 56 31 3 13 80 21 54 33 84 11 13 66 19 41 57 14 65 80 0 15 85 46 70 15 63 83 45 21 51 24 43 88 82 53 13 54 70 20 23 61 48 71 77 29 5 10 20 58 29 70 64 87 29 74 44 76 10 16 9 16 79 86 0 21 2 46 91 56 49 86 40 84 68 0 78 50 73 61 56 95 72 52 61 41 33 37 63 27 90 7 78 74 5 95 71 75 78 46 20 91 64 76 30 21 46 22 70 95 51 65 39 68 91 64 69 60 0 84 2 92 19 94 21 23 65 29 96 49 72 56 8 60 43 66 92 36 48 96 94 91 51 51 13 97 80 11 24 60 84 51 82 11 46 90 90 24 79 29 92 19 14 54 25 53 26 52 63 38 72 88 89 95 65 63 66 82 0 73 91 13 52 94 58 29 85 79 0 92 47 15 51 74 95 18 56 29 9 14 91 82 17 96 77 85 2 69 57 0 75 94 86 92 52 53 35 41 17 76 88 11 86 31 0 13 42 
61 52 69 96 87 27 64 75 57 6 11 84 21 86 6 2 25 52 24 52 23 48 15 55 71 13 90 26 5 80 80 45 3 15 87 47 61 0 28 78 11 17 45 20 23 62 68 99 51 21 6 32 53 82 36 41 54 96 96 48 52 2 0 95 63 41 54 66 42 77 31 86 65 42 86 99 2 69 31 59 96 19 21 88 11 57 31 52 54 44 98 85 9 51 39 48 35 15 39 41 59 99 4 91 37 32 30 91 3 62 18 71 52 91 85 69 85 0 4 1 35 90 18 47 96 54 44 92 9 49 4 76 59 17 92 53 37 0 69 82 90 70 97 54 47 12 42 33 15 83 72 27 28 58 82 96 57 12 36 47 18 6 7 24 76 20 50 28 86 49 87 74 15 64 49 95 48 40 65 25 60 15 30 69 7 95 70 6 84 65 53 66 30 46 68 19 64 71 46 8 40 4 65 21 49 57 29 48 89 31 85 38 69 80 18 1 10 73 92 7 92 28 74 67 13 19 65 78 96 75 24 13 23 80 11 22 17 32 73 96 76 62 30 46 42 69 53 30 82 53 22 38 50 26 23 67 7 27 8 2 0 44 9 68 62 54 95 24 64 50 30 23 82 33 57 7 31 83 66 24 67 23 27 23 10 50 37 51 55 34 1 37 88 29 68 55 90 90 47 61 84 11 90 76 19 67 17 27 44 58 29 87 49 91 36 33 48 9 31 65 70 61 6 49 60 91 49 95 8 43 94 12 97 22 92 5 34 49 86 28 40 41 94 87 47 91 72 26 56 10 29 91 68 51 85 85 35 29 9 41 54 57 25 41 5 95 49 57 81 50 41 81 65 88 26 60 51 82 19 5 82 6 4 7 1 6 25 5 18 84 51 76 32 38 19 60 66 56 55 45 
42 67 49 5 17 24 32 70 51 10 89 54 57 89 3 95 93 83 43 52 37 71 55 47 56 43 88 93 22 30 81 79 46 87 6 70 49 53 1 17 12 83 27 77 2 26 54 97 99 68 82 56 36 79 14 4 4 27 36 20 3 24 43 4 49 55 36 59 33 82 95 65 30 99 64 59 57 21 94 23 84 97 46 24 47 36 99 62 61 96 32 66 58 44 2 28 82 7 28 72 60 96 24 78 40 7 69 30 82 24 42 84 44 69 4 80 21 81 22 32 79 82 3 69 22 78 29 28 47 66 61 93 44 51 44 53 16 22 96 39 20 88 22 52 15 73 50 32 32 22 47 60 14 10 38 86 53 15 9 10 78 85 44 50 47 78 86 80 96 9 35 87 5 76 42 35 1 53 7 68 2 45 43 89 94 92 87 26 25 55 36 47 48 35 48 60 22 13 26 25 25 63 34 16 55 90 55 73 9 76 92 61 76 7 93 31 46 99 64 39 99 5 84 80 65 49 5 17 5 5 88 10 51 66 35 92 43 38 20 2 17 38 87 29 17 11 94 26 36 60 9 31 91 10 5 44 45 82 7 66 87 6 36 61 26 90 76 57 25 73 46 94 39 21 31 9 79 59 81 51 34 26 24 20 69 25 25 42 99 11 11 99 14 7 19 69 33 68 25 73 80 19 52 85 24 66 92 86 96 99 74 8 77 6 39 8 20 11 90 44 81 7 32 29 48 45 57 21 65 88 40 46 74 7 98 43 27 72 3 26 61 20 33 6 40 35 13 77 86 71 15 85 45 64 82 78 38 91 84 43 82 93 79 38 89 42 96 69 70 60 87 79 14 50 67 81 37 2 99 29 61 46 1 65 84 31 66 88 56 98 14 18 12 20 25 88 62 39 63 61 
79 45 64 11 87 24 27 6 78 91 76 43 26 20 19 47 58 18 19 81 57 85 38 2 23 96 23 84 53 83 66 53 20 61 51 36 64 19 9 47 52 37 56 83 81 84 93 65 98 89 1 63 51 17 57 79 51 6 80 66 70 1 45 7 87 4 23 48 44 50 54 74 11 5 76 29 45 35 51 82 38 35 73 21 68 98 86 33 99 89 64 86 44 30 21 89 52 23 16 29 52 10 49 53 79 14 34 9 92 12 38 63 16 1 82 91 89 71 81 80 44 78 72 80 25 10 61 25 21 30 30 38 64 94 22 50 15 41 57 67 16 28 9 98 5 91 12 92 18 57 46 4 66 61 26 36 15 92 73 77 68 88 94 51 8 11 86 32 53 53 34 63 30 34 97 84 81 0 67 26 75 11 98 17 13 53 48 18 3 64 14 72 39 22 96 28 0 73 92 58 23 43 15 5 66 91 77 13 59 80 20 8 4 2 28 36 68 23 18 78 0 59 82 2 48 11 86 77 7 31 40 30 30 26 11 86 76 34 73 10 89 40 34 38 64 37 72 35 21 66 11 81 68 81 92 58 12 28 74 86 19 81 38 39 78 43 94 8 31 73 85 33 21 48 2 65 4 29 15 64 62 99 63 41 21 74 61 30 54 33 35 63 74 57 75 81 79 22 1 64 60 53 90 71 80 91 43 83 60 34 16 61 52 65 74 87 97 24 27 41 64 13 69 60 37 32 18 48 44 86 91 23 39 32 47 13 26 86 73 73 84 47 47 40 55 97 69 32 82 26 69 47 36 76 41 18 19 93 12 0 22 44 24 71 0 74 56 14 19 36 68 95 20 36 93 7 7 51 71 38 84 78 76 33 35 23 6 19 90 26 44 93 65 67 17 14 95 82 29 25 
58 6 1 62 91 46 13 36 75 10 28 47 33 56 50 85 93 46 85 0 68 95 82 20 29 80 85 99 96 69 59 0 13 80 39 64 46 29 15 66 0 42 85 86 76 74 6 56 14 92 56 78 94 73 70 99 38 66 0 61 58 19 82 90 86 69 6 10 53 40 84 68 95 45 12 95 12 21 65 62 37 2 29 51 96 4 1 87 55 34 35 50 26 91 8 11 22 74 95 25 96 12 47 16 1 36 48 65 98 28 1 88 40 36 8 69 86 39 42 5 10 80 21 97 32 17 67 47 96 86 89 48 51 53 12 9 5 62 82 2 6 96 93 80 1 81 55 62 64 39 73 3 37 27 14 82 60 74 26 9 58 85 0 66 9 74 99 19 26 53 76 61 64 40 33 88 37 49 32 76 49 3 51 67 41 88 38 1 78 42 34 16 58 49 1 85 16 27 37 10 51 69 77 46 51 74 26 22 32 73 26 74 46 40 79 47 62 98 74 66 77 76 18 9 82 36 94 24 38 77 69 18 73 23 2 9 0 90 55 96 9 81 54 32 15 97 5 93 43 18 65 5 34 37 82 69 88 2 78 19 28 24 48 7 20 91 90 86 32 57 44 89 62 20 91 78 36 63 22 19 34 99 52 94 45 96 42 72 37 60 6 54 90 43 5 10 60 0 77 94 52 47 65 8 49 31 45 20 73 34 97 7 49 18 65 89 58 30 91 62 56 42 68 29 15 51 48 21 57 2 27 67 87 7 71 63 3 77 12 50 77 13 82 68 41 70 35 3 45 91 4 80 15 75 11 92 85 40 33 37 86 47 65 18 16 26 22 97 60 79 25 40 54 76 70 82 2 48 83 86 25 2 61 0 48 43 44 75 94 36 25 87 52 65 46 79 2 63 56 82 
24 17 39 46 94 45 63 25 87 32 27 15 76 95 95 28 28 20 69 58 95 50 35 29 67 16 82 99 66 91 91 90 66 58 71 40 10 73 80 41 30 57 46 75 24 44 41 70 31 67 21 37 92 56 51 57 47 17 54 4 80 18 22 93 67 62 68 42 29 31 14 6 93 20 80 4 86 62 87 96 37 11 57 56 76 75 74 29 40 7 97 72 68 27 57 95 8 14 2 89 41 89 71 60 81 72 34 88 29 4 94 76 25 26 35 44 57 2 47 35 33 51 43 98 74 42 49 32 2 54 77 31 44 27 2 75 30 58 67 94 75 95 5 48 16 84 2 75 33 2 94 98 84 37 89 89 97 64 93 73 72 81 58 1 31 34 35 60 84 41 7 5 98 42 36 43 99 78 70 75 53 50 83 74 19 44 22 39 55 29 98 84 41 16 68 84 46 38 11 17 18 82 6 87 91 83 88 29 96 92 12 50 21 95 27 15 35 73 26 87 50 52 82 98 68 39 27 10 17 74 81 83 49 93 45 23 70 2 99 6 3 1 95 58 92 60 49 8 63 19 13 21 7 86 79 48 82 52 84 61 28 19 41 95 61 13 67 77 35 92 92 38 18 38 15 37 12 74 86 39 41 99 24 81 1 58 29 96 83 86 50 0 14 56 0 51 74 7 77 25 6 17 64 21 7 90 61 73 7 77 17 59 39 53 26 87 34 37 86 40 7 55 93 71 32 10 77 57 80 90 6 99 54 12 93 19 44 6 19 5 94 8 66 85 2 48 16 7 84 31 16 42 58 4 13 1 58 44 36 8 39 11 14 7 8 94 30 60 31 21 36 49 9 24 5 63 74 4 17 29 88 23 31 64 79 96 39 36 52 99 86 35 46 33 57 77 49 79 11 4 
48 32 53 41 40 48 47 42 71 2 17 85 38 70 17 97 47 24 90 99 66 19 46 72 70 85 52 17 38 29 45 43 41 23 72 97 63 13 87 70 9 46 28 59 42 67 40 69 46 99 87 66 31 91 84 14 47 14 10 20 98 79 55 38 61 37 92 49 37 26 94 60 11 63 27 15 96 23 47 35 92 26 73 93 5 75 41 21 49 94 36 88 0 35 42 11 59 39 38 45 79 68 82 86 34 6 17 70 47 45 59 89 41 68 52 52 94 9 71 89 20 86 32 78 3 82 48 52 24 20 96 17 25 94 49 62 6 83 62 18 32 22 11 50 48 78 28 0 27 30 77 78 3 80 60 63 52 7 99 83 16 29 17 41 59 2 31 62 59 24 23 5 39 13 15 74 11 64 98 3 83 57 0 44 52 88 80 61 47 6 31 58 99 69 42 82 57 89 78 96 25 24 55 93 76 51 27 50 56 93 17 50 32 12 30 15 81 77 38 10 36 21 86 31 68 37 45 46 46 37 52 2 7 61 6 24 39 12 84 28 20 90 37 42 92 59 2 11 46 40 20 93 26 26 90 20 60 85 57 62 7 94 60 54 15 40 89 93 39 43 97 93 71 70 7 29 4 35 60 88 41 61 65 9 75 73 14 44 48 24 6 39 72 19 19 91 23 56 7 71 81 33 95 97 48 70 2 45 96 52 29 71 25 47 10 8 25 91 3 19 5 54 49 31 61 77 92 17 44 30 96 52 49 13 76 57 97 21 58 68 80 29 76 42 65 62 18 57 41 44 84 61 42 0 69 48 50 8 51 0 61 37 17 7 87 84 58 19 96 44 72 68 88 59 82 23 26 95 17 0 74 39 25 50 42 78 78 9 95 23 85 76 28 78 92 24 19 93 65 33 
94 15 39 19 75 9 69 96 80 94 60 69 94 92 42 34 20 27 84 53 43 10 88 13 99 76 76 7 93 89 35 77 42 69 79 19 78 52 43 15 35 58 29 40 23 57 96 93 97 44 56 98 59 98 70 43 68 16 78 8 8 32 50 97 98 31 41 47 57 3 15 26 34 84 3 41 7 63 22 3 65 49 22 15 31 55 51 34 28 2 8 31 85 89 69 4 21 16 4 27 24 19 46 47 91 55 51 16 72 81 5 44 16 53 8 20 95 88 94 14 46 29 1 24 28 64 33 73 2 33 36 67 11 28 7 89 56 80 75 89 3 21 71 56 14 92 32 81 78 50 43 16 89 54 89 24 33 7 89 50 10 77 41 95 69 33 10 0 14 59 34 68 35 31 95 84 58 91 9 46 58 28 86 66 96 84 29 9 75 3 33 74 77 37 12 15 72 78 52 92 57 79 20 78 90 40 22 66 86 66 84 79 65 23 20 93 41 24 76 44 56 51 38 85 74 24 40 83 74 49 68 40 8 20 50 21 78 12 86 44 68 60 55 60 84 3 24 26 2 97 11 78 26 17 55 23 79 7 10 71 56 3 42 23 33 23 3 87 92 86 90 20 81 34 60 53 87 83 86 55 91 88 44 69 90 45 12 92 98 14 32 0 45 39 2 82 62 80 19 10 16 75 86 68 4 11 23 3 97 80 7 6 94 69 13 67 76 20 81 28 80 60 17 4 63 31 21 58 64 78 67 80 50 34 70 22 19 4 31 68 92 89 30 2 66 39 50 94 23 98 51 3 77 54 98 68 12 59 82 91 11 26 78 95 81 92 51 20 44 17 36 93 2 43 79 66 26 50 17 28 69 78 17 18 73 59 73 29 81 44 13 85 79 24 76 73 87 48 81 61 
68 73 14 35 76 17 23 88 71 15 36 60 92 32 87 39 92 32 1 65 14 14 55 49 43 95 14 13 58 47 90 13 83 93 6 69 86 60 4 87 97 6 90 30 33 74 14 99 61 84 66 78 75 4 27 81 89 87 39 63 43 73 20 76 49 16 11 82 88 27 17 15 68 47 92 93 48 90 29 31 41 88 53 46 80 59 26 54 31 73 95 87 10 13 58 46 30 42 25 16 89 83 95 92 55 88 81 23 81 8 8 65 0 36 36 35 96 26 90 1 58 49 86 97 10 68 69 87 61 61 72 90 54 64 20 70 95 72 93 7 95 61 72 99 74 47 22 88 16 66 41 56 93 34 45 89 85 41 28 95 79 51 37 39 99 13 15 29 1 29 56 45 40 60 52 91 98 61 72 1 80 74 42 85 98 73 63 39 61 13 59 66 24 84 68 85 24 51 53 21 15 83 95 26 86 86 92 7 86 48 52 82 84 91 70 87 67 97 65 75 51 3 58 60 8 21 3 27 21 1 44 59 85 80 97 80 22 31 81 38 12 93 13 23 76 61 44 58 38 35 66 5 87 4 38 69 75 14 48 81 62 32 18 89 65 57 43 60 24 58 18 76 25 79 8 68 59 39 28 93 9 35 10 85 89 83 54 86 8 38 98 47 10 83 11 24 41 41 39 62 87 4 15 45 45 44 48 37 87 17 35 58 56 36 69 24 28 17 38 33 97 61 14 73 46 67 5 77 39 17 91 3 28 48 60 37 92 48 5 70 34 33 52 44 21 34 48 8 65 54 39 36 60 5 82 55 38 7 94 54 85 28 63 77 48 43 22 8 89 80 15 23 29 24 43 11 51 51 6 11 76 49 76 13 58 51 84 74 74 32 86 69 44 40 49 98 69 49 12 10 
98 80 7 32 51 77 88 51 25 32 35 51 61 67 53 90 86 74 64 56 62 78 59 60 83 9 35 92 32 65 23 99 49 15 4 50 2 46 76 57 32 12 20 98 36 11 15 81 46 32 61 78 93 20 79 69 72 16 41 73 32 67 54 27 43 78 26 43 36 27 74 15 24 16 40 2 9 94 21 44 68 45 7 1 16 11 86 3 85 33 73 95 51 36 53 46 47 48 86 32 26 93 27 50 28 63 39 97 35 0 71 26 93 26 62 31 99 74 26 98 99 55 73 36 55 60 44 72 39 66 95 14 0 56 57 50 74 59 17 66 91 20 13 79 97 7 83 94 26 42 33 25 26 35 40 19 33 38 64 58 25 27 85 3 2 99 2 68 88 68 7 41 9 22 8 19 56 47 21 96 73 55 46 22 82 16 71 16 57 3 60 82 86 52 93 33 0 51 74 22 43 47 37 2 41 15 24 26 18 95 88 91 96 56 18 24 54 31 89 15 55 3 92 94 38 17 74 47 13 43 63 98 39 40 57 77 87 11 75 80 66 22 24 18 10 69 12 31 64 71 10 88 74 21 97 4 33 57 84 9 46 52 7 46 20 18 85 46 38 33 23 61 89 25 98 28 80 19 36 43 70 53 83 87 79 81 90 62 59 64 40 62 27 57 18 16 62 42 64 69 39 10 71 49 43 59 73 59 26 78 42 93 1 49 46 80 27 52 99 75 75 55 17 68 32 47 22 55 76 27 66 22 18 77 35 84 56 69 6 26 84 85 31 43 57 22 5 51 51 38 61 54 11 70 55 66 61 86 25 10 15 18 24 97 91 79 76 46 56 23 52 97 49 25 10 26 69 57 56 0 50 54 27 77 29 5 54 16 65 9 6 95 99 79 33 34 94 68 33 8 
78 12 23 88 31 53 35 3 47 1 90 44 99 89 57 83 65 46 43 58 18 60 26 89 48 33 50 26 82 67 91 44 23 21 95 63 60 34 71 68 61 87 95 45 97 70 91 12 57 76 45 80 74 93 24 68 58 92 57 43 65 40 8 28 0 89 73 3 57 8 61 14 24 74 19 85 65 34 46 4 80 93 77 87 14 29 80 8 56 98 36 39 5 64 94 98 14 49 56 2 90 18 61 70 84 47 39 22 39 56 53 63 9 26 17 33 65 3 58 53 7 8 59 16 15 83 32 24 80 20 69 5 18 85 4 59 56 10 58 6 79 54 17 93 93 58 43 87 49 21 63 43 83 9 60 64 30 52 87 44 81 15 66 40 51 68 69 36 30 62 44 59 97 53 57 30 48 29 55 34 0 63 46 51 20 10 73 45 40 32 98 60 32 6 1 84 19 36 44 27 92 91 58 95 20 83 37 11 62 5 16 40 75 50 68 83 26 14 54 49 51 59 17 7 90 84 82 59 7 60 66 87 39 75 86 1 70 84 97 34 22 8 85 23 86 78 35 76 81 7 21 71 92 40 9 17 47 65 47 43 51 93 46 0 99 83 83 84 49 3 58 32 26 82 17 13 61 14 1 35 32 73 92 59 75 27 49 90 63 94 66 54 39 54 40 90 72 78 90 38 14 93 83 6 64 68 57 92 52 3 94 26 28 49 6 12 68 77 89 22 1 3 67 34 82 76 52 5 25 6 17 30 8 13 16 50 73 89 51 22 58 60 56 54 93 67 72 8 91 22 29 13 99 11 40 70 9 27 95 97 68 11 63 48 29 0 78 30 21 98 3 49 36 10 73 52 51 78 17 10 51 65 46 91 59 35 71 98 36 86 28 18 7 90 25 96 27 30 32 73 
11 39 43 0 30 84 9 51 25 59 5 95 74 19 27 84 86 11 71 69 31 69 88 80 87 67 62 26 39 50 90 74 89 75 33 19 36 55 38 50 17 46 88 89 6 71 37 52 60 66 85 85 18 74 21 67 24 21 58 71 85 85 41 27 97 31 96 98 66 67 50 47 57 61 19 65 79 14 54 55 25 52 12 29 37 95 21 91 69 88 29 81 77 30 15 23 52 86 81 77 23 43 8 37 82 23 9 51 15 84 0 86 32 46 52 1 83 40 92 33 12 98 48 21 43 26 27 54 2 13 67 80 65 39 57 16 0 2 94 52 85 20 11 99 34 48 29 82 5 26 17 67 75 33 54 71 98 84 98 76 39 72 94 47 94 29 16 12 18 31 47 22 12 38 62 88 87 13 32 34 3 4 56 7 87 37 11 32 11 89 62 13 50 50 62 98 43 82 53 49 50 97 59 66 77 64 77 39 83 90 8 70 65 39 13 59 44 43 12 10 38 0 98 85 64 55 68 70 55 85 12 55 10 8 90 73 44 23 92 6 18 51 2 18 99 67 72 33 81 6 80 71 19 86 31 80 45 89 35 17 36 92 82 86 19 38 25 10 65 90 19 43 24 90 16 91 64 63 62 4 36 75 95 90 50 55 27 50 61 41 83 4 68 67 30 98 97 77 43 60 43 7 83 36 68 30 20 43 9 80 91 75 47 90 70 26 10 86 68 47 80 62 93 20 28 15 69 16 4 41 20 93 72 94 52 36 91 77 74 87 34 73 73 88 91 42 44 53 68 4 46 88 10 21 72 59 40 48 21 26 99 71 25 24 26 76 40 59 65 68 32 12 91 75 6 10 48 20 49 30 12 4 96 23 26 85 24 7 20 17 88 81 16 66 57 17 6 89 73 21 
70 26 80 25 20 94 97 81 2 31 81 61 82 23 66 1 41 36 82 90 32 15 18 2 21 16 40 51 91 36 54 70 85 0 30 45 81 41 31 33 37 80 97 2 6 4 80 3 71 86 69 26 63 9 1 71 19 62 62 92 23 33 32 54 96 97 20 14 53 36 7 34 76 55 16 89 28 68 79 39 36 72 41 42 86 40 39 74 49 78 40 83 89 38 65 17 89 46 56 47 1 76 97 52 12 71 83 10 83 71 9 59 92 18 15 14 25 23 80 25 25 24 17 52 32 8 60 71 21 2 97 16 45 61 89 19 5 68 41 65 24 48 65 70 94 39 33 70 60 47 50 74 89 84 66 76 49 18 30 28 20 42 4 5 57 66 48 31 23 43 22 6 23 35 84 51 39 76 2 18 91 40 19 36 94 65 50 45 56 42 5 97 81 2 28 46 60 8 17 21 65 16 94 65 40 18 84 44 27 92 87 82 33 73 2 87 61 99 33 0 20 32 56 84 6 41 17 87 36 78 48 47 37 30 46 59 86 14 92 56 58 8 18 70 60 22 60 75 43 79 71 65 35 45 99 66 29 7 47 96 47 5 10 75 13 54 1 50 63 22 81 95 36 4 18 70 62 41 64 76 35 49 49 81 71 81 31 16 23 42 23 17 78 97 78 95 38 48 39 19 53 7 34 33 68 15 4 54 84 51 62 66 31 80 10 98 93 79 91 36 32 44 8 46 1 97 40 69 92 26 37 63 29 48 15 74 32 65 54 10 89 55 82 21 65 69 98 22 81 20 63 68 0 1 63 63 71 58 65 19 59 31 66 56 83 95 96 90 42 7 46 39 63 91 65 17 39 31 46 3 71 23 12 79 42 58 42 93 2 7 96 71 58 57 26 96 58 73 98 82 
83 81 80 91 8 39 94 58 90 79 85 79 50 85 77 4 12 50 31 46 88 44 57 48 82 29 78 90 20 45 16 20 39 86 18 3 49 20 98 84 93 12 39 65 60 5 10 81 28 74 38 48 46 47 81 1 55 22 9 61 19 51 59 69 33 43 22 24 62 98 15 0 62 19 29 61 95 28 75 73 19 78 37 5 48 26 83 56 41 9 71 19 60 73 45 97 94 32 44 16 11 72 0 8 43 84 69 46 0 70 17 48 77 5 62 7 82 73 51 96 40 13 77 51 67 60 40 37 51 24 98 97 44 19 14 46 21 10 2 54 79 54 19 2 33 20 41 92 91 85 89 41 20 87 65 97 16 43 52 83 34 43 26 94 64 90 99 80 16 93 65 28 15 13 82 67 21 10 32 14 72 66 10 75 88 70 38 77 70 56 35 1 47 78 36 87 28 10 5 44 52 55 56 32 18 50 81 39 47 92 85 44 73 59 5 14 85 63 57 59 47 39 23 86 96 69 90 35 44 74 67 72 57 37 70 42 46 46 36 78 48 1 83 34 30 48 79 7 91 22 16 63 81 77 24 97 55 47 18 84 8 23 58 94 94 10 96 51 12 84 15 12 4 66 31 16 99 63 79 68 86 90 98 89 97 94 28 96 38 5 39 57 68 37 32 41 96 28 16 1 16 29 95 2 26 39 0 10 20 66 97 78 90 40 51 22 71 85 33 42 91 54 74 30 59 67 57 77 67 43 8 49 10 44 31 38 32 27 54 12 56 33 37 81 90 99 52 24 30 55 18 59 31 67 97 59 71 9 71 29 79 28 12 3 33 74 23 77 40 99 17 38 20 77 84 58 43 52 4 12 92 51 72 71 81 40 51 16 42 28 32 91 76 79 62 52 10 35 84 76 
7 10 46 84 16 85 29 83 45 74 72 15 23 90 30 66 99 88 69 58 69 36 39 58 1 83 88 30 53 46 69 57 93 77 88 30 96 22 44 66 60 66 46 11 80 68 4 0 11 91 81 19 31 81 37 55 39 53 46 95 94 40 46 42 58 35 20 5 36 24 82 49 88 84 52 62 71 48 50 25 82 14 10 52 98 86 80 4 42 56 22 45 85 20 64 50 69 81 12 83 27 98 2 38 64 7 38 78 55 74 37 29 44 49 76 26 20 79 38 62 98 53 30 2 30 31 78 64 28 3 66 93 86 65 76 8 97 7 46 85 50 27 80 96 1 11 60 59 74 1 87 53 31 59 10 65 52 92 24 6 5 8 42 8 77 80 24 95 32 49 18 58 22 95 35 11 60 5 69 49 52 28 86 97 36 51 0 14 96 28 83 91 9 32 62 86 88 76 75 71 11 49 85 53 24 9 39 88 31 26 7 10 34 47 35 83 47 57 30 16 94 7 46 35 84 1 12 1 59 93 36 71 86 19 12 10 32 6 7 44 92 63 39 76 52 50 14 93 94 0 59 85 62 68 85 18 45 28 36 40 82 10 92 65 43 25 86 16 38 30 64 60 60 92 92 57 93 71 48 81 18 60 44 16 36 92 80 88 10 20 40 6 36 47 74 21 4 58 27 77 21 64 48 15 87 48 18 51 62 84 40 97 91 7 64 21 7 70 24 57 65 6 94 89 54 33 22 37 94 68 47 45 50 68 73 20 28 24 2 33 19 37 2 23 56 98 63 28 84 95 56 5 67 9 61 88 56 36 24 46 9 91 55 54 78 75 34 89 9 67 18 31 76 51 62 42 31 56 81 13 31 70 25 40 44 71 66 55 78 31 45 12 13 61 18 89 75 25 36 29 
24 18 9 53 65 58 57 66 94 19 51 1 96 8 57 7 91 28 28 90 47 35 28 31 10 95 69 50 69 97 62 51 6 40 72 23 37 93 35 74 34 87 0 66 83 57 26 80 10 42 27 9 9 3 26 36 35 72 66 17 6 48 72 61 23 22 37 49 30 64 54 48 7 49 84 97 79 44 16 32 35 90 39 8 26 36 37 49 65 93 95 91 84 5 7 2 11 43 59 87 70 60 88 95 72 21 56 35 62 65 85 72 7 50 37 3 83 38 75 36 8 17 72 50 88 5 49 10 45 36 90 73 66 5 52 27 27 38 27 98 58 97 11 2 34 54 16 22 20 52 92 51 48 94 7 56 90 23 97 25 2 65 11 96 49 63 75 52 34 29 37 60 84 84 10 96 28 54 73 10 92 98 22 56 1 96 70 87 82 44 56 51 31 9 93 58 73 41 27 78 30 45 55 35 39 13 76 57 4 97 58 93 77 6 79 73 86 56 29 69 76 92 44 57 14 45 41 76 4 87 94 78 87 31 80 29 13 81 87 84 84 19 93 48 5 5 82 92 29 62 10 81 67 98 92 9 3 36 49 19 35 54 4 90 81 18 0 57 12 88 27 15 18 13 86 0 93 42 36 68 20 57 35 42 9 35 8 44 24 7 79 33 42 6 64 19 55 31 4 50 65 77 26 81 67 31 75 23 45 27 84 21 92 78 23 98 4 82 45 95 35 1 15 88 89 42 26 38 58 86 39 58 52 64 94 50 58 80 30 7 17 52 18 39 40 52 51 36 77 60 66 24 33 23 7 94 24 6 18 77 75 86 81 12 41 42 50 18 89 93 47 55 84 14 7 38 6 96 26 60 71 96 83 64 82 1 29 17 50 84 17 10 23 96 67 56 84 39 59 49 
94 25 12 22 43 81 29 70 56 17 84 58 16 59 81 12 54 18 88 0 56 98 6 99 65 99 95 86 20 62 63 39 11 89 15 46 10 0 46 19 71 16 86 34 62 57 59 63 53 83 81 39 86 44 85 14 24 8 95 46 79 24 21 84 78 24 67 78 53 87 26 1 59 13 90 4 46 5 29 44 86 63 71 42 0 31 63 18 31 90 87 96 71 8 26 76 7 23 9 86 28 4 16 28 72 55 50 4 56 27 44 49 66 47 10 69 82 2 58 6 87 70 54 45 96 79 60 44 12 6 44 86 11 80 44 49 26 47 46 82 36 89 71 69 10 50 51 60 31 15 5 80 28 31 8 15 40 1 10 42 8 48 4 10 61 26 46 74 8 80 53 7 82 92 54 64 31 41 4 7 73 91 77 63 94 78 21 47 42 17 76 31 14 82 13 74 95 20 39 16 43 43 75 89 73 51 49 22 88 83 43 14 10 68 32 19 61 43 62 30 61 75 71 68 87 31 60 6 13 18 50 52 27 75 44 26 82 84 93 35 4 61 4 69 7 54 1 72 72 45 26 2 74 33 18 71 87 44 92 55 3 49 15 24 24 77 53 64 61 83 29 87 38 87 46 76 11 33 97 50 81 29 69 49 81 84 17 98 42 92 53 79 73 49 55 6 66 5 21 65 86 17 14 2 23 92 29 56 88 91 38 41 2 66 12 73 66 71 17 0 15 4 48 23 82 93 29 41 24 74 68 3 85 26 51 64 23 1 5 7 60 63 31 5 60 13 34 60 0 67 5 96 11 31 44 48 11 2 9 32 40 88 2 40 5 25 20 93 78 29 87 82 0 83 49 95 10 53 75 77 9 27 53 4 3 54 34 92 29 63 16 53 88 77 96 83 47 3 77 6 
91 49 18 14 0 64 18 33 18 63 8 3 35 41 73 43 61 5 8 49 85 45 8 7 81 58 86 87 0 23 95 17 8 88 34 49 76 57 73 72 46 39 96 40 43 77 26 25 65 75 84 57 22 52 64 30 3 78 30 62 69 90 85 44 7 35 0 21 92 90 94 65 27 68 31 67 17 45 47 34 65 45 73 38 99 31 33 58 73 99 54 27 49 11 75 65 37 34 75 73 67 97 38 30 69 99 33 48 92 54 85 50 7 90 16 31 95 34 13 91 80 49 41 86 87 75 70 30 50 52 47 37 42 16 8 17 76 67 87 59 94 62 99 17 17 7 48 19 7 58 11 29 17 9 40 91 82 5 49 13 69 81 64 20 9 63 84 9 59 65 0 28 97 33 61 15 81 48 65 40 91 3 15 72 78 19 89 46 87 35 40 64 88 71 39 84 12 95 59 21 32 44 81 99 98 67 19 88 27 24 60 77 83 80 90 85 27 74 27 68 74 70 16 22 97 27 43 72 19 39 71 67 45 81 60 65 81 42 2 45 53 3 84 98 42 70 11 94 70 94 83 55 71 92 92 98 65 16 9 8 45 33 67 58 19 7 99 96 13 77 13 60 89 14 85 51 14 64 67 64 73 93 15 56 89 21 64 98 92 56 0 64 96 54 8 42 74 79 90 85 52 62 72 42 9 5 71 68 29 59 20 92 82 69 10 4 94 89 36 65 81 59 4 96 98 52 64 95 5 77 48 5 72 62 40 64 83 83 15 62 72 95 52 0 3 82 52 9 4 26 93 3 10 62 5 77 60 87 86 61 74 36 85 74 34 52 56 96 20 45 48 95 47 15 83 18 20 49 82 36 24 47 66 84 85 25 52 93 81 59 35 80 79 89 77 30 54 77 4 12 
31 14 62 12 45 7 11 68 51 41 71 62 14 34 60 44 23 63 84 45 11 38 82 28 57 83 25 59 0 24 49 79 2 67 14 73 44 97 50 8 47 59 19 46 81 43 25 88 40 85 69 54 88 7 79 77 80 99 91 95 59 22 98 0 47 76 19 23 6 18 56 29 99 23 55 99 95 8 96 14 56 22 40 18 34 52 54 68 88 32 70 88 41 74 35 77 91 0 22 84 48 13 95 51 0 44 34 11 70 66 10 59 95 63 20 55 26 2 48 3 92 43 79 72 72 21 93 9 90 55 61 98 42 96 49 61 14 27 4 89 11 0 89 56 48 55 97 95 95 60 44 87 42 80 0 62 65 47 11 96 40 19 38 87 76 91 73 13 41 95 13 57 42 59 64 35 12 67 84 20 24 66 74 89 88 46 8 86 88 75 45 2 5 21 16 57 93 59 4 26 80 1 34 51 7 74 43 62 87 59 60 92 80 42 11 43 19 38 44 92 28 69 59 91 84 20 84 95 22 40 88 16 41 53 34 27 1 79 47 31 41 18 93 57 88 74 42 51 23 75 3 40 59 71 30 59 82 25 93 5 80 9 84 67 98 82 10 53 10 14 75 40 14 16 84 10 57 94 63 43 27 70 45 42 71 22 45 34 7 11 91 38 68 18 61 28 28 76 53 49 0 64 3 47 13 22 60 59 80 43 19 53 64 54 62 58 81 45 37 76 3 4 19 28 41 61 1 13 14 16 83 47 96 85 87 82 83 92 41 64 8 32 61 44 67 20 67 28 85 66 16 46 14 88 11 26 10 3 63 35 42 6 44 31 42 8 60 36 8 38 47 33 75 83 21 12 2 52 75 45 39 85 4 34 91 41 2 32 66 87 19 75 66 41 17 34 97 70 2 33 
4 66 55 22 3 53 11 85 45 53 23 47 10 11 37 97 88 28 81 59 26 23 50 75 76 70 1 2 79 50 31 65 59 71 72 3 66 12 84 59 74 23 45 91 95 60 25 28 59 7 38 69 26 67 51 80 34 5 96 32 22 33 85 84 96 71 99 64 25 36 7 58 64 47 71 14 71 55 58 45 65 58 52 43 50 84 58 99 5 8 95 5 15 15 7 82 45 11 31 78 27 73 57 42 66 73 93 2 35 25 4 38 33 21 67 9 42 74 92 7 52 74 53 11 66 27 89 11 68 22 92 27 42 45 57 35 97 0 93 25 74 41 9 94 29 23 24 12 61 48 44 43 85 13 18 32 2 77 68 91 66 96 2 48 20 19 7 61 49 89 21 34 91 48 31 96 23 84 86 74 20 23 22 49 38 66 3 23 73 46 87 6 74 83 42 58 71 29 87 8 77 56 16 28 9 97 74 30 84 49 81 40 88 22 11 28 92 60 47 28 45 26 7 41 34 52 87 55 20 88 18 97 11 76 83 25 9 49 48 47 56 50 2 35 82 14 6 52 91 48 14 2 39 44 94 78 88 34 5 57 14 15 71 82 81 45 53 56 19 36 47 27 15 46 28 62 77 2 47 89 19 73 69 19 63 5 34 99 50 51 29 58 52 2 58 16 56 20 50 33 23 33 42 54 9 86 75 76 0 67 54 75 27 36 34 66 77 84 83 86 34 43 17 40 21 19 4 16 72 13 31 20 25 53 82 72 57 9 48 51 94 29 24 46 73 28 28 15 92 2 11 17 60 15 28 98 26 4 76 33 5 59 42 29 48 51 89 97 76 80 50 38 60 83 64 98 47 30 96 50 77 83 36 6 50 23 71 76 28 37 58 82 31 55 30 20 69 92 5 37 
94 82 9 73 18 98 95 67 78 50 80 43 53 26 50 95 62 18 96 66 36 43 7 13 29 16 64 69 84 75 78 72 35 64 18 40 4 13 15 81 66 83 15 74 22 40 91 63 26 73 38 44 17 17 94 73 16 19 78 36 9 81 3 11 31 26 95 39 45 49 66 72 78 82 33 80 12 36 9 18 4 83 66 2 89 97 35 6 80 28 67 94 80 25 84 28 45 27 23 18 19 25 4 37 52 26 59 39 37 3 99 67 33 73 7 80 58 56 54 91 77 34 19 65 84 32 37 97 51 52 43 77 56 42 60 66 30 48 80 52 59 36 2 52 16 19 17 66 14 16 24 74 99 81 55 90 67 70 27 92 51 4 93 60 9 4 78 25 21 75 77 64 67 72 33 44 63 56 48 32 34 1 96 98 41 10 18 90 19 42 25 19 90 84 36 99 82 22 78 0 41 24 60 69 98 86 88 15 16 44 13 98 49 43 63 3 36 49 16 99 93 97 15 12 11 79 68 70 98 16 96 89 73 67 67 49 41 63 7 70 88 69 19 1 45 48 64 66 89 81 18 39 88 54 30 45 32 70 10 2 35 80 77 79 39 67 97 26 11 27 11 75 31 68 2 91 24 31 15 57 33 83 87 77 26 42 41 84 71 56 77 69 23 47 9 25 93 48 47 46 38 9 27 35 65 44 59 69 12 46 80 49 47 23 15 28 13 97 0 99 81 34 81 65 11 60 94 17 96 87 68 0 72 82 0 14 45 14 81 52 14 53 32 82 74 56 55 62 47 26 7 89 90 20 95 60 39 33 78 10 44 88 48 92 51 57 12 49 65 61 56 2 97 90 22 25 29 98 54 22 37 81 35 86 90 89 54 48 27 54 84 56 5 43 96 82 32 91 97 2 
87 87 65 37 44 98 14 80 97 22 88 76 54 51 39 22 13 6 50 31 18 56 49 39 46 2 87 38 90 75 31 39 12 20 83 52 90 96 81 49 98 56 29 68 17 36 84 61 58 62 44 31 9 6 52 79 41 8 89 16 59 46 64 22 8 77 50 91 24 37 78 98 24 19 42 26 97 39 45 31 98 34 19 19 17 18 85 56 64 59 30 52 53 12 34 81 46 2 63 49 23 92 1 61 66 56 54 62 92 41 10 28 5 62 87 11 7 41 52 22 28 75 3 30 9 56 80 75 36 58 17 36 80 95 59 69 58 34 54 68 76 25 79 45 91 73 93 43 70 38 66 57 81 74 27 18 83 66 27 31 88 38 0 11 46 26 39 85 30 78 56 20 85 88 29 8 68 51 35 99 17 70 22 74 42 21 15 0 19 76 38 43 87 53 96 82 55 6 73 7 87 72 75 43 5 98 15 10 51 73 16 43 71 48 88 51 65 47 9 40 77 87 93 2 81 76 18 5 29 63 37 62 1 87 16 39 7 26 5 8 29 7 89 23 17 18 17 34 40 69 47 19 72 14 49 96 58 3 69 52 42 96 20 78 47 19 45 69 50 24 44 24 90 40 80 3 55 68 32 33 64 30 61 35 9 75 5 17 77 49 54 80 87 14 21 47 7 26 93 34 79 13 55 48 26 21 68 95 73 95 73 58 33 28 9 66 40 62 73 17 31 94 67 55 47 68 85 97 95 49 16 88 26 25 6 66 33 89 97 96 79 67 25 15 47 87 13 38 9 76 77 52 85 3 98 66 56 79 35 16 96 27 67 1 75 64 10 32 11 73 72 80 64 27 15 46 9 56 25 97 76 93 22 6 4 68 3 82 0 79 35 97 66 81 25 23 65 72 90 33 
59 93 92 40 45 28 83 58 60 71 51 2 56 60 83 0 27 4 25 85 21 71 33 26 97 66 66 56 54 4 50 16 50 24 53 53 55 25 46 86 12 95 33 92 82 65 88 16 25 16 40 41 76 99 54 24 48 88 58 47 84 18 71 3 60 34 44 9 11 51 67 4 41 49 38 61 11 6 74 3 9 0 52 32 80 53 29 48 53 43 2 96 88 14 76 73 65 49 80 46 24 45 86 47 99 72 95 12 12 85 52 46 24 43 93 56 0 54 74 80 46 20 21 15 82 65 37 42 80 82 9 87 17 56 55 51 38 1 27 33 84 14 50 55 54 89 88 59 87 5 46 74 96 67 4 68 1 87 34 90 23 76 4 3 69 68 7 16 13 27 18 64 70 78 73 12 83 39 61 3 14 11 80 12 78 19 66 99 39 67 96 29 80 25 0 80 13 44 13 42 49 31 80 89 37 68 68 63 35 85 90 99 42 91 92 12 38 37 51 36 2 2 58 3 76 17 93 53 69 17 30 62 10 53 90 76 6 17 95 18 33 10 21 39 80 31 7 53 86 72 63 55 55 95 5 93 3 29 7 74 9 98 21 38 28 88 83 77 17 33 27 20 74 87 93 67 95 59 28 82 8 65 71 48 14 55 27 5 93 97 31 75 56 36 62 3 34 57 56 25 26 27 47 45 22 47 7 7 6 80 3 49 54 16 34 23 14 34 2 80 77 80 76 72 24 54 73 17 38 71 0 2 48 24 15 68 45 43 90 31 16 6 61 29 16 80 9 37 77 91 10 63 92 94 55 97 75 17 87 77 10 99 71 37 49 83 72 95 15 54 66 95 50 52 36 34 20 37 46 92 45 23 45 56 10 49 67 30 30 97 83 73 63 32 81 47 79 41 0 33 
71 17 51 39 20 11 83 40 28 93 27 14 15 69 17 1 43 70 48 99 25 5 13 35 77 19 43 90 43 42 29 87 59 24 26 48 22 82 59 23 6 9 24 69 67 45 10 32 67 52 54 85 83 93 46 86 4 36 60 48 1 33 35 59 25 26 98 92 75 38 70 23 88 36 3 11 69 37 50 55 98 69 78 10 18 23 93 81 95 46 64 11 96 42 33 86 18 96 3 88 48 95 35 48 15 51 66 74 76 7 15 73 87 93 99 55 56 28 10 46 43 1 83 89 94 66 55 36 94 65 38 5 34 4 82 3 58 21 69 76 30 55 56 49 23 17 97 9 50 83 65 68 41 51 74 9 45 77 41 77 8 58 94 25 39 93 84 58 67 68 30 16 89 26 38 89 98 25 45 46 68 69 3 35 14 61 21 75 86 22 80 74 53 18 59 46 95 68 92 18 52 76 99 42 70 36 68 88 40 24 42 56 2 45 83 98 1 94 34 42 9 54 67 93 26 50 14 82 52 2 38 84 34 15 83 82 5 40 34 46 12 15 16 78 59 69 74 11 69 0 87 52 22 1 46 0 93 50 2 63 12 46 95 58 65 82 23 52 81 38 33 91 16 85 28 31 4 49 55 26 89 51 47 24 56 30 70 53 54 65 59 68 65 57 82 42 37 95 82 12 72 4 75 55 22 83 93 21 86 95 50 89 70 48 47 94 29 17 6 86 83 40 86 57 85 2 31 67 10 34 88 74 4 11 82 66 71 44 91 31 70 24 31 17 60 47 41 15 43 79 62 58 55 6 9 74 68 51 83 64 79 31 61 62 90 18 54 17 39 65 30 97 83 31 79 26 71 59 84 85 19 72 27 28 49 20 19 11 64 16 93 31 13 12 54 20 62 15 66 66 
5 62 15 67 64 45 85 28 23 56 89 89 69 59 36 90 78 29 97 8 40 18 25 99 16 92 42 4 40 70 42 6 87 46 9 41 76 77 90 36 3 32 98 91 20 13 65 35 62 6 57 57 51 85 56 60 24 45 33 23 95 60 82 62 71 50 37 67 32 73 72 60 36 5 82 40 90 77 2 51 20 10 70 62 38 84 40 10 17 68 28 95 88 65 63 56 46 29 54 9 0 21 61 46 50 83 5 66 77 72 52 30 46 62 37 11 29 56 80 9 70 80 22 62 96 76 44 10 72 32 8 12 36 82 61 0 9 67 28 47 6 57 58 92 98 38 56 76 72 52 49 49 68 93 39 74 16 22 57 78 77 98 7 70 48 28 90 32 13 80 38 9 85 33 77 57 73 37 49 42 34 93 5 86 63 77 64 69 3 6 51 82 92 56 60 28 59 34 42 16 65 35 51 34 73 8 12 13 39 84 72 43 68 11 15 12 11 58 12 29 92 9 49 5 87 57 98 79 86 17 56 58 7 40 12 8 20 29 75 77 0 94 67 96 83 77 23 47 68 52 23 24 74 14 19 30 0 47 81 97 30 36 85 29 81 86 60 45 92 53 58 31 96 40 12 2 37 67 90 16 30 0 34 69 94 82 9 79 40 91 66 72 8 56 24 33 32 62 27 32 78 7 98 28 66 17 11 75 42 71 79 1 28 66 76 60 84 45 12 63 83 15 72 78 95 48 13 74 11 75 77 9 18 32 74 81 95 78 94 81 68 10 74 92 63 73 9 13 92 10 63 66 76 3 7 37 50 29 5 20 72 62 99 96 72 35 14 72 95 3 87 63 65 87 64 3 39 65 85 56 22 58 79 0 73 90 16 52 84 83 62 71 1 47 12 33 87 69 55 47 
86 23 46 85 7 43 52 88 64 79 89 1 97 12 51 13 92 9 98 10 66 5 94 95 59 77 61 4 28 94 12 84 91 99 85 90 52 25 18 61 81 11 64 76 62 1 51 81 58 48 49 13 12 96 21 56 42 92 89 13 84 41 45 29 68 46 82 40 44 23 23 4 72 45 47 57 45 60 95 49 63 82 29 80 62 67 74 54 46 21 96 8 93 51 59 25 11 36 76 42 85 97 70 64 51 20 73 36 62 66 44 59 38 15 23 75 75 99 61 50 7 52 82 57 79 3 4 12 21 3 68 20 58 20 39 89 39 36 34 53 17 38 69 52 17 72 78 50 61 51 38 6 96 96 4 9 24 86 75 34 30 65 84 82 2 68 59 55 92 50 22 65 29 1 22 73 34 37 39 33 86 52 70 19 22 86 49 94 26 63 77 63 10 2 83 84 6 92 33 74 69 10 22 78 44 19 64 56 30 81 41 72 67 74 68 82 61 18 65 25 71 35 28 39 68 15 14 31 50 85 45 54 68 51 77 45 88 99 34 43 81 5 48 32 76 96 52 85 61 70 97 31 29 45 91 66 82 32 91 73 98 10 55 7 19 2 63 71 10 22 52 4 31 96 56 87 36 70 59 90 74 85 48 59 24 10 7 48 66 36 21 83 33 76 4 37 91 50 49 75 77 39 79 77 95 67 86 66 25 25 64 52 51 61 18 32 38 90 58 21 69 0 40 46 60 63 7 20 56 36 62 88 79 15 90 29 95 86 21 46 5 93 91 26 18 51 68 28 65 48 10 53 78 91 45 92 68 58 60 60 90 27 30 32 22 49 37 27 49 80 37 17 29 50 41 2 33 2 53 38 59 57 71 12 19 30 27 75 35 89 4 30 4 80 5 70 68 86 85 73 
50 1 75 21 97 74 60 67 93 15 57 1 54 28 60 31 14 28 6 57 89 26 90 32 11 79 68 18 63 42 9 34 57 91 70 12 69 60 39 41 29 17 93 75 43 50 41 8 28 26 99 20 48 10 15 67 32 91 63 71 7 40 93 38 72 79 14 64 84 34 79 76 15 25 31 63 1 50 90 41 93 48 13 58 46 28 85 40 85 16 92 43 90 45 73 17 25 24 68 96 7 68 62 88 85 82 78 21 94 29 96 92 13 13 20 21 9 33 22 50 94 40 89 97 14 28 22 99 22 72 15 80 55 40 79 29 84 17 59 17 68 31 22 91 92 61 21 0 43 60 21 60 21 4 13 10 77 70 63 48 37 59 67 99 25 99 66 79 56 22 0 3 64 35 80 65 5 30 38 71 76 79 59 72 28 11 20 72 89 54 29 57 11 14 68 23 12 7 4 55 85 8 20 80 2 1 22 41 98 37 66 94 26 70 91 49 16 87 59 28 83 77 94 84 59 89 19 67 87 64 88 67 87 12 67 98 58 59 53 77 17 33 18 77 28 86 45 86 89 12 9 34 10 39 84 54 99 59 51 63 13 42 87 96 49 29 82 54 96 78 80 32 82 88 40 76 1 55 2 45 51 95 43 31 12 47 99 60 81 56 25 27 71 88 15 87 65 12 4 64 95 73 60 30 47 62 71 31 22 44 13 89 46 64 95 5 79 17 81 24 62 74 60 88 29 90 2 82 61 0 62 25 92 61 96 59 3 44 47 62 83 62 14 74 53 74 59 97 56 74 56 0 2 90 4 92 75 45 88 59 1 94 50 47 43 69 96 7 77 42 97 74 0 24 13 96 54 70 63 60 43 78 92 10 29 47 33 68 49 89 51 24 87 86 90 60 56 31 88 62 
34 23 44 85 40 87 67 44 35 87 21 61 24 68 67 8 74 3 88 25 46 65 57 87 54 87 65 7 59 56 5 8 38 43 9 96 56 83 11 40 17 18 83 19 70 57 39 45 74 78 68 57 12 58 78 51 77 37 84 11 31 23 94 34 29 88 70 60 57 47 58 41 59 78 89 0 39 61 11 72 2 17 65 37 13 23 64 56 97 97 22 18 41 88 80 86 78 92 37 7 1 23 26 35 23 12 9 23 41 7 64 7 28 88 4 58 37 61 45 37 30 87 11 15 78 17 65 17 63 87 14 55 0 69 89 43 39 80 9 15 73 95 89 65 0 14 36 91 90 11 96 0 24 51 80 42 79 43 99 8 62 58 63 98 24 38 59 15 8 73 80 26 87 98 90 26 32 12 37 91 99 86 34 80 30 19 84 55 75 13 6 5 24 84 46 18 55 1 58 37 2 3 43 51 18 32 48 6 6 53 84 32 75 6 89 77 73 22 11 90 77 77 24 22 69 67 50 10 3 95 24 59 61 40 13 2 92 84 89 49 80 34 44 97 51 66 72 24 78 2 5 99 84 27 67 6 52 64 24 18 90 39 5 99 29 77 2 7 15 51 51 35 40 10 45 22 79 35 0 19 39 35 75 86 17 96 31 64 99 57 79 34 96 87 59 36 85 33 14 75 20 68 86 41 82 58 15 59 99 20 7 95 88 51 56 67 48 24 86 78 4 54 87 2 87 99 88 17 46 82 82 64 87 80 85 41 68 82 71 8 34 6 0 80 95 35 13 10 5 26 82 19 32 19 81 78 82 48 43 24 0 56 1 15 87 71 20 44 33 37 28 49 98 48 67 39 62 34 36 28 31 55 46 31 19 38 23 70 16 78 17 68 3 12 95 84 42 32 43 59 
44 76 63 50 21 79 41 30 67 45 47 87 60 74 87 54 1 26 35 34 50 4 81 25 47 98 13 12 26 27 15 92 42 38 78 55 88 3 33 82 84 99 62 32 10 52 20 92 85 49 5 6 60 55 51 39 27 49 70 85 36 66 43 81 3 88 40 60 35 31 31 20 62 74 55 60 86 65 73 17 84 99 8 42 78 26 87 18 76 62 70 73 20 26 43 96 71 81 6 45 21 83 36 71 84 14 32 81 80 96 22 1 78 98 88 11 87 94 30 38 62 88 18 94 78 62 48 43 29 62 34 3 56 20 23 22 40 80 93 89 36 37 20 12 15 15 45 95 92 3 63 72 93 4 41 86 66 36 97 21 62 35 39 76 38 42 52 31 16 96 96 95 17 53 94 18 51 85 12 31 82 76 15 90 41 41 67 96 91 48 42 66 59 59 33 90 16 24 56 21 41 73 67 86 44 84 52 88 42 61 44 68 67 73 92 65 85 92 81 24 14 43 47 45 9 18 21 83 26 47 14 44 43 80 21 40 85 73 83 20 79 58 97 36 11 64 80 34 7 5 98 85 15 36 89 56 43 21 70 49 60 35 50 52 58 76 71 76 32 45 50 79 27 10 20 17 96 58 75 31 57 51 26 9 62 85 19 66 24 0 44 54 25 51 32 33 17 14 24 2 61 24 30 98 50 81 20 74 92 6 51 94 24 59 69 43 74 87 70 3 51 10 64 24 18 63 9 3 98 33 12 38 35 45 41 3 20 20 1 51 57 97 62 85 96 16 96 15 93 48 85 63 97 32 84 94 56 52 72 78 39 98 67 84 40 84 49 60 73 3 31 43 29 98 4 42 36 99 30 69 77 80 84 75 2 70 83 48 73 34 90 42 53 1 46 28 42 90 33 96 
84 29 3 28 4 79 87 27 6 75 96 98 39 3 35 33 10 19 2 22 57 36 77 7 56 85 36 70 66 55 14 35 66 23 72 29 68 20 97 70 40 37 41 76 79 76 47 62 65 95 79 64 18 91 95 90 31 55 50 27 20 6 23 4 35 96 23 22 20 42 33 70 7 0 77 96 49 35 43 22 86 75 9 74 50 39 80 65 36 6 31 29 67 52 40 29 7 53 67 31 47 5 40 87 15 69 12 62 88 21 55 70 91 95 53 0 2 27 15 81 25 55 47 25 57 0 22 65 70 58 76 60 26 8 37 81 3 44 79 31 21 82 32 60 70 42 29 6 74 11 60 79 95 45 98 80 56 7 99 36 15 62 18 98 49 64 24 12 89 44 73 41 61 9 93 18 16 97 56 36 54 84 19 69 10 9 45 68 21 96 22 62 4 73 90 47 32 84 45 40 51 46 86 78 6 31 74 62 56 67 7 55 18 86 76 93 1 3 7 55 60 36 44 31 99 60 83 28 42 61 57 89 42 21 3 76 72 51 56 46 92 13 56 69 89 56 28 58 42 42 0 15 0 35 35 96 1 47 49 10 32 59 27 47 18 94 71 57 1 50 62 89 22 55 2 39 53 15 47 35 3 30 36 42 91 40 42 7 45 81 1 75 43 13 0 7 71 80 30 52 79 11 28 75 19 36 73 42 4 86 15 98 29 29 56 11 63 8 89 49 41 3 14 89 69 35 98 19 60 56 53 8 87 27 35 87 59 25 58 32 98 34 30 18 68 92 24 10 41 66 13 38 63 41 92 34 86 46 59 4 18 86 34 27 89 66 73 43 86 77 40 51 77 66 67 95 0 62 2 79 97 87 61 91 25 82 68 76 0 70 95 51 14 57 68 56 33 99 81 22 
80 76 99 86 64 27 43 33 44 73 16 41 59 14 93 18 9 2 65 57 25 42 96 42 17 50 8 55 59 42 40 72 92 96 76 8 6 73 89 0 26 49 81 98 38 32 46 37 31 38 7 11 3 3 32 95 34 0 4 4 86 85 76 5 43 99 37 39 36 63 13 60 68 7 78 5 4 1 35 91 85 14 7 45 24 1 51 25 44 68 99 63 95 21 60 34 57 37 49 78 38 66 35 81 67 51 81 31 39 84 20 23 93 13 12 87 68 23 11 79 58 5 98 8 46 89 8 1 94 91 65 77 52 57 20 28 87 44 29 22 20 89 74 79 85 8 58 13 69 65 50 75 29 52 67 0 55 31 49 83 50 29 43 36 69 21 43 95 31 6 47 15 70 66 12 66 91 62 45 79 42 32 15 56 73 76 36 9 94 31 86 88 24 42 26 71 35 13 60 11 69 83 65 58 3 32 30 60 80 32 38 25 94 68 35 2 50 66 93 28 14 14 4 57 22 46 27 46 48 98 68 41 43 9 2 16 17 18 32 1 55 94 24 43 14 56 13 57 52 70 89 30 29 48 97 64 14 51 80 41 57 48 46 7 30 8 38 67 98 26 71 93 26 51 56 1 82 89 65 29 38 23 4 65 29 36 7 79 9 18 19 20 2 74 82 39 10 33 18 41 84 32 42 76 67 95 45 88 62 98 19 94 78 22 78 7 99 59 18 40 86 38 4 60 6 96 9 59 2 87 13 16 31 21 18 86 95 11 99 6 37 24 16 28 38 18 11 6 6 4 24 85 63 89 22 87 47 7 38 93 92 71 55 18 21 49 18 59 26 7 86 72 44 15 3 35 90 88 4 32 72 0 3 49 54 39 57 78 87 43 93 96 38 37 73 89 16 83 6 31 
12 46 39 55 8 90 45 23 12 64 13 0 3 82 70 0 52 17 85 26 11 75 43 55 97 32 54 55 2 60 22 3 44 53 81 37 71 45 80 97 79 4 24 77 29 27 26 69 45 7 47 69 55 88 31 60 1 57 50 23 81 27 87 73 16 72 32 84 61 81 62 23 6 23 51 77 28 83 10 90 29 16 78 65 43 70 49 30 50 7 5 49 78 5 64 74 22 6 9 74 32 10 87 75 78 27 5 31 68 41 10 30 68 77 70 85 82 84 65 81 12 31 60 37 68 53 97 3 63 83 18 5 18 79 94 83 15 77 23 51 3 66 58 49 29 77 83 16 37 34 28 33 58 5 50 7 17 8 39 23 39 88 34 24 41 49 70 85 9 92 4 33 39 29 63 11 49 33 2 64 57 65 61 70 33 60 72 31 7 77 89 29 57 97 86 23 43 48 14 11 19 85 40 53 70 11 12 13 36 12 7 44 44 61 69 5 81 84 81 57 75 78 91 83 27 41 36 78 20 51 99 95 11 55 87 39 42 95 74 45 34 79 36 92 18 49 99 20 50 58 65 89 77 64 66 44 91 77 7 17 22 34 47 64 15 95 30 0 52 78 24 36 55 50 95 24 57 94 43 96 59 86 4 43 21 69 81 71 66 20 48 12 16 86 89 50 36 21 12 90 55 59 50 42 82 0 15 40 87 72 5 9 62 95 7 16 71 65 80 90 36 39 38 87 89 67 38 49 46 4 6 18 57 48 88 56 68 98 53 20 57 93 70 8 17 70 77 90 74 27 19 24 89 97 49 82 50 12 45 84 88 8 46 73 48 58 15 0 38 99 31 96 35 48 29 67 53 87 14 63 67 76 99 61 48 47 17 17 27 62 10 54 44 54 62 25 9 79 54 64 
13 52 31 45 9 99 22 96 66 44 43 77 38 72 67 57 42 65 3 64 68 0 46 48 24 90 78 28 36 43 73 98 60 28 29 29 19 83 66 70 56 0 51 30 27 82 12 64 68 50 66 8 72 83 39 55 85 47 44 84 81 53 21 28 42 56 64 93 92 7 88 96 94 1 90 28 98 46 68 39 92 27 58 83 28 7 59 35 79 86 42 11 15 54 84 69 94 56 68 62 10 24 28 80 53 52 69 69 30 82 18 28 50 79 92 74 9 43 18 76 34 91 47 76 64 30 69 5 21 3 69 10 3 25 38 93 77 48 95 24 25 75 51 84 52 75 11 46 73 35 39 99 41 69 28 94 70 76 21 87 99 33 92 63 27 75 79 7 46 10 0 16 69 24 5 92 36 14 83 49 68 4 90 22 2 84 84 99 98 88 98 33 72 71 84 91 88 13 94 90 8 45 81 19 70 30 27 30 51 81 9 45 96 42 83 34 15 25 39 2 0 11 39 54 19 65 25 52 13 20 0 78 51 22 92 56 90 40 41 47 13 56 12 17 39 16 11 52 85 72 82 99 75 57 57 66 94 54 23 17 13 16 60 7 94 32 56 95 40 4 88 92 74 70 48 89 39 99 41 58 19 60 27 38 17 13 79 81 15 35 79 69 53 60 18 73 66 56 14 24 87 14 47 8 90 84 34 8 54 75 57 38 63 50 21 43 68 12 9 44 75 96 25 14 21 57 58 12 27 2 44 11 84 3 46 38 84 13 13 0 28 63 15 71 27 93 65 58 57 21 31 65 98 80 47 67 89 46 13 52 77 97 13 73 71 79 57 96 53 30 89 8 95 27 88 5 97 98 61 75 68 17 38 53 48 23 71 28 12 80 26 25 16 30 53 76 8 53 29 53 
61 66 30 88 6 4 56 51 59 97 4 71 68 20 1 84 92 18 40 81 72 46 50 28 15 44 89 1 38 82 58 21 44 10 65 48 0 38 13 91 1 13 82 64 15 85 72 67 99 81 30 90 99 77 51 51 51 76 76 17 63 61 82 4 6 37 49 44 66 12 97 0 17 58 48 95 15 12 80 4 9 19 14 67 10 44 39 92 32 81 26 98 65 91 19 42 87 20 35 81 84 19 23 22 70 5 13 53 65 75 64 5 98 97 23 77 77 61 6 41 74 12 84 9 53 16 64 7 30 83 33 77 50 58 88 65 91 82 85 40 13 19 8 4 78 3 50 30 23 77 46 24 61 41 89 95 15 87 58 3 84 77 53 69 15 2 94 38 49 40 65 42 95 67 9 39 97 79 49 51 94 54 9 31 44 99 5 83 31 60 19 30 33 43 63 10 16 99 95 47 84 88 84 94 63 76 42 13 74 68 71 21 52 60 82 52 16 74 61 80 64 36 45 60 29 44 94 30 46 68 19 29 35 62 34 79 60 21 23 26 62 92 93 26 14 2 2 42 70 11 44 12 99 19 44 26 27 5 70 51 11 5 5 24 16 17 0 95 79 72 53 46 89 36 89 44 16 29 12 53 0 14 6 86 40 88 34 58 25 37 79 99 75 79 5 1 73 33 65 93 0 49 38 36 15 43 57 29 50 97 36 41 74 75 60 58 11 64 81 26 81 77 33 24 56 34 83 30 59 19 69 1 59 41 1 30 3 10 96 55 23 69 79 22 62 44 45 0 24 74 93 56 96 21 45 56 88 17 12 13 26 35 84 67 75 48 3 23 23 60 59 73 64 81 19 16 34 64 61 64 38 87 24 14 6 84 19 73 97 89 47 48 66 68 11 83 54 5 90 48 
9 6 68 23 26 46 14 3 67 33 72 22 7 79 40 94 14 42 85 2 21 46 48 69 7 63 41 29 90 61 49 95 38 87 34 20 7 48 36 35 73 71 3 90 65 97 53 26 66 29 5 55 56 27 96 75 76 51 63 97 28 0 12 93 18 96 34 34 95 46 32 24 68 28 73 4 69 66 13 1 4 66 2 88 88 44 73 61 42 61 27 63 36 16 24 2 28 85 35 16 4 41 94 19 68 37 63 12 95 49 58 78 45 4 25 77 48 86 14 93 9 41 80 84 98 12 40 15 54 97 1 62 24 5 94 30 96 97 79 15 38 19 63 83 5 77 53 78 59 77 28 98 81 62 91 66 53 94 93 54 14 32 60 88 4 84 13 70 41 89 95 59 48 19 53 39 71 81 58 31 62 88 37 36 2 88 30 30 95 79 29 76 97 80 97 59 80 37 46 48 67 24 75 73 59 70 95 2 37 69 76 56 85 92 72 67 51 41 92 17 34 54 38 70 63 55 63 17 72 90 97 74 70 68 45 6 60 63 65 92 29 17 68 58 8 4 14 83 9 66 1 77 35 51 88 23 40 61 99 27 20 48 19 22 50 9 59 48 27 35 91 97 76 92 93 55 98 17 81 76 64 98 10 16 49 76 25 54 59 63 11 98 19 50 3 35 78 64 1 45 51 58 38 38 14 19 35 16 44 27 44 3 36 62 98 49 82 3 39 17 26 44 65 56 83 85 57 49 28 37 13 24 18 47 89 97 11 77 11 26 19 69 80 50 17 77 73 75 92 52 1 63 75 17 57 42 10 40 66 3 74 55 37 56 58 91 1 59 75 75 92 47 49 23 47 74 35 81 71 80 88 84 56 8 15 82 73 81 88 84 92 3 65 39 4 67 28 21 8 9 
13 40 50 65 46 42 12 28 21 6 25 27 34 99 31 99 26 30 67 80 91 20 10 84 48 64 79 64 0 6 28 93 42 93 18 42 12 18 87 30 76 9 94 64 82 68 62 22 19 10 83 58 78 97 37 82 13 99 49 67 2 89 85 93 74 78 19 92 65 86 33 65 72 2 31 19 36 39 97 88 48 93 27 21 60 67 71 29 78 35 34 12 13 91 49 87 97 62 77 10 47 51 85 86 17 52 19 4 83 38 97 10 31 12 69 56 38 25 19 61 4 86 78 55 35 36 70 57 99 5 73 40 12 29 55 40 50 24 34 47 68 22 65 98 93 18 72 31 96 40 37 42 19 25 26 28 86 23 76 77 39 57 50 74 8 43 72 74 57 65 48 24 87 98 86 97 94 92 61 30 74 19 54 37 23 14 77 51 71 24 69 93 10 87 48 55 33 53 2 38 52 52 30 27 56 8 51 51 97 34 55 52 63 47 13 8 16 9 64 89 17 57 67 48 80 98 67 42 74 64 64 43 88 17 71 97 11 36 32 1 36 35 34 48 9 47 3 52 69 85 77 56 38 39 97 46 81 40 68 8 34 88 83 69 21 83 64 24 7 7 49 53 45 48 74 15 74 16 22 30 91 47 39 53 64 69 68 31 53 93 42 74 38 40 65 24 10 30 91 45 54 89 95 48 65 44 80 34 79 93 80 68 58 82 95 57 49 13 95 7 35 26 74 44 30 13 57 88 21 96 98 17 78 17 45 91 72 56 83 65 60 23 33 28 86 11 23 98 95 15 6 46 73 99 74 42 42 6 56 1 48 74 93 74 64 8 47 21 78 71 44 88 8 26 47 64 59 74 62 54 62 60 9 84 45 95 52 0 89 60 33 3 96 87 10 70 44 81 34 37 
98 2 49 64 1 61 68 70 28 98 76 51 28 4 25 25 36 54 76 39 76 55 72 70 37 72 47 40 73 65 12 13 18 85 84 67 33 29 52 1 19 40 61 99 92 14 81 37 65 78 76 57 96 10 69 39 11 68 63 99 92 27 68 48 24 47 25 91 25 5 65 45 90 79 6 89 69 26 53 21 58 85 10 72 55 21 97 48 97 29 43 81 98 12 63 74 77 4 78 74 45 38 89 21 6 83 27 61 32 22 94 75 37 55 2 82 17 25 7 66 45 35 2 1 1 36 75 58 69 33 77 42 49 84 79 19 31 14 2 71 69 56 67 33 35 61 94 1 0 30 63 66 1 96 48 55 69 54 23 98 99 98 86 29 12 38 40 22 36 54 41 91 59 52 84 57 16 26 0 92 38 19 74 78 58 69 22 23 24 99 40 26 1 23 59 61 99 4 14 14 58 11 75 8 32 15 30 13 84 40 56 99 89 85 23 40 35 44 18 33 4 10 1 68 13 86 50 37 59 95 32 80 10 18 69 25 70 20 4 59 43 40 28 17 27 24 10 14 30 65 67 29 3 64 26 21 40 26 70 45 94 95 59 66 66 63 13 27 10 48 82 93 68 60 10 24 80 43 76 2 37 32 22 39 35 16 83 77 94 69 64 17 56 95 13 21 42 93 94 47 76 23 89 74 73 92 25 11 66 18 76 31 58 3 1 35 97 91 49 64 86 35 31 5 59 96 85 93 92 77 25 69 8 44 56 26 36 47 22 18 52 74 6 33 27 61 47 77 8 92 79 7 2 33 3 73 93 5 79 59 2 78 16 25 70 80 59 8 78 66 11 37 25 67 78 36 52 44 68 38 10 60 73 96 60 31 40 37 75 3 12 65 98 13 2 64 77 10 91 78 
50 41 3 72 94 68 13 0 43 85 97 4 25 43 44 20 49 16 95 93 73 78 43 21 6 57 83 80 98 87 50 23 14 59 95 80 87 18 78 85 78 3 97 17 34 64 47 36 29 37 51 53 75 57 12 69 90 11 52 55 89 71 51 67 28 96 85 95 84 64 82 83 7 42 92 27 1 88 18 31 28 34 17 13 21 13 68 51 52 98 96 79 22 29 15 95 89 86 64 70 20 99 16 86 80 40 67 72 78 50 70 24 45 34 31 50 70 53 6 73 95 31 99 66 61 33 12 61 65 86 16 10 48 51 80 82 54 55 69 34 0 63 94 69 50 57 27 22 40 62 66 9 58 50 38 7 53 68 89 82 92 79 90 61 9 59 18 95 52 3 6 15 97 79 90 81 45 80 33 39 93 31 33 98 18 82 84 9 32 90 2 42 77 34 93 25 61 67 55 46 72 93 15 98 7 88 75 12 7 71 3 23 50 93 2 76 23 48 73 98 84 58 24 58 30 18 29 16 52 60 26 53 76 21 59 47 31 61 71 78 79 53 23 48 86 87 81 47 21 55 65 45 86 13 66 12 61 81 63 0 16 34 11 6 33 10 66 42 85 68 85 27 11 43 5 69 59 58 54 11 31 40 85 6 29 63 56 18 23 35 54 87 71 52 67 51 79 40 88 79 72 26 30 71 17 80 55 57 83 62 86 4 11 59 16 17 27 27 31 22 0 81 90 7 91 91 29 10 90 13 10 70 18 22 32 90 55 61 75 98 55 58 52 58 83 95 7 30 14 97 6 70 79 79 88 71 66 31 13 29 42 22 39 43 61 85 30 96 79 73 28 95 63 15 5 73 44 84 97 17 75 6 41 73 22 76 22 7 8 27 44 58 82 54 84 6 2 86 72 33 
49 93 7 64 43 76 75 45 93 27 22 58 18 62 9 74 55 81 67 87 51 75 93 76 59 15 8 19 89 34 87 9 63 25 63 73 22 90 40 7 64 8 78 22 67 76 25 15 11 21 88 39 46 80 40 31 61 37 7 90 89 81 46 69 88 92 76 70 78 48 88 85 63 6 94 23 2 5 49 71 90 21 83 67 64 18 13 66 44 45 37 8 60 18 66 83 91 79 90 87 41 47 82 8 96 54 21 26 22 76 57 82 64 25 71 95 30 40 17 27 0 19 51 43 44 9 9 61 13 93 10 4 64 58 2 37 9 48 75 12 44 26 98 20 40 0 40 27 88 71 67 57 24 94 24 53 34 95 49 5 98 31 99 49 51 94 0 30 15 67 65 7 76 30 67 57 95 74 67 84 70 10 92 65 17 35 0 40 14 24 70 89 22 48 86 3 25 75 12 81 97 51 30 25 74 73 73 97 9 64 27 0 91 98 31 57 79 25 48 22 52 15 66 47 68 89 57 56 64 92 83 77 77 1 2 56 50 47 67 76 2 78 57 28 24 83 0 6 18 41 95 33 68 97 83 49 21 25 62 53 98 82 69 41 45 69 42 14 67 47 45 63 58 79 51 69 58 16 95 20 74 82 1 59 69 38 68 30 70 49 81 19 44 84 68 31 26 34 5 86 78 82 15 56 1 24 71 5 3 25 57 67 90 73 86 99 84 81 22 22 73 45 16 60 6 15 98 66 84 65 43 48 19 63 98 24 22 93 1 34 87 83 69 88 84 30 31 33 93 74 20 25 90 88 37 34 72 63 78 98 19 57 33 87 82 79 25 64 86 53 23 70 64 98 95 81 38 88 80 25 64 10 46 71 87 43 8 44 85 91 81 47 66 59 49 77 43 21 36 74 
93 68 15 11 0 17 12 84 41 11 67 87 49 53 0 88 30 33 15 45 43 3 50 97 99 78 94 5 66 26 88 84 43 55 12 68 85 69 35 95 49 89 26 15 23 74 59 8 25 71 12 7 60 44 13 64 24 15 61 39 98 2 12 56 76 22 15 1 61 82 64 48 89 59 52 21 43 54 10 91 42 29 46 49 5 66 38 96 90 58 44 0 12 32 84 84 67 36 51 54 24 63 76 42 59 96 65 29 25 76 86 97 61 66 58 71 33 60 74 10 41 86 94 18 64 73 93 95 61 86 8 18 56 56 54 5 25 86 82 15 33 69 97 86 28 34 83 57 54 95 48 84 32 4 91 46 94 88 5 13 6 19 3 4 92 50 66 68 56 13 82 3 87 1 34 19 25 10 53 39 62 74 28 63 17 71 80 48 33 82 67 66 54 40 14 65 19 5 88 61 60 18 38 34 26 79 94 82 6 94 60 33 38 14 99 28 86 40 96 73 63 34 32 73 93 45 15 74 14 20 41 43 12 65 48 62 8 19 91 1 93 41 25 67 50 35 20 85 68 86 3 83 86 29 2 28 78 85 42 87 1 40 92 74 58 5 78 25 79 79 48 98 79 36 63 54 54 0 31 48 59 42 30 24 23 26 56 83 7 68 54 8 32 12 86 78 80 19 84 9 4 52 65 59 91 46 50 56 54 46 81 87 94 0 96 22 50 62 51 92 74 31 11 21 70 93 10 15 31 74 16 52 66 45 90 38 31 36 91 50 13 48 65 80 43 3 17 23 26 9 89 40 80 30 65 95 72 15 0 42 99 31 24 36 71 68 12 89 65 58 21 29 45 90 23 30 12 59 74 85 69 82 16 47 29 80 29 48 43 13 32 45 8 5 48 31 77 73 3 27 
66 23 33 99 16 66 72 76 78 98 2 50 77 38 92 97 60 54 46 46 45 99 99 13 53 37 58 16 61 21 41 4 74 31 49 54 11 38 43 24 89 69 69 41 71 4 84 7 82 80 84 35 54 26 68 35 67 27 52 91 87 43 52 0 1 8 87 64 5 78 40 9 25 51 40 30 27 53 76 55 12 12 44 49 8 54 51 93 51 94 21 36 39 81 7 99 95 99 58 19 24 3 51 31 41 9 34 73 69 60 24 59 60 61 49 99 89 82 9 9 7 86 22 46 53 48 19 13 39 15 39 90 46 65 73 94 91 70 71 74 12 78 33 97 82 61 23 48 39 19 41 29 75 73 2 36 20 35 83 90 54 49 61 96 72 91 81 30 1 48 31 85 90 67 54 83 32 5 46 6 48 13 31 39 69 13 37 63 81 35 35 38 64 92 56 39 86 49 28 4 0 15 87 42 89 90 11 92 36 40 63 32 28 83 36 54 67 58 35 72 68 19 59 37 29 18 17 38 28 17 77 14 20 69 78 61 46 55 76 35 56 43 13 38 81 61 59 85 86 85 93 87 97 97 48 95 13 63 59 57 89 77 40 89 28 95 65 42 88 11 34 22 22 73 97 12 22 84 84 14 78 57 42 16 36 53 9 89 15 21 34 48 47 17 69 93 98 72 74 2 97 10 12 60 71 23 74 62 90 28 4 20 35 99 2 16 40 12 90 25 5 41 14 7 0 70 97 55 0 1 59 71 35 16 83 89 38 0 36 76 10 44 21 11 49 23 26 25 19 42 56 9 21 29 72 14 33 75 3 65 83 41 36 94 56 95 30 81 65 9 67 27 26 25 22 99 47 68 93 64 67 78 78 47 40 85 39 66 50 9 39 85 91 74 11 36 30 94 49 76 
30 78 12 1 2 2 64 92 63 95 75 38 1 37 40 77 73 97 75 73 42 92 42 38 76 8 94 40 49 95 48 42 14 86 14 67 89 84 89 30 99 55 9 98 21 70 7 33 38 8 37 96 19 51 87 83 25 40 49 65 59 55 12 51 65 78 74 78 24 14 12 89 28 25 58 11 14 42 86 21 17 22 72 12 79 87 98 74 27 26 34 57 91 73 36 4 39 49 22 32 32 50 97 6 21 4 14 95 21 84 61 40 99 0 25 11 71 39 43 2 10 9 75 3 60 21 65 99 23 24 16 46 55 85 17 51 28 85 30 49 39 77 65 90 44 26 2 3 99 92 3 19 70 26 87 78 39 13 81 37 79 14 11 21 21 89 23 29 27 48 53 89 14 1 4 3 12 75 37 6 87 2 65 45 7 36 51 40 52 34 18 19 1 56 56 68 48 70 79 9 3 64 59 42 10 79 1 11 67 12 93 30 74 96 2 32 89 92 38 92 75 47 84 39 58 78 90 50 6 79 58 25 76 30 20 58 85 11 85 46 44 92 27 94 94 78 57 64 87 34 16 22 71 86 33 63 82 31 21 13 85 41 15 79 6 65 1 96 9 35 34 0 12 64 90 66 93 29 58 57 46 93 49 66 57 91 31 17 80 24 46 52 59 88 78 70 16 46 61 37 44 97 3 5 79 95 94 33 8 65 5 95 78 57 62 76 69 47 22 31 30 56 60 43 88 54 92 93 8 8 25 35 68 81 88 53 21 50 84 97 94 77 83 90 63 75 6 85 31 78 92 64 6 16 51 78 58 58 76 50 44 44 40 35 14 84 70 36 54 13 58 41 25 2 15 58 20 51 30 11 19 47 43 8 57 51 3 65 36 82 94 68 29 33 18 29 1 37 4 15 
57 59 51 61 31 43 42 44 71 76 8 83 61 91 86 87 71 34 61 60 9 55 91 75 3 52 99 21 3 17 23 12 20 89 20 9 25 17 42 90 6 71 10 85 4 89 10 93 32 92 64 35 86 44 21 99 42 61 84 68 42 8 37 85 97 58 19 46 11 44 45 10 86 43 36 14 53 94 82 14 99 78 49 46 95 26 51 68 57 83 68 40 67 61 4 20 13 15 31 18 73 19 23 42 43 61 13 12 96 98 14 38 66 68 43 97 16 48 58 38 65 95 75 91 74 77 27 7 31 31 64 54 55 46 58 0 77 13 25 77 41 4 98 53 63 29 70 73 16 35 64 1 18 0 58 23 15 59 83 64 85 3 59 31 48 3 80 87 23 46 92 84 48 16 35 43 91 86 50 8 16 82 4 81 4 23 64 22 93 84 99 45 41 82 79 39 34 3 60 42 90 33 22 92 32 19 72 28 53 86 96 88 57 63 22 67 83 47 65 87 2 71 7 1 4 81 88 23 47 9 83 39 55 33 24 11 95 33 34 60 23 34 51 43 65 19 11 45 46 49 2 66 84 81 24 80 50 32 75 40 72 15 80 81 95 2 30 28 23 89 23 52 75 61 51 23 52 4 2 36 95 25 69 58 4 46 41 34 23 26 23 61 48 97 55 72 29 50 34 19 57 24 53 22 90 20 93 58 20 46 43 61 96 62 61 45 78 5 94 75 71 12 44 41 5 0 97 12 8 75 62 36 24 82 52 16 52 55 71 30 19 76 27 70 86 41 63 22 77 75 99 51 77 97 79 54 85 12 0 69 87 69 29 19 38 46 22 12 77 1 8 98 91 3 89 45 73 65 93 33 91 75 81 42 30 78 63 83 89 92 74 11 27 81 84 52 97 76 45 60 
89 14 81 42 26 6 41 4 32 95 26 6 62 38 47 24 18 75 92 32 69 44 39 2 88 51 33 3 90 5 16 67 47 48 40 86 36 10 44 29 80 46 3 86 87 63 78 77 37 31 91 85 97 10 26 74 38 6 47 92 21 41 40 12 44 72 20 5 23 11 69 99 66 63 54 95 50 63 32 9 15 50 46 73 64 71 43 56 9 3 55 83 50 95 32 69 13 53 90 61 2 76 96 62 8 77 77 74 51 54 87 29 19 89 72 15 16 54 46 78 72 17 83 92 57 56 20 13 55 9 77 58 12 18 86 94 31 77 60 15 13 95 23 11 18 68 10 40 83 53 68 1 36 85 18 52 5 87 13 52 41 20 69 18 10 88 10 75 26 11 85 23 45 18 35 61 20 90 66 97 18 8 84 18 13 30 8 73 47 89 57 58 46 55 54 46 76 43 84 45 23 50 2 84 43 96 31 49 65 88 35 46 57 32 50 56 83 37 30 53 23 73 51 67 13 74 77 62 6 50 36 16 88 87 83 36 55 9 27 17 1 17 81 99 91 77 67 38 62 77 55 34 57 56 68 19 55 60 45 70 83 82 39 60 22 9 62 97 49 44 87 31 8 90 57 17 66 2 46 90 37 51 83 78 93 62 94 82 92 22 26 87 13 18 76 85 97 25 5 37 45 30 20 61 5 75 46 10 76 8 75 67 34 79 7 28 94 54 24 25 40 55 53 47 86 15 75 95 57 3 36 39 18 35 10 10 13 99 92 68 6 70 91 56 11 4 50 7 81 9 66 14 58 52 81 0 43 33 13 31 9 29 73 67 29 2 55 42 92 46 36 33 60 5 72 79 97 99 96 89 22 2 9 50 40 88 66 8 15 7 37 59 38 90 66 68 26 79 29 25 
2 26 77 27 26 33 9 91 59 87 89 97 9 22 48 30 80 4 89 57 20 82 80 16 28 56 90 44 9 59 87 55 6 36 11 88 47 17 3 40 99 89 38 3 86 96 59 20 43 24 93 74 92 5 48 39 99 88 50 38 98 38 94 96 74 99 95 6 53 29 36 46 91 77 10 27 49 93 99 82 1 35 82 2 89 69 63 27 7 41 9 78 64 23 24 12 8 29 48 48 94 14 99 25 76 82 34 5 13 21 63 11 57 77 21 39 85 5 52 79 16 24 31 76 4 59 36 63 49 94 82 66 3 88 28 93 66 28 69 89 83 63 95 34 89 51 5 92 41 18 60 93 85 72 68 56 62 97 23 77 41 59 74 64 3 46 72 31 9 28 99 47 47 75 20 81 71 13 22 89 40 56 6 0 83 10 5 31 38 34 35 14 64 7 90 22 4 85 22 17 25 18 72 28 17 55 1 75 88 11 56 2 52 2 90 96 14 54 53 87 84 2 91 31 33 48 97 40 0 80 51 32 65 61 65 30 84 40 50 40 92 79 52 23 95 85 53 76 50 43 84 65 39 44 91 86 1 47 52 66 4 12 73 53 58 6 13 2 2 77 23 68 66 84 49 56 14 40 86 2 67 41 35 90 29 40 16 37 92 63 45 64 20 37 50 58 28 65 48 73 37 16 89 15 40 8 84 58 1 76 85 65 76 69 65 96 32 48 53 2 98 41 55 46 68 14 54 89 75 1 99 89 10 85 59 33 4 96 83 63 4 40 98 25 62 71 66 73 13 97 38 7 47 56 26 40 88 15 99 20 99 38 17 44 97 85 58 78 91 79 72 92 90 57 78 75 42 50 91 19 23 26 52 35 39 2 99 91 7 50 83 93 35 25 86 48 25 56 53 70 
65 17 71 14 49 22 60 33 5 31 19 24 68 12 50 37 9 63 69 89 7 0 78 47 25 66 19 95 44 13 24 25 66 92 91 11 83 76 57 92 10 66 58 51 70 74 36 35 94 20 68 12 86 28 66 86 79 56 51 92 52 13 63 96 66 42 76 16 89 95 23 72 84 94 45 15 42 70 22 76 2 5 17 82 65 28 81 13 42 16 86 95 38 83 7 97 72 95 94 78 78 30 96 94 58 47 11 18 80 0 37 44 13 9 99 5 83 8 26 34 97 53 16 43 10 96 35 45 33 72 45 96 52 10 88 8 1 46 16 39 36 74 81 19 6 49 94 4 2 81 22 84 98 36 2 94 60 27 75 53 65 52 54 45 61 66 89 36 17 71 13 6 78 37 36 49 67 28 43 14 32 67 31 27 99 88 92 83 35 29 64 35 20 0 45 59 47 75 37 24 46 25 84 31 97 11 64 46 14 47 13 25 38 61 32 68 93 26 0 62 37 93 49 69 18 44 28 45 0 48 12 58 31 1 7 42 2 60 0 22 72 89 0 4 76 31 6 1 8 90 0 36 48 53 26 66 54 99 53 31 33 10 72 85 22 18 54 15 58 52 28 53 69 67 96 3 14 87 55 27 12 7 95 51 45 82 32 38 53 38 55 93 77 57 55 84 65 17 24 11 78 97 9 84 0 85 22 86 79 42 86 6 69 98 49 44 83 26 50 56 83 24 35 87 86 24 8 5 81 98 13 32 1 82 14 89 31 98 25 37 17 91 55 71 86 74 87 95 80 9 40 66 12 46 56 89 62 56 28 23 62 48 41 39 14 97 95 41 0 59 46 88 58 96 27 48 4 72 64 37 30 90 78 39 8 16 6 19 98 36 50 50 63 83 29 37 92 7 13 81 
12 7 24 51 19 61 13 63 68 47 60 80 87 6 45 83 14 69 69 49 38 25 90 62 18 40 88 44 64 51 7 79 43 7 55 22 72 99 33 10 23 52 52 22 89 1 40 66 8 97 94 67 46 86 76 35 89 47 58 34 46 10 29 9 5 46 67 14 8 62 56 47 88 27 11 73 60 58 0 28 36 86 52 74 5 60 49 77 13 55 76 89 38 71 76 6 45 37 17 85 37 45 93 96 50 67 37 95 14 33 11 38 15 41 47 56 89 62 24 61 62 9 37 47 95 31 55 5 85 83 52 12 57 81 0 83 64 28 91 94 46 28 72 62 64 97 44 47 84 77 98 57 44 41 33 23 58 21 50 8 11 46 16 56 49 77 10 27 59 56 96 64 75 44 56 37 41 71 98 61 3 69 9 6 2 42 17 48 56 86 62 82 16 39 18 19 53 18 38 84 63 84 0 44 70 32 49 27 72 14 65 32 73 73 11 77 54 92 71 40 67 78 30 91 92 8 89 95 57 55 40 38 44 43 16 58 91 9 82 65 87 28 26 6 80 98 0 4 82 64 38 62 91 84 74 67 38 17 93 87 68 89 52 9 1 14 19 42 46 70 31 81 52 5 24 81 58 27 82 25 75 22 87 58 86 68 26 42 56 53 87 82 20 56 87 81 43 40 9 52 66 17 17 73 99 98 95 68 97 85 11 38 20 17 84 92 54 40 31 76 48 65 22 18 59 99 4 70 79 83 14 56 0 58 39 36 38 83 40 27 39 3 19 9 83 26 24 40 25 73 8 33 55 25 10 46 22 39 40 92 19 35 95 6 53 10 73 61 43 91 86 2 13 54 12 5 90 84 28 62 41 26 58 5 53 24 95 34 96 31 41 95 11 10 3 38 78 29 75 14 
92 47 53 84 66 50 80 21 43 84 78 67 39 21 23 53 57 82 78 66 91 44 1 60 77 73 19 32 86 78 10 82 99 62 61 83 4 10 86 87 44 74 88 45 34 94 25 67 17 8 90 74 1 85 92 29 67 59 17 89 8 30 26 25 17 77 87 55 77 63 75 66 65 93 30 69 36 22 68 72 83 70 92 38 76 35 61 83 43 45 3 55 55 96 41 67 65 52 70 38 94 8 34 18 52 37 3 28 67 17 26 25 80 23 35 22 14 14 4 99 95 14 41 28 32 29 93 64 37 6 79 21 19 22 63 35 47 64 39 28 40 38 25 80 0 16 3 39 3 85 57 19 24 28 89 18 95 89 25 68 23 15 76 72 96 20 38 77 36 47 58 87 87 46 33 59 39 20 4 51 21 84 4 17 61 43 5 23 16 75 62 3 56 80 51 47 28 59 84 68 69 93 17 7 92 80 60 81 60 64 11 99 90 89 74 68 80 76 69 17 59 95 38 53 36 93 60 47 1 2 0 64 67 23 58 74 26 85 0 65 69 68 91 80 28 49 75 75 51 63 59 26 35 98 3 70 67 1 45 86 21 86 99 90 57 60 60 54 15 44 89 97 0 7 4 64 33 23 89 48 51 67 49 93 82 40 45 71 20 9 84 34 17 59 3 96 33 6 56 65 69 86 37 24 30 17 39 13 58 41 78 22 28 41 38 5 86 16 34 6 41 81 81 69 0 36 82 71 25 61 12 2 17 43 74 98 71 24 15 29 10 11 85 65 98 60 87 72 20 31 21 24 40 68 66 25 4 46 16 36 2 46 55 81 79 54 67 99 34 73 76 70 15 46 95 81 44 25 55 81 43 28 27 6 34 50 65 13 15 20 27 73 68 9 38 30 22 36 65 75 
40 7 63 7 19 66 3 70 60 96 26 68 73 60 25 31 75 28 34 28 7 35 53 0 31 17 76 61 72 8 94 70 74 88 43 23 55 98 85 0 0 52 44 85 72 51 64 10 18 26 19 16 2 70 74 0 35 99 81 2 3 35 61 96 94 68 48 24 7 10 61 67 61 33 54 4 61 0 72 89 57 27 34 36 49 82 16 20 23 6 89 29 80 52 79 65 61 60 34 93 15 48 64 4 43 68 23 6 48 48 51 11 18 72 50 64 43 67 17 42 16 79 69 66 51 36 10 86 2 0 22 62 70 57 1 41 13 13 48 25 57 42 19 83 34 24 0 56 6 60 56 45 66 50 48 90 20 6 25 33 87 79 59 15 86 64 60 39 9 11 55 10 68 3 71 83 73 4 78 88 40 6 30 73 29 10 83 87 6 51 76 15 82 81 22 16 57 31 42 95 5 63 98 58 44 94 80 50 39 24 11 80 38 56 74 6 97 71 56 66 22 39 24 37 96 80 46 77 36 30 22 67 46 28 25 15 74 16 97 56 71 19 12 5 12 3 72 84 33 39 81 12 60 41 8 37 37 5 31 31 63 74 88 49 12 23 79 78 94 12 82 5 50 81 63 81 90 10 84 19 2 39 34 63 36 6 48 21 17 79 69 84 57 83 9 31 54 88 63 92 96 67 43 1 21 31 71 13 23 86 51 15 8 94 13 5 86 85 5 92 51 16 49 33 0 48 96 71 26 86 48 48 92 5 33 49 33 73 72 86 85 10 56 48 87 10 84 73 30 75 22 17 24 48 22 55 54 38 37 92 18 6 55 89 45 57 15 15 9 6 63 30 62 3 28 22 83 55 38 14 75 44 15 34 93 72 64 40 68 60 69 49 23 59 78 9 40 64 98 32 
4 19 35 66 99 61 73 78 40 86 28 98 82 67 84 6 48 72 48 62 46 31 35 28 37 49 33 79 49 69 32 69 77 59 8 23 59 19 77 82 5 18 69 4 99 96 70 1 49 55 9 43 12 38 27 84 60 2 30 55 28 29 51 56 25 95 31 16 60 86 36 72 63 57 69 96 94 52 92 83 62 86 7 89 73 14 81 69 27 36 79 77 53 35 63 58 80 55 47 40 68 13 24 14 2 64 33 54 19 3 51 48 53 56 35 23 95 59 10 31 12 23 11 97 56 56 22 72 78 22 60 9 9 57 95 78 78 93 59 6 13 84 54 60 96 10 44 77 92 20 73 22 89 64 91 19 52 36 26 25 59 41 3 82 89 49 45 94 86 20 10 96 5 76 57 79 93 19 78 6 33 14 7 59 71 15 77 27 10 90 55 12 62 75 34 71 5 62 16 96 56 49 71 16 39 98 24 1 24 44 81 44 5 68 91 20 38 19 87 57 22 6 59 27 0 49 12 32 72 8 30 47 54 66 28 10 83 11 68 19 35 5 90 74 86 47 53 18 77 17 37 89 96 18 8 29 89 42 18 41 60 74 18 75 17 94 24 35 21 83 44 55 9 9 32 96 2 58 29 1 10 68 34 60 27 27 13 42 81 27 98 22 87 21 57 44 85 67 99 29 92 53 52 2 33 25 4 22 71 82 4 14 91 57 82 12 65 16 63 90 60 63 59 79 30 48 34 46 65 18 22 49 90 5 37 49 28 8 57 85 23 43 69 99 85 59 45 10 44 99 57 61 54 39 1 68 49 32 49 77 39 66 20 0 25 96 22 18 54 39 39 95 14 32 64 66 20 75 52 35 53 40 43 43 22 63 21 25 92 56 14 25 21 23 17 32 30 22 75 31 
39 57 62 49 86 21 6 22 31 60 22 13 0 4 77 92 61 2 42 71 26 41 50 18 64 59 66 19 20 86 77 39 50 91 31 55 65 88 90 42 56 63 39 22 80 99 96 92 71 13 85 72 41 86 92 76 24 0 14 8 37 1 83 29 20 61 77 74 33 14 20 64 33 56 48 53 75 40 11 63 24 11 60 46 39 60 85 91 57 94 69 34 3 19 65 19 58 42 96 80 88 94 16 63 39 98 51 13 51 83 14 54 23 37 13 27 49 11 20 16 58 50 0 47 63 31 68 92 33 70 77 99 51 21 7 39 22 78 19 96 29 58 42 15 14 18 80 61 50 22 29 5 60 0 6 78 13 37 51 64 28 2 71 2 61 74 0 96 30 71 45 5 17 67 42 28 43 7 55 14 44 86 28 43 32 31 11 39 73 78 18 83 22 22 22 76 12 95 80 38 83 78 55 96 75 22 6 7 91 84 36 64 49 38 42 15 40 55 71 62 43 70 17 61 30 33 39 95 82 72 78 97 68 23 64 73 82 40 7 66 10 16 74 42 3 51 38 72 28 10 35 91 14 0 41 46 9 0 89 78 4 35 70 41 46 89 53 88 72 48 92 15 91 60 54 24 0 72 64 29 6 89 78 86 63 97 29 82 83 11 36 93 30 49 40 34 45 80 97 9 99 11 21 68 24 67 51 2 85 26 12 68 20 11 41 91 87 64 62 13 44 9 36 23 32 93 21 40 65 93 64 56 0 37 99 32 39 42 5 87 21 41 55 36 87 50 22 98 67 78 66 16 56 30 46 70 69 80 88 59 37 16 18 94 3 5 77 18 65 84 17 69 30 52 73 80 95 70 84 80 6 91 83 65 50 99 9 50 87 37 98 84 71 60 52 69 19 4 15 0 
6 46 45 56 82 4 24 78 32 96 48 27 27 26 97 33 32 68 38 25 48 58 45 9 37 58 53 82 81 61 54 17 65 7 83 34 34 16 82 73 90 76 0 12 5 84 66 29 40 8 0 44 37 51 11 96 80 38 69 46 42 81 8 77 84 36 15 44 98 45 30 77 0 45 51 88 1 36 0 55 15 84 63 35 94 25 16 71 16 15 9 55 72 72 44 16 5 93 84 38 38 90 61 30 60 32 9 93 31 62 15 53 4 19 51 10 6 4 26 24 61 61 80 55 96 17 31 6 77 61 34 20 37 24 13 9 72 56 43 13 95 52 41 22 57 58 89 30 87 43 87 46 2 9 78 4 25 8 59 84 16 81 97 7 1 62 40 16 9 94 16 47 16 32 20 33 56 37 24 37 99 79 22 60 28 47 0 80 93 78 55 48 42 84 42 33 52 25 2 60 10 77 52 14 68 2 4 20 26 15 68 89 27 19 32 88 35 18 33 74 46 31 59 35 79 95 56 48 67 41 6 45 89 98 39 12 45 75 55 50 55 45 26 92 39 80 28 17 83 27 29 58 93 46 28 10 86 89 95 82 41 45 4 8 92 37 90 24 60 67 51 55 7 66 1 72 59 81 70 99 8 65 32 56 54 12 25 71 92 39 72 85 60 46 92 51 72 33 16 46 80 33 43 67 46 46 53 31 62 55 91 22 10 53 83 39 9 57 90 84 97 73 66 52 90 95 11 76 49 14 54 90 27 5 32 82 3 39 7 27 46 38 5 66 28 94 17 61 85 12 80 11 37 74 45 94 57 17 80 81 47 2 35 52 8 57 92 96 19 27 13 59 57 41 6 51 39 57 31 94 67 21 26 14 16 50 41 73 35 75 31 68 26 6 87 76 46 30 78 37 
66 78 86 15 68 49 62 25 87 30 80 52 92 1 72 19 77 3 19 32 85 42 4 68 17 61 98 54 22 83 23 1 20 21 99 95 30 21 88 68 88 92 84 4 82 8 71 24 97 86 30 63 90 30 56 76 85 25 53 62 4 38 5 45 97 76 58 15 89 58 76 29 94 80 59 34 77 5 26 84 60 82 95 42 52 26 51 26 2 46 27 24 75 31 11 95 44 50 90 75 3 31 30 50 92 89 78 74 11 33 45 91 82 61 21 89 25 91 31 9 72 33 29 81 9 71 77 8 83 43 56 55 90 57 35 13 39 4 80 5 30 99 52 69 19 19 84 12 18 92 18 21 7 14 57 19 32 6 80 9 0 81 42 87 48 88 82 92 31 0 29 89 35 60 16 6 26 41 84 0 91 6 79 54 50 76 9 80 53 59 43 16 24 9 67 15 65 55 11 97 32 10 18 72 50 39 48 26 1 71 18 55 92 12 91 68 18 0 77 78 40 27 34 55 14 34 36 35 19 26 71 2 42 90 2 16 15 73 5 13 70 8 77 62 88 3 8 87 63 85 75 55 77 13 34 41 40 50 23 92 32 46 25 17 64 23 97 63 26 2 90 55 2 77 46 58 33 74 69 68 41 92 53 57 99 30 66 29 32 9 95 8 54 31 45 13 39 77 80 8 62 5 47 4 0 25 3 25 1 98 47 65 76 4 87 54 36 29 66 69 99 24 12 61 51 41 16 93 76 18 58 22 93 75 36 9 38 25 94 96 85 19 36 99 63 62 11 61 26 3 14 12 13 95 63 41 44 70 32 63 56 95 63 31 5 39 94 88 26 40 55 88 96 88 35 59 0 30 23 10 38 52 3 74 86 13 99 54 36 29 4 94 94 87 92 42 39 34 0 55 
41 91 48 96 72 66 92 63 21 31 18 81 52 15 68 35 34 59 0 55 25 28 13 86 77 59 0 7 86 71 82 56 35 54 67 35 27 52 32 29 31 10 81 2 7 9 94 75 72 40 39 15 85 55 93 7 92 38 7 98 64 3 9 41 92 64 35 31 71 55 90 39 2 70 95 21 25 53 72 42 21 53 82 20 85 40 51 89 0 38 57 35 3 54 64 52 68 45 33 31 94 22 46 79 13 72 36 62 84 12 38 12 73 85 96 41 77 80 39 0 61 31 59 86 24 23 7 3 54 82 4 27 41 42 61 95 78 99 44 37 45 21 76 97 20 81 70 58 33 21 58 37 43 15 16 35 99 51 43 69 80 47 88 95 79 11 69 69 79 28 52 70 60 57 15 6 26 41 58 75 76 79 47 94 46 7 92 14 88 85 54 26 76 4 85 91 26 64 89 12 69 90 87 69 29 3 26 81 90 60 7 72 20 10 31 36 73 22 12 8 3 46 3 13 10 39 24 91 52 82 78 4 72 42 73 91 7 20 25 96 49 19 26 81 63 45 4 24 33 25 95 11 75 29 95 8 88 67 92 15 82 12 42 89 79 64 27 74 71 40 9 57 76 93 85 82 54 88 48 84 38 11 26 73 57 71 48 14 17 22 78 35 96 83 64 75 88 59 28 72 17 66 49 2 44 79 50 71 33 20 15 10 36 94 11 52 89 79 25 35 40 97 25 39 90 58 5 6 29 92 84 55 25 15 65 69 68 32 49 93 55 25 7 92 75 14 24 30 59 74 99 44 38 43 73 96 79 10 35 22 39 78 64 77 31 38 86 64 31 65 1 6 66 98 34 88 42 36 97 65 15 44 20 75 95 32 26 56 5 54 9 63 90 94 63 4 55 32 19 18 
48 14 90 23 96 72 88 21 63 16 56 99 20 56 54 97 31 66 81 21 54 11 52 70 22 7 41 22 72 64 16 34 76 6 28 1 94 54 67 11 96 97 59 59 91 15 9 10 1 62 97 5 71 77 74 77 82 42 83 94 75 79 10 46 39 89 20 78 64 29 53 14 38 16 21 16 32 32 4 15 67 71 58 10 51 51 90 89 15 47 72 36 80 57 40 21 33 8 33 48 30 16 1 81 88 0 23 60 3 96 35 10 23 95 49 14 80 78 64 11 10 25 48 12 19 25 94 87 54 95 63 14 99 48 48 98 16 98 36 98 44 34 46 25 70 26 77 47 92 41 5 41 16 73 83 34 48 12 4 76 37 37 34 95 37 93 40 84 92 54 96 14 87 15 26 22 8 85 14 56 77 65 32 81 60 78 78 98 2 57 79 84 51 15 31 29 90 30 36 56 29 31 99 80 47 47 38 67 12 12 92 33 9 13 9 30 69 17 56 80 46 73 74 39 72 1 34 3 27 44 73 92 35 17 70 12 29 45 26 51 88 6 40 22 53 26 45 51 38 57 10 40 56 11 22 70 76 22 49 49 39 94 65 77 62 93 60 15 21 33 78 1 50 92 77 14 20 48 27 78 68 91 19 22 68 0 65 67 43 94 82 51 0 45 71 55 26 31 86 67 99 76 95 11 11 81 56 51 16 34 19 6 63 66 63 14 98 8 61 55 56 30 28 41 4 72 95 75 14 90 86 69 26 10 89 4 23 14 88 93 27 9 65 63 63 23 82 57 53 42 10 27 0 94 48 35 1 56 22 11 19 23 66 2 84 83 14 4 74 19 45 74 94 76 54 9 8 26 77 73 59 50 54 5 31 77 28 61 57 85 75 9 1 69 26 96 75 77 4 67 
55 79 95 51 45 76 85 72 13 62 75 99 26 57 87 11 77 28 82 99 92 54 62 11 92 65 88 97 20 23 74 81 91 38 35 60 96 24 35 76 60 8 68 24 87 59 9 31 66 82 58 46 84 99 0 59 92 99 78 63 95 51 44 66 50 66 88 21 78 13 95 13 99 35 9 15 25 59 98 55 30 72 23 8 23 97 84 59 4 18 76 76 27 70 19 42 96 16 74 3 81 2 29 71 87 0 77 23 14 70 80 66 36 82 77 15 59 32 50 85 2 95 92 90 98 63 10 94 33 6 74 20 43 32 85 42 15 22 80 82 44 76 90 47 57 55 16 73 22 63 87 8 28 57 68 51 74 82 78 72 1 40 95 10 57 15 20 79 45 6 22 43 24 4 9 52 1 60 97 40 69 87 22 32 31 24 4 78 44 61 57 25 75 82 73 83 38 34 1 68 75 52 0 34 54 18 96 28 80 88 35 54 3 44 63 93 90 6 58 15 48 33 61 38 4 51 9 5 52 50 40 63 38 15 74 70 50 95 19 23 5 20 42 73 54 13 94 27 27 37 92 46 46 45 18 21 68 91 26 23 85 30 98 46 74 72 98 49 48 83 95 17 98 63 94 32 64 82 80 34 64 41 53 11 85 15 30 56 87 71 48 64 75 47 42 71 55 62 86 82 71 1 82 90 9 46 24 86 34 12 96 82 27 67 90 94 99 99 47 21 49 83 56 74 16 84 20 84 24 78 17 62 65 46 54 86 31 24 64 69 16 71 95 67 10 87 77 99 6 66 29 62 13 74 93 12 85 62 25 3 31 3 95 99 56 21 91 18 56 42 36 32 50 2 75 57 45 64 16 42 79 88 14 54 8 21 99 54 81 77 60 39 22 14 21 50 28 3 88 24 
48 68 94 43 91 54 78 13 34 19 71 23 46 12 84 73 66 83 6 56 58 0 73 8 54 42 22 91 51 44 17 17 6 93 53 50 21 19 60 65 15 63 1 91 82 27 2 27 87 53 79 94 50 40 92 18 47 44 23 79 48 35 62 70 67 1 22 17 2 92 52 6 30 29 94 44 25 28 41 55 75 39 37 88 18 48 86 16 28 68 38 52 58 40 84 53 3 34 3 92 87 77 98 65 21 12 62 59 21 16 84 99 5 44 69 79 6 85 74 44 27 49 81 63 78 33 90 76 90 21 62 4 80 23 54 0 4 93 18 37 79 3 27 95 55 28 49 17 78 14 17 78 42 84 28 17 56 27 64 73 8 85 95 63 36 82 84 69 29 79 65 16 55 72 10 13 71 76 23 39 17 76 18 92 42 56 77 33 60 45 71 82 4 4 53 30 69 45 37 31 83 68 35 62 60 79 18 90 38 28 23 98 29 18 29 91 99 78 94 78 45 44 50 38 64 14 56 50 41 49 1 5 21 81 25 14 96 57 50 94 8 47 48 92 68 61 46 83 21 14 39 70 85 63 21 76 10 76 44 77 69 65 74 17 72 96 21 64 9 46 11 93 36 58 90 6 79 33 42 5 19 55 94 8 42 44 12 62 99 74 94 21 89 46 74 18 32 85 10 19 4 57 55 20 19 73 33 73 57 37 68 59 43 81 77 72 61 35 36 63 59 15 4 72 93 11 20 96 1 71 33 69 41 79 48 37 50 27 61 36 88 82 88 50 75 33 63 93 10 62 76 43 21 0 5 0 20 57 85 35 78 7 0 17 28 4 98 14 63 16 83 94 38 51 43 11 36 7 89 85 76 54 1 98 55 16 18 28 36 24 80 87 41 33 78 87 28 35 91 41 
26 57 3 93 33 69 20 76 17 54 54 75 33 85 50 92 27 12 97 56 87 87 97 68 60 48 64 11 58 12 93 52 13 26 87 92 79 99 47 11 80 19 18 75 7 99 11 85 14 55 53 39 46 31 72 26 84 8 81 77 55 20 83 38 62 54 29 3 73 82 69 15 87 37 37 10 43 52 52 74 92 10 63 43 64 83 22 78 92 58 17 85 9 83 14 94 23 66 84 82 62 30 5 52 72 65 60 22 9 67 50 81 40 61 30 51 19 8 38 66 6 70 16 52 92 28 53 78 42 9 37 73 84 30 87 49 5 19 66 36 56 80 60 67 76 83 82 31 37 81 24 7 76 3 23 8 6 96 44 49 68 20 31 64 57 6 91 4 90 6 27 24 90 32 82 89 18 9 79 95 36 15 97 10 32 78 41 2 61 98 12 63 92 94 74 27 90 64 74 76 5 22 12 43 69 7 29 69 23 30 10 8 14 34 16 85 96 3 34 31 94 87 87 76 4 84 66 18 79 9 67 93 97 56 48 95 74 60 56 65 83 27 22 48 27 29 53 10 69 9 31 73 29 54 52 76 30 34 36 41 36 92 15 79 45 84 27 2 33 20 99 27 94 71 60 44 49 72 93 23 50 20 83 90 38 68 28 51 35 75 11 49 64 35 73 59 70 77 2 66 34 26 71 45 87 59 94 72 38 8 63 2 77 85 42 25 17 37 53 85 19 0 39 40 81 2 41 55 60 92 84 5 80 55 27 70 0 11 90 93 12 85 3 50 88 8 85 69 13 76 70 99 54 56 5 36 29 30 67 24 6 49 49 18 29 26 39 53 67 34 12 81 69 62 98 7 96 84 51 32 28 6 7 75 75 16 80 99 1 99 72 54 38 51 34 89 91 32 88 44 
65 64 78 26 94 4 75 8 45 66 40 5 48 90 65 62 64 75 36 79 8 60 59 98 18 66 2 81 31 73 29 26 6 26 42 35 62 51 10 91 19 29 12 24 14 65 27 77 63 54 6 74 20 74 40 74 83 15 81 44 33 88 2 47 69 36 16 95 99 82 87 59 69 10 28 81 53 10 49 34 89 65 13 30 87 4 8 36 69 10 23 5 32 93 87 19 8 66 6 80 83 17 39 12 53 64 71 44 79 42 72 79 62 7 13 74 51 95 30 98 84 54 45 76 54 10 77 90 5 78 14 41 15 85 5 82 61 8 86 65 58 53 43 22 69 73 55 86 34 26 22 78 4 76 58 85 5 0 11 4 89 95 3 46 47 22 6 2 90 46 16 16 43 42 54 45 4 78 50 58 49 54 9 23 44 91 99 9 18 34 38 6 84 27 66 46 83 67 73 70 4 9 61 45 6 49 14 55 93 63 70 65 63 75 94 48 85 76 35 38 41 22 84 70 53 74 54 43 15 5 82 15 38 18 21 52 75 56 2 28 69 91 47 65 94 56 93 31 83 63 26 13 78 80 23 5 98 65 47 84 54 28 21 2 66 48 53 53 94 16 14 72 68 51 78 66 44 77 99 87 58 7 64 58 48 1 39 20 85 48 89 2 33 62 55 89 58 4 44 13 62 60 90 27 58 86 18 22 42 56 82 56 6 56 66 46 28 85 90 53 91 98 17 75 4 18 63 37 27 9 10 10 64 54 47 33 82 1 20 6 96 82 29 18 86 47 43 95 15 3 54 10 88 44 30 68 35 70 97 7 21 80 28 74 40 42 48 94 49 88 94 70 38 58 29 45 99 76 3 79 54 36 47 61 24 78 89 89 18 39 94 22 23 57 1 83 46 9 66 14 
76 62 50 50 51 22 92 81 82 94 83 80 16 3 63 44 46 6 12 35 64 52 29 73 87 71 29 63 62 79 20 29 77 0 56 99 73 86 33 31 68 78 10 68 20 1 80 94 40 71 17 80 70 10 26 50 3 42 73 57 51 83 6 7 72 65 42 83 94 7 48 1 72 60 12 26 9 65 81 78 28 95 84 18 52 52 21 8 64 52 56 56 98 94 0 48 19 14 34 52 91 13 78 28 1 99 6 53 8 36 99 30 67 99 83 19 14 63 91 67 34 66 26 34 8 91 87 89 76 58 52 36 60 3 6 16 38 7 42 31 1 66 73 17 52 54 16 77 80 98 95 79 45 47 32 14 34 27 98 56 40 2 42 85 16 58 96 2 0 25 95 91 52 10 59 35 49 29 11 26 57 18 2 32 32 44 44 0 91 97 9 51 11 74 82 94 65 57 57 52 75 49 2 77 49 1 54 48 88 11 58 24 43 31 91 74 69 0 65 12 42 70 9 0 25 89 44 74 61 61 8 68 87 30 29 53 99 42 68 52 11 81 11 38 52 44 54 57 98 45 24 22 66 85 29 69 18 91 26 87 45 65 45 49 95 13 71 27 27 14 55 43 56 42 13 56 21 78 27 61 96 36 47 46 4 96 77 49 1 46 54 44 81 10 45 58 65 33 81 95 81 36 15 14 32 23 9 10 5 56 27 2 47 52 17 52 76 56 78 35 51 43 19 69 16 76 27 29 95 47 77 30 93 69 59 91 54 76 66 84 46 15 77 60 34 29 18 25 26 63 31 53 85 97 70 2 88 14 23 89 22 39 69 90 83 12 75 99 72 8 16 10 70 58 50 48 47 97 23 27 49 89 12 26 84 78 85 35 15 84 78 66 86 80 65 48 54 43 63 63 
4 87 51 4 63 34 60 76 8 5 3 7 27 45 45 46 7 14 39 40 74 24 78 24 62 2 31 61 0 7 36 37 39 39 24 94 55 98 37 54 14 64 91 62 30 52 99 33 41 26 97 6 57 39 26 19 32 59 98 31 99 30 17 79 73 42 86 60 2 80 17 24 93 72 77 38 11 2 17 79 81 90 57 67 48 48 95 11 74 60 87 80 84 8 6 75 98 0 78 98 46 13 50 64 81 21 51 29 46 94 24 0 92 37 10 44 78 37 43 92 77 44 19 42 70 44 84 47 13 78 6 85 45 11 66 45 81 56 97 77 30 4 23 52 74 28 40 5 37 6 5 18 61 68 7 3 31 51 74 78 87 95 36 11 49 54 36 6 98 17 57 76 77 14 58 52 63 42 96 35 95 92 57 78 18 83 59 62 57 13 80 19 61 60 96 54 56 37 13 21 44 31 37 69 21 77 89 50 98 52 85 64 81 39 92 26 75 63 45 2 94 89 14 88 5 41 8 68 19 89 92 93 99 19 4 76 15 60 53 63 57 21 43 10 75 34 77 15 66 4 63 21 35 79 69 68 99 97 90 63 45 18 13 58 79 24 55 4 3 96 29 8 18 2 71 36 76 2 24 66 57 31 4 34 67 92 16 7 93 9 22 58 28 35 29 84 68 79 13 43 9 32 77 95 98 7 60 53 70 42 26 29 85 56 25 69 61 8 36 49 33 16 42 24 78 96 2 7 89 76 94 28 12 18 34 74 17 3 30 27 63 31 86 22 25 46 5 38 36 14 88 10 45 83 52 83 96 94 10 91 35 62 78 15 82 46 83 56 94 14 66 65 80 16 16 91 87 98 24 1 74 75 76 34 15 30 83 2 34 65 5 4 2 77 42 69 37 49 84 84 
23 58 42 63 1 18 9 22 85 95 18 2 33 58 84 98 3 99 28 65 32 16 18 74 54 50 85 76 82 35 42 36 66 40 1 61 57 69 4 94 69 46 88 34 97 8 73 76 43 29 2 40 46 0 57 2 58 37 8 1 45 15 39 55 20 59 40 51 34 68 13 87 57 15 29 67 4 77 46 13 97 10 89 75 87 5 78 14 88 81 33 60 37 14 38 81 53 1 21 73 34 95 65 77 73 93 97 62 9 56 23 82 71 27 97 34 56 61 14 72 50 83 50 86 24 23 76 54 4 78 35 83 86 68 62 44 11 61 9 56 51 41 97 89 3 51 31 97 69 75 40 2 89 34 39 21 24 15 7 14 47 27 98 85 30 12 59 96 65 54 12 35 95 10 43 72 70 83 22 28 98 25 12 98 53 87 10 99 42 98 90 33 24 40 91 99 34 58 77 77 69 68 47 73 21 4 77 69 47 42 31 72 99 64 99 50 58 46 33 94 70 55 2 79 52 0 21 30 13 48 26 59 57 57 12 84 65 50 64 18 88 41 76 87 51 51 76 84 23 10 44 68 19 78 25 56 11 15 25 60 5 94 89 50 34 95 9 74 14 69 43 86 75 84 79 18 15 55 67 87 41 0 1 95 23 32 25 0 25 19 97 91 32 17 94 90 75 82 93 58 10 36 66 9 29 62 80 22 43 15 72 14 5 59 94 69 28 57 42 12 14 30 31 5 7 13 82 48 94 43 85 99 79 57 34 18 78 95 53 73 39 16 40 55 8 59 6 61 7 64 63 22 5 64 47 68 90 17 4 62 69 25 32 83 2 48 17 15 14 57 0 61 59 77 27 61 53 94 18 63 84 74 52 31 95 22 59 26 32 38 57 34 53 34 10 5 47 2 74 95 
1 45 49 25 10 31 67 52 43 78 1 11 71 14 17 36 48 99 9 77 3 27 15 98 34 99 24 45 65 15 98 58 74 86 22 84 58 14 42 44 13 55 23 25 27 53 15 99 36 81 4 32 25 41 64 24 0 38 72 63 34 26 3 32 70 21 73 76 17 69 75 53 8 22 81 77 5 67 8 50 63 9 41 51 39 11 35 74 47 99 49 39 76 48 40 78 97 25 13 52 88 17 38 63 40 35 33 51 42 3 75 16 36 81 15 45 77 78 37 82 70 46 76 97 72 33 77 90 31 24 87 48 62 81 12 87 25 41 65 47 92 86 37 25 68 21 14 40 50 18 25 11 70 37 35 46 22 7 91 61 52 70 94 12 13 30 88 39 79 9 25 49 31 47 60 0 75 45 23 75 96 86 27 25 51 91 73 44 77 41 5 83 43 41 66 44 3 35 7 64 57 2 20 90 57 23 23 35 73 87 84 43 69 42 24 83 85 46 94 64 11 73 52 13 90 98 95 92 14 45 47 75 84 69 54 48 16 93 83 85 18 78 39 14 78 56 35 83 16 99 67 63 82 20 74 41 15 3 70 52 80 15 38 14 88 21 91 88 46 42 71 6 33 4 56 77 15 33 60 16 87 69 55 75 35 5 33 89 79 36 38 36 53 6 52 91 33 91 28 23 33 97 35 54 80 5 98 68 96 92 43 75 15 36 46 90 34 24 61 43 9 69 44 9 43 22 3 80 19 66 16 12 85 59 31 81 21 51 53 7 88 87 41 82 20 2 29 42 67 83 36 25 39 29 90 77 44 6 57 55 49 32 39 66 32 36 96 76 57 99 77 31 45 82 85 62 22 93 15 17 1 92 52 54 35 36 46 2 2 75 49 23 33 22 74 79 20 75 73 53 
59 96 15 86 73 50 91 3 81 25 12 13 30 35 76 14 70 67 4 90 51 88 0 88 77 66 27 58 87 65 59 33 33 15 42 74 33 67 80 61 25 7 57 80 64 73 57 52 20 58 86 67 44 42 5 54 62 52 33 58 15 37 84 96 21 19 94 9 37 20 87 89 49 35 49 85 32 6 18 22 61 32 78 71 52 77 4 24 3 55 85 21 81 60 66 27 37 94 72 57 52 2 61 37 58 32 12 72 54 41 31 35 41 38 91 92 73 40 50 0 90 76 41 34 44 77 65 4 63 84 67 97 64 44 88 95 20 10 34 73 65 90 8 7 11 83 34 1 81 83 5 85 41 7 20 69 18 9 15 9 51 58 67 56 79 23 42 41 11 7 32 64 55 47 46 82 92 28 6 49 77 3 48 76 17 27 67 10 37 80 2 53 23 8 20 12 22 86 3 61 6 80 81 41 34 1 48 41 40 28 3 6 81 0 60 39 46 44 89 93 86 89 50 79 5 81 71 60 73 54 29 2 87 84 54 12 31 27 63 58 83 96 54 23 97 17 43 39 60 87 90 3 5 76 65 33 27 54 59 8 63 59 90 12 4 25 17 69 98 99 18 10 49 32 74 0 85 3 72 72 27 44 66 70 86 91 29 22 83 86 85 12 10 68 1 70 42 35 32 21 67 69 85 73 73 63 79 53 20 49 99 35 18 58 78 47 77 83 5 22 78 70 8 80 20 93 91 54 57 71 23 90 29 62 48 88 25 70 45 78 3 52 61 54 42 98 77 94 73 87 66 5 47 14 20 36 50 20 95 43 76 49 5 81 25 10 36 93 75 28 9 91 18 84 65 59 75 24 47 96 95 33 27 11 0 89 37 49 44 70 97 45 97 36 58 83 52 52 56 62 
68 2 70 21 69 56 67 72 33 83 29 43 15 1 52 44 79 19 8 73 34 14 93 4 82 29 90 98 23 69 24 97 15 79 20 10 80 57 0 87 32 15 30 17 57 8 81 76 33 57 4 45 3 54 20 92 68 11 2 80 41 48 5 36 98 40 48 19 94 10 11 26 59 53 46 9 33 10 67 75 10 75 62 81 57 6 29 50 27 95 25 96 93 50 37 14 35 52 37 61 76 84 20 15 4 85 42 62 6 6 5 9 66 40 12 18 50 23 49 84 67 12 83 29 86 10 43 67 83 76 0 90 10 54 64 73 93 22 37 34 29 68 3 15 88 73 48 2 59 69 54 31 99 87 96 45 49 5 84 58 98 64 39 16 64 69 86 88 91 33 83 0 39 78 50 55 38 54 54 35 16 43 94 96 4 68 13 59 62 19 70 57 76 23 92 93 62 16 46 12 61 77 24 48 57 86 41 62 78 18 44 28 68 58 1 45 3 26 9 35 25 7 20 59 13 86 18 95 79 60 12 65 9 7 69 50 30 88 53 69 41 61 64 12 53 93 81 16 46 57 21 53 26 34 67 96 44 8 42 9 81 73 97 31 73 30 85 26 53 53 72 39 27 0 49 65 93 77 88 7 57 15 16 73 36 39 54 64 6 2 83 3 14 62 60 26 26 43 1 12 9 20 32 63 11 11 68 50 29 5 86 20 34 9 86 7 16 35 33 24 7 40 53 96 47 48 38 98 84 38 8 60 3 42 8 7 67 93 12 7 25 82 49 18 3 42 87 47 46 73 72 2 23 49 29 58 35 90 77 63 59 26 26 38 55 7 57 30 73 3 37 96 28 24 99 64 65 4 36 69 26 50 16 59 34 81 10 4 56 21 71 2 71 44 35 62 77 46 78 87 
78 52 59 93 76 14 67 56 92 11 76 98 40 29 52 19 23 77 64 34 36 80 60 57 7 19 44 65 28 64 15 8 66 49 59 86 19 48 30 89 20 36 16 72 95 55 80 75 43 73 47 60 57 16 22 9 92 4 24 93 94 4 57 80 93 86 8 47 2 60 43 23 29 11 54 80 49 44 13 13 51 92 48 83 53 48 19 67 87 74 39 43 41 55 6 27 14 82 43 0 85 91 38 18 94 87 20 27 80 83 42 59 36 79 14 77 44 9 59 73 21 62 82 28 26 9 41 69 90 81 23 13 16 24 59 66 1 45 74 99 21 37 99 63 97 9 57 7 8 99 88 5 97 92 76 74 21 33 51 94 54 84 8 7 26 17 63 91 0 52 30 34 55 41 65 15 65 75 82 49 67 61 36 66 18 11 1 27 90 99 6 23 71 47 82 48 41 30 85 17 80 1 38 47 56 44 31 34 75 33 20 64 39 80 11 63 23 55 38 10 80 60 85 70 44 85 94 22 63 4 2 33 64 43 5 5 78 61 65 68 32 90 67 90 54 47 27 70 89 90 90 66 24 68 80 56 48 71 51 59 21 51 36 25 18 51 36 26 3 53 16 68 12 14 12 21 1 95 50 90 64 65 57 53 78 54 28 62 90 69 89 77 27 54 25 82 68 57 26 73 57 52 74 52 23 99 6 27 51 96 51 91 28 59 4 42 14 87 8 38 19 61 9 6 48 6 81 89 19 16 35 94 92 33 78 67 16 90 93 66 34 61 19 77 36 37 17 21 60 47 48 29 15 30 2 24 70 42 26 64 75 73 52 85 46 45 73 25 73 30 82 73 24 46 81 80 41 26 51 62 63 17 17 52 98 74 88 62 99 3 34 57 8 99 91 58 41 39 89 74 
16 12 40 4 58 12 81 36 72 72 51 49 89 21 66 82 92 54 51 96 60 68 17 51 61 87 31 5 55 48 61 59 34 59 63 91 52 95 3 41 23 16 91 86 92 28 19 98 52 49 68 17 33 62 65 61 84 88 41 38 50 7 73 54 87 49 12 53 46 34 48 28 90 21 6 57 9 10 49 78 75 36 78 39 81 13 52 1 91 11 23 13 6 25 86 72 7 82 1 92 32 82 91 27 11 39 96 27 68 14 7 97 93 42 82 49 58 24 57 50 3 87 4 75 97 22 39 54 25 20 85 87 53 94 84 31 56 16 18 78 80 29 85 95 6 24 39 24 34 39 9 88 44 41 40 10 10 89 81 38 78 76 33 39 42 35 64 5 67 85 59 75 47 14 91 12 86 93 41 50 34 76 11 23 38 53 16 23 52 22 74 33 6 60 19 58 83 77 70 7 86 41 68 31 83 42 42 56 40 18 4 64 70 60 47 67 48 58 11 39 52 30 92 12 17 36 74 9 48 31 26 31 30 98 19 8 29 20 33 63 14 59 9 22 6 58 9 60 39 21 65 92 94 61 87 10 91 24 58 36 61 50 33 99 14 96 54 52 77 33 73 5 18 99 63 60 57 8 6 46 15 57 15 68 78 66 85 98 8 3 60 0 97 61 2 5 60 68 37 53 2 73 45 50 5 79 2 63 97 90 53 29 80 79 24 33 23 74 32 78 55 77 95 43 21 64 21 36 90 66 62 57 6 3 81 34 95 98 55 29 12 93 47 50 42 18 48 41 7 21 43 85 53 39 75 23 17 69 59 48 97 37 51 87 71 96 53 90 43 77 49 44 83 13 26 11 80 31 8 23 56 50 51 51 94 41 73 14 21 90 63 28 13 18 55 51 66 99 50 52 
11 95 36 70 70 17 44 49 76 2 87 27 83 41 63 43 38 22 56 74 57 47 21 62 2 32 87 37 19 97 35 18 25 25 65 57 24 82 97 37 12 34 25 49 56 55 67 59 16 83 52 5 32 41 37 37 67 32 18 16 70 53 84 18 54 59 79 32 15 23 91 5 9 24 26 69 62 56 27 62 98 79 86 97 12 40 24 1 82 26 52 78 50 0 18 50 65 80 14 42 65 1 80 55 27 91 59 83 7 47 20 49 18 23 9 85 11 23 9 6 53 45 49 90 77 82 36 8 64 33 71 49 15 11 96 21 57 12 47 67 17 41 33 14 85 86 33 89 30 6 93 1 93 45 70 73 53 14 46 22 62 49 77 28 61 26 45 33 97 54 15 81 73 25 67 50 75 29 35 9 93 83 22 32 18 39 98 25 67 53 73 15 66 85 20 71 86 26 49 22 81 78 78 1 75 60 97 17 67 72 49 29 7 88 95 80 79 31 50 95 94 94 16 82 61 88 16 18 92 98 7 52 10 63 80 51 38 14 47 76 79 22 42 13 1 93 77 58 98 48 32 51 32 78 51 13 31 63 46 29 65 66 28 83 60 18 29 4 72 26 17 13 97 80 71 77 92 79 86 76 65 43 82 74 95 16 34 99 63 37 81 40 14 36 67 43 70 7 58 14 67 12 52 21 10 69 90 85 10 33 49 11 9 23 32 26 53 93 2 96 15 63 90 8 67 45 24 92 22 81 62 87 36 30 7 89 10 38 14 81 11 88 38 8 26 89 8 53 92 36 98 92 81 85 67 35 72 12 43 54 98 21 33 9 75 9 86 4 61 22 19 29 37 76 70 38 15 97 32 81 88 46 15 40 58 2 38 6 28 27 13 89 15 94 24 50 72 20 34 49 
26 54 14 70 15 8 72 76 18 94 52 56 71 63 19 26 14 39 23 25 57 50 1 53 97 93 46 92 63 41 41 82 75 85 94 98 24 37 52 64 37 85 14 37 19 2 25 35 85 11 33 9 65 90 88 66 68 69 75 5 71 24 78 50 78 92 55 55 65 50 58 37 85 33 88 63 2 20 22 51 43 55 12 88 13 23 60 53 55 95 47 4 9 94 90 5 12 43 54 63 58 16 91 35 6 22 77 60 38 12 16 59 31 70 28 80 13 0 88 64 91 71 95 53 41 18 71 94 53 29 74 64 42 7 54 26 84 98 42 99 4 15 54 37 30 41 81 48 64 50 85 20 76 16 43 32 83 6 56 35 16 31 27 44 11 34 68 78 38 27 6 4 91 40 60 3 56 12 96 3 56 4 9 38 82 43 45 5 70 67 62 71 19 56 54 77 43 53 28 27 58 65 53 75 81 72 7 67 93 18 29 43 23 71 27 37 81 91 19 16 64 27 80 19 48 69 22 14 71 57 78 5 34 29 64 68 72 71 42 43 64 51 94 79 26 98 23 96 53 17 72 93 3 14 82 21 28 54 63 23 47 82 2 44 63 59 13 51 85 0 25 41 95 61 69 3 45 42 53 33 9 8 44 80 52 32 84 54 51 58 34 24 11 3 1 76 77 82 2 40 60 67 28 39 12 85 25 23 11 31 90 95 66 5 68 33 27 56 47 94 48 81 53 81 87 37 82 97 43 55 63 3 21 53 36 44 16 58 31 31 42 68 82 94 44 39 7 60 64 70 42 86 53 84 71 78 18 7 34 4 67 85 87 21 16 46 77 32 7 98 14 35 44 97 87 41 67 36 82 86 50 67 21 0 0 15 93 79 5 78 55 55 55 77 62 92 8 42 53 43 
89 49 30 55 6 3 79 82 59 73 11 49 62 47 45 77 62 49 93 64 32 54 55 48 20 54 0 62 50 7 86 49 37 84 31 31 8 46 5 92 51 56 40 3 97 13 53 90 51 51 34 29 35 14 26 5 74 1 82 93 14 56 35 22 29 59 30 15 14 90 94 47 9 13 77 50 32 82 97 10 75 40 44 19 74 10 30 20 36 57 75 31 92 35 76 66 43 93 66 12 39 74 52 88 99 95 88 12 6 37 42 4 85 97 44 60 56 72 81 16 92 20 15 2 28 69 26 81 64 27 43 4 89 46 29 21 61 79 39 55 6 11 59 78 67 58 17 29 82 29 2 48 32 11 95 48 85 25 16 39 79 24 26 93 54 27 21 19 5 65 22 29 71 35 68 31 75 50 7 19 32 60 94 6 17 8 69 28 84 39 55 73 78 41 70 61 43 13 35 86 74 76 87 1 30 54 34 63 66 89 55 68 78 11 36 77 75 15 24 13 26 61 93 81 87 57 31 74 88 71 55 59 15 28 52 51 63 84 63 74 68 85 60 66 76 38 84 13 74 23 69 29 36 40 64 97 35 9 22 78 68 77 77 40 81 26 24 11 38 16 46 27 80 35 50 20 1 6 42 34 81 53 46 47 25 75 76 15 54 25 22 71 57 17 78 31 60 66 8 93 75 46 44 89 35 98 86 49 51 51 91 56 38 77 22 19 88 32 15 69 16 88 31 64 73 13 41 66 40 99 3 25 13 16 35 53 6 16 15 23 40 84 54 63 51 26 94 49 76 51 83 85 57 6 86 17 29 97 98 43 16 38 69 51 45 68 74 80 63 97 53 61 5 89 36 71 33 56 52 21 58 17 88 93 52 49 78 41 85 42 25 29 86 50 94 31 51 90 93 66 
51 66 40 31 66 28 16 60 0 16 51 72 58 54 84 84 15 70 63 62 56 92 75 51 48 60 95 41 99 75 69 3 17 11 13 49 66 30 22 11 35 74 36 16 84 57 5 50 24 84 25 55 12 2 16 43 39 84 51 69 5 58 25 84 79 39 35 47 34 6 90 34 96 57 49 18 99 67 30 50 67 29 9 41 39 64 86 96 67 93 66 60 76 48 94 63 19 50 35 41 51 34 5 11 37 86 29 27 85 59 48 42 30 65 54 94 46 15 11 74 39 19 77 96 38 25 54 34 30 70 96 27 83 70 58 16 87 1 72 5 44 54 94 81 72 13 97 67 61 63 54 69 69 83 79 86 69 80 63 47 36 76 2 49 86 75 89 59 78 69 39 97 97 12 44 87 52 49 96 32 32 56 96 5 39 29 60 51 66 10 89 28 1 43 97 40 34 21 15 46 42 46 17 0 20 0 90 17 35 72 13 41 58 16 55 42 66 60 9 90 48 18 42 95 20 65 18 38 54 15 63 55 50 81 90 57 41 58 69 53 21 74 0 63 61 42 70 1 42 1 37 54 21 49 84 66 67 62 32 5 93 10 73 57 75 78 3 91 39 35 92 48 46 37 99 80 79 72 50 72 23 4 20 13 7 22 14 60 8 43 99 83 52 29 29 55 61 64 59 80 51 87 52 54 17 67 92 94 9 83 85 76 36 40 27 14 52 62 13 93 88 12 76 62 15 5 96 55 88 60 94 79 97 77 83 20 44 24 11 83 27 94 78 34 83 9 57 57 18 5 8 81 82 24 14 48 57 78 46 60 72 9 68 28 49 74 35 28 5 97 22 81 68 97 41 64 94 32 34 85 57 54 35 72 8 96 57 63 72 91 97 38 65 12 6 47 3 58 0 24 
85 61 19 67 86 62 99 84 42 89 14 32 39 94 74 46 48 99 82 78 2 68 47 57 22 92 59 76 38 44 48 22 68 22 22 68 51 95 55 44 34 83 78 41 54 44 86 83 24 98 20 12 84 2 39 49 36 66 40 99 20 92 61 36 41 1 13 30 88 8 89 62 80 7 5 73 44 1 10 27 90 80 35 3 34 29 57 15 3 6 24 52 3 3 66 41 34 48 38 80 13 26 94 85 94 12 64 38 7 68 27 22 74 22 87 98 92 56 34 17 87 7 11 19 60 81 4 48 5 71 32 58 53 44 72 60 26 75 58 25 24 54 31 44 74 28 61 33 82 68 45 52 24 90 1 0 15 41 54 99 19 33 0 56 98 0 74 33 30 60 11 46 98 46 29 70 89 21 4 56 83 88 47 84 85 34 19 76 15 72 12 69 12 55 32 14 82 35 25 83 58 22 83 22 51 34 2 38 22 18 61 99 60 13 2 74 43 72 84 45 26 1 19 98 88 49 55 88 66 3 31 54 76 77 23 23 93 15 48 90 78 94 99 74 29 83 88 80 10 63 12 20 66 65 58 58 54 18 86 83 58 28 39 22 75 62 78 6 17 31 38 96 1 14 18 46 30 73 29 32 34 92 80 66 40 39 57 21 55 86 3 85 26 10 14 63 22 5 20 76 7 62 92 94 3 97 78 57 87 39 23 16 99 31 59 89 40 8 24 91 71 39 81 31 17 19 58 17 86 57 86 47 63 95 38 54 31 56 68 68 75 75 16 94 56 43 13 87 9 64 12 4 18 50 88 37 37 74 90 92 71 95 39 25 40 91 17 46 38 62 71 24 59 78 63 53 98 84 39 67 13 2 16 61 52 18 57 40 8 57 39 93 20 87 3 57 12 86 17 37 
13 9 63 79 55 27 33 49 86 0 92 20 70 31 44 96 93 64 43 54 75 1 11 58 11 20 67 11 73 87 64 27 45 78 85 11 35 0 5 2 45 24 88 88 17 62 49 42 68 3 2 45 66 37 57 56 58 46 9 66 4 46 4 16 65 79 4 74 87 89 3 31 78 87 40 26 10 84 98 32 42 37 15 92 32 45 9 24 46 34 40 56 73 20 56 0 36 44 48 74 86 55 96 90 20 3 86 38 61 88 63 28 11 58 57 26 43 7 40 96 95 48 97 24 31 41 85 43 57 96 42 66 98 38 62 95 10 80 65 12 97 11 1 28 47 87 0 93 53 81 69 6 97 75 46 66 88 12 34 9 1 16 37 50 37 13 64 96 57 19 2 52 40 61 43 94 54 32 77 20 39 31 60 21 12 24 14 26 34 14 23 26 40 72 45 81 4 32 67 42 73 72 91 74 20 21 97 20 39 92 14 83 29 62 90 36 35 62 90 97 82 98 52 86 86 27 42 25 23 57 89 13 6 22 83 14 98 79 56 33 83 24 34 74 38 21 46 85 67 50 88 21 68 93 66 17 19 97 65 33 33 49 21 57 8 37 26 89 13 37 83 25 34 39 86 1 68 62 24 31 80 36 54 55 7 99 52 44 86 95 77 37 99 87 35 87 66 79 29 29 31 28 90 20 8 46 84 88 41 10 4 66 10 59 64 39 41 91 78 57 9 85 39 85 34 49 12 45 73 33 95 15 30 35 66 41 61 37 31 39 98 35 71 86 69 15 80 62 60 49 57 14 42 58 34 74 72 23 47 45 89 42 57 12 16 40 45 46 84 31 31 78 67 77 60 51 68 94 36 62 77 67 44 33 46 63 14 82 1 6 12 25 78 4 73 30 75 3 41 23 
71 72 45 73 96 20 16 53 24 5 88 25 24 38 7 40 48 35 55 38 63 34 56 31 8 75 65 99 15 61 78 58 84 93 32 45 16 86 58 16 21 19 18 53 85 69 27 17 50 39 62 86 85 82 42 33 46 72 16 93 66 86 55 36 24 54 45 60 85 6 90 96 15 93 44 32 64 69 59 86 50 27 34 51 78 35 74 73 38 31 71 42 75 93 88 77 62 66 94 4 73 50 88 49 98 46 6 29 20 57 75 30 21 10 99 75 79 84 73 22 54 15 1 17 41 71 33 97 72 70 57 75 9 99 45 96 30 84 6 24 62 27 20 33 39 21 14 16 72 62 98 84 79 9 6 10 53 83 95 81 60 30 38 23 5 68 60 91 10 39 42 84 22 43 52 11 80 51 94 12 64 40 25 95 92 24 83 93 51 34 53 7 44 29 99 42 60 85 81 88 39 32 41 55 84 14 46 44 60 16 87 53 81 99 6 23 15 93 87 54 62 99 67 61 2 47 2 82 28 52 33 1 21 43 24 0 51 56 11 80 62 90 66 10 37 59 38 4 2 8 70 97 68 31 10 85 54 85 34 38 15 7 83 16 64 75 6 99 13 88 9 99 7 35 98 35 97 15 96 2 46 16 12 42 99 89 93 61 58 3 44 18 46 98 47 83 43 21 63 76 12 7 79 77 51 71 15 96 13 68 1 85 75 89 54 57 76 39 80 64 36 80 75 17 33 50 50 16 8 0 35 12 13 49 1 26 22 11 73 12 89 93 47 49 21 60 99 26 39 18 40 5 18 93 67 77 75 22 63 30 73 85 87 93 64 56 72 22 84 55 25 49 53 75 48 91 20 81 44 17 80 44 92 26 2 69 21 89 90 88 34 69 59 12 82 64 1 83 63 74 
68 30 54 58 48 69 56 41 75 95 47 42 79 5 28 70 89 65 95 62 16 21 55 13 54 0 8 13 79 52 91 88 12 52 1 68 39 8 37 92 95 71 62 2 99 92 88 9 50 93 15 14 78 75 67 6 53 66 18 81 7 96 50 38 54 63 69 25 10 28 1 73 24 68 5 75 61 78 25 15 27 20 1 86 88 42 17 24 18 77 23 86 82 54 14 62 3 24 58 94 1 76 72 74 42 3 50 91 37 39 98 60 30 74 28 98 74 86 34 43 79 97 63 34 50 39 34 98 38 26 60 51 0 36 80 89 1 16 71 60 83 90 84 48 72 4 72 50 23 13 57 3 41 44 75 7 79 6 75 16 77 47 32 57 50 38 39 73 20 70 0 76 79 23 34 15 37 18 1 99 37 6 2 44 8 96 22 11 59 16 76 18 34 55 89 22 52 79 73 17 89 54 63 82 88 72 76 30 45 15 48 39 74 51 65 6 56 49 60 61 96 72 89 39 34 47 75 3 86 70 12 75 2 11 18 1 96 38 86 59 87 16 36 24 43 77 87 26 60 64 46 20 51 15 79 11 1 39 63 77 24 57 6 2 88 14 48 75 5 72 17 67 89 68 17 84 8 51 19 74 38 88 91 74 72 29 53 34 63 38 20 63 22 32 78 50 14 54 30 59 39 91 68 23 45 40 44 33 84 85 25 87 40 59 7 50 59 37 67 40 84 77 10 0 55 56 29 71 82 48 7 25 76 58 79 89 56 28 88 2 9 61 78 98 19 6 63 96 32 71 17 25 63 11 54 46 21 1 74 17 30 39 43 93 47 39 39 27 58 15 89 66 37 37 65 10 66 83 57 40 30 5 80 85 73 21 38 0 66 10 37 36 4 24 38 67 99 10 47 67 
54 10 79 91 77 77 82 18 43 34 51 58 14 12 11 48 54 78 77 82 95 35 22 12 78 59 49 31 5 88 79 71 90 80 19 16 93 22 74 24 12 59 1 78 64 19 43 74 82 75 44 60 28 70 10 58 68 23 27 53 85 97 24 98 8 46 32 69 32 47 92 91 75 49 22 9 12 80 86 91 37 32 41 50 8 44 60 88 28 21 21 50 15 32 12 72 57 23 67 90 96 78 68 14 98 88 26 73 78 67 94 24 2 92 67 84 96 36 76 47 44 80 6 52 26 98 94 21 21 16 35 35 7 36 14 23 57 49 85 43 65 85 71 95 98 52 15 78 9 24 75 48 10 85 18 40 0 42 87 65 56 52 76 12 38 59 83 77 94 28 68 44 35 86 92 30 46 71 3 60 45 28 84 65 16 11 89 47 3 49 61 28 17 84 26 74 53 55 42 72 87 12 70 78 30 57 49 47 39 30 50 78 92 13 7 44 94 59 12 83 92 11 27 66 33 56 14 91 96 39 36 96 54 14 15 99 51 63 42 36 72 0 61 60 60 47 29 23 14 84 10 42 43 63 10 31 37 35 63 16 70 36 20 78 45 69 88 9 82 7 51 83 12 78 46 15 40 41 77 80 43 68 31 34 48 45 12 43 91 10 26 17 29 74 94 4 17 2 36 94 26 34 33 42 26 16 68 69 47 44 23 50 56 48 51 21 90 6 11 86 67 64 49 79 11 92 70 63 25 64 67 85 8 95 60 28 19 57 55 32 14 15 20 41 62 54 79 74 2 70 35 80 39 2 42 0 45 2 5 79 35 28 86 33 41 51 74 93 99 1 32 26 61 19 31 88 9 38 15 85 72 96 19 6 17 87 9 62 43 22 2 37 41 94 87 36 87 2 5 85 
46 41 14 25 95 95 28 97 45 43 17 93 8 57 75 78 78 72 12 64 4 77 73 23 12 49 33 41 62 87 88 20 72 93 81 83 42 24 63 67 21 2 79 20 70 64 31 46 74 1 13 49 50 70 75 23 20 5 77 44 40 55 72 42 60 60 74 38 80 94 69 34 31 43 52 37 69 34 92 20 89 77 31 15 51 6 79 51 5 0 33 89 39 61 47 67 67 43 91 45 42 96 85 30 29 77 81 96 75 59 36 50 79 57 51 73 32 68 65 25 11 27 80 72 41 66 56 71 81 26 67 4 48 67 32 56 80 44 40 66 38 6 62 43 35 56 48 47 41 78 26 28 49 37 23 1 4 41 76 66 30 88 23 99 70 82 8 74 79 9 0 29 67 48 71 10 86 83 62 49 41 64 97 3 72 72 92 69 81 63 5 60 78 97 13 98 32 58 56 13 32 24 90 54 86 64 81 61 65 33 93 67 86 63 62 0 32 64 53 82 71 15 14 30 56 46 52 49 13 86 97 6 41 68 4 21 6 11 87 3 37 95 2 77 46 87 45 30 85 70 94 97 0 90 19 14 1 51 81 16 10 95 29 11 48 74 61 31 97 16 94 76 9 80 12 67 78 19 55 37 59 2 98 87 74 20 85 22 53 19 70 47 75 25 95 89 63 70 9 26 73 16 53 20 88 25 76 41 62 84 71 29 13 99 45 6 22 44 15 56 88 15 22 38 12 87 87 1 67 3 25 4 7 86 60 39 17 22 5 19 94 49 22 50 48 22 75 24 60 43 61 22 50 94 58 34 45 33 2 70 11 13 80 43 59 79 55 37 77 54 7 74 25 87 15 8 0 90 57 59 56 36 20 54 23 1 36 93 85 93 19 19 49 1 74 69 72 83 91 50 
52 30 50 52 25 78 98 8 73 12 21 13 29 20 67 58 90 72 39 60 61 96 94 6 3 51 68 24 12 65 63 47 62 13 67 91 52 41 35 56 43 87 94 5 57 95 86 1 8 2 43 92 25 89 63 86 34 78 17 2 61 62 48 94 62 28 13 37 15 40 99 57 53 8 25 62 98 4 41 47 33 40 89 31 81 81 3 11 38 15 5 74 24 89 96 92 46 18 44 92 78 45 41 48 53 23 32 38 33 63 9 64 29 61 44 31 49 67 73 69 15 25 76 96 25 99 41 6 12 56 41 34 56 29 25 63 93 67 22 28 30 65 10 16 23 97 36 67 40 41 10 12 0 57 39 40 8 51 23 98 89 34 79 61 19 79 92 40 94 72 68 76 8 6 6 67 53 6 89 90 84 39 57 56 67 18 61 62 68 82 64 66 49 3 30 84 57 48 61 9 80 92 1 14 9 57 11 13 21 34 56 38 95 7 74 53 90 41 71 94 91 68 30 73 95 7 58 63 11 71 96 4 78 68 81 50 23 99 8 14 0 49 49 62 10 30 65 83 14 82 96 92 79 56 97 78 37 44 60 9 45 86 74 91 18 71 96 44 99 83 33 66 2 48 10 98 17 67 11 62 55 20 84 20 53 70 51 11 21 3 91 16 38 37 14 0 34 23 99 4 1 70 63 94 7 15 41 62 91 15 3 2 64 92 87 30 56 76 30 27 60 67 32 55 28 13 80 94 27 40 97 23 16 96 53 24 62 61 73 18 62 53 82 84 31 93 10 87 86 75 9 86 6 38 30 18 1 42 85 1 73 31 67 39 50 68 3 45 88 82 99 50 8 91 94 50 10 40 60 37 57 82 77 44 46 44 57 78 98 55 47 49 79 56 39 9 93 66 26 82 
9 40 37 86 34 17 1 46 66 76 65 77 71 15 37 25 6 74 49 21 83 97 69 30 27 6 79 2 26 83 77 21 17 12 73 38 92 96 75 46 27 34 22 88 50 34 65 81 44 68 67 52 68 15 92 4 95 22 43 72 45 47 92 20 72 73 83 71 21 28 98 92 60 38 50 97 66 72 21 36 93 61 70 55 20 66 74 27 72 43 49 89 38 97 16 62 9 49 70 91 87 92 0 27 71 35 65 79 85 37 38 6 53 10 42 35 61 82 82 23 78 26 11 4 73 42 8 34 62 60 34 60 64 37 52 18 98 61 12 28 54 12 31 11 60 30 32 6 29 98 60 17 73 22 4 16 41 70 68 54 1 83 35 52 57 22 7 43 18 14 30 51 4 17 24 36 54 94 79 2 53 94 1 59 16 72 65 75 55 72 13 5 3 54 66 25 50 44 60 69 79 79 19 39 24 50 86 95 10 97 23 37 45 56 4 38 40 40 25 80 11 80 66 71 12 96 74 17 50 78 51 0 61 67 8 98 22 81 32 5 9 92 93 77 4 41 49 7 14 49 8 43 93 3 31 64 7 26 7 18 51 1 0 4 19 76 51 83 57 86 23 79 67 91 84 1 84 52 61 48 39 76 71 28 5 57 56 32 42 47 37 99 63 37 4 49 7 98 71 98 11 86 93 63 36 29 48 36 23 62 43 15 90 92 60 79 2 61 2 55 35 92 33 11 55 77 70 35 19 50 45 95 82 36 92 71 4 62 2 96 14 86 43 23 46 58 22 92 29 44 72 77 11 12 59 92 43 58 19 94 48 4 47 10 23 5 47 46 30 75 57 4 37 78 18 51 18 25 26 7 14 77 83 42 98 88 37 57 67 55 50 90 62 55 80 60 42 33 31 64 
43 40 85 4 87 2 7 49 91 34 74 84 41 37 61 27 55 20 57 42 19 85 3 20 92 23 8 11 63 99 59 68 7 57 18 88 86 27 90 96 17 16 25 32 78 76 80 6 20 35 30 27 10 3 34 46 80 54 24 12 66 92 91 68 58 8 53 60 4 33 96 36 52 64 3 5 80 49 24 52 59 14 1 12 5 42 8 98 64 81 47 27 82 39 4 67 32 44 45 12 66 67 27 81 92 90 93 76 93 57 51 42 13 0 4 9 88 6 36 66 57 99 26 37 64 77 76 73 36 31 79 80 16 58 2 7 28 97 74 34 7 39 71 10 58 22 41 15 31 74 6 12 39 22 3 36 16 18 42 58 84 30 1 53 18 69 78 22 62 14 18 13 7 75 36 30 38 35 36 72 90 98 87 26 62 90 52 70 66 41 39 58 54 56 85 97 55 41 33 2 28 60 30 35 92 87 72 5 36 20 80 9 44 39 54 66 9 68 36 66 22 74 53 10 63 17 35 65 1 54 46 51 99 12 5 99 20 69 89 2 6 45 53 3 54 65 31 55 73 12 84 63 15 14 47 80 98 15 46 26 42 63 81 77 50 1 67 88 61 21 7 23 98 37 67 44 40 16 86 12 14 97 19 23 31 1 29 37 49 0 10 26 91 60 11 85 91 52 5 4 12 88 20 35 41 12 63 74 70 74 32 95 28 96 57 17 40 46 88 81 42 88 47 67 44 19 23 41 4 81 98 94 21 86 6 38 95 15 40 47 0 62 93 55 15 0 43 37 67 70 51 77 75 48 5 28 48 13 78 19 74 59 90 54 52 38 84 28 23 42 94 5 41 10 3 44 43 94 52 51 19 69 62 55 10 7 29 4 9 93 50 17 89 15 17 32 29 76 87 37 
27 16 81 99 55 86 12 46 51 18 16 83 30 42 42 45 51 18 55 9 81 48 93 5 5 68 12 20 55 38 89 93 77 18 22 64 24 40 75 77 16 39 67 33 14 65 58 10 40 89 49 70 41 45 70 45 81 63 2 98 91 37 13 92 14 84 60 90 17 17 96 22 82 9 62 89 8 55 50 9 47 51 37 31 17 22 26 39 51 99 76 58 17 92 24 26 82 9 40 76 22 47 92 91 65 13 88 15 68 68 43 72 22 29 10 48 56 91 12 82 45 5 16 8 33 65 0 24 92 45 29 38 82 30 86 1 48 51 90 31 70 35 68 54 75 70 17 65 96 5 60 38 68 92 69 41 23 20 28 8 30 1 59 76 59 70 51 28 89 18 78 33 78 93 69 83 95 11 37 70 23 60 47 35 92 37 72 27 94 2 44 71 46 45 54 2 99 50 1 53 10 99 90 70 71 21 38 47 33 48 74 3 46 23 96 32 61 68 27 23 4 59 93 2 65 64 3 17 39 90 98 18 72 37 90 4 86 72 8 2 15 32 32 20 93 35 3 59 18 40 29 34 99 46 98 23 11 43 21 63 31 87 14 65 7 65 36 49 11 5 90 4 35 39 40 21 44 11 16 40 48 98 70 78 76 28 91 88 48 18 85 37 50 77 31 37 47 71 86 63 22 21 77 5 90 39 21 63 98 76 88 65 35 9 35 61 55 40 89 84 7 83 65 15 58 3 79 73 63 38 88 60 79 28 68 93 80 53 27 44 13 94 22 91 35 34 3 98 71 63 47 62 90 61 63 90 65 82 61 79 64 3 52 31 97 73 79 52 41 32 75 18 59 68 94 74 40 56 50 88 17 80 1 40 67 26 39 36 8 37 66 62 91 61 84 15 77 13 66 99 
48 45 36 79 97 74 97 35 9 16 44 17 38 52 99 37 15 15 47 79 39 37 53 58 89 33 19 6 39 11 66 84 43 59 82 81 75 70 98 60 44 78 86 48 96 79 66 33 77 83 73 57 97 85 98 3 77 94 18 7 91 36 94 88 4 56 78 18 56 77 10 2 43 65 99 61 75 32 5 44 3 15 97 92 44 62 18 32 74 77 4 42 93 99 42 60 16 16 15 4 30 98 23 46 11 22 40 20 13 96 65 82 7 14 57 55 22 56 11 48 99 9 29 47 25 85 15 79 63 40 17 2 99 6 43 42 88 84 56 69 32 90 5 95 47 13 23 34 0 26 20 48 49 3 5 74 54 22 92 24 68 20 65 88 92 16 14 40 85 48 23 36 10 43 97 59 9 63 90 61 62 9 62 33 16 67 41 59 65 5 37 5 89 71 2 21 85 50 30 55 15 29 13 29 9 26 89 86 90 45 51 55 80 12 71 99 0 28 40 86 98 43 19 33 88 2 68 79 45 4 93 99 63 36 95 8 78 16 42 53 17 91 57 50 14 20 54 10 1 43 31 56 13 83 89 83 30 40 95 85 90 47 54 87 47 68 96 81 52 96 63 34 60 96 24 29 7 88 67 63 58 19 41 15 21 46 75 97 83 42 80 79 58 59 6 29 23 51 5 37 89 27 0 34 17 8 60 89 24 81 43 84 80 61 22 96 24 95 49 82 51 20 46 18 74 55 84 4 85 94 72 82 95 5 18 98 65 69 2 76 85 39 57 35 75 92 22 12 36 31 96 42 41 41 10 72 14 28 8 88 96 3 11 2 35 37 20 92 12 77 17 87 58 37 65 6 27 29 54 89 66 97 43 17 98 65 82 94 78 9 70 57 87 6 30 35 21 36 26 26 
2 84 30 66 35 31 68 91 52 79 53 77 70 78 67 43 3 9 8 88 81 7 43 84 59 22 95 35 89 57 65 99 18 71 95 74 27 46 77 12 1 8 19 98 59 98 50 25 37 17 88 39 97 2 78 75 20 28 72 32 26 61 12 14 45 73 98 53 63 18 80 27 68 1 80 30 67 88 59 61 23 16 52 13 12 13 4 71 9 56 85 48 10 83 19 73 40 19 15 60 95 87 14 91 11 72 25 64 8 89 99 20 84 99 58 60 71 36 59 8 40 97 52 46 63 32 15 43 25 93 52 40 91 67 57 56 27 89 6 40 87 44 24 3 43 42 94 78 38 41 97 91 59 99 23 74 2 60 11 56 28 34 75 12 43 49 0 42 47 79 97 13 64 42 97 72 33 84 74 49 28 1 14 54 83 67 73 64 95 22 59 76 15 43 84 15 58 63 44 69 9 59 76 57 79 10 30 61 18 17 8 0 11 3 16 67 36 97 7 28 25 83 91 35 84 7 97 71 34 77 71 53 51 5 42 23 63 17 8 64 2 26 0 46 77 36 25 96 6 76 24 26 70 14 84 93 77 75 36 15 85 72 72 78 50 80 92 83 34 71 30 79 89 23 16 45 99 99 5 7 89 81 16 38 20 96 57 46 96 50 12 67 48 64 84 60 82 8 84 90 94 87 8 64 54 3 50 44 9 30 62 99 12 11 39 88 88 80 79 22 53 93 2 27 11 80 53 79 99 34 37 6 32 89 94 81 10 91 57 31 86 41 86 67 76 95 10 52 42 27 92 82 30 24 41 47 81 53 41 16 49 30 64 52 23 42 57 89 37 34 54 50 36 53 40 77 53 45 40 22 66 73 18 80 74 50 93 23 56 55 84 49 55 55 43 24 33 50 9 12 
55 37 19 89 41 94 37 88 47 36 69 71 99 57 93 9 72 72 50 71 82 69 64 23 74 30 41 7 40 93 68 6 16 27 27 88 14 63 28 96 2 64 98 53 66 95 59 26 13 13 1 87 60 15 43 15 2 95 26 59 82 85 40 95 79 58 43 3 47 37 81 61 61 50 22 74 15 44 74 85 57 54 93 51 46 22 93 67 35 49 55 62 13 93 68 67 6 71 65 3 56 63 40 39 77 6 97 84 74 68 74 76 99 34 3 59 11 94 28 89 41 84 19 42 41 11 45 74 91 36 16 6 72 34 62 90 35 67 12 57 31 70 69 50 5 82 69 20 53 6 46 20 55 13 98 45 28 51 1 4 3 41 16 81 85 78 46 70 52 26 78 39 22 95 85 58 9 18 25 92 50 43 19 99 87 8 5 61 89 59 54 73 78 69 78 13 1 34 5 36 59 99 3 68 70 95 26 54 16 17 31 85 35 96 97 32 11 96 43 0 23 92 28 2 55 25 77 0 13 78 29 6 15 61 92 91 88 29 2 21 2 47 77 89 28 98 10 22 40 66 16 17 19 13 57 37 79 72 17 92 33 64 52 69 83 8 40 40 40 29 75 7 11 1 13 78 36 52 65 73 25 25 48 20 17 23 59 96 95 63 31 52 96 85 22 10 32 97 75 63 42 72 12 60 91 59 19 38 53 75 83 53 84 42 68 29 77 69 58 57 53 10 42 59 88 8 29 47 34 8 17 20 66 70 66 60 57 29 1 43 89 51 91 30 7 40 23 48 78 69 56 2 69 12 38 43 79 38 43 66 29 76 83 91 99 46 91 87 66 73 61 44 45 43 33 36 19 68 62 97 89 79 71 41 37 30 4 47 98 94 44 46 92 62 48 4 18 61 30 53 
74 46 94 77 5 52 93 71 48 34 24 12 94 68 63 88 44 11 14 31 21 94 58 70 73 49 85 67 55 86 28 34 41 90 29 26 77 53 72 0 62 65 45 41 1 76 2 18 21 64 11 71 15 2 23 20 54 14 61 40 58 30 15 75 63 77 81 91 17 31 45 17 25 82 57 20 2 82 6 38 33 84 92 59 98 55 86 75 20 89 68 63 95 13 62 14 7 96 66 20 4 73 32 87 44 96 53 30 9 7 2 58 12 60 19 67 8 65 8 11 63 61 98 61 57 58 53 28 43 67 92 13 3 80 66 71 60 76 16 1 21 14 31 53 65 71 15 83 2 47 60 8 74 14 36 36 18 97 17 22 77 61 32 82 98 88 58 27 18 13 98 47 23 40 76 59 66 50 32 47 92 94 90 42 83 49 25 46 40 4 93 2 50 11 49 23 93 44 96 85 63 24 8 30 87 25 65 16 25 93 83 79 10 73 62 21 88 98 41 25 4 24 33 6 41 37 72 49 80 32 13 31 82 49 17 28 37 88 6 29 55 83 75 48 3 89 13 53 26 77 53 59 45 80 66 37 0 86 19 18 2 13 88 27 26 51 57 35 53 53 52 64 8 93 77 72 13 22 94 78 1 60 56 50 53 65 67 62 45 58 76 7 56 55 77 60 86 86 89 25 98 53 66 90 4 22 19 85 26 27 2 69 89 86 42 48 34 82 88 51 65 50 19 41 58 33 81 86 55 68 4 25 90 24 21 43 30 91 59 69 55 0 7 28 33 41 31 20 81 73 25 71 16 46 22 94 80 28 79 24 97 94 50 6 67 49 71 56 16 15 53 90 28 74 31 60 83 41 72 46 10 54 23 18 62 17 51 56 10 96 63 96 12 63 40 94 50 45 14 91 
56 95 11 62 28 61 2 70 21 91 41 90 53 51 33 60 99 0 38 98 91 0 33 85 99 89 80 24 18 76 26 82 83 95 47 47 25 44 26 88 4 55 72 63 66 25 20 93 94 46 69 7 21 44 70 43 67 80 73 52 69 40 25 23 33 62 64 92 9 12 93 84 19 84 35 32 52 50 95 45 84 40 98 53 46 5 33 55 57 69 80 46 85 16 81 80 77 9 27 57 53 33 99 56 64 23 21 2 8 6 10 12 45 81 4 23 3 71 59 99 15 44 27 26 35 18 2 75 25 31 31 17 89 10 50 38 33 7 18 34 11 45 33 54 85 34 96 17 48 97 62 60 89 20 65 93 75 35 42 6 87 21 64 66 96 87 4 25 28 93 79 72 26 94 9 0 84 51 9 51 88 52 1 82 97 97 10 93 49 66 35 64 80 58 43 11 12 89 56 13 83 65 79 72 76 53 25 36 93 71 75 57 53 8 13 78 61 73 3 95 53 16 92 73 20 15 46 76 55 40 19 98 38 26 59 7 64 31 81 91 98 63 86 51 89 48 16 94 39 97 47 80 66 96 70 89 63 83 47 34 70 7 12 40 71 76 85 99 81 44 90 86 21 50 63 29 65 24 69 72 57 80 74 42 93 91 68 36 32 19 14 71 81 35 35 67 92 69 55 53 8 47 75 44 87 81 53 3 69 33 76 54 80 88 45 94 54 28 34 2 89 31 42 92 72 71 0 35 19 14 93 90 9 5 4 16 59 91 69 70 40 11 90 18 75 41 47 33 25 8 56 7 64 18 55 49 42 4 28 4 70 50 81 77 68 53 90 60 71 13 45 4 40 69 70 34 80 24 28 34 34 39 71 3 22 73 73 11 45 34 22 30 66 66 37 65 56 72 24 58 
21 30 51 66 83 56 56 44 33 41 69 88 28 36 26 10 2 75 9 28 55 96 59 69 98 49 33 56 66 45 6 96 50 87 47 97 2 31 0 19 79 51 73 5 8 20 9 45 10 65 38 98 65 2 61 74 96 5 71 65 75 65 21 25 66 20 55 56 49 59 31 95 98 43 8 8 62 54 61 22 88 38 64 71 55 5 67 67 58 62 53 24 45 68 24 25 13 16 25 46 99 79 56 44 38 60 35 69 30 43 61 59 49 47 52 45 56 97 86 66 17 81 34 12 28 57 19 12 71 28 73 25 78 4 28 66 86 35 45 44 40 30 33 2 77 72 61 99 58 13 44 21 77 70 71 27 94 48 22 66 59 59 1 28 96 22 10 29 64 92 22 37 4 0 18 65 56 12 11 60 63 26 11 86 14 68 79 12 65 31 26 99 62 6 47 10 22 28 42 33 30 14 14 0 89 13 95 58 10 91 86 74 0 84 34 7 4 0 66 64 87 99 2 91 40 93 6 73 40 55 80 78 81 5 26 1 80 32 24 27 62 95 31 68 45 10 38 34 26 86 40 89 54 91 99 19 85 27 71 68 90 46 21 92 81 30 97 92 53 33 46 83 10 61 81 82 97 64 61 14 97 32 66 80 15 49 43 89 93 44 61 27 28 18 8 76 65 9 56 5 64 30 76 66 48 56 41 8 10 19 19 59 5 41 7 45 73 57 8 14 31 37 56 66 1 26 93 88 71 53 93 57 60 76 42 51 80 98 2 54 86 51 70 80 38 31 83 8 18 8 46 99 36 58 32 85 38 71 45 25 41 95 66 42 75 34 17 80 44 99 88 8 50 11 52 91 24 51 15 74 24 34 47 50 13 10 26 60 27 88 7 80 84 30 87 77 91 6 51 24 
47 64 51 74 82 92 16 99 90 40 14 29 20 74 89 41 71 94 5 92 36 59 0 79 16 39 66 23 81 36 7 55 32 17 4 41 78 57 55 49 1 22 52 79 22 41 56 6 89 97 93 55 25 33 22 48 52 30 9 58 37 73 58 78 80 41 86 43 21 83 43 11 29 55 34 74 30 90 74 19 50 64 15 10 1 72 55 42 82 66 16 8 70 9 58 59 43 13 2 65 17 14 62 94 10 77 23 84 31 14 21 47 37 67 18 2 97 44 54 84 28 68 77 16 78 75 34 35 5 28 46 8 20 5 76 70 88 24 75 24 35 84 48 57 7 29 47 85 29 56 20 64 15 83 18 73 79 44 62 6 57 11 12 54 75 52 24 11 71 85 79 94 68 41 52 83 52 70 40 5 1 89 32 1 75 80 90 53 42 95 63 73 61 73 88 37 46 56 58 86 42 7 14 41 79 69 76 92 64 32 67 80 69 35 14 83 40 50 2 79 59 49 0 66 75 19 84 36 48 93 74 97 86 0 24 31 32 23 72 80 74 12 23 52 8 89 34 94 45 46 97 87 74 65 49 51 36 40 14 46 19 82 13 14 23 21 13 75 50 72 73 79 20 33 97 8 16 19 41 18 64 75 7 1 14 80 31 90 76 26 13 81 45 44 62 35 45 92 46 69 71 83 53 17 68 8 8 47 7 74 58 39 71 2 96 21 1 1 77 45 70 46 82 68 3 47 85 62 43 25 50 89 57 5 70 22 27 44 68 27 18 2 90 5 79 51 57 67 65 14 99 11 92 70 48 83 89 94 22 58 83 20 82 64 85 89 88 23 41 31 54 79 69 98 84 33 4 33 73 39 67 4 50 79 20 86 99 86 18 65 30 87 31 0 89 32 23 96 50 78 
