58 49 47 1 43 28 40 51 90 46 42 59 3 16 80 73 5 76 39 38 17 46 95 26 78 58 41 43 72 20 72 98 84 62 66 20 28 17 6 8 80 90 27 82 99 47 74 23 66 82 56 0 29 18 74 12 35 28 66 82 41 51 54 98 58 58 30 23 93 30 1 29 46 24 12 48 94 12 77 20 5 72 62 42 45 42 16 27 93 15 9 96 51 12 0 6 18 11 44 58 90 39 71 7 69 71 45 67 38 48 35 40 0 13 77 36 9 75 4 79 11 28 84 39 67 45 82 24 9 83 39 53 23 89 4 71 61 16 32 4 72 31 15 19 57 33 46 70 85 84 67 44 90 27 31 16 69 59 52 58 6 98 44 21 48 68 98 8 5 98 15 36 20 12 86 61 25 13 76 13 57 74 7 62 35 95 84 12 25 13 74 78 27 33 45 20 44 35 67 77 59 83 58 90 58 79 38 70 56 97 4 15 28 60 79 41 11 77 9 94 91 65 89 86 90 91 92 27 40 23 66 36 41 24 23 41 53 1 30 47 34 16 92 78 55 63 8 86 33 41 29 13 38 51 81 17 16 1 97 35 21 7 64 4 80 99 64 47 22 82 6 58 50 23 66 84 50 11 4 35 76 74 65 3 63 48 16 3 65 79 98 82 88 4 72 37 40 80 1 83 1 1 87 4 98 34 14 99 41 39 50 57 55 60 64 43 14 71 0 44 29 0 29 94 32 1 82 19 53 90 76 37 82 79 0 50 40 84 14 69 43 56 42 89 87 36 70 65 23 14 56 4 8 29 54 74 64 95 95 70 86 50 63 81 9 44 57 26 41 33 12 24 62 81 89 65 60 66 52 13 9 2 81 15 1 89 95 9 11 58 57 74 49 32 33 3 77 63 79 30 
37 34 11 11 52 3 10 87 66 1 8 51 82 46 17 37 45 93 38 5 90 33 31 15 48 35 79 71 4 44 29 88 67 95 12 22 22 21 37 86 96 54 69 23 32 55 87 34 16 13 62 45 69 5 14 73 96 15 59 37 92 4 19 98 41 15 6 0 68 72 43 61 16 24 20 53 40 84 88 98 22 8 76 29 4 1 92 64 73 85 95 69 30 35 38 51 1 83 17 39 38 72 50 74 92 72 11 17 38 59 66 89 43 30 15 77 2 86 56 68 66 81 99 83 62 64 17 7 64 82 94 78 99 4 57 24 93 78 89 76 14 80 76 68 30 24 11 85 61 99 42 98 29 66 46 12 83 32 68 90 82 81 15 77 76 65 5 39 59 81 58 64 3 56 18 21 68 54 88 1 59 57 3 64 20 57 40 2 43 82 47 56 7 76 22 73 41 86 52 11 65 13 87 74 66 71 5 74 14 79 35 57 33 48 62 44 32 30 13 18 8 67 23 29 98 18 83 20 22 12 61 68 93 27 71 75 84 12 92 49 25 44 67 97 3 99 27 12 97 84 58 37 35 14 7 29 16 51 25 55 67 90 13 2 57 3 34 21 50 76 47 32 0 56 93 86 8 46 47 78 83 75 30 21 32 24 24 44 58 76 72 98 44 45 27 37 42 8 29 82 19 2 51 77 70 44 19 62 46 34 17 81 57 52 77 48 26 5 73 26 89 17 12 18 4 72 39 29 36 35 35 9 62 67 27 70 34 60 11 54 59 79 9 28 96 19 12 9 99 36 70 95 48 21 90 29 24 44 61 35 99 36 60 33 2 22 11 30 33 15 97 39 52 41 76 25 8 71 5 11 53 74 71 0 74 29 49 69 96 5 82 41 58 14 9 72 16 28 83 37 
7 9 99 71 41 82 12 7 41 29 27 48 73 50 49 91 10 68 25 80 32 74 5 36 11 37 77 25 4 17 36 43 36 0 67 24 2 45 60 46 43 0 67 55 67 65 15 17 69 59 51 32 99 76 42 37 60 94 92 4 82 64 74 28 31 37 49 53 58 40 37 42 66 21 55 56 63 66 29 91 67 46 18 68 51 46 18 30 74 29 6 5 18 50 11 72 46 95 83 29 58 55 73 63 1 47 38 55 40 2 96 27 56 32 46 83 26 25 36 33 28 45 72 8 71 62 5 55 67 99 39 6 67 20 11 77 5 63 97 4 32 33 31 71 92 6 87 23 17 60 76 92 0 3 29 5 50 97 63 89 83 40 12 51 3 0 4 80 74 5 7 71 25 58 26 66 98 19 18 47 68 40 31 25 68 22 86 40 51 58 1 50 90 96 95 16 70 5 82 72 40 4 36 40 24 18 22 55 71 44 43 63 79 61 4 11 18 43 5 5 90 54 44 14 16 99 39 1 30 19 55 50 38 81 16 80 88 92 34 16 43 44 28 31 33 26 43 98 68 30 53 41 71 4 67 58 28 47 92 54 93 66 79 8 6 79 4 37 67 68 90 88 82 8 71 55 71 80 76 62 74 42 15 70 13 33 19 88 95 17 98 75 88 9 16 8 18 67 23 8 87 76 62 79 24 47 59 59 49 6 8 15 30 23 45 65 62 73 26 10 57 19 26 8 71 52 80 44 51 4 85 10 6 18 3 61 45 98 44 15 79 65 54 33 31 47 54 47 44 63 66 30 90 17 7 18 42 76 27 74 21 39 35 1 90 2 40 6 20 53 7 8 25 52 75 92 76 71 14 86 40 16 54 86 6 67 37 47 61 33 19 24 44 12 76 27 67 81 14 50 
98 27 87 8 71 44 78 32 34 86 98 68 53 87 87 13 21 48 37 24 3 82 70 84 7 22 76 82 15 79 44 29 63 65 21 0 20 52 79 61 9 97 33 60 5 37 40 14 18 60 54 26 34 24 72 77 99 21 96 76 32 59 58 80 35 62 3 53 29 33 74 51 44 7 11 45 34 1 29 91 86 32 37 43 68 2 23 90 49 91 23 32 68 62 0 69 1 7 95 13 42 47 36 39 85 38 84 25 38 56 55 43 85 48 20 49 77 29 69 13 18 97 9 58 93 67 55 61 91 15 49 14 23 29 84 95 10 38 37 79 27 18 25 70 75 83 41 66 51 28 69 97 73 70 98 42 0 27 22 57 99 87 79 35 19 56 46 89 72 80 9 39 37 10 59 68 19 2 27 68 65 64 24 62 17 24 99 56 96 69 41 51 58 19 95 7 36 11 99 87 59 60 73 49 22 97 21 69 55 28 35 74 82 5 49 56 89 35 43 88 47 62 1 77 3 94 36 8 60 19 94 27 27 97 60 5 20 18 56 69 81 74 52 87 19 98 0 99 62 36 31 74 67 50 1 94 8 89 67 1 68 43 63 3 72 68 30 51 25 18 51 96 42 43 22 61 76 92 81 71 52 47 50 98 29 12 85 97 80 67 47 26 56 24 47 17 53 40 71 47 51 84 39 10 14 64 54 63 9 82 9 21 71 15 88 28 21 40 5 48 98 89 0 43 40 74 1 32 7 74 36 69 63 9 62 72 8 57 19 9 93 65 7 27 39 44 25 48 51 31 98 70 43 30 10 60 19 12 89 44 70 50 0 6 12 29 78 4 78 61 45 63 58 16 47 2 75 96 70 22 83 57 40 55 67 99 86 1 82 98 87 48 82 75 4 32 40 83 87 99 
38 45 92 9 50 16 46 27 40 20 26 99 64 62 53 27 89 23 71 70 5 70 52 38 51 45 14 68 37 87 31 14 49 32 49 43 38 21 95 8 26 27 93 41 31 32 39 74 71 87 98 23 48 65 15 73 56 50 28 55 48 98 72 35 67 3 63 78 42 90 2 91 65 83 96 94 72 94 77 52 35 35 62 64 59 70 89 82 46 99 70 75 5 80 74 52 56 29 10 40 37 27 16 14 57 44 22 52 95 82 24 81 82 66 55 78 6 71 61 51 9 95 22 34 28 36 51 84 79 7 31 74 17 77 64 87 5 59 23 93 28 36 46 81 44 73 29 99 40 0 31 5 97 63 66 82 52 11 93 50 74 56 89 73 60 56 54 49 51 64 8 76 18 6 61 36 25 35 65 81 38 62 47 68 70 22 45 85 3 57 72 68 11 85 81 79 3 55 71 4 69 22 84 40 35 45 25 31 65 93 70 18 24 69 98 92 56 78 28 94 91 33 98 53 99 30 61 14 30 7 42 56 40 86 83 11 97 52 73 48 39 74 16 96 46 4 19 34 18 95 46 73 81 39 65 57 82 82 15 52 49 52 75 8 79 31 2 28 12 28 21 68 60 35 0 77 35 28 22 76 93 31 23 2 89 16 76 92 39 22 54 83 51 1 90 62 8 26 95 79 74 20 93 8 12 84 81 43 81 8 32 4 17 27 16 77 18 12 80 74 92 89 19 42 17 74 16 21 13 95 85 0 30 10 62 10 79 88 47 53 86 85 20 68 30 57 39 78 94 14 3 47 91 48 77 17 12 0 96 82 55 53 13 79 11 58 74 92 84 75 14 87 11 6 98 86 43 13 3 29 91 19 16 23 61 87 92 75 22 83 15 79 62 72 57 16 74 97 60 93 
53 27 27 68 0 60 27 5 70 47 13 42 38 30 68 46 62 81 89 2 51 94 39 41 66 81 52 31 55 35 21 93 12 49 57 10 53 79 42 5 61 65 35 9 87 24 53 93 57 66 86 65 25 54 43 32 35 4 94 89 14 83 75 99 62 40 5 0 21 62 59 65 69 70 64 70 37 17 10 38 80 35 34 12 90 83 48 17 72 80 76 36 98 30 17 53 3 54 30 46 9 21 38 31 82 48 24 50 14 36 23 54 33 40 6 7 75 48 88 54 54 82 53 73 5 71 52 62 39 67 92 5 41 10 84 14 95 48 64 51 24 45 21 18 89 84 72 31 0 17 38 5 57 33 38 81 53 11 99 98 77 52 7 79 29 50 12 58 70 5 31 63 96 18 75 64 56 0 99 46 69 39 54 28 29 82 41 18 47 90 86 33 63 33 88 89 69 76 19 3 5 83 65 56 46 0 5 98 82 43 79 97 6 98 37 49 22 5 0 98 47 59 85 3 43 93 42 39 81 94 8 57 69 68 3 48 42 82 8 59 14 26 1 45 86 21 29 90 19 97 83 79 29 10 85 13 34 9 5 14 32 84 63 61 34 34 72 41 72 21 23 78 38 17 48 64 43 77 57 77 82 15 48 7 92 40 13 29 55 76 74 12 15 99 48 53 76 49 0 85 7 88 2 93 8 43 32 47 91 5 86 61 33 34 53 37 53 57 46 20 32 19 8 51 6 71 68 38 38 2 72 47 12 93 77 35 49 56 90 3 66 54 30 66 37 27 81 77 16 72 34 51 87 81 27 29 1 99 10 53 70 77 35 7 67 16 57 72 89 30 25 19 94 15 12 44 93 85 77 82 5 38 11 20 21 35 12 28 15 60 34 0 54 9 33 29 4 19 93 68 
91 30 97 66 50 49 1 79 71 61 80 58 64 19 53 92 62 73 6 75 54 5 85 81 79 30 2 25 10 95 86 51 25 47 99 2 29 96 44 23 9 26 26 92 88 45 10 64 50 82 45 17 72 23 46 94 0 26 11 91 27 18 79 21 93 58 14 26 80 63 33 60 85 81 79 20 63 95 84 31 21 34 66 48 10 13 49 9 15 6 83 71 45 0 24 2 4 38 22 26 7 39 4 2 41 82 28 95 23 51 19 20 50 30 92 11 0 48 3 21 18 73 75 25 13 29 21 58 66 77 32 70 98 47 6 1 25 40 60 83 93 2 1 25 83 94 79 98 54 40 95 61 10 85 70 61 63 63 83 46 58 63 78 38 92 88 30 2 59 60 56 33 13 47 32 5 2 6 11 17 75 8 89 59 27 22 12 35 47 5 29 60 34 38 27 66 55 1 48 83 29 37 90 45 46 23 55 52 23 36 1 92 84 80 30 78 41 93 41 24 36 61 95 21 44 99 4 66 33 35 77 89 93 88 0 0 10 73 95 54 36 15 88 27 57 26 4 78 96 62 26 46 91 48 58 22 9 8 95 70 27 77 8 33 45 88 86 60 3 54 83 35 32 25 73 78 54 83 46 51 71 80 94 75 57 89 77 49 25 9 15 22 57 57 49 53 81 38 70 71 82 89 99 83 2 79 18 50 55 38 65 57 48 28 37 61 64 13 16 92 20 42 76 50 98 76 81 27 39 94 78 95 23 79 67 18 79 76 82 25 64 45 87 52 13 73 40 10 96 91 92 2 57 2 15 35 80 80 67 94 18 71 90 42 53 0 24 92 63 72 82 8 96 68 75 28 87 76 82 72 95 68 60 98 74 41 99 31 45 17 47 61 61 5 84 70 86 99 81 93 
58 17 0 48 96 44 9 6 61 52 39 13 47 95 56 66 41 4 88 16 62 14 70 66 77 93 66 89 56 65 30 2 35 17 43 11 56 21 82 8 65 42 47 16 1 33 61 89 67 59 39 80 19 0 35 12 78 55 35 54 52 61 8 69 72 0 83 47 88 14 25 19 29 46 39 13 17 82 34 15 27 61 3 29 88 51 46 71 16 66 56 37 46 24 62 43 47 87 17 51 59 52 86 28 54 83 39 84 15 81 11 60 7 95 24 85 60 78 23 43 74 27 84 62 66 97 85 5 45 21 71 70 23 66 90 49 44 1 33 25 63 78 40 36 21 0 43 18 84 1 31 96 9 30 3 33 91 33 47 2 50 71 0 66 50 33 72 36 75 2 7 80 84 95 50 91 91 5 63 83 57 17 77 30 14 22 94 66 23 92 30 77 49 97 85 18 1 32 48 36 23 47 68 45 23 61 8 1 39 97 12 48 33 58 82 77 51 75 63 33 80 37 29 44 4 78 72 18 20 20 75 64 99 87 56 28 76 15 67 78 25 21 15 29 80 35 77 2 16 55 80 50 67 8 81 78 9 23 32 42 7 93 24 2 56 64 72 89 91 63 85 99 15 13 58 94 96 97 70 67 47 47 77 49 79 23 69 54 61 95 66 46 45 86 43 29 46 42 75 0 72 57 68 70 8 32 24 59 87 68 49 1 46 61 13 15 94 99 89 82 96 83 1 38 75 43 93 89 93 78 90 54 6 58 36 32 71 27 86 20 54 78 47 1 23 1 72 42 10 67 46 1 50 31 93 42 53 18 44 94 89 88 99 53 71 62 79 94 13 5 50 93 81 66 75 25 88 91 70 79 49 61 22 83 66 74 62 26 23 32 15 88 61 39 84 86 93 76 75 58 
74 31 79 38 72 10 21 99 54 14 52 55 45 25 52 0 53 40 53 46 17 88 63 43 78 96 17 58 21 81 40 98 34 92 69 35 51 31 18 49 40 10 21 13 90 44 69 56 59 79 73 71 87 24 30 3 40 42 32 20 91 96 36 81 76 69 73 45 61 20 45 97 32 44 77 80 98 74 31 20 0 96 58 19 32 52 99 40 87 54 95 39 22 50 5 10 49 29 74 74 68 14 90 2 88 36 81 66 0 46 97 94 32 26 73 56 13 97 98 26 59 31 98 33 23 78 99 55 46 69 84 84 54 84 89 16 65 33 87 62 11 0 11 43 75 22 41 32 6 51 36 2 35 66 91 1 23 89 48 47 21 37 76 13 55 15 55 94 63 36 82 7 36 18 26 4 56 99 50 81 75 49 96 66 97 39 24 59 0 35 30 86 34 8 49 51 29 94 44 90 78 72 75 27 67 50 5 39 40 59 81 13 99 36 74 92 95 53 40 34 22 71 28 36 55 15 67 5 51 86 58 55 49 26 40 57 79 24 92 14 23 62 77 94 52 95 47 78 50 40 8 8 43 62 43 61 46 81 19 26 16 95 79 73 46 37 80 85 70 77 72 91 9 61 74 35 88 15 66 26 86 54 95 76 1 79 49 57 80 51 24 20 9 96 30 28 79 6 24 47 22 48 80 32 38 64 9 64 48 63 95 34 62 36 61 83 26 3 37 52 66 97 94 38 30 78 15 69 61 21 95 63 40 23 24 99 49 70 37 56 96 44 43 36 12 89 94 19 28 85 4 74 9 14 73 48 35 96 83 74 4 61 13 66 12 55 93 18 23 36 18 5 80 70 97 95 66 3 11 93 40 54 60 16 60 50 94 98 99 19 93 60 95 31 58 38 14 78 54 48 
40 9 32 18 35 60 89 39 61 94 23 65 49 9 96 68 33 86 24 56 52 86 82 72 24 90 7 12 74 28 83 13 52 26 60 51 14 42 64 64 37 3 70 40 93 59 44 87 82 86 88 2 40 78 64 20 77 91 63 36 43 84 72 5 79 83 41 45 29 86 41 98 37 94 53 72 30 20 85 66 97 73 5 0 64 18 69 81 87 77 58 7 22 99 54 44 80 99 76 86 4 97 52 33 7 18 35 34 41 47 6 23 35 64 91 62 80 0 69 32 14 13 17 35 99 33 8 86 49 82 59 79 55 94 77 29 61 56 4 47 22 5 75 16 59 94 90 17 27 93 78 48 93 55 63 50 82 85 91 19 48 69 84 8 50 31 5 42 52 75 49 77 25 97 41 96 3 60 7 75 67 75 26 68 30 86 44 95 67 63 38 27 46 48 3 10 40 72 3 64 36 36 81 10 21 68 59 82 65 50 41 93 78 30 52 66 95 74 5 61 33 17 29 30 79 34 94 35 34 90 15 15 5 22 8 81 36 70 65 92 54 71 52 84 97 81 9 13 33 53 53 90 50 0 56 13 18 68 35 81 92 61 66 52 18 6 35 70 12 62 7 77 42 59 65 34 8 61 24 13 24 36 52 41 4 10 56 22 76 78 94 98 26 4 91 93 8 20 25 76 14 76 10 17 9 72 31 85 51 10 5 2 16 38 98 18 36 83 8 75 98 83 69 16 3 80 35 91 76 19 70 13 26 89 45 96 67 91 26 60 53 7 5 16 96 57 84 9 5 99 72 18 66 95 22 82 77 88 24 99 59 84 26 12 83 13 25 26 67 91 59 58 91 72 18 55 54 85 25 18 93 73 53 33 32 83 5 23 18 37 60 32 32 14 42 81 11 71 45 87 
98 34 97 5 2 34 91 87 80 3 2 33 98 65 98 62 86 71 0 85 19 6 90 5 38 6 25 84 84 24 9 23 16 72 4 32 68 93 5 76 3 51 90 86 73 40 35 51 18 74 53 59 60 52 7 36 56 11 52 30 67 43 65 46 49 18 72 59 93 60 94 54 23 24 89 97 94 74 37 79 26 33 35 57 73 71 82 4 71 2 86 9 8 5 42 65 25 76 86 86 7 84 1 17 7 10 31 98 49 78 50 18 40 79 79 35 41 98 95 89 35 14 55 62 42 26 43 54 11 1 61 93 84 20 46 62 61 55 77 5 53 9 73 43 93 65 47 65 37 45 7 34 40 68 15 81 27 33 88 54 77 45 74 80 57 1 62 47 23 24 10 15 40 94 75 96 24 38 98 39 85 98 57 53 42 12 87 71 69 90 38 6 29 82 92 59 10 99 92 70 74 12 82 74 24 2 42 16 75 32 45 25 97 78 93 21 72 49 46 18 33 70 32 80 8 41 83 95 15 25 92 53 94 33 34 12 46 77 69 7 56 8 38 80 69 56 75 46 96 8 68 60 31 21 22 82 61 81 39 30 28 32 63 58 98 95 37 39 98 2 65 74 80 48 16 38 21 34 12 37 48 40 22 15 99 63 5 15 38 44 17 25 28 79 48 72 76 95 91 17 24 69 12 83 31 28 15 16 20 60 19 0 1 90 3 53 93 22 20 46 21 66 64 57 77 35 3 86 50 21 25 21 55 75 77 39 29 11 32 51 91 23 93 72 62 89 71 89 84 37 19 45 67 76 60 16 25 39 65 54 13 52 26 74 8 60 65 74 65 54 26 57 78 19 72 93 45 30 79 55 69 82 3 11 0 58 42 12 76 76 76 99 61 57 78 18 87 71 30 57 
97 36 49 0 77 47 42 68 28 25 5 34 60 73 43 44 16 51 13 31 88 33 31 5 62 63 62 8 84 93 3 50 55 26 18 59 3 84 67 95 64 81 64 56 25 35 95 40 11 24 1 15 68 7 63 24 84 87 80 84 75 21 60 51 72 88 8 65 62 49 53 80 41 27 89 0 52 32 23 99 52 96 95 83 11 70 86 8 98 37 71 98 23 56 22 58 16 69 55 96 40 63 54 53 15 82 46 62 12 35 36 13 44 16 82 70 70 97 91 73 81 44 96 86 14 42 20 33 26 14 28 47 14 93 34 16 13 91 98 50 66 25 57 14 27 87 74 30 77 9 83 67 45 64 81 68 46 26 98 34 12 54 85 62 80 44 67 32 33 21 98 61 94 53 51 94 45 38 79 98 56 29 8 6 6 78 77 44 12 33 12 59 84 14 17 97 86 96 43 32 73 29 28 1 28 80 28 46 78 53 34 22 82 26 60 3 47 22 64 31 88 58 27 63 91 5 5 96 31 0 25 46 6 66 2 27 20 42 78 28 41 75 70 2 49 39 11 36 58 23 87 59 33 42 23 74 85 68 63 47 8 52 58 37 68 5 92 79 9 78 69 66 55 37 12 86 39 49 7 51 61 66 13 77 33 28 54 12 86 62 62 22 21 86 61 97 38 42 64 82 89 5 75 46 9 62 47 70 85 43 10 90 85 62 43 82 22 69 54 1 17 40 38 45 34 75 2 86 94 64 84 70 70 78 58 94 60 99 23 35 11 18 60 63 94 8 67 52 21 92 70 97 7 14 20 84 59 6 57 96 50 84 40 65 17 93 50 28 75 19 52 39 88 78 71 44 56 96 43 17 6 30 58 52 89 15 99 60 32 65 51 87 27 37 50 69 13 24 29 2 
49 51 71 95 46 30 73 43 6 5 87 83 36 91 55 86 25 68 28 39 4 16 15 80 81 48 96 32 68 81 89 2 17 46 47 96 95 59 6 63 53 8 73 80 29 90 72 52 19 88 17 6 84 32 98 97 0 1 86 57 68 48 97 46 52 86 72 16 72 24 20 75 5 32 43 79 83 84 70 64 49 80 80 94 32 57 18 59 15 70 22 23 58 18 2 17 94 32 7 45 29 90 45 53 42 98 96 40 87 0 47 7 85 7 17 18 60 42 49 55 24 54 2 64 70 59 27 31 23 14 31 89 6 29 20 32 16 81 29 66 81 43 89 30 44 90 58 41 67 48 35 3 93 39 53 27 88 10 44 68 19 44 92 6 94 20 66 80 43 50 97 15 25 24 88 79 74 5 33 45 43 74 34 53 27 74 28 40 48 51 2 44 65 29 63 63 75 19 46 65 46 60 52 90 66 28 78 36 95 87 61 89 22 29 48 23 34 26 10 83 5 8 23 3 50 34 79 16 47 51 0 19 18 96 6 43 70 79 77 11 27 97 59 52 33 92 25 31 89 24 75 48 4 6 49 57 30 11 4 32 27 88 16 43 87 30 36 43 91 44 45 82 29 46 2 28 88 88 91 55 41 51 63 47 9 84 96 51 65 39 94 29 90 69 59 99 53 89 9 40 34 63 20 60 98 78 98 24 51 45 16 45 39 84 39 37 0 16 23 59 19 18 38 42 26 79 72 52 16 30 90 67 26 50 52 21 31 23 12 0 73 66 47 12 37 87 66 24 81 22 34 90 23 9 15 51 13 73 7 30 15 60 37 40 45 26 68 36 61 67 38 60 27 27 81 36 23 83 32 1 7 27 49 21 50 28 34 20 84 84 65 62 23 52 4 24 57 86 41 83 
95 22 3 29 5 50 53 93 91 52 22 5 20 63 97 54 36 82 34 66 23 84 57 74 84 61 7 97 48 0 90 65 40 25 56 77 15 88 79 27 4 99 83 90 50 1 81 63 93 68 11 15 66 48 3 60 82 72 52 57 56 44 75 54 39 36 75 57 25 12 55 46 25 52 20 62 10 90 21 86 65 41 25 80 73 33 4 42 65 25 49 46 37 35 72 23 73 70 3 73 83 24 54 26 59 30 35 3 36 49 14 93 68 82 1 54 19 30 39 46 52 83 94 58 5 97 98 70 58 36 40 42 60 40 91 71 42 10 94 83 47 75 67 51 85 59 86 79 2 39 96 95 37 34 49 3 91 29 84 0 82 65 19 98 13 81 63 22 85 56 52 85 20 99 32 63 73 31 92 80 72 70 44 77 10 91 36 39 78 35 71 45 68 46 63 59 86 75 8 49 98 27 98 8 16 2 5 95 24 51 24 66 98 5 62 12 68 58 38 73 3 65 77 74 42 58 60 87 75 57 80 89 95 71 79 34 81 32 31 46 98 26 17 60 71 64 6 51 10 58 68 93 58 68 36 49 34 38 59 64 95 4 43 47 61 93 71 94 47 44 93 48 58 20 99 97 1 12 80 84 74 44 33 39 86 75 56 4 9 82 67 21 84 99 67 53 84 89 11 0 4 39 60 97 42 59 95 35 82 21 97 59 98 56 33 31 17 52 23 65 3 37 56 1 64 67 42 77 88 78 65 12 90 20 39 89 16 21 88 9 31 66 16 26 23 61 33 37 1 75 71 98 87 15 58 66 76 3 32 18 33 37 59 10 67 0 86 20 57 42 26 71 16 99 38 34 29 11 55 77 7 61 43 94 39 82 2 59 84 84 43 7 14 69 17 86 45 66 65 83 
41 19 17 89 61 14 13 31 32 24 53 51 59 66 60 48 1 59 44 40 36 86 65 42 68 31 54 49 25 11 21 4 80 4 30 10 5 77 68 29 48 33 75 75 33 53 89 86 90 29 30 49 99 96 29 18 95 39 14 89 26 2 77 8 25 4 96 5 46 60 4 9 32 68 96 50 57 95 74 99 90 62 10 42 62 74 44 31 3 32 5 11 86 48 33 20 61 51 8 51 62 12 39 81 9 45 84 22 46 3 72 43 88 18 19 59 1 90 33 9 68 74 60 8 99 33 66 62 80 7 53 13 90 20 32 23 7 76 7 53 69 62 50 74 10 18 29 88 76 17 60 44 1 86 42 46 74 76 35 24 38 49 79 3 50 13 23 77 90 92 90 57 82 0 20 48 14 6 33 66 67 6 37 28 51 12 75 83 79 10 72 24 99 84 62 17 49 63 29 17 58 49 88 28 93 16 38 17 33 13 58 79 42 79 89 53 7 55 44 85 30 38 26 52 94 6 75 64 49 77 76 17 82 28 49 76 62 18 9 1 99 32 21 60 88 32 79 7 86 76 96 38 98 37 52 59 93 67 17 70 28 40 7 51 68 69 54 27 72 55 44 53 16 42 68 62 46 38 88 82 83 55 71 41 9 94 54 60 66 80 16 45 23 43 3 90 26 99 37 56 57 83 35 55 92 52 9 83 8 41 6 63 25 67 42 9 73 2 13 77 22 13 29 11 50 19 62 38 69 71 5 50 35 97 19 24 66 89 16 73 22 92 67 72 75 44 72 44 55 93 52 21 5 53 71 42 85 40 23 63 80 28 47 87 83 2 75 9 55 6 83 27 19 20 87 27 70 75 85 57 3 74 43 44 30 53 22 24 19 85 7 37 13 71 89 86 92 74 31 56 
39 82 72 92 21 56 20 78 14 72 37 44 88 26 34 22 47 84 91 99 66 74 77 24 54 23 50 83 12 32 24 47 38 19 38 98 98 9 4 79 79 70 45 17 36 72 18 71 10 75 76 50 24 4 73 60 64 69 75 66 73 0 69 92 40 6 62 56 43 26 87 76 76 66 16 4 85 41 98 35 76 81 76 13 46 75 83 9 71 45 39 3 64 79 58 37 4 29 87 90 36 64 59 87 87 75 59 13 36 68 59 91 73 15 48 40 35 30 4 35 7 82 10 11 89 9 32 57 59 92 21 44 41 83 26 23 26 6 36 4 69 98 27 81 28 9 46 63 53 50 47 3 8 1 20 56 8 37 6 96 69 59 96 42 9 22 35 32 82 59 45 86 88 15 40 14 79 90 49 98 10 62 32 7 9 45 94 55 1 84 8 62 2 52 41 24 13 57 47 58 75 21 42 45 80 42 18 31 24 43 34 9 3 27 24 76 87 83 19 37 31 77 11 58 30 50 11 46 45 74 1 45 0 8 10 22 22 47 19 38 4 71 71 12 52 85 2 71 19 6 43 16 19 89 65 62 92 87 59 12 13 94 77 37 87 26 29 38 42 35 53 41 63 75 27 99 93 15 86 14 18 99 11 21 69 59 0 42 2 23 64 10 85 56 4 10 98 64 71 95 56 54 36 42 77 42 27 18 50 2 77 35 3 34 58 97 73 40 24 36 70 44 66 77 9 94 88 36 38 13 41 47 64 55 98 15 97 85 25 62 34 73 86 89 60 42 84 3 43 56 88 13 49 87 1 27 88 92 47 23 79 46 1 29 54 3 13 59 41 8 40 5 43 28 37 63 47 11 86 82 74 6 20 9 90 87 66 97 15 35 9 43 61 98 10 56 1 66 0 41 
31 34 80 9 59 77 63 15 54 87 83 92 19 27 96 56 51 97 20 36 98 87 13 1 95 91 85 94 98 51 24 31 56 83 54 44 19 34 11 32 14 3 27 40 82 66 37 23 58 32 15 43 1 15 79 67 99 41 44 26 93 42 92 92 80 64 61 68 46 55 5 66 59 58 30 82 87 76 74 40 9 94 68 29 7 95 3 42 87 53 62 48 54 64 92 24 66 41 29 20 50 69 45 37 56 30 65 90 78 20 47 37 34 43 86 28 18 13 26 31 48 91 8 40 1 81 89 55 48 69 51 19 93 48 48 61 46 63 67 84 51 63 13 12 1 32 41 15 24 91 67 97 5 6 17 30 5 32 57 17 64 65 9 3 24 35 37 54 6 22 65 32 21 17 35 95 52 69 33 53 34 61 90 75 88 75 13 62 27 62 54 2 87 29 86 91 47 82 49 0 46 31 18 22 93 97 57 77 61 53 55 84 76 28 71 95 91 1 20 28 15 90 44 7 61 24 87 83 14 83 99 80 14 33 10 86 55 92 36 53 6 41 30 35 66 72 31 56 48 41 87 4 33 77 38 22 65 34 50 63 36 35 79 40 96 32 57 8 19 65 3 49 1 12 75 78 71 12 34 85 29 11 93 83 1 91 92 40 85 4 38 63 75 81 93 57 46 26 0 21 44 56 70 56 99 7 33 73 80 76 58 80 6 50 43 67 90 7 38 86 3 98 12 63 77 67 58 80 90 96 42 3 48 11 93 30 87 18 12 57 1 65 89 0 57 22 71 49 94 5 57 14 44 7 90 95 43 13 1 15 54 53 83 19 65 80 73 95 23 32 80 84 30 55 62 73 60 49 75 98 23 79 36 14 0 80 22 3 97 84 58 8 34 95 16 82 16 23 21 71 
33 57 66 91 79 94 54 55 65 8 43 0 10 54 79 40 67 20 20 84 42 16 50 97 68 14 60 18 45 9 30 46 82 62 93 98 16 5 19 7 54 34 61 25 38 37 31 46 8 24 19 80 44 16 68 92 23 23 67 5 11 78 67 72 38 71 81 42 60 52 27 83 20 21 11 92 81 5 15 51 29 44 19 84 45 5 20 32 6 26 46 70 96 45 44 70 69 99 79 69 20 40 22 72 18 17 32 64 61 45 3 70 32 91 16 5 14 38 90 21 62 86 4 84 34 99 21 86 14 83 58 17 56 13 95 30 78 31 29 95 23 15 39 89 26 98 99 65 71 16 75 62 3 56 41 41 46 35 35 5 19 55 58 28 80 90 46 10 30 94 33 48 31 47 84 23 54 24 51 6 56 43 83 61 77 79 86 44 40 26 65 44 62 34 76 72 91 63 23 30 43 28 68 3 69 83 41 88 66 17 52 83 60 66 96 85 39 88 61 17 8 47 3 81 24 96 39 92 11 2 83 76 53 78 23 88 73 4 91 28 12 19 74 31 65 73 80 34 11 75 85 96 97 83 90 98 61 10 99 51 10 45 29 30 36 82 80 51 66 32 61 59 46 56 54 72 1 57 10 76 51 55 71 1 9 62 5 37 24 36 41 59 81 40 41 78 0 0 50 84 93 95 55 57 90 84 88 73 21 22 38 76 20 32 61 0 94 47 8 48 75 89 8 11 4 44 11 31 60 16 70 63 14 65 21 67 73 80 66 54 64 7 97 64 85 39 22 77 25 46 40 70 8 74 72 47 43 84 12 72 33 36 74 48 81 49 56 63 90 48 10 79 88 65 62 5 80 28 86 33 29 72 47 79 20 90 33 27 49 34 92 47 71 31 57 80 30 67 63 22 
43 11 31 0 39 83 54 28 44 42 46 14 20 81 60 51 47 90 20 55 95 99 41 67 98 19 75 13 81 76 26 85 98 21 74 45 46 62 39 91 84 18 21 53 28 69 84 58 61 22 88 23 6 1 33 76 38 49 13 88 77 76 42 90 64 84 41 62 97 38 27 91 77 47 60 63 39 34 37 8 33 85 58 99 23 64 83 18 22 92 82 26 47 6 50 79 49 97 66 48 60 58 74 21 71 46 5 6 23 91 46 69 44 39 72 8 81 88 20 1 83 76 90 29 71 79 66 18 33 83 9 13 27 38 46 4 49 23 62 60 40 54 88 49 39 69 41 80 63 11 82 33 21 87 6 83 53 82 23 81 95 20 89 18 41 76 89 63 1 5 62 51 68 15 45 80 67 83 30 4 4 48 88 87 76 99 25 91 12 44 92 35 56 12 58 72 68 69 90 24 13 17 2 89 6 40 83 66 19 44 41 81 29 85 31 69 56 80 75 68 57 0 61 47 5 84 92 33 22 60 54 6 14 34 1 65 1 66 10 8 14 77 61 57 14 87 53 16 5 55 73 80 49 27 59 19 64 56 32 43 40 99 24 29 0 29 79 19 94 8 9 4 47 26 14 66 91 85 37 33 38 4 2 42 34 73 29 82 29 67 77 24 13 38 24 49 71 93 13 75 73 83 48 19 47 26 45 55 40 91 47 86 40 66 70 86 12 97 23 36 66 18 91 14 83 10 91 82 94 79 10 68 18 22 67 86 46 41 32 19 32 91 60 81 31 69 81 56 73 27 41 9 5 28 62 68 80 51 71 80 11 58 38 56 88 91 55 67 80 88 46 72 88 71 91 80 35 35 68 80 87 73 92 97 88 82 11 53 85 72 23 59 96 31 93 7 4 66 10 56 
89 75 52 41 20 31 40 53 79 5 58 70 48 76 31 96 85 79 18 59 2 25 16 35 94 86 68 71 67 96 43 16 80 1 44 70 88 44 16 62 29 50 8 86 70 59 23 35 8 84 21 17 51 36 32 88 21 70 46 17 98 73 7 6 98 91 45 15 40 21 5 73 15 60 96 68 18 80 46 68 3 81 58 79 75 38 30 66 60 20 44 61 76 92 4 52 59 24 72 52 79 52 74 49 74 83 73 76 43 7 22 92 53 45 28 9 4 70 14 82 69 63 0 35 96 58 77 45 47 37 68 5 26 26 96 50 14 60 40 15 87 17 51 96 45 9 56 55 16 82 1 78 2 84 88 88 5 50 51 41 50 61 41 46 90 13 97 72 42 55 67 39 40 90 11 2 0 32 60 81 80 58 50 0 56 58 40 14 40 21 25 64 91 45 91 63 96 57 40 7 40 87 17 90 15 17 28 0 78 59 58 68 52 31 33 22 95 54 46 27 89 63 43 2 0 69 83 92 27 38 70 79 54 37 78 50 76 27 34 76 42 97 26 6 3 37 35 54 50 92 28 21 60 43 65 75 71 64 40 22 50 78 10 48 5 36 39 57 75 23 75 84 90 7 2 76 63 83 15 35 95 55 6 6 49 69 60 67 73 23 46 83 52 12 28 70 81 81 11 61 15 86 77 11 56 77 53 3 78 54 81 72 68 79 18 41 67 90 39 35 42 25 50 28 6 6 0 34 6 87 2 64 90 31 7 73 81 82 40 61 81 9 18 35 46 61 74 33 52 62 27 57 17 43 27 58 40 41 51 26 75 95 16 81 42 55 82 53 37 90 85 76 92 13 20 31 9 21 41 76 90 80 94 18 43 40 45 20 66 68 84 35 21 69 18 76 68 54 57 69 
4 26 70 86 51 5 30 60 73 34 12 5 54 81 90 35 65 37 5 77 52 79 43 46 77 64 68 65 20 71 72 68 30 6 46 13 17 98 65 26 89 1 78 44 71 45 71 54 65 78 66 43 13 44 21 77 13 60 16 8 33 19 39 62 62 1 14 28 72 80 55 29 83 46 91 97 23 18 75 21 95 30 80 81 26 69 21 78 37 95 16 17 33 53 19 99 57 8 80 83 78 78 43 69 77 52 31 48 40 31 52 83 13 18 32 98 15 34 55 0 27 58 75 88 94 70 51 24 71 51 39 81 88 61 50 10 68 23 71 1 11 46 94 15 10 25 65 92 60 96 16 22 61 72 65 29 45 5 16 11 32 69 16 8 9 36 70 52 20 25 14 72 8 40 7 63 45 92 51 2 25 82 43 26 92 43 87 32 38 3 9 73 36 34 30 27 99 88 81 24 68 75 25 62 91 24 41 2 51 14 22 88 93 66 48 59 4 35 36 73 41 47 2 50 82 71 29 90 68 40 7 56 86 51 63 85 4 87 23 72 32 48 43 22 5 89 59 65 89 41 69 73 41 31 43 51 8 64 53 61 81 57 42 74 12 57 12 6 14 24 94 81 87 69 1 93 54 69 49 88 3 73 0 70 83 16 65 46 84 52 43 53 58 43 0 72 91 85 56 6 38 4 69 1 30 50 17 39 13 98 65 4 45 34 11 22 59 12 71 77 87 0 30 60 35 9 1 12 39 82 72 11 16 38 12 4 99 15 65 81 49 76 4 57 13 21 42 95 21 31 13 46 96 96 39 63 4 43 79 48 4 56 63 35 72 75 63 26 79 47 91 87 13 41 37 19 41 85 95 11 69 28 88 91 93 86 92 54 40 71 80 6 73 72 61 36 18 7 75 3 
18 23 63 10 40 76 80 98 2 35 0 68 23 96 70 47 64 73 39 78 9 94 92 77 71 50 30 24 17 65 43 39 36 38 75 48 55 67 29 66 3 38 49 20 58 39 78 14 62 83 60 89 25 87 17 12 90 37 91 58 54 22 75 99 57 17 21 55 34 75 93 60 58 51 60 98 35 32 9 27 47 1 57 65 61 64 33 1 94 34 60 10 1 89 92 17 40 3 89 57 41 3 87 18 13 90 51 50 34 23 5 84 47 2 0 61 4 13 99 31 15 68 83 3 14 55 25 90 82 69 25 40 60 27 43 10 53 26 61 72 23 73 53 84 58 83 17 80 32 35 84 18 57 56 34 43 37 47 15 51 47 75 39 63 90 65 70 34 66 87 63 12 90 10 18 23 47 35 98 12 7 30 67 82 91 73 80 49 66 66 84 94 7 4 3 73 24 39 51 60 8 63 88 30 38 41 43 97 87 71 29 60 78 77 72 71 26 84 18 25 52 56 30 17 97 32 47 64 2 49 50 18 75 60 64 70 96 11 48 35 50 62 89 8 81 60 71 70 74 13 38 23 96 96 96 79 95 61 69 47 20 32 80 10 94 82 11 60 76 71 1 31 80 1 19 91 4 41 45 89 83 3 95 76 22 78 7 8 79 76 20 46 94 35 24 31 34 86 14 40 78 86 11 42 57 8 58 59 22 49 53 45 72 27 34 34 74 68 58 27 30 28 21 69 91 12 14 77 63 55 52 2 22 20 1 96 64 58 66 12 65 27 31 14 31 12 97 62 11 67 97 98 0 87 46 72 68 88 62 76 57 62 61 87 43 48 71 50 87 51 71 96 79 89 64 45 46 75 23 77 19 22 13 76 9 81 38 63 98 33 89 23 56 3 46 13 39 86 34 58 
48 45 94 8 33 55 79 76 82 27 8 37 64 19 4 49 48 63 30 94 74 55 94 44 39 33 66 22 84 92 77 46 8 86 82 28 47 22 12 21 3 65 81 92 35 50 53 73 79 9 20 38 79 70 22 67 55 65 81 32 43 27 4 96 94 14 80 84 96 58 16 86 41 49 61 68 8 84 81 68 64 18 63 45 48 32 28 78 92 30 8 13 3 30 28 34 72 22 58 21 74 74 18 45 67 58 64 43 42 61 90 87 4 51 79 84 32 76 12 38 70 93 94 47 2 10 72 75 44 33 18 61 59 55 90 37 54 28 71 7 87 28 95 48 2 19 49 40 72 68 86 99 13 65 47 4 62 22 4 71 15 88 52 50 88 56 17 34 47 25 17 70 9 41 20 68 0 63 80 43 96 57 43 86 84 91 72 99 28 24 41 37 93 55 50 42 45 46 30 8 23 98 70 23 97 66 34 64 72 78 76 79 48 26 14 49 81 35 64 96 32 48 37 59 22 93 30 79 38 28 33 26 33 94 26 70 23 37 52 50 31 53 70 75 64 67 15 41 38 84 51 75 90 3 35 84 18 83 4 15 58 15 14 58 64 43 42 67 15 98 66 75 93 96 53 46 95 18 3 83 92 51 85 67 38 69 44 56 96 32 78 88 87 31 70 40 3 5 69 50 20 2 81 52 78 10 13 86 46 48 81 89 83 39 51 82 67 69 94 91 77 69 22 17 87 67 8 70 43 29 20 7 4 40 44 92 74 51 67 6 45 8 61 9 22 9 24 84 54 64 56 34 21 81 31 38 47 92 49 45 80 19 70 38 53 46 83 6 72 73 89 34 36 20 72 26 91 12 77 11 28 58 10 59 84 13 98 67 70 49 23 65 78 6 87 63 40 57 71 72 
70 45 90 10 51 44 81 52 72 57 77 92 70 93 53 43 66 69 74 40 50 55 41 94 73 42 35 78 24 23 23 65 30 66 31 26 41 21 72 34 50 7 16 99 19 56 88 30 98 4 7 5 29 97 56 93 68 41 7 36 19 32 99 25 52 90 10 90 79 91 5 50 17 55 86 57 62 37 68 93 49 39 73 58 9 44 34 56 72 68 90 63 55 11 39 60 78 29 50 90 22 41 17 11 96 13 4 36 74 69 19 38 28 77 77 15 4 64 86 45 29 18 64 76 86 97 96 10 47 84 36 62 47 28 91 61 21 52 49 25 84 55 15 3 8 51 82 4 86 4 0 18 87 5 74 36 82 34 97 11 2 51 78 30 53 19 56 8 86 33 61 61 40 79 76 94 68 48 17 69 13 48 77 1 30 69 59 21 68 37 51 35 24 45 86 95 91 19 83 92 28 75 77 95 78 27 28 45 59 17 68 39 63 26 27 16 77 43 15 25 55 30 41 50 65 38 64 7 96 76 56 22 87 87 92 30 85 61 81 95 64 90 53 88 66 3 41 21 18 47 39 55 77 47 63 60 9 0 70 35 93 45 71 68 71 4 98 48 35 81 86 76 72 30 84 10 4 22 52 3 15 60 18 71 48 25 61 30 79 17 34 28 58 18 1 67 55 15 16 16 90 64 8 87 7 85 31 75 14 28 74 50 29 83 4 12 41 78 20 94 5 33 76 85 55 1 65 60 24 36 24 82 95 94 90 62 65 1 96 77 19 16 30 14 59 79 42 36 12 26 39 17 13 89 74 17 0 67 91 45 62 70 69 41 85 94 16 0 41 71 75 19 97 44 57 15 43 29 70 46 5 97 58 96 4 76 74 58 28 3 56 92 21 82 52 75 82 96 18 97 
73 90 90 88 42 84 34 69 19 9 27 30 83 58 66 62 46 80 11 51 96 62 11 35 93 91 7 11 57 38 9 49 95 67 27 54 71 82 85 60 96 18 38 24 63 85 62 42 10 42 54 55 12 79 20 40 38 6 93 93 37 97 40 85 16 41 33 4 52 55 14 4 86 76 97 12 82 27 22 98 42 28 62 84 40 92 60 70 87 30 99 50 35 64 12 63 12 74 17 70 41 30 38 81 37 32 23 30 93 8 35 57 16 30 23 61 60 45 50 24 5 88 7 20 83 61 68 44 63 82 46 4 45 36 80 40 1 22 28 95 43 59 0 10 81 59 22 94 75 27 90 32 64 27 31 28 0 92 64 52 84 11 52 70 94 52 12 23 33 73 57 69 59 17 29 83 57 88 1 7 38 98 21 89 68 88 75 82 28 98 32 48 96 58 27 16 2 56 51 43 22 38 77 1 88 93 10 67 32 45 71 73 26 25 33 87 29 35 41 3 89 27 21 18 55 81 92 6 2 68 88 45 32 24 57 56 35 8 12 82 93 49 97 78 64 17 25 54 90 55 91 29 28 70 18 52 21 60 30 20 18 21 31 3 59 32 19 44 20 54 14 16 37 8 9 59 3 57 74 82 69 93 17 14 13 56 91 5 54 3 50 19 89 47 61 27 71 18 21 27 19 66 41 25 28 92 30 36 74 34 70 95 16 16 1 92 60 88 21 60 22 69 22 45 9 25 9 88 3 97 78 16 92 16 23 62 98 22 48 78 32 12 80 17 19 53 93 49 72 79 98 7 24 78 48 91 92 40 11 61 97 74 35 2 86 21 47 9 19 49 8 35 82 94 16 37 40 20 1 52 11 48 25 29 33 75 88 2 3 79 88 16 95 8 95 27 39 37 66 19 
63 42 53 73 88 60 35 41 38 56 59 49 51 20 47 42 57 60 32 64 98 79 35 60 10 56 62 82 1 59 18 41 73 68 51 6 26 64 4 50 44 93 33 39 89 95 26 93 8 24 30 87 49 75 92 93 25 57 29 71 49 24 18 89 94 77 71 0 32 27 71 17 27 20 50 68 45 80 29 68 65 84 94 90 15 84 43 51 62 48 19 18 6 43 90 13 10 81 68 34 89 20 61 60 23 49 63 35 86 24 41 78 14 43 98 12 10 90 89 2 39 52 84 91 90 1 7 23 41 81 98 67 70 48 41 97 40 51 87 48 38 46 53 4 41 34 12 39 64 56 69 78 18 18 72 78 31 90 16 33 7 37 77 81 3 62 27 75 21 51 34 3 75 11 1 88 3 76 63 74 30 83 4 47 24 18 88 47 82 9 77 21 67 96 50 67 32 48 12 9 48 36 40 9 62 22 37 75 96 14 44 33 47 46 57 38 60 83 3 82 51 99 62 29 50 67 89 1 57 70 63 49 3 79 74 92 47 88 54 9 79 84 74 16 9 30 72 81 25 98 82 15 30 39 56 0 20 77 24 7 93 97 32 38 39 80 95 57 34 60 91 31 22 77 1 7 58 22 69 5 90 42 47 30 99 86 19 10 13 83 21 93 13 41 44 24 80 94 95 64 42 63 32 47 59 78 33 2 60 23 49 7 65 16 88 24 53 99 89 63 33 65 67 79 78 85 69 15 17 69 91 50 16 65 6 98 31 58 75 49 65 37 19 77 92 79 53 75 81 83 52 67 19 22 82 37 93 22 94 23 48 10 62 69 84 1 84 57 46 50 58 45 77 7 71 77 19 48 16 49 19 45 3 58 85 14 43 56 61 83 76 56 3 77 80 59 94 88 86 27 
84 41 11 64 90 21 38 29 64 95 51 20 95 38 83 76 41 26 93 70 65 77 89 54 19 89 50 70 14 45 41 11 92 12 52 3 10 41 63 27 46 19 90 50 17 86 42 21 8 66 33 64 72 48 84 25 68 23 67 40 32 1 24 79 56 30 99 39 39 96 70 58 56 40 59 82 84 20 78 29 69 97 93 7 43 19 21 74 90 79 55 84 55 91 19 98 98 56 32 26 23 33 59 78 87 3 16 71 81 45 67 1 82 76 67 45 18 50 77 71 64 12 3 66 12 24 91 0 43 10 53 42 67 29 11 6 3 12 76 27 44 8 59 3 41 83 39 12 97 79 67 21 40 6 58 37 15 84 14 52 83 63 32 41 26 43 50 96 68 94 20 73 65 30 88 1 8 53 59 23 60 79 23 61 32 98 60 59 0 26 11 20 85 84 96 97 46 37 10 35 53 98 87 45 20 70 62 57 49 46 69 37 10 37 18 21 29 84 17 79 19 51 11 67 83 92 38 61 53 15 5 39 95 0 77 31 73 65 35 69 64 83 40 4 72 74 39 7 22 19 26 93 11 62 24 54 47 36 41 4 64 23 62 25 7 63 54 67 39 23 5 99 95 4 5 83 18 57 50 81 5 44 46 9 37 72 5 11 50 20 85 80 47 42 81 7 63 11 43 73 23 91 16 41 16 8 91 82 80 56 92 77 8 62 2 55 77 32 54 31 36 3 79 88 26 34 79 66 47 58 63 13 13 29 90 22 73 20 86 29 6 19 20 90 97 30 9 40 31 39 80 6 84 73 58 12 8 67 47 18 77 37 95 8 53 99 93 34 12 51 74 64 95 31 66 52 10 32 11 54 83 93 74 29 80 3 86 16 55 77 58 40 75 46 46 20 70 6 4 68 
54 42 68 11 4 88 39 23 83 7 48 2 4 1 1 90 74 29 23 84 81 15 26 10 31 37 88 30 14 97 12 14 50 53 39 42 42 21 62 31 30 83 21 9 24 79 7 46 55 6 90 44 55 33 45 5 7 50 85 3 87 54 16 63 26 3 24 45 34 43 99 36 62 17 25 45 85 84 82 86 19 83 34 9 97 96 55 70 32 20 30 17 78 73 64 67 76 68 50 56 63 65 94 62 58 53 52 96 84 12 94 97 58 31 99 41 14 4 70 76 41 67 46 66 95 55 44 83 97 49 9 96 96 48 40 1 75 94 55 64 8 66 89 98 71 79 58 49 36 36 88 98 72 8 81 60 97 72 61 61 57 70 85 99 52 20 0 77 65 97 77 35 63 27 57 43 96 47 42 62 73 9 80 10 63 47 11 25 2 7 26 86 24 46 95 82 72 84 54 78 19 14 62 8 3 11 69 15 35 10 48 50 94 46 31 83 59 79 45 4 8 48 32 10 5 50 78 78 84 20 95 93 3 52 47 66 73 45 38 30 97 36 94 75 51 80 4 21 72 57 83 53 4 93 13 82 78 10 38 2 0 82 54 40 43 75 62 7 73 61 55 40 26 87 2 75 52 50 39 60 18 24 51 75 62 43 19 84 21 12 40 17 52 91 80 73 76 72 34 46 51 68 24 56 37 72 15 4 88 69 21 68 16 81 75 96 46 45 42 98 83 3 43 5 27 86 95 42 6 55 48 43 11 46 61 29 16 70 42 1 41 93 48 81 24 19 70 51 99 49 52 34 16 49 3 93 98 4 37 33 41 95 90 46 76 18 91 68 13 6 82 18 73 13 95 31 64 19 53 60 23 47 31 6 43 75 0 24 57 96 53 60 57 85 67 47 24 45 53 86 
21 3 67 90 5 34 47 82 1 21 62 92 36 72 7 92 90 64 47 28 16 16 36 73 33 8 20 22 49 30 96 95 32 39 22 3 8 95 38 2 99 88 68 29 11 64 50 34 51 57 15 44 7 92 21 83 54 9 79 32 67 50 46 35 77 14 30 56 76 81 75 52 93 41 0 72 76 70 78 43 91 49 37 32 81 29 92 6 40 52 42 83 16 25 78 83 90 90 75 65 19 15 46 94 21 55 84 37 74 79 50 59 78 97 76 96 43 71 42 85 47 92 97 64 83 10 5 45 37 80 65 94 35 62 84 89 89 35 75 21 6 18 43 22 16 44 88 29 54 1 74 98 67 9 63 48 11 5 25 62 27 94 37 24 42 94 0 34 78 36 53 70 57 24 4 72 80 59 89 65 19 12 72 56 95 77 84 89 61 84 45 39 36 96 90 49 44 54 14 51 32 79 95 82 97 73 29 45 79 70 60 25 73 3 96 0 32 89 0 57 17 92 13 47 8 6 84 14 99 62 95 66 38 0 40 31 19 48 26 81 30 60 76 81 67 47 55 4 46 96 15 38 11 84 29 21 26 71 8 15 49 79 54 38 14 98 84 79 66 73 48 48 47 70 5 82 36 92 96 41 9 75 58 66 30 22 98 99 8 59 77 61 96 41 79 86 18 61 60 68 72 49 90 47 50 63 44 62 5 57 16 51 29 61 89 60 20 6 76 80 76 99 35 74 18 20 39 68 75 35 19 92 19 80 92 12 65 64 84 39 50 70 21 38 18 76 58 15 3 13 21 32 87 7 23 64 20 30 12 71 17 21 13 54 12 45 11 44 82 16 13 75 35 37 97 39 23 0 15 17 96 26 47 87 36 58 8 54 25 30 25 47 8 14 54 46 75 65 42 8 
98 92 12 20 8 63 40 88 29 42 35 61 98 71 5 77 21 85 50 79 11 82 43 16 19 64 15 72 84 68 61 66 13 52 24 69 72 35 24 23 56 62 91 59 31 9 60 98 76 75 10 65 4 22 84 26 88 11 99 52 34 21 57 84 63 79 53 1 84 74 35 74 96 47 46 7 34 14 55 78 7 45 3 11 89 64 35 97 57 88 67 90 46 0 93 20 52 18 32 10 20 15 73 11 8 74 60 49 66 98 46 49 84 94 9 5 34 89 69 9 39 83 78 2 21 54 81 40 55 32 88 39 8 60 76 97 90 10 57 77 40 81 29 67 51 55 5 78 95 59 32 10 82 11 84 92 81 7 42 35 85 78 9 48 96 89 34 28 8 48 18 68 56 22 85 28 58 44 25 16 79 6 86 81 69 40 65 8 34 22 75 97 22 71 47 77 19 91 10 67 99 4 90 12 65 89 1 25 52 36 68 18 16 38 67 32 58 0 30 83 46 4 92 49 54 48 11 82 66 58 17 44 35 49 46 14 9 91 77 44 52 32 59 33 52 34 89 45 71 40 18 63 95 32 50 85 65 4 44 71 78 57 74 54 59 15 16 99 78 76 26 79 15 55 52 87 24 82 82 26 37 39 57 46 54 91 47 92 15 92 11 64 48 65 81 21 85 56 34 1 49 35 71 48 33 54 94 29 84 47 18 53 20 27 44 42 75 8 66 58 95 88 42 98 27 97 82 37 27 81 56 10 90 97 12 9 70 32 65 19 7 29 43 0 19 28 98 49 34 16 28 4 38 59 64 91 46 42 2 94 70 97 32 60 85 65 30 80 89 54 34 2 87 39 23 9 72 55 3 41 59 59 35 16 44 30 58 12 92 32 4 17 70 26 44 69 37 52 16 47 
59 3 68 36 38 62 30 19 53 16 68 12 29 48 34 11 17 80 42 14 74 70 37 92 19 84 99 71 72 9 38 61 21 92 95 31 25 21 46 33 71 70 68 69 50 8 17 41 28 50 55 59 84 68 23 40 44 16 2 48 32 97 77 6 13 21 72 9 4 81 37 57 6 38 67 67 4 66 21 23 55 3 33 65 2 80 96 18 79 49 16 67 50 48 91 62 79 13 14 44 47 17 74 26 74 95 62 84 0 95 25 3 44 92 45 63 60 95 72 8 22 9 1 72 10 1 19 81 37 85 1 90 45 6 78 44 95 10 43 71 65 38 89 31 76 93 45 28 45 16 5 96 78 37 10 27 79 72 6 39 1 76 42 53 12 4 12 43 56 7 29 32 81 12 18 17 39 9 92 94 30 16 1 32 86 39 25 76 83 51 14 52 60 51 68 52 82 38 84 23 18 1 97 55 78 45 59 11 52 64 67 4 7 78 72 34 28 43 93 15 64 32 14 96 39 94 11 55 4 77 46 85 77 96 57 72 77 68 72 20 45 76 12 82 20 88 12 49 46 33 15 20 19 83 54 83 27 52 64 14 85 28 99 91 29 57 44 72 18 54 98 55 8 82 2 40 37 78 23 56 26 47 61 47 64 17 63 21 59 25 9 61 51 8 50 6 9 4 22 17 61 18 52 26 42 49 70 66 41 49 20 69 86 56 22 41 67 17 12 87 65 74 65 12 80 76 19 90 23 48 84 56 82 80 94 40 15 95 75 36 69 81 32 35 82 14 90 20 83 76 18 87 83 15 37 99 2 61 75 40 45 90 49 21 16 70 32 5 62 0 9 38 50 89 62 62 76 34 50 93 57 58 43 95 83 55 99 2 3 35 61 82 20 57 66 61 80 22 15 25 
29 33 56 76 57 66 26 94 62 19 13 49 81 70 61 81 10 23 46 17 51 9 29 10 28 30 45 34 46 48 74 40 22 54 97 38 89 79 52 7 6 33 19 54 7 57 24 19 75 10 74 20 8 3 16 79 53 17 24 86 74 97 82 18 90 46 3 93 65 65 13 41 10 94 5 62 99 42 58 75 60 61 4 8 80 46 33 48 14 81 34 12 40 61 90 31 49 50 46 59 88 8 92 4 79 12 34 76 81 86 73 87 51 12 19 55 1 70 68 7 36 79 72 19 75 3 62 80 55 65 55 69 79 59 86 33 88 19 30 43 60 56 56 90 69 22 95 87 53 82 90 11 79 54 25 33 64 64 6 31 28 44 21 8 18 46 33 34 83 72 46 65 29 29 36 84 6 43 41 42 5 99 78 12 71 43 77 93 43 23 75 17 95 70 64 7 1 74 19 76 10 55 65 89 36 57 88 65 22 85 56 46 48 77 88 98 48 37 9 23 72 33 0 71 53 76 1 77 76 19 8 96 54 3 95 11 49 59 32 1 17 41 36 70 92 11 24 21 10 57 24 27 27 89 57 23 34 94 7 52 46 96 6 28 3 80 72 79 88 4 0 88 54 74 38 65 31 5 67 65 96 42 58 93 36 92 99 71 42 71 86 75 68 30 99 6 81 8 65 21 24 95 69 22 42 26 13 73 14 4 72 78 15 57 75 57 18 18 93 41 13 83 71 5 50 53 87 29 48 28 65 13 86 45 26 63 85 1 73 9 13 28 80 12 47 26 32 3 74 82 15 63 90 32 21 56 56 68 44 28 67 75 61 15 86 73 4 7 27 96 63 41 80 0 33 79 72 60 16 99 28 8 54 96 86 71 60 51 98 23 56 69 39 75 3 71 24 72 13 46 
48 94 49 53 59 21 97 59 10 32 40 29 88 25 8 0 13 51 4 66 47 39 22 79 0 76 38 2 84 46 44 5 31 41 65 77 77 31 72 1 48 33 78 58 85 41 92 31 59 6 66 89 56 8 87 22 22 51 35 50 73 34 94 42 30 98 67 61 15 45 9 79 43 16 36 32 33 0 23 80 44 32 17 61 2 97 38 90 17 64 96 36 17 84 45 79 99 60 78 69 9 15 0 71 91 24 78 16 2 84 7 37 23 50 26 68 42 51 7 11 28 2 52 65 26 21 84 38 99 72 78 45 79 6 85 87 56 22 30 55 45 92 55 90 94 36 55 15 95 49 38 9 72 10 59 23 33 9 47 41 57 41 11 54 33 54 81 1 70 2 14 43 38 54 56 25 51 21 62 54 92 84 56 76 1 91 2 80 21 83 46 6 7 61 50 2 30 2 14 87 4 75 14 58 76 78 12 95 63 65 67 54 20 84 60 36 3 2 28 87 64 56 6 87 83 84 26 50 19 99 27 19 0 81 4 59 73 14 37 52 97 82 16 97 88 20 63 9 38 62 45 75 84 12 31 35 90 23 67 75 32 72 1 0 32 49 26 85 63 83 91 12 63 78 83 85 88 72 19 52 65 12 57 98 26 78 31 66 36 10 98 31 89 18 34 2 81 99 79 62 67 48 73 28 3 49 40 64 32 57 98 83 50 16 61 83 54 86 68 96 33 4 66 60 98 76 65 61 62 39 60 29 93 46 67 78 63 48 17 0 56 3 48 56 27 61 84 14 52 45 77 73 61 54 19 49 50 27 83 13 97 35 24 74 33 88 65 12 24 18 8 4 75 9 91 53 1 27 79 51 24 3 75 77 71 99 98 69 59 59 15 90 72 82 23 33 34 92 36 8 
73 96 1 39 66 16 65 96 44 52 29 74 25 79 52 88 84 68 2 74 23 31 69 60 80 94 69 94 98 50 31 80 33 6 10 83 85 72 18 95 35 93 10 75 33 38 15 50 56 16 95 99 95 12 1 55 17 7 39 25 75 95 42 71 27 31 81 63 12 0 72 4 20 73 94 66 42 47 45 7 15 88 37 96 78 45 40 39 47 55 32 42 74 67 41 24 53 44 17 19 79 60 33 66 49 62 50 71 36 87 4 35 25 52 45 29 2 79 29 77 74 55 49 14 51 13 45 49 73 8 87 43 37 25 16 97 75 28 69 31 85 6 63 11 17 99 2 82 73 37 24 63 33 53 12 87 21 22 49 53 56 12 18 43 92 71 82 73 22 60 76 36 12 63 38 73 61 82 49 19 61 84 22 58 33 17 12 26 82 53 58 44 73 68 34 7 34 49 2 38 81 6 21 23 88 22 62 63 31 4 57 20 12 59 2 91 86 7 26 80 52 11 23 94 66 43 19 39 40 84 24 4 82 69 18 17 46 25 70 51 67 66 58 49 66 8 16 84 4 70 0 7 36 40 40 7 77 65 86 28 9 75 76 11 91 78 39 84 66 17 82 43 51 55 44 83 49 80 69 67 7 46 5 21 94 87 81 87 55 84 42 40 59 63 31 67 77 84 54 78 16 21 95 73 62 16 40 48 35 5 68 27 78 36 5 48 1 12 35 38 16 41 23 96 92 28 40 12 44 64 25 34 83 94 48 79 87 20 25 22 90 83 37 88 79 92 64 30 59 80 29 61 80 35 26 29 33 57 32 86 0 17 79 35 45 43 61 28 15 61 79 95 64 21 13 69 64 93 3 94 14 63 72 22 70 19 10 21 58 78 14 94 92 68 1 47 24 42 98 20 
2 20 75 9 58 36 39 28 34 76 6 44 7 8 82 54 80 8 27 6 63 60 2 2 65 33 6 85 5 39 68 55 44 7 12 18 63 16 7 16 52 32 51 4 94 0 93 58 4 4 26 95 32 47 60 83 8 47 70 45 20 59 91 29 37 22 86 64 89 24 85 85 56 14 44 77 19 35 13 96 11 3 18 19 32 54 97 38 3 75 30 75 88 2 97 6 84 52 22 98 98 64 22 19 84 61 88 21 77 79 28 98 1 54 71 24 56 74 32 34 10 36 84 67 51 3 32 50 86 46 3 23 39 81 73 2 13 6 80 36 53 43 4 26 45 1 86 37 76 71 29 2 23 75 95 69 35 11 47 89 87 40 77 61 16 27 11 82 19 73 42 40 16 9 53 42 89 75 89 34 24 16 96 8 4 23 16 37 85 10 10 83 95 61 52 43 49 93 83 40 54 73 61 2 56 66 61 73 75 33 39 7 80 21 54 15 22 9 65 47 69 26 66 24 90 61 97 53 46 12 81 90 66 43 18 70 81 13 30 43 84 22 81 32 11 75 3 54 77 80 17 59 70 98 2 5 87 17 43 91 70 60 9 77 78 10 55 44 89 87 35 44 36 15 97 97 43 38 17 19 13 77 48 10 98 96 19 16 75 97 83 5 2 15 84 14 47 95 75 5 26 99 69 32 19 72 26 10 46 9 86 5 2 28 59 90 7 5 95 15 42 20 36 23 10 0 65 75 69 37 10 15 29 70 63 31 88 44 69 23 49 33 9 72 91 56 45 37 78 12 20 88 48 71 18 94 82 9 92 38 40 5 53 56 87 91 97 61 72 43 20 8 67 57 63 44 30 38 94 69 75 50 29 25 21 21 73 76 58 15 14 77 28 87 59 50 73 31 95 10 
67 2 73 18 34 38 38 46 69 9 63 24 18 54 3 76 93 31 6 82 97 57 94 66 36 98 44 47 82 30 26 30 9 45 12 87 36 40 0 68 65 30 95 52 74 37 97 63 99 21 48 37 16 88 36 12 38 42 53 2 96 3 69 73 66 19 51 32 14 34 97 31 9 16 66 55 73 50 47 37 44 34 63 15 79 99 60 51 8 17 57 90 17 7 16 24 46 33 32 86 28 64 16 59 63 8 13 80 89 86 2 46 36 6 72 42 42 55 27 22 63 4 56 69 63 69 4 65 56 47 91 64 26 15 61 37 57 6 99 59 19 13 53 74 87 27 58 56 9 95 12 95 51 18 46 78 75 62 12 77 45 48 94 97 4 83 76 83 60 29 52 72 15 2 36 1 44 78 69 47 39 32 68 5 55 57 84 73 48 61 69 9 93 12 99 31 17 99 22 83 76 58 24 83 12 1 67 43 25 2 10 50 14 22 22 52 68 45 89 22 28 87 41 39 88 44 61 61 38 4 66 87 45 96 32 36 36 36 39 76 16 93 84 21 32 24 86 5 15 99 6 13 49 96 82 81 18 0 65 98 59 14 88 13 78 36 19 59 93 96 23 48 42 3 19 91 10 7 44 26 90 23 42 14 96 55 15 46 74 63 50 36 24 16 16 40 21 29 58 28 16 24 68 67 63 81 75 50 55 46 29 80 57 48 1 9 9 4 13 41 85 74 92 50 33 6 87 15 92 84 48 35 53 26 68 78 75 59 5 61 93 58 48 99 54 26 47 98 48 25 27 12 83 28 56 64 37 89 81 52 76 32 17 20 40 54 61 55 77 64 88 40 34 66 26 44 83 71 37 30 57 3 49 98 68 14 4 18 42 41 92 98 97 66 53 8 32 1 67 71 
74 44 1 19 44 35 57 77 54 49 94 35 3 69 88 7 80 12 27 68 38 13 26 93 47 30 77 69 38 31 45 67 70 77 15 79 5 36 23 24 77 84 30 27 3 25 58 11 90 21 74 87 2 98 30 17 21 27 32 25 87 83 2 81 9 56 26 46 57 15 76 11 64 29 58 0 97 79 26 82 12 69 27 93 33 27 1 10 20 22 26 46 60 6 57 19 35 72 30 33 90 57 50 64 1 55 81 68 77 84 61 88 24 41 57 55 49 41 9 80 12 98 28 18 92 51 71 16 31 3 48 68 82 56 91 5 43 27 63 21 19 64 17 1 11 9 68 26 84 88 41 68 69 0 69 75 38 15 54 7 83 85 63 28 63 80 54 92 77 1 69 37 22 82 25 90 93 72 25 40 31 19 22 12 31 91 5 35 5 33 90 94 77 79 19 35 15 36 8 12 32 20 86 75 3 78 57 53 25 87 51 11 34 30 94 49 45 32 56 29 54 14 77 76 6 69 89 31 43 73 32 53 36 21 30 6 35 34 2 91 68 97 66 73 53 58 76 84 25 3 39 5 65 74 57 21 98 62 40 39 2 47 82 35 89 63 14 20 3 0 91 69 19 75 87 72 8 79 64 51 21 7 30 95 6 4 49 25 16 59 68 30 70 21 95 42 94 99 44 24 90 4 64 17 8 81 89 39 98 76 99 20 22 77 95 11 65 69 86 52 30 79 30 94 73 99 49 58 57 1 91 2 91 15 10 33 71 66 8 17 80 6 32 57 84 64 72 13 45 40 10 66 74 39 9 30 64 58 39 35 52 36 80 26 53 8 28 44 50 71 12 68 98 69 63 96 34 45 84 81 75 30 76 59 57 74 21 94 43 18 66 85 92 24 73 80 81 69 94 45 
83 63 94 3 80 68 1 99 69 55 87 7 35 58 17 27 55 81 6 49 66 2 12 60 92 14 53 33 99 15 65 98 52 31 78 14 74 15 96 32 58 19 66 99 57 85 43 31 47 76 1 17 9 47 36 37 70 74 68 31 15 48 4 26 35 90 10 73 47 67 51 26 35 52 64 81 93 10 9 25 19 2 69 61 31 88 42 30 48 67 27 43 24 72 91 21 85 77 40 40 57 48 7 73 73 28 22 62 14 78 83 2 89 92 71 62 81 78 47 48 84 78 1 82 76 30 82 39 57 87 3 51 10 93 86 1 47 76 6 60 50 69 78 87 46 5 26 50 95 1 10 4 72 46 54 10 5 11 46 72 41 73 3 30 67 79 87 38 7 18 78 16 7 38 81 66 82 86 82 6 93 88 3 72 41 8 47 8 68 39 58 72 63 11 37 46 75 53 55 8 31 66 66 15 54 18 96 61 61 74 83 22 83 8 79 62 26 52 67 37 5 49 79 59 24 68 60 17 4 40 12 3 40 19 16 60 6 12 0 91 78 66 34 43 56 4 29 45 33 25 30 72 11 13 76 89 20 1 25 80 72 36 93 79 54 74 46 2 5 97 20 75 7 14 2 95 29 61 93 96 32 0 81 72 68 17 29 10 91 93 46 52 52 44 7 93 0 11 96 75 5 93 88 99 82 61 47 88 2 2 92 53 0 4 91 15 42 46 62 43 8 81 65 63 40 44 48 63 72 73 68 94 20 91 88 78 12 75 94 76 27 60 84 19 85 90 28 88 22 98 12 66 81 96 86 99 80 21 15 10 68 88 28 91 44 91 45 96 9 13 90 1 44 6 48 98 3 69 53 31 80 77 94 32 24 23 39 86 8 35 56 23 21 81 35 45 61 2 94 33 
20 27 83 49 44 89 33 58 5 74 25 0 44 27 0 54 18 42 50 42 39 53 28 16 71 32 78 22 77 4 52 69 63 52 46 94 77 29 69 67 81 96 60 31 61 31 67 10 51 52 42 58 82 48 66 43 58 40 36 65 14 52 10 84 92 21 13 55 73 85 99 25 57 16 70 44 65 49 78 14 74 46 96 14 61 36 86 51 58 2 21 35 82 43 72 90 96 22 83 32 17 94 76 96 94 10 0 7 6 14 25 77 17 39 23 70 56 4 13 87 50 69 5 6 43 44 90 63 3 62 45 77 48 31 30 13 24 37 49 4 93 66 81 75 6 72 95 66 67 16 50 1 87 14 21 7 13 68 57 48 8 13 53 58 92 13 39 38 82 86 82 3 50 52 61 15 6 8 44 94 41 41 13 72 21 5 96 10 62 99 44 83 81 0 22 55 27 63 91 0 74 68 25 85 24 93 61 75 53 36 35 62 88 91 62 44 40 97 22 72 13 60 35 45 88 39 93 0 51 78 48 96 6 16 64 80 13 84 53 94 83 99 55 58 62 17 34 29 40 2 48 31 73 51 27 7 2 5 36 41 14 29 24 16 23 25 83 1 3 62 90 76 71 34 57 86 76 76 80 35 80 61 53 8 71 45 91 7 35 27 18 6 88 97 75 22 5 76 88 13 99 3 31 29 27 1 20 34 61 35 93 6 93 34 45 8 23 22 47 15 63 28 64 7 31 2 63 36 3 77 53 58 25 90 85 21 33 83 16 39 67 67 80 82 84 72 61 50 29 1 56 2 1 53 64 37 53 67 70 52 39 91 10 98 60 47 2 89 38 21 49 83 64 52 25 3 54 52 28 33 44 47 93 3 71 6 33 6 84 61 20 57 67 38 53 40 34 7 49 35 
61 14 84 35 9 77 20 73 82 74 38 75 10 60 10 20 91 46 15 72 74 27 43 38 48 67 72 76 33 10 63 24 28 83 44 44 14 38 10 1 43 29 80 43 85 15 72 52 54 58 19 9 28 78 21 53 78 46 82 13 26 99 34 93 29 7 17 9 7 4 78 85 20 97 65 16 86 96 86 99 87 49 8 7 65 38 45 53 57 67 32 41 37 63 25 36 29 91 16 9 4 51 52 99 30 51 5 60 13 60 40 57 88 51 14 36 99 70 16 90 88 80 25 31 78 29 44 86 60 95 20 42 8 94 9 73 93 87 36 86 17 7 98 26 59 22 94 86 24 10 49 80 77 96 29 71 76 66 80 40 90 70 97 87 8 94 0 45 69 92 91 58 76 72 37 66 70 40 30 92 21 3 68 75 30 77 76 29 16 82 64 93 59 92 15 35 48 47 57 77 81 7 97 84 44 36 12 73 27 9 5 6 62 69 9 24 96 79 23 25 3 60 72 72 42 27 35 0 56 92 89 71 63 3 43 93 38 50 56 75 7 58 92 96 67 31 21 5 87 84 89 91 23 89 28 71 17 96 76 5 12 73 15 22 13 69 44 59 22 11 43 97 57 71 29 46 12 90 63 35 90 61 23 80 20 0 65 49 66 50 59 58 87 47 67 26 68 57 12 71 83 19 99 97 27 59 11 20 24 53 39 90 27 36 63 54 56 98 59 30 5 91 59 51 67 38 89 47 68 38 87 37 59 13 24 32 3 86 99 66 84 33 98 51 52 97 16 62 81 62 0 38 92 47 84 20 62 49 70 77 88 8 70 14 76 78 60 95 74 78 79 16 96 54 35 92 30 52 79 1 29 77 58 61 82 71 34 22 97 89 41 76 42 56 56 36 79 69 33 4 
0 80 1 14 12 43 54 91 57 0 46 49 90 2 8 23 2 39 6 59 55 5 15 36 76 26 69 93 0 82 11 49 9 67 41 57 40 37 40 55 33 29 72 68 68 6 43 8 17 86 91 84 70 22 47 49 79 21 62 19 23 23 4 17 32 33 70 51 7 11 52 91 61 56 37 0 97 97 29 4 95 69 41 34 28 36 69 71 71 34 14 0 88 2 74 23 74 62 88 93 26 17 98 73 82 85 21 39 87 54 16 95 4 35 69 23 70 18 61 90 44 81 33 3 82 3 21 89 4 35 55 56 65 81 95 72 40 11 29 60 8 2 28 34 83 57 18 85 88 12 48 63 25 69 24 8 18 55 91 30 64 16 64 98 44 65 74 24 47 55 29 51 46 68 99 67 78 98 24 2 98 7 29 40 48 62 49 14 28 90 78 62 98 32 62 25 3 77 39 1 87 56 15 20 74 25 79 11 67 11 52 4 64 59 52 42 11 17 71 3 60 15 85 33 88 64 61 92 33 30 78 3 12 19 77 55 55 48 60 47 31 40 29 6 5 3 42 22 87 46 39 70 85 42 93 23 52 51 37 2 48 44 88 98 9 99 34 92 67 90 12 22 26 88 7 99 62 80 34 94 15 84 39 59 61 65 28 44 76 58 91 77 14 14 76 54 39 13 99 19 44 43 85 79 3 43 71 65 59 70 76 76 73 60 14 66 30 41 97 76 50 4 87 52 48 40 63 67 30 33 78 36 71 38 71 32 24 58 64 63 76 64 61 15 7 25 69 68 21 77 45 95 34 66 47 43 57 68 47 37 82 22 10 95 56 51 8 88 83 5 58 33 45 22 56 27 3 52 2 87 50 47 70 78 26 16 93 50 99 44 2 60 26 33 56 28 91 28 82 58 
77 16 85 35 49 49 13 87 11 9 11 32 21 71 75 31 93 77 4 57 20 60 20 33 72 77 42 51 56 22 84 16 42 41 10 73 62 89 24 45 87 51 16 59 21 38 12 31 2 66 57 28 50 13 96 14 90 55 23 29 46 64 23 37 49 63 20 39 74 25 94 44 61 58 3 9 59 16 42 83 94 90 22 43 7 74 74 33 93 94 79 40 50 56 82 57 72 16 68 37 30 18 6 92 91 36 50 0 32 76 72 25 45 46 65 30 95 24 78 48 61 11 23 14 72 74 57 16 21 93 64 20 25 31 21 65 79 78 33 70 53 99 86 31 98 57 46 70 72 47 41 17 46 10 22 29 4 35 20 18 45 77 19 90 81 5 10 72 59 3 18 5 25 72 81 0 39 36 52 53 48 70 5 31 99 90 44 11 90 63 24 0 92 76 66 32 64 88 93 51 36 20 3 39 35 24 64 35 50 83 67 57 89 94 97 45 13 39 18 71 93 57 0 28 50 56 71 15 99 99 62 75 85 32 48 23 90 22 87 74 89 61 35 40 9 94 82 49 13 3 63 64 34 89 89 35 43 38 57 53 98 34 94 48 52 25 35 88 51 11 14 80 9 18 29 44 45 51 74 30 60 83 99 0 82 73 77 58 94 1 44 12 21 62 4 75 51 83 82 52 34 71 22 53 9 31 16 55 20 89 96 72 25 6 70 66 58 26 94 59 36 83 49 6 88 27 24 58 99 11 64 42 71 29 62 93 20 0 92 15 12 3 85 63 7 58 49 2 45 47 52 4 33 44 78 97 30 44 95 31 84 73 86 38 82 14 35 60 73 44 13 11 15 97 20 87 45 43 39 60 2 34 1 87 89 69 6 32 8 70 36 60 98 52 79 36 6 65 48 86 
41 44 32 10 46 16 93 92 16 30 69 44 12 95 43 74 40 66 30 71 94 73 43 47 65 61 3 80 72 95 57 99 64 40 29 34 73 12 40 94 64 39 30 6 80 83 54 55 97 34 44 90 52 88 61 55 84 67 14 62 24 55 26 91 18 91 10 82 84 76 10 9 73 17 74 46 94 86 88 92 37 98 3 49 30 95 9 15 88 95 97 59 30 42 68 91 51 81 45 38 23 9 62 50 59 0 81 49 98 67 79 12 8 37 92 88 63 15 51 57 13 29 59 93 42 87 38 21 10 87 1 34 49 50 32 27 77 86 28 77 19 31 38 71 30 56 22 63 73 76 31 8 67 72 76 37 63 35 36 74 85 77 67 18 79 48 73 53 52 89 18 79 75 25 22 25 23 83 33 82 34 77 6 64 90 89 49 16 23 98 75 39 62 6 65 54 13 59 8 73 12 53 83 20 0 66 98 66 10 37 57 65 7 95 40 17 29 35 73 64 96 67 42 70 2 23 77 55 39 74 77 94 21 11 16 42 15 82 10 46 21 94 27 16 71 45 43 59 33 54 73 71 83 7 41 57 32 0 47 79 97 66 65 23 11 18 4 11 96 72 50 21 50 56 66 88 64 84 73 82 22 16 31 71 99 53 17 19 54 63 78 7 14 78 31 38 21 91 31 65 71 12 87 43 98 12 58 47 4 8 29 75 16 79 65 82 54 50 29 7 66 35 38 64 39 58 15 42 25 34 74 34 87 15 0 96 36 45 20 78 32 88 91 60 7 59 46 71 34 17 77 7 9 90 87 56 4 68 38 6 97 74 40 25 45 5 13 65 38 92 23 82 8 36 48 58 91 65 47 53 53 47 10 34 91 65 82 77 29 38 59 4 18 64 93 94 33 45 99 32 
46 52 7 6 44 5 3 58 31 28 63 62 73 8 19 72 88 15 5 97 54 40 18 3 3 15 98 12 91 4 1 47 6 75 69 81 8 55 68 42 28 70 22 9 10 71 8 69 16 25 39 6 70 55 71 39 74 60 9 5 79 94 15 56 0 73 68 53 51 17 0 31 54 68 77 58 38 85 57 37 58 98 53 75 27 3 79 80 85 59 13 8 44 98 78 73 80 15 92 17 46 0 38 42 17 28 10 21 43 5 63 24 35 67 17 24 87 43 17 58 61 91 23 5 88 76 37 8 36 93 58 84 53 52 26 90 24 10 99 58 39 60 93 74 3 51 62 52 71 47 6 5 98 28 45 69 93 61 20 43 26 22 41 48 16 95 25 22 93 98 16 77 84 53 0 63 58 95 13 81 83 89 77 54 28 35 82 14 68 93 32 17 80 75 81 52 35 92 6 88 38 66 60 7 31 29 6 36 96 67 21 74 82 19 6 67 87 0 66 73 73 19 56 42 28 83 78 84 61 45 81 99 12 81 59 86 47 4 89 99 80 26 34 83 45 25 45 73 10 98 22 62 51 60 20 89 71 67 29 20 32 99 47 35 71 65 69 71 22 37 97 61 84 56 28 4 73 8 31 1 6 98 69 14 36 43 97 36 12 39 53 48 6 5 38 72 42 99 75 3 98 92 56 95 78 31 40 18 16 71 71 9 87 27 23 39 46 41 69 86 29 34 39 73 28 56 9 86 23 86 24 32 36 10 76 39 39 80 69 19 42 59 53 59 33 66 61 35 86 93 35 11 96 12 61 81 93 15 49 53 8 22 20 64 20 71 9 31 10 26 76 20 13 60 14 73 28 23 86 44 80 20 0 16 30 90 65 9 23 23 0 49 2 93 68 85 82 62 13 42 
77 15 79 81 4 33 29 45 59 61 98 96 75 10 50 67 11 76 19 42 84 95 45 78 45 73 63 29 77 12 34 71 90 83 32 47 10 11 22 94 16 69 26 29 1 30 48 69 95 1 17 46 1 85 80 13 9 30 65 47 15 89 55 88 2 23 11 72 84 37 93 44 93 58 25 73 8 85 2 54 37 54 53 39 18 86 78 60 73 21 91 2 54 68 41 60 41 19 54 66 30 92 91 14 51 33 11 31 1 86 65 23 99 15 15 51 99 68 58 20 18 62 92 12 75 33 67 19 67 14 63 51 67 32 3 58 57 17 97 27 4 22 68 6 7 19 81 96 92 75 48 98 97 56 8 40 14 41 85 97 44 5 34 65 9 20 2 63 81 63 22 33 93 20 87 37 62 62 97 5 32 22 25 92 96 99 11 30 22 24 96 22 71 47 89 31 82 60 31 9 29 78 54 69 99 49 43 42 0 61 67 21 44 2 40 40 71 81 66 14 73 85 6 58 89 57 82 17 3 29 82 85 75 95 57 71 72 17 35 19 92 92 21 74 68 11 57 5 52 7 68 0 61 73 41 1 2 2 24 75 8 47 27 33 32 2 56 91 46 39 71 94 48 86 89 39 36 87 85 18 33 16 38 80 31 71 97 43 22 79 92 72 85 5 47 6 15 46 70 29 14 40 76 29 78 36 90 76 60 13 79 13 15 30 90 66 83 8 85 13 61 72 53 94 42 4 33 48 43 96 44 69 15 83 13 15 99 85 45 25 43 39 3 17 70 33 74 47 68 52 61 65 2 24 71 4 42 83 58 72 35 47 56 44 47 72 30 76 27 74 97 10 7 26 34 58 34 98 26 29 28 10 25 93 66 0 74 51 98 23 68 56 85 84 8 0 92 21 79 4 
18 62 50 3 26 77 26 32 19 21 81 34 53 30 22 19 42 59 15 65 46 80 61 78 19 50 0 66 52 80 65 19 27 39 76 60 61 65 14 31 36 89 67 68 88 70 43 65 87 82 9 91 74 81 73 12 33 10 90 23 49 77 31 77 51 10 68 50 59 73 39 47 35 15 76 48 65 59 88 85 32 4 1 25 54 62 86 68 97 88 0 98 55 45 70 66 87 45 85 91 22 26 59 4 34 34 61 47 4 36 38 33 76 58 25 44 81 37 98 84 14 31 14 34 68 60 81 38 32 0 79 52 68 51 41 58 22 39 32 80 73 10 16 28 18 96 19 6 68 51 80 2 23 11 74 25 34 1 12 78 25 90 31 86 74 21 97 1 22 45 68 14 31 68 90 85 67 93 75 21 83 99 85 93 1 89 86 10 23 93 19 36 41 88 48 23 64 16 84 18 0 61 2 99 55 36 76 58 27 85 47 11 46 79 40 93 60 53 53 80 85 63 43 29 19 57 34 45 86 51 69 63 82 19 68 34 77 78 99 94 46 61 89 50 29 63 53 74 52 79 68 9 97 16 27 6 40 82 54 50 72 55 1 22 73 38 89 99 13 72 62 41 35 73 13 60 91 64 45 68 28 65 54 84 18 63 99 13 88 43 35 52 41 27 2 13 41 66 22 22 66 63 14 47 48 93 57 11 14 70 74 79 9 38 63 77 62 21 64 64 15 71 29 78 34 76 42 86 62 73 14 15 94 73 14 56 3 15 59 58 28 8 55 71 24 12 75 72 95 18 1 37 41 95 21 72 75 13 36 91 80 52 9 6 39 98 66 48 93 62 46 1 18 46 37 44 99 27 99 5 70 17 6 78 93 62 53 62 44 31 9 10 6 54 79 71 98 42 18 0 
42 12 11 92 24 94 54 30 66 13 34 61 27 26 84 62 32 13 32 56 5 58 64 22 25 21 25 2 87 48 35 54 82 65 73 63 5 1 13 58 95 55 49 6 26 58 17 65 90 11 91 78 77 29 17 75 57 85 6 8 42 32 52 19 44 14 12 98 38 58 2 90 88 32 30 53 11 37 0 94 35 77 24 68 98 57 61 12 90 3 47 75 50 87 21 36 33 11 72 93 88 95 54 87 55 45 35 2 13 55 6 59 39 90 22 50 26 57 35 79 20 55 98 12 88 13 3 43 53 27 90 64 41 84 80 78 6 89 80 34 21 82 85 63 74 19 70 60 38 90 87 51 6 44 37 72 85 81 73 14 16 95 97 71 97 38 68 53 54 42 4 75 71 97 0 78 51 24 78 86 33 87 45 5 81 67 8 57 55 72 79 51 98 35 54 94 86 41 51 6 18 48 46 39 87 14 92 77 19 88 56 65 61 89 50 47 49 7 9 89 98 73 54 60 83 93 47 26 15 88 8 92 84 36 9 17 17 57 11 58 94 52 40 79 24 75 17 18 14 9 6 35 72 45 37 76 54 72 62 41 15 12 27 34 10 94 82 84 88 28 23 58 28 47 92 29 15 66 74 90 84 4 90 42 15 91 48 30 68 34 43 1 35 56 45 54 21 69 91 2 22 28 68 45 12 30 70 68 10 26 98 99 70 17 14 48 56 52 16 60 49 60 28 44 47 33 72 7 81 94 52 42 53 8 65 52 8 12 30 91 5 54 4 86 22 32 25 96 43 48 52 29 25 93 51 28 38 67 67 13 22 32 43 60 37 17 46 77 74 98 18 45 16 95 25 49 22 16 67 54 8 98 40 37 59 66 76 55 54 21 31 88 79 32 6 60 56 86 19 18 
79 16 44 96 46 32 31 26 59 2 77 98 39 70 80 12 21 66 89 83 89 31 46 84 62 1 40 98 69 81 73 69 91 81 79 87 84 22 44 15 57 41 53 24 7 2 49 50 45 42 80 79 92 10 35 85 41 40 10 10 95 78 71 96 49 70 56 45 6 96 64 50 7 78 58 44 9 71 66 15 8 29 60 63 67 42 71 39 65 69 38 80 35 94 93 58 63 82 2 48 40 27 61 62 43 80 9 82 21 32 0 32 18 24 38 3 34 86 64 95 82 3 78 8 13 85 91 14 75 73 5 55 70 27 93 83 63 40 28 82 11 79 57 95 22 11 49 15 37 75 76 63 75 11 78 78 5 14 34 58 2 93 50 6 27 51 23 72 4 37 22 1 31 44 31 61 38 33 57 63 67 16 79 60 34 20 13 91 6 86 65 13 96 44 47 25 37 24 96 63 6 48 99 45 52 4 86 23 16 55 22 31 9 90 87 27 49 83 19 57 66 48 41 71 8 86 71 52 6 81 31 79 76 69 28 35 36 7 68 67 81 68 97 47 63 53 94 42 81 75 96 9 51 17 29 20 0 76 87 40 27 31 96 48 64 51 36 44 25 76 67 87 57 21 65 59 17 64 40 83 62 29 69 24 86 21 41 48 62 86 61 59 83 57 35 62 48 43 47 58 52 8 51 65 8 49 3 60 11 27 39 20 23 69 93 64 11 59 33 43 27 19 48 62 40 48 5 45 49 44 82 47 1 6 98 91 97 85 13 60 72 88 21 99 38 42 16 7 22 39 10 57 95 32 68 86 20 67 37 22 55 15 84 94 43 15 34 16 30 80 65 20 81 28 94 23 45 84 19 44 30 10 51 75 2 72 2 45 60 19 80 79 26 39 65 98 3 22 94 91 
41 11 19 81 38 6 72 95 53 61 5 82 72 60 13 15 56 12 57 41 24 16 20 73 53 57 26 45 26 84 27 34 39 78 61 33 63 88 53 57 10 22 42 47 68 20 98 58 96 15 37 20 56 77 95 89 37 1 98 98 42 37 88 60 4 40 13 50 96 78 44 76 32 46 58 10 26 59 88 21 39 34 75 48 24 95 85 81 79 90 41 37 99 52 17 49 47 46 87 19 28 57 98 88 38 99 78 59 38 57 11 18 33 81 62 4 11 1 12 99 48 73 43 26 39 78 95 17 22 35 53 11 9 13 10 61 50 5 17 66 19 60 69 95 62 55 18 15 26 40 14 93 19 17 85 41 80 70 80 8 15 36 81 48 1 73 24 59 94 13 92 83 35 99 44 30 18 48 27 27 93 23 39 81 3 19 78 46 68 57 78 34 15 5 2 29 57 37 24 51 31 63 74 46 4 4 96 69 56 46 34 35 92 7 9 10 79 94 27 81 65 42 5 40 18 85 73 74 49 51 11 31 61 18 67 3 35 16 31 87 73 86 11 11 87 88 98 27 64 51 98 38 88 2 20 0 51 44 81 15 36 60 92 32 51 30 35 91 52 14 31 28 1 99 88 47 29 69 21 46 46 57 22 94 4 88 31 91 84 43 6 68 63 59 55 14 7 45 3 56 34 55 91 32 40 7 31 51 92 95 3 10 13 33 84 3 71 25 86 54 83 98 56 97 95 42 33 42 35 97 58 95 15 66 52 39 62 86 27 11 66 81 15 99 57 27 38 38 63 45 50 27 89 80 4 82 82 49 37 38 80 78 48 25 45 16 29 57 6 41 28 31 28 56 9 21 9 10 95 20 9 87 26 16 78 58 81 87 28 25 87 32 90 73 18 36 29 48 86 54 
86 64 47 68 9 15 9 52 67 11 95 51 57 0 66 91 62 15 80 57 59 90 52 47 80 85 3 78 27 47 95 2 80 38 91 20 27 35 92 0 33 13 43 85 75 35 35 90 88 68 55 82 18 3 75 6 8 47 71 73 14 37 77 5 73 71 97 8 52 59 5 37 11 93 34 56 18 89 40 16 78 85 24 76 68 65 12 67 60 15 51 35 24 81 27 63 16 97 27 65 9 12 45 4 79 86 92 14 60 30 97 0 18 25 99 61 26 51 0 17 97 32 62 51 7 88 54 76 35 34 39 73 6 54 18 3 80 81 37 26 63 33 74 12 65 40 50 79 64 42 50 44 51 35 56 97 0 69 76 81 20 30 57 66 7 20 10 39 61 26 18 72 72 14 44 51 83 4 11 84 1 61 18 0 18 51 45 60 95 77 59 4 4 22 23 22 28 87 17 81 75 60 10 84 55 66 94 45 67 82 13 18 83 73 8 5 2 29 2 82 0 7 79 47 83 37 51 39 72 70 13 63 42 12 86 6 99 53 89 62 87 33 13 32 72 46 33 75 42 13 31 14 78 28 54 4 29 61 44 96 28 30 84 87 86 69 41 34 78 78 40 94 45 66 94 97 49 59 52 62 15 98 90 60 83 80 86 5 78 99 35 85 4 94 62 84 66 40 39 12 18 22 99 5 14 88 36 99 18 97 2 78 97 8 73 5 13 14 50 45 73 21 51 18 32 71 21 85 48 28 32 0 64 4 34 56 74 93 16 5 67 51 61 75 72 56 67 15 61 86 35 47 60 15 80 87 24 73 15 56 30 90 5 6 84 17 22 5 68 97 69 31 72 90 91 29 23 46 16 75 34 94 8 41 53 29 6 32 15 51 43 92 49 9 37 54 61 97 18 77 
82 14 91 45 92 17 64 89 72 73 33 49 62 75 13 50 68 65 42 77 63 2 50 89 13 91 65 85 5 51 22 97 66 73 42 91 44 17 95 97 45 86 85 18 27 8 39 30 63 54 59 94 6 57 87 39 61 33 59 53 70 95 47 19 45 32 11 69 96 42 8 99 67 97 4 80 99 79 20 37 61 82 26 71 73 29 22 38 43 89 13 96 37 50 48 69 11 39 77 24 68 23 79 69 38 36 51 13 64 80 3 27 21 89 6 12 11 29 67 42 5 3 19 68 38 16 61 97 60 34 52 50 0 60 89 49 90 30 13 43 98 12 77 52 8 45 55 70 22 50 43 43 0 46 27 71 57 29 99 93 55 44 41 92 87 99 0 14 94 89 74 84 63 51 44 32 22 39 93 11 24 87 85 65 16 43 19 23 98 99 53 8 34 21 43 75 42 89 19 67 23 54 11 90 6 76 19 88 35 22 1 88 26 13 38 97 13 10 71 90 20 13 23 25 99 10 19 73 33 89 63 50 21 52 95 75 94 11 58 66 50 95 86 34 88 72 92 25 18 54 49 23 32 29 26 62 27 11 91 12 80 96 62 98 0 36 94 58 16 86 98 51 13 25 52 95 22 83 81 70 29 7 87 86 66 47 85 2 29 83 77 30 87 53 23 15 44 17 5 47 44 3 54 60 34 62 64 37 96 39 21 53 12 58 76 59 6 76 4 93 19 75 24 17 49 2 31 69 73 60 15 62 5 6 18 71 98 86 49 39 93 39 66 88 8 87 73 38 87 28 99 47 47 26 37 76 12 99 17 60 6 92 44 43 81 16 27 66 57 30 59 29 22 92 54 97 20 61 57 67 35 94 95 44 35 65 19 94 74 38 89 24 4 26 4 6 70 88 64 56 
98 54 46 18 7 45 1 58 30 77 72 10 56 67 31 64 73 79 98 5 20 88 67 57 95 70 36 23 93 23 89 84 15 73 51 0 60 87 61 89 48 50 58 39 83 86 56 16 85 81 67 96 90 24 48 91 79 19 11 42 22 29 39 28 2 28 49 50 81 82 76 37 92 89 48 82 32 92 96 74 5 39 45 31 75 95 43 23 24 94 25 63 17 85 65 31 24 14 5 60 53 97 25 14 48 62 69 47 3 5 25 83 32 44 80 26 88 60 72 15 65 70 3 3 90 80 95 1 49 20 82 2 82 45 37 64 4 88 45 55 19 16 27 16 33 49 80 81 26 49 68 28 47 20 0 92 4 41 1 10 81 26 68 32 26 77 47 67 90 83 93 80 90 90 28 79 17 57 50 41 39 98 74 91 78 31 97 76 48 5 68 30 27 31 47 23 30 50 39 63 65 52 92 8 78 98 2 78 24 1 21 68 99 88 78 95 74 56 36 85 26 48 91 1 0 63 68 25 89 31 41 64 96 55 50 77 96 56 37 83 34 36 53 75 32 39 49 63 51 35 55 29 62 21 11 27 12 7 70 11 57 93 94 42 52 43 68 5 79 18 23 32 62 75 3 54 13 10 98 21 64 31 90 2 68 80 79 76 47 35 89 30 68 83 45 37 37 29 77 94 17 78 74 92 61 53 18 82 5 2 45 92 35 32 31 46 7 27 59 16 25 46 22 84 47 22 59 89 94 77 1 94 48 4 37 98 52 31 10 85 93 54 95 95 58 83 4 20 33 63 59 16 70 97 28 23 38 38 74 71 33 78 61 4 69 73 81 84 25 93 52 1 13 19 91 88 62 56 56 63 80 70 32 74 5 32 59 9 37 66 77 81 4 12 36 72 92 69 77 49 
8 46 79 88 88 16 25 54 46 75 68 33 41 36 9 55 31 22 64 92 60 51 61 92 56 20 38 30 53 47 81 57 35 23 83 52 28 10 65 13 48 22 79 33 23 53 66 92 44 27 86 34 10 40 72 73 77 30 35 21 36 71 89 40 36 47 25 12 95 37 60 49 6 44 25 51 28 24 56 79 80 0 29 81 8 26 93 55 59 29 96 76 16 51 46 58 53 63 88 72 38 76 33 46 61 67 66 55 34 89 46 46 79 81 26 60 66 40 20 5 94 94 44 72 86 92 39 8 88 11 52 16 61 44 21 84 93 83 63 33 14 33 12 88 48 37 36 47 44 87 65 89 13 92 72 66 58 21 69 16 21 50 26 79 16 0 39 48 18 6 67 18 88 12 75 96 32 25 83 2 90 15 81 2 49 16 59 70 32 60 11 75 98 32 44 79 15 13 47 80 20 37 27 24 36 89 70 64 15 24 83 33 7 7 0 8 6 14 85 40 28 45 21 77 1 34 73 15 17 86 13 93 18 39 81 52 50 37 5 83 13 39 81 28 17 60 96 2 56 25 90 49 49 85 99 47 84 56 2 0 71 36 90 36 73 61 3 83 13 99 40 77 14 66 84 27 94 73 27 46 75 13 7 19 57 28 58 7 69 53 89 64 45 83 69 47 77 82 25 79 94 96 40 2 9 56 93 86 31 55 92 31 42 67 99 55 94 29 21 11 49 74 13 20 59 58 90 40 30 32 37 53 81 87 84 78 92 53 2 42 43 89 0 17 6 31 90 10 61 21 56 49 19 90 50 96 89 93 2 53 64 35 97 34 50 74 65 25 93 90 6 77 32 32 9 29 88 72 65 87 74 71 76 39 45 98 41 37 94 70 68 28 82 40 53 97 61 94 81 32 
13 59 54 64 16 47 17 21 5 19 39 69 72 60 3 68 61 50 85 1 87 34 92 72 26 19 47 33 29 33 15 81 88 39 60 84 4 71 40 18 88 88 84 90 12 39 76 20 40 57 42 29 4 48 94 21 38 63 89 88 55 11 24 57 25 39 67 71 56 84 65 72 28 50 72 1 7 33 40 10 90 83 1 46 29 41 35 47 99 29 43 81 27 91 78 44 33 87 11 39 84 69 28 40 56 73 0 98 51 78 21 56 55 58 81 59 70 20 90 85 88 92 71 88 17 78 56 23 93 2 57 86 88 55 41 4 41 10 96 28 96 45 90 73 83 59 26 87 86 31 12 73 63 85 31 61 21 47 54 40 19 28 63 26 87 73 29 50 19 9 10 89 80 83 28 5 89 97 45 72 23 94 96 10 10 67 6 40 82 19 73 77 31 34 20 86 54 0 63 96 34 5 28 92 57 47 94 68 30 97 37 29 79 39 18 97 54 19 45 9 38 18 64 45 51 80 41 10 49 47 55 24 93 59 57 98 5 66 92 39 62 18 34 30 75 31 98 64 91 81 86 4 39 43 19 55 37 45 4 26 16 39 65 49 78 22 6 81 54 75 6 60 13 34 93 91 15 49 33 76 21 16 35 41 58 35 42 17 19 38 48 42 87 72 30 51 71 3 5 34 53 87 97 76 11 13 32 12 90 6 34 65 44 77 20 56 55 73 86 74 27 90 74 50 13 81 66 77 93 66 84 33 69 17 36 27 55 85 70 9 46 29 54 92 31 75 68 30 41 46 11 34 62 54 9 22 68 43 63 5 32 2 99 98 28 26 7 90 51 63 44 46 81 80 91 51 23 79 31 25 18 49 87 69 63 41 77 14 74 45 63 46 83 23 32 38 36 10 39 35 
37 22 60 71 80 31 91 36 0 80 57 90 0 19 36 19 4 56 94 30 44 76 13 76 40 35 65 71 22 44 71 68 54 59 85 12 47 95 10 73 6 95 59 86 96 31 17 56 95 91 9 26 73 3 42 3 37 99 38 35 2 41 55 27 49 97 43 81 37 56 78 88 61 64 72 91 62 2 39 16 49 61 93 3 15 99 88 71 7 34 85 16 76 20 20 50 4 14 23 7 32 9 9 3 84 18 96 67 77 24 84 3 18 43 18 79 4 11 69 17 90 81 4 48 99 78 41 4 69 78 76 28 58 55 58 8 33 45 92 53 39 28 86 17 22 0 45 55 65 28 49 47 62 75 19 14 13 82 70 57 1 18 78 6 68 1 94 58 98 23 82 76 30 55 85 27 84 21 1 80 74 10 31 66 98 6 84 82 12 9 4 8 92 18 70 47 30 96 96 41 12 21 53 10 23 80 0 31 62 53 6 20 63 92 35 11 16 90 13 63 41 75 17 91 2 85 19 41 99 63 20 9 7 2 78 42 42 28 63 62 54 33 41 21 80 19 57 84 98 96 81 91 36 71 0 5 95 20 85 58 89 31 71 82 18 12 35 12 63 90 82 85 25 21 81 14 60 6 6 87 33 24 61 77 84 94 46 78 38 42 61 88 26 4 91 8 50 95 23 8 49 35 46 26 11 0 98 43 60 78 1 86 44 57 84 17 23 83 69 74 36 0 98 34 27 93 11 7 16 16 39 30 18 7 17 51 83 15 93 35 56 66 38 15 25 40 10 55 15 51 88 54 29 65 8 80 28 51 64 59 90 31 42 66 4 85 10 87 19 97 57 36 76 43 62 5 6 40 27 16 37 49 35 12 61 30 0 94 49 1 64 12 88 51 48 48 32 29 42 26 
61 3 46 69 36 53 23 51 89 50 88 42 25 6 23 41 12 15 76 92 66 12 6 47 64 80 73 61 9 1 83 27 58 80 44 10 3 51 56 87 40 18 0 58 95 22 39 65 29 95 3 74 42 55 26 74 4 16 94 35 1 6 76 16 62 65 64 47 67 98 70 4 35 51 39 4 54 72 84 9 70 71 70 88 22 47 41 74 66 73 78 51 86 91 78 16 29 53 77 88 2 93 19 98 48 46 38 69 27 72 68 63 85 30 99 30 10 76 10 56 12 95 25 74 70 5 88 15 46 65 20 54 1 45 70 97 93 22 60 55 94 43 85 49 70 57 37 12 26 1 73 94 70 47 96 82 71 11 54 69 43 77 19 47 79 5 68 89 20 91 61 52 51 85 99 53 55 87 64 99 78 94 79 66 78 20 78 69 65 75 64 30 50 20 0 20 38 62 99 2 11 91 62 26 18 33 92 97 3 85 49 29 25 32 23 11 3 63 19 13 82 38 55 55 0 55 83 10 96 11 2 56 23 80 74 31 31 32 86 32 17 70 59 99 16 31 45 0 52 12 32 72 1 47 6 90 96 93 46 31 94 25 18 44 15 6 73 98 49 2 52 42 34 83 22 82 15 83 30 75 70 62 20 21 57 26 10 56 80 43 99 85 28 16 5 84 81 46 96 11 49 34 71 10 30 96 27 36 78 18 72 71 69 34 87 16 3 5 1 2 26 0 46 18 74 3 66 29 19 63 6 1 63 28 66 54 49 96 25 67 45 47 14 24 33 71 25 65 47 85 61 42 47 17 17 96 68 43 45 68 30 79 31 82 39 25 9 21 39 68 60 98 39 44 73 70 77 38 59 87 16 13 18 57 27 38 38 97 61 71 35 83 18 7 23 17 49 73 80 91 
83 15 9 64 42 65 47 77 63 63 40 56 24 39 38 28 18 98 33 19 58 96 39 92 91 49 99 50 48 27 40 76 2 38 71 19 52 40 11 45 45 25 49 56 37 87 7 34 76 89 80 37 87 97 69 78 25 1 2 9 81 16 60 57 88 21 42 34 54 34 18 70 20 96 25 21 40 26 85 50 56 61 93 11 92 63 54 88 35 79 37 39 76 75 89 40 65 75 82 57 88 57 98 21 19 9 72 4 41 96 74 22 91 51 75 85 5 26 61 36 2 58 39 94 49 17 22 38 33 4 76 56 45 93 29 24 80 48 86 69 32 8 60 25 10 26 95 15 77 85 6 37 82 70 0 51 4 58 63 91 55 65 39 79 71 66 99 76 37 92 60 0 25 19 70 99 14 72 48 9 82 21 49 67 63 40 44 66 96 89 28 40 36 10 80 58 28 39 70 6 0 42 81 62 19 56 77 52 42 1 22 87 42 17 63 38 5 80 56 12 67 10 82 59 48 10 2 73 37 16 56 40 79 58 97 65 99 56 32 24 69 50 1 57 70 98 63 26 35 93 47 75 11 95 64 86 67 66 5 20 34 10 13 4 55 54 85 75 5 63 63 51 2 11 34 4 61 63 10 7 54 44 93 93 77 53 22 91 73 29 13 12 10 41 3 88 79 73 16 66 93 24 10 37 58 67 60 30 1 85 43 21 98 48 27 84 32 43 57 12 46 48 51 39 43 36 76 18 37 9 22 68 43 67 26 86 21 27 15 88 60 79 46 8 71 50 48 18 34 91 7 52 37 59 66 47 95 28 52 17 87 87 32 56 50 21 42 66 75 54 96 11 27 98 47 8 81 49 12 42 21 97 59 75 3 53 70 58 83 24 33 5 54 50 33 53 68 94 30 46 
11 73 94 49 82 70 55 26 7 2 8 91 22 74 42 84 36 50 4 82 79 9 65 69 70 67 45 1 31 97 79 88 91 27 97 0 85 66 53 28 31 93 14 79 49 1 66 45 96 24 99 73 70 2 71 31 99 33 77 55 0 51 20 94 41 21 86 10 20 27 37 56 35 57 9 69 38 8 18 21 46 4 19 5 34 36 56 74 44 97 4 87 82 84 93 26 62 15 4 45 22 36 84 72 8 58 62 9 41 52 95 44 56 85 21 97 33 47 63 50 11 34 26 85 43 63 87 82 22 28 87 48 48 18 77 14 74 18 39 59 65 11 8 43 96 77 56 52 16 78 20 43 10 77 7 17 97 96 1 56 60 0 4 47 74 72 16 12 92 10 67 63 3 61 77 12 71 84 4 24 19 50 27 66 50 14 40 35 49 68 43 10 86 1 45 86 96 35 42 0 28 5 35 81 35 22 2 44 93 67 5 80 98 86 69 69 83 24 40 7 55 3 38 71 10 16 37 89 94 55 42 73 80 93 57 90 93 21 60 67 42 46 32 68 93 87 37 97 24 12 91 18 23 28 17 30 81 96 25 64 3 51 48 95 53 22 15 44 97 26 6 6 1 96 80 56 99 60 35 31 31 5 34 62 17 84 92 81 51 43 91 3 13 16 36 94 51 1 81 84 87 78 8 83 87 49 10 24 65 18 80 13 58 88 40 56 16 14 52 11 71 85 74 10 30 85 95 98 17 26 86 35 18 61 79 55 60 31 73 68 59 85 99 88 2 36 6 65 93 39 31 76 71 11 7 73 83 99 92 67 65 84 30 63 71 62 6 47 44 87 53 37 1 88 28 33 27 50 58 31 32 50 76 0 73 61 20 96 51 9 36 25 77 20 33 26 10 46 25 10 
67 24 58 89 67 63 20 55 32 86 86 84 45 84 8 67 10 70 39 32 72 4 18 96 70 1 83 90 55 16 49 31 28 4 29 69 48 87 34 93 55 23 6 66 92 13 65 34 82 26 48 15 96 47 70 72 68 56 93 9 9 17 69 64 97 79 65 70 93 44 46 89 2 1 60 71 52 52 26 47 93 83 93 62 64 43 72 41 95 68 71 14 29 68 53 24 44 26 58 66 2 93 5 14 18 49 90 74 62 90 15 27 15 75 52 74 36 72 13 24 46 42 19 20 28 62 18 31 78 81 1 15 27 31 74 4 47 19 59 63 42 58 37 91 23 66 93 97 60 49 96 75 18 78 71 29 68 31 18 64 43 99 41 23 76 66 93 63 41 55 0 45 32 25 3 17 66 77 46 65 68 3 1 11 80 31 50 52 33 50 60 73 86 65 26 12 8 41 82 27 83 55 68 10 60 34 9 23 92 83 41 21 79 33 17 21 70 13 45 85 61 99 57 5 93 50 29 21 69 12 38 96 31 46 79 93 38 6 24 19 53 90 97 29 98 80 83 52 92 94 71 8 74 36 3 5 50 51 85 65 57 8 68 2 43 42 49 14 33 65 63 87 5 51 63 64 53 59 43 19 60 67 72 13 50 18 69 19 46 87 58 18 25 29 93 45 80 15 51 41 98 10 54 1 39 52 50 56 88 59 26 40 20 51 52 12 83 88 71 56 45 39 4 95 45 50 43 57 10 31 88 27 5 81 34 7 84 65 62 12 35 76 67 94 21 88 80 62 58 84 70 60 6 75 44 96 8 56 96 66 64 7 57 70 82 60 22 48 72 21 36 24 45 13 14 92 83 74 15 69 74 26 37 8 31 18 25 5 28 71 40 37 84 22 16 51 40 32 42 96 
71 9 62 64 92 46 95 84 30 2 82 58 25 39 25 2 22 21 24 18 67 22 38 28 8 77 87 3 45 96 70 59 85 5 35 88 98 61 15 77 54 52 95 2 81 55 24 19 20 55 76 16 10 17 2 69 81 31 18 4 47 18 55 9 53 80 36 69 8 83 89 15 82 59 4 87 75 13 12 64 33 53 81 93 97 1 20 50 19 34 83 84 87 42 60 18 57 58 79 25 85 11 46 6 84 20 49 51 19 94 73 8 5 2 99 30 15 94 92 97 70 26 56 53 89 53 94 90 39 93 71 25 83 51 57 27 26 86 28 44 17 85 1 86 87 83 51 19 78 87 31 69 89 4 37 41 96 75 72 61 52 54 48 90 36 51 6 48 13 34 75 4 20 47 6 68 97 95 20 37 80 17 93 17 65 24 84 86 42 71 26 31 15 12 7 18 69 64 89 42 88 63 81 77 6 47 71 89 89 4 18 6 74 23 44 35 26 97 55 50 77 82 96 37 86 16 39 27 26 86 47 13 61 98 31 33 1 98 97 81 56 87 18 72 60 22 98 74 68 92 65 4 70 87 71 9 23 85 32 47 35 52 63 34 14 87 8 19 18 48 55 43 90 58 19 85 97 1 78 54 23 68 63 4 13 7 14 81 24 85 67 60 80 39 69 39 32 1 20 63 25 88 69 41 58 13 17 55 95 25 21 27 95 78 84 90 50 1 65 15 19 44 87 60 64 62 70 62 35 69 72 81 41 15 67 38 26 43 69 69 80 98 6 77 87 61 0 82 76 38 49 9 12 15 28 29 8 14 89 37 47 78 94 33 76 0 62 31 64 25 94 27 5 31 25 88 44 18 40 48 9 94 29 25 9 6 58 26 56 58 86 98 95 73 49 95 52 24 73 46 
81 67 72 16 2 41 14 8 10 69 26 8 51 52 81 57 16 48 70 27 36 67 74 8 77 85 58 63 18 6 33 12 85 60 43 38 95 55 22 17 1 61 12 62 27 0 30 32 15 98 88 92 64 21 36 98 91 43 71 9 6 39 21 53 23 24 44 8 60 38 8 32 0 31 14 26 76 3 38 42 84 71 58 61 39 71 40 66 42 26 31 94 36 58 57 98 81 68 6 26 56 65 76 95 97 74 39 1 96 1 20 10 44 72 62 26 87 13 62 71 2 43 46 56 11 5 41 33 41 92 22 41 32 49 75 52 82 75 23 65 69 70 29 62 46 61 39 23 46 81 23 9 47 90 85 48 92 61 54 51 28 19 79 47 24 46 0 13 16 41 98 83 97 28 3 53 84 25 21 76 77 16 22 40 56 54 7 79 23 16 51 73 34 98 57 57 84 51 55 88 31 73 93 0 34 6 17 71 84 72 41 22 95 69 40 88 78 80 4 99 4 66 0 86 55 32 68 35 88 32 57 51 27 63 59 10 56 66 32 37 43 3 22 11 2 94 28 45 65 3 97 46 19 50 13 77 54 86 49 90 63 2 1 76 39 54 48 23 57 52 78 69 29 10 49 80 16 55 22 68 73 16 29 3 72 45 83 32 37 44 35 12 54 9 27 70 76 86 37 34 20 14 74 20 10 40 68 46 78 25 2 43 94 70 76 69 86 71 46 2 6 17 18 46 29 80 52 68 47 57 96 15 76 69 41 6 61 66 89 7 16 48 89 27 55 38 11 30 74 51 12 3 2 6 55 49 76 44 71 12 65 16 96 89 14 52 17 44 92 84 16 13 42 75 54 41 54 52 61 81 0 21 11 51 4 34 97 60 67 77 60 69 13 42 30 30 74 96 49 16 
81 13 79 26 56 35 41 35 25 99 86 38 80 86 10 93 94 85 56 66 93 90 71 75 78 1 88 61 52 48 29 4 77 65 4 96 9 91 43 63 73 60 74 29 50 30 26 80 54 65 73 41 4 3 33 30 47 49 89 50 91 90 30 50 0 73 14 82 10 20 95 39 6 38 42 98 69 72 50 53 6 36 14 68 62 45 21 34 13 39 46 85 92 50 31 72 5 65 90 28 15 69 77 49 31 58 33 9 78 9 54 93 40 86 46 51 20 84 24 19 72 7 98 66 44 25 60 77 18 88 43 62 72 27 50 71 66 7 84 2 41 44 86 76 49 60 90 74 18 95 37 86 56 48 17 46 16 91 89 8 33 83 77 92 45 90 49 55 25 26 29 69 74 54 43 78 96 94 68 69 79 63 4 93 65 86 31 23 71 27 35 11 15 45 28 10 17 61 58 12 29 78 31 87 13 23 96 76 83 11 59 20 85 76 45 5 70 31 1 46 52 54 26 57 0 31 89 88 98 84 2 22 66 24 43 42 13 42 93 8 76 63 40 91 30 32 61 51 48 49 14 79 58 67 32 22 24 53 51 82 74 77 51 29 63 8 19 75 16 11 67 16 84 56 13 62 67 70 95 89 7 0 82 3 74 3 75 10 94 78 31 64 58 65 92 9 50 33 70 7 84 36 53 38 15 55 81 29 0 68 67 81 31 69 86 12 8 6 46 93 23 66 76 54 81 15 50 2 25 64 36 40 98 62 39 44 81 15 65 4 20 47 46 49 68 59 93 52 48 23 21 75 24 2 26 89 61 65 31 52 89 84 54 96 93 80 86 4 97 14 91 80 37 98 43 51 5 71 39 50 74 14 53 24 46 26 49 19 0 95 18 31 50 2 87 6 59 47 37 88 
16 56 6 99 49 58 14 78 68 57 17 13 49 12 37 45 44 37 78 77 23 94 75 80 48 53 91 21 34 2 76 63 59 34 90 87 5 98 27 50 47 64 14 67 59 53 50 36 41 88 36 48 74 90 7 65 26 94 22 43 47 19 0 29 84 32 80 50 9 35 27 87 7 61 50 19 74 84 74 62 28 63 11 62 81 86 1 95 1 73 93 83 46 14 51 86 19 25 11 46 16 92 73 76 79 7 69 25 83 94 43 92 70 60 84 1 28 23 85 3 57 61 47 41 63 80 52 30 94 46 79 45 72 66 66 71 1 87 12 89 97 42 33 20 31 10 30 28 50 52 0 23 82 87 89 61 86 13 64 61 11 82 41 37 3 93 53 87 11 9 78 99 82 29 30 44 83 63 89 87 4 98 1 57 32 38 50 39 54 84 65 71 8 14 47 57 26 84 26 41 18 4 0 59 84 99 68 26 62 96 57 5 66 24 16 72 35 59 90 19 28 74 10 92 91 81 80 89 77 92 21 83 34 60 33 85 76 99 23 60 43 72 31 28 96 71 90 95 54 49 97 61 53 35 31 48 68 8 45 69 44 8 55 26 75 26 65 45 78 22 81 73 7 16 98 47 46 83 74 96 22 1 24 5 62 93 5 67 89 83 80 13 35 65 83 50 25 38 8 91 34 95 12 25 66 75 11 2 47 15 0 66 43 30 14 12 74 19 55 42 37 81 48 53 13 70 14 68 3 55 71 19 40 59 59 71 40 54 77 17 57 91 81 37 89 78 72 84 96 51 82 95 95 67 42 37 91 72 26 58 38 98 93 78 11 57 11 37 17 80 72 64 82 17 35 69 4 38 0 46 19 6 28 16 88 32 48 97 5 90 49 98 54 75 70 30 48 10 3 78 
52 6 64 32 83 30 97 86 99 32 60 3 20 7 87 59 8 57 85 9 75 90 55 94 51 84 63 89 75 9 47 82 75 76 14 91 43 49 44 16 24 40 44 73 67 82 91 14 51 81 58 38 77 69 58 24 61 52 27 81 64 23 99 38 48 89 81 58 60 64 98 15 65 29 2 26 76 5 86 67 48 33 9 90 34 9 56 26 55 89 10 84 79 60 96 28 72 70 17 6 56 35 26 75 74 60 48 13 18 86 98 36 68 33 69 94 31 26 88 42 7 68 25 57 67 99 17 41 51 34 3 13 72 3 8 16 13 81 57 33 87 9 94 40 84 88 34 59 32 75 3 75 59 52 75 7 93 65 87 57 56 18 46 17 32 80 33 95 9 35 34 72 89 35 91 27 1 2 25 39 25 93 0 97 24 26 28 60 49 53 76 97 33 53 50 96 52 49 4 62 25 50 42 25 25 64 12 49 66 32 61 44 82 48 83 76 85 33 81 19 71 0 30 39 92 60 80 16 64 71 66 39 98 51 5 40 10 35 93 18 94 94 18 61 63 23 41 48 64 74 88 40 23 17 45 65 18 15 95 55 19 13 77 76 96 50 80 13 50 96 50 14 32 27 72 25 47 2 0 49 79 40 36 95 17 89 87 89 94 85 83 11 58 48 7 91 63 14 81 88 31 37 44 53 37 28 92 58 99 82 38 75 92 80 70 68 84 8 42 89 78 31 61 59 73 59 3 98 6 8 87 61 67 19 10 43 33 17 74 63 7 31 43 62 96 34 32 95 13 73 69 8 61 68 4 27 76 67 58 15 7 79 99 8 52 45 1 64 12 5 8 24 7 24 10 6 58 29 25 60 76 24 73 25 70 1 52 23 99 68 75 21 16 72 55 85 3 61 39 56 
70 60 48 5 26 78 15 4 13 86 77 64 33 43 69 14 38 29 5 71 93 65 2 28 18 83 46 36 87 47 3 64 42 43 73 58 42 48 14 50 64 84 49 53 95 15 53 18 33 73 92 79 32 2 0 16 5 71 64 50 62 64 38 58 30 70 96 79 17 67 40 41 53 92 28 60 28 71 66 9 58 44 36 3 70 65 40 60 68 80 26 97 34 12 74 48 40 80 83 48 40 7 0 70 58 65 95 98 18 13 55 59 23 11 54 79 20 11 38 7 37 83 11 35 68 94 18 4 81 38 36 29 79 79 86 95 91 56 92 29 2 17 52 8 70 2 24 96 13 7 54 62 10 8 59 30 44 59 54 32 64 99 47 67 57 68 63 42 6 5 93 63 72 0 29 24 80 32 25 20 67 91 97 34 56 6 39 4 98 94 46 66 75 76 71 88 56 69 10 2 22 75 62 62 7 54 39 79 37 42 54 40 84 11 14 63 47 54 14 23 49 60 67 76 60 5 24 33 34 15 15 62 94 86 61 0 37 10 45 74 61 31 77 21 89 20 69 21 59 52 44 73 7 92 37 65 12 13 50 31 12 49 15 80 83 19 44 4 80 72 55 7 8 88 53 45 26 50 35 81 35 91 46 17 30 67 86 97 55 49 90 85 58 84 20 75 85 10 30 46 73 90 22 47 5 24 34 46 55 32 31 77 25 83 71 39 35 1 56 72 81 56 11 54 28 43 57 67 68 19 64 81 8 82 77 59 13 12 69 70 96 79 86 78 11 37 59 67 54 17 34 22 90 66 73 76 65 91 59 40 99 60 85 15 61 8 96 73 0 44 0 47 16 6 6 89 82 13 14 49 74 48 85 43 49 69 36 38 66 64 40 14 51 44 61 3 27 37 0 19 
34 39 34 88 4 70 81 40 61 66 5 45 69 97 52 31 95 43 49 75 47 73 59 37 1 69 56 13 92 44 20 91 86 37 0 21 4 38 6 65 10 37 55 67 97 77 55 14 0 60 28 41 76 3 53 25 59 23 95 98 90 46 0 87 34 40 28 90 44 47 90 63 91 97 89 75 39 75 94 88 44 81 79 71 41 45 68 59 73 88 29 24 78 67 29 30 88 69 37 87 40 9 20 98 6 35 54 9 95 52 14 9 39 58 4 81 86 68 98 85 97 65 39 8 0 2 6 48 29 39 48 52 91 79 96 97 89 35 30 61 49 7 70 6 0 66 70 35 2 11 15 84 17 17 67 82 15 24 43 65 9 88 36 9 55 17 59 90 80 36 89 4 8 49 62 33 17 5 2 49 74 87 65 65 59 93 51 27 8 76 28 69 84 76 9 98 38 57 32 72 89 34 32 60 97 62 35 16 40 1 50 19 2 19 78 6 17 72 55 73 48 47 30 52 41 24 67 39 69 8 47 3 63 87 22 35 60 33 80 73 34 31 68 26 74 36 26 17 20 84 5 66 89 29 28 34 78 8 7 68 27 53 16 39 81 0 15 79 97 27 97 62 90 70 64 28 98 74 91 4 3 53 91 64 4 21 79 3 57 95 52 42 82 46 60 41 32 48 32 30 60 79 99 1 42 12 9 38 65 76 67 77 4 28 61 49 24 31 50 11 11 74 22 23 84 87 82 63 36 52 52 38 85 70 45 76 60 9 3 49 24 59 30 7 61 45 25 43 95 8 21 42 11 96 66 32 10 45 91 94 84 67 15 5 63 52 35 38 13 74 6 35 75 14 94 98 19 35 57 88 19 76 52 16 63 98 55 2 20 0 45 90 74 63 25 46 39 48 17 71 
77 39 43 86 6 74 25 89 90 15 56 43 81 94 80 14 77 75 61 47 58 3 14 4 0 40 47 93 77 26 52 23 96 63 97 8 21 79 94 82 90 96 19 44 25 3 16 18 66 84 17 65 92 47 10 22 31 19 9 58 93 27 8 10 86 27 12 59 48 40 90 80 6 11 1 15 43 79 88 42 78 33 46 67 41 31 55 94 39 80 61 37 59 99 67 44 62 38 96 74 98 77 40 83 60 19 54 92 14 5 33 0 1 57 72 17 10 32 55 38 64 58 21 78 30 29 87 5 45 93 18 72 4 87 20 59 10 69 59 63 39 41 34 70 55 48 76 58 59 29 90 4 50 82 64 5 83 82 75 5 27 43 41 23 18 38 18 5 53 65 54 60 39 20 15 63 31 23 69 52 68 11 18 7 8 35 98 30 14 25 79 20 68 37 90 46 80 37 63 19 53 38 45 3 83 82 85 22 95 54 55 38 33 42 77 58 59 26 88 9 7 3 28 62 96 75 84 5 13 69 66 30 77 41 28 24 34 74 91 25 41 73 2 76 73 57 14 39 19 87 29 86 62 0 25 4 78 48 3 84 31 89 47 71 31 85 94 72 35 17 61 43 37 66 7 6 94 68 58 29 80 9 78 82 70 7 23 52 51 41 91 47 96 30 39 32 57 71 63 45 53 74 67 52 57 12 89 16 54 25 12 72 34 68 17 3 73 24 80 16 56 93 17 75 29 96 53 74 64 26 19 89 73 46 30 56 8 13 37 11 62 53 60 8 76 74 60 3 97 56 6 66 30 69 48 94 98 98 9 94 68 99 71 98 67 76 77 95 97 98 93 45 17 87 94 17 39 84 15 52 27 51 52 72 92 24 77 53 62 57 76 79 84 30 22 86 27 18 81 5 
9 46 99 87 69 97 23 35 91 21 48 4 62 28 79 72 53 71 90 76 31 32 65 52 2 82 40 11 29 25 61 90 92 33 27 22 56 31 62 7 72 22 25 25 24 84 30 68 64 78 5 8 3 92 64 7 76 11 18 51 72 31 81 83 34 61 36 16 35 78 40 35 90 26 38 65 55 19 89 27 50 40 34 71 59 8 42 95 67 63 78 29 42 8 81 86 22 80 53 87 14 98 31 24 89 87 37 59 48 44 21 17 35 5 15 75 39 33 78 72 71 71 7 84 73 35 82 64 86 6 1 65 93 26 53 79 84 53 40 19 83 39 1 2 11 18 82 42 63 54 96 58 88 66 46 74 90 33 47 50 52 8 89 32 52 7 38 34 92 97 86 76 96 65 49 82 45 43 99 10 42 0 32 69 53 62 37 38 4 29 20 74 89 13 99 50 94 56 56 58 1 15 84 44 39 18 29 85 71 3 20 34 5 11 99 25 40 67 15 28 45 92 22 34 97 74 99 65 8 98 29 52 3 26 61 50 83 69 86 43 23 43 99 50 68 62 56 42 55 14 77 80 95 30 16 57 15 31 87 72 38 64 89 15 89 7 13 7 26 99 7 48 46 3 15 9 99 37 72 68 47 91 78 14 59 26 82 70 21 51 93 79 12 27 42 10 25 62 96 5 78 27 57 96 80 42 77 13 22 34 61 51 96 45 6 31 25 69 5 3 57 91 4 78 46 99 10 3 9 77 59 53 71 46 14 79 73 12 20 45 77 47 85 71 85 12 41 13 69 58 87 11 72 30 5 45 39 99 92 57 78 39 13 43 59 24 0 90 8 90 40 5 59 52 80 9 72 90 60 57 55 30 39 22 50 73 39 4 49 55 97 32 40 86 30 16 81 36 51 83 
38 8 33 74 49 62 61 39 79 93 30 79 62 96 50 24 47 84 14 91 82 37 80 24 2 83 47 90 60 30 42 52 51 57 84 14 83 0 56 75 35 97 19 44 95 9 54 41 86 78 30 30 67 82 41 57 78 81 59 6 45 64 65 15 75 86 8 38 81 27 37 23 4 3 52 94 74 96 30 93 28 67 84 58 15 77 56 59 50 60 54 85 64 31 20 62 38 31 18 74 51 47 20 29 85 34 52 27 7 58 3 0 37 85 67 25 64 76 50 86 3 58 21 26 5 74 19 79 4 54 48 35 20 35 34 28 84 3 99 50 58 35 39 50 13 21 63 68 0 43 54 62 25 97 71 48 35 67 23 52 76 10 0 43 1 44 19 63 71 18 6 90 70 42 20 27 60 26 89 4 28 51 17 44 76 61 12 85 84 30 0 64 59 41 2 7 94 29 57 72 27 70 44 89 48 36 38 48 18 69 16 31 44 76 25 50 83 59 17 20 58 88 28 67 61 16 8 88 87 91 14 58 28 16 81 70 12 44 28 63 94 49 84 67 92 69 16 1 44 54 13 85 22 9 1 9 94 58 4 21 52 2 61 57 26 95 45 73 34 39 38 53 37 52 22 6 8 27 70 18 93 4 28 91 27 32 22 38 69 16 70 97 49 41 87 5 73 44 93 18 10 96 60 35 95 86 25 30 75 13 9 83 35 18 82 36 11 37 40 34 8 97 76 86 57 28 19 70 56 19 44 77 52 68 99 51 88 56 13 66 66 4 3 82 77 2 92 99 97 18 13 77 29 30 92 75 41 60 65 84 36 3 43 2 59 47 69 83 4 18 35 26 41 79 36 97 29 48 1 72 92 64 48 11 89 70 49 32 21 37 81 47 41 0 65 29 52 32 65 42 
34 23 1 70 80 27 62 10 5 8 14 68 29 82 26 80 16 94 4 41 69 34 64 23 3 43 46 74 71 63 24 35 7 44 18 6 79 80 55 0 54 89 98 41 88 82 73 29 5 38 44 70 8 36 89 9 89 16 82 5 40 54 64 8 55 44 19 26 57 5 94 15 65 91 13 68 72 80 64 96 90 93 81 67 20 30 44 99 5 30 66 3 6 26 12 0 14 44 98 2 20 46 76 99 91 71 15 5 39 69 47 58 41 43 27 96 67 17 62 23 93 22 53 66 35 42 41 19 52 24 46 90 58 57 36 96 27 9 25 57 95 81 87 20 63 62 83 5 34 1 86 39 94 16 55 7 45 3 34 69 12 51 80 62 16 27 58 50 35 40 18 46 69 55 19 88 32 48 84 90 93 93 72 9 60 62 85 55 73 20 55 90 72 85 46 38 57 23 2 1 13 29 70 74 77 4 99 32 28 21 87 27 99 14 21 55 71 67 46 20 79 75 44 18 42 11 86 55 67 51 41 93 31 59 50 27 19 83 20 23 30 62 82 13 98 55 8 71 14 61 38 64 74 29 86 58 43 37 68 63 48 91 94 30 26 75 21 75 18 53 25 28 28 6 19 54 20 84 93 76 82 65 54 30 56 77 44 8 27 58 22 63 25 64 54 52 41 40 7 33 80 49 66 17 72 46 42 44 82 11 41 93 99 26 85 5 7 91 27 37 49 99 74 4 74 34 95 32 54 15 29 33 67 80 71 89 91 2 21 21 20 50 99 44 97 13 79 35 68 89 53 45 38 40 12 52 91 0 4 36 79 80 33 22 92 98 53 44 9 45 62 11 90 89 91 48 40 17 17 39 27 84 20 97 55 48 46 53 28 7 74 38 1 74 66 34 23 58 95 78 
93 44 57 84 35 61 85 89 64 59 69 89 28 43 40 23 66 51 58 6 84 70 15 0 40 57 93 80 79 93 98 23 9 18 28 62 84 66 30 19 76 10 74 73 34 64 63 21 7 70 16 87 16 14 45 28 88 87 16 88 2 38 37 7 95 84 97 80 21 51 49 54 17 3 25 27 31 23 91 86 84 77 18 23 68 38 31 52 37 69 62 70 82 42 0 26 24 77 43 90 14 0 79 11 67 62 48 35 85 37 0 77 71 7 94 92 68 79 78 70 18 42 20 51 0 24 51 40 8 26 7 28 19 7 3 68 74 98 62 33 53 62 76 56 14 81 31 21 64 85 76 81 64 28 4 5 24 77 71 10 90 15 24 42 76 2 77 74 22 16 47 70 47 29 21 82 27 14 14 82 91 7 57 13 79 43 28 25 70 68 47 58 24 55 26 32 48 61 41 41 66 75 80 44 58 75 46 79 63 11 85 99 39 41 95 61 3 28 32 83 45 74 79 77 60 43 5 46 48 97 44 14 31 28 64 36 72 79 8 3 73 68 55 44 46 20 12 87 76 47 46 36 42 43 80 56 55 6 82 48 80 65 13 35 77 18 96 11 23 94 6 78 19 0 21 74 9 20 43 50 13 51 4 86 37 30 73 17 1 89 72 82 96 94 52 82 36 10 70 11 32 80 52 24 59 19 81 55 7 57 65 43 95 21 94 23 98 32 90 82 94 31 20 77 72 20 46 93 8 28 8 34 43 4 38 29 90 94 26 44 10 86 32 88 42 92 2 45 41 88 48 2 33 61 60 11 99 54 22 46 28 51 58 54 47 38 33 13 80 13 40 6 68 39 78 10 42 89 74 6 6 75 2 64 52 67 62 41 26 13 88 12 73 19 98 33 94 99 16 92 
65 91 72 59 58 53 19 97 87 63 54 73 80 44 88 18 57 56 54 12 21 20 92 63 52 61 2 10 18 11 11 87 84 69 97 5 72 72 74 37 36 55 8 94 44 56 87 83 89 64 22 78 68 8 67 35 75 29 1 77 40 33 55 44 83 74 83 54 90 83 79 19 91 29 70 0 94 43 58 39 92 17 20 13 7 85 84 31 94 67 92 6 0 6 63 80 72 95 31 8 44 78 82 93 82 72 31 41 14 80 69 2 13 60 92 40 34 94 64 21 63 5 66 16 58 38 60 8 0 76 64 77 21 59 40 77 50 32 80 44 8 80 4 52 6 36 12 62 24 23 2 41 0 6 71 81 61 48 84 43 55 48 6 59 26 64 88 89 35 79 32 53 31 66 56 1 89 6 14 65 78 1 74 53 34 16 23 21 42 60 49 28 56 8 38 29 19 9 74 79 44 38 31 32 28 67 28 61 19 93 97 20 48 96 0 58 61 7 95 2 90 43 50 77 65 67 70 15 12 15 90 26 63 96 13 21 27 18 37 76 56 39 50 75 74 83 77 20 9 77 58 41 7 1 92 97 8 2 9 25 37 14 9 14 70 27 15 81 12 64 9 23 31 80 60 98 79 79 16 3 50 11 41 6 53 17 58 31 18 76 20 83 77 41 43 18 22 95 28 50 19 89 18 8 78 10 7 37 9 7 38 36 87 56 2 13 42 76 8 89 95 42 33 97 74 72 86 88 39 25 12 85 67 84 48 40 31 10 35 92 62 64 73 13 93 77 63 91 72 9 51 42 11 79 71 23 82 60 44 99 48 97 48 95 70 49 57 60 63 54 81 75 23 58 67 96 48 69 72 54 96 17 33 30 73 24 50 97 14 29 32 27 47 14 51 30 18 89 23 70 
50 74 76 82 28 64 8 75 32 46 39 32 18 11 21 25 58 69 19 8 1 47 11 48 98 73 93 96 96 84 62 44 72 26 13 58 36 70 62 76 29 16 34 67 62 40 20 63 47 97 17 58 93 17 19 70 6 89 43 43 3 89 68 17 76 85 14 29 57 70 75 89 26 76 25 21 8 64 48 49 58 17 13 64 28 55 10 34 7 75 32 41 97 33 19 24 16 91 97 72 21 61 2 4 13 82 70 37 19 46 36 81 75 92 69 95 27 82 44 42 45 30 84 41 16 16 67 35 78 69 38 12 45 90 12 76 48 77 27 70 81 59 92 96 24 79 47 65 70 58 28 35 63 11 20 38 21 13 38 81 55 71 43 23 33 35 84 93 64 66 47 30 28 14 69 59 95 57 99 40 53 54 46 82 10 66 87 18 28 76 46 62 6 4 14 27 41 52 74 7 24 40 7 40 21 68 98 68 21 63 39 2 24 10 94 85 71 34 93 76 69 62 42 10 65 33 11 31 44 38 87 2 66 52 14 68 99 80 87 88 98 25 77 45 86 80 17 14 31 76 79 92 64 35 59 21 98 49 92 86 39 65 33 98 28 73 36 38 64 51 25 16 30 26 84 84 28 86 30 67 17 47 39 26 20 34 3 91 43 65 43 98 42 76 6 43 87 72 70 18 30 57 11 47 57 43 93 43 94 24 33 78 20 56 3 58 31 4 1 48 38 16 43 18 21 55 42 21 87 37 6 60 66 81 53 40 50 39 63 34 44 3 67 78 39 6 27 12 43 64 46 88 27 99 1 14 32 64 24 44 76 79 98 64 96 79 8 25 58 7 18 49 62 34 18 30 39 86 94 65 20 43 20 68 60 66 52 2 51 32 8 61 74 71 26 14 28 49 75 25 
30 26 75 96 47 71 89 32 24 47 12 7 16 41 10 46 16 92 60 14 37 70 34 50 0 72 65 43 26 28 66 0 79 69 76 63 57 39 85 79 34 62 57 43 38 33 16 15 50 10 17 66 39 24 83 88 47 35 19 29 37 63 1 38 64 27 63 58 98 76 96 31 45 27 30 66 9 99 19 64 51 43 12 86 93 14 50 88 43 67 52 6 98 4 85 63 40 57 72 1 31 54 89 48 68 29 58 42 42 33 38 47 79 40 92 23 19 69 39 88 16 37 93 48 97 79 61 95 2 99 30 96 3 25 41 54 53 81 33 93 1 60 45 54 94 4 69 35 25 29 3 34 70 33 93 53 74 89 86 90 47 88 61 64 84 43 6 9 86 18 8 89 6 55 17 36 63 0 12 67 70 65 33 65 72 2 72 63 93 74 31 32 75 81 85 71 24 39 55 69 88 33 62 48 60 27 13 44 19 79 56 80 35 66 37 52 32 84 70 72 65 81 72 73 58 93 83 66 0 51 97 23 50 73 35 1 21 95 1 0 71 18 62 12 89 87 0 37 24 73 96 19 27 35 37 66 31 29 62 86 4 92 90 89 2 83 0 99 67 85 61 51 25 53 84 25 81 93 16 87 61 22 18 95 32 31 27 57 76 20 26 9 48 77 1 92 6 27 52 8 27 97 54 13 89 7 8 53 54 60 96 6 95 74 94 74 21 6 25 96 3 51 40 69 0 2 78 81 99 24 19 7 53 73 15 2 49 61 13 90 67 63 21 30 9 63 82 43 53 3 55 97 93 34 31 77 79 1 46 42 85 55 53 92 48 58 93 30 87 90 4 3 99 26 57 27 60 81 69 74 11 75 22 42 2 68 51 61 90 12 72 93 36 23 71 7 2 42 47 77 
57 23 52 79 47 42 79 29 41 41 0 51 58 81 9 5 49 81 84 32 25 19 72 81 63 89 84 48 25 21 49 55 49 48 17 88 67 47 7 68 46 51 81 10 15 87 40 68 28 55 7 52 32 43 71 89 48 68 97 91 78 99 47 8 55 8 60 81 95 48 6 9 7 74 51 36 22 30 56 74 65 95 59 28 7 11 39 31 5 73 40 61 81 82 70 45 9 39 32 90 90 98 83 82 26 94 71 95 39 60 72 62 61 68 41 84 69 65 59 86 23 99 11 64 65 25 89 40 73 66 49 31 98 84 95 16 41 93 35 0 9 33 84 42 48 92 80 28 56 78 56 34 22 71 34 25 24 86 88 34 21 41 51 68 49 71 40 72 94 37 62 20 66 9 96 89 65 79 32 16 94 68 36 83 97 69 24 81 28 62 28 36 55 3 43 18 60 99 28 44 27 50 68 97 96 22 61 39 54 66 49 85 92 63 82 77 78 96 93 22 10 60 84 48 20 49 24 39 39 11 15 58 88 17 30 28 68 19 6 0 57 45 44 21 49 59 87 60 27 49 49 50 50 61 40 76 59 34 86 76 5 95 67 4 95 77 51 58 10 14 40 40 23 67 24 29 15 30 58 4 49 11 29 83 48 84 25 23 90 39 54 93 40 77 62 8 3 63 31 82 65 31 13 96 68 73 25 58 60 91 79 49 16 27 27 91 27 58 46 56 63 32 7 63 38 90 92 25 99 27 99 71 31 40 24 70 12 94 44 10 10 96 10 4 68 28 38 88 61 18 91 13 35 72 58 12 84 45 55 43 12 48 42 55 58 6 78 27 11 87 40 35 38 38 60 35 84 39 79 44 44 73 21 25 62 79 13 14 14 20 65 49 70 31 12 5 19 16 97 4 
24 95 97 63 43 88 80 15 78 76 64 38 57 75 47 92 72 59 38 91 84 39 13 65 73 67 85 77 2 83 12 63 16 91 0 44 8 54 66 81 36 10 72 34 0 79 21 78 65 45 64 49 69 67 68 6 24 73 38 43 19 74 63 2 19 67 24 36 0 54 27 31 43 2 72 44 92 49 75 47 72 28 80 43 34 40 8 60 97 93 70 23 33 87 75 51 1 10 5 57 44 78 82 35 91 7 63 64 75 59 86 27 98 17 5 41 96 1 28 7 30 22 78 21 94 98 43 40 34 92 12 98 49 58 27 23 7 2 37 70 7 86 41 82 51 87 51 94 52 2 61 32 72 16 53 21 4 24 11 27 61 14 36 35 40 99 39 29 88 86 18 90 69 17 73 4 7 96 27 40 61 5 25 13 2 24 47 91 20 21 35 42 59 68 33 28 72 80 5 84 35 20 23 32 93 14 92 86 46 64 35 26 66 39 11 31 74 82 8 79 50 52 16 76 44 66 87 85 7 23 89 48 82 52 95 21 99 41 88 54 83 69 74 52 58 15 23 35 42 49 45 54 25 90 30 53 68 10 43 94 71 85 35 85 69 21 75 95 90 43 61 97 8 72 69 67 54 43 78 31 64 46 61 26 59 78 99 29 51 99 8 31 70 4 64 55 74 91 29 43 27 68 21 8 7 35 6 33 90 47 35 32 66 81 20 28 22 37 93 96 16 83 51 80 65 20 11 50 76 83 87 70 23 71 94 5 73 70 36 95 50 88 66 47 13 52 19 5 67 95 23 74 93 39 31 82 3 49 85 30 22 41 41 30 39 17 48 78 69 17 67 49 78 70 56 51 40 18 41 83 38 15 45 15 76 2 8 19 54 13 41 87 65 36 5 25 30 41 93 46 
93 3 4 72 33 36 32 51 49 57 6 8 26 41 96 75 2 92 66 28 68 11 15 9 93 25 65 38 67 24 55 28 47 48 82 90 28 3 34 53 14 78 23 71 17 86 23 2 38 63 54 26 55 81 51 52 65 60 92 4 5 49 38 42 36 29 93 44 32 62 79 28 44 72 63 48 9 74 83 17 26 16 47 11 40 32 6 5 11 80 91 5 89 9 52 71 68 82 62 59 94 46 30 48 55 60 30 26 55 68 10 34 40 50 13 1 70 51 83 86 25 49 93 40 19 40 59 99 55 62 4 42 93 26 95 49 27 53 17 47 31 37 90 35 30 83 53 90 44 98 26 16 44 24 22 89 43 45 94 38 45 86 31 44 84 83 58 99 79 16 46 66 97 92 79 2 42 59 57 60 49 7 28 12 72 85 35 48 65 41 6 36 85 93 20 7 82 5 52 98 69 76 72 19 32 86 47 13 28 15 48 6 90 16 92 93 49 99 78 61 40 15 21 73 0 80 70 82 84 51 16 14 87 46 72 26 37 43 12 14 46 7 75 72 28 9 30 38 19 95 30 24 13 64 77 61 78 66 77 5 10 90 71 79 30 66 88 23 65 62 66 51 18 86 80 50 72 7 3 65 61 24 96 77 48 23 90 8 47 32 2 60 0 65 47 57 62 99 55 26 54 84 47 31 10 57 38 16 89 73 46 21 60 27 42 48 25 37 55 27 3 78 27 79 9 93 22 44 18 66 37 36 96 88 73 66 16 19 14 62 97 45 43 50 68 4 95 78 48 57 8 56 13 63 71 14 19 61 16 5 4 42 95 67 73 31 3 95 73 25 3 28 2 64 86 99 9 10 47 21 72 40 69 73 79 4 39 93 60 70 96 30 58 32 48 84 15 40 46 92 
84 55 61 2 26 48 80 78 75 25 15 50 7 86 99 80 7 8 37 32 49 24 70 85 61 27 77 68 75 84 17 64 91 76 8 56 82 93 8 98 61 54 42 22 79 34 37 87 6 72 96 59 90 2 94 24 93 76 92 45 26 74 12 15 4 48 21 10 1 27 99 99 68 93 72 35 5 97 35 60 55 51 8 18 42 88 68 9 1 19 31 29 21 59 71 82 4 57 43 1 33 24 56 58 97 25 6 47 52 30 22 73 4 58 66 38 15 44 73 95 11 87 93 78 11 99 15 67 75 40 74 79 48 99 31 13 53 95 7 89 10 94 73 24 3 28 81 93 39 3 29 37 9 68 7 2 90 89 71 39 37 32 79 45 4 6 52 1 11 35 99 12 17 57 40 19 9 90 1 77 63 8 70 93 24 7 28 60 76 38 84 66 77 86 17 16 42 73 28 30 82 36 71 50 3 62 19 89 78 60 31 60 27 73 78 82 16 76 72 92 75 89 36 81 25 17 40 54 29 2 42 37 49 78 2 82 45 25 55 66 6 13 70 36 51 54 40 24 21 31 52 86 8 99 61 14 75 95 97 77 12 2 90 88 61 2 68 40 82 39 99 82 89 14 82 7 78 80 29 71 6 58 75 46 86 59 35 63 28 44 31 80 26 92 81 53 6 36 41 4 97 32 84 33 62 86 24 95 5 22 56 39 13 64 41 96 75 38 76 26 84 85 46 75 96 93 2 98 76 67 18 34 97 11 85 83 30 10 47 71 81 94 45 80 80 15 14 36 21 80 18 97 50 94 7 53 31 72 81 25 30 4 62 74 44 21 90 92 65 22 31 51 7 9 68 42 88 99 19 86 97 32 72 71 68 34 77 96 24 67 63 29 66 50 94 52 48 81 99 57 
11 49 85 71 74 98 74 73 53 98 75 78 23 18 91 7 48 98 8 59 26 90 99 41 82 94 28 8 9 20 89 0 16 11 75 15 89 22 86 86 90 45 95 32 11 4 10 99 7 97 52 50 71 30 57 59 83 56 79 35 81 38 15 14 27 17 4 47 47 60 76 27 25 39 21 76 21 23 5 70 61 4 22 61 81 11 77 78 41 71 84 3 3 42 45 92 65 35 93 15 61 22 93 74 44 61 23 27 36 26 1 12 34 47 89 96 62 36 84 90 31 71 13 37 98 48 92 20 54 52 32 83 35 64 32 69 12 22 69 47 25 95 97 45 13 45 90 12 11 14 9 23 3 78 25 74 47 13 43 24 18 17 36 63 89 83 97 90 25 88 49 82 76 58 5 25 95 6 83 43 7 60 29 69 35 1 80 0 46 1 66 22 53 69 13 52 31 47 73 43 83 15 85 26 65 48 17 72 77 99 30 42 52 63 35 84 80 79 63 17 15 48 10 68 91 37 36 24 52 99 87 70 57 84 61 57 84 41 34 74 56 48 83 46 32 55 27 61 94 1 53 11 57 32 98 81 67 73 72 72 69 92 43 78 52 67 87 34 16 16 3 48 7 68 53 69 89 7 81 86 69 54 58 48 66 40 98 12 86 88 81 41 15 81 30 70 48 91 1 28 62 29 48 76 33 64 84 81 12 27 58 48 64 8 50 11 16 62 59 11 56 82 20 17 7 67 75 84 21 45 38 1 43 46 6 43 77 32 12 60 20 73 57 68 81 31 58 64 72 66 4 61 89 81 72 42 56 53 50 91 91 36 27 24 64 1 92 98 20 59 1 72 8 66 58 64 18 76 9 87 18 93 5 10 64 98 49 39 85 56 43 91 74 65 23 17 88 6 30 87 
10 21 44 95 31 9 54 54 80 23 24 12 57 91 42 70 35 76 92 75 73 60 51 52 93 91 78 52 94 78 93 24 35 55 65 27 62 75 12 88 6 43 18 47 47 47 44 89 20 9 36 40 53 28 49 74 41 95 40 81 13 44 28 87 47 85 42 11 26 47 80 84 42 61 35 56 30 58 46 43 76 17 45 1 45 61 22 90 46 85 14 40 2 69 95 22 73 94 89 7 32 11 19 21 34 96 79 47 35 59 33 13 99 13 7 10 21 66 37 30 40 20 39 45 97 93 67 4 42 55 77 23 83 31 96 14 68 89 51 44 14 95 63 37 49 33 79 99 4 64 34 91 58 57 44 65 94 63 27 9 50 99 39 83 30 12 95 77 58 40 46 91 98 50 10 60 61 0 40 52 8 74 1 1 6 71 20 46 68 36 35 12 1 79 70 95 76 30 9 53 64 72 53 9 81 15 58 55 36 98 67 65 95 29 7 57 22 99 55 53 21 3 32 19 99 74 94 15 46 68 8 54 80 29 22 36 69 55 1 28 50 69 95 18 86 1 91 17 19 0 65 35 3 37 0 37 15 21 27 79 52 19 79 24 64 53 67 62 91 45 13 85 43 74 56 43 17 1 45 75 45 55 91 82 87 46 69 71 31 12 18 44 90 82 11 3 54 69 96 89 95 29 78 96 27 40 46 49 11 81 2 22 16 72 40 12 65 13 15 55 57 30 38 8 79 98 46 67 80 64 75 35 17 97 26 99 86 41 18 30 14 71 73 81 51 82 76 79 12 98 53 62 46 84 91 60 88 79 35 20 51 79 2 70 76 75 31 29 3 81 87 95 88 0 46 42 43 5 27 29 30 30 15 92 50 5 42 65 10 80 38 39 6 49 37 44 50 99 12 53 
67 89 1 37 18 15 57 60 85 55 50 53 33 17 9 45 24 14 14 5 51 29 96 90 59 64 62 88 29 78 34 5 70 81 29 62 40 93 87 23 70 65 29 23 94 38 88 22 97 58 27 82 43 96 96 46 88 72 63 18 62 64 4 84 40 64 42 60 10 93 23 50 1 66 6 30 69 78 15 21 98 74 30 38 36 22 98 76 14 79 47 30 49 44 10 54 72 39 32 38 3 77 70 59 13 72 91 44 2 1 34 40 25 90 66 75 32 26 79 46 89 46 19 72 45 18 49 47 4 93 24 79 16 49 75 70 77 91 83 88 88 6 98 41 46 89 71 68 21 29 22 26 5 27 42 36 56 92 31 91 38 75 5 57 34 87 94 29 70 88 15 62 81 69 74 86 3 48 14 45 77 66 95 47 90 66 80 2 40 75 46 14 47 20 51 55 54 8 31 21 36 87 73 87 79 39 70 38 71 98 53 50 28 7 71 40 3 31 85 62 78 90 90 45 75 25 6 41 3 7 35 26 59 67 16 29 75 40 43 88 25 96 11 75 60 64 37 71 49 44 42 24 70 63 10 6 69 6 39 67 20 81 65 24 55 64 85 37 45 3 24 62 82 57 37 60 72 58 25 35 28 92 30 80 0 94 26 26 47 74 81 29 68 5 26 96 47 8 26 11 48 33 93 87 94 50 45 97 19 17 80 92 48 45 85 3 75 92 38 62 91 94 25 43 60 93 32 16 24 81 42 32 70 5 38 83 12 38 6 90 42 8 88 6 17 68 12 47 20 73 27 36 94 57 90 5 64 33 45 98 82 27 97 94 77 76 28 42 66 74 89 27 69 40 84 1 82 48 38 86 48 92 48 70 80 12 92 64 36 86 69 48 85 11 84 47 26 37 6 16 
78 34 56 80 16 60 9 37 92 61 19 2 20 14 1 18 13 94 7 10 16 24 54 44 33 24 26 81 57 21 33 61 81 17 65 34 46 61 89 70 31 13 44 1 59 74 35 34 56 36 8 56 31 22 30 24 29 47 71 10 97 72 8 29 75 48 68 23 16 71 55 92 55 62 56 33 68 53 73 37 79 21 94 95 94 65 68 62 83 84 64 56 64 1 11 73 64 42 79 64 67 29 55 91 24 56 99 0 2 66 83 42 20 95 25 33 74 76 53 29 33 98 76 97 56 1 34 75 20 72 72 58 57 11 10 56 30 4 42 49 42 10 13 3 52 23 26 64 20 88 16 97 96 74 43 56 94 31 14 84 18 65 87 19 98 7 91 37 72 38 16 44 84 81 56 35 23 31 80 58 43 40 61 34 19 55 57 37 54 64 30 17 7 10 18 13 60 38 42 24 51 45 81 69 44 22 15 50 44 35 31 5 34 45 9 76 24 10 11 96 60 43 10 88 35 19 59 83 93 75 56 99 39 37 89 16 94 46 3 64 69 6 88 8 72 91 90 91 65 95 56 5 27 53 59 43 54 23 34 93 71 55 0 80 8 19 25 33 89 76 83 89 16 77 18 54 22 5 46 11 67 93 37 48 88 86 56 60 19 83 21 86 52 97 90 49 69 51 64 80 6 73 23 37 42 32 85 45 4 56 29 68 94 40 97 93 96 9 61 17 24 46 34 24 80 87 19 56 4 85 79 65 41 40 7 85 75 50 45 0 58 19 6 62 42 37 36 60 57 27 83 25 63 88 76 14 57 53 22 80 27 28 37 48 78 90 96 75 78 67 55 83 39 43 17 54 47 36 86 13 63 55 0 60 33 71 16 80 66 68 15 33 59 44 30 37 85 70 61 48 
85 8 26 78 29 87 50 74 48 12 40 37 28 14 79 94 2 85 80 30 78 76 91 95 24 26 50 21 17 41 54 81 30 89 35 17 22 80 6 83 50 38 17 26 82 99 21 3 10 38 95 20 86 92 89 10 45 86 14 38 84 35 36 44 86 85 85 44 39 62 60 42 1 2 65 29 79 47 12 59 96 35 74 55 66 9 25 54 88 27 69 9 48 91 46 11 97 93 8 92 84 76 68 9 13 22 29 7 57 33 15 98 38 36 99 53 50 94 91 3 83 46 19 7 22 22 4 52 75 0 64 35 80 42 31 10 2 5 44 39 72 74 71 60 82 24 45 83 21 52 96 97 99 94 69 15 41 15 71 37 67 55 42 2 5 89 60 68 91 81 46 16 38 62 62 13 13 72 12 34 16 31 23 76 76 48 82 68 63 67 22 69 95 58 25 70 21 49 43 38 2 71 28 84 17 96 54 25 50 47 65 68 28 18 32 80 22 39 82 16 58 77 9 47 9 36 57 29 81 98 17 78 61 22 45 98 63 13 55 64 51 2 63 39 63 41 0 46 12 60 21 26 24 22 65 73 38 41 43 53 85 82 92 39 65 3 81 33 78 60 84 63 74 52 90 9 53 38 42 76 31 91 16 78 71 54 61 46 73 47 86 32 93 60 63 77 13 5 81 11 19 58 5 52 16 66 31 60 48 14 91 75 96 39 43 35 35 60 53 30 48 19 46 40 44 26 59 40 75 81 19 71 97 66 62 65 9 72 61 54 82 24 85 12 93 96 4 79 70 41 5 89 29 16 48 60 3 52 66 16 57 38 30 1 42 21 40 96 89 21 16 37 81 21 78 50 46 88 33 37 14 0 62 51 54 80 43 32 19 16 39 53 0 41 43 1 36 31 74 75 
96 21 65 4 51 40 1 24 17 52 21 22 97 50 43 80 29 51 11 39 93 67 82 99 84 46 16 59 84 79 4 29 69 6 98 63 20 51 63 32 36 27 60 56 61 10 49 1 99 90 60 51 48 67 12 71 89 32 68 8 74 53 54 17 90 97 74 42 6 34 51 5 68 3 31 16 7 9 54 8 7 49 59 83 27 16 84 47 35 4 47 30 50 19 57 33 37 77 74 45 44 42 29 38 17 96 13 26 54 79 84 58 75 35 7 67 21 86 7 72 9 21 94 90 40 14 92 68 62 48 12 0 53 3 42 61 91 79 79 27 8 63 39 44 17 84 29 19 15 24 59 59 69 4 80 72 59 85 12 78 55 74 91 75 42 52 77 1 30 16 95 41 27 9 61 20 26 86 12 68 9 86 70 18 77 60 70 37 76 81 88 87 7 72 15 94 7 62 34 50 81 26 59 37 24 74 76 44 94 86 4 60 91 33 12 91 93 22 90 31 79 65 96 15 41 54 81 94 60 16 57 0 94 22 27 4 31 54 52 66 49 59 49 24 69 69 99 52 23 14 62 48 12 3 60 82 58 19 76 93 36 71 35 12 19 39 17 77 64 20 67 44 22 99 20 69 34 37 61 11 2 15 1 99 67 36 17 76 58 23 89 92 88 59 3 4 45 38 11 39 62 17 47 61 82 58 80 89 36 22 6 71 69 65 20 43 91 79 46 14 9 52 66 44 25 15 38 69 31 66 49 92 51 97 59 0 70 81 93 57 73 79 16 40 33 25 22 54 21 20 40 46 86 40 81 47 37 51 98 59 39 32 1 19 5 19 52 15 92 36 48 66 33 77 53 17 10 83 43 55 78 57 65 57 31 51 6 15 40 21 17 63 99 68 65 83 57 15 17 85 
24 46 60 87 22 19 60 44 48 47 44 54 31 59 39 60 58 74 3 46 32 50 11 31 80 29 68 98 23 94 90 94 84 28 77 43 67 86 22 20 66 83 80 71 79 5 86 37 48 84 2 54 67 5 66 17 18 59 63 95 74 36 56 86 86 85 40 4 79 98 1 13 53 86 39 78 33 77 76 34 21 51 54 34 83 91 56 35 21 96 65 18 0 64 37 9 20 18 80 57 91 50 40 56 2 34 97 59 60 3 27 30 64 64 44 30 6 95 61 71 33 33 86 27 43 7 39 75 8 78 97 70 55 11 92 15 7 67 99 50 45 80 31 36 39 41 47 2 48 67 3 4 33 57 62 67 0 32 14 93 10 10 15 95 11 88 55 19 0 51 12 3 96 52 26 62 72 22 3 90 75 39 24 49 6 6 62 60 87 20 53 73 92 50 87 32 82 66 72 68 51 35 1 50 73 62 62 83 28 39 13 22 6 80 35 52 72 48 81 15 39 87 28 56 17 89 92 29 82 68 95 23 30 34 56 40 51 67 66 75 75 74 35 2 76 2 33 92 51 4 39 56 14 56 91 51 56 12 75 50 41 91 61 10 79 13 99 3 0 94 47 10 85 46 31 86 46 88 53 45 39 58 89 56 50 27 3 64 82 58 38 43 76 7 9 58 40 67 78 52 2 80 20 28 97 85 81 14 92 63 79 55 63 9 10 33 80 42 71 65 3 92 48 4 27 27 63 60 30 10 3 52 30 69 81 33 56 87 0 38 46 94 39 98 24 90 42 25 16 10 79 60 99 69 30 77 81 71 24 7 96 50 12 77 76 76 70 97 10 2 28 95 91 86 6 14 22 16 22 18 26 22 24 87 17 34 74 23 20 0 3 54 96 84 5 25 52 25 40 20 
43 3 1 67 64 55 95 44 29 32 77 14 34 4 13 45 78 91 27 16 70 82 88 27 16 0 40 67 53 17 54 6 39 57 16 91 58 20 71 26 89 37 35 96 11 92 98 70 3 31 69 18 84 88 16 13 85 77 43 30 32 24 20 56 58 17 64 48 79 9 4 97 77 88 81 96 86 95 43 61 13 74 5 67 98 71 30 32 99 84 29 88 25 89 91 68 23 98 65 4 91 92 16 62 43 69 62 61 7 64 25 20 75 61 70 53 0 51 90 4 58 48 11 64 92 69 98 7 31 34 36 73 80 78 35 23 5 15 22 57 74 89 95 42 84 24 92 14 1 59 28 81 61 86 28 94 73 24 18 38 50 21 84 18 12 18 67 14 48 23 65 63 38 99 86 91 39 18 28 72 30 63 29 47 86 5 48 34 67 53 69 91 80 44 81 51 45 1 2 37 32 80 56 39 9 36 41 31 13 24 96 62 4 44 48 86 71 38 35 52 24 68 17 60 93 79 59 31 53 94 68 90 48 31 22 97 45 44 48 91 78 46 11 72 57 86 90 46 97 41 46 68 46 50 41 8 32 89 79 36 32 35 7 3 30 7 52 98 27 75 71 61 46 11 78 66 77 80 1 7 44 93 0 14 22 23 62 95 42 99 64 93 64 68 41 10 8 37 29 48 19 92 23 70 97 71 3 96 74 27 75 86 63 31 14 75 96 50 79 76 71 56 63 74 52 82 1 6 19 0 65 4 9 59 59 42 78 3 81 62 42 67 84 25 12 82 59 49 95 4 36 81 71 65 55 3 15 37 64 19 71 37 64 42 0 53 79 70 11 39 73 76 30 47 43 69 13 31 7 17 5 96 90 97 62 86 12 20 30 0 17 9 71 12 63 83 53 90 28 40 
18 70 65 2 38 23 44 31 27 21 90 8 56 11 75 80 35 74 70 14 89 80 28 4 1 12 89 97 13 25 97 78 24 9 40 88 54 56 59 17 18 53 1 36 41 76 38 86 84 69 58 51 8 60 5 28 7 82 34 6 10 23 18 34 92 63 7 27 54 82 40 5 21 15 95 27 32 24 0 35 7 40 99 20 54 29 41 73 42 57 83 76 96 19 40 98 88 93 4 29 61 12 16 66 6 54 20 59 24 99 31 80 69 11 45 90 80 19 67 95 30 30 15 61 9 94 86 21 46 19 98 55 93 63 91 39 11 74 56 90 67 80 78 3 9 29 13 75 27 65 64 51 59 84 74 60 75 63 92 87 71 84 17 78 48 26 83 66 49 41 40 63 27 56 65 25 33 67 42 45 89 79 86 59 60 28 61 88 35 55 39 79 39 89 50 56 78 66 22 14 64 4 40 34 57 90 29 94 15 57 68 78 42 82 71 8 62 58 6 79 89 2 17 47 26 93 48 31 93 90 15 55 8 42 50 75 33 87 17 27 5 14 92 8 24 66 63 51 70 29 40 12 53 11 33 6 48 76 55 54 16 11 15 89 64 21 28 41 47 22 89 34 49 18 5 77 85 30 20 38 49 22 44 15 31 30 64 36 88 80 48 64 94 81 17 52 90 97 25 70 78 16 82 33 99 38 27 19 99 83 80 87 78 40 72 36 78 49 8 49 67 99 57 15 92 63 65 76 76 55 54 81 96 93 11 99 81 98 43 41 24 5 23 13 32 8 99 99 39 93 32 58 41 21 17 42 98 26 43 93 19 99 89 11 51 52 36 11 49 81 96 71 4 87 7 31 58 45 30 16 42 37 20 37 6 59 49 97 48 9 52 36 51 92 1 74 84 33 30 47 
69 60 90 17 73 21 2 23 5 60 31 12 71 87 33 99 90 81 75 44 1 65 99 99 71 22 19 39 54 18 76 14 3 98 61 39 50 80 91 68 61 84 64 93 62 63 78 84 92 78 74 67 3 49 72 79 21 67 1 86 39 60 66 88 52 84 2 73 70 8 67 10 82 42 21 84 2 22 36 33 50 66 23 30 84 94 4 5 71 93 70 16 5 22 76 41 55 30 36 79 94 88 69 93 28 46 49 90 69 64 69 52 70 55 24 13 29 36 6 35 2 60 38 71 6 38 55 13 86 71 16 25 98 13 45 29 58 67 28 97 89 60 19 47 93 6 11 80 10 54 98 63 94 85 50 17 44 20 98 8 23 99 53 0 14 82 55 58 10 66 34 43 79 59 70 88 30 10 12 8 50 68 81 79 30 7 9 96 11 17 82 98 11 99 23 6 57 0 8 20 14 62 99 14 38 80 84 13 35 77 78 23 27 71 34 9 32 23 83 70 21 89 22 51 70 79 58 60 0 83 19 91 10 32 24 44 56 52 35 57 54 11 61 2 3 99 13 76 54 57 33 45 68 31 50 3 84 2 27 99 0 18 85 75 76 76 65 84 7 10 10 20 12 73 5 38 63 23 19 31 25 52 46 83 74 84 6 55 44 25 17 1 99 97 44 45 87 16 40 65 85 63 38 1 33 47 83 69 43 28 31 32 73 45 74 23 5 59 11 5 76 28 16 36 93 93 82 35 58 3 99 69 4 95 30 70 77 40 94 53 67 70 5 98 66 95 61 53 54 13 96 18 10 46 41 14 0 14 63 83 74 7 85 95 96 61 70 22 44 17 2 61 42 76 45 13 72 87 48 45 64 37 1 27 11 7 66 1 54 75 94 55 23 57 35 87 83 62 90 21 
33 69 63 80 33 18 64 61 30 61 70 87 33 0 51 27 15 96 30 40 13 37 26 53 61 40 80 73 39 1 35 63 81 41 30 16 89 41 21 94 49 16 56 15 75 45 41 45 61 89 30 27 51 96 94 75 15 33 48 65 22 91 92 45 96 72 83 84 12 29 53 25 41 8 97 13 95 54 83 79 59 17 96 38 64 23 35 55 51 71 27 23 46 51 94 57 54 55 28 20 22 9 39 4 54 82 13 17 49 16 98 20 51 37 15 97 2 98 7 88 99 11 2 88 44 10 84 60 3 10 3 40 29 14 39 8 7 78 84 7 13 97 53 27 86 96 72 80 32 10 73 70 32 37 48 82 99 99 50 46 58 44 3 44 95 16 25 85 22 87 19 20 83 1 92 26 84 67 10 11 41 83 78 65 86 88 42 82 53 64 28 40 72 26 57 12 69 29 14 48 21 30 21 98 38 71 71 72 65 9 69 26 38 20 9 96 40 92 46 9 64 82 95 64 2 11 83 76 83 44 97 3 1 47 22 75 83 96 91 89 52 75 85 17 51 62 30 30 72 6 94 65 77 79 74 40 5 48 31 13 25 87 46 28 58 4 83 61 74 68 99 65 6 77 87 84 28 92 90 52 64 42 42 40 56 19 1 22 80 40 45 53 39 63 14 66 92 28 23 18 83 54 84 52 60 46 98 84 68 67 7 23 69 99 40 0 21 37 21 64 22 52 28 37 80 79 92 20 74 29 26 88 6 94 80 39 12 75 38 47 92 83 51 99 7 6 70 99 7 14 92 17 2 36 48 94 34 56 56 0 45 48 5 33 90 38 38 8 30 43 88 58 9 11 66 36 6 79 7 68 76 66 17 1 57 67 97 30 31 49 22 77 13 44 95 60 5 39 11 44 
92 23 87 86 77 63 11 55 25 57 20 58 2 20 41 95 63 81 68 71 23 91 87 87 26 6 32 56 69 64 5 64 4 46 75 9 8 24 18 42 30 72 40 67 82 8 26 53 96 3 76 87 88 21 58 66 0 41 45 31 22 46 99 82 47 97 49 61 4 54 67 50 87 13 27 74 36 39 7 22 71 81 65 4 81 20 88 18 19 86 88 72 94 32 21 47 37 88 68 53 83 20 19 64 1 28 2 43 31 61 65 46 74 54 11 89 17 40 72 75 74 96 16 83 64 72 8 4 26 54 20 81 19 63 73 34 47 16 79 86 93 93 27 41 23 19 83 29 93 44 86 5 90 88 6 84 63 90 7 0 2 84 54 20 70 63 45 10 67 74 5 63 96 68 97 84 75 64 77 62 97 33 50 40 63 34 68 75 80 55 46 10 24 97 81 68 80 11 27 39 43 17 13 50 37 85 59 85 26 32 15 3 1 14 29 44 89 97 69 41 19 39 97 80 21 66 5 96 83 67 56 69 57 22 9 39 0 57 6 53 4 59 19 20 60 40 98 13 40 30 41 16 8 89 9 85 57 18 94 32 30 36 16 79 63 89 16 71 20 68 9 96 76 38 4 61 56 66 46 12 83 12 9 13 58 94 78 65 0 46 45 80 60 62 29 15 49 5 26 36 19 9 88 59 11 85 42 90 19 89 3 99 63 76 60 33 35 81 42 28 90 57 77 64 62 28 69 20 77 18 24 39 39 12 36 76 49 39 42 23 66 48 15 36 88 49 42 18 57 87 19 46 31 24 11 21 16 27 19 6 74 65 21 69 41 51 92 89 98 1 99 21 69 57 38 81 42 80 0 1 97 88 4 23 2 71 25 5 18 58 40 45 39 42 57 60 9 3 76 68 
6 23 74 94 51 65 2 28 5 77 69 59 79 67 6 31 84 81 93 85 19 62 70 82 41 0 37 34 43 59 85 83 53 51 21 71 58 2 21 31 0 35 17 51 47 16 7 6 93 31 19 14 56 51 95 19 20 16 88 90 31 12 90 37 90 56 59 61 52 0 18 48 16 10 37 52 32 0 73 48 17 84 98 90 22 12 75 65 15 58 2 79 80 97 79 30 6 64 97 22 82 34 94 34 14 15 20 56 87 59 12 94 43 61 22 31 55 41 85 56 8 13 0 67 51 92 49 62 61 60 41 28 88 53 28 9 56 18 14 2 48 36 42 6 1 77 79 67 55 7 9 97 9 97 29 69 92 77 74 32 15 83 57 1 90 13 76 93 74 47 0 46 71 88 61 86 85 1 49 48 72 54 43 22 39 83 65 49 71 45 77 38 63 34 44 47 99 77 43 70 6 16 49 92 36 74 81 96 28 29 9 0 8 97 96 33 50 99 80 19 39 60 19 79 11 68 23 21 76 81 39 60 22 4 97 28 70 95 52 2 98 76 99 73 85 61 87 32 2 0 71 7 70 93 14 16 25 98 80 91 74 38 58 11 67 5 40 90 91 63 8 94 2 50 13 90 45 10 12 49 87 95 33 25 26 57 45 43 14 63 62 76 91 0 4 39 17 11 3 62 69 57 61 6 14 89 49 63 84 83 16 19 0 51 87 97 16 40 48 21 54 56 42 46 83 90 56 24 56 36 37 48 93 34 61 61 80 10 26 52 84 92 17 1 78 61 83 67 76 64 0 10 92 29 59 48 60 77 42 15 0 13 59 28 71 93 46 18 81 64 65 29 48 26 82 29 21 41 0 60 58 36 56 3 46 25 41 82 16 33 30 90 72 73 7 35 66 39 59 35 
69 21 41 18 27 77 52 30 5 62 43 46 33 26 17 54 34 76 80 96 32 72 73 58 29 65 55 83 96 47 89 71 63 9 62 91 66 12 17 64 70 88 14 82 27 87 93 56 77 8 33 55 44 17 30 0 99 68 67 69 59 74 3 46 57 81 60 72 25 8 76 59 63 77 8 41 18 38 42 62 71 67 47 69 4 62 5 22 46 12 1 6 80 43 81 16 9 13 68 62 84 80 74 71 65 34 49 5 39 43 32 95 76 57 99 67 56 44 83 34 70 53 47 20 99 23 79 1 84 72 41 47 10 85 65 28 64 34 90 48 5 76 9 6 23 43 59 26 91 6 91 75 42 76 21 89 43 22 34 22 82 15 99 96 92 87 52 83 80 98 42 85 58 47 63 49 50 8 61 4 91 33 1 53 36 49 65 72 62 19 25 61 7 25 23 26 3 21 12 94 5 13 49 83 20 72 65 75 27 65 1 46 54 80 34 3 94 67 21 8 22 7 77 3 99 39 20 3 69 67 35 14 35 85 79 60 68 12 60 32 95 14 33 73 68 16 16 67 29 19 20 91 44 45 24 65 65 88 26 9 2 78 56 64 65 78 65 79 34 35 43 71 66 78 75 60 7 44 58 44 56 44 59 92 68 38 84 29 54 25 42 74 4 14 55 30 32 81 98 20 2 80 14 6 87 42 39 26 30 13 41 38 65 47 29 67 90 97 81 9 14 94 59 12 93 6 25 61 72 74 35 79 8 27 89 84 44 9 99 77 48 43 99 49 74 15 78 84 53 75 85 83 65 62 97 18 43 31 33 78 93 92 87 36 7 34 29 86 87 12 57 0 94 93 71 77 44 34 54 31 95 28 14 65 95 89 9 36 12 1 27 28 38 64 34 51 12 94 37 54 
77 2 8 63 56 32 45 54 71 73 34 76 98 91 92 65 95 57 34 58 76 7 0 26 57 5 80 32 83 46 30 33 6 60 45 82 70 71 86 45 19 30 17 3 3 68 25 61 94 39 48 27 5 9 54 86 28 60 94 7 72 64 35 67 69 86 87 92 27 91 69 12 56 25 36 45 1 77 63 28 92 66 15 2 82 80 40 87 8 25 67 49 47 68 24 97 36 71 14 44 9 83 83 52 53 69 13 52 74 67 1 74 21 60 32 56 78 28 15 9 53 59 92 12 95 15 81 61 73 68 70 99 78 44 90 94 19 31 7 85 20 73 12 71 21 29 54 10 50 72 53 28 86 6 83 5 94 5 67 36 21 48 24 38 51 13 72 96 98 34 95 61 57 93 11 27 63 46 34 68 78 5 69 88 41 40 22 81 38 9 57 59 56 44 75 25 68 35 49 84 70 63 55 74 23 3 30 78 29 3 82 54 26 90 92 97 80 18 49 10 76 76 99 1 90 43 52 36 52 30 87 84 87 26 26 34 42 56 73 96 61 83 8 0 9 36 93 63 72 31 98 78 8 57 94 65 70 90 5 0 81 57 64 86 0 18 72 35 28 44 29 17 80 26 48 27 0 23 88 26 57 84 67 52 57 17 44 21 18 57 88 91 49 85 72 13 3 60 21 55 44 94 25 9 37 66 96 33 88 38 41 91 75 80 47 15 96 55 40 68 52 3 45 3 77 53 9 21 18 67 98 17 41 82 37 73 90 25 46 4 83 41 93 96 5 41 59 69 54 48 75 74 65 44 46 74 33 78 89 93 78 71 51 93 56 54 18 7 97 79 86 34 81 69 27 78 97 15 50 93 9 80 95 38 85 89 61 30 73 16 3 87 15 2 58 75 13 96 99 45 
23 1 26 41 0 34 7 74 65 76 28 19 97 74 83 58 75 6 18 5 72 30 20 86 96 10 61 67 55 36 88 81 32 18 80 20 74 15 74 50 98 17 34 59 4 95 40 98 73 47 39 57 95 88 18 42 30 67 27 20 80 75 74 17 60 48 52 83 61 73 47 40 87 92 62 73 4 14 41 20 45 94 78 89 91 71 92 4 26 74 53 9 38 20 88 43 47 32 72 21 35 4 90 78 26 81 43 41 23 44 6 85 32 18 14 85 94 63 43 86 26 87 29 15 30 24 74 89 0 36 70 16 24 15 80 62 77 48 30 55 39 72 3 89 14 45 56 45 60 55 53 5 14 17 42 7 48 75 21 50 65 52 33 91 46 50 36 55 42 19 73 23 21 23 9 88 34 95 71 21 31 48 49 5 8 69 5 1 0 4 60 82 56 91 78 86 68 30 90 53 23 77 51 69 52 32 79 11 78 77 59 77 1 49 99 35 62 70 60 29 82 16 71 44 58 26 83 93 77 83 86 52 92 28 4 34 6 8 13 80 96 91 44 29 87 39 56 37 2 5 46 72 41 22 43 26 26 53 23 16 82 76 77 12 27 69 65 40 41 67 24 84 13 60 15 73 21 6 11 57 54 17 91 60 82 7 42 19 50 87 63 12 11 18 98 93 6 87 97 57 2 64 35 80 21 33 19 21 59 45 36 1 82 39 92 39 57 67 83 75 92 8 69 15 44 56 94 55 79 94 56 39 89 64 46 87 48 14 33 69 73 93 16 79 88 58 68 67 78 33 87 83 81 82 96 46 48 83 84 54 64 60 63 88 18 34 38 60 25 30 63 94 26 25 78 97 43 59 3 26 69 81 24 61 17 66 96 6 12 95 4 46 82 75 97 54 60 23 34 17 
58 37 7 54 64 94 94 97 50 46 6 39 13 92 41 62 72 43 18 45 9 95 66 55 24 23 66 7 41 47 38 9 81 44 61 59 53 55 85 82 22 78 52 45 12 54 62 2 85 82 37 65 65 27 27 70 88 13 39 62 71 32 95 88 3 19 47 31 14 9 10 56 71 44 5 6 84 66 56 98 98 82 21 44 92 80 54 73 4 9 83 15 15 81 99 66 3 85 15 44 18 27 45 23 13 19 29 57 38 29 6 32 25 29 71 48 92 46 95 22 5 66 54 14 21 64 53 27 95 59 45 21 95 58 42 51 67 4 81 22 33 55 36 18 47 67 10 23 15 56 75 31 95 28 8 23 28 30 38 51 97 80 43 29 87 54 98 40 91 23 44 5 51 95 51 34 84 97 94 31 71 87 61 86 50 69 62 86 26 2 80 50 95 45 79 58 95 42 20 90 7 59 67 90 90 73 66 62 59 79 40 51 82 19 1 1 14 46 23 63 89 41 18 36 47 73 80 43 39 91 97 1 80 16 21 81 71 58 41 45 62 60 22 7 60 75 56 26 30 78 32 98 82 50 0 85 77 45 7 0 55 44 23 37 5 59 78 26 66 22 49 58 23 49 83 43 39 15 29 8 19 39 88 83 21 74 55 9 19 93 11 97 70 18 12 95 88 8 66 62 67 12 5 79 39 41 20 15 70 12 32 59 65 29 19 90 41 29 54 81 72 44 40 50 62 68 16 69 31 6 14 35 22 49 69 47 46 57 63 99 24 42 29 90 92 37 81 80 32 42 82 75 3 15 70 87 61 59 34 56 76 22 73 42 94 96 17 38 48 45 99 47 26 56 89 15 92 11 59 87 0 9 97 33 53 13 38 92 20 62 10 81 65 16 91 0 36 54 98 56 
84 4 16 67 20 79 63 41 28 54 32 69 10 71 77 57 98 35 75 93 43 90 0 70 15 35 81 99 20 34 7 73 67 62 59 12 38 78 12 45 65 95 40 92 10 8 38 53 50 68 10 35 53 63 68 17 9 87 10 21 38 53 21 93 9 36 35 84 95 58 7 33 71 53 52 46 0 75 42 91 56 61 29 76 28 40 95 9 33 37 14 24 66 35 55 52 62 66 13 0 96 67 0 46 54 69 31 29 68 65 31 73 37 81 50 61 98 22 5 37 45 5 86 86 3 79 73 51 46 51 55 29 34 92 51 88 54 10 69 27 89 82 24 66 14 89 17 15 80 16 28 23 70 38 81 30 66 22 83 92 17 80 23 85 47 61 69 99 82 69 86 71 56 33 18 6 45 69 0 76 10 39 14 54 40 37 83 96 27 79 6 72 66 33 69 70 35 11 5 16 20 26 63 9 85 2 56 89 22 28 37 38 12 79 18 50 19 61 73 7 42 3 73 92 58 77 39 94 48 18 55 5 18 52 76 5 8 14 22 47 47 35 56 36 61 99 77 95 10 31 53 69 55 21 24 82 25 76 79 23 52 97 28 4 65 43 95 39 13 33 16 44 18 41 11 25 23 3 70 41 87 18 30 1 30 34 16 72 3 47 24 68 41 73 75 79 17 53 86 39 39 30 15 76 73 63 24 75 8 4 89 4 24 55 29 7 50 86 80 56 64 98 43 89 53 46 28 28 1 91 44 49 79 50 6 39 86 5 6 5 89 18 38 0 66 98 76 72 16 92 92 96 15 96 27 30 84 19 96 18 83 28 89 29 13 48 90 25 65 58 66 15 53 4 98 10 29 94 58 62 20 41 9 87 37 30 32 82 52 4 98 45 93 86 38 19 41 17 41 94 
92 10 7 57 78 63 28 80 64 12 55 62 70 32 61 53 10 79 43 88 92 90 66 4 36 81 70 79 15 25 50 39 17 70 25 27 54 2 32 23 93 79 8 68 61 2 95 18 86 52 2 37 55 37 12 93 84 86 90 14 38 11 18 82 26 38 80 41 66 34 27 84 74 16 56 65 11 62 0 5 85 73 19 2 18 12 89 71 80 33 32 46 8 27 55 81 41 37 61 63 14 47 72 37 32 62 95 79 86 33 10 72 98 97 94 3 9 24 64 66 70 73 94 81 31 95 52 58 87 48 47 6 54 72 39 96 35 86 86 24 43 6 4 7 55 64 22 44 8 88 14 34 36 55 32 37 8 44 9 99 27 42 82 96 90 10 45 99 14 44 84 94 22 50 7 96 82 11 27 45 82 61 62 67 31 10 96 52 22 13 74 58 95 16 39 10 85 4 53 20 7 15 5 67 18 73 17 24 16 94 29 75 20 75 8 90 43 67 68 40 47 12 36 21 57 22 17 77 53 38 67 34 20 71 26 33 13 22 52 11 93 28 41 16 27 65 96 89 64 41 92 39 5 93 35 39 18 71 45 3 92 38 40 44 98 10 86 2 73 86 68 41 84 18 6 2 65 43 87 21 53 41 66 96 9 49 45 28 54 95 41 46 91 70 67 88 53 81 85 65 87 28 0 63 34 96 60 79 10 62 12 71 11 99 24 75 87 79 96 72 41 56 95 44 53 70 88 1 1 31 20 26 95 85 32 91 24 44 68 81 0 50 19 93 39 66 93 92 59 93 91 83 63 99 82 87 76 87 23 55 93 89 46 73 57 68 20 75 68 77 89 19 17 70 1 5 39 58 58 74 25 36 11 77 35 99 11 46 34 41 69 14 55 18 15 46 52 62 37 93 
50 61 43 88 3 99 57 21 19 45 70 68 44 99 47 66 78 17 49 40 96 59 33 78 9 96 7 61 50 59 30 91 28 21 82 34 48 85 35 95 57 53 37 67 25 7 7 94 48 76 92 71 46 9 36 16 52 31 95 22 1 58 27 80 92 8 47 16 64 47 64 6 99 66 67 80 32 67 3 73 9 86 33 90 24 69 9 22 16 85 50 13 10 99 0 3 40 27 13 10 53 85 11 33 62 93 57 99 13 53 0 11 53 15 59 65 53 21 28 61 68 11 69 66 72 63 98 2 34 9 45 72 30 32 60 26 66 65 70 0 4 85 33 85 15 57 14 44 47 53 81 61 82 56 10 30 33 38 16 20 43 75 70 10 34 36 36 60 67 7 62 72 28 20 22 33 33 61 10 23 36 66 33 19 96 85 27 3 91 52 59 29 38 36 48 12 22 44 9 15 25 99 18 85 59 58 28 65 77 33 16 18 5 95 95 25 55 25 36 98 64 7 14 1 93 97 27 19 74 17 34 99 67 44 17 96 27 70 90 15 24 73 99 26 58 21 55 41 75 26 43 12 58 82 73 8 86 82 88 13 54 86 0 88 95 71 31 74 13 37 92 57 17 1 83 21 86 64 14 58 72 60 58 20 29 91 12 22 30 74 38 67 77 60 81 90 75 99 97 6 85 46 99 61 10 96 93 32 67 15 83 99 97 60 77 17 59 27 16 43 9 50 46 66 48 82 28 45 48 69 78 23 98 26 18 61 49 94 76 36 95 43 18 54 11 46 94 13 43 21 80 8 43 5 42 8 24 78 37 58 85 16 98 79 25 12 33 60 27 56 45 23 23 87 87 10 38 29 67 31 32 77 49 51 55 64 52 78 83 5 13 99 36 97 46 5 63 13 77 22 
32 66 70 35 87 0 35 91 42 14 11 78 63 45 5 69 39 70 95 73 85 33 43 73 79 28 1 49 22 45 56 83 28 99 21 94 11 34 89 13 23 92 7 44 28 42 82 63 89 64 88 8 16 74 55 17 99 44 39 6 38 67 93 71 11 20 25 6 34 20 82 96 49 48 58 68 71 63 56 63 6 70 38 78 42 75 58 97 84 10 32 94 65 7 85 18 48 84 7 90 90 62 61 24 59 90 36 2 19 78 77 67 58 7 17 29 57 29 71 47 58 13 77 4 9 7 74 52 76 72 18 18 25 37 18 81 62 49 33 50 57 59 15 33 84 16 90 24 67 68 58 34 80 62 37 81 96 77 15 37 71 55 38 73 76 33 89 15 38 81 78 64 89 91 46 27 94 32 20 35 32 94 96 21 48 24 65 51 40 37 8 97 9 94 76 25 30 5 23 74 35 67 54 13 71 30 24 40 98 76 59 58 38 22 36 6 96 60 12 23 38 48 30 60 2 73 98 57 65 54 79 38 36 75 10 75 11 7 15 96 77 95 59 33 52 38 78 20 25 17 22 21 45 77 4 19 33 3 7 65 7 87 62 20 31 68 52 87 5 27 98 23 51 62 33 16 61 71 99 91 43 68 67 17 99 33 63 96 24 49 24 1 37 53 86 62 10 63 86 93 68 33 62 41 40 4 84 47 74 52 85 79 94 45 84 36 58 32 17 81 61 2 71 26 91 40 13 78 34 3 12 26 37 14 74 42 35 6 17 46 19 26 39 76 53 67 0 80 35 61 92 96 5 43 31 86 57 7 15 74 35 21 53 96 32 62 14 46 30 48 27 17 76 8 2 42 5 47 39 3 94 53 87 63 51 11 80 10 7 26 6 28 13 73 97 33 29 76 70 73 
55 25 2 81 12 19 32 69 2 52 54 39 55 43 51 0 65 99 23 75 36 75 84 11 71 74 96 44 56 64 15 11 11 66 30 4 48 26 28 45 32 43 92 42 53 44 39 61 49 30 59 39 26 67 88 62 82 61 58 24 92 75 92 76 33 50 92 72 25 99 70 27 55 35 25 79 14 7 55 29 40 45 16 43 7 65 35 23 91 29 24 47 75 65 94 52 63 82 95 15 1 47 15 69 30 37 94 30 16 25 12 88 14 80 51 48 68 31 88 61 75 98 62 36 55 97 55 92 43 93 43 51 24 24 30 56 23 13 25 26 88 66 69 54 47 58 15 57 80 5 87 48 53 46 98 31 9 40 93 74 86 36 1 74 28 58 95 45 68 50 49 85 14 1 62 75 23 28 84 93 73 0 85 52 44 39 90 20 28 6 32 48 8 55 27 66 63 80 35 82 2 97 83 66 65 79 7 31 57 97 67 26 89 4 12 5 67 33 57 7 62 46 74 24 29 17 12 90 71 99 53 21 33 21 45 49 99 55 29 2 70 62 67 43 29 76 42 43 51 13 44 44 73 52 5 52 69 82 1 54 42 62 29 76 4 51 10 26 90 26 35 64 86 43 44 80 45 20 31 98 24 83 57 67 18 57 16 39 19 32 8 86 56 58 56 97 96 70 19 78 67 27 6 97 65 83 59 21 9 78 74 98 50 6 3 60 69 1 80 96 44 40 36 61 11 51 37 31 26 55 2 91 82 35 68 41 71 18 94 97 44 99 83 44 65 3 43 23 18 31 12 33 9 5 54 37 26 8 88 90 12 69 89 42 3 70 95 9 3 9 36 27 0 6 42 62 40 17 3 4 77 68 40 57 11 45 89 90 72 42 2 18 79 69 4 87 85 19 71 3 
30 4 22 8 3 65 20 81 48 85 70 68 77 7 73 76 25 40 65 38 6 4 82 95 18 71 61 99 69 18 91 65 92 10 26 85 74 12 60 62 69 98 24 93 39 85 57 94 58 59 98 54 8 51 80 29 27 10 10 32 87 4 59 1 65 92 11 22 49 28 82 96 83 5 78 45 67 77 59 51 85 62 69 58 74 50 88 96 36 15 23 56 51 93 63 81 29 5 5 63 19 65 23 74 74 13 35 30 53 36 16 15 55 32 85 86 87 74 15 36 14 37 34 89 97 4 63 75 64 94 29 37 30 82 58 22 93 87 95 14 9 50 14 58 52 10 82 59 53 70 8 57 1 53 41 33 13 98 36 85 21 63 34 50 76 48 11 95 2 15 51 68 30 86 84 81 96 95 89 39 94 59 31 31 37 31 4 39 38 79 66 14 57 71 28 64 42 2 51 48 55 8 26 51 69 49 34 82 74 8 33 80 55 69 25 95 1 25 73 71 69 54 51 26 64 2 20 49 64 61 88 35 53 3 36 5 30 18 17 98 84 28 34 44 63 35 73 87 74 54 98 12 18 7 65 21 34 34 77 99 66 49 49 75 91 59 29 85 69 14 96 58 84 60 5 81 4 2 40 8 8 20 86 92 53 95 63 31 66 60 59 48 23 93 67 88 43 61 42 95 66 96 47 60 43 32 57 18 12 17 32 27 23 52 78 90 94 18 10 52 62 7 59 86 33 29 56 90 79 49 46 23 81 69 27 2 61 27 94 34 45 41 3 11 43 5 37 2 48 11 48 48 24 21 60 16 42 6 75 33 8 22 2 73 97 73 31 11 45 53 49 59 9 69 48 59 28 56 23 4 40 55 32 11 25 70 10 90 87 40 28 97 42 68 1 61 87 23 3 14 
37 43 81 68 1 74 80 37 9 4 92 56 50 37 27 5 45 19 82 8 23 22 28 31 97 68 63 91 71 43 68 73 47 89 46 85 36 36 50 40 51 10 61 35 78 82 11 54 28 83 14 54 60 21 2 13 57 26 68 76 25 99 89 47 92 71 28 54 84 42 90 0 26 54 73 63 44 26 7 19 25 8 69 28 92 8 55 24 9 69 93 50 80 92 78 92 56 23 40 63 31 85 77 8 6 11 4 13 51 76 15 54 21 91 40 42 32 0 1 9 78 82 73 26 50 5 59 0 58 12 53 84 18 32 66 30 67 9 19 42 61 48 12 17 72 91 81 28 84 49 34 10 60 41 40 69 37 20 65 59 60 20 36 74 41 92 57 57 88 37 81 20 84 32 57 62 6 53 39 98 68 86 62 37 51 45 55 89 62 65 75 25 52 24 83 67 80 16 58 81 18 7 14 1 17 89 82 79 83 52 26 80 24 11 63 32 19 82 5 16 69 73 46 82 99 59 20 84 70 25 62 59 10 86 71 19 79 94 36 87 3 82 79 19 79 38 71 1 99 37 6 92 49 20 81 54 1 81 67 94 97 82 68 81 17 35 63 28 44 88 74 69 33 27 33 5 15 48 22 51 1 78 71 43 88 53 60 89 30 40 3 79 67 28 21 36 66 70 34 59 98 26 0 47 46 68 12 16 30 68 34 86 31 36 35 44 48 61 39 72 90 6 36 72 9 39 11 12 84 66 53 95 90 98 26 68 82 37 77 6 45 60 5 77 6 28 2 19 54 7 55 53 24 43 70 22 34 34 40 30 70 51 51 70 80 4 81 48 21 25 7 85 99 32 74 94 5 33 64 39 78 28 91 81 13 72 69 28 44 6 56 8 57 18 88 95 88 86 33 3 
74 81 50 72 54 97 94 40 50 16 14 94 48 35 71 69 5 68 94 65 89 54 81 32 17 43 17 66 50 57 28 13 63 12 15 70 52 43 27 47 95 36 36 87 75 45 0 63 88 0 65 67 11 55 85 16 90 97 52 63 21 7 28 90 38 47 33 69 62 29 16 84 33 42 76 38 29 85 93 77 14 28 64 41 0 20 84 14 19 41 7 46 46 32 72 78 24 73 68 36 68 23 14 13 60 38 8 16 60 89 42 54 10 67 37 15 1 42 0 37 54 58 86 23 22 0 40 89 81 35 80 55 10 71 87 35 8 23 35 3 9 26 88 38 5 22 87 65 81 13 7 32 41 25 88 23 94 21 61 0 72 69 22 94 11 86 42 78 77 14 53 68 67 46 46 4 95 60 83 47 26 72 84 49 69 6 41 16 69 14 6 17 99 34 5 33 85 27 67 39 38 58 91 23 16 37 44 26 84 66 52 37 38 96 60 63 94 24 69 95 2 37 27 49 28 79 42 72 94 24 63 12 0 56 32 69 18 94 54 79 76 20 50 55 10 36 38 54 39 59 89 97 32 23 85 69 68 43 68 23 91 81 5 91 8 99 60 84 63 86 29 35 42 89 29 73 86 49 2 62 38 16 12 76 24 43 19 47 59 27 47 82 48 11 49 66 7 4 84 98 17 89 96 66 64 1 2 79 30 70 12 99 21 23 14 70 58 78 81 57 49 50 75 62 52 34 96 67 16 79 75 53 40 22 64 40 52 74 76 74 93 36 41 69 89 99 64 97 70 15 68 34 17 25 73 21 85 9 89 12 22 87 33 47 46 5 15 30 59 13 19 44 45 30 40 49 82 21 89 59 79 15 87 45 85 55 56 36 73 37 52 95 48 48 19 50 98 76 16 34 
68 53 64 23 76 5 70 9 8 53 17 7 94 81 90 28 39 2 36 0 1 93 54 3 87 76 88 92 79 68 40 21 41 11 34 25 31 89 5 54 78 54 1 4 12 90 74 14 4 79 86 19 41 58 38 88 35 72 24 44 94 64 73 91 32 38 49 84 37 85 31 21 74 72 19 0 75 22 82 3 8 32 73 83 13 55 64 6 60 99 72 62 35 17 46 9 75 68 58 46 80 2 76 12 46 12 18 26 19 4 34 27 14 57 25 63 28 81 32 73 29 2 7 18 42 54 35 5 0 29 4 9 94 23 82 29 15 70 31 94 66 64 26 14 60 45 67 46 16 40 91 41 15 96 61 32 14 9 29 77 75 6 91 84 69 73 35 38 72 65 28 32 54 12 71 28 12 41 50 70 91 75 64 94 95 7 66 40 68 26 91 52 42 75 84 31 47 51 99 73 79 42 32 52 77 21 88 97 47 17 54 86 90 39 24 12 79 59 11 62 73 86 65 25 75 67 78 94 57 26 16 65 30 0 36 78 13 82 78 49 41 0 87 62 32 91 81 79 83 34 51 98 50 81 39 90 52 7 61 64 46 82 40 77 27 0 18 55 63 53 83 77 5 42 18 82 31 64 65 72 25 65 99 96 78 6 82 38 87 6 17 51 52 34 70 7 40 90 92 37 78 2 25 71 25 52 46 78 77 97 12 5 27 51 29 25 52 66 38 61 65 37 91 11 61 79 83 82 5 77 66 65 32 70 8 56 19 98 96 30 20 71 5 55 47 5 79 63 19 8 93 83 41 64 90 82 82 16 98 30 36 21 71 64 15 9 6 89 44 35 87 2 94 10 4 35 43 74 49 40 16 49 85 92 73 34 47 53 43 22 83 11 43 48 71 0 8 38 45 56 
92 12 3 7 87 73 81 83 16 88 29 2 31 85 57 76 87 27 92 60 56 12 82 49 76 99 90 31 7 22 93 15 91 32 20 7 73 64 84 45 65 3 77 11 4 79 34 91 48 44 83 55 56 43 52 36 53 45 13 23 32 64 60 17 8 60 43 43 46 29 46 92 28 4 73 9 99 75 18 53 56 73 40 43 33 78 24 96 63 43 86 62 18 45 8 81 77 48 71 12 20 13 3 63 43 91 95 58 95 54 55 50 47 65 41 70 89 22 47 50 29 80 52 46 27 80 69 25 36 71 32 84 93 79 73 32 87 63 49 29 62 72 37 31 28 57 28 6 21 19 75 20 49 94 80 61 33 30 25 0 94 65 83 21 54 57 86 2 76 37 70 13 18 56 34 46 9 45 41 29 72 56 10 91 53 49 36 70 1 95 34 86 95 56 7 25 42 19 49 9 22 56 19 84 4 47 93 44 36 84 6 73 80 58 68 52 74 34 43 53 15 50 67 67 86 89 16 22 83 78 83 21 80 89 51 97 47 20 7 38 58 50 21 49 27 92 35 85 52 65 58 74 10 40 73 55 52 7 51 79 23 58 15 6 72 60 86 56 29 60 45 43 27 44 38 20 87 31 85 76 59 73 28 77 80 88 42 30 82 4 47 51 95 82 21 32 24 84 4 45 48 27 24 34 30 94 39 96 18 26 30 72 39 23 97 22 63 91 49 36 62 68 0 40 83 86 53 95 97 65 78 68 57 84 72 93 97 79 2 4 1 30 28 88 39 30 5 53 60 16 7 85 89 12 34 29 27 16 80 96 23 68 79 42 96 8 91 95 86 40 66 52 31 7 85 6 76 3 49 62 83 76 78 86 58 36 38 54 18 17 73 29 69 13 36 65 25 78 99 47 
30 76 32 0 30 92 48 5 70 42 60 58 72 54 33 13 71 99 23 27 2 16 56 91 77 11 75 54 88 15 91 27 29 72 58 52 0 30 78 97 77 2 27 59 78 75 24 7 94 17 34 16 77 43 94 43 17 31 82 74 84 14 8 74 23 76 39 32 34 40 46 26 89 63 32 42 46 39 12 9 36 0 74 33 92 34 30 11 2 96 41 3 66 44 97 92 83 55 88 45 44 11 0 68 69 99 89 60 36 17 4 89 37 41 7 7 87 70 88 89 80 91 27 70 38 16 22 21 22 69 55 77 58 10 36 31 50 99 6 83 32 90 16 53 45 67 93 16 85 71 65 67 66 24 11 88 60 47 23 97 21 35 11 97 27 78 27 91 0 22 17 29 34 77 81 36 39 20 89 53 64 28 8 71 82 22 60 16 8 61 21 25 61 61 60 90 25 94 56 88 91 38 20 1 98 43 70 41 40 4 10 63 86 78 73 88 18 10 99 29 81 89 43 3 97 78 99 90 38 47 52 58 31 51 6 14 95 88 71 70 37 12 0 68 36 92 61 41 67 63 54 53 28 4 66 0 20 75 87 46 11 97 53 10 32 82 28 2 22 87 80 22 20 96 0 78 50 55 51 84 25 53 41 95 89 85 40 17 53 99 8 59 7 47 13 10 41 82 33 80 91 24 6 97 81 95 9 47 52 54 67 36 92 74 70 43 88 53 99 84 29 19 47 40 76 74 96 96 43 21 65 76 38 56 68 91 22 78 23 49 17 22 77 17 71 8 83 69 33 67 51 66 12 63 11 52 20 25 8 2 26 28 61 6 83 15 67 4 41 64 99 3 75 59 30 75 0 63 47 93 88 32 50 92 38 14 72 9 97 29 35 62 14 57 19 62 97 72 10 28 
44 2 56 13 40 12 17 30 21 4 59 87 36 88 94 25 79 49 63 70 81 13 9 42 66 52 2 24 73 40 53 95 69 27 6 30 17 66 7 63 47 55 9 67 14 50 63 92 10 67 10 79 33 18 36 40 80 81 95 16 27 70 60 29 28 4 57 56 25 44 15 20 26 27 51 1 78 74 7 87 76 25 4 96 36 56 74 87 22 66 84 14 23 59 12 27 67 49 46 74 42 15 33 82 9 25 33 5 72 62 96 69 93 2 58 93 92 14 18 11 29 94 12 11 81 39 28 75 69 37 72 16 94 86 33 61 86 76 62 12 55 47 41 94 45 71 54 94 55 53 81 76 41 67 19 77 72 53 8 2 53 69 92 98 99 2 64 70 79 33 42 36 45 44 31 22 20 91 95 7 34 72 14 42 33 18 6 1 22 13 33 29 8 36 93 49 87 55 53 51 17 35 37 6 44 3 33 5 74 51 53 16 89 16 53 1 51 34 36 56 77 80 26 78 62 51 91 47 14 4 72 14 96 51 76 3 5 52 59 35 2 59 21 29 68 64 74 13 45 91 65 60 34 14 19 3 75 53 62 21 22 85 70 34 51 4 78 85 72 92 33 96 69 14 90 63 6 9 34 2 32 95 46 51 44 54 61 59 46 71 79 15 37 44 10 82 20 75 59 98 72 63 92 76 7 77 49 52 89 78 0 24 68 36 26 12 13 45 7 61 12 25 73 90 41 62 64 36 41 0 0 1 19 80 79 59 20 59 40 14 23 12 17 35 13 98 45 42 31 71 29 31 10 90 40 84 32 34 84 63 59 10 35 33 47 31 22 30 47 1 41 15 69 55 8 24 58 22 8 27 11 59 72 84 13 2 37 91 31 53 31 35 86 58 35 20 45 14 58 71 
66 66 88 5 6 58 41 41 72 72 46 62 81 73 63 68 68 18 79 82 9 98 48 56 38 51 93 1 85 99 98 64 55 7 79 46 36 82 96 75 20 3 83 95 25 90 70 67 90 54 46 44 96 11 52 94 35 58 67 96 63 30 2 23 31 0 8 84 9 26 66 11 40 27 75 90 15 58 9 25 26 49 11 51 2 80 74 17 64 71 8 77 22 24 43 94 78 16 62 50 67 31 86 64 72 50 3 23 38 96 73 90 33 0 9 22 60 3 54 89 54 37 29 64 32 8 68 23 19 44 90 20 0 44 36 17 94 29 46 90 7 69 33 6 67 95 4 57 22 9 48 46 97 28 5 57 11 79 37 56 48 67 3 86 53 90 8 20 52 19 73 99 51 44 6 49 56 77 20 75 28 45 53 16 61 9 4 8 32 81 23 0 23 94 5 59 93 97 7 84 31 90 86 10 15 34 18 32 96 82 78 10 1 24 44 63 45 0 22 50 87 57 41 98 77 52 65 29 38 0 81 24 15 78 80 64 74 23 75 93 18 35 57 78 87 73 10 52 55 44 56 97 23 32 19 60 46 98 9 4 58 12 56 18 96 72 76 83 15 34 29 41 28 20 34 9 84 54 81 73 65 10 21 82 37 65 30 57 65 43 95 70 46 48 38 77 66 52 92 72 45 0 38 17 96 44 44 16 9 71 3 24 20 90 69 50 18 93 92 97 12 56 75 68 46 69 42 77 20 21 75 20 93 28 12 23 99 72 55 95 2 5 32 27 0 67 41 31 0 60 68 16 61 97 60 50 22 74 97 94 92 76 65 29 43 30 35 1 16 23 59 58 50 8 66 44 89 13 76 35 76 81 95 86 93 49 90 20 57 68 73 1 48 68 31 53 27 28 1 50 
29 46 45 66 35 7 83 62 74 29 6 56 25 80 63 76 60 53 37 95 57 98 56 72 61 6 68 27 0 16 52 73 56 9 28 93 83 35 42 72 12 67 60 36 45 26 99 20 14 40 62 9 44 53 42 80 74 89 4 98 72 30 44 40 86 71 20 1 79 35 8 96 63 38 25 2 18 87 11 19 79 67 92 12 95 61 70 61 97 10 55 68 1 79 35 50 43 85 62 92 27 20 28 89 55 15 53 90 17 46 20 42 46 13 79 34 5 89 24 20 12 17 38 84 36 79 71 35 23 90 17 60 15 13 26 67 24 21 88 60 98 20 89 15 80 47 72 25 60 50 68 59 36 13 96 10 8 21 3 59 22 86 85 7 54 79 71 86 70 41 71 47 5 73 62 8 13 97 46 80 26 91 11 80 57 62 66 26 75 1 32 54 7 31 87 91 74 22 9 94 0 50 37 41 33 4 92 47 13 82 41 10 29 5 4 81 99 50 79 92 40 61 64 48 51 35 41 11 89 17 66 75 55 81 15 78 35 89 78 30 20 42 53 77 43 55 11 32 90 54 63 20 98 78 58 69 58 70 30 55 68 17 46 45 47 54 96 8 12 77 96 83 9 79 79 24 29 14 8 28 57 77 38 70 94 39 43 45 8 97 91 23 34 49 28 52 60 16 32 32 54 60 3 0 57 78 38 11 70 94 16 0 37 41 25 50 28 70 65 37 45 36 98 31 61 10 40 9 10 72 71 66 37 33 98 72 80 26 51 10 68 50 35 78 30 30 31 16 51 71 11 99 20 94 78 79 79 43 18 26 84 81 90 10 23 69 57 59 30 89 93 45 77 7 71 25 12 17 97 45 5 87 17 92 19 71 60 47 34 93 79 85 43 64 24 13 94 11 4 17 
95 31 4 24 6 0 82 33 91 98 57 55 80 98 60 5 64 93 62 67 96 84 50 60 79 92 37 1 19 80 8 34 30 37 52 0 15 6 99 30 78 28 9 52 21 59 63 60 16 5 67 83 49 43 35 29 24 70 58 56 86 3 80 34 65 83 2 75 52 4 35 40 58 52 41 90 60 3 94 11 34 46 52 91 71 6 19 30 46 18 74 4 71 45 77 1 62 4 9 70 16 55 76 55 47 37 71 71 49 65 34 77 20 46 55 36 20 18 97 41 12 51 33 23 34 82 2 23 54 57 26 54 65 18 93 32 69 12 81 77 59 90 74 77 40 57 75 40 46 63 73 33 63 5 16 72 22 61 99 84 80 89 99 9 69 34 95 25 48 24 47 46 80 65 46 65 67 56 40 49 79 97 0 77 80 14 58 58 73 7 28 69 46 73 38 68 21 79 40 23 79 82 35 25 58 47 34 88 9 43 39 49 40 86 40 11 36 91 95 39 37 79 26 60 94 72 47 48 36 8 63 79 28 18 47 78 54 72 63 62 10 45 91 50 68 37 68 70 18 83 56 86 23 50 40 7 37 7 88 12 80 78 44 79 93 19 6 53 88 11 36 35 86 75 40 7 93 28 1 26 45 23 96 23 90 63 94 56 91 54 23 71 71 56 40 41 47 66 1 46 95 13 2 23 84 40 27 87 89 47 5 43 72 70 67 86 88 3 29 53 76 80 39 23 51 51 54 15 30 26 79 69 1 33 20 2 29 37 86 48 25 24 19 89 24 70 49 95 79 30 24 44 80 45 85 11 10 10 34 51 85 28 20 82 12 0 26 52 41 53 48 89 53 24 31 28 97 63 51 50 52 75 7 75 94 66 72 95 93 22 73 63 94 23 92 61 25 85 4 17 
16 65 38 62 45 57 6 61 55 47 40 3 47 11 83 53 48 15 72 83 67 83 37 33 39 52 32 66 92 29 83 6 50 77 74 99 24 7 19 82 2 7 80 54 88 21 34 90 4 56 17 35 50 96 81 40 73 14 99 69 13 19 34 93 74 12 71 84 4 30 59 20 41 22 32 52 23 90 23 57 66 75 36 55 12 6 94 28 20 34 17 63 11 44 73 88 61 55 6 81 15 57 56 72 45 93 47 27 47 49 55 32 72 87 88 67 78 96 14 9 71 56 3 50 95 72 97 61 48 13 13 70 10 92 56 28 62 79 10 93 49 99 16 50 29 26 54 43 28 91 60 59 24 19 36 20 93 74 45 54 44 83 26 47 57 16 15 50 36 62 59 44 33 51 65 51 12 85 49 67 90 58 57 86 77 52 24 75 21 99 1 1 96 20 73 57 15 81 63 28 87 50 4 94 23 54 79 40 38 47 13 12 83 70 11 98 31 38 68 69 79 98 62 8 19 37 41 26 30 78 14 20 98 72 9 33 99 0 40 51 23 20 82 60 77 6 9 3 26 22 99 0 23 0 35 42 64 70 78 63 28 44 24 49 31 52 0 39 88 20 14 53 19 38 85 13 62 55 76 38 70 3 9 22 92 8 72 38 20 78 64 29 62 86 27 3 8 1 67 3 79 55 77 78 17 18 49 53 15 13 86 9 6 38 83 98 15 31 6 30 11 13 4 62 36 53 69 2 94 88 61 64 40 48 44 63 11 11 26 46 99 79 26 85 51 43 36 12 72 53 76 17 65 48 33 52 70 32 41 65 20 4 95 80 95 88 83 70 27 19 65 70 64 66 24 35 90 89 44 92 31 29 70 63 14 19 11 6 75 56 44 46 60 38 40 22 56 34 34 65 
2 34 9 59 44 21 89 61 40 37 79 86 44 24 20 32 25 45 30 75 49 93 60 96 48 94 32 10 19 91 54 10 68 9 94 88 65 37 72 65 96 10 38 54 86 45 35 20 67 7 75 65 38 22 80 96 61 71 67 80 31 31 6 67 32 20 20 53 1 77 73 10 49 49 48 8 82 69 70 87 16 77 94 59 79 96 73 96 79 57 2 52 65 5 34 31 4 98 16 30 13 82 65 95 62 89 66 40 12 83 58 98 80 14 25 93 59 70 89 77 50 1 92 91 77 1 26 61 26 68 69 10 16 96 3 18 4 23 75 26 8 48 41 7 75 38 6 51 56 81 51 51 58 39 82 15 75 20 51 83 15 9 96 3 48 74 19 42 43 66 51 22 58 32 77 75 48 90 0 29 96 0 99 67 90 66 14 89 54 30 85 56 87 58 76 33 95 41 89 95 19 91 34 37 65 74 66 95 52 38 36 43 29 76 82 67 39 99 26 94 32 11 82 36 66 47 81 2 98 0 34 5 76 94 61 25 91 58 18 85 79 5 96 25 21 65 59 61 33 13 18 92 75 81 80 79 7 91 79 99 53 92 89 64 25 30 91 23 10 41 91 71 53 40 34 51 92 26 70 59 68 9 12 97 40 3 22 5 39 34 35 64 72 0 63 64 16 44 16 52 91 51 53 71 2 78 90 18 20 95 32 71 12 43 66 35 67 39 32 70 58 46 4 13 90 13 79 97 99 71 89 47 81 27 82 7 94 52 3 36 95 53 4 67 68 30 96 52 51 34 15 26 64 80 38 15 29 62 37 19 99 4 89 27 90 46 4 98 28 46 73 31 99 80 62 89 10 7 12 38 74 35 46 58 29 86 86 88 27 84 17 86 3 58 24 58 72 28 54 59 
9 3 28 9 66 3 55 8 48 69 52 3 70 30 54 48 25 4 55 98 77 59 8 19 45 10 30 23 72 32 13 44 81 92 57 64 49 19 14 28 27 36 52 2 60 85 73 49 27 98 49 59 94 70 45 4 19 24 40 86 54 22 40 32 20 36 43 34 19 68 11 53 98 86 6 43 16 33 17 74 16 83 33 37 44 46 8 95 94 87 46 26 2 75 3 7 73 52 66 73 38 97 98 83 47 17 4 46 34 21 82 37 8 7 66 43 45 18 90 42 6 12 34 77 20 3 87 81 94 79 98 88 84 90 8 54 28 89 97 15 25 99 66 52 55 71 68 72 39 27 58 63 31 2 22 14 63 97 14 34 33 14 44 62 90 12 48 30 35 15 34 70 59 59 23 97 45 67 92 70 16 56 92 40 12 18 17 66 9 18 58 10 15 8 32 1 76 31 71 79 62 3 85 47 18 34 13 50 37 42 77 96 21 26 21 55 63 11 27 7 20 69 3 54 68 10 20 52 78 54 7 65 41 80 88 94 11 32 70 22 60 5 99 26 53 1 12 87 66 22 85 30 44 27 40 40 88 20 26 51 55 98 34 85 42 3 43 47 30 32 48 21 78 19 54 16 98 48 49 52 74 18 18 75 87 76 9 13 6 29 33 46 21 55 72 65 99 79 5 87 86 55 6 55 59 5 75 42 94 80 24 26 79 20 83 35 36 75 26 78 95 21 18 1 6 20 88 70 26 81 62 76 13 64 85 95 75 75 49 24 98 48 42 52 4 44 30 12 98 56 56 9 59 38 47 64 59 65 58 25 61 96 62 31 29 96 68 51 33 32 29 3 22 77 54 44 47 93 5 27 70 25 2 44 74 41 22 64 88 3 70 56 88 45 50 45 39 91 51 95 
11 0 25 29 30 98 85 74 6 28 84 53 68 95 16 53 20 89 3 11 80 54 24 89 57 31 29 64 35 68 74 93 55 64 79 39 37 52 10 84 50 68 65 41 92 21 63 42 76 92 77 66 17 9 33 47 55 88 31 14 60 51 22 82 82 0 95 86 85 86 45 47 19 22 14 90 29 96 82 46 64 86 60 6 57 5 53 85 5 1 53 70 48 5 94 66 12 3 36 36 60 21 18 35 85 26 23 54 89 91 93 96 70 32 64 89 21 81 18 93 0 84 13 92 13 2 95 45 36 98 58 70 7 53 38 53 27 67 78 96 98 80 92 62 87 14 62 21 77 86 6 90 4 73 34 51 28 89 47 84 79 29 17 25 21 49 88 71 95 61 25 32 69 79 88 43 75 39 20 92 17 43 44 64 17 59 89 5 17 19 12 49 38 35 93 44 88 86 64 58 71 13 43 57 38 82 36 35 65 8 37 76 80 49 65 67 6 63 88 93 24 88 2 38 79 40 63 22 42 47 43 15 44 87 1 53 24 50 33 70 59 8 98 92 32 8 16 15 45 89 30 99 76 27 35 45 2 65 99 9 5 57 76 76 69 2 98 15 33 89 22 44 59 20 25 8 19 95 57 92 76 72 48 63 58 80 45 68 17 18 31 64 87 79 27 75 44 35 94 19 59 47 91 17 6 15 97 11 46 99 56 46 44 64 97 33 43 64 7 2 94 30 89 95 17 22 73 75 95 85 77 26 15 8 72 18 12 86 55 71 0 43 62 94 96 82 65 45 81 35 46 70 83 26 92 30 42 62 65 8 24 81 32 10 33 31 10 73 88 21 70 67 91 28 2 46 54 94 96 84 52 56 25 34 62 53 61 41 32 86 71 1 1 3 70 28 32 20 60 71 
84 27 70 35 13 25 44 83 36 95 35 44 50 0 56 85 16 48 3 20 41 22 99 20 30 90 63 20 86 48 22 73 54 37 83 87 48 19 41 82 68 38 85 10 25 10 64 11 0 6 94 71 78 72 38 88 89 74 12 11 85 99 9 33 87 42 30 88 62 62 16 21 44 63 10 11 78 7 79 4 40 80 34 18 35 9 87 1 25 40 48 35 42 60 76 41 75 23 90 84 43 17 77 42 61 69 71 57 65 50 84 84 94 46 20 29 96 84 59 83 17 36 91 14 21 96 59 83 14 51 76 0 1 52 41 51 86 48 55 46 26 40 0 71 27 71 43 57 92 19 73 27 54 29 98 82 74 10 71 81 67 23 58 16 94 80 35 26 57 13 46 85 25 85 65 85 39 80 19 4 13 78 33 87 88 12 12 25 72 15 35 86 40 91 70 25 4 49 31 38 80 36 21 1 73 32 90 79 34 20 33 20 97 66 47 52 78 69 41 10 41 62 87 81 3 98 40 1 29 18 82 23 32 80 51 68 8 70 99 35 83 64 24 71 37 27 76 78 54 39 58 53 23 76 8 52 29 12 54 34 90 52 83 88 25 62 72 45 80 30 65 2 32 7 28 7 48 80 87 18 46 54 26 49 15 93 57 14 30 58 34 31 94 59 74 35 43 93 44 36 66 81 99 97 59 70 46 22 96 86 92 90 55 3 69 84 69 84 70 47 21 52 56 47 67 82 75 99 37 74 24 97 57 34 29 66 13 65 69 66 99 8 16 48 85 66 43 49 88 97 95 67 20 66 94 52 87 9 83 80 33 28 31 32 3 42 92 91 46 23 17 66 31 59 62 6 44 10 97 92 62 90 25 50 13 62 18 1 55 69 73 14 85 72 46 25 34 29 3 14 
81 73 75 66 50 82 10 50 76 32 74 5 33 88 99 44 57 63 55 94 23 98 98 98 58 78 40 80 71 26 54 49 44 62 18 58 69 2 21 59 92 15 47 1 98 98 34 26 12 11 66 82 27 35 89 62 84 9 17 13 54 9 54 39 61 31 86 53 51 47 62 12 45 0 15 34 41 62 20 70 9 42 2 67 63 33 54 3 62 18 9 92 43 92 82 92 65 43 11 41 18 88 85 59 87 55 38 81 30 28 31 85 82 17 11 96 38 48 17 86 34 16 73 97 14 28 34 16 24 87 58 98 72 1 15 11 74 99 8 30 52 25 87 12 97 52 1 2 53 74 75 69 70 72 96 29 34 80 50 51 42 6 46 42 38 72 54 44 98 48 42 22 52 85 46 25 63 18 45 31 92 22 71 81 83 77 94 30 56 50 15 69 26 5 64 46 28 58 25 34 90 7 51 43 91 11 82 62 88 48 6 44 27 66 29 47 21 48 76 66 84 14 88 10 21 8 86 98 6 26 49 25 47 4 43 31 50 20 15 93 52 98 13 53 46 27 50 26 67 93 81 79 10 89 14 10 76 34 90 66 87 82 68 57 74 22 87 4 64 63 39 88 34 78 84 55 28 32 41 73 43 7 41 31 46 35 8 37 37 56 12 71 13 38 33 71 72 6 46 64 88 37 96 18 24 59 5 88 70 82 30 46 3 78 17 97 87 15 34 95 60 37 46 75 70 51 4 37 52 56 80 94 29 41 37 82 72 35 20 46 88 84 13 0 8 56 64 0 86 34 0 84 35 70 86 32 35 49 90 60 93 95 6 25 48 88 95 14 39 55 67 3 86 87 75 55 22 70 34 50 48 39 95 37 20 98 52 72 40 31 42 44 74 3 6 75 93 94 9 13 
52 94 16 81 20 14 35 31 77 19 4 34 94 51 46 84 12 26 58 9 0 78 56 94 80 89 91 39 96 14 35 11 9 53 59 18 33 94 66 12 76 16 48 92 71 97 97 91 43 14 46 6 85 37 41 40 99 13 30 97 13 13 38 36 76 19 22 4 55 31 11 18 57 40 1 76 6 78 37 20 17 81 24 74 49 65 48 52 55 94 57 77 15 30 24 88 27 5 23 74 0 36 98 97 30 85 92 90 18 69 97 69 6 99 86 75 69 29 41 29 75 45 63 23 63 78 51 91 32 50 41 12 5 62 27 65 40 44 79 18 8 56 85 29 49 6 30 20 9 66 65 2 89 65 5 95 69 76 19 42 36 15 85 54 25 0 83 2 35 60 49 96 32 24 94 27 27 19 43 65 80 24 71 69 63 47 65 2 1 17 3 99 18 52 90 16 2 83 57 56 66 37 14 73 2 7 19 25 89 57 10 54 20 54 91 25 2 39 89 66 43 36 91 19 64 36 88 98 62 18 54 8 23 5 51 79 77 9 40 78 16 22 73 75 83 16 2 66 10 48 17 96 66 75 87 63 24 99 71 12 91 54 88 64 96 81 63 31 75 41 13 78 99 42 43 68 78 48 26 52 30 70 15 13 32 15 0 17 87 67 60 58 19 10 21 6 78 40 15 58 30 56 7 45 61 38 49 22 65 23 30 11 44 27 14 87 51 14 53 39 81 54 70 12 2 84 25 40 69 16 33 38 63 14 65 3 29 86 25 71 24 56 55 67 30 96 35 8 88 0 82 15 34 96 78 38 82 77 14 76 1 65 7 1 18 82 80 4 0 17 58 36 90 5 27 44 77 80 31 74 26 12 68 99 9 58 54 45 17 99 54 53 45 0 17 53 54 68 19 36 
10 92 4 85 85 66 45 66 5 4 51 7 7 27 98 10 79 91 32 59 57 2 80 10 74 29 9 24 21 86 94 16 59 22 8 3 79 44 21 22 6 87 3 70 53 65 44 31 13 8 8 90 0 9 81 89 64 11 21 21 17 25 65 94 22 84 45 20 1 83 80 66 75 67 53 82 42 17 18 80 85 73 68 60 99 21 16 57 63 99 20 0 31 84 69 87 9 69 19 54 31 70 21 19 78 76 3 73 35 83 81 40 7 45 98 43 93 42 61 18 87 4 3 32 71 28 85 44 98 2 95 68 68 30 92 66 45 3 76 90 87 4 0 91 61 9 46 26 12 19 1 40 20 59 25 43 29 40 73 11 6 23 32 73 98 30 18 25 85 28 61 29 33 28 60 13 29 0 46 80 66 4 98 59 53 56 38 0 52 2 38 2 85 3 18 35 27 11 34 14 69 86 41 70 28 10 52 54 1 83 72 27 20 94 62 7 43 10 54 91 42 38 27 64 22 98 2 61 80 88 88 47 75 38 24 37 18 47 48 90 99 14 19 34 94 57 81 48 54 25 82 17 49 17 0 72 47 26 94 47 37 82 5 74 17 3 50 10 29 38 96 34 15 67 44 85 60 68 50 50 50 66 25 28 14 11 98 4 50 92 1 33 61 25 56 42 45 86 52 46 13 32 57 92 15 81 34 48 10 44 13 74 98 21 80 25 29 35 35 3 32 95 88 11 74 16 21 31 77 91 25 19 40 9 38 9 97 46 37 3 55 41 90 14 40 97 37 88 73 42 74 41 93 21 17 21 78 35 97 85 5 69 57 50 29 96 87 58 67 47 93 50 92 89 50 36 46 67 18 18 12 27 20 94 4 82 79 19 98 68 18 48 87 37 69 16 91 57 69 77 
59 55 75 69 41 63 32 62 29 86 39 93 32 27 23 34 75 47 58 9 46 36 71 96 85 98 36 67 55 2 55 40 86 3 14 88 6 5 28 54 37 39 74 75 70 86 14 65 80 44 67 11 86 42 13 73 33 12 3 9 33 72 29 17 59 46 71 20 11 36 71 70 86 66 97 74 18 19 66 91 68 88 45 30 33 24 86 19 65 69 0 92 97 26 56 46 60 29 32 23 31 15 72 0 63 30 40 52 19 50 29 16 55 87 97 48 61 62 5 6 54 7 61 86 98 21 75 94 7 56 83 74 31 11 19 99 25 20 61 51 75 80 69 72 29 75 17 35 92 77 66 42 7 94 77 74 46 64 6 29 57 18 0 34 95 63 48 90 33 47 86 29 32 13 26 64 46 70 67 69 35 33 78 64 70 55 1 87 35 93 46 18 66 35 89 73 27 56 40 27 80 47 30 93 31 96 87 54 65 20 31 88 54 61 24 74 89 5 80 43 10 60 37 27 62 81 84 49 83 77 83 97 37 82 74 99 28 14 16 75 15 62 91 66 32 42 1 42 17 82 90 69 75 22 34 55 45 53 81 1 70 55 47 16 3 34 21 19 67 30 89 60 64 23 57 5 39 23 15 70 74 79 36 81 13 11 98 30 78 10 2 48 54 30 78 4 85 11 75 5 75 45 59 3 12 57 0 48 97 29 88 24 52 86 16 71 66 98 43 84 2 29 1 28 81 45 35 77 24 78 33 29 73 67 92 34 67 1 53 23 47 59 15 70 43 47 25 83 28 28 20 10 57 85 57 92 56 85 54 83 68 59 49 7 62 79 67 80 0 57 75 37 53 50 41 42 10 62 16 13 44 89 97 2 51 68 79 76 66 41 52 71 29 65 13 75 32 38 1 1 
60 81 22 20 30 50 85 67 22 21 7 34 46 39 51 85 0 30 34 28 53 82 52 19 27 1 37 81 23 75 32 56 95 89 79 11 12 10 11 77 47 75 77 4 53 81 5 87 51 17 22 48 79 79 27 40 49 94 64 26 69 59 35 3 21 15 88 67 21 58 32 99 25 30 30 28 7 89 92 97 26 26 99 84 26 49 91 15 88 29 30 56 80 5 35 33 94 90 59 26 98 64 99 95 0 83 35 31 30 12 22 37 79 15 90 32 60 43 38 82 36 81 67 0 62 30 63 34 69 32 24 9 39 33 48 24 15 21 87 15 3 5 53 65 71 32 6 72 69 94 76 23 25 51 68 39 69 93 67 62 44 17 14 56 56 84 87 79 55 88 78 2 22 0 21 99 29 81 60 65 63 2 51 8 23 94 88 68 73 31 3 69 13 15 85 83 16 71 41 50 4 22 25 58 39 35 4 61 19 25 22 21 32 78 61 79 97 60 75 26 40 16 8 76 77 79 57 27 77 26 77 26 50 13 43 37 93 52 60 70 43 16 58 34 94 7 77 43 25 50 10 11 48 31 93 1 39 60 43 70 73 18 39 63 53 13 4 37 42 71 24 42 6 99 32 10 11 44 52 72 13 62 27 94 99 97 51 93 73 63 86 46 69 95 84 17 41 95 49 44 28 85 45 60 16 6 30 75 40 90 13 34 42 16 65 98 47 77 16 36 89 51 54 37 9 40 15 9 77 23 5 53 16 26 46 10 85 64 70 67 52 85 36 0 95 19 49 33 33 76 6 47 33 10 80 73 60 14 45 21 30 88 0 12 90 69 31 3 93 54 31 44 41 40 38 40 26 40 37 18 48 69 45 4 87 84 23 33 8 48 64 7 36 66 54 17 53 62 16 87 
91 15 22 73 85 75 17 53 21 71 80 57 42 9 35 21 35 74 71 80 59 19 74 49 71 63 84 80 63 59 94 10 32 12 42 9 17 87 16 8 41 59 59 2 13 56 62 45 3 8 72 92 6 74 59 33 78 36 65 61 62 89 36 81 8 96 55 54 57 76 52 35 14 76 81 57 14 41 50 51 45 33 39 28 25 2 41 38 3 8 70 36 11 91 91 78 11 80 54 59 9 85 91 31 72 87 46 71 53 4 5 17 27 22 75 96 51 99 58 44 64 49 65 65 30 39 86 10 73 68 90 24 33 63 44 60 51 44 54 10 54 27 9 86 79 6 49 88 34 0 93 98 46 59 44 89 19 17 93 85 57 15 43 65 4 1 95 19 86 58 98 91 97 95 25 66 34 6 88 12 80 17 39 78 73 31 67 62 33 86 96 80 37 6 57 46 23 96 13 2 54 66 29 10 45 7 26 29 31 34 48 88 46 36 67 63 36 41 81 25 49 10 92 65 15 48 37 79 74 88 41 3 99 92 63 16 87 29 27 47 44 25 81 57 76 46 93 29 1 96 66 99 96 60 84 46 68 6 46 97 61 20 99 12 1 51 45 35 59 73 92 28 51 7 32 69 2 14 45 16 30 89 62 18 19 53 92 61 75 67 44 74 8 45 56 23 44 51 10 13 21 88 29 72 65 61 44 61 7 14 96 68 60 39 6 72 89 40 13 80 86 12 88 39 58 90 23 26 15 57 58 77 49 66 87 51 38 31 18 53 97 58 61 90 63 23 61 92 61 18 53 38 51 40 25 1 76 24 56 11 4 89 86 34 42 70 33 65 54 12 16 78 26 67 73 20 47 8 51 29 6 54 99 3 27 16 36 18 78 86 56 65 5 26 13 46 17 8 71 83 
4 29 0 50 71 5 66 63 23 83 96 17 89 25 80 74 70 88 91 32 68 93 70 76 47 37 91 16 79 94 58 3 82 94 54 71 64 71 30 24 40 64 77 35 54 47 6 53 8 31 24 97 2 32 86 64 61 49 64 68 17 78 89 90 50 42 60 52 52 78 61 37 83 90 5 83 69 11 96 35 73 10 66 87 23 68 8 13 53 79 73 42 42 88 41 77 73 69 28 24 73 73 65 4 70 21 17 5 22 14 51 52 32 16 6 89 93 73 17 75 61 2 53 22 85 61 0 59 87 92 29 65 81 81 28 59 93 79 76 97 52 27 10 32 22 94 95 71 62 54 36 66 26 83 69 80 61 4 0 63 31 87 96 70 21 1 50 0 46 41 78 35 52 99 97 72 83 16 81 20 31 0 38 2 60 78 8 0 39 2 84 87 15 53 88 83 53 38 69 62 27 74 11 47 34 13 76 30 27 9 37 70 23 34 1 63 47 66 90 82 11 75 73 22 49 79 61 60 92 72 75 4 33 4 24 41 34 98 92 99 66 57 34 4 80 57 19 98 3 52 31 78 85 90 66 27 82 80 99 77 8 54 67 92 4 11 64 74 0 53 68 39 15 5 36 54 28 8 64 17 83 27 72 85 56 16 43 60 98 93 47 58 87 80 54 21 44 4 68 52 7 55 36 75 63 85 67 36 85 36 82 97 12 80 84 17 42 0 93 12 85 14 12 75 6 84 23 19 97 79 38 32 81 52 77 93 31 20 84 79 17 28 3 19 51 50 63 71 41 59 14 39 66 94 27 16 25 7 42 10 6 23 36 51 32 99 78 51 44 59 66 29 44 13 99 89 97 6 6 28 78 89 89 61 38 77 23 17 92 0 87 54 57 81 22 27 25 29 75 3 
33 5 57 47 76 95 52 49 17 36 64 46 93 21 39 98 30 96 56 99 6 85 15 75 0 88 10 66 79 9 49 35 29 55 30 77 39 17 24 74 82 55 21 3 82 63 2 7 39 11 46 28 89 90 25 97 24 5 50 51 32 20 55 66 67 97 84 12 47 28 55 67 99 67 90 58 24 32 21 34 8 33 6 90 47 24 66 77 20 47 81 13 74 13 29 80 84 38 79 26 98 87 95 38 9 2 6 86 20 16 56 32 72 3 11 15 41 95 24 65 18 55 44 6 83 13 20 60 24 46 72 45 81 27 74 86 28 77 73 77 26 10 44 18 42 17 65 21 83 90 69 18 80 29 66 25 57 56 18 24 31 47 14 39 67 20 99 51 36 39 84 70 82 87 64 74 31 61 33 70 40 2 49 89 75 88 7 50 12 13 62 51 84 22 17 66 18 45 23 33 88 17 29 21 48 55 44 45 55 46 74 44 98 30 18 60 7 45 56 13 18 65 65 89 69 46 54 29 12 22 77 0 5 6 95 66 3 1 21 80 66 74 76 70 63 83 82 49 84 71 59 90 33 3 53 18 72 12 60 48 14 80 33 84 80 20 27 93 49 81 42 58 20 38 87 92 60 40 89 7 49 27 31 9 99 20 33 15 18 43 99 23 44 87 79 53 7 32 31 34 4 96 35 86 8 17 20 1 1 26 61 13 16 28 73 46 46 87 85 58 99 17 28 73 74 86 80 4 86 37 46 9 41 54 73 46 59 20 78 11 85 69 4 49 35 19 19 93 22 49 38 88 47 34 1 32 96 26 79 31 51 55 0 83 52 66 3 77 37 78 30 9 66 72 33 62 91 95 32 59 33 54 63 82 93 56 65 83 53 30 64 99 40 0 54 6 84 57 89 55 
46 44 35 72 78 79 41 28 76 17 0 98 98 29 13 14 6 96 29 23 78 63 32 69 95 69 27 7 35 18 67 20 54 29 85 86 14 76 67 27 14 29 8 51 92 38 46 89 62 64 63 30 23 97 62 67 26 93 68 35 91 54 26 76 68 38 64 88 86 84 59 67 68 2 35 71 12 22 4 80 33 56 66 69 56 43 42 87 14 50 51 84 57 8 57 63 70 63 17 2 90 74 45 24 71 97 21 28 6 61 39 58 35 28 98 84 5 22 73 19 42 16 18 32 57 97 37 17 2 87 87 60 77 84 98 6 91 1 3 8 42 42 77 58 80 91 16 36 77 25 98 21 32 88 33 5 2 45 49 42 17 51 74 51 53 58 69 85 0 23 76 13 7 26 64 18 55 49 99 99 37 20 73 48 6 54 22 13 58 51 25 6 67 86 43 5 72 21 87 2 74 30 32 25 11 49 15 5 81 95 95 35 69 17 35 24 25 25 43 15 75 20 37 42 43 49 85 8 11 33 90 59 88 11 92 11 12 86 63 51 82 81 41 14 9 30 95 32 85 38 79 83 90 31 74 16 71 19 20 22 2 61 64 61 28 82 35 19 91 53 83 55 54 46 72 94 81 47 77 30 86 20 43 41 95 5 99 62 13 65 65 97 24 86 73 45 8 14 5 13 84 75 59 51 60 91 16 13 92 33 17 1 27 88 6 92 66 69 88 42 2 83 27 28 51 19 91 9 17 72 38 5 42 52 59 34 2 3 66 61 8 24 28 29 86 82 4 58 66 92 62 54 41 56 10 26 37 89 4 23 79 39 3 23 7 51 92 1 50 31 37 37 75 31 69 30 1 69 33 42 45 50 20 92 68 93 83 53 23 91 76 17 53 60 23 79 37 21 13 78 
77 78 77 29 98 74 9 89 53 69 86 29 73 90 38 18 26 25 37 20 5 66 81 93 5 70 23 65 45 81 87 94 95 5 27 37 97 11 30 16 90 63 46 85 39 5 5 91 26 45 28 51 66 58 9 46 65 94 50 89 99 92 57 41 15 32 57 45 47 40 59 60 95 23 30 27 86 22 20 38 81 32 72 54 40 54 23 4 6 47 84 43 82 54 47 80 55 66 98 17 77 37 97 34 58 40 76 55 44 82 95 49 79 23 50 85 49 82 36 99 0 2 97 0 68 74 57 97 1 8 75 37 36 15 30 48 69 35 58 82 59 28 86 15 71 81 1 84 34 76 31 55 54 91 58 82 83 36 32 85 74 81 42 65 58 29 17 47 57 83 8 38 69 81 94 24 19 91 58 8 91 45 12 0 18 33 62 27 4 30 95 65 2 66 14 17 95 8 62 72 18 49 48 37 28 32 30 0 45 97 83 55 64 4 87 26 70 73 65 53 63 85 46 60 81 2 35 85 57 56 50 66 19 57 36 37 44 50 87 28 50 98 70 82 56 11 81 57 99 46 20 98 12 72 34 85 6 18 78 14 71 80 76 68 66 22 56 16 79 43 31 26 66 19 3 21 89 94 93 17 25 13 74 12 55 1 81 30 83 65 6 30 16 1 12 52 29 81 82 1 79 58 77 15 65 75 29 93 33 58 68 94 40 89 35 97 83 92 58 78 14 56 83 75 93 74 10 21 21 29 56 99 82 52 82 11 51 3 56 60 49 83 64 77 71 83 39 0 73 38 10 13 8 91 30 71 54 32 99 15 86 18 9 0 38 52 16 99 67 34 88 40 85 20 16 84 51 59 51 21 57 38 31 82 77 61 98 60 74 15 18 2 76 62 6 11 56 31 26 57 
26 89 21 96 40 62 37 36 48 4 99 72 19 34 24 35 68 47 99 96 79 34 56 18 74 91 34 20 95 32 72 35 80 12 52 39 0 8 17 18 98 99 65 49 26 71 70 19 31 56 42 49 47 45 40 63 38 29 81 63 5 40 59 79 45 2 33 35 3 67 59 45 9 47 3 32 72 7 28 79 88 85 26 74 11 41 46 37 58 61 24 28 48 47 34 35 76 51 46 91 10 54 11 68 57 41 88 81 63 70 70 61 96 22 15 71 23 58 94 40 99 91 37 15 81 84 25 13 35 45 37 3 65 22 65 69 57 32 92 4 32 96 12 6 47 42 34 60 23 71 49 68 57 82 58 76 8 27 68 23 80 53 41 79 99 71 26 27 58 97 16 29 59 28 15 94 4 49 69 5 67 65 54 85 67 55 51 43 89 89 16 8 44 10 63 75 34 0 74 22 48 31 19 28 16 18 18 98 37 36 35 90 2 27 30 88 35 85 7 33 36 58 97 76 63 34 94 99 4 21 3 65 15 96 26 26 54 91 69 92 12 51 73 79 25 90 7 3 67 45 46 8 80 62 81 67 73 69 58 75 2 19 51 2 19 33 87 25 86 47 33 81 2 69 21 52 20 58 31 92 76 22 84 50 42 3 86 53 81 20 7 71 40 54 1 8 55 16 80 51 73 89 49 74 51 55 10 5 27 10 58 45 42 37 30 85 58 60 43 38 1 47 22 11 82 90 14 27 57 73 49 70 28 66 33 74 3 28 68 83 2 66 86 24 48 93 55 95 56 15 56 94 43 65 74 28 43 66 28 64 91 55 92 36 54 97 50 48 41 69 84 80 20 52 93 16 48 24 27 70 44 25 14 57 92 15 99 8 29 30 29 61 65 7 75 83 74 79 7 2 
83 14 5 37 14 69 38 44 32 47 71 88 21 89 44 95 67 96 30 85 30 71 45 55 85 93 90 29 91 79 56 67 51 22 43 15 0 92 86 98 61 12 77 72 72 79 23 41 94 97 22 41 55 49 15 18 66 72 87 73 2 6 30 47 70 45 39 84 82 35 52 65 31 19 64 29 34 9 1 29 63 97 31 42 68 99 91 87 51 24 16 95 55 80 99 70 68 93 60 38 16 54 24 65 74 95 41 49 96 32 12 25 39 33 38 34 52 97 37 64 29 90 20 59 50 20 22 3 40 59 66 80 77 14 6 82 25 25 50 71 37 75 64 23 54 65 86 15 9 29 94 19 84 30 36 45 39 26 60 45 23 6 82 29 31 51 11 0 26 49 58 15 20 40 43 57 76 12 11 96 29 85 81 50 8 31 63 49 29 4 59 21 54 8 27 91 56 76 98 71 83 66 62 49 60 35 51 85 77 82 14 5 53 61 62 23 96 70 61 79 81 32 70 96 39 73 13 85 89 41 36 7 77 64 52 61 62 77 96 5 0 9 54 17 45 98 45 5 10 82 50 31 7 62 29 94 55 26 48 75 54 72 40 60 88 56 83 16 14 90 32 76 91 46 55 26 52 40 19 91 16 92 51 45 39 23 45 11 49 55 37 49 22 66 2 7 67 82 32 64 60 69 61 90 28 44 65 39 44 42 16 79 19 84 71 45 65 82 41 4 71 67 75 35 26 34 94 94 72 33 77 70 27 19 26 2 31 73 97 81 7 64 10 96 23 61 86 40 56 80 18 63 39 94 55 17 79 54 65 67 57 62 89 51 33 87 84 74 22 93 58 22 50 39 91 70 39 87 61 48 70 33 18 14 78 98 32 23 47 82 42 68 19 45 96 33 44 58 2 25 
92 25 49 83 1 79 58 61 81 51 27 10 53 64 67 7 12 88 54 1 86 47 29 7 86 13 95 65 17 92 92 11 0 45 64 36 8 64 56 93 95 65 8 79 70 2 33 68 37 39 29 12 70 85 79 58 62 90 73 72 92 88 46 21 43 52 29 33 70 16 7 26 34 96 21 22 4 86 26 47 84 45 66 98 26 71 83 63 14 25 78 33 65 22 97 37 57 38 96 43 9 2 78 49 54 5 81 58 29 93 8 98 91 58 28 21 1 58 17 61 83 22 55 39 83 75 60 12 10 85 79 48 63 24 14 16 79 8 96 21 35 74 78 72 60 91 43 87 28 69 97 55 81 76 43 32 47 3 60 30 41 31 52 50 29 27 73 16 36 44 35 94 0 90 85 85 68 44 36 54 95 37 20 51 52 40 42 3 45 1 99 44 96 72 87 27 83 30 90 38 27 13 97 41 86 41 52 85 90 40 22 60 73 2 94 20 80 89 48 56 17 74 91 64 85 29 46 13 60 93 9 96 50 4 6 41 77 66 19 56 44 28 81 31 56 75 1 94 17 92 18 47 91 66 96 40 25 77 91 87 14 50 91 80 42 61 50 92 11 82 98 10 44 15 86 34 90 76 43 9 18 40 3 48 78 28 84 18 36 22 10 76 47 7 3 4 10 55 14 73 78 40 18 59 80 66 40 56 40 70 91 65 44 14 16 75 80 52 37 44 37 85 49 26 88 80 93 18 68 47 5 77 56 73 14 83 74 64 71 67 94 89 65 27 55 54 32 0 15 71 50 29 90 16 22 64 81 90 22 37 26 20 96 46 3 48 39 58 86 90 71 18 20 8 66 25 83 23 51 71 24 25 60 48 89 23 32 30 25 0 24 8 70 83 54 5 40 78 15 60 
14 80 93 41 14 12 1 24 32 74 73 56 99 61 18 79 31 1 48 16 38 16 50 77 50 68 7 30 66 10 53 66 57 89 52 52 51 24 59 52 69 50 55 4 51 0 16 29 52 7 28 62 26 43 57 23 90 98 43 10 39 74 34 14 50 38 57 83 96 41 70 38 71 56 52 45 82 5 63 38 56 53 67 24 78 3 19 58 52 53 15 83 33 31 20 78 34 98 43 46 69 3 80 8 50 15 12 92 74 77 42 78 82 38 46 7 74 20 19 22 95 38 2 38 77 23 50 64 85 34 78 6 6 53 45 88 18 44 12 74 68 27 81 21 11 90 11 97 10 94 50 59 86 81 76 12 19 30 44 42 47 1 86 5 31 11 95 36 27 83 55 69 20 72 88 3 87 27 37 31 37 95 50 77 94 1 74 55 95 71 30 82 3 44 24 4 55 39 12 10 96 63 9 39 41 36 16 96 62 22 60 25 93 42 6 48 91 7 59 37 24 43 49 54 70 34 75 80 75 34 83 33 82 4 67 23 33 50 60 33 56 74 77 16 0 85 11 13 84 99 55 41 16 46 89 57 73 65 15 91 7 75 77 25 14 20 84 48 42 55 28 48 25 4 79 18 3 53 7 6 87 0 83 99 29 23 44 27 33 50 53 11 23 8 5 74 17 12 12 20 41 62 41 6 28 27 86 97 98 49 77 0 78 58 57 26 80 58 24 28 81 3 20 62 11 21 59 99 94 75 96 62 86 24 62 76 62 77 47 0 32 49 85 32 10 14 20 20 1 8 16 92 12 52 12 50 46 47 76 54 48 59 74 46 57 4 67 52 27 50 5 54 79 3 40 0 3 96 9 92 79 37 85 15 61 88 22 30 94 22 66 23 82 36 17 92 13 3 45 32 
23 63 96 9 25 69 25 74 49 23 90 6 88 84 74 61 33 24 65 2 69 89 24 20 73 75 86 36 40 29 27 10 58 92 89 24 47 11 40 17 8 72 22 70 86 94 3 90 0 64 89 21 72 0 51 62 33 96 7 30 8 97 89 16 71 68 6 75 73 2 94 96 75 78 30 81 54 54 72 30 74 3 34 53 59 17 97 29 10 46 31 42 38 31 88 9 43 16 42 54 50 53 6 9 19 66 60 9 92 57 26 41 67 25 73 49 73 69 85 37 24 61 6 21 5 65 55 81 54 83 42 69 84 86 8 83 8 52 58 47 83 39 52 48 94 39 33 41 7 99 55 63 26 71 41 65 75 32 34 56 56 6 88 44 93 26 44 82 50 75 0 3 37 39 18 41 45 13 43 77 46 53 56 85 77 25 39 23 94 47 18 57 37 81 51 51 86 75 35 66 21 99 48 98 8 41 37 10 6 70 54 54 20 19 15 13 37 2 33 24 0 60 37 42 20 27 99 10 91 77 48 27 64 46 36 2 45 35 64 77 38 91 82 50 85 94 36 57 70 64 13 14 11 67 41 31 67 84 29 93 88 12 60 25 96 57 52 37 44 14 67 96 68 47 71 94 83 14 4 59 44 3 37 87 71 33 50 46 8 57 64 53 12 70 26 84 5 71 82 69 57 21 27 53 30 35 26 30 73 54 46 25 94 0 20 53 74 66 35 36 44 34 25 24 49 82 14 60 43 13 72 20 56 29 67 2 58 7 14 83 70 99 2 61 62 27 39 6 35 49 40 57 42 30 90 56 73 86 36 9 70 66 66 21 64 93 55 26 57 74 27 95 39 40 57 6 58 11 1 53 21 3 25 57 12 18 1 15 45 59 49 20 14 72 30 88 26 71 8 41 
35 69 90 24 68 10 6 64 59 73 38 50 85 91 27 53 96 94 30 83 77 88 88 11 38 27 66 52 6 63 80 99 4 83 86 8 96 48 57 39 16 20 47 5 3 50 93 27 40 45 7 58 68 97 33 4 11 20 97 27 20 10 46 12 12 32 27 37 17 99 94 63 51 57 83 70 66 91 47 93 26 47 58 86 40 56 41 13 37 99 12 44 39 60 19 28 74 90 54 82 41 51 50 40 82 72 98 85 24 31 62 97 6 69 38 62 95 3 15 92 24 31 58 47 21 68 57 59 47 51 2 95 37 99 32 34 70 80 72 34 75 97 53 85 70 3 96 98 62 54 35 55 15 45 47 96 40 95 67 17 19 71 67 12 89 44 93 13 43 21 46 21 4 23 12 68 76 64 43 17 85 30 62 84 24 24 83 36 93 13 29 46 18 95 73 48 1 29 63 73 1 92 55 62 87 46 80 89 86 61 83 65 63 62 99 94 33 77 35 89 96 96 8 54 40 91 41 41 1 3 20 79 44 13 32 57 48 80 72 90 30 21 85 33 14 20 26 97 63 4 94 32 53 99 71 86 52 50 18 70 32 89 52 25 43 95 99 54 99 49 48 14 45 1 75 26 76 45 71 37 70 92 52 85 83 76 39 80 24 88 13 68 59 20 89 72 7 39 46 86 39 12 48 65 34 13 11 34 74 91 39 26 45 58 94 57 31 96 38 10 26 83 97 13 66 32 77 17 80 36 21 63 53 74 25 51 39 24 77 94 20 50 13 8 54 37 31 34 58 62 42 46 3 60 34 70 25 72 4 14 10 39 98 51 81 43 6 76 2 94 20 26 42 86 54 55 27 57 3 86 46 23 70 62 66 14 52 15 60 24 36 25 13 52 51 24 47 70 32 44 
4 8 12 34 27 73 33 79 33 72 79 31 27 66 51 60 65 51 72 77 14 18 19 73 76 6 12 44 95 79 54 91 97 6 57 3 77 58 2 16 44 24 58 7 27 52 92 42 18 11 77 62 84 51 9 13 57 90 7 22 24 36 36 86 1 87 52 99 50 95 21 74 36 45 28 61 16 16 45 75 78 87 11 99 22 34 72 67 14 15 94 45 84 78 86 27 3 72 88 72 55 13 67 58 52 60 46 92 23 67 75 27 73 95 47 93 96 81 22 90 44 86 88 91 13 88 25 15 65 8 85 52 56 79 23 70 74 84 23 50 64 57 89 30 95 78 20 67 30 48 50 2 46 26 70 79 99 15 16 51 49 64 92 57 0 5 85 11 20 23 3 98 3 41 43 16 44 1 58 60 31 64 93 19 26 88 11 17 56 58 67 29 88 36 52 46 61 41 94 86 43 70 91 48 96 51 33 13 51 19 18 26 33 1 94 61 18 11 79 57 79 15 67 15 18 7 1 66 25 9 5 94 2 47 17 64 46 93 4 53 21 13 50 68 14 2 81 44 36 96 6 35 51 94 15 67 42 86 7 11 69 41 46 98 23 98 43 54 50 76 75 96 30 86 5 38 79 19 22 48 54 99 81 3 41 48 87 51 38 72 95 92 21 10 94 68 36 91 25 78 52 91 47 2 18 35 52 4 48 46 34 58 56 31 91 97 41 65 72 90 84 22 56 33 28 95 68 31 43 49 78 13 20 28 62 99 69 76 65 82 64 80 40 84 60 29 17 98 91 76 68 12 93 83 39 42 28 18 36 50 78 88 14 49 38 23 78 12 94 52 7 72 88 64 80 39 88 88 34 72 54 18 22 73 85 60 23 75 75 68 38 55 13 49 5 91 77 85 95 63 
18 64 3 86 37 44 3 4 30 61 78 32 80 70 55 97 48 80 80 40 42 83 31 73 62 96 52 96 67 94 56 10 94 67 39 24 9 40 68 17 48 87 13 43 3 53 69 40 37 96 78 90 93 71 46 96 99 80 86 34 82 41 53 7 47 10 34 30 92 17 15 92 70 35 36 83 12 91 43 90 81 52 14 95 40 15 64 84 78 50 63 27 55 55 86 76 8 64 61 32 28 11 93 35 34 28 98 14 15 51 66 35 45 47 11 8 82 4 4 62 13 5 68 9 38 7 35 3 76 58 94 43 12 29 97 88 7 80 51 78 40 9 40 27 27 74 90 97 77 34 2 84 61 38 48 98 34 10 57 74 50 80 64 85 55 92 67 54 64 60 3 1 34 46 47 50 31 44 61 47 95 12 34 7 81 0 11 61 36 47 24 40 71 37 67 36 58 55 88 9 82 66 63 94 98 18 11 56 31 66 70 56 65 46 93 19 35 32 94 13 89 79 46 85 79 65 92 50 41 51 55 52 5 18 63 9 88 20 35 62 69 35 85 6 99 58 14 41 85 66 27 88 87 6 17 57 86 89 90 37 43 87 76 57 53 23 65 89 76 57 31 14 58 4 36 96 96 73 41 23 68 21 5 97 82 99 72 4 40 25 5 83 26 8 35 23 41 50 59 20 90 72 27 62 14 85 85 69 78 58 67 19 20 77 13 4 12 43 96 6 56 44 78 94 0 2 97 86 27 91 96 41 9 50 28 16 57 77 19 23 47 86 95 43 49 40 1 21 31 57 79 11 23 43 11 89 66 96 37 46 37 25 57 72 35 19 80 58 7 41 87 69 32 40 37 81 99 67 80 8 85 38 60 95 65 10 35 68 8 27 8 68 64 60 48 46 50 74 78 31 
91 24 0 31 77 42 54 12 81 45 55 9 68 21 88 2 42 56 39 19 66 34 40 82 75 25 40 81 31 24 27 78 70 35 62 21 13 20 49 51 48 80 56 81 97 19 57 76 18 49 45 6 64 2 12 85 72 8 62 10 70 84 45 41 77 1 41 27 94 11 70 12 20 40 49 66 7 47 6 26 56 14 32 77 13 22 9 74 25 84 8 49 10 39 23 63 77 47 98 25 22 27 45 38 17 78 54 85 88 98 51 90 29 71 77 0 46 23 97 75 76 58 29 63 85 20 38 16 77 16 24 3 58 51 43 41 35 46 90 47 14 4 57 10 9 23 82 19 47 13 55 17 3 54 9 30 81 96 37 40 16 45 36 65 10 76 83 29 33 43 69 70 82 36 27 24 4 3 14 98 20 67 35 25 51 55 57 80 35 74 84 39 73 26 81 31 46 33 58 14 12 66 31 60 72 11 13 2 62 98 66 82 89 5 74 90 39 33 44 23 7 75 19 17 93 42 31 74 45 63 7 0 8 34 45 99 88 12 12 82 95 89 92 29 65 57 15 35 21 53 70 21 72 55 95 42 96 2 22 40 49 46 14 64 93 24 41 93 81 72 99 66 90 44 43 16 77 52 14 86 87 71 28 80 64 45 7 19 66 69 87 67 44 69 7 8 7 67 78 21 61 23 58 21 68 58 63 4 77 37 39 94 62 98 9 62 65 86 32 46 94 68 49 1 43 60 95 5 61 88 41 18 54 40 21 47 21 80 57 63 69 21 3 83 10 3 29 6 48 21 20 56 74 42 28 44 42 57 61 60 73 3 80 98 9 75 29 44 77 85 60 19 73 67 97 5 99 13 32 0 1 39 5 50 32 96 73 74 56 33 1 71 57 15 2 92 58 85 70 76 
67 5 68 43 32 65 22 76 28 45 59 16 4 35 95 22 5 58 59 89 55 75 92 44 2 20 80 12 88 2 6 39 57 98 69 54 12 55 93 84 39 74 13 74 84 74 8 70 25 79 26 0 29 36 85 9 32 40 45 54 41 29 83 65 53 42 84 90 27 83 34 77 6 97 23 46 59 36 14 57 99 99 70 35 19 51 76 68 74 84 57 94 75 79 88 46 60 41 93 2 78 98 81 3 74 6 12 80 99 32 21 42 69 20 20 69 89 58 78 51 58 87 4 60 3 39 53 10 90 24 2 26 21 27 51 78 27 44 32 80 93 22 83 87 13 63 31 96 18 69 74 24 18 39 71 92 25 2 23 86 55 75 81 78 31 35 67 82 80 84 99 62 48 4 2 83 80 43 56 23 44 37 64 14 23 24 1 83 92 36 53 28 70 5 61 90 70 97 70 60 23 85 22 23 98 11 53 54 86 98 2 74 85 90 25 17 13 47 35 3 46 84 43 61 92 10 3 42 20 27 38 22 14 0 36 45 21 94 29 60 54 56 77 22 86 63 11 61 31 8 39 77 9 58 6 78 73 52 57 66 14 13 69 14 14 36 41 57 55 3 29 53 42 2 17 53 7 97 89 38 55 90 11 42 94 83 65 97 41 8 41 6 8 84 99 10 19 62 62 72 18 30 65 89 8 48 51 72 28 7 36 8 35 42 7 84 33 23 52 76 92 85 99 27 41 8 46 88 96 66 22 53 22 44 93 56 85 57 2 63 48 50 42 95 56 95 45 5 10 81 16 98 89 45 34 35 75 64 4 51 19 63 69 39 93 85 18 74 73 90 22 31 25 58 6 55 74 46 39 92 65 2 48 82 70 40 46 60 56 1 80 6 90 89 48 92 14 68 83 59 
40 94 60 90 97 34 8 77 45 10 64 8 53 6 16 82 37 15 63 72 17 78 59 27 54 10 30 87 16 81 16 96 62 42 23 74 89 22 5 15 0 60 57 39 19 16 33 81 99 70 42 33 14 60 68 49 59 75 51 47 56 58 86 35 46 61 15 65 17 76 32 58 68 96 81 48 95 0 94 59 36 28 66 13 82 18 83 76 53 63 72 10 74 97 72 57 73 8 1 93 12 53 33 23 86 37 96 83 29 99 99 64 59 42 47 2 19 1 88 44 87 40 47 67 61 78 3 11 91 91 40 5 28 24 37 28 55 32 91 72 61 61 64 12 22 47 25 71 67 29 16 85 87 30 99 86 35 86 45 75 20 45 52 28 3 58 75 91 18 16 12 95 10 73 50 15 43 8 69 71 95 61 38 67 43 82 37 55 58 12 52 63 84 62 22 8 30 74 31 95 18 82 6 12 89 0 60 17 79 80 11 40 19 34 11 22 84 36 71 74 19 57 47 50 70 59 25 72 89 26 30 19 34 49 42 31 94 41 11 94 26 72 5 61 79 23 98 14 74 87 36 96 90 93 71 16 11 76 1 60 75 42 43 81 83 58 54 80 73 77 29 59 11 56 73 66 67 45 75 8 16 23 96 51 63 35 39 0 35 9 82 64 10 59 50 24 21 8 37 0 30 24 88 18 4 87 94 7 94 55 62 98 48 54 44 24 86 36 79 44 14 44 65 92 64 57 12 60 68 56 47 77 52 73 72 44 71 50 13 12 25 54 60 78 76 49 99 43 54 59 64 91 16 64 73 32 62 83 99 69 84 82 69 20 17 57 39 14 85 20 32 97 44 10 12 10 81 67 10 25 56 73 44 77 48 35 23 88 48 66 98 91 64 57 82 82 83 15 67 62 
58 26 17 91 23 70 6 52 7 58 19 28 28 22 50 74 24 18 93 81 86 69 98 2 10 42 58 33 3 59 72 62 66 23 28 36 18 86 75 62 6 26 32 34 62 89 19 54 54 28 25 13 59 33 41 78 88 88 34 59 40 47 48 49 92 92 52 29 40 87 66 66 65 72 48 34 38 30 41 86 91 73 23 37 41 6 78 91 3 40 41 95 20 37 5 58 22 1 41 11 54 5 67 51 73 48 28 35 83 78 75 36 86 87 50 18 18 39 37 13 30 29 35 56 81 65 63 27 42 9 71 40 8 48 78 4 26 1 95 67 19 41 97 73 65 56 62 74 3 96 91 17 83 48 5 76 52 40 16 19 13 36 15 58 74 30 48 51 84 0 97 33 48 94 28 29 86 28 15 3 24 15 59 37 40 45 30 70 13 14 42 34 27 55 40 19 8 78 33 7 15 72 15 57 27 62 99 5 79 72 21 52 32 33 38 11 22 23 86 2 64 42 28 4 83 66 42 97 17 18 67 92 87 66 56 43 31 69 50 95 42 15 93 16 29 5 66 5 13 79 45 84 93 88 3 93 15 24 45 79 67 54 64 90 7 58 52 79 62 18 70 33 11 42 35 9 37 52 33 89 73 32 72 44 71 94 45 61 93 10 34 0 72 32 51 85 48 11 35 1 98 49 26 10 60 97 9 58 65 9 34 25 61 27 94 26 27 1 9 40 58 60 88 14 1 69 96 26 26 17 62 61 44 15 58 89 95 43 13 39 77 78 46 15 75 99 0 58 5 32 60 54 86 69 16 88 42 91 48 91 53 53 52 59 24 4 91 64 98 5 34 12 52 39 56 22 13 37 72 12 73 13 76 32 24 89 53 38 38 98 66 97 80 59 54 79 46 79 56 94 
79 30 57 17 96 45 60 74 80 92 57 49 83 44 12 96 22 29 31 96 51 98 55 88 65 26 6 85 6 13 65 35 59 55 25 10 59 60 71 67 16 5 24 7 6 34 68 71 66 89 42 78 27 70 29 9 30 75 50 94 51 49 6 79 25 76 78 31 50 47 76 28 61 36 11 75 36 67 57 82 13 60 39 81 3 70 82 70 36 13 14 0 86 76 16 14 35 44 84 68 33 51 7 51 30 8 45 90 83 30 34 83 87 55 73 15 31 59 22 13 15 41 60 49 31 17 6 28 83 35 40 25 20 87 76 28 4 66 18 6 80 20 35 28 84 14 85 9 86 41 95 49 67 15 74 35 94 9 65 77 98 19 69 55 10 44 40 17 35 45 15 93 11 8 73 36 3 63 13 75 30 91 99 13 95 50 8 4 71 92 64 77 16 17 91 24 61 54 30 39 47 38 15 2 47 7 71 94 14 25 59 6 73 62 73 51 72 15 4 79 41 13 15 48 5 80 87 18 43 20 26 18 96 60 26 64 45 0 65 52 19 74 83 40 52 77 34 30 43 41 68 67 73 29 42 43 72 77 96 35 17 86 85 75 9 20 52 97 86 80 3 29 95 79 7 71 19 69 45 22 53 13 67 30 55 35 82 40 95 7 90 25 31 6 10 96 88 50 26 32 96 15 10 5 85 99 81 69 13 9 46 63 85 74 98 3 59 68 50 24 84 88 2 50 48 73 78 34 31 37 71 17 95 44 89 28 71 47 21 60 28 46 90 88 26 25 16 42 81 7 38 76 56 32 55 24 58 86 15 42 43 94 44 48 85 84 57 46 3 98 29 11 10 32 39 0 63 57 73 51 65 69 51 75 31 40 5 10 63 18 91 34 32 24 24 1 24 86 37 71 
71 13 43 10 56 94 72 64 89 51 81 50 46 14 36 32 96 4 1 84 24 88 86 96 73 88 23 72 54 15 69 83 61 47 58 93 54 69 38 45 68 83 49 7 77 73 53 93 13 39 86 5 21 14 58 7 47 69 45 37 5 74 33 90 2 45 35 75 76 64 3 7 96 44 12 38 62 87 43 1 72 86 68 51 17 60 45 47 39 44 59 88 94 40 94 69 57 43 89 58 46 64 10 14 9 59 3 80 97 35 53 31 42 8 43 45 98 63 30 31 67 44 92 65 20 28 55 62 60 32 4 25 7 24 79 31 10 3 77 43 25 74 79 57 55 94 44 27 2 99 38 37 55 27 33 93 77 67 32 10 13 28 56 73 28 9 79 48 8 45 90 28 80 31 25 22 51 56 90 54 86 87 40 8 61 70 32 42 3 21 90 86 21 73 46 48 57 59 49 95 15 76 22 16 12 43 12 62 69 61 70 96 30 20 20 88 16 79 3 34 27 61 32 60 28 97 9 47 66 17 81 62 11 81 86 65 94 85 67 17 86 69 58 6 30 93 38 53 51 50 86 39 33 4 78 6 46 88 38 14 47 3 40 11 80 99 17 57 50 74 31 23 19 97 32 88 69 51 35 44 35 66 83 75 21 33 25 59 90 59 51 10 7 10 73 28 41 28 15 82 59 70 54 17 81 89 60 27 53 70 94 31 40 40 24 12 78 13 44 54 45 45 2 9 79 74 0 7 52 21 40 86 19 36 3 33 95 72 72 89 4 41 76 23 73 68 69 32 46 43 91 93 0 75 35 72 47 35 58 99 39 92 17 24 12 45 83 72 16 71 94 24 99 88 55 56 48 77 68 34 19 68 95 43 13 33 20 40 79 7 89 28 99 77 30 72 11 76 48 67 
71 66 78 30 2 85 17 3 11 79 71 34 78 72 31 36 76 58 59 0 67 49 56 10 63 67 53 17 40 50 29 84 21 24 6 89 28 5 90 62 47 47 53 28 55 42 19 36 91 83 48 91 18 87 24 33 37 15 96 65 75 94 34 85 34 41 56 96 47 99 16 39 44 45 19 96 5 79 91 7 56 99 77 67 30 61 75 81 23 61 94 3 11 9 52 68 78 2 96 62 49 24 49 96 58 24 0 66 70 86 24 45 9 51 64 67 17 80 32 2 66 4 44 35 2 39 82 63 93 15 60 17 7 79 85 71 85 29 24 82 72 76 37 78 56 42 56 7 48 32 68 80 42 32 0 78 14 31 32 60 86 79 42 36 53 2 66 59 52 27 79 4 60 36 99 34 41 69 94 55 47 40 93 95 3 58 85 34 4 41 26 57 2 51 65 11 66 5 46 23 28 11 82 40 66 59 52 6 78 84 49 63 21 5 37 96 65 22 44 84 15 70 29 45 57 78 10 18 84 9 24 29 81 29 44 82 42 13 18 84 50 94 49 27 32 67 4 25 47 47 87 28 77 54 53 80 3 97 23 45 93 42 77 4 87 20 5 35 95 73 33 93 8 0 54 63 26 73 8 95 78 22 85 47 4 5 20 22 92 71 47 0 2 71 92 8 86 48 98 21 82 87 39 90 77 25 53 67 8 11 43 51 50 55 34 71 66 73 32 23 15 54 11 35 71 37 69 69 57 2 54 46 83 44 94 29 49 50 93 19 62 10 17 99 27 9 95 46 49 89 68 7 70 51 81 23 16 55 84 11 17 58 29 96 62 44 34 32 51 14 19 15 31 74 76 17 77 44 91 98 29 83 17 62 83 32 48 14 68 18 30 58 19 19 8 73 71 54 69 86 
85 46 33 64 9 78 50 44 3 41 2 5 36 31 13 4 55 21 96 77 17 22 70 34 80 78 6 27 14 55 93 74 17 98 37 24 74 75 47 19 79 36 73 25 17 83 6 53 58 33 74 65 1 2 53 96 31 19 63 60 82 31 6 50 52 81 59 5 95 20 81 48 47 92 11 36 3 24 88 62 63 73 21 40 49 38 33 30 31 81 16 55 20 73 90 29 66 95 53 97 24 46 18 2 88 62 48 25 51 53 57 77 47 36 77 20 73 84 80 89 11 96 64 8 24 49 35 95 35 33 5 74 68 60 97 49 49 21 80 32 1 39 31 48 59 11 71 68 4 97 74 94 4 53 31 35 46 0 80 60 43 75 59 22 21 7 71 93 20 38 64 13 81 61 70 89 77 42 30 95 32 12 37 27 50 64 37 64 54 74 74 8 37 29 89 15 93 43 3 66 87 4 51 36 2 69 8 14 21 28 42 67 27 34 7 42 89 32 35 7 7 58 39 47 6 89 97 4 85 27 1 68 43 0 54 57 65 55 63 33 49 30 24 59 14 82 0 18 64 18 32 24 46 17 18 93 42 46 46 25 81 28 85 99 84 66 48 76 90 20 63 60 84 63 82 99 41 74 70 6 89 73 1 59 35 50 56 54 69 42 29 62 89 89 88 92 74 97 69 77 49 36 42 2 89 32 95 27 3 42 91 52 14 38 41 36 90 70 83 7 19 45 97 15 65 91 17 5 49 82 45 60 2 18 86 2 61 36 56 35 22 87 78 35 24 13 80 31 47 29 70 26 91 16 30 0 88 93 28 71 12 96 5 74 29 19 22 2 68 96 99 31 68 89 56 35 11 21 42 33 61 82 1 20 55 3 72 13 55 92 86 19 72 44 68 17 93 34 91 9 
49 23 11 3 98 63 32 96 66 6 12 80 42 97 5 94 49 81 60 38 86 92 34 71 42 81 82 35 15 68 76 63 78 54 76 55 24 70 86 26 87 9 33 94 16 12 89 54 50 15 25 67 85 40 28 25 31 92 56 22 31 97 73 32 97 81 75 75 78 73 14 1 36 58 81 77 0 8 1 70 1 25 96 81 8 20 69 67 94 85 97 92 1 36 54 25 55 87 15 32 7 81 89 29 18 5 57 83 93 40 42 81 56 58 91 38 98 93 68 27 82 55 69 3 37 9 40 72 36 81 33 44 53 74 94 50 5 56 92 46 21 33 83 86 61 14 96 47 88 95 13 56 86 90 33 65 34 17 26 46 92 94 23 45 2 71 58 37 69 14 10 16 54 26 44 55 9 90 23 37 94 65 41 78 67 72 12 69 78 64 89 11 46 47 11 17 67 36 87 60 25 37 31 92 53 25 21 87 88 2 6 10 84 52 63 12 53 66 90 22 7 97 11 4 60 55 53 26 76 2 67 56 19 37 4 22 2 82 59 14 94 25 51 60 18 12 3 80 44 35 12 14 10 37 94 19 60 19 27 18 44 49 62 94 69 55 37 38 65 55 9 36 59 24 86 90 35 8 29 33 43 61 84 16 98 76 14 90 15 3 11 59 45 56 10 76 28 19 68 15 30 37 36 81 14 54 65 87 33 44 90 87 55 52 9 48 1 16 53 11 93 54 76 92 97 84 33 68 55 16 95 88 36 6 51 13 32 64 42 89 62 65 77 95 57 9 48 14 69 0 49 80 97 17 55 77 45 97 95 4 44 55 13 30 76 70 74 60 21 57 64 47 55 55 27 3 59 52 59 98 71 10 10 55 73 91 7 25 49 98 70 82 57 39 42 34 99 85 37 82 
21 94 4 61 68 73 18 60 77 60 97 69 31 71 90 66 63 65 88 62 92 35 80 65 96 93 67 76 34 42 53 40 16 27 33 83 44 20 81 78 29 5 6 9 25 78 23 36 16 86 83 63 44 29 56 49 95 65 99 80 36 9 41 24 85 31 15 45 45 36 17 38 37 49 31 15 81 36 20 25 52 59 34 16 91 72 43 30 94 94 11 87 76 63 5 91 18 75 74 27 17 68 44 82 59 73 7 4 46 24 38 21 55 11 83 62 74 99 92 36 71 44 69 51 13 52 54 66 1 78 99 93 29 36 53 24 21 24 66 38 93 95 44 48 52 31 66 87 89 19 39 91 4 37 71 9 92 31 79 36 63 93 5 55 69 37 84 70 56 64 69 62 6 8 82 94 37 27 42 96 48 79 60 23 75 50 41 50 13 97 48 56 95 87 1 10 76 75 54 62 95 85 35 5 97 64 12 11 72 98 3 41 54 72 80 56 70 86 61 9 24 21 74 12 35 93 93 32 12 25 58 42 44 36 16 10 26 3 67 87 58 69 69 91 93 94 30 78 10 70 81 69 32 16 48 90 13 94 47 14 91 4 0 48 9 85 21 36 72 8 94 74 98 55 21 28 39 48 23 45 54 53 9 64 94 97 70 8 2 35 59 1 78 71 68 19 99 31 57 57 4 68 85 89 34 29 66 54 85 46 49 82 96 9 47 45 23 93 25 49 46 84 47 80 29 91 55 59 62 23 56 32 78 78 77 46 40 86 40 15 11 41 11 3 2 34 93 76 13 4 68 29 53 32 33 58 15 3 4 4 46 40 83 65 66 43 17 95 29 79 76 77 48 93 54 98 5 53 6 68 80 69 71 96 7 60 29 25 62 20 0 22 38 15 25 44 28 38 29 18 
17 88 33 19 86 1 36 17 77 42 75 87 66 68 14 30 55 75 5 84 84 98 38 49 60 40 34 9 44 84 54 93 92 44 99 68 27 6 59 78 58 40 47 44 57 27 58 43 86 74 67 54 46 28 94 49 38 62 90 76 81 5 71 66 6 75 22 70 32 56 6 95 92 40 66 0 31 71 6 47 24 77 74 5 0 47 56 90 33 21 34 49 92 0 8 15 86 63 15 52 81 74 34 86 58 94 72 97 50 71 43 55 97 27 55 20 18 30 53 0 77 46 69 44 17 77 70 51 94 13 81 54 69 20 13 62 41 40 30 60 31 5 95 5 33 28 93 35 60 62 96 80 5 93 60 61 48 50 40 14 60 24 89 68 50 67 95 3 93 49 35 97 9 89 0 42 99 73 36 62 1 62 73 56 23 69 97 85 64 4 46 79 52 50 98 2 62 91 2 88 70 39 11 64 6 16 78 7 64 10 28 1 42 99 81 89 69 79 34 42 31 38 61 20 44 3 0 44 30 11 8 95 0 95 7 34 64 18 19 38 69 14 38 32 99 76 99 8 24 14 87 81 99 86 67 44 75 84 11 98 98 16 28 99 10 16 38 61 80 66 1 9 87 82 97 52 44 71 16 3 0 91 98 99 9 24 31 55 20 21 12 53 62 41 91 45 33 66 8 15 34 9 8 54 33 1 1 3 69 5 62 0 48 82 73 38 17 69 22 90 64 29 10 43 41 59 35 71 5 99 22 82 94 66 66 47 22 20 71 46 81 36 51 58 22 18 44 60 70 81 62 51 87 85 74 53 73 82 78 50 30 89 75 96 15 66 53 87 37 39 22 58 13 0 74 96 44 88 37 72 30 23 78 7 77 84 34 84 12 33 16 22 52 36 59 40 39 44 20 77 
35 85 67 97 81 4 96 40 43 71 78 33 83 0 14 58 57 51 48 86 71 4 88 59 79 97 95 82 24 77 32 83 40 10 8 5 89 97 32 73 47 68 14 85 66 27 55 5 21 97 72 89 78 0 78 98 62 87 62 33 87 13 96 4 80 56 51 68 93 35 70 51 56 38 58 15 35 89 64 10 63 59 84 76 48 97 50 5 50 80 4 95 60 11 32 72 18 52 87 28 68 13 14 58 73 2 17 63 70 49 53 75 84 32 62 74 55 10 13 18 31 1 25 11 30 68 73 51 24 25 77 4 12 3 77 46 36 31 59 81 30 72 75 26 20 34 9 97 17 32 86 3 97 40 90 9 71 55 93 69 0 84 36 99 39 50 18 63 87 26 80 73 1 69 29 61 74 38 94 72 11 27 65 26 39 73 26 1 9 85 50 54 87 36 12 67 18 70 74 25 7 75 73 23 53 90 23 7 56 46 8 43 33 66 26 18 91 36 22 80 57 45 8 35 29 75 46 39 73 58 92 49 8 57 21 67 7 56 82 55 12 46 7 66 98 29 90 43 83 84 61 20 47 28 10 2 38 17 9 35 43 79 64 45 9 77 73 54 6 33 37 67 23 54 7 85 8 69 57 64 52 33 55 46 99 1 80 16 97 76 29 19 58 73 94 58 0 94 3 14 80 25 32 34 5 4 89 56 17 82 1 43 6 92 76 30 84 73 18 34 27 13 66 71 32 54 67 37 71 29 50 64 11 43 91 44 82 63 24 83 66 99 44 75 52 57 25 97 95 28 69 78 84 22 9 24 66 45 74 88 15 89 11 33 1 40 83 21 77 45 81 90 51 97 53 84 4 47 65 81 12 85 88 38 92 83 5 88 16 40 23 57 32 7 80 99 4 76 83 53 
83 63 55 13 52 59 5 98 44 43 52 72 31 77 79 32 15 68 98 92 53 44 95 82 85 6 44 24 29 18 52 60 32 16 70 37 36 6 22 73 57 44 7 36 4 7 87 50 85 72 93 80 7 96 85 73 16 36 19 18 3 74 57 94 56 60 78 64 57 38 6 34 67 79 41 27 3 20 35 43 1 47 21 45 24 85 1 69 95 98 49 7 76 26 78 76 27 13 96 12 89 58 69 67 62 95 30 44 51 68 27 94 4 38 47 93 37 98 59 73 99 90 7 66 46 27 71 88 85 12 95 11 57 42 34 29 73 69 11 35 93 42 75 21 2 13 57 18 34 4 56 23 76 64 29 51 70 44 9 79 69 20 47 47 77 79 1 73 29 65 46 99 93 78 8 75 39 95 69 90 87 6 0 58 42 63 73 34 20 10 39 66 96 91 17 14 12 61 18 49 35 70 66 18 35 81 25 0 62 1 30 99 87 85 41 10 80 20 97 38 56 40 85 27 14 1 64 26 52 87 10 79 57 96 52 19 55 67 79 12 89 2 45 16 83 29 45 47 48 95 20 33 25 48 52 12 75 87 8 46 99 98 12 77 71 17 58 82 44 23 25 91 74 63 17 93 7 97 51 5 72 35 55 7 28 94 23 31 35 5 33 50 46 10 72 61 55 54 59 67 43 46 71 13 74 3 42 65 43 26 47 13 13 12 8 58 18 79 90 62 17 6 16 97 41 78 15 78 55 98 60 50 84 71 97 91 17 35 13 18 31 91 66 69 3 91 18 39 32 75 26 48 86 63 96 65 79 62 79 75 20 19 27 24 15 43 32 31 30 27 12 19 95 41 15 38 9 24 78 50 33 29 13 65 38 39 6 45 82 35 79 66 38 17 90 95 72 46 47 78 
15 70 58 80 14 67 15 80 5 22 18 39 96 30 14 21 9 55 41 9 20 41 40 62 65 17 5 20 10 3 94 5 74 49 56 38 85 66 32 60 97 86 21 71 56 73 66 55 3 59 57 46 82 63 68 75 61 31 54 72 7 82 34 18 48 3 80 67 28 77 44 68 30 12 71 24 30 59 55 41 59 82 6 62 16 94 46 13 53 30 52 37 89 88 6 23 77 29 93 0 79 45 7 98 84 11 45 96 58 0 76 19 91 20 1 42 18 65 3 84 75 43 4 53 37 69 62 90 41 18 23 13 30 90 51 9 43 59 46 97 64 11 2 55 77 23 81 22 71 49 41 32 61 53 79 38 54 45 99 57 55 47 91 35 56 71 58 56 26 53 6 53 92 84 19 86 34 64 50 23 13 30 15 29 52 5 42 62 62 10 24 91 5 19 12 8 54 89 15 97 26 49 22 75 41 84 57 16 17 9 5 43 2 91 50 80 19 98 85 40 99 99 21 59 45 95 66 89 44 19 91 19 35 90 81 86 61 51 92 77 48 14 37 32 79 28 88 55 12 57 58 71 62 90 91 99 0 59 26 87 94 10 65 10 49 81 67 60 90 96 75 70 53 91 66 88 8 78 48 27 41 30 79 37 31 63 73 38 98 18 23 25 60 50 93 90 68 13 92 20 85 40 38 93 30 43 9 25 40 85 90 97 59 88 55 69 6 79 87 12 70 5 21 38 86 70 80 43 60 39 97 38 21 78 89 76 9 30 5 42 9 28 59 31 54 59 91 79 7 66 65 81 18 75 45 52 99 38 4 21 32 98 81 66 32 43 17 49 26 73 94 46 73 36 6 67 82 33 18 63 41 31 52 9 76 77 78 34 16 35 92 40 25 55 77 76 64 47 53 42 
55 12 9 35 73 5 27 68 39 83 32 97 33 19 67 24 21 47 0 68 41 45 77 16 19 2 8 84 22 1 41 82 2 78 77 52 37 6 67 33 52 80 85 41 0 49 11 55 61 44 20 58 26 27 77 29 62 82 26 26 62 34 69 60 49 64 18 21 48 87 45 92 22 82 30 4 35 50 58 92 43 56 72 52 82 46 51 27 6 68 43 18 60 5 70 38 42 81 84 50 8 65 25 76 53 1 10 44 29 54 34 28 85 24 91 82 71 77 35 23 70 19 72 25 12 55 55 7 98 70 20 63 71 4 19 45 85 82 65 98 53 4 39 88 5 16 98 64 71 1 46 91 15 88 48 61 65 27 49 23 72 23 33 32 46 71 80 27 94 85 96 59 30 49 15 26 92 55 51 94 87 6 43 13 33 82 35 24 56 10 51 42 90 95 56 45 93 39 43 50 23 65 66 61 9 44 88 0 74 54 29 52 71 87 34 27 56 70 94 56 73 27 5 52 10 26 19 39 60 59 17 70 57 67 64 26 18 85 58 28 11 20 76 98 30 13 0 79 84 40 80 23 24 47 71 73 97 17 13 0 46 88 25 47 48 26 76 88 45 46 39 32 34 14 65 77 94 95 36 71 20 39 41 31 37 78 50 25 19 28 23 29 41 22 35 69 84 3 16 1 25 37 21 31 49 56 27 47 73 50 82 81 5 39 90 74 27 67 21 93 12 6 31 79 51 64 91 93 57 45 59 64 52 74 39 40 90 89 58 18 4 1 91 44 16 38 30 95 27 3 77 27 47 56 44 12 1 94 18 73 94 29 74 24 0 86 42 13 34 81 47 12 71 17 21 64 98 17 29 82 25 17 52 44 38 74 98 46 39 97 51 62 61 19 60 15 2 5 89 97 
25 90 45 3 82 1 51 13 2 23 84 74 29 78 96 93 27 47 93 44 64 1 34 81 24 2 41 84 41 38 48 40 10 97 96 13 28 66 30 91 79 22 49 61 99 65 1 52 99 51 54 85 62 37 60 44 56 59 6 59 87 33 68 90 75 45 41 12 90 68 24 98 52 6 79 46 47 27 37 71 38 23 37 99 7 46 0 73 97 25 69 52 31 80 75 91 6 60 83 87 0 34 72 70 46 88 83 49 40 92 86 60 67 55 88 97 56 12 98 14 22 61 77 91 48 72 75 23 92 30 50 74 10 97 63 3 25 76 71 70 99 91 76 65 12 94 53 71 89 54 15 49 13 18 99 20 3 48 16 63 29 0 35 89 92 68 59 29 53 65 78 30 96 64 77 93 67 49 71 97 69 68 54 61 20 5 1 96 76 50 93 85 12 5 88 0 6 64 38 13 30 75 68 59 23 93 7 56 97 15 43 99 18 59 31 26 96 53 14 25 70 62 10 66 75 7 60 23 59 72 88 49 95 20 34 6 59 63 93 94 70 13 28 17 6 71 70 92 97 19 90 0 43 77 51 15 52 51 92 54 88 93 39 98 57 65 63 4 38 73 8 47 58 90 18 7 22 87 80 67 82 51 18 58 1 59 13 34 52 80 54 73 73 30 37 89 92 37 35 63 10 57 71 55 32 15 29 41 14 68 8 63 49 52 41 53 73 15 35 33 83 91 45 12 22 96 70 44 16 18 95 81 48 91 74 54 73 80 42 39 10 9 15 88 60 51 99 23 75 26 33 78 57 7 25 80 23 43 4 25 77 48 14 68 76 60 93 84 62 68 64 70 29 87 8 50 20 31 29 86 75 11 72 11 89 6 83 39 87 98 85 55 30 92 56 18 37 20 81 45 
44 88 63 52 41 82 35 21 33 5 94 44 60 99 59 63 65 56 34 62 79 30 37 22 33 38 18 5 33 38 33 41 78 3 4 19 36 45 60 41 75 36 86 79 72 57 14 37 39 86 90 78 15 10 90 81 76 97 55 91 78 50 57 4 51 38 46 53 91 40 24 15 21 17 90 93 37 30 65 99 36 80 24 25 31 23 62 54 92 74 83 47 77 6 74 35 90 36 73 88 2 36 10 77 56 64 21 65 4 34 57 84 51 45 35 61 51 25 72 28 44 92 15 29 22 92 47 32 24 2 70 2 84 77 82 0 97 12 23 27 5 92 41 20 82 14 87 89 51 43 93 19 70 4 90 41 21 32 21 25 53 64 76 93 43 10 81 17 29 26 32 23 95 69 50 39 95 42 69 96 26 49 36 79 76 18 76 39 5 31 78 12 45 73 99 72 33 28 94 95 79 25 13 17 80 36 27 69 28 10 0 56 93 56 61 92 3 65 37 91 92 96 56 87 40 70 36 67 63 63 49 65 6 18 29 17 86 6 60 6 55 53 60 16 20 80 36 6 31 33 30 17 48 12 94 13 13 54 82 21 29 18 59 61 73 76 33 19 94 66 13 79 52 36 57 48 63 80 78 70 40 71 42 49 66 67 17 13 41 50 57 60 10 41 7 14 81 88 7 63 68 9 99 10 1 43 60 32 97 57 10 62 50 47 86 71 54 92 24 17 72 37 81 91 80 17 61 84 66 37 65 74 96 2 5 92 49 81 0 68 16 50 72 27 80 56 4 48 7 24 91 80 94 20 63 38 21 74 29 34 68 96 47 90 81 54 99 86 83 51 70 4 2 40 13 14 91 51 66 62 42 10 43 26 59 94 78 74 46 47 68 26 63 97 52 36 16 81 94 10 
60 44 57 4 24 51 60 29 7 39 72 42 60 35 46 79 91 12 59 85 79 45 9 19 62 91 76 81 81 38 45 22 72 41 9 12 34 42 17 50 96 53 80 1 15 27 47 91 17 82 36 76 4 15 97 37 83 59 43 11 40 90 20 76 15 45 70 93 7 50 1 83 22 85 80 65 84 49 35 18 34 39 67 99 52 82 87 41 76 0 38 32 45 72 32 58 52 21 77 53 5 18 75 38 56 46 20 80 94 45 80 12 78 8 4 23 13 10 15 17 29 43 75 91 0 97 40 55 20 20 65 21 6 98 11 86 40 77 42 37 59 64 61 26 17 68 93 30 25 34 57 90 4 71 97 23 28 16 76 14 60 88 94 38 79 48 26 99 48 5 56 44 81 94 2 74 58 60 44 90 81 34 38 12 60 89 5 46 74 90 25 57 42 22 53 95 8 98 51 80 61 83 93 56 45 30 8 41 11 11 93 13 97 63 93 40 28 65 97 55 70 51 9 31 78 16 93 63 69 88 58 67 94 54 50 83 95 45 58 76 22 78 38 33 36 13 34 24 9 18 0 66 32 6 35 16 18 18 94 32 53 99 67 95 1 19 82 12 55 47 12 93 72 37 5 97 20 83 54 82 75 29 35 39 64 4 80 28 44 67 61 73 5 51 75 32 4 69 41 79 40 23 75 38 49 87 50 96 19 82 88 64 98 33 49 22 21 32 74 11 45 28 97 37 93 71 57 43 29 53 39 36 83 29 62 22 72 56 19 12 94 26 16 88 57 91 54 75 80 87 20 10 10 53 30 62 69 27 66 94 70 43 53 87 37 34 65 24 71 26 26 36 57 34 99 1 66 54 54 6 5 36 35 3 32 21 20 99 37 97 32 82 59 34 50 16 40 10 57 54 
4 2 74 44 71 70 72 50 39 99 50 7 80 60 77 99 10 32 20 12 57 95 34 39 98 83 63 88 52 4 21 55 36 51 32 28 58 71 83 81 65 22 69 23 37 75 88 74 42 15 77 85 72 45 57 26 93 97 14 85 55 37 85 99 3 91 58 60 20 81 28 41 32 14 68 4 67 4 84 1 98 18 0 50 47 12 35 37 50 81 26 72 43 72 53 62 8 34 47 28 82 51 76 38 99 55 65 27 80 47 91 86 16 80 60 19 2 67 11 34 47 58 12 62 37 78 46 48 61 17 12 40 24 38 78 84 64 82 38 77 2 45 87 3 41 2 53 89 5 55 73 75 96 45 18 17 9 98 91 97 4 0 35 81 74 77 95 87 57 59 95 92 82 10 20 86 48 35 43 70 16 64 22 18 19 49 79 83 83 49 97 45 50 66 23 53 83 5 66 87 15 1 70 58 55 29 52 9 91 28 15 55 78 85 37 53 99 36 95 19 39 55 79 60 19 88 44 41 89 6 7 93 42 53 29 42 43 31 61 71 84 49 20 57 20 55 38 6 95 23 94 32 72 47 37 46 95 33 31 14 82 63 46 7 14 83 27 95 52 52 62 76 16 25 70 98 94 77 29 28 32 92 33 84 68 66 43 4 2 22 39 18 39 8 60 2 42 46 21 15 79 99 56 87 47 40 70 20 68 72 55 75 74 79 28 46 97 23 18 64 99 34 24 23 24 42 32 83 8 22 22 17 68 24 82 6 5 36 87 77 34 92 7 67 53 75 57 74 16 7 61 27 83 6 99 72 16 41 58 84 62 20 74 33 55 16 28 64 86 78 17 11 0 68 86 88 4 33 94 40 68 9 12 90 54 34 75 96 57 88 79 7 25 0 82 75 92 7 58 57 
89 89 17 73 29 4 7 22 37 93 6 32 19 34 60 47 12 33 88 41 97 76 82 18 20 49 8 3 86 68 17 81 55 15 38 66 70 77 94 21 22 86 26 18 15 22 4 64 65 47 7 66 49 1 31 51 77 12 51 29 99 80 24 33 56 60 28 12 59 7 83 97 8 36 40 18 97 88 52 0 52 42 54 51 73 2 35 36 22 20 96 13 73 26 48 71 36 85 59 10 16 17 91 2 42 88 71 32 17 25 29 83 54 71 24 84 52 91 13 39 93 2 61 63 76 3 96 88 75 10 4 8 52 76 9 13 10 14 32 76 87 28 98 68 51 53 62 9 88 89 65 87 24 6 89 4 62 11 92 76 88 10 58 42 61 23 73 76 98 73 65 50 67 2 39 17 63 90 50 82 67 24 0 12 87 71 20 74 70 25 68 28 29 17 82 24 25 39 36 36 32 18 73 67 8 26 40 53 42 42 91 75 66 63 40 38 92 25 91 30 55 57 73 30 20 57 95 19 77 80 89 70 74 25 88 89 43 53 38 96 79 98 89 8 45 47 52 93 54 25 61 9 98 69 26 40 22 7 13 5 5 73 73 20 85 25 71 66 96 74 8 70 36 66 5 21 52 27 77 69 52 83 54 65 31 54 31 76 94 78 44 43 84 55 34 96 0 42 9 20 75 58 11 95 43 13 98 99 54 24 9 90 39 66 59 0 6 51 33 28 38 60 29 77 8 69 70 37 25 25 18 33 40 13 13 24 1 63 53 8 5 69 11 12 71 35 19 65 58 70 90 47 20 41 67 36 55 31 52 82 30 10 75 28 38 86 61 39 77 98 16 2 11 68 31 92 71 38 10 59 81 63 5 17 45 66 18 90 94 3 1 37 28 60 87 12 6 34 80 93 
49 24 97 43 65 62 58 16 37 50 69 0 85 23 23 21 57 35 7 33 45 47 76 5 63 28 54 11 96 52 8 70 55 69 32 49 83 41 95 73 31 3 27 19 99 17 6 9 32 39 49 3 48 35 53 90 19 89 36 64 16 77 56 51 44 54 19 50 28 29 86 80 54 50 44 64 75 87 21 28 18 27 56 90 26 16 16 60 47 12 26 91 26 20 52 14 32 90 84 92 22 93 24 23 46 7 4 95 16 10 85 26 98 38 37 97 96 10 98 83 5 20 7 32 74 66 1 77 71 11 82 70 35 74 44 20 79 41 28 92 12 12 57 83 93 69 59 44 54 76 38 59 51 30 60 3 23 7 82 15 49 42 62 96 28 88 94 18 97 13 55 15 73 53 73 76 95 7 18 98 20 50 57 52 46 14 24 8 62 10 91 7 25 33 35 29 45 53 67 32 79 74 26 8 28 37 85 47 96 97 6 13 66 10 86 27 90 67 3 63 31 79 64 63 61 92 5 11 85 36 98 12 10 1 40 95 61 7 86 41 60 75 76 88 84 1 69 82 82 10 61 37 22 63 54 26 55 47 73 33 2 39 71 1 10 90 25 84 39 47 15 34 86 64 43 71 17 86 90 78 64 86 23 76 46 18 21 36 7 52 33 3 30 71 79 79 35 0 5 0 52 50 56 31 43 49 16 95 66 91 86 44 74 0 76 45 37 72 3 33 23 54 11 10 30 19 24 90 77 75 29 45 10 80 70 74 40 37 30 70 47 88 64 38 57 7 68 25 45 91 86 57 78 55 23 24 46 72 93 78 31 89 44 9 6 44 64 33 14 93 85 29 64 58 48 22 93 60 76 42 43 54 97 80 47 47 48 98 74 65 43 83 98 67 90 62 56 23 22 46 
16 4 41 80 77 53 3 86 1 31 39 78 23 79 45 70 11 16 26 36 65 3 84 13 47 64 4 22 96 68 41 51 93 15 87 88 93 32 76 20 67 83 21 23 28 54 80 99 22 99 61 91 25 33 63 76 79 53 81 23 77 76 28 15 28 66 38 23 77 64 87 15 81 4 51 87 92 49 68 35 0 31 18 93 8 44 76 44 41 37 45 51 45 82 3 74 46 12 6 82 13 88 40 58 36 8 16 29 29 97 49 11 32 65 52 28 59 64 32 54 8 6 84 69 90 63 63 27 35 73 64 2 5 21 12 71 96 96 36 89 12 49 41 25 80 84 51 58 74 60 14 76 63 72 47 61 93 67 14 40 59 58 79 42 9 19 63 73 93 63 87 22 65 54 11 46 6 54 64 1 36 77 18 48 55 44 42 23 90 85 15 44 82 99 11 5 33 77 59 48 62 91 78 34 96 11 0 35 43 71 34 84 15 30 53 0 72 82 39 67 0 81 91 3 35 83 21 45 40 67 50 48 45 88 9 44 4 86 61 91 59 20 97 18 65 12 6 38 6 41 72 89 29 29 24 13 59 59 24 1 79 66 91 57 48 87 10 24 39 19 95 73 93 9 53 1 31 18 5 56 16 62 32 65 71 6 65 3 26 63 68 89 54 26 86 56 84 76 71 91 35 63 46 79 55 37 31 72 73 89 95 24 68 16 43 23 71 99 14 99 12 90 93 45 53 6 52 59 1 2 47 11 49 6 0 32 23 29 51 59 6 5 95 69 92 92 22 71 29 2 16 94 33 92 4 17 83 39 12 47 18 1 82 69 25 79 91 59 10 96 63 70 0 85 69 55 25 42 44 33 33 15 26 12 36 78 64 73 6 64 39 32 89 3 21 29 58 87 30 86 
36 11 13 93 9 22 30 78 75 1 86 82 18 47 45 14 74 48 34 93 72 98 15 59 72 57 67 8 30 73 74 36 21 2 40 68 74 83 97 30 17 37 46 40 77 14 83 18 39 57 64 73 46 93 66 70 28 6 84 32 75 26 90 29 56 20 80 51 23 13 70 39 65 36 54 45 59 3 98 50 87 90 5 93 84 80 0 43 89 84 33 51 18 38 90 57 2 77 94 11 72 59 93 29 65 75 34 83 57 47 58 96 50 14 34 49 93 59 63 53 86 79 1 87 63 76 98 36 23 38 73 34 84 78 23 60 38 25 4 92 26 49 41 10 24 62 21 50 35 44 53 3 25 40 4 22 41 80 83 91 19 63 38 53 17 33 27 20 4 75 78 86 69 86 41 43 44 86 1 54 20 16 41 71 12 39 87 46 66 99 24 68 26 63 67 57 9 97 49 65 91 80 32 35 77 45 57 47 83 61 66 7 85 34 80 60 56 3 89 1 4 89 46 20 52 15 2 72 21 46 14 16 58 10 0 22 95 51 38 38 49 56 9 27 82 96 65 6 5 85 42 78 12 13 19 64 72 79 15 52 65 99 89 27 3 65 16 75 87 4 43 31 54 94 77 92 51 42 4 81 75 28 11 81 94 8 57 14 99 74 68 60 40 85 23 83 28 66 3 78 69 11 40 76 9 59 50 20 83 17 14 85 18 1 83 34 78 50 88 52 49 12 23 39 36 67 70 37 70 93 18 91 45 21 13 20 36 57 69 85 27 77 93 18 21 60 78 5 11 25 78 56 74 62 67 87 55 54 68 4 36 49 40 94 38 21 87 8 85 18 0 38 80 49 84 16 13 88 8 82 94 92 13 40 98 48 49 15 90 61 32 35 4 27 49 47 25 40 33 18 
81 26 78 83 95 33 4 43 54 89 82 65 12 17 53 46 76 53 12 15 21 77 19 44 20 79 81 26 2 81 36 27 52 30 56 68 43 7 87 31 44 60 35 74 71 73 68 88 73 50 28 63 80 66 68 78 2 11 5 23 85 57 87 11 94 98 88 29 51 52 8 8 82 57 64 73 63 7 8 37 85 2 65 83 82 27 27 16 68 26 48 14 42 15 26 47 38 85 57 46 62 27 87 39 42 55 27 79 2 40 68 37 16 66 52 83 36 9 21 72 74 10 98 20 64 17 69 73 57 11 4 19 41 62 25 82 62 23 14 22 86 35 89 28 34 18 44 51 98 59 57 21 82 12 76 47 93 24 81 30 87 50 31 60 8 61 65 35 23 20 37 47 0 61 86 14 82 61 94 59 80 70 83 75 18 35 25 48 55 46 65 91 40 31 73 33 31 37 27 52 5 95 74 87 16 25 55 3 70 55 45 59 78 9 59 74 84 75 85 64 67 95 73 27 60 45 55 15 2 42 48 63 24 24 95 85 94 16 4 95 44 17 41 56 44 81 94 95 14 50 61 10 96 26 70 5 62 34 99 32 32 71 3 55 99 34 68 64 42 54 86 62 57 87 14 32 81 1 3 8 45 70 48 53 32 32 94 63 0 70 88 29 50 57 16 83 23 14 19 38 59 6 28 4 93 64 65 25 46 90 83 86 20 67 38 47 13 17 68 68 92 46 66 63 9 7 56 73 56 11 70 62 31 77 6 90 75 37 17 13 83 8 4 1 85 66 16 23 68 88 17 20 99 14 74 8 42 38 1 76 58 94 40 11 60 46 41 18 64 86 90 30 88 26 88 58 86 14 65 29 45 29 55 50 81 13 43 54 40 37 42 80 65 54 6 7 71 2 64 22 
25 45 65 90 76 85 31 23 8 85 61 60 44 65 65 60 69 76 37 72 14 37 80 1 77 44 75 89 39 36 15 96 52 45 21 23 85 36 71 66 39 40 72 66 17 60 48 77 65 26 80 49 59 6 97 59 1 71 15 45 62 53 83 74 85 68 58 8 37 36 30 53 3 65 67 6 39 85 79 98 71 76 57 23 56 55 84 2 46 32 90 75 58 25 67 14 94 91 12 37 41 16 40 18 60 72 5 93 36 53 46 85 96 97 48 13 9 5 78 14 24 87 57 99 28 71 43 46 21 45 76 21 25 17 7 92 73 61 7 49 54 83 81 63 48 18 59 51 6 11 25 75 83 11 67 86 28 11 0 97 12 55 5 86 73 83 53 70 75 91 92 87 25 36 29 60 74 55 28 89 54 10 87 66 75 77 5 82 70 47 5 59 49 32 16 7 16 1 9 18 38 10 68 95 3 48 45 69 60 19 86 59 51 73 68 97 87 44 41 88 46 12 34 87 81 17 20 72 79 32 20 63 66 91 43 14 27 90 29 44 88 43 58 41 43 49 82 81 44 33 49 52 7 21 12 75 63 37 25 90 2 43 5 33 71 66 86 66 20 46 26 10 51 82 98 99 99 58 23 63 74 83 93 71 54 92 37 78 89 77 31 79 81 43 64 88 28 54 56 88 95 74 95 56 5 53 88 13 39 63 99 50 41 63 0 55 43 17 92 16 49 81 35 76 28 47 77 52 22 0 13 69 52 67 0 69 14 59 4 44 2 0 56 49 13 28 21 66 82 33 30 78 8 16 60 69 11 80 97 17 73 7 42 8 7 0 58 68 9 97 53 2 86 47 92 38 57 28 79 83 99 12 89 14 34 39 58 27 17 37 59 40 33 0 22 24 31 14 24 7 
28 19 99 12 69 85 79 20 51 96 11 61 41 69 48 45 63 65 78 96 19 23 76 43 30 30 29 87 18 64 66 37 5 36 38 19 84 41 99 66 1 66 27 78 9 61 31 87 34 67 27 46 13 18 70 11 23 70 32 8 42 40 69 6 17 48 59 77 19 13 86 82 56 54 95 57 24 15 75 57 93 72 41 91 75 5 43 69 78 20 29 54 36 10 19 97 76 80 45 60 46 41 43 3 63 71 73 2 27 4 95 1 82 37 21 61 8 45 43 99 29 99 47 7 16 47 59 60 61 48 8 23 24 70 59 33 44 18 87 37 45 71 83 37 86 70 90 71 62 37 92 55 81 55 71 94 17 67 98 74 58 23 56 37 66 88 61 4 53 87 20 98 57 1 76 75 57 6 4 80 79 90 60 51 6 58 19 27 33 89 34 52 85 38 58 88 73 22 93 16 15 57 21 5 30 85 57 97 50 6 12 34 48 83 63 73 15 65 34 2 38 46 2 4 35 77 78 79 94 8 7 69 94 68 28 26 17 57 18 77 91 49 25 60 17 41 23 67 90 99 21 60 61 38 18 75 0 87 70 94 4 88 68 60 54 17 79 45 90 90 32 93 74 44 47 66 18 92 14 47 13 30 46 27 86 75 43 41 11 0 24 65 94 11 19 19 63 92 38 62 45 98 82 56 64 86 78 76 34 71 83 28 37 94 71 76 48 44 84 79 34 13 19 76 7 36 48 75 92 36 96 94 89 69 28 38 97 32 15 30 38 59 91 86 18 12 52 63 37 35 90 59 71 6 32 91 76 25 20 57 50 18 73 35 92 30 10 79 9 25 81 52 86 3 41 33 15 32 7 97 59 13 23 90 95 86 97 22 85 50 78 23 81 62 85 34 4 86 81 87 
75 2 93 78 26 32 49 77 26 57 14 96 79 85 89 77 50 18 16 2 6 24 46 67 65 19 9 20 30 13 0 98 73 23 61 97 86 41 43 30 81 16 49 98 45 63 8 59 80 26 17 37 95 67 89 47 86 29 48 35 62 94 76 84 49 3 32 43 18 7 32 96 17 28 78 21 57 37 6 35 32 84 51 92 63 2 86 21 31 89 2 9 11 85 60 81 20 19 3 1 57 41 95 51 38 2 99 67 70 33 93 11 96 99 2 40 7 34 93 44 58 87 0 17 75 88 16 89 73 66 40 40 96 32 65 0 20 37 72 19 58 87 88 22 22 29 82 75 12 2 11 72 25 2 29 82 72 72 52 77 98 69 34 74 43 8 44 13 6 26 47 77 83 40 56 64 71 27 64 3 11 55 19 56 29 3 73 46 71 19 21 43 21 39 5 69 62 4 22 27 13 81 74 20 58 12 36 73 70 64 15 78 31 16 9 86 69 49 12 64 64 81 54 21 39 81 1 40 36 65 27 79 58 9 28 82 83 90 84 44 17 9 95 10 79 14 81 45 83 93 51 8 95 86 59 73 84 87 99 14 35 38 65 3 27 38 14 74 45 74 96 12 78 17 64 50 18 21 84 85 41 74 93 98 27 69 25 97 24 76 71 5 13 48 90 33 44 90 31 24 18 2 17 2 59 1 39 1 65 80 41 91 52 25 67 38 42 38 83 19 99 24 47 8 47 62 34 0 39 6 3 76 28 19 34 43 66 64 68 17 20 76 25 41 64 34 64 12 78 10 77 5 84 97 89 63 65 49 3 71 6 89 22 59 88 12 80 63 76 35 89 97 7 68 14 84 89 16 36 20 56 41 96 10 56 48 52 66 83 25 87 76 46 97 69 43 98 75 97 54 
68 34 8 25 1 25 3 68 47 72 63 15 20 62 38 30 0 96 21 21 36 73 49 78 95 78 91 89 10 40 12 77 60 0 88 33 96 82 61 38 25 65 90 59 65 78 50 20 97 43 39 88 45 22 2 5 61 5 92 37 95 52 54 18 70 1 89 69 6 92 38 72 48 12 52 1 41 32 85 38 70 49 46 71 18 7 97 85 84 78 41 8 46 91 69 71 55 63 96 98 68 7 29 48 77 56 13 38 82 13 81 7 42 3 10 90 83 69 2 10 11 80 33 40 76 80 16 22 7 63 60 30 34 22 70 72 9 30 2 80 77 13 13 15 8 13 28 85 88 91 61 72 92 92 92 19 14 84 59 61 22 76 90 94 11 41 14 90 11 58 6 57 66 31 74 83 65 46 23 41 65 62 31 31 45 81 71 15 47 38 14 38 31 96 24 34 29 74 19 4 22 51 73 79 12 43 98 61 13 27 47 92 37 45 43 7 91 8 49 46 46 55 38 75 3 75 29 11 34 38 28 92 45 17 16 4 97 62 99 70 88 35 49 88 9 81 46 24 89 88 34 79 34 18 67 55 11 26 66 63 91 24 90 89 93 50 6 75 19 80 37 26 65 79 36 63 41 78 94 71 1 30 63 61 24 56 47 94 61 81 56 16 88 97 35 67 78 3 43 80 35 24 11 14 86 86 12 31 49 91 58 98 57 66 35 26 44 69 4 76 65 31 52 76 65 32 38 94 84 19 55 27 17 99 37 12 29 77 42 90 28 77 15 95 58 15 74 53 46 28 9 81 5 93 98 65 13 39 16 74 94 0 35 35 25 48 75 38 79 64 17 54 68 71 91 44 44 58 0 6 34 50 75 89 63 38 68 54 13 6 0 7 65 34 66 78 74 24 62 2 
20 78 93 50 39 46 20 95 19 98 98 29 63 54 97 48 61 31 32 95 98 63 66 25 26 38 61 8 29 51 13 18 75 47 19 90 2 85 53 66 62 96 11 82 10 5 11 2 89 91 17 91 85 75 98 28 67 52 95 91 11 96 88 97 2 21 6 65 1 9 79 71 87 35 44 9 71 6 33 59 7 31 16 92 81 21 97 48 88 71 36 12 26 32 91 14 63 5 58 53 36 82 4 89 76 24 96 71 30 98 92 99 13 19 16 33 77 14 70 14 59 15 16 39 30 38 75 47 23 30 43 77 22 71 76 36 82 62 95 70 55 68 59 63 38 46 29 62 84 13 5 20 50 30 92 20 41 39 99 3 82 50 22 45 68 89 53 88 29 6 97 99 1 73 18 89 85 97 31 44 67 16 3 63 71 49 19 52 53 26 36 54 79 9 86 46 62 87 9 56 77 68 55 31 46 13 98 19 95 11 95 25 78 91 7 4 96 67 45 81 88 4 37 8 56 12 52 50 84 90 91 50 85 87 80 52 16 27 38 91 76 53 84 34 21 55 37 65 73 30 47 5 16 16 98 1 55 51 98 10 98 29 96 14 22 24 12 32 92 60 90 43 7 78 59 15 20 24 94 8 56 46 96 66 61 11 59 5 57 9 66 98 20 45 62 86 56 98 20 57 77 35 83 77 70 31 74 65 18 93 25 56 28 48 24 58 69 49 5 56 46 94 60 63 21 85 71 75 91 18 35 29 93 45 92 63 51 84 47 90 80 63 50 96 48 88 60 24 38 93 99 23 42 4 74 7 58 70 23 17 71 83 49 31 46 94 1 36 3 60 54 83 23 73 38 86 41 13 91 55 18 84 18 4 69 29 2 12 7 96 21 53 71 18 47 62 66 88 43 28 
86 11 69 85 80 8 68 45 39 24 69 25 47 65 44 0 50 45 64 76 0 30 17 17 9 39 75 4 63 14 24 39 60 46 58 19 46 87 64 93 6 48 39 57 82 93 79 76 18 93 6 49 84 49 7 14 67 17 48 20 73 26 67 33 57 65 85 88 60 43 62 50 45 38 40 87 66 59 31 30 37 64 74 90 29 36 68 77 66 13 31 90 50 25 1 74 76 56 4 82 53 12 43 64 62 98 8 39 97 0 86 60 43 12 4 46 25 16 51 40 98 82 26 74 32 14 4 58 22 97 69 36 6 5 30 87 99 63 39 13 57 92 10 24 76 42 94 79 81 20 20 37 54 33 60 52 81 38 63 13 3 95 27 2 91 7 28 99 69 53 90 61 83 82 15 20 43 24 6 32 25 53 51 31 67 1 54 16 75 52 10 99 95 76 51 16 60 77 16 85 19 49 48 19 31 94 19 39 57 78 95 29 41 63 97 54 70 11 22 75 14 81 58 76 78 92 12 26 88 48 90 87 35 55 93 35 77 94 92 41 98 19 78 78 60 33 26 33 97 46 14 51 84 29 94 37 35 20 6 64 73 27 50 54 4 98 2 42 49 83 77 18 18 52 33 71 39 60 44 34 25 79 34 85 24 35 19 4 52 92 93 46 61 95 17 63 17 63 42 86 30 44 63 25 73 73 35 44 54 43 41 48 25 6 81 66 25 47 11 35 51 99 94 36 53 40 14 24 3 25 14 33 89 27 85 52 50 65 49 21 97 59 16 35 15 14 19 32 32 90 92 16 25 22 56 78 37 57 13 47 26 17 44 25 14 56 55 55 15 4 73 71 84 55 14 55 73 16 72 37 45 60 34 5 37 33 24 0 20 50 67 38 85 31 86 60 13 36 29 20 
26 28 30 80 83 24 57 64 52 79 93 47 48 28 79 52 85 58 68 15 64 61 3 7 18 46 56 12 82 39 12 32 88 90 72 49 77 93 79 87 8 32 92 84 12 39 53 11 71 88 90 13 15 75 25 57 31 67 32 43 0 80 47 11 68 41 48 31 43 35 60 78 1 54 48 11 95 77 91 33 0 97 50 4 38 83 53 96 1 89 20 92 68 15 95 73 8 50 65 88 41 94 87 58 22 90 62 79 7 69 42 34 80 86 2 10 57 50 16 59 8 65 19 82 43 74 90 3 82 84 27 6 83 89 32 84 4 36 32 54 13 47 97 30 55 46 32 73 8 83 22 84 36 38 94 87 94 27 82 79 40 61 31 80 36 81 71 70 15 47 17 15 97 20 92 69 41 94 20 79 86 60 21 6 68 9 64 30 20 50 95 19 60 25 72 89 86 1 65 38 59 36 6 58 26 68 75 99 53 1 36 34 68 69 79 25 62 1 17 79 64 64 99 1 62 9 2 63 71 58 49 2 44 6 46 95 94 46 7 64 12 64 86 57 91 72 35 9 8 99 65 54 93 24 12 71 4 9 38 45 84 67 3 80 46 18 81 54 43 51 59 76 10 38 29 84 68 2 45 55 71 39 49 91 28 67 25 40 8 4 22 31 5 49 20 87 12 55 83 43 34 18 48 47 7 0 94 31 74 37 38 61 47 52 72 75 73 97 79 83 40 35 97 93 98 68 2 2 59 26 53 54 51 24 64 85 99 86 64 66 36 25 93 24 71 59 99 36 24 61 89 78 94 33 60 23 82 59 68 39 39 31 18 64 97 21 49 99 17 87 87 5 61 58 95 41 17 3 52 91 56 48 15 32 39 19 73 29 26 67 75 77 44 25 35 59 94 0 55 63 
35 19 39 44 18 31 42 38 23 53 53 73 71 53 66 85 14 5 59 99 58 75 61 60 98 88 86 81 16 25 73 51 55 60 25 31 55 84 48 76 34 0 86 24 19 45 56 77 93 58 70 5 22 44 77 96 64 25 53 48 60 38 79 65 54 36 8 30 12 94 33 48 98 61 57 77 73 68 84 44 18 6 19 67 14 5 16 61 75 32 8 65 74 84 89 47 11 71 17 50 45 17 63 45 98 43 40 41 57 37 87 58 38 66 45 22 18 31 84 31 32 92 21 85 26 86 67 63 76 78 6 85 65 44 52 90 24 12 35 11 51 12 87 55 37 46 53 52 5 1 0 10 40 50 54 75 36 2 22 51 31 24 57 12 69 76 87 41 62 85 32 26 82 22 11 4 67 77 37 59 32 40 57 7 42 38 66 18 79 36 38 78 1 70 50 24 74 20 37 85 73 44 25 16 71 43 35 3 51 80 91 93 43 72 97 56 49 79 78 80 16 97 45 12 10 36 55 91 49 61 81 10 89 25 62 84 54 18 80 21 83 3 35 20 66 36 3 62 8 89 69 44 95 68 21 49 18 61 42 39 85 18 43 68 74 19 53 86 55 36 9 55 93 49 15 50 52 73 39 62 4 41 83 74 16 75 49 57 89 78 71 39 25 56 92 79 63 11 8 30 18 57 98 3 78 10 9 17 3 98 14 90 25 95 57 46 30 79 98 64 58 74 0 10 96 79 6 59 98 77 94 0 6 48 68 95 10 7 88 32 9 40 47 12 27 6 89 24 15 87 6 66 62 66 47 58 15 98 16 92 53 80 8 0 37 85 50 93 24 80 17 87 11 26 66 63 5 51 42 20 93 44 0 59 9 90 59 34 18 30 19 26 5 76 72 14 45 85 88 91 
66 96 91 93 73 29 84 70 89 29 1 90 13 37 41 71 75 73 45 6 61 2 65 77 6 78 8 46 87 72 71 16 78 44 98 44 43 97 51 35 45 1 52 46 7 92 43 58 40 99 72 22 51 47 81 57 3 26 96 8 39 41 66 60 9 71 55 11 20 81 2 53 10 15 38 77 27 45 93 17 19 13 72 50 50 72 71 79 22 43 43 37 96 65 49 47 11 82 40 54 29 10 78 52 24 10 99 57 12 69 91 66 33 47 37 70 40 90 16 21 85 50 21 75 76 87 76 69 72 73 59 78 10 51 69 24 94 50 4 7 87 48 18 67 7 92 88 46 54 57 79 93 53 23 94 23 45 96 84 46 47 95 16 37 91 45 6 33 70 56 80 32 33 37 61 38 94 29 8 22 48 68 96 37 58 93 23 58 92 15 16 2 33 24 70 0 52 43 2 67 30 40 19 86 11 33 24 1 29 61 6 63 61 59 52 95 32 84 95 74 93 81 97 89 27 61 81 87 61 66 44 86 95 37 6 3 76 39 84 10 75 53 20 43 23 7 74 42 46 45 26 17 7 34 62 59 26 98 33 35 5 45 0 46 21 72 20 70 31 68 0 83 99 57 16 55 12 96 2 81 73 12 29 10 84 21 23 0 69 14 75 58 57 85 82 36 64 97 37 18 99 71 40 39 74 16 90 76 61 86 89 54 25 48 38 28 58 67 40 61 31 50 14 58 45 98 15 10 87 51 94 65 25 41 20 94 8 30 96 60 26 3 93 96 46 38 60 29 14 31 82 56 51 1 86 49 81 35 98 89 88 98 22 74 41 46 29 96 13 93 20 17 11 26 61 43 20 93 52 52 96 86 96 70 78 88 24 61 64 57 79 58 33 63 45 61 31 57 75 61 
68 50 6 66 75 65 6 99 99 14 72 85 96 43 42 16 28 55 87 9 16 95 83 35 95 90 51 86 63 91 0 69 27 44 28 78 99 40 62 96 6 56 39 0 93 51 25 40 85 69 95 52 39 26 45 38 13 14 25 29 28 67 2 32 40 36 88 7 16 49 36 2 98 72 66 13 21 6 24 56 5 23 32 36 62 29 45 49 65 64 42 50 35 50 16 62 0 49 49 56 76 89 81 81 7 30 92 96 34 71 35 7 79 64 75 88 97 61 44 82 65 91 7 25 48 75 94 3 99 25 36 41 51 38 27 33 29 29 89 65 37 19 63 68 4 69 64 16 40 18 45 20 95 36 86 14 15 19 61 31 69 32 68 62 35 12 20 87 31 90 85 53 89 33 23 17 44 65 29 12 78 35 96 7 9 99 42 58 8 1 56 55 73 0 93 35 38 3 80 37 55 88 41 42 36 65 43 61 67 41 68 48 48 57 89 55 95 35 96 43 46 10 32 81 84 74 19 24 25 6 37 13 39 92 76 29 44 13 31 40 45 76 36 80 42 3 65 76 15 24 34 46 39 82 79 51 6 64 19 77 48 93 37 41 96 29 38 63 99 11 36 94 50 39 17 12 4 62 71 46 64 40 35 52 49 52 75 67 15 66 88 91 11 77 68 15 38 80 72 2 71 35 21 27 61 22 92 1 66 69 4 5 5 40 71 31 25 37 3 3 91 4 22 40 70 10 96 89 49 21 81 28 84 70 27 43 23 76 68 13 12 29 67 97 11 79 47 37 66 56 60 94 82 21 10 53 36 87 67 93 84 79 65 99 20 40 5 10 56 42 82 33 77 89 12 26 50 98 90 37 62 70 85 75 39 21 99 75 75 73 5 78 32 78 85 25 73 76 51 33 
12 19 60 30 18 38 35 0 33 0 60 46 87 82 66 48 51 97 2 60 1 43 8 67 22 64 96 29 29 19 41 10 14 60 32 50 15 4 41 56 70 39 9 66 3 1 32 80 42 1 57 86 18 14 90 50 79 38 82 87 58 12 28 74 88 80 82 63 28 22 49 96 43 31 54 44 88 11 58 71 76 40 66 39 16 41 42 10 74 27 55 87 85 12 43 58 64 48 24 80 40 1 23 58 69 81 2 76 42 67 32 49 80 79 56 61 38 53 33 99 6 81 56 33 17 10 94 24 75 92 4 96 89 24 36 40 36 85 58 10 55 2 50 14 24 9 20 71 79 22 10 37 50 76 84 81 88 43 70 38 88 63 57 25 29 84 43 80 36 30 53 74 65 55 25 94 78 75 41 4 56 91 97 72 79 9 72 31 80 87 34 95 45 70 84 62 37 44 72 8 93 93 15 44 66 3 44 17 15 16 99 14 5 13 98 20 41 36 75 71 62 89 66 86 85 44 12 15 41 77 68 90 6 41 32 48 4 33 4 11 47 57 3 68 46 79 94 62 16 4 81 1 90 73 18 41 87 78 61 44 57 95 82 89 40 99 89 26 44 6 51 69 17 54 88 50 54 90 12 44 56 17 34 69 40 36 59 51 0 15 83 89 52 85 14 69 67 83 61 71 5 90 7 49 79 46 18 92 27 17 88 79 48 69 47 75 76 18 33 8 76 64 23 74 15 7 40 89 59 0 25 53 29 24 72 40 83 34 21 74 43 45 39 80 85 9 87 68 77 63 94 68 66 16 20 71 54 31 49 47 92 78 43 97 70 60 24 35 54 41 82 28 39 26 24 53 27 84 86 42 48 89 12 55 32 92 43 36 97 94 72 34 45 75 49 40 77 19 21 20 
48 84 84 99 67 55 83 12 38 56 73 11 9 91 98 21 32 36 87 5 24 51 90 43 99 64 99 68 46 65 63 17 97 30 35 13 70 36 33 95 86 17 67 1 68 35 9 22 63 47 76 63 3 88 90 96 42 20 43 51 97 69 96 13 96 12 44 51 74 46 1 44 6 48 84 58 89 61 47 10 61 82 30 80 53 69 4 86 94 96 31 39 33 8 46 91 19 81 74 70 25 69 27 98 40 53 37 5 83 87 94 37 26 24 62 38 83 99 48 65 15 47 34 34 80 70 81 73 32 82 54 44 92 96 96 29 30 27 29 85 52 66 6 20 34 10 47 71 85 58 43 57 65 11 93 83 80 10 47 6 12 47 38 67 27 24 3 73 57 91 96 88 18 29 86 9 92 71 21 61 7 61 24 83 7 52 35 86 98 64 70 6 71 3 80 41 70 29 88 1 36 52 99 21 53 45 82 17 49 60 85 70 12 5 71 25 46 96 88 55 18 5 89 21 56 63 23 24 80 22 39 15 53 47 92 4 19 93 86 29 85 21 30 80 58 53 77 5 50 84 41 54 75 49 49 99 85 2 76 87 70 55 17 82 98 0 66 41 95 23 3 87 88 89 8 18 79 82 41 37 27 22 72 95 63 15 44 52 76 49 38 14 73 25 33 71 28 58 94 52 80 27 47 73 77 20 39 96 36 71 47 39 88 2 28 70 88 68 81 92 90 24 41 76 7 68 72 76 75 93 22 5 95 6 81 30 14 68 64 73 41 45 20 26 79 12 46 91 47 43 73 95 83 6 10 23 44 23 64 30 67 2 17 84 80 32 6 34 25 70 90 91 94 64 63 10 50 54 28 14 24 17 82 6 22 95 95 22 10 43 88 65 8 41 43 58 27 20 76 28 
43 57 18 9 78 67 24 70 22 67 65 83 86 10 79 63 5 52 47 21 15 16 29 42 1 85 93 5 47 23 82 54 68 15 7 67 98 94 63 88 83 37 17 19 59 9 48 11 34 93 7 52 92 41 21 55 55 3 86 90 74 4 33 19 72 92 81 54 46 35 53 39 92 45 33 28 13 82 86 87 50 25 77 96 57 54 7 98 14 86 71 30 26 32 12 27 62 89 92 72 66 43 9 99 15 62 92 64 81 71 64 97 61 45 92 15 50 68 75 97 58 19 58 15 40 51 79 50 16 98 85 78 90 89 60 12 14 48 34 97 43 17 34 11 47 8 44 18 95 39 94 10 7 42 85 95 44 44 78 92 48 38 3 72 34 75 9 50 58 57 64 13 67 79 93 68 87 95 54 2 99 22 6 95 76 18 84 92 46 67 26 90 7 50 78 75 69 49 76 22 87 31 9 46 9 50 48 67 71 74 73 41 64 54 70 6 95 68 17 84 45 53 86 78 12 29 11 17 84 68 21 98 77 70 29 82 40 65 51 46 17 4 77 28 36 42 51 34 18 71 38 30 26 10 67 57 57 0 25 52 91 24 53 51 35 99 9 16 57 34 66 36 18 37 7 36 19 3 63 99 78 64 66 2 93 13 87 60 64 42 72 74 18 88 55 50 15 98 32 0 40 5 2 69 34 83 62 88 71 56 97 85 6 38 46 23 2 19 12 17 98 24 37 1 16 1 91 65 63 6 38 62 89 72 78 77 64 3 6 55 35 2 90 80 72 14 17 31 65 56 18 61 59 42 27 60 87 14 2 30 68 51 99 50 23 96 95 92 74 24 96 27 38 41 85 0 50 95 47 81 9 22 91 21 47 79 46 62 21 84 7 11 21 55 16 56 52 83 60 74 
2 23 15 39 97 52 10 29 14 50 32 41 88 28 97 60 70 11 63 5 59 10 70 42 16 27 80 60 66 81 29 19 89 39 11 75 48 88 33 47 42 67 33 32 68 56 80 37 67 3 1 96 97 97 36 22 83 2 48 54 78 74 66 55 11 66 25 71 47 40 71 38 82 25 65 84 74 31 94 14 52 79 52 95 51 57 88 46 55 6 35 14 24 88 84 7 47 56 59 43 33 41 15 15 56 29 45 50 82 48 73 50 39 87 64 42 20 45 26 80 36 51 53 96 52 94 70 33 15 51 80 23 4 98 69 56 14 38 79 94 51 80 28 1 44 29 50 61 29 85 27 83 98 14 74 41 37 66 60 58 1 84 77 27 38 92 50 38 50 73 73 65 35 70 48 59 93 4 49 24 18 15 13 83 17 23 67 3 36 17 63 39 94 13 40 83 40 78 17 74 58 73 59 57 32 7 68 44 73 26 98 87 47 8 83 40 72 33 95 56 98 38 38 30 86 18 48 71 62 18 42 70 66 39 27 84 99 14 0 48 11 76 55 87 32 15 46 14 13 57 46 50 17 94 85 53 73 39 13 87 11 81 78 36 12 63 35 40 76 28 0 87 40 85 15 74 73 90 28 93 58 26 41 23 45 52 17 59 54 3 8 40 49 45 16 47 31 88 31 3 26 21 5 17 92 77 95 17 89 65 60 37 96 37 59 25 88 61 25 35 31 30 96 56 22 26 64 6 30 22 25 95 63 76 26 22 71 2 9 69 21 77 22 67 18 5 8 90 36 36 77 67 74 97 73 45 31 83 75 87 18 94 23 30 53 82 23 87 16 30 32 60 97 38 39 69 86 71 24 33 34 6 90 70 92 72 96 61 28 13 8 93 75 56 60 27 85 34 33 26 
5 25 68 40 29 67 42 64 30 99 8 54 46 35 19 60 96 78 80 14 21 92 71 60 85 83 65 26 99 69 35 88 48 8 82 72 48 57 15 73 19 44 84 65 56 98 36 85 36 0 5 22 1 95 84 92 31 44 93 83 23 66 58 22 30 22 32 35 12 7 79 46 57 54 70 30 32 43 89 25 26 41 80 59 49 78 12 21 6 63 96 2 68 42 0 7 3 68 41 27 55 26 73 33 52 63 52 93 33 92 71 92 56 34 4 76 98 70 94 47 67 55 87 35 4 89 83 54 54 38 22 23 38 93 9 85 80 32 73 82 0 6 53 66 80 30 73 77 30 39 51 70 8 92 40 50 81 74 62 77 45 15 89 51 41 33 80 13 20 48 69 5 65 24 52 23 26 42 48 78 53 60 14 87 29 72 25 99 72 69 46 15 34 40 45 19 60 74 57 3 25 49 77 90 8 20 26 40 60 38 79 79 25 82 27 28 32 80 6 14 4 56 50 47 54 8 91 19 14 19 20 30 79 35 56 41 1 78 17 91 45 77 17 64 24 97 42 22 87 94 74 12 23 88 34 79 73 8 22 23 76 12 98 42 6 31 63 19 63 27 73 17 52 76 67 61 15 67 60 98 4 18 17 55 59 28 39 86 63 84 62 87 70 39 93 15 66 81 48 26 40 95 24 59 86 42 35 54 50 99 56 14 57 8 83 24 34 46 47 40 63 7 59 83 40 89 24 25 18 24 57 83 58 57 76 87 91 72 52 35 65 3 54 64 63 47 81 48 50 82 25 13 18 1 30 31 50 97 16 48 99 89 66 95 98 26 81 39 11 53 46 52 52 0 87 6 37 43 18 6 99 57 74 73 8 52 14 0 52 1 11 92 9 27 73 81 96 89 33 54 
61 34 38 98 54 17 66 98 69 93 90 21 95 59 84 93 85 65 11 76 81 81 24 97 52 47 12 40 39 7 42 63 62 82 11 47 69 87 47 95 13 53 62 7 33 55 82 71 1 75 22 25 62 94 51 35 72 16 39 58 68 83 60 4 35 26 41 93 79 17 66 85 62 98 52 51 64 49 12 76 80 67 70 29 71 0 33 43 12 59 8 34 80 26 49 76 2 14 5 42 20 92 0 55 48 1 47 96 93 55 91 9 13 56 7 22 4 34 53 59 22 56 33 48 53 20 87 79 27 57 66 84 18 99 9 27 3 21 56 96 44 27 18 32 97 12 18 82 12 73 43 85 16 46 57 63 19 20 25 9 40 84 88 90 48 67 59 52 62 75 89 26 92 57 69 79 32 27 10 75 97 0 76 55 19 25 85 29 68 59 64 30 7 54 28 15 5 36 32 46 99 2 13 2 71 82 65 44 86 22 55 44 49 40 39 71 19 47 80 37 6 8 10 74 1 12 37 61 38 81 19 93 88 71 57 64 27 77 5 57 99 37 18 17 9 56 28 31 43 53 38 0 59 12 22 65 63 62 63 83 51 23 24 10 74 2 12 28 97 24 97 12 46 39 94 37 73 21 88 33 89 14 79 44 73 26 61 67 66 99 78 45 64 85 28 75 41 42 30 63 73 80 98 3 4 17 3 30 89 83 70 76 91 20 56 42 13 75 41 5 93 7 55 99 52 68 22 69 4 28 59 51 95 75 7 21 89 18 97 71 60 25 6 88 50 19 76 54 34 94 17 37 26 63 89 9 13 79 47 41 21 55 76 57 59 81 68 58 85 15 21 16 39 43 41 97 6 20 15 53 6 92 89 20 19 67 41 59 25 99 49 65 14 72 48 97 48 77 5 38 
48 68 82 38 2 39 62 99 70 51 74 93 23 85 2 79 26 42 62 9 57 15 90 18 12 58 43 0 63 48 51 49 33 96 13 91 77 18 1 18 20 67 48 79 94 60 79 0 8 69 4 75 97 57 42 45 79 10 86 76 60 54 53 47 70 75 76 44 12 67 70 82 38 81 93 32 87 82 56 73 92 19 7 50 84 94 87 21 46 20 32 23 47 62 36 84 21 74 97 85 39 40 26 47 77 92 62 18 86 22 78 17 12 57 44 76 16 36 87 49 55 99 97 84 52 80 31 48 87 49 96 15 45 33 68 69 25 61 70 59 94 57 36 15 34 67 50 82 35 67 17 39 76 55 26 82 22 90 54 23 4 47 83 84 71 51 40 4 74 71 89 54 37 7 66 89 99 92 49 41 78 46 26 62 86 50 90 27 27 13 29 94 79 77 36 26 45 42 3 9 51 63 24 51 25 63 80 54 47 0 34 11 29 70 77 22 33 33 89 10 17 79 93 75 21 99 59 87 79 53 88 34 21 69 6 13 23 93 7 58 90 85 20 66 64 79 10 87 97 51 87 35 69 92 61 16 11 0 14 33 72 49 44 0 21 76 27 58 79 2 82 17 8 92 19 93 6 20 78 93 33 70 5 26 74 64 57 31 31 92 95 43 78 25 93 92 84 65 75 13 32 42 86 11 52 96 40 95 36 45 11 76 63 14 30 51 82 10 86 34 65 8 58 12 35 58 73 25 21 71 99 90 72 96 46 84 43 59 50 94 55 83 20 0 77 32 75 30 91 58 63 35 3 8 49 86 36 63 63 50 7 55 42 17 73 65 66 84 37 1 45 25 45 70 86 65 40 64 79 99 54 73 48 80 71 7 82 88 93 61 92 49 89 0 77 3 68 48 62 87 
62 35 17 72 78 81 11 35 16 37 46 42 11 63 14 12 63 46 60 98 38 48 27 1 52 51 3 6 37 90 95 70 82 29 87 67 16 97 38 74 72 39 72 59 54 7 43 39 45 20 84 36 22 95 84 86 80 3 48 67 83 43 4 71 60 42 66 94 33 45 51 11 14 84 18 98 94 94 30 36 50 86 48 78 18 10 24 83 65 49 0 42 96 98 5 35 70 90 67 17 98 86 87 40 16 69 35 24 1 51 80 45 49 87 11 80 82 15 18 2 99 1 80 40 18 19 95 67 82 15 57 16 59 28 53 55 23 57 7 15 89 15 79 69 52 61 22 78 26 31 14 54 9 62 99 43 42 47 13 5 5 78 68 88 88 46 5 14 15 62 75 69 31 30 22 16 33 65 27 61 82 93 8 47 97 97 29 93 20 62 43 87 50 38 96 43 9 97 44 11 75 56 46 28 87 11 50 87 9 17 69 63 66 7 5 22 29 21 75 72 16 52 82 16 3 5 62 74 33 4 49 1 25 40 84 54 33 50 45 52 28 93 80 69 81 85 24 85 46 79 32 50 22 43 37 27 46 15 13 26 90 4 40 7 87 66 18 90 0 80 74 80 78 88 61 16 84 84 58 9 55 70 92 10 41 6 60 90 68 29 29 89 62 36 54 19 22 13 3 59 73 5 10 3 14 27 67 82 87 64 81 98 34 51 8 84 38 15 16 36 29 31 51 37 21 49 1 56 26 18 23 35 56 4 7 90 66 21 54 37 86 60 11 57 65 6 94 19 25 54 80 65 53 96 42 60 57 66 8 38 99 8 23 41 73 66 28 71 92 75 35 24 28 17 48 52 65 70 61 81 2 80 72 9 8 89 34 96 77 84 76 49 77 64 41 81 68 50 17 12 
93 81 21 74 87 50 94 21 22 40 10 49 57 25 56 64 93 65 84 0 80 7 51 9 63 98 84 11 36 25 27 7 5 26 48 1 81 16 39 94 60 71 11 51 29 92 77 26 77 73 75 7 79 78 92 34 2 5 9 31 63 67 57 54 67 83 17 96 87 82 47 41 38 4 87 31 11 30 54 23 4 48 55 71 10 50 4 4 6 41 10 29 83 23 51 11 21 19 54 39 69 85 92 25 22 42 95 82 51 22 88 83 82 19 64 91 97 14 65 35 55 55 6 37 85 86 29 40 45 91 82 86 7 5 28 9 10 42 85 46 13 97 89 99 91 38 7 51 47 39 69 8 68 15 77 72 81 51 60 0 20 78 50 45 36 61 54 91 7 87 67 12 17 23 11 61 14 48 47 51 22 28 56 1 67 16 0 0 30 91 20 15 98 53 4 40 45 81 47 66 17 50 49 56 2 7 58 95 4 14 77 71 36 98 4 24 10 43 10 34 18 49 99 41 67 75 15 11 74 67 62 94 83 63 97 31 94 98 72 55 18 59 84 75 90 36 43 23 90 71 8 71 43 14 31 70 50 33 87 78 19 92 63 67 87 77 9 43 3 19 11 99 13 0 48 76 40 71 45 72 71 1 16 57 62 9 95 54 8 3 49 45 28 75 62 45 7 5 41 46 94 66 43 13 20 40 81 0 25 7 92 13 89 89 92 86 83 3 15 13 74 16 24 33 33 2 84 20 32 82 43 6 54 45 46 51 70 76 88 92 7 87 14 20 11 82 52 68 1 4 60 3 78 65 33 40 21 5 92 81 82 1 97 77 53 66 78 31 98 27 68 13 64 60 83 32 46 17 6 97 98 27 9 73 24 97 18 51 1 89 35 82 49 46 79 26 81 13 10 39 
9 3 49 69 65 85 49 88 70 25 92 12 72 93 55 41 22 85 93 67 97 66 67 12 28 23 23 32 51 15 55 90 79 37 88 18 30 27 42 58 31 91 13 5 12 65 64 88 10 24 94 3 25 87 26 92 17 31 63 97 91 4 4 0 84 55 0 98 31 94 37 13 9 90 30 47 26 48 22 67 37 35 15 54 48 45 56 40 50 92 22 0 21 19 61 85 40 73 65 35 27 29 19 53 92 59 98 28 74 85 85 88 19 30 86 2 56 39 15 42 32 51 57 5 9 8 75 57 62 30 24 96 32 20 51 14 67 53 37 51 35 61 23 33 40 8 94 42 19 46 73 80 35 79 47 88 78 97 36 96 39 55 12 1 12 64 41 28 95 21 59 36 43 68 54 80 24 30 20 49 62 45 78 4 38 1 72 77 73 75 86 14 63 36 57 53 84 61 9 28 4 71 5 52 84 73 38 39 94 75 11 53 33 93 88 96 86 36 68 48 22 17 5 88 58 84 19 70 87 86 56 76 58 98 78 81 31 48 77 89 47 19 35 61 96 86 73 70 0 61 36 62 41 65 88 92 88 67 51 19 47 56 53 5 61 55 43 24 75 75 57 38 16 60 29 97 34 91 16 5 94 72 71 57 34 35 7 71 52 46 32 80 42 94 92 75 48 85 90 29 98 39 37 25 30 16 19 69 20 88 10 13 60 60 29 58 56 88 46 98 55 69 39 21 37 65 2 83 28 93 41 29 30 7 26 60 0 67 96 66 14 63 26 38 92 37 95 70 81 88 66 11 1 43 43 19 84 41 30 55 45 2 44 34 25 77 7 14 29 82 45 58 24 69 48 56 53 76 80 79 39 74 74 84 34 1 8 4 19 33 28 49 15 97 41 42 53 93 40 59 
96 89 44 66 50 45 0 43 38 37 93 23 11 27 54 87 66 94 94 21 66 94 65 91 54 50 70 63 70 40 69 32 14 35 68 26 8 93 59 39 52 7 68 88 65 34 71 90 45 39 58 99 36 51 52 71 13 24 67 91 26 42 43 35 35 97 85 91 1 61 8 52 67 27 35 76 88 24 96 96 90 36 47 44 27 4 45 80 54 75 54 68 48 62 93 69 11 38 60 59 86 70 40 55 90 33 85 2 57 64 17 36 54 80 41 81 21 63 13 70 99 16 25 20 55 8 96 70 97 15 84 80 75 16 97 50 67 12 7 65 65 31 98 16 97 20 45 87 23 74 67 65 13 15 27 86 84 94 34 71 23 39 77 52 96 66 29 74 44 80 80 15 58 41 80 63 15 99 26 17 52 93 63 80 27 31 9 22 27 37 41 34 83 83 88 25 32 33 36 32 74 10 80 15 36 85 50 45 35 81 12 74 90 85 73 5 47 17 74 0 91 0 93 93 42 71 92 26 21 96 88 22 45 98 12 45 21 28 73 58 95 24 96 16 95 54 42 24 43 13 58 40 10 17 8 10 4 90 61 34 17 48 7 14 13 95 74 65 19 73 92 30 29 6 61 42 52 43 29 83 24 50 58 78 30 96 88 15 40 80 59 11 29 88 25 7 38 46 28 87 92 1 95 57 46 99 87 40 29 36 39 67 2 52 64 34 56 54 40 67 60 43 83 32 53 53 80 96 83 86 94 3 82 31 14 68 90 96 82 10 14 95 82 56 93 97 62 40 12 83 89 25 74 32 21 57 37 91 30 15 17 40 23 90 90 24 94 85 73 85 83 35 82 18 89 30 81 90 68 80 6 42 66 51 31 98 87 94 16 85 70 59 8 56 59 70 35 79 90 69 
10 5 53 50 31 77 61 70 21 57 89 87 66 40 83 36 15 75 63 99 79 99 13 56 64 41 42 16 91 41 2 45 90 24 53 32 71 57 48 18 70 18 61 7 75 20 97 68 81 27 52 44 66 67 46 2 25 23 5 53 16 22 75 67 1 0 2 14 7 41 45 52 24 49 84 38 2 3 39 71 55 7 90 17 41 62 1 21 6 27 79 83 19 13 0 25 3 46 16 40 91 62 88 14 79 81 51 90 35 13 57 33 27 23 42 91 48 71 22 73 88 29 88 60 36 79 45 73 24 1 3 74 98 56 30 14 3 38 49 61 50 53 75 74 30 10 95 80 23 12 34 82 24 96 49 18 15 87 55 97 95 27 72 57 22 30 29 90 99 1 94 57 7 27 94 46 32 57 38 57 85 17 68 4 99 25 9 11 63 18 21 84 54 76 18 83 77 37 96 16 41 74 99 40 53 20 93 70 1 47 81 71 75 91 73 95 44 96 44 38 2 23 47 49 3 93 5 94 28 0 44 31 71 88 66 17 90 88 32 60 77 53 2 52 53 46 67 12 50 16 91 14 78 95 78 46 19 46 22 80 31 52 39 71 70 60 34 11 40 58 48 1 3 2 5 54 67 33 56 37 48 85 45 73 88 34 41 54 46 58 52 47 90 1 20 40 53 33 60 96 8 35 20 74 60 15 52 36 80 13 20 60 7 24 34 26 48 79 72 89 63 78 75 49 64 22 40 6 74 76 2 27 21 63 40 93 28 3 37 13 14 85 13 63 31 45 78 37 29 47 19 31 56 13 64 60 3 39 94 37 55 12 47 40 61 61 81 40 95 36 15 47 7 90 9 64 60 19 94 18 21 57 43 60 79 92 53 63 1 45 26 65 53 90 72 55 26 85 58 89 
49 35 3 81 52 75 52 13 37 39 25 61 66 6 47 20 89 2 9 30 47 44 56 22 0 50 20 40 69 4 95 90 81 86 8 11 93 97 68 24 12 56 76 78 29 65 48 56 78 56 85 9 44 75 13 8 92 87 59 48 98 90 1 82 88 29 38 9 98 20 63 44 99 79 45 93 90 75 72 10 77 54 71 36 54 23 8 52 97 22 85 9 37 90 23 9 66 92 25 35 82 43 16 21 51 40 62 15 21 56 93 23 20 23 78 91 51 11 29 16 54 66 27 72 34 93 57 79 51 97 66 29 86 46 56 31 60 94 51 98 9 99 27 4 41 12 19 38 36 36 41 93 4 20 36 38 84 26 76 31 47 91 16 79 66 15 86 86 81 89 95 15 95 68 68 91 49 96 60 93 25 6 87 80 60 43 60 81 76 94 94 7 93 40 28 57 2 39 90 62 48 31 6 55 11 4 58 90 16 4 4 84 90 28 23 67 31 20 44 2 46 4 45 43 71 72 45 15 22 85 29 35 91 45 24 52 69 87 49 39 58 91 8 23 23 59 50 80 72 55 59 10 86 41 33 41 91 5 43 26 78 59 73 13 11 86 86 96 73 36 67 8 54 38 94 3 31 90 79 10 33 79 69 32 76 97 45 74 38 44 58 72 41 41 76 0 48 59 54 18 75 16 22 32 58 81 13 66 48 89 98 76 76 80 71 43 11 35 9 74 63 24 19 86 0 20 66 72 78 3 55 1 50 59 65 78 24 79 9 6 88 66 44 72 23 40 52 69 76 96 33 77 60 62 53 53 99 24 14 98 76 4 6 47 59 8 29 80 9 48 87 93 56 99 28 81 71 56 96 49 43 91 6 16 19 77 44 4 2 20 8 48 60 46 57 3 50 47 21 5 
77 33 82 21 7 80 74 91 88 27 83 7 68 41 91 53 70 67 9 86 56 52 8 91 80 34 83 33 23 1 61 17 55 30 54 93 19 38 50 54 41 67 18 79 95 73 96 90 47 28 91 29 35 6 59 96 21 96 89 81 30 66 14 12 81 30 64 28 86 77 5 54 71 16 36 89 88 24 10 53 82 13 26 12 89 36 44 30 42 19 6 11 46 81 90 54 57 46 26 32 25 8 30 7 19 75 2 37 62 34 64 40 85 30 14 26 99 74 95 92 5 80 94 67 64 91 43 3 56 14 91 56 4 15 62 29 31 0 39 75 54 86 2 78 94 42 16 53 57 93 20 80 72 14 77 41 96 51 73 88 90 97 64 68 47 60 48 1 87 2 99 71 20 37 45 26 91 42 87 48 79 73 40 25 77 78 36 41 10 86 23 67 70 11 15 84 93 72 80 37 9 85 62 9 4 50 60 10 22 77 44 87 0 65 55 22 22 24 50 60 90 64 17 97 82 1 7 36 72 62 30 14 15 11 5 86 33 97 59 89 4 16 66 58 9 97 39 1 47 55 60 68 7 28 87 7 44 67 69 40 98 8 47 45 31 97 99 84 57 24 30 51 60 23 57 70 46 38 82 89 62 35 96 90 23 58 78 15 77 96 19 24 40 98 26 40 83 54 72 32 10 49 74 88 48 49 21 9 7 64 15 78 45 86 92 63 48 12 81 79 77 73 39 36 18 29 3 9 3 80 89 11 49 32 38 20 26 70 87 44 72 55 51 96 46 53 36 5 47 51 64 85 36 33 41 37 71 37 63 90 25 99 1 79 14 74 79 99 27 55 10 63 41 34 44 32 51 71 46 54 3 50 72 87 21 41 28 69 97 65 1 61 52 24 24 82 0 83 64 81 
83 60 78 35 69 33 96 8 13 66 4 61 58 82 64 72 2 49 0 25 6 30 89 61 91 27 71 79 89 6 73 83 98 32 4 74 29 89 19 49 91 54 17 25 66 70 8 87 81 0 17 50 99 91 11 58 19 71 13 41 15 32 98 87 79 80 31 82 13 14 36 7 15 76 90 96 40 4 84 54 35 95 72 30 64 45 32 59 16 41 50 30 63 92 76 78 36 64 27 5 37 27 15 71 15 63 18 73 44 16 85 52 7 25 12 7 73 0 92 34 30 80 11 17 77 55 22 5 79 39 25 77 64 52 68 59 24 73 29 68 26 52 82 29 79 38 17 4 85 67 41 50 80 89 86 22 49 32 92 14 93 13 16 9 16 59 56 89 82 15 76 77 26 53 56 33 1 44 27 88 14 66 77 75 24 92 62 49 58 8 27 19 98 23 56 28 31 54 46 11 29 27 9 80 31 45 66 44 27 69 11 81 58 94 43 77 20 72 48 86 6 43 6 98 13 61 62 48 2 85 86 43 41 69 71 37 86 56 16 38 15 33 33 86 2 19 23 53 61 33 22 1 11 68 25 29 32 42 41 28 41 73 0 64 65 93 99 24 19 90 22 28 58 17 83 87 53 48 18 33 82 72 83 10 14 55 21 23 49 7 1 8 80 49 29 89 18 5 63 33 82 90 81 88 51 89 47 48 1 66 35 50 49 77 31 14 38 21 76 88 29 51 42 16 2 51 85 32 20 8 54 5 75 4 28 27 64 40 40 21 60 96 31 65 69 59 91 95 65 86 89 32 8 31 25 56 80 52 62 36 27 88 64 62 22 29 15 54 95 86 71 70 91 67 68 72 81 51 50 82 93 46 61 27 90 59 73 84 7 6 98 13 99 26 78 77 30 93 71 39 
21 37 10 7 50 87 92 64 30 80 89 92 40 35 78 49 14 34 39 40 24 37 76 39 63 61 39 39 28 3 67 24 82 54 55 29 37 67 91 70 96 63 18 83 12 32 3 66 25 84 65 9 98 13 57 90 20 85 55 82 64 8 91 43 26 28 2 14 12 91 99 45 30 72 75 69 33 51 77 50 72 26 30 93 12 4 47 6 6 88 63 28 42 59 4 70 64 69 38 55 50 89 94 80 54 38 59 8 81 84 82 69 36 36 67 45 69 93 97 28 25 8 58 76 45 53 13 4 85 81 11 29 85 26 31 33 22 82 99 46 55 33 84 27 72 77 6 66 26 66 0 94 85 81 32 9 86 89 38 12 10 25 33 26 63 45 47 91 95 83 82 70 38 31 59 25 35 38 74 70 95 52 66 41 66 64 74 29 90 80 76 32 97 17 77 56 89 92 53 74 37 78 60 24 67 29 58 25 20 99 55 23 4 54 78 42 79 5 27 15 3 42 70 59 38 32 10 5 86 59 73 70 80 26 78 28 34 76 77 96 20 95 66 8 69 12 32 63 45 75 71 99 93 62 4 25 67 3 28 15 64 7 76 95 59 44 43 21 15 39 28 35 71 22 49 16 93 12 5 42 16 2 74 25 82 8 46 94 50 85 55 5 85 76 8 69 48 39 87 57 5 80 32 36 41 65 43 65 33 12 48 9 52 44 37 57 8 50 37 30 93 59 8 78 98 41 96 40 21 12 10 40 57 11 51 65 34 64 45 78 97 40 25 66 76 6 19 39 65 1 32 93 66 60 3 20 39 54 41 92 91 51 1 20 8 81 32 13 93 54 17 67 81 5 45 43 90 59 77 95 31 16 64 44 81 53 10 98 96 9 93 5 74 35 47 98 75 14 28 7 
95 56 14 24 33 18 94 6 56 93 57 1 7 85 43 9 20 86 3 96 44 3 43 59 85 1 61 58 41 5 73 9 24 17 53 89 88 33 7 82 79 24 42 49 44 76 59 45 30 38 77 78 81 47 63 67 50 44 85 64 97 95 78 6 64 10 13 54 67 43 57 67 67 93 1 12 84 34 12 13 98 74 25 28 17 51 2 39 55 81 57 65 94 59 0 58 35 62 98 23 47 82 2 57 59 96 4 44 49 39 12 31 13 49 1 74 89 39 87 21 65 23 9 23 65 86 6 53 28 26 12 84 85 94 5 8 37 20 46 51 52 46 85 93 35 48 87 29 85 72 22 19 76 67 31 52 34 68 40 79 5 46 16 41 0 27 47 16 15 78 83 51 25 20 31 49 91 6 59 55 44 54 60 43 87 73 81 78 9 4 26 56 60 53 69 15 23 3 15 69 14 69 36 82 52 32 96 21 15 88 23 61 28 60 60 0 4 52 75 11 18 70 69 72 30 40 55 4 73 21 9 91 86 22 16 26 4 91 38 28 9 78 46 8 51 43 62 29 33 76 55 46 40 47 80 44 51 54 55 61 27 51 9 39 59 20 67 53 75 52 92 54 10 87 53 2 78 58 51 36 83 42 95 54 45 59 84 54 94 68 12 19 77 38 4 99 92 68 89 78 71 72 39 14 26 15 70 37 97 6 89 24 34 34 62 61 19 33 15 87 4 45 26 93 3 33 65 92 18 34 83 97 93 87 38 26 69 55 43 15 48 58 51 29 38 63 17 6 3 74 59 60 62 38 66 10 37 64 68 71 38 5 41 26 57 68 25 5 87 23 23 62 22 95 22 87 10 30 51 77 24 26 72 83 14 91 23 88 98 65 74 86 22 25 49 93 66 64 16 63 
63 22 47 81 33 37 32 66 8 59 80 46 96 39 24 6 12 71 17 54 27 74 50 55 42 68 57 10 10 62 36 80 18 17 17 56 47 11 56 98 58 65 20 29 17 8 33 72 14 39 65 83 16 7 12 61 80 23 8 37 99 27 24 1 8 96 64 90 49 54 47 15 21 20 44 30 8 63 91 60 79 42 10 37 9 21 85 51 78 45 74 86 30 94 97 36 29 2 45 69 10 73 3 17 29 54 55 1 9 45 68 80 98 21 92 59 6 43 72 39 89 8 88 13 51 72 46 94 9 71 47 92 24 85 34 65 17 20 82 7 12 69 50 7 40 39 43 73 58 79 21 40 33 8 13 26 98 48 79 51 15 96 50 75 1 81 28 89 23 64 20 62 29 88 64 49 5 85 60 51 70 70 60 30 30 6 70 50 94 12 44 48 17 93 30 82 6 58 83 83 21 86 53 31 91 65 83 46 96 2 98 18 67 2 94 53 76 46 77 55 80 29 38 91 53 1 24 26 23 88 9 41 56 14 97 63 19 1 90 38 23 95 10 8 58 67 38 21 98 99 80 31 20 5 68 18 0 53 31 37 92 14 98 89 76 95 97 84 17 7 81 29 28 56 38 78 78 97 53 74 30 94 87 44 26 56 50 67 1 37 12 60 1 92 44 85 97 1 88 40 77 0 64 23 92 0 60 28 74 98 14 88 38 82 64 84 2 33 49 76 42 63 53 87 61 80 97 19 38 33 38 89 43 72 24 56 99 72 44 79 17 17 1 67 63 40 45 49 36 33 3 12 5 38 72 63 38 79 13 82 24 79 7 77 46 86 56 96 69 99 20 29 64 76 78 19 12 35 86 25 99 24 35 43 47 52 13 78 46 0 90 93 83 82 84 59 3 15 4 12 
58 6 46 64 27 4 18 49 31 56 73 43 20 81 6 68 92 58 14 74 22 53 42 42 43 79 21 11 54 6 53 34 25 72 10 78 34 0 8 91 66 87 88 51 15 20 58 89 68 63 45 38 89 30 60 80 36 29 28 52 87 12 66 95 35 34 58 21 1 76 8 83 70 31 74 81 16 34 46 69 39 32 34 77 25 28 81 27 34 17 79 24 46 60 56 28 52 52 68 56 31 82 95 91 31 84 68 77 11 19 35 4 72 88 3 13 24 51 16 67 40 50 41 46 63 19 73 59 12 77 12 94 81 76 20 85 37 0 69 3 71 14 0 26 4 44 38 13 3 74 57 16 63 61 47 54 85 97 83 54 54 17 20 97 91 54 47 27 84 57 69 67 57 32 29 28 43 39 86 65 98 85 8 23 51 6 51 0 49 77 65 72 88 42 54 40 93 89 53 87 67 19 92 97 49 24 54 36 33 98 88 0 29 42 18 2 16 64 8 53 79 15 40 5 56 69 1 51 99 60 25 92 87 15 55 1 47 19 88 11 54 77 47 72 71 78 78 66 77 4 63 27 51 45 7 80 75 17 14 2 80 89 27 38 48 92 1 71 35 85 18 45 53 47 27 77 22 0 60 95 24 89 62 87 92 32 78 23 29 56 3 17 21 1 35 89 22 91 2 12 20 61 44 95 20 44 20 97 60 22 45 34 79 36 4 50 20 95 74 89 74 78 75 68 67 98 6 36 85 40 95 46 60 63 47 51 41 26 47 97 22 64 28 93 71 20 89 42 69 48 97 34 97 72 63 11 43 88 39 9 48 62 75 79 33 17 14 35 77 71 23 53 60 91 81 46 96 42 46 13 60 51 62 46 96 14 33 83 32 55 11 32 96 2 98 29 72 16 81 33 
55 19 93 61 49 71 21 3 90 26 26 21 69 41 54 45 33 3 72 34 33 53 77 95 13 59 17 34 60 67 61 67 77 99 59 34 51 15 75 38 88 51 81 44 23 90 79 20 41 64 0 1 65 81 5 55 87 62 79 8 3 11 45 88 9 62 23 62 12 72 83 90 31 21 20 40 72 81 16 53 91 44 66 69 5 9 7 0 46 94 24 89 59 71 1 80 56 21 45 87 65 1 30 31 96 34 50 19 14 34 21 61 57 84 77 0 45 50 8 55 13 28 57 92 37 37 10 94 94 76 47 99 30 67 11 97 60 7 3 4 38 15 67 29 13 79 37 80 97 87 7 2 58 96 41 45 69 9 30 12 99 18 15 72 47 9 34 23 10 19 43 67 52 58 1 71 40 82 43 72 29 48 52 62 11 53 36 32 39 28 68 17 55 96 61 60 75 8 83 15 97 36 27 96 48 75 79 0 54 5 22 19 92 99 68 88 13 12 30 80 83 10 1 53 9 81 23 69 60 16 59 73 8 14 70 95 5 19 42 65 7 47 62 55 27 81 22 62 68 8 4 3 24 74 91 68 18 6 71 18 36 96 65 95 4 38 89 84 93 13 5 77 55 68 12 19 58 77 98 66 55 70 37 29 39 17 9 7 70 22 68 75 20 81 26 46 13 44 55 31 62 91 92 47 21 18 14 75 65 41 85 51 88 81 66 64 25 75 3 12 61 42 39 92 83 82 36 26 67 31 72 20 53 26 44 17 3 2 43 63 12 1 90 61 49 50 90 1 63 58 2 60 19 2 3 1 55 48 6 63 34 51 4 51 57 64 44 98 31 19 64 7 18 62 25 43 91 76 5 48 56 53 45 27 43 25 8 18 42 34 57 22 85 82 44 41 56 29 52 98 
5 23 7 15 88 36 18 11 38 48 67 30 27 14 81 54 38 96 62 75 46 41 55 61 61 93 43 84 12 48 8 21 99 90 59 43 15 70 74 40 49 82 93 17 51 10 72 11 77 22 70 84 81 5 43 10 74 75 85 29 79 90 29 75 20 25 41 27 72 93 76 74 86 45 30 62 57 12 24 8 33 0 63 9 55 5 9 91 4 46 79 5 95 99 46 32 43 88 63 23 94 68 85 21 15 34 18 6 25 0 25 11 53 85 70 94 90 93 22 34 35 10 64 22 85 58 64 28 49 26 35 32 32 4 72 57 5 68 26 64 91 96 33 26 20 90 9 68 64 31 56 57 54 0 36 74 60 91 2 31 58 83 25 72 53 13 89 87 28 88 49 39 10 94 26 56 85 51 98 69 7 84 74 22 19 4 28 4 18 64 56 13 86 57 27 12 82 50 32 17 92 97 47 81 88 94 55 33 69 95 17 27 37 31 37 80 20 33 91 36 77 82 2 71 92 2 71 33 63 75 6 84 8 16 41 57 55 9 85 24 64 38 68 80 55 81 95 19 90 24 77 9 6 91 93 7 70 98 9 34 60 94 30 61 57 61 41 79 56 87 55 63 98 58 21 18 84 61 3 59 92 36 99 81 97 79 60 18 46 50 87 62 21 12 68 14 91 71 62 78 58 19 89 81 2 16 4 80 70 33 66 52 32 86 27 23 94 6 11 69 21 49 15 47 81 16 93 45 98 75 37 36 83 1 15 42 10 71 7 17 39 1 95 50 80 50 68 23 92 39 67 23 31 49 0 68 65 27 92 56 34 24 0 80 70 7 78 74 92 36 16 71 76 43 82 33 13 91 79 49 8 22 95 75 47 23 39 84 81 80 29 45 27 99 78 86 78 14 65 6 
89 14 10 89 81 76 31 53 75 33 22 53 47 4 3 87 79 5 59 73 25 45 13 43 72 31 60 83 88 45 77 64 77 67 98 43 10 27 91 90 82 21 48 3 30 41 48 18 5 19 16 62 45 66 31 81 38 13 60 77 64 58 57 41 4 47 15 45 6 61 85 57 18 95 37 16 32 64 61 59 6 44 95 23 8 0 15 57 61 60 92 93 61 53 93 97 53 96 25 31 63 53 53 0 38 46 66 22 52 78 54 4 66 85 38 80 71 7 74 30 13 13 96 3 17 39 85 57 41 47 88 81 95 17 44 96 67 27 38 70 1 94 51 8 9 38 88 74 75 86 62 96 70 68 70 32 22 0 14 39 60 90 25 91 3 41 17 58 33 13 18 57 52 65 85 95 54 54 42 23 13 46 82 15 79 12 12 82 57 91 67 37 2 41 51 73 43 86 12 24 32 37 64 61 57 51 35 85 34 9 34 0 0 38 75 43 54 58 46 7 54 41 80 70 95 4 75 92 22 56 78 40 32 91 66 76 92 19 26 66 9 5 19 21 71 83 99 8 49 41 90 9 29 21 34 89 39 74 35 54 66 62 78 45 36 86 7 81 53 9 92 91 15 31 49 59 45 13 53 30 16 86 90 74 53 44 83 16 1 71 65 88 89 53 84 10 86 95 96 31 51 70 80 10 20 70 5 60 95 31 49 34 85 77 90 33 20 93 34 34 86 4 61 67 92 20 13 41 24 13 8 72 24 58 47 8 32 59 62 26 49 49 12 6 47 21 24 38 72 29 96 27 70 77 41 49 95 96 96 77 95 61 7 59 90 36 31 2 26 65 24 3 87 21 77 99 33 50 90 84 6 52 31 42 97 45 27 8 70 20 5 86 82 78 58 64 90 41 79 38 
83 70 56 25 9 36 88 34 12 85 15 21 6 69 42 97 14 25 31 99 44 5 92 4 7 69 16 43 51 16 83 34 83 86 17 3 98 65 38 61 56 6 20 44 43 93 10 71 7 56 55 89 63 39 90 63 56 89 65 32 55 46 48 32 82 82 27 32 63 45 30 98 37 16 20 65 7 47 94 77 26 67 73 36 25 81 6 99 91 55 53 51 32 59 21 14 0 50 2 90 28 27 76 28 66 8 59 76 40 60 66 57 32 13 12 7 15 68 93 44 69 39 53 68 71 18 98 90 28 5 87 72 73 33 5 30 57 33 73 90 71 35 42 24 17 39 65 86 40 75 82 27 61 4 36 35 44 64 15 70 95 20 22 50 30 23 84 86 92 68 99 97 52 49 83 54 44 13 83 73 26 19 49 46 98 3 31 84 43 76 57 97 33 26 37 84 82 2 29 11 92 45 64 70 83 85 60 24 47 94 14 16 15 55 82 30 19 79 96 31 48 79 52 11 78 12 30 14 2 14 69 81 81 51 88 33 87 36 57 36 28 31 34 15 9 16 14 40 66 37 21 41 22 32 70 20 66 22 56 28 83 10 6 40 82 34 60 27 73 2 71 35 92 99 80 14 22 6 88 70 49 0 86 24 86 4 65 28 4 91 67 98 98 83 91 32 93 99 55 70 69 86 73 90 51 95 51 46 58 4 92 46 48 85 33 46 12 6 64 75 38 79 8 45 82 96 17 65 12 74 49 0 91 5 15 8 81 74 8 53 79 62 95 90 81 32 68 49 24 55 76 97 46 71 54 3 18 58 58 47 76 78 11 35 39 10 94 88 65 81 37 28 91 74 72 64 3 72 91 95 34 43 83 98 13 39 74 25 41 81 29 86 21 20 36 45 69 30 49 36 
57 87 56 16 60 41 15 55 69 93 60 59 37 33 51 78 26 50 30 12 44 20 62 19 91 0 84 13 88 68 0 51 75 85 77 7 68 70 56 83 72 40 1 64 54 98 88 38 7 25 16 78 3 3 94 84 29 9 8 3 89 65 80 1 12 59 2 43 20 10 44 71 76 49 29 20 21 17 12 12 18 44 52 57 14 68 12 18 85 27 87 30 88 73 59 49 96 16 69 78 71 52 3 5 81 47 57 14 62 11 89 98 53 42 84 96 93 20 12 58 41 27 65 60 85 47 96 97 58 57 5 86 31 90 31 36 54 51 56 18 21 75 95 26 78 15 90 22 43 46 35 70 86 73 14 4 32 52 52 40 32 69 35 54 62 28 46 48 36 69 30 20 94 42 48 94 61 80 41 17 53 35 0 24 75 48 31 58 36 27 73 75 88 1 42 17 81 12 71 94 36 32 75 88 64 56 50 28 44 81 2 40 67 54 71 82 6 65 11 98 58 85 10 28 35 21 74 29 56 59 10 52 32 96 48 42 68 64 77 58 33 81 0 67 77 5 25 78 73 91 43 84 10 77 99 28 81 60 72 89 75 95 76 71 4 43 68 82 62 90 15 11 42 5 59 26 35 36 81 43 10 51 74 93 24 32 49 99 5 66 39 49 81 20 64 31 74 6 16 25 54 68 34 79 49 32 27 89 8 0 3 5 19 61 52 47 88 50 15 70 61 84 39 73 36 42 11 13 60 15 35 69 75 63 9 17 75 35 17 80 49 25 4 28 40 60 13 19 5 6 66 95 31 14 64 77 54 72 31 59 56 22 93 95 7 94 65 19 39 42 68 39 3 78 71 36 51 12 62 34 37 48 12 31 40 79 35 57 68 34 86 14 20 3 90 0 84 75 1 72 
67 4 49 86 95 68 68 25 63 38 26 26 26 33 43 67 12 60 67 26 2 57 16 87 85 21 87 62 27 66 97 32 85 65 87 93 40 42 75 19 91 82 61 85 37 93 63 58 11 28 4 10 27 9 67 53 82 68 3 43 48 36 9 20 58 58 42 45 5 93 81 10 20 47 88 9 57 95 46 23 68 80 83 22 5 1 37 51 85 25 54 53 70 93 42 86 18 75 98 8 77 17 85 86 74 26 54 88 56 20 22 80 85 68 39 87 50 18 65 55 32 32 52 18 11 84 71 83 37 63 4 35 97 17 35 71 76 35 31 85 24 52 90 16 68 35 65 79 95 15 68 4 0 80 70 45 37 65 93 95 86 63 67 27 25 5 52 54 24 81 92 83 74 50 99 79 22 49 83 24 28 93 77 34 1 58 8 26 37 66 38 39 11 35 23 95 73 35 39 85 44 28 31 48 2 14 40 85 95 4 79 92 53 23 64 49 87 9 60 64 83 56 92 29 22 33 5 38 9 64 9 86 41 33 79 27 92 85 49 81 66 77 64 41 29 86 50 17 41 98 84 17 3 14 47 47 68 36 4 38 16 27 84 39 19 8 85 16 80 79 42 50 21 11 11 74 6 70 61 38 21 52 63 20 76 58 5 39 37 78 76 54 3 97 38 98 18 56 35 59 57 47 80 37 78 35 23 11 46 34 44 48 17 20 46 61 4 12 16 83 48 84 37 97 62 25 14 9 14 70 4 84 33 22 98 51 62 36 96 19 70 15 16 75 26 38 39 9 37 9 40 57 31 1 96 61 37 29 41 22 54 69 33 99 70 39 81 40 33 92 55 52 13 20 75 87 80 5 45 78 16 25 15 39 76 74 60 89 60 41 54 84 23 94 84 33 16 7 87 76 
54 39 51 41 73 66 32 13 78 74 61 37 1 3 91 36 84 62 30 37 50 30 69 75 5 45 55 24 77 46 59 72 27 35 68 70 56 44 39 47 62 88 13 34 3 68 95 56 55 54 65 13 12 40 79 70 60 77 70 29 40 79 10 30 18 97 78 35 64 51 29 86 70 84 20 34 55 79 36 75 29 97 89 74 71 22 23 19 44 70 44 53 80 38 70 27 68 31 22 85 11 59 81 23 47 53 98 15 42 41 29 29 77 92 86 54 36 69 81 93 20 62 57 18 26 65 46 68 53 37 63 46 37 79 15 16 41 44 92 75 2 30 2 58 44 99 5 10 6 12 17 5 53 82 49 94 26 37 22 56 85 35 61 99 0 31 64 91 35 33 69 56 28 61 31 66 47 1 49 10 0 24 36 93 15 81 88 31 48 45 26 26 79 36 73 36 42 76 75 71 83 47 65 20 63 26 1 53 32 39 58 39 85 21 21 98 42 68 7 35 47 47 3 84 21 12 46 34 29 14 36 79 43 10 41 9 5 58 7 92 87 12 93 31 86 54 69 92 10 46 30 85 65 11 37 29 65 56 92 83 75 53 16 37 72 68 16 81 72 61 93 45 70 41 13 68 47 87 18 79 95 69 75 48 60 50 22 61 36 52 52 93 85 7 25 32 70 86 78 75 69 82 76 49 71 73 38 16 64 22 54 32 48 85 24 6 49 11 4 80 61 7 57 19 82 35 90 84 1 63 35 83 84 42 55 1 23 45 17 89 21 0 9 49 50 67 20 90 95 20 2 50 6 54 71 32 8 63 44 45 0 45 64 41 97 1 6 31 22 17 25 50 17 40 53 68 25 79 0 12 24 6 81 67 5 48 19 86 93 63 37 99 41 76 64 69 35 94 50 37 
40 40 66 42 13 31 76 87 29 72 31 68 71 75 16 95 28 38 16 52 86 49 24 62 66 53 0 39 83 29 18 45 13 91 9 63 81 40 74 8 21 91 37 34 31 7 63 94 81 59 78 82 55 34 78 82 20 32 95 35 78 55 54 21 84 33 77 20 17 5 21 94 35 35 42 2 17 54 54 60 8 40 78 75 24 48 77 43 51 92 1 89 74 64 79 20 66 59 62 41 5 2 39 9 33 65 63 17 29 43 66 85 91 33 86 17 32 55 15 90 78 5 98 21 15 19 28 70 39 48 12 30 44 56 27 16 88 29 43 1 50 74 22 94 45 45 33 39 77 31 32 1 23 65 99 28 63 57 77 62 87 37 40 15 23 91 94 45 4 66 91 27 22 24 54 77 21 13 12 22 37 87 74 22 8 89 3 56 0 57 83 86 34 89 85 64 19 42 63 55 92 40 37 52 3 41 43 92 44 56 9 96 49 79 3 63 30 20 10 39 95 40 12 97 68 89 48 1 89 86 30 6 66 5 47 78 70 48 12 25 6 59 7 74 1 4 91 66 17 24 13 51 36 29 79 19 16 81 59 63 16 2 75 90 4 6 77 95 23 74 93 66 3 25 82 84 64 30 52 73 72 25 35 90 99 61 5 37 11 64 77 68 35 83 55 99 95 46 45 1 46 90 35 33 98 51 39 71 36 0 84 58 65 36 56 30 44 76 28 37 85 31 51 85 97 93 69 22 59 83 33 18 42 41 93 80 28 20 45 57 27 67 27 60 34 97 89 33 86 21 59 4 10 93 31 31 11 99 30 81 56 33 80 44 73 46 71 58 66 13 92 88 6 86 63 82 24 67 5 38 59 21 90 22 21 59 56 4 37 49 92 97 45 73 59 29 13 98 18 83 
18 62 41 86 93 90 22 66 15 35 4 36 17 35 58 8 0 24 98 54 87 29 93 59 60 98 65 4 59 97 88 3 60 26 71 57 92 86 79 11 55 76 51 1 33 4 78 44 57 41 22 80 29 96 13 49 99 66 58 49 63 82 56 34 78 86 62 23 98 19 19 21 32 23 64 20 2 3 6 44 41 22 86 57 14 53 74 89 3 86 59 28 28 1 67 24 18 81 23 22 57 77 5 96 33 4 34 97 70 17 83 18 72 34 13 51 47 5 14 93 75 96 50 85 44 44 15 49 37 76 21 41 67 55 13 36 83 30 2 52 71 6 56 84 37 1 16 5 24 35 13 79 97 92 10 48 53 5 71 57 92 23 52 80 81 86 27 74 14 9 46 53 58 1 85 81 30 9 41 11 53 97 29 94 79 22 40 93 20 88 51 24 8 69 9 59 70 81 16 40 54 2 1 17 35 43 43 88 45 27 27 13 70 55 68 85 7 96 78 44 93 70 16 26 16 46 10 42 60 89 19 63 6 33 95 10 98 47 45 47 47 90 7 35 22 46 77 34 31 13 15 78 8 34 5 72 14 15 70 13 29 33 92 7 44 77 25 49 23 97 19 1 72 16 76 49 50 46 49 16 7 95 75 81 20 41 35 68 8 60 30 4 43 78 0 33 38 3 74 30 77 27 37 54 87 49 90 79 47 6 23 11 33 23 11 62 38 87 0 56 36 20 96 59 84 96 54 67 1 2 91 34 45 3 20 46 38 62 33 61 86 19 15 27 99 0 98 74 58 47 42 6 39 60 31 10 24 98 42 3 81 59 54 23 31 1 27 81 99 79 86 51 2 16 85 8 7 22 80 19 28 66 77 56 64 67 63 33 21 36 65 0 62 46 33 75 95 6 99 99 
19 83 56 18 10 38 74 26 91 75 58 19 16 31 35 76 93 22 81 25 85 71 34 77 95 94 27 49 81 42 23 0 46 83 11 12 81 65 97 89 92 1 95 73 10 39 90 36 76 61 0 24 14 39 5 96 73 24 65 88 20 8 59 53 36 42 16 34 40 52 51 70 81 32 83 64 17 57 29 35 38 75 32 92 90 11 79 8 88 15 2 50 29 9 51 92 45 85 62 1 95 91 42 39 72 61 43 26 98 62 49 9 67 84 82 67 50 72 3 69 4 4 22 10 12 24 52 50 64 55 69 44 10 55 56 65 47 68 86 74 1 70 57 54 27 62 85 7 17 10 33 31 85 82 70 56 61 74 25 60 90 25 18 42 1 52 89 53 55 92 92 4 26 4 41 70 14 6 69 51 1 88 37 14 3 2 85 92 20 18 14 84 23 87 20 61 71 97 47 69 84 61 61 96 93 97 33 53 95 43 59 50 32 42 32 66 61 3 3 74 49 61 72 20 31 60 79 12 9 83 52 15 26 97 62 78 41 52 42 67 75 15 38 10 23 85 41 39 36 18 20 2 67 43 98 62 54 52 60 54 23 74 68 22 41 41 54 94 31 50 55 72 94 62 54 82 46 69 33 49 40 3 29 64 43 47 68 72 99 29 90 33 45 9 1 89 56 96 26 36 43 42 41 96 96 77 16 34 21 85 90 8 21 5 45 92 1 61 71 77 79 48 25 40 87 32 41 46 76 88 60 48 9 57 6 31 61 79 22 50 24 66 6 32 99 25 53 38 49 18 41 69 42 56 49 15 84 0 51 24 1 29 3 55 81 95 77 38 4 46 42 26 50 20 17 98 25 26 91 99 82 90 89 72 72 91 39 50 93 37 44 51 71 96 92 59 66 63 51 71 
79 75 0 14 12 94 6 52 92 93 33 89 18 21 36 9 25 13 70 50 55 46 39 87 30 17 97 85 54 45 74 88 8 57 15 74 14 8 33 4 96 33 43 5 55 29 84 38 56 43 43 1 95 68 68 92 21 47 77 38 59 30 37 43 84 73 3 54 8 27 38 28 33 15 11 60 86 9 80 79 95 25 84 76 96 18 11 58 29 31 92 36 10 82 40 26 2 62 8 15 70 51 2 2 3 95 63 80 83 27 13 86 36 22 55 27 93 21 89 9 38 36 95 17 94 36 95 55 96 86 67 99 91 59 87 64 9 52 79 43 73 91 17 44 16 62 72 55 5 73 37 69 72 23 29 32 49 41 63 16 64 97 15 67 88 0 36 88 61 58 37 76 74 83 74 73 2 91 17 42 5 45 0 94 87 7 6 44 97 45 44 28 47 40 44 28 25 65 62 13 65 42 43 18 52 24 76 89 4 83 64 58 53 81 0 37 10 65 26 7 51 75 84 39 53 15 79 4 90 55 31 7 70 24 96 27 92 13 90 9 28 66 17 49 97 2 75 52 43 93 22 16 75 31 45 33 94 13 35 69 91 41 82 42 23 48 61 10 38 83 32 15 56 61 74 13 37 0 69 93 84 14 53 87 85 22 94 90 82 51 60 78 83 36 36 86 46 44 25 87 82 49 94 21 1 43 61 29 56 74 40 42 38 4 8 48 85 60 48 90 68 32 59 34 84 28 20 39 93 75 8 62 71 25 49 5 18 17 34 24 95 33 58 85 13 37 66 11 98 0 65 81 73 89 35 59 88 76 78 69 57 19 54 55 71 39 8 49 30 39 39 80 14 25 71 36 16 38 39 4 34 7 52 7 89 41 16 88 84 85 94 40 66 16 8 34 68 24 67 28 
92 60 22 20 57 5 69 45 33 58 99 35 55 48 54 44 8 33 62 69 75 94 69 16 20 64 1 83 3 52 98 53 2 85 54 88 24 33 58 59 42 39 79 96 45 68 37 36 94 1 58 6 23 88 78 30 51 80 2 71 68 38 50 66 58 45 4 8 98 50 85 90 32 13 74 64 6 19 68 92 46 36 19 79 2 90 41 8 66 78 65 76 74 35 86 10 25 61 31 52 85 32 79 50 59 37 41 93 93 56 35 50 34 23 54 52 14 65 59 79 38 58 49 31 55 6 43 89 10 13 27 76 43 94 75 83 82 91 94 88 49 47 31 20 96 33 34 73 73 16 7 4 47 48 63 49 29 88 40 43 55 0 8 20 49 65 25 33 31 46 83 38 35 98 63 72 8 99 23 38 19 25 41 41 5 27 21 92 33 89 5 12 34 18 87 37 34 8 21 8 4 63 80 45 67 54 15 76 52 8 13 92 42 41 30 16 96 71 26 38 95 92 78 64 96 17 7 61 84 32 4 48 70 61 19 31 13 6 84 70 7 73 97 93 20 26 81 52 39 77 78 81 22 57 80 3 25 2 0 45 33 49 57 61 1 49 66 27 92 11 77 56 92 65 86 87 83 48 54 5 28 33 69 95 16 81 38 30 41 8 67 22 6 46 77 19 5 94 12 52 14 8 14 69 28 42 28 96 13 46 82 30 53 50 92 7 59 4 97 79 99 88 63 42 79 19 35 27 61 53 10 4 73 3 91 41 75 89 28 30 15 5 44 81 79 33 63 57 88 37 39 51 61 89 76 71 84 69 51 87 82 42 7 66 82 48 17 72 93 80 53 43 44 45 64 45 69 5 24 65 95 69 98 43 53 49 23 56 69 8 53 36 21 64 79 66 41 0 80 26 
14 83 99 41 78 97 78 6 29 87 85 38 24 60 50 85 44 92 43 24 69 51 18 75 64 84 31 20 5 23 10 67 37 17 23 11 11 97 67 16 29 18 13 30 2 76 13 43 2 39 76 57 9 23 97 71 67 53 61 20 80 56 17 59 99 31 76 56 60 58 54 91 46 63 5 77 82 64 21 43 98 98 55 82 29 88 22 23 28 16 64 78 92 44 56 94 76 29 38 30 61 64 12 47 92 46 83 97 33 2 18 47 10 68 70 7 25 85 33 97 73 40 93 54 22 75 59 0 44 38 17 32 2 6 52 65 15 46 70 91 9 83 58 50 80 6 16 92 81 26 19 56 71 18 34 88 34 39 71 5 15 42 50 78 91 53 2 91 67 32 11 75 54 2 7 8 25 91 38 77 28 32 12 95 58 97 62 40 47 75 47 34 40 86 0 36 23 45 66 70 67 67 48 81 66 32 12 81 29 96 50 54 92 63 86 44 6 18 85 15 3 21 88 41 4 2 28 86 79 92 93 83 76 68 52 58 23 84 26 57 12 81 91 95 11 54 99 98 27 45 72 35 24 94 4 20 31 13 85 24 95 21 78 36 86 10 87 0 62 43 52 28 33 33 30 52 14 46 50 49 96 97 82 6 23 17 53 89 13 68 23 31 23 58 57 43 97 94 14 89 8 4 2 46 85 60 61 33 48 22 48 21 99 87 75 46 32 19 2 6 78 38 82 33 7 40 15 74 73 76 88 83 30 0 64 67 32 31 10 87 47 71 83 75 86 50 68 25 3 71 32 21 94 52 35 75 38 10 47 39 53 71 89 28 27 39 43 75 42 70 29 84 65 25 57 65 46 79 76 93 39 18 66 88 92 30 49 50 97 17 25 77 43 47 98 15 77 68 18 90 
51 24 64 73 43 87 14 12 70 57 39 52 66 79 40 26 81 15 52 64 52 88 1 60 21 38 86 51 18 12 13 97 99 66 25 55 73 69 45 40 88 57 94 85 94 79 35 15 33 39 65 11 55 88 4 23 64 93 85 30 0 30 33 42 93 60 48 45 3 56 50 2 30 47 40 20 52 54 42 39 60 32 7 61 46 88 9 72 24 23 59 55 0 63 57 10 50 89 63 38 65 76 9 16 97 78 1 41 60 7 65 14 77 71 54 4 84 37 33 74 84 62 65 14 9 18 78 46 50 33 64 84 78 60 15 68 93 99 65 76 85 54 20 52 34 31 51 11 51 87 7 65 69 66 86 79 77 16 66 32 13 61 6 42 47 17 3 72 26 77 81 37 21 53 32 65 85 42 29 34 9 65 39 42 72 20 3 2 34 81 71 46 95 29 6 91 0 63 21 82 39 9 28 84 74 29 72 33 55 24 52 8 79 76 17 39 19 28 91 19 1 80 52 99 51 88 71 89 49 17 93 77 46 10 75 93 9 21 57 0 68 22 12 87 64 91 70 53 42 53 50 46 18 85 50 66 14 11 9 15 90 75 24 36 97 57 57 56 74 71 13 7 24 4 30 34 26 63 9 48 11 47 12 83 77 78 44 25 80 61 53 57 10 10 30 41 45 81 34 49 73 63 14 64 86 97 17 33 75 15 23 53 28 92 70 15 90 12 98 83 17 59 97 23 15 98 1 71 14 71 30 61 93 90 76 44 91 81 86 48 9 44 74 94 39 86 43 68 88 18 85 80 97 53 32 1 59 22 79 34 28 11 62 62 11 52 94 20 15 34 4 60 46 89 8 1 50 21 47 92 60 30 87 56 91 74 43 64 23 75 11 42 50 0 9 10 56 52 7 98 
30 17 3 31 54 28 81 64 9 50 59 81 74 24 3 15 49 18 8 98 70 56 26 3 45 3 79 71 73 39 2 16 16 21 11 38 63 14 91 9 70 8 14 81 90 85 70 93 45 2 34 72 18 6 94 57 85 71 73 67 1 32 40 9 88 56 85 77 11 73 84 26 16 64 48 50 20 5 74 62 0 66 25 71 37 37 70 13 38 13 22 64 59 28 95 80 0 58 4 89 0 41 83 5 6 38 54 98 59 79 14 55 34 9 78 29 84 4 79 73 16 96 50 80 54 26 55 63 70 56 80 32 44 57 89 69 33 73 87 52 60 47 94 74 34 52 84 96 35 67 95 78 26 45 77 14 15 71 82 93 59 34 22 48 12 38 49 2 93 74 99 47 28 59 71 16 61 42 95 34 54 31 5 97 54 8 52 82 54 47 18 34 95 31 61 92 95 40 51 92 18 0 67 45 84 97 8 82 80 48 96 29 57 4 69 32 14 88 51 12 75 41 50 86 5 48 93 3 71 90 0 59 79 68 97 13 75 25 13 2 21 34 26 40 47 69 32 53 95 82 76 52 94 54 11 9 95 40 43 3 66 28 6 51 14 54 28 7 28 76 7 6 52 47 93 46 45 51 77 90 21 77 61 62 54 89 75 3 99 88 94 59 65 31 32 20 65 21 17 63 94 25 57 57 15 64 25 9 63 82 68 13 51 50 65 54 12 27 65 60 58 27 94 59 68 51 11 14 77 93 94 33 10 58 71 46 84 52 55 72 93 33 50 84 18 68 44 20 84 19 78 8 16 86 83 34 99 79 93 81 65 83 74 18 64 60 6 3 37 0 67 27 87 16 73 69 87 56 15 36 34 26 28 8 52 53 66 38 66 84 69 34 83 27 73 32 0 33 61 87 
88 87 47 82 76 52 72 95 28 97 89 58 82 83 34 82 84 99 6 34 28 69 11 19 17 52 0 76 45 13 80 54 90 86 5 93 86 69 88 94 46 33 39 63 99 99 32 23 30 61 28 39 70 19 36 13 25 79 58 63 85 11 19 28 62 92 48 32 55 66 79 90 52 89 31 1 79 54 99 88 79 26 87 47 92 86 35 29 1 15 11 91 18 80 47 65 98 90 12 55 44 88 40 11 24 55 95 81 32 39 26 63 59 79 31 39 14 33 48 73 10 93 88 37 1 48 75 53 56 24 58 99 36 14 20 49 12 11 91 20 91 83 13 38 30 87 4 7 44 97 92 55 51 37 8 98 42 14 28 12 1 61 77 82 97 69 37 28 69 56 33 57 71 57 9 32 59 83 43 32 9 53 94 14 62 26 87 49 68 18 73 30 65 90 22 73 81 17 62 4 47 19 39 71 82 6 1 96 80 19 83 4 90 86 62 57 17 1 38 81 61 78 58 23 88 94 39 89 61 61 4 2 73 48 81 68 10 50 93 84 31 70 16 33 87 87 13 90 25 21 32 72 55 47 39 44 5 78 38 28 97 45 89 40 9 50 29 95 37 80 33 43 21 4 99 41 52 89 41 16 98 75 69 77 39 55 21 7 98 5 55 76 37 58 16 39 85 25 81 16 89 28 46 57 62 14 51 2 93 63 57 71 88 70 46 36 17 6 51 61 9 28 20 91 13 24 1 52 70 26 64 10 86 3 35 74 65 48 48 70 69 22 10 23 46 75 18 37 85 12 89 87 87 59 95 91 44 10 1 97 0 1 31 11 30 53 49 74 52 77 99 51 26 22 66 8 94 13 69 84 22 56 4 99 88 65 99 3 3 57 83 24 51 17 65 94 79 33 47 69 
73 34 70 64 62 22 32 58 26 1 47 29 62 30 79 75 63 71 49 3 82 13 31 16 31 71 42 88 75 4 1 71 21 71 96 45 98 59 29 5 35 43 93 40 91 67 74 26 74 60 56 19 93 1 2 20 55 46 34 67 48 37 91 92 20 67 62 10 69 40 19 82 21 70 10 37 14 43 62 28 15 5 24 27 36 81 67 86 72 83 42 24 46 9 14 73 69 54 58 59 5 82 80 83 19 3 27 84 59 1 58 24 83 37 53 83 94 58 74 57 70 82 93 67 75 4 9 56 2 29 31 76 80 8 0 37 99 17 70 98 69 98 90 56 14 77 40 63 73 44 83 13 37 98 11 21 54 13 56 14 85 72 90 25 96 83 77 9 3 17 93 9 46 29 30 63 12 68 40 19 63 54 99 66 33 79 13 20 26 68 88 56 59 58 37 86 67 78 89 21 76 58 12 30 72 63 31 17 84 83 38 59 77 49 73 56 21 62 10 21 52 42 76 52 68 84 7 87 65 74 92 3 30 25 1 90 88 76 20 58 76 46 13 35 10 60 30 95 98 43 78 29 16 51 4 8 56 73 25 40 16 87 16 77 84 26 66 67 18 87 6 22 66 40 73 84 16 60 45 55 69 73 18 27 50 78 37 91 38 2 45 74 62 80 75 1 24 56 7 23 5 16 39 46 39 74 86 56 29 97 66 76 71 61 93 50 77 88 14 72 0 75 86 63 1 18 61 66 8 71 50 97 51 0 50 96 14 79 17 20 74 58 57 98 79 75 63 84 71 49 87 85 96 19 56 65 83 44 36 91 61 16 53 49 2 75 80 41 49 44 89 57 27 71 23 26 4 38 13 92 26 36 89 65 19 19 64 22 77 39 50 98 47 27 31 18 99 20 15 14 
34 80 58 66 20 5 51 62 61 98 58 21 55 97 27 8 28 14 9 56 38 59 26 74 66 32 97 94 30 24 54 45 2 60 5 94 33 4 37 76 35 60 6 73 94 93 21 14 57 36 19 5 80 35 1 3 85 45 90 84 7 46 5 67 85 44 37 39 37 83 54 34 46 88 29 23 26 20 35 79 4 11 19 91 29 35 86 69 46 77 46 72 93 55 89 77 83 15 94 12 53 35 57 6 18 33 60 35 29 49 82 99 75 17 27 17 34 72 73 56 55 58 93 62 37 95 5 2 4 81 8 72 25 56 74 90 78 8 58 53 93 61 13 70 8 90 90 67 99 30 34 81 93 44 24 6 44 45 29 1 55 12 40 97 49 53 50 52 24 44 12 2 99 7 97 84 48 59 81 77 12 36 82 22 8 49 90 72 68 30 49 72 82 61 45 14 5 70 4 87 54 70 5 24 79 16 40 70 74 44 6 63 81 23 76 60 15 42 40 9 17 81 34 6 31 43 40 95 28 28 0 59 41 66 49 76 84 88 36 50 4 52 60 57 1 62 88 75 8 85 48 15 25 35 28 91 22 96 4 32 8 55 50 64 21 71 16 66 56 30 17 49 56 83 36 39 53 70 67 12 73 62 85 39 2 71 17 55 77 48 41 29 19 18 75 94 37 49 7 51 85 59 93 92 87 63 20 9 5 35 72 45 39 17 48 10 54 42 39 50 19 84 87 43 54 26 74 45 39 89 85 97 16 98 90 65 89 69 30 43 45 84 11 20 38 13 99 6 35 7 37 0 7 16 39 8 28 94 92 73 37 67 74 62 49 75 8 90 58 76 74 38 81 54 65 44 70 10 25 25 17 35 4 57 74 75 20 45 75 79 84 70 20 54 59 12 68 64 25 54 
25 46 91 36 72 56 97 56 70 53 74 5 66 98 6 41 52 86 50 55 49 13 50 92 76 75 19 33 77 7 35 40 59 63 13 98 99 38 11 30 47 82 58 44 92 11 57 4 13 64 74 56 23 63 70 63 97 14 98 92 99 24 38 70 33 72 36 97 30 62 28 5 77 92 50 13 1 31 17 31 60 82 3 46 25 77 1 36 42 10 97 5 15 40 48 91 53 9 49 59 49 90 75 17 40 68 50 4 75 21 20 36 7 35 5 7 67 72 10 65 45 27 14 67 53 23 59 19 63 61 35 22 32 62 60 2 52 53 20 21 91 50 48 68 64 44 13 5 49 44 77 67 72 90 44 64 97 12 38 70 13 81 6 9 70 59 35 64 65 16 82 88 8 29 61 76 80 53 86 51 90 56 95 31 96 11 72 55 50 87 70 24 53 72 2 55 9 1 97 35 34 12 23 41 40 11 61 39 75 29 44 72 63 85 31 71 20 25 48 52 38 74 45 25 37 99 28 50 83 47 21 83 20 26 88 0 53 20 98 68 4 64 4 50 92 11 33 37 26 25 47 83 35 98 70 21 87 49 12 93 41 1 28 40 51 30 51 33 68 55 0 9 93 75 77 8 93 89 62 44 24 98 78 57 38 98 26 52 31 99 76 4 58 5 80 2 91 51 83 24 57 56 69 5 36 34 99 90 94 83 85 40 0 17 3 0 63 84 7 99 67 53 10 15 92 9 55 1 75 78 13 5 12 73 91 63 66 73 6 52 14 62 86 68 72 82 20 85 78 4 20 32 26 34 25 42 53 1 41 66 9 22 67 60 13 23 25 93 83 78 27 70 27 70 57 10 96 16 85 4 74 19 13 96 79 27 34 49 7 14 37 23 99 84 64 54 91 5 12 2 
90 96 17 64 87 58 39 9 66 31 80 94 24 29 83 28 63 39 3 16 72 19 51 2 58 23 88 97 31 53 3 94 65 61 61 6 43 19 11 41 44 1 19 41 93 37 69 34 90 99 34 7 84 29 7 25 66 56 48 87 73 43 26 41 50 34 37 17 54 84 70 82 96 83 78 19 58 24 23 52 71 98 19 99 69 96 6 54 39 55 47 34 9 60 53 15 58 30 88 31 42 94 87 73 56 0 87 78 26 45 42 85 88 13 13 18 37 79 22 44 64 19 53 32 15 28 73 85 73 25 15 69 41 29 14 20 65 93 48 20 80 61 65 0 59 16 0 10 18 47 50 50 66 0 27 24 22 78 81 85 83 17 16 96 76 76 11 28 94 29 85 28 31 7 44 35 6 30 88 29 62 7 55 30 6 48 24 65 83 50 18 48 76 27 14 62 91 63 19 69 25 30 48 33 4 60 11 21 54 75 54 85 74 8 83 3 9 60 60 33 67 90 70 43 79 70 65 33 14 27 25 48 4 80 87 53 15 68 75 58 98 92 29 0 73 6 57 89 78 35 47 15 31 83 3 32 89 48 82 87 29 76 89 31 16 16 77 83 64 90 23 78 1 81 9 80 73 64 82 72 16 19 94 83 54 60 25 81 38 21 7 90 71 61 20 88 49 2 91 71 3 23 52 9 30 29 18 44 0 18 69 72 94 88 68 57 31 19 90 20 94 42 15 53 65 7 5 85 59 57 60 9 39 38 5 15 58 17 41 63 71 13 78 69 53 7 98 73 45 4 96 11 97 51 35 36 51 78 40 56 42 58 76 77 1 16 70 24 57 17 26 23 22 69 77 15 41 0 43 51 33 64 23 80 22 15 29 51 25 77 2 32 57 72 63 99 65 8 79 96 
71 88 11 91 9 77 83 22 38 78 87 23 51 23 21 57 14 91 84 54 35 20 10 76 9 92 70 20 99 43 45 60 80 82 2 51 72 38 87 71 64 45 78 74 75 76 28 65 53 26 53 21 84 92 64 18 98 66 8 94 23 52 55 70 99 76 62 99 6 23 61 8 38 63 25 34 0 64 19 28 27 57 79 8 94 89 72 21 32 1 17 30 72 80 9 19 50 70 16 87 60 81 86 10 85 50 99 52 76 30 51 38 88 80 2 55 3 42 23 45 19 94 66 49 44 75 88 32 87 87 18 75 34 68 57 22 33 46 64 25 37 27 91 51 59 14 90 82 76 28 85 82 38 64 82 21 45 92 79 27 71 8 18 12 84 11 46 19 14 88 81 63 40 83 19 87 38 99 40 61 56 30 32 92 74 91 90 36 44 96 18 94 61 5 92 24 18 47 2 8 60 95 37 96 25 29 23 66 19 41 75 77 49 37 90 31 75 77 8 92 56 90 50 52 59 72 79 88 59 51 88 99 42 84 80 34 20 41 76 76 35 25 47 64 5 81 90 92 33 48 82 11 55 51 2 20 31 64 43 97 24 75 8 95 2 27 91 35 72 68 53 1 25 38 37 7 65 29 12 61 72 20 23 24 31 66 6 16 50 91 80 93 13 13 83 35 46 83 73 74 50 98 82 58 95 13 88 39 57 29 81 27 20 2 32 46 62 28 79 91 92 86 79 66 46 59 40 25 23 73 26 75 42 26 32 97 87 85 0 75 93 34 96 11 40 89 40 11 10 69 12 25 65 40 90 90 95 21 19 0 80 8 15 9 20 25 50 0 15 4 42 10 73 68 5 63 69 39 75 66 59 64 41 2 53 38 28 19 87 80 40 96 7 53 26 34 12 71 96 81 
61 82 37 94 48 66 65 36 75 29 22 39 15 26 14 34 71 15 30 24 68 88 0 45 90 68 82 85 97 15 7 86 9 20 41 86 59 1 47 15 2 65 63 42 0 10 92 1 8 4 66 25 36 72 42 83 22 32 24 82 77 49 30 61 17 10 3 65 98 89 95 47 57 71 44 3 56 13 46 47 20 92 99 57 44 36 83 6 31 53 30 62 70 6 29 16 75 67 66 57 45 16 6 47 22 67 37 30 81 38 93 16 35 56 54 38 96 22 90 15 17 60 35 71 81 62 5 30 13 0 2 37 64 81 47 97 47 59 73 84 56 94 23 53 81 0 50 35 19 12 71 4 48 41 35 46 6 60 45 43 29 36 79 65 38 54 66 76 85 50 80 3 84 1 78 96 93 47 35 96 58 62 46 2 59 39 59 35 20 57 73 62 56 32 58 45 9 44 60 96 60 58 50 12 55 14 10 54 73 13 49 53 10 5 84 6 95 23 90 35 93 80 98 97 33 0 30 1 99 34 95 33 27 68 32 16 75 33 9 36 27 76 33 87 93 44 60 74 64 84 44 92 39 34 2 19 34 75 44 38 53 53 26 99 88 79 5 69 9 99 53 76 64 29 50 92 11 60 62 32 50 7 98 4 99 26 84 32 37 81 14 74 2 64 78 34 5 23 77 77 37 92 58 48 95 63 61 13 22 5 91 6 1 64 91 45 65 41 13 41 55 71 14 14 64 76 89 46 79 86 17 54 95 31 86 55 38 56 20 10 37 38 26 86 36 18 87 45 12 39 11 48 4 53 80 75 41 32 46 43 18 74 88 38 2 45 47 64 43 44 77 28 19 60 55 95 17 26 15 78 42 47 41 22 40 58 74 23 58 58 41 30 30 23 14 80 68 70 24 13 
67 88 44 89 17 46 78 21 98 99 98 70 69 74 43 95 50 39 90 44 91 43 83 77 58 22 16 75 19 13 50 65 98 72 91 3 3 77 12 83 12 6 84 28 66 99 38 36 96 80 48 0 4 61 91 21 51 55 9 9 36 26 32 20 0 3 88 24 32 45 44 71 90 74 54 72 89 75 89 75 72 80 94 73 13 20 25 99 94 57 1 77 19 98 58 78 37 82 31 26 14 9 11 0 70 20 79 10 82 29 40 10 79 35 6 94 85 3 62 45 73 92 28 59 55 29 25 67 8 96 74 28 79 9 92 90 90 19 95 62 40 30 12 3 85 30 56 38 13 67 21 61 12 14 59 83 86 22 43 83 18 26 71 34 40 22 47 58 92 68 66 96 17 54 68 52 61 73 6 35 37 12 66 10 73 32 53 25 2 90 66 22 75 75 1 28 37 68 44 82 21 59 49 64 79 16 52 83 53 63 86 96 21 40 6 91 18 49 31 81 84 20 62 44 87 72 73 45 54 70 32 47 60 35 95 2 83 73 89 22 35 25 51 77 45 34 60 70 48 55 43 23 64 5 74 10 70 37 22 35 3 29 38 65 60 69 21 58 4 88 42 96 56 70 18 54 44 12 28 74 67 66 35 12 61 13 90 10 71 9 12 65 11 84 99 49 8 20 65 65 40 33 23 97 36 71 66 51 40 35 87 67 79 55 79 50 17 51 10 2 11 89 35 16 91 52 61 9 30 41 1 69 5 22 20 45 95 55 99 72 75 70 55 9 28 54 10 63 86 3 15 40 47 36 48 82 47 85 90 91 52 39 61 67 69 37 38 0 56 44 21 5 42 94 71 24 25 14 88 53 17 91 92 50 68 95 30 12 99 46 54 33 6 15 67 40 18 6 20 46 
48 11 93 23 56 54 40 8 88 48 73 41 6 44 77 50 73 5 26 98 87 39 3 49 26 61 45 47 28 98 23 7 68 58 6 76 19 75 88 49 67 59 50 64 73 69 83 62 93 63 38 21 38 6 35 41 15 20 75 99 29 85 82 67 81 9 80 33 81 52 14 39 19 4 29 37 54 7 1 69 63 89 36 35 33 64 53 51 12 0 35 54 31 82 77 79 26 79 28 11 19 58 98 98 67 2 57 95 40 81 99 90 20 90 80 86 72 40 10 18 62 62 99 55 40 14 0 93 10 73 57 76 25 5 29 83 41 94 67 88 76 45 25 43 40 2 24 96 43 96 1 78 45 58 98 57 6 40 88 90 72 86 39 10 47 76 42 12 71 76 57 47 26 3 72 43 35 50 54 39 50 40 66 67 9 0 97 2 6 33 88 55 29 7 7 43 49 32 18 39 58 71 54 84 74 61 75 70 84 82 50 1 20 85 26 21 73 86 51 9 63 36 92 34 61 80 16 89 18 72 79 14 74 23 79 31 23 32 83 72 41 6 14 56 67 51 43 40 94 43 44 50 27 34 5 73 56 72 90 43 27 5 63 55 27 38 47 32 63 74 23 29 56 48 20 55 21 33 60 92 97 17 56 45 64 87 74 18 34 8 46 49 0 46 17 44 57 41 34 47 4 47 31 17 22 67 95 2 3 31 94 41 12 48 96 26 59 58 27 47 54 71 90 99 85 48 34 63 47 19 80 52 7 55 91 17 31 37 32 45 17 23 79 19 67 34 67 82 20 23 37 3 77 34 33 5 46 11 17 27 14 78 50 7 92 9 64 67 47 26 82 20 22 90 90 23 68 92 30 75 71 95 50 62 71 60 4 55 66 34 14 80 10 50 7 53 91 57 21 12 
69 31 25 7 63 91 15 15 49 37 79 54 60 30 33 63 0 6 33 57 87 30 54 1 91 92 40 44 95 60 46 25 34 64 73 6 5 88 87 88 56 66 68 19 50 88 87 16 72 47 11 99 31 82 4 36 17 52 99 21 77 18 36 12 14 68 95 29 98 21 49 71 95 42 13 83 94 71 98 92 59 56 55 21 43 51 84 92 51 33 98 5 70 66 94 47 53 72 90 40 46 67 89 22 83 79 21 40 64 58 61 95 4 57 43 75 86 0 86 14 90 64 77 98 52 89 8 64 95 68 19 15 75 82 8 67 35 85 63 68 84 31 85 98 56 33 17 98 14 70 51 8 38 96 70 54 23 70 39 37 24 62 0 83 28 89 17 29 41 89 10 62 34 14 52 35 99 93 81 40 61 8 62 79 67 6 43 40 9 74 62 33 55 29 87 86 36 57 72 31 55 47 83 29 9 41 28 7 85 0 61 2 84 35 15 35 85 93 19 39 48 0 29 51 45 95 88 82 80 93 42 27 6 38 76 95 95 81 89 82 5 79 87 69 95 79 15 12 35 14 51 17 1 93 5 93 18 9 77 77 0 14 5 40 54 31 5 67 30 49 50 61 17 73 43 36 22 43 49 83 67 53 22 57 16 69 97 26 38 46 88 97 15 76 20 54 67 85 80 33 2 98 79 74 19 55 43 86 49 36 14 14 31 13 72 87 93 51 25 46 64 39 17 44 39 74 20 21 48 85 75 33 57 23 84 87 8 17 65 81 79 41 48 75 16 91 74 55 52 71 89 85 70 43 86 8 98 44 87 61 35 38 93 87 90 58 86 94 56 78 80 0 65 83 5 64 10 38 26 89 0 67 30 71 54 7 49 24 77 99 12 54 38 9 63 31 52 11 84 25 
98 47 53 2 87 25 85 51 8 99 55 65 62 84 71 32 93 98 49 12 8 59 0 84 34 22 75 49 80 99 86 75 80 55 79 1 37 8 26 31 8 77 50 11 86 77 45 29 63 13 99 4 83 79 29 32 39 88 83 9 94 46 16 3 44 58 78 52 99 12 86 36 76 61 93 35 72 4 26 56 43 72 30 52 10 96 93 44 4 80 67 63 74 15 7 35 39 74 3 31 40 20 60 93 81 66 63 94 4 33 72 2 19 46 10 88 48 13 32 65 19 89 2 40 11 11 70 30 17 37 96 62 50 29 93 0 63 69 32 62 53 41 51 60 73 40 95 24 14 15 92 76 6 68 92 22 91 45 94 76 65 75 32 49 67 38 40 84 97 30 69 60 49 76 73 52 98 73 42 28 76 54 35 83 94 60 69 6 48 70 14 97 41 77 12 49 88 56 33 5 65 72 69 93 66 25 28 68 18 30 98 8 54 25 33 0 47 98 58 37 3 46 74 13 71 83 98 96 60 34 16 19 13 72 56 47 5 89 52 26 61 46 40 29 56 32 68 97 64 38 50 9 64 8 66 80 88 28 49 43 17 93 46 54 62 65 83 60 82 35 23 16 94 86 6 33 41 53 70 84 51 59 57 0 95 60 91 82 24 37 81 95 45 64 90 31 32 44 61 47 36 76 99 21 19 1 62 45 58 37 11 0 46 69 60 69 39 87 96 72 83 89 11 66 85 52 93 40 83 60 66 75 92 63 15 92 74 36 36 10 39 43 9 16 94 62 30 23 69 77 6 0 37 25 46 22 65 1 77 34 74 86 3 30 27 57 88 15 32 91 18 14 72 1 26 38 7 23 35 20 1 93 23 15 29 40 90 13 97 30 80 34 38 54 67 39 71 90 73 37 
73 57 58 67 29 51 69 33 1 63 67 31 79 72 29 66 40 55 40 69 13 0 14 26 44 51 86 86 40 69 42 74 76 51 68 24 37 74 59 37 95 16 87 80 95 58 84 35 18 14 23 69 0 42 69 96 93 26 12 31 8 43 76 38 95 76 22 52 74 90 91 18 47 38 10 3 96 69 22 0 83 84 59 8 31 65 15 58 96 78 30 54 61 99 1 9 80 33 22 41 74 26 73 76 79 14 85 52 16 64 29 7 23 57 64 0 30 84 0 30 60 4 15 15 45 34 55 99 24 6 31 26 54 18 93 44 56 80 51 63 5 41 97 34 29 51 51 68 45 20 14 27 0 87 40 58 54 51 22 85 19 6 6 23 22 8 16 84 42 35 44 20 40 9 96 24 98 35 24 88 40 37 31 60 33 4 3 39 5 59 29 9 28 69 2 0 33 45 49 93 36 63 96 56 77 47 44 21 26 44 81 20 98 70 30 47 11 50 35 3 33 9 12 80 21 88 31 73 0 20 48 35 48 78 64 53 63 44 36 29 17 64 20 68 61 64 40 63 26 18 89 68 96 94 91 39 96 47 37 38 56 31 46 71 48 14 3 8 64 27 45 92 7 39 28 56 83 2 64 52 34 88 19 43 32 78 27 92 62 17 89 11 51 14 18 27 49 95 61 2 30 33 54 14 3 6 25 88 45 45 18 26 66 95 68 49 6 36 27 45 95 31 54 52 89 18 20 97 31 38 47 97 34 5 59 67 51 25 24 85 42 24 30 57 88 4 44 88 66 13 75 0 71 44 57 74 60 59 21 4 45 18 0 3 36 60 0 87 97 79 32 49 60 12 73 89 2 98 84 46 80 28 0 63 41 1 20 3 11 32 96 39 77 64 52 82 43 22 30 78 
90 8 50 65 1 88 30 94 44 86 83 57 67 14 77 1 91 38 61 49 69 38 37 60 85 64 32 8 57 90 12 40 85 78 76 66 90 77 98 45 92 3 33 39 5 35 26 49 7 82 24 70 51 84 77 86 62 65 27 40 60 37 87 9 72 11 68 70 3 3 15 12 57 6 54 91 52 70 75 41 14 17 11 8 29 19 63 5 36 68 21 18 57 6 41 18 9 87 14 7 36 5 67 32 86 43 27 61 57 99 1 76 8 53 28 17 90 66 83 37 43 0 94 97 4 54 72 97 61 7 28 91 41 24 86 42 64 85 95 13 52 15 91 18 52 51 34 3 80 54 9 34 83 78 51 51 13 40 56 12 92 34 52 20 17 43 42 8 11 29 95 59 24 50 10 31 48 6 22 21 93 55 54 48 95 78 96 31 79 1 47 57 38 54 25 37 89 87 57 32 19 94 26 95 83 39 1 11 66 59 7 38 78 44 41 59 56 63 23 9 20 9 11 30 7 72 12 38 65 87 63 81 79 57 16 97 83 31 84 18 79 53 5 76 39 42 43 19 78 89 90 70 70 83 23 58 70 22 8 99 41 16 66 82 25 53 17 25 9 77 59 49 31 78 89 2 96 40 38 8 41 37 84 12 22 11 40 32 41 96 33 80 33 86 88 5 55 7 50 87 57 6 3 94 1 54 30 32 25 39 88 38 64 11 17 88 15 91 61 14 2 38 71 85 8 16 60 9 38 34 90 43 46 50 39 46 75 91 56 98 53 10 97 58 37 70 34 94 47 28 30 95 69 54 3 42 88 35 27 22 82 8 78 98 18 52 99 30 3 86 95 48 29 70 12 42 14 67 70 79 32 1 72 63 32 39 0 87 47 10 8 40 94 58 12 6 95 92 64 32 
42 33 68 78 21 39 29 36 60 78 89 73 8 28 17 42 14 79 63 8 46 82 71 23 56 38 58 41 58 63 89 46 84 12 90 37 17 80 52 82 3 1 20 54 93 1 16 20 42 82 23 77 0 2 60 95 82 28 40 53 71 93 42 54 25 27 69 15 25 61 98 22 11 27 50 84 63 57 54 17 81 50 68 47 11 91 64 80 25 95 40 80 18 54 4 46 64 73 46 93 36 60 61 95 87 70 27 73 48 68 37 53 63 40 86 16 29 80 50 70 5 0 8 72 71 88 30 41 35 38 52 96 99 94 16 8 4 67 64 79 95 17 76 13 60 35 90 5 31 42 31 86 50 59 52 63 21 50 24 22 44 31 16 30 14 54 80 99 74 49 32 44 3 24 31 47 11 4 87 79 41 53 61 82 51 11 38 4 45 30 99 39 32 20 92 89 1 5 47 7 9 33 99 27 61 55 3 4 58 46 17 84 75 32 78 11 42 56 68 23 75 96 82 43 10 96 34 11 0 22 28 0 93 30 26 64 77 12 7 1 15 79 9 54 65 40 62 94 57 15 33 36 59 89 41 14 60 76 85 50 70 15 72 46 10 73 4 79 42 71 35 84 63 15 22 0 62 76 35 81 33 36 22 39 36 57 92 64 64 63 86 13 57 4 10 81 15 21 49 8 38 53 60 67 90 55 12 86 39 81 67 90 9 18 14 76 28 19 96 9 12 22 72 83 59 55 18 69 69 23 9 71 31 81 29 29 83 59 95 19 56 2 74 3 99 58 89 75 45 8 88 25 26 8 39 98 97 97 48 78 32 83 93 36 74 56 34 45 68 6 80 29 93 96 46 2 81 39 83 12 84 23 53 89 66 30 80 41 75 45 65 72 72 32 68 87 39 18 84 61 
39 73 74 91 46 59 21 66 73 38 65 79 61 45 17 79 62 92 46 12 84 76 80 80 89 23 98 24 54 14 58 20 29 55 10 61 34 94 14 11 25 51 62 84 44 22 86 0 49 85 85 27 37 85 77 32 86 99 44 96 31 65 52 94 6 41 83 15 63 10 86 45 29 37 30 84 56 81 44 97 26 94 73 18 67 66 93 21 72 65 25 33 65 98 74 91 6 75 81 73 23 94 8 16 79 40 86 81 39 19 85 40 2 22 47 98 88 59 67 76 59 44 22 17 13 18 5 51 4 60 24 8 59 3 28 64 2 33 45 1 87 75 83 3 53 38 6 29 72 77 91 56 95 85 77 74 11 1 76 10 45 20 25 6 34 36 74 65 97 44 11 42 17 97 90 88 23 61 10 88 13 72 98 16 28 64 32 18 83 30 28 40 41 76 23 36 2 66 87 27 33 24 21 62 96 75 0 33 27 36 80 3 18 35 99 50 45 76 83 39 9 29 12 77 44 0 54 83 29 8 82 90 82 18 38 91 78 99 91 73 86 2 67 51 18 71 82 13 72 77 92 15 52 32 24 89 74 91 51 49 8 15 24 26 19 90 54 15 5 73 78 43 53 16 47 90 30 51 84 60 67 12 81 5 98 40 72 45 19 70 69 48 15 83 83 8 90 99 90 65 38 6 94 9 86 66 61 26 58 92 16 45 27 17 33 80 49 71 9 7 74 85 96 46 46 47 46 70 41 25 25 57 57 82 14 70 13 23 8 49 57 49 70 87 83 52 29 98 30 9 2 44 0 71 81 57 85 16 42 49 57 41 35 55 62 92 58 26 32 88 84 33 5 87 46 6 41 67 8 98 16 50 23 85 65 88 99 43 67 41 13 14 26 43 24 70 41 64 22 5 
77 48 14 29 96 74 93 18 71 5 70 64 41 93 29 28 69 89 54 18 49 79 78 64 4 50 93 33 33 8 19 3 86 20 81 9 47 57 34 7 82 28 11 68 51 14 83 67 20 50 15 9 39 29 1 98 87 7 1 85 31 97 36 17 65 72 33 89 94 85 42 21 54 60 92 94 83 98 97 97 57 2 5 24 33 28 22 82 70 13 37 87 15 90 6 5 90 31 11 72 57 85 96 77 67 83 64 11 29 33 92 77 93 34 48 91 79 24 66 79 86 61 16 15 17 77 4 28 11 17 17 76 80 58 56 85 41 30 40 33 29 50 35 33 76 29 60 82 12 68 29 53 7 35 18 25 25 94 54 10 6 7 18 64 90 75 58 58 95 32 62 93 47 86 2 92 26 24 22 89 54 89 53 31 37 38 47 58 42 14 56 76 33 33 35 85 68 85 87 9 22 38 68 40 30 88 85 74 95 47 37 16 47 54 28 43 20 34 40 36 94 21 55 16 78 50 26 69 50 76 2 80 82 91 90 68 47 41 17 3 74 49 42 87 84 72 53 12 35 12 24 28 27 38 42 84 2 75 70 61 56 11 75 49 7 25 86 90 22 72 77 67 93 74 31 3 44 58 73 66 63 84 23 91 6 26 49 34 64 79 47 57 26 90 23 54 97 28 46 3 95 47 22 54 78 91 31 50 33 69 42 62 25 17 58 92 15 92 25 56 34 91 26 34 55 27 41 5 87 17 18 82 26 7 86 49 66 88 59 65 33 36 62 22 74 72 40 14 57 45 92 65 10 31 74 50 56 35 69 41 87 28 80 50 98 2 52 70 93 48 61 97 21 96 45 3 69 65 77 59 93 72 89 13 65 74 51 82 97 9 23 66 71 56 38 53 44 20 9 34 
98 44 48 44 89 93 14 25 73 3 41 10 32 98 93 83 75 88 82 19 30 78 0 52 20 22 60 46 52 56 95 25 58 4 88 24 49 14 37 9 49 50 61 31 72 23 98 93 16 67 50 68 95 85 7 66 49 1 4 1 62 15 89 60 86 15 46 99 69 52 94 41 98 63 65 69 29 54 39 22 36 56 67 16 19 72 65 46 12 94 32 74 70 8 51 81 64 53 16 83 68 6 78 39 24 54 71 54 41 40 1 18 86 30 6 37 80 63 69 59 31 92 91 1 19 52 18 74 76 55 85 71 51 17 88 85 35 58 65 97 30 68 7 61 87 18 70 14 44 84 59 38 31 44 30 2 11 7 41 14 48 13 2 7 78 0 8 97 74 4 54 59 74 35 29 28 95 43 87 51 64 4 91 81 8 90 55 13 32 72 44 12 2 74 45 51 61 44 62 90 91 75 11 50 67 76 83 97 6 79 18 32 12 98 62 53 26 25 4 50 55 20 99 46 36 47 53 79 32 45 55 44 64 80 2 27 94 68 30 9 80 30 45 89 11 83 15 18 21 2 73 13 72 30 91 59 12 27 91 47 74 6 67 70 50 51 89 66 90 30 9 40 84 22 87 6 75 50 71 37 64 0 21 19 62 27 80 23 99 3 90 63 61 4 92 82 37 79 96 55 77 19 36 67 24 4 49 79 2 61 28 72 96 20 68 30 91 70 72 46 0 86 70 83 83 90 36 23 84 8 5 35 29 3 8 92 2 51 37 24 41 88 64 17 61 21 62 59 45 28 85 68 93 13 83 79 85 57 14 5 89 12 30 92 11 17 64 89 63 92 82 1 32 12 35 30 7 20 80 71 93 80 82 93 52 44 10 35 98 36 87 0 50 84 79 64 3 78 20 28 
50 50 12 90 98 85 39 37 50 89 93 76 63 7 68 25 58 26 58 24 72 68 61 84 0 43 50 1 5 5 9 47 81 71 80 52 49 98 22 28 45 59 1 0 98 69 29 0 95 4 95 28 77 32 86 66 15 98 45 41 40 95 70 81 74 23 5 93 83 88 7 25 82 18 65 86 96 29 63 86 51 73 86 48 38 17 26 80 99 84 52 31 50 79 55 98 82 67 95 7 17 94 63 19 87 80 39 57 75 28 10 52 13 90 22 69 63 51 52 99 67 91 25 39 93 38 97 29 33 87 91 68 87 65 1 94 57 46 42 55 72 77 57 28 43 34 55 85 84 69 84 96 65 99 46 44 18 52 34 76 19 26 60 98 48 92 77 38 24 75 19 3 43 97 68 47 3 10 70 82 17 48 50 69 79 81 90 12 25 12 89 2 72 13 98 35 46 4 96 3 23 53 76 73 68 15 19 74 58 10 74 19 97 3 27 24 94 33 30 22 1 83 59 39 91 7 62 69 7 37 36 73 95 52 80 17 74 0 63 71 80 53 3 76 13 27 66 23 1 74 61 70 20 36 22 15 49 53 3 67 48 70 92 64 49 73 64 71 79 60 66 68 36 80 94 80 41 83 31 36 30 81 79 64 72 84 97 59 18 54 1 49 73 88 97 24 63 4 83 23 53 46 7 92 40 58 38 9 77 12 31 94 75 57 72 33 74 14 84 97 10 7 65 83 2 82 33 37 49 24 57 37 85 78 71 3 66 76 23 54 37 58 20 24 38 91 57 83 90 19 28 22 37 96 29 17 11 53 27 48 65 37 66 98 82 90 28 92 99 81 1 55 20 8 65 60 21 35 45 39 72 99 84 26 14 64 60 19 27 40 83 35 93 5 87 4 10 51 85 53 
55 46 17 4 84 23 39 29 28 92 76 9 59 97 53 34 31 76 47 69 99 92 18 43 95 46 55 36 83 76 35 41 22 30 10 73 67 70 32 91 73 95 83 14 44 61 77 68 74 23 48 31 95 97 23 17 29 0 70 59 3 46 45 12 91 54 49 51 66 58 11 74 98 63 97 24 39 48 50 50 35 54 42 17 35 50 38 99 27 36 57 15 24 92 91 54 56 94 60 4 60 70 53 34 89 8 74 29 8 54 72 34 80 72 5 88 95 87 80 63 23 9 39 2 22 44 33 55 47 17 5 89 51 95 12 31 60 32 67 59 3 82 21 42 4 74 78 22 66 17 76 84 20 68 64 94 59 47 72 0 33 80 0 7 25 96 59 53 4 29 87 4 96 13 55 57 10 79 60 44 97 60 34 33 25 17 77 85 82 12 55 75 13 98 59 72 23 46 35 25 76 47 78 63 42 31 45 31 71 96 11 31 88 40 71 16 15 51 49 82 90 63 75 29 65 44 92 54 73 89 66 65 6 95 77 16 54 27 36 79 59 29 20 5 59 19 49 72 70 23 16 77 40 98 30 79 63 13 3 31 19 76 55 62 24 36 47 30 96 69 55 87 22 1 6 72 82 40 11 1 6 76 38 42 72 18 6 7 52 26 86 5 29 36 78 1 99 28 80 51 84 30 38 34 72 93 13 23 84 81 6 7 6 43 72 96 77 2 27 94 84 59 3 50 54 0 96 0 35 80 64 10 22 26 65 0 92 12 82 25 11 30 32 22 64 84 37 13 73 68 63 21 43 15 78 0 67 9 44 77 72 98 48 51 33 44 33 65 71 87 16 0 29 81 32 82 2 46 46 45 22 40 96 31 85 18 21 30 28 78 2 47 54 74 43 34 94 81 9 42 
33 42 75 51 23 35 91 51 49 1 74 26 45 51 22 3 1 18 46 32 49 64 63 25 60 60 54 4 1 72 78 73 38 84 19 94 65 2 7 94 4 46 53 41 50 77 43 47 20 88 92 50 62 95 98 25 75 31 48 83 70 94 67 67 82 49 69 29 78 66 90 73 69 69 51 22 61 61 45 38 7 59 92 8 50 74 87 26 19 51 17 80 37 67 48 0 64 98 36 72 12 15 28 17 82 13 93 85 58 96 19 84 95 17 73 46 55 78 58 40 80 45 53 19 57 46 37 13 21 47 65 87 61 48 19 23 85 79 98 95 72 5 74 25 59 42 27 20 31 26 16 79 86 61 41 5 40 31 31 12 93 35 91 22 78 69 41 49 52 95 14 98 56 61 61 69 70 3 70 34 91 75 76 51 64 66 92 92 12 96 69 3 88 27 82 5 99 23 50 89 68 7 86 56 14 8 40 84 71 60 15 9 98 92 35 0 47 57 46 18 90 86 35 88 86 78 94 17 15 98 44 33 80 26 17 47 6 25 19 42 79 96 5 47 38 50 28 98 71 53 72 33 41 24 26 5 3 1 20 80 72 53 69 39 78 46 7 97 76 40 51 47 10 84 72 33 45 28 75 53 8 63 1 39 55 36 48 25 54 0 7 40 32 89 81 30 16 24 17 17 87 50 31 99 16 91 49 0 80 15 4 37 66 54 25 55 70 90 24 12 64 98 99 55 12 45 14 94 23 3 2 62 25 63 35 99 20 38 27 66 83 7 56 55 88 83 29 44 83 31 47 1 89 15 37 99 48 74 82 18 27 20 14 42 92 22 48 13 84 4 26 61 18 71 14 9 92 98 27 88 38 74 95 58 25 93 20 26 63 27 40 56 28 2 30 12 81 16 37 7 
2 94 95 67 37 84 10 37 60 38 98 86 39 77 19 82 35 61 44 10 3 5 61 91 29 34 57 44 67 5 74 11 75 68 41 46 71 29 17 37 81 63 75 50 38 37 20 1 89 46 34 6 26 76 20 43 36 87 63 90 48 56 84 23 3 9 72 77 81 63 22 47 11 31 28 40 6 92 73 80 21 58 73 81 17 51 13 28 55 30 12 54 6 13 62 1 93 61 85 88 39 85 21 29 77 47 48 68 40 90 66 45 40 69 9 89 44 83 40 95 35 83 61 88 78 25 20 11 87 90 6 87 9 68 91 85 77 18 92 94 84 83 63 25 22 40 82 97 63 95 18 90 24 93 29 92 20 48 47 44 95 85 26 2 7 56 19 42 9 30 6 59 70 30 45 44 47 23 97 89 50 24 38 94 37 65 96 51 8 13 74 91 34 93 94 73 32 36 69 32 78 35 72 21 86 99 31 63 98 93 49 97 96 73 72 20 32 90 7 95 6 25 81 46 88 20 24 56 42 37 17 15 24 38 30 85 4 99 57 36 28 50 67 1 54 59 69 78 99 57 29 5 25 27 89 32 44 58 19 91 75 58 88 87 54 71 11 76 47 46 0 56 61 52 2 65 56 70 56 13 99 5 63 78 38 8 0 69 28 28 16 98 60 8 45 72 50 21 47 28 28 95 51 44 21 12 2 70 22 33 5 66 96 35 99 60 65 59 93 81 98 74 41 49 12 70 33 98 58 65 58 99 47 43 10 55 4 37 79 42 96 84 33 48 89 71 27 45 82 49 57 88 87 95 56 97 65 33 43 21 99 38 0 87 20 61 90 72 41 21 38 58 1 36 67 62 52 92 31 43 49 50 62 75 27 15 45 8 37 28 39 65 61 69 86 78 18 94 50 85 
70 84 78 79 54 37 47 50 55 2 85 80 13 13 55 28 22 84 86 99 5 60 1 18 68 37 56 7 34 25 58 9 61 35 59 11 87 78 26 51 75 34 31 99 43 91 92 96 12 72 57 39 61 73 54 69 83 87 80 21 45 51 63 96 87 10 6 80 20 60 63 1 60 36 68 20 59 47 78 64 72 75 94 74 17 86 65 36 3 15 56 54 81 68 19 25 96 0 2 24 93 55 2 36 26 56 93 18 69 54 60 46 83 14 95 2 41 92 46 8 29 76 11 17 90 51 1 14 31 86 91 33 65 42 59 92 24 88 93 47 1 87 30 56 61 0 86 70 84 90 90 34 99 82 98 74 14 48 22 42 82 75 82 78 18 73 35 37 44 63 56 46 99 31 61 8 90 35 54 6 87 89 0 33 85 71 0 37 39 49 8 90 31 96 10 42 46 45 1 35 12 59 26 99 30 46 32 80 94 76 16 53 74 4 88 84 1 36 93 34 43 47 98 68 71 4 3 31 6 26 78 22 21 16 12 42 15 31 3 50 96 5 83 73 25 56 15 73 57 28 81 5 88 13 72 85 62 76 53 28 34 59 64 26 7 32 49 60 94 58 83 28 93 98 59 41 72 41 16 11 6 57 1 79 91 57 95 53 99 16 81 65 21 25 37 11 33 56 2 51 91 9 51 57 49 50 45 13 98 30 75 77 32 51 12 94 19 31 2 13 52 47 34 26 49 16 49 74 9 39 61 64 85 5 71 77 32 50 67 97 77 31 16 53 59 71 71 7 98 24 46 71 19 54 21 75 12 95 67 41 5 10 48 32 10 41 79 28 14 42 20 49 99 66 80 46 47 29 60 59 34 72 85 68 77 8 77 93 63 66 67 74 34 64 47 65 16 19 96 50 
34 29 17 42 41 56 82 36 23 28 61 0 56 78 97 77 66 78 70 74 74 10 37 31 44 51 96 61 76 83 17 15 38 3 40 26 2 36 83 95 89 97 14 4 12 23 98 1 98 47 92 31 0 47 45 38 51 75 69 30 14 50 15 91 72 50 28 38 32 12 22 0 11 55 85 21 38 94 82 75 56 64 0 56 87 0 36 18 42 37 34 66 9 44 9 50 53 7 17 31 1 96 15 21 30 11 8 21 53 88 27 37 26 32 73 26 97 74 34 94 74 57 81 43 59 64 27 92 68 77 72 3 34 45 26 99 17 64 38 86 35 36 16 22 62 77 59 99 15 40 37 20 7 46 36 55 46 47 13 54 7 77 84 40 39 19 60 6 22 75 32 82 74 19 14 94 21 48 63 17 9 83 27 51 37 73 14 41 43 8 20 30 96 58 73 4 48 53 4 11 55 88 33 24 87 17 96 52 99 23 52 34 70 22 59 7 32 33 28 25 6 68 43 58 65 54 88 45 9 92 54 16 37 10 21 44 6 53 50 30 59 66 54 24 76 90 38 40 92 43 17 43 47 18 94 96 12 93 4 57 25 51 83 23 88 70 65 18 50 28 4 91 71 32 62 6 53 23 75 66 56 10 49 83 93 27 26 46 5 92 25 54 85 55 78 66 64 87 95 10 97 45 39 64 69 2 91 52 50 32 30 69 69 99 89 81 30 7 70 66 54 95 51 95 33 67 3 11 92 6 10 64 1 17 74 43 62 48 57 77 39 70 39 65 7 34 59 57 92 37 38 54 29 33 43 92 29 28 35 89 38 94 27 4 79 63 74 21 26 29 32 51 40 60 83 34 54 26 13 43 4 41 51 33 12 63 57 1 89 18 25 63 32 76 32 42 63 44 18 26 
40 29 89 25 29 71 21 25 25 80 99 23 73 84 7 99 17 32 7 98 48 20 73 31 47 35 68 67 37 27 94 51 58 61 55 63 33 74 25 80 78 55 24 30 97 70 21 39 61 77 7 7 28 30 55 88 87 76 75 85 8 22 2 50 94 89 59 14 33 86 44 13 35 72 24 42 90 79 46 79 31 30 96 0 3 50 28 94 64 31 22 53 1 42 55 80 41 4 20 72 33 27 37 34 25 38 67 92 22 61 84 42 21 38 42 97 34 53 55 9 53 87 36 40 60 45 8 66 23 87 86 86 85 92 12 85 12 54 78 25 47 11 14 48 89 81 74 71 68 58 49 25 39 21 9 68 53 27 97 27 4 9 1 16 97 17 50 40 64 76 12 67 5 95 93 86 0 24 51 72 7 19 65 98 74 36 26 71 96 91 34 14 47 99 38 75 28 79 46 41 48 51 85 96 26 53 55 74 86 27 58 1 37 32 71 89 46 57 34 68 61 18 44 49 22 45 60 17 27 98 40 27 73 51 74 39 25 71 15 29 87 37 73 79 99 70 11 16 47 35 41 26 71 24 63 15 67 22 31 87 94 61 85 69 84 38 17 68 1 66 98 3 38 91 74 68 53 45 42 68 4 79 84 27 71 36 37 96 91 31 40 10 81 37 40 5 58 29 17 74 43 5 38 81 21 89 97 86 11 8 35 66 51 17 26 2 25 86 92 8 69 63 70 57 96 30 49 38 78 39 35 31 91 21 18 41 78 14 40 27 41 52 66 60 86 40 27 99 49 83 31 30 51 2 1 83 30 19 28 36 99 30 93 94 5 29 30 33 58 10 61 41 94 44 28 72 82 93 7 46 83 75 3 13 55 86 6 26 65 92 42 67 40 62 78 99 64 11 79 35 
17 82 83 55 11 25 24 16 11 11 83 91 46 81 67 34 67 45 51 41 31 78 66 63 62 52 35 66 69 27 12 61 6 86 23 13 16 42 34 10 84 23 66 58 51 66 27 70 77 99 71 60 13 77 21 92 93 36 71 63 41 42 89 22 87 37 88 75 21 52 51 32 83 80 93 91 26 65 67 33 46 93 19 35 19 32 70 83 65 45 90 75 17 64 50 25 54 44 86 49 94 51 78 68 90 23 30 82 87 23 80 99 69 31 85 34 72 60 57 34 46 31 88 68 92 72 44 16 4 70 49 95 82 74 31 93 90 51 40 40 38 56 73 77 16 36 80 5 18 17 34 38 7 76 26 55 9 55 67 34 73 68 6 17 95 65 35 87 75 21 12 87 66 91 94 73 53 24 49 12 87 33 2 60 57 78 55 4 35 8 21 87 65 86 48 7 87 78 96 62 36 13 96 60 81 56 40 61 53 5 94 3 32 15 4 58 72 29 91 60 23 0 28 47 87 23 24 33 71 34 65 58 3 98 39 16 77 97 50 79 60 8 82 6 57 73 96 58 68 14 11 85 9 75 15 18 84 7 49 51 10 36 99 87 42 37 81 89 3 87 76 65 86 56 38 33 17 96 11 18 61 4 86 57 53 16 22 72 37 55 95 98 22 54 8 21 54 81 91 69 94 53 47 89 46 59 52 13 26 7 28 64 70 32 48 71 99 47 2 77 27 75 98 88 45 36 39 68 11 75 32 19 72 84 70 53 57 21 39 84 78 43 67 83 89 86 26 98 78 33 18 2 9 98 23 58 0 71 56 33 57 50 96 26 75 87 33 24 44 3 43 76 26 11 32 31 40 9 75 68 8 14 11 81 74 45 61 57 67 19 0 54 99 99 67 20 0 68 97 38 
29 89 5 59 70 92 36 28 56 6 11 52 59 1 67 79 13 32 32 83 6 83 54 0 22 70 98 52 27 11 72 91 40 86 24 91 69 9 34 93 0 68 46 74 56 51 52 97 23 25 17 50 37 72 82 76 42 66 60 50 56 41 45 83 75 27 96 10 65 27 63 12 78 16 89 70 74 87 74 97 36 87 27 21 91 37 25 80 47 84 94 94 75 22 81 42 36 67 46 38 20 14 70 4 60 54 7 96 11 14 19 77 88 36 98 8 61 35 70 82 61 43 31 12 87 57 22 0 25 87 24 10 51 49 11 86 23 49 29 88 17 40 89 63 19 81 62 38 55 29 13 81 44 56 63 16 89 95 23 17 84 58 77 46 26 17 26 36 11 21 46 62 29 80 92 53 36 53 16 89 69 28 63 72 27 54 46 98 94 88 84 21 21 73 14 78 1 9 28 71 40 87 78 22 35 59 82 38 84 77 47 52 51 76 75 57 75 98 65 34 31 94 82 36 86 52 69 58 84 94 76 71 62 15 37 16 11 72 61 78 11 64 4 35 68 92 13 95 60 35 63 81 55 84 72 91 26 70 9 18 2 43 75 49 64 32 36 76 21 92 72 28 37 55 34 94 10 4 54 50 54 7 13 77 73 64 55 40 28 60 91 6 72 37 7 15 3 59 74 51 12 62 40 50 14 77 9 69 51 82 52 82 33 75 49 79 40 83 41 41 13 45 69 18 26 99 66 47 75 36 51 35 53 71 96 63 1 83 97 49 20 63 42 51 8 61 69 60 37 32 56 48 77 42 26 34 88 59 24 19 44 61 28 10 32 10 88 55 92 49 27 68 28 2 33 81 65 77 61 70 28 71 68 51 80 86 71 15 30 50 63 9 10 61 92 34 93 80 72 83 
17 74 90 15 45 17 47 32 18 58 11 47 33 42 19 32 53 42 10 71 79 50 81 87 76 82 59 53 28 89 17 61 9 51 6 23 57 8 87 92 59 29 33 42 87 87 71 49 33 62 42 95 16 43 81 95 84 61 74 58 84 52 70 78 72 59 88 42 5 44 29 17 78 10 34 86 84 58 91 49 25 89 27 96 9 20 16 4 8 61 8 24 98 58 56 18 45 39 43 74 81 73 66 64 38 4 19 97 98 16 28 84 2 23 90 96 42 14 81 18 29 35 29 41 90 2 9 62 74 54 43 97 1 10 97 15 2 11 19 74 62 25 5 2 11 57 46 37 23 97 84 73 30 26 98 16 0 21 79 92 1 89 53 45 61 52 71 60 71 20 58 97 59 28 26 51 31 7 75 6 12 48 10 5 97 67 5 69 56 94 58 58 11 56 64 96 16 62 42 81 17 11 25 26 27 69 7 11 13 44 17 6 20 87 89 14 84 49 5 72 2 6 16 2 55 90 32 80 71 49 16 64 48 51 34 9 88 42 73 30 10 65 41 27 48 11 63 68 53 89 39 45 73 81 3 74 91 48 6 40 86 28 40 55 71 69 32 6 52 4 63 84 82 58 11 68 80 20 20 63 29 59 85 20 22 86 10 49 42 13 29 68 5 88 39 40 36 48 20 93 49 30 94 17 21 34 49 81 88 57 23 99 47 54 10 85 89 25 46 70 3 26 73 76 60 25 16 30 25 65 68 94 28 26 56 73 23 93 77 66 63 71 48 73 74 95 46 37 66 84 58 15 39 50 6 52 38 74 87 5 59 52 35 85 24 76 92 61 55 96 74 71 87 85 15 79 13 93 86 26 64 12 74 23 86 6 89 72 41 79 13 77 26 64 45 23 27 9 51 19 
19 27 85 96 54 64 93 46 42 49 81 81 85 8 67 70 79 5 45 56 63 62 97 21 53 81 15 78 79 53 27 89 89 25 76 85 17 48 89 67 35 90 16 51 11 6 88 92 96 52 59 76 13 76 23 52 2 76 92 72 41 51 95 41 6 87 17 2 48 80 27 68 8 97 97 30 15 82 33 29 11 71 77 21 54 56 83 75 39 9 48 75 29 80 71 49 49 36 32 60 34 13 40 75 11 46 98 64 57 21 42 17 5 13 6 25 8 76 86 31 33 99 88 73 11 63 51 79 36 17 44 49 89 74 7 11 99 32 51 11 44 15 0 60 30 87 15 5 41 48 15 28 88 55 39 0 74 93 80 37 81 66 69 82 43 64 48 63 27 43 50 49 78 27 38 59 6 88 34 98 46 93 30 70 80 45 93 6 60 73 6 22 77 78 83 48 45 90 0 57 88 60 17 1 41 29 96 48 21 41 90 50 31 7 40 98 20 92 39 58 95 12 95 34 12 2 95 90 31 69 41 44 46 51 3 75 38 3 95 60 2 89 67 63 60 25 96 78 58 76 88 36 96 94 89 73 82 13 36 27 93 56 98 12 1 76 21 26 93 67 98 60 78 73 82 47 17 24 63 47 8 38 52 72 59 74 39 3 51 43 70 69 38 80 68 45 88 17 42 92 82 49 49 46 17 17 9 68 69 19 11 42 59 6 99 78 7 53 14 20 86 50 53 67 63 81 69 95 12 85 2 96 68 18 1 80 19 8 23 5 41 3 62 93 2 99 98 82 14 66 21 88 24 12 38 24 52 66 56 10 18 42 65 38 37 81 53 92 23 18 85 50 73 39 15 70 99 30 40 60 38 62 48 3 73 65 5 94 5 56 70 74 48 80 20 39 55 23 81 8 
39 17 25 47 29 32 43 36 44 30 50 8 92 24 27 89 77 74 60 44 78 42 53 68 18 45 54 97 47 0 42 91 77 58 98 88 57 98 1 55 39 60 7 66 76 81 71 74 48 55 41 22 47 93 3 70 14 38 16 29 89 7 35 97 86 24 21 81 24 20 21 54 86 36 91 58 10 68 99 51 69 51 43 96 71 12 56 61 90 90 44 35 8 85 36 18 18 85 73 50 88 58 12 99 57 61 42 93 97 58 15 42 62 94 63 46 67 16 58 18 4 82 44 96 21 77 69 78 61 69 58 99 87 18 29 49 30 35 61 89 30 35 28 37 45 10 83 36 3 92 7 19 50 61 16 74 65 4 3 33 70 97 12 52 50 37 72 96 52 44 43 20 89 54 29 58 15 44 89 79 99 69 75 38 93 89 50 15 58 58 49 3 75 77 32 9 24 34 17 0 34 33 12 72 38 12 86 27 31 71 89 1 63 51 8 85 64 58 68 13 45 74 64 44 38 8 73 27 79 63 89 86 65 73 21 47 29 12 12 62 27 17 22 15 22 45 4 34 37 49 22 46 17 56 51 40 28 51 23 4 97 88 55 76 33 85 49 63 66 35 30 85 37 2 20 46 89 72 35 56 50 34 54 72 92 57 54 43 12 17 95 57 23 82 92 91 29 24 4 54 72 97 44 43 66 3 79 0 64 55 19 23 80 40 2 33 36 97 33 5 32 15 32 55 81 89 90 55 15 96 90 35 60 57 66 56 90 56 20 71 3 91 18 6 7 20 69 20 70 39 25 75 98 72 34 44 19 60 19 53 89 97 4 38 26 83 57 72 53 84 94 97 42 56 7 43 47 17 16 37 66 20 77 67 87 9 2 90 69 56 59 71 84 84 74 43 22 16 21 39 
35 36 81 0 77 61 39 33 51 0 98 40 88 52 81 63 19 38 95 4 50 76 32 95 72 37 18 14 16 36 68 69 55 51 53 51 51 58 41 12 45 24 35 33 79 50 74 9 42 58 33 82 3 29 76 7 61 23 86 95 99 30 96 78 98 26 47 69 65 12 57 80 83 6 40 68 8 42 39 51 48 61 33 35 84 94 39 57 27 39 89 46 80 31 8 74 56 48 58 24 3 23 7 2 98 86 19 49 60 61 36 0 92 64 6 89 9 28 11 60 17 0 31 11 23 38 52 37 89 62 11 99 73 66 88 8 54 59 10 56 8 79 70 31 40 75 56 87 74 95 30 63 48 15 81 14 44 64 57 7 61 4 93 62 30 58 11 63 50 78 9 93 79 11 24 54 54 90 15 53 30 62 79 12 72 52 30 31 79 25 94 97 3 97 84 93 56 22 28 28 60 22 43 41 84 10 26 44 2 27 16 27 51 41 83 86 81 98 71 51 15 80 48 9 52 94 92 92 13 23 72 65 58 92 96 94 90 39 48 9 90 37 78 65 59 50 49 29 99 33 18 12 62 61 45 53 17 34 90 40 86 65 22 35 21 79 52 38 46 35 43 85 25 50 22 72 67 14 57 17 21 31 53 4 82 41 95 99 35 14 41 63 79 95 30 63 97 36 88 63 60 5 70 12 50 63 90 34 70 0 35 26 48 49 84 93 24 0 13 85 89 89 74 74 51 98 33 40 69 67 39 83 56 35 6 94 46 91 60 20 22 78 24 96 48 10 9 69 87 25 64 81 26 40 75 33 44 33 74 57 59 35 41 56 46 82 2 67 65 74 0 83 25 64 7 68 93 19 62 30 29 45 55 57 65 35 62 85 24 69 9 4 21 64 87 28 93 44 86 32 
91 14 73 89 36 79 81 80 91 47 67 94 20 96 38 80 27 1 79 52 4 13 7 68 84 0 31 22 15 61 34 23 47 29 70 88 99 51 16 37 54 16 42 28 25 85 10 50 4 54 64 76 92 82 79 5 44 8 92 9 50 44 67 5 95 67 46 10 10 15 98 44 29 74 69 12 56 28 46 99 24 71 87 11 40 95 49 99 1 19 15 15 87 82 48 47 97 65 82 5 85 48 27 99 1 26 91 9 81 18 34 59 50 16 8 99 27 53 53 70 54 15 74 11 5 34 53 43 18 82 20 35 59 65 5 7 58 36 81 1 52 19 38 26 20 80 17 27 14 56 40 2 13 36 68 49 66 69 3 91 62 71 0 78 57 59 90 69 56 55 34 15 8 2 35 96 32 8 0 95 85 51 65 11 52 83 30 1 20 63 29 86 64 8 84 29 87 61 10 16 90 96 78 96 47 80 12 65 31 72 4 90 40 54 1 13 48 44 83 51 4 99 75 87 38 24 70 64 77 76 7 79 90 91 69 34 43 4 2 93 25 31 70 14 71 27 26 88 53 98 11 0 74 98 98 92 58 76 77 75 43 16 3 56 54 98 24 6 64 71 15 40 62 5 1 50 50 68 2 84 14 81 30 30 38 59 60 56 41 11 90 70 52 68 29 10 55 68 86 4 64 81 9 63 89 71 93 62 40 49 33 14 57 91 49 6 60 87 44 39 39 66 88 73 62 60 62 37 97 7 63 33 82 73 16 20 95 93 74 35 54 87 34 88 36 78 3 44 55 93 3 29 4 73 75 88 43 26 89 29 55 12 56 15 73 31 47 69 68 30 29 27 96 1 97 16 48 82 92 41 24 62 39 50 27 79 55 39 60 7 10 14 79 2 92 55 86 13 26 96 
68 95 9 55 86 88 30 8 89 4 9 7 23 89 31 90 37 64 89 27 92 54 37 16 15 89 63 6 17 80 21 23 91 28 55 11 64 52 49 38 26 35 9 4 60 7 68 37 98 94 0 6 41 89 91 95 48 11 22 39 86 3 44 36 1 55 73 40 89 68 83 81 97 88 40 11 31 24 20 75 42 26 76 77 25 8 7 71 2 58 48 1 96 60 88 89 33 31 29 68 78 53 36 8 40 3 47 15 47 87 33 56 41 43 98 25 53 16 30 37 33 14 81 62 73 71 21 33 92 66 87 36 95 98 94 25 68 39 69 30 45 53 99 33 99 82 5 80 85 93 82 43 4 20 94 5 91 93 89 48 54 29 97 69 96 4 87 71 25 17 6 11 45 17 21 20 27 42 69 60 33 90 1 46 45 7 82 26 51 62 86 54 63 75 81 6 53 75 54 46 95 12 54 62 55 52 79 66 38 73 87 27 97 32 99 63 26 65 73 72 68 49 47 63 98 21 51 34 90 58 48 54 30 61 2 39 67 65 65 52 48 19 86 95 96 54 98 80 48 71 19 9 48 70 89 55 81 38 45 59 22 5 32 95 53 20 37 14 29 9 52 56 9 85 86 27 71 29 4 47 86 63 5 12 78 47 34 78 94 59 33 68 14 81 82 1 21 4 36 71 40 12 54 60 9 27 72 99 46 40 97 46 86 33 38 9 69 41 93 76 30 3 78 61 18 18 50 40 98 17 42 46 53 69 98 7 7 28 50 3 33 40 67 59 26 69 27 45 50 91 43 25 17 47 5 90 74 59 1 8 16 92 23 91 76 56 89 72 32 61 31 51 32 29 88 1 23 42 3 42 5 39 82 38 82 95 65 55 5 53 46 70 74 49 43 70 65 87 77 33 
48 89 44 31 26 38 71 16 98 52 26 9 1 1 45 85 27 38 74 72 25 59 37 52 14 63 95 68 35 15 57 97 91 69 87 19 21 15 13 84 4 56 88 70 96 38 52 43 54 92 40 5 96 6 7 52 6 71 98 79 84 71 34 4 65 77 47 35 75 78 85 49 4 2 6 30 64 14 64 53 36 99 68 66 3 34 67 28 31 33 68 84 30 20 59 94 9 84 45 19 33 16 67 87 92 25 91 75 66 36 88 49 49 89 89 87 86 86 73 74 1 27 82 48 46 77 96 3 37 14 23 23 90 64 55 6 2 22 19 11 86 17 40 41 37 50 32 44 0 83 90 80 68 32 43 13 88 56 49 3 59 52 59 84 32 28 22 82 0 44 91 88 24 76 85 28 83 95 47 66 91 84 97 4 51 10 51 73 3 82 39 31 28 6 21 20 97 20 19 87 59 0 70 76 67 78 30 81 73 59 88 27 21 57 50 69 7 14 35 3 89 86 29 53 96 7 71 64 6 29 7 61 54 25 48 58 25 54 27 66 61 3 99 53 39 12 18 62 96 59 82 94 60 40 60 70 54 44 3 1 71 83 92 41 31 8 46 98 24 17 72 18 72 79 50 50 85 27 12 73 82 78 44 56 57 26 50 50 27 29 69 93 88 85 61 29 4 65 42 11 45 83 10 69 34 94 11 44 79 94 56 85 65 66 98 8 4 61 33 90 12 33 51 90 73 76 75 31 22 99 83 31 20 7 60 51 78 13 78 69 32 42 86 86 45 8 18 58 9 76 85 88 75 16 91 19 29 75 44 45 9 42 2 1 72 22 19 92 38 91 37 83 73 75 83 92 29 75 7 90 35 37 56 42 84 63 29 28 77 71 18 41 53 12 1 49 39 99 98 24 
16 45 78 21 18 36 38 19 26 68 58 76 68 52 16 11 45 50 27 76 29 63 32 81 50 86 39 87 15 51 17 39 89 42 44 35 35 45 88 52 48 43 65 0 42 6 73 90 0 8 83 41 45 24 23 35 95 67 73 76 45 97 76 33 65 11 80 25 80 96 80 69 11 79 79 30 14 87 13 41 95 62 16 46 41 98 49 30 89 45 49 54 97 98 52 67 91 4 85 43 29 51 74 83 31 13 48 83 28 26 74 55 76 91 79 35 16 72 74 30 68 68 81 82 55 21 68 95 85 64 91 53 41 54 74 10 63 72 49 89 43 96 31 24 96 0 46 64 64 74 72 94 72 45 77 64 26 7 24 10 97 24 58 3 33 50 29 91 0 9 49 97 77 72 41 36 42 85 28 37 87 5 1 88 77 4 67 57 67 40 65 37 52 7 7 57 5 62 34 72 2 99 49 36 32 43 3 83 72 97 58 11 82 41 92 35 94 68 17 31 58 75 46 94 74 94 85 27 13 51 25 27 33 7 39 52 61 69 65 85 80 12 98 88 96 30 58 96 40 46 83 40 31 9 71 39 27 56 37 10 29 21 55 66 61 25 77 75 8 81 83 62 63 99 71 21 99 95 85 25 67 41 15 86 2 13 85 23 42 58 65 12 48 15 51 95 21 32 11 43 32 55 26 66 21 14 65 11 73 32 43 15 31 14 63 55 11 64 79 97 21 84 71 62 83 18 85 53 54 0 19 54 83 40 73 85 90 4 61 76 95 14 44 86 56 12 35 46 81 81 21 15 2 45 51 69 34 85 9 12 5 58 39 47 27 24 16 68 45 78 98 82 25 53 11 94 69 12 97 7 57 57 28 60 94 73 91 55 89 17 52 44 84 26 38 46 53 2 60 97 
28 63 80 43 75 32 44 60 4 78 51 37 3 92 55 80 73 30 9 94 20 54 21 16 75 80 81 23 33 47 16 21 85 12 8 25 13 79 23 34 27 29 88 18 35 93 6 23 54 61 53 41 87 39 37 66 32 18 87 33 95 3 45 21 65 5 5 6 22 28 9 70 75 81 97 45 57 41 65 69 91 41 61 31 69 96 95 94 9 3 44 14 18 85 49 44 88 73 59 48 43 85 1 82 24 36 57 62 92 59 89 98 66 31 35 54 63 50 3 98 99 45 96 86 3 21 14 1 41 45 87 30 36 66 15 56 81 87 80 97 17 40 85 22 72 22 38 45 25 5 81 79 98 20 52 15 3 76 63 38 18 0 99 44 45 24 75 39 96 53 38 94 28 23 34 17 37 56 63 20 91 36 94 1 2 90 15 86 24 90 37 30 13 15 34 98 2 59 54 43 51 8 32 10 41 17 30 28 88 1 93 79 88 92 53 60 15 40 82 67 90 78 51 20 23 17 25 52 26 70 0 83 67 52 21 87 60 6 79 93 27 51 12 38 26 64 43 53 40 85 43 38 83 61 33 82 52 95 34 10 55 37 3 69 32 6 29 46 4 49 65 89 56 55 28 29 3 49 98 6 86 22 88 0 33 66 56 23 36 28 52 64 79 77 5 48 5 86 9 96 51 78 14 21 16 87 78 32 4 19 60 81 97 14 97 95 61 98 70 83 82 85 27 50 11 82 53 60 84 95 36 55 95 66 36 95 79 11 61 75 1 53 21 68 53 75 80 21 35 64 74 34 35 26 8 89 46 84 44 49 99 62 54 61 85 93 15 49 61 83 70 71 49 35 11 29 6 77 43 88 51 49 37 44 44 66 2 83 38 90 80 55 87 70 96 0 20 78 45 86 
9 14 59 78 62 95 76 18 7 21 18 58 17 13 13 18 55 82 78 17 21 80 47 87 52 64 61 38 26 86 36 73 41 72 46 41 34 98 39 93 50 27 63 6 64 51 33 22 24 37 98 92 88 75 9 79 38 43 5 94 73 17 40 80 47 22 75 85 82 19 1 41 25 38 4 55 46 36 37 25 73 20 88 90 47 3 37 40 20 32 49 99 90 46 19 6 16 44 84 48 78 8 9 50 29 27 24 47 97 15 46 60 64 10 4 77 62 67 15 71 47 79 8 3 25 57 83 51 11 81 43 56 10 85 19 40 61 85 68 5 10 41 23 57 90 12 56 67 49 43 75 42 72 55 90 1 78 7 19 79 30 98 12 12 21 15 0 95 59 29 75 33 92 9 44 49 19 86 90 22 43 81 58 55 12 89 68 41 69 28 92 86 39 18 81 3 40 2 98 99 93 34 81 51 77 20 98 65 87 15 77 21 1 39 83 8 62 68 36 83 37 91 76 36 76 54 36 35 83 57 7 4 8 33 83 63 79 82 48 68 30 44 82 92 67 13 46 3 13 69 60 71 44 9 30 57 15 77 24 59 54 96 63 58 80 14 35 21 3 46 38 49 59 4 32 11 33 44 24 71 96 27 92 33 0 1 83 9 64 80 86 7 73 49 13 73 25 24 27 57 69 32 25 6 19 84 83 38 83 43 3 7 76 99 51 10 5 60 13 53 73 51 25 31 16 77 17 34 95 32 39 23 89 10 8 94 91 99 52 45 52 32 18 77 25 68 45 92 81 90 43 79 89 97 37 63 42 59 11 47 77 33 46 84 23 77 63 41 92 86 49 24 94 36 74 8 83 7 82 52 31 62 73 44 67 19 82 51 36 73 80 29 96 12 16 86 22 52 14 67 
45 8 16 47 51 57 97 28 90 48 63 15 14 60 48 73 60 40 49 91 98 39 83 53 80 44 17 27 19 49 62 64 73 50 21 2 84 71 50 29 61 42 83 15 75 74 59 20 64 41 17 64 48 90 92 97 93 30 74 85 38 64 86 52 3 88 59 25 72 94 46 3 10 2 34 74 46 33 38 39 39 93 98 96 62 58 24 3 3 26 42 90 19 62 43 51 32 89 86 37 85 80 39 42 23 63 1 94 47 76 34 85 84 93 29 32 31 22 74 42 77 79 37 48 90 87 36 81 96 78 90 4 9 28 32 70 89 86 63 25 45 12 2 41 68 92 45 97 4 67 46 89 25 93 3 89 66 50 9 62 63 2 84 79 17 76 2 40 31 18 28 70 2 28 14 93 96 35 39 33 82 80 29 82 57 66 13 52 48 44 22 75 72 34 43 27 69 1 39 42 47 36 69 76 92 50 14 24 42 58 65 98 82 98 81 92 50 47 35 60 25 96 44 38 1 37 3 94 13 22 78 61 99 4 13 41 48 42 63 50 50 48 77 62 47 57 13 87 56 83 27 55 66 43 90 33 28 96 97 82 49 99 99 86 56 77 88 80 86 50 64 19 70 58 86 19 0 72 74 71 58 72 83 56 2 64 52 6 38 59 84 34 92 66 27 31 22 32 14 89 9 15 66 43 84 23 65 68 56 95 30 76 81 6 54 35 80 76 35 39 47 89 16 14 19 97 65 82 37 8 8 12 75 31 60 38 14 44 17 64 12 87 88 70 18 66 85 44 31 70 86 74 46 14 45 29 54 72 25 22 12 66 13 77 26 58 18 12 82 73 38 9 56 52 68 85 63 60 50 19 8 48 65 93 93 84 48 77 77 80 68 30 61 21 34 60 59 32 56 45 
48 21 85 54 92 65 35 86 12 15 20 45 19 15 13 3 82 36 64 97 52 52 64 56 98 50 37 54 22 63 3 78 78 88 45 67 11 7 32 35 71 19 24 52 88 85 77 79 78 5 58 81 62 58 28 79 80 84 84 97 86 38 62 53 2 3 66 28 27 37 80 61 74 18 88 89 62 14 21 31 17 41 93 37 17 71 53 11 27 48 31 82 5 79 17 11 26 82 56 69 2 52 77 61 99 78 99 57 7 62 81 66 70 24 25 85 3 81 77 28 66 54 29 46 89 87 65 93 20 64 20 71 89 56 1 25 88 91 5 66 73 31 10 56 43 23 38 66 1 44 83 6 27 73 58 43 99 33 77 1 61 82 21 28 24 96 40 15 21 42 51 13 33 0 71 37 14 98 13 98 6 60 0 57 40 34 90 11 51 98 73 77 60 87 55 85 98 56 28 53 84 2 40 43 11 19 37 49 32 0 89 82 72 99 31 85 10 88 62 68 45 69 14 20 35 96 43 38 25 66 43 33 64 36 4 15 86 76 58 61 77 2 70 7 1 12 96 98 73 44 68 84 68 7 43 1 68 9 68 28 63 55 41 10 16 68 72 36 56 73 33 39 73 35 85 71 83 85 55 37 73 37 71 5 98 15 76 54 48 21 75 13 33 70 24 4 33 73 99 36 3 47 3 52 40 56 93 24 27 79 49 36 53 24 20 1 93 2 14 46 35 48 66 35 71 89 70 2 47 88 1 18 0 45 54 1 5 76 14 96 64 97 97 0 95 85 65 19 34 84 64 9 89 0 47 48 65 36 70 26 90 40 26 6 71 52 49 80 65 68 97 37 45 15 27 66 49 27 81 55 89 52 78 75 74 6 77 26 58 40 93 95 97 14 11 4 92 99 0 59 
52 24 49 9 37 51 48 0 4 11 73 89 9 70 88 8 25 25 81 56 15 73 53 57 74 82 27 0 58 52 92 96 2 95 10 90 29 27 47 72 16 24 72 49 4 12 39 68 11 2 10 74 17 78 9 64 31 11 3 62 23 19 92 89 87 89 13 75 34 75 52 12 12 43 6 47 32 19 50 19 40 76 44 63 97 39 94 97 77 89 94 78 53 17 76 32 82 75 17 8 9 36 76 86 57 3 63 7 38 50 22 21 56 73 92 29 82 86 94 38 63 97 56 80 5 70 32 19 32 41 10 45 5 85 2 57 84 61 92 73 58 27 65 35 71 45 20 51 43 80 32 32 75 71 33 84 23 41 93 41 85 67 44 30 24 80 30 89 95 69 40 2 8 86 33 15 36 70 31 97 43 32 80 28 31 38 38 91 34 35 39 90 93 23 96 51 88 78 4 10 30 62 12 0 95 36 30 22 37 45 14 48 31 88 87 0 25 19 38 79 56 63 24 22 44 8 41 48 35 81 77 80 99 40 74 88 44 25 98 13 28 28 23 66 7 68 80 93 83 54 97 13 55 78 50 93 61 72 12 9 30 65 84 27 81 24 24 7 68 76 27 6 38 67 73 32 59 37 31 52 70 41 12 38 20 8 60 59 6 24 72 39 84 14 70 75 91 58 54 39 96 86 21 27 26 2 8 6 27 63 57 48 85 7 2 16 95 52 14 72 41 31 45 88 67 46 54 16 82 77 78 58 83 58 22 91 94 92 1 65 6 89 85 24 66 30 83 89 71 50 81 20 67 85 83 57 97 96 72 38 74 74 46 79 64 5 24 53 8 57 83 3 9 0 55 18 87 83 68 84 98 51 72 87 55 68 35 67 84 34 68 65 94 1 65 1 98 78 63 31 
73 42 82 93 37 19 20 37 57 61 60 9 10 79 80 90 11 17 40 48 85 5 35 86 36 29 72 10 94 70 17 40 65 15 55 28 75 47 75 49 56 49 59 19 60 29 7 11 77 63 70 82 47 92 72 19 98 90 66 69 52 13 48 64 96 99 85 47 30 87 92 26 0 58 30 56 56 70 67 68 35 92 22 99 5 91 59 49 81 73 71 58 88 50 23 83 78 11 84 69 97 88 91 68 8 21 59 7 26 49 88 39 99 80 22 81 42 68 89 97 89 58 76 41 38 94 91 45 62 22 61 68 51 70 69 43 70 97 69 76 81 15 72 6 53 64 93 87 99 97 29 78 30 48 27 62 25 32 46 62 69 29 15 63 61 92 69 19 44 67 69 83 22 28 1 79 55 36 16 97 37 58 95 7 80 36 39 81 94 29 58 46 91 87 10 22 79 59 44 92 59 71 69 28 70 19 71 4 63 11 1 71 29 8 12 2 86 5 13 42 73 20 79 41 20 73 39 29 9 10 56 30 47 36 36 63 95 97 16 56 39 62 87 49 46 42 83 42 65 0 51 37 46 82 0 56 52 91 52 52 10 98 83 93 75 87 70 89 25 41 90 79 13 52 43 23 70 66 24 39 37 85 80 7 81 98 61 33 54 96 68 7 28 10 13 46 49 63 28 52 6 8 52 12 54 70 96 33 7 53 95 72 26 15 24 74 33 29 78 46 64 41 56 22 25 47 45 15 43 37 97 85 68 89 43 65 33 96 34 35 15 57 33 19 56 6 0 43 80 7 48 33 84 65 26 81 22 77 55 94 34 64 94 33 32 57 46 9 92 29 9 33 71 70 89 23 90 59 87 39 48 3 42 36 27 33 5 44 55 15 99 77 38 29 25 26 35 19 89 48 
41 97 2 15 38 56 56 92 93 6 25 60 86 30 80 89 36 0 57 23 47 45 9 54 70 72 64 42 2 60 80 87 25 18 20 18 2 89 41 35 70 30 51 28 61 11 91 66 61 11 35 79 12 29 98 16 52 24 10 7 44 72 72 28 64 97 31 24 33 16 60 90 22 8 60 78 63 39 82 65 20 69 22 54 76 64 58 50 38 5 92 63 27 86 60 72 10 69 32 34 89 91 9 30 28 40 12 25 66 50 5 56 2 67 62 74 92 97 51 82 25 28 29 37 1 7 21 87 86 51 50 33 43 42 29 27 31 49 92 3 64 87 24 6 31 25 64 77 96 38 27 31 73 29 41 33 68 82 5 6 18 62 69 83 62 7 3 18 10 83 15 59 2 98 84 79 35 82 91 89 12 79 9 49 50 68 5 43 89 64 78 27 4 68 6 34 61 59 63 69 86 15 57 25 83 8 0 75 78 71 7 80 79 49 34 88 91 27 28 3 71 80 84 16 41 29 36 81 75 17 82 86 79 41 54 45 94 17 9 90 95 47 37 4 98 51 13 32 70 17 78 1 12 99 73 67 65 34 63 4 61 70 79 99 13 80 75 15 6 60 50 20 55 91 32 0 82 67 6 33 93 68 51 73 62 97 47 10 15 87 88 94 96 85 86 42 47 9 43 79 81 18 79 93 34 7 4 16 32 42 81 71 73 68 40 39 58 21 49 72 1 91 70 97 5 32 12 14 47 95 51 97 97 42 60 70 40 22 62 56 7 7 55 94 26 67 96 63 88 63 0 80 33 99 65 72 7 91 76 10 11 99 77 77 86 29 74 77 21 88 40 36 46 59 19 83 3 98 0 65 96 21 67 60 60 94 89 91 0 15 10 96 8 1 4 12 70 11 40 71 
92 82 41 20 44 73 45 16 26 24 26 9 10 64 94 3 66 81 55 14 10 32 26 99 14 8 1 4 20 63 94 13 6 36 18 92 50 63 82 39 85 30 80 8 45 7 38 33 7 52 34 77 7 9 9 79 36 16 70 78 27 33 13 21 55 73 61 80 32 49 57 26 9 91 26 60 38 32 66 38 38 62 31 37 56 23 62 96 20 15 42 39 4 46 20 21 95 10 85 96 10 28 42 23 94 73 22 11 9 67 22 6 20 19 4 96 0 53 94 42 16 14 5 5 83 66 51 99 90 82 34 5 60 36 86 36 8 32 26 55 34 13 98 93 54 92 47 39 45 92 60 9 9 16 80 14 80 61 19 9 4 54 45 13 5 48 52 39 86 85 86 34 41 46 31 15 1 37 80 71 41 36 28 54 87 46 46 80 34 9 79 2 40 78 85 81 30 17 12 7 5 68 44 43 9 77 64 61 36 69 46 6 30 56 78 63 42 23 43 41 71 65 3 29 35 97 82 86 0 34 51 7 5 76 42 53 75 30 25 77 98 93 57 46 37 96 99 93 69 53 43 12 33 51 36 76 65 11 93 14 0 96 64 81 2 62 79 58 60 3 15 16 26 41 13 69 77 42 58 97 66 0 11 21 17 3 5 22 42 82 65 43 73 10 59 64 76 69 52 29 1 98 49 27 37 96 82 77 81 87 71 93 67 53 70 20 75 62 46 51 77 19 14 92 42 89 88 56 15 66 16 54 29 91 19 20 79 38 89 12 4 66 27 67 9 60 77 1 10 40 7 75 24 1 45 32 22 21 48 93 6 8 55 5 55 3 30 13 72 68 22 72 83 84 29 69 99 20 47 44 12 60 49 74 1 54 61 17 10 65 82 75 10 80 49 66 78 25 29 48 
36 10 63 0 79 24 25 49 83 30 88 9 23 19 7 92 1 34 90 14 26 58 75 67 87 18 75 41 19 22 12 71 30 15 22 24 69 8 40 54 39 73 8 40 40 84 34 74 16 50 24 43 42 75 58 99 37 53 0 78 86 70 16 25 83 88 6 84 20 64 45 31 53 58 72 29 47 68 20 62 10 74 84 68 17 65 7 36 27 74 21 14 35 80 24 18 27 60 48 72 83 29 88 94 7 85 43 48 11 87 75 65 14 61 49 73 61 19 78 38 63 88 65 27 13 41 64 25 62 20 75 96 61 15 30 22 61 41 42 90 22 0 79 24 1 63 64 90 40 34 68 70 19 0 84 50 86 48 9 88 28 11 11 76 47 5 41 91 73 6 87 25 22 72 62 77 7 22 96 63 39 50 56 22 72 33 94 96 72 38 41 78 96 70 8 52 85 92 72 45 5 22 24 75 72 42 30 98 76 99 13 24 94 10 62 56 70 4 4 59 76 87 26 0 80 57 11 45 7 7 48 92 59 46 61 42 88 58 3 89 20 85 39 50 96 34 55 63 29 89 53 21 90 10 36 56 58 87 95 21 28 91 11 72 33 65 32 80 38 6 7 88 55 90 99 67 23 84 78 30 4 15 73 36 25 67 90 51 47 37 28 33 53 92 76 61 0 88 35 55 9 16 52 98 32 18 40 52 5 57 87 51 52 70 24 86 79 23 84 53 3 70 7 50 7 61 7 96 35 50 94 85 11 88 57 18 40 62 74 30 59 32 18 13 66 4 31 58 70 82 26 94 45 75 59 18 32 62 77 15 52 41 63 37 2 99 51 18 35 42 42 75 89 54 16 68 39 14 10 28 67 59 69 11 2 31 68 39 56 65 37 55 29 73 88 23 31 65 45 93 
81 29 75 9 83 14 72 3 10 31 71 83 62 39 12 98 39 43 51 91 65 75 83 53 19 88 48 43 30 77 91 11 41 92 69 39 84 42 55 72 10 37 56 97 31 18 95 21 50 39 83 72 93 15 24 75 42 47 44 9 54 31 54 0 49 50 17 84 21 74 12 59 46 72 32 89 5 95 75 10 7 34 68 93 98 70 79 55 22 36 11 81 9 69 76 24 75 52 2 14 47 56 99 78 95 37 64 95 34 14 15 95 48 5 7 82 54 75 12 28 19 99 73 3 89 68 47 43 28 1 36 16 59 37 56 78 1 52 74 36 20 24 59 35 84 83 58 15 89 68 32 21 64 72 54 71 39 47 31 54 16 26 95 22 48 80 96 43 12 32 49 10 20 49 64 89 22 61 80 84 53 93 26 36 90 45 71 57 59 68 7 79 86 79 16 84 57 14 46 17 48 45 70 66 42 84 61 19 15 50 86 97 81 7 26 0 33 1 99 53 69 63 63 79 24 67 30 66 45 82 75 81 28 89 11 72 49 2 94 48 11 23 90 78 60 34 41 9 33 46 14 0 72 9 99 79 44 91 62 16 61 30 33 77 77 46 43 9 91 82 87 0 65 39 63 99 99 77 93 91 34 77 49 84 29 54 28 33 7 42 31 98 73 46 82 51 91 24 98 71 2 9 9 31 3 87 10 48 26 77 49 70 79 81 67 79 85 21 5 63 37 33 21 93 37 27 26 77 66 92 37 72 71 42 3 93 83 43 89 29 21 17 86 6 53 2 24 3 69 7 66 91 62 71 40 59 57 9 47 33 70 5 79 38 38 50 94 10 38 38 94 27 51 86 26 91 72 46 41 94 4 83 56 71 81 49 29 41 96 67 7 21 38 44 8 83 66 73 17 34 
0 65 77 44 37 48 4 81 28 3 29 66 57 58 34 54 64 22 87 32 67 86 81 19 80 81 1 61 69 58 52 82 73 39 84 97 88 74 64 64 77 21 64 89 87 87 0 23 81 0 6 74 71 57 86 62 70 11 97 18 81 30 23 72 97 97 57 19 94 76 63 29 47 45 15 78 39 27 70 64 41 48 11 57 25 13 17 90 89 55 64 41 91 84 35 53 47 70 68 92 35 40 72 62 69 3 81 65 9 14 37 92 88 60 53 87 40 25 82 3 84 52 62 38 3 89 67 42 4 11 11 46 45 23 99 49 12 18 54 30 81 19 68 87 69 52 8 54 71 74 34 37 45 7 84 97 13 24 11 17 16 64 16 28 78 28 41 8 80 2 54 1 59 91 48 65 70 27 53 61 33 48 99 28 58 8 45 54 0 74 8 60 71 64 3 66 72 60 97 57 81 92 66 58 66 85 0 70 77 18 55 59 91 38 91 40 48 6 94 29 97 63 69 49 20 36 54 71 85 38 47 10 22 16 97 29 11 30 64 14 79 45 42 54 65 49 94 41 47 37 70 90 93 58 58 62 61 63 79 69 29 12 20 85 21 58 88 22 26 29 20 42 72 83 74 61 59 56 39 59 51 66 9 89 58 0 44 42 16 49 85 71 6 14 51 93 24 25 70 61 91 59 33 96 51 4 72 48 64 8 70 95 96 81 43 58 84 0 9 65 54 96 37 65 31 81 88 14 88 17 39 90 10 71 38 49 18 65 47 63 62 28 39 7 85 25 97 14 85 83 20 71 43 22 65 27 43 57 92 60 33 23 51 98 70 90 87 46 39 18 44 70 47 81 47 92 27 67 58 51 27 40 10 68 51 71 92 45 99 25 34 43 18 59 91 23 49 48 9 89 
55 34 98 85 72 7 37 43 66 31 6 86 60 44 33 96 89 80 67 24 79 78 30 71 41 92 38 18 41 84 43 20 10 46 9 1 41 81 65 86 50 67 54 80 58 2 84 91 99 77 72 50 79 15 40 20 0 19 64 56 27 47 41 73 48 41 37 64 77 91 96 47 95 50 37 44 9 67 4 57 95 77 14 92 82 41 73 98 64 91 6 88 42 88 32 22 16 32 3 35 26 98 77 81 56 42 55 37 63 95 11 98 94 21 93 3 93 72 44 45 5 53 27 81 8 4 23 34 36 23 90 23 50 2 64 43 23 0 5 37 46 17 67 82 15 8 10 49 5 95 81 33 31 36 19 53 99 62 66 76 94 73 10 18 34 11 90 59 54 67 38 67 12 74 84 9 84 59 20 48 56 70 93 67 85 65 34 3 77 39 94 82 15 98 68 62 14 71 1 80 14 80 74 66 63 77 45 80 59 21 11 62 78 35 63 49 84 88 21 79 20 51 14 51 94 8 99 77 78 77 56 26 34 66 26 60 92 15 14 25 69 31 32 41 89 63 56 48 13 44 24 44 28 89 46 15 29 68 63 37 37 87 56 49 52 42 64 20 6 79 35 42 14 49 58 47 23 41 10 69 58 93 9 12 91 50 22 38 86 1 53 61 20 5 15 1 6 15 59 30 71 74 29 61 62 94 93 58 38 90 47 75 75 25 46 78 15 73 19 80 71 53 20 53 12 13 24 30 37 18 72 30 69 40 27 12 53 6 70 69 40 45 98 33 94 81 94 19 58 71 56 5 90 28 8 96 10 92 87 52 93 7 29 36 37 60 73 54 62 87 83 24 25 8 4 9 9 32 41 93 34 63 2 74 52 87 61 60 73 36 85 84 54 93 81 17 31 90 55 14 
67 90 55 79 11 59 52 66 89 0 72 77 76 42 31 77 4 50 16 28 8 45 77 68 40 81 76 55 27 96 6 86 82 66 35 78 65 87 42 67 2 33 62 95 67 44 1 7 64 24 68 32 78 91 68 53 2 98 91 15 21 47 5 93 59 17 69 77 6 16 15 74 56 8 20 20 17 76 12 57 50 77 78 20 96 57 40 16 2 65 61 45 60 90 41 91 20 71 28 48 79 49 62 14 59 53 12 74 16 86 74 13 19 99 33 57 98 95 87 67 98 53 19 42 13 42 81 72 56 49 48 11 76 95 79 15 58 55 0 94 41 99 13 33 63 71 13 85 4 70 81 84 54 31 55 52 4 66 37 88 58 27 26 39 45 1 46 33 67 59 44 1 92 43 29 3 10 64 62 1 22 50 4 37 40 23 27 1 73 60 33 27 27 4 85 82 53 92 52 61 40 68 26 98 21 57 0 77 27 8 53 50 79 78 86 72 23 8 50 68 48 33 6 9 95 4 78 77 21 32 96 89 30 7 28 0 31 18 20 74 47 55 85 22 21 39 99 92 46 58 69 76 76 32 67 19 98 77 83 73 58 56 27 70 96 27 26 45 48 46 88 77 11 82 86 94 50 24 61 69 50 2 23 3 26 45 41 7 75 61 78 36 86 44 63 28 68 69 86 12 14 32 21 4 93 57 45 55 50 98 2 6 15 92 76 4 19 6 98 22 40 52 99 16 21 50 10 16 76 97 10 32 94 76 10 38 1 71 13 80 31 0 61 41 25 40 61 51 60 80 20 81 67 3 44 43 97 63 48 52 53 98 21 55 72 87 91 27 21 73 34 88 16 11 91 77 31 76 65 0 44 82 99 62 9 25 71 95 64 54 31 22 39 20 8 76 51 77 45 83 
99 2 17 53 52 51 22 78 58 95 40 55 86 94 5 15 50 88 3 3 96 92 65 8 6 33 86 39 89 69 66 86 93 55 29 26 72 79 65 81 63 43 66 36 49 8 20 83 45 81 89 43 19 64 30 28 98 94 31 72 28 60 92 48 25 19 34 75 28 0 69 16 40 60 52 43 22 93 40 77 88 54 72 43 77 56 84 29 30 26 83 52 97 17 7 14 87 39 56 20 92 21 68 80 89 76 65 28 9 53 99 7 5 47 24 43 4 96 65 58 83 67 43 69 12 85 2 90 77 83 16 93 87 27 37 37 12 44 70 23 6 3 83 84 29 92 46 3 83 89 88 61 45 17 2 32 76 16 85 53 30 10 93 42 95 5 64 52 47 75 25 45 88 64 19 48 28 7 32 27 53 79 46 85 40 65 20 97 79 33 4 12 45 37 64 67 78 88 14 15 68 38 52 24 57 31 48 71 6 7 40 7 39 17 10 6 92 59 46 37 95 36 56 37 63 3 31 12 21 80 98 23 85 24 99 5 95 73 53 61 2 26 54 79 85 28 64 68 96 70 59 70 85 31 48 70 28 41 29 9 96 28 72 1 79 51 8 21 11 34 62 54 97 24 53 31 55 43 68 11 53 91 99 38 33 63 28 77 84 38 83 2 58 16 69 40 69 91 17 78 61 97 83 90 35 51 77 32 32 71 95 79 99 9 71 87 39 23 97 0 78 7 47 84 21 5 0 63 73 41 94 74 89 54 69 1 36 48 62 32 21 92 96 9 70 33 2 91 59 37 26 6 99 52 72 65 79 63 21 28 49 57 29 16 94 34 47 59 84 14 73 68 47 25 32 75 10 62 84 29 64 73 67 27 0 96 2 3 17 97 1 90 58 18 16 27 93 13 61 97 
71 2 1 53 84 66 9 14 62 89 6 69 51 8 52 66 70 27 10 4 71 24 51 1 60 25 2 85 90 2 64 81 20 63 98 21 96 85 49 63 76 94 79 58 68 57 90 53 8 18 95 94 65 64 63 49 91 5 68 9 77 54 87 8 64 95 81 18 1 23 12 92 34 48 15 62 79 46 0 23 77 1 21 7 74 48 5 86 50 43 85 71 62 65 71 11 67 62 93 7 65 99 72 67 25 16 82 24 39 72 15 36 8 99 45 69 27 80 58 28 47 78 89 59 76 34 70 52 65 13 2 68 14 66 83 90 73 81 49 8 22 5 10 56 42 93 17 79 9 37 13 59 88 11 76 77 37 5 50 61 30 60 76 92 22 95 77 27 37 56 7 90 54 61 73 12 51 19 20 57 86 39 7 95 86 98 71 41 11 27 22 97 37 66 44 93 17 20 60 76 83 8 13 31 80 24 4 62 79 72 59 71 14 77 54 16 89 82 93 19 91 56 75 88 31 88 57 94 49 89 22 67 41 62 82 5 68 21 80 35 6 36 72 5 35 84 80 3 80 4 23 64 85 23 40 25 96 41 4 3 53 55 26 31 16 33 26 69 2 20 88 87 47 88 22 23 11 68 25 2 85 87 68 2 88 33 29 34 80 62 92 44 48 78 49 28 48 62 17 63 89 62 32 11 56 28 2 73 23 76 36 22 58 88 0 86 18 97 31 6 39 79 29 89 79 93 14 86 12 45 92 12 86 63 21 29 23 79 98 87 39 28 73 76 28 78 83 9 73 68 48 61 96 79 15 59 38 9 85 65 90 37 10 50 42 46 46 63 73 90 61 41 79 21 8 38 91 58 46 85 78 5 59 55 81 70 83 92 73 41 74 89 60 15 63 99 51 8 7 99 
33 64 32 68 87 91 25 18 82 20 40 76 73 77 85 8 88 53 20 5 51 46 70 18 75 14 72 93 65 52 53 27 73 98 17 6 18 81 85 55 39 75 49 56 85 24 32 9 86 20 46 3 93 20 40 8 27 63 80 18 90 91 39 30 23 12 83 84 58 76 96 88 68 63 17 87 32 61 11 4 10 50 10 0 40 2 65 48 4 41 63 41 84 8 1 92 92 81 22 11 37 99 8 91 78 14 85 8 44 77 46 14 2 52 51 98 50 68 31 24 1 93 26 77 56 64 88 64 52 6 27 9 75 83 15 99 49 9 53 11 78 67 42 55 36 86 41 75 3 39 76 57 51 15 63 24 6 59 90 96 83 14 13 52 14 67 28 48 97 31 79 68 74 4 78 76 94 39 77 33 1 75 80 68 23 62 5 97 82 0 78 35 65 17 92 95 45 32 64 42 9 42 25 66 24 95 82 55 22 23 86 14 62 75 65 39 50 79 69 92 88 67 33 29 81 25 5 9 47 30 18 81 7 2 6 11 43 29 23 42 8 71 56 84 92 80 1 56 75 5 5 53 47 50 49 22 52 32 86 80 53 88 2 97 49 60 35 54 65 62 84 80 74 11 68 50 49 38 72 66 77 65 24 40 36 42 97 27 70 26 66 43 83 11 32 90 64 20 54 32 40 93 57 48 10 22 33 8 45 4 32 52 99 10 63 97 51 50 25 54 27 84 70 50 41 38 77 93 84 13 34 95 77 30 83 88 82 13 91 66 14 74 23 28 94 17 56 17 76 48 62 12 55 10 16 33 18 54 76 32 44 59 68 8 99 55 77 11 16 47 6 48 39 85 56 73 14 49 65 6 79 88 79 9 17 27 87 76 28 82 85 4 82 4 18 55 88 53 99 89 
17 13 11 62 59 81 60 99 83 31 14 53 47 95 61 22 51 19 24 75 33 87 37 6 72 14 3 33 42 87 89 30 88 87 25 28 99 13 38 18 25 43 50 99 26 1 2 21 31 96 97 46 86 5 7 28 59 81 71 20 79 27 0 74 71 40 1 86 3 74 42 70 3 56 89 30 74 13 8 80 30 83 72 81 59 51 19 32 23 22 67 82 37 81 59 25 76 64 18 89 67 27 96 67 51 63 3 84 76 76 99 1 95 75 9 29 39 41 38 8 15 44 94 25 8 2 7 87 16 44 16 39 10 81 77 81 3 51 28 79 63 45 69 90 8 14 31 48 40 72 11 14 89 44 84 15 38 46 63 28 75 52 99 21 69 16 32 52 31 29 61 49 93 81 60 46 87 68 18 79 24 76 58 5 67 78 34 90 89 44 55 52 41 55 96 4 69 19 58 88 9 65 26 13 72 19 91 73 89 34 50 51 8 28 16 4 10 89 31 76 47 69 27 92 69 74 66 2 84 18 61 58 52 13 77 34 30 4 27 2 2 96 32 2 96 77 64 97 14 82 59 48 82 68 64 14 53 89 29 81 10 82 27 32 3 92 96 30 77 16 75 67 90 25 99 90 44 11 58 39 79 48 30 94 51 94 29 15 55 3 34 87 33 87 52 48 83 4 90 96 81 14 55 99 17 90 11 18 27 61 66 46 41 40 85 18 65 74 34 96 40 76 87 18 87 84 11 4 12 46 32 44 64 63 99 62 82 46 60 73 42 63 5 38 71 30 23 76 54 77 64 84 80 61 31 53 62 98 87 70 82 37 53 38 64 66 84 84 90 6 99 61 6 30 98 63 78 85 77 36 0 78 86 74 10 66 27 84 0 25 15 76 16 22 13 54 43 4 97 62 
81 73 72 65 53 46 82 70 42 93 2 82 40 27 76 96 76 90 73 23 61 72 68 56 16 0 68 52 79 96 39 54 99 44 21 21 71 2 4 41 79 35 18 18 98 45 23 9 52 22 88 94 99 15 0 73 12 32 67 41 37 35 85 53 24 3 84 45 70 67 24 89 36 47 5 92 82 98 94 72 23 77 57 5 77 79 78 23 41 66 89 43 72 56 59 87 39 25 56 1 44 13 46 58 7 56 8 69 88 58 97 75 5 60 59 80 86 88 43 2 43 41 7 99 54 1 93 77 29 11 98 73 74 54 19 29 46 15 26 63 31 68 24 77 54 98 98 91 99 77 18 69 93 21 55 66 77 51 0 81 19 16 28 89 96 45 38 44 14 32 95 72 80 49 44 66 93 44 10 58 12 87 67 19 73 27 27 46 18 96 3 21 66 57 64 30 30 48 7 45 43 73 72 6 23 61 32 62 15 74 24 21 5 69 71 9 29 3 51 29 9 0 2 83 33 37 50 22 84 68 43 75 33 29 80 63 36 3 49 89 21 55 99 65 77 12 48 32 14 52 41 13 2 66 46 21 19 53 21 42 17 44 41 5 87 14 67 49 79 15 61 64 73 80 51 56 85 48 36 8 84 67 47 52 68 7 89 22 91 57 45 19 11 65 41 45 14 65 46 26 67 15 83 5 11 60 97 79 34 44 79 29 63 32 8 45 65 7 38 2 90 60 82 91 32 18 59 30 54 45 20 1 2 56 4 29 41 36 44 35 18 80 68 16 46 18 97 75 35 25 70 44 88 94 57 52 32 4 60 0 23 7 57 29 2 37 30 21 37 71 60 2 81 77 35 87 31 25 9 8 11 61 11 98 65 20 53 72 21 94 83 55 1 26 54 20 43 59 40 95 
48 18 14 82 61 59 96 63 52 42 72 23 77 24 64 47 0 18 14 41 22 37 49 67 44 3 97 93 51 1 26 64 90 89 29 86 72 93 8 61 14 13 39 16 0 26 46 35 79 95 48 62 82 17 53 0 71 97 9 20 41 13 61 9 79 83 93 74 24 88 74 31 56 77 24 99 74 90 48 42 88 48 24 22 34 65 35 22 43 89 67 85 44 55 92 77 7 93 91 25 7 24 6 91 24 59 42 32 5 45 42 49 84 97 38 91 62 14 19 33 20 51 45 92 81 92 79 75 97 34 30 1 33 24 32 88 64 78 26 27 26 94 44 30 27 53 48 52 6 39 66 29 70 14 14 58 24 32 62 17 78 15 18 41 36 48 89 70 26 75 46 40 17 14 47 94 49 16 40 5 89 25 55 42 25 31 2 81 33 22 22 10 50 31 87 37 99 69 25 80 96 82 97 80 81 57 58 85 13 83 29 66 93 27 39 33 92 45 38 10 19 83 23 62 45 3 66 97 61 31 66 0 62 90 99 1 76 78 25 44 24 34 23 99 80 78 48 28 76 93 73 78 84 42 35 13 35 78 78 9 79 49 18 41 86 11 5 44 8 45 13 41 22 76 27 84 35 81 96 25 25 66 55 63 42 4 44 3 28 89 76 78 33 84 28 43 31 50 94 98 6 32 61 18 15 42 72 18 62 50 71 46 83 13 29 62 2 45 77 36 67 32 2 90 51 67 61 50 60 35 6 97 18 48 85 77 15 52 51 11 52 2 71 85 70 10 66 52 88 80 11 16 1 22 66 14 84 39 51 71 10 85 10 27 48 20 82 56 38 16 86 24 51 31 10 64 69 52 30 92 76 69 60 79 78 0 72 71 5 80 20 76 53 9 37 91 48 69 95 90 
35 9 96 34 85 73 43 41 41 27 18 93 65 9 58 93 86 65 47 59 3 77 28 6 28 75 43 4 25 70 40 79 95 21 54 31 7 67 71 3 11 48 17 45 40 40 45 27 48 6 51 28 20 58 82 97 85 38 17 32 8 29 50 91 10 37 70 57 53 30 41 70 9 51 79 23 37 41 7 11 58 34 4 8 52 92 66 90 34 14 38 58 45 62 99 57 40 64 74 66 47 18 41 30 99 96 81 15 48 65 74 79 42 54 54 17 85 91 44 15 60 8 50 46 68 94 42 11 48 3 65 32 96 58 76 67 87 65 98 93 49 7 26 61 37 26 10 81 53 2 25 78 19 84 89 72 64 57 40 48 72 41 32 42 65 90 92 65 75 69 30 45 3 68 45 55 75 69 12 14 46 18 60 77 35 25 56 68 75 54 75 65 46 59 61 32 3 91 47 76 8 70 73 39 96 92 33 19 63 23 22 43 6 3 13 46 0 12 10 42 91 66 30 56 11 60 63 21 44 45 45 12 98 60 52 95 26 58 34 19 11 90 38 44 93 28 61 16 77 76 40 22 61 13 73 14 79 41 15 43 44 79 33 57 25 17 54 45 86 59 66 46 61 91 79 77 93 5 22 50 35 78 60 16 17 85 81 67 93 18 52 81 13 26 71 92 9 10 60 41 52 58 99 91 30 41 30 82 73 91 31 46 10 66 53 49 43 21 77 40 7 2 6 35 9 26 63 91 69 70 76 80 51 92 76 48 70 10 2 83 52 10 29 31 74 79 88 59 46 27 94 87 3 57 33 53 17 25 58 3 98 46 40 44 1 40 22 4 32 26 3 84 7 97 6 33 3 13 35 3 52 84 10 69 74 9 58 64 69 14 51 37 24 49 20 62 68 23 68 19 
10 78 97 9 98 29 25 44 76 26 21 18 39 83 83 39 44 72 92 14 21 19 78 35 43 9 70 47 41 32 94 77 30 6 85 95 73 53 67 24 10 59 70 90 4 20 13 52 41 50 16 32 81 45 92 39 91 18 84 93 64 68 24 34 57 77 54 24 99 26 86 65 89 83 3 57 66 1 46 27 32 72 96 27 72 67 52 24 67 89 74 78 28 39 27 43 23 16 92 1 97 80 17 88 69 23 31 34 31 36 40 50 19 25 70 93 80 70 66 94 17 62 86 93 51 60 82 86 0 38 44 43 40 50 37 83 42 62 30 56 21 9 98 72 72 86 98 3 35 45 51 20 47 64 58 45 31 52 82 84 60 48 21 48 22 48 4 71 68 42 36 73 81 13 1 9 0 55 34 50 57 25 69 76 38 48 25 60 89 14 29 18 78 9 91 98 55 95 53 5 46 27 14 16 43 84 40 44 15 91 64 73 20 13 63 29 37 25 48 77 1 47 37 70 35 42 19 91 73 15 64 71 9 38 55 97 55 93 51 27 28 75 0 59 83 26 82 15 2 60 50 16 27 62 66 54 79 23 32 41 62 43 94 54 97 23 84 48 57 88 82 69 61 14 48 46 93 48 92 2 83 12 83 49 10 12 18 84 98 87 50 7 28 52 46 39 82 49 12 45 68 27 62 51 32 37 10 89 47 42 0 22 9 31 27 28 88 89 11 38 80 26 58 37 61 58 68 73 75 45 51 16 1 67 94 15 98 31 49 88 33 9 26 75 8 86 23 89 11 24 5 26 48 90 63 87 9 16 85 71 90 62 73 5 84 51 27 74 19 9 58 95 87 24 3 26 12 43 74 48 20 57 2 94 99 84 73 0 70 86 99 15 9 41 11 4 1 17 56 4 
26 39 20 41 36 72 38 69 21 22 9 6 38 38 56 49 97 7 52 71 63 9 29 84 53 82 60 86 88 85 85 14 53 12 19 45 26 40 88 69 74 98 54 45 15 52 58 67 78 13 33 69 59 93 32 90 78 40 77 73 64 80 98 42 66 13 95 36 19 29 15 87 12 76 64 94 81 30 17 20 78 78 67 51 47 89 14 77 43 95 76 6 43 34 24 97 74 81 21 95 0 74 33 81 47 79 20 2 22 6 16 80 40 75 11 21 75 90 58 21 78 53 7 6 15 86 70 84 85 13 28 18 41 24 62 45 91 92 64 63 8 56 15 87 6 60 39 67 71 95 25 98 13 7 10 75 97 17 20 6 79 0 41 49 33 63 68 37 96 55 35 23 63 33 58 77 58 52 61 25 54 9 86 48 53 12 51 67 25 46 71 66 35 19 50 49 86 50 65 83 49 63 65 40 37 25 62 86 77 91 13 80 93 48 93 11 2 73 96 49 86 70 61 2 43 6 37 60 62 54 9 2 40 5 14 24 89 99 22 82 86 11 57 98 81 31 74 28 68 93 68 36 53 56 81 13 53 56 82 8 14 50 98 18 95 28 75 34 6 27 82 2 7 98 87 29 92 86 2 1 62 30 88 30 23 81 56 99 26 17 87 99 10 19 14 50 43 32 28 10 25 55 95 40 66 64 23 71 90 50 64 67 34 28 71 78 74 61 32 59 90 34 90 91 42 17 80 20 52 47 19 8 2 69 24 66 92 82 43 6 25 99 88 31 66 97 25 12 6 19 60 59 40 71 51 86 49 7 33 79 89 87 22 64 48 65 45 42 53 11 61 29 31 16 15 23 47 30 55 8 9 88 73 63 46 16 60 42 96 25 83 43 95 28 72 1 93 76 79 66 
49 37 45 20 34 26 0 49 32 81 59 30 53 71 14 65 78 83 71 26 0 52 61 97 47 35 66 22 87 45 25 64 88 33 61 70 8 93 3 3 19 94 32 22 68 49 3 94 9 11 95 58 27 4 64 23 19 64 58 76 67 89 59 66 41 1 71 93 13 88 37 55 34 69 27 76 96 41 40 10 51 26 41 38 1 40 10 34 95 94 39 0 89 96 38 31 58 29 30 12 67 59 21 32 79 64 30 68 6 40 2 41 47 80 44 50 96 61 58 10 29 30 18 10 61 97 93 51 85 64 55 3 5 91 19 98 24 98 84 54 49 81 12 44 51 50 36 26 74 38 44 0 39 63 41 70 79 65 68 85 71 11 56 54 14 80 75 81 41 41 61 11 99 5 70 9 45 68 9 14 84 88 53 78 51 82 43 29 26 43 56 23 7 66 76 5 35 57 78 9 40 90 98 89 78 28 21 93 22 57 52 78 26 99 44 90 59 94 56 81 3 52 19 20 83 80 80 45 96 67 27 42 99 0 22 30 35 73 88 85 6 34 76 30 88 98 21 42 59 32 41 76 98 52 8 64 93 97 98 76 13 25 99 4 36 47 57 52 66 69 39 40 93 35 30 30 10 90 37 80 21 19 17 4 55 74 44 44 66 83 21 19 49 20 17 87 1 5 56 25 91 55 87 9 14 23 80 59 87 82 51 74 80 36 68 11 34 94 97 78 38 63 1 7 29 84 81 47 83 28 98 99 45 8 91 46 39 50 28 71 33 27 71 34 43 55 39 56 14 61 78 83 77 52 19 58 26 52 71 40 73 68 59 76 22 80 51 2 38 61 38 12 46 16 14 95 87 71 1 78 33 63 47 11 58 19 18 38 30 4 76 55 1 66 8 71 64 97 48 61 
88 56 60 4 15 14 75 61 92 37 22 3 9 63 73 47 23 99 98 29 57 25 31 10 97 54 44 48 36 26 8 3 64 94 84 21 43 92 62 4 74 28 30 38 83 66 71 69 50 42 60 61 73 43 16 59 62 19 91 55 54 73 70 44 16 56 86 50 28 99 95 24 16 13 82 35 82 48 33 59 24 92 63 80 96 89 56 52 0 73 37 20 89 55 11 64 94 13 4 94 44 55 3 89 12 16 29 66 20 28 96 31 97 18 27 84 68 72 86 75 19 22 99 23 99 23 93 43 52 66 44 43 60 87 61 99 84 52 52 83 63 30 43 31 56 12 69 48 11 72 54 74 63 23 52 24 90 10 87 93 80 98 33 64 28 64 90 86 29 25 90 90 96 87 66 2 27 89 31 32 5 80 53 67 43 63 37 67 95 51 9 22 70 90 32 41 52 61 20 14 10 68 47 35 95 7 38 87 40 90 88 12 84 88 86 33 12 16 85 8 30 55 88 42 88 10 24 74 91 27 61 48 65 33 19 19 84 37 10 96 24 78 37 80 31 37 1 52 22 14 24 23 94 42 27 62 1 81 57 79 91 21 1 82 64 31 67 24 43 30 6 36 83 74 76 40 85 3 58 67 97 14 78 37 13 35 11 52 8 56 75 88 82 72 71 77 81 63 10 47 35 49 2 83 85 90 92 84 35 1 30 60 61 96 32 84 61 34 34 90 18 74 47 45 81 19 83 62 26 57 96 69 13 31 15 5 73 29 5 16 29 60 64 70 77 31 97 90 67 44 70 10 39 0 40 82 28 75 25 27 16 60 2 84 17 83 72 78 24 15 28 89 63 11 57 42 78 80 13 21 11 13 71 54 51 21 79 76 46 24 29 66 30 12 99 6 71 58 50 70 
18 1 32 37 52 27 80 14 32 62 17 31 29 60 31 88 1 18 86 21 45 61 76 34 94 78 19 57 87 80 32 49 39 27 90 81 37 88 49 27 79 54 72 22 77 82 28 50 74 58 11 26 23 87 54 22 62 46 91 51 60 12 82 88 7 24 96 22 7 81 28 21 59 87 2 76 26 79 77 7 95 70 66 16 29 41 97 84 59 95 70 11 11 63 8 49 46 49 76 74 36 2 58 0 51 54 27 28 5 62 11 59 18 38 21 97 67 8 51 7 17 94 40 9 8 8 63 1 47 14 86 3 56 88 54 33 69 35 96 90 62 79 5 6 39 69 46 95 61 8 75 79 36 2 46 36 11 72 10 77 7 22 36 55 85 79 48 58 31 69 85 94 97 55 11 44 24 28 69 13 18 72 70 16 83 4 94 62 28 46 61 71 58 65 4 28 89 94 49 41 26 84 96 84 98 22 29 5 71 6 12 38 36 4 15 38 32 75 87 10 23 99 1 17 4 32 29 1 94 22 40 16 42 70 63 92 68 15 68 85 86 48 29 8 29 81 70 61 57 12 86 48 11 7 29 5 17 63 44 34 38 63 53 17 6 0 13 26 36 51 83 44 75 94 99 74 2 55 71 65 39 39 85 29 65 85 57 69 36 89 8 3 53 88 65 7 52 45 66 78 82 13 39 10 14 35 31 4 74 85 67 35 58 67 67 51 5 58 38 64 10 35 9 99 53 9 95 86 42 27 7 60 6 30 46 75 85 91 92 82 55 4 49 81 97 1 80 99 43 21 38 18 51 48 0 1 41 47 75 45 49 30 47 60 24 2 63 0 2 39 82 72 39 19 89 16 82 36 1 5 38 47 72 55 11 65 55 94 4 62 81 86 45 27 27 19 11 4 87 7 
55 11 25 22 43 79 36 53 35 89 65 50 8 47 25 30 78 50 84 87 83 89 2 64 37 82 45 59 25 16 64 86 62 30 10 64 99 36 17 66 17 35 72 96 19 74 67 69 43 18 55 32 74 69 37 43 75 82 31 18 76 0 17 59 52 45 84 43 95 21 36 1 24 75 47 57 96 19 9 60 68 49 63 69 89 85 99 11 73 4 45 14 65 45 82 48 52 59 91 53 7 35 46 96 59 33 45 59 79 87 76 53 47 8 32 14 63 94 7 96 48 51 1 85 75 62 3 3 96 37 36 3 26 57 6 93 24 20 50 48 95 82 2 37 49 87 46 72 49 60 97 19 24 16 49 81 12 93 5 46 50 31 18 90 34 67 56 67 93 44 71 46 94 87 1 28 10 33 22 57 56 18 81 70 25 82 97 4 98 54 60 28 55 84 66 52 65 95 49 85 43 99 15 31 74 91 65 46 69 19 67 71 10 48 48 2 78 90 47 1 14 42 78 97 83 96 2 47 4 3 44 21 54 70 82 26 92 89 97 40 71 9 49 60 55 3 1 4 84 72 65 4 20 20 85 37 82 61 76 49 58 63 85 78 74 36 33 35 20 86 9 24 29 85 37 90 93 75 52 26 76 15 42 61 4 66 20 96 96 24 67 12 21 24 88 24 22 94 27 82 18 25 29 80 57 98 54 40 10 31 94 22 56 99 99 67 66 89 96 86 44 28 84 7 71 38 86 59 56 39 12 3 1 91 94 86 7 10 88 37 12 12 94 74 0 94 19 1 97 16 40 55 47 66 26 53 73 0 86 83 66 85 4 50 35 12 19 56 37 50 23 27 89 66 68 64 18 26 46 24 6 72 88 47 61 97 25 88 15 10 9 97 81 68 44 27 6 83 32 33 
37 33 68 37 89 48 41 43 24 47 84 77 57 96 92 6 14 27 38 27 33 14 18 95 1 90 99 50 19 80 69 28 69 64 62 75 10 54 48 54 35 66 66 88 34 98 45 8 2 60 84 38 54 26 89 10 25 32 2 51 1 16 15 15 31 42 74 65 3 53 41 15 3 46 55 29 37 94 86 94 24 90 11 69 56 2 78 2 27 77 43 15 66 47 65 5 92 20 63 47 39 25 45 33 84 80 39 25 89 77 31 6 18 30 27 52 69 75 82 36 81 22 76 4 44 1 24 2 87 77 53 45 11 85 62 56 6 80 71 78 0 79 77 18 54 90 5 67 46 48 80 2 96 62 85 31 21 12 43 46 62 50 28 96 63 94 47 24 28 17 94 13 96 39 95 64 77 34 76 11 23 2 60 94 88 47 44 93 35 27 50 9 55 31 69 86 91 15 57 81 20 52 16 99 94 70 37 54 98 50 32 26 91 21 87 3 73 81 91 1 10 92 21 27 51 35 15 84 46 57 66 67 48 4 42 87 94 27 68 54 67 49 62 73 96 32 76 20 38 97 62 46 92 68 73 4 98 7 3 11 33 99 57 22 17 50 31 12 51 39 59 34 66 67 17 97 0 4 79 67 40 83 79 74 80 50 69 41 84 74 95 97 77 63 26 19 70 21 11 24 74 5 98 29 20 1 6 20 52 76 0 67 39 82 36 40 89 46 86 4 64 29 85 95 84 74 14 96 17 78 67 58 24 70 82 39 85 31 3 52 24 65 52 72 99 67 80 19 24 70 74 94 32 15 24 2 18 6 72 54 8 33 14 58 11 18 85 96 57 68 42 47 4 59 58 38 52 61 92 1 9 39 99 44 50 37 97 65 65 31 28 98 92 57 28 91 39 36 62 64 
0 9 50 79 3 89 87 13 34 17 11 57 88 84 37 16 19 55 43 79 59 68 59 62 57 15 45 35 62 24 10 75 13 77 20 99 83 91 18 17 16 43 5 7 24 71 42 8 39 88 34 26 90 74 16 80 95 26 34 85 50 56 39 89 69 53 3 47 26 10 11 34 75 2 70 55 66 8 44 46 17 77 71 97 64 81 63 51 97 99 18 54 33 74 4 70 40 40 43 38 1 66 34 44 23 50 99 17 18 80 91 28 95 21 13 4 13 59 45 38 97 37 22 64 21 98 37 78 70 99 53 10 63 14 4 95 8 36 75 98 36 43 65 45 83 77 48 71 19 23 13 43 25 65 61 60 83 57 15 5 7 50 63 78 22 91 80 67 81 28 15 76 96 92 72 57 98 92 28 74 49 91 99 57 18 30 79 98 34 18 29 44 98 0 76 6 4 68 99 9 32 53 57 52 94 68 19 56 56 71 98 69 90 92 80 12 84 73 84 18 16 54 44 17 65 18 81 78 26 94 75 27 51 32 43 74 77 14 99 30 13 9 29 60 19 25 10 0 31 58 9 77 87 17 38 82 62 91 0 23 88 57 38 3 31 72 1 7 50 51 43 35 92 91 26 71 96 35 92 49 70 72 17 45 60 62 37 93 82 36 48 19 78 52 92 75 4 6 26 25 65 71 31 27 23 61 80 70 69 1 99 83 54 92 32 8 31 18 72 40 88 24 1 63 36 15 19 21 38 58 38 94 66 41 19 26 32 18 19 46 37 48 57 94 31 89 39 68 20 56 92 41 46 84 32 64 89 24 49 80 0 75 53 21 45 1 12 52 56 55 27 97 89 7 97 70 25 88 85 79 62 21 88 82 22 35 72 80 19 60 89 91 67 62 83 33 85 36 53 89 
30 83 85 9 66 48 67 4 28 4 10 72 19 32 60 14 89 54 85 88 92 18 88 60 48 14 33 4 88 66 71 21 28 79 68 80 26 48 56 46 67 14 87 31 33 14 57 53 23 9 24 13 61 60 77 58 88 83 71 93 72 86 64 65 60 2 12 60 81 61 31 85 8 82 78 51 33 35 70 83 0 91 8 58 97 94 96 21 38 47 91 36 46 69 82 3 71 73 82 79 1 47 40 74 49 95 10 50 39 2 3 84 68 49 49 46 98 33 30 17 85 72 83 57 69 59 53 81 77 72 72 83 36 37 8 95 31 66 36 55 18 28 4 36 78 22 20 83 38 97 9 46 80 50 66 60 55 71 11 13 66 30 69 67 60 8 70 2 26 66 6 78 64 36 34 87 51 7 24 20 86 13 75 44 20 30 21 29 38 33 74 45 90 7 54 43 63 39 74 9 77 20 31 47 83 87 96 13 11 92 89 93 26 17 16 7 65 16 18 68 3 78 33 88 76 53 41 3 93 55 45 30 33 15 48 71 72 52 7 58 50 20 8 86 30 19 63 67 47 39 64 93 90 78 61 17 53 73 65 22 80 16 54 48 11 24 23 8 83 76 25 34 32 59 99 66 57 0 56 89 34 20 88 4 59 80 9 42 18 66 63 26 79 25 81 7 61 46 86 67 48 7 60 14 24 70 45 16 53 19 51 99 97 34 48 17 22 73 69 38 72 86 94 23 57 95 23 87 76 38 93 36 58 72 92 4 27 37 19 33 48 38 49 94 45 18 31 97 42 52 82 45 54 9 82 99 7 41 47 32 11 48 26 56 22 67 52 14 49 63 27 30 59 61 57 67 22 31 53 22 8 86 98 35 71 8 79 27 41 24 73 50 68 11 99 45 68 69 44 46 
66 17 68 3 26 37 99 77 8 54 91 22 56 18 48 80 34 7 62 59 23 75 25 17 73 24 88 9 44 22 20 74 22 50 66 64 4 18 76 15 87 62 48 7 46 65 37 16 56 89 42 99 36 35 12 9 99 38 91 66 18 13 44 64 33 43 78 74 39 95 63 39 46 20 92 71 54 87 51 47 21 63 51 32 18 15 17 98 50 30 74 18 46 39 57 54 50 0 87 7 93 5 52 72 43 48 48 25 79 11 53 42 49 60 22 24 59 40 68 88 34 32 29 80 67 68 11 79 30 12 69 57 83 19 44 33 36 57 7 56 38 14 83 99 95 69 46 93 68 2 6 88 62 2 6 20 42 7 68 71 29 63 33 62 13 22 17 12 22 52 85 42 3 39 98 19 89 1 75 69 76 4 14 96 15 55 23 17 87 8 6 30 43 99 10 80 39 70 30 96 0 24 94 38 30 7 25 35 25 29 26 66 33 55 25 85 13 29 87 5 34 28 44 20 67 45 64 49 4 90 84 1 8 26 75 80 95 13 8 41 68 13 74 15 41 6 45 88 8 53 71 27 3 31 15 5 7 64 52 91 38 54 93 79 16 98 95 24 98 58 36 39 54 4 91 27 22 14 92 40 92 14 38 79 1 56 25 13 61 98 57 41 55 75 48 14 33 3 51 6 18 18 72 52 22 42 42 96 86 78 33 72 25 89 16 5 89 48 33 8 6 51 95 51 24 69 53 54 7 33 2 10 60 8 60 11 50 96 54 65 62 35 9 50 70 13 61 65 11 94 68 82 86 20 39 89 68 95 89 80 50 33 64 4 48 84 89 42 12 54 15 62 29 33 39 5 60 43 22 68 35 87 76 95 13 56 91 71 97 54 83 6 82 75 53 73 90 80 58 4 
25 64 77 91 93 23 23 65 31 63 10 68 13 95 12 72 2 1 18 97 69 85 4 9 90 50 78 11 81 29 79 21 73 96 85 44 72 2 38 25 59 44 65 42 48 93 76 3 74 88 9 15 1 69 2 70 31 47 42 3 71 14 8 17 11 13 10 61 75 1 71 15 84 50 56 79 70 29 13 14 53 76 22 21 93 30 39 63 69 38 9 78 62 53 46 48 97 33 89 95 98 97 22 26 85 70 10 81 21 61 14 23 95 42 68 27 1 59 51 34 32 58 8 14 7 70 4 2 57 1 16 16 53 5 35 50 79 48 19 2 66 50 79 20 0 61 59 29 65 96 56 53 56 63 58 73 50 34 75 31 88 48 17 45 75 50 99 80 51 19 0 44 24 3 57 24 96 95 68 4 44 83 48 66 8 34 43 97 18 21 58 91 26 98 76 83 18 59 49 2 22 76 36 93 33 61 35 86 86 28 58 10 88 69 3 8 66 75 8 48 93 10 1 98 39 69 8 12 88 73 30 9 51 3 99 48 83 79 17 60 75 73 93 57 27 49 67 19 68 49 56 65 41 90 28 37 67 99 21 33 46 36 64 85 1 39 26 92 19 15 51 61 71 62 62 67 50 85 74 2 31 9 23 4 83 92 76 22 53 48 51 95 3 99 21 55 67 84 16 23 5 69 62 5 86 54 80 14 28 17 95 63 2 62 69 40 95 53 60 38 10 5 62 61 29 23 81 33 18 91 61 56 25 83 86 40 99 98 95 21 91 26 51 1 3 13 19 27 1 16 72 98 54 13 51 10 74 7 66 41 58 8 82 51 15 2 5 14 64 33 80 23 13 32 36 84 88 49 25 36 48 66 49 48 37 9 2 40 44 60 14 93 63 38 61 88 98 16 13 71 
99 88 2 42 31 62 29 13 82 55 65 19 6 62 74 34 15 49 97 58 33 61 41 75 72 6 40 95 51 89 45 23 61 18 93 45 29 84 79 18 81 35 81 13 57 38 71 99 79 16 50 28 18 67 1 66 71 31 95 80 39 21 53 14 78 68 9 84 11 76 20 32 17 52 8 32 10 31 49 55 58 51 96 22 30 74 68 45 6 22 89 36 7 90 98 21 13 74 39 59 36 51 95 51 58 27 78 45 88 91 55 9 84 17 72 32 91 85 57 30 30 79 18 37 94 15 83 18 32 91 94 18 18 68 56 72 75 71 48 0 41 38 85 3 25 3 37 66 3 45 61 28 35 21 70 72 55 86 60 14 5 40 51 25 51 25 4 21 9 85 73 94 63 35 43 44 17 85 47 12 23 69 83 19 12 32 66 82 97 36 58 14 37 92 81 96 56 26 82 92 73 28 1 41 44 83 50 72 35 34 22 42 99 18 7 79 59 13 81 85 17 36 16 56 72 80 16 59 37 16 78 11 44 17 9 71 18 26 65 91 25 42 75 76 59 23 61 16 38 96 59 19 63 3 18 78 54 91 48 91 49 83 61 4 9 24 0 58 45 47 65 37 65 27 45 83 54 93 18 38 86 96 33 70 3 20 29 19 66 70 34 54 6 18 74 25 87 48 42 0 39 38 64 15 72 62 68 13 90 71 61 86 43 26 34 40 24 52 20 10 94 20 21 89 2 90 5 0 69 9 28 3 27 97 97 91 1 14 9 4 53 14 19 30 17 50 54 44 35 66 47 57 24 71 89 89 22 6 59 84 80 21 81 93 28 29 69 34 74 68 59 34 24 18 98 75 83 59 46 81 97 39 71 23 81 36 11 60 2 15 47 29 84 17 17 77 47 81 34 8 
17 7 70 5 30 82 84 94 27 69 24 69 56 87 3 8 29 93 86 60 66 72 25 55 81 60 17 11 40 6 55 82 28 33 59 95 21 51 41 85 63 17 31 35 12 65 27 12 95 38 42 60 89 42 29 82 38 31 52 99 51 67 76 82 5 6 1 2 35 8 7 86 80 99 4 27 55 41 43 63 17 30 72 79 1 61 40 26 64 73 90 29 11 62 18 10 48 79 0 5 26 10 4 63 1 2 9 73 87 85 28 57 29 14 27 23 16 40 49 71 0 84 27 69 1 67 44 57 67 60 57 64 4 56 96 82 88 71 5 49 6 42 1 90 40 94 19 43 39 64 61 33 56 20 24 7 26 67 34 50 0 48 63 55 62 83 57 42 3 5 17 83 54 35 31 22 94 65 56 39 57 60 54 24 48 27 64 7 7 18 40 87 61 0 10 69 51 7 9 38 48 29 91 16 32 86 92 46 34 43 75 95 12 25 90 61 30 42 96 89 55 15 31 91 32 95 78 84 41 11 83 68 57 95 41 6 59 67 42 20 82 41 7 43 66 2 41 86 20 28 26 50 33 99 51 86 62 6 48 56 82 24 56 95 70 6 7 58 41 83 81 1 52 91 45 31 1 4 86 12 12 98 60 36 20 13 22 96 38 61 59 55 19 81 15 43 65 26 88 97 4 86 19 14 37 48 8 23 83 19 21 84 32 67 30 45 53 78 78 9 22 11 80 70 12 23 28 8 52 77 80 57 57 63 82 45 61 29 12 32 32 10 50 76 77 97 94 23 88 86 66 49 4 0 5 5 41 97 71 14 49 36 7 28 36 11 70 84 20 37 65 84 26 45 89 30 14 80 42 64 33 36 75 68 17 61 92 12 41 64 1 53 74 74 22 44 89 1 61 50 
13 69 76 24 23 2 3 53 49 97 22 78 48 72 39 86 93 54 29 60 66 51 85 13 80 80 3 23 87 46 81 94 42 45 76 45 5 30 96 16 20 84 44 91 80 7 8 55 36 90 58 99 22 63 36 19 94 41 29 99 24 29 66 34 77 72 25 21 70 56 18 61 4 72 82 78 67 97 6 92 85 78 93 63 70 12 40 89 78 63 33 54 42 11 94 89 95 54 80 78 39 78 35 23 13 46 3 94 27 5 67 11 18 46 34 98 21 17 3 12 62 10 13 87 38 24 27 39 72 81 92 18 51 0 50 6 99 49 36 81 33 68 42 97 45 81 79 70 77 71 5 73 15 71 96 10 64 75 0 0 23 2 5 67 0 71 52 78 13 82 36 26 80 97 20 63 51 91 90 90 24 73 0 90 5 26 3 55 55 81 30 52 65 24 96 28 64 43 36 39 77 69 55 33 82 77 6 56 88 49 87 89 0 32 26 49 44 42 49 98 69 93 39 7 55 9 96 52 76 11 78 57 85 25 73 22 37 32 17 87 11 43 84 9 31 95 99 29 4 84 10 67 48 44 2 77 79 77 37 77 56 75 30 96 30 90 31 93 66 97 13 34 46 24 27 45 62 51 9 13 68 99 26 6 89 33 0 38 66 41 43 54 8 49 25 57 44 93 32 99 9 77 64 8 19 65 87 5 92 64 26 15 53 64 30 71 76 41 27 3 11 69 67 47 23 10 38 98 30 22 73 38 58 19 88 48 31 29 65 81 7 1 33 82 11 11 49 7 9 83 90 10 16 52 24 8 15 53 57 52 26 20 12 27 25 12 12 0 82 5 55 45 77 75 91 58 98 63 8 0 43 52 37 0 83 74 23 33 46 40 15 48 6 56 3 95 41 83 9 67 
44 5 48 53 27 69 3 87 42 32 21 23 23 80 65 82 17 45 67 2 37 75 87 8 79 21 62 56 59 37 30 25 88 96 61 10 69 76 85 81 2 92 70 65 9 6 13 26 62 90 88 80 56 71 29 62 29 0 32 39 19 49 3 42 95 6 40 70 99 27 65 12 47 68 63 28 17 43 33 70 30 4 78 41 94 16 10 0 71 65 48 89 77 68 36 90 46 84 60 34 68 31 16 56 77 15 66 98 47 46 54 17 0 61 62 14 65 33 5 12 27 47 81 33 13 22 82 6 54 6 21 23 14 31 89 53 32 7 45 78 55 76 83 2 61 65 55 44 95 59 6 89 51 67 88 78 22 6 36 56 42 35 24 67 27 52 13 75 52 76 55 47 48 69 40 95 2 77 33 53 69 1 46 18 72 4 27 50 57 61 7 9 33 28 24 51 16 22 58 27 17 83 53 43 87 32 89 27 77 81 37 15 91 8 72 53 86 94 14 24 54 98 13 30 18 64 41 8 44 40 46 11 74 7 50 77 52 17 71 98 14 52 34 88 17 67 40 81 93 31 27 88 73 38 20 85 94 12 60 17 97 51 73 65 40 22 58 81 11 13 41 72 15 55 52 42 22 11 54 54 60 65 40 46 54 76 4 39 29 36 20 41 41 6 45 55 71 53 46 35 84 20 96 81 78 45 16 0 72 76 59 56 61 36 88 86 97 13 51 21 23 83 61 26 34 94 16 83 55 58 80 99 42 41 79 53 41 3 77 62 45 73 14 3 38 77 0 12 81 25 27 26 16 98 48 31 50 46 18 79 87 77 87 17 14 57 46 16 42 0 15 15 46 19 24 12 36 12 34 40 47 59 44 81 15 44 7 36 18 71 89 45 33 14 56 49 80 19 93 98 
93 97 38 61 62 9 0 61 71 84 44 6 15 7 20 80 65 14 97 29 53 77 55 76 55 91 37 39 72 56 1 24 8 46 83 83 3 40 38 99 26 98 42 26 61 35 25 50 50 87 31 22 25 87 43 36 26 27 73 8 74 0 57 20 70 22 45 45 63 87 74 38 59 49 71 33 48 8 34 15 54 68 23 35 88 94 66 85 18 92 72 98 93 94 61 43 98 58 53 95 92 31 57 23 24 22 35 5 26 45 72 63 97 84 12 8 83 33 11 51 74 19 35 30 23 86 26 18 13 45 26 66 88 60 82 96 50 24 30 7 61 28 6 86 3 56 98 29 38 45 10 62 40 59 57 9 6 1 75 63 43 32 44 68 39 69 53 35 69 24 53 52 42 49 80 4 99 60 46 2 33 45 43 42 30 24 94 53 7 99 8 68 16 54 87 62 55 94 55 47 80 77 55 34 13 45 86 37 50 95 79 48 3 58 63 47 65 20 35 68 13 87 6 20 31 76 92 92 94 13 47 39 21 96 88 95 65 88 93 5 56 86 82 65 2 47 73 37 65 69 23 69 94 42 60 70 89 50 58 19 6 75 37 85 98 89 61 30 16 61 12 60 21 80 69 39 68 49 50 32 90 55 34 23 8 16 38 36 63 87 13 17 21 7 41 88 20 15 80 78 32 52 3 87 16 18 50 68 30 44 85 89 67 87 73 48 32 68 21 69 26 19 14 76 28 70 92 20 3 63 48 97 66 59 3 32 87 95 61 2 67 83 46 58 61 29 3 7 30 98 68 17 25 39 44 3 98 75 61 17 27 72 22 26 94 16 59 13 44 32 32 71 13 91 13 92 73 68 48 48 54 79 15 96 39 63 15 85 25 32 1 47 80 79 64 21 40 3 95 44 
4 5 57 21 86 3 43 12 73 84 32 99 72 27 10 18 19 62 68 96 55 29 75 78 49 76 21 18 87 37 84 71 87 49 23 15 60 28 7 33 69 15 36 40 7 97 82 95 86 1 38 19 21 60 91 10 27 42 10 37 1 9 41 72 12 89 15 29 25 77 17 70 39 86 71 31 4 50 66 75 96 0 21 58 75 94 37 43 10 49 70 78 32 88 58 25 9 76 40 91 94 7 33 73 61 16 74 48 60 57 79 66 45 2 41 96 21 74 78 5 62 30 69 61 57 78 8 41 68 47 38 40 66 82 60 89 20 47 11 15 20 95 47 45 61 11 87 67 18 13 21 28 18 37 71 19 0 94 74 95 58 69 78 38 95 5 46 29 36 43 81 77 91 48 44 86 43 84 70 55 12 38 23 9 84 81 5 66 72 25 84 61 11 27 18 25 47 85 81 75 97 61 69 52 60 7 54 98 29 41 35 54 33 47 14 74 66 63 54 99 6 30 11 14 98 0 84 87 51 73 7 34 31 17 61 81 2 5 3 86 57 85 17 81 66 8 72 17 77 11 2 99 23 82 37 58 97 93 60 29 51 30 39 86 65 78 36 21 78 13 33 56 36 17 16 96 83 2 53 96 29 4 58 28 93 21 61 33 46 62 57 39 43 19 38 3 1 41 34 70 40 79 96 14 13 56 24 79 39 49 23 5 74 50 61 32 73 98 88 75 98 26 51 53 10 49 74 62 37 57 92 18 52 93 86 27 70 15 98 91 48 8 60 67 31 82 7 1 42 37 4 53 65 26 10 56 94 31 69 33 82 3 5 32 37 45 45 30 89 66 85 38 4 80 87 69 25 20 29 81 98 39 4 69 71 93 99 82 13 54 15 25 7 78 65 27 5 7 25 93 
63 32 65 14 24 72 5 69 80 75 78 95 59 40 64 56 4 16 41 13 12 14 87 74 62 7 92 37 78 20 56 83 80 66 11 25 80 1 61 54 96 84 6 83 94 87 5 83 23 6 24 47 22 78 69 17 57 38 35 77 9 68 16 32 36 43 22 97 60 22 79 76 37 74 57 1 95 1 90 80 25 36 97 98 93 91 57 24 45 10 1 11 93 74 88 36 95 59 26 64 39 32 60 87 39 94 8 20 6 10 27 77 42 66 35 65 59 68 60 29 46 83 63 83 88 2 41 27 56 8 84 16 51 67 50 71 73 87 90 30 54 81 73 72 78 47 42 23 78 66 97 98 20 47 52 57 65 94 13 1 92 0 42 56 6 6 43 44 84 50 36 99 92 22 23 59 69 19 50 34 24 52 32 33 91 75 60 9 51 91 63 86 43 39 19 36 77 34 75 90 16 7 33 77 57 50 57 0 26 84 88 77 94 95 41 29 22 6 79 99 59 16 88 42 53 54 52 24 83 42 93 89 17 69 37 33 3 89 28 89 26 63 11 40 67 79 77 85 82 62 90 3 89 95 34 30 66 29 79 68 2 31 57 22 39 41 60 83 38 34 71 17 17 7 4 67 81 19 72 99 7 59 72 77 24 28 20 40 1 75 31 36 60 40 71 99 69 50 79 27 28 26 62 76 19 82 42 82 22 12 36 62 69 70 30 62 6 24 82 29 44 56 1 8 7 50 84 34 0 49 29 78 19 8 25 22 84 52 65 21 67 57 91 38 12 27 66 12 93 99 65 90 49 98 7 80 9 85 91 1 92 45 10 98 48 1 61 11 71 38 77 41 76 31 36 19 79 49 42 1 62 76 92 41 9 14 68 0 86 4 96 46 77 71 15 69 35 28 13 31 
74 80 39 12 29 81 16 97 23 81 50 79 81 84 63 72 87 43 89 28 16 11 16 7 19 19 31 49 56 94 10 70 55 13 42 51 93 0 85 96 60 58 72 16 98 94 59 2 17 47 80 41 57 83 78 94 25 68 74 84 7 3 15 48 83 62 39 63 90 15 46 41 46 73 58 30 52 83 71 82 97 78 4 65 23 4 58 78 32 90 57 65 99 6 44 81 93 6 8 30 26 99 8 18 5 77 16 23 69 6 35 66 0 81 57 10 80 66 5 30 21 15 83 99 70 24 89 54 27 86 27 17 62 64 97 84 0 11 80 42 91 52 63 69 2 56 28 30 49 99 13 24 33 92 20 12 38 52 51 17 27 97 32 41 9 61 48 24 29 71 16 19 83 25 48 7 79 62 68 35 69 10 61 27 87 68 65 75 44 63 13 52 38 28 53 33 69 83 73 92 58 48 83 2 29 28 61 60 15 80 21 44 34 45 30 7 70 40 5 44 15 32 99 5 44 87 84 4 60 97 97 38 92 19 70 19 32 78 83 44 57 49 96 28 22 24 18 0 1 3 60 23 65 44 82 58 97 9 80 84 56 44 55 80 39 87 92 82 82 30 41 3 26 66 27 41 66 45 36 38 9 3 10 96 60 27 9 21 85 54 22 16 47 71 95 0 42 81 57 19 21 45 71 17 82 86 77 18 18 5 0 21 54 80 28 67 53 12 40 40 67 3 89 28 14 35 78 80 15 84 5 6 14 94 89 62 17 86 71 11 50 14 11 14 36 64 17 20 52 72 48 58 5 64 17 28 20 32 70 34 40 5 37 67 9 86 92 15 27 34 95 52 53 24 76 43 55 40 41 19 13 54 47 15 97 1 42 8 19 97 58 41 6 75 12 78 42 40 15 82 
11 57 64 89 9 59 52 41 82 23 93 17 84 79 68 22 11 0 25 72 13 75 31 81 33 19 22 28 68 13 78 73 74 72 19 90 44 46 1 1 26 42 60 40 96 10 16 17 85 8 89 12 63 17 63 62 48 17 84 23 64 73 42 94 89 50 98 31 79 25 37 17 31 28 55 38 34 84 41 7 26 59 19 32 45 48 69 96 49 4 9 17 58 23 46 83 61 24 99 44 18 9 48 15 77 95 56 5 38 8 38 64 45 46 94 52 23 99 78 91 98 45 5 12 30 44 42 10 73 81 50 74 84 50 32 85 84 15 1 19 32 67 84 25 55 88 54 41 16 47 92 87 0 23 9 62 84 91 59 13 72 2 6 79 55 75 35 21 67 89 22 74 28 53 93 24 8 57 67 17 26 35 34 60 59 15 16 1 72 25 72 27 77 23 15 36 29 85 49 42 56 69 13 12 21 29 99 30 56 19 34 82 11 52 61 47 83 20 50 47 37 81 33 87 9 35 21 6 87 87 4 72 5 66 32 92 32 36 10 11 54 63 78 50 12 62 83 18 51 31 0 31 72 68 7 59 60 90 33 91 1 30 82 63 47 53 26 85 97 85 9 68 0 68 51 87 28 64 83 78 76 60 45 1 57 70 1 42 90 97 50 85 27 37 6 2 13 53 44 17 72 65 96 63 52 4 70 7 9 35 25 96 79 14 29 89 28 78 35 68 99 88 0 91 40 37 45 43 73 19 89 91 37 35 79 30 11 99 42 40 89 26 18 6 9 22 88 7 37 21 41 1 86 18 39 96 38 2 13 1 1 59 65 95 52 64 47 63 45 70 7 97 94 94 13 10 61 35 23 15 23 6 96 69 88 68 56 6 67 7 69 61 70 36 0 97 36 60 31 92 
93 93 97 6 94 70 6 7 62 66 25 93 47 78 55 0 13 42 95 4 32 41 14 37 60 6 19 17 90 6 7 44 33 67 5 11 90 59 10 92 39 82 19 65 89 24 83 91 5 99 98 58 20 59 66 10 19 50 9 56 38 26 31 46 7 49 54 3 93 9 76 67 61 40 52 75 81 37 22 64 76 27 67 84 9 30 48 28 99 4 83 28 56 17 4 24 64 18 61 24 41 39 36 91 64 91 4 79 43 85 98 12 41 67 33 82 89 93 32 36 55 63 15 34 39 83 2 1 88 47 37 98 20 42 66 96 88 40 79 18 46 75 43 28 89 19 89 0 14 29 67 44 76 80 11 87 37 4 15 69 35 32 22 95 39 53 23 6 9 19 14 78 16 23 35 98 76 6 21 34 46 94 80 98 58 94 3 85 16 30 45 84 28 88 16 4 26 13 38 49 38 47 4 0 31 86 32 80 26 45 79 96 9 83 43 72 33 6 81 38 1 24 35 66 60 27 52 29 61 73 56 17 93 69 37 37 56 28 34 28 35 71 7 51 77 96 41 76 33 40 3 76 32 84 77 3 31 51 49 90 79 22 0 34 24 20 2 56 42 52 19 60 3 49 8 37 76 14 33 48 93 43 49 41 36 19 40 47 5 13 63 88 34 55 2 24 20 61 78 76 63 3 81 31 97 63 50 52 56 85 59 30 59 88 65 59 31 8 71 51 22 99 7 5 64 13 42 75 40 7 5 31 73 65 55 56 22 24 25 34 47 68 72 25 1 66 89 40 79 43 27 29 86 13 56 43 98 40 77 76 78 35 19 36 85 33 54 21 86 1 58 41 70 60 99 37 36 33 57 71 5 54 10 34 40 19 46 48 47 87 42 45 0 73 21 23 63 71 37 73 
1 49 32 47 32 37 48 38 79 99 27 28 49 74 70 15 97 0 10 54 13 47 17 4 71 44 3 71 23 88 40 28 14 53 27 74 59 42 39 28 16 98 93 63 71 18 99 82 73 4 39 72 14 87 59 35 31 93 83 78 69 32 80 98 11 84 47 57 29 63 1 7 37 18 70 48 82 36 99 53 88 96 89 29 56 16 71 24 20 59 79 23 24 90 15 31 10 39 97 51 43 29 9 43 0 44 39 35 52 52 88 70 30 4 41 71 65 13 33 17 81 99 34 31 98 59 15 3 36 37 41 26 53 8 52 68 99 48 74 60 31 67 58 11 90 75 6 25 54 35 6 0 96 0 20 80 21 74 0 95 81 59 65 97 63 7 24 46 34 93 45 39 28 21 47 55 97 18 24 99 18 78 25 84 47 3 2 59 73 12 61 45 45 73 27 32 64 79 3 42 39 32 16 40 67 93 73 42 83 60 59 85 47 77 38 49 19 7 11 12 28 93 2 30 23 70 38 47 38 12 45 82 20 8 46 12 27 40 63 48 16 58 76 55 75 45 41 7 4 1 68 96 5 40 43 59 88 66 43 38 79 5 13 95 51 26 19 85 74 89 58 44 0 24 30 65 95 65 3 69 93 33 23 13 79 85 13 70 12 71 44 21 8 26 51 10 10 9 87 4 94 9 5 72 42 93 6 88 51 62 75 77 84 74 58 20 47 2 15 69 3 78 7 57 61 92 15 17 41 6 59 2 24 44 36 36 56 57 14 42 75 35 18 75 7 17 45 86 57 36 37 58 41 14 92 24 61 19 5 42 66 60 38 85 24 77 91 6 84 33 32 64 82 25 71 69 31 81 18 98 9 10 40 11 41 53 54 15 22 2 34 76 4 33 24 51 69 0 55 51 
79 65 28 39 46 11 50 0 64 11 43 87 58 49 99 27 89 35 9 75 70 74 90 6 42 46 46 39 93 10 91 7 61 80 97 33 53 14 83 72 10 39 44 75 46 92 66 41 39 85 1 94 58 10 7 90 77 45 90 77 46 47 8 6 53 71 99 63 16 98 47 58 84 56 7 57 67 45 5 87 48 87 71 46 22 59 31 47 37 34 11 68 97 90 24 85 80 82 54 62 30 62 25 60 32 74 14 17 34 60 25 64 80 84 49 21 86 76 21 97 54 4 50 38 6 60 5 38 75 16 10 9 13 51 45 47 72 2 72 50 15 27 13 4 62 73 70 57 89 26 78 92 99 40 49 90 49 17 59 31 0 1 76 99 99 48 52 56 25 68 22 70 61 43 34 35 0 77 19 9 33 45 49 16 78 50 43 80 89 96 40 94 59 54 92 14 46 10 29 85 82 23 95 72 50 14 63 89 92 9 18 45 28 44 58 53 97 33 61 8 75 5 82 89 90 19 20 13 60 68 40 68 69 48 83 0 4 52 88 26 83 8 78 52 79 40 77 83 37 9 94 94 12 61 60 11 3 95 90 72 6 95 30 36 84 6 42 47 72 77 9 7 49 67 8 64 41 28 19 23 45 59 94 6 22 88 63 51 76 3 57 51 31 71 50 53 61 94 89 55 86 16 3 58 1 6 43 64 56 73 11 51 75 55 9 93 45 49 90 3 23 58 38 90 37 47 0 46 2 24 3 13 97 1 93 4 57 32 15 84 86 14 89 80 13 56 16 85 47 49 53 26 29 33 44 81 78 51 88 49 11 3 20 29 79 77 79 2 3 46 16 72 45 68 38 23 85 47 82 67 42 99 9 8 81 19 47 60 31 53 39 85 2 27 13 60 90 92 6 42 
96 39 99 93 67 55 17 86 49 72 7 32 99 52 56 5 73 73 83 51 88 58 16 82 18 53 73 8 75 1 97 14 60 24 15 25 72 70 30 83 38 62 52 94 6 35 9 41 95 35 49 90 65 53 64 32 74 57 92 27 66 69 52 36 59 40 73 61 38 49 62 20 19 41 4 15 71 81 57 0 12 72 68 30 93 56 6 60 91 74 23 19 15 31 88 30 56 16 75 81 55 37 8 3 62 90 11 70 90 98 70 2 92 77 24 5 30 67 10 20 89 65 13 70 57 0 92 15 89 4 91 42 73 50 40 7 41 13 54 18 42 1 59 68 39 29 34 33 46 23 52 37 27 14 2 79 22 27 0 74 60 83 49 54 22 79 11 36 97 5 68 1 29 79 84 44 56 69 5 44 70 4 25 63 67 92 27 62 48 73 61 25 46 17 35 7 91 57 48 93 46 55 89 10 5 95 82 83 57 24 5 92 13 25 96 55 39 99 87 82 36 38 34 83 91 67 3 40 19 24 59 16 4 2 77 17 11 86 64 34 52 83 3 35 77 83 45 95 12 56 6 57 2 93 19 64 42 81 97 76 0 91 28 72 54 83 25 10 6 95 26 75 90 90 22 23 12 41 97 37 90 43 72 46 49 54 68 80 17 99 55 17 12 78 56 97 54 21 16 93 72 75 37 88 59 44 82 51 28 76 87 63 13 63 34 29 35 79 38 11 2 15 83 86 20 82 14 55 30 65 31 18 7 18 12 83 78 6 36 95 79 35 63 23 25 77 3 34 34 25 36 1 90 20 76 15 12 71 91 15 75 87 9 89 64 55 79 6 9 91 59 83 14 7 18 0 5 0 52 70 79 99 43 63 5 56 91 23 24 52 18 39 89 50 54 54 51 94 43 68 
10 72 23 22 96 88 87 5 38 77 12 27 50 43 85 3 78 59 15 44 84 10 3 56 7 43 62 49 92 17 87 9 82 80 96 6 79 13 86 52 44 40 11 14 83 41 4 98 11 54 28 93 67 1 34 31 67 41 26 86 35 41 71 5 93 36 71 7 65 62 44 88 11 76 5 87 1 86 84 89 2 93 74 3 74 55 12 90 75 13 33 66 75 33 35 28 79 51 39 79 47 85 95 89 67 33 47 87 13 10 15 82 28 79 22 84 53 79 44 94 44 18 31 67 33 59 64 18 15 62 53 95 37 39 26 63 39 84 48 32 80 84 75 15 97 81 71 33 12 83 22 4 22 73 65 19 81 63 53 47 78 61 55 75 63 59 94 22 60 89 16 60 51 57 48 26 53 51 82 62 39 56 11 75 56 50 70 64 11 94 43 19 17 99 55 87 12 83 41 38 67 31 52 89 93 48 28 53 79 35 41 0 45 21 22 98 4 48 46 64 67 80 53 2 14 17 89 20 86 59 50 52 29 91 87 57 29 86 25 63 61 4 66 53 95 47 79 63 20 19 90 62 44 48 11 64 21 78 87 36 43 40 49 2 57 65 13 43 66 6 90 55 53 16 37 47 37 9 82 93 97 13 21 81 31 7 25 41 64 39 39 21 24 90 79 93 62 12 15 82 97 17 20 35 80 24 88 56 43 56 12 8 67 27 91 63 97 36 84 66 33 47 69 37 29 8 59 29 23 80 7 56 70 3 26 30 1 67 57 38 69 43 92 60 94 60 45 95 63 20 51 1 61 3 87 2 37 39 17 79 93 6 68 60 85 87 24 8 18 14 72 95 22 67 91 1 81 57 21 85 76 22 34 48 44 71 39 11 22 66 62 9 60 22 31 42 98 2 83 65 
29 16 23 17 36 64 56 15 2 97 26 85 99 43 22 65 86 66 29 7 2 14 13 89 80 11 66 62 44 83 77 29 40 58 28 7 89 13 79 54 63 42 17 31 47 90 46 18 59 64 55 20 22 46 34 18 80 54 32 32 88 79 60 96 21 7 34 81 18 99 28 30 45 17 88 75 57 49 50 34 70 99 11 93 10 3 34 91 58 82 82 44 6 41 68 27 85 92 82 43 78 81 20 27 96 33 58 85 85 73 23 4 0 92 88 50 81 29 68 42 80 88 2 75 66 30 8 80 11 33 43 41 79 24 46 57 99 26 7 78 75 96 64 90 30 26 67 99 37 11 32 66 15 56 34 47 52 13 4 80 49 37 45 43 15 3 79 1 12 62 44 16 86 54 17 15 41 3 26 32 0 9 71 91 71 89 54 1 71 68 56 88 85 4 16 93 68 99 65 1 57 86 40 16 72 58 38 3 92 19 8 53 43 93 39 45 55 19 60 58 49 72 9 22 8 60 77 91 4 99 66 35 95 13 92 43 63 97 96 42 6 27 78 51 30 68 71 88 49 68 51 24 96 51 86 8 46 51 7 49 11 33 90 77 58 5 94 71 84 95 70 88 42 3 66 28 5 21 40 44 67 45 48 17 45 69 55 96 91 81 19 95 31 2 15 73 46 54 68 66 75 19 49 61 65 14 63 5 71 38 40 73 94 21 4 75 79 29 97 44 10 47 83 38 58 52 7 26 62 73 62 34 31 77 36 81 75 17 21 82 14 51 2 95 86 53 32 80 72 8 67 35 72 68 33 72 38 99 69 43 79 34 54 37 34 51 43 33 76 27 21 44 8 97 6 3 35 60 8 35 46 94 69 52 50 21 97 39 5 66 22 30 9 32 50 50 18 30 30 99 
7 17 38 89 46 56 41 15 0 16 34 87 79 10 83 49 82 74 61 29 12 54 93 58 64 88 49 61 36 45 98 64 46 82 8 35 76 11 10 84 83 49 76 34 68 24 70 5 80 50 47 48 98 3 90 95 60 9 16 9 96 29 62 9 3 43 64 77 61 23 25 99 82 52 25 59 32 9 29 36 94 34 31 51 25 56 66 77 49 64 38 84 58 97 82 48 95 44 97 94 91 91 79 42 2 69 2 22 6 81 13 22 6 29 87 41 35 69 15 4 86 45 35 57 1 31 95 95 42 52 63 16 36 92 39 99 82 35 90 3 13 95 45 43 70 0 17 8 97 3 83 44 0 31 51 80 27 23 16 29 99 27 43 54 21 37 53 16 36 79 65 62 31 12 97 43 44 35 52 51 63 26 54 29 83 30 31 22 54 42 5 25 24 51 47 0 94 83 14 11 42 84 67 75 22 35 17 67 20 8 49 22 37 13 59 23 67 71 74 65 23 92 35 29 79 29 18 98 18 94 93 31 18 59 61 35 34 9 70 89 64 26 27 21 11 49 74 23 55 42 45 10 58 88 52 16 29 28 17 4 47 5 70 20 14 72 42 80 73 18 23 18 6 79 66 96 96 90 87 23 85 18 2 73 6 51 23 26 42 66 10 26 51 92 6 58 22 42 34 3 58 53 96 31 84 84 10 79 25 66 99 53 31 4 35 19 65 76 17 35 21 23 52 84 87 77 71 21 68 18 54 9 32 78 18 30 4 12 64 18 82 16 85 39 2 23 56 58 21 32 52 79 76 0 59 86 67 13 84 21 46 3 81 84 56 3 60 57 7 32 91 73 71 18 33 7 82 92 75 56 79 31 91 66 49 93 48 84 23 71 70 66 26 93 88 66 14 5 74 14 
72 95 20 25 16 93 44 15 87 19 98 87 31 20 75 64 89 17 22 47 70 89 71 96 38 74 45 73 6 7 57 39 17 82 69 64 60 32 97 21 36 99 57 81 52 91 86 9 44 44 54 93 14 11 34 51 91 88 82 75 19 66 84 67 24 29 24 35 36 72 48 80 54 89 46 12 12 77 58 5 70 44 70 24 77 62 23 71 24 67 22 87 95 57 71 66 50 63 29 31 24 52 29 79 34 0 55 6 89 82 63 17 55 35 0 54 36 2 79 93 51 36 22 40 96 18 51 35 19 0 22 22 64 21 57 76 37 0 99 2 92 21 56 79 58 97 60 49 55 34 85 87 18 10 93 20 67 65 98 8 59 50 37 2 76 2 52 54 66 51 59 24 9 79 33 56 44 3 0 23 49 99 6 23 10 95 11 54 76 59 35 48 34 10 6 74 71 24 52 33 88 3 74 8 84 51 38 45 77 76 62 74 88 16 48 35 47 84 17 22 42 96 23 87 11 71 15 57 47 59 35 97 42 64 12 10 80 38 56 76 93 38 17 77 62 74 65 57 89 99 5 52 75 47 8 21 95 78 86 89 82 18 28 62 37 31 70 66 14 84 21 79 32 94 66 96 12 72 20 55 28 52 6 56 65 25 9 43 58 70 30 57 81 18 67 44 53 28 70 60 91 68 44 81 1 46 68 6 34 15 90 27 59 75 73 26 25 50 26 15 80 73 56 61 31 18 33 92 70 34 34 60 97 51 10 74 13 50 79 33 43 83 62 4 51 58 56 71 23 80 36 62 5 7 99 49 10 19 53 16 40 86 42 82 76 92 89 17 48 86 48 52 41 63 32 14 40 88 34 81 42 54 30 44 16 82 91 89 44 60 64 97 18 79 69 59 90 0 24 36 
26 24 21 52 50 79 13 20 66 67 79 29 92 10 73 18 67 27 56 61 15 22 80 80 29 98 19 37 89 18 72 54 99 95 4 39 43 37 92 84 37 28 60 72 27 97 43 38 80 4 51 29 57 28 63 7 65 50 56 81 75 99 32 27 26 17 33 2 16 42 1 97 0 58 4 80 60 6 98 62 48 25 23 37 90 39 53 56 94 36 41 36 34 2 84 43 69 98 35 9 49 45 84 20 36 33 3 7 91 65 6 44 98 62 81 18 24 91 64 1 80 79 61 29 10 96 52 22 90 40 2 80 9 0 66 7 33 59 10 87 4 80 45 2 32 42 31 10 85 27 26 48 94 61 0 3 29 21 5 85 22 0 54 20 18 7 46 51 43 58 36 74 70 29 41 91 16 21 39 75 87 32 78 72 10 51 35 20 41 92 54 14 36 61 36 7 82 35 68 40 94 82 89 98 47 28 29 27 55 8 33 55 96 97 5 9 70 47 36 51 80 30 28 94 38 92 91 79 26 96 25 62 46 72 42 45 45 74 22 25 93 3 35 40 33 87 70 31 55 33 74 55 64 34 25 9 6 92 55 46 66 77 84 70 62 60 58 78 29 63 47 71 38 65 63 68 1 74 45 73 80 20 42 38 70 5 63 8 18 47 61 10 33 35 58 50 11 65 61 77 15 38 40 44 6 75 96 97 98 73 83 5 67 41 30 55 89 54 66 37 56 33 68 50 81 5 69 20 33 35 7 6 6 11 81 92 12 40 75 30 34 68 14 62 34 88 57 10 3 34 72 10 72 87 28 57 48 28 91 98 64 40 45 9 28 40 99 95 13 57 67 86 74 24 49 9 10 76 36 87 10 37 63 6 24 33 93 13 59 19 36 98 51 5 18 14 55 18 97 30 
65 13 68 67 38 41 37 44 55 77 74 90 99 62 67 0 2 86 72 77 62 31 62 71 8 85 99 97 16 16 92 39 96 85 71 92 98 26 80 32 69 20 7 4 74 13 86 38 36 55 4 57 20 64 75 61 49 18 86 50 63 12 11 35 34 9 27 93 46 32 17 5 20 61 99 59 95 76 6 95 88 67 58 45 87 17 54 15 95 4 41 14 64 22 58 58 78 76 52 54 25 46 4 24 11 75 43 72 42 0 54 47 95 47 93 13 65 70 60 47 2 32 56 11 74 71 85 49 34 39 54 71 68 69 42 15 51 99 58 7 78 52 3 98 60 71 33 17 47 73 32 0 29 18 78 14 34 59 53 14 72 1 38 24 27 37 38 8 84 25 92 77 56 30 36 88 25 74 94 30 77 19 86 50 74 97 55 12 77 25 69 59 69 63 35 78 38 29 16 93 26 68 58 12 48 46 49 57 0 84 93 70 19 39 82 5 67 66 27 71 44 82 17 86 68 12 37 75 93 98 9 64 25 0 23 22 14 17 50 73 66 18 1 74 56 7 93 73 45 40 63 49 10 17 94 69 23 93 69 76 67 3 28 43 0 22 55 2 62 35 24 40 39 84 87 26 62 3 70 63 12 0 94 9 94 59 74 7 48 77 78 58 93 81 97 20 13 54 83 91 91 63 34 26 7 77 49 63 23 48 42 77 44 9 76 70 35 43 76 36 32 89 77 11 19 3 17 50 18 75 94 51 86 73 88 32 25 90 45 63 52 38 47 88 84 92 29 98 62 78 97 87 35 49 36 45 17 86 99 21 16 86 72 53 52 15 39 24 55 67 63 28 77 40 71 33 81 65 70 8 23 48 47 62 17 96 25 46 75 53 35 17 70 14 29 89 10 71 18 67 
23 11 81 5 81 31 46 14 88 99 6 96 50 76 77 24 42 63 71 56 4 33 25 26 18 12 6 27 39 5 2 58 98 50 45 21 34 94 10 65 55 54 42 42 99 27 88 5 77 5 31 94 66 98 54 64 30 51 70 23 2 18 77 96 80 69 26 90 26 22 85 20 42 88 45 74 73 72 87 65 59 71 92 96 75 23 9 15 51 32 18 13 14 17 41 72 76 76 89 7 98 10 67 81 43 74 71 4 1 24 98 1 64 97 66 81 68 29 63 59 25 43 41 81 80 87 73 84 28 38 61 80 46 99 30 75 20 83 80 56 63 70 17 39 68 10 94 83 68 39 94 80 0 31 91 63 56 84 94 91 46 76 30 69 17 1 32 69 42 37 85 6 23 35 57 72 83 30 79 21 49 90 32 91 28 33 48 7 50 71 3 84 47 73 48 14 17 3 0 25 9 52 33 47 69 22 73 60 92 98 17 91 5 17 13 2 64 76 57 14 25 53 44 89 15 98 92 7 96 97 15 38 97 37 97 49 4 72 97 92 16 82 4 9 54 5 83 58 65 45 85 94 63 9 42 29 70 15 69 52 63 53 28 36 46 20 75 69 90 33 78 90 44 37 25 72 26 41 8 40 60 15 32 48 66 92 95 60 3 75 48 37 82 44 7 79 3 56 33 44 69 28 3 12 1 80 95 58 45 54 56 18 78 87 91 53 23 94 86 38 75 86 56 66 97 89 96 23 18 22 59 28 74 22 40 76 82 14 90 28 17 80 77 38 54 17 17 3 42 82 0 47 19 85 53 92 11 42 52 96 9 21 39 91 56 18 70 72 22 36 51 62 4 94 69 39 91 52 58 76 51 64 11 44 64 28 55 49 10 67 74 86 97 46 55 16 21 93 48 83 
52 30 9 17 20 49 36 92 96 64 27 63 29 89 62 43 17 62 11 23 68 69 75 82 73 12 46 70 91 66 46 93 13 75 92 67 95 36 28 71 46 83 27 39 13 13 45 29 49 28 96 76 10 92 77 6 67 96 17 3 80 98 77 21 13 71 57 6 86 52 43 79 53 58 94 62 23 63 65 55 71 22 46 94 52 23 50 43 77 94 31 78 82 89 99 81 96 44 87 36 96 5 20 20 1 36 89 71 99 12 1 31 28 94 94 71 25 19 6 14 36 61 48 11 81 10 83 88 41 39 94 83 55 74 48 94 41 14 34 54 1 4 45 74 4 59 31 89 83 83 3 69 16 78 89 30 51 10 42 90 70 67 19 82 73 11 86 37 30 19 84 15 76 54 70 65 83 83 13 43 64 88 79 26 57 12 68 15 10 12 70 99 33 53 97 53 83 13 78 81 61 33 16 74 26 58 23 47 21 91 20 9 93 81 46 68 2 92 64 58 72 77 6 60 55 56 56 32 5 48 76 58 28 61 4 31 1 13 64 31 77 66 65 14 18 19 62 42 33 1 82 35 31 76 98 15 96 50 57 2 75 23 81 1 95 66 19 70 74 59 34 63 80 49 87 68 34 30 33 62 32 16 20 6 35 18 75 9 20 71 18 97 21 23 32 72 0 68 57 28 73 11 12 82 26 35 51 94 63 85 6 75 52 68 9 80 90 55 8 51 26 81 86 0 86 71 85 32 77 45 11 15 41 58 30 32 19 13 20 69 75 60 42 93 85 14 1 43 51 78 46 11 83 25 38 76 3 64 73 78 72 98 68 32 80 59 24 85 95 62 82 43 27 9 44 92 87 34 85 36 57 51 19 66 31 13 44 71 88 42 39 36 91 22 9 92 72 51 79 13 
61 83 57 57 31 53 64 84 21 99 4 80 5 83 1 21 46 9 35 46 13 48 71 64 51 95 76 89 58 45 26 88 31 4 90 99 19 95 94 41 88 70 66 77 11 86 76 79 40 69 71 13 2 71 38 88 35 61 43 37 62 90 38 14 47 40 56 69 6 73 75 7 88 66 40 81 43 47 38 43 29 36 77 69 98 34 15 66 65 49 42 58 27 10 98 27 30 0 55 20 30 99 90 54 61 96 21 26 20 63 97 83 96 14 32 52 66 73 94 53 27 15 99 66 87 72 38 63 32 47 88 86 49 30 36 55 83 27 69 62 52 34 72 66 98 64 48 24 22 30 8 5 18 70 36 84 24 81 66 87 76 6 42 17 4 94 15 80 61 16 37 56 65 35 60 60 27 70 66 55 70 87 4 73 34 83 40 84 43 48 35 1 56 88 41 75 27 26 17 66 81 79 40 88 40 50 36 28 75 7 85 39 66 64 38 47 39 81 20 90 68 62 8 35 66 30 98 78 33 35 38 18 93 19 18 22 77 4 20 36 41 72 1 78 85 26 14 10 4 49 51 73 75 82 29 87 7 60 56 21 92 4 16 66 82 1 11 38 63 61 76 83 59 56 71 94 93 45 77 14 35 27 33 55 95 45 51 87 14 29 19 47 94 58 73 48 8 76 16 96 40 92 49 30 67 4 46 58 68 96 54 7 6 46 62 71 78 91 41 29 93 78 88 86 12 96 73 94 62 89 96 76 98 10 26 71 38 55 74 86 47 31 14 42 30 30 99 6 26 71 7 11 19 6 22 13 78 55 22 70 78 7 4 2 86 34 40 67 48 70 96 46 54 12 3 61 55 24 59 62 96 42 6 56 3 6 9 56 71 83 78 7 86 23 91 50 68 25 34 10 
44 1 46 90 96 69 84 49 32 0 27 52 63 31 69 23 26 21 33 87 61 31 36 33 91 84 33 12 63 19 64 29 44 55 59 50 66 42 58 15 51 17 73 12 57 47 76 6 76 92 7 30 70 95 9 44 65 31 38 93 45 87 30 10 66 1 24 38 17 48 11 5 2 96 39 55 60 33 15 28 36 78 70 57 71 41 16 68 83 28 75 15 4 13 45 10 67 94 95 54 79 6 66 96 78 76 89 43 74 42 87 9 68 68 91 57 60 78 57 65 27 62 3 84 53 55 64 22 71 51 23 74 40 45 31 65 11 58 13 90 53 33 39 73 30 2 96 0 49 57 76 91 11 10 82 50 24 74 23 29 42 7 48 62 10 69 55 51 68 34 69 22 5 75 28 73 19 83 79 71 41 32 30 74 20 75 29 19 69 9 67 18 11 27 79 95 48 21 1 61 87 15 5 85 60 40 52 59 3 32 92 6 22 99 86 34 10 50 59 41 24 70 54 43 48 62 11 63 1 18 5 5 6 74 31 2 64 11 30 20 86 0 14 22 66 67 57 95 5 18 12 82 80 9 55 55 55 57 76 12 2 51 55 50 70 38 89 48 87 77 83 4 40 92 53 17 98 44 29 46 0 52 24 93 82 19 47 70 9 12 95 28 39 53 80 4 91 95 10 49 79 1 49 64 8 35 81 9 34 49 9 37 28 20 96 70 62 67 24 35 54 86 51 53 83 96 19 67 53 87 23 8 85 52 75 10 3 86 62 25 37 75 74 57 21 73 52 61 68 27 57 68 5 60 56 41 96 59 25 75 39 16 19 49 28 9 53 28 73 53 21 80 97 57 82 23 19 60 10 30 71 12 59 48 12 73 87 98 88 30 29 96 43 38 82 8 90 89 88 60 
6 39 82 4 16 68 68 18 94 16 24 53 61 12 25 56 61 90 75 75 92 70 71 62 19 70 25 5 5 52 95 20 89 68 91 72 55 23 48 25 90 2 1 58 48 23 23 34 45 63 52 76 96 47 71 41 32 16 22 40 90 97 66 86 16 90 94 44 26 11 46 26 54 1 13 89 29 13 5 27 56 71 43 17 36 4 62 61 78 7 11 33 21 28 9 36 13 78 62 64 60 60 67 68 35 90 29 38 52 61 32 11 57 82 98 66 72 58 19 54 60 96 88 16 22 30 5 9 45 63 96 56 11 9 59 31 89 0 8 77 53 15 7 95 82 89 36 3 47 64 31 17 84 94 44 38 73 55 50 49 16 99 91 92 81 98 16 26 36 89 7 99 87 36 82 85 33 76 94 96 62 87 60 8 56 70 67 29 37 99 82 28 94 98 35 28 95 16 8 63 4 34 76 6 63 88 86 22 51 14 14 21 65 99 88 89 21 47 5 3 35 96 19 18 54 61 80 36 65 19 18 21 20 9 29 56 46 78 58 79 76 4 91 78 96 11 67 18 59 78 35 54 39 93 24 59 74 16 7 4 23 7 43 40 86 74 6 15 13 19 82 91 88 97 21 76 11 43 63 89 53 34 60 96 73 36 69 87 68 46 55 33 84 19 17 29 68 48 41 5 67 66 23 29 2 42 57 41 21 57 90 57 93 81 48 19 49 86 75 38 85 60 60 41 86 35 62 26 38 8 0 60 31 12 20 95 4 75 50 18 23 50 3 45 33 72 28 69 62 6 37 48 12 53 87 62 19 76 6 4 74 86 39 62 44 92 93 92 16 55 76 32 33 33 71 75 34 53 50 69 33 36 64 50 7 50 59 46 60 6 20 35 51 73 12 46 67 19 39 84 
27 98 44 89 23 20 73 2 92 60 37 58 99 22 74 42 28 62 64 59 73 92 24 88 84 17 1 92 16 5 32 71 1 82 85 79 81 67 97 10 7 52 98 94 81 17 33 26 4 94 51 79 73 42 14 33 58 23 13 64 55 77 95 84 33 4 95 73 50 71 15 87 14 82 7 48 26 84 17 96 3 6 95 4 30 10 99 72 61 55 21 74 40 31 89 22 92 87 99 26 28 68 72 81 87 90 99 8 29 21 12 18 61 81 32 13 98 50 62 3 17 64 56 18 42 73 28 46 83 77 16 8 93 37 95 44 0 39 3 74 73 72 84 18 14 63 99 66 22 62 71 28 17 95 46 72 22 49 63 17 12 78 90 70 18 94 53 24 66 53 77 34 27 54 77 94 5 86 19 6 30 83 98 78 95 83 11 64 60 11 62 63 88 19 29 48 23 69 93 1 33 13 8 89 83 55 45 69 80 35 48 27 69 29 0 48 49 85 4 2 88 20 2 76 58 52 6 90 83 91 7 24 84 55 41 85 49 74 22 71 85 29 38 68 77 83 41 36 16 17 0 10 26 43 70 49 40 52 48 96 95 35 35 71 45 6 54 91 20 48 51 23 40 70 34 54 40 5 95 37 68 18 39 61 77 89 3 72 84 83 84 14 72 83 26 20 2 51 82 20 46 88 25 83 99 86 7 23 99 0 88 79 48 20 90 77 71 6 43 35 15 7 65 8 48 87 71 13 52 34 57 34 61 15 75 6 21 30 94 96 50 8 15 54 70 76 48 63 82 85 16 92 93 1 7 22 11 12 78 28 59 86 40 14 86 89 81 80 97 46 89 77 5 45 25 22 80 98 37 72 11 55 22 33 78 40 54 85 3 94 96 71 23 63 50 21 33 41 99 94 
92 65 50 18 67 33 36 71 67 53 10 39 73 19 39 76 1 50 79 75 83 40 20 20 15 14 39 98 26 47 66 66 6 47 97 56 22 71 51 62 51 70 78 15 10 90 93 7 68 51 45 50 66 71 22 10 40 11 84 36 48 56 93 13 11 6 76 73 76 61 15 13 56 65 85 70 44 19 87 77 81 88 16 52 17 42 22 80 42 81 56 77 32 24 9 87 10 48 29 35 90 16 18 81 45 77 0 83 21 67 34 70 81 61 13 39 92 54 81 36 69 45 55 80 66 78 44 5 49 1 60 24 44 55 95 87 16 70 86 86 35 66 25 34 47 61 87 49 94 79 7 13 69 78 45 49 26 91 52 13 74 54 99 6 37 2 58 13 35 69 71 94 38 55 64 85 93 37 50 72 85 96 50 47 62 81 15 72 36 39 89 61 98 82 40 24 23 95 68 81 75 18 75 69 68 51 67 35 37 28 43 79 43 25 44 38 3 45 84 21 43 41 25 27 77 55 71 41 40 4 24 5 75 20 47 90 47 41 27 32 33 99 1 53 1 27 28 86 17 19 97 48 49 53 10 25 30 30 74 3 13 45 42 71 13 4 30 18 53 22 47 52 3 1 20 68 79 74 22 24 0 75 29 21 4 12 71 66 51 57 59 1 22 75 15 58 35 85 97 27 80 61 44 7 75 15 92 71 13 37 91 14 84 44 16 92 49 22 13 57 34 76 65 11 98 53 77 45 59 72 47 10 77 39 44 73 79 41 2 30 31 1 46 89 5 11 54 25 12 98 51 76 44 18 61 25 95 53 47 50 3 33 8 75 15 3 22 59 82 6 65 61 8 57 40 77 98 55 4 5 0 93 49 98 17 36 5 83 15 16 82 80 91 55 36 47 84 47 59 3 
51 91 58 28 45 34 3 39 72 77 85 62 51 70 44 95 89 10 56 73 83 28 56 15 49 18 84 60 90 36 85 15 95 39 16 11 26 40 49 1 7 68 45 41 47 66 87 39 67 75 31 68 11 81 16 31 40 27 63 39 62 8 39 97 22 79 71 7 87 50 66 57 47 81 29 39 61 88 42 38 64 55 76 86 31 7 91 36 95 46 45 53 16 47 73 55 44 66 51 26 20 84 52 65 12 20 40 66 49 89 81 92 92 72 98 64 90 76 19 70 51 90 35 20 20 68 15 91 76 81 77 61 68 40 21 15 53 16 10 84 58 93 89 73 35 95 33 86 62 75 19 9 44 4 28 42 61 4 74 43 71 91 32 25 96 79 28 30 95 57 68 68 86 63 65 82 13 27 14 89 69 86 52 58 85 20 84 70 81 23 38 78 50 26 60 72 52 80 74 98 31 57 69 41 15 8 81 85 18 53 28 19 88 6 24 19 84 97 88 36 74 64 65 28 70 99 2 44 76 89 38 39 90 49 97 45 18 3 26 15 5 88 99 42 15 38 22 97 23 47 86 19 53 47 69 25 26 88 57 31 88 30 12 40 7 28 65 3 51 73 63 73 7 34 40 73 33 22 74 97 19 11 25 21 86 61 1 69 85 25 21 39 31 32 65 55 49 12 43 19 58 41 0 21 56 51 26 39 12 12 89 49 60 17 6 17 92 38 94 56 10 65 19 55 71 67 7 32 55 73 70 81 34 80 26 89 88 60 97 22 74 30 86 23 70 52 63 71 13 49 55 14 42 89 66 15 86 78 1 89 2 44 7 57 65 62 72 39 7 69 86 81 28 8 29 18 9 93 87 59 39 7 8 7 85 33 78 2 13 17 80 7 34 49 44 67 53 70 50 1 
88 41 83 60 70 83 27 65 40 7 3 10 19 31 17 95 19 92 95 54 8 10 62 34 67 99 36 43 19 60 13 98 44 1 15 51 47 70 99 94 64 87 25 62 53 50 27 2 88 18 54 54 46 22 70 50 53 30 27 38 74 66 28 58 23 64 95 94 97 55 13 4 85 49 99 8 56 96 61 89 75 20 86 66 88 96 8 36 11 40 62 14 48 89 7 5 77 99 37 13 38 63 9 19 7 96 65 20 38 44 83 78 2 98 16 38 51 10 29 66 34 78 44 20 87 44 39 94 26 70 80 48 47 32 44 71 74 28 89 55 21 10 42 95 23 75 99 35 33 20 56 22 50 87 38 21 29 81 90 51 61 28 24 19 52 2 17 16 65 99 69 83 86 84 93 90 31 68 15 67 22 55 97 74 23 65 70 59 28 92 74 96 76 81 66 30 65 89 73 82 29 86 61 26 97 95 36 57 21 44 76 31 28 19 1 36 85 4 94 32 24 14 15 15 69 66 65 2 21 15 67 25 50 92 83 82 6 50 52 10 27 36 19 35 10 19 95 10 7 85 61 46 47 55 48 61 5 39 38 33 42 47 67 69 52 74 49 73 17 22 32 39 47 96 43 8 47 8 87 6 31 44 80 31 12 26 85 54 55 47 99 9 98 19 49 2 27 87 35 98 53 34 44 27 90 99 12 24 40 77 94 27 99 12 26 94 50 20 86 42 61 31 90 96 86 44 6 81 35 33 75 5 27 76 69 90 28 82 79 5 77 23 79 45 56 6 63 23 86 64 52 10 29 87 83 76 50 41 73 56 39 80 35 93 35 16 65 44 73 0 63 93 29 21 82 28 85 5 56 26 56 63 66 72 41 66 72 79 57 2 94 17 76 81 74 76 61 95 71 37 
41 69 76 42 58 48 23 12 8 74 92 91 23 92 52 10 79 80 19 51 29 29 30 10 50 52 81 17 76 93 0 49 47 31 91 23 74 28 31 97 11 73 91 54 69 40 83 2 59 98 79 23 0 96 48 57 1 92 3 60 2 97 78 60 12 48 43 88 10 20 81 51 55 81 65 3 56 62 38 62 75 44 33 3 67 15 96 4 72 30 84 33 49 40 12 82 60 72 28 41 86 25 94 6 68 38 23 38 5 60 13 1 49 69 92 50 6 43 35 1 45 17 96 13 14 22 14 91 19 16 6 97 74 54 0 26 14 9 0 11 92 39 45 26 11 10 96 10 16 43 32 95 34 62 72 90 13 53 49 63 85 48 62 26 98 88 77 8 97 14 93 22 73 13 85 83 23 34 10 6 83 53 3 98 28 97 75 73 14 20 52 75 89 95 43 75 69 18 45 46 52 28 28 51 60 38 93 11 90 26 96 11 45 14 8 90 83 45 25 50 40 45 44 65 37 37 94 77 20 41 34 69 88 88 59 31 20 41 41 18 79 66 12 79 59 12 88 79 22 51 75 30 0 29 83 75 99 52 82 42 35 65 58 6 17 53 34 8 6 91 50 76 36 57 74 83 37 39 22 45 79 22 4 63 23 43 11 75 20 1 7 67 86 65 5 79 51 4 95 44 54 0 79 89 67 23 97 11 75 95 7 60 48 50 84 23 55 36 11 71 43 75 29 32 29 93 5 50 10 85 48 49 56 83 37 29 21 49 85 63 92 82 14 68 2 57 20 92 32 59 48 65 18 84 37 30 7 15 40 6 45 55 93 53 92 32 7 64 82 43 10 60 26 87 27 73 77 17 7 8 76 9 29 27 63 64 46 3 85 24 66 38 14 39 88 95 57 45 21 63 
70 36 1 0 31 92 74 15 49 30 37 86 61 21 6 24 67 44 68 8 79 35 49 36 11 48 59 34 37 27 87 60 40 17 17 1 52 62 64 67 29 53 95 57 80 4 76 24 22 40 76 22 61 26 35 19 97 51 53 12 2 93 90 20 54 97 10 93 85 64 80 95 99 69 32 39 49 42 14 23 20 59 37 0 19 85 15 39 71 75 51 16 76 60 29 44 6 17 97 26 13 74 86 72 41 16 20 27 0 90 40 89 29 70 79 45 96 45 26 16 7 69 60 86 69 91 12 94 97 1 53 27 6 46 23 31 12 55 0 69 21 48 54 50 12 92 27 47 22 42 47 66 71 76 12 74 80 88 60 68 27 0 82 75 86 66 78 39 67 40 2 25 51 54 97 2 42 74 31 9 11 87 70 41 45 61 39 52 88 23 40 92 3 59 16 64 62 34 79 95 36 15 20 71 83 85 92 9 27 51 6 83 0 32 63 89 35 80 98 36 66 17 60 64 35 41 52 73 30 55 39 65 13 16 78 3 97 64 4 95 43 20 25 1 77 35 11 91 93 12 8 94 2 90 9 75 65 3 41 58 37 8 41 12 68 66 23 62 93 17 43 56 2 65 26 15 17 29 37 93 69 94 18 11 72 73 21 85 42 60 4 95 21 83 85 99 99 13 67 38 23 76 99 81 55 29 72 25 49 57 13 8 85 53 35 17 39 39 7 18 86 49 84 40 0 1 15 88 82 66 50 4 58 18 72 96 87 77 56 43 22 97 88 81 67 42 63 25 85 63 88 30 17 97 21 33 83 36 52 74 95 53 73 17 92 59 73 23 91 68 64 33 34 37 89 54 73 68 66 36 44 2 34 45 90 93 15 95 66 92 95 49 80 97 99 79 35 86 94 16 
20 15 79 75 9 74 88 5 67 0 5 24 73 12 88 51 2 45 31 60 29 88 57 37 55 7 84 12 20 32 67 33 41 89 78 97 53 12 2 40 87 25 35 87 80 96 11 68 18 20 24 85 71 45 25 99 38 54 81 50 99 32 72 56 85 55 99 44 61 90 26 69 0 93 4 67 25 26 33 48 68 75 15 2 82 95 99 89 50 63 37 47 7 99 2 75 19 97 73 6 44 97 64 95 45 41 24 90 23 19 72 43 56 57 50 64 0 73 27 96 50 49 92 34 5 84 25 37 16 26 64 93 71 20 5 58 35 63 0 63 7 31 84 37 24 75 71 33 18 59 30 76 68 57 83 26 2 80 19 62 84 74 61 27 62 60 8 61 14 47 68 78 1 89 72 47 14 56 82 95 52 7 11 82 66 15 76 25 96 55 14 30 35 2 79 18 56 56 13 42 34 36 86 6 9 98 84 55 71 21 13 13 65 74 82 32 45 78 62 42 35 80 77 57 81 58 66 16 47 53 8 68 78 63 80 37 27 37 12 7 79 14 26 98 79 27 36 44 45 26 62 73 93 4 57 23 41 81 27 63 45 75 90 7 36 20 1 74 66 55 61 17 90 2 72 80 32 7 8 36 38 97 26 30 24 50 12 8 68 68 64 78 51 13 98 59 2 22 30 69 28 12 77 31 92 78 36 70 49 97 10 58 68 16 97 41 74 79 17 88 86 39 76 61 85 36 89 57 1 73 37 59 31 7 91 92 44 57 29 60 10 51 39 25 82 2 80 82 69 26 85 43 23 73 52 64 83 87 57 63 68 38 97 26 16 81 72 11 7 80 87 94 78 97 94 48 29 29 73 78 26 72 78 13 75 2 46 87 73 83 81 42 37 37 3 71 7 45 70 30 
82 10 78 96 75 8 27 9 97 29 74 3 48 64 99 43 73 55 37 46 30 79 14 91 46 13 49 42 51 24 48 56 34 68 99 38 3 92 94 19 42 27 39 14 57 63 68 71 22 16 70 37 87 8 22 68 69 71 54 72 14 77 43 65 34 65 37 44 55 68 4 90 24 35 51 16 63 33 14 71 62 88 79 76 28 74 48 2 84 67 34 3 46 9 74 93 93 6 13 50 7 61 72 30 70 24 54 63 59 13 40 81 1 72 99 91 93 88 48 18 72 84 66 69 20 27 37 80 50 83 70 12 91 70 91 15 13 55 92 93 61 52 66 7 51 55 55 95 70 70 23 43 48 94 53 44 28 84 36 30 90 11 16 99 90 36 68 85 89 15 98 56 5 69 89 83 28 50 37 78 70 82 16 64 70 98 63 58 13 4 28 11 93 67 87 93 10 71 19 17 38 13 2 90 42 25 16 47 15 93 92 53 90 21 51 7 24 16 89 17 9 50 72 60 15 14 48 64 5 62 40 45 32 80 99 42 18 24 99 66 37 43 32 9 14 66 28 59 71 59 86 47 30 63 45 75 11 41 90 94 20 5 4 10 18 9 70 79 23 73 34 72 50 53 98 88 46 62 28 40 43 32 6 23 17 54 65 57 75 27 65 81 51 38 98 81 10 16 1 83 6 56 66 65 82 62 89 48 42 0 74 38 36 58 93 65 90 12 30 39 69 77 90 39 81 66 82 28 58 36 99 17 35 30 79 77 64 70 1 24 9 42 3 69 21 90 88 13 97 64 52 15 26 19 40 98 80 76 1 85 83 33 69 29 93 95 39 4 98 67 58 71 81 60 26 85 4 35 58 55 97 43 81 19 14 68 51 37 70 89 70 50 77 29 42 11 58 86 24 10 
86 31 77 27 68 64 3 38 27 58 68 91 76 61 51 78 72 0 91 84 92 40 57 61 67 97 46 75 20 84 85 55 37 34 74 43 11 39 2 40 67 83 41 41 36 97 74 51 78 17 89 46 78 99 35 44 15 8 69 81 60 8 90 99 59 5 87 19 62 12 40 7 8 21 29 73 66 43 0 68 6 72 96 17 39 78 59 1 55 52 28 37 78 19 84 71 68 60 54 7 96 80 76 87 1 77 80 3 9 97 67 52 41 16 33 40 81 98 93 59 24 45 34 68 57 85 54 93 43 10 6 39 43 86 15 57 0 78 3 64 95 60 18 63 99 83 75 35 22 87 82 46 62 60 60 12 71 13 0 58 41 87 68 27 17 76 35 63 63 9 1 34 38 83 42 89 35 69 98 11 39 44 12 58 76 61 40 26 46 51 3 87 82 49 94 71 19 6 2 47 51 13 38 78 8 48 6 54 75 95 66 54 92 46 18 87 48 3 36 15 27 24 18 70 94 9 66 15 37 37 52 19 96 55 11 77 59 47 90 46 9 69 80 33 29 8 9 57 92 95 8 97 78 96 45 61 37 74 28 88 78 5 67 89 29 59 71 22 99 17 50 85 70 58 27 36 17 87 75 28 93 8 70 10 51 2 33 47 10 38 51 32 36 21 45 28 56 72 34 24 58 98 23 23 26 87 27 32 42 47 51 88 75 99 40 37 50 87 5 79 51 53 35 9 25 2 89 43 83 66 81 77 15 37 20 80 45 3 61 35 46 91 13 62 94 87 57 77 34 39 29 75 94 32 40 25 78 39 20 72 87 3 47 20 5 90 1 73 35 47 4 15 22 31 54 68 45 13 26 48 12 13 54 54 84 7 23 6 15 97 33 54 80 68 68 44 81 55 35 84 
3 78 92 50 82 21 41 27 61 73 42 81 16 45 3 28 97 37 35 22 75 83 0 57 46 72 5 91 19 2 37 94 98 53 58 6 93 50 54 60 43 90 33 56 62 8 48 81 12 71 20 31 52 10 41 17 4 49 48 80 10 39 32 20 68 16 93 62 9 89 18 49 92 77 20 69 22 18 37 25 19 80 86 36 92 98 21 34 76 55 84 47 4 19 90 72 33 66 85 13 0 75 68 80 19 1 49 0 83 62 63 8 32 29 2 56 60 74 79 76 20 7 22 48 63 1 29 64 13 95 51 5 27 27 84 68 99 59 35 73 90 69 29 6 12 37 64 61 8 7 72 7 33 45 40 83 44 86 72 75 35 88 34 97 34 31 27 60 79 34 79 0 7 42 88 31 19 85 30 2 76 40 95 91 79 96 73 37 19 78 28 45 60 17 38 29 20 15 0 6 44 35 51 73 82 26 62 60 80 5 18 11 88 22 24 61 93 48 49 8 80 92 44 17 20 46 99 29 71 52 51 17 78 93 42 33 83 37 61 31 33 24 11 4 23 76 47 43 81 79 97 13 39 17 48 33 83 61 46 1 57 50 41 5 5 33 44 34 1 34 1 21 76 91 18 45 78 67 97 67 49 90 36 48 95 12 49 68 53 9 66 1 71 96 40 46 53 67 42 17 10 82 76 71 18 81 41 50 5 67 85 23 42 76 47 62 33 50 93 26 37 92 12 69 89 47 99 20 13 34 79 3 40 88 60 15 99 91 14 80 8 55 31 9 40 15 40 81 25 71 15 79 13 71 94 90 43 2 43 99 23 27 31 94 4 96 37 95 67 76 97 45 11 15 36 11 95 51 53 51 63 94 16 63 95 93 90 34 16 2 14 59 81 65 67 44 37 32 37 46 
37 49 9 74 25 8 79 91 26 13 53 67 59 7 18 83 0 34 68 18 14 59 95 72 60 25 82 20 61 86 34 3 59 78 2 76 79 70 16 68 90 89 1 68 8 79 84 5 47 60 23 79 91 28 14 46 35 6 68 5 18 62 16 68 23 58 20 41 25 73 47 65 15 26 84 48 64 14 22 30 94 25 83 95 92 37 80 50 52 33 14 33 33 69 9 40 86 5 68 79 31 67 85 36 29 25 54 46 29 91 85 26 67 9 64 36 13 24 8 54 57 54 31 51 90 23 59 19 44 28 49 76 89 7 90 36 32 45 56 18 28 31 36 90 28 49 18 13 69 94 31 96 35 40 95 23 53 83 17 69 92 27 55 74 6 91 92 13 60 39 29 4 4 94 19 52 43 4 86 21 66 2 87 42 74 88 46 29 10 77 16 54 68 89 46 92 48 87 9 87 84 15 77 88 87 83 55 78 80 95 40 42 90 1 98 26 98 49 49 29 0 79 98 70 6 95 39 33 93 9 32 74 49 68 92 10 27 70 75 27 13 62 78 3 18 26 27 14 66 36 63 3 84 34 86 45 47 49 81 83 46 6 29 91 31 90 3 18 61 8 23 94 84 4 94 12 46 47 83 4 44 16 77 7 42 97 9 39 35 46 13 77 63 72 17 16 14 26 61 48 77 53 20 41 3 78 11 29 53 76 53 95 30 46 41 53 38 26 49 13 49 70 6 63 83 39 55 98 81 48 79 84 19 68 1 59 20 31 14 62 45 2 69 15 61 9 34 30 60 21 57 57 7 30 88 41 36 83 12 81 22 83 99 22 15 58 74 72 52 68 78 67 8 85 40 92 9 46 61 12 11 59 37 96 95 62 19 59 4 15 38 78 59 48 59 47 48 34 31 4 
18 85 43 16 83 24 89 21 86 53 24 20 53 56 66 87 34 53 56 82 20 91 95 31 21 86 59 17 19 17 5 11 80 65 13 65 98 64 48 28 35 17 50 59 96 67 67 84 84 52 10 52 40 8 87 18 72 30 21 82 84 98 43 81 96 20 81 50 1 84 61 73 73 83 31 83 37 89 8 9 9 31 94 66 35 34 96 46 12 4 35 0 51 46 2 34 63 16 74 24 91 77 85 78 52 86 20 94 64 25 2 81 4 84 10 68 3 44 52 86 12 55 53 17 48 1 49 90 81 10 8 21 90 39 19 68 60 87 28 75 44 88 40 19 75 34 60 51 22 59 62 16 45 20 49 92 22 78 64 33 22 85 0 27 72 73 43 31 57 1 99 61 38 61 58 41 56 87 72 89 25 34 75 71 88 62 97 96 74 66 39 48 57 10 89 72 62 91 14 56 34 69 1 2 91 73 36 98 92 80 0 40 32 70 22 23 86 34 64 23 92 28 79 85 32 20 47 6 8 47 31 29 61 91 99 61 29 56 99 70 58 36 30 74 50 70 75 40 58 79 11 12 84 69 95 57 89 97 71 59 41 98 11 35 68 86 20 54 40 17 18 73 4 72 6 85 41 83 55 57 55 30 97 51 42 64 47 81 13 53 20 77 51 47 76 27 60 67 17 41 26 37 42 55 80 27 2 72 79 29 24 13 64 78 70 8 14 98 8 68 56 89 82 91 72 99 96 19 45 5 73 2 9 3 62 28 40 30 88 91 1 35 25 1 46 40 78 39 31 99 25 97 73 33 42 9 33 37 51 65 34 61 64 97 35 80 50 68 6 68 91 10 23 70 43 58 29 20 30 44 82 98 90 46 90 64 7 26 46 15 67 44 72 50 62 2 98 3 22 55 
7 54 72 44 85 9 12 80 13 49 61 75 71 68 12 26 1 23 17 16 74 29 82 36 12 17 68 77 15 17 39 66 38 56 82 31 79 69 71 63 98 80 68 65 26 56 70 44 39 41 40 38 71 84 11 20 4 25 9 94 53 37 40 39 1 65 1 18 16 73 76 72 55 24 10 28 90 51 28 42 4 39 69 32 7 56 79 10 72 32 42 46 38 24 41 83 30 65 73 2 93 86 28 65 93 82 39 29 65 80 90 95 68 97 63 87 75 96 93 49 42 51 17 35 76 42 71 39 66 30 35 97 30 12 34 72 56 13 39 81 1 48 41 7 70 14 71 73 51 97 1 13 45 52 80 51 96 30 37 77 49 58 86 32 31 30 18 15 24 2 19 46 3 62 44 50 23 18 39 11 67 22 63 46 76 31 39 96 46 37 23 3 27 37 19 51 52 60 81 56 81 52 18 70 63 75 40 28 40 26 9 5 38 48 20 53 8 39 28 24 30 14 26 20 47 12 88 51 4 95 98 49 14 65 32 11 92 11 79 78 70 46 17 72 6 87 23 76 77 53 45 33 31 58 53 27 62 86 43 70 84 35 61 20 81 58 25 47 56 33 92 98 68 41 25 78 89 58 33 52 90 73 14 77 95 36 56 30 61 20 64 69 76 56 71 56 40 45 86 1 69 14 20 25 25 36 59 41 0 25 56 53 29 90 89 87 80 93 0 60 66 98 53 89 16 72 6 9 56 30 99 81 72 1 17 60 64 43 7 59 3 58 78 16 40 84 84 11 67 77 92 49 73 27 80 53 28 74 93 35 92 4 6 74 21 15 46 97 82 97 15 78 45 62 63 43 40 60 74 45 24 79 88 29 80 40 41 96 19 56 29 50 22 84 17 54 92 15 83 38 
47 26 93 97 64 92 17 4 17 50 0 37 2 96 16 64 21 92 90 76 23 90 32 74 80 14 31 8 16 2 17 9 59 83 81 91 14 69 26 97 95 37 57 15 11 67 89 82 34 32 49 96 50 53 25 55 11 57 81 72 43 88 11 8 26 8 41 90 72 92 90 88 2 34 73 55 9 73 26 79 57 27 61 72 73 65 13 9 27 1 21 31 75 20 9 61 87 68 3 5 34 67 15 44 33 40 36 17 9 97 28 47 2 42 71 40 80 17 42 16 44 27 6 19 69 54 67 30 87 52 54 92 47 6 23 60 57 48 31 77 43 68 37 83 83 61 46 84 10 42 38 93 10 7 49 17 0 55 86 6 78 75 47 59 81 62 45 66 74 42 69 59 99 86 43 41 47 91 18 0 29 48 41 14 16 0 60 93 66 95 42 13 40 74 56 98 22 63 58 25 60 25 54 36 12 94 14 46 49 1 11 40 15 14 97 60 19 91 74 96 13 18 57 43 65 76 92 13 47 44 85 97 23 61 23 62 11 72 60 91 78 46 82 64 37 28 68 8 79 56 23 84 11 10 1 16 40 71 52 60 48 78 22 42 42 39 71 11 40 45 39 26 26 43 10 52 83 55 94 0 96 94 36 75 82 98 17 56 95 64 2 76 9 16 49 84 98 3 54 1 31 9 19 9 88 27 40 0 60 63 89 10 2 29 64 59 66 48 98 15 60 25 65 79 61 47 55 83 48 56 93 2 36 67 78 27 98 63 42 53 62 27 83 13 32 42 59 82 93 36 10 45 0 10 93 70 26 3 39 27 73 91 99 96 91 32 74 95 90 3 18 65 35 0 48 48 64 37 98 34 10 44 35 34 55 34 99 2 10 51 50 73 72 56 48 21 87 88 11 67 
1 90 60 50 80 5 2 53 4 9 52 93 16 57 97 31 28 2 94 5 6 7 74 7 36 26 77 56 37 62 67 94 75 92 26 62 17 43 75 99 1 79 89 14 68 10 66 50 64 45 78 29 30 21 81 50 28 33 49 33 69 86 4 56 88 66 98 75 85 17 6 22 2 22 5 37 38 68 88 77 76 16 52 5 77 86 19 23 53 98 92 0 3 1 89 69 88 96 24 43 78 8 16 58 61 39 89 50 22 46 59 90 46 59 75 44 5 69 10 40 47 33 58 53 7 23 71 45 26 54 42 72 42 4 0 7 0 21 60 89 95 94 45 3 58 41 99 44 48 11 24 23 82 77 64 36 4 39 44 32 55 2 54 81 74 64 34 69 12 17 31 42 62 36 32 94 38 55 77 48 35 27 77 51 37 87 85 77 39 78 79 74 67 63 59 38 62 93 38 76 25 67 9 9 7 41 12 41 41 16 15 48 78 71 59 39 94 50 30 20 40 75 57 15 54 79 46 95 78 30 9 93 71 98 30 10 70 13 23 23 30 65 24 88 72 7 8 69 99 7 62 21 91 11 8 32 80 86 34 84 78 92 58 50 18 99 90 41 11 67 83 11 70 65 65 92 75 4 71 20 73 90 77 56 60 66 35 31 12 77 39 21 9 38 37 76 37 13 50 55 74 24 51 83 29 37 4 32 53 74 77 4 8 22 31 82 2 35 22 21 52 36 69 38 68 97 47 32 69 77 97 46 58 79 68 78 78 60 28 64 99 0 97 65 27 83 9 69 27 46 66 43 6 2 61 15 39 41 99 44 27 14 11 96 16 69 85 36 91 3 57 28 25 43 79 47 28 78 90 7 97 77 6 99 83 72 14 48 62 49 45 6 56 9 69 99 20 70 62 29 
46 26 36 76 27 98 51 22 41 35 46 98 93 37 26 63 94 70 57 14 93 73 22 8 7 34 10 1 94 65 75 26 88 44 72 45 56 74 86 2 3 6 14 28 82 17 23 70 25 39 40 7 7 74 73 76 35 20 66 60 82 78 9 29 37 34 2 17 18 19 35 91 54 65 25 63 54 74 4 55 58 83 49 4 5 52 54 65 95 23 30 22 83 42 27 7 45 59 88 30 67 52 27 62 66 15 35 57 15 15 21 20 14 63 64 30 35 82 34 63 48 21 93 42 15 29 38 28 67 8 56 30 80 1 0 85 18 46 64 41 94 46 6 0 53 63 19 23 33 45 92 57 22 47 71 27 80 18 60 25 33 28 94 51 89 3 8 65 60 38 29 95 71 83 0 91 3 90 52 9 91 33 84 1 53 0 77 67 3 30 91 28 1 88 48 71 73 2 47 71 74 64 38 51 46 20 90 25 60 9 91 59 16 73 46 46 40 26 49 1 95 93 75 71 40 84 96 56 74 45 55 37 81 20 61 52 39 18 41 34 59 11 58 92 6 69 27 76 24 1 58 49 18 5 30 80 86 31 73 17 42 25 90 97 4 25 96 33 57 83 28 46 37 41 39 46 7 66 82 44 82 90 97 47 90 13 90 21 42 74 48 14 22 6 80 17 41 56 6 31 93 63 75 57 2 38 49 40 92 84 52 60 56 17 60 47 12 95 67 52 86 76 80 90 10 59 99 95 18 48 11 43 60 42 78 59 62 63 61 42 13 46 79 9 30 25 30 50 76 12 11 67 28 62 57 39 85 32 69 30 37 26 28 9 91 47 50 13 33 0 78 0 13 53 62 3 54 86 23 38 22 91 92 93 49 79 32 0 53 10 89 82 0 6 36 53 37 46 46 77 
62 24 96 14 22 13 66 23 18 30 48 44 82 73 21 86 69 64 79 65 32 89 36 47 47 27 40 84 73 80 98 8 71 72 43 0 18 37 45 43 12 38 8 81 35 33 55 38 8 80 8 39 31 68 97 53 88 85 74 88 22 33 55 63 82 63 40 18 38 49 90 45 30 21 35 47 18 60 25 37 89 12 19 8 78 56 72 60 1 70 0 70 29 60 4 97 52 82 66 84 2 78 73 99 37 45 54 87 19 13 79 71 42 36 75 45 21 36 37 60 36 91 46 19 62 90 45 29 12 64 2 91 17 92 79 51 64 66 88 62 46 25 73 60 61 19 0 34 59 97 17 9 11 19 58 34 69 62 95 49 60 6 14 49 77 2 35 7 53 33 85 83 95 4 76 92 83 54 78 80 82 71 11 99 15 11 54 34 21 21 41 7 98 95 40 19 64 25 81 5 6 50 58 73 77 65 35 83 7 52 26 61 60 93 32 18 39 86 74 21 79 18 55 89 31 40 72 42 43 52 1 52 36 44 78 78 97 65 42 86 11 22 83 15 22 43 2 55 13 82 20 42 52 78 82 10 67 77 32 41 34 16 24 52 87 36 77 17 7 31 98 15 1 91 21 88 80 74 92 60 99 99 58 29 70 37 49 86 18 61 6 55 44 88 25 5 11 37 88 66 15 68 86 20 26 80 37 78 33 78 11 91 66 26 79 29 17 66 24 33 64 77 6 42 99 17 57 83 91 12 30 45 81 19 30 47 66 1 90 64 71 54 21 26 86 75 40 72 31 13 91 63 56 96 38 37 45 87 47 86 53 53 23 90 85 5 3 78 41 53 36 41 28 11 88 55 31 81 88 69 34 36 75 24 47 15 36 59 15 61 7 78 19 75 79 57 58 82 52 55 
7 96 55 55 33 97 63 56 45 5 99 49 4 28 47 92 29 22 99 14 93 8 53 95 86 50 7 78 89 17 37 60 55 80 60 97 30 99 35 47 75 67 13 86 35 60 24 12 94 60 84 49 19 35 54 65 86 75 10 73 18 82 31 0 15 42 90 11 50 81 42 75 38 5 31 73 44 74 32 26 6 33 10 0 85 59 49 21 86 38 17 6 69 95 49 19 49 49 10 53 15 80 68 84 54 22 12 50 66 90 77 43 32 98 25 47 34 3 94 89 60 82 54 94 21 5 87 88 93 87 15 99 27 40 35 53 79 4 12 41 59 97 11 72 73 39 37 22 99 0 22 98 46 8 75 67 8 79 50 85 85 68 97 69 43 44 85 60 73 0 84 19 29 63 60 83 38 63 51 73 64 53 76 9 89 43 96 38 80 83 88 81 68 29 4 67 43 85 33 16 63 13 7 70 73 59 98 50 0 35 66 29 1 44 45 80 37 36 23 72 10 93 0 80 49 94 85 50 91 62 8 30 50 39 53 32 39 34 45 75 6 42 74 32 66 86 27 37 73 27 98 43 22 62 23 87 9 82 79 84 2 48 12 72 2 64 59 55 95 39 27 32 71 97 32 79 70 45 36 71 87 47 53 13 95 46 11 36 68 66 23 22 50 23 99 19 59 94 20 9 60 3 54 52 46 4 87 11 42 53 27 1 65 17 14 25 59 44 59 64 42 45 79 65 89 42 97 43 61 33 64 45 80 29 77 38 20 22 20 86 2 17 69 21 36 48 71 2 32 61 75 3 90 8 73 95 64 33 13 80 52 2 8 27 77 26 29 92 17 67 33 46 18 86 73 14 96 45 7 18 51 44 48 22 6 66 93 10 3 97 31 3 15 84 67 2 68 10 49 9 
1 17 96 13 46 52 31 68 77 67 3 64 8 46 73 83 16 24 17 57 57 46 15 78 67 85 17 4 53 72 25 25 99 1 4 93 61 74 11 67 82 63 62 44 79 94 94 20 89 9 91 67 96 95 38 43 96 98 30 76 51 77 90 0 81 10 82 5 97 24 94 31 85 76 88 78 59 57 64 59 25 7 18 18 74 69 55 28 26 45 3 82 4 28 50 30 17 57 45 20 64 47 3 40 92 3 9 2 34 10 82 66 31 23 99 5 0 32 62 35 48 70 99 98 38 74 63 79 80 13 9 56 35 95 11 46 16 36 86 68 6 71 92 0 49 27 93 36 6 23 67 27 64 73 71 17 30 30 61 40 82 72 15 16 30 59 65 62 73 18 34 76 64 93 83 20 89 39 88 71 3 22 59 4 36 13 2 81 16 61 87 71 35 86 98 48 24 8 89 66 14 54 70 79 83 42 86 20 68 43 68 18 29 14 70 25 37 70 4 47 80 66 97 65 54 65 90 84 47 46 23 39 61 71 0 39 61 90 13 91 2 73 46 33 70 27 74 56 71 21 17 23 93 86 91 47 60 6 15 40 45 87 48 94 36 22 31 37 12 48 20 57 47 60 93 56 3 64 61 88 13 94 42 30 84 5 82 71 9 35 62 13 55 22 91 5 36 82 92 38 38 1 76 6 26 54 14 7 20 30 98 49 81 76 6 38 61 10 25 27 61 0 46 13 61 77 92 82 25 16 45 20 61 77 92 26 0 68 0 90 37 44 94 63 17 80 69 69 92 66 88 1 44 73 43 37 6 57 0 67 34 15 9 77 90 75 93 5 33 33 79 26 53 27 39 90 78 73 16 57 61 44 20 83 90 81 26 61 52 37 10 34 37 29 68 87 84 71 46 95 
93 73 67 81 58 11 67 51 84 48 26 88 72 21 8 56 66 44 94 78 9 2 94 22 72 91 98 8 61 79 31 81 16 6 13 41 22 99 90 36 95 24 7 29 48 17 56 3 45 39 40 30 14 43 4 2 16 99 8 15 51 20 40 81 74 33 92 68 6 35 99 98 2 6 96 28 2 23 12 78 3 34 54 75 51 25 5 12 81 73 62 32 79 93 10 44 78 21 40 48 26 8 94 26 6 26 91 16 98 39 1 28 16 88 22 83 28 87 1 55 19 88 90 31 49 31 20 19 5 88 90 43 77 74 55 70 8 39 51 75 84 74 58 33 99 14 19 12 4 10 78 67 45 13 82 67 89 17 98 20 75 10 33 67 49 36 75 84 78 57 97 0 0 40 68 9 70 19 90 65 24 14 34 80 53 4 21 78 78 65 81 93 4 24 57 15 12 99 21 50 56 86 79 3 33 28 22 0 15 68 66 62 88 26 76 30 33 44 24 84 17 67 16 16 48 22 78 63 59 47 41 18 88 15 4 12 28 31 24 86 91 12 79 70 48 15 24 14 46 5 93 51 95 24 99 35 66 19 41 6 70 99 96 3 84 67 81 35 13 88 90 44 26 64 54 43 44 24 79 30 92 16 71 64 45 44 67 93 19 88 17 18 8 19 20 84 97 80 8 33 40 8 81 48 15 60 41 12 0 34 80 7 70 65 15 23 66 70 34 66 39 92 7 26 27 44 64 43 79 86 79 44 9 75 4 75 28 23 59 61 59 4 16 9 22 63 55 44 33 27 67 94 62 88 38 34 29 86 53 23 86 10 86 93 43 48 7 66 63 6 45 87 22 63 53 65 86 11 42 92 13 42 67 16 56 20 34 67 75 92 25 36 46 0 43 85 84 91 19 59 
29 48 73 4 73 18 1 65 7 69 92 77 91 52 88 74 64 23 79 59 41 91 31 58 18 23 33 74 94 45 15 60 2 78 74 5 48 46 16 39 33 52 50 65 39 65 57 40 64 89 86 67 59 14 64 65 4 44 61 98 22 90 11 7 26 87 8 6 39 35 96 42 48 0 51 98 81 0 83 80 2 72 30 59 44 2 30 97 38 46 28 7 67 14 72 70 16 88 64 64 89 76 55 97 71 10 95 70 97 45 48 67 27 9 11 88 70 67 48 94 93 6 67 71 87 75 69 52 26 80 57 89 63 38 80 98 59 6 11 24 82 1 18 69 94 66 62 52 91 96 11 29 8 91 2 73 20 80 58 84 42 60 99 74 77 28 76 96 40 31 54 83 22 8 1 18 61 99 74 37 84 53 93 72 97 58 51 44 95 35 0 36 57 44 63 92 67 95 86 47 10 22 40 89 55 9 48 83 50 56 67 37 13 71 13 28 74 23 96 2 92 56 6 39 99 7 48 98 25 63 34 35 1 70 49 65 70 93 59 94 95 4 54 70 93 62 67 98 56 89 80 74 79 36 60 93 63 82 18 99 91 59 57 48 49 96 54 15 10 19 42 49 26 3 14 63 30 9 64 84 31 52 76 8 8 71 62 26 87 24 62 49 96 55 65 2 93 71 22 59 73 24 86 10 11 42 83 63 42 1 87 88 23 34 79 32 54 0 21 34 73 46 99 83 21 96 89 81 42 96 86 1 9 84 86 75 24 93 94 96 74 6 36 73 60 8 17 90 74 36 60 13 94 52 9 21 70 66 94 65 8 59 33 25 55 78 22 3 7 55 74 41 22 59 20 38 37 81 46 74 53 98 44 24 94 5 1 63 63 24 30 38 7 39 51 99 31 99 82 53 
38 53 79 54 65 8 26 49 55 7 83 29 16 79 15 57 52 53 41 61 43 71 56 12 23 41 20 39 17 10 31 87 99 66 57 79 9 6 50 33 50 2 39 41 22 15 63 73 54 9 64 11 72 78 76 0 43 92 49 46 5 16 48 28 7 67 57 36 4 13 4 54 30 7 18 87 74 13 24 29 50 5 27 29 64 30 39 44 60 77 41 30 78 28 90 32 49 16 82 33 95 64 77 4 35 18 25 20 31 22 40 47 97 64 84 79 88 11 72 58 34 71 96 25 73 67 24 23 51 0 1 90 74 68 0 43 12 90 87 46 38 65 37 85 55 35 50 5 96 52 15 16 29 75 39 73 10 56 94 21 39 27 44 80 57 40 18 31 10 0 61 19 59 38 47 93 52 21 1 71 63 22 17 92 13 45 25 72 65 0 24 14 78 98 34 53 43 37 54 92 81 51 65 5 14 79 84 61 51 19 78 54 51 64 73 28 21 28 70 28 98 3 51 54 68 5 24 10 54 23 8 82 81 68 13 58 6 34 6 40 26 81 12 76 38 63 55 30 94 28 51 71 24 48 54 94 13 27 28 4 96 1 92 58 2 70 48 45 61 19 48 13 43 86 31 51 93 42 48 69 45 43 43 40 44 92 58 84 16 73 53 65 62 83 63 38 35 62 39 45 21 95 91 66 47 98 24 97 68 34 82 49 15 22 42 59 46 94 65 5 91 3 71 43 0 22 56 11 50 76 17 60 19 62 94 46 82 11 10 92 3 78 64 6 91 12 81 99 70 95 57 42 16 72 78 69 41 10 83 30 77 67 6 69 2 27 93 69 27 6 65 54 57 87 79 76 24 11 46 86 76 38 94 41 72 56 35 22 39 14 5 45 57 16 31 68 44 70 37 15 
68 90 98 57 43 49 25 27 69 43 92 19 12 40 78 48 47 24 98 64 32 43 21 42 94 90 2 69 0 81 84 64 91 93 44 52 61 91 9 91 87 93 64 54 9 61 59 41 60 68 45 6 81 77 79 67 99 18 2 32 13 21 40 92 21 67 99 75 95 82 52 0 70 97 68 59 88 32 97 34 73 3 58 8 30 71 8 70 22 83 32 1 12 61 21 12 18 25 88 10 85 97 84 86 54 86 43 51 21 61 30 2 80 2 72 78 10 21 75 98 9 94 94 1 13 11 22 98 77 34 97 57 23 53 15 46 3 80 17 28 36 30 8 53 78 64 56 8 75 64 28 99 49 50 15 38 19 87 79 59 32 56 41 32 84 5 1 74 24 57 83 7 76 56 26 63 35 42 37 38 95 44 63 81 98 8 83 69 20 50 44 4 21 4 93 99 37 86 72 99 58 18 96 53 75 6 89 4 91 15 7 24 27 12 49 24 47 16 87 35 90 64 46 71 13 21 27 6 30 67 6 82 49 90 68 12 83 46 16 16 17 52 14 2 51 61 5 72 94 41 34 54 58 68 56 66 20 36 6 13 3 93 91 13 45 55 12 78 41 52 35 71 26 45 7 28 31 22 56 97 69 48 68 64 72 43 62 91 54 40 90 69 12 84 61 54 62 85 31 97 5 77 86 5 99 13 25 71 82 68 9 43 9 20 90 51 0 8 25 20 62 75 36 96 68 99 62 92 87 45 57 63 54 77 22 22 17 61 36 13 10 15 48 82 86 2 31 49 97 60 52 20 98 13 91 7 0 7 82 19 78 91 87 50 86 51 38 22 35 56 41 92 5 14 33 86 8 25 47 8 37 34 95 90 16 47 35 59 60 15 55 54 61 34 40 84 51 3 78 41 
44 19 95 54 8 61 41 28 86 14 27 62 14 71 54 0 73 61 73 58 84 72 95 87 65 43 68 72 54 15 27 44 67 97 18 33 19 25 55 42 1 85 18 58 9 23 2 81 64 30 72 30 96 34 25 69 89 45 84 2 19 73 48 29 69 59 95 75 85 18 71 65 6 9 28 60 90 45 26 97 87 87 28 78 36 96 82 20 39 57 59 14 22 69 86 94 82 33 65 10 76 19 98 66 86 47 29 48 8 70 59 12 76 19 66 89 3 62 77 56 17 55 29 28 26 8 59 69 10 38 0 85 82 57 87 44 32 54 86 82 5 1 76 90 37 7 1 1 10 45 38 61 32 34 90 12 49 29 1 16 89 47 33 24 44 60 38 66 7 7 26 6 7 87 65 23 40 22 49 65 29 29 65 51 32 86 67 86 93 17 55 30 30 27 59 6 26 67 24 30 38 5 6 48 59 11 58 76 97 25 50 49 12 73 75 7 97 56 79 50 15 96 10 2 42 35 30 89 7 58 0 99 26 9 72 16 29 34 0 3 22 36 41 69 70 10 95 75 79 16 75 88 23 93 65 94 9 18 66 48 25 86 98 37 75 66 6 67 1 59 14 33 30 62 53 25 97 47 25 0 65 25 93 65 80 49 64 29 15 13 12 7 34 79 94 71 25 17 80 75 82 59 64 23 8 36 11 97 75 65 86 63 48 36 39 27 67 7 64 31 48 83 39 71 7 4 77 31 16 26 93 93 29 50 99 27 77 49 2 17 37 52 1 70 20 24 45 39 89 88 31 88 32 13 84 26 40 70 78 8 63 12 9 30 22 55 6 3 33 50 42 29 71 3 10 67 81 22 37 46 32 52 48 56 26 79 73 45 81 92 10 94 48 20 52 0 93 71 21 37 
68 42 7 62 52 55 98 92 63 86 37 10 37 98 0 55 95 48 0 80 61 95 96 82 21 21 39 45 26 1 57 83 49 22 70 26 74 51 24 23 69 31 93 73 67 34 93 37 7 13 17 32 38 7 0 26 6 72 52 44 93 90 37 92 77 9 62 46 83 7 28 31 9 62 83 62 36 9 6 55 98 85 2 51 82 67 70 83 61 24 66 0 49 57 65 83 25 13 11 67 80 17 63 20 89 6 81 85 10 11 95 59 39 73 33 71 22 19 95 73 81 18 82 63 75 95 54 6 67 35 42 76 85 11 24 93 90 84 18 97 46 3 33 98 44 4 78 6 70 16 10 85 29 18 66 96 99 4 94 76 47 33 70 80 70 61 83 24 63 39 59 72 48 90 31 89 23 99 3 22 25 18 63 69 74 79 45 47 73 91 60 41 47 55 75 69 94 16 28 44 26 4 91 33 80 16 17 10 25 70 66 62 41 24 43 79 20 14 4 12 33 37 29 49 49 76 30 46 38 28 88 89 1 70 34 48 17 64 28 43 2 16 91 57 24 75 21 29 75 94 94 35 2 29 63 12 42 57 38 30 34 92 6 60 14 54 0 5 64 26 47 99 45 97 56 17 31 87 77 37 14 44 91 44 57 64 65 75 19 86 59 59 34 8 67 87 95 60 30 4 38 71 98 89 44 63 43 69 10 47 4 18 87 15 99 83 94 45 20 48 1 42 21 48 10 22 37 35 72 51 95 65 45 3 22 91 61 51 87 89 24 19 37 51 8 84 55 8 29 17 18 8 55 57 9 65 54 80 91 0 51 16 24 53 77 69 34 80 29 96 57 33 27 72 60 50 30 83 82 64 66 96 69 95 79 60 70 58 9 74 50 47 34 30 75 82 16 26 30 96 
48 48 47 77 89 50 65 26 45 99 41 69 24 73 21 86 11 67 81 91 76 1 80 34 63 30 71 85 24 1 14 15 21 87 48 41 67 72 25 59 76 48 46 32 49 80 36 51 57 17 45 80 71 32 92 23 16 7 25 7 22 63 71 73 58 50 9 29 41 95 87 89 21 67 11 74 99 26 88 64 90 75 26 86 66 48 6 40 5 78 47 78 14 55 32 10 69 29 12 66 7 18 16 92 78 52 44 29 91 55 61 95 25 96 20 87 85 1 59 43 16 82 76 76 92 62 2 62 67 39 96 82 48 82 47 76 16 86 11 19 60 22 17 14 44 93 80 76 3 82 58 54 36 85 76 60 68 8 0 33 36 25 97 98 38 67 32 50 75 46 78 11 60 56 98 24 29 2 57 30 53 28 63 99 20 72 75 73 37 56 22 91 64 82 80 15 31 28 99 48 95 68 68 52 97 25 23 25 5 82 27 7 51 78 6 97 29 57 98 73 21 15 76 37 7 99 68 15 4 57 57 11 19 71 70 80 36 36 57 16 96 17 99 49 1 49 68 4 59 44 93 67 86 28 83 69 88 91 81 64 53 59 89 76 33 7 31 74 53 41 7 99 30 85 4 42 91 97 72 4 78 24 6 11 25 84 74 20 40 59 4 41 29 78 59 77 83 45 91 30 52 65 25 37 71 47 38 96 65 49 87 17 85 14 43 9 81 42 57 55 95 99 76 9 2 93 8 52 94 17 91 28 85 4 79 26 18 62 26 94 18 45 60 95 90 58 39 49 52 39 53 68 89 94 69 82 58 33 55 63 53 74 93 64 91 29 78 98 76 8 19 7 99 62 83 86 31 51 59 35 20 51 61 89 26 20 16 19 10 94 32 80 90 29 28 14 32 89 9 46 
21 57 29 89 12 52 92 38 89 17 57 83 54 57 25 81 49 43 11 32 50 79 80 33 67 13 49 38 18 67 5 64 93 70 32 7 45 6 68 35 11 69 56 29 78 50 66 68 35 52 9 77 61 4 86 20 18 19 38 12 17 92 77 77 8 99 65 9 5 93 38 22 51 79 33 89 68 25 51 41 0 30 27 30 13 54 14 4 13 31 42 93 47 64 13 13 81 87 23 95 22 16 6 77 95 38 66 95 52 23 24 62 96 79 11 47 92 25 77 45 56 20 65 87 83 58 13 61 66 30 35 13 42 60 21 13 69 99 58 60 13 19 73 86 43 27 32 68 7 48 61 39 93 50 44 83 80 22 90 43 17 58 20 28 2 77 10 7 99 6 41 82 52 2 35 69 32 95 26 13 86 68 1 78 67 42 6 54 19 82 67 49 95 80 58 50 22 30 46 33 50 90 8 7 25 63 21 31 25 59 22 54 9 32 38 22 29 8 43 82 64 31 12 33 27 3 61 8 41 56 43 69 21 39 46 61 40 3 56 60 16 18 11 76 75 65 30 27 64 15 72 41 67 8 38 49 47 57 34 46 89 30 31 86 18 38 71 22 25 98 38 77 42 64 46 13 42 62 76 17 92 92 8 14 31 59 67 48 89 26 76 57 12 36 49 23 79 91 96 49 27 27 86 32 70 79 5 51 48 29 56 81 40 87 91 32 82 0 6 14 58 55 83 47 75 68 50 54 81 57 92 49 15 47 53 74 42 33 98 20 86 43 95 73 70 75 26 81 98 92 64 98 62 44 8 10 34 88 29 14 72 25 91 80 9 21 45 23 0 90 97 38 36 90 92 14 44 84 76 24 40 66 3 50 13 52 38 16 61 4 58 75 0 2 57 49 49 86 9 92 
25 71 96 67 97 30 27 89 99 7 1 41 28 0 58 49 59 28 17 23 47 29 57 5 84 25 47 8 63 85 37 27 97 19 57 53 23 30 25 16 71 56 21 96 97 39 46 11 15 43 18 66 73 15 91 4 14 17 12 97 63 3 66 78 4 36 35 27 52 63 57 13 68 30 85 33 73 37 90 80 38 94 12 33 39 25 67 4 16 27 65 0 16 68 79 88 34 47 11 97 45 45 67 63 66 62 72 48 62 26 30 69 16 36 59 91 29 27 38 73 83 27 81 21 43 43 36 68 10 66 96 58 78 62 84 77 80 31 51 81 29 42 82 88 77 14 51 58 83 63 3 76 83 12 60 76 48 68 9 96 98 37 30 84 18 81 11 41 91 82 25 92 90 60 7 46 17 28 77 69 25 82 38 39 47 39 34 98 59 92 47 47 60 88 78 2 83 68 60 98 55 47 18 89 80 64 76 51 35 5 48 72 34 43 95 27 85 15 64 69 87 3 78 29 96 5 34 16 11 36 96 28 60 81 22 61 89 15 73 80 36 94 41 32 39 8 43 69 99 45 1 86 98 29 8 82 48 3 24 51 27 68 85 7 66 64 22 14 91 77 27 35 25 70 27 27 28 17 25 23 38 20 93 98 10 4 23 78 87 16 0 9 75 25 82 11 68 70 29 2 83 21 77 58 43 30 70 22 37 47 93 83 14 89 85 99 28 7 82 21 24 4 37 79 19 2 76 84 99 56 51 27 45 64 75 51 5 61 98 93 90 18 52 39 10 92 48 99 12 88 62 51 8 85 79 61 10 76 77 66 28 77 57 11 13 57 18 52 58 44 32 37 98 57 77 17 16 28 14 60 37 3 13 68 87 64 94 44 86 58 0 29 24 42 42 20 6 97 45 64 
21 47 87 92 90 33 24 4 18 49 44 24 37 86 65 8 81 76 79 90 69 37 41 81 66 18 66 4 2 51 76 19 47 65 43 87 50 17 29 23 45 37 93 14 62 74 94 40 81 6 93 53 36 9 41 59 65 27 81 30 59 28 76 52 64 14 5 27 50 94 37 28 61 57 13 6 81 82 18 26 81 37 88 95 83 41 83 65 32 85 68 46 58 48 51 61 64 3 8 3 78 52 8 6 30 8 48 87 54 27 36 35 75 3 81 66 61 10 99 37 88 65 39 48 67 30 24 45 79 64 12 86 10 54 40 73 55 68 39 31 89 40 57 96 64 32 47 61 72 31 62 41 21 95 28 16 37 74 92 68 76 52 42 30 41 4 15 17 10 49 54 25 17 87 34 40 48 77 90 23 6 65 91 79 19 62 69 78 46 54 97 58 92 48 17 38 88 47 92 18 69 48 55 69 88 44 0 94 34 78 42 50 4 7 18 49 9 75 89 46 16 11 62 12 3 24 49 62 87 67 7 93 77 53 68 52 4 60 99 88 64 2 32 49 62 30 52 17 57 37 8 44 28 36 51 88 49 71 78 38 94 91 41 88 50 79 76 4 90 27 17 13 16 6 16 48 27 14 80 46 29 5 11 16 82 19 77 79 46 77 45 14 48 84 21 52 39 62 95 78 86 72 56 96 39 1 40 19 5 78 98 0 26 95 77 18 30 96 27 45 9 83 9 22 79 53 84 29 66 64 2 70 55 36 27 27 49 28 54 54 46 51 87 7 24 14 11 91 43 76 2 43 91 57 99 78 69 47 12 32 21 66 64 65 47 62 87 65 2 15 61 57 27 32 98 27 30 90 79 89 82 7 80 27 48 54 33 78 51 86 99 3 33 83 49 21 96 71 67 98 
89 13 29 84 76 30 31 20 58 81 79 18 92 12 51 23 40 91 30 2 81 33 85 52 66 77 14 88 59 23 15 46 3 98 23 40 73 28 66 78 22 28 35 64 2 20 51 49 95 3 63 10 30 56 84 54 51 72 50 24 8 17 55 65 8 39 66 7 85 15 56 93 75 70 97 29 99 2 58 59 45 55 6 47 96 1 26 48 30 17 69 7 6 93 88 40 72 92 43 54 34 22 4 53 73 28 47 31 54 71 30 72 25 99 90 71 89 49 18 8 5 48 20 63 67 68 93 89 31 72 68 2 26 54 86 82 40 25 93 4 58 10 70 40 8 78 43 60 78 95 9 5 89 28 38 34 93 98 31 97 25 20 83 13 86 55 63 69 3 63 69 31 88 48 91 11 34 61 90 0 83 1 30 11 94 78 59 43 37 78 36 13 29 96 92 37 30 44 66 64 64 10 77 8 8 49 52 68 47 3 46 1 76 39 21 62 68 37 12 62 39 45 22 51 24 87 25 5 89 82 76 20 85 19 72 51 2 20 57 93 30 88 23 49 16 26 67 58 67 10 84 79 27 11 17 61 26 37 76 96 17 32 51 26 75 38 79 88 6 78 86 33 33 58 30 50 84 46 98 35 10 53 63 66 48 58 23 53 19 83 32 72 52 39 93 61 5 34 77 31 11 42 0 1 42 71 33 23 45 94 25 25 90 13 93 75 67 49 90 9 95 81 10 44 19 14 17 8 53 4 78 8 26 9 70 7 14 51 31 4 84 38 65 28 3 98 51 74 5 46 78 71 41 82 53 40 66 82 16 85 33 64 86 95 15 82 45 96 45 43 81 9 40 56 84 8 49 69 4 15 68 58 57 17 22 91 33 32 57 39 93 3 63 88 2 16 26 38 20 44 
63 47 1 6 72 29 57 61 59 82 17 62 80 64 13 54 70 39 50 48 43 20 28 9 25 11 53 47 63 28 99 60 67 22 74 43 91 48 72 84 75 80 48 68 23 21 5 26 85 15 33 92 29 2 18 49 79 87 63 77 13 10 66 50 62 52 9 52 62 75 62 71 35 32 51 59 59 88 74 5 39 63 37 88 7 4 98 66 51 97 49 44 54 49 50 87 52 79 40 13 69 18 70 16 84 61 42 84 77 70 3 31 71 86 83 40 21 51 84 4 67 12 90 37 44 19 58 12 81 64 38 22 16 54 52 9 38 20 95 40 81 74 20 40 27 8 14 68 3 42 72 71 97 92 26 25 68 0 6 60 61 98 24 24 95 71 9 12 13 81 16 2 27 21 1 4 53 82 6 77 69 50 67 76 7 27 94 95 25 11 59 2 7 59 56 77 49 92 16 80 60 7 73 97 63 99 63 59 66 48 59 81 54 22 20 89 70 87 89 46 73 81 23 40 37 15 49 94 75 22 33 68 40 55 24 3 84 7 5 73 54 5 6 18 19 79 60 19 25 76 71 64 50 14 53 41 73 95 15 64 58 32 25 66 77 68 59 43 76 50 31 15 4 6 70 34 4 49 93 2 54 83 25 80 17 17 10 41 40 83 27 61 99 7 38 29 3 51 29 24 41 43 98 15 45 35 39 63 9 35 37 43 35 23 66 10 22 6 4 35 98 86 52 11 89 66 99 41 82 95 79 36 72 71 1 7 74 22 62 51 13 46 24 8 21 70 70 49 33 6 22 57 46 37 50 49 71 10 73 22 50 17 16 50 44 61 84 53 53 2 46 28 22 65 92 3 0 49 73 11 2 49 61 38 18 91 81 62 72 39 42 56 46 60 40 54 55 50 68 19 
86 53 63 41 90 85 95 90 28 82 44 59 68 38 32 39 84 29 62 56 77 32 65 59 47 89 47 16 87 46 16 31 47 56 13 82 26 1 33 39 65 81 6 2 61 54 55 22 85 54 41 82 54 42 11 47 97 60 98 56 77 64 8 51 42 38 57 94 94 86 44 81 42 78 52 66 91 48 30 48 97 95 24 40 59 92 62 0 44 84 76 75 81 28 97 74 85 60 82 71 6 88 50 43 92 0 61 60 90 49 34 41 67 36 81 14 99 51 76 67 76 66 30 87 43 36 50 24 90 1 73 52 33 58 50 59 51 59 13 76 80 25 90 30 45 20 43 36 4 58 93 58 76 1 34 25 23 57 11 24 6 98 73 29 28 57 89 56 27 0 80 19 32 15 98 69 17 48 3 22 20 26 91 18 5 6 58 5 4 38 37 0 24 46 58 75 35 20 18 26 28 15 31 11 37 3 3 15 72 75 47 0 16 47 36 92 91 56 70 88 55 33 94 75 34 66 60 8 46 56 5 65 33 95 61 57 8 11 60 25 70 50 25 50 80 12 64 55 30 52 93 88 64 98 97 1 62 66 76 1 9 12 94 97 59 49 26 78 9 36 73 18 39 76 13 1 19 25 57 14 58 17 50 99 39 2 67 35 73 13 97 38 24 13 10 46 22 48 47 9 60 17 87 13 10 18 50 95 27 32 45 11 74 33 56 64 76 21 74 27 67 32 75 56 46 22 16 37 14 49 3 65 96 95 93 0 21 96 0 25 50 14 0 85 24 69 56 74 54 34 97 62 48 70 91 37 48 44 61 56 91 71 2 84 11 25 59 26 42 49 27 68 57 98 40 7 46 87 24 7 42 98 28 92 87 0 20 83 58 23 31 60 48 19 81 13 47 33 34 75 
14 81 52 46 32 14 63 83 89 43 24 50 29 76 72 34 30 85 30 72 20 46 32 2 51 61 2 83 69 83 8 30 49 85 26 65 83 34 72 80 36 76 86 79 84 5 40 34 87 78 90 70 1 38 76 0 66 48 96 76 61 52 88 73 94 73 61 48 69 7 24 2 73 23 0 46 6 60 92 42 43 91 55 24 23 98 85 40 98 28 12 87 58 20 51 83 67 52 97 98 3 85 46 49 86 8 17 55 38 30 1 68 82 23 49 61 88 3 65 4 87 39 36 28 18 74 59 41 54 87 3 69 50 63 46 53 72 78 18 94 15 70 46 94 59 35 53 27 57 32 28 10 44 38 43 59 51 11 83 57 80 98 11 96 63 9 80 82 23 5 9 31 22 82 55 62 68 74 78 81 42 42 0 4 83 80 38 25 54 35 39 8 73 28 7 31 13 1 77 33 71 22 60 82 99 71 1 18 3 81 96 31 75 61 51 36 86 3 55 48 7 20 56 70 92 13 49 6 27 84 48 68 20 13 3 15 74 51 99 69 61 19 75 69 7 60 64 17 6 75 88 37 13 53 69 88 75 78 48 69 48 53 45 16 5 57 61 79 22 78 77 55 78 77 8 35 43 48 32 59 35 85 29 16 98 92 99 32 56 75 49 20 41 2 69 74 35 55 90 68 45 79 75 52 26 66 86 17 75 12 26 6 96 13 92 58 0 34 4 43 40 43 86 71 58 71 31 32 54 99 2 99 93 59 10 32 76 55 94 55 47 9 62 2 87 30 91 13 48 54 94 94 71 47 93 87 3 5 83 20 10 40 42 1 7 58 77 99 42 72 10 2 23 70 68 55 6 97 2 23 58 96 53 88 93 75 98 42 0 24 30 92 87 82 49 48 75 95 85 89 
70 32 9 92 55 4 17 73 90 33 23 2 66 18 75 28 89 37 20 33 60 87 79 42 4 58 87 38 44 26 85 74 9 76 60 46 10 90 24 28 75 15 20 88 23 78 2 52 13 72 43 1 44 95 54 25 87 24 85 78 12 85 5 54 46 3 93 29 81 17 22 29 37 42 85 32 7 80 21 91 83 74 11 72 41 23 92 61 26 55 98 91 29 41 89 30 7 34 67 91 44 45 45 42 87 39 68 30 44 65 61 81 24 92 97 52 48 20 36 5 86 56 42 87 32 44 90 68 82 84 34 98 63 77 51 40 74 86 87 97 47 17 65 86 99 33 68 31 92 41 78 11 98 86 97 21 45 78 71 2 0 54 10 97 53 22 32 60 83 22 17 99 84 27 85 5 6 66 20 83 48 83 86 62 68 62 4 97 80 7 8 58 29 40 4 15 84 63 98 68 0 43 95 15 74 91 21 69 11 78 77 59 11 50 41 46 98 59 30 3 64 62 22 38 5 25 56 34 78 93 67 66 81 3 20 5 27 51 82 39 52 82 24 30 98 85 2 76 65 10 4 75 51 87 12 32 32 17 28 81 44 75 39 85 56 11 84 49 65 48 55 44 35 49 73 82 45 9 38 2 49 3 85 97 39 99 54 6 17 86 50 32 46 14 52 56 87 2 11 4 37 73 41 44 37 8 66 82 40 45 95 5 30 17 57 5 21 86 5 83 9 17 9 79 64 58 64 45 75 2 18 80 75 84 82 31 73 43 73 46 90 94 4 65 60 57 68 16 73 47 95 91 53 93 90 30 65 58 70 15 88 91 48 66 99 81 37 34 57 97 25 74 93 63 98 95 26 50 63 92 54 19 39 53 2 52 4 41 74 43 83 26 34 10 41 38 12 73 35 39 
11 2 46 46 95 33 27 37 89 81 41 82 50 13 22 59 43 22 91 84 63 80 90 6 21 23 66 49 75 44 58 72 88 52 25 95 97 24 54 73 74 25 70 51 95 50 82 0 67 88 51 83 60 78 55 83 96 17 50 5 1 13 93 87 84 56 77 63 55 67 47 73 10 15 43 9 42 22 30 96 1 94 49 38 81 84 58 13 41 37 85 92 51 81 44 38 59 89 11 47 40 62 27 83 36 75 79 86 3 64 23 36 42 39 40 6 58 91 56 88 74 18 88 44 12 83 55 79 44 13 33 23 82 23 84 73 19 20 30 88 69 80 95 70 58 48 44 17 46 26 12 32 84 53 42 83 23 64 19 96 76 80 10 52 27 63 29 53 98 18 73 13 90 23 28 83 85 36 42 25 50 30 43 1 62 25 19 72 7 43 72 72 60 35 67 8 76 77 11 26 18 35 47 32 32 81 14 95 30 8 9 28 66 47 35 48 38 75 24 94 41 45 92 59 70 10 61 81 81 94 92 96 59 20 84 37 52 81 20 87 35 95 81 8 38 60 59 27 74 35 88 83 57 6 73 37 50 64 45 77 82 89 47 67 69 20 48 32 54 28 94 41 14 82 23 95 1 66 60 24 7 60 35 18 71 29 50 22 50 14 63 86 38 72 61 39 35 33 28 72 66 33 96 71 48 13 62 3 73 28 64 57 73 95 53 95 87 99 40 94 84 63 21 11 62 67 97 48 46 51 43 31 35 49 99 23 57 91 50 27 28 55 37 44 80 43 27 58 60 35 34 33 10 44 89 72 55 0 99 58 95 55 38 93 26 32 14 79 96 72 40 11 23 30 98 31 3 65 32 35 3 34 72 83 14 8 62 4 66 40 83 5 8 85 56 24 96 17 37 46 
59 42 39 14 38 6 68 4 92 12 73 70 76 31 34 88 92 68 33 25 70 62 18 49 85 4 97 45 47 9 40 35 4 38 87 14 5 47 53 74 61 93 17 88 63 39 17 24 74 60 53 2 90 15 43 91 96 32 93 88 39 55 72 56 32 59 52 66 75 88 69 21 31 39 92 95 0 73 24 68 59 75 38 51 5 58 82 57 75 47 37 33 86 44 60 16 43 91 27 46 53 42 74 57 26 7 86 48 42 26 39 58 50 30 28 69 12 21 32 76 68 82 48 81 18 71 13 23 8 46 3 75 63 24 74 25 70 45 52 20 31 30 59 68 52 32 96 2 31 40 4 9 49 0 74 10 57 5 46 49 37 29 65 23 85 63 84 71 26 56 69 65 29 24 23 36 77 78 73 15 98 64 54 14 98 79 60 82 5 89 55 30 4 96 91 11 15 54 33 3 27 1 77 53 85 89 15 68 0 23 20 16 5 77 47 49 69 63 9 75 86 8 80 6 90 66 23 43 69 6 59 59 41 99 77 34 66 44 64 66 7 80 23 2 27 6 30 73 81 13 21 83 82 86 74 45 47 47 29 4 86 30 80 48 8 27 68 14 94 86 13 32 80 53 0 47 97 20 23 5 89 21 57 81 87 86 0 84 95 69 7 92 23 51 92 42 68 84 6 40 75 83 46 69 8 33 95 76 64 90 31 71 22 62 72 60 55 49 67 53 90 90 47 25 88 29 34 78 32 95 80 11 39 41 28 41 51 72 14 98 29 1 97 90 8 73 50 30 20 86 93 21 23 86 73 1 13 31 58 94 50 40 68 9 32 15 65 48 69 11 91 68 19 8 13 14 47 81 4 10 75 86 76 53 91 62 95 34 13 2 92 91 72 26 49 33 86 59 48 22 
58 50 22 57 41 8 47 63 42 3 73 40 63 76 60 79 62 45 91 87 58 25 81 6 51 14 24 59 59 38 6 27 21 45 29 87 58 37 12 53 99 47 25 40 14 57 95 29 4 89 1 71 70 57 8 69 47 91 95 19 53 91 49 91 27 74 66 61 19 6 35 68 24 12 88 46 78 37 51 65 21 99 87 16 58 29 5 50 51 34 53 53 98 31 64 42 84 76 44 63 28 36 85 24 66 18 91 10 24 67 4 49 56 9 79 29 86 14 12 12 60 10 23 57 4 9 51 8 36 77 40 29 5 82 77 2 72 14 49 0 8 35 40 8 54 43 64 38 66 92 54 19 11 12 51 40 3 86 23 49 95 97 89 75 57 81 3 80 60 36 78 64 74 75 61 98 63 12 27 15 1 14 59 66 70 55 51 56 85 98 31 90 44 13 55 1 50 36 99 39 85 79 19 3 50 20 78 47 35 25 78 52 80 77 37 51 10 12 95 14 21 52 80 53 5 89 62 19 62 64 18 24 38 60 11 63 19 21 12 42 58 74 60 21 11 12 46 65 42 47 18 3 66 28 44 64 64 84 35 61 62 53 51 77 12 22 83 42 14 92 66 41 87 78 70 42 54 96 49 4 12 47 16 93 69 19 17 9 82 11 85 7 70 98 70 76 7 98 29 50 59 61 84 0 52 13 6 20 57 12 91 24 34 57 77 38 94 21 31 78 86 42 25 49 61 67 60 27 54 12 71 17 62 97 58 69 83 49 59 41 88 49 94 17 93 12 90 72 93 69 0 89 78 39 57 0 29 6 80 4 27 43 93 85 51 40 21 69 13 7 81 38 98 70 60 8 81 73 65 49 1 44 14 28 56 89 83 18 88 96 6 82 96 64 69 48 5 37 88 20 
77 70 21 64 64 80 69 83 86 87 13 68 80 98 76 14 29 2 63 45 3 32 86 97 38 2 41 45 61 44 52 70 85 43 50 49 78 91 8 99 71 31 35 76 4 54 67 95 1 11 87 71 62 75 85 52 1 78 40 67 72 27 11 72 11 89 8 79 20 22 45 41 1 69 97 75 38 80 78 87 20 75 5 70 5 68 43 53 1 67 31 88 11 52 51 4 69 62 92 13 21 66 96 95 76 88 90 76 66 17 13 74 98 11 97 28 23 89 78 67 21 38 37 63 73 99 96 16 41 70 29 34 71 54 50 47 68 69 71 43 91 13 52 0 54 22 69 87 97 58 88 62 87 14 6 60 37 85 48 86 11 18 71 36 72 63 78 79 17 47 87 88 39 55 92 45 73 73 55 62 60 5 48 38 57 12 54 35 70 1 93 28 5 30 71 30 85 40 60 41 99 83 14 3 48 8 0 21 47 83 54 25 61 63 42 60 24 36 22 88 25 16 22 85 45 21 35 76 22 74 21 16 29 28 92 32 51 39 61 4 4 33 23 92 75 74 39 26 56 81 13 4 74 2 40 0 61 64 6 50 47 29 31 15 56 91 54 35 64 93 1 6 72 23 81 31 61 22 78 65 20 72 56 13 45 6 98 83 83 58 81 8 79 72 41 20 68 4 27 85 54 54 26 0 50 44 8 22 94 99 84 74 54 48 9 68 13 49 56 9 80 56 90 26 91 48 8 42 53 90 36 4 47 81 88 28 44 48 48 65 75 32 83 47 32 14 62 98 16 94 55 50 55 38 56 24 39 76 6 25 71 61 63 66 81 70 14 28 24 9 38 72 20 61 25 77 99 29 95 81 68 42 9 46 86 3 63 74 35 13 82 13 17 90 22 57 21 99 76 6 
67 57 77 39 1 67 30 25 35 6 50 82 42 37 53 69 79 47 92 64 43 58 33 46 92 5 53 14 79 9 26 68 16 12 90 47 10 66 96 82 91 88 33 46 62 30 88 55 51 19 14 63 47 20 61 32 97 89 90 58 59 91 28 48 25 55 67 18 54 53 69 3 89 41 44 64 76 77 36 40 50 95 2 21 50 10 21 79 1 55 99 88 49 39 55 16 40 89 90 65 98 29 40 46 83 14 9 79 11 11 92 61 32 38 82 40 9 49 6 60 51 35 3 55 20 21 95 7 86 7 71 45 95 33 42 66 66 89 18 17 52 4 64 16 84 37 48 2 36 1 90 77 22 84 91 25 69 14 42 53 87 93 80 32 10 50 22 51 38 2 55 17 39 35 41 38 68 40 88 73 91 33 56 67 61 86 74 13 76 65 74 54 39 22 87 84 38 35 36 85 95 80 98 35 28 25 18 28 46 14 48 99 93 22 4 35 21 46 96 15 9 36 10 42 70 59 56 36 18 49 21 88 40 72 53 11 95 2 39 80 83 87 38 10 44 83 39 47 90 92 62 79 19 88 15 45 15 27 5 11 13 0 23 44 47 54 23 29 35 33 57 28 15 80 97 53 66 9 16 37 56 11 70 65 48 28 63 95 79 39 24 79 40 95 1 69 90 57 37 29 70 26 71 30 81 65 90 20 68 63 63 72 14 80 15 17 22 65 13 52 2 67 56 91 35 55 56 47 82 69 85 59 98 66 57 84 91 77 76 86 46 86 25 47 62 34 82 95 54 90 94 76 28 70 46 15 18 71 38 90 71 39 21 55 44 9 72 13 55 37 79 81 48 90 52 96 66 30 25 7 76 93 20 27 69 0 61 35 32 76 74 46 8 3 25 1 16 50 15 13 
54 60 16 44 41 26 15 82 95 20 87 46 8 10 10 66 8 2 33 83 7 77 32 60 83 20 40 94 77 30 62 72 8 83 97 99 50 23 51 97 89 39 40 82 21 82 32 79 66 40 86 39 53 23 97 78 18 11 2 48 77 92 5 82 69 70 96 51 47 16 86 5 23 87 21 40 76 25 31 60 32 73 9 67 43 34 28 42 74 84 75 28 82 57 77 31 96 4 49 86 60 46 51 30 79 85 89 89 50 62 98 27 63 46 49 47 61 5 65 62 51 70 88 79 17 16 25 75 50 29 83 45 37 28 91 32 71 77 36 83 40 22 33 38 58 66 19 40 82 72 57 80 81 61 28 27 54 38 38 66 28 78 90 44 46 19 61 3 16 98 15 24 33 76 17 43 80 62 53 56 68 48 31 3 67 38 75 18 88 31 51 92 63 11 22 52 6 18 61 63 6 9 5 99 32 37 73 96 96 54 21 88 97 81 95 34 50 5 78 11 69 74 44 5 58 39 92 87 90 26 3 5 97 58 14 3 96 20 37 48 15 17 83 45 38 63 34 83 74 57 39 77 63 92 9 54 88 71 11 15 94 91 80 79 16 88 47 58 34 22 89 83 9 51 93 49 43 24 42 17 51 47 93 10 23 12 83 21 60 2 79 50 62 64 91 42 65 27 99 91 46 75 22 49 90 18 5 42 52 75 94 40 97 86 69 49 25 7 45 23 55 17 97 58 29 70 16 79 74 32 98 50 80 50 8 94 5 63 63 11 24 90 43 88 32 39 57 82 61 20 23 9 89 64 56 50 13 44 80 40 16 51 96 67 8 64 57 98 40 61 73 27 72 93 51 29 11 65 40 77 78 68 86 21 14 6 44 21 20 27 86 11 98 83 46 50 17 72 31 9 
13 73 37 76 97 78 93 27 59 13 67 90 78 79 17 41 18 72 77 17 75 98 14 6 98 25 87 95 20 3 69 35 49 90 86 61 81 78 58 82 40 23 45 89 43 16 76 80 28 77 0 97 58 82 25 7 94 60 28 78 77 92 19 56 8 54 45 98 64 71 40 26 50 22 42 22 50 88 36 13 37 26 85 69 1 75 86 29 72 97 99 23 8 52 10 48 54 65 65 55 40 73 85 56 92 31 22 26 22 74 44 18 45 18 30 93 55 44 81 84 50 68 31 7 45 30 13 52 86 53 94 48 51 40 81 66 72 29 78 47 73 62 64 66 20 74 65 73 57 2 2 16 16 96 77 84 11 55 45 42 5 31 8 41 62 3 90 18 28 17 97 50 1 50 32 1 66 37 45 33 35 32 22 5 0 93 91 27 84 23 32 24 87 9 12 14 93 34 26 38 73 86 59 16 60 4 69 27 23 80 90 77 97 27 56 91 29 33 16 57 22 9 52 4 40 15 69 96 80 78 77 88 87 21 77 71 52 0 2 48 34 59 45 94 75 86 33 86 2 41 28 76 42 58 20 20 76 41 75 65 47 55 41 22 22 62 86 29 69 91 40 68 48 25 17 50 53 14 24 94 88 72 96 6 79 57 33 75 43 62 83 82 37 92 64 34 29 4 54 48 57 1 66 91 49 87 43 98 34 94 13 59 91 67 15 46 87 3 98 36 60 82 44 56 84 22 38 79 65 3 74 6 14 61 44 86 57 8 17 39 75 11 96 49 54 93 77 79 8 63 35 73 48 62 35 45 34 52 93 44 27 5 69 26 90 76 82 51 27 13 69 55 20 29 46 73 55 40 34 39 68 46 41 85 67 54 94 23 91 67 11 19 40 11 55 16 23 25 1 87 
53 45 15 12 33 15 82 97 76 24 71 41 81 4 91 4 9 29 91 80 81 54 15 55 7 84 12 32 70 97 64 59 97 41 37 57 61 46 0 27 66 82 27 81 15 24 37 30 73 24 85 54 11 10 10 4 95 38 13 10 6 19 47 97 92 65 13 85 42 5 41 93 13 78 75 39 56 75 47 59 61 90 37 0 76 39 39 18 11 49 25 6 97 92 71 67 73 32 46 42 66 17 24 1 77 31 46 43 78 24 62 19 7 44 62 53 61 52 62 45 96 82 81 56 25 24 67 28 14 51 69 23 6 45 81 13 82 18 0 37 75 20 69 38 88 21 8 67 66 34 15 69 30 93 68 12 27 66 47 7 90 21 9 4 26 30 21 63 91 74 93 81 57 14 37 12 12 18 84 41 15 76 47 71 61 61 6 6 59 38 31 34 44 67 22 45 42 84 63 46 73 24 42 83 25 35 40 34 26 51 57 59 15 47 17 29 73 90 43 90 97 9 20 0 25 0 56 18 85 26 39 26 64 16 90 68 98 83 36 94 48 31 59 53 96 86 61 56 21 74 56 96 69 47 26 29 85 61 92 47 48 16 25 98 4 25 78 42 50 33 25 49 28 23 82 39 36 6 32 33 30 98 80 37 90 64 35 77 43 9 69 40 3 24 78 56 1 11 72 26 71 33 17 24 91 18 15 45 40 31 53 66 60 73 47 43 97 46 85 68 61 65 88 49 78 23 97 27 66 32 70 93 6 40 70 5 29 97 37 52 92 88 64 33 11 29 50 28 46 88 19 90 29 37 12 78 21 32 91 4 52 97 96 61 87 50 52 82 38 31 60 54 35 45 50 8 47 22 12 50 9 88 62 63 12 60 97 16 0 5 19 9 75 77 32 68 66 2 9 42 
81 17 57 60 31 83 70 33 39 69 13 55 82 54 16 39 10 91 31 93 66 38 77 99 91 61 28 96 14 73 31 0 96 74 91 99 90 82 32 47 29 42 66 2 80 36 59 38 27 45 59 63 96 36 81 30 92 4 23 15 89 15 90 78 85 11 59 77 81 69 53 54 59 32 42 30 37 87 87 9 3 27 24 24 14 47 20 22 6 76 90 4 1 87 96 91 93 32 15 52 24 41 96 58 74 96 9 33 39 6 99 70 13 0 94 58 68 86 29 32 96 9 92 31 15 21 43 55 28 24 45 62 91 6 1 94 25 41 28 14 94 62 43 66 70 85 38 95 57 14 20 42 99 61 21 8 79 94 34 50 5 72 92 33 9 75 20 68 98 36 89 29 96 66 11 50 58 26 11 17 67 98 54 6 83 41 98 31 32 18 18 92 10 15 33 64 23 36 86 11 15 5 79 14 60 68 44 96 29 22 37 83 4 11 30 6 92 87 5 12 32 16 53 25 29 82 67 79 34 50 70 92 1 95 75 57 49 96 20 54 70 33 96 5 61 36 96 92 65 59 53 11 85 17 14 61 51 61 58 9 92 53 61 73 20 14 87 26 84 47 2 99 75 77 1 10 82 62 13 79 88 77 47 72 56 56 78 44 72 63 31 76 37 52 89 87 68 23 82 5 73 29 59 43 70 23 23 40 35 17 16 47 39 11 53 19 29 78 11 19 87 24 4 11 27 32 33 30 81 78 92 27 72 89 77 25 56 6 63 86 67 4 21 75 75 32 66 28 3 35 48 56 30 1 28 30 40 49 42 67 30 22 42 6 96 16 15 23 33 44 16 88 87 67 88 77 16 26 10 88 36 82 41 0 35 46 8 65 41 34 54 88 56 24 19 7 43 37 14 8 
5 49 70 3 51 60 22 96 57 10 34 37 70 87 51 56 11 98 50 29 14 23 76 91 71 7 72 79 99 21 57 88 47 58 77 33 71 4 6 8 60 51 85 65 66 56 53 30 98 90 53 16 99 65 96 66 87 56 75 80 33 12 40 67 69 31 50 99 11 34 1 21 55 45 71 38 40 34 63 92 44 41 41 39 84 12 51 39 24 79 2 24 73 61 3 81 85 83 96 5 87 56 78 43 47 46 25 78 60 44 78 45 28 64 7 27 80 23 15 32 33 71 53 37 63 24 99 67 12 23 19 36 38 82 89 83 8 28 46 51 46 11 73 24 72 31 30 86 85 99 15 3 40 21 18 29 66 66 91 27 69 82 48 90 53 69 62 11 10 59 90 11 73 42 0 99 94 65 22 41 81 47 48 7 3 8 91 23 67 95 88 94 82 49 74 53 8 45 70 64 0 96 14 53 34 75 87 69 87 86 56 69 72 84 64 64 51 33 19 27 70 22 72 1 41 3 85 87 35 77 0 15 60 87 61 93 13 94 47 66 47 36 67 25 16 65 50 26 51 91 15 64 67 68 13 14 43 81 62 74 49 42 80 62 72 35 43 63 6 25 63 54 69 76 15 12 20 87 11 81 41 99 86 4 66 93 83 30 88 11 48 45 20 23 19 79 25 72 64 7 36 97 4 65 23 1 25 20 47 54 26 77 23 64 0 2 98 99 4 78 12 44 47 75 2 45 68 60 74 52 89 21 77 48 9 95 11 88 16 84 14 9 87 98 43 19 53 62 13 61 42 89 19 88 60 62 40 7 59 43 17 48 45 49 19 94 34 36 74 8 0 24 57 5 62 92 11 20 70 1 13 29 41 22 84 76 78 81 94 78 1 91 48 99 21 83 11 19 11 52 
56 23 86 72 96 33 36 43 7 78 70 53 23 60 19 71 21 64 25 24 80 74 81 99 0 27 0 67 17 81 53 68 68 49 8 80 6 94 32 96 85 98 66 67 83 17 46 27 8 68 17 67 33 14 63 33 45 80 94 89 25 51 79 74 96 32 33 80 85 95 22 29 99 7 68 43 24 37 33 50 33 22 99 30 74 22 92 20 87 35 7 58 38 3 25 63 58 69 18 20 11 49 55 87 75 58 46 62 28 67 69 96 82 25 78 89 79 72 22 88 38 52 76 28 49 86 68 24 11 18 85 96 53 79 58 15 71 58 32 86 61 60 53 21 14 95 55 96 8 33 52 97 73 54 28 5 39 55 99 11 79 95 81 88 99 47 3 87 19 8 84 97 48 7 33 45 20 73 92 56 9 92 27 71 46 18 55 39 70 75 86 14 94 36 18 56 56 86 7 13 53 64 92 17 29 77 65 24 1 94 16 55 82 3 69 2 71 47 42 36 26 81 42 84 83 4 33 13 18 10 65 32 44 73 72 96 99 10 18 42 21 82 8 26 14 62 13 46 73 66 68 78 81 54 22 40 20 51 93 81 99 35 49 83 31 7 66 88 72 21 71 19 84 19 86 90 46 10 35 60 7 58 9 67 25 77 98 68 7 22 58 6 32 52 12 40 91 95 48 71 50 99 84 72 97 43 89 41 38 23 96 62 7 32 69 18 35 11 51 51 85 85 85 42 5 26 81 6 4 57 53 0 18 7 58 83 38 18 53 33 2 88 27 9 31 52 77 95 75 56 4 5 65 95 57 31 22 65 64 49 86 0 74 15 20 82 76 33 49 29 47 93 5 62 76 86 84 73 61 14 97 83 61 42 65 37 54 59 10 12 13 73 56 61 2 4 80 35 63 39 
83 55 93 68 1 48 36 43 70 39 7 3 69 8 70 46 31 50 49 32 82 23 25 78 35 64 89 39 13 83 21 80 24 97 14 88 60 19 74 98 29 24 65 6 14 89 92 61 21 63 45 37 71 91 43 64 52 56 80 4 85 54 68 31 59 47 59 28 43 22 70 66 37 85 10 51 77 51 98 31 21 63 2 6 95 20 20 63 33 9 17 67 82 11 63 42 18 52 38 84 94 46 85 30 41 9 82 82 86 33 69 68 27 95 49 27 58 17 19 40 42 89 2 48 77 62 11 20 91 89 90 64 13 23 90 36 26 34 82 91 25 9 67 49 37 63 0 32 22 67 84 89 85 13 67 79 61 89 63 72 47 53 84 24 83 20 97 31 44 96 69 50 30 67 98 80 82 22 42 69 29 26 35 75 28 95 3 9 84 77 79 44 18 65 11 40 45 81 35 27 19 16 68 84 88 96 78 2 65 25 80 70 44 88 5 27 17 67 62 68 8 57 32 39 8 5 63 32 55 60 74 68 75 42 29 31 9 96 69 24 59 11 20 15 19 64 37 3 26 57 28 69 19 63 72 65 60 40 24 72 57 78 33 62 43 9 30 12 55 38 77 16 40 45 25 0 26 96 87 29 4 80 78 9 55 39 98 58 83 62 7 48 83 38 37 53 20 82 47 32 7 39 22 48 88 82 23 69 53 37 56 63 34 76 15 31 8 70 79 58 25 93 87 29 85 78 92 81 10 12 14 42 1 82 98 59 14 67 3 51 79 14 55 31 38 42 71 62 24 12 37 66 70 2 64 33 62 10 49 54 85 40 61 41 88 32 47 48 75 35 80 20 2 60 72 88 70 2 43 80 66 64 67 16 38 24 71 26 43 91 4 76 85 1 48 83 13 56 21 53 
24 15 66 70 36 18 75 54 59 31 49 40 17 30 45 9 17 44 31 26 68 49 30 52 89 84 25 99 37 63 50 5 51 59 34 71 85 69 13 84 1 34 12 17 50 60 56 14 2 13 32 63 1 19 78 52 79 73 42 37 38 5 12 4 52 38 83 49 75 36 74 64 28 70 5 33 21 4 31 25 54 97 23 51 57 10 44 46 5 39 74 60 16 69 90 82 25 53 9 75 45 48 60 81 43 56 38 27 73 58 14 44 73 92 11 88 42 5 5 0 88 42 94 82 61 56 85 67 36 27 37 36 26 45 85 51 52 67 78 87 4 55 58 97 63 15 68 85 10 97 12 84 52 72 65 98 43 69 71 23 90 5 18 70 67 34 8 58 97 36 90 13 64 6 62 82 28 10 95 70 2 81 29 60 56 70 15 85 92 21 39 78 28 59 64 60 4 68 65 83 55 51 61 93 54 93 70 25 75 8 83 18 82 66 33 98 34 39 32 69 50 99 18 60 23 84 51 42 25 74 5 8 10 91 47 28 66 37 35 88 85 98 56 23 98 96 75 25 48 37 33 91 54 64 22 62 94 96 16 32 5 85 19 46 13 93 60 64 76 72 60 62 38 95 62 92 85 90 23 37 71 44 97 43 19 47 38 74 87 72 54 62 6 72 80 10 18 52 77 2 44 2 53 71 86 4 50 81 64 76 18 98 75 69 28 66 87 93 66 21 56 80 94 48 10 52 34 42 51 53 33 90 53 70 38 39 17 53 55 31 43 24 83 0 3 76 95 46 48 50 19 60 23 43 87 18 82 12 11 55 37 39 28 25 72 97 16 22 86 93 50 28 18 39 50 71 1 84 93 56 15 73 20 77 81 74 49 20 14 14 15 58 76 7 55 85 89 43 66 8 
59 68 93 77 1 40 63 35 83 38 14 17 20 59 37 30 57 12 24 15 9 95 96 26 67 17 69 64 12 7 13 17 94 79 10 62 60 81 47 84 2 41 43 27 47 47 15 70 21 54 49 77 97 97 16 30 48 80 50 73 5 97 24 69 28 50 21 20 50 26 65 74 14 18 59 8 67 46 13 16 3 84 59 3 92 72 14 80 57 36 79 3 11 63 79 16 97 60 72 1 8 80 33 93 43 20 70 27 6 44 99 86 44 81 46 66 91 11 75 79 7 47 27 64 36 58 2 75 40 86 5 3 98 55 72 66 84 20 81 64 38 32 21 31 52 9 3 88 18 79 62 31 42 30 94 79 30 48 98 60 66 20 56 76 32 70 85 75 2 18 55 50 64 42 4 99 71 98 9 79 77 48 15 72 46 32 8 20 2 1 14 57 92 17 91 50 41 50 85 41 66 33 52 35 0 83 19 38 49 25 80 26 27 33 19 38 70 51 94 75 11 61 74 44 96 21 68 72 79 62 94 17 9 14 24 14 81 3 47 28 69 33 89 64 81 18 4 29 72 11 3 16 39 15 51 35 98 33 11 69 52 47 86 86 10 28 24 99 65 89 47 49 20 16 3 83 40 0 81 13 42 29 48 95 84 19 60 40 88 45 98 87 53 20 4 95 44 36 59 82 62 38 23 45 58 30 54 50 22 47 67 54 77 77 36 12 67 6 61 41 56 40 11 17 26 70 9 94 90 57 2 76 69 53 59 28 43 84 30 17 63 34 28 16 9 50 3 55 28 52 59 45 68 91 85 71 71 93 72 30 33 32 20 35 66 43 16 7 39 50 20 48 25 78 7 31 37 36 13 20 91 36 68 28 50 61 89 5 71 24 73 51 25 60 73 4 24 60 65 56 
77 83 71 95 50 2 56 28 35 13 59 91 35 79 55 29 7 39 49 91 31 75 41 64 90 30 85 3 33 63 22 16 63 35 92 22 39 71 44 65 9 82 60 65 62 8 53 26 74 36 92 21 79 32 79 51 88 90 73 41 99 48 52 28 67 80 54 73 40 89 46 40 4 70 32 88 86 96 84 90 61 22 99 63 55 16 3 87 78 43 84 36 19 24 26 62 34 15 21 49 61 35 18 75 68 91 84 58 16 83 75 57 78 22 84 74 27 30 41 48 30 86 90 26 41 71 96 92 39 95 53 56 90 62 93 64 84 85 55 49 8 88 67 68 38 54 54 88 43 12 66 7 10 2 28 61 1 41 59 85 68 66 39 23 38 97 50 98 74 85 77 59 74 99 10 21 25 58 45 22 74 10 61 38 91 68 93 47 51 96 54 76 71 64 62 95 3 73 77 96 92 11 11 59 45 85 39 53 27 33 22 13 45 77 23 46 80 83 45 31 66 7 33 35 37 82 66 94 99 65 43 16 99 42 80 76 38 82 23 32 31 68 8 75 64 9 90 3 91 40 37 45 7 48 97 61 90 4 92 62 66 22 26 13 59 47 0 52 25 5 84 91 67 74 91 74 95 41 48 78 2 19 15 4 22 67 17 54 58 73 71 21 26 67 53 71 4 85 84 6 62 39 21 60 61 56 52 89 53 82 29 41 66 91 58 74 11 25 49 78 73 86 35 77 54 61 89 42 70 9 70 46 61 79 74 73 14 42 34 51 44 51 3 94 3 21 99 66 62 50 89 29 66 34 5 17 81 44 84 78 28 59 29 24 49 94 0 56 94 15 41 38 54 69 92 3 5 92 8 8 46 49 50 71 78 62 68 44 20 59 61 27 23 66 54 44 80 92 94 7 
8 52 6 45 60 3 60 34 31 17 76 12 56 35 51 32 81 41 36 44 43 91 25 41 99 86 39 90 20 88 36 20 30 16 55 16 58 58 49 18 79 63 60 3 8 91 25 4 51 0 49 84 38 99 54 64 4 32 3 30 26 7 46 21 38 68 47 7 96 14 13 54 15 55 42 23 66 82 82 84 4 23 80 48 12 84 78 13 89 76 58 81 74 44 25 69 81 83 27 94 73 22 83 36 8 8 0 97 82 72 12 26 87 53 92 0 95 17 1 98 44 77 81 41 27 40 17 56 11 38 77 1 82 10 4 95 98 63 74 65 95 36 15 24 53 23 10 56 33 47 1 65 59 20 75 23 35 38 44 38 48 56 36 0 27 48 95 91 96 16 98 48 31 59 69 64 27 56 53 80 95 29 76 88 27 48 5 60 64 59 8 71 83 26 4 79 72 9 24 48 80 22 34 84 36 28 64 72 98 1 73 17 69 24 98 81 48 94 97 94 3 26 88 43 9 24 78 74 29 76 35 94 64 58 74 27 39 39 36 66 65 29 10 61 62 4 81 14 54 82 41 23 28 44 72 42 59 17 17 6 34 39 17 53 69 27 68 11 27 66 95 68 91 69 5 57 68 44 55 97 16 91 85 53 66 17 65 52 99 94 38 41 38 94 69 14 83 54 98 22 38 51 35 28 79 40 57 30 33 61 60 69 7 94 39 14 99 96 46 94 29 6 87 96 50 14 40 67 98 91 40 95 62 46 23 32 34 20 58 22 26 46 78 33 3 18 9 45 93 2 40 50 95 22 74 8 30 43 16 97 73 76 92 41 76 12 8 63 96 42 1 91 31 32 7 63 52 16 30 70 37 30 81 37 35 41 71 88 90 32 35 29 10 76 24 30 12 49 81 37 
45 64 69 75 56 59 54 94 70 99 63 28 39 85 87 4 30 48 72 67 97 42 77 45 7 45 91 41 54 28 10 2 93 70 38 64 60 38 72 94 41 68 99 41 23 78 82 97 96 55 39 27 37 72 96 31 69 96 18 2 70 33 48 70 59 63 85 61 57 89 56 63 56 78 22 80 4 94 68 30 85 29 59 27 16 31 98 69 4 64 84 25 51 18 49 89 96 76 77 86 77 9 82 69 72 14 44 97 16 25 31 81 21 63 49 46 59 98 31 45 87 46 1 38 74 44 55 3 96 61 78 74 73 66 70 45 53 80 74 61 77 2 63 64 59 4 52 78 78 98 85 37 99 89 5 17 35 18 82 25 83 97 44 11 84 35 85 53 63 39 15 22 60 33 66 18 64 60 40 30 73 59 98 95 93 38 33 55 50 14 21 93 57 84 96 96 36 65 2 58 38 80 96 81 92 32 62 55 33 97 46 94 95 84 85 98 51 57 44 58 55 48 80 84 81 83 49 77 71 47 9 88 81 10 43 18 19 20 74 14 67 65 32 78 81 49 7 90 65 37 94 15 37 49 75 75 60 10 12 54 58 46 39 72 33 2 78 66 71 60 11 37 37 12 89 3 23 8 67 83 61 22 68 67 42 13 35 68 34 72 20 72 45 98 3 68 6 11 81 3 2 86 56 63 18 7 34 7 33 50 49 85 2 85 45 0 28 47 67 5 43 66 73 61 4 50 53 6 48 22 62 27 50 42 5 96 53 42 13 43 75 78 13 40 51 22 34 52 12 32 87 20 35 47 63 30 59 55 26 40 75 7 59 80 71 45 98 41 23 68 65 47 65 94 32 20 13 16 33 41 62 19 60 87 90 96 15 44 53 72 33 96 74 65 72 24 47 19 88 32 
44 58 62 40 74 14 57 1 24 12 76 69 97 73 93 73 27 81 76 41 52 69 62 97 3 16 27 33 73 63 70 6 72 79 33 52 59 59 85 88 27 42 18 19 94 61 70 77 35 61 90 82 38 88 14 31 88 73 14 1 0 49 21 95 26 84 37 1 64 57 18 83 68 29 48 22 46 92 23 69 38 57 98 8 80 43 4 50 90 72 84 99 33 91 23 0 4 88 26 85 17 43 78 59 93 89 81 96 35 18 29 48 32 72 67 74 1 22 20 9 44 72 82 83 28 6 46 19 32 60 17 86 37 94 29 17 55 27 89 4 25 26 39 10 12 42 25 51 79 58 98 26 52 58 15 93 96 25 62 50 43 28 85 99 58 93 9 59 38 39 81 90 6 49 86 19 48 89 97 29 76 87 87 21 20 70 15 49 35 82 93 55 73 75 66 67 2 97 72 51 70 12 51 18 16 26 45 71 42 59 66 75 73 20 10 40 57 7 83 19 59 17 37 64 93 77 28 56 14 5 50 28 43 55 97 96 49 2 4 62 35 88 80 9 74 73 72 32 75 25 5 23 73 15 5 72 81 36 64 5 54 22 17 85 52 3 39 20 51 96 63 53 39 73 79 99 67 76 51 81 54 70 71 29 65 32 86 2 47 5 98 42 38 28 27 88 66 81 92 31 55 37 67 34 98 66 68 60 27 59 10 31 82 79 61 85 79 31 11 84 72 99 44 39 33 42 79 0 89 73 4 51 12 24 35 98 95 6 10 95 16 62 18 63 10 46 82 24 43 85 60 73 8 56 16 56 28 24 82 49 25 82 11 21 64 66 71 70 51 29 98 13 48 2 25 87 99 91 38 92 72 5 54 93 42 4 85 29 99 44 59 95 50 40 18 98 33 79 84 72 
22 93 19 15 24 30 90 81 41 22 61 23 35 76 28 68 0 96 19 46 6 75 42 98 11 68 84 52 32 18 33 94 0 43 53 45 0 11 53 19 68 70 12 23 56 94 62 18 40 8 83 48 29 68 7 18 57 78 1 69 93 80 50 54 81 86 12 31 47 81 63 11 48 27 10 26 7 22 44 31 95 7 0 49 36 45 79 11 73 37 54 51 68 4 84 42 96 16 1 18 63 15 82 63 16 6 39 38 84 36 11 59 65 50 55 54 14 2 25 1 80 74 90 52 60 99 90 9 15 85 19 96 58 66 85 49 14 47 44 53 66 85 10 55 18 52 62 12 4 44 90 76 5 37 17 3 95 52 72 38 40 74 94 43 1 57 85 40 16 9 95 46 91 25 97 33 30 86 63 89 98 19 28 93 75 65 72 19 83 88 11 47 16 47 15 81 44 53 16 72 71 81 63 72 77 19 77 78 40 47 62 67 44 74 45 70 53 26 18 2 21 75 30 19 19 63 1 52 27 94 49 17 26 38 73 73 65 68 97 7 65 24 21 45 73 6 53 93 76 73 83 95 93 84 1 2 96 3 28 74 77 27 5 75 3 81 83 36 82 20 17 98 85 24 70 66 7 46 74 80 48 86 19 30 2 0 72 40 33 42 5 21 72 4 79 82 56 33 44 97 42 90 6 33 20 53 60 28 16 3 46 17 41 68 11 51 6 74 68 49 48 9 98 44 46 54 47 2 10 11 37 44 11 70 47 54 26 64 44 74 93 24 17 82 66 12 66 86 47 39 96 73 34 23 42 47 16 45 61 3 61 55 1 45 74 61 0 43 26 11 29 64 18 98 45 61 37 37 93 43 54 94 37 89 83 97 22 46 21 20 22 81 9 24 40 85 7 71 70 7 
17 66 55 74 55 89 0 65 72 52 54 82 11 20 17 39 26 67 96 9 87 28 69 1 54 43 18 62 66 11 8 22 63 25 22 96 55 64 97 10 88 21 47 44 54 65 78 32 61 56 75 16 92 60 26 57 67 87 92 57 99 70 6 64 32 42 59 34 59 3 65 4 77 67 28 51 70 88 36 77 26 49 36 67 1 13 90 78 89 57 85 71 37 43 73 72 96 32 89 12 55 24 39 27 62 70 80 8 36 89 17 44 26 53 49 42 98 59 72 57 33 48 77 14 65 99 23 52 62 93 29 34 23 16 3 87 77 4 83 72 80 5 63 7 37 65 81 69 55 9 28 20 76 73 45 83 55 49 22 76 40 21 94 88 59 14 86 28 16 26 77 77 50 20 94 68 39 40 89 28 28 16 91 25 73 8 92 23 67 42 42 14 12 34 88 43 15 56 58 22 84 91 31 77 82 17 68 1 11 91 31 44 28 75 72 31 74 16 54 61 9 70 2 67 27 1 15 49 94 90 5 45 85 40 7 39 96 61 63 5 75 22 54 27 85 50 27 57 5 17 56 4 48 32 98 39 4 93 72 75 85 5 55 33 95 8 0 14 99 52 30 47 17 56 70 3 17 87 25 61 24 93 21 78 33 65 38 30 1 27 18 70 68 93 15 27 25 85 27 0 20 33 34 97 62 13 20 10 93 64 45 30 28 9 65 58 4 16 75 41 12 54 73 33 3 25 69 61 89 51 70 80 39 20 50 86 6 2 35 74 68 5 43 16 17 96 68 64 49 6 8 34 99 40 18 43 73 9 81 72 5 47 72 50 24 38 62 10 44 87 47 98 20 7 55 71 26 36 71 36 80 94 45 75 92 81 96 30 84 31 92 29 94 1 70 22 27 51 39 69 
46 91 77 37 79 6 30 47 28 69 73 94 93 17 7 94 63 94 43 41 22 81 21 31 79 32 95 60 55 30 55 91 82 27 11 61 26 81 23 92 32 28 7 74 3 51 93 53 50 23 27 67 96 87 0 9 90 85 43 72 1 88 64 36 25 67 64 21 29 48 75 90 16 69 60 28 15 75 79 79 95 31 9 54 70 58 69 65 53 59 66 86 45 12 34 69 51 70 41 53 80 37 29 22 28 71 20 56 85 82 54 31 76 11 76 61 92 6 17 94 6 83 85 10 87 95 8 44 75 88 12 5 50 9 81 66 22 70 67 42 89 35 17 71 75 74 13 28 29 18 76 59 15 69 7 37 79 5 42 22 47 98 44 77 37 75 67 3 16 96 78 19 22 38 48 22 9 93 31 11 70 18 20 22 20 92 9 69 92 49 68 28 85 68 94 17 87 49 36 10 72 66 88 65 66 5 67 40 33 96 2 51 91 11 7 78 99 80 21 31 20 43 67 16 78 85 80 21 37 83 51 65 80 23 29 13 23 86 43 81 5 34 62 34 84 5 68 51 62 91 41 28 5 45 26 76 54 66 56 69 71 74 80 42 4 65 62 40 82 41 55 1 51 51 40 97 65 48 48 69 95 98 61 10 16 16 49 62 73 14 62 90 0 26 76 83 82 84 74 40 51 7 60 52 4 80 27 28 34 63 69 57 80 8 63 51 68 95 81 28 2 26 37 58 50 14 66 30 49 25 81 59 57 88 61 22 28 81 75 60 78 14 65 1 6 11 97 98 35 59 45 93 75 54 13 34 99 23 90 22 44 96 28 88 50 67 2 96 95 33 97 11 70 6 16 58 32 23 2 18 39 27 45 72 98 9 86 95 84 76 32 63 44 56 54 66 28 33 75 56 
44 9 36 47 38 83 9 84 20 21 83 97 57 93 29 51 44 24 77 95 57 42 21 56 29 58 91 87 80 49 85 19 85 73 28 82 94 96 16 0 0 0 71 98 89 53 54 13 92 58 5 8 90 89 1 7 15 13 4 22 14 84 11 34 64 76 6 14 37 41 81 88 73 18 90 33 51 53 23 70 24 59 82 57 10 0 18 15 21 22 79 59 90 17 81 15 62 30 61 58 89 16 29 70 79 84 97 66 79 2 21 38 22 69 80 45 63 27 74 16 5 9 39 2 19 33 64 8 35 36 81 5 20 63 63 92 22 4 70 77 96 58 71 29 76 14 36 58 15 99 76 10 21 89 25 71 71 24 75 59 34 86 15 37 23 62 63 8 82 38 92 90 79 17 77 87 40 50 46 99 83 84 8 62 70 66 15 34 96 21 42 78 89 63 74 77 78 70 89 97 2 70 96 17 24 83 91 57 43 22 0 52 74 89 39 2 11 73 44 43 35 32 70 44 90 40 98 37 49 14 78 6 3 74 84 50 15 63 38 13 12 30 52 17 14 35 76 95 18 94 76 63 79 70 73 97 6 80 51 5 87 68 46 49 69 85 51 30 20 9 25 32 17 69 49 10 13 41 40 2 94 8 36 8 10 59 50 45 69 72 30 57 65 37 83 5 56 89 53 11 63 14 36 23 60 19 68 95 4 40 29 85 78 84 79 11 58 91 70 96 19 28 58 13 8 43 63 82 92 3 75 66 15 10 32 88 78 90 11 84 35 36 89 37 15 13 18 53 9 36 87 22 95 83 20 13 57 10 69 60 4 62 28 52 9 68 52 69 83 11 12 10 14 76 8 51 21 12 31 60 1 5 60 95 74 29 26 10 47 38 94 11 25 62 20 35 57 37 48 36 
19 73 63 15 97 44 52 86 11 21 88 78 58 48 98 51 73 83 87 6 61 65 44 11 91 89 20 5 63 36 85 59 1 18 19 92 59 2 99 97 39 3 56 33 94 21 19 26 37 89 36 86 34 6 38 1 74 85 91 93 78 94 34 73 14 50 64 86 2 83 72 42 63 15 96 3 4 58 53 88 25 42 39 51 91 47 69 51 82 82 57 50 47 78 83 45 83 98 74 19 4 62 8 76 76 32 63 43 7 96 76 74 56 99 19 83 8 85 79 66 59 73 7 78 63 1 61 77 62 78 22 69 38 53 82 19 6 27 9 29 40 50 39 46 25 72 96 48 17 55 19 19 20 6 20 88 72 43 11 68 47 97 11 54 59 80 54 23 21 91 43 81 27 37 74 5 61 64 87 93 98 65 17 40 50 84 72 12 74 95 85 14 36 56 33 84 45 72 93 8 56 9 8 6 44 88 57 16 96 71 66 13 22 1 18 3 69 3 67 62 91 21 83 47 95 74 80 10 90 1 77 58 17 88 4 58 22 37 41 73 34 42 40 90 78 85 5 38 1 85 38 2 61 95 14 63 98 36 5 3 11 42 1 89 46 61 59 73 78 24 92 6 79 21 38 15 74 49 42 79 73 39 12 40 14 94 33 22 47 41 88 81 76 83 66 17 56 16 34 69 81 66 89 10 6 39 90 32 74 66 6 24 83 0 46 36 92 5 5 21 22 54 99 79 41 82 54 22 27 0 80 79 20 55 49 76 60 53 83 33 26 47 83 71 97 94 18 66 64 90 8 82 37 59 80 13 81 36 56 52 10 82 78 87 38 86 10 98 57 10 2 26 29 82 40 15 84 33 79 54 13 13 96 98 7 31 58 15 58 56 12 52 31 25 70 25 98 32 47 35 
81 15 58 35 8 60 18 84 52 26 30 41 81 51 73 62 51 71 62 1 18 88 3 0 8 46 58 42 15 36 17 75 20 63 23 32 4 51 7 74 8 5 9 81 90 20 13 28 26 34 42 99 98 52 24 74 74 20 10 32 90 19 87 42 65 39 65 5 42 99 38 77 34 53 75 44 89 75 42 86 24 37 48 58 18 13 79 48 57 48 84 77 79 73 69 56 42 55 17 90 73 84 24 85 76 19 88 52 74 81 96 22 40 15 60 36 85 71 85 32 24 54 34 35 58 33 55 5 17 74 98 76 28 28 52 22 55 2 33 7 29 73 17 58 8 1 44 46 61 5 5 65 13 49 12 84 87 71 78 9 55 57 64 93 62 98 90 12 59 63 89 59 61 64 31 45 94 79 39 45 24 64 43 86 30 73 92 51 45 4 21 53 60 51 60 94 48 96 18 12 12 85 64 10 92 5 9 67 71 92 34 43 75 39 84 69 20 55 16 7 38 88 73 51 39 61 29 80 14 35 57 40 9 9 62 7 68 57 96 75 15 8 55 98 2 31 58 49 27 15 83 14 16 18 36 24 33 50 7 98 72 66 78 17 15 67 48 18 18 20 19 83 34 52 16 12 77 43 40 30 35 60 22 7 20 99 28 17 59 71 27 11 22 81 93 96 99 78 82 87 94 65 46 42 12 72 68 79 59 24 79 48 63 27 56 78 77 7 73 12 95 4 80 33 83 18 59 95 63 90 82 10 31 9 93 64 64 43 12 66 62 26 41 3 1 72 69 27 69 60 73 23 61 80 86 27 28 79 47 32 15 41 98 35 87 71 21 93 79 58 54 29 16 44 1 27 39 78 9 10 94 17 46 29 15 60 98 0 49 48 69 22 33 88 41 86 72 84 65 78 
13 41 21 99 42 47 12 88 42 49 17 27 5 12 20 5 48 91 23 50 58 14 86 80 95 18 15 75 47 15 10 93 26 35 74 98 11 10 4 14 38 83 28 62 10 18 29 29 19 50 1 16 55 4 33 52 54 5 89 26 64 41 83 15 50 8 64 57 49 50 87 6 98 33 7 84 33 14 59 44 29 96 32 58 23 92 94 53 94 81 22 47 23 81 56 52 48 53 71 92 34 22 17 22 60 9 77 71 86 89 5 58 78 22 45 48 67 51 93 95 39 3 71 95 47 93 77 13 26 54 39 35 63 59 24 92 98 15 94 56 36 38 72 11 37 35 95 75 48 35 71 86 49 51 54 40 45 74 79 36 22 50 5 67 56 65 86 42 21 43 6 20 0 98 11 75 16 40 3 77 71 36 43 38 51 96 49 40 13 66 65 27 45 6 0 14 81 19 27 34 13 40 22 57 18 44 50 54 89 29 11 75 7 18 70 59 47 99 64 93 99 81 87 56 74 78 85 89 98 73 9 54 22 14 81 45 82 93 65 20 37 53 29 37 35 87 23 89 3 79 1 57 3 6 42 61 91 8 14 20 50 89 82 32 3 62 47 10 68 37 73 41 12 53 93 16 94 26 22 36 92 13 90 62 81 70 4 77 14 3 37 16 67 32 66 87 45 40 16 30 75 7 37 53 34 60 65 10 41 53 59 72 21 32 23 62 40 9 92 4 32 89 66 67 99 13 95 74 76 59 77 28 52 76 33 57 91 63 3 73 20 65 11 70 4 29 86 88 73 30 3 77 37 15 39 15 83 10 51 15 24 56 82 44 39 23 46 51 10 41 31 31 59 97 61 96 87 84 93 20 96 85 79 94 89 56 58 83 42 47 21 97 57 90 5 1 92 1 75 68 
88 99 59 70 10 25 5 56 55 36 87 90 9 63 7 54 20 13 51 42 86 89 10 36 11 78 56 5 23 5 97 5 57 29 65 49 72 67 20 48 96 13 73 10 32 96 52 53 29 73 8 14 9 72 65 52 89 95 70 43 92 4 94 92 85 50 21 15 38 45 89 42 66 5 50 76 4 55 57 87 21 17 47 34 96 39 42 93 68 6 76 83 18 38 4 91 11 2 25 62 48 59 44 36 93 86 42 64 86 53 42 53 4 16 83 22 47 10 13 76 60 67 96 45 2 58 34 97 13 23 39 1 98 46 94 96 40 24 41 2 90 77 7 41 86 63 57 77 86 11 91 15 81 57 21 30 36 52 41 70 33 62 50 56 4 53 26 85 8 12 28 30 16 20 65 80 83 78 4 17 20 39 71 55 82 81 60 52 28 54 56 33 20 6 75 35 1 34 72 67 65 97 50 40 16 50 35 94 42 36 88 10 11 5 21 76 17 66 59 44 73 65 91 80 26 57 60 94 42 14 8 2 87 20 43 5 29 74 17 8 85 37 69 66 41 87 26 91 44 29 85 23 21 0 3 34 71 75 12 73 4 63 91 17 46 45 12 79 81 40 60 76 66 39 68 18 43 73 45 42 92 13 38 15 6 9 58 51 46 49 96 28 12 89 84 6 57 91 84 36 50 42 51 24 46 56 32 78 73 28 50 39 57 19 11 34 17 52 3 19 13 19 78 28 17 8 0 97 69 39 15 26 33 5 58 2 84 24 6 6 70 52 26 88 39 35 91 74 30 98 95 90 2 20 81 91 50 74 94 44 66 88 26 55 17 4 94 32 82 8 60 15 96 88 32 99 9 44 30 13 4 87 68 53 78 77 89 86 66 54 66 72 72 99 96 37 72 80 18 33 
6 59 28 95 97 89 76 43 8 14 69 41 57 66 69 58 12 37 51 98 38 50 96 69 11 55 1 42 56 88 30 57 97 22 38 24 74 78 75 60 45 11 83 36 19 59 90 54 46 73 42 57 94 43 73 24 42 97 42 17 46 18 47 83 95 65 12 88 47 88 92 18 65 84 4 85 47 96 68 94 54 12 30 49 46 16 0 55 67 57 86 62 6 38 91 65 44 43 68 65 56 90 67 88 87 12 60 64 81 79 82 24 49 11 16 1 94 61 89 83 52 90 89 89 88 21 1 50 92 9 18 73 24 33 20 72 30 61 44 25 13 52 60 25 15 46 59 60 89 48 65 93 66 73 75 61 28 83 90 50 90 98 68 18 1 1 80 6 13 23 71 40 58 68 71 46 36 84 11 56 40 82 31 67 53 77 25 92 13 79 20 45 91 43 20 87 17 25 90 20 97 79 90 61 82 18 98 30 68 85 57 0 3 14 67 23 20 31 82 74 24 70 62 80 87 63 5 80 93 38 3 47 46 37 8 56 39 36 1 20 2 31 39 16 26 62 66 8 17 50 87 49 22 60 96 65 70 71 48 49 64 15 81 87 88 56 25 45 66 27 85 30 36 27 64 16 73 58 31 70 58 11 3 10 88 23 19 77 4 35 0 62 92 41 39 0 95 92 41 92 90 5 33 99 32 40 65 88 95 71 10 20 32 45 94 65 93 82 34 24 56 78 9 99 87 71 58 51 34 91 13 46 25 26 5 3 58 56 4 8 65 13 63 4 59 9 80 71 60 91 94 47 27 21 83 92 15 38 8 66 82 18 64 5 69 85 9 82 20 19 36 96 8 99 31 1 34 83 50 30 28 19 57 52 26 67 63 21 26 46 32 7 51 0 6 82 40 83 30 8 
25 66 14 92 97 58 93 19 19 38 79 67 62 1 1 45 58 49 44 82 56 6 18 32 21 87 84 74 76 32 27 53 16 57 16 16 3 85 46 34 12 3 75 51 42 53 74 28 38 22 55 87 67 70 99 99 8 51 1 23 70 47 77 53 74 75 16 37 5 89 29 54 82 61 75 33 4 97 6 7 49 31 82 29 65 36 53 66 99 25 25 91 97 52 63 12 51 28 86 5 42 50 90 52 69 57 74 48 67 59 39 49 6 12 43 18 16 33 39 23 52 29 17 85 59 81 17 98 31 14 52 21 71 23 93 66 13 22 64 14 9 75 24 90 66 60 82 12 2 72 22 57 93 74 64 33 38 71 11 80 5 55 8 38 68 0 11 1 93 17 66 30 20 54 94 29 21 91 5 17 28 66 16 88 51 65 50 38 71 4 34 20 67 63 42 83 97 87 63 62 90 54 58 76 49 80 88 64 99 47 46 91 49 74 44 72 25 93 56 26 82 64 81 19 11 43 32 39 74 57 77 15 88 72 55 83 63 76 94 62 95 93 1 73 43 90 75 57 21 43 84 0 15 47 64 42 38 22 24 36 34 29 98 98 75 0 54 65 16 6 44 19 79 20 24 14 36 50 24 63 41 23 9 48 1 20 36 52 16 18 21 17 34 60 41 9 75 25 93 49 83 44 47 31 21 37 5 20 13 36 47 74 62 64 88 6 21 59 28 8 16 4 24 45 50 81 38 82 16 24 63 79 19 99 58 27 62 87 87 42 10 29 48 2 64 22 47 26 80 81 84 8 84 82 24 30 10 30 34 16 25 64 53 84 41 94 10 65 10 28 79 48 47 24 76 31 59 78 73 8 99 74 61 11 94 8 77 63 62 55 12 38 71 38 13 34 13 87 46 6 
13 44 84 54 67 18 90 42 35 68 46 37 89 37 22 8 63 29 68 52 9 73 72 14 58 93 53 90 54 14 22 42 54 81 66 92 64 22 94 77 11 19 43 75 45 7 47 57 75 50 7 21 4 48 59 39 90 38 49 92 38 48 38 98 86 36 17 78 88 46 37 49 12 16 31 39 82 95 92 17 86 31 37 75 24 79 59 73 79 1 99 61 23 73 39 28 65 67 58 8 4 46 46 3 66 2 11 58 1 22 58 76 83 59 55 36 94 75 7 8 0 37 33 67 86 44 16 22 83 54 4 94 68 51 93 45 5 10 41 10 94 48 24 54 63 10 59 73 65 19 44 72 7 91 43 0 27 26 69 35 36 5 0 65 87 33 63 21 61 96 11 25 33 72 79 7 90 18 40 74 68 0 28 53 82 98 11 26 98 54 79 18 56 79 48 31 23 31 15 34 37 75 68 78 46 34 93 20 64 40 82 72 58 82 26 43 81 51 87 31 34 41 36 25 78 96 50 17 54 66 89 59 43 84 25 28 48 19 13 11 21 59 2 85 40 68 50 31 62 34 79 14 97 38 43 39 7 1 66 0 49 93 38 66 85 86 53 17 41 47 28 97 1 44 39 79 78 38 57 71 88 54 21 27 93 6 45 12 83 94 18 2 92 13 89 94 12 66 20 36 11 13 44 63 47 94 97 68 48 78 82 48 22 7 47 97 23 77 4 91 54 66 92 97 59 97 18 79 71 67 55 57 31 58 40 55 4 95 9 50 86 13 37 51 65 50 48 74 35 90 87 26 63 34 0 40 73 26 41 89 52 58 13 68 96 89 8 55 24 23 98 40 75 10 15 62 89 63 45 21 0 30 79 96 32 69 12 34 16 20 59 92 73 94 46 5 20 59 89 41 
23 15 88 97 88 42 51 67 34 81 53 82 76 48 3 82 79 68 34 1 18 6 43 20 64 60 34 56 1 60 94 63 93 95 59 67 53 60 25 13 11 65 16 17 37 9 99 26 61 18 61 8 68 53 50 41 82 60 18 57 60 59 19 59 89 46 92 9 82 50 30 83 66 98 74 39 80 48 47 41 6 64 18 39 33 4 75 84 62 25 1 56 69 61 68 79 40 41 23 99 71 8 37 91 81 25 92 2 89 10 12 67 9 42 24 62 43 8 94 79 71 40 80 53 88 13 58 94 14 43 50 61 39 39 94 16 13 42 65 15 32 10 29 49 72 43 27 25 40 88 63 55 48 84 45 32 97 72 17 80 43 41 7 35 91 87 94 70 14 40 81 70 32 9 50 93 29 84 35 60 58 9 47 41 67 58 54 58 59 97 51 9 99 47 45 77 88 35 75 97 79 31 61 4 62 39 36 4 53 40 53 47 79 43 57 63 6 53 19 73 59 93 10 57 21 28 52 59 3 76 88 73 38 88 16 3 54 39 62 23 88 40 12 15 7 1 13 15 77 22 50 11 5 67 25 92 23 12 73 34 3 41 58 74 21 39 18 41 88 22 44 21 78 39 73 74 68 35 52 19 66 69 85 46 21 40 1 86 83 48 15 4 71 39 59 8 65 67 72 0 32 7 79 97 6 18 90 85 4 75 81 69 60 93 92 8 51 0 56 75 86 80 47 54 78 14 42 47 74 17 73 50 74 59 74 25 90 44 81 93 81 18 60 52 14 46 29 4 58 46 56 59 83 35 67 85 13 89 35 64 92 89 13 42 53 77 49 4 84 46 22 20 81 75 21 56 57 9 86 57 95 83 9 43 0 6 65 79 88 24 79 97 94 6 45 72 34 6 1 34 
81 40 19 76 73 59 45 36 17 86 14 45 98 26 97 21 27 37 97 70 31 57 57 15 30 16 84 23 61 62 4 46 9 69 74 47 48 93 56 46 94 0 26 87 27 60 90 95 98 99 9 69 94 61 1 23 50 24 70 61 2 0 81 74 63 30 14 75 16 75 20 69 55 4 93 91 22 12 60 95 7 84 11 7 76 23 52 19 75 94 11 29 45 53 61 13 81 46 64 79 71 73 87 25 9 38 51 41 15 19 29 51 26 45 42 62 2 96 61 73 96 45 4 23 61 92 54 28 97 98 43 62 98 1 48 63 65 1 28 9 89 89 95 57 93 58 99 97 48 83 92 15 7 86 76 87 11 98 15 45 20 90 63 10 97 8 39 97 33 49 85 11 13 37 38 43 50 54 77 20 42 54 90 47 70 20 16 13 75 54 44 25 26 49 33 90 24 88 41 8 61 28 5 83 43 19 8 0 43 90 32 23 32 53 74 96 55 72 39 46 85 57 50 60 94 59 88 54 54 73 49 44 3 75 5 42 23 69 7 56 86 13 12 14 53 69 8 26 28 58 25 40 61 7 24 11 42 65 92 98 17 39 64 86 45 84 24 18 80 88 14 66 96 28 66 17 62 30 69 65 97 81 46 4 6 43 31 32 88 99 37 38 59 97 4 8 13 7 66 60 32 91 86 56 28 31 29 36 32 35 80 41 72 41 3 59 50 17 17 48 57 84 80 70 81 35 95 55 33 88 63 97 13 28 54 49 8 5 6 95 88 93 5 14 64 91 59 75 67 50 72 48 73 69 0 75 39 18 9 4 70 22 44 75 44 59 98 97 94 62 92 62 17 19 56 76 56 11 70 74 58 74 64 19 64 25 41 79 72 14 64 62 23 69 60 88 33 85 42 89 
51 67 43 26 14 6 22 51 33 0 89 22 38 24 71 80 97 81 76 27 42 66 86 36 98 10 95 46 43 82 55 11 47 80 79 17 70 14 38 95 51 87 63 41 49 13 87 85 42 89 36 12 27 59 50 0 1 49 93 43 88 29 16 12 50 48 13 56 22 50 48 64 33 88 32 62 13 93 11 17 33 28 50 40 64 84 73 25 41 81 95 86 34 82 86 80 35 76 56 8 66 90 9 15 77 42 69 0 75 23 60 60 15 62 40 5 37 6 50 47 98 59 33 99 70 39 63 96 44 28 8 88 46 88 56 30 13 81 0 57 31 35 25 62 64 21 56 9 86 96 89 38 56 26 69 53 4 69 33 74 23 54 70 27 98 69 70 31 74 94 56 76 33 70 74 6 95 14 45 78 38 3 11 98 98 83 93 38 60 83 52 64 21 37 65 3 5 68 41 36 32 61 22 21 17 44 23 39 26 20 48 15 39 47 42 63 50 53 56 57 53 99 58 44 90 7 17 47 8 90 71 95 27 17 80 72 38 44 1 38 43 64 64 4 19 55 61 97 2 53 7 30 85 9 1 60 21 25 74 2 99 86 75 58 71 23 9 53 10 67 43 84 3 69 25 16 67 96 85 68 51 55 16 26 38 46 73 22 4 6 13 94 90 42 46 71 75 30 78 44 59 48 66 85 2 13 88 1 86 77 80 72 93 22 90 95 21 18 80 76 1 23 73 66 13 22 87 85 24 47 89 34 33 64 28 85 99 96 40 94 2 51 89 74 31 7 22 2 26 36 4 61 77 7 55 10 19 63 46 76 38 6 36 65 6 67 40 93 64 80 93 75 93 5 64 68 3 89 42 31 64 57 40 21 0 79 86 30 13 9 84 23 5 62 75 94 97 48 47 83 
31 46 59 76 25 40 42 83 83 1 33 47 36 8 29 60 74 50 90 19 56 43 4 72 21 63 25 26 49 39 15 92 41 68 7 46 48 92 62 12 16 2 11 60 27 26 54 54 74 57 51 11 53 58 58 98 77 47 30 47 23 14 47 97 70 10 36 11 98 72 48 81 82 77 21 36 75 87 75 71 77 60 82 95 39 53 70 10 42 75 30 31 35 50 63 65 62 96 6 16 1 68 1 48 32 66 66 49 37 74 36 83 64 74 90 39 65 1 17 50 84 66 29 92 53 38 91 99 32 69 38 89 35 73 64 4 20 64 46 29 92 79 54 26 17 8 43 96 66 50 46 55 75 61 56 36 64 4 8 37 34 65 83 7 62 55 93 72 68 59 54 82 38 67 92 69 56 93 42 32 67 19 22 33 23 63 71 10 10 84 98 78 54 13 17 60 0 54 93 6 69 33 81 70 25 10 26 78 7 18 74 65 44 36 15 88 40 94 24 13 17 87 23 58 85 29 81 90 18 52 70 93 23 19 43 96 58 87 41 54 60 30 63 57 61 7 79 25 5 2 33 95 34 96 29 73 86 88 74 52 71 72 55 21 26 12 84 52 61 87 68 94 80 30 54 58 66 37 10 42 39 60 37 87 60 69 67 55 91 23 60 17 5 44 45 42 13 94 13 10 10 2 51 96 31 82 26 63 62 45 82 13 94 96 77 33 49 3 2 36 66 21 28 75 14 72 90 4 94 41 97 54 36 67 43 90 49 1 47 51 74 88 49 32 62 97 16 29 76 36 77 44 49 99 97 61 15 34 13 27 75 18 33 56 20 58 43 70 42 64 18 16 74 33 7 5 2 8 14 51 64 16 80 7 46 56 79 59 76 47 19 23 1 13 12 0 35 24 27 34 
81 2 34 1 94 82 66 91 12 60 95 27 62 27 11 53 33 25 51 72 85 37 54 76 88 41 18 54 35 89 84 5 47 40 47 66 14 15 12 58 58 82 8 66 2 64 47 42 92 22 79 50 17 4 12 99 87 70 99 34 96 16 81 11 88 57 77 51 69 21 44 33 9 54 64 90 35 27 43 31 38 22 66 92 70 24 65 70 20 30 0 73 48 10 94 7 88 26 1 80 48 92 39 78 41 83 36 40 3 25 99 10 58 26 65 79 22 40 59 67 45 70 88 17 5 50 16 19 35 6 58 57 60 95 84 56 25 97 58 73 28 6 28 5 41 25 34 5 42 76 24 0 55 1 95 64 4 89 9 70 21 86 85 6 62 7 79 91 79 22 60 23 91 93 85 2 79 32 52 87 18 61 64 79 82 89 50 92 65 18 92 12 5 74 76 96 5 75 36 43 81 31 66 80 88 51 74 23 36 18 31 49 89 31 61 78 25 22 4 63 64 6 50 2 84 69 90 45 24 92 76 36 20 95 58 10 7 15 72 54 7 80 44 72 85 61 13 39 90 17 9 19 97 93 21 90 94 64 44 90 2 86 34 27 48 40 22 67 15 98 70 81 97 5 54 78 84 4 24 33 15 10 42 54 75 62 84 29 35 6 52 80 48 28 55 70 25 82 61 17 74 83 72 55 11 2 57 13 87 51 12 99 77 64 42 75 68 34 63 3 82 68 25 81 90 30 29 54 78 30 48 42 26 67 91 60 23 71 42 63 14 99 75 75 24 32 9 5 62 4 63 61 13 45 63 43 40 78 90 32 73 47 46 41 0 46 85 44 9 39 60 38 5 55 84 96 4 89 72 86 66 13 63 85 70 58 99 97 98 97 54 58 44 23 15 94 16 95 93 55 
19 19 23 56 19 32 60 66 69 4 53 37 71 0 91 89 6 19 59 18 15 22 43 82 28 67 8 29 9 62 60 41 3 18 72 59 2 50 98 17 42 33 39 30 27 54 16 87 5 59 66 40 32 26 27 86 64 53 75 94 37 37 48 14 82 1 42 30 20 4 74 49 48 27 75 17 32 99 21 57 54 6 65 6 73 92 54 56 34 73 27 81 42 46 28 18 13 52 61 73 58 63 8 63 51 54 3 66 71 34 98 10 83 42 70 40 86 6 14 39 12 79 33 66 21 93 48 65 21 18 22 4 87 2 33 21 47 15 90 62 52 32 20 21 82 40 52 54 35 0 13 82 20 77 95 41 22 23 37 63 73 99 43 91 69 70 88 20 71 62 36 71 35 8 70 36 20 31 12 36 3 75 66 31 76 2 8 15 49 51 66 57 31 56 75 14 46 58 97 56 97 6 66 42 64 82 76 94 61 69 77 62 31 11 66 65 0 76 60 10 89 6 52 49 1 5 23 41 84 63 25 58 31 48 31 39 38 84 10 35 12 66 71 20 44 23 84 60 22 12 4 63 87 84 57 17 89 53 93 16 33 57 47 52 50 47 16 75 42 16 57 99 15 23 10 14 15 4 4 28 68 81 51 99 35 24 55 31 68 97 16 3 97 19 55 64 2 20 95 12 16 54 12 90 44 36 43 32 47 53 18 9 8 11 41 52 17 7 98 61 85 92 20 46 2 1 14 53 71 7 42 96 84 15 16 12 48 52 9 43 55 11 67 11 40 56 11 8 33 88 12 77 58 83 26 74 90 64 35 74 44 39 20 86 90 91 88 1 11 48 76 65 42 90 34 42 37 90 24 70 39 60 7 17 1 10 49 93 27 8 42 85 10 69 58 57 65 13 56 94 
85 87 77 31 33 45 16 7 6 13 4 85 42 26 70 80 39 28 69 97 27 8 68 73 65 76 79 35 94 86 64 21 62 58 3 26 4 4 51 76 29 82 72 87 35 95 62 34 28 57 91 92 95 45 28 26 69 65 99 27 81 57 29 51 65 8 6 81 19 36 93 54 16 81 75 59 66 51 94 43 64 39 82 68 86 11 10 64 90 27 31 21 18 47 18 49 59 6 35 7 26 17 70 42 88 13 21 29 35 49 18 39 11 71 70 32 78 65 18 39 96 79 14 57 45 47 71 45 44 48 33 38 28 98 56 42 65 74 50 45 98 90 66 86 36 12 48 67 33 47 65 67 26 64 16 87 62 30 77 69 20 49 4 49 82 36 5 56 71 18 27 67 58 9 15 12 76 72 31 47 32 34 42 0 57 79 33 15 84 68 35 83 95 53 49 3 96 63 81 47 66 54 11 7 44 55 52 81 71 55 35 55 79 78 54 18 33 48 58 25 80 44 53 81 8 94 59 10 34 82 58 82 13 17 91 57 0 11 78 85 33 58 1 27 62 70 47 37 70 82 42 53 74 82 88 58 72 57 90 61 8 41 26 91 13 1 17 93 62 74 99 84 74 64 63 79 89 11 15 37 20 86 66 47 42 79 6 38 3 29 26 32 89 93 80 37 2 50 36 40 46 76 10 3 77 19 87 75 23 9 62 63 2 87 72 40 79 39 86 13 85 76 80 11 30 66 1 80 52 9 17 68 91 92 8 0 28 84 65 99 9 43 71 25 9 70 30 78 35 10 81 6 6 94 23 39 8 27 40 84 75 38 30 2 59 6 71 97 17 54 52 79 19 1 34 37 1 10 40 26 76 74 61 39 89 36 92 2 80 17 97 73 14 92 2 79 92 71 90 16 
37 74 28 95 37 80 23 37 10 8 60 97 27 94 5 36 96 46 13 5 65 87 16 7 86 84 93 17 55 55 33 79 47 51 37 76 7 48 91 71 36 88 44 49 60 68 70 47 89 23 80 32 94 58 22 42 75 81 20 22 67 57 12 4 17 79 84 96 52 16 28 41 14 61 12 28 38 4 22 61 69 91 77 56 22 62 14 70 73 76 98 9 34 26 52 13 45 10 36 84 89 1 13 25 54 67 70 93 43 20 11 94 7 0 18 55 54 70 5 79 68 52 99 13 78 78 57 21 72 57 53 81 18 26 91 58 98 35 92 51 73 33 61 66 77 88 45 99 86 58 49 90 23 18 95 16 44 40 37 12 38 20 60 77 91 60 96 12 91 17 13 92 85 78 7 58 85 83 94 34 30 47 84 89 36 38 83 49 96 76 54 2 87 22 4 78 16 6 67 23 84 57 62 23 51 88 97 52 81 6 31 58 18 97 90 98 41 99 90 28 18 31 43 39 35 80 33 7 16 77 89 59 95 53 26 32 31 42 91 30 78 68 14 86 37 7 21 31 43 49 69 45 46 17 21 3 65 65 20 99 41 29 25 88 82 0 93 23 40 26 94 2 31 38 99 77 92 18 83 74 14 90 3 16 71 89 78 74 30 10 0 44 53 89 19 10 34 44 39 48 44 96 85 18 27 72 0 77 43 78 56 9 65 15 68 65 35 76 21 96 22 66 69 9 73 90 55 57 83 57 9 43 61 53 92 85 57 89 63 45 2 10 66 86 46 11 4 4 36 49 31 81 1 46 87 10 72 43 66 93 25 5 38 24 0 37 55 82 19 26 59 25 69 74 15 84 35 16 76 89 86 17 2 69 63 18 71 83 44 65 27 83 96 5 55 28 85 95 55 51 
75 82 21 5 91 75 54 83 57 66 79 97 59 32 41 5 75 73 36 76 31 11 26 21 99 3 86 65 27 16 55 99 62 10 12 61 78 25 8 27 64 14 38 82 42 17 64 27 39 96 27 85 67 46 96 68 11 67 86 68 96 59 28 66 15 58 20 13 52 7 16 28 51 44 67 85 10 72 0 77 61 94 43 26 34 41 80 85 8 89 0 86 6 97 57 92 44 25 97 1 58 46 26 62 80 23 80 59 24 71 56 25 17 64 20 27 4 10 34 98 38 52 42 77 30 38 70 49 91 71 56 46 59 9 66 37 17 48 53 74 68 59 80 77 53 61 82 1 35 2 91 65 85 28 15 23 28 97 75 73 5 82 72 82 41 1 77 29 63 70 52 16 42 91 73 67 52 98 86 6 37 47 62 77 0 18 83 14 43 34 25 0 2 63 45 26 6 2 74 10 58 34 7 20 33 60 6 1 29 42 15 52 8 13 3 90 45 74 42 28 41 82 15 67 2 49 40 83 11 35 54 52 10 3 45 1 51 5 67 10 9 91 77 97 62 39 83 23 42 7 49 88 4 77 22 4 28 57 84 31 68 60 24 28 62 38 51 61 54 32 16 62 16 58 49 51 72 74 81 34 56 90 52 2 37 66 28 80 74 38 93 4 5 46 0 72 31 51 8 47 59 57 66 57 10 21 62 0 25 74 21 74 86 46 97 94 64 38 3 28 2 26 52 17 6 37 14 21 34 49 88 55 30 41 69 91 91 76 12 18 67 70 71 27 34 28 26 31 29 85 19 42 45 49 36 97 6 48 39 12 57 93 0 65 22 12 23 96 90 82 24 24 92 30 12 13 74 75 70 39 27 41 30 88 71 92 81 58 94 72 62 76 92 70 38 5 9 9 70 0 
12 16 81 89 49 35 35 48 47 20 30 86 43 17 70 60 51 63 56 59 14 5 47 44 33 25 33 87 17 45 65 31 65 18 31 99 74 1 45 80 65 19 92 54 82 95 83 52 31 29 51 12 94 54 2 86 42 57 38 3 91 40 8 85 93 15 14 53 55 87 21 90 76 19 79 80 62 32 87 27 53 79 93 9 82 31 16 29 20 27 3 29 99 52 44 86 40 23 35 3 68 94 23 92 0 89 36 12 27 91 52 73 66 92 95 90 45 21 53 36 71 14 7 21 24 52 60 95 25 87 57 81 8 30 23 31 56 56 41 18 75 77 21 18 54 9 3 11 9 88 55 37 67 59 22 20 8 46 57 66 65 7 73 67 88 37 70 52 37 73 29 43 52 1 51 82 73 58 24 12 44 31 80 91 84 94 17 80 41 51 13 25 52 6 2 25 12 10 23 65 3 15 64 85 63 84 9 25 78 22 59 49 79 91 23 26 1 38 87 75 68 54 18 58 10 65 60 68 32 7 54 80 86 83 75 22 61 17 39 99 98 45 70 90 29 19 33 66 68 4 88 55 57 20 7 55 3 23 23 90 56 33 16 71 18 65 49 48 87 69 33 24 97 28 15 56 28 4 96 4 3 91 73 58 56 20 61 66 95 41 32 68 11 95 0 12 70 76 34 9 4 48 28 88 75 63 14 81 62 10 46 94 27 28 89 34 4 99 35 81 53 39 50 63 78 14 14 10 16 20 43 28 58 33 67 75 68 29 45 14 72 8 31 93 31 30 44 17 59 8 65 47 18 28 73 13 57 45 42 1 66 27 15 80 19 49 78 70 84 67 18 24 18 42 6 21 13 6 75 90 31 40 0 84 30 40 58 80 68 89 81 24 65 14 82 23 5 91 62 87 
30 73 37 26 48 97 39 35 35 20 13 49 85 95 31 72 1 69 88 66 51 49 38 49 97 28 72 64 25 96 34 75 55 98 32 47 58 69 42 49 66 27 82 78 5 12 94 59 10 96 7 29 97 74 98 11 13 67 78 23 38 7 87 51 7 54 29 37 71 89 76 85 10 72 6 69 26 7 5 61 11 60 24 72 20 52 92 10 70 55 83 36 58 45 23 25 38 10 51 91 56 98 8 25 7 26 98 70 6 70 57 54 54 59 74 15 86 74 60 47 61 41 68 91 19 66 60 11 4 58 47 16 9 44 86 51 0 82 69 41 55 94 21 86 0 45 85 25 80 77 22 20 80 33 72 24 6 5 57 52 96 13 92 10 6 50 2 14 39 59 92 58 34 50 46 65 73 63 17 56 41 36 79 26 59 90 31 83 27 66 19 91 43 48 26 80 47 12 61 57 70 30 66 45 95 48 58 4 5 49 55 7 27 36 38 97 0 68 77 36 6 99 29 38 77 94 82 50 83 31 11 30 82 62 19 78 6 72 99 73 27 62 14 58 16 64 20 94 41 13 3 32 55 89 15 68 98 4 22 60 20 87 10 44 31 44 39 14 54 47 85 49 76 18 3 77 42 21 23 11 56 23 60 1 41 67 50 21 46 94 5 34 48 31 64 75 9 92 47 55 84 73 43 73 92 59 93 9 19 42 93 10 23 58 64 25 49 35 16 1 60 95 44 9 12 52 24 67 11 73 86 27 57 21 12 47 83 78 80 16 19 9 86 49 22 3 92 62 83 69 80 48 18 67 89 3 7 85 83 28 38 84 64 28 54 72 47 45 97 70 60 43 68 71 64 54 71 29 15 94 3 86 79 66 66 63 79 21 55 3 79 34 58 76 18 48 10 13 41 2 
45 9 54 18 8 90 77 47 57 1 33 79 53 78 99 55 89 23 82 16 90 54 99 90 75 94 75 85 80 73 4 53 17 99 77 50 5 2 12 86 35 7 39 59 96 8 3 88 7 78 31 18 69 89 36 2 33 69 63 93 3 19 88 0 31 1 9 29 73 78 70 58 34 26 56 61 17 16 99 27 75 17 49 13 36 4 96 7 7 26 98 67 76 96 87 10 12 99 55 65 49 3 98 51 50 27 68 56 89 84 40 41 54 19 24 63 55 36 66 78 15 13 65 59 11 52 47 15 24 0 82 45 56 65 20 17 15 69 20 2 65 62 25 63 41 89 37 18 74 61 42 81 39 1 40 29 76 78 19 79 94 5 18 76 40 59 5 76 96 37 50 2 92 78 94 55 34 19 31 41 96 62 65 18 68 87 57 93 91 39 36 66 28 1 56 12 59 57 31 44 71 7 65 12 33 69 4 47 33 28 10 75 78 96 54 23 58 90 50 43 95 38 40 40 24 69 79 88 98 4 93 73 10 74 22 0 35 42 86 2 48 25 6 50 60 95 73 30 36 87 46 59 49 24 86 93 27 12 67 24 93 84 24 75 62 62 15 86 71 47 48 47 17 41 48 41 74 98 99 69 99 13 1 65 33 80 7 21 45 59 60 19 64 56 42 2 6 84 95 3 29 73 15 76 22 1 24 40 0 17 82 38 16 61 64 5 11 35 13 85 57 62 31 59 55 53 70 31 96 12 78 65 85 18 18 48 9 84 16 23 73 5 93 32 53 10 46 35 71 24 59 39 49 96 75 75 93 50 48 8 18 5 5 41 34 54 69 19 95 63 70 78 15 90 37 15 19 70 88 96 16 20 13 44 71 62 53 16 59 92 25 78 66 48 47 12 94 24 56 49 
35 97 93 13 0 7 4 79 89 34 88 10 8 39 88 89 80 15 16 44 21 71 60 86 98 16 0 4 31 17 16 58 23 75 53 80 89 29 93 84 9 92 12 46 57 72 71 28 36 72 48 4 35 78 25 6 79 78 61 66 34 25 92 34 49 5 79 52 29 7 17 90 61 56 16 93 60 80 98 83 67 68 25 60 73 18 5 48 8 22 81 59 11 79 77 33 78 86 94 47 90 98 94 53 98 93 18 86 36 2 50 73 72 68 52 21 62 2 27 83 59 95 44 58 57 23 70 71 78 11 19 98 22 98 31 97 40 64 32 8 59 83 82 17 53 24 96 13 51 79 63 18 2 2 63 90 54 39 19 36 17 27 32 26 2 10 33 79 14 85 66 29 83 75 98 1 48 79 17 78 72 40 66 27 82 6 41 97 36 80 16 13 70 7 43 61 22 46 62 17 14 95 22 96 54 69 78 8 98 1 72 38 45 18 30 45 11 92 78 34 56 44 30 80 47 46 24 85 94 95 85 0 70 94 34 41 2 65 47 86 47 47 44 3 10 52 66 76 41 71 71 41 54 35 8 22 26 33 1 96 86 13 46 81 19 71 25 43 43 4 76 15 78 69 13 91 94 23 55 88 87 8 43 74 26 97 10 88 56 76 72 40 17 67 6 10 97 70 84 0 83 2 14 79 41 2 52 8 75 83 63 49 75 30 46 37 83 81 41 20 25 10 56 80 24 66 0 5 44 62 94 23 76 46 52 54 22 47 95 41 19 27 65 91 95 18 24 14 27 11 48 68 52 96 70 92 3 58 8 81 72 40 63 41 68 65 62 20 78 88 41 58 79 56 14 82 76 44 54 41 8 88 91 75 31 81 89 36 30 30 91 53 92 23 63 28 53 62 92 53 
5 4 79 75 58 81 40 51 18 71 71 70 35 52 11 49 56 38 53 88 5 46 16 3 57 52 31 9 47 82 39 98 30 95 63 28 18 83 53 28 88 20 72 33 0 50 55 33 92 66 62 40 79 75 67 42 19 59 90 92 20 41 6 61 55 90 40 65 1 53 77 42 24 34 15 79 14 3 51 69 75 18 45 96 58 29 4 82 66 67 0 2 95 98 45 83 82 5 87 50 41 88 6 22 0 50 22 38 11 74 7 32 41 5 25 48 64 59 32 35 94 56 10 9 11 17 49 5 16 11 38 63 20 27 54 94 61 91 41 91 41 64 40 58 65 32 19 32 10 22 98 77 94 31 67 34 33 7 61 97 1 9 96 68 42 83 41 52 55 42 14 67 77 17 77 87 25 91 74 36 27 85 67 16 3 20 43 82 41 80 29 33 49 50 18 41 1 40 69 18 97 75 79 76 43 16 95 23 99 97 30 97 65 53 42 60 22 74 75 4 71 55 18 80 7 51 94 11 71 93 48 18 77 89 4 80 18 53 8 35 40 27 55 97 94 10 75 49 20 38 26 35 10 29 35 41 29 12 39 52 18 75 34 75 49 4 15 54 0 25 19 57 67 44 82 5 71 39 26 23 8 76 88 25 0 38 32 18 69 60 97 58 24 61 29 76 42 65 34 54 39 40 29 90 70 5 34 70 8 36 4 51 65 15 46 73 99 89 74 10 52 80 9 67 58 0 79 43 84 76 12 55 72 41 64 35 7 53 99 91 33 6 92 71 2 99 83 94 24 98 68 17 37 79 42 5 79 80 75 27 7 97 62 15 91 85 51 22 43 29 26 47 62 57 22 53 40 69 7 86 7 58 2 3 58 89 56 6 61 0 18 16 82 10 55 69 4 63 66 16 
10 25 54 36 98 72 67 63 31 89 22 60 3 33 40 32 49 68 12 96 34 60 23 58 15 26 95 73 10 12 66 46 44 92 91 37 98 8 14 35 67 42 61 80 50 94 59 32 12 94 24 74 47 73 46 5 80 7 42 95 58 40 46 43 49 38 1 41 2 65 59 3 75 41 51 54 10 54 14 99 89 71 75 28 4 59 91 38 90 9 57 55 85 30 18 98 68 97 13 62 42 14 79 65 85 53 81 11 60 64 38 61 89 28 38 58 57 9 75 39 61 14 91 53 45 71 70 41 79 58 14 23 98 99 93 52 63 3 66 89 68 21 5 43 91 17 83 80 50 88 89 53 8 23 25 6 82 94 3 63 64 4 89 0 37 77 1 92 46 7 86 49 53 57 41 3 81 45 41 26 78 39 37 60 21 66 65 44 26 72 29 20 39 69 81 81 17 72 11 81 6 4 77 63 53 47 78 66 77 80 73 12 54 7 68 73 26 59 54 16 23 48 66 72 62 49 98 6 76 87 80 79 54 90 44 88 94 8 94 89 0 80 61 34 14 48 77 66 48 14 17 19 79 75 20 39 88 65 8 64 11 31 39 46 36 54 14 58 53 27 47 58 46 58 59 72 78 25 0 17 19 94 52 31 80 12 66 77 12 25 72 57 33 51 1 42 98 8 11 63 98 68 5 63 7 53 7 87 22 39 58 33 39 23 10 82 66 96 65 6 63 96 17 6 80 4 21 23 29 87 88 37 45 5 46 91 18 59 12 21 37 33 42 21 79 50 43 78 35 31 15 78 77 71 59 44 70 22 31 13 49 16 92 98 66 80 28 57 44 64 6 35 72 27 92 87 44 79 95 81 65 68 98 13 22 61 47 89 44 8 79 68 50 79 95 81 84 77 55 83 
62 77 17 38 27 11 61 38 14 5 71 66 26 28 74 96 37 75 88 7 62 74 54 9 59 83 70 34 44 25 5 84 74 34 34 52 54 15 44 42 65 81 71 89 4 6 41 5 36 40 86 80 36 5 23 22 42 60 79 88 78 88 72 76 28 58 8 19 29 15 49 71 49 50 57 90 40 75 85 93 93 45 74 38 2 61 2 92 1 31 85 25 34 9 59 7 38 98 83 58 7 88 92 25 18 45 87 89 61 10 62 73 61 66 43 96 75 9 80 8 37 76 37 72 83 32 47 57 54 93 35 8 38 90 74 72 27 93 12 90 13 64 10 24 92 38 13 45 96 90 60 48 93 98 89 77 83 83 62 6 30 8 65 55 52 80 34 12 1 39 77 81 30 97 79 25 5 85 37 67 93 52 90 98 79 90 80 32 8 55 11 98 24 94 69 2 2 94 93 45 4 59 24 62 65 4 29 54 62 24 22 21 42 82 63 73 41 71 19 14 55 87 39 77 28 32 5 33 59 42 81 67 0 80 56 85 90 29 30 54 57 63 8 47 43 44 14 53 65 82 4 81 76 53 44 20 40 90 27 80 17 6 8 74 56 91 70 50 33 18 0 68 55 98 95 37 79 75 59 49 1 55 29 6 3 5 97 1 59 59 14 27 86 42 30 99 46 35 24 37 70 24 66 70 56 15 12 99 24 19 58 75 5 81 86 81 27 68 46 93 88 56 43 70 32 83 78 32 76 13 73 79 68 46 69 99 99 29 14 21 68 59 16 42 39 4 57 79 89 74 24 73 0 88 84 57 37 64 28 3 23 52 29 54 12 50 24 31 58 6 54 75 88 88 16 58 97 98 88 50 86 30 66 75 3 20 35 84 41 34 36 70 3 1 73 60 42 80 95 34 
11 75 10 14 83 5 19 99 13 56 55 36 63 49 60 73 76 39 92 96 34 45 71 91 32 68 40 39 14 53 54 12 3 83 57 40 3 83 64 42 21 65 24 51 59 18 35 70 69 58 74 51 58 88 7 57 97 80 30 53 40 61 22 70 54 74 64 38 18 70 35 89 26 98 93 33 93 98 98 65 0 81 65 95 15 0 71 23 87 29 4 9 51 67 62 42 48 78 61 77 53 53 92 49 3 26 22 65 72 92 1 64 91 99 9 18 83 20 60 11 99 93 17 34 64 11 47 93 77 84 39 71 84 92 12 90 98 3 93 78 57 9 8 30 99 32 79 94 35 97 24 44 58 5 21 34 20 7 31 60 64 7 18 86 39 24 78 53 25 77 92 22 96 33 96 31 19 53 42 45 58 23 18 38 99 96 92 64 4 72 12 37 42 13 15 68 38 25 86 4 1 21 58 92 57 19 16 63 82 62 26 77 66 57 79 81 93 80 39 64 63 5 66 26 75 98 4 83 12 46 45 45 14 99 64 4 92 32 1 58 55 14 23 45 17 71 86 57 75 65 97 54 60 4 79 53 67 47 92 74 22 76 74 10 88 62 41 82 40 79 62 44 75 90 18 84 96 78 63 14 58 84 27 2 78 45 17 48 22 36 40 69 40 15 37 65 51 87 49 74 62 5 83 49 50 94 23 80 39 94 82 68 18 61 88 28 86 45 92 73 47 96 14 44 30 34 43 9 30 9 44 4 6 61 0 69 24 53 80 68 66 46 56 67 71 71 0 32 8 60 22 54 23 52 33 59 40 45 79 37 62 21 11 81 68 76 22 29 77 51 59 96 53 99 80 60 1 22 75 99 52 53 77 50 98 15 14 54 5 37 9 47 15 3 57 63 36 17 72 19 
56 65 23 32 95 28 22 89 31 40 22 91 13 97 32 53 56 58 36 85 47 34 45 34 97 30 26 55 49 93 50 32 83 31 65 56 73 14 67 67 50 43 80 25 77 35 80 51 85 77 39 60 40 7 40 58 48 31 83 82 65 52 1 57 80 68 39 64 23 77 74 71 54 7 45 30 42 56 52 68 8 23 23 99 45 29 30 47 15 93 91 78 62 17 16 16 40 93 59 37 97 80 15 44 7 97 46 84 97 84 28 60 55 72 53 6 41 15 21 57 47 28 7 33 5 53 27 63 22 10 5 1 71 60 7 93 77 72 2 49 86 54 64 11 20 58 84 66 34 58 39 48 96 6 17 13 13 27 51 85 64 81 12 1 4 92 45 92 31 77 29 35 1 38 97 9 72 6 68 49 6 86 51 77 18 85 67 72 24 20 75 33 96 61 48 98 77 60 1 48 79 20 40 68 57 21 74 6 46 63 22 36 98 38 33 30 37 49 0 9 28 83 3 93 91 24 73 30 90 90 28 64 95 92 6 23 55 23 51 19 84 2 85 96 6 90 46 96 49 71 17 39 71 9 16 80 93 7 44 23 31 80 21 14 28 50 27 56 83 75 65 62 28 86 61 76 74 95 89 64 17 50 85 28 47 98 5 46 10 33 43 15 4 70 20 65 57 33 32 6 49 46 99 21 24 1 15 7 70 49 42 84 42 76 60 23 76 89 74 35 90 83 85 64 36 5 9 53 40 46 11 63 77 48 9 6 54 91 74 35 45 15 30 41 96 90 67 20 60 99 71 31 52 32 75 73 9 73 89 78 95 77 83 30 50 32 68 67 70 57 90 55 72 2 88 88 87 34 84 63 89 15 89 10 81 9 83 94 17 1 99 8 15 41 93 59 66 22 91 46 
30 27 48 78 11 58 32 4 22 32 57 80 41 66 99 20 37 33 36 94 49 25 60 7 64 78 83 87 79 19 70 57 56 80 91 98 74 37 19 72 19 36 58 15 78 55 18 69 44 85 63 95 77 55 3 76 6 53 88 96 94 63 46 75 46 57 23 90 25 38 88 6 24 20 86 93 81 59 72 70 34 33 47 96 24 5 36 73 41 50 72 87 39 1 66 76 30 57 80 46 15 95 19 53 26 51 69 20 21 30 35 93 38 0 36 77 3 99 15 31 76 48 28 40 57 54 26 35 9 65 55 38 86 21 5 89 81 19 63 85 20 91 55 15 62 38 38 70 47 2 5 11 16 48 43 56 50 17 67 58 54 29 39 54 92 31 52 62 80 69 21 97 20 42 62 9 8 21 26 24 38 85 49 71 9 9 65 45 0 59 35 84 7 48 17 3 46 18 11 44 21 40 86 74 82 56 62 13 89 78 31 97 80 61 71 73 99 48 3 5 80 91 65 53 10 18 99 67 43 81 39 47 34 92 34 22 22 13 7 33 80 32 14 38 99 50 36 39 6 5 96 46 82 30 26 34 80 20 95 51 37 61 46 43 56 79 66 23 8 32 59 36 99 97 93 39 38 43 23 95 81 43 76 62 17 0 40 29 97 98 41 40 30 69 79 8 59 43 45 15 27 78 60 25 64 5 22 9 60 41 20 96 50 51 72 27 83 64 34 7 85 47 99 0 47 63 2 79 51 16 31 13 21 83 93 70 64 53 9 74 50 87 31 98 3 40 71 67 98 31 84 36 63 92 27 49 96 68 88 94 43 23 41 16 84 58 59 2 55 25 28 8 44 30 33 20 73 47 57 57 31 12 11 49 93 45 81 49 9 54 56 22 16 80 26 74 29 51 65 21 
1 60 13 65 97 90 17 16 23 31 11 17 74 60 78 76 5 41 7 18 66 65 2 68 91 58 26 82 92 55 31 59 30 59 60 19 87 66 20 5 59 77 36 87 71 70 93 83 96 8 15 83 6 16 67 98 50 17 13 88 56 34 54 44 45 77 91 57 8 26 21 71 51 92 36 87 49 11 13 32 70 99 77 55 82 32 70 14 53 15 20 52 99 91 12 8 15 95 60 83 45 83 44 31 9 9 7 21 62 91 1 53 98 54 23 64 6 13 75 15 62 25 38 18 43 7 59 43 48 48 10 13 98 89 93 99 10 16 74 5 44 93 1 4 90 40 83 85 6 93 59 64 71 50 92 14 37 1 95 13 20 33 54 50 91 67 85 56 5 92 20 7 52 6 2 83 24 14 12 78 62 55 41 27 81 48 96 80 45 34 63 75 79 34 91 44 64 86 43 50 77 42 30 79 93 61 3 45 81 55 59 83 77 85 53 99 96 67 96 9 22 74 19 55 40 94 85 26 12 85 72 26 13 93 42 18 33 62 48 50 45 68 35 24 73 44 72 76 56 80 0 71 6 60 63 43 56 78 64 81 84 13 22 62 75 30 62 70 18 23 29 54 72 48 16 73 24 31 52 18 69 87 39 92 87 76 40 29 52 45 81 67 48 90 19 36 53 28 54 68 86 94 11 13 85 17 66 18 91 23 28 85 14 39 9 6 46 12 41 35 49 8 51 65 24 79 35 22 79 88 44 57 55 3 41 15 77 12 18 64 21 35 41 69 41 81 70 34 47 97 66 15 14 6 51 39 20 48 88 62 87 66 22 96 69 51 76 48 49 71 27 61 16 92 17 62 68 16 71 81 42 2 96 23 78 68 51 30 95 75 4 30 48 9 4 96 22 78 83 96 
30 18 13 46 94 21 87 52 16 37 94 94 35 72 54 78 40 14 53 32 98 77 58 0 69 89 64 51 96 31 10 80 27 0 25 36 32 95 31 95 12 27 14 76 49 26 8 63 73 19 85 19 61 13 35 43 91 67 44 0 25 35 49 82 11 90 34 61 54 94 6 48 50 59 32 77 65 22 74 96 21 19 1 81 40 13 94 95 62 63 11 2 27 17 1 51 93 83 12 7 8 33 47 61 60 33 14 92 43 60 77 92 92 71 19 60 71 17 79 60 98 89 94 95 47 50 49 4 50 0 92 68 26 41 67 56 11 36 87 37 3 50 20 99 1 91 19 42 49 6 75 74 18 7 48 34 8 9 85 55 34 85 65 58 95 17 56 15 75 80 4 8 80 69 52 65 34 19 71 1 20 32 44 69 11 48 25 91 92 79 46 50 97 5 19 40 52 2 84 24 24 71 80 49 32 75 32 34 9 81 49 20 82 90 97 13 38 22 37 50 65 88 47 99 27 53 3 58 25 11 66 97 2 98 59 88 1 96 96 86 83 4 44 35 88 16 83 38 57 69 61 15 48 99 48 16 15 12 27 4 26 33 27 84 56 84 13 33 84 68 96 66 52 94 85 98 10 52 4 76 68 55 32 35 45 20 90 44 90 87 66 86 19 96 38 32 3 67 43 12 29 70 25 80 12 55 23 9 39 79 35 56 41 29 79 44 84 32 51 91 84 77 17 64 23 39 79 53 63 15 8 66 8 82 90 5 94 80 6 84 20 24 96 40 78 74 96 23 9 23 98 64 65 67 10 78 76 3 79 58 92 49 1 81 72 33 71 82 35 85 74 19 54 81 20 89 57 87 1 36 19 21 0 5 5 72 0 48 36 7 41 93 82 17 68 98 34 55 1 49 
75 9 68 62 55 90 50 64 52 63 46 32 67 60 43 53 44 25 40 14 48 44 81 1 96 22 59 6 55 19 83 80 90 17 51 41 27 64 10 91 12 16 38 37 57 19 22 12 57 22 8 96 7 45 27 91 99 61 14 39 49 38 37 45 92 33 84 36 64 55 65 96 20 22 48 65 81 48 10 87 61 10 78 31 67 51 20 1 95 85 99 19 16 35 92 14 97 99 53 8 9 22 26 34 98 42 11 7 51 71 93 12 72 66 54 1 30 41 75 40 20 3 80 45 14 3 55 22 88 86 44 63 57 34 17 28 68 68 52 6 62 54 1 56 42 53 98 75 53 36 88 80 86 14 48 68 81 77 78 4 54 56 33 95 25 98 7 0 23 75 61 88 36 66 42 19 30 60 36 2 80 0 0 25 0 11 56 54 78 34 94 94 55 90 94 78 53 63 38 5 95 68 90 92 7 58 3 70 94 34 88 49 39 32 94 80 12 42 51 50 89 58 42 23 83 31 93 34 60 85 5 95 80 38 49 74 99 79 80 71 64 12 68 59 50 77 3 79 40 10 77 88 78 4 10 23 37 12 26 1 24 59 41 22 49 38 12 6 58 28 17 56 5 86 54 66 44 50 97 24 5 12 39 80 65 72 30 58 19 88 83 1 75 57 28 70 76 7 14 76 79 35 67 51 53 43 81 13 14 44 66 81 31 67 31 54 25 32 79 24 63 4 50 37 94 56 89 23 67 78 84 84 77 44 29 54 47 24 18 59 68 22 6 52 9 88 20 54 15 97 76 49 78 67 38 93 17 8 29 29 35 75 12 18 25 72 47 60 97 28 56 86 2 57 59 32 73 6 23 40 19 54 90 94 8 70 92 73 0 40 26 69 96 41 20 78 43 75 9 92 
45 43 51 49 96 29 79 21 21 82 58 88 65 29 27 49 32 65 79 57 83 49 78 57 1 49 88 80 75 16 48 80 76 55 56 56 53 89 97 46 90 63 4 55 9 90 81 75 0 27 63 45 29 10 53 38 4 58 91 89 16 68 75 79 38 30 77 31 95 66 58 5 52 90 65 79 54 46 16 97 98 57 36 85 87 72 65 25 31 21 65 87 84 42 15 81 54 64 61 46 96 27 49 89 18 59 78 17 62 45 78 69 15 46 55 41 89 55 44 92 7 45 74 35 77 23 99 6 82 78 37 90 49 81 70 94 66 25 70 42 7 42 89 81 11 39 31 25 91 86 94 17 32 99 15 82 52 39 75 78 80 80 3 65 37 11 97 76 78 33 65 36 58 70 21 87 82 43 45 66 1 37 65 6 5 39 7 54 17 89 31 49 49 37 82 92 26 6 55 95 7 18 84 5 31 64 48 73 91 87 31 38 10 86 19 37 64 44 98 61 68 81 4 7 53 42 94 4 70 61 75 40 41 73 70 0 97 69 64 58 76 90 91 38 35 46 96 45 15 86 69 62 16 32 41 69 96 6 88 19 10 85 6 33 72 13 35 52 81 4 4 93 39 61 21 71 8 12 46 37 35 63 55 64 98 94 99 85 18 38 35 71 6 86 2 27 95 47 80 47 28 62 49 96 25 4 7 95 81 14 99 51 4 56 60 93 2 66 48 72 62 65 75 6 70 51 65 79 7 7 4 48 0 43 58 82 42 74 35 52 30 24 94 22 70 80 76 20 0 85 2 79 41 76 5 90 70 5 43 39 77 12 31 67 81 54 67 99 5 88 17 61 78 91 20 18 20 33 96 1 20 27 89 52 71 47 84 2 89 83 58 93 6 11 49 4 77 76 57 59 
0 85 91 25 7 67 72 43 44 39 3 72 73 10 75 5 4 13 32 69 36 58 48 55 5 39 75 67 42 96 22 78 45 62 63 34 47 47 90 93 32 47 46 53 97 61 14 84 28 98 1 5 35 45 61 79 17 57 52 52 22 79 0 64 65 39 92 55 19 99 62 37 81 97 28 80 74 78 30 99 2 88 0 1 66 33 87 76 21 48 53 35 75 60 7 30 20 27 7 72 27 33 53 69 55 52 89 69 45 2 61 29 23 52 69 33 93 18 64 61 2 89 8 40 22 48 70 18 73 94 23 53 62 30 6 54 89 96 57 21 2 80 25 46 19 57 6 25 67 3 7 48 44 11 48 44 62 30 61 69 58 33 24 78 37 49 41 56 89 79 93 50 24 33 81 94 62 89 41 85 62 33 45 48 39 3 62 1 53 63 96 92 77 96 50 47 85 20 91 68 29 31 48 21 45 88 38 45 20 60 29 1 68 23 13 73 11 81 0 16 1 79 72 57 3 54 74 72 88 47 99 16 18 44 6 47 15 18 79 71 0 39 90 45 62 34 27 63 23 80 41 46 71 17 28 74 44 72 59 49 82 43 21 62 40 71 76 90 7 62 32 12 84 54 1 70 75 65 83 30 77 97 93 57 43 58 16 9 48 5 34 91 29 96 90 29 42 83 97 96 45 73 5 4 14 20 5 78 25 21 54 46 3 15 25 7 85 89 65 68 94 66 85 56 36 29 85 40 14 13 33 23 72 75 83 51 75 77 3 22 50 17 55 51 9 79 32 58 84 71 82 54 4 91 30 90 2 79 94 85 10 13 45 81 90 99 97 85 54 27 25 35 71 74 51 86 5 88 74 64 50 8 87 98 96 39 81 47 76 85 54 87 59 30 24 29 13 18 20 42 
77 56 97 99 0 20 12 21 34 99 3 24 9 7 76 38 63 94 40 37 94 64 8 66 89 33 86 39 46 11 38 23 98 76 39 48 33 90 92 25 43 28 36 18 42 84 26 69 1 34 45 82 47 3 48 74 68 81 75 34 81 99 85 90 18 60 65 60 86 93 87 3 85 78 12 10 49 64 56 91 37 20 23 88 45 35 10 31 64 27 0 20 26 41 1 77 1 99 53 33 62 48 71 53 80 14 72 80 17 47 31 0 77 79 31 42 82 96 7 53 48 43 29 16 12 6 40 10 15 15 38 46 50 44 30 45 84 19 11 88 20 0 62 60 87 20 88 79 75 29 30 24 65 28 56 26 57 38 68 55 68 45 21 59 26 12 64 10 92 74 93 14 16 40 1 31 76 50 6 21 92 55 52 60 59 38 7 35 95 84 96 71 99 91 97 48 18 93 11 47 2 78 70 50 86 18 16 42 88 63 62 99 57 29 15 41 78 86 1 77 83 68 45 17 22 77 18 5 42 99 93 86 12 24 27 36 30 27 84 51 2 43 23 65 10 88 85 47 73 76 18 1 96 56 14 55 51 15 36 6 33 81 77 58 27 59 43 32 31 3 60 83 36 0 21 51 46 3 62 59 34 35 35 39 32 81 15 40 2 43 64 7 45 36 4 23 51 25 23 11 31 85 44 63 40 67 48 37 14 23 97 87 51 48 55 40 37 94 5 64 33 24 41 80 20 95 97 9 27 15 33 27 20 57 49 13 71 34 93 87 14 36 50 73 85 59 74 98 49 77 82 15 67 76 0 13 87 3 20 8 37 87 71 18 11 76 30 55 57 17 35 82 34 37 25 95 0 98 89 63 22 90 29 81 63 75 72 10 89 75 53 48 27 53 61 70 36 70 23 11 
58 20 86 80 82 62 7 27 64 24 19 57 96 34 99 50 54 23 81 24 32 32 85 85 50 44 21 89 79 79 41 67 73 70 83 94 85 21 22 76 12 83 80 62 1 85 30 74 4 41 11 21 34 41 15 75 94 57 97 21 44 77 7 42 4 55 61 17 88 31 81 49 85 48 85 0 84 90 1 6 53 48 11 54 68 71 56 75 19 8 33 36 22 87 57 19 57 52 13 55 95 19 29 16 95 46 69 81 80 37 36 28 4 13 56 56 62 34 98 71 84 36 95 17 58 31 40 16 37 29 61 66 90 14 0 16 18 30 36 96 74 24 40 57 3 67 14 73 28 81 75 52 23 5 17 60 16 45 79 84 91 9 23 24 13 91 65 85 74 43 47 49 10 53 60 42 28 96 86 71 66 41 3 3 2 72 90 81 12 70 46 67 1 9 78 83 23 60 45 91 79 54 25 96 11 36 20 97 28 44 63 29 63 45 36 74 58 17 71 40 17 18 53 49 49 0 35 82 2 77 3 34 24 18 22 41 95 90 93 68 23 80 33 75 56 2 80 51 98 75 39 85 89 12 97 6 57 47 25 72 12 72 47 82 66 52 82 68 24 42 26 34 0 96 44 20 73 59 15 80 36 7 6 8 34 81 45 18 47 37 80 23 74 74 29 67 69 96 82 49 87 89 47 6 21 39 9 58 26 5 31 47 14 96 8 85 85 28 50 30 79 47 25 86 60 98 82 53 65 45 25 32 24 75 61 94 76 86 99 64 11 4 34 63 54 19 82 76 90 98 70 16 19 13 79 93 93 57 49 5 54 52 39 85 59 43 51 41 34 96 15 30 15 23 71 8 70 8 55 21 85 39 79 85 98 26 90 96 54 42 82 81 39 96 85 89 72 82 77 87 
95 94 16 28 44 75 3 94 22 18 15 45 25 78 61 46 19 39 66 55 8 51 50 46 65 10 82 42 94 23 79 72 31 24 62 14 20 11 69 65 68 29 47 50 20 48 42 1 55 55 44 55 37 88 28 61 8 89 47 58 78 99 10 4 13 21 1 61 56 88 17 97 39 14 30 26 64 52 96 28 82 75 91 22 45 98 4 49 48 14 86 63 28 54 29 19 22 45 14 19 47 73 7 66 30 33 72 75 6 6 11 93 12 18 99 1 26 37 47 69 37 93 41 39 72 39 13 21 70 13 76 61 79 39 80 12 14 5 74 51 13 64 77 34 60 65 25 52 23 28 0 79 94 21 76 76 18 78 77 46 41 33 87 36 90 65 87 43 27 39 67 88 7 52 8 22 11 83 16 88 31 40 19 2 77 22 85 52 65 37 21 30 23 68 12 46 1 8 89 63 44 71 75 68 30 74 51 88 54 69 84 95 67 80 73 57 44 73 58 90 31 85 17 6 36 11 10 73 24 28 92 13 79 88 19 26 7 39 75 34 47 39 2 51 3 65 41 2 92 78 10 97 18 4 54 8 75 38 33 83 55 60 83 59 78 6 46 10 22 63 51 59 50 0 37 78 26 50 47 20 88 97 90 31 19 82 27 33 37 52 98 22 10 49 23 38 58 30 64 48 39 37 67 95 97 53 85 14 82 64 59 31 34 12 69 95 9 79 80 46 86 49 12 20 92 42 22 87 7 24 13 19 46 57 23 70 18 17 35 46 97 79 58 19 36 66 15 77 54 62 34 77 58 46 47 23 22 32 31 5 17 39 90 90 50 65 60 48 87 9 74 46 56 38 3 68 3 89 24 13 0 39 20 88 93 19 36 58 12 50 14 23 80 20 90 66 76 2 33 26 
42 65 14 30 27 94 63 58 47 5 89 55 20 95 82 6 98 99 6 1 22 1 47 75 59 34 2 8 72 27 75 94 27 12 64 65 98 70 53 6 16 60 93 4 2 86 9 58 86 11 13 12 0 65 51 24 23 74 73 60 70 62 97 13 24 2 90 5 45 3 65 90 62 91 53 42 90 43 0 70 5 2 5 99 49 29 58 98 8 56 83 10 22 75 87 75 79 12 95 13 63 64 3 55 72 93 75 34 44 3 67 33 39 41 95 50 91 18 10 28 86 83 72 67 67 43 13 73 82 42 0 70 65 34 84 50 71 47 65 29 47 77 30 3 76 60 90 5 0 35 29 40 33 55 73 85 99 82 52 25 87 47 63 74 55 69 35 13 87 68 55 57 68 86 94 4 7 42 59 20 69 89 14 93 60 25 49 1 60 79 95 57 87 76 95 2 85 64 28 58 84 18 67 95 63 89 2 24 26 63 60 32 13 27 78 15 20 5 24 4 51 99 42 87 9 68 76 18 63 87 12 55 62 89 95 40 72 88 79 15 31 92 24 23 34 74 75 95 62 30 51 29 88 45 42 5 55 84 43 99 16 84 82 50 92 26 51 67 91 88 91 66 87 85 96 66 18 25 39 23 75 93 41 91 42 30 49 94 91 44 95 67 25 68 78 78 48 37 13 35 99 71 89 91 98 57 62 42 38 53 50 88 18 10 38 28 6 37 2 6 90 91 28 35 90 70 84 79 4 49 55 86 65 29 94 11 71 49 61 17 54 70 63 10 86 56 42 19 25 95 46 56 92 93 63 92 31 83 65 57 9 15 77 11 77 21 44 74 15 21 65 9 14 59 14 46 42 95 22 64 93 68 7 62 9 8 19 77 88 50 92 47 10 10 5 82 75 20 54 29 
79 60 3 12 18 49 15 78 55 16 2 42 94 31 56 39 57 85 40 45 52 81 18 87 29 3 33 19 19 1 80 90 41 78 1 40 49 71 59 28 61 31 0 51 2 97 74 99 83 31 67 2 37 64 74 8 20 17 76 62 88 85 63 71 89 76 18 56 48 2 81 74 4 11 2 34 3 57 20 54 44 39 35 99 9 97 68 47 8 37 15 95 84 96 50 83 45 46 31 4 7 53 61 38 23 81 83 88 75 4 98 85 28 0 8 72 53 9 52 66 57 99 24 22 25 1 69 69 67 3 54 76 6 49 59 31 36 60 16 19 48 9 92 34 31 24 43 5 9 15 59 30 31 66 73 91 84 5 56 75 85 88 90 48 9 86 12 69 57 57 31 20 3 17 63 42 49 79 58 66 32 92 64 71 66 27 26 2 89 55 96 76 29 64 8 44 35 31 36 63 7 4 94 99 43 43 82 21 13 59 4 3 4 3 56 50 97 25 74 8 15 8 17 12 68 52 3 72 54 65 89 59 42 56 93 12 26 80 33 44 29 45 54 80 55 74 65 93 1 61 5 67 32 23 57 91 37 31 63 20 60 3 77 68 53 93 78 0 90 28 45 49 67 12 14 77 2 13 37 98 54 62 99 96 22 5 2 85 82 38 72 60 94 38 15 34 38 89 95 13 0 90 57 10 4 57 47 58 85 97 60 87 40 77 1 24 90 29 47 98 41 97 79 12 55 69 0 97 63 69 52 25 4 15 53 29 51 3 81 99 91 46 0 86 39 46 82 93 64 12 65 2 99 59 23 45 29 37 34 65 61 20 83 54 2 90 66 44 26 28 37 97 34 19 3 53 6 0 6 33 19 14 74 65 72 65 40 77 50 53 3 47 72 83 86 66 49 44 67 58 
11 0 66 58 8 53 24 10 99 59 70 51 21 30 72 23 12 14 27 9 43 6 3 13 4 61 85 48 87 44 8 71 63 48 44 8 66 19 32 12 76 5 28 70 20 1 35 77 42 27 75 90 52 92 41 0 36 76 34 96 42 99 22 50 6 24 12 21 44 2 38 47 34 3 99 68 53 6 14 57 24 83 72 18 73 78 33 81 82 8 47 25 95 61 83 93 36 99 69 55 29 21 34 67 41 16 92 32 12 66 73 32 52 87 99 43 22 9 11 22 92 98 67 1 14 53 78 67 81 74 11 12 35 77 89 24 96 26 49 66 73 40 88 31 59 67 99 24 34 0 48 93 55 42 31 35 18 4 72 0 44 4 63 82 20 70 49 70 40 9 5 26 99 97 48 16 81 38 76 77 66 76 31 28 26 91 38 55 49 89 75 56 62 38 8 0 37 47 73 53 50 30 89 80 8 81 83 85 89 45 95 25 94 68 56 25 35 90 48 73 97 85 6 64 7 43 94 18 18 25 30 57 68 77 92 12 2 39 72 97 61 51 19 82 46 81 68 83 44 74 49 50 43 79 33 82 59 84 30 72 55 63 2 62 78 97 66 26 70 27 68 80 39 81 68 71 38 63 17 65 55 0 26 24 87 32 1 3 62 77 14 42 88 94 16 49 98 26 59 3 55 79 5 25 40 82 58 0 37 65 6 1 34 52 90 20 49 44 97 55 67 65 17 64 12 25 8 28 82 94 80 41 87 96 62 90 80 59 70 61 33 48 8 54 89 1 45 14 64 90 22 59 60 81 92 50 8 37 27 12 56 51 32 89 12 93 60 66 83 39 43 58 0 47 45 84 98 12 96 59 61 18 54 73 95 16 97 32 12 86 68 46 46 73 47 76 36 87 34 9 
36 43 10 80 31 71 52 51 71 4 2 61 84 85 83 19 0 51 79 54 76 99 35 36 16 25 18 48 45 5 96 7 69 79 69 29 41 67 38 79 58 57 87 38 65 23 77 83 37 89 14 45 44 12 13 60 68 98 0 67 79 81 2 12 12 14 42 58 64 28 57 92 77 73 72 60 56 99 50 87 5 95 75 15 39 70 29 57 37 41 9 7 36 56 57 13 98 73 85 36 22 81 48 50 17 78 68 45 93 94 24 82 71 88 61 57 78 57 23 98 98 90 22 98 63 77 72 92 98 3 40 13 52 99 52 6 37 88 51 28 35 60 70 52 8 77 32 80 93 97 80 25 60 40 78 11 91 68 72 34 18 45 85 23 18 94 95 14 31 44 58 21 59 20 69 48 56 30 81 74 72 52 26 73 71 12 45 38 45 59 59 24 0 26 92 12 96 17 76 95 29 77 20 59 29 10 44 52 95 38 87 77 87 1 40 78 11 81 51 51 97 51 83 40 57 67 55 46 22 29 11 2 68 77 61 88 29 35 67 79 5 18 66 48 29 86 71 76 35 48 53 37 6 59 36 99 41 80 36 71 47 61 57 85 84 21 37 3 63 79 18 9 1 41 23 86 48 27 17 35 65 73 2 70 54 97 20 14 68 32 55 81 76 22 81 62 85 79 65 84 86 61 58 22 40 4 61 81 6 90 85 87 91 67 11 34 7 25 85 96 94 47 62 55 37 27 67 84 15 47 52 91 75 46 58 95 78 95 8 68 24 4 64 64 78 38 55 31 50 76 27 56 78 43 67 53 74 65 40 62 85 9 71 1 94 1 67 6 43 25 56 63 74 15 16 67 21 51 2 78 59 58 12 4 49 25 9 83 19 64 35 46 48 4 57 4 91 39 80 96 
63 94 94 2 79 71 51 22 26 90 84 7 90 82 62 51 4 92 21 69 91 95 68 15 88 0 2 9 70 76 33 9 5 31 65 65 21 32 25 26 27 66 26 70 91 5 68 69 44 30 66 51 60 35 67 13 97 18 30 72 18 3 46 86 6 16 82 16 94 57 36 8 2 84 47 96 25 54 39 66 8 83 32 53 20 67 69 20 67 42 26 66 13 52 80 65 70 92 80 71 51 22 94 26 93 32 31 63 45 34 90 14 71 24 71 11 12 52 57 76 25 71 69 9 81 65 74 52 9 56 59 90 64 4 55 42 13 28 19 37 91 85 17 17 8 9 64 82 35 21 92 25 72 38 31 75 71 19 80 17 67 27 43 54 88 55 17 78 81 79 18 60 19 26 28 15 0 57 82 64 7 47 81 75 44 26 17 14 50 5 95 66 60 54 89 21 69 70 94 60 51 83 24 26 9 13 8 40 99 41 29 10 98 45 72 30 77 44 22 28 76 81 57 98 71 73 80 1 69 50 10 11 45 93 2 78 24 47 20 64 89 60 2 57 65 0 61 98 83 59 70 68 19 83 89 49 57 75 60 52 41 34 95 51 24 56 71 39 82 32 72 20 29 3 60 83 84 44 57 84 69 96 50 97 44 56 52 18 42 80 70 48 85 39 99 67 84 73 83 51 53 47 17 6 77 81 55 90 19 76 43 90 21 3 40 65 95 79 56 39 54 62 41 79 24 52 77 13 57 39 83 37 62 13 54 88 63 67 36 56 86 41 15 18 53 51 19 71 40 14 88 75 24 18 69 83 4 74 66 76 14 3 10 33 84 26 23 64 20 53 46 47 88 54 50 70 54 68 56 91 67 54 45 58 54 7 47 15 51 5 45 36 93 40 0 95 85 17 81 96 
84 90 89 6 46 8 99 80 48 44 17 21 15 41 38 17 46 39 58 10 50 24 6 81 68 15 49 91 47 62 91 14 58 54 98 61 4 98 26 46 94 52 29 73 77 87 87 46 41 54 82 54 69 16 85 56 20 52 82 41 39 14 97 12 20 47 99 56 90 33 40 2 58 63 81 39 33 44 92 38 83 45 59 82 96 72 99 11 97 62 50 77 85 93 56 17 80 86 83 15 20 57 28 11 38 35 55 96 15 39 30 21 52 0 62 10 39 61 39 91 50 50 1 52 61 98 31 52 55 58 31 14 61 89 22 69 71 80 97 30 43 72 56 20 63 90 86 70 61 54 9 9 1 43 12 60 27 66 70 79 93 29 89 41 3 58 66 36 97 43 79 86 21 20 38 57 69 51 24 78 43 0 58 43 40 26 18 86 34 8 26 53 17 63 64 4 20 31 13 76 91 84 36 17 76 99 21 57 94 41 63 62 85 87 81 70 28 6 52 59 51 45 1 62 53 13 57 23 5 49 98 45 67 58 96 93 53 28 96 9 98 5 19 3 43 78 82 67 97 20 72 89 98 36 10 62 91 55 62 2 5 63 98 39 7 10 51 4 84 8 95 32 41 18 0 27 57 73 46 41 46 56 0 6 51 14 6 41 64 88 73 94 58 62 0 46 28 75 85 16 85 6 99 13 54 6 47 47 54 17 32 31 81 93 88 20 38 55 59 84 72 36 74 33 46 9 8 90 54 14 79 15 95 3 99 6 43 89 91 20 47 62 48 79 40 71 10 89 6 74 16 41 19 17 79 36 46 9 98 27 9 74 41 68 39 50 63 94 10 44 28 56 72 31 79 88 0 51 72 56 56 24 69 97 77 1 30 4 18 74 95 46 20 32 73 22 62 40 40 93 
96 7 79 45 13 57 20 98 73 21 77 77 76 4 87 37 89 84 63 51 74 55 66 65 20 84 9 11 26 5 20 86 81 33 95 25 10 12 11 9 11 89 18 23 6 83 17 7 68 19 76 7 14 13 91 37 78 53 72 82 15 52 10 55 44 7 56 54 90 75 4 57 65 89 86 52 74 72 19 57 30 17 63 19 57 47 63 47 28 51 51 63 67 97 87 47 3 0 35 35 67 66 32 78 57 80 65 99 60 56 98 97 27 48 11 83 8 66 17 14 78 16 61 34 36 62 13 75 80 9 67 19 3 82 34 36 13 76 35 84 95 27 33 41 15 1 37 42 95 81 33 49 42 5 46 87 36 8 59 49 96 21 48 44 87 91 31 31 30 49 5 43 0 84 20 99 53 26 16 90 62 85 4 6 62 73 78 66 93 6 41 14 47 81 70 93 23 0 53 27 36 65 42 93 15 67 64 49 34 31 88 2 41 6 33 28 91 58 90 64 24 98 52 78 60 57 86 34 34 26 10 88 2 73 79 0 32 26 48 66 58 79 54 2 83 47 68 62 81 28 9 19 32 68 67 18 73 76 43 15 70 61 26 11 66 88 6 45 30 10 32 90 93 91 72 98 62 84 37 22 88 40 60 56 39 77 67 40 84 19 18 0 57 0 96 54 2 43 77 61 75 86 56 97 43 79 5 78 0 3 13 83 40 6 57 48 19 89 46 17 34 29 46 38 16 15 64 47 87 97 76 26 85 20 5 91 15 78 98 15 42 29 75 89 64 29 50 13 37 75 82 22 99 35 27 55 51 87 54 80 69 0 9 38 65 24 74 44 87 48 33 27 51 61 20 16 94 74 79 25 5 52 55 26 59 92 53 64 85 0 98 79 64 92 50 39 7 47 36 92 
5 7 17 83 81 5 19 5 64 56 42 66 59 71 63 64 93 13 81 25 96 81 41 35 27 70 31 23 22 81 78 39 22 60 86 4 66 41 24 94 79 20 41 6 86 29 48 6 23 1 26 83 14 31 75 3 15 22 46 0 8 89 96 53 21 42 5 88 31 58 95 24 14 33 63 27 96 25 93 87 67 50 0 92 56 57 30 5 20 95 17 28 83 12 30 3 28 38 97 53 20 52 41 31 15 84 65 31 15 72 99 39 86 9 76 30 58 76 56 96 6 22 95 46 16 29 1 19 1 99 82 29 61 22 45 20 96 89 26 97 88 18 37 61 8 88 85 83 11 43 8 28 73 66 93 78 67 61 40 67 38 23 9 98 38 45 39 93 42 19 22 57 19 86 31 87 28 51 59 93 57 55 23 53 89 8 82 28 44 67 55 45 37 74 21 54 54 40 96 52 73 71 90 55 59 9 9 44 16 89 87 11 58 48 12 55 93 91 66 84 10 84 35 83 66 69 22 79 30 28 35 95 13 96 64 87 18 90 84 97 6 79 88 9 63 1 3 50 94 48 6 14 51 52 11 75 31 84 44 32 10 76 88 24 89 7 3 65 18 42 75 72 43 29 42 70 76 99 64 22 72 99 92 38 33 22 27 51 42 18 16 89 22 89 96 70 99 3 96 13 8 20 15 98 67 30 89 32 85 33 76 51 7 23 14 24 81 82 72 2 77 60 26 10 82 47 14 28 41 77 93 7 52 49 83 99 25 2 66 42 98 4 34 50 50 61 16 52 38 65 44 88 82 25 88 35 57 1 6 64 52 76 5 40 6 96 31 4 35 54 4 32 10 51 74 65 59 36 41 91 98 7 22 0 78 50 52 56 69 47 16 5 40 9 4 82 5 39 63 99 
47 86 96 87 2 55 45 42 88 37 93 87 11 56 95 96 16 31 53 9 60 19 33 79 13 40 59 90 42 23 56 77 54 21 61 65 42 40 42 87 34 3 36 1 47 26 65 31 58 19 95 18 91 58 20 78 50 20 33 1 65 74 33 59 80 8 15 15 18 65 1 14 93 35 31 50 92 16 43 25 94 90 75 20 73 47 26 94 0 62 14 69 2 20 94 0 53 18 34 65 38 34 75 29 33 57 65 24 86 56 54 35 89 13 80 65 12 76 2 19 15 1 23 96 73 0 55 51 72 12 59 92 93 24 91 6 57 48 54 69 95 54 64 11 11 12 67 90 58 9 52 10 51 98 7 1 50 23 5 66 75 46 53 22 0 19 21 84 38 48 11 76 98 28 56 38 96 66 78 12 20 83 52 21 0 68 38 15 88 45 80 96 96 59 12 28 91 10 18 2 21 51 38 21 94 95 87 68 83 84 59 29 22 42 95 41 21 52 57 56 0 21 94 57 12 56 25 71 86 62 9 30 83 10 38 27 72 90 59 50 50 26 78 91 80 41 48 23 48 50 91 55 82 19 5 65 34 60 43 54 93 15 70 39 43 68 72 0 40 46 55 98 7 47 33 60 26 37 23 53 47 13 0 60 86 80 84 35 76 51 78 0 67 48 85 97 52 27 98 27 58 10 31 62 7 23 18 86 79 97 13 49 23 58 40 31 48 20 80 14 56 7 71 79 26 49 19 36 65 75 67 48 37 32 28 20 66 23 20 28 44 30 53 93 84 84 92 16 23 90 84 15 28 86 88 46 0 11 79 60 43 97 24 47 46 36 93 18 7 7 88 30 49 83 91 71 37 88 99 7 56 23 68 47 14 44 28 69 74 70 86 97 46 65 44 92 38 91 18 99 
56 54 1 20 38 45 52 61 0 53 2 48 43 86 80 90 43 26 48 64 20 69 71 48 74 74 63 4 18 69 11 42 7 73 27 6 75 12 7 81 87 88 31 63 0 92 17 20 10 68 34 99 97 57 10 7 95 44 45 45 45 17 53 21 93 27 70 80 47 87 4 74 19 24 17 61 63 57 50 78 49 93 1 90 51 58 23 71 44 89 83 32 34 56 8 11 46 5 91 14 92 14 36 52 84 86 13 64 19 72 27 70 62 53 58 33 12 34 43 69 66 7 96 29 80 49 78 52 74 19 45 64 0 11 41 27 9 86 73 45 46 69 81 6 22 22 75 44 97 60 81 59 37 58 32 85 4 97 49 84 80 68 85 2 84 3 70 75 24 95 8 25 70 90 47 20 73 61 51 83 46 46 25 3 5 59 36 58 10 12 84 43 45 48 22 48 39 89 48 4 59 42 58 6 76 12 13 86 59 29 11 30 14 45 44 55 54 49 79 62 58 9 23 69 50 8 64 39 51 43 17 90 19 78 28 42 95 58 40 6 95 4 13 78 47 16 45 77 3 61 25 24 24 12 51 62 40 24 47 25 22 77 60 37 40 80 77 0 17 21 71 18 66 86 4 37 7 96 88 88 10 47 3 51 39 54 99 59 42 59 68 39 77 80 5 54 66 47 33 63 16 72 22 53 29 72 96 65 79 24 5 12 33 54 68 69 57 75 40 26 75 2 86 66 60 48 93 75 72 4 80 65 53 17 94 79 74 46 30 0 99 49 77 1 37 51 72 53 12 18 28 96 98 1 85 36 99 80 7 5 75 99 35 53 8 8 25 96 61 47 37 36 54 26 95 42 21 97 91 23 61 40 61 70 76 22 18 31 78 21 79 49 59 71 41 59 49 2 6 68 
56 8 13 7 26 20 60 21 55 77 34 51 83 0 15 74 41 64 56 14 32 54 50 37 44 13 99 27 96 31 98 91 93 52 51 39 5 35 19 89 9 31 68 93 8 67 8 42 61 9 7 29 18 4 39 7 90 48 44 53 88 98 79 29 42 60 33 31 76 46 96 63 60 26 58 17 50 49 42 0 76 66 35 3 12 34 42 90 21 85 36 13 18 84 4 42 45 67 42 35 43 42 63 89 88 82 59 7 82 61 61 78 61 34 1 82 74 85 4 49 0 91 27 3 67 41 37 26 74 70 15 55 58 78 1 84 73 80 91 99 92 96 15 35 93 70 28 57 56 1 44 50 96 27 38 95 0 95 59 5 15 53 26 71 65 55 1 60 67 92 34 41 88 81 10 63 56 53 65 68 89 69 26 24 45 72 12 82 36 49 89 40 15 59 70 51 91 48 4 30 57 9 33 33 2 57 53 53 66 24 91 71 31 17 27 63 19 36 54 2 82 77 28 53 93 53 40 75 85 70 88 72 36 52 55 24 45 67 69 63 79 74 46 42 88 79 69 95 62 12 66 12 61 60 22 34 6 26 22 7 15 76 15 64 64 29 32 40 90 32 57 80 50 92 30 66 89 96 87 48 85 90 10 17 86 57 93 37 46 27 35 59 1 96 93 12 5 38 93 31 57 11 97 28 9 54 40 13 13 87 22 14 38 14 78 67 57 28 77 20 41 91 84 60 51 63 68 26 59 38 25 87 54 37 13 60 18 91 99 4 30 38 64 81 39 19 20 68 90 47 52 65 58 51 11 52 24 23 38 80 97 75 8 54 9 86 6 62 46 64 27 40 58 13 48 9 76 66 18 3 56 56 44 62 98 59 47 28 69 60 74 48 61 54 23 59 69 5 91 83 
61 52 5 71 38 53 50 86 43 71 11 71 81 75 88 58 66 90 20 65 18 97 61 33 57 38 41 73 3 83 25 11 2 28 40 31 98 66 31 33 67 41 72 90 7 29 97 73 3 44 87 85 59 35 62 7 34 12 62 22 99 83 42 27 15 87 4 66 82 39 90 68 11 72 96 91 67 54 98 55 88 50 31 30 32 78 17 38 7 51 15 13 29 42 28 45 78 18 26 42 26 65 8 81 12 57 11 86 8 53 59 84 68 20 32 51 29 73 79 62 62 60 90 98 21 71 39 83 72 65 1 37 13 11 7 86 38 72 70 7 72 10 96 8 26 61 62 55 61 40 78 47 89 58 6 17 55 23 45 83 84 27 81 49 84 50 25 37 65 20 55 98 77 47 70 39 51 2 90 28 29 40 88 93 14 98 8 22 30 54 96 59 4 97 51 53 31 97 9 12 36 30 45 51 37 57 16 57 99 99 48 73 85 9 97 64 62 84 70 13 99 31 19 90 91 58 54 77 66 9 52 65 33 17 9 78 46 47 87 70 30 63 58 38 1 90 36 60 68 79 63 42 2 94 19 83 36 51 94 29 89 14 57 39 2 26 81 71 53 91 5 90 76 26 6 27 68 64 13 10 35 4 83 10 99 25 79 16 40 3 7 33 15 83 40 14 0 21 24 2 61 73 49 58 0 17 75 52 0 22 16 8 30 34 23 31 1 9 27 96 39 39 86 97 18 24 26 70 15 25 26 64 92 86 64 12 8 84 6 45 91 61 46 83 31 74 2 2 42 45 36 63 0 34 22 9 88 91 54 50 38 50 72 59 56 62 80 30 70 70 69 54 62 89 46 64 80 15 37 4 72 99 89 57 1 93 32 41 38 73 40 65 35 69 73 77 14 40 4 78 
31 36 98 75 49 81 36 41 57 6 34 99 96 15 82 50 84 8 62 14 63 73 12 88 36 78 5 20 14 1 20 66 34 5 85 85 11 58 85 8 84 87 3 65 74 10 55 10 30 62 55 62 49 61 75 96 10 92 37 42 24 64 24 60 97 90 85 78 90 79 36 52 44 57 40 28 49 76 29 41 91 64 76 38 98 85 48 93 29 56 96 9 99 26 25 98 2 95 46 63 84 13 81 64 60 68 39 98 19 44 31 12 51 45 59 75 35 98 91 87 69 38 10 39 13 54 43 79 74 43 16 33 10 99 85 34 93 1 90 98 70 86 37 89 34 26 27 55 36 32 45 15 73 93 64 99 28 57 4 39 69 55 32 27 72 22 62 81 7 24 76 4 3 16 68 73 99 54 0 12 65 18 29 79 91 69 5 1 89 87 54 74 15 70 61 68 58 69 71 57 2 33 78 71 78 20 87 29 11 66 95 24 38 69 72 16 5 39 77 77 32 31 12 84 44 20 99 62 11 37 77 50 77 74 67 69 71 58 2 19 34 90 18 57 90 0 48 95 4 31 84 39 8 58 43 65 55 31 70 64 60 30 30 8 73 58 43 21 77 99 2 9 4 9 44 22 10 68 11 14 43 0 91 51 27 3 90 13 53 81 27 41 89 59 21 83 67 83 6 63 50 18 86 25 92 99 70 11 42 72 24 75 20 55 93 53 79 79 73 24 46 38 82 47 34 77 19 23 37 37 45 12 88 0 62 97 76 94 90 36 14 85 96 9 29 31 43 41 45 73 60 90 10 67 41 49 15 7 6 9 95 34 47 2 84 65 55 84 66 47 59 89 42 19 82 44 72 85 60 23 25 78 60 39 57 52 10 31 8 50 8 87 31 11 25 50 78 80 96 78 
11 9 62 10 25 93 78 79 83 69 20 23 3 29 96 96 38 36 84 57 40 13 29 70 95 63 53 88 1 14 29 39 27 50 42 23 21 67 97 8 34 86 63 14 18 67 0 83 7 83 24 11 60 77 19 71 49 71 37 65 34 78 10 87 38 62 7 68 36 79 26 58 39 68 90 18 31 8 21 26 50 19 16 53 4 97 36 64 51 50 9 75 82 61 76 46 31 2 57 97 99 66 29 57 73 69 64 73 18 75 78 43 96 57 42 0 24 34 56 27 66 62 27 32 95 55 70 72 72 78 57 50 89 15 86 61 87 66 9 65 79 97 75 92 72 72 14 42 96 60 25 66 93 31 13 62 18 27 17 85 87 21 94 12 76 80 18 99 98 30 10 64 98 45 57 91 44 22 35 24 79 82 73 23 38 38 51 11 78 49 52 69 77 60 24 17 10 57 28 89 30 18 46 20 47 32 83 26 14 27 5 75 54 85 8 5 7 23 15 69 57 38 87 44 13 38 92 82 68 19 93 56 6 49 93 35 49 42 53 16 87 0 84 33 21 28 44 48 9 45 15 78 53 18 14 94 1 32 41 8 10 78 35 20 24 61 87 56 81 34 15 9 3 73 97 24 0 8 79 23 24 25 82 97 91 16 38 36 51 1 7 41 80 17 92 70 10 54 61 83 43 8 30 21 42 5 59 86 63 33 20 36 36 6 45 30 75 37 38 16 76 34 55 15 46 65 8 88 37 49 39 96 83 37 66 68 52 77 50 9 6 82 88 86 96 21 95 65 33 25 6 52 92 75 44 41 27 21 9 96 73 94 75 91 73 5 37 62 80 96 10 96 4 39 10 41 62 29 16 74 44 63 15 86 83 91 62 47 28 58 97 76 26 88 19 12 68 31 5 83 
83 59 8 66 58 37 62 1 24 11 21 41 9 11 12 32 73 6 58 44 9 59 88 10 72 28 14 87 77 12 73 43 85 85 7 57 88 8 96 99 43 7 84 70 49 2 57 69 53 73 43 26 50 45 4 81 26 65 32 92 32 51 57 86 78 87 32 52 66 27 81 97 55 80 75 77 33 76 23 72 53 96 89 36 47 80 51 0 37 72 6 19 49 25 86 20 26 65 2 51 47 47 88 28 23 83 58 62 92 48 25 51 35 39 28 30 19 67 76 17 25 17 31 44 28 50 63 22 28 14 97 70 81 87 41 53 89 59 92 42 1 3 59 13 67 56 25 48 40 14 76 43 14 87 64 88 92 53 73 98 21 15 93 5 62 48 5 66 59 13 29 11 59 72 29 98 23 94 67 14 64 43 18 86 96 30 87 89 19 66 78 22 78 75 95 5 43 2 23 28 78 0 85 87 19 56 88 14 10 87 7 33 4 75 54 58 66 20 14 37 67 26 84 32 72 59 2 32 28 92 51 32 26 73 5 60 53 66 31 29 3 28 55 23 91 45 76 35 57 46 53 34 21 17 42 98 86 22 39 95 40 71 90 69 54 4 24 80 53 20 99 83 51 68 21 53 43 59 93 89 37 99 38 34 12 90 17 58 67 9 28 58 25 34 83 94 16 56 42 69 63 39 43 44 70 15 41 44 94 97 20 29 46 16 99 35 66 74 80 14 98 92 19 62 45 14 54 1 34 17 88 73 46 57 59 81 48 99 10 94 5 80 54 25 92 36 96 23 53 5 19 1 4 62 24 65 17 18 4 41 69 69 16 15 56 46 55 60 72 78 19 89 84 4 33 50 19 13 79 65 70 26 31 83 41 35 81 9 45 63 12 70 85 77 45 34 27 53 20 14 
72 28 59 55 27 4 43 41 74 63 66 73 29 17 91 96 37 56 24 48 85 4 2 40 46 72 84 56 52 63 49 44 42 54 7 46 18 89 16 64 10 23 96 10 98 71 19 36 23 89 17 56 12 38 42 71 55 68 43 84 6 71 18 12 15 51 41 52 92 74 22 56 47 57 78 26 65 20 79 99 1 57 14 52 23 69 81 11 54 5 89 38 87 46 16 48 59 36 1 91 6 88 51 86 77 52 39 80 1 67 16 17 41 73 69 40 2 40 42 80 81 52 51 22 45 64 74 15 13 85 81 86 68 58 99 17 91 17 43 85 0 93 17 82 16 73 93 39 49 3 30 58 17 29 20 20 49 4 36 72 55 97 47 49 74 57 40 80 87 20 42 63 76 49 47 90 70 88 31 15 20 20 91 25 10 83 16 1 55 27 23 81 27 61 50 72 40 33 64 9 99 19 89 59 25 96 84 33 83 66 82 87 91 21 19 65 11 50 51 47 7 28 1 1 78 24 43 95 65 37 66 31 64 65 27 97 37 70 50 4 70 84 46 87 21 46 86 87 42 60 70 55 33 12 17 88 60 27 37 42 7 97 27 74 86 28 96 50 83 78 81 25 52 78 47 28 27 44 39 69 61 63 76 9 80 90 24 34 93 94 4 85 72 83 98 34 76 41 97 40 86 0 52 86 53 35 74 8 9 2 6 57 61 67 65 38 53 15 24 27 68 80 12 80 21 32 47 3 80 55 93 36 27 30 55 77 29 4 42 4 23 17 91 25 74 73 66 52 72 82 64 55 46 61 26 64 69 31 50 73 80 18 72 95 70 61 22 84 44 25 60 80 9 57 46 15 99 36 66 49 13 56 33 6 91 71 1 87 50 34 32 36 61 64 23 84 35 32 69 61 
98 88 98 13 26 33 64 66 10 73 13 4 4 45 33 0 71 31 57 86 50 5 92 80 11 87 57 54 89 21 53 94 22 20 26 93 55 62 21 53 9 20 88 8 24 64 78 53 54 28 7 78 78 49 43 30 90 67 50 39 94 12 42 34 25 59 4 97 64 67 31 46 9 40 94 71 42 70 92 18 80 95 94 29 26 78 7 4 57 49 71 22 92 66 50 97 47 42 86 50 5 17 60 84 22 18 31 84 78 90 46 77 60 67 54 53 6 43 86 91 14 60 51 67 48 15 71 99 32 92 58 23 86 48 79 35 64 97 63 51 8 97 52 11 39 94 52 48 54 37 28 76 91 94 50 21 9 34 72 88 27 58 0 71 99 75 9 35 55 78 79 60 24 66 70 69 33 20 47 28 85 95 55 77 61 24 56 14 17 35 70 44 86 47 14 0 55 82 13 52 50 21 30 83 74 18 73 29 62 14 27 88 76 22 5 12 63 24 50 25 59 44 23 47 59 88 74 61 87 34 31 18 74 37 97 40 21 9 39 37 14 68 9 4 83 1 58 27 43 86 43 46 46 86 38 41 39 36 39 58 83 99 51 33 23 34 19 31 22 6 99 40 80 65 67 36 86 21 72 76 47 62 40 22 39 0 28 70 18 68 38 39 79 16 6 93 29 9 0 40 13 49 54 9 57 10 44 28 85 10 53 34 24 27 40 43 22 96 23 79 59 20 86 8 34 38 3 31 27 82 4 35 90 20 90 26 41 34 69 4 95 39 48 17 63 45 7 18 30 22 26 74 32 83 99 77 62 20 62 73 55 96 56 65 96 4 2 62 36 26 8 36 90 84 18 37 17 41 93 35 53 7 57 28 35 41 53 46 57 95 52 49 19 88 11 24 33 32 27 57 
78 98 48 80 60 99 66 2 81 95 87 35 33 15 9 18 9 36 53 27 40 99 48 17 0 82 81 29 15 5 84 51 6 49 42 8 50 5 76 24 49 10 64 72 31 17 89 78 98 30 62 84 47 79 6 39 42 60 11 9 51 34 69 16 2 75 0 40 23 73 8 11 23 15 0 48 63 62 81 50 14 11 9 61 69 52 59 37 65 65 40 38 97 69 54 20 76 93 32 13 65 5 3 71 1 29 32 49 29 69 50 1 36 60 12 87 84 81 86 5 20 59 32 14 32 35 92 4 13 43 74 77 78 81 44 44 92 93 19 77 84 35 67 66 86 12 25 0 54 98 75 62 32 31 16 76 54 95 46 30 33 88 20 33 87 26 60 2 67 42 57 15 70 27 88 15 50 60 24 30 64 45 95 31 93 24 47 83 13 21 93 3 91 21 32 30 68 32 89 82 8 1 63 63 81 54 73 15 21 56 79 47 50 72 25 34 35 11 9 77 14 31 15 87 16 86 94 34 85 2 86 22 61 82 51 68 30 68 35 62 27 75 28 9 36 31 21 22 90 15 47 45 13 6 46 83 37 86 88 59 86 13 44 92 11 92 0 60 85 56 57 24 63 82 99 54 97 23 87 15 26 89 67 59 22 77 30 53 84 81 92 0 74 80 73 90 78 59 79 54 97 19 40 29 99 64 46 4 62 16 36 97 82 40 72 75 68 10 49 95 93 24 42 37 38 28 59 86 86 5 86 10 76 28 59 73 37 38 91 62 47 89 27 84 35 33 91 93 5 81 73 36 74 23 4 29 22 56 33 78 31 3 16 72 80 60 2 52 86 39 13 12 56 58 29 93 29 92 82 33 67 7 46 3 29 77 72 22 54 1 68 32 72 92 58 1 90 38 33 26 
90 96 85 22 9 85 57 2 80 28 64 95 75 12 18 26 76 43 69 39 50 11 54 11 14 62 94 3 70 19 33 56 92 61 46 76 82 68 71 60 40 78 49 96 9 23 27 96 25 68 44 56 9 37 23 79 89 93 2 71 40 6 89 32 78 41 56 6 2 47 39 11 28 37 50 34 60 49 48 69 97 89 7 29 21 75 49 95 41 94 22 77 39 8 1 43 34 5 11 92 18 3 14 36 37 90 34 90 82 65 74 37 11 70 69 30 28 58 22 89 10 29 88 10 92 5 82 50 81 8 64 66 98 91 87 9 95 12 34 29 73 92 68 88 93 94 95 16 23 62 41 20 7 17 62 8 79 88 87 71 47 99 30 72 30 8 98 40 98 4 8 61 90 58 78 78 1 5 47 53 53 3 51 49 17 71 4 25 96 86 52 28 60 49 86 75 54 22 64 71 14 22 46 48 73 26 28 27 36 4 84 98 20 36 6 62 92 58 28 95 63 70 22 76 51 55 70 13 97 76 12 76 46 13 32 0 17 72 19 87 62 15 58 16 78 25 8 52 20 71 52 4 84 53 56 98 90 1 48 83 72 55 82 94 35 13 72 43 72 13 98 10 83 85 50 25 0 43 37 75 25 61 48 19 82 18 22 12 47 66 48 94 15 50 58 29 58 55 76 84 4 37 89 49 6 87 99 27 78 34 80 51 70 69 54 88 70 58 1 37 99 82 92 32 78 26 37 53 93 23 43 15 66 71 97 82 41 84 45 32 28 49 41 1 85 59 0 42 44 41 52 53 54 43 66 7 33 23 26 1 24 93 2 8 66 56 1 62 98 29 85 42 82 80 64 43 72 86 45 63 88 74 11 76 63 94 14 74 8 52 78 43 69 31 76 50 32 0 62 34 
30 34 78 67 23 65 10 63 0 62 46 46 6 70 58 86 8 78 42 0 46 1 88 47 86 32 49 79 75 22 82 13 21 98 12 5 60 74 14 43 13 93 82 71 53 84 90 63 43 56 88 43 16 67 32 11 64 42 1 83 96 14 11 74 26 82 36 31 53 23 88 1 50 68 97 30 6 81 42 83 93 51 79 70 2 82 62 68 35 33 41 28 84 9 76 99 71 1 60 73 78 33 60 84 97 10 31 67 29 60 31 58 50 5 8 65 76 57 11 82 95 3 4 99 41 79 14 63 50 60 59 39 67 36 99 40 32 57 49 7 38 2 83 65 45 54 94 60 29 73 22 17 80 69 55 28 27 7 76 41 96 58 30 53 7 67 89 80 44 41 14 24 1 23 72 10 44 92 17 39 43 21 16 70 61 14 84 31 24 46 90 75 9 16 35 23 36 2 20 18 57 87 14 75 73 14 82 70 49 0 21 34 44 34 55 31 79 35 45 41 94 91 29 72 61 77 65 5 76 26 66 97 94 43 2 65 32 7 71 82 1 52 75 89 53 48 21 66 78 59 22 68 58 11 75 4 59 14 4 35 40 67 42 61 53 76 89 80 72 43 17 20 8 80 46 68 74 74 34 29 74 4 89 10 20 17 59 75 80 83 65 2 59 21 77 50 32 51 15 94 6 34 36 54 50 40 59 84 30 0 92 50 15 6 52 77 72 26 54 57 73 3 55 8 83 63 73 8 68 51 49 89 37 35 22 87 74 75 36 95 67 88 77 47 56 66 11 95 58 94 46 19 52 47 43 70 82 5 52 40 97 53 22 35 55 7 53 54 34 21 95 10 47 67 8 14 87 72 56 75 9 88 98 95 5 14 59 57 81 68 74 16 63 24 26 15 30 18 13 25 
