64 23 16 56 95 81 1 83 16 70 60 71 10 81 55 44 34 58 24 69 69 22 80 66 18 51 90 97 49 1 24 94 61 30 36 54 93 5 87 5 53 53 75 28 31 4 97 61 1 50 33 66 20 48 80 14 59 73 11 9 12 95 66 82 13 37 60 95 23 28 41 22 35 75 95 6 6 35 21 27 19 66 37 5 98 68 89 81 64 84 76 3 84 37 99 32 40 44 10 55 48 19 31 90 85 82 0 25 78 93 91 63 12 63 28 99 92 1 66 53 13 6 51 9 26 42 65 76 33 64 83 14 16 84 73 51 72 4 71 32 88 91 28 81 75 72 33 28 49 0 51 97 91 38 31 0 53 22 21 34 28 84 3 19 40 86 67 67 36 9 86 85 59 40 26 40 81 5 42 44 74 8 0 0 94 89 12 48 2 49 7 77 66 72 95 28 52 86 93 19 
24 48 58 6 48 8 34 26 41 19 14 35 63 97 21 71 89 14 54 60 41 92 48 98 31 5 13 59 7 34 15 75 88 45 96 24 26 27 17 5 76 80 37 24 35 3 67 70 85 13 17 18 53 46 78 10 10 74 47 41 22 17 45 23 61 8 42 3 94 58 85 66 9 35 31 73 30 23 8 45 29 30 93 4 87 3 19 43 36 47 51 33 68 40 80 3 11 85 6 42 44 88 68 85 77 73 52 12 85 80 97 63 14 54 6 35 74 80 5 81 76 37 79 37 74 45 94 42 81 41 59 15 55 33 40 21 88 96 85 42 56 58 71 45 68 52 12 67 43 24 90 30 11 67 82 87 92 63 48 22 56 80 76 24 63 5 63 24 21 19 16 30 58 74 76 32 62 37 36 60 77 43 5 80 24 41 12 20 65 22 83 41 91 52 95 50 2 41 76 60 
33 66 26 54 64 35 50 82 8 31 96 73 17 42 33 76 44 72 84 12 30 79 57 19 55 87 87 69 85 45 71 18 87 6 67 20 70 77 3 43 59 36 13 71 27 15 72 82 35 50 84 75 42 17 76 98 19 60 88 33 95 75 20 70 52 86 88 10 95 33 69 81 75 68 8 91 94 93 5 14 72 50 23 89 49 16 95 69 96 24 66 93 94 89 10 44 7 34 35 70 83 62 26 14 87 13 95 66 67 93 24 44 35 17 17 69 29 81 49 11 74 6 21 39 42 6 47 87 37 87 22 88 35 16 4 52 72 45 96 7 81 65 77 27 14 77 10 40 40 14 96 57 12 50 21 97 88 39 50 65 66 92 28 18 79 48 46 49 10 76 58 57 29 20 24 72 70 69 83 22 38 82 35 27 15 76 66 60 4 26 88 64 61 9 96 54 62 33 80 85 
56 64 60 95 62 95 73 11 74 41 10 79 68 38 18 25 22 81 85 96 85 42 75 57 94 79 36 90 25 43 14 94 38 15 20 38 57 24 85 92 36 22 36 71 98 4 77 42 18 8 8 4 19 12 80 3 15 17 59 24 31 78 4 59 29 76 49 6 77 69 66 19 72 51 1 65 87 27 28 92 58 45 64 90 84 98 19 16 9 51 5 89 33 35 26 19 73 8 27 23 47 86 73 11 75 77 14 31 51 16 3 5 75 57 82 96 82 51 89 26 7 85 14 92 47 1 68 99 17 14 62 81 47 26 11 46 77 94 13 75 32 41 82 98 41 55 88 31 37 23 36 87 43 40 58 7 4 97 34 43 58 78 98 7 48 1 34 18 85 12 72 6 91 36 93 43 99 27 44 43 66 55 22 1 93 43 77 76 0 34 81 15 91 60 79 71 43 83 80 76 
44 47 61 3 87 93 17 31 69 74 36 83 76 18 25 96 10 3 39 48 16 84 39 98 25 69 9 71 19 44 67 87 9 61 50 48 98 67 44 72 80 75 26 5 64 44 7 82 50 3 48 7 64 19 97 97 72 84 32 47 53 13 29 41 9 64 74 59 24 74 51 96 64 50 69 99 86 30 74 89 12 39 72 37 71 36 56 69 55 6 84 41 9 82 85 44 11 39 1 25 94 58 99 20 28 36 84 90 85 63 20 71 1 55 12 97 94 26 62 24 66 69 38 64 45 69 98 90 24 19 30 38 60 92 58 48 57 44 61 42 66 27 16 30 96 36 34 13 81 41 17 90 10 63 96 31 12 56 86 61 0 11 63 58 61 11 54 36 71 98 87 23 20 34 54 23 18 13 3 79 67 98 31 53 95 16 96 27 12 86 44 89 94 35 95 49 98 43 58 59 
1 2 78 33 0 57 38 93 94 94 84 64 44 71 38 47 72 35 36 4 42 64 52 28 39 23 58 46 58 12 89 82 83 1 86 11 46 31 88 6 93 36 72 68 1 67 81 30 98 39 18 22 21 21 38 52 6 20 48 18 22 3 85 86 62 22 95 34 89 21 40 8 90 2 30 30 10 83 88 8 73 95 76 72 94 17 46 55 40 77 26 9 61 96 33 73 58 66 54 14 85 82 46 72 3 4 20 28 38 81 3 9 32 8 40 20 60 8 36 47 28 63 18 59 4 65 97 63 94 16 41 31 47 34 6 86 17 95 33 36 42 48 82 87 55 68 41 64 80 43 17 29 63 21 53 16 67 12 29 70 39 64 73 4 47 57 72 94 34 42 96 39 69 37 69 5 31 6 75 41 2 1 11 20 48 71 19 95 93 4 29 84 65 46 26 23 44 96 9 24 
90 57 67 53 56 91 52 54 20 99 70 59 33 55 27 26 89 49 77 17 51 66 9 54 18 15 81 10 91 18 95 23 96 28 69 66 98 50 39 7 89 34 21 57 33 71 86 73 35 68 81 39 28 48 33 16 89 94 80 94 64 55 96 28 41 92 58 37 16 14 50 60 79 79 55 85 27 47 58 70 44 15 21 50 73 4 50 90 72 91 65 71 25 68 22 95 49 92 22 91 18 48 21 93 41 43 29 57 59 39 33 85 44 26 51 49 25 74 18 84 4 55 79 77 37 12 71 32 19 53 49 61 3 75 73 73 64 48 68 90 96 65 9 2 6 14 57 67 45 65 14 57 28 13 93 79 42 35 49 31 95 9 24 13 32 47 40 53 12 64 96 8 99 7 40 24 43 1 58 39 21 41 99 91 61 41 49 54 49 50 18 43 59 75 65 15 84 45 71 10 
88 35 1 3 84 72 93 77 7 94 38 2 28 98 47 20 26 87 86 10 17 60 85 34 96 40 57 77 32 44 3 66 4 84 72 66 26 97 15 71 21 70 80 32 34 93 16 60 92 16 72 59 99 33 73 58 73 10 17 5 71 80 46 37 13 79 27 67 53 45 72 71 53 55 2 41 64 41 12 89 62 99 79 21 6 98 56 55 91 64 23 48 90 86 2 57 43 68 19 4 58 76 79 93 12 20 51 40 34 54 57 30 17 93 7 44 39 45 21 87 29 62 60 54 65 21 14 8 57 40 1 14 85 79 32 40 78 46 7 51 15 8 54 30 45 57 24 87 53 93 40 1 37 41 73 43 63 5 78 0 64 34 23 4 69 68 7 70 38 92 82 92 40 36 22 22 5 35 30 7 33 19 65 60 75 16 41 3 45 55 5 91 80 94 67 88 7 54 0 25 
89 30 89 20 93 70 67 90 34 11 25 0 51 1 96 21 76 15 7 57 58 14 89 57 92 48 80 76 46 42 19 2 34 76 70 95 53 32 36 74 39 54 5 98 2 38 54 88 80 74 49 70 43 54 5 32 96 65 46 86 31 98 24 17 18 91 2 81 56 44 65 65 5 3 34 69 39 30 69 53 98 46 42 6 31 75 77 3 97 29 40 4 94 17 56 5 89 78 93 45 27 85 34 9 87 47 9 16 9 34 58 63 55 91 62 33 75 74 45 5 71 98 44 86 90 55 37 56 74 57 52 88 82 99 43 68 50 52 56 16 45 5 18 84 78 47 13 23 86 38 65 63 69 10 1 26 31 97 72 12 37 57 17 50 96 55 4 63 33 28 69 13 38 23 63 66 36 0 71 48 37 88 10 89 84 48 87 19 58 22 18 66 20 81 94 75 66 52 14 98 
82 63 74 19 41 33 86 50 41 45 4 19 84 34 98 15 47 41 78 96 99 70 9 2 0 49 53 7 80 51 15 28 46 91 97 54 26 6 68 92 72 23 84 17 78 18 98 88 31 59 83 94 37 10 99 88 68 58 0 62 84 6 4 99 23 58 60 69 88 6 68 4 57 16 15 26 28 76 63 49 52 56 72 85 49 73 55 12 81 15 34 91 81 68 90 41 77 51 53 89 51 30 61 49 93 58 29 66 65 3 27 87 29 92 86 76 3 15 92 13 78 72 91 83 97 46 95 3 51 7 99 75 60 65 5 48 88 57 63 92 10 27 4 44 90 6 61 81 54 25 80 52 33 26 3 62 85 46 29 89 94 37 50 21 19 63 75 69 85 95 15 34 42 32 28 16 4 18 70 78 18 82 98 13 62 51 37 24 84 70 14 23 94 65 94 59 52 1 59 36 
5 74 51 50 34 34 45 89 15 24 47 20 0 62 78 92 58 38 91 64 27 81 56 12 82 28 15 95 9 54 97 61 11 70 33 9 78 10 17 97 6 65 94 27 96 5 96 12 17 48 28 20 69 0 42 21 26 4 65 99 1 54 41 39 68 33 27 47 25 32 26 98 2 28 9 91 93 40 84 47 10 27 13 58 59 81 8 99 39 87 92 48 90 33 27 20 88 33 59 67 51 94 31 30 99 9 62 72 0 30 18 87 86 26 4 23 32 3 5 48 41 13 12 86 68 16 7 42 50 10 59 79 22 62 8 25 4 85 16 65 20 96 90 13 29 13 62 55 17 75 35 20 87 29 41 61 13 54 17 58 15 54 86 61 27 23 49 65 29 6 34 71 42 20 76 25 97 33 15 1 66 32 49 29 14 95 92 93 94 96 5 48 42 31 31 62 49 94 30 17 
27 43 14 94 18 49 1 75 29 73 56 79 54 70 79 33 94 47 43 69 42 80 4 3 40 20 56 66 90 18 39 4 26 69 15 6 19 20 3 2 31 2 71 75 13 17 5 13 5 70 71 46 6 48 92 9 52 42 80 28 78 71 16 99 93 6 1 51 9 35 39 64 52 62 53 10 37 94 92 73 74 23 57 20 97 96 2 0 31 0 27 38 66 85 17 30 5 53 64 72 10 57 46 7 47 11 23 12 72 48 18 65 59 78 71 55 45 50 47 97 68 70 53 90 66 25 11 45 41 23 28 54 31 42 78 96 48 53 4 41 54 24 44 97 65 20 27 51 42 32 85 76 68 44 10 81 41 14 16 11 94 2 85 81 43 11 69 82 25 30 11 64 48 24 15 96 67 8 28 43 1 26 62 64 35 91 19 79 52 4 1 49 28 61 60 77 3 75 6 3 
88 36 2 83 5 18 89 44 50 82 82 41 62 6 69 43 52 58 98 88 46 76 19 0 10 9 71 98 98 10 20 17 25 38 24 68 38 98 75 39 37 95 92 19 52 14 13 47 8 2 28 12 60 5 32 54 88 4 43 40 66 52 29 1 93 85 29 60 79 86 98 1 97 41 32 58 92 17 88 29 66 93 30 62 93 27 26 27 15 81 61 66 39 66 64 19 60 68 32 7 19 36 29 4 65 95 69 73 89 76 97 65 95 45 82 51 30 75 27 53 15 52 11 77 38 43 37 55 65 23 15 52 7 24 91 75 90 42 39 86 12 14 28 79 74 18 34 27 83 8 85 14 55 10 78 81 43 8 80 13 56 66 57 17 18 24 54 57 60 80 42 83 52 51 53 54 20 82 64 78 19 78 95 20 12 90 79 14 25 72 69 48 91 90 39 52 45 6 5 51 
66 16 14 57 59 63 24 88 93 19 86 24 62 38 33 61 30 72 97 55 9 47 0 37 95 66 71 50 11 97 80 77 13 2 51 4 2 95 77 35 24 57 74 24 98 63 59 49 68 17 79 18 14 37 81 44 75 43 98 71 93 58 95 39 8 7 18 56 47 82 28 0 21 66 10 7 96 25 48 50 18 59 75 53 81 79 4 85 37 16 28 42 95 8 17 28 68 70 45 81 14 53 46 42 98 96 65 37 91 24 27 83 53 17 28 45 10 64 46 28 1 89 38 1 72 59 97 90 16 80 29 82 78 34 9 43 8 10 83 50 1 57 33 51 17 80 18 86 56 49 93 28 60 46 34 46 45 55 64 23 85 35 63 68 44 80 50 65 50 13 36 82 38 11 91 47 93 90 21 31 99 52 18 63 10 84 89 86 17 33 99 12 10 13 41 51 3 4 18 62 
22 56 64 8 71 7 37 15 74 94 49 82 45 19 10 59 58 74 76 29 21 92 30 93 72 70 57 11 36 52 71 72 68 67 71 74 96 87 59 19 91 89 10 33 87 90 71 65 85 68 66 87 12 25 37 25 91 4 33 32 87 91 23 51 41 86 29 90 92 29 25 74 85 78 44 21 80 67 55 17 78 63 94 75 35 86 13 18 58 29 95 65 83 57 32 81 97 34 38 9 3 1 56 21 4 45 91 18 29 48 29 66 98 65 62 15 62 93 32 34 42 33 98 72 81 10 76 57 67 6 2 82 27 97 82 49 99 54 92 32 37 56 8 57 80 61 41 57 16 90 56 26 50 50 98 75 24 39 78 30 91 10 54 35 18 47 89 0 34 10 81 42 62 80 62 51 1 48 95 62 49 15 55 30 99 94 14 39 16 96 46 73 15 35 28 58 56 35 7 70 
78 0 31 62 48 31 2 58 45 68 55 90 70 70 23 34 77 88 68 96 19 23 68 6 93 8 54 84 46 7 50 45 7 84 79 42 73 21 60 14 99 40 55 72 11 51 26 81 79 1 43 49 15 62 84 76 85 73 30 9 79 77 49 59 4 39 55 71 26 87 16 41 64 65 27 10 28 12 58 36 45 47 59 3 76 48 13 45 60 51 54 5 77 81 16 2 26 84 65 72 65 27 30 41 11 50 29 74 67 75 18 80 84 85 97 3 71 10 26 63 25 41 52 8 77 17 42 16 73 83 3 7 66 36 14 80 85 83 58 37 99 51 58 47 16 48 39 23 88 38 40 99 97 87 22 93 49 47 73 61 16 45 39 70 29 67 60 32 73 64 42 43 86 17 14 93 32 22 34 15 6 55 56 77 68 42 87 42 49 58 68 55 99 89 32 31 80 6 44 98 
68 70 73 71 44 40 2 96 65 98 62 97 30 70 90 73 33 41 75 33 88 35 67 33 11 15 82 92 34 96 90 65 5 92 76 7 18 84 86 14 90 12 68 55 19 29 42 15 97 28 9 19 7 56 94 82 12 31 49 89 65 9 71 71 93 26 9 33 8 77 50 64 20 81 30 83 26 67 61 18 71 60 47 19 34 28 21 43 69 62 61 4 2 82 9 74 12 89 93 42 69 4 90 46 43 0 58 39 58 16 5 51 76 67 12 27 52 84 37 12 59 71 78 11 0 42 42 87 53 0 53 58 50 16 50 48 22 5 62 87 84 37 92 38 72 68 24 1 73 22 76 1 97 71 24 64 3 13 56 42 13 95 8 9 23 54 26 10 26 81 84 65 59 49 12 51 58 48 4 74 31 97 27 45 72 17 91 77 81 48 21 23 95 55 45 62 15 24 63 27 
98 23 62 72 64 36 11 86 74 45 38 10 15 97 91 65 48 9 35 7 92 26 55 1 44 3 82 19 14 92 51 13 23 71 38 51 39 43 48 90 37 70 11 49 76 35 50 2 96 59 12 13 88 23 24 34 80 7 6 50 29 54 68 66 24 74 83 43 75 41 30 33 3 83 7 94 15 18 6 46 28 92 11 89 74 8 43 0 25 16 97 32 96 96 68 75 2 63 1 96 29 98 47 65 99 21 75 91 67 18 5 13 29 75 50 33 82 12 80 28 18 20 7 72 38 72 61 11 60 78 60 26 8 74 74 63 98 63 97 50 14 0 81 69 59 20 83 46 35 95 11 70 61 58 48 56 4 26 98 68 47 39 64 84 81 62 63 18 44 69 23 56 68 55 76 32 85 88 60 0 77 77 36 29 39 43 36 66 1 64 86 92 83 7 13 28 40 45 86 80 
52 76 95 93 66 71 88 44 80 46 99 67 14 75 31 95 71 37 15 56 58 24 43 48 95 93 7 48 96 4 63 79 50 67 95 84 32 33 60 27 28 42 82 59 3 64 92 10 54 43 65 16 94 65 40 56 84 50 78 9 25 46 94 4 71 2 34 55 13 47 20 61 48 69 59 55 99 85 59 39 91 9 62 38 58 16 25 20 61 40 90 38 56 71 31 59 87 18 19 32 18 24 76 80 36 62 9 72 40 69 60 30 59 32 82 88 82 28 34 99 7 9 8 9 9 47 75 4 13 66 28 48 10 25 52 35 65 5 12 98 26 12 67 18 42 15 2 65 25 81 15 39 81 77 58 88 95 31 72 19 70 74 36 71 78 84 88 61 43 90 11 53 14 2 73 61 99 43 60 4 72 51 32 70 12 75 37 21 15 42 87 35 85 14 83 73 66 20 8 19 
89 22 20 33 84 24 12 65 26 10 98 46 94 43 65 77 71 15 6 14 97 64 1 37 63 71 73 25 9 85 48 53 28 84 14 97 7 25 10 27 32 90 86 99 92 20 10 64 7 17 55 52 20 6 76 65 79 40 46 8 67 60 97 59 91 5 70 46 44 77 33 95 65 3 30 43 17 79 48 54 36 49 78 82 60 39 22 75 50 62 38 34 57 84 21 56 19 88 26 16 14 17 3 37 8 7 32 57 18 6 1 61 53 56 30 94 14 95 33 15 68 56 85 87 55 94 41 81 60 85 23 11 26 8 18 41 26 48 94 30 30 83 14 11 91 62 34 10 38 3 19 12 64 50 24 87 24 52 90 23 1 92 1 7 47 74 32 46 87 41 19 15 14 90 80 25 25 65 80 23 75 18 71 19 43 52 53 90 53 52 50 60 2 82 96 47 2 35 8 49 
66 87 71 70 86 65 37 3 4 15 55 97 62 24 61 40 52 51 5 23 90 14 55 20 0 74 81 81 39 40 30 30 79 25 18 23 21 42 43 37 52 99 43 96 58 66 80 99 12 10 81 15 2 16 83 89 71 28 22 91 61 65 26 89 19 75 24 72 52 85 37 34 96 22 32 91 48 50 66 72 82 5 43 98 17 72 32 33 98 89 89 34 64 12 76 46 14 37 85 51 34 80 38 92 40 95 70 56 7 79 6 91 99 89 89 76 88 49 13 78 6 8 48 98 38 15 8 40 39 20 65 98 48 17 16 93 29 78 77 97 32 14 36 3 3 29 45 21 23 16 54 30 27 49 33 78 56 33 34 32 71 79 24 19 98 39 58 38 83 39 65 59 47 49 9 13 77 1 41 72 21 32 99 17 32 89 7 72 89 22 46 34 29 47 58 90 11 23 64 50 
93 63 19 94 63 67 23 77 46 26 4 10 39 53 71 25 65 47 70 78 59 67 52 14 42 98 91 93 39 72 50 71 92 73 49 49 85 16 63 71 73 38 58 83 56 96 81 53 83 87 13 33 50 43 12 56 10 59 16 42 91 14 16 63 87 73 68 82 8 73 61 90 95 48 63 75 45 71 18 56 78 21 70 77 35 91 63 99 8 27 23 59 67 9 42 39 59 48 21 83 49 73 66 16 91 45 6 74 34 20 19 75 85 70 0 85 78 45 95 37 84 48 70 66 58 46 92 35 64 57 18 13 83 48 4 51 14 99 45 71 74 43 40 38 45 65 95 71 98 35 46 12 64 13 43 20 77 40 47 39 61 4 37 36 11 27 57 52 23 85 36 60 9 3 85 61 41 55 15 17 76 17 34 57 73 54 32 52 63 99 65 23 55 74 16 19 57 61 51 91 
87 96 29 71 72 24 6 75 62 91 16 40 11 9 65 91 86 87 55 28 13 64 91 50 89 62 65 0 32 34 32 31 46 66 81 5 23 58 40 1 8 41 91 32 64 93 53 84 45 1 98 14 11 98 54 98 47 40 55 17 44 91 22 86 79 77 40 98 73 54 33 16 46 53 58 81 18 77 68 94 70 0 80 83 36 66 24 69 87 93 57 15 87 71 99 90 47 85 58 89 31 51 23 42 56 48 74 50 14 63 57 66 54 94 17 11 52 54 95 48 75 16 77 74 46 74 86 64 41 61 52 23 25 53 20 27 23 29 60 36 84 17 52 64 96 13 25 74 21 48 5 42 15 17 18 42 0 61 55 16 34 17 36 13 41 93 26 73 75 40 66 44 15 62 69 36 70 92 84 20 56 91 44 45 88 48 80 6 46 91 94 38 69 81 60 5 90 62 84 62 
11 10 46 72 19 23 99 22 57 12 42 0 32 28 15 35 82 74 99 88 79 12 7 77 99 58 66 87 42 16 57 4 72 38 14 32 70 79 93 9 80 0 11 67 42 22 37 77 24 2 7 46 13 40 46 35 16 27 36 49 86 3 23 89 38 72 56 66 90 42 8 10 0 60 3 13 9 73 80 59 14 85 5 77 84 16 15 62 51 84 81 13 73 68 9 61 0 5 51 20 99 48 53 85 20 8 62 98 11 6 95 85 98 22 87 45 94 7 30 99 44 65 76 45 76 82 55 22 18 8 14 11 6 34 56 18 18 5 64 18 16 4 82 78 90 21 86 85 24 46 91 5 76 23 31 71 58 46 21 23 65 61 91 95 74 59 89 77 10 90 86 72 50 83 21 20 78 70 62 35 57 55 47 26 71 49 21 64 8 87 79 99 49 93 93 24 96 79 77 53 
89 79 98 98 62 19 80 41 31 2 80 37 90 92 60 60 21 20 86 91 37 97 85 11 89 38 0 94 84 79 90 20 55 69 10 66 94 17 71 58 84 28 62 0 86 37 79 61 28 83 30 30 14 24 12 3 78 51 52 32 9 38 49 40 11 99 24 21 42 40 23 75 50 68 38 40 91 32 1 99 39 2 93 23 99 85 10 71 79 21 93 40 32 64 27 94 6 85 14 6 62 48 46 83 49 91 99 41 13 15 1 30 0 49 79 83 75 83 84 34 33 58 63 16 72 58 75 18 59 60 14 7 33 98 69 28 40 40 32 54 17 54 38 36 72 13 56 62 51 91 87 61 55 77 2 33 6 51 92 99 67 63 62 38 23 5 69 72 24 71 63 72 91 75 58 48 18 53 93 80 90 35 49 77 99 74 83 34 33 99 64 78 29 46 57 24 93 14 68 64 
76 20 47 87 46 0 84 13 78 14 24 92 49 77 55 24 90 22 76 97 10 91 22 84 58 74 35 21 63 63 8 76 45 32 36 95 51 48 55 72 98 46 82 92 7 36 70 66 34 40 18 36 53 74 82 63 34 21 92 25 4 54 79 64 19 66 18 96 1 96 29 81 63 83 32 42 33 61 9 53 39 24 46 68 65 24 39 47 16 42 60 32 17 82 19 35 29 55 45 26 45 51 77 16 4 65 4 75 23 59 99 19 56 83 94 49 11 77 75 26 68 34 71 77 89 72 83 55 11 14 33 24 91 81 19 8 87 46 96 95 60 70 54 90 42 68 96 35 10 2 85 38 28 75 53 65 37 7 39 38 10 35 66 31 38 82 59 74 88 60 2 37 21 27 1 72 61 43 51 85 39 22 46 45 10 84 34 68 28 67 6 21 78 86 60 27 42 79 81 50 
56 51 84 47 69 21 84 61 19 85 22 33 97 62 48 57 30 61 42 30 59 29 86 23 6 84 95 28 48 59 86 24 15 37 69 67 97 76 27 7 63 13 43 77 13 37 36 7 53 51 37 31 14 59 62 22 63 20 19 49 28 67 56 8 60 88 49 46 84 8 38 77 11 27 9 18 66 91 66 82 42 41 76 54 36 24 66 44 52 99 77 16 9 13 92 30 32 79 80 4 67 30 41 58 24 36 80 32 97 32 46 88 42 68 17 53 58 81 14 6 58 3 79 15 76 67 6 37 42 3 54 93 9 81 76 27 5 94 52 95 70 93 97 83 69 6 82 82 3 20 35 8 1 94 39 11 36 61 31 98 75 91 27 36 63 30 95 12 27 4 85 50 72 37 89 12 42 49 61 34 52 20 7 38 76 76 95 32 58 22 41 37 91 23 87 31 5 4 70 25 
73 39 3 14 48 20 12 7 94 28 8 4 12 93 59 36 51 31 57 14 66 70 2 94 25 23 86 40 66 95 54 33 0 57 98 7 65 63 32 52 96 60 9 94 76 76 68 29 40 89 0 92 71 21 89 65 81 92 12 28 7 23 81 25 71 25 58 17 52 45 67 18 57 32 18 2 31 36 60 67 56 89 95 7 46 19 25 61 12 45 17 34 7 33 69 42 92 55 76 68 24 74 20 99 64 16 50 1 22 1 44 12 26 16 16 4 18 73 56 88 38 7 49 64 7 68 16 42 72 72 2 55 22 87 3 69 10 57 57 67 49 60 77 21 16 33 30 92 75 47 69 96 22 44 61 28 2 32 4 37 65 75 57 44 10 46 83 93 27 82 87 76 35 96 98 65 62 12 77 58 95 35 72 26 1 74 99 71 45 22 31 97 63 12 30 1 11 14 74 55 
90 59 88 76 65 89 62 38 81 74 57 85 8 31 85 5 87 89 45 9 48 64 11 72 33 8 3 31 38 76 71 58 80 4 8 18 10 80 7 86 25 13 70 96 74 50 80 15 63 91 77 62 78 13 71 36 84 30 26 74 58 50 86 60 84 78 59 55 99 36 20 6 21 7 52 84 42 73 9 54 21 98 9 86 59 18 55 79 95 62 17 41 68 43 47 3 99 84 85 47 88 21 69 54 5 76 99 77 16 6 40 43 62 1 52 36 77 57 91 49 23 61 22 45 83 96 31 16 60 39 98 18 88 60 38 98 19 83 43 75 27 56 57 54 58 41 81 45 1 1 86 44 64 30 24 71 80 7 60 83 12 69 74 32 99 3 26 33 80 4 49 10 96 48 60 79 56 33 74 42 66 51 66 15 53 85 67 37 90 6 43 72 7 80 22 88 14 1 52 69 
11 27 43 89 98 44 65 98 13 37 38 28 90 2 71 33 3 87 31 0 70 49 72 38 68 24 12 23 85 95 77 36 10 85 54 85 70 31 37 10 88 62 45 74 85 10 23 91 29 7 92 51 68 18 16 26 27 28 90 77 83 23 82 55 81 89 11 10 71 89 54 32 18 22 35 91 88 91 59 65 92 93 94 88 87 27 65 28 57 64 22 26 41 48 31 62 69 91 5 44 82 63 46 4 14 16 48 18 59 62 67 87 55 73 13 9 88 52 21 28 74 52 50 46 46 66 68 12 30 96 27 39 78 56 23 50 57 49 84 4 45 26 83 40 95 88 21 83 90 91 70 26 29 20 40 57 11 30 86 87 87 11 35 46 24 68 47 82 75 7 83 1 91 55 92 62 55 53 94 82 2 10 14 10 51 77 98 6 72 59 95 81 9 60 84 91 40 60 25 63 
63 53 78 61 92 78 92 43 92 64 68 82 60 1 36 55 76 75 91 50 88 61 21 79 3 80 97 0 37 55 16 46 94 95 35 7 73 22 37 60 34 30 52 58 50 14 68 54 79 44 83 81 11 77 34 49 86 81 60 34 20 69 94 67 83 54 23 33 77 3 21 40 48 34 44 27 91 67 57 55 76 26 42 27 51 6 96 15 46 22 60 60 80 14 82 18 47 25 39 33 9 74 94 37 47 5 49 73 53 67 37 58 92 8 0 83 69 80 73 20 46 36 49 16 70 31 84 7 49 20 13 8 65 42 19 85 10 85 4 84 33 19 51 19 91 23 85 87 92 20 23 94 90 73 79 40 30 87 20 66 58 24 43 26 60 11 39 74 66 28 40 16 82 90 95 73 12 77 61 41 98 45 49 51 23 88 30 73 23 79 94 10 14 72 92 26 70 14 84 78 
42 29 88 97 45 4 81 17 0 29 56 18 23 35 35 28 97 21 54 27 41 98 90 76 0 4 51 18 28 78 29 26 79 65 18 90 89 17 65 63 42 8 30 62 96 31 81 44 3 85 64 86 29 64 76 20 40 77 82 12 90 59 34 33 89 23 89 28 75 14 60 43 99 28 43 53 36 3 39 13 42 39 74 66 59 21 37 18 32 58 12 57 72 73 39 37 27 35 33 15 15 38 20 45 3 8 88 74 21 82 41 25 85 56 61 22 22 82 35 33 77 23 29 37 8 1 0 56 18 78 77 91 52 97 86 4 97 16 87 46 12 93 67 97 17 14 6 79 7 82 19 47 26 96 93 39 97 78 25 67 29 39 51 64 46 56 15 82 97 65 30 89 4 58 49 97 90 11 83 65 54 53 86 94 93 78 24 57 89 77 3 30 5 50 78 81 54 46 9 89 
25 10 7 31 74 24 63 45 67 51 70 44 94 20 14 63 74 80 78 49 61 56 0 25 93 91 86 23 20 91 22 58 10 19 4 0 65 67 41 49 16 84 41 16 87 74 65 30 2 95 75 12 12 9 37 87 18 83 0 11 11 76 24 40 59 41 76 28 3 28 92 68 83 4 70 16 46 95 81 54 17 22 35 82 34 56 83 70 7 93 74 30 24 80 65 5 81 63 38 82 8 6 6 52 49 19 96 22 75 28 24 53 2 9 42 59 77 40 88 80 1 2 97 75 39 79 12 79 95 57 80 3 57 93 29 31 41 11 91 40 37 12 33 57 46 48 81 87 11 5 85 78 76 64 57 5 63 42 48 39 95 67 81 31 18 14 15 94 57 46 58 19 85 15 32 23 12 8 2 37 32 87 55 43 19 81 11 87 28 68 71 81 45 22 93 78 82 52 38 12 
69 95 35 38 26 97 92 91 69 36 50 26 93 86 97 41 23 69 73 86 91 49 96 25 55 58 28 23 30 19 53 15 58 11 57 87 65 83 39 21 28 24 78 2 73 59 22 26 87 82 65 42 96 6 83 39 70 21 2 20 69 56 31 45 76 24 24 20 89 93 40 92 74 13 28 17 73 30 60 4 52 58 1 27 14 53 80 78 48 73 59 19 96 98 58 35 86 77 37 62 83 1 15 6 66 14 14 27 85 45 54 33 33 45 99 52 70 36 79 55 49 17 79 13 98 41 37 73 20 55 94 77 51 53 1 81 6 23 47 23 56 82 32 58 19 33 74 99 83 27 56 99 45 69 70 62 20 77 52 95 92 24 92 61 56 16 12 90 95 45 3 34 63 48 2 10 6 28 5 82 62 57 4 23 10 58 45 29 62 59 35 28 47 59 27 18 19 54 17 92 
51 63 57 24 33 76 88 11 97 77 6 22 7 54 97 34 31 55 10 80 19 66 70 50 12 48 32 83 51 28 64 1 62 37 19 97 23 61 98 63 69 9 88 43 37 10 24 51 98 76 38 17 72 43 53 23 81 24 97 65 53 89 18 47 87 39 28 21 45 91 20 23 73 59 63 68 36 74 26 17 12 18 6 49 96 93 32 68 62 30 20 77 84 53 57 84 99 90 56 71 98 86 58 39 2 11 7 63 5 93 21 61 8 20 48 48 88 80 71 89 32 54 55 64 61 97 79 82 38 17 75 93 10 91 0 39 87 25 28 90 76 39 15 31 71 66 38 30 3 32 79 41 11 97 32 77 24 24 58 33 23 93 89 97 67 13 83 74 69 10 34 54 32 17 58 27 52 21 79 6 54 70 50 38 26 38 37 71 36 2 92 83 42 4 67 4 6 56 89 50 
27 13 98 59 82 54 20 72 80 24 38 66 76 77 61 74 10 97 64 1 17 24 87 95 65 81 11 97 30 49 88 21 50 99 26 81 94 10 16 39 90 27 85 60 31 97 37 34 6 79 64 60 17 13 37 20 93 97 54 2 88 51 94 64 66 6 55 63 59 38 45 25 59 63 51 17 0 71 16 22 95 27 93 80 1 85 13 95 9 6 96 77 99 82 41 10 10 20 58 55 89 84 25 8 3 39 4 29 61 98 92 58 32 65 3 25 32 53 39 12 30 71 70 20 97 23 39 9 59 37 33 39 25 27 51 20 45 7 8 27 46 74 0 21 14 97 14 98 91 24 19 47 19 36 38 61 74 17 22 95 28 31 18 72 95 36 35 19 17 67 59 81 42 24 95 73 13 36 42 4 21 98 41 95 78 22 98 36 19 36 33 94 78 88 79 41 54 77 5 75 
25 64 21 25 30 31 15 96 72 73 71 88 88 39 73 9 47 60 45 87 4 45 68 44 36 8 82 76 43 9 41 50 78 81 54 68 82 75 43 59 76 45 49 60 44 4 3 58 43 94 74 52 64 71 67 10 11 97 26 7 65 57 67 22 67 55 86 86 57 32 15 17 84 66 92 68 7 80 63 95 90 44 11 45 20 70 25 39 47 77 6 0 45 67 92 24 82 28 78 26 7 71 47 12 97 30 45 98 10 48 69 67 51 47 15 80 19 58 48 69 31 11 20 57 31 53 74 7 91 22 52 38 77 55 3 6 86 41 54 36 16 14 22 1 31 11 10 42 2 48 96 50 24 12 63 86 30 55 86 13 71 5 1 40 31 45 67 81 68 14 64 44 42 84 68 12 41 26 20 18 61 11 3 27 93 99 63 29 38 4 49 32 70 87 14 89 60 28 35 3 
63 77 20 12 99 58 69 69 2 26 69 66 83 52 94 60 15 40 44 64 77 32 69 77 43 94 13 45 45 84 52 60 66 66 28 5 17 90 39 60 6 58 9 80 76 29 37 97 69 11 34 77 24 63 32 44 55 26 52 4 25 57 80 94 81 1 66 58 88 74 40 61 20 79 28 57 9 68 20 69 48 1 89 50 50 14 40 21 41 61 18 61 61 88 96 31 18 75 73 41 25 90 78 0 52 87 14 65 6 57 44 2 15 13 1 72 44 31 11 43 82 93 62 22 41 72 25 85 26 96 88 60 68 48 51 56 83 0 15 40 14 6 59 98 7 24 23 34 61 93 79 4 29 22 38 89 40 41 77 90 32 46 49 92 44 22 30 67 69 42 20 21 74 93 31 18 36 56 77 66 71 65 26 78 7 62 93 71 26 16 42 99 66 23 63 17 6 79 38 83 
41 15 7 18 46 54 42 77 21 47 84 98 38 49 51 98 16 39 43 48 25 80 58 51 68 66 62 19 29 80 17 13 0 34 93 45 85 19 22 73 55 9 97 99 87 0 34 80 31 56 72 63 50 13 83 8 19 96 18 13 50 16 22 16 25 56 27 83 35 82 86 60 37 32 98 5 30 43 71 95 65 62 24 5 44 56 52 12 71 8 63 93 93 71 21 42 1 86 20 52 29 31 25 76 8 86 73 92 2 25 6 33 41 83 79 59 33 8 52 64 51 10 65 49 37 25 34 21 20 9 51 39 95 48 89 47 51 87 37 68 64 22 67 68 88 90 49 15 73 69 53 84 63 90 88 42 90 19 65 6 81 49 98 6 48 43 33 86 87 57 5 80 67 74 98 33 41 32 78 34 41 27 38 76 49 13 65 72 81 56 63 73 57 44 72 11 93 23 69 56 
12 2 91 13 20 14 23 76 45 71 43 11 41 71 7 31 90 54 58 6 98 33 94 78 95 12 80 55 29 53 53 11 29 37 42 19 55 69 51 65 83 78 50 48 96 80 76 63 13 33 96 18 16 8 75 1 52 80 32 38 77 95 93 21 15 23 2 22 95 64 36 23 16 69 8 79 90 99 77 2 12 51 8 78 40 35 35 41 19 21 35 64 81 8 9 11 89 95 15 14 52 13 51 27 40 41 58 45 65 95 22 65 27 51 52 35 61 98 88 83 69 54 25 8 76 73 10 25 76 5 25 90 0 66 85 69 62 1 2 22 82 68 8 24 3 21 90 33 60 36 63 99 77 71 10 79 90 72 78 63 7 13 40 15 64 27 40 1 95 97 46 54 0 78 45 70 60 30 12 23 81 56 73 81 60 48 58 62 40 44 50 72 23 92 68 61 99 66 70 55 
94 30 61 24 61 82 94 13 25 53 8 27 83 57 41 73 10 38 42 34 34 25 15 58 71 25 49 64 79 13 74 87 88 3 46 17 37 27 32 83 63 14 69 67 59 0 78 6 90 36 92 54 67 80 35 11 72 9 87 0 4 27 3 36 77 72 39 22 53 57 17 65 85 82 14 36 84 75 10 97 41 19 45 77 32 0 95 40 54 82 91 81 99 61 91 31 36 97 39 29 29 81 55 27 4 36 1 98 62 98 76 86 42 69 34 94 72 37 60 76 52 98 59 18 11 94 17 20 17 91 10 98 4 30 36 93 11 32 13 53 87 47 32 61 78 20 57 2 92 8 45 1 43 53 97 0 14 70 13 35 77 5 52 31 79 68 66 38 67 38 70 68 9 96 82 66 12 48 43 69 20 88 77 85 10 85 3 79 33 62 59 32 80 4 61 58 73 84 32 28 
12 71 88 85 68 80 82 65 13 39 93 95 39 81 38 18 78 84 15 79 58 64 15 14 65 99 33 53 3 65 38 41 21 54 19 10 97 28 32 73 21 27 98 52 58 20 19 74 10 14 63 59 33 75 25 10 9 42 64 86 72 55 99 82 15 92 12 24 20 98 20 95 19 88 53 83 76 99 32 82 47 13 13 53 58 80 17 32 35 1 46 69 73 98 21 38 17 96 45 7 80 44 78 87 63 8 20 33 18 41 1 25 1 39 28 91 23 29 31 80 0 53 40 16 94 95 51 19 28 62 67 78 82 78 90 57 19 57 58 82 95 95 2 37 23 55 4 10 47 69 60 6 8 53 36 10 74 77 21 19 55 58 22 91 21 43 89 0 24 10 23 18 48 39 91 40 10 6 37 18 0 36 42 49 66 1 27 2 82 37 15 88 11 69 59 72 82 75 53 34 
89 60 39 25 68 80 40 75 29 79 87 54 47 35 66 35 54 10 34 49 73 62 94 24 20 22 16 14 72 74 15 93 68 70 62 63 12 86 37 2 53 6 82 36 75 93 37 74 65 3 47 11 64 0 4 83 9 53 39 81 60 65 52 98 53 56 80 91 20 86 86 5 1 31 78 74 96 66 41 67 27 48 20 16 58 95 74 39 14 83 35 40 1 71 58 25 45 6 13 74 59 71 40 15 26 47 35 57 80 43 80 29 11 90 72 63 52 20 80 18 13 3 43 29 8 72 79 1 52 57 49 12 22 62 65 54 95 17 41 73 17 67 41 34 62 88 22 53 30 38 83 70 55 53 73 54 89 49 6 76 21 88 4 9 88 1 15 60 77 22 20 14 91 14 87 4 32 10 56 59 71 45 89 25 99 53 60 92 71 4 46 48 8 23 31 36 98 34 20 30 
52 85 61 71 11 89 4 52 80 5 89 54 75 66 24 72 42 64 8 23 39 40 57 6 11 67 44 71 79 65 30 7 3 74 46 13 41 55 23 6 6 96 5 17 99 48 27 82 27 93 89 63 36 18 46 90 32 67 93 60 20 88 7 93 91 1 32 41 68 36 88 54 51 87 84 63 95 39 17 49 64 61 3 64 99 28 33 60 15 47 24 52 65 65 33 38 83 59 36 57 72 56 99 28 63 94 6 75 98 44 36 87 73 63 86 81 16 89 22 63 45 48 51 67 13 51 35 52 20 51 41 1 91 96 32 87 61 42 51 6 9 34 35 25 84 7 2 7 70 46 65 33 13 49 52 24 25 95 25 25 49 89 62 19 50 99 15 8 78 70 31 16 12 69 50 19 98 81 51 38 33 42 66 56 88 10 73 85 16 40 95 34 59 65 49 89 68 6 56 20 
81 95 22 29 86 9 96 5 90 82 97 6 34 77 41 37 42 72 57 44 59 58 88 46 14 20 49 64 87 79 83 4 15 7 69 77 99 7 43 42 9 53 4 10 97 15 59 36 54 82 11 98 85 50 94 47 49 66 73 28 71 85 37 31 64 48 10 23 12 10 7 44 82 83 69 92 61 85 30 32 81 36 77 83 15 42 89 7 9 29 35 37 77 9 4 24 87 70 22 9 73 27 82 5 35 34 18 90 99 70 55 90 50 7 98 2 60 60 27 51 77 83 78 87 21 37 93 22 81 63 78 1 89 29 17 78 76 20 45 81 67 54 15 31 30 77 42 65 89 56 45 91 14 75 46 69 70 48 57 22 85 37 16 80 25 80 8 35 50 29 8 49 48 46 36 57 33 13 17 14 98 73 31 23 83 2 47 53 21 82 66 40 15 44 6 21 68 40 67 31 
77 59 1 42 50 17 32 61 6 16 59 30 66 19 53 98 25 66 90 5 25 76 6 44 57 78 87 10 99 34 87 80 16 24 79 15 2 67 93 86 9 76 5 97 38 30 32 54 87 21 13 98 59 25 12 85 73 81 90 61 54 41 42 76 68 11 65 89 28 57 65 66 7 88 21 67 9 39 66 13 90 63 21 39 22 21 99 9 31 73 21 99 92 73 62 36 40 25 49 28 71 42 71 83 4 92 76 32 36 33 73 20 30 95 54 74 39 84 1 6 40 48 79 48 98 71 81 32 49 9 18 24 36 6 51 42 15 77 71 83 98 36 15 70 74 5 49 85 26 95 1 93 84 52 60 36 79 2 61 52 82 19 24 81 46 61 29 99 25 6 0 49 0 61 10 81 99 53 72 21 18 97 59 1 54 36 32 27 67 26 4 39 72 28 51 31 22 80 40 34 
30 55 65 98 34 51 85 87 88 84 61 38 79 95 91 20 46 65 91 20 20 68 32 23 87 46 19 81 35 98 42 6 97 77 60 66 19 78 51 46 34 49 14 60 31 20 57 21 66 49 65 88 16 46 48 86 38 67 44 40 86 80 3 68 34 39 15 89 63 6 6 32 32 12 65 79 15 64 1 63 27 43 50 71 27 43 4 97 46 59 74 20 31 81 73 89 26 17 56 78 0 96 89 42 23 81 13 26 66 19 83 95 48 12 74 45 46 28 0 43 34 5 89 69 81 53 89 91 61 0 13 42 83 39 96 55 19 45 53 34 10 66 79 81 23 2 62 58 93 75 20 2 35 97 6 7 41 12 31 50 70 87 41 33 31 84 99 9 39 68 83 7 95 16 45 40 20 0 72 57 43 79 96 0 24 39 67 53 6 67 99 64 58 22 0 99 78 74 54 58 
44 92 98 85 62 78 90 46 12 6 29 32 96 1 44 87 82 80 86 32 25 53 10 11 36 29 46 96 20 17 69 75 69 75 58 76 39 50 32 89 51 33 90 69 10 27 92 29 29 47 37 72 9 70 22 96 25 9 3 15 10 81 65 24 23 48 55 59 49 62 13 82 56 4 41 61 30 40 20 46 28 12 66 5 91 11 85 7 16 73 91 82 24 63 44 17 53 88 17 83 69 38 83 89 28 19 40 71 31 81 56 16 15 60 11 63 27 63 57 52 10 46 30 63 61 18 27 21 84 85 0 68 34 64 12 30 34 27 70 65 39 24 13 97 99 18 14 49 64 42 84 59 83 63 8 23 14 35 47 26 79 6 29 70 5 86 86 8 87 83 18 77 42 68 45 3 0 58 82 72 74 61 57 75 82 4 41 65 30 56 22 2 43 64 90 45 97 12 3 49 
38 91 2 12 49 73 66 0 42 65 86 9 19 23 83 2 96 25 50 31 82 95 85 78 88 81 72 88 51 12 82 27 48 63 5 46 96 64 62 77 87 1 96 69 84 96 56 94 88 99 13 95 65 52 85 65 65 92 64 65 67 52 51 43 17 60 11 55 6 56 75 37 78 77 83 39 48 77 11 24 95 5 48 38 32 93 53 65 67 77 48 10 64 55 26 13 84 17 32 55 28 29 92 42 93 6 47 70 76 53 72 51 60 35 69 76 63 76 32 96 93 29 78 92 23 78 35 4 30 83 16 29 69 56 52 70 52 90 24 17 27 44 43 25 36 62 22 93 57 24 20 32 20 15 4 55 79 68 90 78 78 85 43 98 58 39 41 54 85 68 46 73 15 62 76 44 15 33 85 13 6 86 96 31 27 83 8 6 61 69 19 41 89 59 57 18 82 9 94 46 
25 60 13 34 80 16 39 93 96 8 72 27 27 5 16 70 71 26 72 27 52 53 98 90 34 89 2 85 86 55 95 18 14 31 22 64 52 9 16 48 52 60 90 97 60 53 92 16 80 46 10 68 61 21 51 9 90 68 55 27 74 99 12 29 4 24 3 31 16 69 75 33 30 71 15 21 1 30 80 55 25 62 1 14 19 0 54 66 40 3 90 43 1 20 25 57 51 28 17 6 19 57 65 28 19 4 54 99 4 33 20 57 83 63 57 57 51 78 64 16 9 10 49 70 20 95 34 32 18 5 29 66 94 92 80 96 14 28 17 5 16 49 36 79 37 55 90 20 37 76 51 68 65 18 2 17 70 26 51 7 77 69 61 19 68 91 70 58 16 97 75 78 39 31 32 69 48 89 40 69 80 37 37 18 11 66 59 21 48 47 40 86 41 40 43 81 23 60 29 86 
36 6 32 29 98 26 60 87 79 58 19 34 9 69 24 14 96 6 86 65 77 50 78 92 62 52 97 68 31 41 3 36 59 96 93 71 44 38 25 52 39 68 67 84 75 9 34 24 39 35 57 96 70 58 59 71 99 83 17 35 25 98 50 88 41 17 92 88 85 71 77 70 7 70 56 91 55 52 65 36 69 92 39 65 95 87 92 17 89 57 22 4 93 93 80 5 81 67 66 68 19 58 50 27 72 25 59 31 48 22 35 57 21 97 31 29 11 13 2 83 71 72 68 69 46 80 52 40 84 54 15 66 67 86 26 4 94 75 14 47 47 8 79 16 72 15 71 12 38 77 31 37 94 78 11 59 21 10 37 61 29 65 72 76 44 79 39 92 76 3 58 20 64 89 41 25 38 53 22 74 49 46 33 3 13 30 34 73 9 64 61 60 5 96 35 60 84 50 67 81 
27 5 28 71 6 9 21 52 74 99 48 15 12 48 15 56 93 97 91 49 63 45 27 81 71 23 2 83 83 42 76 1 30 26 22 17 34 4 31 85 81 49 81 66 46 75 96 94 38 93 33 25 91 57 23 20 96 35 35 17 26 27 9 78 78 81 10 85 3 7 99 95 62 16 49 0 68 44 14 63 23 77 77 42 88 60 85 60 56 63 64 97 21 69 94 86 34 2 23 34 22 13 1 43 98 51 48 57 46 35 88 36 69 50 37 48 46 83 29 38 66 51 84 1 99 97 75 54 3 34 92 59 58 75 33 41 72 23 39 81 75 90 50 64 35 62 94 55 78 41 28 10 82 19 86 7 53 98 75 97 33 60 51 97 72 12 35 57 49 74 12 16 7 79 52 25 18 4 28 51 88 19 92 84 69 36 64 96 26 25 4 85 75 48 59 48 11 32 31 75 
93 94 28 81 19 97 26 13 61 16 20 87 35 87 90 91 31 46 9 52 27 53 54 4 58 6 80 88 48 11 62 34 79 51 44 61 43 73 52 10 77 79 80 24 40 19 3 45 16 3 45 31 16 90 27 31 81 23 42 57 15 82 14 28 91 87 82 12 2 57 62 50 22 20 18 22 42 79 25 16 38 9 60 88 44 4 44 58 89 66 69 34 63 40 28 99 50 60 32 94 45 35 0 85 23 43 8 77 42 61 38 57 28 11 42 20 87 92 45 33 61 12 53 37 41 77 57 48 88 74 12 35 75 15 63 61 16 69 96 93 64 51 68 12 84 97 79 55 15 9 14 91 90 16 22 84 80 10 36 58 8 3 12 35 57 36 25 0 46 21 52 69 55 1 25 72 15 72 23 61 17 43 88 86 3 46 28 28 9 22 80 35 55 77 83 93 43 30 48 20 
97 75 18 15 88 85 35 23 68 79 95 10 7 39 81 56 41 14 63 96 43 85 27 69 81 27 76 50 76 25 6 51 60 16 97 73 54 13 8 95 99 47 41 38 25 40 95 30 80 77 48 50 91 35 92 5 45 38 41 46 57 10 89 14 32 71 93 24 9 49 99 45 6 74 46 24 35 50 76 19 7 70 1 52 85 73 71 39 47 65 93 61 77 4 3 16 89 48 78 15 63 55 80 45 90 78 27 13 56 66 90 25 47 5 44 39 76 91 11 55 60 80 16 38 85 51 6 83 74 99 84 0 50 57 7 23 30 51 62 21 96 15 16 66 67 75 59 15 81 7 78 25 0 64 86 67 20 91 65 61 7 89 47 69 58 70 84 58 44 63 33 68 60 49 49 16 8 47 64 52 67 39 47 36 54 75 87 98 47 93 35 47 53 25 67 80 72 75 31 52 
56 96 50 74 40 21 67 65 85 37 9 61 63 30 15 2 19 87 59 88 17 89 18 97 12 28 76 95 32 46 48 55 67 10 59 66 15 6 97 26 87 70 8 92 52 84 88 81 30 16 51 33 11 33 65 47 91 28 38 78 97 53 19 8 85 11 3 5 62 76 47 98 10 17 76 23 43 70 27 57 0 21 69 61 29 47 76 56 75 35 18 99 24 60 80 71 53 81 58 23 76 31 41 67 89 26 25 11 35 15 40 68 77 74 54 71 30 78 99 70 88 37 42 28 56 26 44 87 64 15 64 88 46 0 87 35 69 89 67 12 17 8 48 69 20 59 51 68 98 3 66 51 93 33 39 75 94 35 41 58 41 86 60 4 84 6 5 95 69 79 45 49 37 99 25 67 61 5 62 56 7 88 57 20 62 99 38 14 65 39 20 34 25 45 56 78 57 2 4 91 
46 79 5 88 66 2 56 91 74 19 61 47 86 71 69 13 40 91 61 61 18 79 42 88 56 88 88 56 25 30 34 55 99 82 87 59 97 25 82 57 72 85 18 17 26 76 44 53 47 9 38 2 92 94 85 44 53 19 58 16 73 0 64 70 1 63 65 99 49 34 86 33 42 0 71 81 37 90 79 54 10 98 88 20 53 84 43 13 4 95 3 43 9 48 15 6 67 2 12 80 67 95 67 6 77 3 55 61 23 97 47 42 62 82 2 74 54 74 91 61 78 75 59 57 96 37 17 21 50 31 68 42 83 32 47 18 16 14 69 75 77 9 74 70 10 59 70 57 9 22 53 70 11 36 26 81 91 59 23 24 14 55 38 96 88 31 21 95 33 97 15 84 19 31 2 74 39 11 11 65 18 11 4 45 50 96 5 40 74 66 30 78 58 93 24 60 94 74 73 18 
44 61 60 80 52 29 53 78 36 29 45 98 76 86 66 78 16 21 58 99 12 74 53 1 59 9 95 48 10 36 98 23 7 93 0 94 13 2 97 89 66 14 24 91 0 21 10 77 37 87 19 56 69 60 19 27 36 76 88 17 64 22 10 93 19 58 99 64 89 71 25 5 97 45 32 18 66 51 92 73 12 12 82 47 94 28 42 14 10 81 1 22 7 63 72 38 86 31 53 88 93 22 37 8 76 82 85 53 69 5 12 83 17 98 45 10 63 76 17 68 48 20 0 25 20 87 92 16 88 68 90 11 96 34 52 99 52 61 99 41 33 74 90 44 37 20 67 55 43 98 52 54 55 70 52 88 34 82 31 40 9 33 39 41 27 84 40 1 20 31 23 65 39 10 94 10 60 67 7 60 23 85 39 19 11 18 53 13 42 65 31 78 44 39 90 25 70 39 48 56 
77 51 35 43 23 61 73 57 17 6 27 39 50 18 22 65 67 28 98 2 60 47 49 45 93 73 36 13 68 63 44 26 66 57 48 29 44 4 25 83 13 13 50 77 29 76 21 14 51 12 17 27 27 68 57 51 65 3 2 91 86 16 8 25 32 66 75 49 91 6 31 34 27 13 0 61 87 99 76 39 65 23 37 66 7 29 80 18 76 74 42 16 83 19 5 87 99 73 22 29 4 67 56 15 76 4 65 17 45 55 75 36 50 60 18 30 53 93 20 27 49 9 14 12 40 87 45 32 94 14 3 66 82 48 10 78 55 69 33 3 79 73 90 53 57 4 52 2 45 48 31 42 45 76 4 75 60 97 57 38 85 74 56 95 81 36 23 67 97 61 60 20 20 44 38 89 8 74 64 67 18 15 15 47 71 88 66 4 8 19 85 95 53 80 91 54 18 79 70 42 
78 18 62 32 97 20 89 66 31 38 8 13 97 41 58 13 36 36 51 69 68 55 22 53 46 40 79 81 29 58 10 18 77 19 28 43 53 82 25 22 67 8 41 99 66 98 59 34 27 56 10 72 51 65 10 10 55 71 24 53 77 8 53 29 19 88 72 92 97 5 80 86 60 9 19 55 0 27 34 84 69 61 29 90 57 71 71 19 13 36 65 50 47 97 54 29 31 62 79 25 24 25 36 69 29 40 27 75 27 55 14 96 30 78 87 67 11 91 80 87 92 75 72 56 50 89 53 91 18 56 30 84 55 75 55 73 99 17 51 64 72 10 81 18 49 75 68 82 97 37 24 8 71 72 12 54 51 73 38 42 23 62 71 22 66 14 19 48 37 29 77 90 15 12 62 89 6 0 52 89 19 15 9 60 6 60 21 70 77 0 13 32 67 17 84 55 92 94 55 4 
52 47 87 61 23 78 5 31 27 82 83 6 7 63 86 8 22 46 63 94 9 83 98 23 6 4 47 6 26 0 75 95 23 51 31 21 57 83 34 54 69 24 41 26 84 8 91 40 91 51 7 87 87 65 93 4 39 15 38 69 15 43 39 70 75 66 92 17 36 0 62 55 39 75 3 73 24 75 7 92 52 6 47 17 38 78 18 15 74 23 0 2 68 59 86 92 36 63 13 98 1 96 11 50 47 29 43 78 31 19 4 92 22 51 16 83 19 22 5 12 93 11 41 6 80 84 78 15 41 90 12 52 84 31 90 7 41 92 6 75 98 84 29 15 61 10 75 91 37 22 34 11 81 39 37 49 40 79 55 41 2 8 32 35 76 61 23 81 82 16 97 66 41 82 47 62 27 48 18 15 65 33 6 75 69 47 28 67 27 99 3 31 5 87 49 39 21 39 15 49 
2 91 90 56 99 50 36 49 31 76 6 32 58 67 99 57 59 88 86 67 42 65 27 93 39 46 75 59 92 76 52 8 40 63 91 57 5 51 61 80 15 14 32 58 33 69 43 29 91 21 15 30 13 87 83 27 39 74 50 96 85 80 72 35 9 80 2 45 47 82 66 15 0 63 87 8 66 10 80 15 86 55 87 33 55 7 71 48 43 49 50 51 83 52 61 1 96 4 29 35 35 93 80 61 45 2 26 4 52 22 40 27 68 9 70 62 45 93 12 30 31 86 48 29 63 23 53 61 98 45 7 17 76 38 41 83 19 87 43 68 11 2 30 96 0 11 68 1 10 43 4 59 92 45 82 5 93 17 99 86 14 54 67 73 60 61 11 33 93 18 57 61 93 69 41 39 55 37 45 8 43 15 97 48 22 3 57 58 28 55 30 41 21 96 47 32 72 32 96 79 
20 76 88 79 95 75 15 61 80 40 70 77 55 97 57 93 20 11 77 35 16 83 96 38 71 78 10 85 87 53 86 45 19 16 24 22 16 65 7 51 28 51 73 69 83 35 30 41 31 29 11 53 98 80 92 77 51 88 88 34 38 88 19 38 23 43 49 57 1 77 21 20 58 78 52 84 55 39 47 66 38 2 25 68 34 47 66 46 62 91 45 77 12 91 17 92 0 36 15 26 29 18 13 67 75 10 37 58 22 49 19 86 98 81 89 4 79 18 46 16 39 29 9 52 58 16 15 85 29 19 70 3 62 45 19 71 86 46 58 95 24 27 8 46 10 30 34 52 42 52 8 16 31 24 76 65 11 74 65 54 95 96 30 33 25 52 55 5 9 94 74 6 31 3 89 74 79 58 91 78 58 6 12 58 89 76 75 61 68 42 35 54 89 48 11 32 29 58 57 57 
29 11 44 0 28 32 22 85 85 52 26 48 20 94 35 74 42 60 28 19 81 55 9 63 12 2 25 51 10 75 42 3 48 96 98 62 34 63 47 49 47 44 34 99 76 30 99 84 21 0 96 89 89 77 19 71 71 63 53 12 34 16 72 38 2 93 23 5 15 42 88 52 25 11 43 3 97 86 45 27 72 96 4 57 28 0 13 64 47 9 69 5 46 80 32 80 70 26 11 88 3 44 85 35 21 39 81 35 15 28 94 61 40 93 6 12 88 13 19 40 59 6 87 59 61 36 83 95 37 28 18 66 83 66 59 94 44 99 40 45 52 55 52 32 15 82 92 14 83 63 53 87 73 90 81 70 41 74 71 40 99 46 64 34 63 6 44 77 9 96 48 11 17 20 5 37 29 95 48 91 85 95 7 15 22 43 93 6 78 16 58 55 19 37 5 89 78 23 97 83 
6 56 93 86 81 12 87 95 85 81 96 42 55 11 26 82 52 95 30 70 85 14 18 67 73 68 25 31 53 33 82 66 99 46 67 94 1 76 52 44 28 95 87 36 48 13 36 2 11 53 31 3 34 74 13 94 11 19 77 64 35 53 20 0 25 78 91 91 96 56 99 42 10 9 72 78 5 29 79 9 58 66 2 81 20 6 18 34 86 82 11 27 29 22 41 46 96 41 87 72 40 50 43 99 22 67 69 42 30 13 9 56 26 65 46 84 64 9 21 8 97 62 76 30 66 12 95 48 31 38 40 3 61 28 50 44 32 30 93 72 78 51 4 82 87 90 67 28 73 44 61 92 77 38 89 19 31 20 13 41 23 13 39 50 52 13 99 32 81 1 24 18 66 55 83 49 88 26 33 33 16 70 96 10 41 34 28 11 4 73 38 11 71 95 66 18 89 26 22 62 
17 29 78 94 33 63 49 99 13 3 12 86 85 35 61 77 39 59 43 22 84 91 36 28 84 15 7 14 11 50 95 93 59 5 99 58 8 13 24 1 27 31 36 80 59 55 76 27 95 24 9 11 95 23 50 21 9 57 8 84 43 61 46 35 72 1 99 64 15 0 43 7 30 30 37 79 46 3 10 78 42 57 73 68 91 47 72 34 35 46 87 70 36 99 51 82 59 33 23 72 60 49 90 21 97 63 15 79 75 82 45 3 56 31 77 87 41 70 78 98 26 85 23 94 99 29 3 18 29 30 45 80 82 47 97 35 13 6 99 15 34 89 50 62 48 60 64 69 44 89 60 67 49 90 96 6 0 46 8 13 34 95 42 54 39 6 48 28 66 47 83 93 98 82 5 66 7 75 42 14 54 34 90 43 16 54 18 62 58 74 23 22 33 12 55 64 48 70 7 97 
54 19 97 87 72 51 75 49 96 13 51 25 15 28 92 87 81 47 65 56 22 30 21 52 54 10 22 48 16 76 54 94 84 65 99 74 79 8 74 29 48 92 63 12 64 55 2 7 97 88 49 50 95 25 88 0 43 64 49 83 40 55 85 23 66 41 19 2 4 63 64 43 43 75 50 17 29 96 8 3 35 34 78 78 73 36 62 14 41 22 6 48 7 36 45 8 21 48 43 55 51 22 87 51 28 3 48 21 89 90 47 90 65 95 24 6 42 61 61 30 71 17 99 57 66 5 60 92 40 61 33 20 87 17 73 64 95 26 61 76 56 42 69 74 67 54 63 7 44 34 55 99 94 20 27 96 85 12 7 8 60 72 76 86 65 42 96 12 77 74 57 66 60 10 8 77 98 3 67 88 11 78 59 67 81 19 94 54 23 37 11 36 52 49 59 14 96 19 82 81 
14 59 37 83 23 92 14 44 18 87 73 63 68 46 72 56 38 43 63 87 64 82 78 16 1 37 40 33 84 67 38 40 81 28 99 18 89 72 85 3 62 21 51 46 30 53 76 51 49 2 36 59 86 17 34 36 62 60 2 10 91 63 84 13 3 17 76 68 99 64 67 69 7 70 39 86 3 75 2 84 39 15 44 66 50 38 14 71 64 20 65 80 31 14 28 12 71 98 33 33 44 46 26 16 4 72 67 39 80 49 62 74 72 15 51 75 83 67 73 19 79 99 13 82 12 20 22 32 22 28 32 81 10 53 73 30 42 17 73 29 51 73 52 63 19 76 85 91 94 90 81 94 50 52 62 93 67 14 70 22 96 37 35 52 38 22 68 20 52 0 87 16 24 10 48 77 61 89 75 86 58 86 25 1 30 19 28 57 52 50 56 23 44 4 37 53 94 76 86 82 
75 30 43 95 35 13 10 61 82 50 47 72 33 32 37 91 10 13 92 22 46 50 48 85 23 82 30 29 70 39 89 31 23 62 4 3 6 32 47 15 76 72 94 29 71 95 1 10 91 93 0 8 54 62 62 88 28 5 41 96 78 28 16 37 15 28 66 40 24 46 49 58 46 42 76 72 50 39 49 16 44 64 65 34 35 25 99 26 32 84 60 6 20 53 92 18 79 69 88 14 91 27 57 64 98 97 50 55 67 24 97 95 54 8 32 93 74 43 69 81 46 76 46 79 63 56 55 51 49 76 36 1 8 44 92 55 81 11 38 0 48 71 73 77 72 19 43 45 14 16 5 91 23 48 19 70 89 37 26 64 66 45 33 12 58 24 92 12 86 10 30 0 41 95 25 50 95 37 76 22 88 37 52 74 90 44 3 45 74 59 9 5 49 24 40 64 21 59 11 67 
41 30 12 82 82 73 46 92 27 76 37 56 19 93 37 38 80 56 82 30 56 46 56 5 52 66 11 9 35 34 83 4 20 13 38 48 2 75 14 25 43 66 36 18 57 68 3 49 1 53 45 94 20 82 4 54 71 6 39 67 90 96 62 26 65 53 27 96 85 35 23 35 28 78 76 50 35 71 12 17 68 14 42 40 85 84 67 90 79 24 12 66 2 53 78 27 28 85 63 67 76 49 11 84 5 33 97 26 51 76 3 12 70 64 90 74 88 59 47 42 20 41 50 34 80 42 17 81 2 90 29 69 43 71 4 93 75 58 3 59 93 50 99 20 2 5 5 74 60 75 90 22 13 60 10 98 88 26 42 21 55 59 75 46 9 19 8 69 10 61 29 32 0 86 74 82 37 87 4 18 19 1 30 29 19 62 6 63 49 33 1 31 26 28 16 46 91 4 13 6 
21 27 45 67 77 78 83 25 82 2 33 88 77 60 78 17 1 69 28 65 39 15 22 46 95 81 64 52 28 35 54 14 96 86 18 50 12 41 30 63 26 52 74 36 35 72 61 24 4 51 22 80 0 89 17 24 88 43 67 17 49 79 18 62 64 81 17 74 88 56 67 94 25 87 70 20 85 89 93 43 7 24 6 15 53 98 14 75 62 85 2 1 9 32 43 66 61 97 36 35 9 30 62 39 46 35 64 62 10 88 65 86 67 78 95 20 53 15 89 60 24 92 79 64 85 55 76 66 26 0 8 97 8 99 68 38 61 66 70 28 83 40 21 84 12 51 37 9 74 70 34 31 16 87 75 66 81 31 53 54 12 65 97 96 37 27 15 15 52 30 95 12 67 46 17 23 45 90 75 3 48 29 90 88 22 46 98 42 20 76 22 73 6 80 0 35 39 39 20 86 
40 22 79 51 51 1 61 41 10 92 91 26 32 12 47 54 67 17 57 30 87 30 15 56 41 46 75 91 51 90 47 78 88 15 98 80 47 93 73 63 61 92 28 69 6 70 42 38 19 29 22 0 21 66 44 55 89 70 52 40 65 28 77 80 30 92 56 77 22 74 62 33 19 6 94 62 73 83 32 37 81 89 35 61 55 15 6 6 61 8 21 62 28 62 36 96 42 17 25 84 36 25 78 83 19 62 33 3 62 91 51 28 34 49 30 60 8 5 79 1 10 29 76 9 16 63 6 18 9 62 41 82 42 85 90 60 67 1 53 29 92 63 53 18 65 70 13 79 61 89 88 83 95 76 39 0 26 31 78 90 23 80 76 87 12 91 86 6 75 6 59 12 40 30 73 58 71 94 51 36 49 50 46 81 85 5 0 61 46 95 59 43 47 34 62 87 77 5 31 7 
0 38 57 92 37 80 26 23 51 8 80 52 65 69 75 15 87 85 14 82 87 42 11 94 21 32 36 69 94 21 7 76 70 71 52 80 8 37 46 6 82 73 99 87 97 80 85 53 50 95 1 28 54 56 73 84 59 95 28 31 43 91 80 41 84 91 81 25 69 14 48 23 16 67 74 1 48 21 62 51 29 59 49 30 70 49 33 98 79 18 71 31 91 29 33 85 23 26 78 80 23 86 28 42 40 41 4 90 87 19 80 20 89 77 74 26 56 62 63 83 41 14 30 38 2 13 57 46 66 18 81 31 34 58 66 47 87 96 85 57 1 67 26 22 34 66 96 54 83 62 51 70 50 65 68 52 25 78 2 10 6 53 20 66 56 29 58 45 28 7 45 39 71 80 4 71 39 49 31 23 52 46 33 6 13 41 44 80 4 61 95 22 74 63 97 15 30 59 12 29 
44 94 49 76 69 6 65 72 57 31 59 45 51 5 61 28 79 17 24 96 70 85 44 10 43 54 43 8 59 36 56 47 18 57 55 44 54 86 43 44 15 90 64 36 27 91 35 28 72 82 31 14 80 74 41 89 25 16 53 10 69 45 66 31 47 9 88 91 10 91 89 65 78 88 91 80 17 84 71 78 55 35 24 79 81 44 62 61 39 12 93 93 72 29 99 1 30 69 8 32 50 49 35 29 85 97 86 64 48 29 70 77 1 88 97 79 78 8 63 80 13 87 90 29 45 61 93 60 76 5 8 88 6 88 61 50 53 95 94 13 5 93 10 39 53 30 5 66 99 5 84 55 49 28 72 94 16 75 5 2 1 62 6 48 33 61 0 30 1 80 92 24 63 76 88 66 32 27 36 31 31 36 77 14 20 35 31 99 72 69 40 5 92 31 96 69 80 83 62 21 
94 56 54 22 23 71 53 79 98 62 14 35 14 64 82 69 45 52 27 62 94 99 16 66 50 80 28 82 18 66 8 1 32 5 58 14 41 65 27 54 82 88 91 43 17 45 84 23 10 68 16 1 81 15 71 72 74 54 56 54 44 79 50 28 94 57 43 67 64 42 60 87 60 75 88 20 64 67 17 62 15 18 90 37 94 99 88 93 13 44 35 16 78 57 13 16 29 52 80 20 64 47 39 89 49 70 87 5 70 43 99 60 29 47 38 29 48 26 34 87 82 86 13 9 27 92 39 99 28 72 43 18 71 51 7 29 69 65 41 69 40 80 28 10 0 9 78 39 20 33 59 0 78 61 41 73 27 9 54 30 24 15 35 73 34 86 90 95 15 29 67 55 38 50 54 92 43 10 99 97 6 83 26 58 97 59 1 88 4 59 60 48 57 20 92 37 0 17 91 95 
60 9 43 44 82 50 7 37 19 62 54 4 61 36 19 81 14 55 76 65 71 18 15 47 38 8 50 25 66 98 66 21 48 97 54 52 19 7 1 35 63 19 93 32 98 13 30 7 78 58 78 26 3 63 90 37 55 74 77 30 27 84 19 20 62 34 45 63 47 41 63 56 80 55 34 89 88 60 39 90 76 98 87 21 61 93 37 55 37 94 5 9 61 52 2 26 62 31 95 33 27 0 5 93 53 50 60 82 56 60 74 8 5 78 16 75 68 72 24 49 52 20 66 24 45 44 19 57 13 16 79 21 74 65 86 90 71 94 50 29 53 46 11 91 32 14 39 48 34 25 2 27 7 85 93 39 70 27 18 54 23 30 11 88 61 39 48 14 62 25 54 76 56 88 74 19 38 35 33 36 27 38 73 13 87 64 48 92 60 1 0 77 39 20 98 34 51 23 50 83 
97 26 51 44 96 45 40 98 71 12 75 74 41 26 52 18 47 45 92 85 93 91 47 1 14 14 48 91 1 44 33 35 52 90 53 25 30 41 95 15 90 62 3 63 57 30 4 7 20 61 22 28 34 84 56 64 11 52 1 99 54 26 83 27 13 20 36 75 38 61 80 77 27 79 58 43 49 88 7 0 78 87 96 63 78 61 8 80 67 87 97 97 47 53 73 39 37 0 44 25 91 16 16 49 55 5 81 90 17 99 58 65 64 47 76 71 7 64 97 22 57 10 72 31 72 6 23 99 59 58 53 40 50 46 73 79 22 24 39 16 81 55 1 94 99 74 84 3 93 67 37 82 98 66 66 47 80 24 69 26 49 67 3 56 34 56 69 67 79 30 3 69 20 13 65 30 42 79 46 81 69 2 50 71 82 38 79 62 44 43 96 58 55 10 34 77 52 41 6 0 
91 1 11 68 70 20 24 38 61 18 17 59 23 27 50 55 40 22 15 28 63 28 38 49 66 16 19 47 71 25 2 56 58 20 94 2 24 56 4 34 98 60 85 66 66 68 60 48 45 94 7 4 94 2 77 12 10 23 28 41 48 29 20 25 55 52 88 95 2 26 79 22 67 84 37 62 35 40 52 91 8 7 21 16 80 53 11 75 54 53 98 9 99 0 44 24 34 72 56 75 43 65 71 26 24 46 95 83 21 24 18 72 18 24 23 58 94 62 90 21 43 34 66 69 95 14 38 85 84 0 32 73 80 33 18 85 66 82 42 96 9 23 93 3 2 89 75 63 28 40 41 20 92 40 98 74 97 43 78 95 37 68 79 91 68 55 10 65 97 73 62 43 75 41 67 47 61 23 75 2 1 23 75 94 26 57 64 48 60 52 96 28 64 85 94 63 88 18 82 80 
28 10 7 62 50 74 75 54 71 57 85 13 22 44 90 20 76 85 26 50 29 0 68 10 46 6 35 98 43 98 86 67 43 98 58 34 54 79 70 58 47 67 67 71 22 30 93 26 83 62 86 82 35 44 86 54 66 64 31 8 62 72 22 14 4 15 29 75 4 43 50 52 14 10 80 19 26 37 44 59 23 78 7 38 71 67 26 60 21 2 42 36 65 42 42 28 41 24 33 0 68 79 0 75 67 85 47 42 13 13 51 57 51 32 17 91 20 45 80 11 43 44 61 68 91 7 10 6 94 26 51 67 73 29 52 93 79 36 98 56 88 7 2 38 27 65 80 13 23 86 53 17 75 54 42 54 41 24 74 97 12 39 57 66 72 63 87 52 61 19 20 48 46 22 5 79 53 0 88 47 40 59 67 32 65 13 78 87 6 15 98 99 82 22 32 58 8 49 67 22 
66 3 1 12 40 95 49 8 70 1 1 39 62 23 28 5 3 76 22 23 67 95 94 0 69 15 17 39 78 9 74 25 53 99 65 38 46 20 0 5 61 48 11 71 98 38 54 0 18 79 97 26 95 40 58 10 73 67 55 12 74 1 98 1 91 64 65 27 31 55 47 69 16 30 78 96 51 21 83 1 49 35 86 59 19 23 99 56 37 73 49 79 43 73 85 12 20 0 87 43 52 20 90 58 31 14 22 34 14 19 29 80 6 66 79 28 26 75 11 81 14 5 9 46 90 35 62 40 87 90 48 90 24 62 82 74 11 45 67 45 70 8 30 60 41 11 91 67 25 92 0 90 27 83 6 58 10 29 0 19 17 87 0 76 20 21 85 14 0 13 34 88 60 24 65 18 15 47 6 53 52 63 92 99 41 68 76 95 87 18 93 3 37 97 92 76 35 1 53 90 
85 53 77 64 48 64 2 54 59 36 39 30 30 39 93 83 64 35 23 5 35 35 44 97 84 67 6 35 90 34 45 33 59 78 13 73 57 56 85 84 15 45 40 45 76 64 57 36 7 69 15 7 52 67 77 64 37 89 24 5 29 13 8 33 53 14 63 19 32 18 46 11 64 59 20 84 93 47 22 68 58 33 20 59 62 66 28 50 81 68 56 70 87 94 8 92 44 28 42 42 76 0 61 25 60 69 28 33 14 87 75 80 10 3 70 83 82 45 17 21 40 19 84 85 20 55 84 71 79 68 33 86 82 13 26 68 67 11 6 81 27 84 52 24 35 31 33 44 16 78 12 30 81 2 18 76 14 78 0 50 79 94 18 98 37 29 49 5 21 37 67 24 39 27 1 4 4 50 37 6 95 35 97 85 76 21 0 5 6 98 28 24 76 43 44 95 14 13 22 52 
97 8 51 57 22 2 26 80 38 35 14 4 72 48 72 42 6 29 41 69 63 52 28 47 37 63 91 97 12 28 21 9 15 95 3 14 33 92 39 63 56 7 93 76 58 40 86 49 95 18 81 4 71 31 40 57 6 80 2 60 89 63 35 67 32 14 93 97 24 70 40 50 59 64 68 96 54 99 69 37 35 94 28 14 6 95 52 79 36 0 91 76 22 68 34 67 48 62 98 79 34 42 41 93 51 52 33 9 87 73 35 59 28 43 86 6 41 60 36 89 19 38 65 8 85 57 76 6 34 78 87 36 28 39 6 64 43 59 14 95 6 39 78 87 21 92 27 58 68 39 12 87 87 23 68 22 38 70 27 97 71 14 67 80 93 21 80 87 55 83 1 5 50 68 12 77 28 81 55 84 70 7 49 20 11 25 41 20 0 41 77 75 14 99 5 26 10 9 21 69 
81 38 53 93 85 92 95 9 74 31 74 33 88 64 33 30 7 98 22 38 48 68 56 63 56 40 39 60 47 22 74 11 54 79 25 81 64 40 37 46 58 37 84 24 85 43 30 3 96 2 84 22 14 11 18 32 0 57 36 36 31 0 96 29 17 7 39 30 65 98 29 41 16 76 86 51 54 35 90 84 38 44 31 47 89 20 94 79 23 47 96 79 46 20 61 59 84 69 82 4 28 21 10 63 66 30 46 4 70 60 11 37 36 76 36 96 21 77 32 84 73 84 83 85 2 81 27 57 11 89 42 35 8 18 6 69 57 33 30 80 74 99 39 77 34 94 65 18 15 93 96 47 41 91 64 49 60 11 97 66 27 67 35 90 26 63 52 70 20 61 68 43 90 95 8 74 14 39 88 69 35 37 98 88 91 97 2 40 15 35 58 84 4 52 13 11 54 91 36 97 
21 0 90 65 37 52 25 50 34 98 3 73 32 8 34 46 97 80 26 63 77 36 16 89 85 35 60 40 59 31 62 97 68 16 58 50 91 71 54 14 26 67 12 89 51 34 48 50 69 27 65 56 50 30 54 54 90 21 56 54 61 41 14 43 46 21 34 73 18 43 70 62 27 22 78 15 59 35 32 44 27 2 11 64 95 89 40 67 77 21 85 69 9 8 61 55 11 33 77 80 39 92 99 41 85 84 32 17 49 96 62 96 32 86 24 98 0 18 58 67 79 31 92 36 39 77 49 45 26 54 79 17 37 2 16 89 19 53 4 32 37 28 62 58 51 66 65 12 4 12 40 51 3 19 55 77 78 26 47 72 96 95 31 4 50 50 78 92 21 35 89 0 26 3 5 33 93 11 88 56 7 68 34 68 63 70 88 50 11 22 68 54 0 13 91 95 70 75 55 91 
96 88 15 28 16 58 13 83 74 95 19 19 35 1 36 84 15 11 65 16 82 33 42 93 23 7 82 81 86 82 36 82 84 11 74 66 60 52 91 18 49 12 76 61 1 63 58 87 52 78 64 71 22 52 14 42 93 57 56 89 6 29 93 77 1 81 58 92 70 77 92 3 15 62 85 78 44 30 65 19 14 24 59 83 87 66 13 45 41 19 38 16 97 10 10 79 1 52 59 59 13 18 19 89 75 23 60 33 26 39 63 7 40 76 24 23 26 23 82 62 11 30 42 62 83 9 24 74 51 63 66 91 18 90 87 50 10 89 59 32 31 25 14 30 83 6 98 64 11 4 12 40 16 69 57 31 14 40 49 68 21 87 69 12 1 65 66 40 35 59 97 9 72 48 24 21 2 66 52 14 69 12 13 48 80 61 31 30 60 13 87 22 56 18 53 49 1 16 39 41 
79 50 90 41 17 65 87 36 26 85 92 57 21 15 40 6 30 8 17 1 85 96 52 84 75 55 43 36 82 38 2 79 74 53 22 39 21 91 73 78 31 39 53 5 42 73 1 22 39 60 25 90 42 55 42 17 2 46 53 71 69 59 34 38 27 36 73 17 69 74 4 9 60 10 3 46 33 79 84 88 51 41 41 14 42 48 36 43 75 84 5 59 6 99 1 92 19 83 91 93 32 87 87 7 69 32 78 35 85 84 25 19 49 21 75 57 87 99 61 32 64 68 13 39 96 39 14 27 73 87 88 53 7 97 37 73 51 76 10 65 47 33 44 81 25 18 73 42 66 54 99 13 17 46 95 93 68 26 34 89 82 51 8 55 81 36 60 23 10 98 32 96 59 1 9 60 12 23 14 95 97 59 73 62 27 47 66 63 37 29 3 40 85 60 31 59 99 92 39 65 
53 95 74 96 48 24 72 97 86 9 5 10 88 85 59 78 85 37 5 3 12 15 78 61 59 4 97 95 97 22 74 23 65 10 65 65 3 98 65 48 58 59 92 52 34 65 81 15 65 35 26 95 61 12 35 23 19 94 83 30 66 5 13 40 33 32 69 6 35 84 37 28 49 33 14 89 24 29 15 75 40 30 40 31 71 76 99 48 27 75 95 31 23 50 56 17 90 23 83 96 45 1 18 35 90 40 11 93 2 0 13 83 32 64 59 5 22 60 72 10 12 45 7 7 75 60 15 70 8 97 29 11 92 97 89 55 82 95 23 3 71 27 84 19 97 52 59 44 19 7 75 6 48 43 89 66 87 35 19 39 98 42 69 67 25 17 47 25 0 26 22 64 91 24 10 11 3 55 80 15 26 93 81 84 15 21 15 20 46 67 14 12 80 88 93 80 52 96 66 37 
97 9 44 24 12 66 64 10 20 43 66 51 58 19 40 44 0 7 19 16 65 13 25 0 80 85 27 69 36 2 76 2 65 29 25 99 7 21 62 90 31 39 89 60 60 48 22 9 32 78 71 43 79 88 97 68 99 52 26 27 65 64 52 54 31 49 34 77 43 86 73 69 22 32 54 49 64 72 42 53 47 18 6 54 18 68 52 32 80 26 78 79 53 1 17 7 72 9 5 46 73 88 79 28 22 32 99 64 29 12 0 2 52 57 56 38 63 30 68 28 69 86 3 86 33 65 81 66 31 98 3 65 80 43 78 95 66 58 29 51 67 46 43 37 31 5 21 94 24 37 63 80 90 20 88 51 68 1 31 55 29 79 61 99 30 4 17 53 30 38 45 95 19 21 69 94 41 81 65 17 33 53 47 31 72 33 19 41 72 83 39 86 61 60 9 12 19 10 59 40 
0 13 81 52 13 38 25 56 14 18 52 74 77 3 71 43 87 3 48 63 21 46 93 86 96 98 45 76 0 1 18 42 98 38 39 10 36 31 71 1 89 91 78 70 5 70 39 98 10 25 21 58 48 51 61 73 74 56 95 27 13 42 53 36 88 41 18 97 65 91 51 51 43 88 39 13 21 34 2 33 29 32 23 38 73 92 63 17 78 10 57 40 89 91 40 18 43 67 81 44 67 43 94 55 31 41 59 11 52 71 30 68 2 74 34 87 11 52 99 75 32 17 22 28 89 43 39 35 10 67 62 16 35 1 38 77 78 95 34 12 82 50 38 46 94 10 34 21 98 79 86 86 2 44 82 39 88 75 58 25 75 41 88 85 85 11 76 4 20 73 89 99 88 34 26 28 80 76 4 27 96 18 54 16 21 67 29 25 95 69 53 74 63 65 55 23 88 13 80 10 
32 7 78 90 38 84 74 31 74 57 18 66 54 68 52 79 72 43 86 38 38 64 96 23 44 28 23 38 40 73 75 17 94 10 95 43 87 19 79 53 64 12 90 30 51 66 45 45 5 38 43 5 0 28 43 0 94 29 52 77 99 89 95 38 32 5 58 83 84 87 87 82 79 81 94 51 85 66 75 0 80 66 56 52 25 90 30 21 61 13 2 89 74 17 30 73 39 92 25 5 32 0 59 28 55 45 72 29 12 26 40 52 98 19 75 77 14 41 10 49 67 67 29 26 68 7 78 38 90 20 46 75 28 63 7 50 35 67 98 99 13 29 14 99 35 96 89 45 91 34 17 10 11 27 57 44 6 9 61 73 58 76 75 27 60 7 56 27 4 87 10 71 28 84 91 88 2 77 14 27 71 47 69 74 63 5 74 67 39 31 78 33 34 0 63 2 67 28 12 28 
85 22 15 87 16 66 78 50 92 22 70 97 27 58 64 2 68 90 37 23 41 7 45 63 72 69 26 72 54 15 37 5 79 35 17 60 66 39 67 42 0 0 6 97 87 3 20 6 45 17 96 43 8 3 25 95 8 9 48 49 44 51 33 97 89 98 84 37 85 0 62 36 95 58 68 41 38 44 31 53 18 66 73 28 65 46 0 45 83 27 41 81 85 16 90 66 96 99 52 76 10 40 19 27 88 88 6 43 56 11 47 65 93 30 50 50 56 89 33 48 77 0 21 19 51 51 47 54 56 35 21 27 29 75 42 61 64 63 66 23 46 23 27 76 72 8 81 49 84 47 68 66 45 22 32 16 72 55 88 98 60 13 59 19 93 17 15 72 50 62 26 3 64 97 15 83 3 84 12 68 78 64 33 69 84 0 54 96 68 60 17 14 13 54 98 80 38 11 10 13 
44 81 65 9 25 76 38 62 79 83 93 57 53 44 73 58 62 14 31 87 16 90 49 42 54 88 34 42 97 24 75 88 19 25 58 3 6 32 74 12 59 8 71 94 86 24 42 13 57 25 3 17 88 66 86 6 68 25 0 73 22 21 10 93 57 9 15 47 66 66 78 87 81 7 58 4 9 95 17 38 20 40 15 53 39 67 11 17 10 21 22 76 92 24 99 4 78 61 11 78 30 4 59 21 22 40 66 39 77 81 86 20 41 76 73 33 53 2 21 8 81 38 29 28 40 91 71 88 77 21 18 67 42 72 3 75 0 80 7 94 39 67 58 4 89 59 51 95 72 10 94 31 17 22 50 5 25 2 40 62 91 6 76 88 37 54 83 93 39 42 89 99 30 32 83 83 99 31 51 80 93 55 63 54 29 97 7 55 32 99 68 34 96 47 57 51 7 29 19 39 
75 55 56 84 14 48 35 39 88 43 15 67 71 29 36 37 5 25 62 62 33 88 33 60 75 49 97 37 5 37 47 96 42 22 80 86 9 20 64 40 7 24 9 42 84 89 10 55 39 88 2 45 59 69 61 52 20 63 32 30 71 14 52 70 59 63 69 77 89 43 4 40 21 49 71 19 36 18 91 73 96 74 18 30 31 0 63 41 97 89 99 50 68 57 68 15 44 38 95 97 90 41 74 49 29 70 36 55 20 60 72 75 19 17 0 7 28 7 94 45 75 31 96 52 21 25 45 76 94 88 31 25 69 3 5 92 8 84 68 74 88 20 62 97 22 31 99 9 19 37 64 34 37 46 24 98 73 38 13 49 76 32 43 43 5 76 79 17 42 34 35 4 79 33 48 95 29 7 3 99 63 71 60 64 0 29 48 14 97 45 54 17 66 66 36 1 40 0 59 92 
54 4 1 77 94 95 69 12 1 78 64 15 13 16 22 81 95 56 66 37 85 53 63 18 50 31 79 20 67 16 93 69 8 62 30 60 20 95 47 78 78 27 66 95 8 4 70 48 20 16 40 99 56 34 87 38 50 46 39 91 40 86 41 55 10 17 50 22 74 51 17 7 3 10 25 17 81 67 72 80 19 40 32 7 19 88 52 54 98 75 11 8 71 8 47 11 5 56 57 71 23 46 99 36 60 31 89 23 88 62 48 14 9 4 4 3 73 76 69 62 99 95 65 33 60 34 71 49 80 12 11 19 96 85 61 53 11 7 75 29 8 8 66 74 78 97 15 65 7 53 30 9 32 25 64 36 98 15 22 1 29 95 4 10 13 38 51 33 85 93 61 21 78 54 75 68 25 53 93 74 68 68 43 65 19 97 67 83 33 95 90 55 84 95 97 95 81 36 1 5 
25 97 60 85 25 7 73 91 87 83 26 50 61 0 64 84 17 55 40 82 74 14 48 46 22 12 12 59 1 40 95 18 45 0 17 15 2 3 41 61 75 76 6 45 49 89 65 75 64 20 10 75 49 73 53 4 59 25 7 27 96 0 61 38 65 61 74 69 16 42 76 44 42 66 21 18 49 3 35 98 68 91 1 8 81 35 7 71 50 22 68 88 47 35 79 85 82 88 9 79 36 85 24 29 16 64 27 62 5 71 44 1 76 13 41 99 79 56 0 80 92 39 17 41 93 86 77 37 64 30 28 47 49 83 79 92 96 31 44 42 84 84 77 83 13 9 87 30 14 89 30 15 56 56 8 17 63 59 32 85 90 14 73 8 5 88 51 61 90 65 24 24 11 95 2 34 75 11 61 58 43 81 51 47 19 30 27 83 77 21 2 8 9 48 83 69 41 44 66 15 
79 80 87 44 65 82 40 92 1 99 52 6 85 72 98 1 0 97 57 12 10 64 65 75 12 49 30 7 51 24 99 91 87 4 49 44 87 55 85 18 67 30 48 72 13 99 82 22 60 3 82 12 30 13 75 74 32 12 17 2 91 60 6 41 41 36 27 98 40 86 23 24 27 71 38 18 27 28 73 72 63 42 18 27 30 51 74 40 40 13 14 2 0 14 26 73 14 92 67 87 9 69 49 45 6 70 4 13 78 50 82 35 52 49 45 5 58 90 16 71 85 68 24 94 15 12 49 47 81 64 87 27 74 34 42 99 7 52 68 61 14 86 5 17 72 73 79 29 85 71 71 9 19 78 47 36 60 1 78 42 63 57 97 70 66 0 0 24 67 84 44 70 73 86 22 4 14 40 64 88 76 60 94 23 37 14 83 82 50 66 65 28 16 85 79 4 14 84 66 49 
69 82 50 48 12 93 25 10 39 89 12 38 19 92 53 29 40 65 65 97 89 9 47 55 7 43 40 20 97 61 32 82 3 71 33 10 54 12 58 29 50 1 99 7 57 20 32 35 71 61 55 12 42 5 74 96 77 68 59 83 92 39 42 58 29 54 40 73 69 41 46 10 92 38 37 91 58 66 63 97 47 13 18 97 29 47 11 11 5 78 46 90 26 50 52 95 52 47 85 89 57 78 63 88 80 71 35 21 83 77 30 94 55 6 83 54 61 61 74 11 80 32 40 6 56 23 70 63 16 42 79 50 43 79 66 21 75 84 63 2 48 62 65 59 64 42 44 93 39 70 28 30 97 39 81 38 25 81 84 55 72 80 34 80 39 59 60 83 9 6 63 6 92 23 12 40 10 96 62 56 23 86 19 86 25 14 77 61 70 9 66 47 45 8 90 74 16 66 99 3 
53 44 41 77 80 63 3 45 4 24 30 92 28 86 77 84 7 21 32 18 51 18 36 71 34 55 59 65 35 72 21 29 88 14 67 59 35 39 15 62 98 59 39 84 94 77 44 16 60 32 82 22 51 84 99 10 12 60 81 57 83 82 44 29 33 49 43 68 34 73 74 2 90 80 44 54 86 55 50 57 76 0 63 57 11 75 69 70 27 71 29 54 69 22 70 90 53 20 75 87 81 80 57 62 9 43 3 56 92 17 1 77 18 56 12 11 30 88 16 5 98 20 9 64 24 87 14 22 48 79 94 73 3 40 57 94 34 80 39 19 23 18 91 22 27 73 95 39 61 82 54 60 21 12 90 30 9 62 43 51 61 26 0 18 17 26 12 66 42 8 4 71 16 6 91 65 82 37 77 35 19 77 17 99 66 66 13 38 36 61 39 58 40 2 61 82 98 69 12 34 
60 82 18 80 30 29 93 62 36 14 59 93 41 54 83 1 74 46 76 34 44 95 33 43 10 27 73 96 10 1 64 9 82 71 1 13 50 60 33 25 84 80 3 82 87 56 18 8 96 25 17 75 29 1 69 25 71 31 68 62 79 42 87 53 12 22 1 12 83 34 67 81 59 53 75 2 40 87 33 70 89 22 66 17 13 10 11 46 58 92 74 82 15 81 51 48 96 59 70 83 62 12 95 84 73 67 34 92 44 47 88 0 20 69 61 55 69 50 67 32 20 65 19 97 22 98 43 63 51 54 56 39 75 21 5 0 73 34 7 30 33 97 26 26 59 75 28 19 68 9 65 96 40 14 31 19 97 63 95 54 4 20 75 28 1 45 29 54 15 72 24 90 92 24 73 27 50 27 69 7 0 4 13 70 47 52 3 92 24 50 59 96 84 16 71 69 45 32 51 21 
65 83 76 57 40 13 4 9 50 89 43 92 81 78 36 5 77 66 93 99 46 54 99 83 38 15 25 16 34 91 4 63 92 10 87 47 79 75 75 58 19 38 82 10 84 8 40 43 1 24 90 29 27 36 63 97 8 31 15 95 53 25 66 30 11 46 81 47 37 50 27 15 56 96 10 40 41 56 46 42 35 71 55 2 61 14 15 39 50 58 83 31 77 98 2 24 72 54 46 19 67 38 78 8 38 62 23 60 3 56 27 79 72 30 38 78 25 38 35 97 93 36 39 24 7 7 93 99 35 82 38 85 13 4 33 85 80 81 77 52 83 64 1 86 40 69 29 21 62 20 84 78 9 79 25 5 67 3 30 95 1 54 45 78 6 3 12 45 39 75 32 69 84 62 6 83 42 1 83 26 30 95 4 76 37 17 16 48 68 2 24 10 78 71 51 98 7 23 16 78 
79 11 76 99 31 68 25 6 23 49 15 31 17 99 57 5 98 89 47 23 82 17 69 91 13 12 8 49 27 9 95 22 35 69 34 34 7 21 57 46 71 85 79 6 0 56 81 98 15 48 28 75 75 87 72 5 30 37 1 71 75 72 83 38 55 70 24 33 53 58 20 48 9 54 90 28 47 59 70 75 53 21 26 84 60 44 88 5 91 83 12 71 46 12 26 38 57 85 67 97 69 10 13 8 37 15 32 5 81 23 62 75 51 16 13 66 20 17 27 99 66 29 90 98 25 30 58 89 66 26 84 95 6 37 80 78 64 4 85 20 87 28 47 60 58 85 57 4 85 96 8 46 67 68 16 0 92 85 90 45 85 50 57 92 81 60 85 62 70 37 97 91 0 46 28 72 58 25 58 92 79 68 35 64 11 38 36 29 14 29 17 76 51 28 4 67 61 93 8 47 
10 7 80 36 21 14 56 48 14 79 84 84 19 42 28 47 89 53 96 9 15 47 85 43 83 72 76 63 7 47 73 10 13 85 46 48 1 96 37 36 27 32 31 45 45 96 55 84 70 8 39 95 12 50 85 90 99 43 52 91 70 27 60 51 50 20 71 87 85 14 86 44 40 15 67 7 84 97 1 83 58 40 77 52 45 74 93 16 63 76 82 4 59 35 57 82 62 6 0 80 77 22 3 64 34 72 21 69 56 77 64 0 36 68 49 44 46 55 1 75 12 55 9 54 5 62 9 7 37 49 39 97 68 35 72 71 68 23 19 5 43 61 61 83 57 16 33 71 65 86 49 1 58 73 81 29 33 0 70 81 30 33 29 72 7 94 57 66 7 1 27 21 42 68 88 95 48 61 68 73 85 26 25 55 84 32 74 25 55 34 45 14 42 52 79 46 1 69 70 33 
87 49 35 30 48 83 94 89 82 17 26 89 40 24 1 13 47 51 64 1 42 7 23 0 76 80 91 59 83 62 8 76 87 23 37 44 43 44 5 5 67 15 47 65 23 26 98 7 82 91 27 59 23 95 6 88 48 69 39 59 72 97 49 87 59 56 23 47 99 61 35 67 18 28 31 11 49 42 18 20 94 90 71 65 49 67 16 77 80 13 90 93 49 29 86 73 32 27 87 26 49 29 75 19 95 42 19 48 62 72 78 58 99 31 36 60 97 18 84 93 98 54 47 15 50 74 64 67 74 24 48 6 81 13 68 92 63 52 41 27 60 47 47 75 48 78 26 83 66 40 61 6 70 80 12 43 34 44 5 53 57 83 29 11 38 32 40 72 62 34 34 6 29 91 39 16 37 4 14 48 81 54 81 45 73 17 52 38 53 12 51 67 63 49 84 41 25 38 98 61 
35 41 62 43 85 60 88 77 36 60 2 1 58 7 91 58 91 11 31 28 48 45 24 65 51 14 0 92 1 76 62 16 71 36 94 36 29 98 41 73 86 11 28 95 32 75 55 77 79 81 81 8 51 71 98 22 47 44 61 36 83 85 40 48 98 63 24 83 56 86 25 10 6 95 90 82 0 62 53 58 37 24 34 16 17 14 92 4 23 89 19 8 47 1 84 55 15 11 50 52 51 60 22 74 85 66 58 54 17 33 13 72 3 50 50 18 95 59 41 89 25 72 58 21 88 20 30 19 66 75 99 17 22 50 91 42 90 23 30 38 92 83 11 12 54 82 25 91 21 21 67 82 34 97 91 19 98 67 98 9 0 99 34 52 36 86 76 10 91 39 4 64 92 1 75 26 13 17 87 11 22 73 69 39 80 13 0 50 22 61 20 49 9 8 81 71 82 55 1 25 
0 37 79 98 78 1 13 46 38 1 29 57 50 18 31 99 27 11 98 65 32 15 48 47 20 33 67 52 39 10 42 57 38 81 83 77 29 30 82 92 29 21 73 47 82 52 85 60 51 64 33 54 55 71 78 67 6 50 80 48 48 94 23 60 1 80 44 9 54 25 56 67 31 77 80 99 18 3 79 0 63 50 14 7 8 67 95 24 78 51 12 14 69 79 48 75 20 57 89 34 49 24 56 65 24 50 71 70 81 92 10 24 19 67 51 17 34 35 25 51 57 37 87 8 21 33 5 30 72 76 48 31 33 86 55 64 31 63 68 20 84 66 56 16 48 87 54 16 66 33 82 40 2 19 57 88 80 89 66 73 40 17 77 17 55 3 3 97 49 48 61 9 35 2 46 19 86 24 66 72 28 51 92 63 46 22 10 87 80 34 16 3 45 69 66 44 46 28 6 80 
81 86 33 36 60 70 56 27 44 8 58 20 67 5 1 84 97 13 66 37 46 88 89 10 87 31 40 68 35 72 47 84 40 68 71 71 14 40 15 18 71 78 4 69 88 69 68 14 38 40 77 10 25 32 3 64 1 15 19 13 37 79 25 34 77 30 61 52 39 72 61 29 26 19 43 60 50 53 64 90 22 59 60 77 90 73 56 62 31 46 28 6 93 17 58 43 85 52 18 52 36 52 20 76 42 94 11 74 10 56 51 32 48 43 97 16 36 83 66 48 67 59 85 81 3 51 9 73 32 27 90 50 64 34 98 2 22 75 80 94 43 39 32 80 17 3 69 5 85 27 95 21 98 99 7 36 18 8 94 72 89 90 61 28 72 30 17 65 15 83 81 39 82 61 95 62 8 67 93 61 45 28 89 3 27 92 83 76 55 41 73 82 5 58 43 68 63 46 80 43 
73 12 53 96 18 70 12 90 6 72 48 36 21 10 11 32 91 72 27 77 81 33 26 89 35 90 16 60 38 84 7 5 59 41 93 94 68 14 35 31 3 33 77 17 1 22 5 33 9 23 89 14 25 60 13 39 8 22 24 26 48 39 2 67 74 87 66 25 36 2 32 38 98 10 94 34 4 7 30 18 67 99 52 0 2 94 78 58 27 38 79 59 38 40 12 37 93 16 72 25 53 69 55 51 64 8 74 77 35 37 96 86 61 42 28 56 57 36 45 99 37 67 22 22 44 2 75 71 65 3 39 58 72 12 37 30 16 78 60 79 25 44 94 91 28 31 96 96 53 13 54 61 21 44 63 49 25 41 70 48 49 36 32 63 4 90 92 18 7 12 26 76 27 61 96 67 80 27 70 12 48 82 98 2 4 57 7 10 29 65 30 65 42 48 9 49 50 55 85 49 
0 86 79 72 89 39 27 75 0 69 93 98 55 25 79 96 18 31 31 10 34 47 33 42 48 82 32 60 37 91 97 9 64 81 91 6 78 67 89 91 13 37 41 49 44 24 55 40 2 41 69 93 66 50 44 83 46 94 27 44 46 7 54 67 42 96 34 23 86 55 3 47 86 27 90 96 11 19 92 14 5 71 63 35 49 3 39 44 88 17 84 49 52 74 70 51 51 36 80 40 66 77 5 26 24 12 49 8 7 44 12 54 46 86 80 87 96 24 47 36 35 62 29 98 85 92 3 36 15 51 30 34 90 5 48 66 43 43 88 93 9 97 13 79 86 57 55 34 74 31 42 56 23 53 16 13 66 21 31 56 1 76 18 32 57 65 62 57 94 13 48 22 85 70 49 67 28 4 58 97 80 4 17 88 24 91 36 88 9 18 77 61 46 48 45 53 24 19 1 8 
41 64 33 9 22 13 51 8 13 92 88 34 62 13 13 68 52 86 73 84 14 99 49 20 29 89 80 56 35 19 27 83 86 14 80 68 4 44 67 19 61 96 45 73 63 60 85 20 34 33 83 36 76 42 2 25 39 62 85 74 61 79 90 65 70 59 59 16 68 38 61 32 59 68 25 12 80 73 4 19 96 65 82 14 12 89 74 20 35 11 26 3 94 77 17 24 80 41 36 9 46 32 45 34 72 40 60 85 4 42 60 95 42 28 90 88 62 39 20 68 86 21 97 15 55 17 87 82 69 78 45 35 21 25 15 99 7 57 46 30 48 53 20 30 85 49 87 67 93 25 76 51 68 27 64 46 52 97 62 80 40 70 88 58 6 77 47 21 41 6 43 85 15 85 72 93 77 65 25 99 25 1 27 7 28 37 17 71 16 11 17 82 27 55 28 37 0 76 1 77 
29 52 79 62 2 47 16 40 41 54 84 96 7 90 7 25 26 39 54 71 72 82 80 35 46 91 60 9 64 7 53 35 96 5 15 7 25 42 68 10 46 78 77 78 7 1 65 12 23 2 30 26 99 27 23 9 82 41 18 74 78 13 27 47 78 23 73 71 27 66 28 69 32 9 82 32 88 48 33 2 59 2 5 88 70 88 38 90 63 82 61 76 49 2 96 84 82 38 46 37 41 79 8 95 78 25 12 83 67 98 28 5 46 29 35 77 44 44 29 55 56 69 49 87 73 7 82 7 56 28 91 98 58 2 8 57 72 24 44 59 88 83 8 27 34 49 8 84 43 56 84 64 70 66 78 54 39 91 23 60 25 51 94 78 59 82 40 43 11 78 52 24 14 32 91 54 18 77 48 71 8 26 76 97 88 21 4 26 59 10 5 7 85 75 45 72 15 32 96 60 
99 33 14 78 37 96 67 62 32 2 75 0 73 41 87 89 99 55 87 56 32 85 98 68 7 78 95 14 55 86 57 2 43 55 1 24 70 27 82 45 16 58 73 40 62 21 54 94 67 67 15 65 55 27 84 47 68 86 31 70 67 14 13 15 96 48 52 4 21 2 94 86 20 27 94 59 58 15 94 18 95 38 45 44 8 12 1 67 88 67 71 13 58 44 6 0 81 62 41 60 81 92 45 16 97 1 59 64 98 94 73 22 63 90 63 56 34 77 28 73 58 35 98 19 64 94 26 77 31 63 71 5 39 65 58 24 78 46 46 32 45 98 73 86 25 25 90 32 61 85 65 29 78 48 60 96 10 86 15 53 85 22 78 54 70 17 73 18 0 80 73 76 88 92 25 73 2 91 79 5 14 96 24 19 57 77 73 28 12 32 59 86 56 60 98 29 75 37 78 58 
42 95 86 10 35 67 40 41 65 42 48 79 5 98 69 47 75 71 17 98 42 2 96 90 64 72 31 16 45 44 77 55 86 25 67 22 89 11 48 24 19 84 47 98 69 40 44 68 87 88 72 59 94 34 81 62 72 66 9 76 29 51 54 46 24 56 58 66 7 41 60 51 15 65 59 1 35 65 77 59 22 67 14 3 59 23 14 90 13 30 0 37 99 97 81 47 25 48 73 1 40 99 36 34 39 7 31 38 86 78 12 84 83 89 55 22 47 30 79 46 30 97 69 99 18 54 6 34 93 3 87 22 61 60 52 36 55 84 45 59 63 14 5 91 47 84 40 80 58 38 44 86 72 6 10 94 75 50 97 31 43 7 43 94 65 53 64 11 32 75 80 49 2 65 0 16 66 23 39 76 21 95 57 57 30 13 52 61 77 14 3 18 64 19 83 85 9 12 80 29 
82 9 48 32 22 87 18 82 31 54 29 48 84 77 50 56 69 51 92 9 61 29 86 26 83 80 46 98 36 88 88 15 88 89 93 99 71 1 97 31 6 10 51 34 54 89 35 35 93 63 88 15 54 79 28 40 69 41 4 43 83 69 60 81 43 99 91 48 54 18 27 57 33 94 75 43 64 62 76 30 81 37 34 92 69 41 23 0 66 30 29 30 78 68 84 91 78 31 18 77 31 10 10 77 89 58 39 86 66 57 18 1 17 42 20 59 50 50 85 98 57 87 94 4 68 24 61 60 34 62 14 55 90 14 32 22 65 99 14 49 7 92 87 23 98 53 72 35 24 42 36 10 34 33 97 85 62 6 9 62 59 71 87 86 5 61 27 18 86 24 99 46 55 21 92 61 56 62 45 43 47 10 90 67 94 95 43 57 91 44 98 51 4 91 42 14 43 7 13 3 
23 53 32 34 7 88 94 63 66 70 27 44 33 41 2 23 77 50 64 79 12 32 6 4 33 92 49 14 62 72 21 38 50 14 44 5 11 63 63 69 9 88 37 34 15 55 79 12 62 48 29 9 36 90 3 53 15 60 13 4 42 73 35 39 51 52 3 87 42 48 57 67 77 8 65 13 56 97 11 91 38 91 0 9 68 96 99 45 26 59 3 66 56 18 83 70 84 86 5 76 33 39 83 32 29 98 94 16 70 5 5 39 29 19 43 80 68 96 60 18 49 63 53 89 32 9 44 87 78 49 14 7 39 26 24 62 5 7 76 48 33 50 45 86 5 18 52 58 87 93 29 26 9 58 97 28 25 48 49 61 39 48 94 49 41 27 22 71 82 90 60 54 10 25 35 14 9 90 93 46 34 20 2 46 70 76 33 13 12 94 7 21 15 71 5 46 10 89 24 28 
12 20 60 44 25 24 27 60 55 43 24 54 8 72 86 74 3 55 63 38 92 67 43 12 90 18 7 38 39 53 34 57 54 75 93 66 21 30 22 48 0 99 7 28 66 1 11 57 88 21 14 73 58 88 1 99 59 2 29 41 80 90 68 97 41 18 71 6 70 59 2 18 43 92 1 81 87 28 48 97 46 1 50 84 26 64 5 69 54 42 93 2 44 28 58 78 81 18 75 18 2 20 0 34 21 65 94 33 44 95 21 84 5 76 99 79 35 4 28 29 52 6 24 43 28 27 52 82 85 57 79 60 98 16 97 43 45 75 46 36 64 76 71 23 96 65 89 68 81 74 24 34 1 39 79 18 91 76 46 74 77 30 97 26 69 11 55 50 68 57 45 49 0 7 16 10 64 0 80 97 54 4 66 65 24 32 81 20 14 22 20 78 18 41 35 81 81 34 19 7 
17 55 47 34 96 15 61 93 24 93 96 80 63 18 39 54 18 85 81 12 68 10 71 33 12 7 39 24 90 4 54 58 25 93 4 85 51 60 26 71 65 33 97 71 79 66 14 85 86 79 1 92 82 42 37 1 2 91 11 61 45 37 67 31 68 8 36 39 90 58 80 34 19 55 3 23 59 98 6 61 41 37 59 62 75 20 15 28 5 97 93 30 50 46 49 37 25 11 27 95 60 58 5 52 21 4 6 95 22 54 85 75 34 27 41 27 92 72 14 47 12 45 24 8 32 34 46 13 53 94 98 31 34 35 67 54 51 2 27 85 6 36 98 72 90 66 30 95 33 84 89 78 88 96 40 75 80 37 45 47 83 62 27 53 7 57 48 52 94 52 16 19 11 10 77 14 45 77 74 10 89 78 79 28 40 25 45 47 1 16 18 11 16 94 32 42 68 93 14 13 
10 67 63 34 26 67 69 17 38 96 21 88 9 30 74 91 81 17 7 75 64 94 89 1 31 50 27 14 93 66 76 23 66 37 50 2 63 64 4 55 81 7 19 44 0 14 45 77 99 35 26 85 93 23 94 61 13 67 58 21 17 64 61 88 3 32 63 95 57 48 61 14 68 35 12 67 23 32 43 19 85 55 70 67 3 15 53 58 86 60 3 19 64 35 51 65 69 67 48 25 69 95 33 40 88 19 48 81 2 47 6 5 12 97 3 82 66 79 66 13 17 89 8 31 20 60 69 70 51 67 23 3 19 45 62 95 84 40 36 78 12 52 17 71 51 58 57 98 47 18 53 98 46 27 16 23 54 42 91 30 13 2 67 82 45 31 41 28 62 92 50 90 21 30 76 77 55 81 97 46 30 61 78 73 55 57 35 89 65 82 9 35 24 88 60 46 50 48 10 6 
6 49 35 80 58 97 99 66 47 54 49 68 62 34 26 81 61 71 72 65 75 7 63 87 64 83 13 19 20 52 61 23 77 27 64 53 71 29 50 71 56 42 74 2 44 91 91 92 31 46 69 89 28 73 9 43 48 61 4 29 4 60 31 17 39 52 75 50 99 63 9 76 89 24 37 93 99 48 54 88 99 28 65 36 93 0 83 51 69 37 44 67 73 51 6 17 99 2 42 76 43 30 73 53 92 53 24 57 80 11 80 74 5 84 64 49 30 33 42 71 58 72 74 2 19 33 60 7 2 93 35 14 54 58 20 58 82 63 33 9 27 22 43 10 70 51 39 9 22 47 52 90 24 4 68 70 32 75 43 19 3 19 92 11 81 68 75 2 53 0 83 71 67 13 5 39 18 83 88 32 78 43 98 78 47 19 99 75 18 40 89 8 31 90 80 50 60 43 83 82 
73 19 65 97 25 10 9 27 12 43 16 6 61 51 17 57 78 45 39 25 77 52 17 84 53 25 66 56 14 28 34 14 17 21 1 16 12 3 78 56 25 71 23 18 28 65 55 4 81 21 60 32 34 32 91 5 46 53 20 53 31 61 70 70 34 53 78 92 97 75 54 99 4 20 42 66 58 37 78 51 93 67 67 43 4 27 58 20 94 85 5 1 53 76 45 38 12 39 16 21 39 39 92 80 70 57 71 8 20 81 69 77 54 11 26 11 93 81 52 61 52 5 21 31 41 4 33 61 14 79 99 74 23 2 64 7 14 22 8 45 77 75 87 56 83 62 75 88 94 62 84 83 53 14 96 45 22 66 21 69 76 90 79 25 24 96 90 11 41 36 47 81 79 22 14 74 69 7 76 66 29 39 82 60 68 86 94 13 73 49 44 44 79 27 40 48 7 21 6 10 
90 66 22 51 67 55 9 8 80 74 67 4 42 3 90 82 42 43 43 8 1 33 24 55 7 63 62 88 60 66 64 38 47 52 56 1 75 1 16 54 51 7 11 68 33 11 69 98 30 85 72 74 32 91 92 90 51 77 62 93 30 50 32 52 65 87 76 73 59 48 27 91 94 27 72 88 61 78 57 8 57 23 3 59 50 94 32 24 12 29 50 82 54 22 27 95 78 34 44 16 67 48 82 57 66 98 77 37 74 16 83 28 58 77 65 10 33 38 44 87 30 23 75 77 27 88 11 29 22 73 83 82 69 78 73 38 27 30 24 19 45 65 83 65 74 15 47 48 46 15 76 25 51 76 46 68 66 55 69 4 76 24 49 59 60 45 4 11 76 45 40 77 6 58 82 12 89 50 71 29 47 82 57 75 98 47 41 16 46 52 62 54 25 92 98 70 94 18 31 68 
22 42 85 93 76 26 50 13 58 37 27 13 16 86 33 21 1 8 2 53 36 41 36 1 65 52 18 76 12 24 90 93 16 34 83 45 68 25 73 68 10 12 69 60 93 35 33 74 93 44 71 78 23 41 53 86 59 97 65 41 81 55 2 49 79 39 94 54 49 8 53 93 84 20 51 38 73 70 65 92 53 82 22 29 57 36 87 4 83 94 55 33 93 63 65 26 75 95 39 76 80 86 76 28 25 20 92 46 40 90 26 57 98 94 26 12 7 2 0 37 55 23 9 20 30 61 33 98 43 46 40 67 76 3 9 28 17 12 39 57 7 56 86 34 51 32 90 4 71 80 67 51 92 76 9 10 29 60 4 22 59 15 86 90 46 96 0 38 19 12 82 47 74 90 39 79 13 93 84 85 33 38 76 35 61 90 40 46 21 60 92 14 44 38 98 42 54 59 80 90 
31 45 32 92 32 10 23 96 55 17 11 71 36 2 67 61 63 12 15 5 92 30 63 73 58 27 26 60 55 23 31 68 62 14 5 39 30 27 60 44 58 54 7 13 81 62 95 25 45 34 16 39 86 25 95 85 32 7 24 78 61 5 16 40 92 68 81 42 39 50 89 72 42 38 4 69 28 5 98 38 89 61 57 0 72 69 19 88 75 81 74 4 78 55 11 29 76 66 40 19 92 46 62 76 66 8 38 97 56 76 96 1 55 8 80 44 74 42 43 75 35 29 26 84 63 84 12 48 43 12 26 27 8 11 78 76 3 84 6 58 37 49 55 35 8 67 67 26 75 57 94 26 67 44 95 96 35 97 27 57 28 22 84 94 32 38 27 12 24 99 38 52 4 95 28 9 24 79 25 11 16 53 82 4 67 96 60 57 36 92 85 40 44 25 56 15 32 45 72 8 
14 28 67 46 41 75 79 86 14 58 98 63 92 95 98 63 72 68 35 87 98 99 88 33 75 24 83 92 67 15 29 75 96 92 53 46 27 51 92 77 67 35 26 50 60 46 82 73 26 17 67 10 10 42 29 23 44 39 74 59 22 21 31 10 3 89 25 26 63 74 32 13 78 47 16 44 96 94 23 59 80 17 64 18 20 35 13 88 83 63 67 57 0 1 56 1 70 65 9 95 9 28 77 15 84 12 42 84 3 91 59 65 59 51 70 6 99 61 94 22 1 3 36 62 70 22 1 16 78 8 67 37 80 54 89 19 61 25 40 16 41 18 75 23 94 12 93 40 40 25 10 6 42 43 83 50 83 8 10 15 79 48 54 0 16 91 14 85 92 27 16 18 28 14 43 48 94 6 9 22 98 28 79 75 62 48 14 72 88 16 44 5 0 35 93 71 14 71 46 57 
33 4 3 75 69 15 48 14 39 84 90 25 46 3 35 51 87 89 96 14 52 29 45 19 42 88 10 75 98 23 92 66 53 18 5 74 98 86 20 75 16 75 9 56 19 74 29 40 88 22 28 62 36 23 38 73 12 12 60 4 11 2 43 30 88 45 22 5 3 50 13 8 85 85 36 93 74 91 92 39 39 76 48 9 92 39 64 3 59 82 27 22 22 24 41 19 53 4 87 26 64 95 89 77 83 65 8 18 59 40 74 60 56 58 19 83 27 44 14 1 39 58 67 61 26 69 9 58 33 59 98 3 84 2 98 65 54 47 30 16 13 60 6 3 32 24 5 79 6 66 23 7 15 9 96 25 40 10 51 54 23 86 21 98 55 14 67 74 13 4 0 39 64 24 32 56 31 70 6 35 52 30 81 52 91 45 34 17 3 14 55 41 24 74 82 15 98 3 75 94 
53 55 20 47 34 63 48 58 56 41 14 85 46 87 91 17 44 29 97 14 16 14 21 1 80 86 15 28 53 66 84 66 70 32 89 32 64 5 98 70 56 56 93 38 24 49 5 6 94 62 65 96 67 97 5 3 38 66 43 75 87 66 37 54 3 44 38 57 25 2 42 37 46 84 72 70 81 93 23 39 32 26 22 43 35 51 71 3 55 70 61 6 57 23 26 37 64 10 33 23 71 75 21 92 91 99 73 60 1 53 29 59 59 12 12 7 25 88 3 45 62 63 95 31 74 21 59 53 42 62 1 34 54 67 93 54 23 27 89 94 61 96 55 96 46 60 84 43 64 53 2 57 64 92 36 71 47 73 92 56 29 44 6 62 47 50 31 30 17 32 13 22 29 11 81 28 10 51 80 8 37 49 78 54 40 78 40 77 68 50 65 19 60 77 40 15 14 25 24 43 
90 92 31 1 92 20 7 24 39 12 78 30 19 72 65 5 7 88 31 79 88 89 98 6 44 28 63 8 6 23 42 6 29 65 69 23 67 38 9 40 92 15 52 73 11 51 73 66 60 70 97 99 87 84 96 29 96 74 35 54 72 33 39 51 98 87 77 52 25 9 83 47 42 45 80 73 69 73 96 77 0 44 90 70 62 94 77 55 5 38 12 41 11 73 85 30 3 68 13 83 27 6 42 75 64 61 32 29 40 54 12 34 99 15 98 24 41 36 10 6 71 52 86 89 16 25 30 78 54 34 92 22 29 92 40 2 75 71 18 18 28 39 47 16 8 62 6 33 35 60 80 88 29 64 46 58 38 28 9 57 35 20 65 39 70 63 23 97 34 92 41 17 31 99 8 60 80 78 28 36 85 5 49 62 23 63 10 7 18 55 1 41 75 75 86 7 54 76 45 12 
6 54 5 3 98 34 19 86 14 29 17 43 87 7 71 72 42 16 67 70 88 69 8 95 38 22 34 74 39 14 48 87 62 64 46 27 76 9 19 66 11 65 22 32 60 34 5 53 10 71 70 45 67 94 77 2 99 65 57 51 38 89 86 81 19 39 0 8 63 10 30 96 82 46 53 20 16 11 34 59 94 53 69 73 4 55 68 68 38 53 71 24 94 42 97 75 61 13 67 69 83 60 23 88 48 74 28 27 88 26 84 92 35 97 82 26 66 62 61 80 13 44 52 79 1 40 68 65 15 25 15 67 21 0 50 9 65 99 89 72 36 93 2 81 49 51 91 79 14 98 16 49 49 12 48 73 47 15 67 7 86 28 8 66 13 40 47 44 32 49 82 17 43 90 80 70 23 40 78 50 35 64 77 72 85 37 68 2 9 56 10 37 81 88 78 98 90 51 31 1 
25 26 50 88 14 24 26 90 85 67 58 53 34 62 69 97 31 82 22 93 90 17 33 47 49 47 22 63 72 61 0 72 90 48 69 18 80 28 64 95 8 48 75 41 78 51 98 27 71 83 83 80 16 13 84 16 81 61 34 32 5 63 39 36 12 10 79 7 30 29 70 55 36 11 41 38 24 23 21 84 30 92 96 33 36 85 27 9 42 92 75 14 86 12 77 59 26 85 88 95 7 83 64 27 16 25 68 3 20 95 79 78 40 38 63 25 25 71 42 42 35 86 42 21 14 20 60 91 62 56 0 53 48 10 18 59 45 41 0 98 33 46 90 2 40 60 58 64 44 70 25 55 41 67 25 65 99 0 86 5 64 19 23 94 81 55 52 11 18 20 9 21 28 16 60 72 11 10 51 30 52 6 89 4 12 65 82 30 17 55 97 93 85 14 57 99 85 93 71 2 
12 1 39 77 88 74 39 24 40 17 80 2 59 72 92 0 7 26 72 3 65 17 55 98 49 94 74 81 73 24 89 38 71 0 94 2 58 83 29 77 88 88 80 70 1 47 79 72 95 74 15 10 67 83 34 54 19 22 42 31 72 81 44 5 82 81 82 40 69 3 48 9 58 43 18 20 7 43 39 72 15 7 34 41 30 72 28 43 67 6 61 4 7 87 14 16 9 49 8 66 46 19 94 42 59 46 28 41 93 33 14 36 52 75 51 61 95 36 8 2 43 99 64 27 89 30 69 67 21 91 6 29 5 78 82 61 7 38 9 64 66 52 62 88 26 33 17 33 17 20 30 91 97 64 49 61 55 59 19 5 26 67 13 82 17 24 76 98 25 6 93 87 27 28 86 36 68 50 84 31 85 99 34 50 89 14 82 6 1 81 30 4 7 22 98 10 43 61 88 72 
46 83 76 8 31 18 5 75 82 73 72 57 3 5 40 78 24 31 57 98 10 36 13 50 57 39 60 72 38 54 14 93 41 12 54 33 91 73 25 90 77 94 61 88 38 2 16 25 9 17 72 77 91 89 96 52 40 50 66 95 79 30 98 51 23 45 55 68 10 73 65 81 41 17 35 36 10 15 82 25 93 15 86 82 43 67 86 74 27 64 46 42 65 46 32 27 43 82 40 89 85 26 25 72 65 55 75 17 36 63 38 3 68 14 26 26 55 58 45 95 98 68 67 78 57 48 92 21 30 68 3 46 0 37 21 70 82 67 59 47 84 27 68 35 61 13 18 25 10 46 80 21 6 94 89 43 2 18 3 17 83 26 33 86 30 1 85 37 31 93 68 49 81 81 37 48 13 56 21 63 77 44 47 2 11 50 7 73 41 28 35 54 47 88 23 96 76 11 33 55 
29 14 15 12 80 63 59 59 35 68 23 60 51 91 19 15 16 61 83 80 38 77 13 25 34 67 27 97 61 22 61 57 96 57 6 0 88 5 63 5 12 47 80 76 85 88 50 56 62 90 44 75 12 29 74 42 35 86 71 17 66 14 49 99 27 94 19 9 74 33 30 4 40 40 48 34 23 97 45 69 64 50 14 8 76 40 4 69 47 45 5 52 30 99 58 52 91 42 96 39 94 69 18 33 82 4 15 3 64 76 88 57 79 96 86 97 97 31 41 26 41 25 51 97 14 14 30 82 67 96 11 61 27 61 41 19 14 41 97 79 65 13 16 74 71 28 14 30 36 12 0 49 26 49 28 57 5 26 94 31 3 28 35 49 78 87 22 12 85 98 83 2 9 50 11 58 11 58 55 1 76 62 48 29 57 21 19 37 81 95 23 68 25 91 8 77 78 21 69 10 
83 31 87 75 1 33 7 38 43 11 29 69 58 14 3 11 91 54 42 11 7 78 8 45 99 12 33 94 44 94 73 2 39 13 26 12 4 98 50 26 52 54 25 65 46 2 28 59 64 6 80 55 77 58 20 70 29 99 80 15 19 3 8 28 22 23 85 55 71 75 74 21 34 67 93 26 95 49 71 89 79 48 13 87 71 83 85 2 64 72 84 26 72 39 61 16 44 53 6 89 46 58 90 77 20 43 19 20 86 12 28 73 21 61 21 21 96 90 38 86 56 60 13 49 94 50 68 77 56 76 7 66 64 35 61 0 51 81 53 23 86 38 43 98 77 7 84 14 49 50 30 22 32 38 68 46 98 52 17 80 14 71 31 73 49 20 97 15 43 65 45 78 24 3 12 77 8 53 15 55 50 91 67 62 28 27 79 7 60 86 76 78 55 66 21 4 87 59 57 34 
83 52 10 99 83 15 75 38 53 52 88 1 42 5 32 78 22 57 43 0 39 19 29 9 83 2 23 53 47 23 53 88 67 81 59 68 40 39 60 97 53 62 48 87 29 45 57 62 60 39 60 27 92 84 9 65 13 58 12 53 96 13 73 31 0 64 42 6 27 2 8 90 96 57 3 43 4 26 26 57 66 26 23 58 94 39 30 60 66 98 96 36 52 55 25 65 58 97 70 1 99 97 5 72 69 53 94 75 15 89 35 64 73 84 94 3 82 71 25 92 37 26 15 41 63 8 97 51 92 17 19 48 36 38 60 53 40 12 27 85 37 73 0 99 52 56 67 4 47 93 7 46 95 95 73 10 30 89 29 97 95 7 33 9 43 39 94 27 82 8 40 50 67 74 82 34 80 98 68 41 6 51 2 62 51 32 78 53 13 44 74 3 98 96 20 14 48 8 41 75 
7 93 71 17 92 20 91 93 45 11 55 68 98 16 92 64 54 14 30 83 63 48 66 52 42 55 88 68 70 11 23 0 38 93 58 0 61 0 88 19 74 6 50 36 89 52 36 96 96 56 69 84 53 1 90 82 7 68 46 7 86 14 7 24 0 18 68 85 74 29 86 9 32 71 11 68 64 87 73 89 8 22 27 44 14 36 83 47 80 63 28 75 28 40 8 85 65 87 69 93 58 19 71 47 62 42 61 93 37 46 33 29 95 20 41 51 3 44 59 28 89 49 75 15 87 78 28 80 40 65 28 48 65 43 89 69 13 64 84 71 12 77 19 18 72 39 73 32 99 77 16 17 71 41 24 77 43 7 46 21 9 59 11 14 37 0 58 67 73 96 36 38 80 26 55 13 24 74 24 48 39 84 69 33 2 39 9 43 37 71 62 76 61 89 49 19 71 54 20 81 
73 39 33 61 58 99 45 93 46 1 59 35 83 76 13 46 65 16 0 2 97 7 52 33 64 87 6 98 90 94 94 74 81 40 27 14 90 31 45 20 39 9 40 61 50 21 94 10 17 91 95 9 42 45 80 95 53 30 78 56 8 39 83 95 78 23 2 3 71 19 23 44 47 61 29 30 80 88 7 34 90 28 64 62 17 16 22 60 41 5 94 65 29 69 73 48 48 60 38 77 25 53 63 2 49 69 21 17 75 35 28 82 23 36 33 87 89 5 6 70 83 13 12 69 46 92 99 21 82 64 19 47 65 88 1 50 38 54 8 35 56 53 49 33 28 70 4 54 51 98 72 25 4 29 93 16 47 77 77 21 81 62 90 3 63 69 53 96 77 83 49 32 38 91 10 25 58 26 72 29 51 70 45 79 72 9 29 21 39 55 39 78 84 90 29 95 10 38 51 4 
71 0 70 60 91 27 3 44 41 17 97 88 28 97 31 39 62 53 77 70 54 19 33 6 40 33 49 17 59 66 76 21 63 61 94 39 11 0 0 99 44 29 75 73 46 12 19 92 90 42 27 53 86 56 56 6 37 50 27 95 54 17 90 84 42 67 77 60 51 14 21 50 44 29 98 63 26 10 82 55 46 63 33 63 12 14 54 66 70 46 37 94 26 20 7 81 67 97 7 17 19 62 70 81 88 26 58 73 80 15 70 56 91 52 85 27 7 69 20 25 76 71 89 81 31 94 53 52 3 76 4 40 50 71 68 87 33 46 47 56 75 80 21 83 32 22 1 79 65 62 34 13 62 87 90 26 50 55 6 61 94 70 21 98 0 58 81 62 10 20 21 0 40 52 18 3 79 95 0 85 6 24 53 76 48 33 11 35 91 16 25 87 19 62 76 58 19 69 27 40 
57 28 69 96 23 71 96 78 16 78 34 86 39 15 87 79 60 94 26 53 45 48 17 31 3 73 86 62 45 82 72 18 83 27 45 74 31 42 37 50 4 48 18 22 0 28 58 78 60 33 70 92 1 83 8 81 73 9 35 52 74 33 66 8 10 52 2 64 96 28 72 16 42 31 70 5 80 10 40 45 56 90 15 36 34 53 1 45 34 17 4 41 59 52 3 9 30 15 29 67 7 89 81 28 72 30 37 83 60 41 55 71 93 17 61 68 77 79 20 83 29 89 7 45 79 33 65 43 42 41 40 87 76 77 96 21 7 62 99 71 79 62 74 5 27 79 44 14 57 12 1 7 11 30 58 84 68 63 47 12 55 33 21 32 6 45 25 53 69 18 36 58 70 8 49 11 49 15 96 96 55 69 96 16 72 87 36 46 15 59 93 77 17 39 87 46 58 0 64 98 
54 2 25 68 16 7 83 41 31 82 49 79 43 53 9 67 43 88 16 54 74 96 62 18 14 16 53 8 83 83 57 89 66 98 44 61 98 19 26 35 47 7 68 27 84 68 56 96 32 5 12 74 49 82 32 98 45 3 33 35 22 25 60 74 80 67 70 33 84 97 13 17 46 70 15 7 31 78 70 63 52 87 63 0 4 50 58 3 12 48 74 47 75 22 49 20 48 80 75 83 65 88 24 98 19 55 87 25 63 44 33 47 59 30 45 36 93 58 48 71 60 44 88 68 97 62 13 53 27 21 4 16 26 1 60 11 64 31 13 23 81 49 10 82 81 4 98 52 63 68 91 27 72 61 83 22 68 98 58 79 85 19 27 37 6 39 31 40 85 5 51 10 76 45 14 50 20 63 94 23 80 96 25 15 41 18 39 72 62 41 38 27 93 81 50 87 70 34 34 89 
95 69 27 34 33 73 7 92 19 34 73 92 72 53 3 67 66 40 96 51 36 99 23 13 32 23 11 13 73 14 81 82 46 88 67 78 92 72 99 32 96 58 3 40 25 47 61 30 52 69 94 28 45 73 99 37 89 10 80 98 28 68 33 30 65 41 29 32 48 6 52 81 75 85 20 51 76 14 52 46 14 20 9 40 98 94 0 54 25 49 24 25 3 43 64 62 53 16 0 50 57 72 8 5 54 49 28 77 92 19 42 69 73 21 77 98 62 54 76 6 75 24 47 51 25 51 67 30 85 81 3 93 33 25 58 86 38 22 92 9 26 85 13 76 25 49 39 45 59 5 62 87 16 68 80 32 78 33 83 2 74 17 92 57 9 81 42 29 10 90 46 41 29 0 31 31 69 19 29 60 73 96 2 10 64 87 57 64 39 88 35 70 12 16 86 74 80 52 15 58 
51 20 55 67 99 13 10 49 18 95 85 32 73 35 64 75 10 72 9 11 4 44 26 42 94 8 5 47 96 11 51 17 60 85 84 20 0 31 13 0 19 86 73 45 59 60 24 69 50 16 32 40 64 94 46 13 24 11 65 18 97 30 37 1 71 38 96 36 49 26 51 74 65 43 95 59 46 37 78 34 26 33 22 88 32 21 30 68 79 16 50 25 84 99 73 96 24 16 50 54 22 98 54 44 87 98 49 97 47 93 38 60 47 42 76 63 12 5 30 7 79 91 9 81 45 48 48 36 36 59 44 16 50 40 29 10 90 60 1 61 97 48 28 96 68 75 20 9 31 22 14 86 15 53 56 70 59 92 60 78 99 21 37 0 26 76 36 15 54 48 14 81 53 87 92 74 15 45 11 70 41 73 98 48 88 61 36 7 62 15 58 98 40 72 20 87 93 20 83 33 
98 94 52 94 99 89 86 78 88 39 77 65 19 57 82 19 37 52 97 82 52 90 10 23 68 87 19 29 24 86 94 14 83 43 75 40 38 59 19 15 64 26 43 79 97 67 14 49 11 40 84 53 10 56 97 39 90 91 57 82 83 45 73 35 44 82 79 94 70 63 9 78 91 48 95 68 66 53 22 71 30 55 39 13 15 9 45 12 95 83 90 33 85 33 8 24 22 43 56 70 49 99 30 44 92 63 91 24 7 2 22 41 57 69 72 94 97 10 4 31 43 75 6 79 42 47 72 29 0 38 98 82 16 91 68 78 64 75 17 11 91 55 38 30 60 96 58 95 80 14 32 4 33 59 25 16 87 42 15 81 67 56 97 51 46 21 25 99 42 26 27 61 47 50 19 36 85 66 68 22 45 37 75 58 73 36 68 12 12 39 38 70 54 32 41 97 60 7 19 10 
7 42 8 5 63 86 51 37 45 18 12 45 32 24 23 43 44 53 17 35 64 16 62 34 98 42 54 12 77 89 84 70 10 26 76 20 46 59 48 66 71 37 61 77 0 78 86 93 70 35 25 61 48 51 81 2 79 79 57 91 71 69 3 24 44 91 47 78 33 58 64 11 89 86 83 30 70 35 87 93 46 16 41 97 96 12 81 86 48 42 36 0 38 45 40 0 41 64 72 23 47 34 41 44 75 37 18 88 85 56 98 19 77 14 47 24 59 97 25 85 98 48 44 37 35 44 75 18 76 45 97 70 4 63 65 24 74 11 98 67 46 32 7 31 39 53 57 58 13 68 24 53 28 83 66 75 42 87 4 46 30 18 5 5 78 90 74 32 74 70 59 26 9 47 86 40 50 3 17 83 63 44 76 28 47 53 85 53 94 21 39 7 90 44 73 46 63 45 23 33 
2 57 33 54 25 13 87 83 69 14 73 23 33 74 24 3 70 5 16 17 84 90 8 46 53 58 47 50 15 63 12 12 26 25 20 83 30 7 46 45 30 14 35 1 38 69 28 90 18 32 77 45 0 34 87 91 90 77 36 13 43 65 93 8 56 4 16 9 57 28 11 64 38 37 81 14 19 69 96 21 87 69 79 23 12 86 68 26 42 96 52 63 19 5 66 80 41 5 21 35 58 45 18 0 8 37 54 94 39 38 20 47 48 32 69 1 55 73 23 87 28 19 68 99 66 30 79 39 40 48 28 99 44 44 16 99 61 73 26 41 19 73 40 73 10 82 25 3 19 19 13 93 74 98 58 58 68 17 96 50 15 66 31 7 16 83 99 27 24 86 5 59 39 97 12 91 92 90 94 23 85 41 72 90 9 26 63 80 99 68 33 97 70 2 60 72 1 10 16 1 
2 59 31 23 66 63 72 45 19 4 48 55 88 18 57 72 75 78 88 41 88 18 50 52 86 44 37 74 48 99 64 61 70 88 8 11 60 46 76 67 22 52 99 33 56 90 37 52 52 38 4 53 94 24 28 71 15 29 24 97 97 24 18 99 45 13 72 69 38 90 93 5 10 75 88 91 11 94 99 33 59 35 78 63 59 8 57 65 84 64 8 28 11 49 73 91 87 87 95 14 76 63 41 98 94 56 85 2 27 25 10 37 93 43 84 25 87 21 82 31 26 41 48 56 47 36 71 68 91 5 9 66 37 62 86 3 31 24 99 73 36 75 20 70 22 85 53 93 71 7 28 54 16 61 30 41 48 7 3 84 98 43 51 16 10 46 10 96 81 17 66 50 99 33 28 61 21 86 85 92 31 71 1 35 3 34 77 15 19 13 76 73 87 54 19 21 43 67 15 73 
47 89 23 47 27 10 50 90 6 24 47 82 38 48 59 65 10 23 73 42 83 99 80 60 11 1 11 82 2 42 79 17 38 4 40 81 94 82 81 57 2 18 37 62 61 66 73 19 66 25 38 26 61 72 86 88 65 28 25 93 86 46 32 66 37 32 51 8 61 89 35 50 41 69 18 66 19 49 94 28 75 22 88 70 92 32 82 23 50 56 91 58 9 83 53 74 69 31 90 84 50 28 75 40 94 84 87 64 29 50 64 73 48 5 75 19 9 75 4 11 42 16 3 51 16 85 70 18 97 29 23 37 69 94 10 89 6 19 70 29 58 81 66 90 70 79 47 17 68 62 36 25 56 52 91 10 70 81 90 58 30 0 81 62 22 8 34 43 64 38 96 73 71 16 32 35 68 90 84 48 80 76 47 53 16 85 14 85 64 26 43 78 44 2 27 60 64 21 20 98 
61 86 57 75 84 93 82 15 39 32 35 60 50 66 51 71 20 82 64 22 9 69 0 45 94 62 27 35 79 41 28 12 33 86 46 85 72 7 80 60 26 77 42 76 73 38 81 75 5 87 32 70 10 89 85 80 73 61 40 59 40 44 63 20 87 38 85 21 72 87 74 16 74 3 86 53 66 66 53 12 50 57 76 52 30 26 7 59 16 86 62 76 11 31 47 49 3 87 99 8 3 83 28 20 7 8 44 55 4 14 96 87 73 26 83 94 54 48 16 10 64 33 85 29 79 97 85 76 75 56 9 38 82 81 54 24 52 64 91 42 88 73 20 52 2 73 77 54 26 16 17 81 0 50 33 3 21 98 98 1 96 13 2 39 48 21 13 35 45 85 34 18 41 98 23 19 2 87 79 97 77 57 30 36 81 26 34 82 8 55 21 76 73 71 65 42 94 10 83 51 
32 33 15 50 45 8 48 12 17 38 71 23 68 87 24 98 70 60 41 22 97 47 37 68 15 21 52 85 76 48 89 14 94 84 73 80 69 44 50 14 94 73 6 68 78 23 13 40 4 33 44 47 7 82 48 7 9 31 78 38 1 59 40 93 90 52 79 18 43 80 75 26 54 48 4 7 80 4 67 90 31 31 32 52 43 97 69 67 45 18 95 74 5 4 26 76 86 67 71 77 19 16 78 69 28 36 46 14 69 34 32 92 66 60 58 71 73 54 31 45 59 36 50 41 45 30 89 67 86 72 20 4 40 14 31 48 53 48 14 71 34 46 6 13 38 64 72 34 48 84 16 93 24 60 93 18 5 85 80 93 71 84 58 57 75 64 90 26 72 12 22 91 51 31 36 75 78 1 96 14 16 36 19 14 88 67 71 23 56 73 6 67 97 34 89 86 48 17 59 82 
38 65 16 62 87 77 81 80 95 41 44 19 15 96 52 98 38 87 97 42 95 99 53 22 87 62 45 52 6 54 90 15 74 54 42 71 3 33 23 57 4 32 34 24 2 71 43 55 39 55 13 0 78 59 88 7 13 56 90 19 89 81 19 78 50 75 10 12 14 78 85 82 26 32 12 11 32 70 1 14 59 55 64 57 12 75 99 65 17 81 25 83 26 68 62 79 35 65 66 11 25 16 11 55 93 11 28 62 43 23 16 91 40 16 94 8 1 69 82 19 80 12 44 80 5 47 87 10 11 7 17 1 35 79 25 27 4 52 93 98 3 92 65 21 37 41 12 23 6 88 21 80 29 37 76 13 37 41 43 82 2 29 39 50 65 32 99 3 40 80 19 75 1 69 36 62 4 15 56 68 7 41 48 13 58 89 18 91 23 38 92 29 99 3 36 30 58 30 25 75 
16 2 50 52 17 0 2 20 10 64 35 84 47 98 7 70 39 11 60 26 23 54 15 1 7 50 16 12 19 90 71 87 25 66 30 91 22 3 17 92 26 98 86 47 55 57 99 55 53 59 64 30 84 30 9 71 70 61 83 10 40 58 94 3 34 32 67 26 77 82 51 26 32 1 48 1 87 14 30 92 52 66 88 23 82 73 48 63 3 81 41 2 72 77 60 75 48 9 69 90 69 39 90 90 50 67 88 29 21 56 29 92 95 43 54 88 46 79 30 88 30 57 26 73 20 80 54 70 46 44 8 91 39 72 68 71 74 6 12 85 28 31 73 84 83 46 21 19 32 13 62 80 53 89 6 42 19 33 81 49 85 2 25 1 86 73 4 79 4 1 19 19 66 19 52 53 91 44 41 6 51 62 35 53 5 17 50 35 22 59 51 52 93 53 22 67 71 60 94 72 
53 53 9 60 56 57 8 0 0 16 69 14 40 10 23 80 4 62 56 74 8 46 34 11 5 19 72 2 74 15 53 31 1 1 82 99 69 48 63 84 1 86 91 42 58 1 49 17 2 87 22 92 50 74 41 73 30 96 8 27 98 13 15 92 7 33 1 38 6 20 23 80 23 54 94 60 90 76 17 8 27 68 46 53 8 88 35 12 51 22 0 92 39 27 23 6 35 45 33 75 22 29 75 51 70 37 94 38 75 38 15 16 46 94 26 93 97 92 30 46 61 19 82 21 55 88 5 15 91 18 3 48 98 28 22 78 85 26 76 21 14 48 79 59 67 28 88 52 61 84 53 52 55 51 85 12 83 88 41 77 84 35 8 63 37 97 82 65 21 22 18 53 95 65 61 71 75 82 62 69 34 58 12 94 74 92 40 91 62 51 88 73 5 33 8 97 0 42 90 0 
37 7 5 82 97 73 61 77 58 9 7 25 37 37 67 52 98 32 13 27 50 94 56 67 12 18 63 97 7 69 30 90 66 44 49 28 25 88 96 85 15 11 15 69 85 70 94 93 78 66 99 88 27 60 2 47 5 49 66 81 33 73 34 33 47 98 63 10 6 51 32 90 83 99 77 82 48 4 13 42 43 39 62 82 34 89 98 84 61 59 39 99 10 46 82 75 97 23 89 53 57 65 14 42 41 26 51 55 22 43 0 71 92 74 26 85 35 50 69 71 28 26 72 8 96 45 7 17 68 10 41 54 89 30 75 43 74 98 92 11 60 55 7 76 70 67 19 8 17 70 49 53 61 73 87 68 72 49 83 15 91 31 93 6 35 39 25 82 10 90 56 9 70 5 38 69 56 98 33 69 25 73 96 59 25 0 6 75 77 3 43 40 66 71 19 12 83 11 94 31 
80 27 96 50 87 16 14 54 75 56 92 50 94 80 40 12 23 23 47 92 5 77 95 90 39 56 61 43 48 98 56 21 60 43 30 30 68 40 1 14 58 40 20 8 17 70 71 79 68 31 32 56 44 6 32 75 59 29 25 38 34 77 73 66 99 20 11 57 60 90 85 26 74 31 5 2 77 83 52 19 75 28 8 72 3 83 96 96 53 71 82 6 7 87 84 32 53 50 23 66 4 77 96 82 3 51 4 26 15 24 34 77 41 92 95 14 50 97 45 41 82 80 36 95 80 60 81 8 49 0 83 3 95 1 52 94 64 3 99 78 31 56 15 49 98 17 41 26 8 33 17 82 57 63 23 21 68 92 68 66 60 86 37 46 86 63 47 97 82 32 48 59 76 39 42 87 17 38 26 90 30 71 34 78 20 5 79 35 69 76 68 2 29 32 67 80 57 54 31 77 
24 96 97 73 99 61 11 27 83 40 66 56 83 81 35 10 95 69 4 94 7 59 51 27 73 79 87 21 39 62 31 4 31 97 68 28 35 71 66 24 15 78 5 14 68 1 72 43 8 31 66 59 67 58 5 10 20 6 43 24 24 4 91 39 18 18 39 99 13 44 3 23 78 60 23 50 4 94 12 94 60 43 29 88 85 44 96 36 1 73 10 19 66 23 2 94 74 16 28 4 48 21 62 20 39 66 28 92 36 17 9 38 62 38 25 13 92 89 9 43 89 52 67 96 66 23 78 1 95 29 82 21 17 1 40 63 75 93 32 6 0 57 62 98 95 59 51 72 40 21 76 59 31 96 88 56 91 40 6 11 16 73 81 7 51 12 71 24 73 12 76 23 19 94 19 53 18 58 1 67 11 1 81 30 84 28 16 99 95 35 94 29 50 38 1 50 7 42 84 22 
22 71 66 46 78 4 13 68 93 36 4 8 34 80 21 86 7 25 23 96 22 63 31 47 12 66 53 42 33 12 48 35 90 3 44 80 84 92 22 59 60 68 53 37 72 10 42 81 5 2 49 89 9 45 55 41 63 4 83 14 64 97 85 57 80 43 12 37 2 21 43 34 96 46 42 2 7 32 6 85 85 23 98 88 48 23 19 11 34 81 31 63 65 41 65 69 41 79 12 92 19 20 20 81 89 67 61 21 11 17 91 90 0 92 74 6 90 7 27 73 98 67 71 25 51 77 6 6 60 40 10 63 48 75 82 43 98 10 69 81 17 97 91 10 74 98 81 95 75 33 96 30 70 16 44 40 67 4 10 58 98 33 76 68 25 72 35 85 24 99 85 5 13 69 49 71 70 68 20 75 69 63 60 39 3 56 22 16 12 78 28 63 91 10 13 96 77 87 40 92 
74 67 35 86 74 20 20 63 29 79 89 34 26 23 69 12 61 58 42 28 43 88 91 51 45 36 53 3 20 58 38 65 65 61 70 20 41 34 82 52 30 81 25 99 94 1 53 77 43 10 42 62 44 44 49 0 15 85 28 85 31 87 16 95 84 37 78 75 37 24 54 63 26 76 57 99 42 75 62 17 94 72 23 32 50 61 65 78 23 12 2 74 74 38 13 57 64 99 11 18 47 29 76 7 12 4 83 2 97 91 91 2 29 89 54 27 94 40 51 7 98 14 7 1 41 65 19 14 73 92 85 23 79 49 68 82 89 51 1 8 45 53 83 54 41 76 69 3 91 79 35 25 47 1 71 39 74 54 69 83 22 43 84 64 64 16 66 2 33 51 5 25 59 59 4 50 93 1 66 23 22 41 29 26 83 60 90 96 80 52 47 64 64 21 24 54 26 55 90 72 
59 48 89 24 41 3 93 50 58 36 12 48 86 79 25 88 57 59 56 12 53 0 89 81 58 73 86 8 10 49 4 80 91 28 48 54 79 8 10 38 16 38 3 79 44 43 0 79 98 7 65 3 45 1 11 41 69 59 48 44 20 46 28 70 27 61 6 95 88 23 63 13 18 71 34 86 7 79 8 17 6 27 6 84 65 19 45 74 4 51 91 85 51 91 27 2 68 54 55 99 37 94 8 32 93 77 3 42 52 27 58 9 56 20 37 77 13 46 39 58 12 30 60 86 20 51 79 27 65 0 50 86 58 28 53 3 8 46 1 22 43 86 7 46 96 96 48 0 12 71 89 98 81 23 97 76 70 27 50 46 0 98 17 15 34 90 82 86 72 77 56 40 31 52 21 5 83 45 61 50 43 41 43 14 38 70 12 19 34 9 50 15 65 60 76 12 41 46 36 29 
0 47 28 78 29 49 58 54 81 71 30 86 46 33 61 45 87 88 47 14 36 87 9 42 97 78 45 7 81 19 65 0 17 78 5 53 72 98 52 9 93 84 41 10 47 17 88 53 6 36 8 35 55 77 69 87 36 53 13 69 43 61 38 18 50 72 80 89 53 9 21 41 64 42 80 20 69 63 14 84 76 22 70 52 64 89 24 65 97 64 64 65 78 85 40 56 40 41 39 10 23 93 32 76 14 48 66 57 86 63 17 7 24 30 1 10 90 97 13 77 0 4 82 5 55 34 1 10 99 40 71 43 55 51 32 24 66 83 15 29 67 39 19 6 47 57 8 21 54 0 27 12 79 75 84 63 73 12 39 92 42 73 97 21 81 49 23 14 88 6 75 12 3 77 26 89 20 43 93 69 99 27 8 7 68 59 16 53 50 48 49 33 98 84 35 44 88 78 84 66 
89 85 94 22 43 21 28 47 21 38 91 5 90 1 7 93 43 48 96 89 30 37 78 23 34 66 71 84 57 95 43 15 81 68 88 42 58 45 27 61 70 76 70 87 54 6 64 81 93 12 66 91 82 99 56 64 23 22 19 81 55 47 12 51 87 52 33 61 81 51 46 64 29 96 62 37 40 90 31 70 73 1 8 17 66 51 26 17 80 64 33 79 47 10 87 52 36 72 77 67 63 2 17 5 99 86 68 20 52 62 76 81 84 74 33 21 61 35 48 94 26 53 24 57 80 56 8 11 63 77 28 88 17 91 60 27 90 43 18 68 53 21 84 54 66 36 48 69 76 58 30 27 93 91 7 0 31 54 3 48 13 61 30 88 79 1 7 53 86 10 41 12 64 0 53 81 66 38 99 23 74 53 64 99 16 61 96 60 32 31 45 62 38 98 92 98 72 48 74 26 
75 76 34 62 28 89 32 41 73 8 25 52 44 82 90 51 72 56 2 93 6 76 56 11 61 4 52 24 80 40 25 47 88 71 91 88 50 10 54 0 46 51 34 59 30 0 64 39 80 14 69 27 65 71 10 69 46 6 20 36 45 50 8 32 97 73 5 71 85 79 97 8 58 49 30 54 67 59 90 75 97 18 73 21 82 66 93 97 71 80 66 43 97 41 51 53 15 38 37 55 18 70 90 6 17 37 53 79 15 40 88 23 22 97 90 44 85 33 10 47 77 74 28 92 24 74 67 2 94 32 10 27 88 57 46 50 38 16 7 83 59 82 63 67 96 53 28 97 57 74 46 83 23 20 8 65 39 3 14 86 61 33 15 5 61 4 56 20 81 8 92 14 39 22 97 10 66 41 59 17 11 51 68 29 67 59 44 12 77 78 37 70 49 32 10 47 22 5 63 11 
79 76 13 28 54 22 92 77 85 86 24 15 79 59 27 24 45 43 35 90 67 11 93 7 1 62 46 14 85 50 93 44 68 92 68 12 57 8 62 76 17 30 57 2 84 15 89 97 34 34 49 23 57 40 88 30 30 2 15 66 54 23 53 87 95 13 58 28 64 0 9 39 61 92 99 89 6 34 69 28 49 10 50 39 58 67 48 30 27 44 33 39 52 34 63 32 49 2 48 70 10 12 43 81 30 0 51 65 54 92 31 17 84 90 38 2 99 88 44 50 89 57 20 32 0 93 31 23 22 99 68 39 55 22 30 72 71 63 79 14 88 62 87 83 64 39 9 79 39 57 27 53 52 19 60 55 70 31 41 87 49 29 16 71 52 33 81 34 77 0 53 96 95 38 97 36 0 99 59 75 23 28 71 20 27 57 69 46 61 81 33 78 6 87 86 1 9 78 24 76 
11 75 4 2 52 19 9 34 1 93 16 30 55 80 91 55 67 40 63 86 61 65 55 30 42 17 40 43 25 84 66 94 46 65 31 66 94 22 79 22 22 86 8 88 30 22 91 78 95 18 90 91 19 37 11 32 81 44 37 71 57 7 37 36 30 20 64 18 78 1 83 68 89 88 59 61 64 57 87 32 48 14 30 76 3 45 81 28 86 63 37 70 84 96 8 37 46 43 66 95 56 99 14 24 34 22 98 32 38 81 43 79 61 0 96 99 8 28 34 13 62 22 96 88 79 29 71 18 23 75 33 5 31 88 10 93 70 88 79 54 48 86 75 33 87 93 30 82 87 26 80 69 20 9 6 49 38 48 99 55 28 70 57 87 67 37 92 4 9 99 60 52 17 29 79 63 10 84 78 54 48 35 52 98 81 93 23 40 76 53 78 8 38 63 66 59 85 9 1 2 
42 10 95 15 30 89 67 21 61 81 82 79 90 84 95 89 4 17 67 26 5 7 77 93 0 63 52 31 65 92 87 48 66 57 6 74 54 11 36 82 76 1 84 25 69 92 35 50 22 74 26 36 26 66 52 42 71 61 39 92 74 7 88 65 16 85 11 28 54 97 28 8 64 3 23 59 66 43 86 8 11 99 20 35 63 50 36 74 82 21 51 30 73 65 87 88 73 85 32 44 50 85 68 45 77 95 6 90 21 82 3 45 50 36 65 62 31 8 47 66 70 59 9 69 78 78 51 8 20 93 52 27 85 99 1 58 39 62 71 62 29 11 29 95 64 45 82 24 67 11 51 10 15 96 35 4 28 79 30 70 18 89 87 53 91 29 81 71 80 30 89 87 7 69 54 79 48 63 17 28 2 99 94 18 0 35 82 1 55 67 55 38 67 34 53 66 62 93 82 20 
43 10 64 49 66 81 85 5 39 37 19 87 89 37 10 25 54 88 3 58 16 2 74 96 38 96 98 13 79 3 27 32 38 19 96 32 75 37 10 65 48 59 5 53 40 48 78 49 40 80 48 16 55 4 15 80 16 89 70 12 81 65 51 20 53 55 53 59 89 24 65 38 60 66 85 10 54 56 57 96 3 46 35 46 43 22 58 13 20 75 81 17 65 49 76 85 18 25 35 23 25 87 70 94 99 9 73 14 92 41 29 91 54 2 14 94 73 99 95 40 47 25 75 85 86 18 69 9 98 18 74 52 55 33 93 83 0 12 12 88 1 84 85 82 18 73 99 6 28 76 70 21 0 19 96 76 54 29 82 32 71 28 2 78 42 66 86 14 68 16 45 29 22 21 33 65 23 62 5 32 53 83 75 8 88 54 88 54 5 1 15 48 85 1 16 68 7 82 82 42 
50 68 50 69 18 18 65 91 72 85 76 58 12 51 51 69 30 33 60 50 97 50 84 99 0 57 42 96 93 74 95 17 2 32 66 76 78 5 21 1 42 66 60 40 28 33 20 91 51 77 50 69 47 84 85 50 75 94 78 68 69 29 90 1 86 44 1 86 13 5 57 51 52 14 65 72 81 83 87 88 83 8 0 15 29 40 66 21 86 90 82 61 26 95 48 84 36 93 27 75 60 2 77 53 27 76 3 17 9 44 77 50 97 72 80 0 7 17 92 48 10 69 16 91 49 81 95 32 96 70 16 18 11 77 2 71 66 13 14 38 5 92 88 94 10 84 96 0 69 75 69 55 67 93 34 6 10 94 13 73 83 52 4 64 49 1 34 57 74 32 74 72 24 96 10 87 5 9 51 67 62 3 94 53 16 12 30 29 8 30 24 85 89 22 27 97 15 47 90 10 
66 49 55 91 39 51 42 19 15 18 80 48 54 16 44 72 26 46 59 81 27 86 74 98 45 12 22 37 8 41 7 59 63 92 29 2 53 81 35 28 3 99 17 68 38 59 9 30 36 29 8 91 85 17 86 98 56 94 55 71 17 77 99 44 61 70 37 19 56 42 87 12 50 49 97 19 34 38 63 27 31 75 67 52 79 39 68 87 69 57 91 29 53 43 64 97 59 34 45 20 60 15 81 49 4 43 84 93 49 87 28 57 30 7 19 67 40 32 76 58 5 64 63 5 21 85 85 65 70 12 91 26 6 7 13 39 88 1 10 89 48 1 78 27 66 62 52 71 82 69 14 50 55 91 69 32 49 13 21 54 9 81 9 89 58 91 63 4 67 55 39 41 86 5 0 32 75 51 50 35 81 17 2 65 24 59 39 45 88 66 54 50 1 60 33 33 31 98 59 50 
80 14 99 87 44 50 61 57 0 2 61 68 2 41 44 17 20 67 0 18 11 41 11 30 9 77 29 54 74 88 13 3 72 33 86 32 93 48 83 70 62 83 69 18 1 64 24 75 58 91 47 58 53 1 68 58 74 77 63 11 18 49 49 9 30 45 28 88 94 76 33 59 52 43 55 97 57 6 78 31 94 19 74 44 3 66 17 46 40 47 30 9 88 34 43 1 47 92 50 34 99 69 27 31 35 73 29 57 74 79 54 25 93 52 40 57 8 20 98 97 62 51 94 48 36 18 20 30 59 32 10 88 83 23 97 52 86 13 8 21 46 28 52 21 95 2 37 49 73 8 71 0 32 65 50 36 65 42 86 6 5 65 65 0 47 66 91 0 54 44 1 78 58 88 85 66 76 23 85 39 93 37 72 95 20 46 92 81 7 40 62 83 1 1 40 95 46 51 73 76 
91 93 18 24 21 23 83 97 54 17 44 21 53 76 89 10 99 25 47 62 16 6 21 74 4 98 89 97 97 93 56 36 28 32 69 55 65 30 60 34 92 95 66 21 97 52 62 93 20 47 8 96 69 68 49 79 78 92 34 38 35 36 66 19 65 78 28 7 46 60 42 21 88 50 39 36 92 57 40 12 73 35 29 67 37 40 48 82 58 93 94 13 93 17 48 55 15 26 37 15 49 97 39 18 50 80 83 66 27 43 93 18 18 89 3 99 9 72 68 86 25 59 20 92 54 71 63 54 62 48 35 53 42 86 78 72 96 35 82 15 53 23 39 88 64 53 18 48 40 71 79 85 31 62 98 81 63 59 49 85 61 97 58 31 20 98 98 53 43 7 21 23 39 8 8 46 87 20 94 78 0 74 60 21 99 12 11 53 88 67 0 68 13 68 46 62 72 1 93 79 
26 63 82 97 84 98 18 40 6 57 88 16 21 44 79 91 97 71 75 20 52 49 86 75 58 1 34 61 5 56 66 90 10 51 46 54 73 94 31 69 14 76 82 67 61 9 48 79 66 6 38 29 4 16 65 33 7 48 24 82 88 53 73 16 10 31 30 6 18 87 61 87 10 2 30 67 29 22 63 56 86 34 80 66 51 9 72 87 80 6 51 15 45 47 18 36 76 8 76 9 86 65 3 64 71 6 46 56 63 97 36 12 80 81 81 17 90 63 95 38 74 18 16 49 91 11 53 49 0 60 2 14 69 76 1 61 76 0 84 45 23 49 95 89 45 18 17 71 41 6 1 4 57 37 81 16 30 59 14 8 47 54 47 51 17 1 82 22 14 45 87 16 61 11 48 16 80 94 68 24 15 99 44 21 36 93 79 12 95 90 85 53 93 55 91 46 35 43 20 47 
49 76 7 83 51 21 87 45 66 71 75 3 12 24 87 51 28 97 6 41 38 36 99 76 17 17 41 96 22 35 42 87 16 9 19 67 60 70 88 43 51 52 48 10 61 0 82 4 25 2 27 38 2 22 70 56 72 99 39 5 32 40 20 47 59 36 37 24 42 82 8 0 62 89 92 15 78 0 25 45 22 74 32 12 92 67 31 27 89 10 92 9 9 46 43 51 64 98 40 13 14 10 49 90 63 11 48 55 2 62 65 26 59 56 19 75 63 56 27 39 37 97 72 15 22 73 49 11 20 42 68 64 43 97 1 10 28 57 22 42 98 17 28 51 81 72 78 7 68 63 88 97 92 24 51 37 99 98 91 91 98 65 33 75 25 51 66 8 2 11 84 52 53 25 27 76 40 87 67 60 11 26 24 61 69 99 65 17 23 64 5 75 32 70 39 15 14 9 66 84 
76 38 5 68 48 43 23 12 31 79 44 17 91 45 29 7 28 39 87 76 67 39 12 98 38 41 63 24 52 98 31 94 39 77 52 76 19 18 90 57 19 39 67 72 29 14 13 34 34 75 79 65 98 20 42 53 5 42 7 42 3 46 83 77 66 80 27 98 25 30 89 93 15 0 87 83 4 55 67 91 59 16 14 10 69 66 13 16 93 78 44 80 28 38 17 62 95 79 97 23 50 84 25 24 64 44 28 47 85 19 63 18 82 12 89 1 95 97 55 83 5 36 79 88 7 21 17 97 78 83 62 15 4 47 57 8 25 58 74 95 31 19 24 71 92 29 2 35 77 26 18 37 50 76 10 48 11 39 79 14 5 11 18 1 84 47 52 52 27 47 45 33 27 26 24 94 13 11 18 12 79 32 65 48 11 43 11 49 68 96 15 68 73 28 29 87 13 77 36 87 
6 22 25 31 80 76 14 82 15 76 34 0 16 51 71 70 13 20 76 14 36 57 21 65 88 45 59 7 4 20 76 94 41 43 30 99 23 97 66 21 41 58 45 39 32 16 66 48 87 71 43 73 20 49 41 31 30 14 68 2 96 56 24 9 17 14 76 15 44 50 97 45 5 1 78 36 24 86 61 42 6 41 7 52 59 61 67 79 51 35 84 48 15 62 48 56 25 48 43 59 90 86 41 11 32 91 27 37 84 85 80 36 14 49 67 52 75 76 43 9 9 21 0 92 13 36 32 6 66 72 80 53 66 86 15 95 85 62 51 24 60 97 31 61 66 59 85 45 84 6 57 73 43 59 74 20 68 81 8 25 79 22 97 15 63 56 83 92 69 93 42 13 18 31 70 10 22 16 56 3 59 55 86 10 91 81 95 46 9 18 56 91 13 83 39 39 34 70 94 20 
95 73 88 94 93 30 37 55 84 38 8 2 32 60 48 45 70 36 24 31 30 5 8 73 23 14 51 51 22 92 10 77 84 69 13 58 67 27 20 24 25 64 33 85 54 48 49 91 35 79 11 31 11 21 8 59 3 87 7 47 60 80 13 20 27 93 5 96 17 16 56 65 64 99 91 6 74 43 43 46 19 42 82 10 24 10 52 56 90 19 49 97 4 24 93 25 93 69 84 41 42 92 63 78 87 69 6 47 23 66 32 26 21 42 52 99 96 77 17 26 26 37 20 36 69 40 96 51 90 66 70 93 34 4 10 50 94 73 34 97 30 96 66 37 90 34 76 0 15 89 61 47 31 49 55 39 91 70 80 48 97 31 47 56 43 34 82 22 54 91 64 47 10 73 47 5 77 54 72 19 90 74 62 20 28 72 96 47 67 88 55 82 71 20 0 33 39 89 77 86 
47 12 18 27 72 1 90 71 7 51 55 29 57 53 74 65 82 69 78 8 49 61 44 42 43 6 11 6 18 73 77 58 24 71 49 67 80 13 27 35 48 48 9 41 39 45 71 22 33 80 73 6 48 86 51 0 14 68 29 49 1 19 13 1 46 48 42 36 89 33 38 13 71 49 14 5 53 94 75 50 60 89 13 56 97 50 32 84 63 99 35 15 31 85 96 37 44 68 83 70 11 47 19 9 60 70 18 3 70 9 56 62 83 97 2 51 88 73 59 73 75 1 76 20 77 26 24 36 27 34 22 77 84 41 14 10 37 36 33 25 55 57 69 59 99 75 72 16 68 0 16 1 42 92 95 55 99 23 8 59 10 58 74 1 65 22 19 97 95 86 71 57 59 34 82 23 8 80 87 45 9 5 39 22 95 31 6 78 76 54 72 50 82 1 22 53 77 30 42 30 
73 69 8 95 63 33 11 26 17 7 48 70 77 94 12 73 42 91 52 83 85 26 28 9 71 66 12 86 58 66 75 25 13 11 89 37 35 4 92 30 47 32 49 61 89 27 35 49 65 87 72 3 53 72 64 87 48 1 91 20 40 89 26 54 67 86 88 14 66 66 37 77 18 43 19 20 91 99 57 28 49 47 76 6 69 19 88 21 89 67 71 43 48 92 20 68 92 10 78 29 41 56 14 32 28 41 55 57 19 62 8 8 93 12 39 96 81 23 56 71 80 34 28 15 62 21 59 13 88 45 0 87 31 48 35 15 16 69 47 14 97 64 1 43 63 96 65 12 20 36 72 81 78 53 74 63 85 58 32 15 94 65 24 0 37 5 28 94 28 47 57 8 8 82 33 3 35 66 26 67 14 39 56 47 18 17 49 56 46 11 44 91 91 54 92 12 78 23 73 29 
81 76 75 86 92 55 15 12 62 91 26 41 49 71 13 21 70 0 61 62 96 14 46 41 98 74 3 38 67 55 31 95 38 35 27 38 46 47 38 84 0 93 34 18 30 68 25 6 50 85 50 85 12 97 5 20 44 67 92 63 7 52 76 58 64 80 0 86 26 55 48 50 48 35 52 50 56 27 94 27 11 0 56 33 61 52 39 1 64 53 65 44 59 90 34 32 2 11 18 23 11 97 0 25 78 89 13 29 48 7 2 92 81 54 16 85 0 65 47 81 67 26 17 3 7 10 43 21 33 9 64 13 2 96 69 14 4 12 18 78 21 28 15 65 63 30 0 91 77 86 77 6 5 64 84 36 90 79 97 51 12 98 96 56 26 25 77 9 12 31 97 62 77 71 79 29 34 24 78 65 63 54 92 8 33 54 94 73 77 25 99 61 72 12 29 19 0 94 31 17 
94 58 16 13 76 11 92 54 9 13 16 96 54 10 6 9 16 93 47 16 55 5 36 82 81 65 83 76 99 70 15 72 55 14 69 35 71 88 65 94 81 48 16 8 40 17 14 15 25 23 3 2 5 6 78 31 82 16 74 69 56 50 1 88 2 62 22 64 38 67 58 94 45 25 44 28 58 3 61 20 41 35 26 72 31 4 44 40 64 33 83 43 59 25 73 70 85 46 65 43 40 7 14 14 10 57 98 54 83 88 69 2 15 26 8 99 60 11 34 69 82 1 92 46 87 47 0 38 93 23 28 85 2 0 95 70 52 27 9 84 1 93 51 62 8 74 78 2 76 28 0 21 73 75 46 97 77 96 28 4 24 92 2 70 3 26 40 97 26 35 5 55 64 25 95 51 55 34 90 59 24 86 6 30 40 64 94 18 24 81 26 96 50 29 79 50 84 66 5 16 
92 58 50 75 77 92 10 75 97 6 37 60 4 78 0 6 32 46 78 99 13 41 6 61 14 58 47 45 37 91 63 35 20 51 36 83 72 95 50 60 50 71 76 59 71 23 46 86 72 83 7 1 87 72 33 4 5 48 30 14 49 38 36 82 15 78 23 29 68 97 52 51 37 16 61 49 74 5 24 90 22 15 62 88 43 35 17 45 47 42 84 51 28 33 93 73 28 19 71 27 10 86 37 12 87 9 82 57 16 32 27 93 15 24 46 27 41 17 56 92 7 33 93 18 43 70 54 72 49 63 4 94 1 51 7 63 3 99 22 53 62 77 65 21 97 4 34 56 92 2 57 41 93 88 13 84 86 1 88 2 74 77 78 22 66 3 80 39 66 41 68 67 64 39 99 88 52 30 68 81 36 67 79 71 23 87 60 85 68 36 77 68 8 5 49 99 56 50 91 2 
60 39 6 40 65 46 38 95 3 19 51 79 35 83 32 52 14 22 19 92 98 89 55 98 63 72 38 56 44 97 20 58 44 5 51 12 33 55 36 62 51 34 87 62 6 86 39 2 0 62 72 18 4 60 36 4 90 45 31 22 30 7 98 40 50 32 19 63 26 81 3 61 0 47 12 14 96 36 72 98 49 22 37 8 73 47 86 53 50 73 81 34 33 72 43 32 55 91 58 73 57 4 58 51 97 79 94 54 3 58 87 31 73 26 24 44 81 44 84 99 74 10 41 93 2 48 14 37 71 63 16 25 37 33 72 45 62 92 37 4 51 3 20 15 23 15 15 78 97 39 89 12 39 62 26 42 4 84 23 45 53 7 37 8 92 99 99 12 24 97 37 90 57 84 23 84 23 68 88 0 81 46 83 85 92 8 19 24 0 55 66 66 66 95 1 10 10 2 42 66 
51 43 62 73 93 8 0 91 74 13 89 0 80 43 89 66 22 41 2 18 9 34 52 29 9 75 84 27 36 98 17 47 18 32 8 53 54 11 35 8 16 55 93 76 3 37 51 83 57 32 90 9 72 88 3 50 63 76 31 55 6 40 92 49 74 39 7 29 28 89 92 95 96 76 76 90 77 93 61 23 36 61 27 17 88 77 64 64 44 69 80 25 11 11 47 82 78 16 88 43 61 71 55 63 35 39 13 79 27 73 23 91 99 89 24 98 46 25 23 97 75 38 8 43 67 52 82 43 27 64 9 65 50 76 89 46 28 49 10 78 28 68 61 79 36 55 95 44 94 49 85 87 24 12 20 79 84 66 77 52 25 94 68 76 26 16 4 94 12 24 74 97 86 95 79 63 0 39 15 82 35 28 72 63 96 30 22 10 23 85 61 13 83 26 87 88 35 72 66 80 
95 59 9 46 90 32 66 7 94 5 60 50 66 70 54 9 39 44 84 47 75 69 44 82 90 29 60 52 17 79 49 96 96 95 52 70 94 22 88 31 56 58 3 78 70 44 49 25 73 51 45 8 50 75 87 70 5 14 10 90 5 37 51 86 71 50 73 57 70 33 98 2 66 81 18 7 24 13 27 31 92 90 36 43 52 18 67 75 61 1 92 56 19 7 11 13 53 55 73 23 49 62 65 45 13 3 42 44 27 33 3 70 99 81 63 41 74 74 74 79 65 95 64 79 38 12 20 30 46 51 52 59 88 68 35 4 57 98 83 3 72 61 9 35 68 21 57 58 36 52 18 18 2 6 77 87 31 0 20 73 65 24 11 27 66 3 42 75 69 84 10 30 39 75 60 74 51 53 50 58 9 51 53 18 59 61 51 48 25 20 34 34 63 37 48 53 20 16 33 41 
90 25 89 42 99 54 22 19 5 29 74 5 94 67 17 54 1 57 74 62 69 42 66 89 99 2 61 70 10 18 71 72 71 27 26 95 17 31 6 94 94 81 25 30 46 57 33 53 64 80 26 36 7 37 36 1 10 72 12 50 55 77 34 22 37 44 51 45 76 76 8 34 89 86 35 74 46 72 36 0 91 85 27 79 2 66 48 88 4 78 63 28 96 62 17 68 51 40 66 19 89 80 36 68 71 31 96 41 29 92 44 63 3 9 57 3 10 87 86 84 96 96 76 82 32 63 96 6 18 89 2 83 23 0 87 76 91 49 36 11 92 93 60 98 91 34 32 56 12 19 18 14 79 50 77 22 88 7 63 84 54 81 54 67 3 18 67 90 10 50 16 28 87 76 32 12 88 18 65 57 76 10 29 86 80 41 93 97 75 7 26 69 42 79 88 8 44 12 33 30 
64 24 26 43 89 40 60 35 1 1 66 60 65 69 13 63 72 77 80 91 34 77 41 50 10 60 31 14 87 22 25 67 24 39 24 41 63 10 92 13 11 29 17 23 64 99 55 27 66 48 30 60 24 88 16 3 28 79 43 60 96 14 68 27 43 37 32 47 68 73 92 15 73 32 24 7 80 65 84 12 83 56 63 27 98 8 3 20 1 36 84 92 22 54 28 88 8 76 40 50 85 45 37 29 48 82 1 76 14 93 10 75 14 80 3 85 68 2 6 85 48 7 14 92 46 30 31 15 83 92 34 81 17 2 57 62 8 25 18 98 90 73 31 24 60 76 2 67 65 93 14 30 91 17 57 45 3 60 7 59 6 63 36 7 61 49 61 8 60 27 85 8 87 53 53 18 97 13 80 71 14 66 25 74 26 97 2 7 86 26 10 94 87 47 96 59 36 53 10 81 
89 92 73 47 10 75 6 75 72 38 22 1 30 35 56 26 58 96 71 70 11 36 75 74 46 79 68 46 88 42 78 46 54 38 89 59 22 49 97 93 74 76 78 31 18 42 76 46 67 32 53 61 16 92 81 12 8 8 67 40 14 37 55 59 20 95 3 56 76 6 14 61 66 29 33 3 41 91 32 46 68 79 1 46 4 92 62 72 41 25 41 53 8 57 15 24 27 70 50 22 47 75 96 51 17 11 0 62 20 44 87 93 58 81 1 59 61 63 65 70 84 66 6 1 18 46 12 68 86 16 34 9 36 47 69 59 6 18 93 28 99 31 55 73 68 28 71 69 0 58 18 10 17 80 42 31 83 45 85 5 17 28 87 72 2 38 0 64 18 48 94 49 77 3 31 92 7 58 93 52 24 28 33 15 66 93 29 0 0 57 86 65 17 14 77 4 58 96 9 32 
45 55 13 49 15 13 58 75 54 19 53 83 26 13 38 94 56 43 43 32 57 10 50 1 54 30 37 33 80 30 33 17 86 31 28 87 28 68 66 34 66 33 29 11 57 53 77 79 58 14 65 51 97 28 95 52 35 5 29 91 27 39 86 24 13 46 50 56 88 8 94 37 7 74 71 53 94 17 7 50 50 65 33 57 56 0 56 44 45 50 50 14 88 24 69 12 76 18 87 57 29 34 34 31 12 89 58 27 69 64 34 79 48 68 92 13 27 5 13 87 7 85 64 5 74 7 66 95 60 42 14 55 37 40 26 57 57 71 34 89 69 50 51 85 45 7 83 24 58 20 98 46 18 43 32 73 86 10 6 71 96 91 37 57 88 17 27 7 96 59 43 33 42 60 95 46 73 79 76 62 24 48 92 73 50 67 80 94 83 17 3 26 18 80 31 70 87 46 39 57 
18 1 29 22 61 73 20 56 3 87 81 3 90 53 89 72 82 45 34 52 82 66 19 30 70 73 64 37 94 45 51 71 58 93 68 87 86 98 64 96 84 19 64 59 43 63 34 35 67 46 52 27 23 99 64 75 69 10 9 39 24 17 31 69 54 8 0 97 68 33 45 2 35 36 31 14 96 67 24 69 64 13 92 74 69 48 0 75 7 44 68 92 86 66 32 18 54 93 97 24 52 44 65 61 85 13 17 15 53 48 97 8 73 70 77 19 8 39 1 57 15 70 42 84 11 57 20 43 11 81 68 75 70 90 7 14 69 34 89 55 5 14 46 66 72 50 27 84 53 62 61 8 29 65 31 38 88 13 45 88 89 10 47 32 45 56 70 58 96 99 81 90 37 42 48 16 39 0 98 2 40 68 51 97 35 79 4 80 96 22 37 49 55 98 7 5 93 57 36 3 
18 49 60 48 92 63 22 77 66 44 73 4 28 2 95 16 46 46 23 40 40 65 14 41 86 9 49 47 19 69 36 49 22 3 22 60 66 41 75 95 82 50 42 28 34 71 97 8 29 74 22 15 12 85 35 2 97 49 7 14 19 29 14 54 9 94 99 28 17 65 61 32 23 67 53 44 2 7 77 3 14 81 27 77 31 86 79 54 81 40 51 94 12 3 34 20 82 97 19 54 59 54 83 69 68 18 56 29 27 11 7 51 13 37 4 97 5 0 76 38 69 46 44 15 11 17 72 77 54 68 10 47 60 20 93 10 69 40 32 95 33 69 3 21 7 49 44 49 68 56 1 18 66 73 85 72 47 95 20 3 12 71 1 15 49 39 59 43 84 47 65 90 66 71 1 37 20 74 42 47 41 42 14 42 52 11 72 2 13 52 23 63 49 51 82 6 46 80 28 43 
47 34 99 66 63 29 49 7 83 43 24 4 7 8 87 45 78 91 68 5 25 32 3 44 32 31 14 35 58 42 39 72 30 2 15 10 18 86 80 95 33 36 81 72 36 32 12 80 40 22 33 57 90 43 65 52 70 11 86 23 53 82 33 44 82 37 23 47 51 78 8 80 49 42 69 70 88 53 61 91 40 27 63 98 36 18 2 45 79 36 56 26 21 55 43 28 90 30 33 37 70 37 63 35 84 60 44 60 84 7 54 70 51 70 18 7 52 20 80 0 82 29 78 36 75 9 81 44 51 53 55 80 6 24 23 44 30 38 62 0 68 91 64 1 56 63 54 1 50 73 57 85 8 90 6 81 90 20 43 31 1 91 31 8 51 58 18 19 22 64 75 19 71 60 41 48 13 63 31 33 97 62 31 84 60 68 94 28 24 29 38 87 15 38 67 24 18 91 22 20 
0 43 3 21 86 67 54 66 50 69 5 88 22 34 24 32 19 86 29 11 65 99 60 22 46 1 37 70 47 32 29 26 45 18 99 6 60 26 88 96 72 62 64 61 5 97 67 91 68 12 58 36 58 94 83 5 49 29 12 88 97 19 14 7 81 17 45 82 98 47 73 98 59 28 65 79 89 88 75 3 0 95 35 76 3 35 29 88 25 88 28 91 57 55 32 17 71 41 90 92 31 98 95 16 94 73 26 73 70 70 50 97 83 58 7 11 23 5 8 11 46 49 57 62 2 1 25 29 84 73 87 81 12 77 81 85 6 41 33 44 5 71 3 93 56 73 22 20 3 52 6 1 91 65 99 87 33 47 80 2 32 69 78 33 84 78 10 59 26 90 4 64 74 43 30 58 68 88 96 21 46 81 61 4 48 67 22 88 73 44 1 86 98 70 13 0 17 88 48 8 
95 90 57 5 44 71 43 86 6 96 5 36 17 94 28 50 78 63 94 90 39 73 40 11 74 55 2 38 0 24 70 93 96 89 74 46 76 62 2 83 99 68 29 54 3 90 39 60 49 5 11 57 71 73 33 98 29 52 91 2 51 29 36 58 50 77 69 33 89 57 19 14 18 53 13 35 81 90 14 5 4 26 73 53 96 48 65 87 35 34 55 25 78 7 22 35 53 60 25 48 92 54 50 95 40 77 63 42 55 16 85 79 92 1 77 14 35 94 34 70 71 48 38 3 9 94 84 75 76 85 86 80 49 51 4 94 49 82 56 9 16 15 68 24 36 18 17 75 67 72 21 27 26 58 48 4 30 83 98 19 27 13 64 17 83 68 3 34 68 84 1 6 81 96 95 73 69 10 54 45 93 1 27 21 95 69 88 0 24 65 52 55 28 15 71 18 74 56 52 56 
65 77 36 38 89 61 78 10 27 20 85 37 4 61 30 5 15 63 36 30 57 25 50 63 32 7 15 81 96 95 76 24 45 67 99 81 73 45 81 7 57 36 64 96 17 65 91 19 61 6 60 8 57 42 12 39 10 50 40 68 6 57 73 50 88 42 28 47 20 73 48 20 44 27 21 41 40 16 23 87 50 38 98 44 6 56 43 35 0 50 18 52 59 15 65 6 49 28 61 51 75 67 40 60 83 36 43 90 36 46 53 21 42 42 19 91 13 35 25 54 46 25 57 1 96 27 19 76 89 67 65 47 10 42 99 25 38 51 53 37 25 84 88 16 0 82 59 0 9 12 59 53 73 3 97 27 52 56 86 3 76 78 75 21 16 78 83 29 87 77 41 4 89 85 22 25 29 66 50 29 15 78 30 8 9 23 75 37 17 51 64 48 53 26 25 98 45 80 66 45 
44 25 94 24 61 33 26 52 76 15 61 4 46 85 69 83 21 5 25 17 71 30 36 91 4 86 14 6 38 15 6 60 65 51 64 61 36 72 92 21 30 92 22 23 4 82 87 61 85 77 20 81 55 68 98 32 18 10 74 76 27 79 6 20 79 91 3 18 96 43 56 8 14 73 31 16 49 12 50 12 19 16 61 86 97 2 30 59 27 31 33 10 3 29 53 51 26 26 63 68 17 49 6 45 1 79 82 51 34 79 69 22 81 73 79 19 16 63 60 43 2 23 55 78 43 15 53 38 13 47 92 88 64 51 78 79 63 9 9 70 67 83 71 4 35 12 9 78 57 47 64 13 24 44 68 85 55 20 89 49 60 59 74 20 93 40 24 47 51 39 35 47 47 17 34 18 18 9 49 57 87 6 70 81 44 26 33 11 62 17 29 72 61 41 90 48 83 36 44 41 
54 58 55 60 31 4 17 80 46 85 62 58 31 61 54 79 23 44 76 99 52 8 57 50 81 21 18 90 70 19 90 1 3 33 95 23 98 93 92 57 70 72 43 15 73 19 5 27 29 54 54 3 34 92 37 77 27 67 71 32 52 66 59 90 2 8 46 89 89 31 51 6 18 44 90 68 16 57 97 64 37 92 60 73 8 94 53 67 13 32 62 36 42 12 97 58 33 71 64 45 96 54 99 99 91 91 30 63 92 5 51 48 27 35 16 98 97 0 33 57 59 7 33 92 55 89 37 39 10 91 73 49 6 66 58 0 97 80 55 42 91 61 72 25 93 38 44 38 82 28 89 99 98 64 62 0 85 58 56 54 29 15 93 27 27 64 97 21 20 88 89 55 86 17 14 92 60 5 30 57 34 54 18 0 62 88 87 26 24 6 16 47 23 64 12 44 96 3 36 30 
15 69 93 88 84 55 47 68 35 81 64 50 18 81 62 90 30 38 18 41 21 49 59 9 68 41 50 68 1 3 44 46 78 93 21 30 75 25 86 91 95 57 29 55 18 77 14 47 19 90 26 84 12 32 80 26 43 94 24 99 57 45 3 46 50 4 30 4 43 66 66 51 27 1 8 10 77 2 83 4 52 92 51 32 60 94 18 60 5 11 84 80 5 4 15 86 39 93 40 8 61 83 37 93 21 29 55 88 64 13 59 17 30 77 28 33 18 67 31 36 17 33 47 53 73 16 26 82 0 60 72 36 28 39 62 49 45 98 17 68 70 61 48 58 25 17 63 67 61 16 58 94 16 3 30 96 48 46 34 33 57 85 44 25 34 62 57 67 41 79 42 32 75 22 73 50 48 62 55 89 58 27 87 26 13 17 11 94 6 53 86 25 80 61 10 11 88 37 82 19 
54 21 10 62 89 40 69 11 55 46 40 53 33 55 90 79 25 44 72 31 16 25 9 96 39 23 16 70 96 14 85 92 6 15 1 80 6 48 58 35 39 8 18 53 1 45 51 87 12 99 23 30 38 79 49 39 18 51 16 78 18 4 58 99 29 65 59 76 46 78 75 11 4 68 54 82 66 71 6 36 5 10 10 49 87 58 65 34 38 37 89 14 6 44 77 68 23 23 97 43 22 84 4 42 89 27 78 39 93 36 39 31 12 82 76 82 68 66 33 45 62 54 82 63 30 68 2 15 67 82 21 12 70 56 77 90 47 24 87 62 70 36 19 99 14 97 29 30 80 39 77 91 96 82 9 77 29 71 6 44 9 13 40 49 13 5 78 29 33 16 78 18 72 0 56 54 99 18 45 25 44 38 5 9 45 47 81 80 89 9 79 43 10 68 31 56 67 44 39 92 
12 33 45 18 36 11 51 58 95 50 64 7 4 18 37 92 31 55 10 64 91 67 94 19 2 8 64 6 10 39 4 31 56 53 81 3 53 54 85 33 68 43 90 47 63 32 45 81 78 21 4 92 38 56 72 69 24 40 45 43 3 92 6 50 8 0 79 57 40 35 84 49 1 60 63 58 13 58 18 11 18 42 39 61 26 84 15 41 89 80 12 43 69 63 19 5 56 4 98 95 37 28 62 62 40 10 19 89 7 39 22 65 57 52 23 75 41 20 9 3 84 61 35 57 18 39 4 75 94 79 93 7 7 32 9 54 9 75 94 85 17 40 78 78 78 74 97 74 25 27 57 10 38 54 17 70 22 36 74 90 87 80 22 79 7 8 3 56 42 53 24 37 74 95 19 75 99 33 31 30 10 29 6 35 86 47 89 3 74 98 83 0 46 76 40 72 12 79 3 15 
76 20 78 68 3 95 59 32 17 71 30 55 89 15 58 7 5 69 89 14 26 66 41 74 17 46 99 18 95 93 81 4 94 95 50 1 80 92 0 81 67 71 99 64 42 96 28 40 43 63 80 63 49 7 70 35 56 78 55 49 47 63 93 15 77 74 77 69 44 35 21 2 89 97 72 42 8 84 44 98 91 49 94 84 12 49 8 61 28 45 56 32 53 64 42 56 92 1 88 36 55 66 17 66 5 58 19 77 83 15 54 39 81 91 27 43 70 16 10 46 37 57 90 41 20 28 86 90 69 97 45 6 98 92 2 62 69 73 70 57 53 90 18 33 51 66 43 10 36 93 11 7 58 9 5 86 81 87 61 70 20 92 46 15 81 10 35 66 13 38 63 45 95 0 48 42 46 29 70 59 13 28 65 12 11 34 17 76 24 98 81 97 26 65 50 74 71 14 28 6 
10 30 24 71 44 2 4 44 21 13 69 98 30 59 71 17 90 82 6 63 28 80 51 92 11 37 16 60 89 27 5 30 71 67 55 33 58 78 26 72 34 92 30 45 7 92 81 97 24 80 52 62 66 14 51 34 38 42 6 89 18 98 74 41 18 52 83 68 53 7 6 45 21 92 14 47 83 90 59 14 24 96 4 63 97 74 81 50 80 23 43 45 95 6 59 60 76 58 36 84 34 94 85 69 55 13 46 23 27 46 53 82 36 15 36 56 6 66 58 23 80 37 51 16 47 91 64 96 47 7 10 56 33 9 17 70 88 65 12 62 62 78 27 2 80 64 94 70 68 54 40 22 59 19 18 25 95 53 13 74 7 66 97 30 37 79 40 57 39 38 70 92 69 4 62 62 53 79 84 1 84 96 77 35 77 45 32 2 15 57 74 77 72 12 89 20 91 60 40 66 
41 68 74 40 87 68 16 69 91 13 52 84 78 50 59 70 33 75 49 41 6 58 0 40 96 68 10 47 62 41 87 45 29 1 10 40 77 72 34 17 37 93 69 21 61 96 68 55 67 10 53 11 93 76 61 14 46 34 84 99 11 33 31 33 84 27 97 58 59 19 9 88 76 59 74 54 73 80 27 5 64 29 97 48 91 92 38 40 24 22 0 68 21 44 74 88 21 81 87 67 44 66 15 79 99 28 41 92 43 72 75 54 44 93 63 91 73 81 32 46 75 57 12 13 33 78 63 88 37 80 95 75 64 7 78 46 3 30 5 47 91 75 74 88 70 68 36 85 66 11 26 44 86 6 73 35 79 0 66 94 28 47 71 26 12 88 36 61 95 72 70 71 24 50 27 16 47 36 97 75 59 83 47 2 81 81 36 67 78 70 27 94 37 18 30 36 72 92 11 83 
88 39 72 47 79 20 22 97 19 25 92 43 96 88 45 3 30 75 19 47 78 6 10 87 77 9 52 20 79 88 74 26 70 29 43 33 80 69 31 45 68 37 71 41 44 14 47 20 39 23 40 47 17 58 59 67 3 81 49 99 34 50 45 20 68 49 19 87 6 45 6 94 89 54 9 27 96 78 96 49 20 73 14 13 52 37 70 8 12 37 34 65 21 37 91 54 51 88 96 38 65 89 15 29 80 72 53 24 99 23 22 98 66 18 88 91 70 47 51 7 39 26 17 10 87 42 98 63 94 8 6 50 55 36 10 90 82 25 45 95 62 53 64 35 36 93 12 30 45 57 94 80 29 43 39 66 64 84 33 41 46 19 82 58 25 51 56 69 74 67 60 69 80 36 14 43 4 14 97 86 9 26 7 63 65 60 76 96 81 11 44 66 98 77 82 68 57 57 3 46 
13 89 42 50 42 69 12 27 43 41 55 47 19 11 47 11 73 93 5 6 86 31 63 35 15 44 36 54 51 10 80 20 58 68 27 41 27 39 15 48 39 47 30 5 55 62 52 33 50 39 28 34 86 49 3 0 1 34 70 93 99 58 36 8 14 51 59 84 4 99 93 11 52 79 66 55 88 93 76 57 38 69 19 89 14 64 26 33 35 35 78 33 84 10 65 82 56 2 38 89 65 27 99 87 14 34 3 99 79 12 89 99 17 35 48 82 90 69 77 90 1 13 50 58 46 37 45 2 1 93 4 37 93 97 37 23 63 15 85 3 47 17 45 27 38 2 21 31 92 50 16 82 97 46 44 87 82 7 2 12 9 45 93 44 65 81 24 22 82 74 16 8 69 42 42 29 98 40 37 86 59 25 20 39 20 58 83 77 16 12 14 75 75 21 5 30 76 37 62 9 
89 7 36 85 76 79 34 44 33 40 32 36 49 74 47 11 13 15 54 56 23 9 4 44 40 61 77 19 51 63 33 60 81 19 50 84 61 10 52 1 18 27 5 5 79 99 71 3 90 31 79 20 8 82 80 87 83 86 71 70 33 43 67 7 93 97 60 15 4 53 76 48 1 15 90 89 92 38 15 34 7 29 45 1 62 9 29 64 25 59 88 12 95 23 14 30 33 69 4 31 44 83 6 17 43 87 50 52 21 83 82 18 29 46 68 3 38 96 25 51 25 57 93 13 97 49 69 0 55 44 80 20 77 73 18 64 72 76 17 93 85 92 30 49 24 61 0 29 43 78 55 44 20 66 80 73 22 25 43 38 13 41 58 6 89 18 76 92 95 25 51 17 1 19 26 8 71 66 25 24 42 20 87 26 18 20 47 31 46 81 66 56 39 56 36 49 58 46 56 98 
