494985 454740 528603 479834 505170 490375 532626 502090 516888 509649 467560 413753 434074 487529 482984 500570 490145 506714 484936 468804 496229 496393 477746 479535 471491 453360 474186 486382 497147 469841 458110 495447 477900 513447 485602 481642 478954 484736 524350 460399 465498 476366 471736 473496 439466 479688 520665 462764 455296 480485 477385 445043 480562 523687 516696 457880 436895 515791 465083 492605 509269 484739 468388 509724 521941 481676 490327 488645 538695 456174 476583 472762 495064 470376 470828 502315 455516 461589 479757 492956 487218 468840 418859 453407 473450 458187 447159 496558 520819 506806 499968 460463 452456 491174 393124 476175 503932 463214 481118 487732 465426 496123 520603 461465 462697 472136 459763 493297 500877 520885 491194 512660 464316 503729 457847 468814 507293 455500 484354 500896 479599 467658 506766 458033 508823 524901 459852 472266 453558 437813 478900 456539 433096 468821 471063 444677 506209 500931 458165 513069 475702 444461 505190 496847 488375 462808 460172 471867 439100 475022 495009 494293 480815 487876 478004 499580 490979 487539 488185 485413 483248 462519 490296 535012 496912 544619 481225 485727 485543 492993 481093 522978 486425 496590 451427 515517 472579 478032 427177 468503 491986 506494 516405 449964 451405 500140 484762 528096 497225 510003 478657 427737 448176 487500 487475 447690 505629 465496 477891 458000 
456063 437964 487713 435597 490154 470983 515282 475159 503290 487672 436681 408602 440644 458576 464121 492845 491837 502047 476693 429149 460802 474040 482607 439320 478239 421796 473218 462928 483132 433696 437816 465307 486848 480073 490903 458733 474957 475509 497757 464860 457944 439586 454752 443597 463505 461224 490592 438708 452188 464881 478242 443890 483233 473499 501557 462056 433258 475949 445003 468773 471439 485167 458856 472716 495024 466463 479818 448033 523657 405125 470483 470834 508297 447827 436057 491179 460271 463225 452910 473773 473037 447708 414111 438305 472014 431859 436899 462957 494201 475359 482075 467259 434386 452271 415185 458011 468814 459698 490075 464919 445263 479770 496458 477674 449313 474258 455092 470676 497621 496445 469318 481354 449286 459279 428984 454332 493461 427842 511053 483323 487093 476791 479030 442937 506843 500942 421417 457972 445189 420941 457367 442338 440065 459263 462660 425930 496409 488128 423295 478296 457662 451989 450091 473782 453719 428893 449889 469718 416686 431910 456357 472717 464532 478155 461302 458592 470325 484681 467530 473310 480244 451570 454821 499661 477528 491026 471738 448519 478425 474922 466108 500024 461595 487920 453270 501771 442272 477799 416218 474798 459730 475956 502560 445228 413830 481116 509662 520843 487913 459845 460872 412208 464875 438824 457785 428942 454403 448206 453217 453566 
540577 499547 534434 499052 532189 514172 534134 528936 562937 538299 478179 455344 505096 510615 508749 531094 528748 564030 522276 483184 515337 491848 543357 491843 511331 459929 506003 510198 506570 475635 462652 536178 517841 537458 555766 507478 502976 498793 521528 508170 516868 480613 513180 492559 471561 484454 543196 505630 473485 501342 506907 511126 489540 544318 536831 482107 471500 547570 490298 500332 535203 522955 514840 528282 555448 518005 530312 522204 555903 479963 496244 501381 532019 484518 507175 514945 514231 495031 507715 520766 501464 495371 473714 470609 494026 465679 503108 519240 549488 529841 528833 521382 483944 536229 420687 534050 562713 495220 527844 525551 483562 542009 517457 495376 495763 519464 516701 510600 540557 568355 486692 562618 524499 537171 479340 505261 513674 480449 560409 529474 548152 503993 538650 512247 563878 538797 491163 481994 501041 441478 511360 490133 486853 494540 493066 469123 542340 534163 484986 505913 509356 507435 517244 528673 518510 490915 492146 514640 462326 479382 505910 537096 524265 538782 505042 514623 537864 538954 531335 519250 530999 512393 501546 544733 516375 548547 510502 492089 523358 497566 542759 574525 509071 536012 503264 563425 488616 536131 460269 519053 514430 537847 546683 483184 494660 520261 534908 535571 525610 496553 531783 456162 511488 507176 515620 482990 511049 486762 500729 519353 
490845 480314 514811 478767 518460 486970 494095 492514 516772 538884 460869 414886 451614 500925 483472 518580 529781 528712 499608 467905 497488 508300 513252 456011 500461 438938 455631 465909 497992 465316 461355 491969 498879 522581 511265 491476 473933 479171 512515 448014 485671 455609 489485 456448 467250 492274 515659 451585 455172 497998 498133 477736 450370 518265 523912 476484 455382 517553 481374 470972 496894 471325 479234 496588 524779 488467 509547 477541 553908 449149 514173 479620 499332 476076 468047 510366 472805 472291 466934 516454 493608 481236 456088 461210 487519 457940 478422 490026 528029 497350 475602 469267 467584 487877 444661 490147 520451 447305 478850 508219 487141 509602 508135 485071 484086 476273 458821 491668 529877 543589 481923 509599 488690 506127 462490 514505 496128 495591 520299 501244 503116 497402 520942 473643 522270 521991 458041 463648 452639 414842 468561 459592 441704 481071 465684 456267 508122 519078 466217 497529 508065 447378 511507 512053 484303 444091 482905 503266 439964 466960 474553 521614 484860 501965 479794 476790 511775 491275 491724 477825 500440 486338 476376 525424 501984 494050 532772 496156 486375 471193 533027 523654 496444 487750 478968 514028 456494 481972 434618 475352 482577 504344 515088 435492 420230 513822 508244 505041 532092 486719 478588 449664 486627 488249 485906 439747 499154 468051 492707 483770 
510159 496663 537665 506527 517162 499926 542252 505142 530597 532511 482084 454034 464348 512275 475407 526059 524047 553774 501429 479379 532019 511340 506564 478288 516498 458645 479042 471449 531878 464449 470026 516057 517393 538746 543626 519621 498605 534252 526339 469903 511530 476702 501617 487630 490163 494279 533152 484091 475924 506043 534693 486456 496762 535595 566746 485195 473800 524994 484932 488309 533670 507796 520564 507699 556968 497386 530803 509639 553750 465197 536464 498121 520740 505090 461115 531365 493234 480115 483001 518164 524862 504811 460529 456162 480847 480043 482800 529822 556069 520720 526500 512027 479115 511949 432322 499062 551114 481146 511974 522505 487320 541421 509164 486915 497522 534679 492515 492494 531352 562194 517433 530066 501596 535422 470298 510818 508238 504909 542480 534114 522665 501413 537955 475395 556573 572487 479850 477147 481997 463921 508720 490851 478955 505701 492103 469239 542814 554003 476508 519406 527101 471969 507184 534086 503981 494541 516306 517497 454781 490290 508357 514694 528894 521189 509409 499144 514820 508837 502462 507572 542471 520038 481437 535884 538073 526474 524726 501002 515734 520026 537231 531983 508300 517036 510832 561934 493738 521696 451854 502642 503654 513287 544292 482634 457995 509806 552816 545626 529633 516976 503117 482363 495895 508383 497040 477428 505102 478271 506166 459976 
459450 452394 489613 421299 454779 459631 497963 450399 479357 496264 437608 409649 456349 441125 469779 478406 477206 495802 475327 412392 478045 463626 467034 429045 447254 422108 438341 448003 447682 427506 428092 461582 454719 487576 481625 441295 445914 444093 461867 436075 449026 443304 454268 446921 444649 441403 494705 443508 446897 466866 468160 439313 436525 478886 474451 445646 434792 484984 437618 448074 464969 453717 468242 458765 501601 477614 482702 442180 505197 417977 460587 409902 496816 451124 450046 475048 424904 450861 468315 458034 444523 436101 415312 453865 413723 435045 408880 470412 496421 476524 463551 438868 450695 444401 378996 462908 479224 437008 450105 423592 429146 473513 491181 455305 436486 445443 446605 450395 470792 494646 456072 487111 434809 483578 424946 457221 465035 444565 448811 469420 446387 441276 465724 420145 488998 486984 441376 447963 438095 416643 456515 406363 442152 451625 452773 394067 504855 457620 445427 453066 467373 430541 439536 467381 467045 439313 443213 466284 443970 414608 438117 479870 449771 464021 467614 451469 468567 453347 467792 437952 446728 436728 431660 506726 465369 492755 485026 454520 454845 476737 450464 495100 469387 466989 449220 480861 428826 473416 434411 450135 457408 464436 490415 419872 438059 487312 481519 481968 476520 455465 466387 396644 456380 456941 453646 426057 470039 434320 445711 458478 
527250 488924 513205 509354 497700 512408 546389 511261 529705 540562 481075 451270 492673 495439 469825 526799 509033 561458 499375 491001 537739 508643 523441 479179 507238 482674 487121 497642 531623 496348 457592 502636 515959 521965 539718 505216 496261 505180 515178 484565 493703 486303 483253 498440 468465 489352 513611 484464 465474 493013 518689 508048 488726 539199 518998 490133 455941 539059 473507 501476 490507 507617 511432 530319 540468 512809 520439 499767 549964 465072 488033 487745 522375 493047 464733 497888 490317 487982 492109 481282 481526 501879 460709 461939 488805 474020 449055 514149 539130 544266 512332 490467 488838 504453 433726 516411 530623 475152 498745 494934 463492 532638 518399 497193 489107 496595 486258 514720 558622 541894 490617 539894 506886 527626 489566 483322 509188 500842 517342 527295 501786 496103 533729 477465 539595 546096 483860 471567 485356 463324 501806 476392 472717 482094 498517 452749 535014 512232 461902 509302 519163 487817 509290 520189 529420 496081 502213 508603 465742 493046 496296 517956 523382 521099 513556 518730 507464 528073 521910 508972 512340 494573 468579 544660 511783 541081 480913 469968 505246 496960 501717 517854 501071 514790 487059 524576 487929 507972 441399 503292 501847 549285 542505 484197 466056 527937 531538 556843 516386 488059 522442 455054 512077 521008 508846 453601 526090 472340 497069 500105 
473325 460388 500416 474066 482055 461458 483847 502255 510659 510762 452392 416998 479785 468228 446880 480559 482570 498913 456337 472271 482761 472744 483753 453290 493803 445672 451232 459888 482567 442380 440289 473231 473257 503274 503030 454107 458776 469584 469144 446309 468433 440043 467614 437662 425606 466397 487569 448973 448659 489504 471309 439013 461271 489507 490663 437587 447802 488658 471225 451585 498697 483696 491919 478469 487072 460162 500763 499387 507365 414693 450355 476544 488274 434678 441029 486872 460740 449544 477605 465912 494923 460990 410798 451201 477492 458176 418252 477242 532941 481441 482726 470439 453454 471831 394834 476704 489978 462849 484031 460031 440446 481147 481138 459653 442584 490116 452289 469951 495224 501180 464348 501453 473533 517586 448272 472388 495686 454529 506979 478411 480887 441687 506675 464224 498710 516268 456680 472701 451172 420772 458601 459710 436132 463117 431014 428576 502455 464319 458439 472432 472371 443579 443695 489427 468229 432476 467230 495011 421732 463977 461307 497067 478220 495837 457555 456921 478101 492589 482520 468707 476086 471417 471198 499961 469626 469732 461516 429999 476257 458911 475975 516763 468160 477638 448779 500699 476579 491370 428646 434140 485203 493544 524050 444894 449751 478637 509307 492404 504546 497308 494152 418988 482801 480239 471224 423410 479409 433006 470355 442530 
499698 500211 513779 498698 522130 494348 519548 502859 544159 542045 467771 455826 490753 505896 481120 511285 525684 538321 489162 488500 500220 517736 509443 470410 503735 460663 495928 492709 521569 476959 472413 515091 488588 512991 530935 494408 495678 486122 510401 480276 499098 484546 500841 460002 461175 482799 522358 481600 457732 519586 500196 453834 490952 532925 519212 477725 457398 538068 507020 486756 503914 506433 518768 508256 524955 498541 499656 488292 534415 466148 492783 513659 518157 475853 448368 517549 478631 491221 491274 519094 501837 484210 451600 470321 489615 484721 464543 494443 522365 493228 506378 496246 470057 510554 435863 514071 534740 489828 513736 503912 459412 521318 517656 495436 486416 493216 471161 495780 543784 546114 486543 531497 498508 506988 477182 486090 513033 494297 546994 516920 505775 498239 539015 474119 532657 520530 483275 490100 462981 454337 489279 464140 469454 498386 473732 452220 547088 503879 464902 514304 515503 485213 497833 510351 485704 493224 507549 510395 446494 501559 476850 531882 500825 523504 494169 481334 502813 515517 491076 494238 521571 489929 501728 514536 490272 493940 519228 474414 513219 463731 523240 530394 490205 490018 474838 558059 477721 528249 470599 476423 499513 519455 524192 466712 459292 521562 543154 525239 531350 536479 500127 458525 481346 500415 497068 460014 516931 462894 508306 494663 
510150 516161 541545 491397 548055 520057 554416 543958 569181 561264 498875 456618 508987 525536 527801 534197 547460 559665 516969 485924 548151 545004 539209 503655 503775 489053 495468 506513 534821 493778 486239 521636 546073 561562 551633 488995 503265 538561 550730 499647 526115 490528 517824 494995 470901 500206 535637 483699 472421 514471 539640 493333 497360 544763 549320 511457 494199 526412 525403 517854 536128 526360 536884 519399 541317 520364 556561 517427 572554 476203 533020 487019 544207 487606 491380 534810 512689 482926 499287 541054 513227 515001 468564 484770 498214 461457 481733 528270 550361 532329 524387 495910 498376 540538 454981 508573 577643 508172 530166 501258 515135 528497 531493 537678 513937 509133 491513 500636 553029 562104 535320 548443 514716 528662 456050 517236 546014 505031 550319 534986 518035 542382 540869 497476 522538 575197 490584 491096 482359 476579 508751 494023 484747 510871 478487 467334 553054 524740 480250 512521 522043 489945 506858 529151 520416 495422 509351 521442 466615 489463 530128 511868 525298 529065 514103 519063 516255 534036 521514 546471 519605 517875 494546 555179 507242 534280 514232 495568 519736 488952 524878 555251 516579 520739 497846 576969 491651 535583 460885 497360 523135 525765 557404 485719 473663 539153 550291 571011 552851 515481 517962 479122 499892 492532 502654 469367 525171 492907 506629 514513 
472197 430509 464081 420188 456143 435095 484589 471495 486855 473669 404305 397915 419020 463627 429103 481713 471531 497546 459400 405939 458176 474972 476873 400081 457316 418054 403124 419082 444885 428512 408672 430095 442750 476028 471603 461089 443598 445276 454421 436027 443713 446581 443502 442761 392441 424910 484123 410110 418854 448466 451290 436051 419786 490045 465734 414588 410383 488461 445953 423261 444452 448094 445327 423506 474748 432557 459489 442916 506627 405012 430080 439427 473189 418969 406683 459256 410085 447584 427876 452730 457155 432782 402332 431099 448041 407195 421027 480030 460310 446354 443219 443901 423320 442678 404726 437689 448336 412758 440603 445086 420616 469901 473908 416086 421642 435664 427457 443751 461906 502435 435411 453124 434826 488557 396357 445294 460767 436044 476199 456438 464927 434587 464538 417725 469600 482334 441088 427855 410532 404955 426339 417096 396943 436257 436903 403549 479184 451742 418744 453356 442520 433704 455246 440837 452135 430161 439953 469634 386313 418064 442731 477482 451867 457332 472037 443281 461774 461272 422608 441545 435268 443229 437472 482763 457475 458974 451833 424943 448391 405024 471218 462230 448809 455757 413556 494160 405708 477925 393295 416516 433550 467982 472495 407101 411441 473214 456316 480164 470376 443841 429605 388427 460409 443116 451073 414966 434537 425250 440582 444609 
443754 439313 468247 424676 457493 446112 464901 469436 477755 483632 407102 374398 432122 448959 445003 481804 462162 467707 434665 410896 454582 480828 451172 441600 440277 406740 401834 422735 441872 414725 402499 446345 426866 451461 463138 427358 447899 412345 440400 405717 429369 438220 414036 396157 410795 447653 464125 407077 399005 455654 440042 408607 421074 455939 466376 392291 405519 464609 437374 417123 425791 448149 449964 440451 467584 441056 439500 444518 494319 407965 412684 428817 469316 404559 428699 451491 408774 420558 424755 444715 433332 437098 384513 418862 434309 411113 403781 464334 468248 452135 441678 436876 397209 444790 381343 443181 455011 408236 433040 422150 416063 468260 458225 417390 412678 425478 415667 428910 477537 467188 442352 477205 412020 450342 409584 420931 446926 412121 453739 467395 455544 420674 443677 410386 435653 454459 430911 411029 413560 400682 423872 429079 399578 440521 409802 407153 460560 426067 409592 441877 447286 433826 424090 431904 441905 431072 423707 457083 395017 414028 438782 441294 440005 454820 431476 454347 454975 457033 449451 419810 432208 416633 433170 476597 427224 467151 449013 419397 436725 430676 439527 461696 419856 447088 399570 478888 414744 438186 392634 415952 431286 446870 471511 409621 411999 457718 477510 461433 464561 439576 461375 367060 416999 441797 442112 410102 456410 433096 442680 456494 
482576 481991 515870 476681 505090 480681 493094 496205 537131 527881 472651 431701 470827 493848 471045 524176 510194 542231 466965 449903 512606 505952 502188 490851 498170 443669 478720 490257 484507 448053 427789 506867 497784 488345 497133 484405 468985 480403 518374 478642 472365 457237 486551 453986 450094 472377 510711 479157 454604 499352 510446 471144 454531 492917 508475 458522 477250 520233 499249 455073 493976 493836 491675 481000 498447 489877 517248 487370 523149 434900 484828 478032 494978 467072 467785 501432 489006 476612 464512 515662 481946 482565 453220 450712 490108 459521 453456 513030 537616 511223 502632 496510 447652 487686 419171 479020 511667 470951 474090 478691 466267 510374 508116 473724 502072 466475 474581 481980 528392 521989 488631 527360 477434 534165 470163 486066 501474 479503 525254 473990 483196 495169 501729 478131 517499 520071 461986 448192 478590 430720 487559 489039 463801 485109 445653 443920 531308 481665 460272 508406 469799 475152 482543 498376 480002 463885 493167 500950 429200 452921 502856 516137 468089 507306 496193 478290 497469 514450 516855 487110 480832 489181 471409 515461 486182 521186 500333 457320 510112 473894 499022 536922 500130 518911 455703 498137 462640 505940 424704 456642 468977 512395 526834 442886 441070 502769 523181 499569 518561 484150 493197 440544 507152 475681 495703 451758 488152 452446 482649 475161 
484753 463175 511669 475460 497855 483816 498451 500542 525647 500989 470054 411329 452637 489356 481982 536996 509785 526729 474318 461483 507229 500488 496100 430068 483901 433731 472960 459072 479477 450292 449044 467316 461204 494567 480556 462107 444829 479617 497079 475405 486922 464364 472163 473892 458251 466704 478649 478979 469148 477076 498758 464377 479018 499541 509773 464151 448862 507188 468181 465269 483521 481877 500569 487777 513097 469615 483214 474843 503081 432218 487523 473726 514136 454514 455096 496980 440068 473815 468211 476759 477063 467153 446241 441922 490304 428573 483421 502208 503537 472136 479287 495278 449496 497333 415615 478566 508354 475061 470482 483803 445563 513639 501880 474897 461532 473887 472803 475927 517476 508186 472088 517724 466040 489277 450930 494057 509430 462285 522224 495276 503345 462897 489423 462762 519788 494720 464700 459175 445580 429080 488597 460167 452768 464455 476297 450632 518639 470006 479974 493925 461598 475911 462414 478433 476493 428840 473416 506942 430907 432893 479006 489361 478271 500004 490217 485634 490163 515454 497891 461879 469051 476325 464483 512726 456934 514182 501529 451437 490328 459885 475795 533987 498305 507325 459647 518833 454413 488102 411743 479408 485566 498744 495843 465058 431095 489899 491165 513071 515568 500151 479433 425533 477939 501042 484627 447147 472971 460581 473151 473003 
494788 525592 552538 539241 554164 508430 550003 531865 551066 559652 487001 453600 505351 521541 488899 557000 545025 557151 510806 507394 535593 531230 538228 486504 518738 474326 505217 523724 523110 495259 479116 516104 531783 549865 536645 519272 513849 523068 548618 508154 535890 513389 509313 489760 471461 503999 550058 508593 481552 547756 557617 501820 508139 547456 559091 497447 497535 530434 515056 511909 530896 532607 551098 544345 543579 524958 527875 522117 572038 451533 510825 511797 528840 510738 507896 520036 503080 488065 507072 520556 515476 485831 457460 475137 506284 479825 470548 547486 572909 520896 530269 525425 486327 529669 449899 529264 554897 497322 523826 506043 483419 553419 515811 539213 503214 539268 502128 510590 550019 564915 535889 564395 501033 537483 496192 529433 547512 505629 535567 542592 523136 509016 530735 507455 553253 546028 502862 489122 504304 476918 516125 503814 456304 486992 514494 476049 562761 528246 474470 545188 529152 487477 512238 549596 513243 492884 487449 549750 467342 498030 499027 533329 514825 523312 520208 514059 536646 554401 533710 504795 536907 516881 501374 569139 521365 538343 529554 478319 529693 511350 527490 560026 523306 520977 489909 557212 510315 548329 460452 507934 542545 556072 554808 499503 492526 528689 559917 554606 541935 519652 556188 461541 525465 511545 505779 477013 518411 483018 519281 502568 
501878 471818 535340 484049 506436 503755 508183 507156 520475 534442 469576 421308 477647 518210 472960 520736 524219 539051 495208 477617 519064 507923 494746 491035 491598 436332 451453 505611 496879 455108 461203 489699 480627 523564 524243 490854 483162 487259 481455 474363 478892 466239 493817 473669 461716 485911 489822 467066 463004 501124 518195 461643 476779 527907 505076 451776 472588 525112 465525 482146 505658 485053 492231 513042 529300 494859 480055 499063 538209 443610 466487 461345 517735 459970 491420 528316 467896 479802 474867 492225 497573 468152 466401 457432 497748 473624 474031 517656 541887 507559 512046 506845 465340 495009 412451 478572 528011 471902 517353 497891 481843 515676 510257 476941 474655 492930 493986 489941 529894 535142 500037 533272 471921 517205 453813 484543 508344 466663 520744 512265 497027 483171 510993 462529 506688 540805 491277 479139 484078 455797 472049 469182 467788 501219 491904 442018 545059 501687 447587 489219 498575 470727 474887 487681 498915 456543 476439 512133 457755 460374 482492 501677 490491 485358 492411 483609 505698 500948 510586 495495 502786 506386 487427 549939 483706 517860 478464 496036 498965 478016 518771 516801 482502 501071 466428 501014 471045 511374 430183 472946 500405 521032 538387 460709 467667 479513 515478 524791 532714 509834 510275 447713 488765 482889 518778 465115 484523 463300 493707 467373 
490578 454511 495101 459155 478580 463000 508399 504454 502912 525311 452403 432268 455242 487223 469924 501289 528744 521747 476331 448935 495790 500267 463493 446445 484162 432728 444886 482238 464961 439760 443742 474536 480406 510615 527683 455311 465074 468321 505017 462923 479624 444743 463165 472736 439191 456762 485486 464403 442688 489804 491984 449565 466036 491834 497672 460053 456342 513190 460395 452923 480954 484330 492730 462011 499698 472074 500457 472916 523286 447008 449081 437352 522422 448068 459679 483962 459643 450862 471532 481467 473510 484109 452155 441458 465018 468328 444772 485078 525818 498610 501437 499787 460115 458597 409528 462611 512673 455777 470569 468511 477348 507887 503496 483517 459785 465219 464815 480868 495381 520709 512500 509340 441079 507640 429288 480487 482921 452885 498235 487330 484330 472000 506486 441343 505267 523039 440226 470281 462170 432103 486218 444669 445645 469803 455301 438897 511462 467107 446661 479240 478524 462164 475941 475082 492932 448066 495808 509133 421075 444730 475539 480356 453216 501377 507053 490777 483905 488960 487948 486788 485054 483614 452967 548583 466746 505171 492261 481679 483174 469087 507733 522938 477188 488488 450334 505632 456936 489504 422544 447178 476397 480058 530277 445296 431838 485086 504708 496483 487481 474998 481722 418922 478426 490298 467643 441418 465147 436236 473950 482080 
501910 474971 513426 470319 509498 470723 501079 503930 500285 506416 466600 425467 486566 492109 475326 506594 538005 536685 493462 472998 506264 475413 501094 471672 491665 454650 462280 474566 513801 461290 455920 469326 487073 525169 516574 479422 477331 480740 519378 479071 465984 474257 492783 461003 449075 463125 515368 450697 450476 494102 505861 461565 457035 510506 503184 441411 453351 534639 471653 485071 509767 472362 493502 483478 521894 483296 500960 476400 540689 423049 497201 452533 517430 477121 470890 496258 496433 488360 458375 501523 495519 467662 444246 453570 471530 444578 442594 500510 518500 512744 485041 497046 471035 468903 406807 494331 509310 459916 487990 486505 454357 512142 498305 474812 460460 480968 467344 483404 497330 541054 469073 505731 464623 507642 436068 475039 487290 486899 541870 499749 503858 473147 510452 455681 506260 527132 452958 478991 473905 435417 458927 451266 446012 460472 463218 446744 510829 487964 457309 485306 492468 425281 464010 484524 513179 469200 473224 503178 449195 468828 477664 523978 479575 510919 472438 485100 485271 517502 483560 495068 486983 478539 472890 542488 471540 498152 497865 481867 482308 476187 495047 514176 489563 476349 466189 514503 450373 497607 432309 473294 480213 513562 514752 451857 421312 496526 512534 530371 526374 515356 482110 444800 489854 489861 498032 436787 477902 441269 464968 475020 
497679 483737 504273 470107 520027 485126 547338 528606 537306 520891 460934 423879 467196 501810 475114 520027 497448 552341 491342 475954 525019 504795 502918 447576 512904 473038 485237 481399 509194 468467 457537 495882 475817 507002 495461 493571 465471 510800 530162 463054 473102 480581 479540 495946 473502 468825 506187 470630 453022 502934 497860 449982 485640 511207 517168 472425 445385 512436 462608 449546 495851 490653 494885 480333 528862 474851 475628 480025 531280 440267 473466 500017 509963 458185 464163 515238 477710 480544 481988 476746 510108 485534 435776 455270 489093 445804 464032 522980 529044 494035 500832 503873 443722 474478 433961 510283 483829 490258 492198 502847 461077 511237 493180 473617 476873 487472 467060 475162 520840 534379 498188 526933 480617 516120 463763 479378 512464 480597 527575 503525 495214 478811 501543 472776 548663 525002 463892 485574 468706 433831 502606 472983 481333 479137 473917 449493 532627 479827 469663 491636 498462 453910 484666 494111 499234 440009 483688 509200 439874 464256 498442 531099 497766 512004 480206 490056 511261 530332 508565 491258 480559 495753 483977 537145 473262 553093 496487 465050 490503 469009 488815 521588 489480 502867 471418 504137 462620 499203 420916 489099 488793 501253 535977 460131 451961 520359 517495 539716 526370 488261 501056 451969 482202 508011 504176 455537 496876 451713 480309 464866 
467552 445207 487271 440302 472360 434046 454249 468243 485726 485673 437872 397622 428141 456625 439304 497615 494658 496865 429561 424932 466376 477528 479337 448453 464614 408516 417788 450697 450239 429314 428299 462157 440540 489363 472653 436547 443761 439622 449677 459587 446070 434776 445827 432855 438797 438364 485542 437979 426264 450563 448735 421770 455684 478388 469907 437733 419480 485479 446068 440943 446385 482444 455301 461134 480349 436148 470581 469061 504394 421390 436809 447272 477794 424785 435042 497131 415077 453504 435077 461875 447219 465477 398040 419564 444764 420348 420152 468027 484090 436708 463333 445328 406927 463140 383130 448209 497565 422425 449792 459755 437697 488055 475572 453841 431963 444889 439541 439522 493358 496104 453812 480737 448957 460154 413870 446980 466070 446803 476633 490424 463514 453253 479293 433183 477060 475814 448995 429747 463560 411768 439413 444052 403459 428391 454485 410929 500348 480943 428100 471976 448737 438613 436946 441218 474204 434471 431257 482898 397133 427979 445770 470585 451027 486620 453885 466781 478347 476814 462188 450241 445114 459998 435271 492522 463998 483565 475113 439535 452280 432009 454636 499761 438689 460061 451517 493314 434256 445616 408941 449477 451130 448318 485037 435283 447239 469651 472294 492138 469514 464186 466137 407568 470419 468737 448345 424191 483904 406984 447537 428692 
499521 492742 508328 474881 524080 471560 513445 517988 537521 542274 464974 412213 455826 492567 494706 510711 511416 540353 498094 454838 502827 481728 520878 472793 492652 456183 472841 478641 504348 478747 456439 499050 490378 516722 503131 478938 480992 474576 515007 483844 495532 451224 490293 460328 455785 459512 507192 477200 451908 498307 504288 470067 460818 507699 509410 464048 452170 528823 477796 470079 482476 499253 492358 484475 507055 470154 520045 498748 548755 450713 479572 474716 488268 447230 462637 507804 477765 462880 462303 491359 478975 495007 426598 468155 483742 465259 462999 503629 508740 522610 490089 499442 463839 496731 454773 470839 525786 463195 483425 497382 469424 489810 495146 490375 480765 486034 465703 481568 517231 524346 508784 515568 491928 513506 445380 474826 497855 470139 518877 508909 499556 474015 536704 464798 513181 528819 461280 471059 464631 439618 483408 471290 446664 468573 448416 435748 528914 490624 454009 477036 496821 475550 510177 491112 493894 465958 470299 503192 430799 499696 480290 504042 488435 501995 494246 487966 502028 510475 504295 485384 509794 477926 476978 519043 480728 528791 504965 481463 489445 452761 498663 533929 504533 497215 461358 526587 477768 501329 437124 475546 495564 491755 563446 451035 450650 512376 500332 508814 516900 488046 498488 434055 487471 492472 498609 447923 512354 462894 482205 481899 
541092 500874 548018 527409 535632 521004 555790 511177 541295 571734 485477 481894 498333 515112 509905 543943 534299 557019 526713 500614 527392 536406 545716 493009 533918 478053 478864 512465 545494 489596 491930 526125 511334 565381 544030 510790 498984 493548 523019 496586 524095 506174 503541 491294 477954 504517 534942 477518 474920 510396 533276 490876 493715 546241 535140 498778 499905 558353 507267 510898 528123 515585 516014 509474 545289 506758 522011 517554 561133 472826 536150 517549 543884 504484 476960 530642 493538 481370 495205 531944 509016 508937 485036 479537 526437 502801 478959 529660 539649 532660 522783 517198 489530 513269 462789 526097 560179 522086 530046 520302 499106 528574 544993 522728 493724 536630 492412 511852 552458 566342 523616 545210 509387 544481 480230 524148 536470 508471 537858 534251 518913 490495 542372 502491 553795 541267 497789 490872 513883 470753 500249 488235 510763 508796 506027 467249 547629 529672 488920 529764 527718 485984 505177 528833 511452 479832 503180 531162 460126 517499 498255 540024 516814 536280 513225 523309 547235 531020 508638 513215 529665 502707 504125 559534 541126 529261 515157 487657 510449 502028 532794 546078 509644 519488 498448 549207 502716 532897 465072 516222 543765 532208 560822 485335 481521 556829 532188 559370 553367 542609 520700 475133 531302 529784 521384 483030 521580 465230 523242 509020 
523034 516214 538266 521497 542127 524769 525344 536205 561965 558178 495326 453776 489357 519445 512677 537419 552958 558386 489983 504198 534786 550664 543817 516107 511431 466803 485468 513335 532430 485131 479289 517601 554854 566579 543652 513523 511149 493272 543861 498681 526812 512350 527331 494221 483807 512132 533401 488934 490184 518265 522541 509873 506121 528784 550892 501318 480705 541698 510026 513650 529110 545946 514708 527677 546132 511881 531836 523741 568872 474757 502306 503245 535631 491325 487723 535019 498507 493687 503977 517688 529670 517211 455192 477105 507001 491146 488790 546390 552917 516648 531423 518710 486932 519955 445429 529311 562938 471962 529254 517794 493901 533308 527421 531400 478698 520196 480711 501716 534426 567978 521425 542115 513714 556930 469471 507842 532172 497387 542151 542312 517069 524683 545270 489385 559056 567924 488242 497178 513829 471066 507411 497381 490338 518347 507891 489028 545515 548703 484109 529467 500122 487177 494795 525079 527584 493498 513471 540072 463672 502408 514587 548816 510529 557768 522843 505357 509339 543454 519585 514947 531306 506514 512833 582724 527702 546789 539075 486610 535776 503620 530193 541367 522530 511153 516813 549019 494845 547453 491539 513253 513900 525444 557454 493408 479386 516421 559565 566271 555817 530534 516930 472435 527051 521460 522868 490965 512940 478165 524079 510807 
471238 497492 520367 458376 474098 477489 488793 494302 523897 509316 455070 409742 442836 503106 446135 516795 509939 512641 471915 440563 499100 491184 495225 464994 470331 453513 452226 497001 481611 456611 424319 485156 505315 488750 500685 497103 479982 489254 513608 489993 478860 446738 461105 464685 434564 484608 493019 436007 461476 489876 497825 457541 481040 512069 504429 470686 440125 485416 456943 456199 471398 463233 474663 500430 497408 479041 483522 484155 520981 430137 465884 471427 492083 486438 454107 494876 490484 472400 477806 505742 497121 457436 444518 438577 481882 452934 427761 514530 514061 491510 496109 473097 428121 482470 421032 473228 509505 443807 466323 483709 466934 491342 502880 494568 458535 468929 465566 496270 515915 514661 484378 508049 446885 485834 464516 462008 484965 444436 488226 497797 494478 469633 494881 454508 512119 509858 450053 458083 447566 420188 484754 440137 450716 475548 455758 459158 515488 485989 445430 487046 458911 446999 490842 483959 490206 454492 463773 491183 439148 440840 484891 492115 489462 493279 486156 475729 465462 497264 485847 456118 481590 476815 467255 521240 484137 507399 469720 454417 476361 464891 475480 514940 478413 494853 446381 504500 455423 491419 433657 443346 473663 504964 520695 427942 448032 492622 500030 520085 485909 463279 484912 429375 469109 438869 471221 437959 470204 451806 454657 475886 
526455 495129 533347 524763 533718 518257 544797 520579 546902 545909 494538 458233 490345 522408 497612 554402 535537 574157 519032 497248 534731 530747 541129 469172 537434 476991 480026 498466 537367 499091 484502 527627 524809 553310 556499 521667 515316 512243 542251 487876 512363 496358 513667 499960 492624 506933 524864 479511 469550 522319 548293 490267 505065 545348 557914 486312 465946 547720 496131 496863 534422 525524 512711 525640 561400 514933 543239 495384 572520 484152 510017 497093 555596 507102 476778 525161 519171 517098 513188 545724 519537 501274 469039 482378 502110 466776 488226 540182 557169 522751 535840 515148 491687 523575 456361 538400 562994 498437 539806 513760 485311 546747 545416 511765 498774 543274 512763 515002 574577 577721 530746 551472 510017 531483 501637 531681 532923 514232 537158 548535 527611 529373 527358 520300 555935 562659 506248 489467 508773 467626 506705 476593 478824 516552 505735 491506 567305 518273 481227 538756 518185 479012 512385 545060 510875 490198 505319 555869 464719 507642 518134 529615 523831 549368 516512 534426 532280 550843 531734 508180 514440 535553 500781 562920 519876 557695 533543 490442 539414 516196 543245 563894 535730 511109 511947 567547 505406 510301 465175 523325 516419 546223 555075 479101 478782 535428 536567 574650 565088 525292 509854 465295 525191 522273 513905 476758 509033 490044 518354 511714 
485845 457680 531031 483068 515570 493826 531069 519368 538861 529981 464250 448708 478402 480249 468556 530251 521597 523241 494511 485066 509352 543020 506509 481419 522029 452666 462398 506249 487761 472200 461438 506924 505320 522739 527691 494364 477678 499110 517187 476843 491044 473023 456646 457725 463556 491770 518796 468487 462900 495523 505410 457830 484615 528713 552459 483390 489224 514661 482939 479557 489745 483756 494906 498986 518085 495972 498837 499281 534607 475554 497430 488971 510804 466431 485106 521239 469249 496341 470591 489873 497198 479825 455550 457498 483806 466252 463473 511831 550023 499644 495893 490707 444927 500817 415051 480652 524025 462471 522721 477796 498982 516435 541683 497839 489631 494736 462026 482928 540663 554783 519705 518268 471462 485424 467451 479455 535512 485134 507100 510151 505237 498690 512607 485993 514679 523275 455940 491849 479413 454583 505135 472636 457462 483715 480259 451035 531536 504619 463153 498487 510337 465992 494028 509359 503561 457965 479750 506701 444166 464800 491356 497878 495263 526726 515190 494171 513794 497376 493002 502135 520869 474260 472121 552258 503634 531916 483780 475347 495611 479111 489193 533136 502967 490718 471253 532420 471803 512593 424033 486083 490511 517863 529481 447568 457983 504102 516615 553208 508113 493413 490449 438129 502544 468553 483234 482590 501671 424760 472634 484898 
461996 465298 494868 468836 455980 466504 528184 488104 506432 494565 442015 416413 456722 481876 471369 507628 523780 499026 459660 430022 487456 491505 490889 442987 474407 437449 443637 482068 479450 445744 438039 482673 494826 490902 498121 464826 477621 486754 515206 470255 467885 456652 456943 461433 439285 475562 496841 465607 430018 471627 473838 456244 472517 506155 510715 457377 426478 483460 469808 452774 471959 503034 491177 478064 497673 465153 489831 470580 530986 438715 467006 440951 516611 473575 445036 473354 453083 449372 455180 488243 470390 480093 421502 460665 455271 451027 436672 485228 517665 490900 498529 469189 468701 466289 408290 468377 516220 443411 459209 488775 460399 493790 500409 472421 441253 492827 459730 473371 511650 521224 471480 494079 464171 501475 442193 471721 511012 457745 511346 484214 474208 473026 506448 454767 509774 516944 468732 450271 444304 418933 474121 441016 421806 447312 474113 447790 508589 488606 426507 482151 443220 457956 468484 479315 472280 445655 492855 483844 433408 453687 477467 462133 468403 497785 481050 500487 489418 503208 469095 475623 494123 458996 453102 519783 474838 508489 485599 463356 495598 456607 468604 517372 480410 488267 458481 507391 434865 482578 409546 473398 460251 491085 532358 441354 444826 495107 506976 508777 508174 446937 485305 423600 475317 469613 484167 423874 490028 455706 486552 479465 
463723 454695 488279 458420 473393 462375 506737 453039 487299 479853 434443 417964 454169 426641 452989 476500 505038 508937 466747 445293 475168 472613 477912 424410 453011 415959 429928 453609 474052 410378 424435 448864 472904 489787 491618 479772 460371 462087 478351 437237 440410 440924 435475 450555 432759 447637 491846 438014 440050 457042 478154 452317 471950 475972 478058 448714 433877 480308 439132 434075 485044 470005 490321 471712 487713 467609 485947 457033 499303 419975 447216 417823 522938 410991 437079 452812 428778 466746 442108 449565 460956 431288 408499 436519 451207 417994 429649 474858 483883 464665 482771 481085 442766 443667 410623 475351 463770 453794 477268 442806 427218 493402 481021 462672 426563 451444 446669 446713 500011 500208 456153 495140 441445 467784 421145 463240 484931 447571 491829 494971 457125 455135 450054 418216 513282 489216 436985 447332 435080 417029 477808 419529 427048 439312 428498 411325 512748 460064 431200 452553 441839 411730 428899 460513 455435 420737 457667 488491 436961 419656 430719 480008 444356 461512 490088 470595 449587 497481 465667 449599 467333 437592 446861 508630 456706 482575 466975 435976 488969 450348 453654 499094 456164 459683 433401 476767 439977 478169 390488 474136 464145 473620 479316 409499 417164 468121 479948 497086 490683 454511 454629 410671 467292 477646 450270 426323 469368 436616 446789 461180 
524884 499278 531181 485806 523832 510628 527673 505747 559608 554386 495394 474282 507874 501417 521565 527424 585981 553718 527024 478435 542016 524307 531515 491090 517385 478886 486886 498840 531133 494381 462415 507004 503640 543673 547200 519196 496419 509384 530576 503707 487442 493695 511436 495173 484026 503265 547560 493737 459919 526616 524182 495831 485436 537870 541835 492500 461819 537359 501849 492974 513970 498777 533984 517556 545054 516019 550337 504056 557757 454847 497038 480302 532984 472237 501259 543687 501208 505777 507374 514623 488745 488844 473756 474892 488215 474153 474896 526634 546628 536460 507905 516096 479010 528890 452983 492622 546037 480024 507316 510958 476538 543314 514210 517685 492377 514978 492067 505897 560637 559356 502050 556745 493107 521564 484087 506329 530869 499466 544420 510639 519948 517920 528471 497684 527607 529273 482458 510008 487840 484893 516555 450713 497933 493493 495486 464877 556661 515842 478894 523153 512090 504275 502427 540684 495261 490963 516607 516981 436191 480845 496827 533386 499268 531382 526218 508968 529708 522183 518666 501667 530773 508898 501068 549546 509228 527915 544269 493422 517592 479734 529287 555906 504721 513441 503738 554956 472018 531259 469198 517824 503639 524486 567184 470497 471801 505840 550932 546723 528354 509982 511294 459743 525917 491293 497594 482373 509039 462389 506257 507007 
533127 507587 518034 504296 545320 510943 541296 522871 556037 537780 487221 441076 507125 516363 525745 532175 541984 531832 501118 479365 521181 530115 525409 501941 548041 483200 473307 505934 523159 480682 465453 524271 530650 552924 537164 516772 517300 482327 515564 495807 515878 495700 517931 495051 483195 521450 542712 500573 499158 520389 519087 484280 504168 534652 528707 488634 468269 539032 527640 502395 513451 518311 536707 513112 541508 493213 542170 494306 551245 464877 524280 492572 536215 492165 470815 530465 470591 514475 512761 522751 518502 469541 473085 465998 498173 493254 468187 516129 545760 506904 499085 505456 485038 508754 438332 523441 565168 488436 507245 496892 474636 549294 547451 521045 489206 520454 491889 504996 562270 565515 492334 571477 503554 533499 491594 521384 525006 488595 553721 538319 528622 494159 535827 490685 541484 557504 501832 491701 506147 481827 510143 487107 490153 494150 491985 477468 565204 520363 470263 528399 526672 493805 502023 546689 529134 490037 521721 534271 457520 490352 516331 541618 490391 559400 505905 521210 527565 545145 517782 489467 503439 514393 503596 555366 521105 526538 509878 487805 532672 512288 528618 549721 523251 511109 506420 561507 491559 515396 491791 490404 499042 527558 561702 489035 472986 533055 562927 550400 555344 521265 529619 469937 525445 508723 506934 492695 518932 481241 502211 500565 
519739 495638 545227 506693 526557 533959 537483 515137 546376 564654 487102 444943 502159 488703 521900 519335 549250 539958 503784 495793 525184 522326 528715 479363 513451 475591 485586 487618 538448 470591 474645 507921 523149 550617 538103 523848 504073 497598 545631 480791 514195 505703 495950 499971 492196 495284 537228 495118 472803 515711 523496 474862 494072 541084 539415 491434 483884 528344 503928 507758 507522 518369 519939 523486 535101 513349 512163 509414 562725 450712 516914 505529 525301 488015 466993 530443 489920 496064 487524 517948 504343 506546 469854 478539 512918 480543 487634 531151 525943 530714 524523 499364 479968 518057 443615 504974 547021 492786 501093 500109 490899 534828 512935 508549 496454 521561 514011 500263 545306 572252 506429 538593 493258 529757 471953 510405 512895 490494 553843 529705 517418 514882 501353 481886 537946 542724 481312 488283 498092 475035 509986 484244 487659 491327 496476 465650 553801 542985 467483 533474 509279 475716 480314 519254 524045 468010 503743 520376 436847 498971 502278 516178 502641 527842 510863 525070 550043 536086 509485 515042 516967 520476 515060 540770 505448 534936 526739 499010 514448 510306 522051 549623 498876 515666 513482 568412 465783 509216 456474 509790 527462 534718 547320 481700 463629 527732 550941 584865 552075 508773 524443 476170 505696 501769 496849 481746 523846 487728 518695 509430 
509342 479770 501565 468765 500679 507917 531203 489459 524900 505045 460425 415089 459626 494074 461933 487501 513541 523070 484716 486191 517916 485415 506417 464564 462783 449318 455042 479812 514027 454473 463743 468738 493392 523242 538703 506304 493194 474842 519845 482612 465320 476048 458219 478242 436265 466295 522698 466067 449538 478778 492370 492965 471407 525713 520845 468955 437839 513983 486458 464821 508880 513429 495192 486368 516664 494108 490675 486563 554356 435172 470890 463176 498941 453874 476435 478540 471934 464763 478707 495179 477555 469471 440019 453868 475648 451221 450975 470876 538516 495728 477391 506129 442819 497909 403065 485989 507263 464158 490587 475798 449503 514641 519379 488516 462739 489778 440997 462031 517106 532468 493485 509494 475400 502715 449644 456715 500924 461046 491499 497323 485790 508046 508864 455841 513417 501230 465368 464549 470219 448228 455338 452174 440929 461911 471249 433395 535805 483074 450805 496682 484438 467131 473388 531225 498355 436661 476341 480685 428612 455066 484827 498805 503965 497691 468508 470175 519438 512758 490779 472829 510094 471618 474384 515815 491081 495444 495168 443089 494575 468008 487162 531812 493223 474081 458186 539304 461724 480657 439812 495579 441817 494772 519840 446127 447058 514766 536125 517351 510173 480892 495349 449919 492927 466500 485958 456769 506379 432857 494095 499599 
474715 474805 498560 477964 480827 452618 496460 480671 510526 494680 459067 407995 416549 453073 462271 507675 496956 507051 464648 442546 484547 480990 499931 452489 465217 431694 438459 453945 492745 440191 411253 468188 479513 514682 482363 450168 446360 461176 490737 443363 457002 455203 452806 460912 433673 469333 504023 445851 431315 450698 489739 457928 447022 497218 507239 425545 441433 492459 424161 449103 460656 479209 462518 494479 496725 458198 492079 457726 519308 418826 483880 462423 497366 458025 436039 480816 418432 463339 447192 478255 475721 491277 423582 438299 435318 435801 428715 506239 492739 464809 492153 463426 425756 484321 399502 467862 506022 439091 472650 459064 443871 481274 466593 471454 450763 464306 461309 458625 512315 503289 439858 493833 449626 478014 429002 451841 481972 452545 505361 490073 488321 462788 482635 451661 486262 497580 448765 421436 418318 428948 457209 443335 426191 441137 456202 422204 495941 471672 457214 456949 469832 455351 476223 495296 475119 427714 449773 481076 417006 452314 470203 462788 486316 474909 461341 473084 485480 472146 461098 465417 487059 469745 438178 508480 491299 527034 471590 454419 484031 463044 467168 499830 466961 488987 446487 499971 458062 477912 411384 446362 476483 477370 508894 433137 420951 481766 492388 487111 480093 457002 459945 411281 439718 479877 452290 441516 499088 460064 465148 463428 
494694 485600 523848 471611 523242 505252 525050 496521 547020 512222 494217 436318 463987 491663 481901 536531 513842 514035 484868 475027 486354 517564 505428 480921 485684 433597 470735 491309 517819 475330 446044 490736 482956 505543 505270 473740 462387 495991 500581 464386 513838 479765 479926 448286 434744 475562 512981 463568 473369 508296 511444 468434 479423 498035 538098 448128 479519 513978 478380 480223 496558 481832 502937 500651 497012 502019 505983 510240 534732 450731 509840 464388 526077 475319 477320 516259 466877 472250 510378 516631 502754 504896 468672 473352 497044 452250 470010 510449 524940 488055 511985 493563 460862 492232 409693 497730 523623 476267 499220 477885 490915 524470 488305 477969 493654 505630 484318 477164 533933 544323 485070 539403 480607 522981 459700 496922 523361 474260 535468 507516 496531 487484 490441 473870 522879 530453 464270 459960 461654 454778 487900 443189 463222 496366 456061 452126 519452 487844 479469 494270 475569 474861 491719 476245 504264 436827 508078 510756 425913 468815 491181 505521 488378 501040 500004 506544 513566 483548 497138 484023 495296 491680 488521 535488 494103 517999 523657 463642 518840 480662 504832 531355 489474 497250 470873 534358 470690 505487 456315 465712 495509 500081 524524 471409 442763 478661 518777 529014 525617 505476 497710 445499 493826 498242 483002 446359 524962 458653 493766 477810 
490650 481039 519353 480791 531948 507585 519610 504525 544241 544336 469250 429064 454154 505939 480881 539434 537492 529574 489547 462486 504858 500413 500340 461537 518439 460402 471855 486030 472939 473954 464063 487245 499128 510506 503808 499245 475780 491359 520178 484978 477837 479215 465692 456362 467182 488363 493481 474592 461137 486056 511918 477718 478059 518450 545997 466107 445409 551838 476390 474119 496292 487342 518997 488850 519689 490204 486936 493806 530404 449644 477554 469394 527302 458189 486990 513215 520250 498162 486207 484986 506481 480628 432800 444468 481262 463850 474455 521553 539372 514143 500771 489846 455564 491900 424878 507739 508719 486223 509421 477633 492203 522422 514692 477099 472667 494418 459994 486398 526995 563489 485751 531227 476353 506798 481112 490982 516985 482787 523607 528921 514106 497480 494350 489404 543548 520754 463118 499091 487130 448786 505047 466613 473457 486040 464633 458225 519515 504607 480674 496167 513458 466804 491748 494008 488935 472438 496539 507955 440971 453403 477052 519586 497571 516629 485723 487513 502250 499863 499941 483651 495700 476962 467108 513724 505391 511305 527340 478051 498128 482352 518618 506794 506427 501701 488422 522345 462348 520125 443475 501137 480059 528484 503816 476590 450420 512725 514197 530855 494838 477289 509713 444646 504298 484235 479328 461060 490577 463241 486550 496442 
490104 470663 504100 485803 484906 482623 520253 502689 499519 502109 463375 420268 456571 502531 450679 509658 486037 541124 450213 477538 502868 489683 488726 450116 518656 445491 438100 464582 488191 436921 449600 498255 476909 483107 519273 489402 477983 466526 491135 458432 489676 457654 444984 440388 451085 463511 498875 457638 451374 499177 472942 460103 462332 523622 516083 467239 416920 508107 457585 439331 504384 497497 500134 487023 514046 449666 459045 488722 512512 431806 470012 481200 525474 454453 475285 509651 452903 481329 445807 491940 471169 454847 434562 435574 487335 452326 466098 484220 519796 500772 486889 484540 437394 484276 391289 497635 507165 485433 490720 487533 458688 503424 484690 490042 468096 499974 438995 460852 515169 524013 481659 522273 473124 499887 428571 483433 499238 448621 481803 494939 490590 469611 490832 451220 497119 505432 482683 478864 478985 463437 465081 462299 451459 476637 463088 449054 521404 504653 451584 457149 493412 447055 461019 488656 473329 451863 472299 501819 435260 457218 455005 479836 485417 496026 454521 469840 477911 487204 488646 464526 476376 466267 479998 512906 473411 493771 486141 455126 470264 483351 500276 531923 485133 483439 462250 522710 452521 487948 448940 473400 475271 488155 502148 446423 479215 489709 521565 511772 508999 492785 486306 440932 468768 477722 483040 461180 463007 451066 488149 482913 
459207 464293 486291 455830 502962 474658 501305 481730 515405 508937 450333 430863 460665 458413 449560 490853 498547 493370 451993 458224 466106 470595 464860 455061 457827 441362 451156 470148 493641 434422 425757 483462 472820 493267 488922 465976 468375 463698 482178 447249 457192 452981 454780 476150 423311 472863 507362 457051 442212 463536 484299 448062 457846 483047 492981 430097 432275 463429 458783 469741 461454 475531 467940 481835 485058 457658 485787 466014 511697 429097 473817 453103 498915 450378 462463 477102 446791 433400 470438 467765 465424 446289 423095 428427 464055 463020 435170 486920 507033 468081 481970 461618 425512 459402 402578 474595 493895 466662 461039 463120 429223 492786 474449 433878 438291 463870 428951 464335 502480 492485 491331 493809 463377 476630 434559 462286 502913 443148 477197 483306 474604 458309 491908 448311 489103 489360 459193 454631 443177 405719 469119 454331 436795 450974 415525 418413 499107 482485 440581 484825 460508 438992 461488 477542 468939 446121 447892 479850 415447 466547 447649 486596 455535 492276 478410 455376 464855 461619 451229 467696 458815 462738 446266 500189 474345 476741 468188 429691 480343 464983 466181 489547 470697 491572 430652 484017 438583 483999 414281 459569 468088 471175 478400 431030 430643 479028 500716 514131 492085 486173 456402 433750 466951 476524 451999 425591 498230 436779 476943 451134 
498768 471899 493190 471405 501581 497988 503338 513570 519703 524802 472878 431237 476223 482899 482948 508396 512499 521431 479736 483917 492034 497486 514079 453432 486946 437489 471798 467992 502140 464478 449224 496088 497954 503102 502675 476670 482329 490544 517743 453188 509172 466073 467700 459602 452571 473048 524437 458435 479472 494544 503163 465340 496582 495310 534482 449135 440208 531850 470063 487898 487758 505772 498085 487147 513389 466436 509647 479897 523733 449644 477557 481848 526729 462329 461659 508143 479827 492584 482458 490346 489212 452939 440738 454350 480569 462818 475681 497538 509377 490761 504503 487089 452553 496435 438115 479477 519075 467283 476057 485201 468442 519510 492421 465634 476417 482571 450669 469458 536358 519036 492447 510060 479313 498416 442759 493887 502570 479516 520202 501385 503349 489621 513163 466982 527187 516624 449295 453767 465165 441848 488448 458814 468735 487991 438168 458000 526711 496878 455862 489029 476546 472128 480059 487634 509835 434348 493603 514540 417782 493097 468556 498134 487085 513773 469503 493675 487992 505876 493286 467364 495467 471438 499109 525597 474394 512948 503546 474168 513679 491349 498146 558582 504141 485518 478416 547808 461455 486587 466235 493880 474861 489081 540635 451395 455101 500319 526810 526494 507803 515401 469590 444520 486997 486646 465253 468846 476856 442735 480210 474771 
497948 480331 522970 478318 519518 500451 524069 513926 536324 536219 467638 421791 482024 486897 466465 494310 533918 554644 513063 470121 505941 529863 525861 471837 499876 459775 446977 475968 503816 474261 445098 496672 493781 530657 511345 471222 482902 475301 490332 465782 480107 474800 474809 490119 463702 508824 516252 470821 464820 499816 499157 478389 471750 540964 523122 450450 461399 516736 475778 475143 507263 490760 498348 488703 521180 496369 510685 476508 544301 428766 518537 474588 510832 453227 467887 518663 472646 475216 496911 511040 489514 496334 431793 458513 485118 447900 481325 499214 544327 499918 512396 492345 448522 492965 440638 481838 517728 477159 511454 476431 464718 519044 530526 473237 479043 480617 464813 481620 529270 534423 491453 522503 486132 512080 466318 484580 500646 491922 506928 526049 482406 486932 518869 470485 500754 528421 490506 465019 457148 444297 486081 465944 447064 491708 461087 436232 534764 507387 476237 489924 486417 455585 469346 499881 513613 471291 484895 502558 443537 479711 494755 503878 508353 484986 486774 502645 492117 497551 494018 495875 510777 493427 510834 532920 486060 534070 492342 472039 514495 484601 515266 526744 482436 486056 498497 536308 485152 515702 434814 481903 482141 514378 516962 470140 449988 516919 525761 538651 520571 510486 482943 448960 482437 496232 498301 454168 505697 467040 499325 472064 
492649 456518 508246 458578 479676 492612 516831 493203 515550 508355 462166 437072 472413 500107 476514 518969 530087 540056 483088 447669 493171 485917 491623 434035 469450 419807 454943 476424 490004 453202 435483 487906 483366 509443 533886 486178 479469 478677 481125 463021 489474 462541 479780 451225 445829 457805 498788 440108 440702 486974 490225 493085 473622 509762 496627 442714 442163 514481 450580 454907 486932 499626 498088 503200 507286 480720 478868 505902 513721 427910 447271 457377 508269 450705 447188 487447 470825 475657 456893 507397 504409 465544 445100 455442 473495 458305 454719 509052 515042 504751 494237 494176 448114 503612 417399 496509 484065 462992 482438 493228 464363 500942 489652 497992 468210 462034 461939 491575 510520 545643 467517 510404 438081 498137 450871 501802 501250 456336 519941 472995 501553 479632 496670 467147 505956 517416 472674 479838 458180 430912 462484 469910 440691 448992 464526 437535 515169 489167 461767 482601 486957 487814 469352 502276 451923 430649 483896 489420 418493 444470 446835 475354 496282 473361 469726 473686 495357 508013 476194 460662 470613 491418 471039 507481 467772 499614 512256 458859 496670 472307 492722 544478 459158 489999 462360 534439 451948 526868 430665 471186 455650 506525 510803 459281 448453 500263 524038 509909 494307 490140 510680 468487 477005 465878 485567 442547 493407 458627 487465 486656 
490061 470711 492961 491554 501179 480542 525737 497460 534344 528148 459946 423462 486291 482061 470293 514797 510722 509749 499915 453997 498904 488280 488052 479579 496039 442529 478282 469067 499132 472225 465877 500797 494851 512406 480555 490196 494610 477868 515857 477051 480980 458224 463370 456781 463946 462998 506485 455345 459301 505408 508931 475600 485942 509390 528515 471712 485207 520041 472005 477688 508071 481184 487660 490430 512273 505777 475432 482809 547426 456564 503319 475289 510289 467784 455862 508544 487969 479683 470705 500765 499375 496274 435685 477414 489377 472990 469395 489064 536723 502294 510931 479878 477305 477482 430585 493402 520729 490583 468021 499917 469312 521076 503386 468901 468810 470441 477033 467346 509856 543237 479164 509034 502220 495434 460194 484117 504735 462541 518827 516624 496822 463858 493099 478391 527152 515952 473357 481133 481340 425389 487307 457459 473127 492789 449681 436512 518173 510101 433755 490919 470033 456319 481166 498668 502872 438298 502945 515186 432310 464422 485033 504388 492631 534090 493067 486211 527529 514683 481946 469623 497709 481666 487320 515553 482337 512063 502593 479093 476097 478655 498464 542504 509387 498165 481390 534332 455432 495051 445683 485297 498624 508551 547854 476482 458180 508144 530853 516075 526208 494989 504998 436157 475591 486057 487957 473737 495923 440141 499627 468112 
483359 455232 471671 450706 471156 460436 501649 471925 498041 499760 433910 412917 440419 476261 463539 492346 487074 496090 466339 439753 480235 495277 487180 447241 485794 461559 433417 450110 503495 444065 426227 459757 456692 495216 501775 454297 445465 479051 451501 440398 442208 439786 446709 452764 427779 480898 475760 415467 438432 470324 462102 450745 458822 510488 495970 439184 397099 505949 455304 439536 461563 478022 467444 477327 496853 450885 485430 445471 505416 434204 462922 465308 472493 426980 450936 474036 448575 475813 457354 483475 490733 459838 431085 431481 455196 446348 434339 467026 501737 463784 447675 465362 421644 470147 412523 456985 496101 451486 472195 467211 440792 483415 477427 466885 448168 479384 443435 468650 488558 514482 471171 489152 448922 487026 447173 465121 468081 451960 503697 505654 488521 455286 492670 432994 480764 491072 450616 466708 441075 410165 458508 444802 424915 475623 452654 408568 504770 483300 451454 460816 466614 454024 452725 485710 458685 453991 471517 496179 411994 481790 447930 467543 465014 492323 467283 476604 471296 483258 449819 459610 451210 446419 469288 488840 463829 496279 463178 453062 479902 466046 487067 486929 458666 487358 457312 514850 454847 486981 426868 455045 465281 481094 501143 442548 441002 485203 488085 502665 474192 472089 466991 421617 469739 478540 452229 427684 467452 419113 460979 456724 
500883 451543 496392 470885 482641 463908 507688 493009 506415 520103 470705 427087 438091 476320 480156 501088 495327 515687 466504 466251 517284 500185 473599 445200 497066 470940 459955 461723 507416 440070 422878 483765 489481 527482 495848 460969 466544 466273 500326 448374 474088 474269 463892 461876 438024 472451 526150 465841 449252 465445 499116 454451 456177 502977 514833 456137 405663 498337 466025 462890 482142 496474 476397 485414 499501 463015 512562 479119 534842 425353 472779 488553 472578 454229 424198 509236 458995 445695 467740 495914 459683 477266 438697 438050 456211 443773 446989 502683 520820 493171 478042 479315 451695 490921 395710 465406 494625 444234 464119 490393 462283 480333 496471 468214 470036 508130 456548 465057 506393 532513 491221 505558 450341 535437 444723 458668 484995 482092 497287 479967 479507 490234 486656 461416 494778 526549 455489 453842 446437 445447 486401 444264 434270 453941 453686 412562 512347 471976 454386 483826 488954 449004 480985 496359 478095 459734 477107 478515 432377 454882 492498 487128 488730 493104 448367 477203 493612 486933 481182 473863 478231 470799 454688 508819 490788 510892 491871 461931 482631 464523 470325 510408 481712 495592 454716 508914 451567 478250 441463 488112 465383 500565 505408 451985 444324 481221 516146 520492 498307 488499 468003 433373 467021 479039 478120 449887 489105 440543 478574 448820 
506863 486903 543972 472463 531806 468884 507149 498276 545270 503098 458832 409456 477907 484725 471930 517624 508859 542644 493072 476048 508660 491759 500577 460870 495431 458712 473217 465072 504831 449361 428384 498621 483001 539531 510963 472411 488817 447611 505059 481534 504089 466474 501982 457376 459088 492845 510183 460849 473704 468335 495181 476736 484335 528331 513977 458765 459188 505090 468963 454978 501304 500684 499401 489966 533830 488726 487151 499523 527116 440554 511410 476186 511169 457251 466437 503104 465217 474270 457679 492182 478010 497809 463783 428059 490605 466485 485124 504975 533783 497495 506865 506833 468652 490845 430045 490548 506753 472812 524435 513699 449918 496858 514903 483006 479712 490074 485426 492018 524188 541498 513792 532383 477718 521672 444194 494604 497089 457805 541965 503842 502704 504344 525566 477220 525453 534943 465141 480362 477384 429600 489592 477905 461163 473141 456661 441847 537701 515086 470255 509224 480385 481916 500553 518301 493862 485764 481901 515517 444936 491202 494773 510981 492677 515784 497572 493528 507149 522198 496472 502702 499930 475890 475976 529034 500168 505841 513854 485166 481482 455541 508944 538624 475058 491362 478586 538604 465727 489896 461428 500725 497074 504596 517564 426846 440794 501440 521062 517208 513361 515541 497536 443767 506038 496921 483817 465904 504125 456029 492346 482247 
507885 461225 510754 466585 523549 475197 530682 481856 532848 508550 464260 436051 470270 481979 486721 500462 517796 530106 507889 483580 505378 497739 491512 463991 486931 457567 453516 491957 503329 455226 450190 478615 477984 539218 499688 487460 473063 468571 507627 461274 499252 479814 480834 462510 438379 470673 530753 465518 463417 494026 481737 474676 485235 504162 491831 440754 470056 506436 444091 471656 496277 486332 494020 503514 504321 479628 496506 483524 516569 417057 496127 451900 507754 453189 460009 506586 478570 486377 474927 476511 483581 473904 474592 440180 484237 471761 447721 473556 532494 491527 499262 490327 457981 501275 428828 504190 517202 473040 500411 467664 445512 510211 507892 463691 464419 485772 461985 491456 527413 526896 501356 513999 481156 510756 466386 491538 509262 458350 515371 505121 495030 477804 506560 470077 530744 513685 473297 460443 481927 430095 487177 455558 474988 458766 476423 424311 509423 487964 456632 486447 485735 456246 465103 508097 487865 446412 496348 505572 421747 464698 496902 507071 490107 499961 491075 494288 514508 516211 510021 497437 481913 479646 479619 528537 499549 497143 497913 458032 486643 465668 512678 514506 491868 493661 467469 513721 446240 501602 449769 481422 480189 506390 522309 465354 456628 485334 507104 528416 521162 489950 518234 450747 486380 481318 481032 459273 488075 456800 475628 462777 
483787 461028 503085 477990 482633 482341 513875 499410 532994 487825 452801 414507 478038 467715 472623 484733 513576 527829 474867 476064 506382 495896 482125 456607 468650 439017 469423 501002 487141 438101 455792 480546 459481 519046 526137 496008 454586 451759 504314 461395 474279 462246 477664 451450 446636 497219 496971 464485 452589 514381 482013 433405 466754 519556 518132 470525 465042 505416 475164 474280 485187 499839 483217 473745 506511 447944 504302 499311 534039 431196 481905 461353 516490 463804 466411 513518 475387 461134 477380 478849 500295 470742 426662 471510 459076 461919 459603 479686 521685 502540 471254 469235 460387 502023 403102 480155 510788 457395 460154 471953 430290 480959 499525 459969 461816 482876 460628 469413 515713 500680 491682 501471 474873 491126 449375 461736 495477 470764 498618 501241 482598 482018 489967 471841 497882 512126 470553 452723 464747 424726 474649 456228 461672 453458 449822 431262 513187 504254 449230 473650 473400 465182 484455 486816 515181 452348 475282 483406 418822 454320 488728 502746 501891 496795 464677 477652 493434 506434 503358 465872 491583 471939 488957 519774 460977 516459 478660 464730 477831 456647 469020 517980 481402 496938 472171 546153 446730 498589 428924 467421 456043 488285 515845 445164 464286 506696 532283 534736 486401 482194 486638 425694 470893 503945 472748 462062 472920 440566 483353 476913 
503019 487434 522341 490951 508813 476130 537188 508210 554211 538477 478690 420150 472182 500789 482378 529132 512485 543810 495055 473318 513940 517187 511989 469213 530718 470594 475845 480596 483001 461270 447743 488864 494569 522927 500978 465431 480378 505659 530442 476955 497307 460493 497102 461558 447342 479688 523042 475021 474743 493554 509583 463603 479486 535961 515949 473697 465451 526351 487376 479316 509163 500581 504402 488344 555485 478344 483964 463461 539913 444072 487394 471925 518467 485841 475536 520888 473569 496196 484917 482080 494445 489354 487188 463083 487729 461886 460409 525769 525487 503868 517167 508394 471709 506821 434382 498569 527138 458023 485764 503417 483020 486775 520542 525382 473630 498719 474742 504657 556316 536737 501665 532867 485901 521575 451675 508129 517952 471895 534527 511525 481103 477171 524182 475972 506014 516849 472962 487004 469914 464882 515168 461757 468616 472104 479603 457088 532321 485773 467492 480899 486410 487913 497539 515045 498256 489538 478683 547847 452857 483306 489983 517288 489709 501506 493421 503603 508857 516347 499174 505843 502253 513774 482766 551170 504075 515590 504560 485081 484689 487915 526633 547440 494325 505668 458035 509159 478746 520353 466733 503704 509213 517590 550244 453386 449036 514568 528718 533032 522922 480478 494845 417990 479340 487053 500623 462763 483498 468901 486047 487705 
464557 448972 491129 462862 508922 468100 494216 485097 503817 522528 445660 415471 449811 461317 457735 479931 501548 487840 456731 449751 485770 481820 475014 471525 484840 441285 446013 478931 478086 445891 444475 456921 473443 507308 505185 482079 452957 453484 501278 448279 469193 434964 464630 445538 460268 434444 470436 429847 445861 476773 496081 455500 447752 501674 509269 444017 422411 490618 457805 459420 467973 489592 468955 479026 488693 469947 470570 470447 518236 436906 453776 455396 485866 459833 435864 480459 441525 463515 459463 471061 465961 466919 418654 469617 430383 430754 441268 480000 506482 479382 474360 466759 445141 478116 413731 472526 499137 464873 473142 460725 439612 459503 482653 465898 458146 470805 466102 467972 498419 526383 472943 489795 461483 495163 441605 471104 471843 469065 506089 500508 455587 475620 481623 441911 488568 484967 435276 471376 463625 431249 461820 455772 423964 446207 456305 412868 523432 476783 429983 475104 456514 436833 460816 462518 479288 434198 459998 473639 427742 449064 477951 495559 471934 490857 473282 467279 500625 489487 482072 474226 464638 493625 475843 524087 493523 505529 465063 448879 478863 466536 486036 508675 476450 467456 447321 507602 457668 491399 414107 469236 450642 489310 533699 436926 445512 496511 507515 488464 497098 493373 467051 408022 469178 474449 469632 451155 472957 435973 454950 479604 
545970 524677 572664 532047 549673 512531 572217 537986 577559 561686 494703 483156 510761 526835 516681 543129 554930 582329 520932 540708 553726 529393 528212 513743 531703 487237 495977 526759 528195 490830 487227 539856 536108 567078 558895 533368 521206 525710 532664 507118 518917 511821 522196 497550 469023 514122 550059 498341 498870 530830 537757 506962 527951 572627 547279 500680 490312 531713 503452 507861 538952 544372 534867 526456 533079 534300 537717 513593 585560 475180 505731 527516 533730 506155 506851 557599 532854 513632 514319 524597 540374 517168 468960 477024 540679 505818 492686 538138 571217 540509 538949 533108 484176 530753 456536 545974 562864 527966 557068 521309 497463 553644 545101 539166 518842 523146 493833 545183 573024 590895 551208 551055 523874 549329 491737 518297 573431 509156 555708 562495 550087 542401 553131 516766 572202 568509 493349 507187 507375 455741 514439 504751 499242 514533 504736 482496 569357 530969 488259 527347 525248 493381 520874 543992 531230 503476 521626 562822 483880 524680 509802 548207 538251 539695 538789 537148 543190 547238 526872 514696 528375 521713 519348 564484 534410 559848 525058 489252 531856 513385 543574 559034 537949 530623 508196 556709 522339 564459 482526 514842 542094 529509 551673 479199 501742 543953 557700 592482 545959 518067 531267 487698 541936 534319 526484 486930 536793 477640 523709 520504 
455162 427871 493486 437617 466673 449513 493750 451917 487402 464467 429291 389687 437004 445677 436857 476933 467423 484425 458668 438812 477610 471471 467659 410422 453778 418345 441222 470207 448419 428376 392703 468875 473219 457195 494419 442727 428098 451392 470640 441198 443477 439570 429182 442523 418530 432920 492444 441714 415612 452643 463972 445992 455865 476976 475558 432820 450212 467800 450609 430868 487601 447173 455757 453907 487128 459953 468851 443426 474235 417125 437487 438795 481663 428252 426509 456230 424414 458130 446062 460892 457672 443775 418434 454747 451866 428246 408345 474291 486696 452736 490425 451327 395520 461979 397230 459110 460934 446258 463580 452261 430086 483245 489734 470733 422898 441415 432915 451395 490721 504453 460029 488020 429086 466386 435879 462488 481667 445921 479643 449925 471314 428519 475949 453512 508887 474207 437815 442046 441090 415827 452906 415200 420498 428195 433043 409339 496365 447668 445099 474054 467109 435774 458911 449526 454117 423086 462573 486945 404937 426007 453356 475490 454414 445441 460840 456385 453420 488279 448367 424501 464238 457264 468453 484305 452331 471682 456404 435845 467903 417261 478300 492387 459799 459834 424745 504842 455815 482139 401192 432740 452447 460416 485290 410802 396300 460340 461971 487500 458007 475386 445987 411696 445575 449768 460716 413465 457893 429066 468685 445435 
513916 500546 553863 498900 554414 513415 531928 544441 555328 556853 497017 455586 510129 524314 512087 531952 560506 552356 534681 518380 509069 538219 538991 509653 509195 499084 485848 509306 533804 488335 495982 511663 521146 559944 539228 513095 505951 523745 537511 495859 508376 513732 516747 494829 469637 511712 558390 510362 485275 539297 543014 485983 491844 557037 525920 510464 485873 543519 503700 529586 517600 528523 525932 516558 544881 498732 522592 532934 579553 473433 534183 509503 537691 483429 476371 571554 501813 522866 516140 527535 540426 496608 457983 497077 497668 493761 468279 546263 540954 507199 540639 528378 495730 506641 450207 516179 537383 477439 538830 509681 496511 559104 556676 494216 488454 504222 492192 521590 559172 584527 530132 537588 483716 533435 473736 493638 527990 504638 568221 535299 526864 511047 529198 492955 558370 565829 501677 491090 490509 460582 505409 515387 462608 489104 496540 485857 544893 546058 481314 538525 518327 508767 496839 537797 537409 498957 501233 539832 456340 504085 516952 560825 514539 533352 522352 510769 543447 530382 520859 524199 515319 525804 520765 548981 530771 523968 526052 513180 550525 514524 535136 556200 511158 524501 486097 565076 493119 545511 472557 512035 533448 540963 538974 485514 461215 534151 543711 564315 527212 542802 521727 484165 505077 498512 521824 494097 531577 485116 499456 520657 
506311 487010 526983 475595 500646 501191 535677 522688 536237 523200 489560 448188 485986 526956 470567 537715 514664 546945 509018 482934 507656 533290 519544 472354 496578 473713 508744 497399 530279 476919 472297 510283 509560 511139 527688 505119 501621 511611 533428 474265 494021 471461 485460 495765 461965 493631 520791 457078 458778 497065 520588 472895 498825 544317 550745 468915 467041 515116 498668 471421 541887 508156 522229 505178 535032 502155 513079 483498 545049 453265 486612 474862 521852 502007 473096 502181 477067 502064 468489 505465 522528 508341 477432 440988 502202 459456 454913 518098 524806 536188 507902 517370 472388 509463 438189 504250 525166 482491 480100 481674 489086 539175 541203 513918 481477 496437 479979 502822 544366 517707 505995 524713 476165 525285 466690 495895 532620 498243 536790 496684 512029 483016 503500 466033 534688 543994 500450 463080 482976 460287 494827 485121 479600 490937 467545 486649 522255 512158 469590 513140 493606 500266 488381 507228 495766 474009 516535 524491 455607 468320 498743 509755 524013 497529 481923 500836 498220 509586 490490 464835 506999 493142 483241 531230 520746 538811 481372 471986 505781 493201 475067 539913 500145 521861 474823 544474 473559 507735 435427 480958 505918 510678 551876 473803 450717 521116 547790 531077 531316 518949 494152 473683 505649 492609 494450 468455 489418 466357 504467 481804 
481722 465413 475555 471869 481155 469018 483529 457438 478317 499359 431473 410980 439181 461519 453015 484784 499376 490888 444980 418647 476734 474763 476321 439087 465077 416106 448097 450310 464266 415016 440221 472564 462027 472462 483015 451673 454598 444857 486932 453471 433798 445824 443316 430122 428614 460933 469315 466722 433972 476905 467593 453075 447876 479416 477604 429358 426107 500745 437806 446974 452546 453392 442591 456472 478768 439830 442110 460615 524435 417349 447394 452454 483207 423726 449019 489946 466940 449114 433951 454854 464766 469199 405138 418986 463148 440612 425026 473364 497920 481717 471561 485402 425616 472161 398816 442235 514737 451103 473918 478954 435989 486153 493775 449773 439495 465628 453467 455478 493275 511274 457918 488464 472311 479843 441251 450409 471026 435903 487121 472827 473017 459578 457338 447415 491110 503081 428358 452766 456953 432033 453925 428900 457143 460901 462164 439828 478908 483526 438013 450760 452719 441659 464749 458169 462001 452335 461252 472020 411052 434765 465317 492283 439651 475546 457279 451435 471736 481379 470673 477745 478536 467110 431861 524658 468666 494420 469700 461256 453615 450361 472007 472954 447022 471365 445102 462976 433624 464348 406206 440987 489532 491002 519753 438233 411599 474473 477046 499361 481693 467099 490194 410176 457905 451828 478961 441068 473515 419702 455239 448758 
519164 505593 544433 504561 557149 506636 549701 520059 539664 555297 464061 469462 500492 509574 502494 541814 542241 562336 509326 498498 546850 529064 506465 493018 517172 475401 488924 491131 521842 499435 476365 511681 494563 532940 534185 526215 503332 504076 548042 506699 506372 518227 505243 498467 478133 492647 539039 472433 497548 533282 510422 485366 525774 539360 548475 488780 484842 539976 501978 516725 526502 509656 517067 550760 528025 513533 533226 504956 552676 461138 502068 499495 532756 481394 487640 513359 503035 502093 511888 528926 518745 494823 464373 467256 513841 469992 471318 514729 563607 532367 520904 510640 456916 528722 431414 511610 551678 506079 515275 508290 502432 537662 541845 503462 494750 499174 489310 528945 539755 577566 504460 521563 504957 548372 497031 508586 525348 488873 549533 519160 533561 507833 544086 488770 547083 549842 499810 515069 466784 461118 502179 480928 470852 497385 492954 459356 545573 518680 486930 530967 510159 481476 522426 513295 531690 475023 530164 511540 474394 481744 501384 535138 529516 517176 545700 530008 533174 526193 531446 515071 526986 493873 507888 531923 538811 529053 526290 504185 514467 500789 526319 545442 501800 550883 472455 547228 483542 537220 463076 516576 509628 535758 547023 490362 490364 526604 536272 541200 535327 531757 515110 460992 518436 492696 499888 478224 532270 465850 502548 465323 
513112 504918 515273 480214 507838 520168 524971 503580 536947 543626 477420 449276 477875 498090 507450 515869 520635 536256 495519 475727 498963 510482 514480 460756 499673 425882 483279 485446 517598 479872 471125 516916 494815 519227 524485 481013 485990 484709 529188 497202 497620 450882 469878 476888 480940 477997 523507 470051 458844 519749 539864 475637 466809 518537 525245 499622 482121 535313 506201 476134 503318 462538 505361 499426 535618 494470 499685 497240 525839 463758 499724 481812 526338 468784 487367 518290 487623 484172 488985 517974 501427 487842 466978 487932 496519 479628 468496 506211 515458 505755 515311 527443 476076 501255 445364 495192 535208 503047 507498 489212 487827 525505 519458 522861 488093 481873 485905 481516 534447 537940 513676 535264 490125 502692 473158 494902 515171 496123 529383 504546 489403 490234 517954 492833 533759 530178 476752 454878 473549 462167 500982 467430 469787 486856 469194 466739 537133 500380 467232 514694 488570 494532 509908 501480 481269 444976 478963 518335 432269 470972 471031 488293 485084 501712 485608 483562 507659 515192 515839 491329 508925 487033 477936 516352 494306 513006 519591 457257 515236 471994 499479 544029 497663 512961 490687 549096 487842 509317 449568 488388 500624 513435 553133 476935 453982 499275 524724 528661 510160 501384 519202 445340 498060 492634 496528 464375 507923 454120 496767 497147 
521835 477181 537672 473109 504271 515198 557838 520329 539045 545485 464118 472013 484518 470518 498160 498470 523584 535108 495884 495892 523746 536065 505323 474332 511230 481398 475982 481855 509777 469195 470192 509909 518952 537200 541809 494534 506466 516789 515762 474293 495735 493570 486423 485852 463964 509538 536624 469048 457652 505287 506157 473814 485351 538300 551593 491275 479773 537653 519801 488339 502320 488040 495029 514445 513290 488710 523186 516380 551577 463361 489497 508578 518616 481677 475684 521776 490565 479202 479908 526957 503695 488692 459298 479683 493089 489223 449676 515683 530020 533850 506769 509944 448777 523819 427401 502516 542533 485800 502328 487023 487587 518848 523084 506050 474483 495908 460751 495453 528279 548778 508860 522094 469372 539220 472595 480134 544870 475343 525703 496428 520468 482381 532769 471223 539474 537022 477141 472201 459718 446412 488512 492528 466507 518459 478985 457512 558459 513811 486087 504655 498239 493569 498072 525275 500030 458364 489003 503931 453501 499482 484168 499389 500533 509835 490063 492812 520105 505302 487332 482723 526507 468634 502730 538029 516904 529814 497334 474459 511397 503544 496263 540050 486093 525293 469864 552994 470556 521869 449042 487311 482286 508564 551032 466700 473666 522083 531757 552635 509259 527352 498984 483999 490289 496611 507584 471589 518748 450926 483734 474617 
503761 473492 503565 479624 502179 479301 507658 496454 517177 490347 456316 413082 465599 488485 497323 503865 522847 509109 474345 454791 503678 499027 495974 453337 481089 452372 454196 473685 512456 439345 452942 480894 499254 509171 512989 501257 461378 479389 494562 452028 475282 472298 485806 459239 458606 469034 497602 478407 451773 493871 505879 483202 483501 513312 502680 459957 466654 518562 477591 451123 494518 496621 486961 480046 513001 472257 504480 462071 555751 440614 499984 452939 528697 480104 477811 521542 473699 496730 463056 505538 497974 465549 456462 466455 472042 456546 461350 509114 527640 487393 494254 513493 465714 485350 411815 483736 525708 478726 476074 481396 453258 494635 496179 468977 444008 481907 466119 470058 531108 536582 488194 515789 474730 502372 437884 481732 500966 468710 496122 499332 498448 486035 514759 441051 490545 522584 449486 465805 452149 445820 475314 455466 455196 497477 474361 425422 518841 506315 455894 481249 491612 457856 478291 519785 505563 463000 483257 485440 437456 468047 489648 497184 478786 500602 480086 492919 482633 501347 476984 489347 478619 492384 454247 534524 490359 525943 485654 481911 468045 480034 487710 510898 484444 491301 458386 520618 449938 486832 425736 474262 471672 501814 531680 450389 448957 505137 523818 529923 526990 497796 480018 448084 470875 478366 488662 464275 492287 445482 486133 493532 
462979 467141 482272 440319 470845 474830 499164 455345 495556 494939 455374 410173 474192 487671 452271 479920 494895 512480 463328 431181 474448 476239 488771 427265 468559 418184 445618 456706 460556 428575 423923 493411 482172 481671 502113 451699 469610 455810 468395 433513 464207 446549 464672 429245 413364 432611 478153 431937 440985 477815 457827 453508 462951 488723 480621 436747 430660 482457 460013 445839 470374 476603 462526 482208 491654 476102 477113 463616 505513 406640 463540 464816 487340 453515 443438 482129 428955 439110 448725 484568 475282 448287 415452 445986 454142 447140 422103 471248 493326 456774 460725 456879 457331 460193 380837 467242 505632 440263 458252 471965 430436 484822 482637 466826 443130 462996 434227 441575 501806 500540 455644 492461 455272 479050 444341 474810 468963 443371 504702 443600 468008 443822 497786 449655 507979 491214 449447 440892 438337 391779 429416 442982 444076 456697 454215 414914 503877 468858 439642 468445 444475 434087 459798 463311 468386 431662 458220 464767 418614 441036 450724 493200 459079 497033 455303 449571 494685 496658 467027 443175 486726 472111 464211 503765 458088 501272 485712 446438 482168 440333 476644 484297 440858 454985 448064 511637 428135 498813 427039 448957 454276 476448 504128 431645 428406 475968 505657 495749 495541 460282 469201 426369 469458 438174 453720 430267 475114 443059 468229 446065 
486843 477281 521560 504496 460172 482565 522908 493457 513469 521783 464738 445376 464326 491899 467803 503722 512638 522105 513793 477372 498565 502353 511659 457634 486795 445385 460492 482586 484761 464742 452567 503146 494475 519673 518258 474339 486882 494869 495242 456063 482401 468438 449124 458622 460197 484734 522295 473617 453348 505705 511763 460259 476653 532776 524143 475667 457661 521130 489649 457841 497515 481550 495392 506009 522262 477201 486721 494936 534185 471949 509829 497241 513289 478356 464237 522962 485355 461073 482165 510591 479685 478672 449000 458926 476247 468543 452520 480647 529375 502785 503337 503759 481411 478879 417764 481788 522678 463573 490177 518253 479826 509372 526931 478399 475844 487918 463308 494739 531037 528184 494700 510616 456465 484830 450941 478947 512585 468083 522610 505941 483913 485647 519286 471230 513078 526813 461914 458436 465370 431129 483182 457362 472018 489266 465075 442939 537444 489938 474265 476521 496846 475167 492462 505869 479205 459377 478000 523498 445193 465004 478822 487361 493802 515712 481198 482592 485439 487726 487054 469553 517477 478001 475134 521886 478986 524933 481855 455725 493720 499787 477866 544223 496983 494774 481320 521025 482596 508358 438831 487276 508422 514024 534244 474888 464017 526886 522807 519462 501885 500600 504996 449455 472266 498863 506267 437916 522359 458067 495940 498655 
490896 441348 464788 436614 460202 468820 482113 462380 487874 478886 423263 409980 435341 465418 443257 471815 486546 453211 446215 440884 477512 459988 439901 432096 436556 433618 434223 440045 480842 425644 431471 452805 463426 486952 469538 453018 457331 451473 468541 441517 422636 445136 433406 437637 402590 453393 473286 414905 418767 460539 454805 452452 450434 466077 473520 421459 415652 480294 436621 446471 476145 462017 452825 452082 467956 454721 456700 452122 517811 422353 432590 454803 476110 451766 422398 469595 451876 424245 456867 447457 461306 439365 403006 430329 456622 436846 413706 451261 500345 458997 457196 428858 445856 453786 397641 452088 480932 418946 449159 447465 430020 507704 469930 429508 403846 460971 436389 449891 481114 501346 475054 472179 437576 482092 421741 440728 478363 445392 483085 475160 473119 459462 459684 423083 491928 507772 441837 435905 442452 401866 442873 415150 424779 449761 458380 429181 464168 462380 414556 473032 457120 441277 434162 469304 468865 437255 451056 455834 416140 440250 437695 479490 444744 470395 455442 448603 469286 468582 447188 442668 451183 464649 426997 495115 435186 449418 460086 415427 444191 437068 453122 460649 462299 452373 430581 502190 428926 458924 420581 459508 458443 471089 492222 441928 410383 460330 486348 501973 484462 462357 476362 394734 448149 456823 455747 419066 443434 430876 459205 449596 
496738 458961 526080 486677 516043 485127 522429 507898 535114 517961 462303 408551 478809 473256 472809 481432 534384 542625 484572 493412 495431 497487 497758 449346 495088 444960 453752 491667 494305 453946 457172 483034 492405 522407 532139 485099 462466 477694 529661 461255 470425 485155 478929 471920 449067 468317 517423 457044 457258 505647 516613 482708 464966 531402 509056 461614 439834 518059 474852 480033 494272 491716 508703 505349 500039 464587 497899 487932 546825 426891 486139 461390 511249 455008 445898 507194 478130 479746 487012 489221 501339 488753 450124 461872 482196 449863 434457 489894 506241 503906 479326 495581 468417 482130 424971 461588 523508 445559 492106 474576 461628 496497 516480 497523 466471 462444 450482 510208 522934 557848 481335 499608 479865 532423 458477 487567 502728 487914 526867 485659 481603 489921 484083 461317 519432 528426 469771 478862 474905 438054 474688 477680 441735 467216 477216 450043 519344 471625 465681 489208 482554 473159 463927 499072 506183 463141 492964 500117 436199 456575 465018 498090 482298 477759 494231 501340 502505 513617 503941 478601 494213 485926 499855 536572 477499 512604 495989 466509 494509 483628 507428 524113 488478 510728 468400 504588 453079 504308 435149 470498 495912 495456 531154 449378 429885 517131 527921 538498 513950 491241 490955 450405 498133 487888 487725 438493 479767 447021 466607 481930 
488446 485163 498943 484769 509210 474500 524925 498599 520159 501094 461068 420250 460369 506716 480875 505382 508080 533437 496743 473921 517927 503442 508832 473141 507763 432061 446683 468097 497035 453566 428972 486362 491641 490135 516273 483850 485229 483390 495849 461780 487047 470961 469997 480482 448461 463150 528829 451952 454233 476732 489243 472337 467385 510229 523140 446413 473356 512577 463176 462689 490300 500179 475166 504211 528346 487463 509108 470508 526651 436773 475480 455045 503188 481223 468677 500873 459831 457364 476285 476289 484146 477060 427896 453607 476225 462404 466973 500847 531553 484952 494077 480472 470892 472880 426915 493823 492690 446430 481129 485467 462503 505281 501973 478905 461593 466690 465937 490326 519548 519240 503777 513752 468367 513776 441000 481969 499335 461943 511387 492001 501713 478891 514748 461742 520189 532507 476626 474204 462870 429957 488484 432340 463228 480826 471306 439498 527792 489264 448119 480229 503582 451167 496669 497124 495957 464485 478100 501580 451387 465098 466114 522231 483170 501894 506125 484720 488313 495324 489376 465378 499259 485834 492811 535635 489150 520417 494232 469172 496486 470421 512155 510431 490088 488825 479367 505740 457489 498336 453083 484447 484753 478950 525086 429595 444096 482850 483830 540559 505096 482893 478415 448600 486412 503164 477032 447534 487479 436002 496299 471790 
481929 488403 518126 476929 477009 496605 524024 497465 519778 526960 459849 439989 479748 483324 478216 489705 501917 526245 486799 443963 500621 498408 502334 466677 506849 456885 467928 460964 516026 455916 435691 497230 499873 495196 523739 469923 476980 475449 487012 442758 477742 469690 485237 467803 443554 472505 502688 482374 443501 487478 523503 446711 457404 511137 502937 457770 478851 501176 472095 463570 508006 475039 508983 487482 523069 502924 501830 472913 531473 435120 489758 462349 530751 456472 449672 514842 459337 493567 460600 466912 508419 472304 456118 431341 473394 440773 448370 498457 517829 491309 502079 502806 446313 484253 401782 486379 493271 455759 499965 502510 468790 504481 505217 499623 453911 506237 473575 468865 507872 545081 475863 524522 461014 512372 464918 497862 494857 470250 545316 495561 477778 471933 498323 461504 518381 526859 462846 488264 449328 456999 493768 476643 459279 475830 447955 440445 533953 512193 468388 498598 481036 472636 466714 499505 485498 480379 481403 501091 424356 459077 471164 499463 449560 492842 485679 484572 477342 501259 485566 500352 499632 485820 468331 532837 499511 506954 478223 481226 490365 474305 490610 535175 468196 475449 482118 530330 471639 531830 429642 463719 497904 501594 503668 454014 414438 486022 539085 539762 502205 496890 475985 447281 478414 466045 473236 452438 490287 450560 463297 465232 
477076 479440 499604 460325 517373 482825 492918 500516 543380 513400 457857 424643 446234 481648 447605 509452 505060 526939 460000 454944 493633 514208 481001 457258 503444 454277 470042 489732 482789 453687 458031 480708 477016 493126 496864 461171 443411 486307 526754 472290 469384 464932 496400 493677 468206 474675 507979 453591 462114 486403 504121 456874 461848 515391 502728 481890 451687 513357 472694 452450 487917 486960 484046 498631 508288 453591 491672 458412 530383 426028 483249 477068 461407 488628 473044 506183 487100 465598 475903 487206 493805 502029 453806 447597 453309 444041 442530 487266 513927 489115 489264 482052 446437 489334 435696 465873 530586 461960 475970 492857 464044 513393 494107 480486 455312 484235 468977 469623 508941 540033 483317 495902 467141 507300 445963 442407 491965 469164 504215 494683 472345 505231 494216 458929 504786 502183 461497 473991 458593 454066 475516 458375 458131 470740 487658 434583 520341 490045 456547 500762 508113 479996 474118 496904 498335 440692 486076 497380 429068 452791 491992 525526 482890 499694 477080 471807 493307 489006 480788 463496 501589 493931 476016 532595 493681 523233 490414 456098 489506 446365 501996 501847 482124 502412 473398 499645 467756 500677 442238 451978 490655 499481 517927 441113 437266 484877 509759 534513 481349 484151 495831 429621 472500 484137 474320 447725 479202 431280 450358 498848 
498199 466162 500392 489713 530246 484972 532870 498748 530958 511349 448684 421419 465010 492033 472746 498048 529587 507871 505994 467027 506025 515051 492906 453917 495351 429563 468215 485374 500959 457692 464954 465439 500608 542928 517034 464413 468278 500600 509999 464788 473421 472209 461563 459374 458067 470749 514781 465213 479197 494286 498107 468169 457371 520533 524455 467290 469839 520836 471957 480634 511182 477935 489806 471830 525793 470744 505893 499633 541722 435949 499124 467440 514772 471011 470180 495090 462811 489574 481144 498058 487087 479156 440757 485261 485538 461491 447687 498980 530552 495811 504575 497994 468334 484636 431621 483660 501054 443320 471775 475364 452001 498154 506339 497982 469440 474167 468932 506389 537840 524303 482502 514371 482923 519279 443472 483844 527276 485098 520110 501447 489768 460058 504065 450983 509999 507403 456496 460967 474700 448686 462121 448405 468409 470983 476130 432925 531982 490282 468038 482100 494548 456784 486482 514398 508813 452934 483382 513729 429666 466035 469960 503424 504845 497589 488054 494528 531661 515964 489329 474672 484163 472506 463721 520489 502967 499092 511080 488389 494349 488530 500295 525423 483030 506793 441503 531321 465803 489041 442655 470701 479229 488903 545055 449098 435060 507228 513918 507404 513229 511146 498554 433488 482059 475342 472345 459142 494698 449832 469405 492846 
495177 502587 530845 484892 527368 512671 553514 506451 556570 537043 484416 450857 469959 524266 480998 508587 535620 552926 497443 473937 554032 539775 500304 493422 526426 468625 474352 500758 511551 457357 470209 493269 498032 530633 554401 516142 504814 489967 526702 489400 490302 490732 485168 470324 476915 475414 516128 475243 461351 515039 520869 473554 479277 557866 548778 479709 478343 548870 494533 475648 511147 503715 492656 509211 536647 504112 489823 488094 552345 449800 479006 502448 533059 468220 495638 528489 477759 501113 464403 489617 510485 500068 457725 475511 483613 465877 458564 511232 538939 512725 510024 512917 473094 496570 445771 505752 513804 493349 548332 507339 491693 548266 529988 522747 488709 500930 485468 490926 532725 566903 519051 535491 484510 515541 456864 487303 528420 487332 523978 509555 527683 503515 504247 493594 533645 536620 475619 491270 467790 472076 487996 479706 467702 480959 493054 465387 545413 513657 458296 515937 531461 498374 494076 519886 492918 463664 496627 497139 466349 476694 503477 508876 476312 527033 501405 512844 526717 522167 496160 518832 522764 503251 499998 557774 513038 525630 511985 501519 517919 482512 520454 555851 500593 509579 467131 545592 468012 519352 458439 505867 490639 511883 545814 460017 447085 502385 534948 541373 508154 507563 515534 450676 495572 481449 498894 487798 488438 458771 483531 505260 
492487 466488 520235 487969 517620 502710 546389 504345 527016 534058 474662 436114 472749 480375 500014 517765 514848 545838 528443 482307 517818 524608 505939 464079 508921 448970 475835 503605 492537 486450 454614 511142 508021 546402 500358 488092 481973 509486 511795 478174 507742 507085 475639 470496 472654 493988 515771 469174 466315 494408 522458 484590 489891 514934 513707 477970 441660 519417 485106 502945 506692 489632 517874 509842 514289 497440 506635 475039 536633 449326 495471 484199 524764 463766 466830 498145 496678 469212 505870 505851 488522 476961 455168 457230 478379 474989 472645 506068 542651 515524 520901 500892 469544 526086 421113 503903 518353 466772 481736 499606 477371 510807 493368 489246 479401 497494 474910 500572 535370 543402 489816 534637 482603 529590 470347 514061 516164 476971 526883 521712 516145 501155 522773 483475 539232 526309 483265 480468 470123 463614 508308 445562 480489 474763 474730 465222 532651 510138 448016 489170 501739 472944 520473 511482 495241 468661 515488 525847 440122 444582 478387 505140 494632 510164 492881 487653 497014 498536 512082 475731 494284 487404 485578 525072 501489 525497 518309 471868 502680 515581 518920 543879 499738 506718 484346 540054 475512 509385 425986 498396 506420 533439 538320 466158 456443 523126 530168 542237 515083 505962 520133 455941 497146 500125 495267 440876 496438 465804 467266 494148 
490621 477510 506266 456504 503718 446336 503227 496532 505034 494929 456477 412364 459729 489346 480573 492385 510650 519183 486148 458876 518299 478855 465488 446523 485609 426865 460091 482622 496586 447566 456634 486239 482999 508057 503250 464743 463950 475382 508423 466779 487867 478183 482284 452527 460373 457842 495928 450155 453758 494882 495732 454212 492285 490338 507567 450122 438617 484710 464259 462813 499124 513056 470744 476995 524831 462202 497993 476826 522723 424343 482053 470400 494133 464787 452369 500047 477271 449052 469150 514380 492567 482382 428672 465628 472988 468812 454421 491255 508546 516296 491752 489068 450531 487053 424138 479868 518673 454950 480798 486910 444734 507652 502313 483541 460020 483147 463476 479499 512573 518633 493653 492205 462531 495554 450118 471255 526887 478212 512248 459235 506419 479377 506397 466770 510556 505788 468412 452695 465996 432246 454959 452814 440649 474786 460216 432714 489518 499224 442808 485317 483861 463130 482225 480357 473027 427447 466926 500696 431581 452807 498918 489787 498406 501776 484170 472906 496777 513521 464354 455599 492558 457573 446775 530226 489088 517739 494125 458474 488345 467354 484076 518506 501545 509456 465680 521075 458052 461656 427489 486735 475091 468184 517649 457308 458814 482816 498854 516301 481019 494050 503768 434631 484983 473942 476027 468481 474878 442897 478855 461786 
456994 447356 472430 440026 459682 450986 468904 453702 495089 477069 440186 399304 430308 457672 449389 472762 467010 487014 444747 441316 466736 472946 468994 436164 457824 408392 422330 433547 463770 439431 398503 456945 437988 453645 469206 443353 451455 446095 441047 432779 442226 447778 438525 432531 411711 452774 466910 449969 419096 462412 478686 426400 437695 470270 459240 441934 401142 497018 437372 425393 441903 464568 483081 481916 477661 435644 472657 480803 486212 410474 436747 437033 465373 417609 445749 480162 433124 443989 463882 456938 449097 434926 423830 425356 443858 444012 434658 475012 479591 468867 457608 467231 423861 472069 409893 480664 480890 443819 461348 452814 435100 463895 470385 429290 449131 448634 436548 457025 493542 464279 453450 511578 416396 489050 417243 446304 469517 430096 496448 476595 463517 447154 459517 432607 476582 470115 435903 431346 444405 410524 446307 437324 443030 441307 446828 433438 492623 435557 433932 455802 438329 465570 446474 467993 447487 436958 424304 492192 411109 446056 443661 449443 435951 474596 430682 466823 489524 491651 468595 428633 447530 443747 455595 484499 434397 488319 461693 423221 486355 450075 456417 500157 478216 450456 441750 484698 433548 473893 407684 454210 450211 494638 496723 421008 430427 456033 461804 475516 465869 448316 477815 401376 455253 491901 468681 416225 460494 411196 446996 464919 
502749 495151 533231 500894 502952 507053 513618 522993 529856 520979 495387 431439 469700 501275 464617 536922 514317 541896 484751 465659 505485 497844 514996 466827 516512 444154 455701 465070 483738 456870 435670 481059 495817 500299 507092 460645 476272 496188 499663 481229 493635 482022 486923 457098 454339 492232 524356 463384 459335 503454 506769 488014 464500 534006 532051 479781 468872 532154 476854 470170 488824 499719 521609 518550 522207 491857 484553 504461 511771 450202 481334 482726 507385 466457 464825 506752 498906 487204 493781 495788 514686 470631 438407 459000 496073 469012 454593 518061 534535 494300 501241 507459 447677 499418 436959 506272 521063 451549 512839 494864 473725 528947 512838 482224 472165 498512 463570 495342 519154 562583 478212 514778 472300 518582 464901 484558 506571 461465 527763 520749 501152 470507 519474 484877 540787 504974 490574 492106 461869 456474 485452 477395 454477 490481 491196 460147 538871 508105 469809 519922 497368 462422 485493 510200 499561 465619 483802 527653 435843 481167 457270 512047 481740 507322 484972 489348 498212 511049 495654 486691 503815 484262 483911 534946 486117 515677 510248 483277 513547 478563 520326 543350 496942 477924 478726 534976 478457 528473 442710 471333 503216 520682 531226 468089 455255 488000 508974 529620 506902 522794 508928 438053 478483 485863 486869 479298 491888 455074 481837 486799 
515366 489364 514581 484561 497242 488667 537817 516649 521641 535871 464161 445948 455624 497715 480246 495057 520802 540933 501949 481854 524259 509631 482779 476176 507825 488455 466454 499973 496906 464374 470276 491166 475859 521797 526404 486448 484556 501829 533631 482305 459558 488516 483335 482408 455717 512315 494979 464542 453852 483431 502410 472098 463177 534391 517431 475121 425312 525311 484467 464584 493433 482440 531035 495529 533734 473055 494200 481769 522445 464779 491005 481595 482008 491424 469539 494111 479922 471854 492387 490899 496834 468985 453015 456093 463850 457588 463154 506186 527348 509061 484216 517221 465699 472783 428252 491800 509047 479519 482828 494792 464031 504758 511111 480147 460616 505608 474992 462473 512179 545348 505976 520411 447668 515784 471959 474393 491727 465686 529085 499796 502927 481343 505469 463475 539723 518072 466329 476762 474731 434186 499650 470618 460995 479419 476388 449798 542634 493841 451730 502425 494274 488699 508689 518536 501043 465502 488570 496856 444666 451060 502815 501924 493315 490288 484979 492323 507884 506259 495823 476675 484220 483604 478785 533298 491085 548458 489802 480531 505632 474393 494365 543826 497361 497896 500302 535060 483777 503365 447640 475603 479773 510431 537313 447063 462895 515357 545169 529818 501130 518913 487137 466047 491064 515526 495673 446625 503104 448454 468109 494125 
485373 491356 536846 497804 542762 524901 523802 515727 557155 529947 472079 426874 479420 499397 483800 521740 547102 546375 494786 489422 520024 512763 520049 476821 519432 470222 466970 503593 511230 465507 471432 506197 511621 514285 520504 501134 472802 479129 533179 504036 492858 486843 479130 473158 469489 487552 524545 473739 477110 500506 520942 465042 491241 548110 530404 476755 448106 514965 471465 484315 519535 497640 505733 524065 529980 499058 507762 496120 529459 445796 501457 491051 511319 484027 498579 511711 489521 496981 490583 494857 503745 498595 470311 466959 516740 470070 468330 517737 532932 516520 510025 530168 473571 502083 436789 505130 492397 477801 518400 496897 487648 517738 523093 483147 475418 522330 481140 492984 539610 560678 511215 523816 500281 527934 466867 483087 508217 476503 518899 526180 501366 505061 521010 465088 536549 528633 475928 492897 506871 471286 512117 476397 476690 496913 505643 455109 540371 526279 459128 514917 499542 449685 502823 491937 512613 474970 481690 513531 454605 461675 485331 509387 495574 505617 501967 502431 501636 493836 510200 486943 501422 468268 478473 541865 513000 528157 520822 480289 498657 466345 487368 521682 484773 505203 468664 519321 492053 516312 446926 472330 525681 523087 526792 460243 443920 507791 547551 546669 534458 524940 504716 461670 493088 498614 495032 446672 518802 468197 474704 499637 
513968 488317 524494 504918 534151 480895 511554 516986 548886 538405 482755 454706 484084 509191 513786 559628 539856 552348 490294 500080 540892 544048 529347 490015 507578 463763 483918 492269 548218 466772 463659 522762 512366 569195 526520 478666 487284 528325 527545 497714 521675 515883 494144 467786 478951 488081 552892 487208 494247 513570 525826 488327 499247 535883 533714 500909 472835 533687 484467 500536 531169 517153 492106 533332 523552 501431 541972 505701 564086 464870 527127 497670 547664 495009 478899 509822 514554 513623 494316 526208 536757 524387 463288 457150 514627 499055 460199 541400 553399 514368 515415 499085 476704 516540 435013 514367 545944 494521 510209 523781 499345 512420 516454 506576 502391 519953 501571 493638 560126 559837 537935 524583 485862 544812 457651 485737 532535 503622 560039 548221 525087 516770 529835 493245 544946 560787 489941 519510 513352 451898 498857 485407 479502 498739 502187 463105 541960 517932 492269 502394 513854 488514 499918 537702 502086 478460 505315 536506 454215 493086 504273 514379 512963 541389 503043 508716 523048 509171 506851 501885 523155 504722 482624 530719 514999 537953 522769 484786 521825 514279 531811 538510 521923 549077 493942 533752 490045 522766 459722 501531 526160 513412 528720 477555 466628 549390 567127 550688 531854 518921 516721 467537 503420 526624 512005 459485 520050 474476 501077 520997 
490680 502877 532277 486865 537992 477132 516306 532027 539632 541890 488141 453111 464104 497796 491764 537179 535706 566684 492900 484864 509846 504395 526907 483165 523787 452026 475765 481032 509675 475795 469415 509817 496874 504833 516328 509551 469552 490908 522496 477349 480016 489023 488530 480870 469463 481579 520953 451845 488988 503078 521799 465208 489610 513445 532322 469649 465990 532102 485231 484171 510624 509433 501925 492262 516771 492832 500739 485398 547412 459149 492213 481803 537175 467340 475707 509140 483495 487161 473783 493789 499844 487383 453384 467000 476032 461516 467259 524294 527744 517654 504757 503675 470523 492396 431489 501419 508041 483844 510831 504129 477731 529478 516088 486941 481515 509186 472178 490949 541740 560377 515554 529961 492848 505014 453803 486030 519280 480918 521000 533851 509568 476455 522574 485501 543083 515053 478338 490636 478309 446140 494241 468124 472860 468912 474699 479582 527701 512132 457530 511182 476020 485492 485465 504860 486922 474915 508388 508316 438428 472889 479605 521120 509499 525844 517854 500216 503970 506446 509236 482671 496674 479381 491127 537831 506917 529890 501970 484929 501243 495153 493102 538820 503579 505111 487354 536763 466178 513676 448836 496574 516829 520025 538876 457671 469451 510563 529662 518664 509151 496489 497633 442807 496850 511107 486323 477712 487913 453638 469647 504648 
463723 467017 489103 458790 484724 463192 508857 496634 516820 494686 450184 393884 450788 490135 455432 491286 510318 523466 453588 451157 475277 468816 474638 453205 456823 439294 455179 460896 490838 443847 433128 462662 481752 506737 490950 454582 453589 466743 497862 462982 444398 437089 469171 466911 438067 462392 486419 435737 437405 472222 471390 461095 468723 506003 512821 449847 435545 488656 462644 461939 498627 493479 474633 490887 507592 468752 474819 468683 523135 415816 451848 455866 494028 439670 450254 484959 460942 442283 450000 476186 478483 477831 420446 434758 464653 442437 452941 476648 529399 488577 472381 465401 430582 485084 393643 457615 518554 442541 467840 489615 428773 494784 504692 478874 451437 467644 418118 472596 500168 516713 482256 494197 465813 505302 424208 446866 490142 449233 497826 490281 459638 456776 489911 454958 500329 520587 468635 453949 460671 444232 439806 444378 419436 442995 458810 428598 501315 485430 452252 473516 452077 471420 452315 476292 480534 452732 462392 510752 431377 449840 461684 473625 491430 505829 481782 494271 495927 490223 472424 457836 470325 444352 463099 507712 477948 490369 463367 469596 478757 454541 471053 516157 463125 483802 446540 494032 445492 480384 434535 468566 462259 480727 504676 430296 429955 487195 500899 490252 496569 483963 479220 430564 484893 494532 479922 445413 478590 437821 472533 458066 
518047 510533 549817 486852 527875 514536 550646 513029 519658 549669 486878 462744 480842 521038 500091 502168 527738 562522 498183 463625 505280 512587 494388 489409 490019 478876 485199 513430 515789 467143 459019 525198 496713 536226 538115 501120 491544 496546 527676 481236 497153 482921 495285 489698 464818 494978 529424 494577 457775 527498 521986 465973 505375 555614 526743 477212 468489 536084 504757 461352 517951 499019 529319 493584 524235 500143 499857 531373 533269 446754 509617 478727 537985 487327 477420 516250 484980 455746 499023 536823 487125 500185 472734 469098 517786 488718 469849 515852 538877 520351 518503 510848 450264 507451 421076 497571 525251 483267 496892 518620 492616 531268 532025 499313 470763 513227 507838 496668 545195 550896 516484 539063 477277 551229 475521 512785 537528 488713 522830 516744 491310 488314 524803 485069 516002 543685 498211 460482 495448 445720 480120 484436 475502 491869 496827 464234 543680 512407 486846 519414 495474 483443 504155 503169 499849 476505 494005 522439 458037 480852 512663 510392 478275 531342 493795 518332 507184 514215 515506 492170 510357 504098 483711 557002 506095 539565 534742 501995 536367 493627 520765 565014 509540 532705 476090 535325 453992 516274 442511 499162 500069 526096 560840 483842 467940 520133 542562 535531 507563 553406 500325 463057 511435 524475 517997 480828 515266 470055 494212 481915 
508124 467771 516082 482056 520379 489960 522915 492921 543001 539102 477110 445083 465843 503132 462723 506904 549174 552167 497137 445413 534336 486154 528414 474660 506599 436804 444973 483592 514602 443546 435707 482457 501508 523595 512486 480222 483891 484259 520174 493969 480437 481979 464650 466145 459424 473714 499025 460883 464607 478160 512344 464643 474518 520398 510861 458872 440542 532564 475663 474780 492151 489503 494804 497875 513822 477941 512497 485309 541394 430083 492997 470449 509399 449714 455379 512732 483496 480343 483588 471097 492916 469326 428436 445224 488528 470099 476406 519720 508850 523947 506985 505181 458711 483835 424952 470781 514138 467129 504508 501679 488524 514064 518252 482190 497524 498544 453169 475409 518191 544330 492697 502372 471181 506977 442909 491662 511435 485322 524159 511620 506775 491834 523582 482717 512543 538705 460869 486985 472676 435085 463747 472599 463636 476949 495677 465201 527423 484518 460770 490550 513875 465114 487116 507062 480471 462121 481657 504262 451091 460268 485030 505977 508026 497143 479551 478496 502320 497639 501449 495442 517422 484242 477293 550160 479520 523954 499673 473700 487328 481697 507586 522221 497092 507298 482117 530863 471135 507023 424504 477080 482006 509990 538442 470114 439028 511519 520079 536238 524748 500995 484828 472934 492545 482738 495311 450838 493065 454290 474247 478759 
484220 463098 533798 453944 495311 482038 520130 496468 512504 516059 442178 419734 443674 484035 455122 509110 493007 535751 488788 455161 489047 478513 499883 455267 494338 458262 463652 487645 464494 442211 445054 472944 453323 515107 492037 463975 448965 466168 506361 456073 478042 439646 459736 465497 434879 464901 487798 445871 446413 463367 490796 439580 462070 516105 498600 429794 428649 514514 466293 463368 513152 483936 484208 485857 517912 474166 471492 463493 515904 419638 468445 451417 493273 436579 457756 476472 457536 472155 449270 470820 474340 455164 448881 442580 448793 437809 440810 498800 516098 505527 480085 493042 438567 507333 403429 466754 494057 476642 477762 488882 463927 485660 502249 462513 464785 501583 455034 474813 506512 525553 481373 508347 461561 497220 442639 480598 487586 459064 511415 494770 472014 448573 489959 466119 502077 499238 450501 454282 450349 447700 479815 445345 441804 446651 441646 443028 523905 479894 449548 466341 496126 458953 478816 486577 470406 447927 461586 498995 422552 449358 470525 478690 490312 472299 470406 486266 475320 466827 491620 467113 476057 472354 459689 521297 472340 496481 478456 452220 474516 449072 484290 514561 446880 483051 445378 496980 447838 505203 410758 466650 486856 495586 525131 448269 442779 499286 520632 503459 485565 498505 477862 446323 464000 476249 481247 439353 466513 447630 447970 460651 
460245 453453 468698 449849 477101 458816 518278 452643 483505 484610 428709 405727 455861 459078 455619 476808 493927 488945 439754 425470 478240 447031 483095 451837 458391 437195 437649 466559 486874 402115 433598 429868 443042 479433 493700 462728 454679 456159 466302 442898 440640 433222 464309 436753 420038 428546 469370 450114 427934 465123 466672 447426 430249 493334 483467 426037 426112 478282 468068 434400 450835 468994 460096 443543 477943 444616 457685 484567 498530 388252 443108 426537 503543 440538 418415 472534 431240 467472 433775 455259 456270 439549 404158 434952 461951 446732 402972 464402 478758 493568 466406 469030 416581 448800 405820 469886 475680 436605 454640 461378 426242 478006 477482 442225 430993 465421 442357 462248 509383 509805 443154 463200 482600 473011 417218 448768 455226 425598 492657 469459 463251 439761 459115 423388 481163 499493 455828 431711 442855 408975 450378 440204 434184 439889 435952 417659 503630 502551 443746 447757 459656 434857 463327 475582 450899 439357 465606 445631 419180 439252 453229 474351 476585 473095 445127 472683 468107 466745 458192 444533 476556 462445 437627 491126 466630 469605 482920 473855 484043 451185 470869 478740 460238 472986 408814 473507 431504 481672 397509 464131 435971 469810 495920 440050 417758 466277 492140 481312 473235 482418 469093 427343 445180 454081 472494 428699 481536 423524 461506 444649 
472299 463808 462723 454296 503073 441044 473862 470217 511209 491356 438943 394439 433094 476215 431972 468690 490572 499199 472108 440589 494824 464102 468527 430175 465026 433435 438796 451463 484596 409181 431090 442573 447978 478579 480169 465527 439781 463841 470941 433997 474248 456362 457722 438707 413821 431543 465829 431722 415979 469772 466257 444049 457604 489470 482591 426859 413907 471077 423909 427157 477349 469222 456452 460940 491688 440505 461913 440873 513593 406569 455149 437336 462166 446260 445150 488358 461932 449072 442347 455081 481757 462001 411884 411929 461723 438085 431530 481050 495314 494064 468919 454752 423264 455854 413191 469912 472795 427036 443255 468607 428846 474063 457388 452309 431081 478060 436175 460108 488689 479145 474992 480814 468081 479140 428338 459014 476865 452200 492902 458642 466303 457765 471771 421483 497268 476287 426513 448014 453667 393882 441364 447698 434578 453470 429402 439281 472489 466759 425578 456927 469671 436831 467332 479607 464760 432139 454313 463997 412386 450435 470551 495515 469522 482326 450704 448315 491423 486168 459453 456188 445027 478534 447734 519975 479282 485195 475701 449693 452137 451364 477537 506791 453480 471204 430512 499784 422297 455616 427131 452569 459903 436158 500502 409256 420095 480605 490755 495713 474852 457066 477544 440532 452479 444860 440172 425060 449984 436988 454601 433836 
496308 484455 510954 486140 492127 470947 518778 502806 524204 538814 484043 411449 461319 508019 469082 507153 514306 530093 473723 482339 500019 515099 492780 452418 491810 450766 453979 480781 490993 449248 469299 495984 472177 489186 489988 465332 468322 499590 494283 473650 478595 466686 466595 452935 448256 466865 493177 456751 447374 501661 495698 441916 471989 491162 515001 463096 457045 506799 462207 450530 510235 479766 512478 498815 520471 454779 494785 479116 523509 430688 500917 459214 511226 465259 454463 493039 481845 473246 471681 507513 507216 491500 458024 453839 492069 450854 463684 502205 494010 503197 512366 514300 462435 487807 415858 486785 498999 480771 487585 485124 491428 501602 494647 494249 457147 506525 466392 483373 527263 530790 489821 517577 449843 507938 455836 478609 506734 472287 537738 486385 500496 471577 499548 451559 491772 541043 481265 448905 456618 443195 485351 454992 456809 473670 446671 437330 519949 489433 458530 477692 483445 450242 447022 457618 493295 438036 490644 495043 440162 474962 477717 487930 501452 479506 504680 485230 483235 510165 497493 462920 492172 473653 482030 526732 487710 514123 507170 461798 491539 468385 499204 532123 496674 500985 468710 540925 460386 498129 435096 471284 490439 480441 518231 462941 438254 483666 510765 541920 515670 482103 504352 426359 491915 469549 497886 462324 486617 462483 484020 480732 
508363 470630 527648 492435 537428 497308 546508 511551 524949 549117 487822 425174 481534 497079 484538 550667 534181 561405 506552 493572 526709 517452 532780 473116 525095 457068 473528 500099 499753 474515 469383 483061 496976 528646 511461 491160 482640 493098 516974 479270 501468 493061 481298 507784 476929 473591 521217 473960 482873 521659 536374 488926 511198 534556 537862 479204 470375 550558 495018 498030 540600 502137 505440 513628 534580 506565 521705 489020 557814 453611 501378 484557 525412 472462 477651 520231 488333 509978 494815 510908 522274 511575 469794 470307 478903 480852 454217 507826 537810 531377 513059 485522 475638 513867 444201 505405 531734 491581 501287 501540 500605 529162 547856 504642 502273 508678 482332 506367 562149 570063 488487 545750 515367 535379 483161 502562 518920 503508 522582 531600 505675 488736 512668 502640 539672 517228 470522 482534 498452 479624 492209 470745 469143 472229 490371 474065 559694 518172 479559 521620 512308 476836 514634 503337 527694 460773 508327 534190 458722 484844 481052 521277 511618 519389 507070 520460 519671 558763 520651 457757 505626 488691 500788 528427 505968 545919 528804 483713 515690 514536 515880 540614 509466 520238 473479 538583 490473 506253 439391 510130 510151 517086 532325 473311 481620 506640 514786 542163 516002 496970 536647 456999 508363 490945 489611 482170 502001 448884 470129 508127 
480264 503179 508626 479265 494021 484541 518043 505421 531641 544543 445215 440863 449700 487271 476678 506846 490536 523876 484103 449178 517031 504735 496479 470213 511106 450529 483656 470128 490996 477814 446183 493970 473565 502674 491407 472120 483744 468518 513320 450139 500337 480678 478319 469890 448607 485401 510083 455616 448887 481534 506640 458709 461531 517984 524448 479965 446949 518985 454378 472572 496782 471102 492149 487554 534288 465386 500476 473592 549031 451053 466690 498549 502881 451011 443525 506240 468228 474497 456199 490845 482670 478486 444405 448182 476362 459434 453466 486471 506536 509144 478690 487490 441467 469129 427888 478738 495435 450683 495331 519919 466746 517239 510893 504529 470903 487359 476584 478976 528595 522331 490863 521191 479674 488552 459267 474440 492119 478736 519070 483468 502108 480492 503254 474321 519520 518888 458459 451160 441863 428454 485349 476576 473690 462495 449569 445813 511910 505791 443536 488472 500138 497006 486673 492743 475231 469473 465213 475922 440327 469516 471825 499424 491299 507896 488963 480446 500718 514088 488782 479619 508618 488251 459268 506669 494592 523569 483695 478029 487339 464055 486801 519865 478546 503844 469987 536189 457599 502552 456973 479202 488639 490350 522797 446179 439145 490303 507759 522600 491503 483447 495828 428545 482391 482620 476001 456454 506073 458697 479526 466971 
452492 463485 486830 455260 472621 465799 489898 470221 478182 517808 435904 410697 449915 467742 462273 467833 501603 520793 461785 438696 493475 464206 466291 432849 449574 422461 449240 446126 484373 448961 443354 479192 470305 484025 506193 453604 444182 444814 495645 452376 476593 452250 465402 436985 428304 451840 461646 454410 420094 446658 465762 439499 431717 484551 500477 460879 416810 511423 429357 461203 445528 464820 471345 481616 491943 472858 489681 472114 513869 446015 466701 449437 480282 464825 442883 475104 472729 425819 450226 473577 461825 454677 401496 427814 455101 437591 436471 476305 506249 486451 469666 465942 440548 474683 390325 476505 492226 449831 461872 473730 440646 480162 510589 474490 434343 456402 434490 472256 491097 521657 461593 482672 446785 478631 444928 443605 471772 459570 484816 479753 451166 454740 476735 432582 508785 491387 429864 459385 427614 414866 476539 433264 419773 452467 459509 419792 489015 490492 452835 474785 459821 443763 460239 457657 469520 449975 456640 476284 418266 446716 455868 472866 459878 468078 477173 479241 465716 460132 476468 465442 485972 441330 438892 508909 470167 506890 468845 454172 475196 448878 472723 498410 483611 462096 454390 475423 456987 474365 435337 468671 468939 471741 479545 433342 423526 475673 481862 505889 469004 485938 450923 418712 486955 477898 457155 424918 475260 437927 449030 475648 
496699 495774 503652 477948 507057 517692 528618 489852 533052 537364 471116 469493 494792 513328 497590 506175 530758 529568 472638 471735 530040 502744 498540 490597 510441 451496 483969 470884 504830 449904 463528 489568 494241 509254 535285 496100 477315 510030 526640 463026 495560 494410 466424 459478 463948 470132 516946 467013 438812 513675 496753 490877 512434 494087 534384 478521 451795 536147 485159 471637 512020 512544 509345 537186 526662 523821 534998 501200 541802 445366 466936 487194 502546 498665 476691 494174 490319 491986 487893 524716 493869 484439 462275 481152 491017 474465 470064 503482 531163 517991 507022 501810 459215 512610 452752 521011 534238 486577 485694 504436 493707 537812 493985 496083 482435 510994 476410 481127 536086 545170 495526 525450 478199 522835 471347 501122 509207 480639 517829 493763 519827 504973 521533 464073 529605 526946 441873 483058 457673 461941 496810 481554 455988 506895 469066 440331 533295 494578 484224 486722 518280 471538 505699 524100 489106 475364 490057 486594 477032 483016 479375 521135 499882 496512 501419 511608 517097 523767 483614 498301 519218 492561 473206 527750 501300 526559 525582 454892 513250 493808 502654 556342 484159 511790 484101 537285 461199 514347 455441 508452 495464 510816 539583 469075 469752 513143 520250 532340 508406 478419 501621 449891 493904 480203 488083 476037 501493 455058 496144 497662 
489207 458989 489973 475401 500319 462179 503798 474782 517996 517676 461146 423153 451109 462845 471248 485292 515334 496254 472834 465908 492788 485760 494465 447079 482181 428210 454348 480992 492856 436721 437810 471581 488808 496962 515491 451866 444510 472149 505784 481041 445990 449186 454594 466861 450074 461682 497545 459971 429235 459165 473649 475083 475873 521484 496853 463457 442731 507341 452162 448907 479971 487252 454773 485496 493383 456619 481422 468574 513545 414714 463843 466729 495240 486377 453009 493995 471291 483163 468158 480068 477018 463522 431882 464035 450807 451266 438554 482883 519916 480634 522200 461640 447843 472373 419887 474730 495397 482368 492435 489964 446570 473968 501955 474343 471911 473233 470583 484341 508478 540102 452986 489451 477632 481561 435057 453657 505885 453787 499143 483621 495716 460722 499477 465771 515961 515082 444679 471719 460374 442020 469919 447903 446856 462023 459565 429789 499415 480295 458764 467478 476584 467897 484159 495598 492257 442204 473795 483851 434007 448284 479270 503006 481809 476310 500758 477766 478459 486968 456393 469609 480375 475465 469515 521470 479073 492638 462080 476112 476570 466746 504729 502689 488874 481602 457364 482360 452364 485502 428023 466882 487077 505074 517875 442668 435849 494113 500981 521403 483366 463176 479706 425590 471274 467159 481041 441471 490925 451284 466405 501467 
474016 459203 491809 466250 470543 466559 494995 455124 504712 510954 448127 416639 442898 460479 445775 478707 512789 521767 475059 465990 499698 480819 474364 438454 477354 427706 415100 454316 473497 434183 451137 465307 445092 492082 483179 462864 437477 459717 479784 446192 452139 463831 478143 440769 430850 449325 490028 454355 425204 468334 472838 448138 446233 498331 489565 437354 436669 509904 460722 442047 478755 462623 477158 469026 479146 448665 480190 464650 510694 403886 467714 455780 469119 455948 454336 494060 476503 457091 453824 465289 459137 456252 401390 438486 453249 428576 460393 466096 521143 470454 474165 460725 429694 480353 427633 474841 511977 456907 469106 469476 430581 476350 477472 438761 465221 468506 433038 462770 492318 518152 463043 480254 470673 492295 429040 438115 480384 457312 503805 485970 488377 446675 480276 450975 499880 496129 452197 436293 443629 405843 451534 457185 444489 453933 445928 428130 517256 480882 440194 466870 480509 422877 468478 487686 468355 438745 464325 473146 407348 444972 451342 490775 479082 469543 462716 449873 502045 477803 482659 443024 462832 447534 482687 507131 463382 495313 499401 445518 473501 446062 490476 490657 465495 466668 460133 502047 432421 475798 427097 443071 472280 475306 484151 418985 443120 475589 498912 509103 472208 478325 481978 428536 473499 485880 456445 424056 471240 413719 446032 466149 
481273 496597 522083 481137 506061 509834 527329 496355 542222 508581 468482 429346 466057 491601 474062 509673 513846 515058 497376 455313 503057 522156 509978 478554 496143 416800 462803 477723 496860 457906 447716 504502 488249 498694 539002 497716 496309 494074 511920 471349 479856 487207 478371 464580 474865 491999 502074 470223 459589 490770 497049 460686 487757 522919 550702 494545 468046 534156 482863 477621 502451 506940 491671 503918 518685 497196 496227 501599 530146 459865 467273 500628 510221 498942 490802 513548 483495 485650 486097 502173 515897 494641 430218 476359 481574 458013 495981 520103 527398 517509 508357 495248 447097 493800 424856 517775 496830 489725 522341 501266 474403 509291 493289 487227 462330 508703 500150 498560 510816 549145 501462 501730 488114 496680 466610 478919 515258 459009 526204 505980 527178 492106 504631 458662 524441 526082 466091 479255 459711 438675 465887 468630 443750 498650 466987 436220 532774 508501 469056 490100 497258 471889 489183 492129 496424 446800 471834 497989 449849 467642 490463 502758 473999 515217 498434 496980 514402 480974 478661 493264 513827 471654 505214 519293 476196 531839 505005 497820 516199 499933 502043 539645 499538 507407 495073 549623 472671 505556 460613 464951 489597 502749 533176 448034 469247 497587 532532 555706 492906 524268 494440 438122 479224 488019 491701 468198 495778 485739 501429 492102 
471108 474349 517336 456261 504520 498605 515531 495385 516059 549835 465153 436527 483191 522856 470015 540961 502796 535257 500581 472567 494898 508317 511500 464921 496904 458946 471704 476233 499450 468363 480149 502380 469311 507053 495259 474299 469892 485403 499343 473369 525037 455284 483273 463648 459416 470975 499872 476302 451563 494743 505515 466297 444090 508399 515908 467458 459186 513972 467439 480106 490193 491158 520813 511574 513132 489778 506807 489522 547989 421337 517401 460672 511481 467670 466508 506908 481194 472973 469170 524748 478765 477645 450817 437245 494167 460320 464277 515817 527001 504602 480623 504522 462145 488609 420427 497745 530337 486413 478788 488325 462422 497905 526173 501951 483950 469447 467815 501201 526824 537327 501139 506927 472638 527311 454639 501507 488989 484566 516004 492026 458562 478123 493674 463091 532203 509726 470472 462327 466205 470644 489776 458893 460219 478762 495558 465133 521911 497526 454810 481979 480728 467590 466757 498029 485173 438001 484067 511103 440827 469815 466039 503450 484596 495940 477802 485173 512695 501058 515740 470139 497034 488921 470195 513366 496666 510385 511957 457277 502744 484093 493409 538716 491284 504753 470878 514824 462433 520181 436081 478887 484155 512863 514269 468401 453752 514554 513490 526688 513153 499792 502024 463885 506386 489398 492767 450052 490456 448829 498430 488421 
492751 483889 487130 460574 492788 499127 485641 471286 514007 516753 462089 423006 488035 492373 472301 504233 506881 514996 485139 464361 496478 488006 485044 473405 462493 442807 471288 447286 498268 457423 456262 492050 467381 488737 481715 463836 488071 481771 495431 456444 479991 461414 454201 448420 429085 475389 498707 467893 446559 485522 484513 463785 446112 510252 515875 444708 437976 496889 473939 476065 486910 481388 478566 499111 503457 493154 490214 478775 525937 421665 487499 473363 488131 468529 446878 511334 463600 445555 469017 501312 468615 480398 456743 427695 485339 468678 456820 492785 517215 492406 486943 473269 464241 488794 436662 464817 535672 459901 481854 488710 438591 496779 488182 481403 462807 471149 473916 475688 530122 533994 488618 523333 473424 506841 459195 488385 499783 485177 518849 484676 480348 481256 494632 458989 518999 499563 453078 446687 458204 459593 487086 461411 451019 483045 460153 449854 509726 498167 448072 499546 461970 468526 481609 488393 500419 455835 470005 502998 419183 480892 480769 503945 466593 491555 475266 475457 503899 519332 477109 467469 509947 477741 454628 496807 479122 510220 511814 447000 485287 470726 478058 527181 467316 463398 471870 511069 459585 483876 424868 465564 475142 518760 517261 450404 431203 485265 512573 498708 505129 498121 481314 429510 482128 480005 457705 435897 509454 452619 486929 472274 
471637 482940 495368 474950 509835 488112 543848 493669 529699 501542 454475 426025 469746 494828 477677 522642 510144 510528 492585 436926 500516 515697 492513 474841 478995 432101 470512 458069 481255 441261 449878 488662 475972 489255 484945 467809 457740 480851 495440 458064 470630 482625 451785 470093 455154 480995 534178 460495 456825 511981 490958 464132 501270 494725 538672 462446 469450 499142 470698 468240 492265 480190 487348 471374 489135 516356 489271 469117 520624 443740 501721 464925 508746 472062 458458 514033 458149 459297 473733 482323 482533 487078 417350 454034 488363 441439 460712 513215 519587 483758 485658 467499 453941 476500 421011 471029 511872 479258 462833 461637 458797 527569 499446 480843 451727 471982 471871 462903 508869 513226 519061 507043 468887 497405 444939 467299 519858 475180 503768 491071 480970 473737 485626 468303 508096 513916 461893 458406 453075 417187 479806 458654 456441 469879 455050 447055 507046 483863 437384 494979 473156 448970 480000 487206 472564 437155 498506 502010 436551 451660 469487 498051 466287 471037 476790 473939 514004 497010 473727 458707 479484 483935 483998 519218 478028 521456 506472 452296 501729 488387 490102 502873 496575 500879 479930 515688 448609 515868 427804 483434 479151 493125 505471 444506 441076 505454 502914 531435 501568 487312 466633 420134 462449 476173 478130 446093 479529 472118 495964 479285 
473645 473910 499059 457729 502597 490812 505251 480793 529519 523188 459768 431172 482837 477425 483085 482597 528945 508325 483375 468091 499722 493147 488950 478789 474365 438737 439075 491808 497249 441352 451287 470331 483661 507337 521227 479199 459120 467765 498557 440177 480467 466952 480075 445065 442544 465775 506464 472625 450117 522810 500168 455880 463871 508536 491364 444217 460112 507640 464764 473156 486792 471661 476523 478881 508683 480514 492915 477059 535113 439120 492904 455357 506451 460139 472869 517694 470624 468790 461424 490094 469448 469829 433753 472506 471712 459203 450500 496404 484547 506940 505962 502349 449432 473909 439801 460473 505089 460592 481808 482279 460341 511224 506237 460020 468521 489727 470682 464496 533085 519102 477310 499918 490234 480389 432400 467254 513701 457951 504229 501350 469150 483382 505787 459097 488680 494477 448041 448366 462158 431267 475070 442389 457891 487349 479476 426853 497359 492914 438851 477705 480855 446750 478737 497694 486499 449770 465636 473460 433626 458056 477669 498402 480888 483958 511052 494145 484489 482521 462551 488437 499121 475312 472878 535688 474781 523612 490033 464243 478176 457002 497651 518519 476869 504925 464191 514991 433202 492149 436412 478268 493245 463839 541195 445434 452766 498620 514217 509315 500406 481841 484502 439692 480562 471910 456824 468821 462575 423078 464445 461020 
484878 467171 507034 471660 517029 472871 521552 494372 535882 534668 463758 444172 466282 496087 489775 499479 502732 512093 457115 441104 515452 498755 500410 456499 486711 469369 459209 478676 470426 441423 450222 478322 487958 505774 484334 471171 475733 470211 507437 483778 493971 466641 475218 467565 440296 466209 506582 487768 440689 485376 469471 457646 499366 509129 504794 469689 442361 479555 466982 495490 481097 507567 514769 509159 521882 471797 504327 486347 530596 423427 459684 470715 486190 452137 439263 491296 470415 464320 494490 472794 485492 466239 407750 451022 482270 444102 444899 491300 532212 491627 492062 498439 447779 518993 416765 463712 518921 456587 464801 472911 457046 488268 508362 488231 472372 475959 463205 509708 514146 526628 462049 514958 469118 505407 465393 463490 486848 457543 504534 478548 504996 489310 508547 443480 492205 515014 464011 472128 436386 436386 488202 450098 458854 455106 484985 434523 502675 474978 453958 487761 476704 446731 471241 520597 481069 450630 475606 509715 429930 448567 487397 493562 481726 487215 468871 478152 497532 524362 501746 483979 485791 502588 469090 537788 487003 498965 477862 456024 481766 461875 505818 527584 461855 489761 447147 527316 461745 504920 425787 464930 475977 494861 548755 455272 447583 485156 502727 531572 528485 470992 489801 431596 470891 461138 463322 435831 482515 454567 495511 486137 
479620 455057 506732 445208 492819 487791 501576 480473 495746 509060 453738 423116 472692 493527 450141 489430 487918 494691 484559 447233 502702 482666 484366 447217 481804 428151 464182 464646 505574 469288 449613 474527 500335 492140 504473 472963 461979 473743 491864 451587 468099 451074 453770 445087 446269 475494 487482 440440 451963 478340 522033 456794 478988 493958 499073 438514 443915 501028 477146 457053 502962 476545 485774 474282 497637 467082 499177 452465 530111 435434 468621 459308 510729 436905 454800 479899 470470 476405 469804 482043 498185 462494 446545 447628 458554 467994 440067 493212 502302 512198 468911 474620 445005 483325 427762 454368 527422 461816 469961 491426 460022 487563 509743 457469 453622 451089 442381 472696 540385 510499 489164 484465 441957 491258 448227 498749 506351 481522 497132 479684 462819 452466 506163 450617 514362 508776 453917 450989 460818 431692 473366 452367 455931 457074 441570 444752 479352 489154 453904 479315 473261 453952 477839 480320 500891 436192 464216 499368 433210 460307 458998 477025 475392 481590 476752 455933 474216 502728 478102 466960 460925 484939 462164 508742 458675 506889 465243 442148 479189 467888 471121 504908 485523 495856 469844 525517 453230 497322 417784 463478 455182 493299 524360 446320 413382 532884 498237 497088 491650 491088 487703 430630 482512 482533 456445 428268 464386 425003 450986 465334 
485691 461475 503546 478785 500631 488745 516794 499448 523282 535486 448324 425928 464838 474552 453084 520804 512532 522259 475805 481491 499252 502030 505520 461797 496787 440922 463262 478275 460519 482946 459273 480545 491114 513127 502796 462749 461430 471833 521912 460389 497714 467717 466023 448754 452913 447947 500261 440072 474639 476776 494236 492843 477484 501903 514343 459963 456461 502553 460698 478782 504227 499102 502868 501386 497728 483378 491452 488874 518044 409980 467398 460754 501564 472323 458215 485117 463580 481290 481244 476926 481448 484950 431641 453096 472539 463266 448814 497271 532247 523306 503778 487187 469425 494987 411425 482236 500187 468988 469361 481149 480729 466459 490799 491891 473643 500515 447695 481979 520046 555249 498694 520730 493889 511438 449392 485101 488192 465435 494289 482910 460767 472776 512954 446817 521631 506216 432982 460937 451019 458197 479931 439138 447374 462262 462662 440797 516917 470350 447570 488345 474815 455339 468468 476847 495799 441641 476937 488466 427688 453914 460495 480020 483011 489715 495071 493842 488793 488250 526833 475050 510101 491540 495296 515908 495902 512365 507028 464745 468571 480494 508692 526751 473610 503413 451705 520300 470347 504367 448069 461341 478853 495295 543577 451905 440190 498122 537667 515817 521214 495830 506359 422933 498375 481300 487082 440399 488607 446422 470357 476833 
530475 502292 530089 498707 515422 509411 551854 512928 550920 580508 487556 443884 483542 520864 514616 512245 538504 558691 502711 492320 545480 514241 512102 478071 508869 483869 494306 497926 520802 489133 471665 489999 518267 540940 519361 473296 492727 507612 552744 484556 511374 496284 484346 480583 450322 495316 497808 472121 480703 503881 507012 493381 502589 524598 541534 477804 452222 527318 502819 486776 511049 499842 522565 526870 532837 496176 530706 497347 565329 464328 511675 483214 545208 493819 501574 514571 508319 479337 503166 512973 497816 511160 482561 465106 496161 480039 491157 505424 540565 535606 508082 512591 502666 507353 437384 493319 546193 496949 508681 518060 500470 523177 537658 497043 481793 501956 467766 511796 551610 557946 508887 539686 481008 526814 461809 507501 512312 481707 542363 535367 529501 522448 543684 481623 544691 559671 474286 474516 479464 461871 505011 455759 479699 491896 495186 477480 539147 520203 497345 502294 523660 478695 529623 518540 516554 486700 525966 519325 446978 477671 505766 533085 500767 546915 518381 532366 480547 530369 510351 516921 524387 498328 469132 549456 503103 537091 504975 493800 495982 481962 532272 544804 527563 496016 497296 536663 482227 504014 462228 507385 518258 544767 559978 479499 454359 526072 553124 553779 531636 503137 501903 472299 513826 523427 489434 463217 519672 500179 506736 519358 
493055 470721 493132 491113 507657 483145 521429 488420 520934 515896 426494 424753 449384 470330 478714 476348 519932 531269 490391 465940 510208 479787 485818 450118 488848 434379 455478 456960 507261 446276 471612 476188 477979 493593 498996 484739 478688 449200 500716 459634 483183 476249 477020 465169 440084 466574 503475 481661 440679 489296 505152 477684 476588 516229 500719 452104 432053 512681 477671 452123 482471 480152 496355 485620 511483 450750 477368 481266 551667 431063 484922 460097 498801 431950 458299 489983 462567 453924 471601 486338 471411 468071 450206 462897 482847 462539 460479 474256 505270 490426 474574 505785 453901 473603 417921 477316 510883 479695 479365 492502 449939 508772 497528 465333 452945 472471 443633 447698 494654 542015 471863 508246 491391 492700 451822 503438 488926 455547 498190 484113 494345 461652 513833 446403 500992 512512 451883 456861 465037 447425 477609 463433 451730 479247 461612 437291 501096 499372 436120 470579 473012 459863 490501 485303 490525 440371 487058 482773 439151 463481 461032 501189 480846 506518 477911 478391 505083 504095 473113 478242 494473 452632 476081 529284 485052 505160 496103 457805 464226 467996 476219 514669 480746 478026 474430 534832 466503 492738 440525 472554 475376 491028 515656 446769 434591 488045 512749 516604 502018 505399 486887 448549 470009 494863 488084 458117 507608 428760 474369 489950 
515769 473452 512718 495020 499707 491878 502386 469441 503794 521556 461974 453654 468058 456188 495700 507805 493006 499855 468053 471745 493666 491170 491873 451925 480225 447903 450883 478035 486039 442582 427061 466401 460172 502763 519597 473386 489989 471975 491480 449187 457335 463773 460446 452906 450265 483298 508447 448165 448377 478839 493519 458713 489850 525541 502560 466926 435073 499967 473250 441911 487441 469038 487732 468053 504443 505386 490090 488893 503017 440714 484860 466111 519553 453677 449564 494496 467129 466604 471228 492267 474580 465604 433636 448822 496462 442442 432159 497250 490000 489718 469791 457931 446193 473510 420082 469030 501872 480155 490470 475430 436076 488775 499552 475464 466311 477181 478971 467332 509611 521196 476713 527693 482547 494536 449027 502813 497905 465080 502856 474185 474768 467961 503864 465010 502265 498756 434060 458617 463113 432741 462576 440326 453529 462021 451480 439915 513833 486436 444022 471035 455693 451845 473148 477183 489197 440373 458049 502154 434792 458765 439612 486086 484132 494280 468295 488959 475746 503696 486603 456354 484169 476685 481579 512126 473445 510617 480041 484555 490786 476556 498864 516271 461973 490386 467582 500917 460777 504063 430537 467263 471259 507939 508321 445672 460812 488243 489808 503533 481598 493380 491853 439080 493302 485963 475317 435465 490091 445286 463515 476610 
474053 435725 485542 441691 482757 485883 488273 470095 500160 519031 445945 417035 443645 449927 450812 508504 508177 506331 498830 446049 484616 481524 478855 452109 466504 408146 420259 462676 472448 451827 438309 473973 467761 508984 489371 456691 438727 486049 499907 447069 472839 438636 476507 462308 438132 455964 497557 434984 440651 486914 508116 462427 451073 489011 516466 448642 438399 485037 458287 462336 495549 466713 458895 491595 484179 473752 480382 462011 509421 425017 474516 448567 469168 431659 457676 483959 472233 445514 465020 490567 458319 472103 441907 433269 470300 459053 447702 457300 514868 495732 475261 461158 450869 459667 401788 437692 507371 435835 470159 486957 460904 458339 495972 468267 465709 485151 441755 467659 501785 516810 497663 481731 452151 486647 440517 475865 481613 472507 501323 503456 452740 488591 490803 445776 501070 513059 425969 462509 458905 422352 443789 459343 449158 475121 447246 419640 488336 491448 449964 478079 470299 466734 463289 476553 475510 432992 452896 470280 418013 449455 459107 481649 463089 489683 490886 441029 482386 482704 483534 483768 479371 471837 459661 515905 470799 492580 478357 452826 488479 463206 487465 526097 469401 490122 429889 513232 457474 476084 413336 458179 457935 487142 507561 444917 428196 468692 502076 507490 474841 457902 474692 424938 467277 459552 452287 443032 461419 414640 436443 451383 
510690 483426 515807 460273 507416 487112 545574 500435 550386 510872 482582 438704 452350 511027 486184 518319 514618 532817 509747 460538 513546 511475 509893 486632 488979 471966 479844 502071 511707 489697 465252 482897 492050 489216 524141 497421 487279 481200 519695 470095 495943 487978 492724 453204 440385 481067 507879 454607 468345 502598 513915 481342 510793 511454 503950 477372 452925 523520 489061 472781 523819 510225 510939 499768 531871 500665 487354 488722 540982 443514 492619 457833 496006 459337 478338 504842 468807 487255 492149 504356 504653 486715 452979 485592 479383 473095 460846 503302 511065 532291 493990 522467 471075 519273 413414 503640 503618 486759 481342 496700 488145 522252 534068 490872 455241 474874 464195 509604 529236 539810 483804 509637 471932 518823 487476 494920 522855 476088 519739 502903 503849 491179 512663 454833 520891 525795 479492 464485 460620 462541 480931 476421 464817 489797 490080 453594 508360 503948 446884 516571 484970 481469 518415 505129 496213 448785 493473 501446 438819 459266 487509 512691 479839 505692 492004 489923 473411 512591 490396 475134 480232 479894 475968 545026 501967 516422 500585 456993 503835 477511 494556 539135 498855 508680 445165 547929 485776 518338 443675 492250 478693 506254 555981 476258 441823 502109 537760 524128 508775 496440 509590 447928 478496 467919 477330 466640 498991 462111 476453 496853 
484466 478153 514619 485250 497631 514361 516410 511428 519303 526544 468917 420414 487723 487225 498664 494335 531660 531661 490835 499494 506337 490235 493232 464007 490124 451226 466410 487674 509342 444607 461234 481158 510409 516331 506266 475832 472794 490903 497355 453614 468287 483055 463351 464015 444448 479901 509560 460367 480871 516747 516337 485348 481257 524002 492112 461456 440493 507157 478833 462838 508616 532865 509787 469331 517319 492876 511204 499958 528982 433575 472467 480563 506171 496729 462231 502571 464228 458899 471241 492811 486226 467834 444083 478991 471727 476873 463710 521359 526079 498315 494573 507329 454144 481480 413471 474611 519111 471541 483424 485682 455175 481577 510536 481224 463640 483140 463975 484139 524335 528878 489395 534441 469912 534578 450664 477286 490681 451124 516749 500621 471741 459194 503426 464397 514098 528585 465914 447277 452197 441923 494903 457735 464553 467215 476769 446748 517728 495358 462038 484141 449932 466865 474691 507102 484968 455249 475548 513493 428449 472766 476880 499955 491259 495754 485388 489285 500946 509942 486687 460375 476577 484082 480843 511378 466929 519580 498256 455746 493257 477840 476222 538725 479639 487015 465955 526899 453713 518702 446294 473849 469454 504606 528104 468267 467268 507535 536754 518299 501658 500329 511841 444544 478965 509877 481095 455331 491282 453948 481969 489169 
492474 506584 536300 488208 508020 503886 520893 501558 532036 563343 488762 439596 499097 514047 495108 525844 530636 537576 504394 475760 512286 501910 505138 487116 498497 452692 492814 503559 494720 482577 469747 516320 494187 506084 524081 479722 484609 492013 524682 483497 522096 454682 481017 471733 472937 493493 506935 479463 475091 493388 499261 463316 488925 534578 533891 480261 471670 524226 487440 483760 513988 494435 512246 499659 530129 499429 514565 478481 542632 447653 504439 487904 514954 480866 478259 515649 490244 487537 494359 519222 490313 479264 458871 456157 493208 487667 474532 519363 531823 509154 517750 517580 468288 500408 436260 485835 535088 476938 497760 505850 493821 514334 525551 503029 486018 506716 491973 508941 544368 525161 521882 541962 484546 509909 466054 505951 503893 483189 524139 515217 503888 461471 514643 479480 534896 510738 459511 483259 485519 452842 492087 475238 497836 480999 485755 460814 535555 504742 490341 512256 508226 469223 500732 512978 489519 472681 479517 513606 432220 495577 499991 509649 490539 517983 490264 506712 515838 515738 510409 489059 508726 486194 503807 537384 521211 534274 501856 470118 522649 482684 523548 542355 496305 525364 498383 525713 470336 516624 463404 480182 540061 516836 543742 461859 471731 515700 525737 529903 516424 527830 502894 443020 505024 494501 493499 467011 517043 451727 498386 480693 
509692 466577 491174 485429 518453 465955 518649 525684 535294 516224 454001 432270 439798 508817 490879 500733 522709 504333 469401 454994 514354 484277 475940 458362 490962 456306 463467 486665 529248 463772 458212 464030 487940 506613 511255 499888 480792 493483 525543 496271 469463 482293 486384 469064 446620 472234 501828 459100 449824 484849 496393 491886 471543 508929 518612 451221 409766 520621 459641 476230 481017 509969 482971 497050 507529 446676 490225 472369 532429 417005 470872 480765 495334 470045 451647 488750 488048 471546 497317 479488 491192 468520 431523 466160 480361 455985 445579 493945 526877 493062 506432 499500 465811 500786 415729 487999 493487 483600 489620 497404 463907 481490 493570 481573 449553 478659 452918 475821 536021 553225 484237 502264 468436 520797 454328 469386 512191 462702 511560 499659 513909 476617 509515 457772 518245 514470 449804 480492 461541 452757 477909 438457 454480 462344 474998 432049 520240 464219 444756 463036 485594 467280 464972 503877 496231 449745 508808 500890 440972 453285 476821 492748 517771 470050 459118 482297 482515 484855 496542 485850 487460 470738 483653 520850 496591 521295 500253 480395 478297 452419 503683 505426 462270 502930 466742 502686 485297 509359 447312 480068 459256 512812 543366 467772 452943 499817 535920 508970 508736 502638 488310 445239 479514 484659 490197 453223 484153 449354 493485 488670 
480854 474676 496701 459197 501959 455257 479876 478868 523643 481254 438636 412354 458460 488144 462196 474260 478205 510998 464637 455602 477510 468180 471075 451403 468743 434947 453435 471717 477245 431675 438355 468674 476854 510275 519734 460598 447854 451475 472955 458963 476279 447369 490040 469562 433543 455104 505429 464527 439139 494918 486422 462734 451786 514601 504146 451077 422803 489237 447610 458942 498868 489641 481523 482637 511112 478273 471482 459393 522050 430145 466568 441338 461816 444525 444592 479371 475701 450149 480652 485304 487117 467429 423333 455452 466735 448090 436592 469317 506521 481312 475717 487492 449809 484833 391741 453564 492647 453697 494447 446844 436061 506634 504949 465321 432118 488007 477588 453947 501066 543746 484125 487950 454324 484008 444331 430045 481701 438473 507339 479392 502343 494583 493829 455157 496737 519329 460640 466288 446461 446506 452604 433902 439705 458710 478271 420735 504749 485618 420119 475286 476734 468282 483920 487421 483384 445049 469026 456422 442488 450423 471831 478626 493721 475406 474227 479093 474369 484011 465989 463775 494731 468373 463859 502255 500850 493150 462709 445709 464851 459201 496651 522385 500126 481610 470342 535710 455038 494916 429217 456102 470354 475985 488743 445177 429105 485629 514100 500927 476749 480520 472074 421083 471134 458587 485586 448533 455682 426656 467219 472643 
498851 490943 524016 491148 521719 492327 521848 481352 523835 537742 458613 432285 479733 502225 493039 531322 542992 561316 490976 481346 496593 527025 531411 480299 504582 454047 470646 480239 516315 478362 456153 496987 510042 546979 522488 461536 492407 487404 524102 482626 487146 492634 498868 483174 471383 471982 520233 475737 477026 504344 515874 480761 474608 521828 515648 471478 475137 545724 480356 502406 498868 497863 492487 508448 527299 491011 515068 492187 553705 431897 489727 477072 524242 477481 463943 523870 466443 479531 487208 499872 486034 487758 446188 468127 477474 473010 460505 516889 524197 492732 527853 510833 465141 499153 438136 487701 509102 470871 511786 494860 477821 511532 535032 514939 507121 489137 464642 483239 545614 562994 492762 532278 494830 526512 463694 501200 513499 477327 527744 520589 472086 496765 534247 506815 535647 545117 464571 469474 473381 450827 487410 450717 464616 459722 491850 445262 560627 498391 489983 512618 485358 487672 502093 508171 500189 491318 480603 519099 455507 489536 497620 521642 503664 514187 498859 513631 514093 529636 527931 497623 527733 495396 465715 535428 516385 524016 540436 474503 514607 479728 515928 534274 495552 507079 478085 529202 468581 506044 456017 498191 506280 513011 544823 449103 459004 535367 535282 520949 525818 522821 505819 443240 499806 501161 501728 472175 513493 478899 505226 492227 
443396 445015 467281 443323 481673 432193 485853 474331 503976 503545 441929 378555 436560 440511 423213 459934 493960 474338 469127 430010 458456 470988 466336 438246 462010 410272 426649 442370 481645 416301 427569 455753 443565 462464 461441 434647 416918 462601 479973 446346 439656 445937 446927 439127 412146 447525 468944 427195 439663 472423 468450 430071 433951 472588 475285 429239 419330 471510 459762 460610 472993 463449 449019 459613 470065 446857 464917 428205 496012 403650 458694 437077 458574 433200 444921 454257 436741 434880 422817 474866 457005 467111 414486 415417 452681 440229 421717 460011 498936 469210 463993 463015 405790 447978 385017 452489 488626 414799 455462 451014 418858 451573 468355 457779 446264 444474 414833 457172 487677 495508 450808 476943 444220 488165 428725 439636 465883 445800 481176 491234 441656 431282 462062 428162 459253 476753 427071 439619 438046 402114 447446 463801 416115 452483 428767 412810 477939 462235 434321 472067 449651 427455 426894 465254 449181 435052 440306 486989 397561 433093 456264 468010 453077 455075 455169 447236 469260 460972 454676 441405 451854 427124 444613 495262 463381 475574 442373 428627 455462 459294 480411 472365 450419 502427 424328 460685 445603 457490 380680 427112 459726 469920 473346 401059 407037 484572 462031 489358 474960 429184 446190 399779 456766 439984 464128 413433 445386 426045 437464 448625 
501503 490822 506075 473153 517505 498063 521620 502569 525115 524435 470955 412009 471729 472871 469694 484453 503893 525573 492160 460280 514435 508135 511432 454131 500053 456054 451858 475994 488771 436285 456209 501758 491463 510518 499008 487291 484612 493338 497124 466231 488744 476853 492281 491810 474218 470291 524731 467512 458949 492768 494345 461797 478376 517232 531091 448940 444250 523477 491307 475338 502899 497467 502103 492933 501903 479227 501677 463791 545582 445392 502686 461260 495588 477091 474605 513868 463643 478026 474594 501864 477722 491182 438538 448523 462524 449416 451448 495789 517710 504486 501903 476659 468139 513161 432849 488777 525365 443703 476986 457483 456391 495125 504851 477063 459340 487209 474792 483875 531191 529673 490294 526604 486209 502380 455600 484397 484703 470418 512646 519955 497516 474254 500247 450348 517534 525747 464280 463994 458583 455461 518900 461143 454122 495597 475490 435010 527968 499532 468406 479970 489851 467982 474650 499321 509376 480791 473871 506978 426991 468284 468748 499362 482829 498413 489646 491459 508311 498333 485618 469883 502966 502525 498093 535103 481506 536249 512421 463012 489799 479663 521440 531201 486226 499833 488460 530546 456707 488646 442244 484366 472571 480785 527056 445142 457244 493797 509586 529521 503000 489013 486237 445913 472716 486382 481485 467057 502463 462488 469193 481808 
484995 479457 532244 470149 495919 500409 513298 486284 533148 501438 461715 428041 461898 483664 475280 541371 503387 515345 493922 484107 485489 495599 483251 465740 484187 439508 469366 502320 493474 458540 450423 516672 470540 514333 492662 476801 457752 478158 498508 476575 471246 470260 494914 461115 459773 481492 521600 472276 455942 509554 514839 461966 478971 487465 512271 462783 483462 511175 486162 477662 506861 494431 502404 516459 511909 498698 499862 489617 513211 439167 485445 497196 498785 470625 476475 497755 466027 475763 480676 488075 502073 479562 451245 463466 505192 458374 461907 490155 522200 472576 500453 483409 466077 486337 415254 493022 505976 468072 484223 481130 454762 518171 509297 477686 466618 500000 503594 478256 521770 546648 511623 524373 469397 518716 461525 497874 511199 449137 511869 506407 485390 475975 479457 468669 505111 537897 471547 461392 476581 456031 492521 454646 454837 471636 479089 432831 520886 507755 470185 511144 480696 490747 481865 487645 492590 453211 477970 490927 431856 459212 485958 483471 483333 487031 486419 470982 505673 502414 503995 467997 486702 485595 478270 515001 489096 526238 513609 470312 502134 477909 488995 537542 497291 541574 461840 546610 472596 497421 435954 475676 508663 487164 511592 462508 457257 513667 534691 528348 505884 489693 506407 419789 492166 492371 497294 444570 487284 452756 474074 480690 
487197 468857 504098 463571 508334 492468 542987 483493 517376 525626 472589 445895 473693 489036 478797 527571 492040 535223 484022 457904 491883 500188 518295 469988 482117 460532 466831 477956 512225 462970 463314 481011 465391 490377 493550 472835 481549 496407 509338 468002 477101 476371 453311 463588 451315 466780 487955 452455 471907 475665 495898 471128 470798 510647 495929 465406 454487 518860 481916 458232 485446 484948 490732 487285 514592 492897 494120 493832 535431 437367 485766 470193 498536 462856 475243 477391 473612 475469 487010 497543 484958 477858 433278 469550 484016 468445 457662 493528 522044 519400 488217 500117 457338 471286 422411 491487 507994 479291 465207 492871 471250 500677 488784 474696 484685 485203 451737 470760 506400 511127 494578 503227 468313 514643 438824 494226 490507 466434 511864 498146 472128 470413 505167 452961 516159 503260 465164 474323 456251 427317 479154 447005 486169 475362 461289 466297 521647 496882 460697 484992 498133 457091 500262 486896 480651 449805 481352 491580 430632 458826 471394 492886 484174 485044 479681 463589 502352 498054 484968 464998 478154 484792 483343 505853 470217 528373 497152 454903 499608 463625 487378 491881 478351 506384 469366 524413 454455 500042 418936 466797 479847 502864 523153 442933 429660 493837 501940 543024 507260 489361 479754 453610 476658 477323 477250 441748 488157 445519 465878 488005 
550065 525858 557821 512050 545634 523535 559800 527906 589549 561889 498050 453921 502618 524101 501735 563241 537700 553948 510101 518293 540941 540831 554197 493592 515281 483018 499938 515071 547732 471623 486674 555405 544733 546338 560944 515113 526297 514114 530396 514476 518734 509066 499978 492419 486496 518458 549442 499568 499399 521267 526530 497695 517779 565025 542843 497228 508236 550111 494460 517894 552960 530018 517819 538970 543768 538098 533624 522811 576539 489343 530717 533688 563603 506566 507020 546478 496616 528626 511169 547982 526788 528726 502553 486518 514541 493505 502356 536769 557896 538048 542331 522185 485275 533075 449045 534799 560655 505986 546273 524093 484106 552606 559475 518308 521274 530971 514899 528416 555428 563782 515928 539351 513977 551151 497804 498069 537890 502812 567155 536589 521500 517770 549970 509589 568210 555876 508506 496013 500881 467634 524219 486462 504946 511787 490217 488668 555160 545923 484666 543519 517504 502607 533482 538425 551091 496592 528211 532377 477706 509037 531791 531775 518395 556018 548403 533223 561837 547517 537619 516431 548930 500831 519514 570305 521464 558347 530761 493978 551995 506556 548873 549490 501878 535515 487595 570303 505822 537884 474734 517936 513908 545617 545410 478401 483612 541318 552525 577170 565645 523472 533232 466520 523962 510495 517068 488999 517263 516464 527567 513205 
502300 492174 532570 470731 525938 498746 538792 519915 530138 542976 452759 469246 496464 500264 490386 518182 533841 551567 515453 482713 511038 520407 528117 478663 499549 460594 480694 496598 509557 485077 464220 510312 502259 529085 522242 482282 504220 502692 518301 477636 488259 493169 482298 465604 471078 496035 535809 469871 483851 515941 510310 487082 482158 533675 547905 462625 473290 530092 485631 491863 507819 496857 519446 504149 529910 513627 503107 485596 543829 473117 501192 476576 531436 449884 489696 514699 502009 489449 494971 499131 507047 511722 438323 475221 494358 485055 442504 496328 540609 514172 513507 508653 466301 491238 452164 509455 516058 495290 526286 498214 496112 524320 508747 487057 469588 504760 466505 485035 529616 560957 526318 526305 475907 505725 462548 492138 525275 484846 526729 542675 532038 499601 523532 481193 539303 525751 485978 499616 456285 447159 498129 463305 482964 491860 468108 469573 550924 495413 481379 510554 510691 480653 524376 509116 499182 477105 509467 515467 450591 486066 492120 510242 501589 523793 508972 477491 489113 507781 489868 512311 528117 480760 492710 529952 500081 513217 510214 469897 504298 469138 499228 543950 499181 514464 473544 558999 475144 519674 443286 471608 498138 502738 537133 459573 455178 493461 542242 545453 499887 522566 478512 467208 473816 489640 484473 449387 502856 472823 492656 473862 
529435 513134 529065 518100 539103 540147 558514 528271 563740 566464 502521 448782 517204 549657 509509 548390 546089 566524 537969 498183 541208 532883 525912 469109 509377 486603 473845 491081 545821 479710 500963 529113 531819 562886 553589 491244 515930 519345 535833 501829 505982 521418 519079 497737 458886 515788 536739 515568 489619 533778 531229 532854 495185 548186 542723 492554 476615 561072 511050 518522 510694 499836 521972 524294 549747 514415 506302 532880 577172 462145 542057 507570 553664 518246 494680 549336 513582 486232 500630 519873 514416 509990 455587 473087 527806 492532 479071 522072 571493 525698 535391 523971 493089 516493 433059 521403 551157 502479 522538 522317 480403 555426 549751 512901 494331 524741 501148 506474 569112 569072 532380 538486 518577 553022 476916 475928 547085 508869 531842 523401 509534 496430 539347 502113 552524 555763 517515 483111 498610 465856 506179 496680 488933 512080 512928 481695 556735 526368 490401 542565 518647 504931 484454 538522 527571 487169 513494 550566 465370 508474 505530 544329 507278 550844 507052 521547 543031 534307 536012 535466 529148 515482 489819 563766 515654 561298 534943 504344 514049 506313 545950 541078 509634 539446 502256 545123 476937 512329 459128 515105 533170 536537 553500 482383 472347 562077 538228 575160 544123 534947 526884 466364 545022 517346 529496 475923 520682 492582 533166 506496 
448928 442004 490654 454874 469920 459507 473585 441569 480040 485245 423798 408329 423170 412748 438717 474359 469793 482293 452925 429911 466308 462482 461205 419022 456672 410080 425953 432988 465466 440702 412184 435739 440107 469356 455214 414008 424584 434211 478251 415970 472340 446981 444784 421827 419715 429145 451880 426324 441818 443859 468251 419430 447297 447835 497123 421105 424400 482531 435149 436754 448653 459591 472959 473403 478662 446796 469957 440081 486671 395311 463643 429147 463566 436583 425193 436767 416812 430636 449131 443113 447845 442463 414107 435535 427478 417785 414126 455963 479911 470128 453247 464563 443208 467067 388241 465530 463137 440932 447743 430544 425894 447393 455632 421523 413840 465775 418388 444652 469688 492013 430879 473610 416998 488145 448480 476990 462978 436182 492081 459584 443469 422076 474688 452781 468499 443478 422164 422710 419353 408526 415151 428653 443317 433355 426332 419577 496437 442374 442307 464839 447807 422182 440895 479165 452465 411587 448085 446459 391880 441977 444254 461626 449713 458807 438758 436303 461633 456989 453979 444431 460157 442536 423960 481591 465311 473818 472766 398717 461614 453984 438313 484375 439305 443505 439464 496450 451958 462985 405006 429228 449317 476476 482526 421203 400841 465312 482582 472854 465275 459583 443345 408425 451500 457477 453167 417230 459311 410572 428972 454772 
467551 476573 481218 468626 485137 477530 500626 454603 499325 488128 437191 400694 447556 493245 457362 497113 486297 515656 464926 424125 477132 505529 483511 451219 466349 431352 452686 436271 488688 433782 420141 472635 457033 490462 482132 444807 441377 474020 484560 431594 470389 445853 473320 442244 412791 457791 492943 447007 451010 475426 491054 458893 471489 482087 505362 451954 431129 514720 453625 420629 478594 482959 465791 481880 511182 461928 490552 460002 523451 403835 479053 455535 473606 457897 442756 481095 446774 445196 450550 479943 499377 459301 409005 421585 474698 447112 430568 479658 511221 463284 482722 469502 460354 482569 418922 453379 488282 448315 474011 492902 427686 491388 497075 481501 434404 482157 454601 430884 505817 506119 480612 489462 469337 498932 426417 461987 485484 444815 506424 482312 470319 465413 477356 450243 486067 519703 446501 451226 436805 444321 465307 454134 436084 449268 457112 415034 507724 464509 456339 456330 472328 469679 454170 463405 467024 455603 468756 479139 429986 457950 451395 487428 464992 492701 461040 457623 443255 505269 477788 472160 458603 477939 461587 501565 474615 506246 491581 463115 484129 468060 487750 522449 474482 478982 445348 514423 442522 495221 436335 466628 483386 480095 515420 444547 432558 484295 492617 499176 483617 462986 470539 402525 457209 452591 472858 454600 475694 447584 450251 440431 
487831 451751 487641 465052 484289 481747 517074 505408 514360 506051 465284 401202 450590 480551 476608 461234 531171 514973 462192 445534 524988 474709 459070 454304 482151 461912 445053 502521 503666 457823 424992 471637 498066 508866 505129 477404 467690 451309 489615 464991 476723 475525 458354 453341 437324 462066 498325 447937 440136 473293 481942 471784 491361 514014 490289 440102 413462 489578 467489 439332 460781 495931 494467 490754 487988 449089 506287 467545 536638 419659 454272 474469 511614 456959 462195 490957 462514 479554 481544 490235 487263 442028 428554 448094 473937 456062 441646 478139 525038 490000 492910 481394 435048 464637 409737 471296 500942 460557 460733 469158 467612 494227 484710 451240 455797 474958 439359 461954 512637 507895 464489 518589 460571 520119 441312 470761 496026 463874 482308 485998 496221 474441 477199 433219 484702 503606 453584 458401 446287 425198 476353 460755 448429 462376 450399 427578 495948 470103 448877 484568 486660 436020 475156 473170 491089 448558 474380 479689 444871 446115 489850 496134 477868 476789 452072 475808 471708 501033 470145 467787 460970 469260 465578 530693 480500 508515 481552 454770 483289 453839 479929 515656 504667 493918 445846 501449 440062 479612 426286 459294 465289 482151 523905 459332 435170 494056 497404 522244 510599 479338 500583 418980 476718 479764 467973 438904 488253 458408 462713 466298 
506241 462052 497337 470063 491192 485060 520835 485256 500651 504149 462516 450447 487784 459445 481665 490910 524361 508035 490329 457793 511547 477618 501089 445389 477741 432267 461477 476212 508940 445330 462279 490762 481805 517750 521736 473029 482383 488558 505239 470533 477022 470946 470905 473390 457574 460041 520436 463686 461399 459603 480850 482616 475366 488599 511040 446435 452454 513850 482678 483744 500741 497946 495392 490530 507559 489688 498901 481750 543526 437475 479081 457241 524694 450355 458472 480542 480273 454694 485429 495555 476563 471860 422155 456680 470054 458954 443796 472151 533502 492993 500880 470292 457265 496712 398292 483551 516394 455627 493059 472633 447168 508133 487006 464502 449314 473605 456522 482700 502470 540732 478971 506077 482081 529668 460798 489615 489724 477357 494234 494731 505166 488605 480493 446589 518922 510664 435911 482563 473848 437158 474950 435136 471465 490100 455186 430115 522627 481792 469473 483499 509435 459027 468903 504664 490857 474190 497169 484322 440340 460117 466683 504181 498866 501508 481967 476795 504431 492356 487303 462004 489130 474857 464664 502130 468204 519670 514655 461050 490996 488423 501081 512181 502671 479681 461633 517323 465068 502247 434562 464847 476236 505838 508709 441336 452333 506212 510387 526065 516003 487451 498299 436749 483517 478100 474057 454810 490005 449084 461954 493968 
499402 494212 518919 494254 528041 502113 509216 514995 547341 533254 477107 431078 483560 501008 483448 514581 524848 538814 493422 477128 518437 508495 545725 450853 482686 455965 498155 496885 513501 461508 457409 515359 520873 537556 511704 494933 481233 506182 512174 474907 512765 496258 519060 481952 476128 480091 523279 473631 483177 493362 509536 500995 489811 519904 526789 483156 453911 509425 471013 492619 522982 509446 476129 522338 532182 500422 486052 500496 561801 456310 512466 520676 511515 497024 467063 515882 489372 509345 486381 514203 518321 496237 461388 454064 484429 439787 466092 501498 534663 515750 507942 482764 475855 514142 442482 514621 532537 485560 514742 520364 460879 526447 515410 489000 502271 521723 487787 491310 549443 560520 492993 532581 509642 514496 473218 490214 521491 475705 546482 513658 515070 506876 518162 482951 559433 541891 465129 488568 479141 456177 489235 481198 469757 501112 477427 458471 528965 534853 474684 514486 511179 482511 496128 504163 514414 465099 494587 505630 448160 478819 485764 540601 508340 531363 525140 506878 514041 518005 498885 506424 522415 509665 476406 544237 519391 518542 492986 491035 500352 482857 525361 540051 494406 489824 478104 538449 477379 511687 449969 496946 530598 526688 529639 465905 445808 518711 534279 530834 518831 509921 507372 483028 518229 480900 511262 479053 500621 488462 483238 505203 
466614 460173 485089 458186 473109 472713 516535 477651 520051 509399 433642 406449 454401 489944 467368 486864 519447 495114 470667 430159 490253 485049 461682 445383 463525 437999 460475 465674 495664 423254 453133 468716 466612 492335 501139 476846 457831 451476 499601 472776 474872 451537 479921 438148 445805 457481 491174 445774 431207 493410 469609 434510 451408 478586 482720 440422 433389 493634 466586 450300 464798 477604 485754 460598 514714 468347 477479 470767 510023 427853 465559 461661 497139 463397 441765 467774 452403 456270 466085 491188 480708 440064 428988 453317 483371 430322 433872 449477 489808 493298 492431 485672 443612 465423 418330 479008 482353 462144 460555 471998 437093 494887 486315 475825 454435 454987 456313 457188 491812 515082 441421 469100 455436 482289 432015 468602 479316 427970 500864 449574 467409 469050 489865 435274 486017 491547 447360 444439 427830 421357 461253 431892 424197 459259 439515 434605 497645 466079 432944 464593 469031 438924 454741 478876 472971 407988 472043 469261 424292 437236 472929 493288 477588 479642 495230 470429 469741 500892 478076 457188 493632 457432 465847 497893 468418 509398 481458 454712 466012 433623 489120 513087 454781 473080 442071 506916 450489 471813 421113 443336 462007 459286 532403 438514 437640 478762 498435 496254 487424 457494 481803 423728 471205 459678 474589 445101 458465 445483 478219 457666 
533079 531383 534029 510156 535752 487989 542152 518276 536161 536644 493538 441496 484668 521925 496515 518954 548468 574714 525219 493731 531461 516023 525434 482162 508395 477074 483168 486647 524745 474375 481961 531215 520877 545292 546380 514505 503332 484274 539485 503738 497183 472951 524157 500699 463236 511335 515111 473786 476458 513797 509446 510739 499935 538864 534341 499968 460351 536575 491785 477149 518928 516517 528050 511422 539361 513652 504189 502158 557942 475276 507826 501211 520795 486756 472016 523819 504413 484686 501657 509314 512075 513179 459546 465859 494929 482627 488932 521852 554514 506939 521349 525213 457342 519841 442021 514763 533281 502446 523575 509058 465238 524540 532189 499876 491584 500889 491657 485047 534972 557240 532718 547767 514311 527400 488343 489452 516895 489862 553356 522332 528762 517018 540357 491553 543643 550164 483782 496890 475015 446202 504444 483724 474020 499159 478919 458653 550520 544024 481292 527968 503051 496214 515975 520369 513674 484014 529464 516509 446636 502484 511632 532193 524424 526392 519028 534962 529039 525985 537542 514684 530988 506491 509173 544255 525781 540541 511880 478096 509533 500711 543115 536261 508189 501539 487161 571574 490456 545374 470756 524259 512573 534492 541151 484693 494860 529001 563434 548005 539688 522819 511114 463992 521339 513024 503808 495343 516923 477081 530974 517617 
518540 479279 503927 485803 527762 497616 514848 507111 553030 545806 469972 415760 478045 499109 476498 499649 553435 523225 504162 473420 504487 495136 534308 482066 493370 455298 472604 478232 514304 445387 479747 499039 517868 536206 512779 487561 469733 478920 509412 474259 483036 461578 489044 461112 448392 469620 514660 471011 483007 510459 514802 454598 489633 539271 505781 472308 480083 526314 475530 493884 516304 496744 503641 481982 527592 502250 487430 482084 559103 446050 507918 459534 517699 465953 473567 501978 471998 517233 479882 500493 508788 480647 451961 487006 482702 474160 465064 509192 518816 497238 495678 511789 488094 483085 435367 475183 528070 484831 501888 485067 456300 523550 525849 464358 479251 492660 474466 471690 513541 564198 489266 531912 498931 513177 440066 493921 503895 474096 527048 528448 482435 490982 514482 471918 533494 525435 464100 479124 468107 429897 476833 456295 473920 497504 491258 462120 538187 510394 457972 509424 489741 467612 493822 526338 517937 467420 479940 497770 423748 471029 490471 523149 488463 507529 528707 485389 517952 501651 494377 473904 512672 509438 494239 517203 492512 514043 514555 478525 495371 480232 514304 531145 494860 495186 471547 542012 451135 515163 456080 500209 493496 504891 535603 467471 442897 529638 533668 511403 520650 484748 503522 453091 474102 484615 492133 488608 487333 460992 473609 499401 
493557 476906 500886 447742 502576 467988 494680 453798 517142 516557 444161 412084 457952 471869 450741 492243 511721 515595 471548 429974 493804 462765 466096 444116 457906 421883 447096 465016 498043 432767 432625 484481 487282 499834 503704 473682 467074 470586 489555 473964 473502 457987 460819 432680 443347 453563 498295 449546 451135 461845 473127 447993 460435 506870 478917 452161 450583 512294 450255 458406 494148 464898 491357 468728 482616 488063 493478 487378 521577 415677 462227 445181 492738 450967 445509 469434 459398 470459 466808 492596 491023 444401 430015 444790 479667 461629 416708 480720 508501 502331 482935 478837 414446 452810 412450 460559 494269 456205 479549 475245 447692 486922 480123 461834 463256 470836 458218 465706 483397 510626 475046 494249 452658 506339 446572 472616 481060 445812 494398 485238 471227 447242 494188 433815 517066 495610 424592 461289 451036 402627 467478 437417 443113 458358 452636 438907 498079 468304 450075 483655 461296 434359 480049 477556 480408 449008 454789 487193 426862 448283 473142 492084 474594 498337 497134 471854 513696 483929 473368 450966 479442 446646 469208 512436 471884 502134 486259 440678 483254 447243 494322 493735 468410 494510 454210 510868 434974 497431 427835 437877 452148 460968 499697 429906 428683 496513 491903 501833 483831 476937 485260 426442 485136 467380 464001 442651 481046 433155 447177 446927 
499126 462393 486369 462412 508893 503543 521516 517605 517084 529979 471718 439375 452845 468631 484942 498791 506701 510431 483241 460832 491590 476736 494469 441714 489587 454332 470474 464476 488073 448389 432600 488460 494106 511371 507484 471119 471962 476748 480235 450055 473679 459708 467680 451083 430556 484864 505314 435999 419021 473918 487123 477546 457552 509144 518899 451315 435714 499408 461373 451214 460667 481546 480980 470931 498381 487426 490343 483072 517739 421171 453077 488860 499144 473357 424994 490828 461552 455838 456388 482040 476023 479370 433772 445150 479488 468905 442586 499621 519569 494783 489497 471290 431352 471635 436251 484491 491898 461586 478321 471109 441811 495476 485621 480583 462851 454892 473541 477873 512572 525801 463817 511259 465223 511008 438862 471639 484960 440575 488386 472947 480904 465442 520989 467359 498008 520733 462046 462197 448199 436594 482924 445704 444823 463334 453559 424819 502098 476957 451116 478058 486605 472999 466614 497527 473340 436997 460524 490720 420648 469215 447551 506033 474642 499821 465804 465699 491649 498792 467300 490869 462340 481788 449757 501734 466269 513891 488126 465729 481821 470861 499017 532040 478370 489761 448867 521977 440976 496205 416903 463403 466656 496471 535290 454020 409658 514376 499767 519388 511527 489171 465679 426576 481268 475467 469323 438248 516847 435791 484044 478309 
459383 438348 462164 441533 464980 445800 469347 453438 486296 472484 401131 381736 410938 451462 427778 453939 476637 487965 418498 429573 478877 453656 450373 442696 441932 438127 439082 467867 454411 414762 407606 442000 423371 465733 471599 452548 432192 439273 480459 430215 430041 447439 445726 426333 400912 419331 452204 386402 406641 415994 432283 423298 435164 464905 468003 422780 404134 464657 436221 430786 437548 470778 432158 454701 483113 404004 449852 442136 492196 373100 412829 456233 428662 445616 406581 450658 430926 454532 416698 427537 446012 420795 412947 402693 418797 428264 411426 465534 464360 461565 441921 441638 411039 443146 393041 432255 449780 420052 422312 438339 405183 434790 447095 438475 449397 463737 409352 441559 462883 475738 455465 482509 454449 460823 419959 420084 445031 425241 458641 454459 459311 435924 452400 412998 482722 484607 394412 418540 428086 396005 436233 427832 424205 422722 409999 405959 484609 457920 407825 454176 441192 463452 434923 450030 470952 431793 423536 428661 392949 423705 436617 464103 444959 455240 445701 464917 464266 476585 464695 429578 445393 426479 424832 463912 451294 466497 444915 431298 447894 421396 439541 484408 448071 461087 411005 484000 414218 440234 416753 421861 436727 442758 479106 390382 408872 449076 482137 463717 450270 441431 457311 414868 465333 438218 418577 417216 460704 423196 436809 440402 
484968 453747 509274 474745 483225 476095 515372 484814 511468 504229 458029 437488 475607 475420 461117 499052 517953 530116 472079 461992 500345 495539 486069 444551 492341 452963 440097 481999 496958 451313 459350 464242 487977 509441 501771 458971 458215 476043 493350 457341 474909 464712 507344 449295 434474 456826 479203 474859 459514 493247 483533 451190 470165 513407 505486 424619 444689 481404 477832 466529 477063 487025 481481 483775 499917 474185 471729 460929 539417 423435 469331 454291 494535 451926 460077 481506 482832 468150 467749 482352 482598 474213 437439 459302 487559 450475 450480 491769 504085 501978 486884 472173 464323 500870 404762 476636 509014 465829 476925 464208 437217 480583 513505 481320 463507 484369 455368 473303 506680 527015 487986 493208 461914 511673 440291 472886 517301 466127 510135 501787 482260 446104 504364 475708 492943 501523 464966 465633 443809 441359 478470 447785 468410 466096 483097 437423 500885 499949 447414 487438 473343 451630 470409 500081 499554 450701 490085 501024 432440 468257 473973 484143 482860 487328 472741 490313 486518 494260 470299 471261 482525 479040 450399 529435 474043 504298 486430 461588 462913 478387 485628 516443 494958 485972 453050 500384 439395 479889 422756 464705 507874 517528 525104 457670 454726 511250 509172 527688 495655 484100 500785 447131 488643 482940 479649 450130 466560 436744 470159 474435 
513012 459369 512151 463953 510161 484169 520709 503106 502836 517851 469007 423087 468936 493721 474810 504773 514877 540792 467727 480744 493590 487683 498691 453008 454751 440122 459361 457019 501371 454705 459905 510366 487800 509520 516716 467963 464441 478522 489954 443724 464014 467610 445595 458643 437616 471351 519022 458403 443056 474477 476700 459899 480688 495654 507634 459434 456558 495620 465477 473618 488683 489933 502558 496000 491883 478001 506561 498069 524209 439794 469754 453843 512292 433325 453328 494029 453769 466059 481273 489096 490333 465673 424918 434671 473082 444649 440331 485291 515399 486666 482183 503308 454927 473393 427636 483830 527490 468553 499684 483784 481933 490674 496925 476822 439220 472564 439880 468008 509131 527782 482544 494375 457090 522433 437331 453671 507108 455058 507167 505600 488742 487510 516460 459273 506552 521524 481422 441393 451667 441751 467614 452627 449900 467609 458808 459170 505756 501440 434206 508043 482555 438631 460098 486870 481830 438047 490557 486524 425962 454422 470155 483558 479655 476374 486747 487089 471109 506128 491164 491810 495450 463575 473514 541285 491727 501722 487736 445283 491225 461187 478436 513060 489259 478349 454131 528723 460174 487781 432835 481980 476113 479663 513353 457286 435426 479132 513834 526710 512469 486099 485901 426496 460468 467044 467905 448212 499839 462048 484615 480096 
490275 517263 519330 503107 526979 490356 535215 517001 524324 526799 476005 420217 471152 500058 481558 501585 515043 528528 490291 474959 509109 492873 497055 488649 500888 469320 475734 483805 525305 456974 497368 494833 500931 510483 529996 490602 488529 489217 530488 460805 504298 480810 492651 470916 449099 498437 518545 469083 469443 522895 507436 466129 490280 543573 512477 468390 465038 508181 487694 499138 507615 513570 509316 520730 522635 498482 521372 500354 561892 455964 513355 488034 542078 484340 469620 516393 478560 480774 472374 498474 506076 488702 435560 464288 499781 480377 424330 501932 537040 514062 509768 495110 462195 479085 439773 488378 525021 477610 511852 503303 452558 511041 507898 482624 477436 490985 463271 493798 532571 525396 492095 534983 515156 498158 464232 493065 516005 468169 522255 529915 503168 481881 519527 471634 513333 523647 462740 463741 481443 442503 473187 484594 442418 487906 477226 466076 518563 519814 459915 499514 484283 459059 497053 492814 490714 493855 485139 514907 442740 473399 488976 523736 500685 513196 485628 503821 490080 521985 503052 487426 501881 483296 484708 536789 498195 531363 491683 468433 509058 487869 509587 541194 490250 502257 489297 543503 469080 503317 429493 466246 512850 485730 515070 455174 467596 495418 535110 546384 530369 502479 501925 458176 487266 526769 493574 467604 509856 473517 489201 490331 
473254 460013 478643 455111 524002 473359 519311 513637 516805 532255 457948 414942 463582 482371 470901 470497 514958 536757 490125 452618 495975 480519 500331 445177 495649 448591 479389 453314 480450 448615 469202 476883 466960 521182 481566 467497 467785 479754 511902 443214 479535 462021 448838 458131 457452 473439 510725 460678 429583 492905 475725 458105 489192 523914 496581 445730 436778 522887 465239 493405 499707 500720 503931 497886 527267 455917 488533 447022 536361 413621 459398 467036 518719 457812 452709 502460 471155 471080 456721 491719 502849 466936 427196 444967 477054 446525 438698 486751 512126 501536 489123 491526 445792 478835 444852 485836 506616 453891 494485 478967 445983 490911 504658 471034 464207 473691 445632 464806 502052 517069 455991 512007 466377 497338 440478 480682 499963 448227 515755 498646 490207 475716 495980 443465 507636 492414 455841 474550 441747 437307 461998 474260 454641 467864 455743 452839 510387 469758 459039 471752 471236 456394 477527 493333 486805 449942 479933 525978 427765 434952 477742 497131 461296 488710 472295 466727 489491 492098 485163 468984 505928 481261 466985 530271 465118 514417 478373 456587 477705 483916 501531 538163 490508 509085 449243 507177 453531 503370 420456 474484 493815 482017 508447 458616 437665 514021 516856 506915 508620 488326 491605 434218 460574 481905 498353 450289 467703 478341 465167 466622 
475523 458768 494343 476538 490333 458642 490363 471130 514182 497807 452888 410185 429472 467250 451015 490880 503597 519491 452263 454141 511630 468036 458203 436215 482455 420117 426868 479948 444350 440455 440610 461892 478623 485739 491360 461019 449581 470345 497878 443200 447856 465670 464207 445517 425116 462532 476475 449833 432585 471000 480589 462960 458516 487138 497493 462644 424684 509930 448765 434852 487072 496459 458132 477331 486813 453720 487884 465913 514848 439074 450923 445062 479045 471399 431237 477343 471200 468755 474919 451502 463480 452036 406802 447824 439159 446494 431440 472362 508377 477659 471386 462845 447526 466073 394005 466621 495237 460974 473097 473135 450070 504480 485076 447844 436090 468303 450777 468994 499543 524982 468764 492886 445202 487360 440963 441267 498116 461570 489220 499890 485757 471272 480148 452707 515838 490588 459383 457171 434539 398128 473801 440898 442236 465486 466929 440585 493538 487211 420441 495761 465370 433818 458252 486712 450769 431198 471757 466003 424482 439498 455193 516575 483824 480716 464037 479459 480697 476872 463141 452303 468003 455159 461453 514915 481895 493781 479277 454086 476143 448833 480822 497823 468652 483226 449058 508259 461548 468029 410120 464540 473430 487437 495815 440178 435792 481484 503755 506617 495348 479979 465330 419862 437238 487432 453593 429517 456115 429513 456132 466084 
475074 491987 495045 473731 519581 472009 504312 491710 516269 527689 462251 442966 463285 477701 465070 506478 498727 519937 490327 452279 504162 504268 482951 478047 494114 433899 462412 454322 504369 458626 491695 475434 490854 494021 513017 492851 471390 488453 513952 455758 468294 461478 461438 489535 450006 478953 505265 491186 452046 499817 492989 463967 471071 501637 513264 470072 458769 491503 453667 489650 502978 478519 504342 524259 496586 479498 509871 481903 534334 444232 486220 474714 506858 443591 473727 498451 462876 468622 463435 489983 498884 474112 435938 452159 469744 456373 447430 493910 529536 497053 485071 497904 436139 491815 441278 462539 531066 471301 488937 491039 462288 529306 503966 472277 459535 477555 464695 510160 516786 516640 499280 505505 460222 496540 464225 476326 495201 457687 517735 496171 501068 464933 493683 436812 521794 524179 463759 468410 464656 442193 476273 470098 445105 462818 469581 446778 500122 500429 461977 491410 483307 449261 478632 490084 483251 448697 477836 517901 440700 468804 491230 491556 459660 492834 505066 487558 505317 494257 490155 485120 490947 496484 488979 530975 493895 502405 483402 456960 520285 481124 501022 518181 494114 508556 462064 525395 459680 514092 432134 469139 504427 486226 509840 438724 443212 495540 513708 524410 496631 487724 509797 418737 471569 491202 468596 463386 483686 460770 470200 496281 
493679 472035 490235 457477 486295 471583 507351 480452 504251 506877 428998 410399 447036 465949 459401 480250 474988 506332 474465 457689 487278 476593 481484 471814 475257 456879 426859 466651 484407 449963 430267 459457 466586 511178 499787 466281 493251 470485 476347 449878 461633 457518 465204 433630 424657 471204 484870 425933 440941 477390 464890 451436 457958 494704 500554 442937 443098 492508 463042 452139 486750 475953 488959 505133 500310 499964 462921 494961 506593 438393 497326 451657 504254 446709 450914 508299 457123 445748 463778 495742 475832 459129 423706 421878 461006 451376 438368 488094 510673 484380 481821 453785 439349 477502 418481 478849 505092 442252 478070 457704 453925 479052 493577 468815 434304 484210 435204 471647 496855 516546 489067 525988 460055 505557 435079 474191 499254 435593 489239 510962 482381 466508 490861 444095 505654 497399 444938 450570 459019 418620 467008 436980 424445 490812 454026 425907 521376 485992 447730 477496 487902 444933 480842 484953 477762 459678 452854 497256 433684 458001 446087 482539 461970 480157 476353 471649 465643 498343 476072 457213 476437 446256 440038 507041 476570 485130 486515 453709 489087 458543 475887 517356 480065 483788 451501 494794 453913 485365 432698 471238 486685 483596 515050 438227 447977 476177 475959 503106 492476 484584 462972 434046 483073 478024 474429 425219 463363 430634 452726 438256 
477390 473993 508587 498242 499582 501598 520572 488087 536270 522948 451445 422220 477915 480290 477360 488558 531961 507485 486328 440063 507205 491305 472013 465252 478681 433704 458842 467108 506789 447422 461461 472943 480983 496752 505572 490174 480142 474989 504734 453514 470090 462416 461559 437180 438112 469492 489403 455954 444900 488428 484308 477884 467692 516200 503898 458690 456150 514089 469321 446157 488229 500104 464809 470203 536486 453893 504363 485551 538176 414912 484979 481006 512821 491444 452761 508418 470037 464653 451633 484453 492147 482639 431711 465602 460509 440920 457429 488194 523173 487889 496195 502698 464380 500635 413552 487046 509468 456813 495646 513759 449746 477772 498791 484919 461311 488841 453802 492882 519154 540149 460204 492947 469650 505729 454911 471176 480394 479378 534539 488217 478417 464864 489752 446356 500420 502308 459057 457628 459278 427804 477474 480029 457816 483092 454308 450380 518153 500586 448470 469518 479882 449164 462872 517927 478694 458666 479326 501801 423943 448486 465845 504999 488484 478606 480821 474578 505757 489491 481952 485560 510280 480502 480474 516751 493021 516745 483906 470195 477183 471586 495557 500535 447320 484719 458345 504821 455764 504402 447473 473613 478486 487589 527653 466348 437198 481517 515821 509431 487029 459273 491484 439212 474601 455810 475276 455988 462014 457404 461616 482912 
497817 492186 518828 497794 520863 494368 531761 481038 528231 520537 490982 422082 476850 504127 457672 506462 506719 524914 502079 455766 514140 489038 518952 474341 512433 456870 461770 504969 506151 459738 476118 500216 503165 523572 519812 487294 458260 463675 511260 479872 485083 459814 510821 471607 472899 470992 493780 447497 466081 489602 526200 457620 487455 534584 514437 468735 478561 512026 476206 453999 506483 499035 490028 511078 515654 496154 490295 467601 528450 438783 508389 459893 507659 464623 477556 491168 464916 493591 475170 492069 515462 497272 457461 456575 493165 478163 459980 495340 532258 516078 495590 497818 466914 486215 417013 482326 524527 468652 481112 484672 466343 515144 512446 472212 465813 505483 484306 480191 504077 539802 496589 512562 490135 508164 475625 502273 507743 493544 510881 511361 483760 476306 515466 471253 495374 529797 474413 481533 481732 430107 481469 475719 464662 473822 488966 436989 524101 510724 453800 521719 516925 450507 473449 499250 508964 459971 483273 495370 459412 472233 502753 515460 496155 502696 501434 481864 492878 508811 507178 477488 479126 509623 474560 544716 501566 529133 520354 463438 507226 482255 504944 523940 498880 503869 478400 516345 446989 511458 428286 505510 486577 507213 537785 477024 454597 513934 527487 525779 537026 498015 504033 444158 505073 489471 494342 452346 494261 438958 472518 483180 
518328 492714 514155 475837 520290 506426 505575 505597 533205 520379 472243 439807 477793 483105 492902 482129 523845 537084 498558 476720 518251 494491 502112 448015 491291 454519 462115 480951 491222 439531 452269 479745 509349 526364 530374 476848 471878 508420 521357 477841 498942 463785 488605 487872 457723 455508 519832 472597 454685 492316 499653 486506 486784 522779 512502 481863 479273 504123 490274 474209 508273 487798 506427 491071 504038 479059 500078 488165 525945 445370 481101 467143 506091 471004 464013 515156 509217 455941 489773 490165 495628 487686 454266 481500 495036 472961 473418 514892 521682 481463 534189 507698 464437 507751 435203 482187 531671 480534 499366 486897 471752 509502 501101 484350 437947 496146 473717 503706 534471 545159 495889 529787 481726 528498 445991 478058 517766 465696 509463 506806 513843 491358 533895 468126 517761 543350 442405 458747 471251 458492 490204 449081 470184 491951 476716 435161 524913 513943 466870 494590 489357 479001 478538 504086 512544 468769 490635 509889 429700 474325 475380 505349 491223 494016 479393 515317 497907 498245 489139 491090 502341 491078 492298 522918 487386 517743 502627 479604 499748 483261 515794 561762 498158 504103 464130 539394 471905 510387 454341 474564 504121 512657 536033 476933 460913 503287 513713 553499 501086 505973 521031 460989 499480 477866 475776 466207 487257 453475 473236 496198 
499224 487115 497390 462877 514876 460834 538616 499145 531902 518897 472310 421253 481711 492915 472942 536119 474041 519268 496989 440000 504516 494912 493192 442475 509744 459651 476128 463616 498273 467351 445306 491946 470403 489519 506400 468324 496617 480276 499168 464936 514923 453230 482512 470239 448350 478896 514571 464776 457111 484501 489480 464566 483930 506761 518005 468226 438565 513677 447813 456596 503480 506624 490593 485504 529027 491431 509414 477251 530067 444025 498934 475889 522034 468856 446838 509007 460045 488653 475749 477321 494800 492692 444369 446963 472179 458942 464063 500249 526119 495487 508973 466648 468910 483197 443422 495803 520211 478297 489975 496959 445510 503658 503633 487121 463803 492420 479746 488608 531359 523319 505192 517272 488005 494469 459850 497054 507023 477811 523000 511456 503945 482286 519783 461249 534068 509835 468035 473282 481671 422052 469747 466693 459868 471424 449844 443925 518866 486788 456881 486564 506498 454629 465581 502204 491464 450797 487364 502780 434142 486510 495743 502885 484502 504416 480669 486465 506203 528704 502615 486125 488422 484504 486124 544407 488915 534820 492930 473874 491878 467793 501342 527973 479062 478075 481257 531036 478401 491804 456939 479057 491373 499290 539782 433838 445073 493127 506393 518212 526154 501605 473215 425247 506249 487654 477801 446679 489658 450279 488262 475006 
503187 480404 498491 487647 507247 479474 524293 490002 514968 511011 489009 424047 489208 480130 472365 496380 502178 534707 514250 471071 508203 507076 497357 480197 486261 466914 468366 496975 496650 476235 473207 473640 494961 518195 511313 474634 462010 491823 510783 471145 476098 459149 467182 491276 457070 470594 510659 465275 465299 490240 492913 472394 492500 521970 507029 469617 462424 496484 487266 485950 517418 497280 513521 498626 511650 476255 512997 472996 524524 436793 499061 457274 483304 461195 474658 510133 451544 461717 498827 475172 485125 481110 444597 456542 493505 474592 444478 480083 527606 485657 478415 495209 464802 471709 427714 460855 510145 464665 472653 472220 462696 497092 539719 476608 462219 464915 455985 494870 534364 508397 504555 524993 467054 505825 453942 465749 495787 475389 524381 510292 501612 476484 505165 463365 502613 520611 478158 473934 466140 443586 490368 463359 470220 473532 485933 445988 524786 499757 440780 517536 496760 454067 492650 494233 502500 459731 490125 512540 437848 460363 483061 502820 488953 499096 494046 502848 492114 514211 492101 467312 485439 456704 489563 535567 488532 516456 479491 451466 506399 468415 492379 510522 496562 496511 452692 543830 478898 498682 429809 476383 483630 493840 519833 453229 450624 498600 521824 541202 500957 500141 499865 444100 479623 490919 458316 445471 502814 448295 474309 476423 
493024 472376 520067 472956 501699 490442 491169 491811 508069 519970 438437 413215 451796 467980 442114 501384 498937 514709 459059 443255 491460 485464 492209 452339 508867 448357 470357 460067 472408 466071 431171 472068 471472 488682 497330 447656 446075 480614 487260 456768 466195 453942 482554 454100 435162 462344 492292 463769 451731 465983 489194 472675 464160 502369 500928 459933 433241 516988 476617 465364 479592 482724 481591 470915 507125 475058 487607 467039 521802 413230 467473 478408 471079 444006 442516 460454 476679 454702 455258 476651 462086 469577 448414 430328 473427 433117 434810 484687 501464 485157 465520 481774 438037 504909 402828 458465 506439 464812 478741 466761 441712 490427 496535 465896 461002 466667 459961 479557 520766 521082 460070 520139 472029 486899 454334 459452 484825 466456 506108 481046 470626 453130 492322 447466 496905 481337 440481 465071 447802 432141 485744 477840 455392 452975 447617 418455 518823 475784 470266 476533 451837 451330 458946 488609 495138 462327 470814 488732 410096 486445 446930 485082 480766 489038 472259 476572 478218 497281 487433 486321 481572 472037 461582 514435 481121 492931 464129 449173 477187 458847 505300 517076 458615 497544 449367 505922 456711 486356 418548 463077 486971 500013 501861 446952 426135 503778 487703 497092 481215 471679 483094 413163 482917 451808 470858 432084 472393 428673 453562 463842 
490056 488862 493868 479752 511615 501748 506342 508268 527668 535179 476965 421199 464000 491513 494013 498896 540365 499737 488308 475736 516732 502489 514150 470291 500597 444416 464762 483732 527531 453652 455623 487449 517591 533674 521205 495552 499555 487716 510072 476801 499672 488825 477834 469637 463175 493752 511390 449336 461402 494057 503632 469418 486654 502953 526256 467827 446538 512586 483871 497840 507525 503642 483971 526803 506835 490346 516034 482688 555095 425193 461805 492031 503069 473922 472657 496193 477280 477918 473564 511022 505155 489366 458657 474897 483541 470861 453144 499072 529356 497861 515267 487106 464814 493345 423816 485950 531961 452111 491795 496334 481688 498855 508012 494452 477596 499926 484404 478314 513816 542674 486110 530846 487879 515573 469962 506077 512115 477260 521764 504325 517635 507311 520711 477879 512588 527160 452890 472104 476449 453695 479684 462928 448868 489742 480492 449173 511021 511313 458010 479674 498558 479923 486849 510787 501274 466501 478675 502718 438482 453569 500340 507828 481439 505042 479980 490864 490325 523764 511840 509119 481975 474044 484118 531286 496925 530012 495203 454157 489174 490636 509295 523414 478004 503359 477272 537467 470713 493234 438067 481375 499663 501485 547254 461576 460141 492597 529277 527441 527056 482426 504756 457610 503225 469279 464164 459833 494180 458252 498117 475495 
512064 473995 521788 475844 498784 494421 549825 500332 528339 515763 462811 443187 468746 488387 474992 534421 486191 534291 480548 447771 515798 494813 470893 463360 480524 440982 491130 469908 509577 492498 452562 502924 480775 511187 502809 486480 480843 493719 506287 473965 494810 472633 480010 463685 459661 473442 502177 473082 455104 490039 513362 490443 494968 519555 529065 470850 464213 516911 471516 484250 487544 487480 499139 498982 508779 504309 486764 487308 544895 450452 474565 479385 507489 469623 458605 495324 463912 464741 482727 496498 470656 479219 447394 453494 495859 460829 470420 514894 535915 500199 505554 486723 447881 511075 401336 490416 524483 463235 480842 504278 471461 509675 492231 471907 471100 490438 489208 475488 538072 533329 494715 541238 490428 531903 465763 486016 505805 486505 516443 508447 501227 478047 504174 455048 537829 517615 466384 432543 466419 441012 472957 450628 451521 463556 479184 429259 523619 496115 460176 508138 493187 470770 493070 496376 481005 473299 489415 514905 446963 448036 484365 487369 493003 508794 484262 482932 524476 514730 491989 497278 496834 494244 456543 557483 506134 518669 490082 481745 487822 468370 485537 529253 482650 516592 451851 530454 470780 502441 434533 482612 470320 518242 530568 456958 446502 492255 508305 517810 527323 502555 504075 432428 476367 515154 496168 433447 503127 452053 491916 465005 
484724 485696 496235 476378 509269 485272 507077 482035 517403 511506 467686 423789 476373 499089 472180 493292 500353 514072 475019 445949 504944 503886 513301 480707 518528 448578 465050 472247 496768 449196 461832 494818 484322 496555 508299 467458 484092 468743 494403 454278 456979 471333 494683 473374 449761 472161 512083 463115 458378 490037 496536 474237 465127 491457 492981 455846 445586 498557 477411 468242 507814 489789 488982 495344 518249 483760 494260 477595 535207 431237 484474 461879 488793 456491 465818 508320 475863 471092 469681 483504 500971 471446 440667 436767 482282 464575 447966 488073 525102 493598 478493 493413 456592 483561 421766 469070 528034 456780 487372 497701 455884 530674 512480 464796 471521 476048 452203 457140 503103 520108 480024 501557 494586 513881 428114 470425 492014 462140 509733 476840 488404 483615 498697 469754 500160 516380 487168 459175 478236 443723 476820 471549 469444 480460 464875 431780 516780 484161 463008 474572 488974 457039 458496 487609 484463 452679 474902 501043 443044 464993 477028 509068 489130 491513 482424 470124 493821 502990 472068 468497 500689 480261 481446 532453 493318 514532 501332 460272 483269 472560 492027 501571 480121 513693 480983 508937 447237 492774 437723 483400 485144 461856 517761 447961 467479 489382 530479 528224 501880 499192 503339 438871 480942 481629 489516 458130 470428 451430 485868 444102 
535805 527825 543369 527257 531406 533949 546506 540088 557247 554158 494071 465190 495124 537803 498246 545436 550725 580930 520376 506182 531952 541691 556617 496980 532464 473477 492081 499156 555193 514019 477337 529417 526450 527508 530339 520925 490610 514467 528587 501213 521516 495311 516981 515785 483233 522858 549072 491657 480146 540839 537753 499599 506029 548064 539790 505977 465847 532359 526329 479530 536544 542035 532990 528547 559463 520723 548100 509025 550724 476528 542835 519604 526666 493026 492898 532254 502121 512240 526145 548925 513816 518264 489575 480933 529977 476464 498401 527240 542607 544533 514968 523774 510380 528346 466751 516525 581391 516126 515893 525656 479655 547393 534750 506562 512521 512803 489765 493796 569022 562602 542527 551365 521945 548209 487893 528257 524835 505429 564701 539701 514644 506219 551110 503810 562387 553082 496161 477423 490060 479576 503705 484085 489379 515772 506821 491730 550176 530009 483906 522868 501823 511075 528381 531044 538160 490027 514515 538800 469157 517592 512975 538347 548221 535711 528318 522873 544697 548532 557480 533177 530092 519530 525689 562825 521125 553236 554296 502137 531225 501949 550474 548279 522273 515587 515055 571603 520195 537909 472333 519533 504645 555561 563404 502498 479023 534387 554197 549146 518778 518742 518846 487946 513938 536190 547522 471344 538999 497012 507835 503068 
484360 479139 519818 481410 507985 492577 548978 508910 537416 499397 467559 454181 477308 510307 483618 524192 525968 538235 488145 461636 525743 498348 509343 469297 477262 459450 493051 498665 524386 451154 465096 509785 523335 519168 518407 506014 472559 498204 517953 474691 498727 466791 475071 468129 447646 479324 519130 488250 477407 495626 518820 487757 490126 513727 533517 472290 462597 484296 474801 489048 495518 514940 512634 509677 528543 486843 503323 496426 551459 457084 498562 485150 522310 452838 469245 505771 462474 476147 482238 499446 509944 481016 445522 455475 485422 464790 472938 507255 548628 524447 487303 524039 468610 519852 429329 496085 529541 482799 483375 509148 483495 521618 527153 487839 467641 483317 445830 509451 528228 533907 503643 505425 479624 504976 460583 487076 522579 480556 517073 503298 496425 485121 527686 465936 524900 513375 478360 492220 458342 441469 511688 457059 476304 471133 477480 452959 518139 498576 466842 488249 506595 458153 486605 511899 505608 458401 516668 513931 445946 463533 492625 493044 507088 502751 507985 499744 486910 504489 485047 499548 506051 482444 461003 527022 490978 527451 490044 448548 500718 468915 475492 516850 504065 494530 477180 504232 461202 523304 431517 485573 495650 509636 559044 475664 441136 514932 523834 519438 535587 503951 498307 453237 486460 482357 498798 468032 501228 460208 490089 473000 
471737 448673 482481 437951 468456 447943 501266 457964 497364 494833 435857 390768 441275 448582 453450 477969 475621 495562 459923 434749 468271 452308 461835 414544 457610 409571 426890 431701 450556 415127 440336 454813 438931 461773 482523 445784 431033 456276 468104 455911 445457 442864 457857 442041 435394 436959 496221 455942 423239 457739 462251 428662 440775 486588 470176 407228 435008 461700 439617 426694 478306 484882 463272 464082 470682 456348 480367 469680 483216 410853 437506 414792 493741 433518 436497 463274 443220 456797 426882 472268 455592 467259 419049 435356 465563 435309 436301 478234 487226 461818 489468 473407 407914 469336 382575 469198 473928 439208 463001 457376 449833 459942 468611 442630 439075 430259 437645 443832 513319 513610 432248 463402 446879 486879 425387 475127 490315 446191 482207 490446 454573 444734 466520 435587 477384 471598 435715 423293 428524 401834 450667 433816 404490 446880 456172 420067 480670 454201 432187 471409 464074 422474 439973 456907 444786 411774 447825 485789 398316 426316 445653 463869 458048 430615 460898 481662 467814 488444 456022 455497 453165 459369 442945 507648 452905 498319 479533 424125 455724 425989 471295 512080 442171 458066 423340 484279 441438 480581 403318 449698 444645 469875 484790 440087 435535 469592 492301 488213 480168 456125 473399 435053 475240 451745 457533 430272 462357 416289 447465 436122 
513118 506063 541666 499866 537412 521887 543675 513076 534728 542703 504928 450315 468679 513270 508680 536756 538260 541987 516762 488799 527754 533923 537096 466447 524986 468898 480597 506151 523769 463656 476043 507135 537038 533970 541954 492089 480913 501763 530770 473180 524261 486650 501193 487965 467098 490598 540551 473554 498580 520555 529063 499711 482469 522521 538187 497449 467104 540310 469238 479493 503080 518066 513928 516903 528320 498836 534866 504772 544767 454284 543580 487220 530289 470984 469479 530321 479013 489174 507592 527212 517970 478141 463282 489714 497703 476680 468479 512337 546471 497212 528403 520899 486694 512538 449618 505261 551139 481714 507407 498722 479947 518619 538348 518648 490555 521442 474228 517978 539594 544604 512864 531263 482769 531790 469145 514697 523076 488795 525623 521059 526132 498537 529439 510339 543734 542003 485632 471307 491938 483068 512314 453929 488362 498129 503886 458269 555617 520166 488434 492284 519248 467830 492266 512272 519385 486759 499532 513334 447988 492799 495988 527555 493411 528359 508781 490488 498839 526064 522732 496667 503021 505552 490400 562864 525206 533587 544587 493346 540231 482769 522340 545374 523912 506459 488789 540332 491783 523881 458324 482600 512874 503910 552902 460693 462140 498062 516017 542660 526720 508873 486483 444726 503936 507460 496260 485891 502082 490873 488956 517185 
527640 496175 520235 498496 519472 483478 546593 494084 531469 534547 485371 443355 487773 508253 502580 538612 520443 536183 517397 492221 509644 529861 510558 441177 485886 447429 487046 507416 497931 474684 463780 501680 509636 538918 546365 506208 499349 505038 534300 474387 505610 498506 506360 485960 455788 491234 560372 492797 476323 511620 526373 513064 501571 521847 542724 476294 467798 523171 488505 477547 535922 492610 527578 506730 532292 508011 519338 499261 554312 457216 504719 457056 541167 474847 460437 495920 473160 493455 478963 520105 506076 491071 467414 468687 503927 472237 457085 511151 535246 522029 507547 508291 485506 493789 438374 475390 534934 469906 487180 496215 459797 520258 515385 506781 473163 508739 502287 501478 535393 562140 509717 528527 492172 534401 481387 513897 543118 494259 534034 489106 514406 501060 526147 463899 544522 537319 489091 467772 487611 458645 482885 461516 469090 477303 492342 451784 533510 502196 461968 514240 490997 492896 503257 511348 520989 473114 508080 510856 455453 471034 501053 540615 505973 512312 519347 503597 498061 543393 498353 498199 505284 505263 491030 558764 511892 536381 509525 501642 508910 503891 515885 555259 511949 524211 485084 538853 468848 514753 458318 497741 498867 506867 551422 458876 446216 514414 534928 526811 535420 509294 496821 448797 516086 481606 503035 479323 503766 463748 506255 503938 
504305 503206 535043 481440 528029 492697 525237 495774 538979 530368 468071 447435 480062 511900 466026 508369 523523 543857 466983 495846 512788 528601 523023 487065 526734 468702 481787 501197 522038 474421 466261 517088 491595 504956 511829 503712 495055 492609 497826 497820 497183 461952 493066 478224 472852 501439 518589 478223 467312 507235 505060 480737 493036 548475 545466 491307 462618 521565 473596 495371 499272 516826 509076 530953 517383 501977 523422 480874 563991 446008 502996 474677 525300 483421 480796 519150 475533 494575 480396 514923 507166 512999 467389 463597 497167 483331 474372 510343 539677 503300 506477 483127 474980 531139 452108 510538 551253 456356 503072 500253 473911 523761 522582 507130 453609 496489 485250 503549 558245 534791 505811 520764 508678 524716 480082 512163 522559 481316 525678 519425 518746 510031 506089 465990 540563 529202 498356 481993 491919 459559 493499 471366 479448 486186 498140 452529 545182 527425 490607 489589 484137 477210 513709 517481 528999 488438 500904 516281 451469 499355 479190 508393 486040 532644 510352 499625 523535 536926 493081 488441 518206 497432 494317 575619 524016 526914 512346 483930 519117 484119 515290 547871 515762 513638 492023 516352 482781 530777 464308 506829 498422 513797 535633 458945 462280 510189 535387 541941 529439 515293 491581 461754 497523 489013 507796 469922 511938 460059 493215 479622 
488785 490032 516148 502086 525323 491806 532243 498126 521243 520482 461693 420507 461261 522147 475519 531321 532369 527612 485164 470620 517935 510157 513682 454504 506732 450181 468741 479649 493658 454628 457240 484569 473841 495222 519901 502935 508699 481381 531183 480458 488105 496791 478869 479523 465743 503924 505398 453434 464458 498488 525284 474686 494303 520207 530653 487632 451165 527056 472240 474614 496333 506984 484952 521843 528054 470132 511358 474276 564546 440757 480814 478319 511140 490529 464455 515573 479621 470668 477399 492134 510371 494089 439914 448138 496664 454941 457802 502650 529807 511059 506632 495665 468044 498064 427339 498072 526938 475218 490112 528330 469958 505668 532636 501346 462680 499956 481709 489517 518430 540936 495685 521000 486227 531475 473424 505363 515321 466441 528995 508279 502369 508488 515655 482048 537680 529578 476516 477365 491625 445987 464614 486065 449392 466560 470520 428173 531772 507436 454465 484139 495979 469741 476569 495336 509570 462749 484885 513408 443243 448796 490230 512071 497850 492664 481285 483411 499572 542809 509116 472878 495286 486840 477199 539891 509844 539804 497043 487053 499603 487297 496338 523526 467906 522499 477686 523799 495134 496692 434429 468270 496467 520050 519509 438499 464549 485892 505890 535158 524599 489120 505424 463425 497595 483058 492066 448525 497748 464639 502057 491134 
465164 448704 484561 435299 490522 433397 489246 453844 468133 460904 423689 405872 420947 457285 433675 508540 457572 493823 434859 442735 448321 479594 468283 416496 461932 437621 446020 459892 440102 432894 448341 445518 458367 476126 489506 437781 435716 455246 473223 448032 447590 454224 445469 440902 406119 436733 495777 430031 422257 444437 462211 438137 452520 492600 503142 436717 456708 480062 438503 445149 472607 468128 472984 452769 493613 450441 450376 465241 506176 397609 459161 434358 493606 440155 458556 457381 445685 449599 416529 479102 473510 474066 434317 401956 447279 396295 405883 474116 503178 470229 457079 478945 436408 460196 392384 480104 482071 448812 460075 452146 459515 467674 477059 461593 411540 455437 453276 452395 466807 507921 449697 476182 453091 462409 426111 457248 494541 426608 473645 476215 471874 447277 462252 447531 476682 481386 451612 447187 436847 408148 448992 411666 433153 434116 441249 426948 481199 451937 419797 456326 447130 438493 442425 447368 455934 420112 458109 497682 417183 425775 440943 463704 469200 468228 440661 445715 463519 488732 438726 443251 458196 441515 433358 500926 462742 460727 472360 433673 464757 438606 462550 477426 447137 461891 435539 471431 435137 463793 403349 464447 467043 442185 475912 416202 411818 465859 466445 493916 487102 451699 467360 402181 457301 452082 456682 437100 467355 399769 451964 455762 
468416 448565 497941 462866 500251 460348 504768 493490 530406 514711 466291 408760 453213 461803 464281 489539 520223 511454 483921 458976 491956 480959 498693 461028 520418 424528 461000 473561 497961 453933 449408 451307 474589 520950 500877 468176 451243 464777 487043 437125 465434 438893 479917 460486 461011 460497 489689 458483 435997 484067 491693 463341 465583 506044 488628 453197 443143 504334 477421 453565 485976 492446 481900 479128 525679 466567 486824 463436 535188 422151 486063 453397 501691 439076 448670 501423 454049 478178 460119 491718 492598 466603 436667 468540 449962 436209 450361 503130 509430 479736 485597 496632 451491 463192 410296 467113 495744 453687 483518 472164 443993 490097 504152 464805 469804 484986 462076 451178 502401 521063 464806 512916 473392 491328 430777 494696 489049 460931 507197 497897 475402 465235 495771 463672 493528 496190 443295 462412 451435 442596 471597 476861 449157 469499 477578 449821 506065 491242 453390 480140 475980 452056 485354 498397 485903 462570 459861 472473 419862 452076 489256 493414 473728 502507 476248 466484 467667 506321 467372 469769 456303 479176 451798 530313 494458 512993 483303 461425 470981 459424 472127 515803 485540 488383 456979 514016 445907 472951 412006 469850 492880 473619 506012 442755 435951 500802 526171 503938 499743 479094 477893 442743 471474 485137 475752 432226 470211 438550 458461 464947 
491787 470701 492031 458122 498682 473378 509042 473855 538325 513528 447851 398430 468402 460916 467165 495754 501500 490398 473179 456003 496674 479431 493016 456526 474842 440302 459420 462828 490064 422993 424153 484361 458740 516600 466555 454433 460950 443528 490067 469989 479083 467331 471125 460237 437158 482718 485431 452951 455741 475939 489786 432620 476982 498430 513007 427674 439948 476859 464928 480234 473669 478532 470737 486110 479811 464077 479830 448235 521139 424671 468687 443091 494894 437804 467778 466945 438506 449001 447804 489508 465722 477975 445562 443324 457364 447140 462666 481436 506204 485606 443813 469833 433942 489938 409251 470718 499905 454024 462418 469476 432401 489810 511307 455733 445675 473248 464915 473564 508067 511245 473817 499899 449962 485763 454474 460718 463287 444303 497998 493508 476593 446192 467037 462588 474591 496448 466846 460805 446405 431732 464808 456679 433443 443372 461782 434263 497043 488882 440845 489664 464369 439543 471637 497568 483561 440451 452617 478612 407376 457977 478998 470303 466285 473951 466978 481077 492844 494692 486640 456835 475911 481015 483658 514967 470617 493911 469122 453686 460187 463377 482820 521555 466208 483771 448064 515022 449999 481194 425524 462869 451858 486075 508368 429782 414707 487390 506722 512276 502170 486645 469301 436094 457605 474341 472030 423715 475646 432833 461887 468913 
535738 511776 528345 502727 538671 501771 556684 514460 565081 552453 502044 447985 496656 517037 509470 501078 529490 547055 509312 489935 534254 513538 541854 505687 519149 483371 499021 494908 531533 476408 480422 526546 506642 550738 555656 499487 502828 498336 518107 499649 501613 472560 504553 481279 462392 501698 517520 499529 461910 477797 531768 485168 467583 578661 540062 490443 484822 548744 484020 495457 520720 521103 520165 518166 533664 523823 526035 512570 577721 463652 518426 509662 534881 490254 475994 518434 511169 523244 497388 515019 513445 519514 473026 472697 498276 512330 465507 530827 551507 522988 535007 532736 505353 503351 431156 516072 528372 502405 545814 523112 478907 520015 516183 509093 495795 520981 516448 500233 560053 560819 506387 552829 504746 532758 497093 506326 546233 499837 534441 535237 527648 502508 538669 501566 551706 557220 467449 489151 494731 478987 503869 476806 484315 494874 500713 467714 549283 528918 480959 519531 523467 499475 508502 548049 517201 488421 496427 534314 450328 497386 496197 512867 497616 521155 504116 534125 526616 526546 509654 506009 546264 503732 483486 546701 516709 539575 508239 496933 524184 483479 535450 577599 522065 500613 506155 555154 492329 539284 445198 511288 523096 536510 563244 475441 453328 535647 545474 564153 519624 508767 502602 454283 522196 512434 507505 485423 514725 452869 514395 521165 
507521 487147 539629 520486 519278 503001 549892 528038 542154 534594 491939 431003 477158 482766 495883 525400 535924 535656 497042 493297 534284 517181 520331 467973 515783 472273 482121 505544 510407 482244 481103 505302 497588 537524 537468 504338 495168 498793 551828 496329 511613 493731 494547 494486 465739 486282 536285 477840 461602 498403 516975 488249 489415 530868 541094 487996 491175 528930 485748 490009 514211 515831 502434 496471 525421 466988 533291 516779 563829 461918 506540 509300 553064 486254 473009 536632 479562 491812 490249 524683 495225 521591 467580 482406 485648 486699 464127 524460 556202 507905 523281 526241 483003 499244 421649 502269 514662 483637 517957 515037 502273 513905 513506 514952 492233 508090 476876 520856 541015 578913 515633 552221 494082 519554 474732 524971 534886 488222 529195 508961 513752 515287 530152 490170 529052 559479 475788 485259 469995 453498 506347 475963 481941 500957 482824 467544 530467 511917 482461 486413 507349 478633 479227 513383 510483 453183 485121 537706 437144 492792 490068 513982 504996 522393 505838 508242 501807 521646 501528 516337 522472 521969 493511 527775 482083 551527 523145 507469 500452 469233 516162 541908 490256 519735 486455 562751 481308 512601 470142 497595 530395 515715 553428 474366 454097 493041 554973 560838 550115 509533 518975 466592 489465 503785 473976 483496 520555 459253 518878 500035 
447382 454122 496689 433385 482057 472240 479013 445668 509034 493853 429878 400363 453040 429983 476510 482264 511033 491560 485283 428572 485166 486608 478455 426418 462718 409001 434373 452148 463688 436063 430963 472596 485453 509180 456514 453981 435423 449839 491216 446638 451088 451324 463881 449908 443348 468204 482255 441489 441762 465802 476866 448050 450585 488503 478667 441622 447981 464949 459815 446057 451127 452817 452882 454344 483247 452736 459307 460358 492338 404443 462482 454303 488289 445640 451910 474774 465676 444019 447971 461413 460911 468030 427316 426570 449097 434692 426262 459411 525784 490184 473004 464875 428297 475556 385891 462859 499784 450559 440280 470887 443514 481920 473042 457939 428255 464957 438378 478247 511564 509740 470073 477906 430570 475049 430995 460826 471037 432302 489548 470309 464515 449175 487114 435352 465108 491204 446986 462776 441053 429306 444991 418864 420337 438497 447130 430477 493778 456033 445194 469766 460952 441532 444250 474283 454271 429599 449650 483275 398373 456645 443803 461482 434618 475213 448713 464778 490726 457940 444887 467446 467541 470694 443219 478275 475018 475620 470370 462695 444696 444367 455143 495713 451362 446172 446384 507290 415803 474730 414971 464292 472397 477179 503448 429538 418357 477496 498598 512564 479576 460076 486161 420031 463792 462058 467206 414720 464596 419209 428089 446176 
511230 495536 502309 487516 501599 487263 529138 526453 532769 519857 466282 425369 446209 492768 477960 523332 498994 502446 487087 459293 515943 510577 501741 485602 481764 439796 474466 473422 530449 479595 467418 494143 497592 516896 499131 483730 485176 505746 528191 464895 491402 471295 462125 470827 453127 495992 518355 478302 455634 481459 498195 484790 493682 522971 496881 483937 475268 507490 468471 503120 508477 479210 493784 494392 504149 473729 495371 465911 537760 465102 498883 475897 523131 463893 487209 490887 472068 485728 473398 498779 511372 469154 429338 430901 476559 447018 461261 509932 536245 485095 494266 499224 458817 481263 443064 479447 523093 497138 495981 477823 458665 532811 512682 477860 477460 473001 482224 476914 540751 521867 508830 534735 470735 496535 455050 488644 510560 464149 522802 516894 501925 481567 494852 462334 529043 530777 440156 476196 471698 471042 491355 458171 455329 481221 476169 481763 501567 497785 450398 502230 472230 481527 479803 496465 499284 450019 477759 520671 435411 471513 480822 506444 472209 481354 478103 475459 489269 513462 499740 484151 500150 481448 482819 526351 489877 523992 465407 473475 497281 497605 509656 538644 507292 497315 470566 530047 479597 505071 442475 491502 505484 506409 540575 462326 423527 497582 512898 540978 519982 474838 500210 433451 470932 483764 485610 449074 499301 437251 465679 500989 
507109 480544 511179 483984 502977 488739 525259 488029 528591 530834 456897 449087 494239 508714 492236 503606 517601 527195 501847 476406 502903 511516 518469 477859 484624 432746 475553 474937 497480 450901 447366 507327 482625 544359 514308 501692 490069 472174 499958 481903 477838 481924 488022 471645 460768 504345 536639 453599 461627 511842 502159 458774 484547 531983 522463 479388 453669 533562 488859 484386 515159 504913 502790 496865 527712 501500 495411 472889 527348 441167 492752 479192 496839 470233 486560 495452 467841 483404 495191 507297 502473 480254 448417 448769 485288 470521 463910 502926 523540 518662 484845 491109 450525 514976 426659 501041 524629 472897 481380 498156 474527 517797 524602 491951 474433 513143 473743 477462 532177 544677 508741 517486 468068 518678 464032 489387 484507 469134 532798 492358 498555 484935 516875 466290 519843 533716 474987 470551 479396 438997 465228 450132 464160 461640 460800 446249 520880 504223 446489 501738 509530 475813 497629 511925 494733 454300 490403 506294 434258 471982 471247 506139 489634 503036 486301 497154 523649 521585 492094 468303 512131 478112 525486 518523 501231 504301 504117 490367 501348 495168 506127 546062 474628 492850 480197 553847 468170 531205 476392 488687 462298 517428 534709 465154 466323 506577 536180 537533 506761 516028 495175 469985 499411 482049 509670 458328 480552 456020 485037 472908 
471634 433060 485319 452564 468900 446790 495147 469429 489106 488847 416533 409589 423634 448044 425743 473796 482018 508009 467203 438550 462915 485038 461184 399299 452703 428254 450651 454029 454305 442401 413768 469355 458821 483048 480324 424077 441093 446423 489638 440610 445707 455019 447705 410658 395341 438764 496747 419855 429463 442483 462734 435548 434370 485936 501022 452491 441390 489268 449343 445219 441881 461512 446643 451116 488895 452787 463098 453189 497472 431324 461582 462563 483396 426470 438749 482991 445518 444226 433945 465578 451267 469919 415163 428618 445788 433108 430091 462471 480433 472069 481550 453009 426992 458646 395925 459383 467857 452426 468638 472443 461096 449608 483694 449279 427790 430873 431578 448844 491536 495952 467956 480684 454067 468253 430825 448296 492640 453992 481260 472165 472626 453392 482305 451583 471607 480082 418908 439507 422921 399296 454064 429384 418910 422173 426543 404488 500638 470829 431940 458103 457522 445283 455118 457307 459404 412861 445758 459559 399672 423581 451493 473680 470306 471565 458797 448673 440994 495022 457056 456606 451156 439347 448460 470051 457146 483320 468158 439045 449729 420852 473769 499635 457685 461794 449594 491949 430452 460444 412561 446335 445019 484775 473835 412103 416666 459048 471528 510992 450539 457394 453387 399453 467739 433952 436094 428280 477396 408786 444095 445836 
489358 479890 524640 470389 486198 495083 516740 487857 522581 503053 462024 428486 450740 488505 484409 497552 533614 548423 474740 471528 491049 496776 491323 463879 483561 438735 446570 466951 483203 446918 437600 512623 512831 496262 496362 480009 486004 488448 496026 469359 467902 472779 459222 459705 454113 478146 494321 456829 463171 479318 501836 464232 455974 507351 508191 476386 430249 498284 448019 453224 494217 501051 483378 493274 529597 488528 488468 479267 541542 443012 474180 464155 487735 462120 474040 490145 467583 459804 481462 479379 491910 465534 426328 451768 470778 451612 470908 491786 525326 506510 494109 496792 451747 489133 398307 482941 517573 463746 487063 480057 469364 513500 463615 486673 473508 496202 447983 470259 512347 537826 483471 516425 474456 512462 447674 478498 493023 465706 521455 487102 502127 479947 487020 456682 507404 512330 476791 470579 471935 428224 473918 470037 455729 480253 464516 433005 520937 501797 452010 485024 479593 471295 477194 498606 484951 475908 457845 480646 445223 476980 454588 497001 478991 490124 490735 471273 525225 480406 487333 494087 488004 473425 476969 539594 495337 523858 488721 442656 483559 507699 492157 513604 480243 476969 466620 523518 442339 506907 437376 485615 498520 494980 546803 471956 453561 492870 504200 524353 504720 468012 481365 439693 485937 482098 477645 434008 488484 447308 471799 452548 
526115 511016 519624 526352 544720 526024 553262 569598 576102 569235 492405 448967 499245 548050 506052 550560 551535 568417 546371 489491 545975 548425 540197 487590 519347 457391 490093 514042 534404 495353 488864 532939 535388 557624 556382 509098 542778 512412 544907 507087 517815 510449 506336 489530 481465 519309 547950 475702 484596 556095 530645 516136 533664 550295 549838 502223 457454 543219 515174 497186 535273 526361 507223 540340 536404 507586 489295 508023 555633 467151 510969 519677 537667 498015 482639 541508 509763 483468 510846 532182 532959 521444 439372 483480 518102 499058 502035 538448 548565 511389 545134 530092 500093 536198 466963 515508 554973 501772 509593 538212 501275 532376 557286 507539 498854 524167 498752 504647 568116 564609 546799 541953 494206 547338 485803 504171 531660 503340 566218 527412 541679 525408 540585 507083 572653 579662 505038 492702 490852 472567 507747 511902 494763 523328 494095 485307 559615 541811 465888 539811 526252 499136 515240 521964 519148 480706 529181 543731 462925 506819 513407 540483 514859 522240 507464 500742 518144 527833 523144 530070 521261 516871 527457 552482 540484 554524 522273 500517 540339 492537 559294 558297 512040 544218 491801 574202 491902 557773 471442 531804 506316 557068 580154 490710 467785 528561 552346 550504 554511 541836 515606 466267 525205 501300 514453 486775 513661 502123 525944 533416 
476044 477252 504256 485597 526678 477904 522373 476608 530245 535473 438356 429912 478325 464091 478932 509051 516729 511026 493153 460446 503361 514554 502813 451932 507048 438453 462212 488503 510668 452393 443326 482466 493422 528149 494698 469638 489045 472266 505836 459586 480562 476766 503170 453126 453952 491797 518357 486583 455908 492492 508477 460034 465299 521057 521186 469894 440565 490017 487213 478750 496393 477425 491064 462989 498847 470709 502783 466717 539154 431456 481353 470306 504595 448523 443841 520129 469920 443196 490152 489950 491947 483297 420951 439995 468930 463936 442643 491957 537335 497374 493006 491915 468249 488846 431778 495151 520888 465220 485605 462911 443056 510583 509856 471177 457418 505694 469665 469819 515501 535577 490596 506363 484776 526880 464308 486671 507500 463632 514253 503108 484584 478272 497743 477399 491488 500992 474569 463069 469360 437877 470349 457132 475865 483406 463462 455736 515432 489367 445212 489836 475085 441248 465858 512136 489000 462640 495877 514991 422930 480532 492004 515002 476479 518378 472288 463854 500040 507179 476495 495244 495756 477834 480726 538701 490499 523264 505405 475372 478973 474412 493322 494014 483810 490261 458711 506408 453319 494948 449685 474279 492909 508138 517468 447814 439175 485902 535047 517173 515733 504159 484110 437242 492570 469064 494749 440483 475392 428679 482709 452408 
509215 493463 506891 477159 508624 488150 528179 506123 529505 523113 469808 421523 462280 477481 507587 493958 511642 510232 482332 474746 507101 489986 486071 470486 471850 443462 466987 475568 492343 448486 465400 473681 511846 541594 500149 470606 484628 496659 531233 478308 460644 459208 486860 485327 448852 452243 524057 463358 485572 510369 484367 498621 475828 500444 516440 462571 447688 524400 482059 496733 494652 503760 478899 498678 500923 471769 503156 484963 544101 416263 482459 464685 501800 471606 477762 516535 475845 461062 473071 487245 481709 462921 437797 463870 472373 478269 441862 498676 541266 497269 498829 465400 464463 499941 422475 482067 527863 480021 477029 470260 464543 516005 516245 474994 474893 482623 446649 490665 543349 548199 485261 516375 485667 520565 431695 456423 503090 468692 515452 502790 508064 479293 500093 455962 511057 537344 466589 455386 471422 441756 466514 467203 465838 469930 484726 444161 524150 489265 462247 509179 488124 446299 481509 503658 525571 451921 509051 505247 450509 477114 487911 489859 486180 501810 490907 507212 489464 516592 500399 482473 488300 484157 489876 542362 490266 507438 488131 476878 493627 492439 513320 516771 505514 485200 461013 524284 450299 500874 449275 485833 484495 511887 540544 456207 457724 490225 522633 515766 527797 493904 508155 455059 492433 485794 504468 435129 497435 465524 486503 486433 
537480 503941 538218 503466 517247 506347 557479 510113 537970 560969 459009 470302 505272 521265 483642 544225 519771 548154 514271 484623 532908 531953 530757 490911 522786 477094 494505 509370 522234 477220 493861 508655 501640 542457 535144 497627 531676 510449 536092 509975 520312 508039 521228 475959 455318 487947 544357 506140 460283 511705 520701 483500 497659 527850 532004 475559 484613 520235 511474 489407 529504 509844 541690 536854 539828 526659 531815 517690 576258 462971 503330 509740 532525 488069 488725 522265 499175 499756 499353 523478 505106 503772 476012 475481 506913 471561 465501 520691 545824 543527 519500 504458 493575 527794 439978 518143 554856 501448 519792 513068 486924 520838 517467 504097 471971 529735 515359 495563 546548 558756 521297 538841 497994 530044 489009 509693 538969 480873 563239 539764 518086 525344 535322 484154 534581 551863 498119 480212 499071 470840 502979 476290 485592 513434 497499 456087 548331 528224 465902 520575 509179 502038 515100 515218 519242 487778 511861 531152 466333 492860 496574 509057 500081 536698 502630 514331 527637 540378 489503 509331 534572 530435 482324 567106 491537 548891 519987 479107 512627 486469 527184 559215 533543 510073 496202 566711 485649 525913 466582 516076 522107 526922 542326 482462 492771 526985 536911 565074 519935 500364 531682 455534 512947 499867 502848 470132 500176 497759 509879 501873 
503895 500543 549588 488735 520518 520327 539402 513154 549640 547798 481340 435726 497141 532051 502447 534828 535648 550789 532948 493433 526558 526591 509241 467931 531797 472346 472899 490500 505642 497345 481135 517569 517923 541211 532748 507029 496352 503801 534676 501435 511259 502713 511981 502244 489960 495015 526410 487472 478618 511118 521576 498410 507951 535675 541646 491246 498929 551872 497754 491465 536866 483717 515571 519737 549197 501396 527484 500884 549805 477991 524677 487664 528914 497575 507075 546821 517171 514606 500240 541913 518399 499463 479784 477093 506758 477218 485307 526210 552952 526662 525515 533292 475123 503045 441199 513231 557196 507472 509929 505903 505473 545668 559360 502145 510767 486639 481639 506038 532703 559577 510765 543502 518142 532887 479830 513818 530617 482686 527746 535519 510430 507404 553772 495461 552197 558505 487861 505609 479020 471135 520215 477176 480192 533804 484534 459593 567035 528832 495117 495471 529628 475223 507114 520242 521917 482847 499918 522291 468847 496891 499877 526678 511869 522269 524377 508042 514562 520095 509592 509648 526368 506999 485620 536309 513752 540091 530159 495443 509046 487128 533982 532889 515845 527007 504963 554306 488390 531770 458307 502993 519754 522535 530514 469932 469277 528773 543543 563122 542911 518704 505381 466704 517033 507605 489465 486437 518204 467489 531868 492282 
485018 480647 517572 476033 512978 502647 541502 501453 536007 527728 456548 426287 470866 459024 460728 503206 524590 520420 481754 448590 500388 462463 507233 442583 492542 441443 478179 497348 507133 446815 444023 474643 505906 503397 494457 472416 489866 484120 518589 460097 478099 466293 459565 464437 450487 461656 516738 463352 459690 482510 493543 490337 466537 502811 522809 458720 458705 516379 495194 478723 491653 490370 503093 491639 515213 463911 515910 467117 538943 433905 484288 464411 508388 467685 475005 449308 464535 462202 470531 477399 496483 482586 446378 473478 473943 452303 440069 475294 524466 526716 488617 521233 438913 480070 426211 489272 501094 467858 477203 488088 467432 511793 489736 451966 444484 500473 458982 484593 514783 534233 472068 510704 469542 528995 439784 500172 503418 451783 514130 506201 508771 445894 513754 475884 511864 492005 451878 462839 443977 449038 490673 454341 454955 458596 468325 449137 509291 487142 468302 499353 474331 458060 497814 508748 485376 469452 479812 502522 433073 478510 491459 506162 489002 501876 469391 481664 481499 510426 478257 484661 497601 453529 468659 510622 491061 510420 504064 462096 457768 469137 484953 527462 470609 513494 452436 537697 461512 479197 396390 466415 499375 497644 532028 458390 446778 492389 525024 517076 510122 491038 489858 458329 456671 484865 494789 435485 489614 449697 473440 460282 
520325 499960 535751 482946 533418 510248 540438 514254 555353 553753 483119 443735 490641 512540 495654 537446 537741 550260 530305 497019 517357 541987 514822 445165 521360 454460 486024 506236 509947 481920 485750 524612 505171 514801 535529 483905 500566 494041 535289 459921 504010 495724 489777 485930 460785 498264 549464 484905 487347 523255 501759 471807 528802 534116 516087 486721 471641 525548 490492 482361 521952 511825 521822 516937 539979 499675 537780 492942 549206 475850 496273 467096 544824 477109 477994 523848 490047 509918 488719 522504 524659 510518 467174 484020 491007 488240 443741 516011 527745 510296 518859 521103 483196 499970 452869 498361 529971 492634 488390 498500 476840 535918 553384 491182 482222 490160 477177 501038 557450 524344 495161 533550 471423 525575 477448 513134 538125 483308 529391 527364 505811 502556 511761 478988 537138 538109 509012 479992 485137 450102 495788 478634 472743 504997 461852 455029 525785 502702 474464 505760 502525 467546 498965 513232 516328 468442 516719 527853 437780 483888 511693 526014 509493 515639 515280 512430 514210 516816 497823 501247 511312 508356 485702 556234 521204 559758 513785 498709 531857 493546 519434 532974 505405 516298 466031 556052 471778 521393 461262 489104 518177 508648 536438 466023 471972 506960 531478 525510 512379 490693 537466 469363 500905 504968 476996 478659 498244 471842 500390 507890 
509330 447940 502926 479161 498536 493606 523790 493831 528125 502747 477645 435799 458797 474128 486079 481244 514705 515669 496662 460228 509337 487701 491916 459600 487131 444840 432193 469469 504551 434847 442433 463623 470297 517593 513113 494059 475156 472263 521239 450961 474001 469603 454386 458536 457355 479857 498838 471138 449678 494720 493606 455597 480314 513587 523926 467837 441456 510898 469815 464046 508784 492203 491010 480430 504777 464744 487552 485404 513567 438963 474043 454995 506422 444994 444881 501758 469685 471801 486671 473781 485327 473665 427561 446463 476650 465189 454352 494277 508914 512697 489464 502062 444405 480283 409663 480327 478415 428157 483500 495342 470955 509647 496264 459703 444604 498703 471797 474903 507580 532999 480089 502245 465164 534059 458927 487253 482871 462453 515138 490160 490798 482769 483180 451681 511601 508699 460467 476083 475737 441829 465846 462767 481276 472444 469890 456023 525659 508990 473209 475302 484762 447370 482247 498128 488704 438604 479440 489058 439247 453477 487893 488162 477182 493458 487101 464920 483482 492794 497074 473436 487009 466294 483290 516896 476040 518125 494359 461621 495036 487855 495861 521031 482734 509010 473429 516448 462482 492020 448136 478917 462813 485858 528747 450900 445089 494958 514313 532380 498583 505223 486881 433738 463721 472281 472419 461784 480441 470242 471327 468713 
492902 464021 501757 463278 504358 465693 509973 498759 536987 538692 469093 419576 471123 464168 457929 494329 504550 534982 497635 451076 494653 468859 504589 450896 499588 450484 485780 464525 495835 429062 451690 499605 466230 510967 475609 481454 460919 475916 501748 481336 479651 449753 464976 452809 448656 468860 487708 460738 459195 490026 484930 468740 458443 500136 503436 461116 433929 512358 465165 461489 506355 497927 510507 479219 503950 466759 464875 478772 505734 433825 480746 475403 484398 446724 475063 487475 473426 459796 454180 499189 471805 444259 427669 454035 470419 456491 482864 504481 535189 481076 506646 507369 444441 500052 426086 484071 511199 458230 514507 490942 466499 498723 502536 471818 473210 481230 455473 482590 520075 541470 478282 518937 463497 493816 445021 466734 482912 456125 496496 499989 477251 472790 486490 450784 525240 504883 450876 470730 468897 433483 508125 451084 444963 477838 462894 431996 522529 478710 459685 490016 486391 463576 477519 503461 461199 444368 466067 514275 402944 450698 474720 503030 465861 502674 482205 481716 497139 492691 494120 479205 478872 463680 495008 510771 471934 494924 494429 445841 491707 468042 506370 555854 479092 500831 445447 519999 474204 487984 440109 488326 482729 499939 513226 442496 455625 499784 518677 498638 510429 492317 494706 445123 483494 472121 479381 454089 467627 458328 468114 474365 
516456 513584 555726 537661 536012 529897 571136 535129 594713 536232 503883 481051 508973 508399 521031 527862 550881 582375 531180 486903 556302 539487 549272 508307 542907 473495 497668 532760 550410 488471 471089 534748 533146 546009 574091 526018 522278 518133 558814 533434 503484 497881 520433 496413 474405 511514 547212 513403 507957 517838 559020 498792 506626 555102 550909 499704 473979 535339 523640 508572 535042 538144 508889 531940 560307 514212 565362 522967 578410 498835 521251 517009 541169 483090 498940 532983 529638 514016 519289 517646 531294 526502 480076 520502 505046 506733 499565 528245 567767 537964 543771 544752 490734 534962 440174 531125 554276 513564 547419 514173 489584 558534 548664 515479 524954 549126 495950 520143 555723 578804 551860 540717 516814 553917 493786 526735 552241 520943 538480 550522 541584 521477 545758 513123 571094 553612 508632 505914 495456 455918 526511 520235 482942 517051 473683 460045 574313 538537 506975 536585 522802 495160 539487 555088 522197 492709 524444 538924 457278 514787 544031 515395 525953 550289 532876 516320 524908 535415 514642 534780 507927 498088 508029 565037 534035 577142 525738 499585 534478 507764 536479 581113 529175 533522 501712 567705 500400 540602 471872 505568 531090 564975 551925 475940 478047 547287 558654 562352 536668 544139 527423 502478 536607 535456 511724 475275 538503 484654 509040 519570 
484343 475978 489703 473172 506726 457295 511717 473645 531025 527098 450950 410087 445268 486780 459492 491118 478001 504219 469408 468897 490482 509670 510749 460353 498647 432683 446973 476737 481938 454248 443854 454424 499155 513287 512218 492033 463586 469778 492741 465833 466796 460085 474569 471929 449355 472246 504106 455579 452800 475741 480444 455368 483392 522512 501304 454799 444170 492445 464679 447533 508256 471403 485505 477778 504163 471112 495023 464222 509859 431126 477902 464348 485672 454433 454388 476737 445147 466758 467786 477630 483141 475268 447633 437575 476818 432546 444063 486956 513839 483035 478323 469884 427718 480124 401809 469572 489032 450021 483676 484669 442859 492067 494278 485464 483538 479459 465805 489918 491377 514039 458535 525322 474679 500052 443236 466013 483529 455759 511444 488934 483476 471853 505010 451418 510167 511586 451166 467618 464080 442967 473900 427665 454075 459731 480087 448698 513882 483891 436925 483522 485298 447419 484550 485880 471428 449254 462676 514280 435078 451389 456062 491367 464708 501548 497233 480175 484254 493935 484663 454803 493966 472826 470141 521501 483310 478109 478200 461680 501501 450880 504889 499009 470172 474183 455757 487080 454812 501248 435525 449707 464429 487181 525351 432640 437537 491367 502158 514741 506235 468932 486591 424303 478815 484605 478824 427895 471807 446849 476404 469411 
475191 455809 492420 468281 486689 483192 493986 472783 498484 488749 447098 403943 442589 478688 458050 488159 488799 496124 457221 468483 471383 485775 464686 441040 458938 423300 457719 464225 469895 434360 417666 477421 457097 485104 475733 447191 457736 471486 492470 453644 428721 446088 447381 464559 427841 462240 478298 440531 431040 460172 493721 441911 461373 484807 477116 439977 428134 489901 453150 451544 488811 462602 475170 481540 502609 464054 495020 442956 511772 431462 428101 432663 487409 444643 449768 463615 441989 453774 461937 458166 496783 458681 428036 437960 457322 450637 422114 470659 494955 477402 478855 452266 436508 467382 413954 478108 483442 458209 471383 458918 438488 510653 484503 458570 458366 462200 458496 453014 489537 527405 473467 497238 467035 494316 453954 467923 490518 452920 493515 471790 460561 466918 470672 442821 519082 476503 445909 474946 451124 425730 471891 426071 431392 439713 445194 436994 513573 479700 432806 491015 460542 437043 468615 472735 494772 424305 487519 472858 413123 439212 468426 467556 459523 466978 499262 462578 475612 479259 484920 443599 471390 479172 463725 491156 444718 500732 476892 456252 469169 470700 497157 492843 473630 464180 458986 495282 438502 473072 405618 446916 471654 473635 498981 415817 407747 475873 492315 493624 480265 471635 476887 433251 458897 453836 464185 431212 456486 442790 447768 468325 
480842 458629 484232 462246 488778 444860 492747 470791 502355 507404 440481 396532 448994 446163 448090 492962 494127 507188 470500 463176 471761 488019 473789 450430 471206 431580 429336 460260 478535 455696 443079 460575 456852 499572 478950 458846 452529 461496 496069 430252 463814 459870 465484 436402 433275 468969 491621 430762 431969 486316 456678 434058 471310 481774 478434 449135 428779 492199 441197 448280 479105 472971 464126 483384 487496 473009 456837 450327 502544 431476 473976 450347 470399 428011 432762 487839 454025 441027 458283 493974 454438 474503 410344 434418 463819 433459 432579 471206 498457 477484 475110 464711 420799 495501 408917 476225 490824 444093 441295 451113 446430 461837 495474 460164 441030 454908 427917 468779 499496 508907 459323 496263 428816 481483 450616 449444 494461 459919 503909 503288 471582 467612 482151 449763 480791 483075 446145 451264 442069 425617 464619 450583 436158 465202 445701 420912 498027 478820 425044 483008 473819 430900 469863 468864 486322 430326 478572 480681 416614 440752 456922 497062 470550 458308 487598 462148 480352 477898 459988 449763 478274 447805 436426 505737 482148 492674 485467 432619 465490 453678 474292 488277 457536 476246 426851 490221 443030 463053 415996 465549 475440 486831 504820 444774 429767 481379 494044 483732 497739 456310 464402 405279 476618 472688 440594 415238 464809 431758 454126 442806 
480058 483329 514925 467738 486319 480954 505471 458855 523483 523354 447103 414458 461906 479134 457657 517988 487997 508568 433999 458067 502249 506509 477890 458286 502662 443917 464372 476265 473994 458100 441877 477864 485189 494792 497707 475363 463911 456291 480965 448217 483243 481520 473500 437031 437048 464231 489807 456251 463953 474096 496654 470926 484986 512060 499587 452794 440003 500222 453165 446714 499238 502319 489693 489028 512627 499097 492239 481239 520388 412548 473214 456406 511901 474391 455897 484844 451404 478201 458661 499991 480926 478329 442065 444988 453296 445642 446105 501995 521484 503378 487987 474348 437827 507510 405783 489957 497002 485593 482933 470295 455800 489029 499623 474132 467075 488539 456854 452458 503085 525540 454308 523465 465763 504982 454460 480491 474226 463873 512915 491434 471868 477995 487744 466121 495115 507660 465451 468038 437107 434703 478233 438021 444893 442252 456095 417445 510486 485264 463159 476123 479307 454629 470372 483110 484018 457234 459380 477606 440128 455215 465350 490931 505775 469586 493404 482255 495408 482928 491725 454039 490544 476612 471371 518334 502792 500506 501814 471001 478238 476737 488120 508233 466809 472989 456459 498077 440695 498150 443863 484356 456766 486539 496958 440870 442787 494272 515892 512950 487289 477627 497996 414194 463719 473317 485441 450154 500321 442970 467742 451417 
523976 492314 521478 509753 527623 486966 539113 508102 538081 539438 460725 436372 462834 499693 474017 505806 524337 534419 506103 473542 510313 503990 523299 467846 507690 450129 497505 477695 544830 488441 463256 501253 506184 514586 519018 514356 485856 504271 538384 489880 500740 490666 499384 488154 468301 477494 529624 474991 465889 488777 529353 476765 505789 533253 522394 499131 466787 538396 478169 479888 528758 509526 514141 494119 533912 488181 518072 484810 523640 469871 503012 478546 545408 464313 487221 498655 491742 504253 483467 526078 512196 500110 481004 465909 501639 468468 462051 530485 505282 533007 512509 518220 472086 521273 449291 515310 512046 499303 514420 521916 489896 521126 532857 483627 482875 504595 478191 489505 538981 549177 504495 537364 512454 507392 490045 527430 513654 515502 539300 502784 499721 492032 524247 479899 536027 517371 467598 495086 481751 444038 487926 476558 463914 481750 459239 458323 535688 508123 463203 512439 503659 467879 498224 493244 504217 456486 478874 515008 440612 487552 479885 509182 490809 504730 507499 510017 511607 540119 501725 495841 530671 504298 502353 534759 502584 532210 516149 487795 500824 493377 521670 537095 508216 518358 483217 533305 484973 529511 440753 509824 490514 520726 556141 474925 451477 529925 526553 545857 533177 507141 492443 449490 507082 500000 505099 461405 481832 469654 472291 466757 
467985 466970 495541 452009 481456 466777 502622 470118 501766 487068 432445 421759 435508 477738 457733 481888 484652 496674 456092 434198 470824 490414 480279 437526 476317 439827 433301 446720 456682 450749 410934 480816 477858 486839 472252 451667 477472 457921 483961 450423 456738 458485 450850 445799 408186 473148 484700 426800 425900 454779 477230 446441 457898 507815 496974 467406 447126 484258 459142 435405 459117 470529 468241 476875 515536 469669 467351 462292 523049 410193 480468 442688 501723 434370 424400 481463 433954 442519 450095 482108 460307 458071 428608 445379 468831 429001 422970 478677 508158 475426 490690 472240 441284 456338 392866 460804 490481 446863 454507 463336 457231 484376 486428 466826 438621 469804 444241 453395 491445 500486 457418 509202 450706 494275 421862 465416 498604 448115 472606 464427 460284 455804 489961 437128 489008 495970 456283 439480 432741 417243 424521 424050 425485 456232 447041 423706 512075 458726 435706 464656 460159 462870 447164 486149 473365 440230 441444 480616 398594 442873 458202 461600 455256 492531 462493 477151 481837 495506 458538 471800 472319 462738 441202 510166 480659 488328 469031 448430 464190 437329 459085 514571 441351 460448 448850 499327 412328 464550 425838 455498 463208 472687 514642 435592 412938 462780 494801 489455 485032 457056 446958 424017 479971 453312 475922 437017 473925 422998 467801 456762 
475584 474368 503423 460036 514764 462104 500011 497397 535527 522209 436196 413562 474541 496911 471798 495296 490999 531910 483323 438787 460724 504878 499260 446276 481913 441101 474238 479154 482722 462642 439537 503291 500426 509137 496632 480779 451391 468374 495332 451209 468752 429772 485517 455758 436860 477006 502815 458545 442314 494886 489392 461988 464174 515209 494418 459134 449849 509187 448165 451203 493795 491349 481278 481862 507777 470918 493093 480843 527013 429317 478264 457278 497317 447078 446727 504960 487316 475746 485238 485646 500941 475619 428798 457775 481326 455782 449577 488749 516137 473262 509920 488069 457354 499215 416568 469162 521693 465867 481482 485888 442477 499880 492257 471887 457776 473876 471861 460031 519514 537760 485023 508130 480935 506288 452075 470871 500586 463059 499119 495459 497306 490173 496357 465456 527878 524906 481231 454250 473847 431336 461927 449094 448830 473229 470776 440135 517375 496420 446886 470795 458169 455244 475392 474750 494279 452710 472381 501880 422736 437038 479740 489821 477870 497277 478130 476282 479831 497266 485615 470310 487069 478808 470114 526457 492337 521562 472343 480541 481489 440851 496565 504037 461090 490458 481578 506342 443497 473238 417327 460111 493002 501940 531409 441576 441526 488901 508630 507487 486105 478718 476839 433219 489682 486607 480530 448266 474969 431405 463749 461109 
459247 451129 484656 458785 459596 448653 502540 476964 480851 491540 431061 409773 441350 457563 443012 504145 496920 522421 449907 432648 480049 493548 478333 426830 494413 441863 453217 456704 467416 463387 425764 466951 477324 480636 483522 452949 441901 459541 517887 436606 463553 463412 463965 430164 432743 450144 494591 438356 442214 452301 464240 431628 459749 486048 507975 447779 422306 503366 446009 453089 464433 491293 478416 465573 507872 453353 469190 441472 499990 416819 444441 466465 464809 441551 439564 456689 460864 464721 453569 484621 466752 456657 421527 416609 462594 418412 441468 472497 493283 497479 455463 475083 441204 462087 416067 465704 467335 450283 459301 461547 454427 479893 496577 455915 462269 461443 447404 463106 505443 513415 469379 472429 443090 468442 430279 458662 479938 445978 497698 490954 480047 477681 478641 429042 501659 491467 446853 441389 428936 419527 455916 429697 429097 463736 440208 412103 509434 448899 447757 489471 475685 444366 459434 478462 471473 432312 449057 484013 406766 445803 473839 472039 466565 483803 487073 468529 451396 486566 467265 447638 485566 451652 446880 492020 457155 496636 474352 444737 466662 439400 467235 492218 478472 472799 437202 485877 443496 451534 430014 464465 474011 465971 500108 421990 425594 484254 504376 497091 475413 458050 444205 410219 461526 498311 469964 416584 464447 428214 468357 446162 
475129 455003 473729 457658 441724 447160 485720 481847 503285 521302 441432 415541 447539 445015 437150 478306 467746 507303 446285 419566 489003 454113 469124 434022 471036 428598 441382 445862 466876 418735 417849 457648 466576 466068 472098 463357 462760 458512 490155 440568 458308 434650 425792 439832 411799 447349 475539 450590 436664 474355 482595 443074 445243 494964 486446 434030 418664 504115 456375 423137 473320 443158 469709 460424 475448 436659 473838 442326 521315 418402 460070 448831 457681 427357 445545 477510 443582 442431 443900 475280 462432 444380 410386 441489 468942 435954 447556 467899 487350 487843 454197 469109 409647 475886 382711 431785 486342 431581 440842 490952 453678 482273 484369 437998 439196 436672 435966 456835 490269 500832 465287 477826 430525 502462 436744 466877 461108 462619 474312 457284 453311 438701 490262 454301 493547 467278 415990 423079 452145 412782 463601 431820 413343 449505 458684 420001 489643 465821 425622 465893 438325 439417 461696 460654 445144 434776 454051 473984 399613 438607 472181 458310 455454 471505 437106 456671 471214 472444 464575 452769 464063 467400 467186 484933 440180 513237 458362 426179 470945 434815 473775 503387 454127 466925 458694 494292 437618 477784 402651 434973 427558 497504 501763 420215 436778 461197 478399 494383 478517 467271 454858 418971 456219 462749 477845 435952 462902 422037 456103 446466 
512952 486686 479557 483140 493510 466927 505303 496262 532091 536942 469930 430229 463971 490364 494550 512580 527361 545316 505293 461923 506213 513871 505411 463471 490271 450082 478887 479436 501470 465954 453798 510164 507395 523437 506325 487261 487051 496624 512829 479536 481456 471774 460509 477051 449420 478838 507839 483525 466764 511740 522535 503859 484238 523274 512116 470377 452564 517518 468395 468312 504804 489075 497968 484059 517138 477434 495130 483028 552048 470732 501004 477087 528253 472916 466559 528999 493253 477091 482103 510395 494818 495648 437478 459588 495563 462990 459172 501310 537055 510591 510966 513425 465380 487706 427753 491897 508045 485326 485746 506650 488778 535804 518064 473578 473937 491087 478761 468164 541789 562946 484740 540167 482629 501855 475080 484492 519761 487953 533253 523886 505740 488696 474654 485799 534563 523050 480397 486406 478038 440206 491684 486474 471357 495215 482560 454732 528093 476598 453734 511851 484717 474505 491900 517276 464012 466017 494700 528089 435315 465006 494542 520598 468146 509025 482809 493240 493630 498069 474309 485515 524632 501278 462613 529883 493794 532166 499890 467786 491308 483663 533753 521712 504359 513044 476783 510468 475790 501510 418094 521137 512780 502979 530715 470967 439639 516412 528886 520442 532593 491323 491449 423427 481216 504875 506345 450217 477489 487072 493225 469994 
473098 474817 484222 448536 495170 475848 485362 491950 499342 520237 465916 426361 476881 464931 463681 517988 512476 505061 464925 449174 484123 479249 507789 451313 490166 432542 441039 450928 503212 437598 432153 471661 464910 485224 494213 475032 447191 460127 497030 439629 487734 445003 458752 444165 448246 456175 479256 433086 453565 478054 470448 451889 477030 468074 491416 421629 432999 471981 457766 457459 482263 483524 456590 500145 508193 486511 491188 480527 501966 415613 460239 467788 496418 441474 442634 486244 451278 480458 443727 504275 478955 454694 419076 455014 467522 440034 460663 493775 510763 494240 497030 491646 443407 461261 440955 489539 494668 458500 465977 486501 431947 479963 479495 479969 462020 480316 444651 470245 505335 511464 477127 492141 450851 502870 450198 477679 486884 459341 503483 505197 449824 461020 520140 460031 494133 480882 434644 456471 491338 421673 458057 449353 420733 475577 454290 445215 501913 472345 433767 481727 466892 425071 438595 467165 476859 423004 478474 490785 432059 463783 464016 483594 470978 473550 487212 471839 476729 501823 489973 470951 448667 465702 470905 531946 450318 507690 486337 448791 510132 460628 466917 518804 448152 465460 452271 507721 455371 471797 422278 477114 491134 474462 518668 422837 434798 472170 489157 493673 496673 475377 473142 442145 477695 460018 461543 439105 474069 422259 467794 468235 
524888 500722 547127 510767 533592 508256 556900 532076 551702 566380 486378 445710 493265 502813 491791 543488 550407 544801 512475 487413 519033 532877 532612 479176 538194 467293 491047 505875 540621 482225 487614 536570 497186 532712 540103 500150 483156 520756 538538 498980 499974 509501 512553 495720 485253 489738 543013 482766 485423 509815 531453 474107 518188 562936 529269 487821 486569 565279 512136 487133 515986 528992 501303 509879 543635 488057 525921 505289 562420 473356 513952 520109 535354 493209 475979 517442 500407 528406 502384 537240 526969 518957 474053 494496 506360 500290 462213 554663 538229 524904 527058 523611 480936 504056 442809 513013 536683 497446 520964 519060 500115 526861 548256 493591 485148 520279 499163 511962 548350 573092 519577 544731 501724 538888 485312 517311 554077 513426 556558 533586 515868 480035 550446 493144 562955 549381 479049 506581 496488 475761 505996 506026 489509 502131 494747 482147 557638 529710 488363 520902 511571 507692 505804 509701 520638 471832 523527 529576 431784 519761 517408 513970 498225 528291 513538 524638 538865 533701 480470 489796 520657 517828 526196 546978 530033 559071 533436 503709 524503 485046 511651 545366 509801 534781 503148 575584 493109 511836 460973 491648 510967 507984 539835 479202 459930 531985 552124 564573 528580 517050 530578 466809 531098 537410 512799 502133 513256 480651 501822 507950 
474223 490969 513147 479124 518165 475143 495344 490814 487056 527162 431355 437375 462553 468855 464991 496286 507886 511367 472831 498042 485112 490069 473771 452902 492281 437974 447156 473083 484567 453042 455455 480785 484915 512207 521353 474485 477103 476756 498873 463789 478580 451506 469740 459418 439279 475710 496969 445601 454201 512839 503466 462050 455486 528642 515574 492688 461685 506486 462451 467321 493907 470064 478884 490713 500696 480760 496548 482951 534313 434364 496202 479393 504930 446535 465033 498808 474141 441107 455539 492941 461883 477981 439946 441114 488253 479048 430458 489776 532019 494156 495204 481372 450205 488458 433378 485574 528485 486552 495830 484825 457634 510124 503890 488027 462138 480513 461233 474985 517136 539881 506448 518062 472788 485709 451443 467442 505904 458343 498587 509671 484409 482020 506261 484007 508801 511076 453394 452766 468273 425468 456736 443947 461320 460298 466217 426485 514682 495319 437210 474586 484660 440624 459677 497563 491066 437739 462150 507660 430991 472098 459808 501255 469434 504576 494005 478872 502316 510156 498853 493161 516875 449285 460851 513835 472615 489717 500107 463215 495481 456289 493657 512099 463909 480488 458681 511869 462156 468632 424708 463910 502356 491849 511497 438424 428449 477323 514296 513567 497340 495205 472443 433528 494247 476520 469127 438360 487280 426474 478787 466782 
496022 487635 531864 505116 510900 488720 536186 509569 528839 546044 482551 463411 475875 517899 442431 517292 538036 565259 505875 476725 504165 495037 519142 483653 504685 446280 472665 522055 488525 484903 492925 494572 494488 534725 524460 497720 470479 477077 531673 497290 502300 466783 509733 475752 459732 476399 528504 462081 460666 527247 508980 490839 497551 530774 538885 477303 463802 516575 477563 477054 517351 526163 515541 518672 529349 476934 509045 500435 555896 451138 487436 492778 512611 499803 496697 505996 514962 487798 496433 517299 504459 504067 451690 469637 488406 484745 474788 493200 542786 527003 517185 513986 473976 497297 447006 520894 521437 475649 512749 519960 492358 526250 536317 484594 492245 494369 472509 500877 546331 561570 504991 524703 495352 489237 471131 505144 505080 482914 515565 522370 513290 487108 521209 492992 523510 542615 473331 471837 479726 443793 478148 469876 464753 464316 498180 464746 524269 519176 472530 522261 506878 474266 501945 492472 490903 458298 471430 523138 455132 475371 481895 527335 512517 546908 499052 504008 489784 534132 513768 492267 487177 491769 481829 546047 501501 523063 513252 476839 487160 482019 534660 575818 527366 504425 480956 551534 468807 510108 466782 501030 499905 505541 544215 470571 490936 516217 535986 546960 516893 510539 529509 453720 501118 513476 496157 478696 512655 460909 486313 512646 
473370 447257 480827 451267 465411 472167 488851 464369 484913 486483 416563 387773 432155 464300 460014 489907 467574 485818 467870 423290 495382 470789 472313 427416 473807 437460 434824 468922 477642 434426 406221 456833 472010 464933 495101 462262 444912 447270 466092 434793 452548 450026 460400 427081 452029 455549 476217 430904 438479 478415 494101 447937 470496 478753 495682 454982 415568 482994 439767 425654 486444 448725 467508 458119 493698 468134 464590 449839 504416 432050 458533 460295 478115 433325 435868 477895 458118 453769 447201 477465 466624 441870 421885 432326 470360 441789 433888 472733 474305 491247 467016 472033 441079 450111 392994 463778 476973 446489 443607 458029 454402 486081 487106 445366 429261 464960 451466 432657 479904 493938 458779 494179 443771 480730 426305 468570 466736 442674 467179 468603 451879 464488 479901 427828 477140 474556 430869 424715 445810 404375 423677 445391 447571 488968 451756 409851 501751 470708 434434 474100 494112 433662 449852 475807 480302 420796 451612 467832 414936 455004 446094 466608 462819 482697 441135 446955 451422 489570 460993 447484 458673 440271 459787 504963 448472 497362 453853 438932 456880 452302 485095 494152 449922 489063 439993 496436 459741 452794 413888 467851 444398 473557 504128 438454 418919 474395 496822 492381 471000 477314 453571 436587 464929 446491 485377 446003 459789 407797 446142 442009 
461511 452309 500647 472832 480882 465078 518924 493554 504300 505459 445862 410436 461730 449621 452690 480625 503564 505205 448800 447405 506289 472994 458725 443591 474123 425884 442699 472381 439754 469827 426949 493845 488820 493617 506958 438197 440126 442269 483748 446068 473334 440737 456779 441467 420534 468149 471340 435070 431727 485255 476146 436185 476443 510389 523761 449875 430414 500282 444792 463705 474287 468056 491557 478330 496200 471617 465034 464901 509625 425912 454034 462976 494435 455326 453733 466392 451607 444306 466428 468446 465748 459489 420448 449748 450642 447631 421948 484345 515865 488505 468448 457376 444072 479458 390737 470906 484065 470368 470745 453829 436916 464198 496308 464669 431590 480552 443965 495640 488201 529746 453753 510076 452372 479639 456375 456753 493532 456472 475408 466629 456735 444604 489887 442308 506537 491866 449486 455857 445061 413592 457372 445436 451450 447714 453666 431000 499746 481422 452016 486852 447964 437899 461109 492859 478485 430148 449754 479110 413003 450022 438996 470096 464436 490821 471894 471713 466894 474828 458870 457072 483940 445199 460219 512283 471203 487484 452538 452655 478423 448962 480786 519620 479244 486292 452633 500764 456892 504633 433578 449145 467660 493045 510694 431210 424535 477502 499492 490773 490036 461637 461381 409953 448747 466495 467404 435562 471271 428257 463021 481795 
486452 475505 496029 457622 492624 466282 515648 504419 530704 521216 470031 427051 476997 494901 483167 499431 500746 526403 496865 448556 511957 480219 488787 459161 482202 442677 475273 465074 513962 444075 445632 495325 483043 502194 505214 462197 489992 480538 499573 475370 484813 466167 479206 460685 449725 449918 506762 469119 460855 504110 510262 478212 463749 526324 503616 462150 448813 514579 469939 472205 494472 482500 502957 497074 502765 478338 505748 476860 541871 436570 475518 470195 505694 455142 453943 518934 477127 461219 474984 481501 495479 464815 437493 454268 482795 465577 440186 487528 536244 499193 499245 476985 449753 484791 412821 467470 528927 456349 485429 491989 458236 506235 504652 477317 481146 471242 458376 484608 529557 536579 477024 503524 477591 523683 438078 460744 507317 483364 514258 468807 487253 494072 491360 457196 510059 516100 479966 477734 443854 437596 477945 476867 451399 467244 467279 422084 514897 480518 451859 490655 467715 474053 489337 494862 484787 470351 492050 480349 449865 465260 495251 496281 470742 492028 480301 471032 508058 505396 493201 491444 515297 465248 465547 516545 476000 525780 496293 462505 503808 470685 498031 536310 510381 502165 449237 530851 437320 499547 420600 483984 474649 493269 513308 446829 441086 482628 504602 510579 496693 476341 493871 419277 488655 453974 478884 451475 468541 459730 467630 466926 
487990 497659 511441 488414 512417 496491 543908 525733 540452 531160 482423 449346 485305 501777 482059 531330 532381 559651 526983 497188 532630 532204 518468 477111 502409 469281 476582 479376 491132 476082 471611 507606 492319 543561 514766 484314 492947 500155 510074 485092 528033 493476 485741 491951 443521 488222 515128 456697 477319 501349 515171 488396 491889 537970 544384 480348 454041 506284 478241 489176 498922 517958 525097 517363 522963 516031 505470 503021 546227 460543 481883 494357 522465 474851 470164 539537 468864 475459 494416 503690 500364 514382 431799 444487 477205 470938 482971 514388 565075 510327 501377 494661 467293 493156 449125 510885 537981 489975 495596 482112 461327 499308 538018 513089 520382 485645 460533 491171 524701 527130 511344 530540 519606 518587 459922 472790 512972 484995 530238 517838 500721 506539 511280 469415 516718 540446 476634 488550 481578 447715 494312 487090 449294 487701 450394 453519 555352 485119 455966 486894 505224 465888 483202 502973 514900 472756 508758 524411 468655 472017 479743 515153 517586 520955 513356 504654 513872 536333 520516 487637 491666 463953 494743 554555 487513 544978 502505 478877 514778 516151 488452 548673 508663 494917 466118 518990 471579 530643 452946 494094 511319 516676 550222 453457 482563 523475 514599 543516 543646 516307 500505 433709 518051 490966 488947 460602 523678 449389 476369 497533 
452062 433458 462323 449146 461821 442987 446638 457752 450809 479046 430724 389235 411905 430839 409218 453584 476060 472225 424656 442089 475983 447935 438723 400844 436844 419438 419283 417679 440022 412509 426790 458358 437826 437765 458250 441571 402468 437560 470224 426937 442868 432447 416984 431609 412594 424370 451379 409124 410963 431988 450838 417508 407318 459663 464318 417059 415885 476310 405329 423022 466511 441139 445080 461069 464813 408595 467464 425189 484111 392981 428100 445002 458826 429006 437136 446355 435010 439131 430750 444702 451135 426356 398405 413414 426128 411162 400028 442960 474364 452840 442376 460288 415368 441344 379927 445469 447401 405697 449834 454030 430517 447547 464586 435173 410450 427176 415030 458882 455170 480743 439236 445541 426635 466164 417306 443644 450342 438136 464314 451037 445910 440065 473631 421211 477971 463076 414898 440089 433539 390801 418705 402511 388543 429093 428851 412011 475609 434464 414772 456773 474928 395789 416130 442844 458652 402408 431532 442784 360549 397619 431875 457389 431126 446774 430314 440730 446862 442773 455613 427441 433590 445878 441008 470322 438572 460492 455056 404814 455011 423992 455336 455324 436086 440015 424413 471456 441592 450432 401874 421341 453855 438775 463499 413699 398013 448355 466003 478267 451458 469030 440551 408821 436848 449228 426676 415422 455227 416349 429803 440437 
487094 458137 485410 450663 478689 460061 486326 477373 511117 491403 440881 412169 434994 470950 467835 485391 480462 502276 454789 420090 498629 472671 472487 458938 461904 438594 451372 448614 470543 433565 439611 473639 461175 482185 487905 459356 438312 462571 483781 416370 468019 443626 452642 426660 424999 435475 474818 443601 418090 461003 471995 447696 455395 489959 489113 449749 420155 488350 432644 431642 471886 481702 477229 471147 496466 462865 478677 474493 498971 426134 455823 448405 482439 448830 440273 485155 431606 471662 459198 448345 481125 430280 416268 427446 453807 425579 444379 483693 501552 466314 450605 469422 453992 474660 400702 465149 485322 451534 476945 480739 434382 484077 484389 445123 442163 482574 449785 442289 496161 513709 454176 491765 460662 486679 433582 450674 473877 449651 498094 455799 477500 442422 468658 435297 512665 484339 434122 458065 448332 439517 475961 435121 442436 445642 458552 420318 488416 489206 431642 474906 468359 435657 450806 472632 461047 426681 462672 479771 400800 410880 452513 481514 446670 480842 474715 461436 473657 478931 466685 462070 484493 470735 450451 515054 463274 472847 468321 443445 465143 430118 476103 504439 458329 460102 458299 508172 453350 486004 411300 440853 448367 474531 514418 440123 437118 453584 505251 502437 496291 458861 471615 407676 465509 450362 455035 465796 456366 437424 431341 469409 
512683 489769 540780 470602 513595 473327 542547 528470 518136 549076 474327 453943 497533 506627 481535 501798 531085 556451 481918 457420 517357 494611 515889 467826 497276 468808 482020 502506 482987 470364 460697 511700 510690 522178 511983 478409 480968 490052 503307 488422 510073 491110 509700 464633 454849 461943 550552 470357 478333 493660 506952 480691 472327 510442 538139 474474 472688 523265 492821 477079 508184 499310 536242 507249 521939 505040 514252 500455 559443 437146 492955 475213 531815 463043 490983 495743 480871 502622 475826 510747 496503 487162 443435 456349 509482 482465 461273 498831 521745 529967 502049 509325 488419 484778 422040 483710 509200 489554 495984 500553 489282 505456 515033 493905 457901 482067 454945 473145 514737 555706 489613 524890 471033 548530 443023 507832 521564 479881 507358 487005 498924 471885 531492 471315 524901 515813 460685 467920 457393 450917 491729 463786 466786 486441 471425 437943 536020 501497 459488 515863 500746 469603 493849 504459 505744 472499 495058 487717 449136 465943 472456 527889 488641 490105 494423 497591 481220 514535 481156 498418 499196 464301 489636 553954 506242 518542 516407 478669 490225 472402 492512 553734 510304 510237 468945 538961 474613 537595 446958 461164 489873 522134 553067 471000 461062 504945 529045 538095 525477 508061 495340 457798 511623 471596 503864 476776 496352 445199 471354 476296 
505389 476918 528065 499190 493686 497340 519934 499936 511626 519212 478628 446546 480212 492697 472758 527183 540770 553947 503740 487104 510512 517332 512133 467633 495009 433307 494670 481818 518829 488310 459294 502242 503601 525433 535491 514007 480038 489238 516240 472581 501426 475072 499472 478729 466988 469843 506668 453546 495995 524760 523819 486774 512606 513915 528564 490809 462842 509100 477527 496842 498590 526423 501585 533074 525245 485004 490071 504761 550480 427973 483928 472479 518065 471443 476997 523508 483113 465016 488220 505782 512254 473044 478878 457853 489907 462780 482076 534248 542977 510317 510994 512568 470618 516771 432840 493675 525369 483265 494746 511824 489848 498911 512882 504571 481357 509056 487982 499470 526759 544771 499084 535764 501072 525526 455719 506852 488536 474146 531901 529016 492575 495733 508589 470512 528072 539129 473941 491035 482344 449836 493782 463222 490014 470201 490472 441502 537437 507982 478779 509524 463920 477518 464875 500155 498558 454542 488210 500260 442967 472994 498843 514600 478976 519787 501688 486471 492794 526034 526965 482011 490956 501372 486340 549566 511570 497973 506739 473842 498033 492954 494314 535748 508097 513673 477823 526897 471089 513319 478201 496895 500703 519365 548677 450868 467587 507091 563465 529343 550566 520871 523561 435663 506478 494782 516952 451507 516612 468587 512763 484672 
476997 423558 466251 436771 493356 450995 502033 468966 512527 510812 444510 402996 438174 463685 457440 460888 487769 495152 459956 438441 476229 471768 465092 420274 470929 430307 456893 469151 485520 435990 422779 476505 461818 480416 477597 445633 432907 469900 485887 469476 458016 435589 437982 460796 423746 451572 458040 459931 431920 467486 455268 448731 449976 486619 473380 449865 415937 501984 442719 444202 471168 445897 458938 457540 467415 447560 468685 459059 501303 439109 460094 452387 490590 417338 446838 450720 450534 466840 456323 464377 460253 446013 445060 437765 470159 426603 437508 460158 499007 459216 476042 483085 437562 466290 392429 453849 490539 453787 468520 475878 449038 496379 480932 464258 440261 447455 445839 464129 503246 531058 465166 496402 457811 499043 450315 465588 487115 460214 479004 475499 453160 451659 480506 448493 509955 490973 428663 439542 448113 409756 473294 417049 411688 463906 445513 417049 487416 466213 431599 459686 468479 440411 461276 464666 464832 426885 471053 485260 400922 438260 458347 475296 437707 466903 452568 463954 463754 478719 463558 458306 469505 453224 443450 504696 469410 490727 463060 450943 487568 438291 474628 496098 464024 491956 433557 464046 455748 459550 392798 467766 461109 481017 512156 432260 396557 486998 495715 501716 496467 472149 434091 416434 468690 475309 467785 408065 443482 433863 434538 442815 
441467 449233 465991 440064 464215 434277 484934 468114 492145 454564 424460 401082 416324 456389 429233 459122 486041 509049 442932 430591 469196 455667 465909 428406 466641 420432 447628 433776 456258 422733 416756 441607 462371 456511 504973 450505 446256 457098 496265 440568 446003 441713 427844 413381 423692 428298 470536 428614 410411 457622 469630 453395 454295 476587 482751 444963 396574 489449 429017 421380 457470 480507 469449 460840 480772 461637 459071 454421 489025 409603 428221 443545 459559 445044 427131 470917 441206 435396 448838 454826 450915 430526 404212 412868 442665 428924 437257 479461 503024 476479 467279 466314 414337 455597 413539 466459 440876 437318 473205 458313 441511 478921 455512 469902 453255 463561 435739 436412 483026 500438 462793 483529 440192 470148 409863 427362 484546 433279 487095 446885 471583 475017 470041 428565 503237 482978 411396 454825 423664 421775 452982 443713 431578 451708 444056 411699 497858 449932 424549 462527 456111 444311 444032 469318 447926 412094 458122 460467 409308 431235 460484 450166 427706 457273 448311 463789 450106 486928 456651 459254 476888 424630 446174 495652 439388 492228 467224 423046 461692 436868 453188 505104 472004 449505 442514 488022 426656 459785 420751 457740 458107 470494 493950 409696 415769 453832 502931 476924 466069 473097 450121 407523 450823 448869 454144 429771 451976 424060 446114 446464 
518743 506048 519279 496110 512073 519421 528807 503760 556862 532402 484354 451879 479665 532287 512968 538848 531270 553041 502363 478791 549014 546307 485955 462090 500050 461393 494891 492226 509981 472702 477319 514758 514062 522741 522485 491386 499974 520807 526237 482955 503640 480908 520505 517149 461767 513785 522115 500169 487470 518503 522603 483217 488831 515197 543395 481136 462983 539072 489958 483716 530004 511024 509741 521050 559473 495691 523320 506679 576171 459571 509113 485723 527769 509305 498329 523166 509779 485008 495087 507273 523131 510096 483622 480463 499159 477677 489220 516442 541225 519961 535817 519715 484969 531222 453636 513847 550028 509826 516653 527535 485696 531137 550001 494086 488049 510249 486444 509645 535490 565128 510938 545275 495464 545167 470906 505340 526939 484053 546120 516674 502875 517368 522390 487284 538650 553118 484429 485730 479356 470827 510224 465832 458582 501656 489685 486558 551788 514787 486156 504726 508964 495856 520767 515663 512493 493602 507910 537528 465303 490840 498975 519037 540025 508755 519255 513029 496839 518114 509970 506866 515424 503840 511072 553613 513861 548997 511454 493833 519105 509637 528563 563621 510841 527209 491566 520123 493526 523314 451162 498139 513515 522920 528384 453045 463769 520950 533632 540217 535467 518981 517142 471732 479048 505478 521054 488140 513513 488334 492563 527504 
483241 463520 506963 442060 480629 469817 479226 470515 490020 502235 444929 415655 462664 470945 448031 459533 496088 511439 453928 448211 489885 486302 480910 442648 491275 464103 422455 461157 468133 428929 436436 470897 452797 494138 510350 478714 455735 459708 484402 456021 462012 454368 460479 443029 453172 453411 483748 449853 435085 455773 466578 444952 461401 517253 468207 454900 424314 512100 448499 460845 480704 473170 480690 485613 505253 466948 473851 463667 535725 415629 459940 452961 489273 445785 467559 470920 458703 466574 454228 481828 461856 467980 421746 448667 459286 430291 449217 480672 513377 487815 476413 473626 425266 470003 415975 482410 495205 453258 479810 470447 456851 494249 482901 468665 457745 475794 470675 483868 505132 528265 465319 508989 463242 497408 432674 461335 469528 461523 479848 480592 480716 479915 480566 426954 486781 506573 432085 459706 443820 425790 465981 441152 425664 466558 464341 438103 499772 481802 455942 461682 482091 438735 469284 470980 472623 448102 447819 477373 440528 450576 459677 467724 454010 455297 473065 486789 490373 486287 477961 453561 475405 469193 461068 514224 456882 483391 487609 440119 476831 455216 490553 499724 478408 483795 451698 493498 408948 482022 417317 457457 469410 473750 489410 414011 419032 493156 493462 528136 491259 463063 473695 413471 477116 474298 490479 452502 470099 451168 459259 484887 
485206 459394 493449 455379 474826 450059 492852 466886 491262 486451 439455 414872 437305 459601 462525 487281 492366 514422 459153 469086 493188 485630 483262 431426 481044 431218 440403 466051 476044 438013 419283 473548 473226 490966 489381 474983 467284 442097 477732 449574 460552 454705 463778 442588 438312 451949 482847 440707 439302 469204 501745 442490 452276 499205 504902 427909 421576 505265 429338 435298 461492 462457 470498 492054 508681 459725 482960 455683 521867 448014 454506 445784 459178 452662 442663 485001 455111 467562 445790 467699 467225 464708 441907 438070 447378 448812 449300 470533 494941 475742 457832 480164 444518 489936 402833 474722 475150 439226 447083 455591 461456 482303 499934 445135 437365 469236 460348 471199 497351 503182 469362 501358 448161 490701 457487 435029 493899 447719 490108 487811 501666 458851 476821 441600 475107 499527 442172 445451 433921 426404 473624 412966 443658 460518 466726 417055 498072 465667 431297 463011 474541 444875 479095 477767 471571 457273 473742 481212 433346 438707 473794 471817 480490 480703 467487 479794 479225 492832 472902 444780 473292 457955 431783 528297 461606 516461 493197 462660 457082 464118 466022 511478 480107 461345 437426 484502 441499 474339 423127 469458 462229 481306 497266 422450 430770 470287 501409 505436 483665 474937 465619 427782 457801 456093 467738 437736 460974 422537 462467 479015 
439090 447511 482976 424185 482890 454685 482205 466933 474889 493444 409356 409134 432400 457641 440989 457343 507674 481145 457956 434220 480622 459197 458383 441265 438856 409147 435290 452487 450589 416618 432944 458288 453527 502469 478547 422235 423827 440139 483790 446881 466335 434436 452313 457942 424754 435245 489221 432728 423192 449048 458771 409921 445619 469623 473367 418563 423107 476483 430552 443621 455782 472768 467003 459643 459330 443837 478507 456733 507624 394119 430135 428457 488592 427726 450683 473193 440355 438295 447770 466421 464378 438016 412121 390534 449231 454292 421497 467355 474397 455840 457240 446390 418944 445133 388702 447232 470677 422435 470831 453112 460803 463432 480203 451443 414369 453459 447663 443505 464625 497902 465317 473202 438582 476833 424097 432576 474432 428165 480552 452870 451494 465708 471553 426607 475508 489429 419699 430991 415054 417992 437984 419111 414794 445091 445114 416566 486078 467595 411719 465841 446716 433446 453262 450155 466358 410291 448018 452517 414685 436667 456338 466593 453067 456118 450304 448665 452919 453717 453022 456238 481858 444132 435742 494319 461410 466473 472895 439554 466061 434794 453929 474940 471001 471189 440035 484883 423587 473633 418697 418135 449364 442883 476908 416652 424313 453262 470896 494468 460946 442054 468960 404649 449127 442460 445483 424316 449494 407267 435645 452964 
516869 515598 539829 518202 524795 498513 551246 516320 556784 541497 501665 448389 489505 508344 486986 520677 514669 559605 501562 498524 540022 529360 522069 484348 531161 497766 448356 512913 513620 484876 449014 517563 477439 552154 542289 501492 519959 504658 525715 483024 489076 501316 492882 507185 466211 497368 532312 488389 474973 516614 521892 490802 508221 540493 528571 490725 454749 530024 515988 472977 532314 523173 520100 540121 539366 499644 510665 493688 553169 453220 520360 492821 524690 495480 486535 523039 495512 495142 487932 496817 496088 501246 445412 452768 489129 476052 479196 530383 531814 518153 512769 496046 502167 523139 415509 517383 547645 490632 518423 523527 481444 518246 536262 514131 485745 532275 469754 513050 560027 556341 519202 543812 515708 528047 471221 496992 533886 500557 522609 540280 515090 492677 530493 478607 540052 538006 485831 475127 505961 486152 510329 492540 479375 498728 494157 473131 553431 531002 465671 484437 521405 497636 518439 539045 525473 501924 511663 503006 490249 492369 475236 522108 522693 534668 514184 519365 512051 532444 534222 518567 512872 485067 492433 548646 524427 532791 503302 487324 513960 492587 513710 555519 521633 540138 484271 526561 496835 524581 465339 498012 530138 547748 568058 476076 491997 527237 548857 558803 542704 504950 525065 459520 531110 506715 494929 476467 502338 470052 491739 481721 
510257 475535 533021 493569 515679 509843 533731 510283 540331 525460 489057 446540 482299 494946 490796 513517 554244 537183 521146 464887 521357 490593 525908 464572 499331 458687 469135 487246 502491 471502 458917 511341 499183 535633 522323 526952 477874 490681 537464 488521 517710 491274 491569 468320 461297 498926 524699 466211 448222 487345 502431 490079 499465 543892 522826 482734 447787 530507 490724 484942 518491 496339 520246 513571 546449 475039 505211 501176 542577 453355 479852 493092 495949 473685 461173 502084 494433 499028 487076 500180 498927 454157 468674 474537 487764 475741 464066 522631 523600 526693 509472 514133 478112 491787 421627 493422 503096 470778 502597 507520 474618 515286 509732 482536 479530 509443 490014 489913 519324 563478 476933 524815 489403 526552 468722 507972 508210 493958 537133 507094 501434 507083 521644 467801 522492 520933 455665 486680 501898 451285 482782 485385 472308 473667 496021 471746 518410 519928 463176 508826 501863 487656 493934 518414 484758 480404 475796 488077 446232 453890 485521 529235 485008 503163 482517 486664 505063 521334 498199 502837 504354 486178 488009 534558 495044 530034 502970 473229 484222 477680 498072 545349 483590 520404 482640 568250 482121 523568 450811 495610 503609 517027 527715 471216 463007 503281 542130 553450 500987 490939 509596 460964 485883 465519 493205 464542 490876 477148 488021 498331 
539533 538365 550214 527578 539097 521654 577319 550595 571147 545828 505646 488910 497363 529020 525610 539979 566725 563326 539349 494564 550415 544888 521013 498877 532060 459611 516540 503427 545171 510401 494982 540029 536917 545676 539347 529502 510765 534787 548084 528100 517845 523881 517011 503513 488171 521359 549687 480613 502268 555922 546976 526033 515612 555032 588722 516892 501101 575222 520378 504738 529153 532857 543443 524952 589302 521292 536524 528707 574308 500666 526856 523525 554527 509120 502862 541550 506767 507913 516316 556894 526149 518698 492559 511685 519457 511577 516007 532690 576204 539264 530054 538888 499329 528972 451204 533089 561216 502527 531920 531588 506584 579550 546820 523146 525073 514537 503661 516470 572245 580668 546759 569404 526215 563250 483986 535350 546210 543224 554922 537456 533612 510261 532079 486293 564061 566736 505190 488743 509173 476068 527695 492557 507622 542772 517533 482815 578441 540774 508046 544337 532994 529203 519259 533242 533848 496404 527494 554295 483335 512770 515736 548389 515378 546535 528532 524686 551364 568057 539979 509188 538606 513842 521885 584777 538154 561901 548306 508336 542942 524525 534518 570040 549168 543928 521032 577855 507245 553106 494270 534159 515956 533131 594372 501384 475744 530866 544066 572879 545129 547616 528805 472479 541068 553303 557852 499127 532919 496239 515513 497753 
522160 483179 505531 497143 518620 503455 559704 520056 549144 540928 498676 451996 483491 510238 476474 546747 541387 540487 506058 446242 527901 518939 545399 460108 510555 464197 488829 488731 498953 481824 454322 516125 490636 506479 528391 495102 502733 503842 516695 481521 519876 479227 479344 498269 459371 500179 538091 473869 487038 501408 513666 481248 510136 526304 542511 472745 466358 535781 490742 466654 502888 506762 509511 536748 526480 496339 515009 496481 536537 467409 508051 491456 527161 468119 469055 494769 468681 512220 492061 530699 503195 498837 484356 479606 499266 454958 476584 505794 543065 529930 512436 507614 487571 515699 440136 510580 549318 485106 488904 524838 485917 511713 529653 476551 502206 512573 494945 504125 536003 532689 527236 536008 484310 506520 477481 521562 527057 512365 549735 515954 520999 506274 528713 473370 537337 521548 485471 478300 490775 460989 483631 479612 466677 506016 471658 461666 554238 491132 471455 503080 520261 485062 495018 489207 495070 460883 497486 516720 445516 471459 494947 498460 505055 519854 525057 497321 517990 539250 504447 496334 513251 514806 498918 557729 496223 546202 505279 478367 524323 484766 504385 551354 495957 522989 469616 545066 485570 525084 444315 497482 484068 532353 553908 471405 454238 500063 526283 543315 534852 492047 488584 459193 492961 512813 508279 474625 510529 492918 491420 492207 
477279 445844 502174 435834 473602 462881 495771 463301 484439 489806 456444 402344 435489 464591 451923 475863 476339 508522 442881 463857 505301 466986 444483 431883 471443 454764 432213 464282 467035 425949 398119 464561 461036 495195 484589 445856 456149 458774 471248 416637 448586 452892 444605 417205 411094 437511 464993 441765 442708 456806 485384 449599 454628 486907 481824 439570 406768 479313 450940 425767 458126 441831 481681 476031 490362 441367 457457 481765 503333 399383 454985 456667 452444 444812 439367 460907 463321 425136 442259 441025 463731 445240 413753 417720 453622 419670 421001 467457 494200 475993 475838 493654 432168 459897 395269 469660 490572 456197 482135 479748 440994 470478 472925 442740 452610 475929 437822 455854 477443 517793 448831 480909 437445 482088 421560 457942 464785 434062 493491 463062 464172 443431 473388 440380 483560 483916 439286 434701 430925 422689 458305 427803 424400 449907 425910 406921 486238 452623 454667 479896 466350 434504 461851 464153 473534 441761 443256 482366 386892 442861 456214 480684 460546 485883 444694 462263 452779 467562 451314 450735 476761 451112 444282 508785 455911 480205 442393 431584 441381 439062 465862 496191 456326 456700 420812 470926 451263 464114 405299 436117 453468 468184 509450 436728 409360 455753 483126 505757 476517 480982 470053 414900 461408 453022 467426 428612 484091 435616 442552 449529 
476578 444573 487787 460329 460445 466699 492742 466144 493680 478508 425549 399254 427670 453796 427995 471888 467526 511866 451116 451844 461524 461958 456653 423607 487157 427858 429770 455686 476793 434074 426450 443252 450869 480589 469829 462741 439579 447247 472763 462977 437413 450081 457747 440467 439760 460838 468334 452261 424766 463346 466634 451844 436812 501533 483452 446685 433262 492360 431457 457771 467276 456842 466131 467388 485186 444785 464436 445799 477896 430015 458703 461907 466662 424330 416958 472094 471999 456099 439907 466737 469415 443069 436502 417036 461896 418144 437639 463483 501007 480004 455961 462896 417424 471362 392007 459106 480695 433825 474053 444223 423081 479335 480842 444467 452289 455506 438334 445038 491847 499521 458411 468511 445617 479448 435766 446422 472976 434784 502523 475114 471598 456334 478434 457955 494794 498631 454747 455686 431565 424782 452209 448245 445933 451990 448560 416487 486362 473790 423847 476949 451598 445195 447414 472586 482709 421990 463729 469050 407264 440197 461855 458653 466602 475238 474131 454764 498296 486462 492008 461946 476756 435677 435743 492582 457247 492293 476220 441729 460516 437413 476807 473600 456314 461653 442606 489592 422570 469392 424844 478639 463127 487988 491834 437369 409207 471402 500570 501087 479778 482790 470175 420777 487760 455559 465946 430497 458269 418087 454027 410178 
