12 9 9 46 7 2 75 60 46 25 29 73 74 87 18 76 72 36 33 0 20 54 97 16 54 94 86 40 34 8 12 77 30 93 18 50 55 97 46 92 64 2 22 83 17 17 6 58 44 59 61 16 48 80 22 8 91 19 60 39 74 3 31 32 82 12 1 64 73 29 47 98 53 80 72 8 8 54 4 40 73 93 60 66 10 99 74 35 47 77 55 45 94 28 44 43 47 94 29 64 34 13 95 59 66 91 10 18 12 10 94 23 16 98 9 66 16 83 33 76 39 16 58 16 39 72 18 36 90 64 92 10 13 9 71 23 14 60 47 31 24 75 30 47 85 31 72 88 43 10 79 53 38 41 40 66 33 29 21 61 70 6 93 13 63 86 85 10 98 43 49 21 89 87 26 16 83 2 61 51 49 10 60 16 9 87 55 60 67 42 54 79 36 98 52 43 75 27 87 8 78 86 23 10 86 26 36 9 3 93 68 68 62 18 52 58 3 50 6 50 9 64 79 86 60 50 38 50 51 92 52 76 69 71 97 47 72 82 71 40 64 76 37 36 54 18 35 3 1 90 41 76 5 93 29 46 37 29 1 75 28 54 56 75 76 65 79 27 75 29 46 91 7 14 29 68 63 71 82 82 3 92 96 61 0 72 68 95 56 35 6 9 88 60 42 37 98 73 29 72 
98 14 75 15 32 3 46 35 80 16 3 97 36 71 51 19 89 21 25 36 60 25 69 66 51 74 52 98 56 86 51 52 86 30 1 36 26 67 49 60 59 1 39 82 49 68 6 12 34 41 26 78 18 86 91 44 48 0 25 94 62 28 69 24 90 16 4 45 5 23 43 50 1 91 63 10 49 22 41 61 71 7 1 66 21 66 46 97 12 23 69 32 51 19 87 68 35 20 24 8 6 82 46 34 9 25 45 89 1 97 16 34 49 7 72 45 54 10 68 95 55 6 20 26 15 36 25 80 52 70 73 87 57 20 32 60 0 19 59 67 60 85 12 90 20 78 1 34 89 53 99 94 60 22 82 86 40 54 88 43 50 39 23 51 9 6 51 32 93 38 40 91 3 11 55 39 43 95 10 88 89 31 33 76 83 89 92 97 63 9 90 63 8 78 15 8 7 35 37 33 17 89 55 47 69 22 86 79 51 82 21 26 10 69 12 36 26 38 16 78 87 98 69 62 47 16 87 30 51 99 9 8 39 56 42 89 84 30 34 91 55 40 57 45 66 58 62 93 58 10 91 55 65 12 71 17 63 91 44 96 28 19 98 18 36 40 32 42 97 8 69 15 68 48 6 41 22 14 54 84 94 59 81 86 44 39 30 91 55 57 91 56 22 73 86 41 92 80 25 34 
50 55 49 71 45 98 52 78 9 82 48 33 51 48 87 33 26 60 92 34 4 10 94 92 6 8 4 77 30 96 85 96 11 3 45 70 19 90 15 27 40 69 12 84 28 85 3 30 71 50 87 48 89 88 23 25 40 25 96 16 46 88 76 30 67 73 44 42 26 5 79 93 26 43 34 64 23 27 95 77 0 81 62 91 71 49 44 78 79 90 26 96 82 65 94 70 99 84 52 1 9 2 60 53 97 0 50 94 12 5 58 16 21 86 9 37 45 53 91 81 0 98 70 79 47 14 35 93 43 48 84 84 21 86 74 17 9 33 80 75 12 27 51 85 65 24 72 47 52 78 95 96 2 70 88 7 64 36 23 75 62 9 44 78 53 67 69 1 44 25 24 28 79 85 36 34 89 51 42 4 72 42 19 57 78 88 89 49 91 73 55 27 72 68 80 93 74 7 58 23 3 93 98 32 76 76 72 41 8 19 61 78 88 12 61 98 12 66 63 24 96 15 53 3 18 24 92 23 87 46 87 5 81 75 67 82 44 80 15 91 91 37 21 55 97 65 16 27 75 76 83 70 88 62 74 85 32 2 60 18 77 95 33 37 63 45 13 57 58 51 57 71 2 80 92 76 66 88 76 22 63 17 6 13 15 92 11 98 37 21 16 76 96 18 41 81 92 35 66 30 
39 91 54 75 92 49 95 37 4 13 69 25 34 21 34 98 0 63 50 34 82 65 5 53 7 51 85 34 66 35 36 21 79 79 26 61 37 38 2 18 58 52 19 54 61 8 89 89 40 43 13 89 38 42 53 23 46 46 75 63 9 67 53 70 81 72 61 94 38 41 65 86 53 62 86 95 51 35 5 6 6 10 19 26 34 93 73 80 91 64 18 38 2 51 59 41 49 4 11 6 19 42 85 63 52 42 90 1 93 44 36 52 75 22 19 51 90 49 58 38 23 45 85 33 17 25 48 13 0 89 28 69 95 87 12 87 60 5 24 31 6 46 12 53 66 83 67 98 49 38 14 95 37 39 50 25 81 99 27 88 90 87 97 22 39 86 48 19 89 73 6 47 96 10 51 51 40 3 46 44 11 17 67 8 63 76 48 26 83 72 87 20 82 32 32 75 47 43 71 38 90 16 57 47 95 2 52 79 61 12 36 33 38 69 87 12 5 63 83 20 62 41 66 82 45 7 50 6 38 20 47 46 56 46 30 32 24 13 27 85 4 77 21 80 39 6 0 5 80 53 91 90 55 93 87 1 90 69 32 0 88 79 23 61 54 21 75 6 31 64 72 40 50 47 13 34 25 69 41 29 72 9 40 30 86 48 86 59 70 23 57 73 34 40 26 89 25 11 10 77 
83 70 99 34 22 16 92 52 58 93 61 17 44 71 94 94 70 18 51 86 9 50 36 16 36 53 2 88 16 64 86 21 77 75 36 77 13 55 2 88 90 74 34 57 64 95 53 47 11 12 82 71 6 14 15 87 5 60 10 71 52 2 14 17 60 19 59 66 62 77 55 3 2 36 7 85 74 78 82 53 74 65 64 86 2 81 5 48 86 36 26 69 93 99 44 18 77 67 92 49 78 80 60 60 94 0 80 60 23 95 11 47 47 42 95 23 44 5 77 96 6 78 6 68 42 70 23 8 60 14 12 30 44 35 23 61 93 81 37 28 70 2 1 67 5 33 92 30 21 13 45 35 22 16 58 6 12 40 27 11 96 49 73 28 89 90 21 72 79 20 42 87 77 64 49 87 85 28 20 34 92 78 44 33 78 9 38 8 18 48 68 87 1 90 80 88 41 78 27 2 98 20 75 86 16 24 13 52 10 39 57 92 62 15 50 65 41 2 51 50 21 10 22 31 13 51 90 38 75 34 11 59 75 81 33 65 0 38 87 10 65 45 32 40 74 56 99 8 7 13 15 32 52 86 65 8 25 4 37 26 4 46 79 55 69 95 58 47 49 39 93 76 58 81 26 38 77 73 63 79 25 81 35 69 84 17 37 54 56 51 75 88 15 43 34 37 90 19 11 10 
54 6 93 72 16 82 62 62 63 19 11 23 3 74 28 67 64 86 78 41 84 90 71 44 69 64 43 94 42 68 5 16 84 95 6 88 64 9 83 11 31 57 77 99 72 25 28 48 81 22 28 45 73 12 76 33 70 97 8 79 86 86 26 18 46 7 87 17 45 16 15 34 18 28 62 26 21 57 84 89 95 31 92 10 48 70 88 52 25 70 32 82 38 46 20 16 57 53 26 55 95 23 97 71 39 18 99 31 29 90 29 85 77 31 4 15 24 79 58 81 18 28 43 99 73 83 5 2 4 93 74 2 76 4 53 78 79 25 86 79 1 73 10 22 0 22 2 81 7 47 46 88 6 90 41 28 56 25 23 51 52 27 83 93 70 37 87 99 33 93 88 66 97 49 22 34 83 6 20 60 58 79 0 57 21 21 90 3 78 29 93 93 37 4 37 70 85 53 87 30 70 40 2 64 0 54 11 11 51 73 60 44 63 41 48 31 34 96 86 94 84 14 87 42 38 47 88 71 86 53 89 54 98 0 23 77 87 57 40 95 99 55 84 60 2 92 34 67 58 71 89 7 45 92 20 3 72 61 49 77 97 55 9 8 0 17 10 12 57 48 49 15 68 90 62 70 7 89 18 13 12 10 95 54 90 71 62 95 98 25 2 36 29 17 51 48 64 77 25 50 
67 86 98 18 38 0 21 76 36 14 40 1 89 26 29 81 3 88 64 96 17 35 92 99 55 51 31 50 24 82 27 39 96 84 95 42 60 52 25 47 40 78 29 51 93 74 49 71 27 74 22 0 68 91 67 56 66 0 46 9 49 75 40 63 49 24 96 73 63 55 2 55 25 21 19 34 95 54 12 43 95 22 20 21 0 46 72 61 15 32 78 75 18 13 88 42 21 45 41 52 14 96 80 43 52 44 67 44 79 11 43 54 30 51 87 93 33 59 49 79 45 47 56 50 17 31 59 68 33 79 18 75 22 75 51 25 12 10 14 91 34 68 96 96 13 77 69 4 62 34 8 6 21 6 61 87 6 5 9 68 93 59 63 22 34 36 75 15 13 75 10 40 92 61 25 65 83 76 59 64 91 24 56 41 34 60 51 30 18 95 58 39 0 40 97 60 43 36 76 98 93 92 25 10 20 35 85 24 37 21 37 63 98 20 0 90 65 29 72 38 61 2 58 49 47 75 18 43 44 42 10 98 78 8 78 39 67 13 91 78 59 43 28 51 64 98 82 91 18 54 83 61 18 73 29 34 81 78 48 45 42 99 1 39 16 31 0 49 49 67 65 64 60 38 38 26 16 74 5 21 88 9 23 65 41 64 88 33 43 23 49 59 49 98 34 48 16 30 9 21 
93 42 22 55 72 63 61 9 51 13 73 28 28 29 18 39 64 48 49 24 92 82 71 64 84 71 31 58 10 4 36 83 63 65 10 66 24 33 68 39 76 86 90 60 81 7 7 55 89 36 62 17 85 85 12 94 72 34 77 70 17 77 93 87 4 4 13 8 96 60 14 10 37 14 24 37 16 33 78 41 92 56 41 65 30 58 50 35 80 44 25 86 85 5 80 69 60 75 75 0 59 53 37 32 54 92 75 14 89 94 67 76 58 13 0 84 30 56 16 61 49 4 58 14 52 37 5 52 54 71 44 95 46 47 24 74 57 64 43 16 15 35 94 62 14 86 17 97 78 96 18 94 94 94 23 0 75 48 96 13 83 63 96 85 9 70 43 88 11 14 28 39 66 63 63 17 93 71 2 30 53 53 52 15 4 6 38 22 41 79 97 49 14 36 11 94 59 46 45 10 95 43 94 83 7 82 22 46 67 5 34 9 64 99 57 55 75 13 14 97 56 28 32 73 60 12 98 22 32 32 96 67 54 90 37 47 58 20 72 45 83 71 20 3 42 71 27 68 42 27 66 45 88 58 78 24 5 1 63 32 21 39 80 5 51 80 54 37 62 6 27 89 30 65 2 76 40 59 34 56 18 10 40 90 58 90 21 57 72 87 15 98 42 44 27 86 80 75 71 27 
88 91 20 79 35 92 87 67 69 89 68 44 86 32 11 56 82 10 34 79 94 28 27 54 34 82 50 95 45 21 50 62 96 91 96 36 3 2 47 18 34 81 98 12 71 76 23 6 95 29 74 87 78 34 5 13 30 21 13 72 27 74 17 22 33 83 85 94 42 26 86 39 27 10 80 88 40 71 84 74 26 55 75 29 36 89 19 50 17 53 92 4 78 64 62 91 39 38 97 46 35 37 44 43 63 52 50 91 98 87 71 94 94 57 91 73 90 87 72 19 8 67 16 73 57 73 76 56 15 88 26 71 42 53 54 82 19 43 25 59 92 78 22 71 76 98 21 38 2 38 99 34 39 78 27 5 33 88 82 74 13 94 82 99 92 37 86 40 26 80 71 46 11 4 74 80 3 2 84 2 4 94 70 52 69 98 51 85 13 78 2 37 12 79 88 48 61 65 5 77 5 54 74 97 51 72 67 99 68 89 46 23 9 17 84 65 19 0 58 17 46 22 55 77 81 27 52 23 24 22 48 16 35 85 96 75 11 34 6 78 51 76 86 50 65 85 73 33 92 51 10 57 55 44 97 26 47 14 30 80 38 7 9 54 21 22 87 30 36 18 57 98 91 70 4 82 63 49 1 20 24 79 73 80 1 45 44 52 95 17 25 95 31 28 90 59 23 8 42 32 
41 1 90 83 16 76 44 41 99 10 32 93 37 9 73 84 24 7 48 94 64 35 27 67 34 74 49 31 60 47 4 35 19 34 71 21 48 25 2 66 15 42 30 25 9 91 9 83 67 88 25 29 87 33 72 77 91 8 52 10 4 71 71 49 33 49 66 8 96 45 22 16 88 68 23 88 80 8 37 46 15 24 23 69 88 34 42 98 19 42 25 3 93 41 18 3 56 86 42 39 95 24 96 4 5 85 3 26 75 97 21 96 27 30 58 94 10 90 74 16 42 65 30 23 12 12 37 44 68 2 26 15 3 79 68 98 92 39 31 51 50 64 45 7 4 66 11 24 26 81 84 7 87 8 90 18 44 69 36 10 88 61 16 72 68 21 26 81 49 17 65 14 76 40 77 9 17 68 24 46 63 20 36 69 95 83 97 40 59 55 39 87 9 37 75 18 99 91 79 27 21 87 94 69 21 50 61 16 15 53 79 17 38 6 47 48 77 46 75 9 53 78 50 16 34 88 95 93 24 87 13 94 88 62 79 2 79 12 97 94 54 80 50 1 94 39 43 49 86 98 80 16 43 38 26 93 4 13 4 44 30 75 2 27 5 65 70 42 91 13 97 31 61 89 47 26 64 80 6 92 81 18 0 55 9 64 1 30 66 89 94 52 98 43 64 26 5 28 25 48 
36 58 21 37 72 97 44 60 40 48 62 53 63 31 87 24 82 83 96 30 81 70 21 5 27 9 37 7 23 0 95 22 4 89 82 38 64 31 51 6 33 27 89 92 72 4 97 56 19 44 80 79 8 27 10 91 78 23 35 9 4 4 99 98 83 69 70 80 89 31 71 5 47 62 46 56 91 17 78 86 3 29 67 83 88 37 15 34 34 25 28 90 35 76 91 13 50 62 27 97 39 50 11 34 16 92 40 83 9 62 51 24 39 12 26 3 65 22 25 61 36 49 99 92 73 96 50 43 73 57 11 10 8 46 73 70 53 81 29 23 21 8 30 76 90 33 6 18 58 85 61 6 48 97 44 16 54 57 28 0 43 37 96 22 7 98 96 32 73 62 52 85 64 70 97 91 9 18 70 30 92 6 73 67 93 92 43 42 49 62 73 96 9 46 1 31 46 55 80 39 5 54 97 28 49 40 66 17 8 65 61 89 2 10 47 85 16 23 28 41 7 60 97 50 42 61 65 11 13 15 25 46 12 45 68 34 29 23 51 6 54 25 13 69 61 64 33 64 20 5 75 39 83 42 80 15 7 48 42 31 70 53 67 78 40 47 17 1 28 34 62 82 71 83 1 96 84 84 49 83 66 14 80 42 6 48 34 83 91 38 99 43 18 89 2 31 93 1 80 50 
13 65 13 0 76 14 85 47 60 63 73 56 37 90 51 15 47 58 3 46 39 56 56 19 31 88 31 69 37 42 9 53 89 57 79 26 77 58 73 21 53 35 55 97 10 66 80 74 47 69 96 68 19 20 77 82 29 25 80 96 57 2 68 38 71 56 36 22 70 47 57 4 30 19 74 95 16 69 75 55 93 52 87 48 90 45 78 14 0 21 14 47 0 74 74 81 80 61 91 88 41 78 45 34 4 72 74 38 12 23 93 45 74 23 86 55 1 40 91 9 75 42 62 99 63 9 57 81 11 9 86 66 5 74 57 68 58 0 67 53 78 45 4 21 58 79 63 98 27 75 96 20 58 66 46 28 9 24 31 59 1 18 92 27 96 52 65 18 85 18 29 2 85 14 66 79 16 59 60 82 33 84 89 19 62 81 64 50 20 93 90 19 25 83 13 82 7 59 89 48 16 23 36 51 94 38 45 99 97 47 11 90 38 59 83 61 75 53 38 13 0 58 48 85 0 45 90 80 21 67 34 41 92 85 60 69 24 86 31 49 84 40 54 1 23 87 68 60 20 28 26 72 50 15 95 69 86 22 21 69 46 12 82 71 92 23 77 60 84 53 54 85 10 45 60 34 92 20 89 42 34 62 51 17 90 26 9 2 46 12 43 37 48 27 35 56 73 62 92 68 
41 99 0 14 74 14 92 78 68 66 71 60 56 21 33 74 99 13 81 1 53 55 56 7 80 3 7 77 27 48 7 68 20 9 68 29 53 80 88 57 71 34 20 18 71 87 28 40 46 27 50 38 18 38 29 5 25 24 0 61 25 28 95 9 69 66 6 78 31 82 79 67 42 91 94 36 98 83 87 14 90 13 42 69 98 93 56 61 85 7 24 26 76 66 25 44 91 10 78 97 63 76 29 4 81 97 64 93 2 10 96 66 16 78 24 6 84 60 71 40 52 95 45 74 95 71 63 58 51 13 64 70 14 90 2 35 43 44 49 83 55 82 74 34 32 22 20 77 13 28 36 78 79 92 42 63 43 62 79 42 32 8 56 36 91 5 94 33 73 17 55 56 64 94 38 27 69 9 66 33 93 28 81 46 42 30 39 99 47 35 36 59 15 22 2 24 71 72 33 70 79 96 33 81 18 43 66 25 83 32 78 43 39 72 65 90 72 70 16 79 16 35 33 36 99 76 58 14 41 92 80 90 84 55 83 13 8 83 75 76 87 74 93 63 75 80 15 84 26 67 96 50 62 13 36 74 77 21 68 70 62 7 93 73 76 64 57 94 99 69 13 64 85 84 57 37 66 53 25 77 19 6 89 82 4 69 72 77 96 33 56 12 2 75 65 34 64 54 51 18 
66 41 57 76 72 68 39 92 48 35 86 89 20 30 51 29 35 79 37 17 97 20 63 11 0 28 89 94 80 50 49 35 90 80 85 5 65 0 52 78 69 48 86 72 93 47 20 0 58 32 59 70 44 15 75 29 40 12 83 41 83 38 47 11 59 49 43 79 39 44 58 97 79 94 49 85 89 89 17 55 82 27 30 15 24 49 97 8 79 17 5 3 18 4 89 66 68 16 69 94 95 58 39 38 5 52 63 21 52 89 14 42 54 41 10 2 82 10 18 81 45 11 9 8 92 88 40 78 85 34 9 18 57 32 85 41 49 78 16 12 48 2 63 28 31 65 55 49 85 19 5 31 77 72 17 88 34 29 74 37 23 98 1 54 36 82 10 1 16 9 92 90 34 48 33 67 44 63 89 45 62 55 9 32 52 26 44 10 64 27 85 93 66 12 19 76 41 50 4 0 57 56 44 27 92 40 38 33 98 83 68 13 60 26 32 6 90 76 77 47 89 42 47 44 69 29 34 94 63 10 77 72 24 12 22 27 62 21 48 51 37 14 13 19 88 68 21 66 82 67 98 7 46 99 18 43 33 44 50 53 90 30 84 70 51 79 43 1 40 59 9 68 12 59 78 89 46 14 76 40 96 58 58 34 26 13 4 65 30 65 3 36 0 36 33 2 71 39 88 62 
45 55 87 86 52 30 81 60 85 24 8 48 37 21 69 75 78 64 27 68 39 44 29 65 59 54 44 96 99 52 39 58 21 32 25 55 88 84 40 36 54 48 83 58 89 69 47 84 73 92 58 98 48 10 28 26 23 67 21 63 49 20 74 77 69 46 54 49 29 92 73 25 20 72 12 93 39 96 4 11 8 98 48 88 50 74 68 81 9 56 84 5 49 25 39 39 17 14 52 26 22 34 62 2 80 71 88 31 16 72 84 49 6 14 3 58 17 53 45 88 57 59 69 40 64 63 80 35 44 11 78 99 56 3 89 49 49 17 53 34 55 81 32 90 76 62 38 44 20 13 59 79 62 50 24 9 34 36 40 30 59 9 40 99 95 2 1 48 4 11 68 18 69 18 22 98 54 64 53 5 12 64 75 60 77 57 85 4 74 62 59 52 25 44 98 12 74 79 78 20 44 80 5 53 42 19 99 72 31 99 64 23 17 26 51 65 81 39 33 36 37 36 13 73 63 9 56 8 70 94 64 21 90 81 89 94 97 68 68 49 59 44 3 24 30 66 84 4 43 48 98 39 18 63 41 61 85 27 38 12 2 52 70 10 90 64 58 16 66 62 35 1 44 1 82 29 55 92 35 87 18 68 93 31 22 62 85 23 26 51 49 4 95 4 6 17 83 75 65 48 
59 8 42 4 83 4 98 74 41 28 62 26 27 76 83 17 57 93 81 73 46 91 75 12 80 43 16 72 94 90 83 38 17 54 55 38 99 13 61 18 40 6 91 75 73 7 42 21 74 64 67 21 62 57 85 55 66 8 38 80 78 7 95 54 99 33 48 82 70 15 0 71 43 39 77 53 58 29 0 22 29 96 44 20 50 85 32 3 64 83 13 77 76 60 36 83 30 84 88 26 0 26 24 63 19 83 11 83 31 3 32 86 55 16 48 22 5 70 14 78 31 64 13 7 56 5 24 3 81 27 42 20 14 58 55 11 43 4 47 26 74 51 62 27 92 33 47 50 84 4 16 93 59 24 43 13 41 28 90 4 26 58 12 25 64 84 71 51 96 84 8 10 23 24 29 18 19 65 74 65 35 7 3 75 87 14 73 77 11 79 18 35 49 86 97 1 25 70 26 7 1 78 10 35 69 31 91 83 21 14 59 96 25 27 22 42 88 98 72 17 75 33 35 96 8 66 93 79 62 47 58 22 87 23 9 4 33 50 87 98 62 52 68 9 82 9 68 96 13 17 9 86 25 27 23 74 32 95 32 61 30 36 90 58 94 98 85 23 87 12 1 26 41 1 63 4 59 89 87 95 87 90 82 75 16 60 9 43 27 16 10 17 78 91 90 29 29 95 58 34 
62 50 73 84 66 59 74 23 64 33 74 77 41 81 93 46 93 92 5 61 73 17 87 20 41 91 77 8 81 18 8 82 82 19 51 77 90 37 28 72 28 35 73 75 48 67 73 93 87 79 36 9 90 30 92 46 48 45 85 46 5 48 84 14 60 71 71 59 33 24 16 65 76 82 40 0 52 67 18 86 59 70 44 87 37 0 83 10 51 20 65 21 38 44 32 52 32 22 18 38 94 19 68 16 87 95 51 58 8 13 23 59 25 44 54 78 14 82 53 62 25 48 49 59 83 78 97 14 93 81 54 80 10 98 39 42 34 49 30 35 8 81 86 52 56 73 38 24 66 76 59 20 3 89 85 78 57 31 60 26 28 51 60 63 60 54 53 98 44 84 81 72 22 28 34 75 16 26 53 15 5 95 23 41 44 96 2 44 48 30 27 82 81 28 69 92 29 85 34 42 70 36 60 97 23 17 59 7 26 30 1 64 22 62 35 17 93 52 14 9 51 15 76 79 47 9 23 55 12 6 34 68 88 66 71 58 30 29 53 63 66 77 72 3 14 9 81 44 57 66 14 51 34 3 49 84 86 13 20 92 74 38 41 73 65 33 99 22 29 51 9 28 35 20 64 16 52 53 15 53 97 8 46 28 42 53 52 35 11 56 67 67 59 51 43 89 26 21 46 43 
52 83 81 26 62 70 99 6 13 49 24 14 1 48 71 22 59 73 92 38 62 51 91 91 78 24 57 56 18 79 62 27 4 5 26 80 95 3 76 67 48 33 23 65 76 46 63 31 76 48 41 2 98 1 34 34 56 49 33 77 14 82 13 3 29 42 64 20 9 56 43 41 86 86 98 79 58 88 80 44 58 73 34 43 8 74 19 82 88 63 88 98 41 98 81 14 14 93 16 8 0 92 31 93 91 67 64 36 40 96 93 64 45 88 77 41 99 66 18 44 79 13 3 29 56 60 96 62 16 70 68 13 93 39 90 39 38 12 1 15 2 46 25 89 16 45 69 15 40 66 87 11 72 91 60 55 3 27 40 33 38 2 38 7 32 49 47 50 75 69 25 2 84 12 14 93 91 77 14 23 54 93 62 33 84 70 5 60 13 19 40 33 85 88 8 62 88 39 14 16 24 99 12 83 48 96 79 45 99 91 76 23 58 60 31 40 11 29 16 99 15 89 72 52 72 44 64 90 86 52 19 47 78 5 10 15 85 29 88 29 8 72 88 76 92 74 94 53 48 96 71 34 56 76 32 39 24 95 85 70 45 61 39 72 44 4 96 26 1 68 92 85 61 87 48 14 15 71 35 12 3 44 81 23 77 56 59 21 33 44 50 19 74 65 64 7 96 22 76 11 
68 32 61 5 39 76 85 72 84 15 22 9 26 88 22 31 41 25 47 56 38 39 77 25 5 92 35 88 86 33 95 72 11 1 6 64 34 95 64 24 42 31 3 56 34 56 66 62 69 16 4 10 15 9 73 8 61 30 76 2 39 21 94 75 14 87 96 63 76 77 75 40 58 74 75 52 26 20 21 52 40 16 48 44 18 24 86 96 86 0 60 94 87 44 43 29 16 91 73 86 4 65 83 33 91 92 52 50 68 33 27 8 91 78 52 2 68 67 88 84 89 45 73 93 37 80 84 10 82 80 70 5 96 79 77 19 22 94 96 54 4 22 88 75 46 12 4 80 0 31 91 5 62 41 85 44 34 45 19 62 0 15 63 8 5 56 52 77 27 19 17 88 19 96 76 34 24 60 72 29 20 58 35 28 24 21 82 18 33 33 86 32 48 14 13 74 58 39 95 33 1 31 77 0 5 6 91 67 30 26 9 55 8 63 61 22 84 84 34 34 63 22 52 10 65 63 30 0 88 84 64 73 0 27 83 17 57 48 69 94 31 72 13 80 85 42 39 34 78 86 88 67 91 95 20 14 41 6 4 2 38 59 46 58 70 94 62 92 16 30 78 41 16 56 70 13 47 68 42 71 93 16 11 46 94 85 56 69 97 81 77 84 89 77 97 52 12 16 52 30 
93 5 51 98 96 34 42 86 61 60 38 48 13 52 85 83 88 99 59 70 72 90 39 70 96 61 69 87 21 6 12 84 45 72 86 94 8 84 79 46 72 14 0 18 75 73 41 46 64 57 61 15 99 29 92 67 24 48 46 98 78 2 10 37 63 39 81 65 16 84 8 31 95 39 58 33 75 48 23 55 19 24 90 38 33 52 94 73 9 17 80 27 62 75 2 48 84 27 30 11 67 6 76 63 55 54 50 53 0 11 95 49 92 10 78 9 55 81 80 2 62 28 55 80 67 18 24 68 47 35 99 4 37 80 45 51 15 87 39 69 95 53 33 89 96 69 53 70 68 27 2 91 36 81 51 2 86 25 28 34 6 7 47 19 28 68 22 91 84 51 24 79 91 99 29 55 50 69 8 62 69 99 28 95 54 61 84 45 62 15 14 2 14 96 33 1 61 25 35 30 6 97 3 17 17 95 28 79 47 17 1 0 74 32 6 56 85 59 34 56 99 32 99 80 69 37 51 35 51 36 56 38 0 57 71 52 53 55 84 13 22 5 93 66 26 58 4 68 68 12 14 93 95 89 13 31 11 74 24 66 68 11 77 1 94 44 24 24 38 19 38 96 85 65 73 14 57 69 34 13 84 70 66 78 63 21 73 5 15 63 44 21 40 25 70 96 90 40 90 40 
36 53 47 54 81 78 31 33 61 86 96 93 88 59 4 8 50 93 8 36 70 5 99 55 20 75 56 51 29 52 61 50 37 88 13 65 68 63 25 15 16 56 34 60 10 87 66 79 86 63 96 45 68 79 77 95 20 95 5 78 94 17 29 0 50 45 58 94 78 24 37 56 94 92 76 24 83 0 98 91 95 89 67 76 8 42 66 38 3 8 70 44 7 97 18 11 78 45 48 92 78 42 25 87 24 96 67 43 53 64 71 47 90 87 95 20 66 29 18 52 62 30 19 7 32 55 52 35 78 1 5 33 17 4 40 77 93 2 97 67 4 14 24 56 79 63 74 63 24 20 86 73 12 46 69 69 74 71 88 0 5 89 28 3 43 82 65 67 10 6 44 26 59 71 31 26 21 95 11 35 3 7 84 40 58 95 86 91 45 70 44 65 61 75 64 52 51 88 18 27 11 94 30 77 51 98 95 5 37 14 98 25 34 59 97 99 63 13 20 89 28 19 9 64 14 61 79 37 73 83 82 37 19 52 29 23 20 99 84 9 34 17 6 41 18 23 42 60 80 33 34 26 20 30 68 95 85 70 88 49 50 34 37 47 83 60 96 58 45 63 70 22 17 91 57 75 2 27 29 40 53 82 39 24 84 96 39 31 54 59 19 87 98 26 63 3 10 56 66 96 
78 16 17 35 74 24 90 74 36 40 8 23 85 12 33 53 29 52 40 11 88 7 84 74 68 50 8 63 29 10 97 34 16 4 93 5 88 60 21 72 12 45 90 0 64 8 27 74 70 46 85 81 84 94 43 56 61 78 48 49 28 17 20 92 59 47 98 96 63 8 23 55 31 34 86 29 12 44 45 31 96 71 92 87 25 56 40 95 76 58 96 21 49 38 87 10 18 40 28 72 32 3 42 96 97 48 38 4 62 95 31 91 3 62 72 11 52 94 68 71 58 51 58 9 99 88 66 44 74 27 80 0 79 78 79 87 93 33 57 90 17 26 9 4 26 35 73 7 33 3 65 22 91 64 11 79 32 19 5 5 19 28 84 22 83 87 18 39 72 88 83 23 95 35 51 8 9 51 39 31 55 39 88 39 34 13 64 37 1 3 68 94 15 44 34 8 45 88 56 22 97 82 24 6 8 41 49 96 6 12 14 9 67 19 46 93 19 59 87 85 45 13 3 27 37 50 56 71 24 29 71 50 37 1 84 81 25 64 39 44 38 5 42 71 4 90 21 81 52 77 54 0 61 80 6 76 59 70 44 59 5 84 29 64 68 40 3 58 74 17 41 52 76 87 31 83 62 25 55 87 78 83 35 93 72 65 54 65 38 37 88 88 92 59 36 20 41 40 49 18 
70 7 60 67 22 0 89 11 95 26 62 75 88 42 68 50 91 54 73 69 65 94 46 45 16 54 22 65 12 19 94 77 21 3 78 95 56 27 56 96 77 23 48 36 39 93 20 53 86 65 8 53 9 65 9 87 66 95 29 29 14 7 38 23 93 35 97 26 3 28 36 45 8 75 28 76 38 56 59 23 84 78 84 69 9 18 28 75 53 40 15 30 87 80 50 44 40 29 99 37 23 80 70 72 13 35 65 57 23 96 52 20 1 27 39 85 82 66 61 2 13 4 55 37 74 57 60 35 42 37 50 24 83 66 92 55 39 50 45 92 46 51 65 72 83 50 99 57 51 1 59 71 8 0 69 10 0 34 69 57 36 9 28 70 28 51 40 79 92 64 63 49 64 80 97 43 91 75 67 28 77 21 74 85 88 67 29 57 88 55 74 10 49 19 67 77 73 5 80 0 33 46 99 79 9 76 76 32 16 24 30 96 0 76 58 79 25 41 91 9 75 41 37 30 67 6 10 3 43 18 14 74 84 62 81 92 52 53 66 44 71 51 26 75 95 57 59 66 52 51 55 83 37 90 56 89 63 3 17 21 37 53 72 29 21 7 85 46 38 30 96 19 27 35 74 34 83 0 61 22 93 87 9 48 21 13 22 62 71 37 31 27 92 19 56 60 80 34 39 54 
55 39 92 69 46 17 74 60 87 54 45 31 59 3 17 26 20 63 31 26 15 96 14 4 56 3 93 68 15 29 52 16 61 25 47 6 44 68 42 99 76 78 21 9 55 47 99 93 29 42 6 65 7 97 37 54 48 37 83 89 13 67 46 83 59 43 85 45 99 16 46 9 21 77 6 11 8 94 52 47 53 61 41 63 85 18 93 31 60 98 49 31 12 24 62 29 23 62 99 76 76 89 98 40 71 97 9 62 3 12 90 2 71 9 91 8 12 33 52 76 30 5 57 2 9 65 57 44 2 24 43 17 33 40 62 58 13 36 72 90 83 69 42 60 68 53 80 55 6 10 3 17 31 94 66 81 23 53 65 9 51 55 75 97 86 84 18 19 44 30 41 59 45 90 89 75 71 73 28 34 43 44 82 34 46 41 33 17 34 80 76 20 2 55 13 43 3 66 95 29 0 29 22 37 16 62 26 55 49 57 23 75 25 59 41 30 65 35 16 62 44 63 24 97 93 70 79 21 83 56 67 50 24 63 89 91 42 69 92 98 6 10 50 11 41 75 85 23 16 11 4 72 79 17 95 43 66 90 92 1 42 20 96 28 33 3 49 99 92 24 85 82 93 11 95 77 42 73 28 55 40 13 21 39 55 82 87 84 41 54 68 52 93 22 56 97 18 34 6 67 
64 61 76 9 99 17 75 51 29 60 72 51 81 66 87 23 81 63 18 30 11 39 90 50 36 80 37 10 12 19 64 76 78 51 56 33 19 98 38 71 69 72 95 59 90 37 23 55 53 55 51 10 8 40 76 7 62 48 13 38 55 66 26 9 41 55 31 27 90 36 37 87 80 10 31 10 28 75 15 4 94 86 2 44 7 57 41 71 88 5 38 79 90 92 94 20 90 63 24 18 55 91 14 45 38 97 91 26 94 66 13 74 16 76 31 99 56 74 29 89 17 56 51 7 73 95 3 95 81 58 71 88 35 97 19 65 48 57 70 77 29 84 35 73 57 42 86 1 9 84 88 86 82 4 3 23 33 50 54 95 29 57 24 35 22 4 63 5 34 2 82 24 48 9 63 76 74 59 91 92 95 58 31 50 34 45 32 47 70 10 9 48 6 31 87 12 79 76 89 19 43 81 18 79 40 31 80 65 22 68 58 1 53 45 64 41 54 72 53 83 27 73 33 86 77 16 77 59 14 79 43 73 84 61 86 5 1 56 66 54 7 31 79 12 57 72 0 91 10 36 2 91 53 82 58 45 94 44 24 36 77 99 0 29 20 47 78 56 34 31 32 0 61 14 27 93 91 11 47 31 25 17 59 46 71 57 81 60 36 40 13 55 17 63 0 56 72 30 34 2 
15 85 24 23 41 73 92 67 16 46 78 99 52 59 56 17 14 99 92 8 36 91 40 47 69 12 83 57 52 34 10 68 98 53 89 50 63 23 79 75 96 74 67 65 30 99 73 84 54 51 21 65 22 45 54 97 31 29 89 10 95 11 79 66 72 19 99 11 94 44 77 14 2 98 52 74 56 36 39 55 66 33 26 47 9 79 81 45 47 10 90 21 61 74 91 60 72 11 66 4 31 44 56 29 51 38 71 69 85 62 0 54 39 14 33 38 69 64 67 83 34 95 54 7 67 30 83 33 36 2 30 98 25 24 34 59 94 91 94 68 98 34 81 88 32 37 32 21 67 32 39 87 52 69 21 84 89 16 7 23 44 75 64 97 85 15 78 23 28 63 56 21 62 67 27 90 46 94 45 58 27 12 4 88 96 63 55 72 22 26 32 52 85 59 6 45 46 41 7 28 20 41 25 85 6 38 60 76 56 18 95 71 24 59 24 39 6 17 61 94 91 86 4 65 87 28 61 17 65 22 19 3 47 54 0 16 46 21 90 50 11 88 2 93 95 89 2 77 64 52 1 44 8 52 57 58 17 32 34 30 90 7 97 60 25 12 15 42 25 82 39 36 98 28 18 55 67 82 62 23 88 99 76 16 8 2 6 14 88 3 59 37 92 3 69 35 77 34 69 63 
40 52 45 73 82 74 63 27 25 11 44 92 38 99 83 11 87 82 10 3 47 47 6 20 67 51 83 48 4 21 22 10 46 52 63 95 67 7 21 47 8 11 32 43 83 74 85 97 94 27 51 79 87 50 73 7 69 14 99 70 73 12 6 88 60 37 29 80 96 50 40 92 49 11 98 95 66 90 77 13 41 38 56 19 71 12 94 24 7 52 29 62 1 31 50 5 18 83 26 1 90 8 72 74 4 70 26 17 36 54 21 1 59 42 1 51 40 39 0 1 84 21 65 4 71 42 12 37 79 35 60 9 4 95 29 73 52 72 16 97 49 59 44 7 37 27 46 58 70 53 54 71 90 70 83 28 44 58 53 64 95 60 10 50 75 37 92 9 98 33 20 47 36 68 69 44 90 9 63 42 84 17 22 38 41 46 8 54 23 98 29 1 11 22 44 50 74 38 7 69 1 94 3 94 2 93 90 32 55 69 44 89 74 44 63 74 78 54 78 53 13 66 69 37 27 81 42 91 82 80 83 78 46 58 43 88 90 59 62 91 28 10 93 8 10 21 73 23 29 92 82 87 34 71 91 61 30 58 1 7 22 93 33 65 44 57 5 31 57 96 9 44 60 37 34 95 97 80 76 96 17 94 25 30 37 72 53 62 37 68 67 18 55 45 99 23 92 52 70 76 
59 19 19 20 95 45 67 62 54 65 0 11 51 48 93 15 23 1 41 39 19 55 69 2 85 22 55 23 50 30 28 67 63 85 44 84 66 22 49 76 3 33 33 50 2 40 24 61 59 39 77 23 5 56 15 81 87 50 8 68 29 7 61 32 45 96 5 65 65 56 78 27 40 51 67 38 63 16 33 74 26 77 12 49 47 70 34 73 14 5 97 97 1 28 24 82 54 63 20 38 39 60 40 53 70 32 59 30 81 51 87 8 75 83 30 22 24 93 64 8 21 69 96 55 96 64 60 22 10 14 6 74 61 77 65 47 73 30 27 24 33 82 4 77 31 74 14 50 0 82 99 75 41 72 8 86 31 83 59 4 44 50 80 16 27 43 71 57 32 83 92 50 83 40 15 43 30 36 82 45 37 84 77 13 82 21 1 42 53 14 60 68 93 86 88 77 55 55 20 14 8 3 7 41 86 85 32 90 75 12 13 86 80 15 20 48 87 69 79 6 91 79 19 10 1 82 47 5 60 8 26 40 0 12 90 37 87 70 19 56 51 47 23 59 72 80 99 26 12 79 74 3 8 65 40 41 51 7 70 88 40 54 52 73 17 84 59 78 57 9 20 63 77 35 88 18 74 14 34 12 18 59 22 26 82 49 7 63 71 44 0 14 88 9 6 70 6 31 29 39 
89 17 31 89 18 79 89 52 41 81 25 26 73 61 19 33 54 73 56 26 26 85 84 74 19 86 83 79 56 43 47 2 34 95 60 28 41 63 36 21 83 38 59 40 52 54 98 24 19 8 39 39 56 39 64 29 74 56 25 31 31 26 63 17 1 45 31 96 91 16 70 57 68 71 34 46 40 77 21 37 97 14 89 26 8 85 15 79 16 52 91 12 98 95 20 37 21 94 89 99 20 73 68 91 58 31 1 87 92 18 85 38 2 88 52 34 71 19 81 92 34 69 86 24 69 11 66 18 19 98 20 56 51 55 4 60 34 55 57 96 73 10 51 41 31 13 29 61 72 13 66 72 39 63 32 28 30 77 77 20 75 42 97 10 16 52 15 36 70 17 48 25 55 64 77 52 15 74 65 93 48 52 42 58 32 86 2 68 70 9 29 70 24 5 9 22 56 10 78 63 30 48 3 10 81 0 93 52 32 77 54 67 74 99 17 64 9 51 48 40 24 3 98 37 31 95 90 76 51 9 60 53 38 76 34 75 8 55 53 60 58 96 10 43 35 95 59 68 85 65 74 27 30 64 92 53 11 13 62 4 20 47 64 54 37 54 70 31 59 36 51 98 90 31 91 64 23 23 4 55 1 96 97 71 36 75 51 26 77 22 91 61 60 66 28 49 63 65 17 75 
34 3 74 52 16 40 75 96 1 47 88 77 88 77 51 90 63 33 80 96 60 14 95 57 39 49 51 63 77 21 1 59 79 89 78 51 15 13 85 89 42 7 12 57 3 63 54 97 39 76 49 74 85 10 73 18 32 29 69 20 31 63 64 83 40 73 50 23 88 69 61 80 93 60 6 57 25 10 0 88 99 90 63 10 0 89 5 57 23 81 77 80 32 22 60 39 37 11 76 4 30 85 27 61 7 1 40 71 23 99 75 46 88 7 59 54 76 95 91 42 1 89 9 74 45 94 63 34 71 7 43 93 58 68 86 8 43 38 40 32 25 5 6 73 53 65 3 59 42 32 7 92 66 21 96 72 93 4 59 34 10 42 99 64 80 86 60 16 6 28 40 75 50 0 4 59 87 18 29 85 53 65 17 49 89 86 67 8 89 3 19 53 65 7 96 27 59 35 52 71 36 34 98 74 39 17 31 13 53 30 3 55 18 21 97 71 15 39 48 23 4 71 27 92 88 71 83 91 19 40 47 75 16 0 44 4 23 83 30 63 92 43 23 3 72 57 7 39 31 45 68 29 67 49 19 75 73 48 6 8 41 20 11 17 3 83 5 8 95 18 61 24 48 11 88 27 72 88 23 85 30 47 19 37 62 7 43 9 50 1 46 25 61 56 61 40 60 14 72 3 
34 74 64 66 76 33 26 32 69 58 69 60 48 69 94 33 64 76 31 91 95 63 16 36 38 90 97 6 92 5 3 5 77 96 95 43 0 18 65 22 68 75 18 6 92 11 83 67 42 81 67 34 21 20 26 27 93 24 0 97 10 44 57 69 87 91 94 28 26 21 1 40 33 72 24 13 10 18 7 28 83 76 79 72 15 31 53 27 1 26 64 83 3 0 54 21 49 60 50 85 59 42 58 0 51 44 93 26 60 13 59 12 4 76 47 93 42 0 74 36 27 86 3 18 94 52 82 19 39 29 65 26 50 57 96 16 35 83 11 45 3 96 90 11 8 25 31 7 38 12 64 17 63 94 11 42 52 57 98 96 92 28 24 86 21 91 7 41 52 42 48 86 46 16 87 92 92 28 44 5 10 62 94 76 20 34 66 53 17 17 84 84 65 5 63 19 68 43 11 63 63 32 54 89 99 95 36 57 75 52 76 34 11 54 6 87 39 12 59 29 72 11 93 87 5 75 35 63 64 94 68 42 15 29 63 9 46 72 88 76 34 89 37 95 32 76 39 91 47 38 65 8 38 64 77 45 53 14 2 15 53 62 63 37 53 69 58 59 48 56 59 26 37 64 17 8 38 21 61 4 64 79 74 40 78 14 17 65 36 90 82 51 54 22 82 13 5 85 35 35 
4 9 32 83 75 60 22 44 1 32 44 6 68 28 93 34 29 40 63 64 43 35 70 6 60 15 46 6 94 1 78 89 56 66 89 94 97 89 74 33 68 26 88 84 57 76 10 49 2 2 29 22 50 10 13 34 70 3 40 52 33 71 47 88 49 44 77 81 74 60 11 85 27 34 29 28 55 75 61 67 82 37 93 91 92 3 9 5 61 53 47 27 57 45 54 94 73 34 41 26 39 72 52 33 71 64 99 96 47 38 34 54 29 28 37 94 93 60 65 12 44 45 82 39 95 66 95 77 92 76 27 54 44 21 33 97 36 36 30 49 37 71 29 95 6 67 35 25 39 95 77 35 44 39 95 35 30 6 10 38 74 82 76 61 0 36 70 13 97 15 54 87 88 12 98 98 21 26 33 42 99 11 85 69 57 40 65 0 71 66 59 25 30 17 0 6 75 31 99 9 71 76 67 77 21 57 73 55 55 22 38 78 40 77 81 72 50 96 72 86 49 5 82 74 76 52 76 27 30 25 0 28 13 76 66 25 79 33 71 78 64 19 94 1 16 52 5 42 3 65 27 49 90 16 72 72 5 3 6 90 81 91 5 35 24 77 9 5 31 24 54 98 8 51 5 83 3 28 13 8 65 53 44 17 71 45 63 96 49 99 67 68 67 67 62 82 40 25 94 26 
36 82 4 68 21 72 11 63 6 89 77 14 64 43 62 49 30 42 13 75 47 79 64 5 21 84 31 5 40 8 43 72 11 48 15 28 18 77 84 87 85 80 49 56 64 96 93 47 31 47 24 22 80 95 0 13 62 70 93 64 76 92 50 58 27 93 65 34 45 6 60 1 87 44 66 85 72 18 10 13 57 26 82 8 67 12 78 39 39 46 38 66 10 91 38 38 18 17 48 98 95 12 11 22 57 13 46 39 0 59 51 15 85 45 53 20 5 1 36 37 52 63 79 12 75 92 62 2 69 81 74 51 31 58 1 69 90 88 23 40 5 15 57 67 83 96 91 29 61 82 73 93 96 29 73 82 78 32 12 11 26 7 66 10 93 85 3 0 43 92 79 33 47 93 32 76 38 97 59 0 12 20 89 0 87 53 26 48 37 54 75 61 61 46 31 48 63 79 11 41 27 13 80 14 61 9 81 25 34 62 5 45 74 89 16 86 3 34 96 66 4 50 3 84 97 43 27 86 58 38 27 89 15 64 4 98 91 95 38 99 8 2 61 32 70 44 53 46 5 68 54 11 44 88 48 15 87 4 57 3 41 6 13 8 67 56 85 23 55 60 5 18 92 54 39 81 32 14 99 17 20 12 19 81 29 17 62 96 71 32 9 62 46 1 67 2 98 25 66 43 
7 87 80 6 37 17 67 63 66 77 79 4 58 85 65 58 2 28 61 33 48 56 51 78 13 57 83 75 20 40 75 35 47 8 33 22 20 51 89 7 50 88 90 77 23 99 75 75 47 90 61 7 6 98 3 56 95 50 23 2 99 92 19 95 48 31 27 0 76 44 33 25 4 79 60 81 12 62 49 24 26 18 42 98 26 81 34 84 12 2 14 65 88 37 28 2 22 13 25 70 62 13 71 85 21 27 81 63 9 11 71 44 68 4 85 57 44 50 90 38 31 79 48 74 38 91 41 94 56 50 25 69 30 37 63 3 68 55 78 73 57 77 41 64 84 52 0 42 55 15 4 81 21 92 48 49 51 35 83 25 74 84 54 37 51 20 82 18 22 64 41 97 20 53 39 1 52 47 69 7 12 79 93 63 29 66 8 12 23 40 56 36 81 73 8 17 21 99 82 92 99 96 28 56 92 58 29 21 60 48 98 81 55 74 51 50 72 0 79 86 7 75 17 87 85 80 11 55 29 69 68 67 18 77 93 46 50 40 23 76 5 59 33 96 83 25 23 31 78 6 53 66 79 2 70 62 34 18 55 65 19 18 61 44 80 75 90 59 69 43 50 12 91 65 80 84 20 55 6 50 14 8 83 81 38 11 67 24 18 9 0 0 94 35 64 70 52 0 73 62 
11 8 20 52 25 93 81 16 15 80 75 99 20 75 19 99 8 90 77 31 68 88 35 84 79 31 24 55 15 14 28 57 60 98 59 11 60 51 7 33 40 77 21 25 13 54 82 24 7 17 82 53 54 64 82 5 26 82 79 53 52 16 6 14 61 41 41 22 19 55 97 43 86 85 90 65 13 2 88 27 5 2 16 19 21 63 94 26 6 57 76 10 24 55 23 10 82 62 24 73 35 34 89 94 10 4 1 39 51 89 54 86 98 81 93 41 56 20 28 81 19 55 15 88 31 54 27 20 46 76 14 35 80 32 86 2 87 62 30 87 96 29 62 47 7 52 79 18 83 47 66 32 86 0 39 71 80 53 2 62 70 63 1 2 1 63 56 19 50 52 29 69 28 50 26 59 7 41 53 40 4 69 62 88 87 48 82 65 84 64 60 18 93 96 20 20 50 61 67 68 58 89 70 32 62 86 24 74 4 4 42 41 93 21 30 20 57 80 87 92 98 16 13 42 44 10 26 22 24 33 51 6 92 22 73 10 26 55 38 47 51 55 92 82 62 19 24 74 93 7 83 94 87 44 41 24 78 69 53 92 91 31 9 97 92 90 38 21 17 84 43 72 34 72 62 43 4 88 55 96 42 2 76 69 18 1 20 24 72 97 20 70 58 56 3 73 21 29 85 6 
11 42 50 75 93 26 28 87 78 30 38 36 49 96 27 30 4 9 26 40 30 47 59 80 10 15 30 34 32 3 78 57 19 48 1 89 91 86 14 68 58 96 19 80 78 85 76 16 60 47 68 39 75 34 54 1 2 97 54 51 36 73 34 85 98 62 71 82 49 78 60 56 49 11 45 16 84 25 48 81 80 92 20 20 92 99 1 98 35 32 36 33 2 22 83 24 75 25 0 58 79 29 54 76 73 13 24 74 83 33 13 67 93 10 88 60 20 81 48 87 77 98 34 92 21 2 38 92 87 52 28 56 16 84 5 72 22 53 68 81 12 88 92 71 73 40 78 31 92 76 24 76 75 87 78 40 10 54 28 62 9 7 91 89 20 61 27 76 60 24 17 36 31 66 58 5 36 98 60 49 27 12 39 85 13 61 54 29 9 17 31 90 26 62 61 37 9 99 61 71 93 32 47 40 95 0 25 73 33 16 4 93 6 46 54 93 89 34 24 78 49 23 9 87 30 6 74 84 88 66 55 27 36 28 30 33 77 21 99 94 61 35 80 16 64 57 14 97 32 29 75 44 50 1 69 87 84 98 99 50 60 27 46 2 43 41 7 90 45 53 27 46 20 39 87 7 63 93 41 13 21 79 63 88 94 38 34 72 61 82 34 91 74 41 80 5 43 9 80 89 
90 85 77 19 53 26 61 55 84 91 77 13 34 99 8 71 46 18 82 47 40 43 80 98 49 92 59 68 3 87 86 76 60 27 28 62 44 38 66 23 5 86 44 85 95 77 29 96 69 22 32 68 10 80 70 4 51 65 94 70 67 35 30 72 92 94 14 75 50 62 34 10 90 6 16 72 69 50 12 62 45 52 24 15 62 1 66 73 8 67 16 17 53 30 10 29 50 19 78 45 35 63 61 47 94 44 12 4 24 64 77 76 50 83 78 47 33 27 34 41 73 70 71 31 83 23 96 39 53 36 16 46 38 84 11 7 98 15 68 95 39 46 2 47 49 4 30 50 31 25 0 80 54 7 18 53 89 78 19 94 46 72 72 4 4 45 44 30 74 67 35 50 98 97 40 87 30 45 32 26 39 35 26 65 50 36 69 47 44 72 10 25 96 48 7 32 20 46 88 92 81 40 51 21 63 99 3 12 40 21 84 32 13 82 39 9 50 16 48 92 59 92 35 65 28 14 27 62 79 32 3 73 71 39 31 19 95 11 39 38 15 16 39 75 19 65 31 24 1 28 63 26 24 34 21 50 58 16 57 45 17 58 14 88 21 27 39 37 73 5 61 88 53 3 91 21 58 60 94 98 76 18 38 3 28 10 32 56 25 26 37 91 73 56 43 95 63 65 91 60 
75 30 79 51 67 21 89 16 13 92 15 51 3 25 77 96 9 41 28 23 25 78 56 22 31 7 16 44 56 4 52 18 89 45 3 59 36 35 66 98 66 27 20 6 33 17 36 69 75 94 1 62 48 2 52 51 81 66 87 64 45 60 64 67 12 90 43 72 26 35 64 85 45 79 65 25 10 59 19 34 74 46 79 58 3 54 11 10 16 1 10 82 37 77 24 49 12 82 73 58 25 11 45 53 83 4 32 38 67 38 79 58 96 20 50 63 61 20 35 15 79 93 71 32 93 60 76 91 0 48 67 88 82 14 19 32 56 37 10 78 96 11 82 63 40 48 38 65 79 14 78 74 43 65 56 48 33 8 13 4 93 28 99 4 69 53 80 69 11 58 51 48 44 20 14 55 8 78 99 88 76 44 3 74 63 85 84 35 68 17 41 25 82 39 40 12 13 67 35 63 5 59 39 90 84 43 73 27 45 31 90 96 58 44 62 28 97 2 71 69 31 8 86 38 0 12 94 93 35 24 40 71 65 9 23 78 12 16 41 59 38 10 93 16 57 16 50 0 45 74 33 94 81 32 54 50 50 87 97 30 10 85 3 97 64 23 17 94 15 37 48 18 11 95 98 53 94 83 17 74 48 72 50 22 98 33 99 87 49 48 17 45 39 41 76 4 77 93 3 52 
1 0 76 90 34 43 19 43 49 34 26 85 54 9 2 40 24 56 60 63 17 28 90 56 82 76 99 70 25 24 95 36 75 24 52 81 13 25 10 26 25 16 53 59 18 47 37 1 89 64 89 43 45 66 80 24 50 2 24 97 63 63 3 72 29 26 88 48 28 85 85 13 15 41 94 70 1 89 99 61 77 57 22 79 38 51 87 77 51 96 19 2 61 38 74 82 42 85 7 39 36 20 94 18 38 81 58 83 75 83 32 48 69 91 42 43 71 77 43 15 82 25 0 93 56 54 15 64 23 69 55 17 32 97 16 91 35 1 3 78 14 26 44 26 33 87 51 27 25 58 45 38 31 22 3 30 30 94 4 48 35 83 55 36 54 64 31 17 38 64 70 27 73 89 80 58 60 92 96 74 59 14 19 17 5 9 8 57 39 86 48 67 67 17 16 98 43 49 83 88 70 58 15 17 6 89 78 18 34 15 78 85 38 75 62 61 9 8 48 73 74 2 87 60 31 97 56 64 21 25 52 27 80 36 79 57 82 20 12 76 97 27 7 44 98 87 35 14 34 3 1 63 8 27 93 37 94 75 16 10 76 39 78 32 35 9 80 44 4 56 52 41 10 92 12 87 18 38 28 24 29 32 29 67 17 56 38 72 16 62 48 0 44 20 5 1 99 17 24 24 
21 16 72 60 32 70 41 6 18 26 35 7 2 5 10 9 84 98 94 46 14 98 56 85 95 39 41 71 58 97 93 97 20 29 74 47 5 18 19 44 60 33 79 82 84 86 6 33 65 36 61 11 32 55 25 3 44 48 90 46 86 12 93 89 62 2 92 20 33 51 88 98 41 47 47 43 28 33 92 70 62 34 76 19 97 94 53 76 45 75 60 34 51 18 39 38 14 87 97 36 77 13 73 20 72 66 97 80 13 40 23 6 76 32 5 93 34 74 26 49 95 61 24 46 10 72 94 5 89 49 53 19 21 77 51 78 99 8 16 90 44 86 77 11 26 19 81 27 22 83 6 50 93 57 80 32 10 85 44 70 35 63 60 97 72 78 9 96 46 60 56 40 44 88 73 73 25 58 37 15 30 2 43 30 15 59 1 74 93 1 84 69 75 81 82 66 63 44 50 49 78 59 69 32 66 81 19 6 40 25 35 26 54 6 0 91 15 76 88 61 16 25 26 54 41 3 51 29 17 64 0 67 95 84 7 72 17 37 67 5 37 41 41 60 9 67 52 23 15 27 8 16 37 55 66 64 71 6 27 87 79 92 58 0 44 27 18 2 62 16 53 85 56 5 81 56 40 49 97 67 11 8 92 33 32 17 80 60 78 9 74 84 88 7 12 81 9 92 18 68 
25 11 97 51 82 25 85 24 78 49 78 19 12 64 6 10 1 35 96 22 49 13 52 28 5 50 94 2 84 28 24 82 17 41 31 27 39 58 12 74 80 22 51 94 61 46 49 13 3 24 23 14 42 60 85 99 14 23 88 2 98 58 46 34 75 19 8 53 22 70 54 23 93 49 60 62 80 86 80 44 18 96 83 92 93 8 2 80 26 93 94 10 30 22 97 74 62 88 22 92 4 40 35 87 22 77 93 9 62 28 97 11 23 23 49 23 43 57 57 92 38 17 92 43 58 1 22 96 27 52 90 94 28 21 47 54 26 46 58 12 41 29 27 88 46 74 14 5 76 50 8 56 77 81 46 99 2 90 99 94 81 7 77 25 83 51 78 47 62 88 8 95 61 52 30 89 74 44 76 12 11 79 41 65 88 4 68 66 27 61 2 96 89 82 25 10 61 73 48 63 70 68 13 10 69 42 30 64 20 89 61 45 49 44 82 14 10 59 54 54 1 63 41 40 74 32 64 89 61 12 13 99 17 77 58 20 22 90 20 63 19 98 99 20 57 25 45 70 40 52 81 54 67 91 22 93 86 37 68 90 91 34 93 53 28 0 47 83 84 28 54 75 96 14 80 76 16 47 88 0 30 18 39 81 10 85 52 30 94 9 67 92 0 57 36 61 50 83 97 1 
58 0 89 91 2 13 35 38 9 78 58 9 23 81 6 68 21 62 67 28 60 21 0 0 12 69 30 33 24 36 6 39 56 67 13 41 10 32 79 83 97 32 39 5 87 34 4 35 65 53 6 31 72 41 91 98 86 41 56 75 45 95 56 73 0 28 47 55 20 69 78 73 12 35 15 0 79 60 75 89 81 30 7 91 37 95 79 30 63 53 28 36 66 58 78 38 79 95 9 34 19 83 79 60 29 90 66 42 83 3 37 56 50 13 69 59 24 9 18 52 50 65 96 64 31 51 51 20 28 61 49 50 19 27 78 82 29 46 40 46 70 4 64 14 92 99 28 93 25 98 15 47 68 14 38 79 75 97 5 57 20 29 53 75 26 19 19 61 99 93 81 69 5 65 75 64 34 95 16 15 87 79 86 81 9 14 68 1 91 9 51 10 6 79 3 21 29 66 98 7 36 74 69 99 8 17 38 90 45 90 34 90 14 90 68 40 4 96 61 57 26 66 13 55 72 36 14 67 51 77 23 82 75 66 80 64 22 49 37 32 0 46 76 81 7 2 79 97 94 93 28 40 21 40 35 59 14 39 65 98 30 82 87 71 29 35 58 28 83 83 8 14 84 42 75 58 50 76 16 44 58 59 47 19 7 63 9 40 37 0 70 66 66 43 96 73 13 16 12 22 
84 98 63 47 84 63 60 91 86 74 63 60 21 53 89 23 5 32 39 36 17 15 76 27 48 52 7 46 52 93 80 83 41 3 2 64 33 75 57 22 20 83 85 11 74 16 62 95 26 2 17 72 5 21 91 41 92 24 61 32 14 63 4 51 29 36 37 49 3 89 27 61 44 15 92 83 22 31 6 6 39 26 79 60 94 1 59 3 33 39 8 92 70 65 54 34 77 96 32 6 5 61 31 57 37 83 50 13 40 94 93 67 72 47 45 28 83 16 88 78 0 37 22 42 33 51 4 80 8 76 32 27 91 56 24 57 75 22 1 93 13 77 91 27 40 9 20 95 77 5 54 38 44 87 53 50 58 82 20 69 67 30 63 19 23 21 65 87 23 68 7 34 33 69 4 34 52 12 86 67 24 20 30 19 10 19 71 35 6 1 8 52 58 9 34 83 34 44 12 65 1 46 42 2 63 29 69 76 71 21 13 30 11 53 86 29 97 60 91 7 13 92 67 18 40 89 38 67 99 25 16 20 88 47 32 79 8 70 16 76 54 27 47 29 34 81 95 47 62 59 12 60 54 19 97 27 30 79 13 75 31 13 33 16 53 19 84 70 83 6 46 60 80 18 90 96 95 87 62 55 53 34 84 7 45 27 98 71 3 10 85 31 57 31 51 17 23 74 86 67 
41 39 60 90 54 7 52 10 35 35 53 35 9 92 2 16 11 0 34 81 59 78 25 42 3 80 18 26 15 89 10 78 9 45 52 67 68 5 67 77 41 66 38 44 58 74 14 38 16 68 1 27 20 75 52 6 41 75 22 17 4 95 76 34 88 74 88 59 73 16 78 51 66 99 15 38 22 7 48 51 99 77 31 11 0 18 72 37 17 72 43 64 55 57 56 85 22 28 63 5 45 4 45 9 13 98 86 76 42 55 80 77 5 14 16 6 67 87 68 72 12 43 65 12 56 66 66 1 58 51 68 47 18 66 79 79 84 72 81 24 21 38 70 97 21 11 84 24 18 24 8 99 89 37 36 77 22 6 6 3 20 61 33 63 45 89 6 76 59 76 66 80 17 9 26 11 40 13 64 77 5 31 76 93 45 77 68 78 22 93 96 2 74 28 17 34 45 90 1 2 91 6 68 49 46 75 9 38 98 75 10 48 3 39 4 84 55 36 74 1 83 68 65 60 21 63 76 12 52 48 84 79 76 75 51 35 13 13 21 84 34 65 47 58 44 9 72 18 33 28 0 72 58 2 95 59 44 87 34 52 94 35 32 80 13 33 7 49 50 53 19 39 64 92 68 27 54 91 80 96 99 83 88 84 54 59 15 69 25 35 15 44 92 19 63 1 11 19 64 37 
76 61 8 16 45 83 91 51 78 3 4 74 18 37 12 37 40 0 6 8 24 19 39 82 90 97 14 90 85 6 46 13 4 93 42 15 9 2 6 90 91 21 73 91 90 40 18 94 4 80 27 20 78 63 94 31 51 92 73 78 60 20 77 98 1 99 55 52 55 66 32 75 19 84 65 9 94 22 77 29 61 79 21 35 91 36 64 23 36 24 73 23 32 24 49 12 96 97 66 99 0 62 88 44 50 92 6 74 79 22 28 80 15 78 50 64 14 85 37 62 92 74 32 27 72 66 51 47 36 58 74 79 92 62 92 99 25 37 2 87 36 57 77 92 96 80 53 10 67 66 62 56 92 81 16 55 24 71 1 98 30 87 29 5 58 79 27 17 16 76 79 0 66 58 95 9 21 53 53 58 16 84 21 44 63 17 39 83 42 70 56 30 42 47 30 5 98 4 9 74 10 28 75 20 72 29 18 83 69 94 92 52 95 86 63 43 94 15 67 78 51 79 33 44 27 66 89 99 21 41 18 53 24 37 48 41 35 58 14 65 6 89 57 15 48 65 5 33 29 98 79 62 86 23 50 9 66 97 70 23 39 38 70 4 65 43 33 73 11 42 51 45 56 61 84 97 96 23 89 34 35 22 2 5 84 69 93 36 26 54 17 32 7 56 77 13 62 15 49 17 
91 56 29 13 68 51 61 96 94 78 97 2 4 36 82 0 32 65 9 32 36 84 26 3 22 98 15 5 2 17 34 93 12 53 80 34 82 5 88 33 11 89 72 60 53 83 78 59 48 4 45 12 79 56 37 0 87 49 64 40 30 39 71 37 81 96 68 4 61 90 18 80 87 61 58 5 54 71 66 13 28 57 19 25 32 4 10 39 79 99 33 13 14 35 60 9 51 97 90 26 89 2 81 29 1 45 62 69 39 96 70 48 77 4 74 59 26 23 54 88 82 90 28 94 81 84 17 20 9 8 8 38 48 2 62 60 42 33 62 52 94 91 98 70 71 74 90 2 18 37 23 2 19 38 26 49 80 31 6 35 88 30 52 14 3 77 89 72 5 34 61 26 98 75 70 68 29 1 43 82 20 95 90 59 59 5 32 19 18 78 7 38 92 38 12 31 81 8 79 82 91 62 35 30 21 37 26 54 76 40 45 26 71 76 44 85 73 97 84 80 92 23 17 1 0 56 50 37 32 69 58 30 80 84 20 10 56 51 19 60 43 80 68 68 0 56 87 97 41 34 88 76 25 30 46 80 64 49 88 16 60 2 4 40 19 69 20 12 18 95 51 1 39 31 56 42 90 36 37 94 17 42 79 90 62 82 87 54 45 64 88 55 66 38 12 92 32 39 72 21 
15 5 7 83 76 8 81 53 18 11 65 66 63 99 60 8 39 99 53 84 11 21 1 11 70 38 89 13 20 21 42 88 13 8 56 28 73 7 83 44 51 9 50 87 47 89 65 84 83 89 98 90 2 56 18 76 83 57 61 25 55 59 67 71 2 32 12 81 62 69 99 61 14 15 62 50 46 74 61 43 78 61 32 40 32 50 93 14 42 79 35 62 48 6 11 64 58 29 73 70 77 77 31 14 87 76 48 3 8 32 80 45 65 82 77 90 60 59 77 25 6 17 67 17 88 25 7 29 54 47 22 10 27 96 17 92 9 68 4 46 92 82 54 89 12 44 71 51 48 49 58 77 28 10 29 65 35 92 85 64 49 31 86 75 63 32 23 47 41 63 78 67 94 57 47 9 38 75 69 85 64 38 52 9 80 26 73 4 56 28 43 37 28 17 79 51 74 39 19 71 38 26 62 5 56 31 19 75 92 92 74 74 90 81 43 98 61 61 3 16 27 64 8 58 35 3 28 47 95 80 35 55 77 84 36 53 19 27 2 28 78 74 4 87 75 50 12 88 59 8 71 38 65 12 7 65 33 51 9 59 28 32 37 65 25 94 92 91 6 10 20 12 55 30 94 80 45 26 73 63 23 18 77 94 94 61 70 72 47 16 14 2 21 82 56 67 7 34 38 51 
43 58 2 38 43 95 60 92 0 68 75 70 21 72 5 24 41 74 20 25 56 83 51 46 59 94 20 30 6 55 67 21 30 26 70 92 19 1 2 89 48 13 94 35 16 44 19 60 15 99 81 77 33 95 12 9 70 45 93 62 95 26 49 36 44 14 49 24 15 72 0 17 68 11 11 80 25 40 36 81 91 56 45 47 6 60 33 36 89 58 66 71 70 49 41 58 65 35 64 59 86 65 19 9 48 88 0 66 23 92 50 92 90 14 68 29 26 10 70 19 57 29 1 36 86 87 16 65 84 44 1 21 17 59 37 89 85 52 7 25 11 90 7 45 71 52 70 81 69 78 59 6 57 38 58 74 88 28 56 54 30 77 50 74 44 99 15 28 47 49 71 57 45 24 1 52 35 27 71 36 5 19 89 32 46 42 91 69 43 61 35 77 74 47 62 81 29 55 97 88 13 9 31 97 40 10 78 37 90 42 59 58 55 85 58 83 20 72 25 77 12 97 68 5 29 77 24 80 59 29 76 83 64 39 97 54 65 26 61 83 51 41 18 19 2 25 52 65 50 76 16 22 78 12 54 63 78 3 86 73 44 81 94 46 27 24 72 73 51 42 25 91 39 16 33 58 51 46 69 7 80 75 53 99 82 74 79 96 14 73 67 37 17 65 41 97 67 59 60 95 
83 61 28 81 17 40 18 85 33 84 91 21 32 40 86 42 88 84 6 66 5 12 79 15 5 35 23 75 55 84 97 7 4 12 9 29 58 56 22 46 66 40 16 6 95 16 36 81 19 65 15 89 58 23 74 57 89 35 30 74 72 52 50 28 15 50 24 59 69 92 62 90 62 5 90 16 40 93 56 57 52 74 70 39 86 23 96 77 8 71 97 40 38 25 58 45 7 59 41 87 71 53 81 37 54 99 8 89 4 9 28 74 26 90 15 70 44 35 25 33 91 13 80 38 48 14 18 19 29 19 48 76 88 54 58 74 70 39 82 18 70 12 34 79 66 93 78 60 29 99 73 11 61 24 79 20 71 4 27 10 21 7 45 83 19 87 7 95 25 36 3 83 28 24 57 17 91 51 35 71 44 63 84 8 95 61 77 58 14 93 85 18 10 90 52 44 73 25 35 26 24 62 49 79 38 51 77 5 10 1 10 84 66 88 35 51 61 11 44 12 94 24 88 11 17 33 34 55 61 51 85 0 98 49 43 28 5 76 73 97 86 70 79 70 78 81 32 42 18 54 27 25 2 17 33 92 21 27 73 91 72 25 99 85 36 94 25 32 73 24 91 81 13 47 31 19 5 90 16 83 82 98 91 30 35 73 46 70 23 60 66 22 1 87 84 53 82 52 52 84 
25 34 42 51 32 82 4 37 15 80 96 79 63 84 50 43 33 67 89 57 82 12 62 30 53 90 12 75 39 8 26 28 54 54 34 2 85 89 88 21 79 54 42 42 55 75 65 36 39 23 52 33 47 28 19 88 67 93 87 64 31 8 36 96 59 80 11 33 0 76 17 19 10 32 92 48 14 64 48 1 5 6 29 82 25 79 19 20 96 73 81 69 79 94 18 3 81 17 14 81 60 9 13 99 95 11 49 80 21 73 60 45 60 95 42 55 14 29 20 37 32 44 95 3 55 66 57 87 32 16 13 82 10 86 6 48 31 30 80 23 75 52 43 1 72 46 49 14 67 42 64 73 70 9 99 21 90 22 51 6 99 38 17 79 82 67 18 76 17 41 23 34 41 45 22 53 81 60 37 81 98 71 78 10 51 37 58 14 41 88 86 69 78 57 30 50 67 2 12 41 98 77 77 67 99 58 6 37 33 83 94 21 43 36 66 85 22 50 41 73 88 52 92 72 7 59 89 77 13 41 4 92 58 45 74 86 60 25 82 41 23 74 40 65 61 79 19 22 68 47 10 63 98 24 51 98 23 40 60 9 25 27 22 97 84 65 10 89 21 42 89 76 9 98 91 51 69 42 75 33 84 68 67 80 67 18 90 53 49 74 49 70 99 29 82 39 77 69 85 42 
5 99 17 72 63 73 35 85 75 60 89 45 39 34 70 96 12 70 56 87 38 47 86 48 22 46 76 28 40 34 27 83 25 14 65 11 98 54 52 40 78 62 61 12 41 80 85 83 77 78 11 81 57 23 73 3 71 6 84 90 86 47 32 18 52 34 89 26 30 46 58 64 66 70 80 32 73 78 70 80 93 72 30 27 12 44 73 34 45 97 98 70 2 41 24 91 47 0 53 9 86 95 69 37 52 75 76 66 23 20 87 68 17 71 5 8 79 32 49 6 73 4 58 36 81 58 0 84 30 15 77 67 31 63 98 79 76 54 34 85 24 39 95 95 96 28 12 94 47 50 67 23 67 2 24 72 91 24 82 44 76 43 57 62 41 54 23 9 29 17 54 23 80 79 18 45 67 53 39 3 12 43 54 25 2 31 69 49 7 71 95 58 50 44 77 8 95 82 89 52 64 67 81 26 71 62 80 6 93 21 26 12 37 98 38 88 74 28 47 96 77 41 96 15 43 3 97 6 13 41 73 4 89 36 13 96 79 22 69 1 60 29 61 49 67 15 11 55 4 20 96 89 90 96 39 75 4 71 33 12 28 71 17 29 71 17 96 23 67 6 41 60 9 11 49 94 17 38 65 79 4 31 70 60 46 68 46 33 36 25 45 97 72 54 31 59 66 65 56 79 
1 3 48 45 42 22 40 14 44 24 24 77 9 14 39 61 12 35 4 87 36 67 10 59 24 52 54 97 55 96 71 94 21 83 78 89 51 14 3 31 12 72 80 2 12 80 17 64 69 23 96 7 24 99 86 8 1 5 25 53 78 87 67 51 45 24 15 64 47 36 23 83 24 95 54 17 29 41 42 24 1 36 76 98 75 49 51 13 94 31 82 1 94 77 18 13 26 54 44 73 39 63 98 31 24 15 32 13 35 30 29 54 99 84 59 32 25 71 59 94 36 24 32 22 24 34 15 37 95 39 79 29 54 95 78 55 34 2 3 89 26 14 74 18 31 29 61 57 31 83 20 22 30 27 75 63 11 18 30 63 53 29 38 45 81 1 58 54 11 36 20 46 27 17 25 32 38 6 98 53 9 65 84 59 25 25 47 14 88 22 19 51 15 16 99 35 64 72 53 50 58 7 33 88 14 27 78 0 68 64 82 35 31 23 93 15 9 13 48 61 14 61 18 48 95 70 12 51 2 28 57 45 44 17 60 91 26 93 13 45 8 29 93 60 27 59 66 91 73 35 14 97 70 52 79 87 21 73 51 51 56 54 49 0 56 50 16 62 56 26 22 76 55 72 75 84 52 36 3 71 22 43 73 18 96 98 6 20 58 21 98 58 73 24 89 27 80 28 48 83 
87 31 81 25 12 10 40 67 16 47 56 63 63 70 94 88 87 71 15 23 14 16 28 67 62 81 17 57 44 89 74 72 96 75 50 72 88 69 97 5 87 75 25 23 81 23 71 43 32 35 6 52 68 8 48 11 50 54 25 44 21 16 69 46 15 50 69 89 3 88 20 65 26 4 26 30 63 90 65 86 74 47 96 87 41 60 36 90 62 41 53 90 87 2 81 29 99 48 63 95 12 51 18 17 49 6 23 49 42 72 41 26 14 30 79 27 64 45 31 75 41 97 25 20 25 50 54 48 28 54 34 68 15 87 96 99 63 22 64 64 58 44 57 8 11 96 5 57 70 78 37 76 24 74 77 14 96 12 96 65 75 11 40 34 54 3 60 88 65 83 9 47 86 62 39 77 50 90 68 17 71 23 94 67 3 17 29 68 31 80 51 10 0 95 15 78 6 47 80 95 43 14 7 54 14 27 77 20 35 51 46 63 82 20 7 97 61 69 54 33 3 95 91 56 23 75 45 31 94 20 95 70 44 5 80 28 35 82 65 56 65 75 65 7 95 22 42 82 7 31 98 79 60 40 24 39 18 46 32 83 43 93 4 31 36 38 73 2 85 51 90 40 28 59 35 80 75 56 36 10 4 65 99 96 89 12 91 67 20 0 94 76 92 86 9 67 80 25 79 92 
35 3 8 33 70 58 47 68 62 67 89 36 9 65 71 61 50 81 58 19 19 57 94 35 47 95 45 34 28 36 68 34 70 81 38 99 24 88 8 5 35 73 2 54 69 51 80 70 48 1 66 9 63 66 16 8 60 65 44 96 19 9 2 84 78 45 34 38 53 30 8 84 47 4 37 94 85 37 72 74 59 36 84 23 57 3 56 31 21 47 70 49 86 72 48 85 22 95 83 49 39 54 18 80 26 72 96 53 53 65 45 75 98 92 78 46 65 2 93 88 27 6 19 92 52 79 61 35 38 80 33 41 58 99 26 27 38 27 37 35 24 74 78 95 90 55 50 69 38 33 90 86 84 53 55 66 30 84 79 80 7 23 37 23 7 90 0 3 62 71 94 11 39 65 63 43 67 25 30 54 89 19 56 86 72 8 6 75 91 66 53 57 45 97 73 5 10 89 92 49 44 48 89 59 97 61 11 15 0 40 20 31 49 52 52 1 43 3 32 31 64 2 51 22 11 12 58 3 46 79 71 17 77 76 20 21 23 54 48 26 1 90 15 66 79 13 86 96 56 51 26 14 65 59 89 82 6 99 72 35 51 8 51 87 56 25 78 46 96 93 81 78 91 74 79 29 95 81 14 90 79 39 14 71 5 1 67 67 2 59 28 23 55 85 33 51 54 70 87 86 
21 88 34 25 66 33 72 24 0 97 13 90 89 67 85 92 49 88 65 23 14 42 68 25 39 81 30 60 82 4 71 61 25 49 80 76 57 90 90 65 94 91 1 19 34 48 64 31 56 41 15 19 30 75 38 67 50 92 4 15 25 58 18 30 97 76 5 91 41 77 25 94 31 29 51 90 1 73 38 13 71 7 93 43 79 30 80 82 18 15 36 72 78 12 52 19 77 96 14 86 33 6 69 29 88 35 84 3 91 6 62 1 1 99 64 34 65 24 68 1 99 1 55 71 6 90 57 26 0 69 91 92 90 98 46 20 0 91 67 74 71 64 22 29 75 19 70 54 95 84 76 30 42 34 68 76 85 61 53 84 23 47 41 99 76 56 48 24 28 47 51 74 54 70 4 95 12 1 36 17 90 18 78 7 19 27 34 98 30 4 60 96 61 43 78 45 62 89 95 64 55 79 38 28 59 92 26 40 21 73 71 56 37 42 45 45 57 15 31 6 62 43 95 36 87 32 4 91 24 55 76 70 87 85 11 49 11 79 71 72 6 57 34 91 5 53 13 88 77 34 14 88 44 51 40 46 96 50 65 85 83 25 9 72 56 67 66 31 78 54 87 67 22 71 28 93 65 26 54 52 54 13 55 52 81 39 77 7 41 98 27 90 99 8 84 39 51 84 82 26 
31 21 58 9 18 27 79 92 30 78 68 24 89 75 42 90 16 67 20 35 2 67 1 28 71 30 15 7 84 89 93 4 54 96 96 45 1 31 54 98 88 40 23 26 74 36 15 82 2 40 83 14 10 77 50 37 40 93 88 84 26 97 42 87 69 72 13 64 68 21 40 76 66 20 19 84 24 12 90 95 95 73 76 0 25 44 52 10 22 48 17 82 70 20 90 21 1 20 21 58 7 56 7 82 33 38 88 59 75 76 71 82 30 58 13 84 65 81 66 59 4 16 20 44 0 94 11 32 25 89 33 19 93 65 6 84 64 27 62 83 28 31 74 83 79 36 1 64 67 59 68 47 82 3 8 23 90 56 98 5 15 5 87 43 62 31 37 10 76 94 70 23 67 74 67 90 24 54 52 2 30 11 50 64 93 57 29 39 75 97 27 75 55 10 28 97 75 2 48 35 24 27 42 21 71 63 31 14 18 76 37 66 8 32 16 76 81 72 26 80 9 41 18 32 38 52 97 50 48 54 3 60 9 59 3 15 9 20 96 57 92 39 66 62 45 78 58 44 65 18 45 6 41 41 80 82 28 93 32 11 20 92 50 1 66 1 18 82 36 93 11 1 12 61 78 65 78 33 12 80 2 46 29 12 6 8 99 90 32 7 39 17 56 47 86 98 77 74 9 38 
73 24 37 19 22 73 9 82 67 46 67 12 91 49 87 99 0 14 45 36 31 46 56 51 11 11 53 39 23 44 2 66 24 51 16 71 7 80 32 30 27 88 89 91 73 33 57 67 9 32 68 56 44 36 85 28 98 9 80 3 70 57 88 20 88 42 46 32 59 68 13 25 35 64 99 91 60 16 16 56 43 21 74 69 68 55 97 99 85 88 76 19 14 36 22 90 18 55 34 68 73 0 89 87 86 68 30 98 75 94 0 74 66 41 10 85 2 54 23 85 67 61 31 71 66 50 94 1 93 48 3 97 90 84 60 39 5 94 64 57 78 6 49 65 71 13 76 30 23 98 33 78 60 30 55 63 7 42 91 85 50 4 63 56 89 41 95 7 35 62 35 64 38 4 0 44 5 16 19 85 83 26 26 6 42 33 34 51 25 4 97 42 48 68 1 1 91 66 88 21 17 18 54 2 99 84 87 96 74 94 5 18 69 62 98 32 6 65 78 10 19 72 0 71 72 47 57 44 23 3 73 14 74 40 52 9 44 87 12 41 39 51 13 80 82 35 13 94 47 15 70 38 89 59 16 14 61 41 83 80 86 41 12 54 28 99 75 39 30 0 41 3 22 52 35 13 25 87 35 58 42 2 81 49 16 24 29 45 16 82 83 27 55 43 67 80 84 28 50 1 
89 19 44 41 31 24 19 43 79 76 24 33 62 6 65 80 52 36 87 45 25 27 41 55 16 53 33 34 44 86 53 91 92 88 48 89 70 24 90 51 27 66 9 63 69 68 21 51 20 78 39 26 35 95 93 85 54 60 69 62 96 97 44 56 19 92 85 45 62 99 54 33 66 0 80 28 47 59 33 5 89 6 31 7 15 67 88 92 71 31 1 77 56 9 95 66 91 99 18 10 55 29 72 45 95 2 98 75 74 7 33 4 31 28 40 78 92 49 24 10 35 42 88 31 58 35 66 43 0 83 77 28 90 86 48 22 91 72 20 93 79 72 69 62 60 57 15 29 87 16 14 49 25 49 86 80 1 14 93 60 49 34 21 70 99 71 39 93 34 55 68 38 24 43 38 48 99 88 62 53 7 97 91 15 62 89 83 79 35 15 0 45 11 83 10 86 33 47 15 34 15 6 64 34 53 67 86 14 74 93 59 82 85 18 65 94 38 5 35 57 5 1 55 14 37 75 68 22 5 38 30 13 63 29 30 13 6 20 6 3 58 89 80 83 44 34 66 95 20 90 30 10 10 60 79 98 16 0 23 99 50 61 86 78 81 69 52 3 46 43 10 41 26 71 67 94 34 29 68 45 48 43 52 74 6 80 6 87 12 24 96 5 61 99 1 37 50 49 81 75 
89 67 91 42 95 43 91 53 56 79 65 26 72 12 54 17 11 42 54 19 96 27 41 64 21 24 42 77 54 73 36 66 16 53 23 39 56 25 23 37 8 57 32 40 13 21 86 79 94 53 53 23 12 32 15 71 39 41 25 79 52 21 35 52 59 91 64 20 42 46 37 94 10 31 57 72 2 75 65 35 22 49 21 43 13 7 71 91 11 80 81 71 76 18 25 45 77 31 52 57 92 14 0 72 1 95 16 98 8 53 72 34 45 31 88 46 59 64 59 93 60 68 24 5 35 35 54 56 51 20 45 9 19 11 80 90 86 39 28 10 10 47 21 56 7 22 0 86 49 96 69 79 30 58 17 85 77 53 70 71 88 63 78 89 11 39 81 6 89 14 31 55 58 30 26 89 77 78 20 33 92 6 79 89 27 0 4 98 89 99 53 12 17 63 71 29 27 69 99 42 89 69 13 34 76 49 65 53 47 47 24 16 68 6 75 37 8 37 81 57 68 9 79 0 25 16 59 49 36 89 71 63 26 42 72 0 1 32 84 75 0 74 71 11 0 89 4 33 28 74 88 90 49 67 61 63 93 47 96 21 49 64 23 33 97 4 61 22 69 84 90 48 9 66 39 17 48 93 13 62 93 45 54 13 77 34 5 32 53 74 45 37 47 37 20 87 90 84 80 99 
63 19 95 72 69 20 51 20 53 33 16 76 35 44 49 30 36 49 56 5 64 48 58 40 21 61 58 63 48 44 77 38 36 36 71 47 5 67 47 58 23 34 92 67 11 95 66 28 17 60 87 20 11 74 64 95 68 2 66 67 40 67 17 74 51 36 93 13 93 27 52 56 9 70 49 59 69 80 42 17 52 32 4 14 33 26 77 22 59 38 70 80 58 69 78 24 77 73 67 41 68 20 0 90 4 56 67 47 12 14 99 91 14 36 13 31 63 67 26 57 75 57 96 14 85 63 26 60 58 10 97 77 58 59 80 92 39 85 18 33 1 2 7 99 51 24 16 51 52 57 55 92 68 25 35 53 93 16 67 42 41 52 21 35 13 51 60 13 55 31 78 15 55 13 84 8 83 93 87 53 17 53 61 2 29 88 78 16 47 96 99 46 54 17 40 64 6 32 61 23 32 45 19 2 51 80 32 8 36 50 25 91 57 70 50 52 95 69 47 96 3 32 29 71 26 71 90 51 3 31 13 12 25 20 82 33 20 59 2 5 49 47 65 19 1 52 47 26 73 69 65 85 72 43 80 67 33 54 71 54 92 7 2 89 26 66 37 22 23 68 57 60 28 81 41 30 1 72 29 92 44 67 52 79 23 49 30 4 50 53 52 31 21 48 58 54 8 66 21 15 
40 25 15 21 25 95 52 16 28 97 15 10 32 19 28 10 15 26 98 75 34 64 95 12 25 35 63 18 11 48 3 97 74 37 71 56 29 9 62 76 51 23 80 52 0 30 77 50 1 51 56 87 44 31 66 63 64 43 44 23 54 25 17 88 89 9 73 49 72 19 35 12 89 75 42 17 16 10 83 2 52 55 60 74 49 75 59 52 59 76 16 87 58 12 65 80 39 40 81 75 93 38 67 26 59 36 40 18 61 22 98 75 37 71 78 82 25 59 72 53 82 3 5 87 59 73 78 33 33 22 7 27 37 85 86 59 65 18 58 27 19 31 70 49 44 54 94 16 19 95 32 72 68 47 54 19 24 53 55 42 74 79 75 18 23 61 21 87 98 34 64 64 81 55 79 72 52 24 44 32 24 39 98 91 6 0 23 98 69 71 26 76 52 60 30 13 80 40 62 25 78 14 42 36 48 85 5 96 98 29 44 6 67 88 64 88 75 10 52 26 79 59 22 71 15 76 94 99 8 48 2 55 14 93 88 9 27 93 29 40 9 10 59 66 57 89 53 16 48 58 97 89 82 93 71 99 72 67 40 83 14 85 98 63 42 96 54 61 31 28 61 97 38 6 3 95 69 99 57 94 21 15 66 64 45 62 65 4 19 34 25 52 47 93 40 38 49 9 0 93 
84 49 11 63 92 45 74 62 56 49 96 84 77 50 79 79 45 97 0 97 75 40 19 23 98 30 18 8 16 15 74 61 45 96 21 98 40 24 82 55 13 19 26 76 92 57 41 46 29 79 32 27 21 42 76 92 63 0 50 33 50 90 36 72 19 86 1 74 70 30 89 82 73 33 35 35 3 63 34 0 22 95 21 82 24 90 30 11 80 45 58 12 80 7 99 20 49 46 89 22 29 43 5 71 76 60 7 61 66 17 63 63 20 45 55 14 77 66 67 83 59 59 61 47 90 65 85 83 52 16 27 87 89 12 24 69 37 47 63 26 28 69 45 73 94 41 59 83 63 45 54 2 52 77 74 44 59 56 72 98 51 81 86 46 48 72 85 45 81 19 85 33 30 26 78 91 88 8 51 84 91 96 6 10 20 12 51 76 19 73 82 49 47 35 2 40 87 91 80 19 67 42 22 28 0 92 12 97 23 81 52 47 57 18 21 4 95 91 39 55 64 99 57 44 79 89 47 24 21 98 80 99 68 2 91 89 25 31 10 22 23 4 83 74 84 35 82 35 84 82 86 96 39 10 83 42 92 92 53 81 80 83 75 77 59 55 38 33 81 36 51 88 23 38 26 2 17 4 81 41 35 34 40 49 55 51 98 20 42 42 56 34 56 65 68 1 61 39 77 44 
5 31 65 33 64 18 99 39 27 3 34 45 38 73 45 68 38 53 57 14 88 14 56 76 66 21 79 38 66 4 86 77 89 26 95 50 94 56 52 28 39 47 97 54 86 5 13 42 76 48 60 76 99 29 85 67 14 29 76 5 37 10 11 94 80 3 69 83 0 81 67 83 40 37 50 1 18 78 57 67 82 61 59 42 18 49 7 75 63 56 44 78 82 59 95 21 19 33 95 31 46 60 91 86 71 43 18 66 76 87 51 38 23 42 86 72 94 52 87 32 1 66 81 81 51 5 78 55 37 49 29 48 1 77 68 26 95 92 39 20 44 36 36 89 93 42 57 77 18 58 51 77 6 52 36 93 61 39 36 0 55 78 15 36 45 24 46 23 5 72 38 85 15 77 21 22 5 2 72 22 19 33 96 19 43 33 42 48 11 70 77 60 16 12 5 20 25 74 1 72 81 68 88 35 21 3 44 78 70 92 75 59 4 55 15 34 75 25 9 28 67 81 5 6 93 35 39 12 70 42 9 35 58 27 7 67 33 57 47 97 49 11 30 92 50 12 34 38 16 5 35 42 73 0 92 19 10 92 69 76 43 89 46 10 1 89 69 61 32 87 96 59 1 19 82 77 13 70 43 79 74 76 30 78 14 35 42 12 50 58 0 63 85 22 20 66 25 55 56 53 
73 26 33 79 0 37 89 25 16 75 69 12 78 38 88 83 82 71 23 66 54 69 82 75 76 57 3 75 75 56 6 30 17 45 89 43 86 84 96 1 28 83 32 27 84 20 51 87 72 71 39 4 89 22 49 38 71 22 35 13 50 84 33 2 31 64 67 5 84 0 28 21 56 60 19 18 71 9 77 8 24 11 90 17 8 40 83 93 30 26 21 91 75 24 71 59 60 47 33 58 14 62 91 89 17 88 88 46 40 89 41 83 52 44 41 60 58 79 50 72 58 20 63 22 98 59 35 18 20 71 54 61 47 1 43 93 99 90 90 78 18 41 31 4 10 65 58 66 76 20 64 22 95 32 98 59 90 97 21 79 34 87 62 80 84 81 55 77 65 67 77 52 58 68 19 79 90 87 7 99 90 38 87 49 60 71 27 55 80 74 9 61 67 96 17 81 48 91 46 36 19 34 33 38 32 74 25 39 61 60 46 63 51 5 66 39 42 24 17 1 55 59 27 6 90 5 19 70 84 50 54 87 6 83 42 45 39 55 85 34 66 86 9 30 0 54 61 69 41 87 67 92 60 11 19 4 84 2 60 85 63 38 98 98 78 14 84 85 67 68 51 34 54 40 55 7 36 44 15 3 28 37 75 55 94 51 45 4 32 87 69 70 14 95 46 25 26 80 44 42 
65 32 91 28 49 79 43 7 84 31 86 52 47 93 72 59 50 29 81 38 31 5 4 7 89 26 46 43 83 36 64 64 69 96 21 24 46 34 67 10 55 99 17 22 55 87 22 8 75 23 16 58 80 11 58 43 63 94 66 46 24 22 93 42 38 66 74 53 18 17 18 36 90 25 64 31 44 95 84 6 78 41 24 35 88 37 88 33 1 60 18 16 62 87 8 65 93 16 96 96 76 85 84 73 16 84 0 56 81 74 88 65 55 82 94 30 71 64 16 98 30 7 34 22 21 90 51 29 73 74 84 90 41 36 57 9 18 77 11 57 43 55 93 60 93 42 31 87 84 47 32 98 95 87 26 16 92 71 68 30 15 2 51 89 5 53 57 7 8 66 34 50 77 51 91 45 5 45 53 6 92 86 90 29 35 76 23 73 48 79 97 36 7 54 23 34 67 89 72 64 17 41 57 98 8 81 7 34 90 44 98 3 30 98 76 54 79 11 67 55 64 77 80 50 28 14 46 52 3 82 86 12 70 22 81 59 0 49 63 51 77 17 49 50 11 70 9 78 46 27 51 8 24 69 24 14 19 56 11 93 94 11 20 23 82 23 56 39 56 31 80 22 13 75 73 70 86 6 40 38 82 16 84 97 22 8 33 2 7 22 26 23 96 68 56 68 26 18 48 63 
20 20 82 42 43 51 52 76 16 87 87 8 84 71 57 78 20 57 10 95 45 79 14 31 72 22 43 93 29 79 71 79 13 15 22 6 95 47 53 64 33 3 65 0 14 39 41 23 58 88 93 8 44 88 49 89 59 88 66 8 48 68 91 86 27 96 50 51 24 86 88 18 44 61 54 28 84 0 94 91 17 53 17 95 69 40 18 93 1 58 3 98 91 47 87 70 29 24 88 13 79 57 21 42 98 38 2 42 69 95 51 27 49 85 82 78 79 19 93 86 49 37 68 79 61 36 86 37 92 98 82 0 59 7 28 59 82 64 89 31 98 59 99 67 17 91 89 83 23 37 26 5 95 72 40 74 14 17 2 80 0 66 86 55 61 48 5 78 93 42 60 52 59 20 40 59 21 24 68 4 73 3 85 35 72 23 30 45 36 68 26 43 40 89 11 60 68 84 28 95 98 89 57 30 95 38 93 79 39 14 52 73 24 20 54 14 20 31 80 82 64 60 34 25 40 2 72 97 89 16 21 62 78 63 57 96 42 66 22 15 17 40 37 92 33 85 2 2 54 11 1 86 65 62 50 80 5 21 15 19 56 39 61 79 49 6 68 48 93 51 79 14 15 19 20 99 7 56 7 13 27 23 33 25 89 0 82 42 79 6 87 82 92 42 34 1 34 34 99 60 
64 2 60 41 30 21 27 36 51 88 2 77 34 7 16 2 52 33 18 72 13 62 64 13 9 7 81 6 33 73 88 66 62 22 45 12 33 21 20 13 88 94 0 47 80 16 90 59 87 10 62 14 32 4 22 42 80 16 23 20 87 1 9 79 84 11 31 67 69 7 89 10 3 52 63 95 72 9 59 74 22 77 3 32 67 61 37 31 33 9 30 60 8 66 96 42 53 61 28 62 58 80 28 45 67 33 37 45 95 63 27 92 72 77 7 41 27 72 49 85 19 88 20 25 83 30 23 5 14 61 65 8 27 51 59 73 46 1 81 9 41 61 30 65 14 42 95 15 92 53 67 76 15 15 96 73 41 71 89 54 71 62 83 34 77 76 40 81 61 20 2 18 73 67 4 13 43 73 68 76 81 0 93 12 89 17 73 74 18 4 30 74 15 72 40 92 15 91 58 98 90 79 62 90 64 89 82 92 84 93 72 1 90 54 68 36 28 47 17 93 21 30 45 61 98 0 78 50 90 73 1 20 37 94 32 95 61 80 30 61 48 22 9 18 88 66 61 66 48 84 79 42 34 88 36 39 30 45 51 0 58 49 21 79 93 75 68 22 17 71 45 17 72 9 26 46 51 32 74 16 22 72 19 21 50 66 30 8 40 35 1 18 82 52 38 78 11 64 42 18 
59 70 96 92 52 29 82 87 30 61 9 75 46 16 85 50 97 28 27 67 87 63 47 31 98 97 68 23 31 64 42 77 56 34 41 22 3 54 27 95 82 4 32 34 39 46 5 4 14 19 23 21 81 80 24 88 19 40 95 56 52 68 4 17 16 26 78 79 1 49 52 47 71 93 77 87 78 25 23 9 82 26 79 78 94 30 86 61 29 53 67 54 94 2 12 7 22 90 2 38 48 8 69 39 36 37 74 96 30 6 31 43 84 14 53 46 55 89 32 70 55 85 0 68 74 21 34 3 99 15 37 12 29 22 70 18 57 23 89 31 56 7 5 38 17 94 74 73 16 62 82 90 62 59 7 16 60 34 86 81 74 0 10 81 63 72 27 22 19 15 17 58 36 71 38 16 81 22 66 74 16 44 64 83 89 15 66 84 79 19 0 5 88 89 47 97 52 4 0 69 18 58 54 17 77 6 0 16 83 98 22 3 59 96 30 31 53 2 54 66 84 47 25 54 84 6 3 48 56 57 93 68 21 38 92 86 75 45 80 93 39 67 60 50 67 37 41 67 42 79 52 20 51 82 23 33 83 52 34 89 64 99 26 15 37 90 59 44 19 51 51 96 7 20 74 72 53 15 43 79 15 19 98 11 79 85 40 94 44 38 28 86 84 27 39 90 13 23 47 38 
21 48 31 89 48 89 82 0 92 42 65 42 45 36 2 6 56 75 70 49 68 57 73 97 15 64 49 92 42 95 80 89 80 89 90 88 33 91 38 32 42 55 15 50 39 96 39 11 31 4 91 90 95 7 22 59 17 63 26 43 51 37 82 17 25 85 47 0 8 12 61 2 59 21 90 81 17 70 12 96 44 81 94 64 8 71 25 75 4 38 52 17 14 97 74 81 40 12 33 15 57 59 35 83 52 0 28 72 69 75 63 74 54 45 86 40 28 6 67 51 82 63 93 39 40 32 78 43 28 75 66 11 41 77 75 83 57 49 87 7 61 74 27 89 82 64 93 6 18 14 64 29 79 10 99 57 83 41 79 33 57 69 77 85 91 24 67 46 29 19 73 26 97 75 8 25 3 66 54 2 83 78 65 90 16 73 32 70 35 40 66 88 16 54 78 53 17 71 58 20 53 54 44 56 58 62 6 33 86 76 57 88 98 90 16 50 36 50 74 64 63 18 21 76 49 18 1 86 96 67 60 88 32 63 67 42 0 0 25 71 22 9 38 44 84 87 99 93 77 92 52 45 76 46 30 5 59 78 22 42 86 71 53 39 31 45 30 84 14 64 29 29 92 82 17 37 65 84 25 43 60 84 78 38 54 36 40 19 75 41 37 95 51 87 50 29 37 0 68 2 
36 7 50 72 68 66 30 52 40 41 37 23 3 1 43 23 83 49 66 65 80 16 22 10 91 31 25 18 63 48 99 32 76 60 89 28 81 65 61 97 81 30 81 31 46 15 25 31 98 88 58 60 83 66 33 35 17 64 23 70 9 14 90 34 83 99 72 68 84 75 43 96 5 68 64 97 53 95 15 48 97 1 27 56 16 87 14 5 13 25 20 84 66 41 89 51 48 44 64 62 88 57 22 96 32 51 94 53 42 67 17 44 61 49 17 45 2 35 54 78 72 30 21 97 87 42 29 84 33 64 58 52 62 62 99 63 58 81 79 41 64 89 24 12 73 34 8 83 21 63 91 28 58 76 0 14 43 84 88 49 46 66 48 15 97 74 87 47 17 12 91 68 49 45 38 28 58 11 40 1 79 14 47 16 78 2 31 44 67 67 63 18 96 6 28 99 42 2 80 21 20 39 34 9 93 82 12 24 15 1 57 64 33 96 24 26 45 92 48 34 14 51 98 47 39 85 20 19 73 17 24 77 17 3 12 45 14 72 50 15 17 82 67 9 74 46 76 58 14 11 57 99 61 25 54 47 66 82 18 65 85 19 9 58 32 54 61 28 49 51 37 43 79 1 42 5 7 59 1 99 78 30 25 90 12 4 41 83 78 17 41 59 66 1 49 30 99 90 17 42 
33 52 39 94 54 22 22 63 67 27 53 91 40 37 88 96 94 0 48 3 50 26 80 94 98 54 99 43 87 19 13 46 19 30 74 45 38 18 44 94 80 2 31 96 9 29 77 73 91 86 52 79 31 90 21 34 46 26 67 2 11 27 15 66 90 41 4 28 98 40 78 45 90 1 47 59 37 12 94 85 44 61 8 99 9 97 19 11 73 97 8 63 56 45 56 64 12 66 79 90 79 84 62 33 38 32 33 48 11 77 2 96 53 89 87 75 83 17 90 60 61 40 28 38 85 50 33 5 81 80 62 37 96 27 94 14 20 65 69 82 63 53 65 5 5 59 11 66 53 64 86 23 18 91 46 54 32 27 9 93 14 87 96 87 42 20 44 12 55 34 15 71 67 18 79 17 17 90 83 57 0 29 23 6 77 44 34 65 5 77 79 99 55 55 11 53 80 59 74 18 20 98 83 5 0 91 73 72 57 62 87 16 8 48 18 22 94 93 9 37 89 76 5 33 35 9 50 63 83 57 54 66 50 45 33 65 49 72 73 14 52 15 59 31 68 70 17 19 80 21 37 27 4 78 46 5 79 41 37 64 63 97 11 54 70 92 5 83 8 6 72 23 22 54 15 45 49 22 33 48 39 76 3 79 17 85 93 64 30 97 80 26 39 11 77 51 96 18 91 11 
77 48 94 14 76 42 87 20 22 73 46 67 1 35 39 20 97 72 8 62 97 59 3 35 40 12 44 97 67 96 32 56 97 99 32 40 14 40 23 2 36 5 69 30 47 33 58 68 23 32 10 19 40 98 78 68 33 87 76 3 79 92 82 75 20 69 8 93 59 30 87 28 47 80 76 66 24 2 58 57 16 64 59 26 78 14 93 85 95 0 97 47 22 36 79 49 33 16 44 97 60 67 23 50 14 70 45 7 62 71 17 40 0 12 39 76 19 40 21 34 5 63 67 43 37 20 41 39 33 8 94 80 20 56 95 43 41 57 83 84 17 59 29 29 10 68 74 69 32 31 76 14 88 1 42 12 31 26 74 0 23 91 44 10 36 39 80 69 74 71 97 3 6 14 72 83 86 1 81 69 9 40 95 47 7 77 14 10 25 36 60 3 84 55 81 18 28 79 0 38 26 83 93 2 97 17 4 16 45 58 46 48 61 13 31 7 35 7 71 93 6 26 1 3 31 3 89 45 39 40 69 87 92 46 10 94 21 71 67 98 75 96 18 46 97 60 14 19 48 12 2 56 80 98 12 81 93 16 84 67 2 43 73 68 2 55 52 23 31 12 52 14 71 17 50 70 13 17 94 31 33 95 25 65 11 82 57 97 2 53 81 92 76 39 54 21 28 50 23 5 
34 33 63 72 38 71 20 69 60 82 34 74 15 1 93 86 56 5 84 39 33 82 30 3 9 40 98 5 51 84 55 28 67 25 56 32 20 50 46 91 50 81 13 70 29 56 59 92 27 56 89 7 31 87 78 18 43 87 47 65 59 87 52 79 86 40 3 41 35 56 70 88 52 69 61 57 48 94 6 54 59 82 16 60 87 93 70 55 4 46 16 70 11 2 78 83 74 22 20 32 74 7 42 16 90 95 21 60 19 98 81 86 81 27 61 39 62 71 84 7 16 84 77 1 43 46 1 4 35 16 79 26 39 95 68 66 47 70 21 91 99 93 70 98 9 95 32 8 27 6 29 66 88 90 78 1 65 85 17 74 34 21 96 61 67 58 30 35 96 98 69 50 52 50 16 44 85 23 21 83 91 89 85 96 56 18 55 93 58 30 90 92 91 70 3 29 73 14 67 19 0 79 89 20 45 81 66 6 76 34 68 0 5 60 25 28 47 47 56 88 81 33 17 32 49 53 17 44 46 90 55 54 48 78 89 42 23 83 34 76 4 88 66 14 63 3 55 35 41 22 45 51 96 95 56 0 77 92 68 4 13 59 66 44 52 14 57 4 37 59 63 80 50 2 85 35 94 79 16 21 48 77 70 2 43 91 37 73 34 35 69 94 79 72 40 64 47 8 97 86 
80 25 29 80 17 87 78 57 4 95 81 62 65 47 59 9 67 77 50 35 69 24 17 86 83 89 81 56 93 71 97 52 83 9 40 42 33 83 18 61 77 3 53 70 79 57 57 32 20 22 89 34 58 65 55 72 46 54 61 70 39 11 94 86 87 84 73 68 52 63 88 50 96 32 35 60 4 29 58 78 29 1 77 89 28 58 10 96 24 84 48 19 29 96 70 23 71 33 98 63 48 18 23 78 58 88 97 86 76 46 71 48 63 38 1 93 36 61 24 89 48 42 78 27 58 91 95 56 24 53 56 34 89 44 9 51 99 26 6 34 20 52 21 91 61 2 19 6 93 32 24 37 59 36 52 81 83 87 83 93 74 82 83 63 64 26 9 66 26 75 62 29 56 20 82 40 72 35 18 88 68 54 81 74 0 19 0 42 16 4 68 66 88 6 52 60 56 11 7 35 23 45 96 99 23 85 44 90 19 68 50 75 56 40 85 61 28 90 24 7 27 91 60 22 79 89 29 46 71 75 30 26 15 87 10 75 22 7 46 48 67 30 35 67 6 29 75 5 2 89 86 74 79 91 93 99 94 69 52 73 2 90 60 59 66 2 31 27 40 10 39 9 84 3 21 71 93 89 71 4 91 73 84 11 54 40 10 51 58 36 51 1 71 21 24 73 47 65 56 21 
26 15 97 58 81 14 60 96 82 16 9 76 3 73 44 92 29 38 7 55 70 86 28 54 22 95 3 30 71 64 79 34 15 34 3 95 11 32 68 54 29 3 9 54 21 97 64 23 35 46 23 7 35 93 14 63 55 1 51 40 57 31 29 74 4 73 57 76 33 3 57 93 13 33 36 98 1 70 3 54 29 19 88 55 65 79 4 29 61 54 13 3 34 11 30 56 77 70 79 8 12 89 44 65 39 23 8 48 9 23 17 95 26 42 9 66 47 43 64 88 56 34 45 73 34 91 75 62 9 56 65 57 55 26 71 57 34 79 22 68 46 68 33 99 95 58 74 97 42 94 89 80 81 45 56 89 32 7 54 46 1 56 63 33 79 64 51 94 83 39 94 37 95 62 9 53 67 7 92 88 85 19 71 81 0 24 0 42 44 4 24 97 76 56 5 5 36 29 61 4 93 3 21 60 6 35 32 83 59 57 13 67 49 86 38 2 64 30 46 77 28 5 74 39 15 74 35 29 89 61 76 51 33 62 13 25 71 6 90 47 15 73 78 14 17 39 14 60 54 23 51 58 45 42 59 4 89 86 82 44 6 42 39 35 58 71 0 40 59 92 40 46 2 42 3 65 14 99 91 39 5 56 50 73 66 32 62 87 63 95 56 12 1 2 56 59 18 81 57 65 
10 67 64 76 77 52 93 39 3 69 94 63 42 72 90 57 36 30 5 94 21 69 50 79 87 45 66 33 14 33 43 83 7 74 15 77 55 16 30 9 53 26 41 24 48 15 77 36 42 4 71 59 6 36 73 78 91 57 8 63 76 69 68 27 71 5 77 20 41 9 80 3 12 60 89 13 32 54 90 52 74 39 44 59 86 85 47 97 11 0 20 98 92 89 55 18 65 33 67 83 66 35 57 33 63 41 59 32 58 87 28 38 0 21 39 6 86 31 14 8 19 81 37 85 69 87 76 29 94 1 99 44 15 59 27 66 35 81 1 79 81 41 5 10 93 93 6 79 90 90 93 70 28 53 95 46 76 53 19 23 33 37 23 20 0 40 37 88 91 2 69 27 13 69 84 71 69 64 24 64 33 66 23 96 94 47 62 35 5 6 88 11 35 46 81 63 88 98 78 5 8 78 45 16 60 53 9 47 15 32 6 47 16 96 58 87 76 35 70 77 35 27 3 60 91 75 23 60 72 18 32 42 65 21 79 89 11 4 8 76 60 32 62 85 91 76 65 60 10 73 51 36 6 86 32 23 71 52 23 73 67 75 58 79 87 89 85 60 21 27 58 59 8 80 37 6 69 96 96 86 38 58 38 76 15 57 59 72 76 14 27 60 14 41 64 80 70 20 77 79 
96 88 81 76 69 37 7 37 18 78 51 60 9 33 93 65 50 68 84 35 56 80 10 22 8 84 6 64 81 29 70 99 36 49 22 30 94 10 81 16 31 1 78 57 82 18 77 74 54 46 24 23 67 74 80 27 6 65 28 68 65 77 40 44 98 34 1 79 73 16 65 41 60 74 9 10 19 14 55 12 96 43 73 2 68 72 9 11 51 75 82 84 41 67 99 5 62 57 27 61 75 13 0 53 8 35 24 71 24 64 49 23 68 75 80 22 96 91 37 81 80 31 8 24 66 83 23 12 31 68 50 73 35 11 59 96 76 82 52 8 46 88 57 87 85 51 74 24 63 26 36 51 53 79 27 52 7 85 88 31 66 39 44 31 69 62 77 14 52 43 71 49 69 55 65 88 55 10 97 32 16 50 42 99 85 94 73 52 37 46 66 63 22 4 91 3 99 92 57 22 78 5 42 1 52 8 35 13 75 84 79 89 79 50 59 42 53 9 31 59 35 17 33 80 72 29 29 40 51 79 5 74 29 52 74 29 32 39 54 20 33 34 95 97 22 22 87 99 52 90 2 98 58 27 94 26 51 38 5 88 61 6 84 56 95 92 25 18 48 81 10 99 8 83 68 2 78 6 63 96 7 96 36 13 98 14 19 8 16 49 55 5 38 38 98 93 93 2 69 1 
49 13 90 83 69 47 40 77 97 23 17 91 61 11 31 32 26 32 13 11 15 12 90 72 98 18 11 80 66 81 28 5 90 59 48 3 43 38 66 46 99 72 15 13 55 19 2 74 83 77 77 20 87 2 76 57 0 30 86 15 47 89 76 5 36 55 3 97 79 97 18 53 44 25 87 30 13 29 76 73 20 55 13 53 60 24 92 11 72 74 58 64 23 86 32 28 23 82 39 35 20 91 16 93 99 7 31 42 54 45 67 19 62 20 55 66 88 9 34 44 56 27 84 1 75 89 67 91 30 63 73 94 31 85 64 52 8 81 9 89 86 65 2 53 40 72 2 25 48 85 78 46 29 76 97 96 74 46 99 98 74 71 19 18 68 34 46 96 52 23 47 78 11 19 57 39 59 81 85 88 75 40 85 66 78 54 53 94 13 95 95 69 14 16 58 23 10 26 30 50 23 58 8 22 82 26 60 25 31 5 2 24 59 91 61 68 97 71 16 74 80 42 39 47 51 29 70 61 26 73 33 58 16 48 80 38 14 39 15 78 11 75 16 37 16 81 99 72 18 50 75 54 82 50 31 26 24 11 4 19 79 20 85 11 4 76 58 39 13 1 14 55 92 68 55 99 55 86 71 49 86 24 20 52 51 11 83 20 14 12 66 22 54 34 35 63 66 27 96 84 
71 20 97 28 73 3 47 86 36 71 34 60 81 39 77 25 81 46 96 66 77 59 38 99 58 15 80 12 19 3 53 28 77 28 84 61 67 16 84 9 82 99 90 82 26 50 32 33 17 38 44 16 40 24 58 43 92 24 30 83 91 51 81 66 39 90 11 66 53 15 26 54 70 94 61 12 86 93 75 36 98 96 24 45 39 92 4 93 12 80 15 48 49 28 37 27 56 97 67 79 88 25 29 3 3 9 81 5 96 80 56 33 54 58 48 47 20 21 14 16 33 67 45 70 33 68 35 47 89 33 50 83 3 45 85 13 74 23 4 96 69 36 97 93 1 91 73 68 64 54 30 87 59 62 78 31 92 17 32 94 49 79 14 23 35 88 14 7 98 44 61 44 88 97 13 57 20 88 41 9 66 72 23 47 20 72 57 29 82 3 8 75 45 78 21 23 64 76 73 15 84 77 67 58 82 9 24 95 43 6 78 58 19 41 29 80 65 61 70 53 66 93 16 68 4 98 89 31 41 80 80 35 96 85 24 38 51 98 42 87 29 30 54 19 2 68 20 98 9 61 25 11 13 35 2 83 47 72 48 78 91 77 89 0 89 60 43 0 66 67 51 15 59 72 27 51 57 70 28 88 82 93 41 63 2 21 48 37 18 59 44 86 49 93 50 82 76 22 20 80 
44 33 31 61 40 2 32 35 72 78 89 39 76 44 92 20 50 56 32 50 52 79 40 25 56 30 81 21 92 24 35 1 4 19 94 15 1 94 57 72 9 0 3 80 8 59 30 51 17 23 36 9 73 17 80 88 59 3 96 60 34 73 80 40 11 65 84 31 97 7 1 75 69 56 2 1 82 45 21 9 34 46 3 76 99 48 55 87 47 69 13 49 49 74 99 61 68 87 13 37 5 34 86 55 63 11 50 2 61 6 18 32 42 65 40 41 67 44 43 90 84 34 11 34 82 62 17 12 16 78 89 31 61 62 11 35 36 8 12 53 65 38 53 80 56 97 93 73 44 73 67 44 5 14 70 4 96 65 8 97 42 77 57 12 24 3 56 26 83 35 14 24 40 34 74 99 61 37 69 4 16 64 67 90 87 31 34 47 84 3 29 35 3 68 87 47 43 33 54 61 66 89 53 25 19 81 82 87 88 90 8 73 27 72 68 52 49 27 14 91 90 97 85 72 99 80 21 45 93 25 51 56 57 49 22 30 97 27 19 98 6 7 82 54 82 82 72 42 16 17 88 63 85 58 30 34 1 52 97 82 3 42 76 83 1 3 79 87 88 81 51 2 90 16 63 25 73 40 32 56 87 62 64 96 66 26 70 70 58 36 53 33 96 45 41 66 86 52 18 82 
64 50 52 55 25 25 55 99 83 20 52 46 67 68 48 94 16 38 19 15 21 61 91 52 85 88 7 48 35 39 94 2 26 30 20 7 35 19 26 92 52 58 85 47 71 85 49 93 80 89 83 23 55 2 81 53 38 21 16 94 85 20 30 34 26 86 94 84 19 29 13 60 14 16 61 52 88 77 3 69 21 39 77 68 60 43 58 61 50 24 25 21 43 0 16 75 11 37 33 40 82 96 14 91 91 56 66 69 78 15 19 65 68 73 64 80 10 17 54 32 37 99 43 62 26 54 71 85 82 67 11 45 3 6 98 12 59 62 30 62 76 51 95 67 65 5 98 37 92 30 69 94 40 16 93 12 53 74 15 32 34 57 51 56 3 89 62 84 59 16 35 46 59 49 4 21 19 46 38 39 60 5 67 47 27 3 46 78 89 28 32 51 16 78 57 16 41 57 36 75 82 28 44 59 78 50 79 84 59 33 0 8 15 71 44 54 86 50 56 87 6 65 42 48 4 66 49 23 22 60 86 53 14 2 32 23 22 41 54 12 4 64 76 82 92 6 32 56 63 11 26 92 47 76 61 33 29 49 31 91 86 0 38 58 64 36 65 79 90 50 63 64 99 66 46 91 40 97 91 25 29 29 76 93 97 98 69 15 79 20 55 93 16 53 54 29 30 60 18 91 
55 21 37 73 11 64 34 45 10 44 81 5 46 81 6 46 47 10 51 45 35 98 53 17 0 73 61 47 36 93 47 7 61 75 72 40 65 36 17 8 95 56 62 76 30 70 32 26 66 40 49 41 1 95 77 71 40 94 51 60 29 88 64 94 63 76 63 31 76 96 85 38 99 24 27 21 26 92 54 95 93 92 44 90 4 56 92 87 69 27 48 52 14 87 89 41 54 34 76 55 85 52 43 70 93 81 98 26 34 7 52 67 41 15 49 51 29 16 12 44 2 29 75 11 19 1 62 56 1 39 2 19 56 3 84 63 29 5 33 13 9 68 58 43 34 36 38 49 51 8 67 11 57 67 90 28 63 59 39 67 81 54 1 5 8 77 74 30 28 86 18 43 68 26 16 11 99 59 57 52 71 90 67 12 26 85 13 97 22 27 89 22 9 60 33 59 86 66 3 3 54 92 11 43 47 22 22 78 40 37 44 91 45 52 10 87 78 75 98 80 30 96 98 53 42 43 22 2 93 23 5 98 78 69 62 79 8 94 53 6 99 29 41 4 20 42 70 32 21 6 98 14 44 50 67 83 75 5 57 22 22 58 66 54 77 75 25 53 6 76 67 41 93 75 55 97 1 70 9 58 2 57 97 98 47 70 81 49 81 26 60 11 56 18 85 97 39 13 51 70 
83 64 42 16 17 27 22 47 83 78 98 70 9 53 47 10 8 31 38 15 72 61 20 28 68 0 45 1 87 96 56 38 40 44 64 51 64 14 81 34 19 97 64 53 8 64 97 56 94 37 56 25 31 46 90 74 58 6 44 99 21 83 56 69 36 2 43 54 45 44 2 42 52 24 77 48 33 4 61 18 23 53 62 10 87 25 56 81 13 95 97 75 50 42 99 43 52 18 65 48 70 99 52 86 83 14 28 82 96 33 21 10 71 38 71 28 39 27 68 89 78 20 32 64 54 25 65 43 27 62 4 82 59 81 67 60 3 87 85 2 82 85 23 84 75 12 45 81 60 83 12 70 92 96 93 24 88 89 34 58 26 40 43 21 10 61 79 54 93 87 68 7 82 14 81 98 59 60 27 62 33 45 2 36 80 67 76 65 49 73 50 44 68 11 86 50 88 27 21 29 61 91 13 50 97 43 70 74 6 56 45 83 79 2 89 98 61 5 57 48 4 26 25 29 66 4 17 40 3 12 23 53 34 34 5 39 99 45 1 10 89 75 7 44 62 92 16 41 8 11 60 25 34 74 67 9 20 34 68 86 39 23 14 57 1 13 74 98 3 3 16 36 39 82 5 28 17 98 65 53 57 12 94 63 87 59 85 83 89 85 23 95 20 49 27 15 5 18 5 6 
62 45 58 53 77 7 43 40 57 45 15 54 95 65 81 20 54 29 53 21 57 65 46 36 41 20 20 1 15 7 27 97 7 44 31 32 47 37 13 40 29 71 10 72 34 20 27 34 35 47 77 97 66 79 49 57 74 50 86 92 22 92 54 21 71 82 43 83 20 60 19 4 30 27 58 34 15 23 86 70 72 85 63 84 78 90 64 98 0 59 54 4 11 83 47 51 34 26 98 80 20 53 81 96 87 74 3 41 66 82 27 44 74 27 81 29 81 95 68 83 3 13 47 84 53 86 87 11 43 45 32 4 64 91 68 36 45 82 17 62 2 63 39 88 64 37 1 82 56 44 19 87 10 58 20 22 14 33 97 13 22 93 17 75 96 43 98 23 79 6 76 66 36 0 53 90 4 24 61 93 70 23 30 75 90 49 67 40 15 50 88 20 40 33 86 9 79 71 5 18 82 3 85 64 68 48 20 93 94 72 92 51 52 44 90 64 82 23 7 99 34 95 18 17 33 73 73 65 34 69 39 29 46 83 46 35 53 96 42 22 11 11 62 48 86 77 41 23 3 91 60 27 7 52 94 76 80 66 11 37 9 57 98 20 74 29 64 90 7 23 30 93 38 19 71 44 47 24 5 43 8 9 14 92 29 63 72 21 70 11 33 51 39 49 28 6 75 73 44 50 
35 73 84 6 1 79 15 71 32 49 21 67 94 82 21 61 81 38 56 60 31 48 1 8 20 87 95 25 32 88 16 67 33 83 48 80 93 60 26 28 64 38 76 22 65 88 29 76 7 76 2 56 62 66 81 44 1 78 10 31 70 61 18 33 20 51 18 57 25 0 32 20 24 81 40 25 64 54 58 11 70 10 10 63 71 64 31 30 26 51 65 1 20 88 81 7 9 40 38 95 70 26 29 55 16 53 0 80 12 81 88 43 26 26 32 47 11 18 17 44 94 37 71 31 55 46 0 55 31 3 0 7 87 99 77 9 67 67 20 39 64 51 67 24 56 82 72 65 70 17 62 60 94 88 54 1 55 53 45 7 79 90 80 61 98 33 36 62 29 22 20 13 57 91 43 1 96 22 42 93 11 60 94 63 5 57 89 46 3 44 75 36 37 12 3 73 39 15 31 97 11 50 64 64 62 37 61 0 41 89 79 26 75 91 69 37 36 86 64 55 96 28 18 46 76 9 7 50 87 45 52 99 81 43 0 70 28 74 31 43 8 87 93 82 37 34 11 2 11 17 88 4 1 59 70 80 92 50 49 85 22 4 57 61 94 22 92 36 11 93 99 91 41 80 81 59 18 90 76 17 85 18 79 85 27 36 91 52 42 30 66 23 99 47 64 4 99 70 52 14 
2 66 39 8 39 61 92 82 77 38 84 7 66 84 42 14 21 72 37 76 2 37 44 93 51 74 99 59 67 96 9 11 41 46 93 30 90 53 16 59 15 67 59 5 55 39 29 91 76 54 36 37 43 60 53 50 13 66 44 93 27 70 5 57 37 92 68 56 43 4 99 49 8 48 17 76 76 35 77 35 19 18 8 59 22 78 44 97 66 14 89 73 67 94 1 30 74 44 3 31 70 59 0 2 35 25 78 59 12 21 0 55 23 40 10 66 23 31 84 25 25 54 81 36 94 96 38 63 44 55 4 95 66 88 26 84 85 90 59 25 0 4 0 43 68 13 96 85 21 24 55 11 51 98 40 26 76 30 6 12 9 83 42 96 84 62 3 16 89 80 42 17 3 88 23 47 69 4 87 50 12 88 56 19 44 7 46 19 7 82 79 81 80 7 85 50 99 74 34 74 84 10 76 16 74 38 3 30 55 25 36 59 53 47 67 1 79 17 15 62 0 96 44 29 99 76 69 77 80 14 75 50 13 72 10 70 93 45 83 50 57 69 25 17 56 57 84 25 1 74 27 9 30 46 72 37 22 56 62 96 82 33 30 55 61 3 22 99 59 65 26 41 52 71 40 31 24 67 51 82 1 8 94 10 90 34 85 38 79 86 64 36 58 80 19 27 88 18 58 91 
65 46 10 32 87 79 63 47 18 20 64 49 40 22 28 58 71 55 50 82 99 55 39 57 44 26 10 48 25 77 29 37 58 1 62 99 83 18 76 43 21 21 31 54 53 64 73 13 15 38 51 9 96 93 19 59 3 75 87 27 13 53 10 66 47 34 22 78 4 59 58 37 10 36 44 81 21 63 5 3 58 98 56 77 18 42 69 9 56 91 83 55 99 29 47 78 95 43 18 16 85 50 25 47 17 28 12 66 91 58 33 63 94 83 45 64 57 26 47 13 14 67 80 78 71 65 11 73 91 26 86 86 39 51 85 29 97 86 57 96 24 98 63 62 4 37 18 35 40 39 87 9 46 54 75 62 91 1 78 55 10 38 18 48 49 67 18 13 62 60 84 49 84 45 69 72 62 65 87 42 75 63 43 46 75 36 17 93 29 22 52 32 25 31 18 78 40 81 0 58 22 97 14 51 78 73 89 37 0 62 17 89 7 18 45 68 54 90 32 73 25 55 5 47 60 18 39 8 43 54 71 63 98 69 85 19 51 33 29 1 6 24 82 32 88 70 83 59 55 19 66 30 0 77 9 49 66 38 51 54 35 57 75 65 81 81 15 20 26 22 24 80 91 40 79 50 45 65 15 74 41 55 77 74 10 3 64 86 84 96 71 19 59 10 84 68 44 28 7 76 
96 79 9 25 59 57 17 73 79 59 96 2 0 95 11 3 18 65 7 14 45 86 0 96 40 5 70 47 22 34 40 93 64 24 86 25 71 88 18 83 97 86 81 72 46 58 91 35 33 3 4 20 6 2 88 25 70 19 38 48 5 19 52 1 39 22 90 72 43 3 28 16 16 92 92 9 12 64 89 40 66 6 88 66 10 64 33 6 84 67 90 17 73 0 54 78 5 48 17 94 50 40 97 66 23 68 80 84 29 57 97 75 38 69 60 14 30 50 50 86 95 81 64 39 67 84 46 92 17 86 99 86 25 58 35 72 83 83 33 96 43 10 19 83 76 36 14 29 26 42 66 3 82 2 26 70 15 76 4 97 76 4 68 86 23 50 61 97 0 84 99 20 98 58 7 30 49 60 48 14 49 39 95 43 74 49 78 66 36 7 92 99 17 11 52 60 25 99 10 58 17 27 30 29 91 66 33 98 65 40 25 75 8 78 64 19 98 18 18 87 43 5 54 60 21 94 79 53 66 85 4 91 19 52 6 3 46 89 81 88 39 20 4 55 34 82 17 91 95 54 12 96 67 26 82 90 7 54 77 73 11 49 42 16 33 72 44 58 74 79 19 92 95 88 79 29 52 43 46 7 45 8 23 94 69 51 52 22 36 33 39 31 76 30 40 8 24 46 22 46 
79 52 95 86 66 77 77 46 9 9 91 2 99 48 15 85 97 27 21 43 76 21 55 49 36 88 98 65 67 46 53 18 91 85 9 30 20 67 54 94 42 61 76 33 85 14 15 73 90 27 95 91 34 18 18 41 60 51 96 33 75 21 82 67 59 77 10 7 5 76 2 56 46 2 73 72 5 63 85 2 12 81 31 92 58 2 17 32 35 40 66 45 4 30 51 89 26 96 92 54 3 10 9 26 74 37 70 83 0 94 84 51 85 23 66 91 73 31 38 82 46 70 21 25 81 13 38 80 26 3 69 23 77 44 63 98 70 25 39 10 21 52 5 69 18 77 18 20 75 5 7 19 28 17 19 44 10 19 17 8 47 49 67 26 61 39 84 1 33 26 97 57 22 92 70 8 50 57 93 63 35 70 39 74 78 86 5 0 0 11 62 8 38 86 32 55 27 25 92 3 20 56 46 75 35 14 72 24 70 13 5 91 30 52 89 17 15 44 8 35 71 93 44 22 3 59 55 25 25 20 7 40 46 0 72 73 29 30 31 41 65 20 24 30 48 19 7 86 84 52 98 86 78 86 71 60 37 71 75 70 76 80 10 20 84 29 37 75 52 33 35 55 5 15 65 90 44 17 44 22 85 64 37 5 22 17 11 99 61 90 54 12 79 76 19 50 97 15 27 65 
87 54 73 61 58 93 92 0 54 72 48 69 9 34 95 32 7 26 35 58 50 45 27 55 67 20 15 11 38 23 36 38 27 9 95 96 78 50 53 80 51 23 67 74 5 5 94 26 80 1 77 55 5 26 18 97 55 40 47 19 51 12 46 16 7 87 87 96 42 71 44 29 51 15 49 91 12 18 73 0 29 3 40 80 18 52 63 49 57 73 93 26 3 70 84 5 0 27 31 37 24 38 9 9 73 10 6 38 27 76 84 87 47 75 57 58 36 0 82 10 1 65 99 87 54 77 62 30 21 73 45 94 48 98 76 94 82 11 50 40 38 7 62 73 70 38 58 17 31 48 11 1 52 15 44 96 54 14 71 3 91 86 76 49 34 52 21 45 13 35 57 89 88 36 25 26 73 54 8 89 68 95 98 62 18 56 36 79 40 84 89 56 42 69 40 16 20 70 36 82 11 76 4 48 45 49 40 76 73 2 39 10 99 73 12 85 78 74 50 1 79 56 7 40 9 70 12 84 77 11 29 36 92 5 33 87 38 29 23 65 62 99 44 83 3 43 67 13 21 28 96 98 57 57 65 28 68 17 42 9 23 31 57 1 47 6 17 4 47 49 70 26 67 15 53 17 81 56 28 16 74 95 81 74 18 75 84 44 5 47 5 82 75 83 90 15 76 76 97 8 
47 15 98 43 28 25 92 56 92 61 76 44 42 22 9 68 67 30 2 32 45 43 45 1 68 78 18 75 21 86 11 7 3 58 65 20 90 17 19 80 85 0 69 34 33 5 20 94 28 3 8 56 55 34 70 96 98 24 75 29 23 88 97 81 2 70 52 49 41 92 96 41 68 47 57 14 98 52 50 98 20 97 2 68 5 91 20 4 51 90 83 13 9 47 90 77 57 8 20 37 72 28 41 58 4 66 62 92 61 16 36 61 16 84 37 3 11 98 72 97 69 71 8 47 68 66 93 49 4 55 75 86 52 16 16 89 14 51 30 67 87 24 44 38 47 61 47 86 94 83 60 15 84 27 68 70 39 1 76 51 70 87 78 42 88 21 40 60 77 92 16 24 16 21 43 55 70 19 14 93 14 55 25 5 89 43 94 79 64 48 2 40 71 45 2 9 29 57 33 32 30 40 64 99 59 89 66 34 64 46 36 88 42 65 36 81 32 2 70 54 91 16 7 44 85 28 38 13 30 15 15 40 32 72 25 84 5 30 11 40 98 55 63 86 87 41 63 25 16 12 56 63 14 92 19 62 41 0 21 61 56 64 38 54 0 63 9 23 14 52 75 5 68 89 22 25 64 92 40 94 5 9 68 89 94 73 38 60 30 18 9 48 11 83 54 44 9 45 99 43 
52 73 23 65 57 20 24 59 98 5 33 43 53 62 66 78 37 38 24 44 97 65 37 91 70 32 11 88 24 18 35 98 98 27 82 92 73 81 99 65 88 8 44 2 1 62 62 84 91 71 73 51 49 89 57 26 86 79 93 64 1 3 66 54 66 26 47 61 17 31 90 71 39 14 36 65 88 66 80 56 40 40 45 61 44 31 69 9 86 73 12 84 87 55 94 36 13 88 44 18 13 26 89 25 31 6 72 1 0 89 64 26 10 58 69 53 2 93 57 79 67 41 85 70 83 55 68 52 2 83 0 9 5 82 36 30 83 52 18 78 57 43 38 14 40 76 99 9 33 42 21 34 72 51 54 8 20 9 20 97 74 86 39 54 99 80 55 39 87 93 33 36 96 68 75 91 0 30 28 83 34 67 41 52 14 56 32 92 47 55 31 57 4 22 17 7 26 23 18 28 49 19 13 19 49 97 29 50 7 33 45 64 31 90 13 38 80 47 96 12 7 61 31 30 13 58 90 59 0 16 13 25 6 29 82 70 3 61 6 4 84 40 40 12 72 26 85 44 36 64 88 68 1 49 34 5 92 38 14 69 2 85 13 78 77 0 68 75 35 48 92 15 96 51 67 87 61 19 17 77 79 56 50 94 17 9 98 58 46 86 41 2 95 89 32 19 16 22 59 84 
16 79 89 35 10 15 77 56 61 42 86 99 91 18 89 93 70 25 69 84 79 7 91 26 39 13 43 35 55 62 15 18 3 33 15 38 75 55 57 21 56 58 86 24 20 90 44 4 32 71 69 29 6 44 84 77 16 39 27 35 99 64 57 36 47 18 72 46 6 7 93 20 91 63 91 49 57 57 21 72 96 57 12 63 84 57 69 26 96 74 18 79 24 53 71 0 57 38 7 36 32 84 0 26 34 46 23 98 3 14 55 9 18 46 17 71 8 15 28 87 43 54 98 11 17 32 46 8 29 58 20 40 17 13 94 86 76 26 92 75 94 1 86 99 5 71 24 61 83 33 78 2 78 12 30 98 39 77 67 61 18 70 55 42 36 62 55 46 66 79 84 39 13 38 46 25 26 51 57 93 52 36 32 56 76 6 93 62 53 49 52 95 4 92 12 78 37 79 99 24 43 14 37 71 44 22 3 12 73 74 16 14 68 62 5 33 74 59 17 73 36 83 51 86 57 78 99 71 42 61 38 42 4 66 38 4 84 28 25 21 25 85 57 26 55 93 72 56 64 52 13 24 35 59 15 78 70 67 12 98 12 75 48 22 68 63 55 20 33 9 44 42 22 90 48 11 12 88 15 51 93 63 41 27 39 38 23 82 62 67 27 87 86 6 9 56 16 66 72 27 
34 96 57 43 62 27 5 46 79 20 41 12 2 31 9 14 44 55 57 83 7 11 36 90 38 12 98 78 80 25 57 51 72 65 26 26 30 28 28 86 6 72 93 4 22 89 41 36 53 58 64 33 69 26 47 43 52 67 85 19 55 91 90 34 67 4 16 61 72 16 34 81 10 72 13 95 6 64 45 98 10 76 88 24 41 69 49 97 57 23 15 46 22 1 71 9 17 46 20 90 88 79 85 93 90 93 8 89 2 48 9 60 1 11 73 80 3 90 80 66 81 6 61 36 56 97 80 60 97 66 32 91 38 97 62 44 80 49 82 61 77 57 5 30 15 50 95 96 90 35 29 76 99 90 93 29 54 10 45 27 49 88 78 9 5 15 94 36 56 75 75 88 23 72 85 8 55 82 98 73 31 80 33 76 24 27 49 37 39 64 78 98 94 45 16 31 61 72 60 61 3 40 23 50 26 0 22 78 23 17 54 79 45 91 43 66 43 11 0 43 88 84 40 84 59 80 36 75 71 64 83 65 45 66 63 99 91 9 30 7 35 38 71 54 9 98 94 1 17 52 81 32 4 85 73 83 77 85 29 99 23 88 77 79 81 80 29 19 85 64 79 88 12 5 21 70 54 29 36 90 49 2 26 93 16 43 35 77 55 60 15 96 96 30 29 86 47 90 54 2 
29 56 83 65 82 27 9 6 41 34 36 94 48 91 2 16 40 35 0 2 10 86 81 62 27 45 82 91 93 85 7 7 70 73 76 66 80 55 37 12 82 95 42 59 98 93 41 61 51 24 58 84 97 51 81 97 39 74 58 18 37 28 18 63 10 28 36 74 83 85 75 70 48 55 49 85 54 31 75 62 14 74 48 98 81 25 2 36 53 27 28 42 7 95 85 70 45 64 61 27 74 58 57 69 71 19 39 26 49 34 68 85 84 42 89 39 30 22 24 53 8 3 80 29 4 39 38 96 24 53 30 79 78 61 85 33 69 18 39 56 54 12 48 35 78 79 19 24 23 33 67 54 37 99 82 61 71 27 71 81 59 28 3 7 26 58 57 53 19 12 94 69 14 56 11 17 96 65 89 53 13 94 80 88 28 74 54 7 58 67 46 32 45 48 23 71 23 58 39 63 24 89 62 75 84 27 49 76 1 76 35 50 23 22 73 67 28 12 65 59 86 84 25 62 75 69 16 23 81 80 94 61 6 2 52 75 89 39 59 91 45 13 5 90 54 40 31 10 74 61 61 89 21 9 63 51 28 7 57 94 55 56 18 16 49 26 88 88 64 47 27 12 69 75 99 35 45 89 31 7 61 30 75 97 67 18 88 19 77 43 34 41 37 99 39 4 94 1 79 20 
18 51 14 93 9 55 97 31 45 47 83 80 6 22 55 94 35 71 88 54 82 80 56 4 97 60 53 96 69 96 43 61 67 96 77 56 52 4 31 47 9 12 32 58 84 37 66 85 78 33 87 11 62 23 9 47 8 39 52 10 61 38 21 92 98 73 2 58 15 6 13 71 67 88 55 5 96 0 18 58 24 83 5 20 93 30 62 82 21 16 60 92 51 19 98 45 76 14 79 30 33 37 4 42 84 89 59 52 66 98 73 21 72 14 30 75 76 63 3 9 58 12 37 27 6 92 76 36 72 68 27 6 39 70 14 58 74 81 51 41 73 83 42 2 62 25 14 13 3 6 33 83 15 94 39 39 19 36 9 36 63 58 29 16 85 36 36 61 53 67 69 42 89 64 48 48 44 64 9 2 53 5 34 77 65 74 86 84 5 91 28 39 69 20 7 69 78 31 79 88 12 0 88 32 44 48 1 61 39 87 0 81 35 2 76 19 52 9 3 57 41 30 49 19 81 34 8 73 22 76 65 91 84 7 76 91 87 67 92 27 45 67 69 95 9 69 37 53 95 2 8 91 91 48 3 9 99 93 16 4 75 90 36 10 41 64 37 3 33 17 25 55 98 83 98 57 62 68 83 46 55 98 18 87 42 5 40 25 32 32 79 10 50 85 79 36 62 24 39 19 
12 55 24 36 42 27 33 81 38 61 93 20 95 87 22 14 7 89 19 2 60 36 77 42 22 66 65 50 35 13 50 61 16 0 57 20 28 72 56 87 6 36 94 45 60 7 35 47 89 49 88 2 38 28 22 21 53 4 80 53 21 78 70 23 94 97 44 5 48 65 77 97 58 71 0 46 29 5 72 97 17 28 39 63 95 80 58 71 31 27 27 27 56 36 31 66 18 21 21 76 3 98 10 69 9 48 70 71 91 74 83 43 6 99 17 82 34 40 65 84 1 27 90 44 47 85 97 54 19 40 40 9 33 80 62 1 0 70 12 84 10 49 47 34 33 61 44 11 0 73 52 92 63 57 69 66 79 68 64 90 81 86 97 28 49 57 77 87 26 6 50 68 53 14 12 26 29 42 97 49 9 14 57 26 12 32 80 35 39 5 97 80 86 84 44 44 8 60 62 96 76 82 92 64 0 94 21 75 51 98 64 22 20 47 25 24 28 93 19 16 96 97 54 62 31 89 78 27 5 26 91 67 29 89 26 96 69 28 52 5 47 14 86 36 97 69 61 56 21 11 34 61 18 87 65 81 79 13 77 23 9 73 3 42 55 44 24 8 49 32 16 11 52 69 81 20 81 19 35 35 20 18 90 74 52 63 20 53 44 1 39 9 96 64 2 95 11 61 7 64 
43 66 21 63 63 35 55 22 52 13 21 68 48 6 93 47 83 94 13 93 66 92 74 73 17 40 61 75 15 47 9 16 21 71 76 59 31 17 26 78 98 84 22 77 83 0 8 87 38 87 99 23 42 82 8 95 28 51 14 66 43 70 83 31 63 62 51 72 33 10 28 76 45 71 37 8 61 79 76 96 18 2 33 65 96 36 52 38 30 96 62 88 90 95 62 70 26 4 87 77 0 6 80 55 96 94 36 18 11 23 55 52 98 40 73 48 3 41 61 87 95 48 73 96 81 13 28 73 70 67 88 20 25 26 78 44 29 82 54 67 81 5 87 95 59 11 6 32 68 13 13 46 66 93 80 52 27 76 15 72 98 5 59 47 56 48 5 23 56 78 87 47 14 92 26 15 24 42 84 17 18 65 27 39 68 30 49 50 65 69 2 82 19 14 66 11 64 51 59 60 38 2 67 90 43 12 78 19 22 34 91 75 2 71 75 10 24 67 10 23 91 67 52 41 16 68 47 64 78 4 51 7 39 18 26 95 87 22 66 6 93 33 47 41 28 66 13 54 39 93 25 7 20 38 79 3 14 53 0 66 85 73 45 71 30 71 92 35 63 41 89 89 12 98 0 60 95 43 9 89 53 71 92 73 29 19 74 77 76 69 59 40 62 53 49 13 56 80 93 50 
74 49 69 72 32 66 66 44 59 32 47 85 49 13 37 99 17 32 49 59 11 86 55 88 76 97 92 45 72 46 89 16 13 86 73 43 44 51 93 73 65 80 63 63 84 7 86 27 41 72 96 65 95 30 19 40 20 23 80 99 3 79 9 13 68 57 49 9 49 79 94 66 53 71 74 35 89 86 34 74 80 84 55 62 83 96 13 65 9 41 38 63 85 1 75 24 46 25 65 68 86 22 15 45 14 46 42 60 1 62 69 24 39 50 50 71 67 97 0 39 16 27 6 40 25 12 13 70 80 83 69 66 36 94 2 68 1 76 84 56 99 57 83 65 81 73 21 68 17 84 72 69 5 11 73 24 72 58 45 72 61 50 89 72 22 57 29 60 57 26 29 57 36 37 32 52 91 89 88 81 6 93 25 69 95 91 77 25 49 29 93 55 38 10 6 6 5 83 74 89 79 54 23 52 71 17 36 82 45 95 55 90 53 0 83 53 67 59 4 76 84 93 11 50 46 3 14 75 89 54 43 19 27 50 28 49 37 85 83 20 10 82 75 63 12 94 2 74 88 97 56 28 87 28 53 56 50 38 22 41 49 32 46 89 80 30 18 43 78 46 93 96 11 35 82 51 79 10 75 20 51 55 19 87 96 60 37 72 69 46 59 82 70 25 54 4 43 36 87 48 
73 43 51 14 27 32 93 31 95 93 56 51 72 73 24 7 67 56 81 71 81 55 31 35 43 15 38 8 11 42 78 98 11 5 39 16 67 51 9 63 36 33 98 26 93 21 90 69 25 33 36 29 83 22 64 16 33 32 4 81 69 15 79 14 23 30 74 76 58 96 45 91 53 64 90 79 45 29 79 69 2 14 18 90 37 62 60 1 80 83 55 7 96 52 29 4 46 68 73 7 89 29 28 82 43 2 50 8 82 24 74 91 73 3 39 34 23 55 13 49 63 89 91 70 25 40 18 28 55 47 82 61 68 44 76 90 69 1 32 86 85 95 3 71 86 49 15 44 48 42 90 38 2 45 80 25 79 31 49 97 3 1 47 54 98 96 16 21 40 99 82 53 89 89 10 0 63 42 58 77 9 90 79 34 94 59 22 33 75 73 42 49 50 80 14 10 72 34 23 32 3 12 18 52 55 82 91 87 65 24 80 21 58 31 47 90 71 51 18 54 85 39 66 98 95 80 61 52 69 69 59 3 15 62 22 64 34 82 54 28 63 43 58 4 42 53 48 77 44 54 62 56 4 32 3 21 42 67 99 9 65 5 67 66 72 55 8 74 35 86 60 7 99 58 66 90 93 13 13 89 62 75 87 71 21 49 54 41 41 63 68 82 90 43 3 72 9 38 55 32 
90 25 79 92 93 9 49 42 40 22 58 68 80 70 53 38 79 16 67 40 45 59 75 36 98 77 75 26 70 72 75 62 54 19 4 6 34 12 12 33 31 25 47 47 99 72 57 98 47 19 75 48 85 96 98 10 1 66 72 20 41 28 80 90 75 21 40 91 90 32 29 35 41 89 29 78 23 56 57 63 16 42 88 19 95 25 72 11 36 59 64 98 79 90 10 47 90 42 41 41 0 4 74 56 67 82 30 97 63 78 47 45 71 91 4 55 83 42 37 82 27 2 72 24 19 50 9 96 63 91 77 5 9 84 13 76 96 96 31 28 72 39 17 64 84 8 33 16 70 51 98 72 25 70 32 50 31 49 85 6 9 2 34 19 72 65 20 43 9 88 25 82 9 50 93 3 18 89 37 80 44 41 21 65 39 99 29 43 63 38 10 85 73 5 46 34 50 90 30 76 42 5 18 25 10 67 30 24 97 64 22 78 4 7 43 45 32 18 29 96 4 78 25 4 55 59 64 95 46 43 42 96 54 59 39 3 49 91 84 49 30 87 14 61 90 58 64 71 61 54 18 53 14 7 32 77 78 17 51 95 69 88 58 27 62 91 29 21 8 1 7 43 89 9 88 66 48 12 85 1 37 91 90 74 96 47 68 18 22 26 93 48 35 2 9 33 9 0 75 2 
43 89 18 37 33 43 0 17 63 67 36 65 65 14 95 78 59 94 38 12 96 62 85 18 35 4 95 41 27 14 48 24 15 55 39 37 79 28 18 57 66 35 83 64 5 62 96 35 54 86 8 79 60 98 39 63 34 27 12 89 38 26 6 13 32 16 86 45 35 32 66 52 23 98 20 30 76 43 4 31 38 13 12 43 1 28 83 21 35 78 88 79 56 19 16 54 1 59 41 6 32 84 80 48 74 94 45 38 18 53 13 43 74 71 49 32 96 18 97 18 87 13 19 84 17 73 30 15 42 93 53 32 94 10 76 50 72 62 17 62 65 21 2 35 71 66 18 41 12 88 37 0 5 64 66 16 50 28 84 84 49 60 38 3 67 28 58 82 73 59 63 48 6 3 27 87 73 56 49 71 10 53 16 68 54 76 55 87 39 57 25 4 20 23 8 71 52 86 6 84 72 52 77 77 24 81 96 66 99 4 5 26 70 25 20 73 33 4 43 80 95 23 56 69 27 19 76 91 47 27 21 20 42 17 82 33 21 33 1 97 77 87 82 10 31 76 58 21 83 80 23 48 82 51 22 61 87 30 20 20 68 19 49 5 62 79 2 71 25 34 78 52 9 60 40 3 57 11 87 38 20 53 81 47 94 28 20 13 19 83 50 54 59 94 88 8 17 37 25 49 
89 84 19 27 68 23 71 12 37 21 41 1 35 10 11 37 8 2 62 49 88 18 8 89 51 81 48 17 67 71 7 93 57 80 25 2 41 84 35 58 83 98 42 10 89 87 95 46 99 85 12 40 62 16 36 93 68 31 27 40 11 37 36 68 96 45 14 77 46 36 56 90 94 95 92 81 53 29 23 73 93 14 79 48 84 39 8 1 91 96 31 73 25 4 96 74 95 32 23 7 15 78 90 29 99 59 77 21 40 27 14 20 78 88 21 87 39 62 30 23 92 21 22 95 58 19 40 15 37 19 37 97 21 55 61 70 14 30 96 20 1 85 83 57 63 3 48 22 50 34 41 33 98 8 75 76 98 74 18 63 27 52 86 43 40 57 90 40 78 45 96 88 29 48 84 61 84 48 50 9 50 53 9 12 30 28 77 34 8 38 79 61 28 99 20 57 59 54 27 34 23 3 79 90 24 43 96 76 64 6 33 52 79 58 74 75 63 74 70 10 57 58 40 22 93 90 2 38 3 58 62 57 6 28 24 10 25 6 35 81 20 57 19 10 48 34 68 76 66 36 9 99 25 94 79 62 33 87 11 40 39 91 77 77 71 76 27 83 49 85 81 30 23 74 46 33 13 80 95 37 30 33 30 15 95 51 46 1 18 9 45 33 8 27 58 70 21 28 32 67 
15 41 14 41 70 91 33 83 67 36 51 15 68 78 53 56 59 76 83 27 69 41 47 46 57 78 51 11 85 27 67 72 88 77 78 39 16 7 16 13 46 22 72 42 88 78 46 75 50 29 36 63 72 58 9 55 11 34 42 82 78 14 8 27 35 10 18 84 38 11 79 94 25 3 86 14 85 37 62 80 76 83 16 74 99 32 7 60 98 69 74 65 45 87 15 48 1 66 8 71 72 25 54 20 21 22 26 99 48 83 31 95 48 21 31 24 82 31 33 12 85 62 63 81 82 40 61 71 6 19 25 2 9 60 25 69 89 99 18 36 84 77 2 0 91 3 21 81 71 16 27 16 20 10 85 86 80 33 36 51 37 85 10 79 34 29 24 70 30 35 91 66 66 6 8 26 64 70 61 81 17 78 9 64 53 80 52 71 19 13 77 97 62 58 1 7 18 98 95 11 80 5 74 2 49 50 27 94 4 72 89 67 18 34 87 0 73 24 8 34 5 92 9 5 54 80 4 30 62 70 2 60 50 65 89 53 18 86 56 40 86 71 13 49 2 63 45 88 51 3 93 73 95 14 98 55 93 3 57 60 85 34 57 77 29 16 98 6 81 21 72 56 63 75 99 41 87 5 56 12 89 55 83 57 12 12 66 51 98 53 30 44 0 16 53 69 40 1 56 15 
65 51 2 22 91 35 52 92 78 64 34 75 3 98 50 58 29 16 80 13 34 40 58 36 11 63 0 70 87 44 86 38 26 5 21 65 69 47 40 89 42 37 48 2 46 28 66 84 17 53 87 80 33 83 40 90 77 19 56 94 44 14 10 97 46 6 55 74 2 87 63 58 0 47 15 69 14 84 4 46 62 8 25 81 6 79 14 31 82 25 27 46 25 22 15 93 90 70 43 49 69 76 22 21 99 50 66 72 74 50 66 26 80 95 73 32 1 35 43 19 35 48 71 81 54 24 21 90 53 9 9 50 59 9 47 12 41 27 48 94 38 58 89 42 44 57 27 97 43 7 59 53 68 48 59 77 60 24 12 23 53 64 57 53 31 30 4 93 54 53 91 73 56 49 6 47 50 99 67 64 64 60 58 67 36 86 10 96 47 3 8 65 30 2 7 22 54 92 55 0 91 32 6 95 50 42 20 32 17 52 89 72 35 0 36 31 20 76 98 19 58 52 89 61 49 20 63 72 4 62 62 7 92 32 88 5 52 33 26 91 22 44 69 82 1 85 89 86 24 69 38 82 13 8 7 53 34 77 9 72 28 48 88 88 24 78 47 31 3 98 94 54 32 95 67 74 17 47 78 8 75 2 66 9 6 50 75 89 96 89 81 82 19 7 56 57 76 93 42 21 
47 26 51 23 40 90 59 80 8 97 61 76 25 81 98 39 66 6 39 23 39 72 59 74 4 38 60 92 95 62 13 42 3 81 60 64 62 8 2 52 42 55 63 76 83 69 34 2 36 80 12 9 25 35 12 79 91 85 27 14 86 28 52 51 67 5 51 85 37 86 2 29 62 57 9 26 17 59 54 80 30 21 39 5 39 81 18 79 90 4 77 74 45 31 64 56 72 88 51 64 93 26 48 37 48 48 21 15 82 69 22 38 68 56 30 37 56 74 74 8 55 64 34 66 23 39 35 85 94 61 20 43 56 58 13 54 58 83 89 3 27 17 50 0 47 57 27 37 42 43 61 55 10 76 86 16 96 49 70 50 17 5 82 8 99 38 47 45 53 30 99 50 23 47 67 37 3 41 4 39 53 75 37 64 92 65 53 89 65 84 89 55 28 38 98 9 93 84 20 61 8 38 5 91 99 62 15 47 11 3 71 14 6 18 48 58 73 66 55 17 22 96 93 83 91 30 86 35 32 78 19 8 96 62 94 60 75 62 55 40 24 47 99 33 69 17 53 23 68 91 77 4 14 34 32 43 11 61 39 9 96 95 7 76 40 70 13 27 94 7 96 85 65 93 60 73 73 79 91 57 2 64 69 89 46 5 40 95 0 18 9 97 62 4 70 42 30 46 16 69 
25 22 92 34 67 38 89 50 3 36 20 49 34 58 48 18 82 45 63 19 77 37 53 93 93 68 71 38 98 79 18 29 23 90 53 27 70 22 92 44 2 17 15 39 69 52 95 33 41 55 67 14 66 98 53 66 47 15 58 80 90 8 67 89 72 23 98 23 17 27 4 74 71 44 28 19 86 38 24 19 35 58 99 34 5 26 95 20 65 66 59 72 47 14 75 99 46 61 66 36 32 87 25 98 2 40 31 4 2 21 17 28 97 42 18 17 64 56 97 63 53 67 86 69 95 56 22 81 39 73 43 64 8 77 55 6 42 46 76 28 9 16 16 15 87 92 38 88 59 36 73 39 39 65 35 16 62 38 20 57 39 91 64 92 13 81 27 95 63 72 31 9 6 83 35 6 20 83 18 27 79 58 74 59 7 97 46 9 52 76 14 88 91 1 81 27 90 0 3 28 62 53 48 20 33 95 49 27 69 87 98 34 19 59 11 76 63 97 79 64 8 99 78 37 31 93 26 27 56 41 48 43 95 21 28 20 71 66 34 47 33 72 38 56 85 23 66 74 42 24 43 17 78 46 21 70 18 14 15 2 66 93 59 43 69 33 49 23 76 27 98 30 97 67 78 2 50 40 82 45 98 70 92 56 91 65 52 57 32 73 80 85 85 54 94 35 89 12 12 27 
76 47 49 84 9 59 6 97 68 16 71 13 48 20 31 56 79 53 41 71 19 72 33 60 53 34 50 96 78 71 62 50 37 80 23 12 36 69 62 14 31 2 9 41 59 17 85 46 45 81 30 88 4 13 39 99 13 25 84 10 53 52 29 98 6 21 28 95 38 7 31 56 71 23 72 62 27 69 52 42 6 37 53 52 46 88 40 58 85 89 55 24 90 29 23 27 65 43 32 14 0 84 15 70 26 53 0 44 6 81 90 12 13 82 84 46 23 84 97 80 31 8 86 60 48 65 70 19 70 64 39 82 94 65 99 95 47 43 2 59 70 12 62 75 63 23 22 55 3 85 87 99 48 69 67 8 20 25 16 1 91 82 85 90 87 48 20 20 84 54 80 83 87 22 87 40 55 80 34 36 15 35 68 61 15 9 21 61 81 28 48 60 29 5 35 25 0 60 24 89 34 60 39 60 46 0 31 4 2 18 90 43 43 7 14 71 10 71 0 83 36 58 10 65 99 52 23 14 13 53 77 98 0 12 20 69 31 57 9 77 52 76 21 72 26 68 47 52 25 15 24 6 44 96 22 40 86 87 82 54 61 76 94 31 22 74 53 99 77 69 85 59 96 42 91 57 65 14 73 14 21 42 45 65 22 13 23 97 21 54 41 9 40 3 70 23 54 87 44 34 
48 8 3 40 30 16 32 28 83 1 79 19 70 30 15 34 45 45 67 31 2 6 30 83 67 41 51 31 50 70 23 66 66 75 59 58 96 39 4 59 25 50 68 16 83 42 82 87 78 20 58 59 73 73 79 48 86 87 64 95 10 87 92 54 72 93 65 75 3 66 71 88 62 5 26 41 44 11 62 5 77 63 46 18 15 70 47 79 60 71 53 47 39 15 81 96 69 87 45 33 6 98 26 91 55 40 88 50 47 87 71 0 21 29 32 61 88 14 29 53 14 12 10 99 16 4 56 26 47 3 43 69 99 41 95 18 92 61 2 82 89 61 53 91 47 63 0 3 51 75 51 54 27 63 75 22 63 57 12 13 22 92 83 98 46 89 35 16 44 63 68 35 13 37 57 36 50 39 14 35 13 96 36 98 72 67 72 69 37 15 9 97 67 87 70 30 60 74 7 72 48 39 34 23 65 0 25 21 15 31 91 40 17 66 8 41 8 64 41 49 40 0 11 85 14 26 94 87 53 74 29 75 27 43 96 79 33 9 35 11 49 35 57 87 16 20 91 38 24 22 2 55 84 43 42 27 14 4 25 50 84 11 95 85 94 89 35 59 14 68 29 2 21 45 94 32 38 70 37 87 96 38 59 70 81 25 94 69 48 77 17 15 14 57 55 97 20 57 9 2 
44 30 49 93 87 47 60 83 14 72 2 14 55 35 33 61 21 33 27 64 83 66 40 34 14 86 31 77 70 49 99 70 98 54 2 90 26 61 69 68 52 63 38 56 94 65 22 79 71 35 61 0 80 50 76 46 97 60 42 91 96 0 62 77 61 12 59 99 10 61 12 98 69 22 30 49 60 77 11 33 97 75 21 69 54 69 27 9 14 46 4 80 73 35 40 88 24 25 94 29 36 53 28 47 53 42 28 64 26 78 69 51 16 78 61 66 14 95 76 65 90 93 36 52 37 12 91 91 20 87 78 60 88 72 43 97 99 89 81 78 55 4 75 77 75 11 66 88 56 25 87 79 61 24 52 83 45 13 53 26 52 73 79 76 45 47 96 57 12 81 74 8 32 88 60 79 70 22 57 4 3 19 40 35 30 43 67 89 81 21 16 84 37 0 33 28 72 1 43 86 4 10 85 64 37 89 70 8 35 68 84 84 67 63 99 36 82 98 29 53 48 73 83 47 27 34 40 74 61 50 52 34 57 10 28 34 37 27 36 37 76 52 65 36 86 7 40 40 4 18 50 96 79 71 42 45 49 82 68 4 27 42 43 31 98 67 82 8 89 87 65 26 73 54 83 70 85 94 27 21 25 38 75 42 26 46 92 31 40 97 81 47 74 86 20 98 93 41 90 77 
44 44 19 87 51 67 85 32 51 96 0 44 80 43 14 51 68 55 55 76 39 77 11 35 36 49 31 7 15 34 30 36 75 70 41 52 5 94 53 39 90 14 51 25 82 24 76 87 5 85 94 74 67 32 55 35 62 64 45 86 11 64 45 82 45 33 87 4 5 51 98 79 34 7 56 32 46 21 37 13 98 48 93 35 43 82 75 89 66 54 8 79 2 94 7 19 75 94 65 84 60 30 68 40 8 68 72 20 34 86 38 71 63 56 16 24 0 61 65 67 16 7 53 17 51 61 92 14 12 76 32 49 56 4 3 82 92 11 1 98 39 12 85 95 7 78 44 93 78 11 51 82 36 3 93 21 27 84 4 13 89 32 22 40 85 88 83 0 89 50 1 30 39 74 16 62 95 13 71 78 52 56 95 14 77 23 54 95 73 91 83 22 2 72 24 60 47 11 16 96 60 93 6 96 46 88 69 19 47 22 10 39 10 26 19 15 11 34 18 63 6 22 97 58 66 38 74 24 44 12 74 68 92 74 38 64 79 19 14 48 9 91 21 83 14 3 49 36 3 36 43 5 50 30 50 37 22 34 25 35 95 39 33 89 94 23 27 90 35 5 54 67 52 38 13 44 61 75 8 70 41 57 39 84 36 78 78 11 1 54 75 50 86 56 97 34 65 68 95 45 
82 69 89 97 34 7 44 36 62 76 47 41 4 54 29 17 5 74 14 72 60 24 42 13 10 4 39 17 30 91 37 26 95 72 18 30 8 36 56 96 63 52 92 81 61 11 89 76 68 39 24 79 78 0 56 20 38 34 93 16 5 42 37 81 90 56 43 94 81 95 4 47 88 94 26 22 39 70 38 85 14 68 5 93 24 92 99 55 78 74 97 16 25 64 59 74 60 76 27 53 86 12 27 67 34 71 69 32 87 41 18 88 34 6 26 82 94 14 34 53 16 1 85 73 22 94 47 61 1 97 66 74 10 41 79 18 37 30 37 18 48 23 48 13 65 71 45 14 71 2 72 3 6 34 23 43 82 31 97 13 52 94 92 62 2 4 95 81 8 95 82 21 19 49 64 11 83 65 60 60 63 54 75 81 48 1 45 86 15 35 85 59 26 55 98 89 65 80 63 92 99 70 85 89 24 5 86 51 3 95 98 66 40 32 18 83 15 15 17 33 21 94 7 43 74 12 10 35 60 10 82 7 72 4 92 34 74 82 79 57 13 18 19 6 19 59 61 57 50 27 34 49 61 93 3 33 25 78 89 76 7 97 2 33 88 88 52 75 42 57 61 37 15 1 14 29 19 16 12 38 11 69 60 6 14 75 97 81 79 40 27 31 13 5 59 68 90 26 77 2 
19 8 29 54 10 20 77 55 42 49 27 47 87 85 23 44 89 12 30 58 11 98 81 86 78 26 95 58 60 35 12 37 26 70 0 58 77 32 63 4 84 65 78 61 48 96 82 3 50 9 88 90 37 33 41 95 28 81 43 36 50 42 99 41 38 75 68 83 70 71 96 99 62 65 53 37 70 69 67 30 48 57 13 23 47 32 61 19 41 85 83 26 25 19 48 14 20 84 47 50 13 16 28 70 56 79 25 94 1 81 2 74 64 16 87 54 2 31 63 53 57 83 75 99 53 15 1 88 64 84 95 35 75 24 83 79 97 62 76 95 63 55 77 55 65 39 16 34 41 43 1 63 73 9 64 85 77 93 64 66 49 91 94 65 64 65 78 59 10 2 43 95 55 23 49 93 12 69 50 37 9 59 26 83 72 1 8 30 82 25 12 21 79 50 98 22 27 50 31 13 42 80 11 3 15 65 74 80 20 18 55 85 25 47 90 18 99 51 49 67 59 28 81 34 20 0 85 40 52 71 59 51 34 35 42 43 52 6 41 11 98 87 82 55 47 88 40 44 90 49 77 16 73 33 43 78 53 73 78 40 73 33 15 79 13 39 22 63 21 13 0 20 10 75 27 47 75 8 62 5 0 77 34 17 95 80 65 8 25 65 49 30 56 47 77 10 68 57 46 63 
46 98 40 69 43 6 6 9 50 10 71 49 46 51 6 29 42 21 53 7 2 1 86 34 45 9 94 96 43 80 93 26 29 54 78 67 46 36 78 45 20 75 11 91 67 41 31 66 98 85 39 98 40 32 93 35 61 20 47 21 37 64 61 61 75 16 96 86 86 46 93 46 40 97 30 88 60 17 96 58 58 83 57 74 24 3 90 31 95 31 79 73 10 26 93 60 35 64 80 69 24 15 43 53 39 47 73 96 44 42 37 94 59 0 4 63 58 89 45 76 13 34 69 11 12 72 49 67 63 59 77 66 79 80 2 31 21 73 82 7 0 41 2 41 40 34 12 97 37 26 42 43 20 2 27 65 48 13 69 50 87 4 99 23 24 40 31 61 60 4 34 21 60 33 95 29 54 28 45 44 17 10 81 23 98 50 28 97 17 78 13 56 80 79 61 29 94 91 70 14 43 79 5 33 19 98 28 68 88 3 0 75 76 2 79 30 35 74 48 43 5 65 21 94 50 12 73 72 10 89 76 45 28 47 68 16 26 80 1 56 75 57 67 31 79 21 30 62 94 78 59 9 24 29 49 21 16 76 82 79 20 19 87 61 80 70 97 43 20 16 94 43 87 69 12 24 89 83 83 73 8 15 33 34 11 23 33 46 3 18 28 80 59 92 92 59 70 22 30 87 
66 37 35 33 67 59 89 34 20 97 67 65 57 80 10 29 26 89 61 36 10 67 87 73 92 16 60 19 14 55 37 63 87 72 4 52 3 28 60 45 44 34 92 31 88 14 94 75 16 5 70 74 10 62 35 59 2 60 10 45 66 95 24 86 60 71 26 10 57 54 47 44 62 26 52 14 93 0 85 88 25 39 10 95 83 87 45 46 34 87 9 56 20 20 90 71 57 56 11 5 58 28 72 89 26 70 90 48 6 70 19 88 51 53 82 92 84 2 87 6 19 21 43 94 44 81 71 11 69 35 53 51 17 15 26 70 15 53 30 15 96 32 33 66 48 41 3 41 41 84 66 18 82 83 43 85 47 75 66 94 80 14 54 53 15 97 61 20 66 59 11 20 45 71 89 48 96 23 4 38 24 48 55 31 71 87 57 46 49 45 77 16 68 95 76 34 11 29 97 2 70 33 59 87 5 86 20 28 32 13 32 99 6 26 20 29 57 44 48 40 69 43 31 8 62 74 54 4 63 48 86 22 48 81 9 60 72 53 59 75 83 53 17 95 74 59 31 32 37 55 30 57 7 1 96 4 53 37 75 57 79 1 12 50 72 74 17 34 45 25 33 57 35 82 70 79 17 98 86 32 98 54 98 4 37 64 64 74 18 74 77 78 1 12 91 95 73 73 83 26 
0 1 5 45 61 65 86 63 34 75 87 21 81 68 96 4 0 83 68 27 32 96 79 67 82 85 7 37 75 68 63 41 54 57 5 49 95 97 43 7 95 67 65 30 57 86 85 6 87 27 30 3 21 12 49 48 81 1 72 24 91 14 21 32 31 18 56 79 61 98 64 95 48 25 15 92 83 22 3 42 88 39 11 86 1 57 35 60 63 87 35 8 57 23 42 78 94 79 85 52 38 21 25 26 46 81 3 11 6 58 43 31 39 39 71 55 86 95 37 1 3 11 6 8 68 4 56 6 80 88 50 84 31 8 82 89 17 48 56 27 3 98 45 79 49 31 67 99 5 86 3 17 47 26 98 17 9 28 12 99 68 33 42 31 68 70 76 61 60 44 34 80 2 8 66 44 66 24 21 6 84 51 29 77 19 23 88 95 23 28 7 58 79 83 49 16 36 36 25 99 52 4 65 85 90 86 40 39 45 77 55 36 3 37 95 1 12 74 18 42 7 94 19 39 5 49 27 0 43 72 34 54 8 37 5 92 12 24 57 60 51 22 92 85 34 89 30 96 30 32 62 22 21 16 42 50 45 88 28 47 91 1 55 25 85 1 82 15 71 36 83 95 87 8 15 17 40 77 76 92 16 88 63 6 76 9 55 19 7 2 73 57 1 75 93 99 79 63 16 46 
60 40 40 79 66 89 46 67 5 35 58 99 55 50 56 36 13 18 81 93 8 6 80 34 60 43 26 17 61 99 0 11 95 76 91 38 71 72 68 40 74 59 21 86 2 71 51 86 91 82 30 42 36 89 98 18 1 12 92 39 43 70 16 37 83 46 20 82 31 66 65 12 15 67 87 73 26 10 15 37 31 69 57 16 86 21 12 84 91 18 69 45 79 7 89 19 88 48 58 8 10 33 84 95 19 81 62 0 98 43 20 4 76 72 38 60 63 17 36 45 48 94 91 67 26 58 36 62 67 9 19 68 15 76 43 0 67 45 69 90 31 54 66 9 27 82 57 97 78 37 52 17 16 99 69 24 19 16 75 2 64 18 34 97 95 76 21 13 66 65 43 93 45 76 21 38 7 51 54 9 48 50 38 20 64 21 98 89 63 48 92 47 18 54 79 53 5 92 63 88 13 43 6 39 35 48 53 53 33 91 81 62 33 7 8 10 16 40 56 22 77 34 66 72 54 61 82 78 74 64 15 50 27 10 93 81 70 59 26 11 77 79 74 77 64 32 4 10 23 37 70 35 79 3 80 27 23 79 88 69 5 4 86 23 21 91 88 90 25 72 5 83 2 14 49 26 82 97 4 49 58 84 48 92 1 90 16 58 34 41 19 42 75 77 20 38 31 37 91 60 
49 63 20 0 61 29 6 1 2 55 19 59 16 43 82 12 44 43 53 22 87 42 16 33 67 86 26 29 80 96 18 33 33 20 32 1 65 14 61 14 77 98 53 8 86 80 44 0 88 23 35 7 37 70 71 29 74 83 10 98 85 44 33 11 42 76 38 28 83 91 79 32 2 32 82 68 48 18 58 81 48 32 6 4 64 10 57 7 96 61 45 18 21 18 16 8 80 6 64 91 38 76 70 72 14 75 78 10 69 73 28 96 17 25 78 79 5 9 24 63 4 95 72 97 53 17 64 28 26 34 68 70 51 75 68 6 88 90 45 16 9 58 75 48 62 91 23 62 24 39 46 77 11 69 26 83 0 2 87 33 64 93 76 83 58 30 79 94 77 50 55 96 85 48 33 52 88 72 85 22 72 37 73 85 72 80 10 55 43 59 78 29 92 94 78 85 58 5 33 80 37 73 76 35 73 80 55 43 43 51 68 31 90 98 7 7 48 67 62 35 17 6 50 82 39 61 97 31 39 62 37 59 99 89 76 52 68 80 42 46 46 24 81 97 14 82 99 18 42 18 81 41 83 87 57 42 16 26 89 14 46 55 50 52 4 42 24 73 95 78 8 73 93 64 58 31 67 42 81 79 95 62 67 34 25 40 9 78 4 38 5 98 15 35 14 27 63 14 18 20 
66 58 19 84 22 22 4 51 61 25 32 70 59 41 87 6 18 35 60 45 26 53 67 15 73 83 16 44 97 7 92 27 16 2 58 31 6 62 56 3 5 39 54 59 89 10 39 56 27 99 52 89 44 73 94 36 37 2 28 79 65 61 40 24 41 52 84 81 96 25 48 44 27 24 90 98 50 98 86 18 75 57 36 72 30 44 2 30 83 96 38 28 72 30 28 79 58 47 11 59 49 98 46 65 46 77 68 62 81 83 25 30 75 92 15 7 62 93 76 78 6 93 14 74 58 48 50 34 43 20 34 73 32 9 16 92 7 93 0 76 95 20 82 97 31 52 43 66 57 88 30 86 30 18 76 86 6 23 68 27 95 30 29 51 15 3 92 55 9 61 10 20 43 73 18 99 38 78 87 37 73 46 45 6 37 58 92 56 72 77 41 8 71 33 20 77 10 99 69 88 13 96 11 94 54 55 61 11 12 73 63 27 46 90 1 88 60 26 43 92 22 44 29 87 50 45 83 50 38 29 43 61 67 42 89 50 28 21 68 55 66 33 71 66 16 61 11 54 29 65 95 21 57 35 55 17 5 79 74 59 95 70 78 46 42 7 53 27 40 4 97 13 64 86 91 68 94 5 53 30 64 43 29 29 60 39 77 53 64 42 65 81 12 77 66 53 38 92 60 51 
38 14 37 10 97 85 87 66 4 84 36 74 37 92 42 14 13 91 18 53 78 67 12 73 66 82 67 61 40 92 76 32 79 45 77 38 14 45 72 84 7 70 5 19 83 9 12 1 44 35 98 43 23 17 19 18 4 29 73 85 28 63 59 3 95 29 72 25 50 10 40 93 75 45 67 96 90 77 1 30 54 63 6 20 36 16 3 51 19 75 76 46 69 94 43 15 53 12 73 70 70 17 68 23 47 39 93 79 7 48 19 28 83 44 60 52 5 84 34 91 7 87 64 96 92 28 46 6 34 20 2 43 94 1 49 52 44 23 93 6 74 66 92 45 14 89 77 43 45 34 61 11 39 9 61 62 77 41 67 34 22 20 42 46 97 55 25 81 89 18 38 54 82 36 27 47 67 59 77 64 29 41 85 39 91 34 56 38 67 38 57 76 76 61 41 56 79 1 86 30 15 83 64 35 20 94 16 23 8 20 9 93 53 41 53 55 85 61 99 22 58 81 14 96 96 34 51 85 2 25 70 39 93 94 7 1 31 66 62 45 70 90 19 8 3 35 96 59 78 71 80 83 7 65 17 78 23 75 51 44 43 70 3 67 4 36 71 35 48 42 23 73 68 93 25 94 58 46 28 34 73 54 45 57 58 7 30 26 73 0 92 87 13 13 52 28 68 39 88 95 
62 41 2 22 84 99 69 67 84 62 44 21 7 48 16 52 50 93 65 95 97 2 15 32 5 85 73 52 80 46 26 71 22 44 51 26 10 26 1 50 42 67 87 80 99 64 39 12 8 66 14 31 28 20 1 4 42 86 97 60 9 74 49 60 68 89 7 35 47 66 95 37 79 38 51 23 35 99 32 16 83 63 89 60 1 35 26 31 66 73 46 55 94 57 57 26 95 15 84 90 35 89 97 54 36 46 79 14 43 52 6 81 52 18 47 66 25 73 34 40 81 97 19 31 88 70 79 72 24 83 51 51 53 13 82 34 76 60 27 72 96 7 41 27 79 25 62 19 20 77 66 33 13 42 96 98 14 1 9 36 66 55 56 61 90 33 90 77 20 7 3 34 38 25 16 10 55 76 59 74 9 60 28 80 43 80 45 90 69 15 76 56 22 82 64 89 41 90 29 55 15 75 96 61 84 41 77 58 24 86 75 6 24 52 29 18 45 52 11 89 25 91 41 13 83 80 53 52 43 31 71 75 94 84 76 26 95 7 31 30 28 35 64 44 7 60 74 91 19 21 56 99 93 81 30 87 2 26 21 88 4 20 20 14 53 47 32 64 70 83 55 95 56 63 64 4 35 68 66 11 53 47 57 46 25 22 1 61 51 23 10 90 7 97 48 89 7 3 64 58 
46 42 55 53 67 6 93 18 99 4 40 93 90 19 78 72 18 89 77 57 25 71 82 33 12 83 23 78 97 88 61 11 7 35 72 76 30 61 21 77 89 13 2 91 34 20 92 43 4 74 13 29 48 99 79 19 16 5 82 5 22 35 85 80 72 23 78 40 84 20 63 87 77 79 51 23 46 94 25 73 91 10 67 6 66 62 59 94 59 71 23 92 3 99 22 41 69 12 45 57 51 1 50 74 72 96 87 82 10 82 51 67 25 43 58 16 44 76 61 67 20 70 47 33 87 36 70 26 68 56 42 38 11 86 0 55 89 78 10 95 1 15 61 48 1 32 6 27 81 53 77 58 52 65 87 89 43 59 43 83 10 83 71 4 37 18 76 61 54 40 16 96 16 57 22 58 77 10 95 6 91 2 43 47 51 64 37 60 67 79 36 47 82 35 70 43 25 2 90 82 96 51 37 83 46 65 60 27 25 27 77 27 14 22 47 61 16 24 63 82 10 32 28 43 37 98 1 43 62 1 70 89 21 86 69 94 4 58 10 4 91 38 36 32 51 10 57 17 23 40 59 95 45 51 49 79 10 36 34 99 57 11 60 41 9 97 40 3 93 80 56 25 24 48 52 66 58 57 61 88 89 24 55 70 39 31 6 83 39 23 32 41 45 52 20 87 12 20 10 18 
10 8 65 10 18 71 9 45 78 83 91 60 38 33 42 24 17 60 59 71 68 49 27 3 51 9 27 23 57 64 71 89 71 44 23 2 73 33 84 84 51 0 63 77 65 30 80 1 90 54 16 78 18 77 46 54 59 93 35 4 44 52 84 31 19 87 61 31 97 74 91 9 71 53 46 1 43 27 24 21 99 94 33 25 85 52 87 2 40 9 53 36 50 84 71 63 55 26 28 43 1 72 8 74 55 77 82 14 15 49 36 40 35 83 82 21 68 93 9 86 90 59 2 41 23 5 90 74 34 51 18 39 41 25 77 76 46 4 5 85 70 26 35 46 55 58 19 91 8 68 72 56 99 5 20 68 18 38 27 24 5 77 80 75 46 37 76 43 78 27 25 2 99 9 77 66 31 81 81 86 56 21 36 58 44 71 61 13 68 51 72 9 39 12 6 22 20 22 11 78 71 1 72 73 3 51 15 65 66 43 18 73 1 41 89 45 60 75 59 28 40 25 43 92 33 65 9 78 38 78 92 51 10 42 88 94 58 22 3 11 85 61 35 3 75 95 92 73 41 99 68 84 47 83 94 10 38 31 79 21 85 45 90 0 31 27 99 44 43 69 90 40 99 85 81 17 13 96 63 66 35 82 18 7 8 93 76 36 99 74 26 84 52 37 8 70 61 63 12 93 
15 48 96 91 17 22 54 11 27 66 91 51 51 97 27 39 16 4 37 76 84 83 40 87 4 20 20 41 89 82 18 27 69 32 70 74 34 8 4 29 71 7 65 30 52 39 94 45 71 6 29 74 16 41 27 38 80 1 29 61 90 81 91 19 10 0 58 3 3 44 62 71 2 67 35 33 64 68 31 41 12 6 64 80 44 60 77 28 61 97 67 18 65 14 18 64 81 44 78 91 36 52 39 56 23 68 87 33 60 73 34 98 19 49 90 76 7 49 92 71 67 7 38 31 38 4 71 8 35 69 8 94 32 23 33 57 39 48 3 69 82 0 83 74 86 29 19 83 70 75 27 65 93 71 6 29 92 92 66 85 96 58 26 31 19 38 87 34 1 55 1 87 54 96 70 75 3 17 31 26 21 34 50 63 72 77 40 72 63 88 75 80 31 35 79 96 11 75 93 31 95 11 96 65 28 30 39 34 42 29 2 30 67 19 77 36 15 22 34 60 84 95 47 1 13 9 6 15 81 5 95 48 17 90 99 89 78 36 82 67 80 94 8 26 80 80 44 10 3 49 53 92 75 77 16 72 21 59 53 89 96 29 49 68 4 39 92 77 39 77 8 74 0 15 58 80 85 68 99 63 95 46 25 42 79 59 95 73 79 81 59 18 6 10 63 64 36 19 54 17 
97 73 3 78 95 77 58 62 98 56 38 61 88 78 15 84 65 60 84 3 81 83 32 73 59 68 93 61 60 1 61 39 69 45 8 56 65 74 50 78 26 50 77 54 86 56 77 27 24 65 64 79 29 14 12 28 56 23 75 68 37 65 57 1 90 68 12 36 13 80 4 69 2 13 44 10 36 0 9 87 41 12 93 9 67 69 35 61 25 20 65 84 98 43 82 73 88 86 81 98 56 15 58 82 77 73 51 59 22 47 34 80 88 11 53 49 44 57 73 85 81 34 32 28 52 72 80 21 85 68 73 78 77 5 82 99 0 19 59 7 5 40 75 61 96 25 3 11 20 29 94 52 33 1 58 99 43 35 55 50 55 41 51 32 41 92 78 38 7 66 74 20 53 67 22 51 54 83 50 58 58 81 3 46 44 50 80 58 94 97 48 3 62 65 34 31 15 63 49 20 57 26 58 80 73 33 30 46 5 40 20 43 31 89 62 59 39 40 79 81 65 28 29 58 35 61 20 4 76 15 59 5 34 4 17 24 82 13 87 42 54 12 88 2 86 38 40 50 61 91 22 96 93 82 67 29 86 40 60 99 40 55 8 53 48 35 73 75 68 67 77 3 92 12 42 27 8 27 38 48 15 20 20 55 54 55 67 33 86 82 14 84 30 71 28 28 60 47 33 11 
26 95 88 1 72 15 86 94 92 64 82 85 97 66 39 25 63 21 95 26 31 87 98 43 79 95 83 65 65 65 48 58 28 14 36 39 33 85 76 67 75 70 38 65 54 69 90 31 13 66 53 32 11 92 4 83 90 36 33 33 73 72 92 33 19 79 5 94 76 22 12 93 29 12 0 60 98 94 32 13 36 22 40 43 99 20 12 33 76 81 42 40 88 48 80 40 51 95 43 78 21 83 82 45 5 30 98 77 27 36 11 35 35 95 19 22 98 28 46 37 24 99 70 98 39 38 16 99 47 76 98 39 15 19 86 79 59 49 91 29 98 15 50 45 90 43 56 38 66 98 50 95 95 96 9 51 9 72 80 54 76 48 18 97 63 47 72 35 56 67 3 96 58 83 25 10 54 93 46 59 51 77 13 27 89 99 20 82 12 20 8 96 78 51 80 3 24 5 41 44 0 31 94 98 77 85 60 19 23 26 85 93 62 2 9 36 81 5 89 45 41 6 44 10 32 64 62 50 51 99 39 56 71 26 51 23 51 60 60 49 96 61 33 48 27 43 27 52 51 28 78 30 59 49 88 96 94 47 10 34 19 61 63 37 51 58 0 58 1 77 11 89 82 98 50 3 33 27 72 81 92 55 37 94 43 65 84 74 93 8 30 51 93 49 26 76 71 2 29 69 
67 30 86 58 96 81 28 7 93 78 62 92 0 90 24 0 68 30 61 20 33 64 0 1 33 21 54 49 61 83 56 82 16 45 69 23 31 67 59 80 42 49 67 68 78 77 57 14 60 85 29 25 21 73 90 87 50 57 93 15 65 3 2 34 40 74 97 35 47 55 31 10 5 87 6 15 71 77 22 38 7 93 13 6 10 78 10 51 16 67 34 92 29 8 51 24 89 63 84 35 83 58 68 21 1 0 10 23 99 90 70 77 18 50 90 27 23 28 63 3 28 25 16 78 10 26 87 30 33 22 0 19 51 66 23 8 35 56 97 37 85 30 85 71 61 13 82 44 61 21 53 20 70 66 1 94 71 56 95 26 0 87 23 63 36 13 18 5 7 56 98 53 97 55 83 32 95 97 31 61 27 96 84 53 54 83 24 16 81 46 21 26 47 88 87 3 98 15 3 42 4 23 61 55 76 36 44 76 1 82 56 5 70 6 56 24 10 67 9 36 19 24 15 43 81 19 3 90 36 26 32 60 38 46 46 47 70 22 48 50 50 77 96 22 10 14 5 51 1 2 92 33 35 59 19 32 7 36 98 97 27 84 87 31 15 8 1 52 34 71 43 11 43 13 37 78 6 28 31 27 5 68 61 9 21 2 83 48 81 85 54 16 83 37 50 98 24 17 18 48 
97 90 73 15 63 90 82 58 95 36 30 84 62 74 48 50 78 9 50 82 54 80 94 27 27 43 71 11 56 13 73 29 94 92 14 22 91 96 47 33 52 35 70 50 70 55 5 93 46 56 95 64 31 24 94 94 87 72 97 84 13 97 26 43 70 39 10 96 27 20 0 65 94 0 12 29 46 8 1 34 4 24 96 24 75 18 14 36 68 7 40 70 31 60 86 64 9 70 2 36 30 9 89 28 44 87 86 56 4 91 14 16 41 40 60 31 43 57 58 91 46 41 80 61 99 63 39 11 70 1 32 12 85 40 78 24 99 29 53 76 12 27 77 73 52 13 59 20 47 97 82 49 40 77 25 80 29 20 58 59 49 29 6 30 63 80 83 67 98 1 6 97 62 61 3 55 6 58 1 69 54 22 26 23 75 67 87 93 28 77 0 37 24 93 94 30 65 29 64 97 55 59 39 35 1 39 54 3 79 39 90 20 56 13 75 8 50 3 74 62 21 78 99 61 36 77 70 62 42 15 34 4 19 36 42 6 5 96 76 73 22 28 30 54 7 77 99 26 38 94 26 24 95 53 9 99 76 78 0 5 43 59 19 66 84 79 74 29 71 0 59 76 59 78 89 55 44 82 15 75 19 87 19 19 27 4 97 38 37 71 58 78 3 44 29 13 54 8 23 98 
87 79 49 46 23 52 4 43 2 25 60 16 80 47 89 19 16 18 46 20 90 72 7 70 16 14 22 27 0 60 76 3 32 54 69 65 18 59 41 5 66 33 80 57 17 13 9 71 19 20 90 3 9 81 83 5 31 42 72 81 39 46 23 41 7 45 59 70 91 17 65 39 87 58 9 62 99 69 81 56 84 53 76 72 42 7 18 11 58 95 33 94 27 90 15 79 7 58 43 53 95 24 45 3 31 49 26 15 2 79 42 91 50 61 36 91 50 2 76 20 29 1 15 12 27 60 40 19 49 39 24 90 26 24 75 66 26 13 94 83 9 84 93 98 14 49 14 47 97 64 21 31 31 53 69 29 75 73 78 99 40 87 24 44 82 3 53 28 25 58 27 23 45 3 69 65 59 15 38 14 18 3 49 49 81 34 30 62 16 84 49 96 45 31 79 32 42 27 73 96 36 81 84 43 42 68 33 22 66 54 88 86 30 74 56 14 47 24 20 47 70 98 1 22 88 29 7 59 20 40 65 80 58 8 9 7 3 19 19 63 34 87 88 40 49 9 66 70 24 63 38 72 60 30 47 25 48 36 9 79 73 28 88 22 80 98 94 31 8 45 90 25 88 96 14 12 37 53 75 29 64 24 68 45 55 36 69 89 62 29 1 0 64 93 34 71 17 64 79 46 
78 46 41 8 11 28 90 17 61 61 40 42 76 70 42 61 27 24 44 37 89 86 15 20 34 78 27 47 74 88 56 10 73 28 70 20 8 87 57 65 63 34 19 94 60 58 8 1 90 75 85 58 50 42 0 53 58 76 91 2 11 73 29 97 28 81 36 37 79 10 69 46 92 82 34 77 7 11 30 1 99 16 34 16 20 97 50 68 57 50 82 27 15 24 54 0 52 4 99 70 75 56 64 37 71 95 75 47 30 9 53 81 84 19 69 39 64 44 47 22 90 48 88 51 94 99 67 34 92 10 83 69 41 85 28 6 29 44 28 68 36 96 71 49 14 1 96 63 6 70 49 20 26 26 29 70 17 60 21 69 73 85 49 52 48 82 99 69 37 6 47 4 18 77 29 64 64 57 57 55 61 91 2 93 37 21 25 84 8 23 18 87 91 99 51 76 53 58 59 97 40 72 86 58 64 19 88 7 19 59 91 93 65 20 97 19 6 44 60 65 14 2 39 33 17 64 78 64 75 57 10 84 57 78 60 35 17 50 18 46 38 59 2 83 16 60 9 36 22 55 87 17 8 7 89 63 63 35 18 78 19 16 67 4 81 5 53 75 77 91 49 33 86 86 61 6 63 79 28 94 80 23 20 51 86 42 11 61 82 80 92 16 85 98 94 22 44 44 81 58 
38 93 15 8 34 47 6 46 21 73 61 70 85 95 8 12 67 1 4 23 66 47 18 47 60 95 39 22 53 99 60 63 45 36 74 98 63 95 4 86 20 31 96 55 80 32 32 84 63 14 50 36 14 93 82 39 57 95 66 39 24 86 2 8 41 93 65 81 61 93 23 51 84 72 69 31 50 68 38 19 75 0 8 41 3 89 66 36 79 15 51 67 11 30 19 47 88 99 4 23 87 49 96 34 98 9 0 64 55 89 72 5 63 44 89 94 45 79 88 45 55 30 22 80 43 2 91 5 38 18 94 77 78 83 89 61 66 49 25 7 26 86 13 33 74 21 55 43 63 91 95 16 32 81 23 7 91 19 94 74 4 6 89 14 41 60 31 64 51 28 60 0 71 32 0 68 81 3 13 20 53 30 66 63 23 99 78 32 97 7 73 50 22 84 52 60 61 23 54 13 5 10 5 67 4 42 47 38 83 59 55 40 52 76 83 75 23 12 95 23 45 40 66 68 15 99 35 93 61 93 55 10 10 88 45 56 10 12 25 47 1 47 53 45 4 87 25 40 25 44 99 35 96 34 50 29 35 96 66 11 70 68 92 1 64 13 6 98 56 47 10 31 79 94 31 57 60 5 68 50 73 12 92 45 46 84 98 73 24 74 62 64 63 26 95 92 27 37 38 78 
40 65 6 65 52 49 62 89 77 45 88 36 6 63 64 50 2 29 12 76 75 69 49 24 50 23 86 31 48 1 35 68 74 29 85 27 48 58 28 36 90 0 93 95 53 1 49 59 45 56 34 18 47 5 72 17 16 89 27 4 34 76 43 60 7 44 51 95 84 96 34 52 36 76 27 31 97 99 37 79 94 26 31 78 18 39 27 17 23 6 40 98 50 30 20 98 99 64 40 22 0 31 1 71 99 92 95 48 51 84 58 97 46 81 6 78 56 86 55 22 39 29 15 68 84 88 44 81 13 52 21 60 27 28 91 86 30 41 35 54 10 48 66 84 0 73 93 4 22 58 82 50 3 59 7 75 79 41 38 58 21 48 60 32 22 78 58 37 57 65 52 28 3 79 92 37 1 64 27 81 68 60 14 70 64 75 36 47 40 5 9 2 5 41 22 31 64 1 96 24 85 15 83 20 42 90 84 36 33 0 72 37 33 27 42 37 14 1 22 20 26 93 47 66 83 26 76 22 22 46 91 95 22 19 30 76 98 25 6 49 83 64 60 3 86 87 69 97 12 74 17 93 22 43 23 33 15 79 16 67 92 56 2 85 19 22 63 21 36 86 70 28 52 89 55 81 46 65 85 76 98 4 5 8 68 26 93 62 6 89 8 70 57 99 40 51 65 7 80 43 
75 7 72 12 43 85 85 73 62 44 25 91 81 54 70 39 95 35 57 4 95 55 79 5 94 43 3 69 60 6 15 37 24 47 88 30 37 7 46 88 69 72 41 46 49 57 92 99 27 64 67 28 0 17 56 78 66 17 66 67 75 28 98 0 86 62 46 94 85 20 98 34 64 89 32 61 25 95 55 67 77 64 60 58 42 68 33 3 66 41 21 61 90 91 27 33 18 69 86 4 16 34 2 58 99 0 52 12 10 63 4 65 81 83 50 70 87 71 37 26 5 65 8 18 90 98 33 70 3 79 68 44 61 40 80 78 81 0 32 58 43 61 17 11 34 30 34 91 39 6 92 0 56 67 19 96 71 54 44 52 15 65 97 53 33 70 25 12 11 18 53 84 41 42 7 67 21 40 97 7 77 61 86 44 14 22 58 65 0 85 52 54 47 93 27 93 44 69 94 17 12 5 45 90 56 65 51 23 49 13 33 16 86 37 43 84 64 30 81 22 86 54 53 90 57 61 31 38 85 28 73 85 33 77 85 96 51 2 91 44 87 42 87 7 94 81 19 14 50 20 25 14 76 6 3 74 57 93 62 89 85 47 52 12 77 10 37 78 95 70 69 65 59 82 56 24 32 82 66 63 71 51 8 43 95 31 94 27 46 39 23 29 15 7 50 61 41 77 46 27 
99 96 24 24 8 81 15 26 8 43 4 99 52 8 31 27 7 96 50 69 85 13 29 32 20 99 18 38 45 77 34 92 80 20 95 91 43 52 55 95 8 8 85 26 8 69 47 75 15 78 92 91 58 91 50 20 20 23 10 77 64 38 79 5 29 95 24 79 23 98 54 65 49 5 26 83 44 12 54 79 31 71 42 91 4 75 69 39 6 95 73 55 34 17 3 22 11 47 78 32 37 55 67 57 29 3 9 80 23 41 66 87 8 6 21 31 55 31 14 51 10 40 91 84 12 29 80 47 33 87 29 2 92 84 34 79 20 49 83 95 98 50 49 63 38 63 46 12 0 50 0 72 41 61 12 43 14 54 32 7 40 64 77 40 57 76 43 55 66 67 65 13 81 69 49 62 88 3 3 6 51 53 25 76 47 7 48 18 79 33 29 48 88 44 58 68 55 47 98 68 82 98 29 18 71 85 93 21 67 93 42 85 11 23 0 17 83 37 15 27 4 0 26 68 68 66 36 80 3 45 51 84 28 89 93 65 97 47 93 68 87 81 46 29 9 36 18 73 10 55 21 63 77 86 55 88 53 87 79 69 73 11 38 21 5 0 64 48 70 98 9 47 39 92 30 49 60 32 89 38 99 45 78 18 73 80 4 11 14 33 52 35 60 80 43 88 53 36 54 93 
67 10 17 90 83 65 40 30 41 76 38 28 59 0 63 55 96 4 37 63 4 18 81 45 53 17 98 41 51 48 70 33 51 51 73 48 92 12 91 24 16 63 73 49 78 27 50 8 39 5 70 90 78 30 99 73 27 12 20 27 88 28 22 36 43 82 85 95 42 61 59 55 76 17 83 88 75 6 12 47 18 24 35 90 1 63 99 57 87 55 39 80 91 84 17 6 86 26 9 53 84 85 24 47 1 55 74 52 86 70 58 9 72 67 12 45 44 99 7 42 88 26 68 82 97 33 59 50 53 36 81 67 43 31 94 31 60 88 67 38 84 90 58 6 34 65 29 27 20 58 17 44 83 35 36 74 50 38 20 46 0 55 57 68 18 96 77 72 85 92 99 26 81 50 18 82 91 43 66 62 49 6 87 10 44 20 21 12 33 72 4 8 14 59 6 74 82 51 49 7 91 68 89 20 32 15 5 52 88 59 16 92 22 57 7 98 34 81 17 43 2 53 16 85 0 84 78 55 51 80 50 5 23 47 4 39 98 24 90 70 97 60 21 15 8 31 0 94 9 76 67 97 58 80 86 32 89 59 74 0 76 11 84 9 81 53 62 93 15 29 7 22 77 58 7 81 14 98 53 95 14 99 27 24 73 26 51 71 6 43 11 89 53 85 24 98 20 39 94 40 
90 63 23 65 77 94 80 59 57 36 56 61 53 29 4 97 58 77 12 96 94 56 20 14 51 53 72 19 24 20 83 29 75 33 70 30 8 99 30 72 25 36 28 92 50 15 56 4 34 64 31 36 26 47 48 95 14 79 98 89 30 4 59 60 27 59 80 47 98 37 95 98 81 67 85 91 23 28 86 57 96 63 73 23 94 91 93 67 25 36 36 96 34 31 1 52 10 5 49 82 9 33 65 63 29 76 15 32 83 36 82 51 77 63 3 93 17 60 98 51 41 79 88 32 23 98 37 47 95 84 73 41 83 1 7 20 14 87 98 89 24 3 80 71 89 27 16 18 3 18 58 23 26 4 16 88 74 32 79 3 63 47 48 62 24 60 41 69 20 4 51 39 70 86 0 54 79 67 3 41 18 94 83 47 87 20 90 98 54 22 20 1 65 63 66 58 29 79 67 66 74 76 88 34 35 72 6 54 36 3 94 72 19 11 0 71 68 14 37 92 56 51 66 73 30 6 56 72 82 64 69 19 41 94 22 21 88 42 19 79 27 36 48 61 53 50 81 62 58 18 89 7 96 31 78 38 58 34 40 90 58 46 79 55 28 62 65 94 91 2 33 95 21 78 21 56 58 58 50 10 49 8 6 51 45 34 92 2 56 47 43 98 25 50 45 91 84 65 98 39 
28 59 97 16 29 83 5 83 94 7 47 21 76 73 16 31 99 29 1 23 41 55 90 17 73 62 31 95 29 62 27 85 43 42 44 44 40 53 88 29 50 97 61 24 16 12 11 29 83 43 39 14 36 16 99 7 15 32 81 19 26 57 30 64 67 45 48 33 77 67 58 89 66 61 26 98 48 70 51 91 5 0 28 39 69 66 96 64 90 72 60 39 44 35 50 8 56 91 7 91 77 82 35 28 77 86 95 13 97 70 60 70 68 89 2 50 14 83 96 19 28 17 74 14 94 23 90 56 27 92 63 16 80 0 7 78 40 60 73 87 95 76 62 90 33 85 15 19 13 57 54 41 81 67 52 25 24 29 60 13 16 96 10 18 65 67 58 43 70 96 6 29 77 36 45 7 48 0 66 1 18 60 20 3 26 18 35 40 28 2 63 23 86 8 87 35 25 75 5 62 40 69 96 99 87 7 30 48 88 3 3 41 58 2 45 11 63 91 45 11 4 73 71 66 22 28 86 85 87 94 30 81 45 83 57 41 14 24 71 15 49 56 25 39 29 77 45 77 51 5 92 78 24 82 52 90 67 50 11 77 56 38 50 42 6 35 87 91 50 31 53 6 56 22 78 75 74 56 0 15 39 4 95 32 1 13 10 51 90 32 86 70 7 99 78 30 67 52 33 32 
26 89 29 58 53 86 61 88 73 20 90 43 66 28 25 23 91 99 77 0 14 25 47 78 61 47 29 97 27 54 54 73 19 33 81 46 43 98 82 68 16 59 95 15 61 82 36 13 85 47 53 66 88 10 14 67 10 0 78 98 14 26 32 70 77 75 59 16 55 33 5 57 96 84 95 21 79 26 63 23 19 78 38 9 84 93 55 58 85 50 7 59 77 43 90 71 87 44 78 10 4 0 71 20 52 4 30 53 65 86 90 24 71 54 64 29 33 45 54 55 58 35 23 74 88 77 4 72 77 75 86 50 99 61 6 37 26 85 81 77 87 80 17 42 23 53 91 93 20 27 43 86 15 5 1 8 79 96 34 60 20 16 94 18 8 82 15 12 70 62 18 92 4 91 60 87 63 63 52 75 24 1 74 63 37 55 19 29 36 61 84 41 60 27 48 6 86 83 58 32 41 87 18 65 65 60 51 93 24 15 5 45 46 18 8 17 59 58 80 76 6 95 78 69 80 49 59 72 77 14 40 42 39 57 22 5 45 57 34 74 77 53 12 84 45 94 59 33 47 97 60 55 55 83 20 25 5 29 3 14 91 89 79 3 3 75 64 20 41 16 41 38 67 33 31 4 38 74 25 51 9 68 95 44 80 71 31 4 34 28 56 62 17 84 49 28 14 61 86 89 
8 29 17 7 82 88 56 57 65 93 12 95 98 11 57 24 28 34 45 92 8 85 27 86 78 97 32 20 91 44 23 94 91 51 52 59 13 28 74 30 21 51 86 77 6 47 47 11 75 5 15 59 7 52 86 23 79 94 98 2 63 99 10 53 62 98 60 24 61 80 76 12 30 45 18 60 96 3 67 93 19 50 42 94 18 89 6 16 59 99 98 77 65 78 49 56 12 82 95 52 69 41 52 64 38 94 35 29 72 56 50 58 81 60 8 77 69 5 59 11 4 98 95 10 6 77 39 92 25 76 35 80 18 93 21 47 10 50 11 57 52 56 33 33 76 87 11 0 97 51 50 54 98 41 39 13 38 73 80 24 78 79 66 31 96 91 35 64 45 57 1 97 85 5 42 47 6 16 65 83 78 55 45 62 78 35 61 54 16 85 36 15 35 87 62 15 2 40 14 14 89 24 77 28 34 75 79 0 63 53 68 93 27 94 82 91 40 85 73 53 5 14 71 0 51 56 10 26 4 51 42 72 18 50 59 81 33 88 38 96 36 5 31 87 37 19 91 65 71 22 3 49 76 99 81 16 75 7 45 81 47 16 35 11 97 0 83 71 90 10 17 71 97 69 14 73 72 62 74 44 16 42 95 35 10 96 94 3 43 20 89 16 51 39 9 79 50 97 69 35 
22 85 6 0 13 75 61 15 3 64 62 23 6 65 9 59 58 37 70 5 50 33 73 87 7 69 12 56 88 61 49 29 21 99 3 96 41 42 64 93 10 12 18 71 70 8 54 85 81 35 38 70 12 52 81 34 48 97 57 62 15 4 8 29 14 54 31 75 28 55 31 10 14 6 40 56 88 82 20 1 14 77 52 77 42 40 81 52 13 27 90 48 61 39 76 62 74 61 50 53 11 25 18 20 7 54 55 54 99 95 80 10 98 31 5 16 4 22 17 90 87 44 20 43 8 65 2 14 80 9 80 18 86 60 97 97 92 13 91 5 36 12 91 74 49 74 54 9 89 52 89 16 54 71 28 71 64 50 83 19 49 97 13 29 4 92 92 70 10 15 40 20 50 64 55 35 22 97 53 13 78 80 42 50 45 84 21 32 66 19 29 30 45 41 69 12 9 86 3 18 76 2 62 52 53 76 94 26 82 68 24 91 11 82 70 0 61 64 6 58 33 27 38 23 31 61 36 97 35 65 19 79 47 0 81 17 83 62 42 98 64 0 54 45 46 29 50 93 81 6 25 20 50 58 16 94 15 94 66 53 71 49 6 35 55 8 54 39 98 40 85 89 49 16 58 5 74 21 43 42 53 50 17 92 85 21 25 22 14 55 79 47 36 51 49 63 35 70 35 74 
14 17 22 57 20 52 26 80 69 86 55 83 71 49 53 16 69 55 40 76 16 32 24 89 63 78 81 55 99 79 13 18 4 62 36 80 38 57 37 42 32 13 12 32 65 62 39 73 19 96 49 44 84 30 83 85 87 2 49 59 68 2 9 2 35 74 93 88 35 22 43 71 22 52 52 33 75 65 42 78 14 37 91 98 55 64 74 85 58 56 84 39 66 83 41 27 29 77 72 29 18 83 56 47 20 18 97 41 14 10 66 17 19 68 24 66 41 58 75 3 20 95 68 82 28 51 26 97 63 28 37 45 36 88 92 53 33 48 86 6 70 94 79 80 94 76 83 27 57 17 0 55 10 43 60 61 27 73 17 20 75 5 64 54 76 66 63 78 58 12 3 58 2 92 45 92 86 38 88 15 31 24 95 35 52 17 71 68 79 29 61 71 25 22 17 70 3 52 13 78 14 73 51 50 46 25 64 49 67 64 76 84 28 3 38 65 61 24 63 15 38 80 73 0 65 51 68 87 16 63 86 81 14 56 16 54 80 88 1 47 34 21 93 39 56 63 72 75 78 72 11 34 35 61 35 89 33 23 14 22 28 25 59 83 26 80 29 61 18 93 86 58 75 41 76 72 26 51 73 95 34 93 71 76 4 88 26 23 0 34 25 42 91 80 74 83 41 25 6 84 
16 92 80 49 33 17 73 62 63 95 12 62 82 84 51 15 58 54 58 94 20 72 58 5 60 76 36 51 43 35 47 20 39 54 12 65 77 68 81 43 26 68 35 43 2 32 7 5 80 97 75 25 6 90 54 85 3 75 54 93 74 79 97 87 94 86 76 82 98 42 46 33 52 88 77 16 61 58 76 27 63 36 53 82 61 67 99 11 25 83 66 18 95 24 18 89 90 12 30 80 81 16 66 69 16 18 10 23 19 72 12 76 6 60 0 95 81 75 31 99 6 88 42 5 65 63 55 52 15 65 32 11 98 61 15 43 71 63 7 13 61 84 52 6 14 79 24 1 88 51 32 49 1 48 53 4 26 50 36 51 96 56 8 26 80 77 91 66 41 77 2 34 95 94 13 83 2 76 33 36 20 58 8 48 71 73 66 97 82 67 70 49 66 9 13 87 48 25 64 72 89 55 28 42 84 0 61 68 92 11 32 44 45 20 74 6 52 50 51 41 62 62 15 99 32 24 67 48 81 60 32 75 56 5 89 56 85 60 82 1 9 61 91 68 88 26 61 17 51 8 7 28 14 37 45 69 79 14 25 42 48 66 30 80 53 16 18 74 10 30 70 82 91 9 15 25 97 55 87 26 20 22 66 18 81 30 82 82 27 2 41 0 76 88 50 79 1 83 77 22 
62 20 43 91 14 83 73 64 43 15 47 69 48 12 28 43 28 33 0 48 7 93 34 60 82 33 96 48 95 82 0 33 69 76 64 99 61 28 31 7 54 46 53 97 35 79 21 2 10 4 18 29 87 98 52 60 41 69 56 82 36 2 13 11 16 70 40 27 89 27 91 42 88 13 1 20 84 61 41 68 8 29 40 42 48 77 16 42 18 92 98 35 32 74 50 59 11 32 5 19 98 12 20 67 82 43 35 28 8 84 84 13 93 87 18 23 74 98 36 51 1 95 74 5 66 74 33 55 53 24 98 3 58 92 13 76 43 25 15 2 94 12 10 81 26 19 51 92 24 10 29 70 37 61 20 85 63 59 28 9 99 33 79 95 16 54 4 2 25 73 49 42 35 56 80 84 91 96 25 25 31 72 43 50 31 39 84 82 18 60 22 2 96 12 56 94 58 62 88 17 80 1 62 99 99 4 16 41 99 14 71 49 34 57 23 10 42 3 99 94 35 89 43 54 49 4 85 58 13 61 93 25 13 81 92 47 61 56 12 69 15 33 38 81 82 43 11 80 23 59 11 35 96 70 79 17 53 49 6 61 12 37 79 38 88 48 97 8 1 93 22 93 62 6 88 53 63 28 89 82 49 71 17 75 51 36 54 50 26 47 7 96 0 93 74 99 24 30 11 31 
13 2 36 2 57 16 34 89 72 84 27 48 85 97 98 0 60 66 88 14 45 31 25 10 92 2 70 58 2 83 91 80 22 19 72 63 3 40 36 61 45 57 71 48 91 27 13 86 24 85 69 6 44 56 10 73 77 90 23 1 89 96 38 39 3 57 88 71 29 80 75 64 60 45 59 17 10 45 73 95 83 60 49 23 47 6 99 3 18 24 25 49 46 79 3 12 97 7 67 61 23 6 73 43 66 87 65 62 50 57 4 41 20 3 49 40 1 66 45 9 88 80 96 61 20 43 53 58 59 37 24 74 92 78 40 66 22 0 60 92 72 73 13 58 24 42 83 28 47 7 42 83 99 19 61 31 88 89 70 86 47 95 81 50 40 50 66 21 94 15 16 87 96 60 23 0 90 46 68 30 12 33 76 5 34 72 2 25 14 83 53 96 93 74 85 33 56 8 25 12 18 4 33 31 98 11 76 8 55 94 53 91 85 45 9 7 54 88 41 8 85 16 50 36 7 9 16 70 24 64 71 66 11 88 83 75 44 17 91 41 98 46 52 95 10 66 87 44 26 57 28 88 81 77 21 77 2 49 22 15 16 24 42 97 25 61 98 76 61 30 40 49 68 7 79 94 54 84 41 53 91 81 49 69 40 81 46 77 32 21 15 18 94 58 25 3 87 2 46 27 
95 62 75 94 93 92 44 44 42 84 47 94 28 43 50 31 87 4 53 42 61 61 75 72 13 93 20 69 33 60 91 54 86 22 32 65 72 61 61 36 89 40 65 79 62 0 81 17 41 18 50 73 93 53 11 69 19 58 47 67 73 69 97 89 32 45 96 2 9 19 37 31 4 27 3 8 89 23 57 80 44 92 29 82 35 58 33 73 44 36 38 56 20 4 97 70 50 28 29 29 53 48 16 29 82 42 85 96 76 28 90 72 92 85 67 41 39 47 14 51 49 7 9 13 69 53 17 31 55 97 84 26 60 79 5 30 80 51 87 85 36 40 23 17 78 22 82 37 66 4 99 4 86 83 24 39 14 81 86 18 12 38 57 92 58 81 78 74 73 73 29 29 20 98 2 7 82 17 51 79 12 26 90 40 90 33 31 16 95 67 65 37 48 35 29 12 81 8 42 65 34 61 51 9 53 18 38 37 7 52 27 64 16 84 61 67 30 56 90 16 89 63 12 5 45 63 94 58 40 87 33 82 19 93 5 20 66 28 72 40 14 67 44 38 95 62 50 97 94 45 49 29 84 6 85 37 43 25 30 54 53 59 56 6 47 79 28 48 0 33 78 84 22 96 24 69 32 93 59 46 24 22 1 66 39 39 43 23 75 24 32 12 8 42 13 21 59 87 2 95 
2 84 61 77 76 5 2 47 92 48 59 33 59 69 52 58 55 18 73 17 61 85 7 63 75 34 5 79 86 79 32 86 61 77 29 91 39 17 25 78 74 47 81 11 93 66 32 54 39 12 65 80 44 30 81 93 87 75 68 3 49 49 31 97 69 85 86 37 72 53 95 23 23 87 27 40 43 15 11 90 8 99 74 76 97 11 61 36 95 20 35 87 95 49 98 92 97 59 69 33 87 92 59 98 55 11 64 80 48 54 47 57 50 70 16 69 11 6 3 84 16 97 68 93 29 61 48 87 54 64 12 61 91 46 81 67 93 39 88 62 77 11 10 65 28 94 47 62 71 21 11 15 81 18 1 22 43 27 43 17 91 38 85 74 45 84 41 86 69 67 31 56 49 8 90 8 14 85 47 97 84 59 5 24 88 68 96 74 56 86 94 71 97 3 54 32 36 72 99 58 21 8 53 96 81 31 90 3 17 34 36 12 83 81 57 62 81 14 15 88 77 71 64 93 71 23 85 94 41 37 67 80 94 81 18 23 8 27 94 86 57 78 62 88 56 13 83 98 9 32 85 74 69 41 95 11 18 72 45 90 95 68 37 64 43 19 87 81 59 37 2 45 25 31 6 41 82 73 19 56 28 78 33 10 92 52 46 41 18 4 94 54 55 47 53 74 26 32 50 49 
18 64 66 56 22 87 46 86 34 77 13 44 69 85 53 77 92 21 25 82 58 86 31 23 72 53 4 66 11 78 0 13 28 4 18 78 55 82 31 81 3 32 66 57 5 96 68 27 7 58 88 92 31 59 50 1 51 26 96 75 75 89 62 23 90 85 38 28 37 66 70 48 10 74 56 13 11 36 34 79 97 6 75 45 4 46 14 99 56 99 18 63 66 75 58 68 59 60 58 74 56 33 73 48 62 71 80 78 76 4 43 27 51 30 75 66 54 47 79 63 74 35 43 72 71 30 78 76 84 76 22 36 43 55 18 81 92 80 87 9 92 12 79 29 9 28 22 38 96 70 73 75 18 58 89 3 91 86 40 75 36 46 59 22 30 46 11 78 92 24 67 46 58 52 66 50 6 23 69 63 19 40 20 20 87 21 26 40 93 21 66 96 44 72 79 59 99 72 94 45 41 51 66 53 50 93 56 58 99 67 21 59 54 24 9 54 10 35 5 86 90 29 43 77 27 56 75 92 63 37 6 20 11 74 43 73 17 14 34 21 3 41 24 67 74 35 30 1 2 44 25 34 33 45 18 52 30 26 56 25 17 91 50 48 64 64 5 11 47 72 82 47 91 88 80 47 87 59 36 56 72 17 36 29 83 50 45 66 21 68 76 42 23 32 0 41 85 53 10 87 
35 5 17 79 58 8 71 79 48 2 16 16 84 17 5 65 72 67 71 95 55 36 13 83 21 99 91 15 85 73 97 41 86 59 56 94 25 70 27 63 14 76 20 86 25 72 76 94 7 68 44 86 17 42 18 75 92 13 91 89 98 45 86 33 12 62 45 44 36 97 27 18 88 71 2 31 76 2 13 54 37 34 80 93 78 56 30 96 56 1 68 21 48 88 17 42 95 16 98 13 90 45 66 49 75 25 76 30 72 88 60 99 49 91 55 34 3 84 35 80 40 75 54 33 16 83 74 38 62 39 25 25 15 94 90 16 58 50 60 58 42 77 13 75 40 77 81 66 44 21 4 44 12 51 18 90 10 1 93 3 79 55 40 3 61 25 58 99 58 72 69 62 69 38 80 44 13 76 71 49 80 24 17 96 50 30 86 88 25 14 58 46 87 70 50 76 97 10 78 94 39 29 82 91 94 37 53 87 77 15 99 14 11 48 78 91 67 87 59 30 13 18 70 27 97 34 67 44 58 11 42 20 36 68 81 33 84 5 41 7 83 30 74 27 66 5 67 42 58 10 29 22 56 6 7 21 66 74 63 39 30 94 90 83 62 18 9 76 96 95 98 62 24 41 37 58 93 71 48 50 49 32 61 2 84 65 38 98 89 99 46 1 57 14 78 73 32 82 78 16 
42 61 65 58 64 9 94 12 31 19 37 29 80 28 13 83 25 75 40 40 35 56 56 69 76 23 10 35 39 44 96 44 61 46 95 92 78 41 51 33 81 44 94 83 64 54 11 45 96 81 43 20 79 77 29 21 47 66 7 0 14 96 7 30 46 58 58 44 43 21 10 65 62 43 0 6 53 11 14 71 68 54 57 30 6 66 69 39 85 18 71 18 34 79 51 72 16 34 8 50 82 78 77 23 87 34 45 41 74 78 45 51 74 58 76 81 8 12 48 4 66 48 19 27 42 44 68 78 48 37 43 97 56 87 19 61 60 35 75 83 28 75 94 39 2 58 78 71 16 42 98 3 88 18 88 16 27 52 99 90 9 23 17 27 1 68 71 65 72 26 12 49 54 39 48 28 63 5 18 82 35 33 87 62 73 22 24 97 85 9 10 51 88 80 61 34 92 49 67 28 43 41 66 11 37 81 31 50 26 19 4 55 44 35 84 71 33 12 61 98 51 69 10 76 69 89 23 63 77 7 6 10 47 86 91 24 32 93 59 69 18 12 91 78 64 14 83 27 73 70 77 3 34 28 32 18 55 93 99 18 49 29 52 42 81 20 61 98 68 75 84 57 56 89 53 63 90 82 18 30 52 6 6 47 17 24 10 61 75 97 69 50 40 48 1 26 4 36 95 95 
49 44 26 49 16 54 9 37 23 21 51 48 24 23 23 19 93 47 14 65 84 64 97 33 85 3 85 32 25 49 28 64 86 55 1 90 29 33 95 54 71 33 44 21 26 22 24 63 57 25 7 89 91 22 23 93 33 18 64 33 87 7 50 41 32 13 89 24 15 20 96 48 17 61 92 56 96 62 85 7 50 36 88 99 63 27 43 11 35 25 99 41 48 87 92 82 78 32 6 67 23 66 14 8 17 26 54 99 54 31 98 99 84 98 55 25 93 96 97 51 52 1 48 99 92 88 38 95 57 6 0 70 57 19 30 9 37 63 24 64 48 81 71 74 46 10 71 72 64 72 77 0 20 69 36 61 97 42 20 75 76 71 48 23 76 88 44 85 46 48 57 3 16 57 60 22 29 85 64 12 82 96 24 64 78 29 24 77 28 9 86 35 84 78 28 48 1 44 5 46 59 38 13 38 53 98 5 49 68 6 62 88 8 34 56 1 74 26 30 4 43 10 0 11 1 51 18 6 72 83 39 30 58 99 80 92 77 73 26 16 72 77 89 14 32 16 15 56 1 83 80 2 90 92 75 91 22 98 92 29 87 66 96 91 71 46 78 24 32 77 95 70 88 6 73 36 66 34 19 61 87 68 60 31 41 67 37 83 51 68 60 17 73 16 66 37 99 0 63 35 
20 34 97 81 9 50 38 75 9 70 38 0 4 94 56 58 23 4 31 78 98 87 97 73 76 13 63 98 50 31 19 89 94 96 34 67 30 76 40 19 58 74 54 13 26 52 55 85 56 38 50 25 12 34 38 70 1 2 77 21 71 86 67 58 41 44 55 37 88 97 68 60 93 54 37 55 44 78 72 82 17 30 68 24 20 54 25 20 43 90 18 5 18 89 21 13 62 53 61 15 31 35 76 57 57 44 2 39 48 53 61 58 42 2 43 63 19 45 61 35 87 9 9 39 21 9 98 32 56 27 34 49 74 92 17 12 78 10 13 93 70 68 1 24 86 4 81 46 16 82 50 31 44 56 54 63 18 29 83 93 41 31 36 39 46 16 80 23 81 11 18 37 19 59 76 62 34 83 4 32 57 50 92 28 15 86 77 4 17 73 86 81 29 56 50 4 46 29 79 63 78 36 45 6 75 42 98 22 89 12 83 3 62 12 55 13 23 19 14 76 71 46 89 12 21 90 68 49 15 69 0 3 4 64 74 58 61 10 79 58 84 26 69 57 93 44 7 47 17 99 85 45 39 63 71 9 9 17 1 34 68 16 25 89 20 75 97 35 38 2 99 60 38 21 0 79 83 98 44 58 5 35 58 96 86 52 75 66 8 14 11 71 26 28 36 67 45 73 26 66 
77 99 35 88 96 22 27 41 11 39 66 78 46 30 17 5 88 82 79 9 27 52 5 92 21 11 80 55 20 91 85 35 55 27 61 72 26 84 14 34 90 10 38 7 65 80 62 96 56 72 58 71 61 32 43 80 52 44 69 39 77 24 14 10 88 28 86 47 55 83 13 39 47 31 18 84 1 78 10 81 79 82 52 52 31 49 29 77 0 24 83 39 39 60 38 14 35 86 87 80 64 99 20 85 76 3 3 18 27 11 55 91 52 52 37 24 17 59 87 5 48 18 66 85 86 20 27 57 29 91 34 44 96 69 16 90 17 69 86 85 66 28 47 15 12 99 17 94 54 46 22 41 21 78 26 4 23 15 71 65 9 89 1 83 80 88 63 26 15 17 94 33 35 3 12 21 67 86 64 39 34 59 52 84 18 32 39 63 10 17 72 87 87 28 22 41 71 20 38 83 90 80 18 46 74 10 96 37 36 86 82 7 74 1 82 52 80 85 13 95 34 63 16 58 53 70 39 1 82 18 37 72 69 37 48 43 46 81 25 39 7 18 39 82 50 44 97 47 86 88 56 8 4 84 69 0 33 25 83 80 48 33 69 56 85 12 39 18 7 42 77 90 82 46 71 84 93 85 27 26 57 70 4 41 88 36 85 19 63 12 89 3 98 41 56 20 13 70 14 25 
2 51 75 12 30 42 47 1 24 47 94 1 57 69 98 76 73 8 27 44 20 60 59 24 16 15 76 32 2 26 95 65 67 23 58 39 33 95 97 60 91 86 24 0 85 40 72 23 43 79 43 55 52 12 92 39 9 90 83 15 7 4 33 69 62 39 84 28 11 36 54 58 61 15 35 39 18 76 63 35 3 25 33 20 50 20 84 14 42 62 15 47 25 36 80 39 37 70 24 58 24 73 83 27 30 45 21 89 7 87 40 68 81 50 72 91 46 84 67 47 38 52 95 22 60 7 88 49 35 52 66 91 7 27 46 3 83 44 96 71 77 92 70 10 32 23 27 75 78 13 69 44 78 15 91 57 23 40 73 40 86 13 78 77 0 97 73 26 96 49 19 29 23 55 16 89 65 99 3 65 91 62 87 11 98 27 55 88 67 4 83 92 78 14 12 85 56 59 23 67 0 51 2 23 54 84 12 68 15 71 97 9 40 64 79 92 93 33 54 3 15 82 67 85 61 38 37 7 31 70 23 75 84 38 1 37 14 68 89 48 7 54 49 71 83 94 6 33 47 67 6 10 68 98 71 39 68 34 67 83 20 29 67 98 31 62 92 70 22 71 75 65 57 92 51 71 88 76 92 84 5 28 78 36 33 92 40 73 30 8 35 9 64 12 46 52 10 68 99 48 
75 35 65 59 36 57 76 80 32 10 62 99 99 41 83 66 23 77 87 80 28 34 90 68 38 43 16 93 85 27 26 41 4 18 21 6 76 86 78 92 95 41 38 32 52 60 83 64 30 16 86 20 9 76 26 29 63 23 65 44 39 44 29 78 86 83 70 17 98 74 62 17 0 60 78 44 13 32 91 54 45 13 51 25 3 24 24 12 66 31 17 67 84 45 45 6 4 43 36 41 14 9 49 88 12 99 32 62 85 69 3 76 72 85 52 27 34 4 45 93 81 92 24 24 85 89 60 63 79 52 44 67 23 80 74 89 66 7 90 52 65 76 64 89 89 27 99 65 15 96 64 68 81 72 39 84 34 61 7 31 10 12 84 12 22 98 88 91 43 74 3 84 73 52 64 74 45 11 63 45 86 10 8 48 48 54 48 15 46 75 71 19 34 3 9 71 59 71 25 19 58 35 55 27 52 57 44 99 67 21 84 9 42 88 19 70 38 59 0 92 26 38 86 87 63 12 11 71 73 71 68 18 40 71 29 25 34 16 65 16 84 90 98 38 68 62 20 54 14 93 11 56 38 90 66 15 48 43 75 43 64 27 13 50 21 8 43 54 81 12 30 33 71 21 8 47 7 26 83 40 13 35 66 56 1 60 73 3 50 40 51 56 53 35 75 99 76 49 76 30 
6 89 62 73 74 35 84 90 60 6 64 56 78 13 75 6 91 74 57 2 68 64 61 46 88 77 52 3 18 75 76 68 16 24 31 86 45 63 25 89 18 85 99 81 62 96 88 90 45 55 45 53 11 82 87 53 68 39 19 84 2 13 23 57 72 48 92 34 14 77 0 1 30 44 8 17 89 67 16 34 55 16 81 80 58 42 11 56 58 64 73 88 57 67 94 21 65 61 45 38 14 33 39 58 36 89 27 46 26 86 34 92 68 71 25 31 66 36 16 69 5 25 88 41 54 53 67 52 69 52 42 2 24 28 7 56 31 90 72 45 14 89 56 98 25 55 85 2 31 69 82 6 54 52 57 60 70 32 83 82 88 7 83 53 89 37 0 99 36 79 43 38 64 97 21 78 57 5 53 12 56 89 20 88 69 43 20 48 20 43 18 74 16 77 16 1 36 17 15 54 94 47 57 4 33 2 73 37 85 48 69 67 86 54 12 71 73 86 1 27 33 70 81 2 66 67 73 12 95 98 78 66 74 46 76 9 48 42 84 10 88 72 89 57 36 38 65 82 46 31 73 39 5 74 10 68 49 83 34 35 70 58 19 11 35 92 81 71 46 71 94 75 99 97 17 59 67 56 59 51 94 92 54 13 43 94 11 17 58 56 27 10 42 85 28 37 94 30 1 63 
70 16 39 38 82 36 41 72 10 37 66 40 42 77 18 97 60 50 54 60 52 14 0 60 95 13 31 60 23 63 46 41 37 18 91 16 16 28 62 14 74 51 30 54 45 84 47 59 43 71 45 79 41 10 10 63 56 20 50 35 53 91 78 52 71 27 54 25 46 77 66 19 2 16 56 65 44 15 11 86 21 64 15 60 61 95 35 81 94 29 43 52 40 7 72 26 71 9 60 85 67 12 86 48 51 96 50 81 74 26 93 88 29 81 36 24 73 13 33 31 80 41 65 37 62 1 51 13 42 72 46 19 36 92 39 41 49 30 81 77 57 35 25 91 76 87 71 95 29 5 42 85 67 3 36 87 20 24 25 86 31 35 42 21 32 37 23 30 31 2 90 39 41 92 22 8 46 56 22 37 36 2 56 98 74 3 76 34 77 53 81 1 23 94 49 53 92 96 52 63 74 76 43 49 67 72 82 75 62 11 52 78 59 0 9 12 34 46 69 13 15 30 59 34 81 93 64 80 44 44 89 43 61 93 42 28 95 48 16 75 89 13 93 85 21 92 59 25 15 10 35 65 74 54 43 16 38 21 81 6 39 85 46 27 49 72 21 99 80 15 88 54 98 8 73 31 35 61 41 50 28 22 54 99 55 90 73 97 38 72 66 34 18 20 50 23 37 77 46 24 
31 69 74 66 70 15 21 56 72 87 39 59 94 51 78 25 46 29 65 47 96 29 10 42 80 8 11 27 30 85 16 33 83 98 67 60 88 34 63 36 93 79 89 72 36 11 19 59 26 23 55 87 68 41 9 8 50 5 56 87 40 14 26 92 61 87 9 68 49 10 92 51 18 71 7 65 55 29 26 87 99 84 24 60 20 46 18 45 7 95 57 70 54 99 74 71 81 11 57 42 53 98 0 84 54 30 25 65 90 41 41 63 95 25 38 64 53 19 99 73 24 55 6 2 33 13 55 42 82 10 51 89 7 99 12 89 34 45 91 21 90 32 45 77 28 13 78 13 50 85 75 44 60 92 75 53 12 14 29 83 29 21 48 66 59 55 82 20 17 6 69 1 75 61 15 59 10 80 9 9 60 43 66 85 36 75 85 52 64 33 56 72 73 71 50 53 2 60 36 69 16 28 71 93 76 0 25 69 6 87 73 6 78 5 96 22 28 98 6 46 40 15 96 59 62 84 11 82 64 14 24 2 2 87 94 69 93 66 85 45 39 21 68 80 70 95 17 85 3 87 23 5 29 14 5 94 30 13 1 69 16 27 68 82 40 88 44 92 39 86 2 90 58 66 68 25 45 50 50 75 18 94 73 47 62 1 39 34 71 37 70 54 35 61 87 76 13 30 82 7 
62 68 79 75 35 99 67 24 50 81 77 27 88 97 6 13 76 85 23 2 65 64 53 60 9 83 65 25 66 41 85 82 22 29 26 45 61 91 40 8 41 49 19 51 18 42 20 63 83 24 43 96 57 99 98 64 61 6 17 69 67 46 75 37 49 31 10 12 61 10 43 34 48 20 57 53 39 29 65 77 2 85 52 10 42 5 36 98 59 57 29 52 7 60 26 44 18 49 35 28 6 52 48 42 40 44 5 14 4 24 71 87 26 16 71 49 10 74 17 46 76 72 80 90 35 95 93 30 7 68 69 8 1 6 10 23 64 81 80 18 89 53 16 12 54 74 82 81 6 94 0 44 28 31 50 66 22 92 11 9 4 18 80 46 2 23 35 27 2 65 27 49 97 72 98 93 27 62 71 14 0 82 65 47 2 31 19 33 33 86 70 43 3 74 36 64 24 52 43 52 46 14 25 95 84 59 28 22 28 60 53 60 20 13 40 0 95 39 0 83 88 73 37 21 37 57 33 91 39 32 32 51 65 56 49 83 4 96 30 11 78 29 75 30 50 60 34 99 42 40 35 76 66 45 96 47 52 97 72 26 44 99 87 32 95 25 81 6 58 86 48 24 73 4 55 41 97 90 5 28 20 61 65 8 99 23 47 12 96 4 47 39 27 49 44 19 87 75 92 33 
81 98 6 80 16 33 68 81 61 63 94 87 49 74 2 46 84 18 74 30 61 66 87 64 31 43 15 92 26 65 26 93 59 91 44 85 84 12 62 6 99 35 57 99 84 95 87 91 1 75 5 63 74 81 21 47 25 68 33 14 43 36 55 61 68 21 50 29 96 10 13 8 23 59 35 74 25 21 22 51 57 29 24 96 43 59 43 94 1 36 44 74 71 71 51 76 81 76 64 89 77 10 97 50 72 78 46 6 46 91 17 2 85 80 23 69 45 92 79 90 73 28 10 8 90 66 54 17 90 33 39 64 58 9 58 29 7 68 64 76 92 89 6 88 72 88 51 69 68 42 51 82 52 79 9 76 47 93 0 29 10 99 77 4 80 10 68 17 47 98 3 87 86 12 95 25 63 42 30 10 3 91 53 60 32 21 67 22 34 41 25 64 18 78 95 47 90 97 35 50 1 63 1 93 54 34 51 32 30 89 74 54 19 27 40 78 70 51 95 41 84 69 97 42 9 99 30 82 41 66 31 4 68 23 41 0 64 74 42 30 96 9 5 18 91 84 0 97 9 56 16 55 69 21 85 18 8 89 28 85 97 58 29 58 73 63 22 5 61 29 35 43 81 75 65 6 0 76 52 49 54 20 4 98 68 18 87 54 26 32 23 56 25 24 95 58 32 97 58 20 
60 9 96 35 95 86 8 5 1 58 18 30 96 56 82 63 34 55 1 44 68 45 61 7 70 60 35 90 48 4 80 13 19 33 24 33 99 38 76 61 27 35 17 43 20 3 54 57 95 8 25 21 26 71 40 77 11 7 15 7 85 85 68 4 35 66 47 75 52 56 88 68 78 18 97 30 1 29 8 14 86 66 57 21 87 78 71 19 77 52 69 33 29 74 50 32 14 83 30 95 0 23 79 43 1 35 78 97 4 30 80 48 83 60 91 15 91 35 82 13 31 59 31 95 89 30 70 58 0 8 99 2 79 87 71 22 81 18 73 57 17 31 22 96 67 66 21 81 72 68 81 83 10 69 31 59 36 10 20 94 49 5 15 40 18 88 95 25 41 20 64 58 87 19 2 14 30 9 74 61 51 0 96 49 30 37 68 55 92 28 77 40 52 51 38 53 69 31 3 96 50 64 96 51 19 6 69 78 67 52 9 72 11 80 99 74 74 27 70 20 73 30 63 16 77 37 61 92 75 11 27 94 47 22 18 94 72 69 53 52 51 7 84 98 90 86 82 84 39 83 65 62 20 24 19 58 33 27 6 78 0 89 15 68 81 43 72 73 31 11 71 47 93 31 90 26 80 93 17 85 24 94 49 56 97 41 34 61 36 70 62 31 38 52 95 54 40 54 35 53 
39 65 20 36 14 22 15 14 2 34 24 38 6 91 14 48 23 45 78 2 41 85 54 47 66 80 84 72 83 59 52 30 97 53 10 39 37 31 47 56 0 71 75 90 32 87 52 20 11 28 73 45 45 76 69 18 27 85 4 62 50 11 62 3 25 1 3 64 99 11 74 49 73 30 23 11 59 37 87 57 28 38 53 78 19 56 90 11 79 72 4 19 82 69 72 46 74 25 9 7 8 32 49 61 77 63 66 51 86 73 43 83 35 60 36 36 8 48 7 28 10 40 41 88 31 73 56 29 12 99 54 47 75 73 22 28 98 16 57 19 14 43 8 54 47 34 57 44 95 88 35 39 29 49 57 5 20 8 85 29 36 97 81 85 93 58 78 90 38 31 97 43 59 36 71 65 73 26 95 47 77 57 58 21 40 24 42 90 50 69 31 94 66 54 10 45 89 60 66 22 93 80 32 67 36 87 18 81 45 6 52 75 50 13 59 18 98 80 2 47 25 32 94 40 78 31 16 31 68 58 36 37 84 25 60 91 6 8 34 71 82 97 7 44 89 27 52 9 20 97 95 3 92 13 46 18 38 19 53 71 73 76 34 19 22 60 28 2 36 60 40 37 32 20 56 60 42 80 84 80 77 84 56 40 71 45 19 18 73 34 60 45 57 55 6 20 9 40 96 5 
99 10 51 87 65 58 43 77 99 98 36 85 66 72 36 20 91 35 81 98 29 56 21 52 12 42 98 96 34 14 43 60 78 38 14 99 6 87 64 73 53 20 50 13 10 93 9 96 20 36 96 55 46 62 40 13 69 29 88 2 83 25 63 11 94 5 15 19 42 79 27 78 75 26 71 92 50 71 22 8 33 46 28 53 54 51 66 0 68 57 54 71 28 45 63 26 11 14 33 64 47 35 93 73 75 81 43 85 58 27 43 79 47 75 9 27 6 24 65 73 59 41 3 99 64 75 3 52 64 13 11 86 53 82 32 61 5 20 7 58 25 8 20 91 86 79 68 15 49 3 86 43 27 9 43 54 16 9 87 99 29 62 99 77 49 77 37 32 54 96 69 81 0 55 85 38 13 53 31 91 80 10 62 44 3 33 82 40 60 6 39 21 28 66 72 61 83 2 13 60 58 67 70 27 90 7 87 41 32 77 60 68 62 61 3 26 21 66 92 32 99 15 64 99 82 8 6 1 26 39 46 74 20 11 83 4 60 28 84 36 24 71 45 90 41 30 7 62 57 35 77 8 25 82 80 60 94 49 77 63 39 28 42 90 21 44 11 92 65 78 89 46 41 35 48 77 93 23 16 76 96 81 41 14 56 14 92 58 34 28 94 49 73 3 83 8 48 60 89 38 
18 46 98 17 42 50 24 48 15 40 60 79 30 23 20 67 33 15 85 27 82 29 95 64 73 62 75 83 98 37 55 96 54 15 52 11 96 72 28 60 95 7 13 5 22 57 50 86 87 82 25 60 95 12 85 15 70 28 64 57 2 58 76 20 67 61 41 13 10 99 50 73 44 82 33 68 45 59 64 97 39 38 94 1 1 22 4 16 57 58 52 88 73 88 52 67 74 93 75 59 1 45 77 51 99 12 27 41 46 14 96 90 72 71 58 10 99 6 21 13 14 63 86 93 27 2 82 1 17 10 76 4 88 69 29 58 19 46 19 80 78 53 76 31 20 98 99 39 2 28 6 91 12 19 62 72 87 88 64 49 28 40 82 26 4 4 90 98 89 87 45 29 0 52 2 50 43 58 43 55 25 65 25 38 16 99 28 76 18 42 61 49 30 76 80 87 85 65 12 10 48 7 93 51 49 32 40 15 62 23 40 83 61 68 80 78 77 33 12 47 91 41 38 35 68 33 42 36 42 44 43 35 65 99 67 64 1 92 80 68 49 61 81 31 37 33 37 2 72 84 90 11 19 8 21 16 82 59 83 9 60 9 35 53 92 89 83 2 71 76 88 15 39 97 10 95 30 5 27 12 4 37 22 49 21 8 3 68 31 30 41 94 98 77 0 80 44 95 77 90 
47 37 55 70 21 55 87 23 16 35 81 70 30 78 84 57 58 16 12 38 35 47 31 67 89 39 19 31 26 33 65 35 30 9 41 79 42 17 84 82 50 91 61 81 65 50 1 91 97 24 41 44 67 41 85 55 40 67 70 64 61 78 80 35 56 39 1 95 39 61 93 30 24 13 30 85 50 93 11 54 48 64 44 68 31 73 52 39 32 42 99 1 38 66 68 4 37 12 29 37 76 62 18 5 8 26 48 90 49 44 3 39 24 49 78 3 14 62 62 23 21 27 48 71 32 61 26 44 91 98 12 99 4 52 15 4 43 93 75 43 81 94 82 58 15 2 68 41 65 56 92 59 34 90 95 38 8 92 99 45 81 44 6 71 31 96 89 38 12 95 3 25 59 3 34 43 21 23 65 10 23 99 38 55 7 52 46 70 90 78 49 79 37 71 32 54 94 17 22 45 37 51 56 24 50 56 29 46 41 24 24 41 81 96 45 70 17 72 43 34 25 3 54 76 35 49 72 12 81 68 19 75 14 97 59 92 15 0 18 3 24 66 63 72 63 14 71 53 16 90 57 39 17 12 37 51 25 25 15 17 43 95 29 5 84 77 98 57 37 43 0 5 86 85 33 5 8 13 25 4 27 59 27 30 32 75 42 3 60 56 77 8 49 40 18 59 23 16 62 78 
57 22 25 97 54 23 18 49 85 50 64 43 51 38 59 16 83 95 56 53 71 12 75 95 31 75 68 85 50 81 72 21 39 0 92 43 60 10 34 83 53 8 27 42 24 3 88 84 53 65 21 77 27 40 55 56 8 94 9 83 58 20 46 20 38 37 13 95 13 81 60 53 60 99 69 60 29 6 14 17 4 43 92 67 7 68 35 76 24 95 23 36 82 22 70 12 67 21 20 53 93 85 47 45 12 32 96 79 82 44 41 38 64 80 5 2 29 65 57 39 80 61 37 53 27 26 26 5 97 1 21 76 23 81 4 45 7 5 27 29 16 92 33 40 46 57 80 83 17 14 71 0 36 45 95 26 8 76 32 74 53 52 80 73 64 41 44 11 29 53 62 95 63 71 58 51 90 13 85 31 72 39 52 53 39 22 89 99 50 33 34 37 86 15 5 40 19 45 11 68 59 29 21 85 98 44 45 3 59 52 5 15 66 16 43 24 98 64 31 72 13 68 14 72 73 88 88 61 33 58 81 79 65 55 36 22 74 87 24 32 73 2 6 66 14 58 54 46 76 71 9 96 0 93 19 36 77 2 70 4 22 15 63 14 38 46 23 52 79 88 24 73 78 60 69 59 69 29 60 87 26 40 99 9 55 5 25 85 91 10 41 24 45 36 63 39 62 43 14 73 
75 80 42 35 40 41 58 61 62 67 33 51 28 26 21 69 32 6 12 42 27 30 6 99 34 14 55 95 79 48 21 2 5 6 68 98 51 97 90 57 26 22 13 77 85 14 47 53 52 15 20 73 88 9 54 87 63 56 77 90 82 32 40 43 79 22 64 6 96 37 23 19 41 57 72 46 53 83 65 92 18 57 61 8 3 87 19 73 77 14 67 72 98 48 51 87 82 93 20 79 14 32 3 39 54 80 46 3 53 73 44 72 68 6 75 16 91 33 55 56 31 17 27 52 37 90 47 48 41 34 94 36 2 46 57 61 57 76 71 65 25 88 34 95 14 77 66 37 29 10 65 26 86 72 95 19 35 5 34 84 25 97 9 67 48 44 60 16 83 40 84 19 0 57 4 86 13 2 11 79 48 10 28 89 45 99 38 94 85 37 42 48 73 86 85 98 99 45 38 22 4 49 83 56 99 39 3 53 25 86 44 85 73 85 82 6 82 63 88 67 39 27 41 44 2 46 78 94 56 1 30 49 31 53 69 99 70 54 61 60 21 80 2 4 20 52 38 25 81 70 45 66 72 74 57 27 67 68 39 18 78 56 60 54 85 86 75 81 15 51 28 91 74 48 90 20 60 50 60 14 67 75 41 57 81 74 92 7 65 21 54 76 86 19 64 48 29 24 95 66 
97 5 99 13 3 99 74 89 22 20 96 25 36 43 4 38 89 52 4 14 0 84 42 38 84 89 98 29 28 85 95 90 30 88 86 83 65 84 88 67 25 93 6 97 95 16 66 83 45 90 92 61 83 17 52 81 39 31 98 43 94 3 69 25 27 64 16 45 91 67 99 14 14 61 2 91 89 49 87 30 84 39 44 20 31 88 98 49 39 0 80 31 6 54 79 46 51 62 99 59 54 25 2 25 88 48 8 88 38 42 95 23 67 36 60 79 71 14 29 58 97 52 48 13 57 60 52 66 27 37 62 9 66 77 99 37 76 3 68 17 0 72 14 8 82 19 56 46 4 86 57 60 53 31 50 65 42 55 12 65 66 6 45 26 14 55 17 86 57 37 39 1 78 94 73 4 68 87 0 16 33 9 31 42 30 82 18 51 2 14 50 63 9 80 4 4 90 4 84 76 5 23 27 11 14 9 26 94 26 97 4 2 43 97 93 61 17 40 1 50 12 98 92 12 83 99 79 45 32 42 28 51 17 63 21 70 57 27 31 35 47 35 32 8 53 80 53 13 54 37 61 67 93 70 25 3 73 31 59 14 77 72 9 90 47 51 26 27 94 74 42 19 12 88 64 54 93 62 21 62 39 34 76 22 4 10 5 66 91 73 78 90 80 3 19 43 39 47 28 10 
57 18 81 10 92 61 29 80 64 25 39 8 99 50 8 91 14 42 53 95 68 48 57 75 27 25 14 60 64 33 97 7 84 1 34 39 16 60 1 13 12 99 13 54 80 37 35 2 63 3 19 59 29 8 65 87 82 5 54 97 79 91 16 21 85 85 87 7 72 20 41 34 53 23 17 42 87 4 16 2 98 72 56 94 57 34 84 3 50 87 91 80 36 28 84 10 12 37 91 87 67 33 58 11 78 82 22 46 47 58 22 92 76 6 16 39 89 1 48 47 75 64 50 36 74 17 55 16 58 6 30 52 69 24 42 28 52 71 64 47 81 31 15 92 60 7 48 40 88 45 39 67 44 3 13 96 25 85 56 40 91 15 52 49 39 8 99 61 83 30 15 60 32 20 98 78 19 93 98 39 75 67 87 95 50 49 70 29 10 60 3 29 82 68 5 25 57 65 84 34 82 80 43 7 33 47 59 42 64 88 84 53 94 22 70 50 24 28 71 39 77 31 24 89 47 81 69 95 62 35 68 26 69 83 48 74 75 99 70 32 16 94 16 69 80 2 54 73 43 10 66 66 61 76 99 42 76 79 92 48 19 87 5 70 41 81 30 23 75 53 51 79 63 29 8 9 90 20 46 88 86 6 69 85 23 10 20 66 94 1 82 8 80 85 62 86 98 94 21 79 
5 51 34 4 40 52 71 32 7 87 42 75 10 13 66 14 46 34 99 55 8 64 87 35 24 51 59 46 15 21 85 77 60 64 7 79 19 36 80 65 72 43 82 98 11 30 68 67 39 18 92 26 60 58 47 25 19 39 60 5 77 70 55 84 29 52 67 32 50 64 45 73 80 20 58 76 24 9 55 97 70 89 7 82 34 94 71 45 90 64 81 13 39 61 57 3 19 44 64 6 18 28 41 24 88 47 78 47 61 75 39 28 26 67 37 77 55 17 33 65 57 3 22 64 66 95 52 12 3 27 27 3 86 37 40 89 7 15 62 69 8 99 63 51 19 41 16 21 23 25 75 55 55 22 95 11 30 83 69 53 4 14 73 5 24 74 50 10 38 41 82 19 86 65 6 64 58 54 2 43 9 25 31 28 53 91 28 26 42 77 66 38 39 47 60 85 40 67 7 97 9 35 27 96 98 33 41 97 67 46 29 23 62 33 75 59 70 34 2 96 91 14 1 21 80 68 2 35 51 92 83 31 3 76 63 50 82 76 77 87 1 22 19 65 33 13 77 34 87 74 75 3 32 37 33 89 94 41 57 98 85 66 46 60 61 29 43 51 50 45 86 6 1 9 70 20 19 6 71 35 72 59 56 73 70 2 81 97 65 92 35 8 69 52 33 40 14 60 36 56 
27 0 40 62 67 99 68 98 55 32 60 51 84 69 6 59 44 46 3 38 42 79 63 47 43 58 10 27 19 60 88 9 73 18 80 98 58 81 44 93 50 53 76 74 44 41 64 97 71 43 86 76 25 85 45 20 57 73 42 80 87 49 33 6 55 14 72 32 18 34 14 86 88 11 19 0 23 10 85 43 38 56 50 11 10 55 36 83 61 92 30 28 55 8 17 63 18 21 53 78 24 66 74 9 92 61 53 57 89 72 43 72 78 50 79 10 79 96 78 48 15 91 68 71 51 47 38 83 77 9 60 93 68 17 72 49 59 68 74 80 64 83 25 81 91 75 57 82 7 76 22 10 56 91 90 45 94 37 75 55 25 68 91 0 5 52 0 48 28 7 46 74 94 96 98 54 92 86 68 0 92 91 40 55 59 59 22 53 56 11 52 55 25 61 80 93 80 98 70 64 80 98 97 11 83 91 84 91 62 56 60 10 22 66 49 49 73 3 26 41 7 63 49 11 50 97 58 34 24 76 10 78 98 77 55 3 60 74 50 48 64 31 50 60 47 20 15 17 22 12 29 51 0 80 90 7 80 95 89 93 30 37 92 54 79 85 44 62 77 15 12 1 27 37 48 4 0 34 55 67 37 53 23 32 18 15 83 42 66 87 0 36 82 57 76 80 54 13 25 39 
41 13 2 9 94 14 67 92 12 82 69 62 87 70 64 36 31 43 52 6 36 86 57 71 51 44 35 59 0 93 52 52 52 93 68 57 46 40 20 54 32 2 38 51 19 19 12 83 67 40 1 73 60 43 19 8 1 99 23 52 33 6 19 91 4 9 42 77 70 13 49 80 71 26 24 71 18 1 87 64 79 38 86 4 43 26 46 58 22 17 46 71 8 39 76 49 6 75 1 57 95 37 32 35 59 80 73 40 12 95 45 41 43 70 43 78 4 79 62 4 87 22 22 12 22 28 17 53 1 3 7 5 57 94 7 54 88 18 79 35 0 26 6 76 94 23 61 33 97 59 28 99 3 67 89 95 46 86 56 37 83 64 69 48 67 14 52 7 7 92 88 51 22 61 22 70 21 17 70 19 54 97 62 63 59 31 29 24 57 36 15 35 36 90 16 99 74 69 2 0 84 8 54 2 95 80 13 26 7 1 91 45 12 42 57 55 42 90 44 90 75 82 45 20 73 9 54 58 37 77 33 10 50 44 91 54 7 75 95 18 89 14 89 71 83 80 33 5 90 12 17 70 59 36 94 32 94 46 9 81 89 0 44 49 90 63 18 96 89 83 53 88 98 28 10 77 18 17 43 75 35 62 12 96 73 59 14 83 90 48 51 4 34 45 9 69 15 62 43 36 
42 83 65 17 87 8 56 27 46 97 41 34 66 68 9 84 62 55 85 21 10 63 70 23 87 1 95 53 90 32 22 66 46 35 49 85 68 45 70 76 30 10 77 86 95 48 4 70 38 2 19 61 61 95 5 81 32 27 70 27 42 21 23 33 52 44 15 48 72 27 48 29 47 94 33 71 25 20 9 45 88 94 64 60 4 17 39 79 66 67 66 13 84 46 66 38 16 57 45 58 95 39 33 78 76 97 63 1 17 59 52 86 45 38 32 6 62 56 10 69 25 73 84 40 24 77 87 66 7 70 14 74 50 56 87 3 42 9 78 87 22 37 41 21 8 14 31 95 44 37 1 55 48 78 86 76 57 88 70 90 65 20 65 94 13 50 85 36 73 36 93 14 81 23 36 2 90 51 73 55 54 47 80 64 88 57 69 52 4 7 15 37 69 22 76 80 12 21 51 92 4 25 54 2 62 8 45 61 7 20 99 85 83 66 95 74 0 98 98 42 40 93 3 18 8 40 86 32 1 66 25 81 47 37 40 7 84 85 89 57 86 6 15 90 48 2 10 47 49 34 63 20 70 66 32 32 9 10 71 92 63 40 95 57 88 75 95 21 63 36 42 64 55 3 63 75 56 28 74 72 39 40 61 63 85 42 84 64 77 53 35 99 28 28 2 65 16 91 63 7 
37 7 58 76 91 17 13 81 72 7 81 49 49 72 85 19 34 30 17 54 87 96 50 28 93 8 64 36 66 9 84 30 99 74 39 10 6 35 3 23 83 68 8 5 0 99 58 71 93 1 45 26 57 48 52 96 5 22 50 56 76 6 66 94 36 35 39 33 55 18 3 16 2 97 51 50 83 96 71 41 21 55 94 92 76 92 45 19 8 6 13 27 26 29 18 35 89 24 92 99 31 73 83 43 65 12 19 46 67 55 46 83 10 21 6 47 78 92 98 17 32 91 51 38 5 43 42 97 61 65 48 18 70 88 10 93 99 57 2 78 59 77 6 26 6 17 8 13 67 88 9 45 99 32 50 1 41 18 11 56 74 76 6 15 15 92 84 26 88 70 42 82 8 5 71 66 74 66 3 56 90 37 79 65 89 20 72 80 69 8 62 95 8 7 82 38 14 28 37 34 73 53 61 82 69 67 61 35 45 41 17 69 0 66 41 39 39 32 67 23 66 77 97 63 4 65 71 55 60 80 1 48 54 2 65 85 7 95 28 36 1 20 21 95 24 19 57 64 8 82 29 65 15 63 17 84 90 23 87 18 17 16 72 6 86 39 9 24 26 38 56 75 50 34 35 0 99 85 93 80 49 6 72 63 73 20 91 78 53 80 25 34 56 45 46 74 82 50 61 11 
1 87 93 26 57 48 95 30 33 59 8 54 38 2 23 93 39 48 50 8 70 60 30 65 90 54 19 93 14 82 72 18 52 47 91 70 78 21 85 22 41 21 97 32 38 32 58 51 18 53 25 72 9 87 60 21 70 44 51 43 9 76 12 33 73 28 62 87 92 69 42 68 80 92 22 24 42 51 69 17 90 89 82 0 60 78 24 34 93 89 34 68 19 35 64 96 94 28 54 96 35 40 80 8 13 70 6 79 29 8 64 94 6 55 48 97 74 44 46 94 59 47 29 83 85 55 60 70 23 83 80 51 73 11 32 6 81 70 9 81 36 50 99 4 62 28 87 35 89 57 67 36 7 86 90 77 43 96 49 36 9 40 82 78 52 85 78 77 59 77 87 18 27 49 82 21 60 95 91 57 70 86 73 87 21 17 75 6 48 79 25 94 71 95 6 2 16 94 83 54 68 29 96 13 53 73 65 38 5 24 88 45 4 58 5 92 59 28 6 94 49 87 1 68 6 52 26 23 66 31 57 29 67 69 24 95 22 51 53 70 16 23 70 77 35 65 48 83 82 55 37 5 50 61 41 30 50 27 52 40 57 83 62 10 57 22 23 60 72 42 32 87 15 85 61 6 1 60 5 44 61 10 54 3 45 7 86 7 46 17 91 91 70 34 77 89 14 22 49 76 
56 62 35 39 98 41 17 56 24 22 59 46 74 86 11 23 57 91 30 12 79 62 46 14 45 93 57 81 49 83 18 79 25 28 83 67 38 72 27 51 24 59 12 15 41 51 91 38 28 9 82 81 40 44 59 22 41 35 12 55 55 65 15 77 48 79 38 99 79 64 13 18 74 8 79 93 19 51 78 88 91 15 31 66 26 93 33 59 79 92 1 31 59 35 22 9 60 87 18 15 40 23 60 91 37 32 24 13 44 80 88 85 73 27 84 39 45 16 4 9 2 92 60 49 66 9 88 92 43 17 85 47 14 61 57 0 39 59 62 22 87 73 33 76 87 25 96 28 76 34 8 24 11 28 13 37 51 11 62 6 41 28 53 14 0 68 86 86 21 41 23 94 64 79 97 79 40 79 37 44 71 42 77 27 30 15 28 75 35 14 54 39 91 72 17 89 39 14 65 88 89 63 18 16 97 24 24 48 29 95 62 20 27 16 47 75 6 34 93 62 10 64 78 11 85 2 89 64 14 47 76 84 71 0 7 99 47 15 58 72 41 68 39 76 12 8 14 32 47 92 44 51 7 24 13 81 38 92 93 19 46 25 69 20 83 25 67 40 53 97 79 47 21 55 84 48 33 83 78 30 82 93 29 82 66 63 98 10 23 17 73 86 31 18 55 81 32 69 56 87 
57 0 28 0 5 11 33 63 43 84 68 68 99 65 84 15 37 67 47 98 3 42 21 80 72 9 50 52 86 96 47 43 75 63 79 1 16 48 66 67 29 99 14 20 73 37 22 93 37 95 31 13 35 61 41 43 13 59 30 22 34 94 0 30 68 2 41 16 38 42 47 22 24 93 42 60 9 60 41 18 33 88 58 59 95 33 57 65 40 3 7 18 56 48 84 90 0 46 55 86 13 98 92 81 32 77 14 97 63 82 22 40 22 61 68 7 54 75 41 23 10 93 57 70 23 69 21 52 78 2 55 87 39 47 29 48 32 39 88 15 85 16 94 64 51 46 65 7 68 65 45 48 22 21 56 76 64 33 49 64 47 86 51 31 68 50 70 46 77 80 90 94 50 97 99 50 2 15 85 1 58 13 6 58 50 96 44 70 62 41 50 94 30 63 42 65 81 93 8 21 26 11 10 57 20 25 67 73 68 21 1 74 64 19 74 23 6 65 61 93 62 24 30 97 20 40 31 43 81 62 85 67 47 88 3 93 52 61 73 35 44 59 43 82 17 13 18 0 79 61 47 52 63 38 36 47 20 69 88 19 93 1 95 37 82 80 92 30 57 28 72 82 38 6 48 44 6 57 55 65 65 86 39 25 90 72 68 38 39 46 44 86 5 80 8 67 45 30 31 96 
36 42 42 55 64 12 48 21 43 35 47 50 31 63 7 94 91 72 73 51 61 16 99 36 88 69 18 13 60 98 39 91 52 16 2 10 71 43 76 46 99 93 76 3 54 17 21 76 69 81 17 86 41 98 17 0 75 96 27 82 88 52 36 19 86 88 60 91 26 43 94 13 34 45 73 59 49 26 47 59 88 4 11 30 12 89 30 48 89 51 57 7 69 73 70 15 13 97 68 93 59 30 68 26 33 27 82 75 77 8 55 67 2 39 51 57 45 0 98 82 11 52 11 36 78 84 93 92 34 68 62 2 14 38 25 59 72 37 62 27 33 94 75 28 52 13 81 25 53 51 17 43 76 14 41 37 35 58 22 94 69 95 94 52 72 43 24 86 82 37 59 43 58 93 73 69 77 83 94 47 55 42 83 75 81 10 15 34 66 74 67 37 65 29 32 0 93 67 63 53 20 82 32 7 64 59 80 59 31 95 64 59 12 18 53 89 10 43 49 67 37 92 45 37 59 50 93 90 72 76 97 6 1 21 21 50 2 24 92 2 98 31 16 9 23 98 85 71 38 77 75 63 20 48 0 17 78 3 7 13 14 81 86 98 62 0 82 98 68 30 36 2 19 95 22 72 33 86 4 71 66 72 9 39 64 95 77 66 75 23 55 91 30 7 86 48 99 94 55 89 
63 99 42 3 22 89 7 73 22 59 35 14 17 49 79 95 56 56 86 48 25 75 70 54 41 85 53 50 63 68 29 52 63 30 69 84 62 7 73 56 13 40 96 92 40 55 65 87 93 71 37 59 93 85 94 59 39 95 43 62 30 52 6 34 84 36 74 26 84 9 74 21 3 29 77 33 70 67 64 55 11 25 4 67 71 43 57 82 91 61 40 17 1 37 71 69 13 71 83 17 55 45 44 52 95 43 65 36 40 23 50 90 53 77 29 7 6 97 1 82 37 20 32 79 68 43 29 79 14 69 17 77 72 29 5 53 2 1 11 3 2 25 84 9 36 35 83 20 34 57 20 9 94 83 71 88 78 15 26 1 28 10 68 66 14 37 20 83 75 43 33 72 31 65 7 12 51 83 38 51 52 97 21 29 18 74 42 47 36 64 32 99 31 17 88 43 90 3 73 51 75 14 14 52 27 33 9 51 31 50 98 10 80 16 28 63 36 66 91 2 5 58 93 49 74 90 34 74 32 93 95 21 66 73 38 87 20 47 64 66 48 43 66 81 94 11 13 19 53 38 35 31 74 30 75 87 85 77 20 93 95 66 0 13 23 24 85 24 19 51 27 17 49 83 12 18 60 37 31 57 81 83 23 15 51 71 88 64 66 3 68 5 23 43 51 95 27 47 35 81 
67 87 1 15 86 97 68 75 37 46 20 56 3 3 34 10 39 69 30 53 87 3 92 50 22 7 60 22 33 71 68 44 93 89 8 61 88 29 36 45 7 18 0 49 11 48 11 35 95 9 12 46 32 57 78 71 49 66 87 39 38 31 96 6 52 20 47 7 91 63 45 56 74 94 37 93 6 13 68 84 70 65 58 23 22 57 73 50 59 28 8 10 9 80 95 59 54 5 38 57 2 68 63 8 72 9 84 22 60 3 48 83 69 12 80 48 53 76 57 1 58 90 16 15 59 40 10 98 35 31 81 38 74 83 50 1 82 96 5 64 20 65 58 65 23 47 66 72 96 62 41 13 78 83 17 26 72 21 79 93 21 78 24 60 26 97 39 6 87 77 52 33 75 63 40 66 53 68 24 69 27 73 7 74 76 27 68 62 71 39 11 10 93 54 31 21 59 8 20 64 84 74 54 59 20 34 69 54 38 30 78 93 31 15 98 11 0 43 42 69 56 88 15 90 93 32 50 74 77 62 91 55 36 71 57 95 24 64 17 72 47 17 96 93 0 71 90 86 85 6 93 5 32 42 93 9 85 43 9 55 91 79 74 59 57 6 59 13 30 16 20 97 72 42 35 96 34 2 91 65 28 60 91 87 15 53 51 79 93 80 21 87 21 93 31 24 87 21 34 37 
55 95 18 10 32 80 29 88 4 78 9 49 80 6 86 82 24 15 24 15 92 97 12 84 29 82 48 73 91 16 12 79 91 87 12 93 32 68 63 39 58 53 85 78 18 39 84 80 88 38 15 3 86 12 91 40 12 1 19 28 89 81 68 2 1 55 4 66 71 32 38 6 17 55 57 60 41 87 64 87 75 74 26 97 4 69 51 72 81 55 63 83 28 42 25 60 26 75 27 55 6 34 36 33 77 23 30 6 6 67 61 96 60 85 56 54 94 6 98 52 18 19 0 67 77 14 25 87 77 32 50 50 48 26 23 48 5 9 73 29 97 62 89 91 59 81 5 37 67 25 22 68 43 53 86 79 95 78 91 8 43 25 35 48 2 90 45 3 45 9 56 18 49 80 79 36 33 49 37 44 52 90 94 63 21 58 69 57 99 5 27 34 83 94 47 49 28 36 0 65 47 32 81 22 27 94 43 19 10 54 48 41 40 19 69 66 88 80 37 39 32 63 53 95 66 96 83 21 77 67 99 91 69 97 14 68 50 66 77 79 29 70 2 34 12 70 17 61 91 13 70 66 91 17 73 5 68 62 6 4 90 16 70 89 75 0 21 15 27 58 57 78 3 56 27 61 3 18 57 48 78 25 52 18 32 57 39 37 4 68 75 37 2 78 89 91 70 86 1 94 
61 94 43 94 83 41 83 98 42 8 89 51 11 99 31 43 34 1 83 47 98 71 52 1 34 73 48 41 33 5 17 38 77 21 12 91 66 3 31 95 81 75 29 78 87 27 20 93 70 33 57 75 80 34 28 13 1 54 55 10 54 60 99 51 90 19 18 59 84 65 61 67 63 15 45 56 17 45 29 55 31 92 26 53 55 5 95 18 40 95 34 88 22 24 42 5 73 92 70 69 80 27 30 33 53 88 49 34 11 38 39 54 70 82 36 60 34 4 9 43 46 74 57 45 7 87 74 76 90 9 57 44 66 34 63 82 42 83 5 80 93 97 27 18 62 35 53 33 71 68 26 75 40 23 44 78 85 80 87 43 60 33 81 65 4 77 46 6 11 79 62 14 24 30 99 11 8 12 19 60 58 8 34 77 30 5 67 34 40 84 41 56 64 20 32 28 51 88 37 37 31 20 10 12 40 86 33 33 64 0 64 17 96 81 21 78 83 44 79 15 90 17 92 65 69 23 76 21 50 16 19 70 67 47 94 65 52 92 36 55 77 15 30 32 93 54 39 46 24 92 46 39 2 50 64 27 68 21 67 79 42 84 79 42 34 23 43 22 77 56 11 83 19 33 79 84 64 43 40 85 0 98 21 47 14 60 14 33 12 90 36 28 82 60 35 58 13 45 95 84 
38 95 0 27 52 63 50 74 30 72 41 98 84 1 1 35 71 37 28 13 6 99 66 10 92 92 70 92 4 99 76 68 4 3 38 0 93 37 34 27 54 10 24 67 71 5 36 79 56 16 27 61 18 47 23 58 8 41 0 56 30 39 24 17 11 59 29 86 89 49 69 44 41 4 39 66 50 11 56 15 97 45 96 14 67 58 54 56 4 74 73 64 8 76 97 22 6 44 41 36 38 25 46 56 34 14 0 80 97 42 8 26 96 13 53 44 66 20 87 71 93 40 1 66 9 83 30 94 9 24 42 39 32 48 33 10 18 45 53 61 79 86 20 21 23 91 84 55 86 50 2 97 97 34 0 84 98 63 42 2 17 38 32 56 20 99 50 69 52 12 76 64 56 59 3 24 62 59 36 26 20 91 91 40 80 24 78 40 95 44 3 30 30 42 43 13 6 16 33 22 70 7 15 83 78 74 83 47 2 42 56 39 51 48 66 65 78 94 47 62 11 87 32 50 23 33 40 42 89 6 67 9 9 3 45 44 82 66 3 22 38 78 62 40 24 87 84 88 65 5 52 80 14 75 61 53 13 54 17 81 53 30 82 54 19 51 9 12 35 72 55 0 8 50 97 18 2 70 19 44 96 96 31 92 97 56 38 53 23 26 39 64 12 14 27 4 20 75 49 23 
23 51 43 55 53 47 73 29 42 21 28 23 93 83 93 72 12 74 95 12 86 79 67 69 32 77 3 57 8 51 4 80 58 95 91 9 27 79 2 64 92 55 84 99 57 63 11 54 62 66 13 83 38 27 27 38 5 3 88 99 49 96 14 25 9 52 72 75 54 25 60 21 55 20 5 1 91 75 91 83 48 95 54 2 26 90 45 51 16 69 75 35 58 5 83 68 36 71 36 48 34 82 23 98 92 88 65 45 12 35 3 70 89 57 95 28 34 2 47 94 36 10 13 89 49 19 15 90 90 59 20 14 37 21 63 64 90 96 14 31 39 76 50 33 66 73 64 71 24 73 55 54 98 94 93 40 78 56 47 7 76 84 45 43 82 26 56 91 90 38 54 14 1 69 35 54 15 26 70 61 61 63 60 86 22 14 90 18 15 47 13 7 61 11 41 93 19 25 39 87 59 77 67 4 97 2 92 90 95 93 71 15 24 2 50 83 87 61 30 9 61 65 46 46 34 63 94 37 45 27 50 63 90 30 87 91 40 72 88 65 90 80 77 69 91 72 44 77 30 83 20 82 99 64 15 83 74 28 66 42 27 15 94 69 95 11 97 24 46 86 23 7 10 21 6 15 18 28 64 0 42 60 16 61 46 43 50 15 50 55 75 91 9 85 72 19 13 63 57 71 
70 32 25 48 52 79 0 92 70 43 61 87 76 33 22 58 65 42 81 74 58 87 79 83 9 14 86 38 41 91 83 51 44 42 62 19 7 11 46 33 51 59 19 44 4 1 26 0 90 50 6 28 81 92 60 11 17 53 70 46 30 94 35 38 74 57 26 93 52 68 80 19 36 39 22 13 93 29 64 41 97 98 87 85 27 39 45 16 29 66 54 6 93 96 57 58 5 68 81 78 94 30 53 83 13 48 51 7 31 40 88 79 67 30 50 52 65 87 10 91 86 62 8 47 29 89 9 24 24 72 87 82 59 6 35 52 40 72 20 73 99 22 30 75 60 34 57 6 15 92 15 55 67 96 91 38 31 22 99 36 57 79 37 85 67 62 41 65 82 34 10 65 1 19 10 1 3 79 99 31 93 70 32 74 26 64 35 45 15 6 20 46 72 47 89 38 60 1 3 49 82 38 34 1 28 76 25 88 37 73 36 11 69 34 53 6 88 78 68 44 20 14 42 25 78 76 0 27 3 44 38 53 18 69 2 75 1 28 21 86 37 6 88 66 38 23 50 21 23 59 18 9 74 12 22 66 23 8 27 74 22 81 72 13 46 86 91 13 96 75 63 61 92 48 47 55 54 6 11 16 71 6 77 55 34 66 65 50 30 37 92 72 29 59 54 49 63 93 78 12 
11 42 96 2 94 74 33 72 58 10 73 38 84 64 37 61 12 64 89 70 96 95 49 48 32 90 44 69 37 43 38 7 37 52 82 85 10 76 34 11 17 95 22 21 48 56 90 48 75 24 32 49 24 96 85 4 58 43 87 32 43 95 42 36 20 53 63 37 48 59 2 77 23 77 91 19 62 14 92 4 16 28 45 90 27 30 83 6 91 53 41 19 2 89 32 69 33 90 34 40 89 98 89 69 58 73 1 74 64 18 31 20 19 51 59 48 56 1 65 27 12 80 47 31 69 78 79 19 71 34 67 28 89 22 80 97 91 90 14 75 99 25 64 26 23 94 92 4 4 87 78 7 53 81 66 53 77 89 87 98 87 53 85 54 79 97 89 35 89 64 48 5 18 2 41 84 28 24 43 54 71 50 6 26 73 39 33 60 65 30 92 22 88 44 30 26 60 73 66 97 70 60 65 63 13 97 51 63 55 65 24 82 96 57 29 96 53 66 39 43 14 53 30 10 79 93 89 4 43 42 25 65 10 72 79 68 22 67 11 35 84 6 31 92 96 57 95 36 32 3 54 49 76 55 1 52 15 55 66 35 49 74 12 91 46 87 53 93 15 15 4 72 50 61 76 39 90 44 16 31 75 85 65 43 14 79 5 6 45 75 13 52 34 19 5 65 70 54 63 31 
40 53 13 86 14 9 87 0 43 56 4 41 1 76 8 77 61 10 42 1 9 27 34 76 33 37 50 77 29 51 69 91 22 78 20 56 95 19 72 71 90 41 3 58 23 33 99 59 60 46 8 69 2 82 77 77 83 66 90 25 32 49 47 8 20 89 72 31 66 93 59 36 8 94 22 46 41 74 38 76 96 97 67 77 45 68 11 83 67 88 1 71 74 49 53 0 8 38 81 67 27 58 53 31 48 87 35 36 82 50 41 78 56 51 48 31 49 78 82 72 38 98 54 52 12 46 63 5 27 81 26 52 69 38 12 75 35 36 52 34 95 66 40 27 73 39 13 5 15 67 23 10 59 5 95 35 22 28 65 13 95 27 53 46 68 50 73 14 1 38 11 10 55 96 15 8 51 73 88 76 70 84 79 50 99 56 59 66 7 15 31 69 4 23 69 76 33 73 93 42 53 64 50 41 91 71 94 25 37 73 99 60 95 67 80 29 1 15 18 19 27 20 13 4 22 98 50 43 56 15 6 72 36 34 75 38 26 83 57 1 47 7 72 4 98 26 4 72 82 54 45 75 0 82 48 36 19 23 5 16 24 77 66 39 73 77 88 51 5 89 29 50 79 88 62 66 10 92 77 90 34 62 6 86 31 37 86 67 78 82 72 32 78 22 40 1 57 0 91 98 
99 4 20 98 62 4 60 0 51 26 9 81 20 66 70 36 87 50 96 91 17 71 92 34 54 10 11 96 24 55 86 68 33 40 24 98 75 21 20 67 34 83 23 31 13 75 73 84 89 12 95 13 0 31 33 33 7 26 81 86 17 74 40 85 59 2 43 54 32 21 65 95 95 47 95 42 60 7 80 88 84 75 45 32 29 13 36 76 17 85 29 84 84 98 17 45 84 57 39 86 53 27 11 52 94 31 45 71 82 96 21 78 42 24 96 99 45 13 67 16 93 63 19 57 50 14 17 76 41 1 78 5 71 8 46 73 81 74 13 29 70 50 30 87 55 98 43 81 67 72 96 5 63 64 63 60 15 87 36 81 53 59 86 40 21 11 86 64 31 44 87 46 29 55 1 83 44 37 98 67 84 77 21 35 78 21 25 64 14 60 2 29 65 82 98 76 17 60 15 67 42 37 67 72 99 45 32 5 17 6 88 2 63 24 44 33 83 25 81 99 28 21 79 96 17 14 98 10 40 59 49 95 2 78 73 76 31 95 82 95 5 32 91 79 42 90 28 29 81 69 91 7 8 2 28 58 0 0 54 69 53 57 68 28 61 86 73 50 45 62 10 99 33 71 66 81 65 94 36 89 61 31 95 56 51 80 71 27 34 74 50 92 53 45 53 17 52 10 83 66 
43 77 78 98 80 7 85 42 53 36 34 50 7 94 54 0 89 46 37 86 96 35 18 74 15 95 14 88 6 56 67 56 58 20 41 76 51 17 40 52 2 24 49 20 90 27 38 42 97 64 15 56 86 40 6 64 85 56 33 59 4 62 42 67 73 12 91 21 74 8 3 85 43 83 41 38 42 0 4 41 23 83 27 25 59 11 10 30 51 55 16 63 25 28 2 68 38 88 16 56 36 49 63 66 21 8 70 86 17 8 89 10 92 22 99 21 64 63 10 60 78 96 41 28 35 44 61 15 45 60 72 78 45 34 22 46 15 80 96 78 92 7 47 81 68 85 13 4 4 40 35 26 34 64 50 22 54 0 45 16 31 52 79 16 2 21 65 91 86 54 75 67 6 18 80 38 19 17 27 74 12 79 59 23 94 54 49 80 67 80 0 99 36 33 89 35 99 98 97 87 94 30 32 9 12 20 38 84 23 77 24 30 4 47 11 64 11 70 45 79 10 58 17 43 39 82 55 42 83 76 32 44 78 52 53 60 33 21 91 81 35 65 55 81 91 72 64 86 8 33 41 59 78 76 35 85 32 91 59 8 59 31 4 51 14 13 95 83 7 57 18 35 77 98 6 99 41 43 44 70 18 70 11 36 24 65 48 46 45 97 86 76 59 99 27 59 60 80 11 44 
30 61 87 11 85 99 56 64 80 11 89 27 80 89 22 90 59 58 27 63 12 79 17 91 66 12 67 31 69 33 87 41 27 56 42 29 0 72 89 87 53 20 54 80 7 42 10 9 48 74 28 99 45 65 98 5 60 63 2 54 12 29 73 47 10 67 15 56 34 65 49 22 3 79 10 44 19 26 43 80 18 33 19 1 29 24 11 2 74 8 62 1 94 39 87 33 14 5 50 50 10 71 52 55 92 23 11 16 11 16 53 96 82 47 56 0 23 39 66 38 36 93 90 65 98 75 79 81 68 50 7 21 25 29 74 43 72 80 92 16 52 33 41 21 48 25 71 17 60 70 9 4 25 64 46 55 46 98 64 33 87 6 62 30 46 88 28 46 24 42 37 84 49 40 69 51 43 70 84 92 80 90 51 61 50 92 74 74 66 43 53 43 16 6 75 29 86 6 52 96 16 30 78 75 87 13 34 21 24 11 60 85 30 46 32 77 74 78 62 37 63 26 28 29 19 13 54 85 61 25 59 88 39 23 67 71 89 40 32 37 98 7 49 71 63 2 59 84 86 17 18 83 13 76 68 79 51 48 20 56 30 29 22 95 9 98 0 34 52 54 60 73 70 46 12 20 10 95 42 54 29 65 66 69 67 59 49 87 28 29 79 48 58 44 79 57 36 26 89 49 
16 66 8 38 63 8 34 82 72 43 52 94 40 6 74 75 86 30 15 83 20 2 21 58 84 44 4 14 81 3 66 88 56 96 38 16 62 38 5 62 61 44 62 50 11 53 67 65 65 14 74 33 20 43 12 66 88 49 99 14 3 25 8 74 28 45 73 23 39 7 7 52 24 2 6 32 61 81 75 86 13 17 34 3 51 50 42 76 60 85 2 37 76 45 9 53 26 92 36 78 25 79 98 95 53 72 21 61 95 26 55 79 78 90 35 34 50 89 41 39 26 62 16 2 40 82 10 19 47 25 85 38 8 50 56 93 81 14 43 21 80 17 4 1 79 61 50 33 56 84 63 33 54 99 40 98 20 44 72 57 70 12 75 32 2 77 36 92 80 4 72 35 37 45 72 26 44 71 81 46 23 89 39 16 53 93 76 49 68 72 33 71 72 34 94 53 40 8 14 65 29 63 9 64 45 66 93 18 11 71 33 87 99 18 85 37 43 51 23 83 23 33 51 49 80 14 57 36 17 89 77 36 49 54 16 5 9 93 77 27 53 25 43 73 58 46 29 96 11 29 77 63 54 55 97 34 56 21 22 16 83 94 99 81 0 53 95 88 89 37 58 23 89 6 9 92 93 46 19 12 21 24 70 27 48 31 58 23 68 34 37 0 78 90 99 31 17 81 4 49 
36 34 79 96 8 1 69 36 58 49 15 27 15 78 98 41 18 76 4 65 98 13 52 61 35 74 13 36 8 37 9 30 59 17 68 52 45 74 54 97 33 47 97 99 2 81 89 82 3 38 22 61 27 26 48 47 78 36 62 30 58 97 69 70 89 12 33 87 2 2 27 38 82 64 89 41 5 65 36 26 96 93 12 2 18 90 41 38 18 31 44 6 55 50 11 80 19 78 2 19 59 36 54 60 31 17 99 21 82 73 33 84 17 42 90 27 32 96 11 54 91 4 76 4 30 63 29 77 60 96 83 15 69 76 30 67 31 49 87 23 33 93 37 42 73 16 88 99 48 17 71 14 95 65 90 87 88 12 78 45 17 44 64 62 28 99 51 31 52 32 26 18 35 61 73 86 33 76 22 67 44 99 63 43 12 17 67 5 40 53 50 71 53 29 17 1 35 91 45 28 27 71 2 67 36 22 63 69 52 73 20 63 8 4 33 37 50 92 37 24 39 23 1 13 53 20 66 96 67 87 36 69 75 25 21 83 59 31 65 87 79 91 31 11 69 72 87 92 78 83 14 69 12 33 51 65 93 43 79 59 3 64 52 39 40 18 37 27 1 24 97 68 17 38 13 83 99 49 71 76 51 45 88 12 92 72 56 92 40 60 45 89 4 12 49 22 60 71 52 86 
65 14 81 75 31 55 79 38 37 1 23 24 18 26 73 16 55 11 0 26 19 55 94 43 30 30 51 74 93 95 48 99 64 56 0 14 72 73 54 93 72 99 49 46 15 39 27 95 80 94 36 3 45 6 47 94 88 30 46 87 23 66 63 21 49 22 73 19 86 20 12 49 23 60 88 16 5 55 92 83 24 81 46 99 55 23 69 0 86 37 23 53 23 21 44 65 45 24 18 67 2 21 11 87 27 15 44 15 9 74 23 1 50 41 47 21 80 78 74 9 82 18 68 39 25 23 55 95 88 55 50 2 50 23 25 18 87 4 53 90 66 92 28 89 95 89 56 50 73 33 96 87 29 21 35 46 16 32 44 59 49 86 17 71 10 6 8 1 84 12 83 31 81 66 95 75 2 49 19 34 78 82 10 20 66 35 6 10 44 68 7 97 77 30 31 60 21 79 31 47 38 69 2 56 10 47 60 38 92 94 50 93 30 81 48 82 62 31 67 7 78 16 56 96 59 82 40 55 80 41 45 89 76 17 10 94 0 16 43 11 21 71 59 14 54 76 53 63 4 89 32 12 46 83 51 1 28 10 56 13 75 24 56 47 35 44 39 73 91 12 12 83 88 8 92 59 65 13 51 7 42 2 19 7 64 10 68 40 15 66 88 94 49 84 47 25 22 13 21 57 
48 71 19 56 2 42 60 86 3 63 85 84 76 73 39 74 75 96 67 65 69 43 78 61 38 42 50 14 22 0 85 14 23 57 96 58 42 91 3 96 2 27 47 77 7 50 72 34 43 1 20 76 69 48 35 16 35 13 81 96 90 93 93 83 27 31 60 35 97 82 97 89 12 31 41 89 47 62 98 75 93 49 20 96 44 29 36 93 56 70 72 65 91 25 74 5 29 44 73 85 94 88 14 37 13 70 59 81 79 44 93 24 5 25 69 67 26 83 83 97 40 20 3 74 97 39 21 24 53 12 48 62 70 27 62 79 42 57 38 61 96 80 33 11 82 8 56 51 18 49 50 40 88 59 3 27 19 23 92 88 49 80 50 68 68 26 77 61 23 6 96 61 97 98 62 66 85 70 86 97 37 11 75 66 51 47 82 47 77 46 81 81 92 83 90 63 5 62 31 61 75 92 38 32 55 71 52 26 1 48 42 4 34 34 28 90 78 41 69 48 64 83 11 54 12 21 91 25 5 17 60 32 71 83 49 11 18 82 11 31 7 73 59 30 38 57 44 98 37 56 73 56 16 26 69 1 30 55 31 84 67 89 64 25 10 44 95 23 37 27 11 53 66 33 23 13 52 0 22 44 87 4 84 24 73 44 13 12 57 76 69 26 64 54 11 66 13 98 94 42 
76 79 57 71 39 52 65 83 85 60 32 21 48 90 12 20 81 11 30 52 30 32 44 53 39 31 70 45 27 1 8 32 73 89 51 66 6 75 65 18 21 12 73 20 94 81 43 36 67 90 72 52 76 36 46 90 49 16 35 27 21 66 87 43 65 22 30 59 38 14 22 86 47 76 73 11 22 41 19 79 25 14 91 50 12 26 14 80 53 85 40 76 59 36 25 45 75 84 95 0 31 3 14 41 32 84 0 56 23 91 27 14 59 97 71 84 45 41 32 89 20 95 79 64 88 83 36 60 88 61 81 13 7 76 4 57 11 13 46 29 11 86 35 22 47 62 96 95 8 74 40 95 26 41 18 59 52 72 47 30 7 52 51 96 39 60 37 60 65 82 75 36 54 70 94 4 74 49 14 31 57 83 54 39 18 3 80 72 85 29 34 83 34 98 39 7 66 43 3 28 45 60 48 86 49 51 42 51 98 71 74 72 3 55 43 9 88 33 28 49 40 13 57 69 17 54 76 51 78 10 11 62 48 21 55 26 80 66 26 38 55 87 54 38 19 70 89 81 34 0 20 36 0 37 56 91 41 84 21 28 55 36 21 13 6 23 89 42 90 46 14 24 49 2 35 80 96 37 57 83 57 47 47 85 3 15 87 0 2 65 8 78 6 30 70 55 94 66 75 16 
11 84 18 94 95 30 94 60 55 27 95 98 40 99 33 18 9 18 90 73 99 84 60 45 95 58 16 46 60 60 35 73 1 99 71 80 81 1 73 36 71 37 68 27 32 87 34 58 39 50 21 70 9 9 73 72 73 50 60 31 61 31 59 5 41 7 15 70 4 51 18 72 9 93 18 94 28 59 70 0 69 72 49 7 47 16 3 13 21 30 59 74 29 79 33 8 70 52 15 72 64 98 35 70 61 85 43 39 94 71 97 73 98 43 92 83 2 62 11 82 74 48 48 95 99 82 11 45 82 71 80 45 40 4 98 1 74 28 18 90 7 92 99 45 50 80 19 19 6 14 83 36 57 86 42 65 16 34 12 21 97 31 68 7 49 41 46 36 16 99 34 94 78 1 97 20 75 97 15 88 94 85 44 98 53 20 43 74 0 34 19 41 60 92 56 52 82 27 19 20 20 5 1 52 31 91 5 69 11 36 78 52 14 29 14 34 39 84 2 32 42 67 18 43 71 79 1 4 4 24 52 33 38 46 10 21 64 64 8 38 86 69 58 87 84 16 14 70 43 76 14 72 42 20 56 7 53 75 42 1 86 7 83 23 46 83 33 38 10 34 87 37 57 90 17 63 61 94 62 11 88 23 61 42 41 33 81 47 23 24 66 38 45 29 47 9 42 7 90 98 
52 29 56 51 31 29 69 98 16 17 44 93 86 14 74 81 55 87 41 81 88 35 47 58 33 16 12 48 21 34 53 16 36 83 29 64 78 5 77 98 86 91 10 24 43 28 61 11 3 40 48 31 9 75 36 62 9 83 43 33 29 80 42 55 90 14 17 63 23 3 17 21 22 64 42 80 48 9 86 42 82 98 14 83 41 8 69 2 78 43 6 90 6 18 57 36 47 82 99 78 80 30 49 47 78 58 55 8 56 97 90 3 95 77 16 33 29 58 30 82 47 66 66 19 82 51 50 67 47 89 17 67 93 94 49 74 82 79 96 57 41 93 99 78 19 72 64 79 9 78 19 29 65 59 19 90 10 76 53 72 69 89 14 95 90 60 9 21 39 42 79 83 67 56 54 34 6 19 31 20 4 83 52 21 91 42 62 37 69 51 83 30 70 41 98 66 57 58 33 59 61 8 15 74 59 42 43 29 79 70 94 23 99 82 93 88 22 84 21 38 24 98 70 7 9 18 9 16 9 10 45 45 63 12 48 22 97 4 7 37 38 22 23 97 1 77 22 15 30 92 25 35 38 97 59 89 91 39 19 84 12 68 17 91 38 6 22 90 84 53 0 87 89 78 92 50 75 3 35 74 58 22 31 77 25 58 83 13 92 96 0 83 62 11 69 29 85 50 45 11 
49 97 92 95 45 58 71 94 40 85 44 20 26 43 66 79 25 87 16 39 27 33 56 61 41 47 70 74 77 85 57 53 11 5 33 93 61 91 98 44 77 77 10 67 63 30 85 63 35 16 52 43 56 67 55 66 90 76 70 31 62 26 67 88 11 72 61 5 63 52 40 85 90 30 7 9 69 75 46 19 79 39 2 24 76 61 33 86 8 99 38 57 59 2 45 24 84 58 91 70 55 93 33 74 70 20 61 99 51 79 36 8 32 78 89 31 95 91 59 77 48 71 91 62 64 87 96 40 55 16 23 49 46 10 8 0 69 56 46 37 58 53 43 90 67 84 87 72 56 42 95 98 93 80 91 74 15 67 57 50 36 25 36 58 51 80 67 26 28 37 84 15 46 89 87 1 7 2 19 67 48 13 10 46 77 7 88 47 17 70 98 72 34 97 64 61 64 22 73 83 47 91 81 8 78 87 52 40 5 39 57 28 31 13 1 21 96 63 77 79 57 70 53 59 78 0 18 13 78 69 90 70 13 43 59 45 58 64 90 17 0 63 53 18 40 60 62 91 99 84 70 96 56 89 88 3 87 3 26 56 35 96 14 92 75 43 53 11 63 43 17 38 61 2 79 87 83 56 91 28 98 70 62 4 49 23 37 31 6 65 0 80 79 91 74 89 37 6 47 72 
13 61 81 16 40 17 51 5 77 44 15 7 88 14 95 99 38 46 98 73 34 7 33 66 98 86 28 5 58 73 45 84 31 64 98 31 52 91 37 61 46 45 26 73 30 39 96 99 71 48 1 95 32 12 31 46 51 94 37 20 90 14 95 89 86 82 81 70 66 41 90 31 85 58 51 42 67 30 5 3 1 92 77 34 79 92 87 40 6 2 61 49 78 24 29 49 18 83 8 55 77 6 36 42 35 63 48 98 40 62 46 66 56 23 86 62 52 19 73 19 4 10 89 14 54 32 63 45 6 18 24 40 70 58 28 48 71 81 72 61 77 11 23 97 35 28 56 90 79 30 46 8 29 99 43 69 73 56 25 45 6 11 74 90 20 61 27 79 82 46 15 90 61 9 61 24 15 7 47 96 47 84 8 56 68 56 81 7 52 47 63 37 47 70 32 1 28 76 43 92 59 5 97 47 4 53 26 27 11 36 51 30 69 41 81 57 86 49 89 23 94 46 6 61 65 11 8 72 50 22 42 63 3 47 70 26 39 2 39 5 80 72 60 9 12 18 67 31 86 27 53 83 64 59 60 44 3 95 73 9 33 51 30 51 90 10 91 28 90 40 37 15 86 50 94 57 37 62 84 16 13 45 60 89 46 53 22 68 78 30 2 50 13 39 69 74 99 37 74 24 
40 48 34 62 32 15 46 30 59 49 99 2 86 39 94 46 83 20 65 31 49 98 33 40 24 27 98 62 87 20 4 20 26 1 64 40 62 21 2 91 55 48 59 66 66 58 2 94 44 53 79 53 81 97 69 91 47 47 9 72 17 32 33 26 12 35 9 61 65 6 47 5 53 21 98 8 17 92 38 13 20 67 6 76 45 66 82 87 61 93 74 76 26 84 74 56 85 83 99 27 65 50 70 73 76 99 95 76 46 12 81 83 59 6 65 91 90 58 4 11 0 91 80 70 57 36 41 56 53 36 80 88 29 75 53 96 5 99 82 42 69 99 11 87 35 47 95 77 36 4 39 89 20 92 33 65 63 93 48 46 53 50 82 18 98 87 82 85 7 39 67 93 8 47 8 14 78 56 82 67 10 44 51 11 38 41 52 95 36 2 74 84 77 6 16 43 20 30 72 83 43 26 46 42 56 27 85 20 72 32 29 81 13 66 40 6 58 80 38 46 7 91 94 92 8 83 74 7 50 98 70 69 32 69 95 49 20 87 48 33 66 96 52 23 88 67 71 74 79 12 9 59 16 65 22 68 51 85 64 76 52 61 58 60 83 98 39 66 42 56 10 81 60 38 19 84 52 90 38 46 85 98 30 57 13 7 65 42 37 12 46 69 27 2 15 44 59 11 52 61 
70 5 79 31 13 69 78 78 60 23 6 64 22 68 85 22 83 45 31 47 87 61 92 57 55 46 21 9 17 28 91 89 33 87 96 21 73 34 61 35 13 31 4 34 92 73 71 84 25 51 60 90 81 19 58 97 51 32 84 15 73 68 29 60 63 92 31 89 18 35 80 72 79 25 22 1 19 61 66 97 37 78 24 45 18 7 16 1 76 76 16 89 62 43 84 68 63 30 94 76 41 38 99 61 73 93 54 45 88 9 36 31 31 85 95 54 94 68 19 33 61 38 25 1 13 93 30 62 82 53 19 29 1 3 63 93 11 4 26 17 2 56 55 78 24 49 45 66 58 78 69 44 79 91 51 49 45 86 49 41 7 55 12 98 8 85 98 78 22 33 28 71 30 66 85 16 40 53 74 97 86 5 51 3 78 54 2 73 67 23 11 31 99 78 72 33 98 68 13 46 74 4 15 29 24 36 68 43 78 61 18 35 73 14 34 71 45 88 82 15 79 92 99 2 93 9 3 55 0 60 1 14 6 86 42 84 95 85 62 45 43 81 78 67 44 28 64 86 8 31 32 54 71 79 12 52 34 9 36 24 62 70 68 86 3 58 31 36 48 33 42 88 14 66 20 23 11 35 43 80 36 37 18 69 26 66 32 91 2 89 5 0 27 65 72 18 85 8 1 81 
74 56 96 1 12 47 9 29 77 84 49 3 73 2 46 13 14 64 90 55 56 1 41 15 28 5 16 53 83 8 4 55 26 63 28 23 32 0 10 54 2 49 80 25 34 1 14 38 0 42 30 30 61 77 40 68 52 82 55 52 33 3 92 65 44 89 94 88 7 46 86 98 39 37 47 68 12 85 92 4 35 99 48 90 20 94 66 64 80 81 59 0 80 20 45 20 59 95 62 10 80 84 96 0 96 45 78 6 71 53 10 2 96 95 56 61 14 7 48 43 83 50 47 31 44 60 16 64 27 40 84 26 69 22 6 70 4 35 17 35 14 46 70 98 18 86 78 89 62 13 44 17 22 27 19 33 48 6 15 13 29 8 28 92 27 85 39 18 56 62 88 73 89 86 99 90 94 89 91 7 57 59 15 30 49 50 59 16 61 50 91 18 1 15 42 52 20 4 22 61 95 75 31 19 17 36 61 83 72 47 85 34 34 97 85 33 7 18 99 74 55 96 56 1 70 70 95 34 52 23 13 15 30 21 6 96 90 9 52 49 23 1 33 76 35 63 47 79 61 20 87 88 76 93 23 20 89 76 97 53 2 66 35 68 52 72 17 9 43 24 31 95 47 17 92 91 41 2 87 57 2 46 19 94 15 68 66 68 34 97 14 10 55 66 44 79 50 28 52 90 
85 13 61 39 29 93 96 24 42 37 31 92 11 42 76 12 66 61 31 77 35 94 56 29 39 38 96 73 0 54 47 83 31 57 63 91 49 53 3 75 2 36 97 47 59 56 52 50 66 21 89 15 51 54 21 18 53 3 75 83 33 73 23 23 6 42 98 72 42 79 79 60 24 12 39 21 43 55 56 67 90 43 15 49 96 61 15 37 5 63 38 7 42 37 14 31 38 70 86 6 33 21 42 18 21 87 44 49 83 7 49 13 91 99 83 88 7 92 0 1 45 1 99 49 74 27 37 48 66 21 19 81 42 86 95 7 77 68 28 36 54 72 37 18 92 9 64 8 47 86 83 44 26 70 11 51 2 18 93 0 66 50 86 60 4 11 49 37 51 64 6 22 24 75 14 2 26 66 30 57 69 43 19 88 79 12 91 19 89 46 60 31 27 57 69 9 55 59 6 5 43 5 32 87 18 31 50 75 64 13 81 15 48 92 18 37 73 70 17 2 88 44 40 11 41 58 89 94 48 58 13 63 62 90 17 10 52 20 3 60 87 3 21 38 53 55 67 21 87 72 74 48 11 71 76 90 39 78 67 52 31 61 30 46 20 4 9 77 97 82 8 4 83 63 50 45 39 87 34 87 39 55 7 77 89 79 32 10 98 84 17 58 71 50 5 12 40 38 88 74 
18 86 84 40 11 37 68 29 91 97 75 66 53 2 95 9 51 21 83 93 66 24 89 22 97 36 30 3 51 64 31 26 35 28 69 52 8 9 7 54 81 95 22 11 30 5 81 71 12 72 91 87 62 90 98 58 92 24 49 16 56 30 16 57 59 66 46 80 81 48 99 84 4 84 96 98 10 36 43 24 77 4 31 90 18 87 92 84 65 80 86 99 32 33 84 67 26 86 15 15 47 93 40 19 81 92 27 15 72 12 56 0 45 17 27 21 3 63 14 50 84 99 18 23 63 76 79 87 93 3 92 3 97 1 27 98 55 80 32 45 5 61 96 67 69 8 19 83 29 44 14 80 68 5 31 10 8 75 42 86 80 25 9 74 96 34 18 30 63 67 8 18 4 89 67 29 28 32 31 69 11 36 99 68 65 47 66 34 31 95 43 72 90 89 10 13 79 6 11 91 96 69 1 52 6 46 45 94 59 6 0 23 10 54 81 9 48 72 44 24 74 75 24 53 24 62 28 24 96 5 60 97 71 63 40 88 19 95 98 37 54 44 12 9 25 27 0 34 77 20 67 96 46 31 87 9 70 37 37 98 96 29 95 96 28 52 38 82 94 77 98 75 28 20 36 10 61 57 33 48 3 28 89 18 6 60 70 20 70 0 66 13 73 24 70 43 62 36 54 14 
55 42 49 24 26 70 93 31 66 66 50 87 71 91 45 10 79 5 40 5 31 70 60 99 63 81 75 27 97 44 63 79 35 88 83 4 75 89 13 29 27 82 92 26 81 33 82 47 36 82 1 53 11 56 73 5 5 33 65 45 46 63 23 62 38 91 5 38 68 5 82 14 72 76 63 79 88 43 2 22 51 92 17 56 63 0 15 35 48 59 96 55 9 77 9 35 11 1 9 52 48 2 62 14 38 68 0 24 40 0 20 51 40 5 87 74 58 32 40 13 84 83 84 25 14 99 9 22 75 84 65 76 20 96 71 47 1 86 5 14 78 48 64 34 28 80 45 38 65 51 90 14 72 42 17 93 43 68 63 99 57 84 67 75 44 64 67 83 76 7 80 37 30 91 50 22 47 78 86 50 71 46 16 99 84 82 11 29 7 20 55 29 90 19 81 85 39 10 0 44 56 82 91 49 15 94 70 25 0 77 7 12 25 35 90 89 33 93 50 42 36 83 57 30 86 55 33 77 45 32 29 4 73 75 72 10 78 16 36 1 68 64 34 33 62 33 27 14 35 15 82 44 18 82 21 36 92 4 21 97 64 92 30 59 62 31 22 51 86 50 40 63 71 39 96 21 43 13 33 98 17 27 23 51 3 4 79 72 65 52 68 19 49 77 63 27 71 32 0 73 
64 74 26 11 99 79 53 91 56 78 55 83 44 89 86 15 56 62 83 14 36 1 33 60 51 40 68 7 53 49 8 44 96 3 83 97 91 7 30 93 8 92 25 31 92 5 81 55 76 30 98 89 10 94 10 4 72 24 1 86 4 87 73 4 85 74 85 92 85 24 81 45 31 47 59 23 39 24 89 64 12 14 70 47 98 88 22 38 40 1 2 9 23 4 87 97 31 57 53 58 66 4 67 36 19 0 86 59 8 73 51 70 75 46 96 90 53 82 89 88 76 7 27 68 19 63 10 66 20 79 60 37 21 9 41 94 18 62 20 95 61 24 45 69 95 84 89 7 34 24 35 80 56 39 45 43 7 13 70 96 97 64 56 94 14 39 58 47 64 46 86 39 35 94 45 97 64 50 43 38 10 2 12 11 79 20 42 37 44 72 55 39 97 33 15 16 51 36 69 26 22 22 65 82 5 46 58 53 63 60 36 78 21 21 41 49 70 2 51 35 62 43 58 83 13 97 84 73 74 30 96 1 43 24 47 74 56 16 24 83 96 24 59 9 14 92 72 30 44 66 93 46 96 3 65 52 64 32 30 55 3 20 22 10 72 80 73 45 11 25 46 93 58 16 19 65 46 8 90 62 6 87 98 96 26 78 65 42 20 74 39 75 31 55 31 26 77 44 4 51 
39 67 30 96 2 35 42 67 80 35 12 52 19 1 48 29 37 67 79 16 81 88 6 29 58 58 70 61 81 34 43 98 75 17 79 43 39 78 67 55 53 59 84 13 4 41 41 15 21 18 57 43 36 33 79 1 23 1 89 30 33 98 45 13 68 60 61 20 34 0 14 89 40 36 56 97 37 98 23 4 13 88 52 27 65 98 54 27 74 32 35 51 40 74 16 39 6 94 44 49 46 53 55 48 30 4 6 20 53 28 89 38 54 48 49 76 67 62 43 98 1 44 21 10 99 64 75 45 80 26 60 55 25 49 42 2 79 13 48 6 76 80 51 39 24 42 95 65 7 37 6 23 65 8 89 32 29 31 90 15 95 76 41 34 8 65 11 1 54 55 24 46 60 97 69 87 46 67 5 76 0 95 19 66 37 73 20 41 75 0 13 53 58 9 88 50 25 68 78 18 27 68 12 69 38 83 82 16 48 89 29 59 23 37 42 75 27 34 86 36 73 58 43 86 86 68 27 7 96 23 12 80 80 70 55 39 13 42 85 77 35 59 10 99 8 22 16 54 51 27 0 51 82 85 31 60 2 42 55 72 0 88 91 65 66 88 25 24 71 99 83 5 83 2 28 88 42 7 95 90 34 40 32 20 51 89 38 37 39 93 1 58 38 18 48 7 84 95 66 64 
88 45 97 29 43 92 27 49 41 10 52 93 12 98 91 16 87 43 13 2 32 67 91 5 69 26 32 56 32 42 14 30 69 33 35 57 76 76 51 80 43 77 44 25 20 76 82 15 55 10 52 95 62 20 51 29 74 90 33 18 22 25 41 68 74 5 81 21 77 83 72 79 41 16 5 67 7 58 8 97 10 51 67 3 81 50 39 82 97 13 1 17 71 16 51 24 18 39 71 4 23 84 2 15 22 93 21 87 92 73 72 9 97 88 83 40 84 71 13 47 65 63 26 99 3 68 48 15 9 3 26 11 26 31 77 28 27 74 27 40 72 63 44 37 20 3 10 68 36 71 28 18 35 32 86 27 49 44 64 96 13 91 44 67 73 52 6 90 91 50 6 67 14 47 59 3 38 76 42 4 12 84 40 53 18 45 4 20 49 20 4 21 52 33 75 78 92 88 91 48 4 6 92 29 27 22 17 64 35 9 49 84 61 24 68 81 82 18 88 47 17 81 30 52 70 13 17 76 88 90 69 16 46 25 64 72 63 62 13 16 52 40 57 0 7 14 66 70 57 29 26 0 71 26 44 50 40 77 84 79 1 54 45 12 59 15 22 64 45 90 85 54 25 29 68 91 45 91 53 87 57 52 58 22 39 95 40 83 21 39 75 53 82 89 17 89 68 49 10 59 
70 35 93 16 6 66 40 22 11 65 13 73 58 54 3 11 90 45 84 51 99 35 98 24 56 14 55 38 95 21 24 63 9 8 31 36 41 37 8 10 18 99 63 5 25 0 32 81 31 39 2 94 47 63 48 98 55 25 21 21 52 98 40 2 43 29 64 55 5 89 56 89 18 26 85 57 82 12 62 69 47 89 92 19 99 17 71 3 14 99 85 32 71 29 86 90 23 98 84 85 88 63 20 79 2 96 24 13 72 45 94 99 94 16 77 8 79 20 90 25 49 23 74 9 10 68 2 60 46 92 19 69 10 94 48 26 71 0 96 27 0 12 44 47 35 19 85 39 98 57 13 31 13 61 52 50 20 58 80 95 75 34 26 61 48 14 40 88 96 78 82 17 61 87 12 9 75 10 39 97 65 2 64 40 98 25 15 63 39 71 61 37 55 24 27 11 2 15 12 14 94 43 88 9 40 9 79 64 93 46 97 5 72 66 15 29 7 68 55 58 32 44 31 76 2 7 15 76 59 18 92 40 85 58 96 97 12 74 7 17 74 25 82 53 38 14 55 58 49 57 0 81 18 4 64 25 35 6 79 48 4 38 60 86 32 59 44 77 10 79 42 88 46 30 14 67 39 44 86 75 3 69 74 14 77 75 10 48 55 89 38 23 41 52 44 60 4 99 78 19 
57 75 78 21 8 14 82 12 77 79 61 79 30 95 69 43 11 78 75 65 29 37 11 0 97 30 21 21 12 37 68 58 34 46 61 8 68 15 68 88 41 3 49 59 58 99 9 21 78 56 73 79 38 5 52 13 60 74 17 51 37 13 56 1 81 69 46 32 7 12 61 67 82 33 0 24 90 29 14 75 94 53 42 48 34 97 12 68 39 44 42 48 74 80 45 25 89 51 44 59 49 97 77 52 69 8 80 96 6 74 41 99 36 6 61 82 39 94 7 38 70 62 50 1 52 65 7 10 15 24 77 11 89 39 33 21 1 0 3 23 59 37 8 91 68 10 30 46 24 86 53 2 8 46 15 81 46 76 46 4 34 52 20 61 64 85 75 88 96 74 35 7 41 62 37 20 9 93 61 24 95 12 98 10 38 8 28 82 33 65 94 94 79 56 25 68 86 95 53 66 30 21 54 30 51 42 42 54 7 75 18 51 65 85 22 76 99 22 56 50 37 97 55 70 42 23 64 82 70 74 45 11 8 29 58 2 98 80 77 37 32 73 13 53 57 99 5 22 52 90 21 50 17 79 61 22 38 66 89 1 12 69 33 74 54 15 54 13 30 88 88 77 77 30 6 4 0 93 59 38 20 7 58 34 74 32 76 79 39 24 4 78 41 8 24 85 83 89 6 75 
34 27 93 21 61 51 5 69 29 47 92 84 80 66 19 10 19 18 0 8 74 33 57 85 1 96 29 2 36 90 86 54 74 0 71 54 90 35 38 28 57 90 16 90 68 86 68 33 33 83 30 43 67 25 49 50 3 16 26 58 8 51 86 69 87 23 2 60 32 78 45 52 0 61 72 91 75 15 57 17 75 47 60 54 25 93 62 17 36 28 54 21 56 34 46 23 17 20 97 31 76 68 83 31 49 77 34 86 86 93 14 92 74 41 83 51 17 88 93 85 95 72 53 95 24 62 90 9 47 32 2 59 34 58 22 71 36 32 8 52 72 61 55 75 1 77 64 76 71 94 23 7 49 33 31 55 15 19 54 3 38 6 24 71 13 59 52 69 2 0 0 61 34 14 8 6 5 75 25 46 34 52 14 87 41 6 56 10 53 86 27 37 85 7 8 68 6 11 75 5 27 1 80 61 23 81 86 8 2 3 92 8 46 69 76 49 88 0 36 76 91 2 75 94 65 70 92 86 64 51 77 83 30 93 18 99 88 16 47 59 87 6 56 84 72 9 3 41 82 98 3 69 69 72 19 79 58 47 85 29 32 42 92 23 8 54 84 28 64 69 0 53 93 8 72 32 0 1 5 90 54 96 62 9 18 22 60 17 15 66 91 73 9 76 38 64 29 35 45 37 
44 52 74 11 95 75 30 9 9 32 5 49 77 70 11 52 95 14 44 14 68 68 14 61 52 37 14 3 0 69 69 48 80 67 39 33 42 53 49 47 68 22 79 90 62 73 83 25 44 0 73 2 50 72 95 43 77 42 68 52 73 95 52 57 79 20 53 43 58 33 49 46 4 80 46 1 98 4 79 89 4 94 25 31 73 74 64 69 55 67 96 47 5 33 94 30 74 71 87 84 2 52 50 73 66 48 48 94 12 35 61 80 67 42 98 35 52 47 59 60 14 14 78 72 28 83 59 65 20 42 96 54 14 89 0 2 97 61 4 65 37 91 27 98 18 11 71 8 12 46 46 72 76 17 10 2 45 54 75 36 98 87 82 31 39 0 19 7 94 80 50 29 85 35 3 15 33 70 36 20 17 67 59 0 50 3 68 30 69 33 38 13 12 85 64 88 61 25 19 1 81 31 39 59 3 11 19 6 79 78 5 35 6 19 29 42 71 92 80 68 55 89 8 40 21 45 78 44 39 45 17 0 69 33 69 75 48 8 2 84 77 91 1 3 91 89 20 96 97 37 86 84 60 28 45 99 13 34 4 9 6 51 59 87 31 66 25 21 83 24 44 97 74 26 3 59 93 9 59 99 44 13 10 62 88 77 74 72 29 52 78 45 69 47 90 52 58 39 39 92 
49 6 1 29 11 93 96 22 40 55 44 91 85 29 61 73 46 33 85 45 69 23 12 65 9 18 55 85 71 23 92 38 21 7 64 68 80 34 21 69 31 16 2 15 16 83 25 47 82 42 68 8 56 68 70 5 14 23 64 79 45 82 46 25 20 65 23 37 0 49 34 60 75 59 25 49 92 5 76 90 54 27 77 86 7 70 65 53 79 66 27 34 45 77 83 78 73 55 34 66 83 1 3 43 23 61 73 43 58 55 64 39 23 56 70 74 57 5 91 81 9 32 18 81 63 95 93 69 13 38 15 17 26 14 48 17 96 9 70 14 49 47 27 41 96 9 29 6 3 78 25 84 11 16 11 94 10 52 22 61 80 12 19 91 57 40 6 71 26 7 73 54 58 99 47 70 15 11 76 16 33 88 28 44 69 90 13 43 94 93 28 36 25 27 98 24 55 60 91 46 48 63 68 51 0 83 94 16 0 98 62 9 54 64 6 59 45 39 27 73 9 89 21 92 1 7 36 55 93 49 37 0 10 38 80 68 52 69 83 24 76 48 35 93 34 28 85 82 1 26 59 96 40 76 24 18 39 87 18 29 35 43 26 45 29 99 94 70 10 23 78 90 10 87 79 12 67 30 35 20 9 23 12 96 66 47 9 22 8 15 22 59 31 75 56 19 65 90 28 58 
97 36 59 98 12 54 42 82 66 49 82 67 50 50 86 24 52 93 96 64 19 83 98 91 28 4 38 36 85 72 36 2 57 97 89 20 91 62 36 18 38 94 93 1 12 72 17 38 57 98 25 55 93 64 92 13 92 82 35 38 30 80 0 10 96 53 83 43 74 38 9 9 12 64 23 87 54 96 37 28 63 10 48 65 18 5 82 47 84 61 93 83 16 26 70 92 72 16 30 12 86 18 5 11 43 23 74 13 80 75 79 23 6 2 33 12 29 98 47 19 51 18 35 83 62 39 61 94 69 22 75 23 34 54 0 52 9 64 29 83 64 8 73 23 88 77 96 1 66 51 62 23 2 24 73 72 32 54 84 1 32 8 10 24 24 39 6 28 78 38 24 20 24 3 16 27 58 0 73 59 42 13 37 57 64 80 63 33 63 87 57 65 56 33 75 87 76 12 64 6 76 93 71 6 48 48 72 9 95 93 45 0 45 11 47 22 94 13 45 37 99 31 55 10 66 53 63 31 15 89 80 88 52 37 38 71 1 44 34 43 0 46 42 86 39 86 64 89 3 15 75 9 23 56 22 28 10 21 8 34 73 67 28 80 80 43 69 32 22 98 28 38 68 75 77 39 22 53 96 68 28 34 26 61 96 81 70 14 23 48 67 90 89 17 46 91 92 74 29 93 
56 34 16 42 13 86 47 29 9 76 79 33 93 19 16 57 81 31 39 70 2 6 77 80 76 91 72 0 76 58 60 45 23 53 21 75 7 53 63 12 14 95 85 1 17 77 14 80 87 48 37 94 98 68 57 40 89 54 76 89 11 84 23 34 82 98 66 52 83 76 16 38 62 63 82 20 73 9 41 35 93 79 4 27 20 93 6 89 57 45 60 44 65 99 31 22 34 93 77 2 29 81 52 34 84 75 39 10 60 13 27 79 89 56 81 76 35 9 78 4 79 16 59 86 99 84 70 58 54 70 5 81 56 90 94 19 20 40 90 62 99 47 57 86 32 84 2 87 68 1 36 46 0 32 73 7 65 41 18 14 91 46 6 21 33 54 81 30 16 76 68 2 37 98 64 88 60 14 40 74 67 52 28 93 4 99 34 67 70 8 97 46 33 8 0 54 55 86 71 91 25 17 38 92 11 47 27 3 17 78 96 54 35 34 85 13 78 8 6 98 47 44 77 61 11 61 71 48 71 57 35 46 42 71 30 65 81 5 41 97 18 49 72 83 69 55 53 28 22 88 53 99 83 42 49 93 61 16 71 78 57 71 93 90 1 24 42 57 98 8 20 28 88 46 2 17 24 12 95 76 10 17 39 43 95 85 13 52 28 33 16 17 76 56 81 8 78 42 68 7 
39 89 91 38 59 1 85 83 41 0 88 51 84 46 24 2 50 21 20 79 64 80 22 45 84 37 19 36 22 37 38 89 35 75 98 87 1 23 52 79 55 40 90 99 64 11 68 88 77 91 8 25 60 74 69 10 30 33 40 30 57 27 75 49 11 22 65 93 29 31 1 3 59 15 78 85 79 89 99 13 96 97 92 68 85 6 37 63 82 25 94 66 46 82 75 68 10 46 68 91 29 57 95 60 68 37 40 96 96 67 42 92 82 70 4 34 42 49 7 94 35 87 78 40 62 45 94 66 41 60 95 0 94 46 62 22 55 10 52 38 88 82 19 47 68 3 92 40 16 49 21 25 74 25 8 99 80 73 88 95 31 3 86 29 59 84 30 33 16 39 3 1 7 8 88 32 77 50 53 86 27 68 25 85 6 3 81 80 89 65 81 78 65 44 97 74 33 38 91 36 74 83 95 66 8 71 71 8 90 26 33 60 70 46 93 38 68 48 75 71 49 69 93 13 87 10 96 15 63 53 37 48 38 34 50 29 20 6 54 2 46 7 93 2 13 97 35 52 80 12 52 48 59 73 80 94 96 93 72 83 42 51 60 89 11 77 2 10 14 58 59 48 74 66 10 7 70 51 90 94 57 47 87 71 59 14 26 90 17 45 23 3 97 99 16 47 54 59 37 80 
35 18 4 12 61 34 10 21 86 47 29 41 4 29 7 19 98 71 83 68 65 15 35 80 70 41 94 14 14 88 54 29 2 22 72 35 48 7 34 78 92 38 94 70 16 99 86 98 68 37 3 6 45 42 38 8 34 70 16 49 68 1 37 35 40 51 83 57 39 42 75 63 50 83 88 22 45 57 83 58 28 46 35 42 20 30 18 31 11 53 67 86 12 60 49 27 17 64 49 22 89 54 4 51 64 26 79 52 69 29 34 8 83 80 25 25 43 12 69 51 61 70 68 91 1 96 40 25 40 29 54 46 83 55 8 36 51 84 71 79 22 41 31 39 45 99 59 3 94 46 73 86 83 78 1 69 84 58 69 64 22 62 78 44 24 22 61 60 63 19 96 54 60 44 74 69 97 73 11 96 4 55 57 78 18 80 88 28 60 32 84 2 86 24 65 5 45 86 82 92 27 9 22 74 0 51 19 60 99 84 63 92 65 52 33 49 81 24 39 75 58 25 77 13 93 18 95 53 98 79 71 16 11 74 81 99 46 68 98 1 16 91 26 50 63 83 93 79 93 3 40 95 29 46 93 62 14 61 12 80 94 26 80 72 61 77 37 61 29 34 99 64 88 35 43 31 35 51 12 34 18 52 70 69 14 57 22 65 94 11 24 18 69 45 76 83 22 94 55 28 
70 10 18 41 30 31 88 68 80 61 16 33 59 19 41 83 80 56 5 90 81 10 8 30 48 19 10 63 89 81 61 71 44 90 39 80 63 7 72 94 52 36 13 79 93 1 33 94 16 99 66 92 2 42 2 89 83 21 43 42 88 35 84 99 56 93 27 76 14 36 99 48 27 36 21 97 71 33 90 93 2 68 10 48 53 34 16 99 45 57 56 37 27 67 53 56 61 35 92 18 88 0 77 37 10 9 49 31 18 31 20 78 9 45 91 86 11 58 52 4 99 58 45 88 51 33 59 22 12 25 68 42 92 66 42 4 61 72 81 81 33 91 67 15 66 2 47 22 20 66 16 48 68 84 90 50 12 66 25 81 80 2 93 40 79 3 66 30 95 28 53 94 57 86 71 37 56 9 28 88 67 22 78 15 97 24 16 69 37 45 45 20 98 98 33 92 73 33 17 67 21 49 54 44 69 31 72 84 92 28 4 8 49 67 72 20 22 61 65 7 27 90 6 29 86 74 95 25 37 83 32 67 70 64 46 53 90 22 42 32 38 19 58 89 34 53 1 88 2 71 31 81 89 6 63 2 55 53 34 60 12 29 77 85 31 32 47 30 84 0 86 56 84 32 90 56 29 42 97 75 89 63 20 95 40 3 38 68 10 83 28 1 9 92 17 51 15 73 23 38 
50 16 74 73 81 85 79 93 86 12 60 77 25 68 22 73 36 40 50 26 10 12 32 4 17 35 53 91 95 36 20 63 65 67 75 67 31 53 91 0 62 82 54 57 75 50 7 54 4 50 51 14 4 45 82 45 95 34 15 6 31 28 69 71 48 27 90 26 99 5 37 29 21 85 75 85 94 98 65 72 16 83 25 2 36 85 2 56 80 10 65 64 6 89 13 20 20 82 22 6 4 76 81 19 2 27 55 27 64 99 31 73 17 62 88 99 69 61 24 52 12 94 66 4 96 84 82 84 48 95 98 3 23 90 99 99 50 67 86 28 53 97 57 94 91 23 24 53 59 64 4 38 42 98 45 36 2 8 51 60 69 11 56 76 23 71 83 13 84 34 64 28 90 69 79 22 65 83 46 76 19 46 6 34 58 43 64 2 12 81 80 95 99 49 23 30 29 68 10 97 33 74 81 43 94 49 77 67 72 33 0 88 21 55 15 52 26 60 46 87 74 87 9 27 53 73 95 65 93 92 70 99 65 42 62 88 75 4 87 23 51 46 99 76 56 32 29 51 15 97 51 7 90 39 62 6 96 96 67 89 18 51 68 62 19 38 97 48 30 23 21 39 83 68 56 97 13 16 29 85 72 74 67 17 27 76 79 77 59 69 69 78 0 78 29 76 11 75 12 15 
86 64 43 83 24 61 45 15 32 3 12 84 83 60 86 7 99 99 13 0 19 60 92 75 64 68 55 19 99 8 57 13 20 38 65 75 69 97 44 58 12 54 56 5 40 34 60 39 51 70 34 23 59 13 96 65 18 13 68 56 44 5 58 38 75 57 83 23 86 58 59 62 9 24 23 24 44 53 77 42 50 83 95 13 68 85 70 1 33 30 2 6 85 47 66 90 77 26 42 86 21 42 0 94 40 29 55 68 3 52 57 84 52 54 33 56 41 75 72 68 34 2 43 75 99 57 0 68 46 12 64 14 55 53 38 64 9 46 14 19 64 43 84 69 43 30 62 94 87 96 91 61 37 1 22 17 41 39 78 45 59 7 27 37 15 41 45 14 43 14 71 43 84 86 43 69 57 87 83 52 14 38 47 7 17 32 58 13 33 37 83 29 16 4 21 44 99 72 24 57 63 33 86 61 26 50 84 27 58 61 45 77 41 35 61 37 38 58 13 91 43 80 31 0 44 50 52 74 79 17 13 8 76 99 30 81 59 50 20 88 67 84 11 71 29 35 19 84 89 39 70 3 13 4 70 1 56 93 75 53 36 29 79 89 87 69 25 63 94 10 0 4 27 17 92 16 45 60 39 88 50 96 57 53 88 87 80 54 59 6 93 27 22 38 58 86 83 95 42 86 
84 35 70 59 7 12 22 54 94 16 3 89 56 11 86 28 58 27 41 77 50 56 28 29 0 55 83 60 49 87 33 20 52 8 76 9 99 19 40 43 27 83 97 62 68 94 17 41 19 59 97 95 16 75 47 43 2 29 84 39 89 23 35 47 68 21 29 45 18 16 42 96 97 83 0 57 37 17 94 21 75 99 92 0 34 19 70 77 42 94 94 55 34 70 62 8 1 15 73 28 5 74 36 76 36 58 59 88 72 15 42 81 0 8 3 23 8 9 61 86 65 25 9 44 69 92 83 62 33 37 47 26 23 94 14 37 11 87 88 76 5 12 67 60 13 93 4 30 61 92 36 52 30 10 58 73 73 82 46 91 20 15 29 71 93 3 80 49 35 31 66 45 91 68 94 13 40 2 4 91 78 45 27 37 35 82 35 87 47 27 16 89 21 89 90 35 95 25 26 5 23 93 69 18 78 0 28 15 46 32 8 79 66 3 14 26 16 84 2 31 50 7 71 78 9 44 6 25 96 12 56 81 4 25 41 61 3 51 55 27 70 22 86 2 22 98 93 91 54 4 17 82 99 35 41 96 92 75 45 87 88 9 22 9 73 19 90 4 62 65 81 33 25 56 80 72 33 58 9 87 69 43 38 27 34 46 4 99 85 23 11 31 93 23 29 4 39 16 24 16 
74 43 24 65 66 31 57 72 48 72 88 28 52 12 55 53 18 40 54 1 48 38 77 78 12 58 27 40 49 99 52 69 80 80 18 46 54 22 20 88 34 87 39 8 4 35 26 47 39 46 65 65 47 19 73 11 16 43 50 39 24 65 8 39 48 36 14 49 24 13 3 6 53 83 23 12 68 13 6 38 11 19 63 42 19 39 36 56 22 37 80 10 24 84 65 69 33 64 43 3 85 37 73 19 86 65 10 76 57 57 79 22 67 7 55 37 11 20 98 3 13 60 83 16 20 10 96 9 19 78 55 22 89 33 30 55 11 68 26 24 62 59 1 99 70 27 97 6 8 89 92 86 91 93 73 43 53 7 67 9 11 21 13 70 91 57 70 77 60 20 42 31 80 19 24 36 1 14 93 93 41 26 80 67 16 79 80 89 74 13 80 22 37 30 29 5 55 5 25 87 52 78 45 27 47 54 64 42 3 72 31 61 8 16 28 50 73 90 83 48 8 18 69 7 84 71 99 29 23 22 23 87 72 93 5 94 74 87 37 58 42 29 79 27 53 58 95 73 6 91 74 26 50 50 0 90 29 71 67 40 36 27 60 54 20 13 41 1 46 23 27 94 70 78 25 28 93 96 44 78 46 9 65 20 9 51 72 69 39 19 25 48 17 89 96 28 59 78 53 35 
22 40 82 66 5 38 1 85 16 18 1 11 50 0 47 9 97 11 80 10 75 29 50 18 92 82 24 24 73 25 93 42 35 0 47 28 80 22 23 9 53 25 25 86 97 80 94 99 33 25 90 83 17 15 32 37 61 64 2 92 7 85 57 12 60 7 68 98 58 72 92 95 9 93 40 88 92 94 66 8 10 38 61 92 4 17 8 79 1 35 87 18 25 51 29 31 42 76 90 70 56 26 86 58 63 12 70 36 99 17 65 13 31 5 89 83 68 34 39 34 92 5 4 91 50 42 37 97 73 35 90 2 85 16 71 67 0 84 39 24 1 82 12 6 37 58 66 34 63 62 91 47 25 0 39 3 67 6 62 98 44 20 10 95 43 0 89 78 80 20 99 78 42 51 47 3 43 41 84 95 98 25 86 18 97 20 82 18 43 55 98 76 59 51 60 12 18 0 6 31 38 45 38 63 55 50 54 3 74 79 35 48 80 44 26 63 43 43 84 31 43 94 54 57 64 21 79 27 95 0 28 22 78 25 44 43 32 63 2 96 25 3 7 86 30 61 97 21 44 95 32 16 87 54 91 23 40 38 38 10 10 74 49 98 53 10 33 58 88 72 41 20 1 94 25 96 35 23 97 50 83 12 44 39 50 31 51 72 14 84 79 74 58 32 44 93 15 56 90 11 
28 83 37 68 82 38 75 76 33 63 44 60 53 40 35 45 0 14 56 25 84 57 69 31 92 73 68 29 63 65 97 16 48 36 72 87 51 9 10 24 56 79 1 16 22 5 89 78 63 54 80 21 86 96 48 97 55 58 63 11 66 56 3 83 67 93 44 11 69 83 51 73 61 98 84 34 97 10 54 17 52 95 45 54 5 22 48 23 48 10 16 34 67 82 57 93 97 48 64 58 3 86 80 27 92 9 53 17 91 4 10 47 42 46 22 2 25 30 5 35 95 49 31 12 19 84 70 2 39 89 95 2 26 20 83 62 20 91 20 91 27 45 69 25 95 42 30 66 73 96 19 55 79 87 28 43 14 11 21 29 85 98 83 33 53 33 43 86 38 88 81 62 66 40 75 37 99 11 71 62 53 72 54 80 36 65 7 48 51 55 56 36 18 85 19 32 73 83 39 46 29 40 44 63 79 70 8 80 31 77 64 66 7 91 43 42 67 18 89 99 71 22 50 81 11 89 79 30 50 40 53 27 38 80 69 74 43 97 77 13 27 97 41 65 16 60 80 40 88 79 36 24 85 94 78 65 27 79 87 45 51 55 32 49 29 35 29 67 41 24 20 6 46 14 18 41 7 3 30 84 46 70 65 99 18 66 50 20 55 13 83 83 89 53 88 32 57 30 46 61 
66 3 82 61 4 41 59 56 74 17 54 76 42 81 41 91 29 79 5 54 39 18 91 33 15 5 29 72 70 47 61 65 50 63 68 51 43 13 12 31 57 13 10 97 35 60 10 53 55 16 83 70 82 75 16 43 86 27 67 96 6 32 95 11 64 11 48 84 24 62 6 34 1 79 60 59 74 50 1 21 39 5 20 49 44 66 8 73 1 15 78 37 26 61 82 11 25 95 96 40 38 80 83 24 26 84 26 81 99 86 59 55 98 86 56 4 74 30 72 10 69 6 34 31 17 0 44 1 16 48 47 66 31 92 40 11 91 3 34 17 41 71 11 67 24 80 92 84 48 3 93 24 1 19 43 82 85 15 48 1 2 77 36 15 3 45 86 25 65 60 7 21 21 98 64 52 48 50 30 76 29 82 5 37 86 83 77 66 66 29 9 86 51 66 33 76 51 51 11 51 55 92 64 22 86 89 12 95 75 69 3 39 74 94 89 94 20 36 9 95 49 95 29 17 70 79 69 39 23 83 57 57 42 74 95 16 36 96 94 36 52 91 12 96 94 23 78 90 70 64 5 48 17 96 55 42 11 61 44 32 62 8 78 67 17 66 19 3 33 61 98 63 32 46 55 44 62 86 87 43 45 31 71 78 8 40 51 93 31 63 22 89 1 54 16 56 41 36 88 82 
27 94 64 20 42 46 61 83 70 58 11 87 64 43 73 37 83 64 61 58 94 50 35 72 59 46 90 90 54 65 18 31 58 94 80 39 51 41 31 49 69 43 28 48 16 22 13 53 64 34 17 76 71 65 11 23 53 35 36 47 31 44 61 88 59 94 46 99 3 33 56 14 68 74 1 64 0 64 89 81 27 45 27 8 75 96 78 80 18 1 5 32 93 10 98 66 54 80 50 73 77 98 31 17 34 45 38 0 21 43 67 23 8 82 51 66 93 43 96 19 83 52 35 32 63 78 43 81 86 42 24 17 97 90 86 7 56 79 99 3 59 81 78 9 61 99 65 50 86 83 94 90 68 57 5 57 42 72 77 16 28 28 52 39 97 43 76 96 81 57 56 43 1 77 82 76 41 39 26 12 54 3 94 40 12 15 51 1 69 32 44 61 39 9 67 2 10 68 61 4 46 61 69 6 72 40 11 32 82 74 40 23 4 7 21 88 84 51 85 14 61 39 25 6 72 93 47 56 87 22 97 19 14 94 42 1 75 93 89 84 85 73 96 45 52 4 32 59 39 84 72 94 38 88 94 80 34 8 57 99 42 4 40 97 38 24 31 24 51 32 12 14 69 31 67 20 55 17 81 77 94 98 22 29 95 83 29 79 94 83 78 24 3 26 78 65 94 84 4 87 
15 5 4 0 78 72 3 81 77 50 58 6 84 1 0 97 68 41 37 2 7 5 0 3 71 48 99 88 13 61 82 57 60 65 89 99 18 81 42 79 53 80 14 41 42 34 46 20 35 57 57 23 54 90 37 99 54 3 87 66 56 76 99 56 13 15 91 95 43 73 35 20 64 66 0 55 52 28 57 16 77 71 31 80 7 83 80 26 99 38 30 35 70 75 73 58 79 0 98 84 73 20 81 26 94 76 70 17 89 11 71 15 57 99 30 50 93 22 68 50 62 45 77 2 60 0 2 88 38 75 99 57 49 95 30 42 2 91 7 36 57 40 46 6 68 6 58 45 33 42 63 60 9 93 42 77 89 55 36 25 41 44 80 47 67 61 81 0 88 70 59 55 45 30 57 60 53 99 83 17 70 36 0 96 6 97 11 6 10 70 37 71 81 83 94 23 50 10 46 48 25 49 42 25 37 29 55 71 58 63 9 82 37 30 3 86 65 49 62 38 35 7 87 12 57 21 26 87 42 62 89 26 97 76 0 93 72 10 82 53 35 61 36 31 94 75 8 41 71 54 77 25 31 17 13 86 46 25 59 79 17 70 54 21 55 80 49 48 79 8 89 35 82 1 64 89 20 16 67 31 83 59 98 22 23 53 27 19 59 43 76 45 32 73 37 10 32 96 65 14 
46 19 44 73 96 71 25 52 55 28 84 38 34 92 39 91 94 90 89 56 21 99 91 31 6 80 78 58 27 41 60 83 84 67 98 3 56 68 83 84 28 47 75 39 64 58 43 22 85 0 38 96 60 66 19 86 13 21 37 10 21 41 43 87 61 41 53 84 43 35 2 20 63 69 41 90 20 72 49 16 91 84 36 57 47 92 39 98 85 59 23 41 30 70 56 57 70 52 57 30 84 61 79 66 99 55 96 38 23 30 3 41 1 68 23 45 91 35 29 23 15 83 90 2 45 12 4 99 95 45 40 35 73 8 72 28 9 24 37 16 68 73 44 0 26 78 17 49 11 1 68 53 79 79 11 36 99 93 64 15 75 55 15 52 82 90 11 19 49 92 45 9 24 15 8 3 71 66 59 49 32 73 64 51 84 90 75 72 63 23 38 50 75 14 14 53 24 95 86 51 70 68 82 87 3 87 3 92 92 75 69 9 85 12 61 83 91 24 16 26 85 50 32 15 82 18 13 93 51 21 23 76 76 55 94 43 20 62 65 80 8 13 83 44 79 56 32 83 83 18 88 98 55 72 49 92 77 52 41 86 58 82 81 13 68 89 71 20 99 94 31 87 60 16 86 28 25 91 83 24 73 67 94 75 63 63 56 67 96 35 4 26 78 33 79 19 66 63 59 20 
5 42 35 97 11 49 44 15 80 77 19 13 92 31 13 35 81 43 23 29 30 43 64 30 18 75 7 22 81 32 81 89 46 18 10 2 86 3 75 82 4 57 80 64 65 94 15 68 50 6 17 34 0 49 59 70 95 55 88 18 18 12 77 0 33 75 57 93 96 30 9 92 0 79 3 23 40 5 47 23 54 30 2 78 45 88 79 34 96 29 38 71 0 83 3 77 87 8 74 99 10 15 60 31 9 7 22 7 20 75 5 67 16 2 78 93 97 20 62 65 54 34 45 53 48 54 98 96 68 61 59 88 92 97 59 97 50 18 39 72 37 73 69 54 0 19 73 42 14 6 98 93 37 48 57 35 33 56 48 88 11 55 6 28 57 48 17 84 80 95 20 42 45 30 67 91 48 23 51 34 74 92 22 0 56 97 94 58 24 54 25 2 24 21 49 59 81 68 96 98 30 70 67 9 17 42 11 37 1 73 40 73 81 97 18 55 32 53 68 70 73 71 79 43 92 3 10 20 66 18 71 0 5 19 43 4 24 97 93 37 82 30 0 71 32 58 22 45 88 95 63 51 63 27 43 97 3 90 19 92 97 85 34 41 85 95 11 60 24 44 21 59 17 40 92 72 43 13 50 48 57 83 24 53 95 70 1 8 56 81 67 55 25 22 61 23 57 98 37 49 
97 62 19 86 6 26 38 95 57 93 34 90 14 21 97 31 64 9 85 74 20 88 14 61 52 4 8 32 14 2 80 7 52 24 96 28 58 52 99 26 6 23 22 21 72 58 28 42 23 79 12 41 74 99 80 98 74 39 47 77 23 97 68 14 53 96 38 7 89 67 96 19 84 57 78 7 55 21 91 14 79 12 40 78 39 83 57 89 12 95 67 86 29 82 61 45 51 8 51 36 22 26 51 35 68 46 14 36 22 50 64 11 33 37 19 41 6 19 65 64 6 69 70 7 43 70 51 17 59 52 53 79 86 29 86 1 65 95 58 50 77 94 21 1 41 5 7 6 44 96 24 17 91 16 77 39 26 79 62 18 80 10 82 56 52 25 20 19 5 14 55 7 29 80 36 19 50 68 50 65 61 85 22 17 24 57 89 4 73 80 19 0 39 32 88 2 65 69 4 87 4 66 95 57 98 16 16 6 32 71 39 33 36 62 75 99 20 38 88 8 21 50 76 91 87 26 5 79 76 97 92 46 75 47 56 66 8 87 64 75 17 49 81 80 26 55 36 5 52 1 75 44 50 79 86 82 97 26 16 93 78 57 99 36 86 46 92 19 21 19 54 67 54 6 2 56 94 33 87 9 15 18 99 59 11 70 6 7 1 66 85 45 7 42 73 69 60 14 13 23 
80 91 85 1 90 71 73 38 77 11 42 92 98 83 91 19 65 35 86 0 54 69 92 83 66 87 98 25 46 95 6 72 63 16 61 64 90 31 18 85 18 45 83 2 9 26 94 78 43 99 44 98 69 60 33 10 72 41 86 55 51 98 6 44 90 96 50 75 13 38 37 11 38 44 56 27 83 66 74 74 54 65 98 41 81 50 88 20 80 31 49 80 36 89 35 72 91 70 84 63 73 40 86 82 93 19 39 87 12 20 6 33 45 45 98 40 51 51 49 19 51 93 99 24 24 67 96 8 31 58 95 88 10 78 65 51 50 98 46 41 13 63 18 0 41 68 22 77 98 3 28 4 56 43 48 47 60 89 5 24 56 25 16 50 54 87 58 58 82 22 84 51 26 3 18 74 2 68 56 98 95 71 81 91 4 78 5 45 44 41 62 79 14 82 9 49 90 31 33 63 4 69 29 47 15 72 30 73 31 96 75 60 9 82 16 84 14 33 76 85 35 70 83 51 29 14 35 56 33 35 71 42 69 6 88 65 66 67 62 35 73 9 27 51 97 28 58 2 43 28 39 36 18 21 0 70 64 55 91 80 12 54 70 30 40 2 71 11 58 75 2 53 79 49 20 62 71 26 77 90 91 24 96 39 64 60 25 57 23 47 35 65 26 37 76 44 18 43 49 24 
61 17 54 35 74 95 34 27 70 55 63 76 97 60 89 99 74 57 54 80 55 82 29 91 85 90 51 24 82 56 26 15 68 36 74 81 57 44 41 72 87 87 82 8 42 88 20 99 99 36 0 30 44 22 95 10 33 87 73 94 81 50 7 97 94 40 63 74 69 66 49 38 41 27 24 54 45 37 27 54 56 52 21 85 17 17 59 41 99 96 36 98 39 75 94 54 15 65 39 52 21 48 34 93 77 2 55 2 35 82 45 47 77 89 62 43 7 87 76 42 39 39 82 35 55 97 88 74 97 76 36 37 70 15 33 81 26 40 25 59 79 75 41 67 25 91 80 85 57 98 2 71 64 10 70 54 34 88 89 44 25 64 4 74 44 77 16 45 13 26 33 86 90 81 85 6 48 63 49 83 48 0 89 93 11 24 71 95 23 3 66 94 82 49 41 90 10 85 88 66 86 7 63 31 48 7 72 92 91 8 59 93 35 48 24 39 39 62 11 46 75 6 49 18 70 12 93 39 13 67 86 33 84 27 75 94 12 73 2 89 50 18 49 90 83 11 93 47 65 27 93 19 17 37 36 81 49 96 26 19 0 0 8 27 68 22 17 95 11 11 71 64 16 53 70 72 96 3 47 87 97 55 5 78 18 21 89 55 72 5 83 24 0 35 24 75 25 93 17 41 
52 66 43 54 34 98 96 53 17 83 35 36 34 42 15 70 22 53 6 75 47 39 92 60 40 36 33 72 32 99 19 57 80 89 46 67 76 65 10 2 31 52 7 6 64 49 43 0 40 45 46 19 73 59 97 88 61 80 98 13 92 29 83 59 82 49 73 47 69 28 80 74 97 60 76 45 68 91 90 24 32 17 0 65 7 52 21 59 75 86 17 99 94 98 17 43 83 88 50 6 65 25 90 79 16 66 22 73 50 85 70 18 63 6 66 26 28 71 42 7 1 86 21 98 21 86 13 97 87 28 2 27 73 19 72 11 59 6 26 41 69 37 84 9 69 20 31 22 9 91 16 54 36 24 38 86 14 65 76 92 1 73 22 63 61 3 6 52 43 65 30 42 46 85 13 83 62 81 87 41 78 88 13 41 11 21 60 3 69 36 96 54 5 29 96 38 84 63 56 36 56 2 80 4 20 97 51 6 28 59 22 38 54 26 22 28 3 76 15 28 73 94 42 29 24 58 82 76 91 49 2 83 25 89 82 59 92 27 80 99 94 65 24 10 77 6 47 31 27 34 63 47 39 31 3 46 22 92 66 41 85 5 5 35 86 43 82 71 54 69 26 6 26 23 81 85 53 15 40 17 40 18 92 74 34 32 14 92 2 77 70 97 31 34 75 86 84 59 82 79 
17 35 99 86 1 34 45 31 35 41 38 72 37 28 94 34 19 44 58 5 41 71 45 79 81 36 6 82 3 9 60 57 54 3 25 89 30 13 37 52 5 29 55 70 27 8 57 50 9 7 5 7 27 9 74 92 10 39 4 57 34 46 51 47 60 47 14 81 37 85 3 88 71 22 93 4 50 51 70 52 13 25 34 79 51 8 75 12 55 68 95 32 74 97 59 62 87 35 53 83 20 84 28 46 61 24 98 21 61 56 51 2 27 63 13 49 45 23 31 15 39 70 17 10 99 70 88 85 13 25 18 35 80 92 29 75 62 32 4 55 53 71 22 5 42 81 53 1 18 58 90 84 11 25 60 89 52 17 6 2 72 43 61 33 64 37 84 23 50 5 54 56 25 53 33 61 35 97 84 39 18 30 64 1 10 73 27 43 53 3 49 35 52 72 54 20 54 85 75 10 94 99 11 66 50 5 34 14 77 29 53 86 64 29 1 56 33 51 5 41 67 35 13 78 6 29 49 66 42 90 12 56 54 63 53 43 79 75 39 71 29 20 21 20 89 29 45 2 35 55 28 67 94 2 34 25 70 16 82 21 97 76 9 88 77 40 7 32 65 88 34 82 6 42 26 35 60 46 73 3 25 75 83 29 41 30 8 72 75 7 37 26 23 13 73 67 72 34 81 64 
72 47 30 29 53 28 65 47 22 71 27 55 7 97 34 14 93 33 32 25 74 30 46 41 35 55 80 25 66 81 99 93 3 68 75 65 33 73 42 94 59 12 16 21 72 4 65 72 74 99 68 86 10 12 26 77 54 93 6 30 16 10 69 89 35 11 45 14 71 66 18 31 62 85 49 42 4 37 40 65 47 91 77 97 88 73 39 0 43 36 90 86 34 8 79 9 19 81 19 99 47 57 59 97 63 19 64 86 77 98 39 10 84 53 20 68 31 93 34 96 35 99 38 32 87 28 2 33 80 93 39 54 96 28 90 57 36 21 99 33 52 89 91 47 30 41 23 47 56 17 72 2 10 46 90 50 3 48 56 25 85 76 17 73 83 51 48 59 26 75 60 27 56 2 74 99 5 55 44 52 2 16 31 10 83 49 80 50 99 10 10 0 39 69 23 61 59 60 84 71 56 10 49 15 99 92 49 76 68 40 6 2 3 22 37 31 10 61 13 17 15 50 85 64 89 88 98 22 65 21 33 12 51 1 37 51 81 75 93 76 88 20 32 88 76 64 1 31 60 13 89 71 82 31 79 39 24 29 50 0 37 26 45 60 50 0 87 89 67 95 60 48 72 93 12 35 35 28 47 92 37 78 76 67 25 45 9 2 72 33 48 2 30 25 19 73 59 71 37 86 
37 25 96 96 69 9 65 75 84 1 46 87 52 10 75 34 88 44 40 84 0 51 62 14 92 68 3 32 62 23 86 6 2 99 87 76 34 55 43 40 14 92 24 72 94 39 48 33 6 44 87 67 53 79 29 18 96 30 60 5 53 43 62 44 27 48 39 31 64 36 34 97 10 11 84 91 91 9 29 30 43 22 77 21 14 26 50 67 38 16 72 11 57 28 65 2 99 25 7 59 31 31 54 56 48 25 82 39 42 6 12 93 48 82 92 68 40 43 91 20 5 57 66 92 84 57 55 50 67 84 27 38 10 64 19 55 23 95 18 1 91 96 95 96 33 22 23 50 30 62 86 71 6 49 18 6 78 14 96 29 34 72 50 41 22 39 45 75 59 48 12 14 87 22 37 81 93 36 50 64 21 92 66 50 8 44 57 66 27 67 81 83 29 30 78 19 90 5 81 63 37 68 32 32 86 41 97 26 53 47 61 89 61 52 95 23 72 27 89 72 54 93 36 23 36 93 62 86 83 53 37 73 93 3 27 99 87 84 37 77 60 40 68 63 1 42 68 60 46 77 39 75 63 15 18 35 30 93 98 32 72 23 62 91 54 62 95 77 59 95 80 55 19 90 91 72 37 38 83 33 1 98 47 17 95 33 88 69 80 54 70 75 74 28 33 75 5 48 17 80 
81 67 50 79 25 5 70 25 3 61 31 20 69 59 2 20 66 92 32 50 41 33 7 49 41 63 60 87 90 93 58 13 74 62 35 75 63 85 61 82 40 78 40 0 71 55 74 97 31 15 40 2 94 77 55 38 4 68 85 56 40 58 28 96 29 31 23 69 77 95 32 27 31 34 2 20 19 78 85 48 87 70 66 89 78 95 75 88 31 24 50 49 79 62 89 37 15 95 70 58 66 58 72 23 66 84 42 33 80 45 69 89 5 70 32 42 90 93 43 89 99 94 29 40 88 89 52 64 72 56 60 10 23 26 47 60 41 28 82 27 15 71 44 91 98 6 21 63 14 37 88 91 60 82 29 31 71 84 8 92 47 61 46 61 27 48 7 44 29 10 11 29 40 96 45 48 81 46 16 22 93 55 16 24 37 77 54 35 91 18 67 23 65 34 10 50 51 95 86 68 6 91 49 65 62 57 52 66 83 7 71 64 63 69 53 45 63 70 39 64 33 91 84 75 53 80 69 23 58 75 66 79 59 2 53 1 45 53 64 14 36 44 1 97 49 65 2 57 10 5 90 34 8 99 99 89 16 78 40 22 69 49 9 43 13 91 5 70 46 8 63 72 15 61 18 68 31 87 54 22 25 98 10 64 49 67 0 60 65 88 1 32 28 80 97 46 3 83 59 44 
77 10 44 11 32 42 38 99 85 73 79 50 60 50 63 12 47 78 91 2 85 15 2 5 34 52 25 62 2 81 97 31 73 76 19 89 45 12 73 40 69 29 64 10 12 32 17 0 51 45 24 45 0 6 17 96 48 50 69 81 25 97 37 39 31 81 48 48 47 74 67 48 42 82 9 18 81 33 73 25 33 43 3 46 77 21 28 99 85 85 57 84 61 92 26 83 98 66 8 85 77 13 33 19 14 93 33 82 10 16 25 19 24 40 76 41 88 1 10 72 18 93 96 66 74 1 43 80 51 62 57 48 77 55 77 80 85 77 38 26 16 25 38 17 9 68 79 58 83 93 39 16 78 10 12 17 31 8 70 82 58 97 68 41 99 6 76 1 48 86 3 93 55 80 9 57 67 52 24 9 15 93 55 31 86 29 13 3 76 6 18 13 38 95 33 51 0 50 71 48 55 92 29 84 89 14 64 45 67 11 80 93 79 5 66 89 85 9 85 53 31 97 63 65 71 73 25 55 12 81 0 62 77 68 26 47 61 38 96 94 32 29 21 27 77 50 76 97 48 67 33 43 49 68 17 33 66 10 94 82 10 73 5 51 47 45 59 90 13 72 34 52 47 15 81 51 53 87 93 32 99 13 13 5 33 76 88 18 47 14 14 45 71 78 20 63 53 84 72 1 
66 17 1 66 84 40 34 89 24 93 85 43 89 25 25 54 89 31 16 21 33 54 35 47 18 90 83 77 5 71 26 59 79 52 20 94 42 36 10 21 82 51 88 44 91 71 90 96 61 80 10 47 69 25 27 75 12 51 97 47 42 24 95 25 53 33 81 90 41 32 48 74 90 57 38 23 72 45 6 53 74 19 72 71 87 19 5 4 88 48 61 27 90 55 73 19 63 60 7 47 27 83 75 69 89 87 3 70 85 9 91 2 88 57 75 40 78 57 68 27 55 78 77 42 66 34 98 9 58 14 50 97 69 5 65 11 90 62 48 11 77 83 75 7 38 77 23 97 22 85 66 60 65 48 76 19 45 31 96 51 25 18 30 4 94 79 73 53 14 77 71 43 53 13 40 83 33 75 85 31 92 50 62 35 5 46 58 92 92 42 69 56 97 41 67 71 19 75 71 42 88 76 70 98 5 9 81 68 92 60 95 94 84 49 36 72 8 37 51 91 30 53 75 86 42 62 77 72 19 32 79 41 81 12 75 12 52 11 77 16 4 19 87 10 17 20 48 78 45 95 87 22 40 86 13 91 39 9 44 13 24 43 33 97 68 52 16 57 2 81 22 4 0 80 60 74 4 22 42 14 97 78 90 59 25 20 71 4 73 14 84 75 59 34 85 83 67 4 52 40 
89 49 95 92 53 88 13 48 8 76 46 92 15 18 93 11 78 96 49 48 35 30 9 6 35 56 3 87 63 93 42 74 66 70 52 63 11 94 76 34 58 64 1 44 60 90 82 25 55 85 31 33 26 80 35 89 56 25 4 53 58 82 16 76 52 93 1 55 57 66 12 65 2 0 65 90 99 18 54 19 27 15 81 53 53 37 75 82 84 82 50 40 56 51 61 59 81 64 34 18 19 13 49 85 79 56 43 1 10 34 98 43 30 14 83 90 29 79 3 7 36 30 26 2 0 88 69 82 49 90 87 29 67 53 83 65 53 66 92 71 70 87 36 54 54 35 97 10 77 72 33 25 23 70 93 69 11 94 96 0 9 4 85 16 74 25 38 23 46 93 82 78 73 96 26 80 13 61 71 1 59 52 71 68 75 24 29 66 81 16 30 8 37 4 62 59 91 2 6 37 99 58 67 19 79 97 86 81 11 1 33 73 76 1 95 36 84 50 32 33 45 11 23 3 0 45 39 25 40 42 47 60 19 50 49 45 95 71 70 88 13 25 60 16 6 17 44 64 63 64 8 97 75 14 63 85 55 15 48 36 17 12 49 16 27 82 46 30 30 73 65 38 2 3 10 48 1 3 89 29 84 76 87 44 89 69 3 90 17 59 78 98 27 88 69 61 78 94 93 96 
72 7 54 4 23 27 93 99 16 80 72 71 10 24 40 36 40 4 57 93 59 88 23 36 50 31 93 90 10 56 69 89 44 53 87 24 12 87 99 90 52 75 96 6 58 11 59 30 27 88 42 36 8 2 1 66 69 8 74 69 55 34 8 38 14 72 47 10 56 33 34 60 81 28 61 82 39 30 15 98 51 68 7 65 21 2 43 19 13 63 69 32 34 19 57 94 55 63 82 12 8 13 21 71 82 28 39 51 22 72 66 36 91 36 34 29 74 47 92 17 45 57 24 48 27 0 12 60 51 79 72 12 39 97 95 65 75 1 62 36 63 21 47 55 65 65 1 48 34 57 82 62 10 57 25 92 37 24 17 27 53 43 97 32 78 55 10 11 57 25 98 62 9 57 10 57 97 34 55 9 93 49 52 83 19 11 22 10 57 35 68 37 26 27 33 62 49 50 37 61 28 20 11 25 68 89 60 60 88 39 71 6 69 97 66 56 97 80 29 12 6 73 5 20 5 47 61 26 58 75 24 19 63 49 1 89 69 52 79 5 78 17 63 33 99 12 96 48 72 99 61 84 25 3 57 92 35 64 87 58 44 81 39 77 47 88 29 57 0 43 32 16 46 50 70 87 50 23 2 77 47 16 62 44 14 88 94 55 0 49 88 88 65 48 98 14 36 25 25 67 
4 20 3 72 49 37 68 72 40 60 56 81 98 92 12 48 28 48 41 0 91 54 37 54 38 20 65 27 92 93 51 93 50 5 57 75 46 79 97 23 49 46 82 85 47 65 55 90 48 4 39 66 40 8 40 62 2 2 52 68 90 3 65 44 29 46 4 39 42 30 29 50 78 65 16 33 15 18 67 32 77 67 38 50 21 82 71 21 90 57 91 41 40 75 29 4 58 17 10 73 13 17 36 27 23 98 14 89 5 12 24 8 43 78 12 0 11 28 32 74 21 46 59 70 95 10 33 89 45 60 49 1 74 49 54 39 31 84 77 36 19 85 66 84 68 71 11 84 69 11 61 7 44 23 14 98 82 87 67 18 85 39 51 98 85 76 87 66 78 60 23 48 73 56 33 33 58 44 37 89 52 2 93 2 59 6 69 58 70 94 22 16 3 80 90 66 43 96 3 96 62 88 86 79 88 85 65 30 13 88 73 93 31 21 96 16 61 39 81 30 30 99 17 76 6 9 92 87 56 17 3 53 5 94 16 38 92 81 67 53 26 56 18 18 48 1 69 73 66 60 56 54 47 83 10 59 66 73 96 98 67 26 53 28 87 66 11 25 88 95 73 16 44 63 22 81 51 80 78 69 52 71 52 18 76 70 84 68 45 53 26 91 97 51 50 18 77 50 85 19 
85 56 21 72 5 85 48 50 1 49 90 32 80 0 72 97 46 26 59 70 57 20 86 42 9 4 27 23 2 24 68 94 98 38 45 73 38 27 40 76 94 69 33 97 77 37 39 89 29 33 51 36 10 78 96 14 36 38 78 11 16 91 39 68 88 95 47 11 97 51 62 1 1 18 3 69 52 36 55 76 68 50 12 79 5 88 92 24 54 51 1 22 24 84 58 18 50 58 89 46 26 88 90 83 35 51 97 88 12 40 39 59 16 13 22 7 62 8 94 9 78 90 23 95 60 30 0 8 25 68 41 41 93 91 52 3 16 0 73 98 51 94 59 93 64 3 66 4 28 92 2 91 65 72 4 79 16 85 27 17 57 80 30 29 20 78 89 93 2 10 24 11 53 33 63 56 13 79 18 22 8 52 32 46 14 99 67 86 4 66 78 51 1 58 52 82 26 92 23 72 32 68 42 10 96 85 87 74 34 14 95 12 93 99 85 36 94 50 74 68 94 83 46 60 81 79 70 4 49 73 63 46 44 11 20 17 45 46 75 29 44 86 74 3 72 1 71 11 84 46 80 81 17 78 33 53 3 98 46 39 54 90 98 73 87 13 44 18 22 1 59 55 98 61 97 87 84 58 55 5 5 22 73 12 23 51 28 94 72 47 39 98 60 70 30 66 52 0 72 74 
11 1 51 40 89 7 42 28 30 63 18 8 48 90 9 27 56 65 35 95 39 38 74 98 79 5 49 57 67 40 58 12 84 87 48 58 89 42 15 94 33 3 87 92 14 6 76 52 18 76 6 55 94 60 73 91 81 48 53 62 38 11 20 2 0 65 56 3 73 28 58 88 43 94 69 55 11 7 59 56 30 72 78 32 97 80 29 65 24 10 64 20 43 39 13 74 47 1 5 89 26 4 10 84 93 81 94 75 54 72 8 74 75 66 65 96 89 10 30 12 92 67 80 57 98 91 85 1 2 23 1 82 71 55 43 24 49 2 33 22 0 94 76 16 58 65 37 8 82 7 64 60 26 56 19 47 0 84 55 59 33 53 2 35 9 76 61 89 95 60 45 50 8 7 79 88 10 41 4 16 27 6 52 40 90 8 76 23 45 41 5 60 63 9 14 55 44 7 31 94 42 80 4 64 19 93 98 72 17 91 68 83 17 20 44 53 39 47 67 1 76 66 82 16 9 70 59 36 91 37 59 61 23 88 61 59 8 12 47 14 55 42 40 31 51 39 26 71 85 29 20 52 5 39 34 78 42 9 8 56 34 92 44 8 98 35 24 49 60 66 8 2 61 14 47 66 38 1 16 66 34 71 15 66 90 89 73 67 27 29 80 80 70 83 87 64 46 34 77 32 
3 73 24 26 91 23 71 45 93 54 96 49 43 80 12 85 24 19 12 7 51 58 45 28 67 95 18 89 39 24 88 97 0 25 38 76 64 14 67 16 37 20 13 2 99 97 19 6 78 46 93 26 59 89 86 72 68 94 2 83 10 77 42 48 91 60 64 14 17 90 47 74 66 5 83 39 8 20 96 13 30 97 25 52 51 73 71 4 54 23 3 14 11 89 73 45 26 96 9 38 81 88 67 41 51 92 49 49 38 11 52 6 96 76 52 52 54 26 80 67 16 34 18 85 85 85 26 0 90 92 13 17 13 35 35 87 68 6 93 20 10 62 41 8 1 67 47 96 85 56 13 62 87 28 5 5 69 20 69 12 14 89 52 86 89 19 39 69 3 18 58 11 40 20 68 28 45 35 16 22 83 68 50 37 3 48 94 18 55 74 15 66 32 38 30 23 44 92 52 67 45 12 20 52 95 1 90 95 67 83 65 7 13 25 20 0 75 50 7 72 58 92 58 34 20 67 19 70 6 35 92 77 97 48 55 9 40 9 9 22 80 63 96 62 30 23 33 71 92 67 74 51 18 77 76 8 31 16 55 40 92 87 28 82 29 99 35 83 26 81 11 80 71 72 83 37 47 83 18 97 45 10 81 74 0 29 64 0 21 6 10 53 42 85 48 88 89 84 37 46 
62 80 63 56 69 84 25 18 99 20 16 7 3 35 54 99 92 9 61 5 21 64 16 25 55 91 17 17 66 96 63 74 15 66 48 57 9 86 58 90 79 79 53 17 73 11 80 52 73 40 29 76 71 66 10 15 52 99 17 46 52 41 86 78 42 55 68 76 0 71 13 81 7 66 3 99 4 17 79 62 44 70 7 50 85 33 22 49 81 61 82 39 86 73 11 39 91 32 2 29 26 53 92 51 90 83 88 9 19 77 39 96 0 47 83 84 81 28 85 89 77 23 91 43 41 88 36 42 1 4 82 16 10 15 58 64 25 89 14 54 47 91 76 24 90 76 29 89 87 28 64 36 68 99 7 64 36 92 67 73 68 44 20 57 17 58 75 55 3 45 68 0 92 76 10 84 89 60 33 60 40 51 22 90 39 24 76 56 28 7 2 56 78 15 76 23 18 57 39 93 37 34 86 93 65 23 89 17 30 28 31 16 11 31 86 90 98 31 93 96 80 97 7 21 40 45 30 11 26 32 47 86 99 68 87 38 19 33 29 71 69 71 75 90 21 11 18 14 44 15 66 12 1 0 81 94 93 90 74 65 28 83 89 10 80 24 73 54 77 56 46 26 17 73 97 42 90 80 13 4 2 28 55 51 67 42 19 12 23 31 16 85 49 55 26 81 68 37 27 19 
8 50 85 2 79 50 49 12 17 5 26 77 83 90 0 83 33 50 55 43 50 15 81 23 92 3 50 78 72 71 13 27 83 87 92 50 82 11 64 95 39 62 19 49 60 46 25 30 91 5 80 27 11 15 7 50 30 27 86 90 24 18 15 60 19 49 44 31 11 59 20 77 67 8 79 76 29 35 70 65 11 26 90 40 70 97 19 28 15 72 88 74 15 67 94 16 3 30 54 6 41 26 14 56 22 77 98 81 73 58 55 84 34 45 45 93 50 23 86 67 66 29 14 51 26 97 96 19 96 2 28 4 73 5 95 21 64 16 96 25 4 78 16 35 43 42 69 72 60 53 62 64 16 98 82 88 28 88 50 43 70 47 44 60 31 83 85 16 92 46 93 73 87 51 10 49 60 38 54 59 35 37 49 6 0 60 14 16 18 77 0 46 32 95 73 77 26 44 66 1 46 5 10 90 82 65 67 16 49 0 56 43 4 21 66 63 99 38 29 34 48 63 71 46 35 86 22 62 98 65 29 55 43 4 29 47 68 33 73 74 15 41 64 83 14 48 44 93 28 68 11 51 61 74 5 73 2 2 97 92 9 85 13 47 39 3 3 51 86 62 26 84 70 83 0 41 74 55 1 74 16 31 75 39 25 67 60 80 66 41 33 79 12 4 44 33 29 71 49 45 
32 24 44 94 65 64 49 47 16 5 68 68 95 17 39 10 66 57 74 42 67 42 70 7 50 19 61 85 18 23 13 74 56 16 53 67 93 28 0 2 59 58 93 27 72 33 18 11 97 92 37 85 16 26 40 27 88 84 20 63 82 83 76 54 73 97 71 25 53 65 67 46 52 3 4 21 96 24 56 60 93 45 52 87 1 88 11 96 21 54 21 14 72 56 87 5 81 23 25 6 22 13 36 83 30 18 13 40 54 52 69 79 15 51 39 81 51 4 51 7 95 38 88 40 48 25 57 15 9 42 91 71 47 88 90 92 54 50 80 94 75 20 34 89 86 38 34 87 66 26 24 54 83 46 53 23 75 82 61 43 36 99 96 96 49 44 76 19 7 4 49 45 62 44 93 18 16 67 20 41 89 87 63 1 48 81 68 40 29 32 13 50 3 97 82 80 92 55 76 82 66 46 12 9 60 53 91 30 5 88 99 71 37 62 62 18 10 71 66 47 53 94 20 68 41 73 76 77 11 68 1 66 94 3 10 24 53 50 69 24 83 52 86 20 33 39 18 43 47 45 29 91 72 92 90 33 71 86 83 89 50 12 31 27 84 99 97 9 32 88 1 69 95 64 78 21 74 51 60 50 60 54 54 6 13 2 63 13 4 60 57 9 63 22 42 93 48 19 82 75 
29 93 60 73 19 98 21 90 0 41 46 17 44 15 22 74 77 73 79 51 77 79 71 13 39 82 46 91 89 74 50 83 17 7 19 76 51 17 80 99 54 97 70 57 45 2 27 36 43 68 42 25 50 24 45 69 45 52 83 54 36 72 39 81 76 46 81 58 79 49 31 40 57 20 90 53 3 89 15 48 28 96 88 81 38 34 15 56 87 73 61 18 76 82 35 5 93 8 49 3 14 15 3 20 68 21 64 63 19 40 12 89 88 72 89 68 50 45 34 48 77 96 20 87 82 67 4 74 97 99 93 58 28 98 2 72 87 56 79 73 45 49 28 25 22 60 45 42 49 22 32 67 40 14 33 5 57 51 32 98 24 6 80 48 46 42 90 12 92 94 59 44 60 74 86 38 3 36 57 58 60 88 63 90 68 1 70 47 90 55 50 3 81 26 10 65 88 88 5 44 29 14 23 72 33 30 62 33 10 21 91 42 94 31 21 81 96 11 36 31 29 94 74 38 20 34 82 1 25 67 5 24 54 72 93 25 91 30 76 66 96 10 45 24 88 32 24 87 37 4 32 71 81 8 32 35 62 50 62 55 26 11 60 27 32 4 52 2 19 13 67 17 56 79 17 37 2 2 99 14 70 90 60 24 39 37 40 13 75 38 45 29 78 9 60 19 31 59 84 13 
57 15 57 45 91 17 5 48 23 9 57 16 56 87 54 46 58 46 90 82 62 43 96 25 62 80 40 78 30 92 73 64 4 64 81 4 45 55 35 99 24 90 96 2 58 27 12 64 47 94 94 0 36 52 41 84 81 68 84 9 13 76 36 68 80 53 24 28 97 69 37 29 4 68 91 68 81 84 0 76 9 6 12 80 84 98 41 82 64 18 28 0 74 89 19 73 2 33 88 74 40 84 2 85 88 99 66 29 41 12 49 48 1 29 52 54 31 24 88 34 63 96 88 58 79 94 35 30 38 53 54 49 69 63 57 48 23 35 97 87 53 78 55 49 6 7 70 41 13 86 43 22 53 37 64 80 0 92 97 29 15 87 54 87 57 18 28 2 78 53 40 96 13 91 78 87 97 16 43 83 5 84 28 32 35 30 36 15 86 1 83 92 54 5 73 98 83 73 70 34 84 28 67 65 91 38 14 1 70 21 57 34 87 31 0 21 96 29 0 61 92 80 2 16 94 7 69 88 64 61 71 70 58 93 67 54 92 87 23 9 80 53 50 43 85 82 48 13 21 17 4 6 79 69 99 29 4 51 24 43 95 61 55 4 12 42 10 11 35 46 29 89 72 0 8 6 92 73 59 40 13 38 76 60 51 17 81 66 72 27 64 3 9 98 43 65 77 69 13 3 
74 8 56 62 81 51 69 43 83 17 52 97 1 29 25 82 83 19 55 65 13 83 67 34 14 38 17 21 78 26 48 52 73 4 96 48 32 17 15 90 0 68 49 22 72 57 9 19 28 47 59 64 32 29 60 14 57 32 98 8 98 60 64 64 5 15 69 7 44 6 48 6 95 1 97 17 35 82 74 4 9 21 68 8 24 39 14 13 63 33 70 34 74 11 59 64 46 95 32 66 22 54 83 68 61 25 16 27 26 29 6 25 59 2 50 9 73 12 55 49 59 15 50 6 37 83 83 0 15 15 35 90 66 62 52 72 65 2 85 60 0 13 15 53 82 65 9 83 93 45 90 63 50 89 16 73 72 8 67 71 73 20 67 79 63 54 35 38 49 99 22 99 10 46 19 50 93 95 45 17 82 61 39 14 79 15 54 15 91 79 54 31 19 68 45 73 94 16 28 33 22 1 6 94 91 37 92 26 12 23 62 33 64 76 6 20 99 66 74 20 29 52 78 18 62 94 20 12 26 66 43 83 78 31 18 99 76 21 53 82 0 89 24 89 56 39 11 43 34 21 22 75 10 5 78 25 81 14 39 4 56 79 40 62 45 29 0 71 85 58 70 70 25 13 31 82 30 56 54 72 51 8 8 6 84 52 18 96 33 20 52 32 99 27 95 35 59 75 97 70 
29 77 95 94 62 28 15 76 13 97 55 11 22 99 78 75 24 32 38 98 14 81 74 77 64 79 68 50 95 34 17 59 8 60 60 14 64 41 36 38 30 94 46 88 96 11 39 79 61 10 62 49 59 81 49 27 18 94 99 11 5 41 73 40 83 26 81 73 50 77 95 42 88 70 76 47 61 72 99 54 49 49 98 19 80 10 88 70 83 97 45 37 82 48 67 79 38 12 22 72 21 30 14 26 56 45 75 55 77 52 98 4 32 5 34 1 94 10 5 2 72 2 44 73 58 52 8 17 12 60 31 59 81 14 91 71 61 35 57 29 14 5 44 68 47 94 42 39 29 60 75 82 91 91 18 48 36 88 1 30 70 65 4 74 41 17 16 89 52 85 16 41 83 58 5 28 54 65 42 97 81 25 6 44 0 4 69 7 1 12 17 98 99 55 18 73 21 37 83 63 68 98 66 51 66 19 53 26 36 25 71 58 57 7 7 90 50 75 51 21 36 85 59 0 12 87 67 67 15 88 79 83 75 38 65 3 56 73 92 15 2 74 11 96 37 92 16 56 86 70 30 77 38 14 97 58 13 40 60 53 56 25 63 3 26 70 23 92 48 51 54 46 47 13 0 29 10 76 74 88 8 13 24 50 42 51 30 90 61 62 90 15 87 17 89 84 67 12 31 39 
50 26 44 13 28 29 84 38 4 98 49 29 39 22 32 65 57 29 26 57 40 90 63 89 22 75 44 22 34 19 28 13 76 52 24 6 92 46 29 51 54 42 50 58 59 79 70 6 67 54 17 19 60 59 69 31 49 23 48 17 54 0 72 71 11 59 28 54 76 77 49 51 36 72 7 96 9 95 66 37 27 49 34 39 82 97 47 84 1 97 53 4 44 61 34 92 50 59 86 25 40 65 74 76 68 97 58 95 85 39 68 14 37 43 76 54 1 97 16 78 46 46 43 57 12 73 34 71 27 2 28 87 67 14 83 12 40 68 1 47 70 78 36 76 3 46 4 33 27 74 14 95 95 25 2 50 21 97 76 91 50 90 16 12 1 25 36 4 48 17 38 11 45 36 82 48 35 81 79 50 96 76 60 4 0 39 10 96 95 23 44 21 4 31 12 7 8 89 76 12 1 52 0 53 9 5 66 78 85 44 61 14 73 43 54 93 23 3 83 43 15 74 39 53 45 15 75 54 77 30 29 19 11 94 82 3 55 66 28 66 50 16 78 72 74 80 80 5 25 9 2 74 17 27 11 95 36 40 97 31 23 64 70 95 29 75 82 66 31 98 60 96 29 84 23 42 42 18 2 33 85 93 77 47 28 92 25 74 50 85 69 58 48 4 56 58 83 37 63 82 
76 41 3 7 31 49 82 42 9 14 4 94 13 40 22 52 1 72 62 76 30 7 49 89 16 89 57 85 42 2 17 58 54 28 11 93 72 21 49 61 1 23 46 54 65 77 11 82 44 67 52 99 29 73 60 15 12 88 30 36 14 37 4 76 86 90 21 96 39 26 78 27 63 61 76 1 38 40 22 69 56 70 72 68 75 27 22 95 80 59 11 59 83 87 84 18 52 15 54 17 65 64 55 0 70 36 91 77 0 82 61 13 93 0 87 23 67 61 56 62 51 32 52 21 67 38 13 1 51 56 13 39 85 13 2 79 16 21 29 9 94 30 70 17 4 41 72 92 13 76 48 48 17 91 90 44 69 61 48 81 12 28 81 36 12 99 37 34 85 15 88 76 73 56 56 22 61 6 18 90 94 19 15 25 96 14 39 98 91 65 79 50 83 71 60 62 97 25 11 35 90 14 6 11 92 12 22 72 59 30 35 50 34 83 77 96 90 11 69 80 10 8 59 35 71 22 65 31 1 4 8 23 99 39 77 70 52 95 74 79 15 49 78 60 28 34 15 7 95 54 58 2 13 25 77 2 76 44 60 5 56 27 76 77 67 41 3 56 57 45 47 59 8 59 55 28 13 90 11 36 32 37 72 63 92 96 15 85 51 65 92 0 1 98 31 79 79 32 42 31 
22 12 9 32 71 49 54 14 1 43 47 32 12 90 90 49 49 46 63 21 44 5 59 22 53 33 85 11 38 53 65 73 31 62 96 85 63 70 11 97 75 27 33 15 37 65 7 66 22 42 99 17 90 13 4 93 99 25 86 95 77 39 23 83 49 70 72 79 97 3 46 79 27 28 19 40 64 12 1 7 95 68 9 19 82 32 56 59 36 77 10 53 15 86 54 77 76 88 6 42 13 55 27 10 58 37 12 33 43 9 99 84 21 81 76 37 7 3 57 78 99 6 69 13 97 18 73 63 87 81 60 74 42 94 38 31 8 95 91 88 14 27 9 28 31 83 75 25 38 89 32 35 65 38 71 73 59 56 16 65 99 92 63 7 69 52 47 2 56 49 98 70 40 99 23 25 95 93 92 33 75 86 89 65 85 48 61 64 92 47 63 26 35 10 79 80 73 22 35 34 91 95 40 47 10 55 81 45 22 36 34 17 41 18 85 26 53 17 9 89 13 68 46 47 60 97 37 34 55 55 0 61 8 6 57 91 36 50 71 81 66 82 49 39 80 2 90 24 30 75 25 21 61 86 13 44 14 67 95 49 74 35 87 65 76 65 89 41 53 69 98 77 15 50 9 26 1 49 93 56 26 61 11 36 37 37 25 57 4 8 47 69 47 71 93 55 70 68 8 42 
85 26 16 97 73 65 26 45 96 35 31 2 53 27 73 46 60 77 60 74 54 18 83 14 46 2 28 19 11 55 50 42 54 60 94 24 74 33 40 97 16 61 90 66 98 1 13 66 43 99 79 6 90 43 29 35 2 24 54 4 87 79 51 57 29 7 16 64 69 41 91 54 74 58 4 99 22 60 69 49 21 82 91 18 77 74 72 89 3 2 46 8 97 3 80 7 45 64 51 71 12 14 52 91 34 82 56 11 97 88 8 16 24 38 22 26 58 44 36 73 63 23 27 13 14 35 71 16 23 90 81 90 64 94 93 54 87 22 14 96 94 15 94 24 33 8 78 66 15 32 73 12 15 71 7 24 49 96 89 75 10 5 4 85 92 32 83 89 81 24 89 35 33 83 63 36 90 91 81 62 4 30 70 41 22 91 73 33 91 81 67 49 8 90 35 3 8 24 95 81 89 99 15 60 3 47 11 83 63 15 5 57 54 39 13 31 98 89 97 16 99 66 35 2 77 56 1 50 62 47 59 86 39 16 3 58 36 72 34 96 71 73 37 13 37 5 86 17 19 36 99 68 10 8 91 38 38 71 84 80 44 84 13 92 50 41 81 71 3 33 64 16 63 16 13 12 28 23 71 76 18 25 83 75 64 70 29 29 31 4 43 34 86 67 20 95 35 69 61 57 
17 50 61 15 43 56 84 91 15 26 85 56 83 82 1 71 12 96 43 82 55 13 54 44 93 5 11 22 25 21 36 97 97 91 85 69 70 33 52 70 56 64 8 69 93 26 53 13 42 75 28 10 35 89 45 89 76 85 20 10 49 79 80 55 72 1 96 94 64 88 68 92 16 96 20 67 84 37 56 44 20 38 76 61 82 13 88 39 93 71 42 27 87 57 50 18 74 99 87 37 2 80 96 18 70 58 34 73 22 92 40 94 83 65 43 87 69 67 7 48 33 75 37 13 78 59 54 92 78 21 80 52 48 6 52 65 32 3 60 76 52 94 54 9 10 13 20 40 92 86 74 25 98 50 33 76 54 19 81 35 0 12 1 61 61 49 65 31 90 54 44 4 21 40 63 27 19 12 97 47 2 42 45 30 0 31 58 63 1 35 33 92 30 27 68 57 54 93 81 4 73 51 60 57 27 24 9 34 70 12 62 34 7 96 56 11 51 27 36 23 64 63 0 63 97 2 71 35 66 82 93 94 17 79 50 99 26 68 90 6 32 69 69 31 76 39 60 67 9 61 91 76 14 21 48 64 8 18 28 29 94 53 81 60 65 97 20 1 67 55 12 5 45 50 35 39 1 24 91 88 37 1 47 74 40 23 31 67 36 62 61 5 22 5 38 81 2 45 44 5 
54 94 73 46 56 3 48 61 61 29 35 12 73 91 60 45 29 45 80 63 4 6 53 68 61 34 2 26 51 44 61 53 14 92 76 60 22 52 24 71 97 32 54 68 30 88 51 49 87 21 79 29 2 31 52 62 44 97 35 47 45 85 7 90 36 49 13 4 38 34 12 11 5 1 34 0 91 95 38 85 10 85 91 29 98 59 10 63 98 9 71 83 91 12 86 99 27 94 92 18 77 96 62 95 36 2 37 7 16 24 43 18 55 60 66 15 33 97 7 51 3 82 36 96 66 9 66 2 56 50 97 61 46 98 20 37 2 61 9 79 75 0 16 88 2 3 31 54 87 58 91 45 33 25 1 96 94 41 47 85 15 69 36 15 66 77 0 57 72 97 13 18 6 58 75 3 86 29 66 40 47 68 6 66 18 5 50 16 66 15 97 9 51 95 93 78 28 48 80 77 70 63 93 85 89 14 34 70 68 46 31 47 46 66 64 2 10 86 19 76 19 52 80 2 68 73 36 3 98 71 39 55 79 34 40 92 49 25 43 39 31 94 35 4 84 68 77 49 90 24 91 48 28 82 28 28 99 2 17 98 49 19 52 89 40 82 0 70 13 62 49 92 20 6 4 95 71 35 53 3 58 8 36 56 10 15 6 91 64 83 68 55 63 7 29 41 48 8 28 5 
87 41 32 50 99 45 11 56 94 70 69 63 5 17 69 79 88 7 40 58 38 70 73 86 60 31 45 12 92 38 33 67 12 54 36 33 23 31 80 74 75 94 63 99 83 28 19 14 59 20 59 42 26 53 61 22 3 95 72 73 84 98 1 81 74 6 5 36 73 17 84 26 15 65 77 49 34 44 68 13 63 68 24 83 83 48 46 16 93 52 50 34 59 72 5 27 33 48 15 89 20 82 9 41 85 25 81 58 51 97 77 80 11 71 93 65 62 29 90 72 74 29 51 37 77 39 33 33 53 73 10 90 92 66 93 33 34 57 81 69 93 47 58 7 55 63 92 4 35 2 3 18 97 3 11 63 55 39 85 18 72 20 30 40 75 38 54 2 13 26 79 0 70 83 72 37 89 54 12 51 33 99 15 62 18 89 34 96 1 40 82 52 73 73 47 11 79 61 94 6 19 39 45 33 86 20 61 99 14 4 40 68 77 14 65 3 71 51 21 88 46 43 54 57 10 28 69 47 68 59 64 83 87 48 46 25 34 70 50 77 5 43 66 77 46 37 12 59 25 65 38 30 79 3 55 46 44 58 65 23 35 89 27 62 26 50 82 68 98 6 80 43 44 53 77 43 9 51 98 0 63 84 18 16 11 8 47 47 10 82 73 89 27 94 33 23 20 20 53 22 
53 95 74 85 51 25 93 65 93 69 10 82 2 71 30 40 15 39 12 75 52 28 62 95 18 86 13 66 24 46 55 51 32 65 3 46 59 92 66 13 15 30 88 19 41 70 0 35 19 7 13 36 20 5 33 30 1 2 79 79 70 24 20 90 90 41 21 56 4 37 12 25 82 2 84 38 10 34 94 37 70 80 61 84 72 0 53 81 62 40 59 1 0 67 44 76 40 5 67 29 29 16 83 11 27 49 70 22 85 62 6 85 13 26 50 60 4 9 21 14 49 94 65 93 87 26 87 49 85 8 89 2 54 1 59 81 6 28 62 76 51 98 98 21 47 6 59 96 89 41 71 87 26 88 21 99 22 70 45 85 90 55 91 31 73 5 57 19 98 58 28 88 96 63 97 23 61 7 44 3 74 51 30 38 52 69 72 87 31 41 42 0 3 84 89 55 15 55 55 75 40 20 21 34 19 23 27 72 70 14 81 55 45 3 29 33 43 49 72 9 46 29 39 41 35 58 47 71 23 87 98 71 59 57 67 9 57 57 48 20 11 6 58 34 95 73 30 80 40 68 30 4 44 34 90 29 19 70 81 28 11 86 67 33 8 37 51 31 21 54 80 55 11 19 51 85 94 50 28 21 71 95 67 30 41 35 21 53 78 6 55 24 99 11 36 19 62 92 70 34 
32 48 83 68 59 25 45 36 82 1 15 70 91 57 21 33 24 20 18 38 93 49 81 83 84 34 15 93 86 19 66 39 82 18 9 52 63 85 78 99 74 3 83 9 45 78 78 78 26 25 39 47 3 76 19 11 2 72 46 93 39 1 37 54 38 89 46 72 22 90 35 9 63 11 57 88 68 11 8 81 82 62 66 79 37 57 82 3 28 52 3 86 67 90 25 75 8 27 46 94 29 93 52 20 77 25 59 64 53 3 29 49 5 24 21 69 15 27 60 70 15 82 25 11 7 62 56 81 41 14 29 54 63 72 14 6 87 93 78 60 51 94 8 39 46 79 55 54 12 46 31 49 86 79 84 81 57 58 37 9 25 42 11 94 33 37 83 92 37 36 70 74 35 89 92 96 98 73 16 10 96 3 81 24 74 38 15 40 1 46 60 11 55 46 9 88 66 60 45 26 49 25 88 36 69 50 15 82 61 32 56 49 92 49 88 2 50 35 92 40 50 16 96 63 4 6 69 17 15 35 95 7 80 36 50 79 76 40 56 81 42 27 87 83 84 64 70 9 63 54 14 96 37 30 35 89 15 82 9 29 60 92 80 89 65 30 42 75 68 76 79 31 90 39 57 31 75 53 33 59 65 92 81 2 54 71 80 4 5 47 39 12 0 50 62 42 9 42 46 64 
83 76 28 54 24 94 78 46 30 18 64 49 51 24 29 80 16 52 83 42 2 79 41 86 28 58 52 59 63 52 48 58 78 83 63 96 9 31 30 20 37 58 63 67 22 39 23 27 27 79 49 21 37 41 90 42 59 95 42 88 81 21 59 68 40 2 96 83 80 63 21 45 71 62 50 49 21 63 25 6 52 91 24 14 83 38 61 77 34 65 76 24 59 84 94 79 11 99 84 0 14 88 95 85 36 16 89 23 97 79 32 23 79 17 77 81 87 52 68 24 48 0 10 89 66 89 67 11 55 36 33 14 30 9 29 71 25 35 64 64 41 68 9 44 15 15 56 1 38 10 82 80 58 33 52 17 82 64 57 52 29 37 68 83 17 10 61 76 86 96 39 5 18 0 82 15 33 40 26 72 31 89 11 20 75 15 58 69 22 82 40 30 81 85 62 81 43 20 65 4 94 33 94 98 64 50 12 10 89 40 33 80 35 68 27 83 68 35 64 89 47 22 92 72 46 24 33 69 47 46 79 31 14 49 25 79 26 6 24 10 66 92 7 98 93 79 34 12 29 4 58 41 20 49 89 79 89 98 55 31 42 4 9 69 65 65 45 8 56 5 45 34 4 99 90 14 90 94 4 56 77 94 45 40 82 66 39 19 25 40 10 67 47 59 89 34 28 75 12 24 
16 22 62 68 68 61 44 75 82 34 73 31 17 77 39 28 49 57 83 64 99 48 68 64 27 18 57 77 7 58 3 96 3 81 33 2 46 39 11 47 0 94 42 25 16 82 10 23 4 18 23 22 10 13 12 32 82 65 12 87 25 26 43 4 28 82 81 97 49 56 17 44 53 15 45 25 95 68 72 6 79 90 0 36 83 88 73 29 87 0 22 88 3 20 38 20 4 38 58 81 82 96 1 39 84 51 47 61 33 55 27 5 8 24 51 92 66 55 69 72 58 96 87 8 48 39 14 0 90 8 84 54 68 35 51 56 14 32 49 27 35 24 17 35 68 16 42 36 30 89 95 25 56 9 35 78 24 79 6 51 48 93 11 19 60 50 7 71 38 2 13 88 61 18 76 2 42 7 11 25 71 95 31 43 9 1 34 68 89 96 69 7 46 40 23 82 65 40 57 47 57 79 37 16 62 41 15 92 19 84 56 83 43 72 37 68 56 18 76 44 89 43 9 46 98 41 4 85 16 70 1 2 47 65 16 46 46 93 94 82 2 11 79 69 55 12 93 22 10 11 25 83 28 68 41 5 53 64 2 5 1 95 27 38 23 36 77 56 15 67 56 68 25 97 42 81 42 3 23 54 90 48 73 61 99 9 1 40 74 26 65 26 99 3 67 44 41 78 14 56 
22 86 95 97 68 61 43 17 30 66 71 64 25 74 49 90 90 4 5 58 90 86 73 99 15 6 5 95 67 61 86 95 18 35 50 7 52 35 13 50 67 8 94 35 79 76 75 21 8 84 53 57 44 81 39 78 76 49 6 57 38 60 17 25 37 21 45 16 5 64 80 84 26 70 30 9 63 54 76 7 53 74 25 15 82 25 73 21 67 99 84 76 33 32 31 33 75 88 21 33 94 34 4 94 71 86 68 76 25 89 77 36 51 60 85 1 92 16 53 89 31 24 4 90 70 12 16 77 85 68 96 54 28 48 45 30 21 86 49 49 54 36 64 36 79 60 45 3 71 90 21 14 33 49 43 49 9 12 96 83 11 26 43 91 54 79 27 70 57 26 55 60 14 95 59 35 80 18 34 28 87 29 19 27 97 61 96 65 51 20 55 16 52 85 46 79 97 53 10 35 14 92 92 25 76 15 49 96 12 69 62 70 51 63 54 34 38 12 6 0 72 9 81 76 33 29 74 40 21 1 50 13 49 98 11 84 85 19 17 25 63 13 23 43 12 31 97 41 24 11 67 33 83 22 58 67 1 75 77 44 97 71 36 96 81 51 75 60 25 75 85 56 10 46 55 80 97 86 90 25 89 97 86 31 76 51 39 29 29 62 89 20 1 20 54 11 83 56 38 30 
23 32 0 34 53 57 52 1 3 55 0 98 46 70 18 51 81 1 2 69 80 94 24 48 55 47 25 23 87 8 63 26 43 13 78 35 19 97 84 45 37 46 99 44 78 27 73 97 32 51 0 36 7 4 80 27 48 0 38 1 80 35 62 32 30 90 35 6 21 10 77 6 44 11 55 14 15 90 2 64 9 62 14 10 54 51 36 43 51 4 39 14 43 58 67 84 96 11 51 1 98 4 98 30 12 15 68 66 81 78 45 66 29 68 86 47 56 87 87 2 69 94 82 37 79 91 22 5 28 69 70 2 83 48 34 82 36 97 38 58 61 36 54 69 83 55 66 99 37 97 79 29 85 18 82 81 13 13 87 4 59 35 72 38 59 38 55 82 17 46 97 83 91 74 97 26 40 14 97 25 82 92 3 4 85 1 86 57 32 93 6 13 88 58 1 33 75 64 12 34 98 93 45 77 2 59 59 9 72 18 87 22 63 8 3 90 1 82 44 18 9 1 3 80 60 32 66 82 31 48 37 30 28 46 43 3 14 55 38 46 26 50 47 54 76 13 35 9 2 73 67 16 11 96 55 41 27 63 9 23 18 69 14 49 62 93 21 71 73 23 51 81 23 70 51 21 43 4 7 63 32 3 67 7 27 34 80 51 80 35 3 54 21 4 39 88 69 67 73 19 
44 14 94 45 58 19 6 63 11 68 7 77 42 42 88 83 5 68 55 20 52 74 89 84 79 87 60 99 17 11 93 92 90 45 16 59 68 79 84 51 46 26 7 63 57 41 74 75 48 41 65 42 46 90 5 21 25 88 6 86 85 81 7 70 89 58 43 27 29 49 57 67 9 20 96 85 76 93 65 81 85 29 48 98 78 67 89 77 78 31 87 73 25 10 5 5 85 91 89 41 24 66 29 21 83 60 72 58 40 4 37 35 99 1 90 23 2 99 44 35 19 39 32 71 66 77 13 16 7 43 45 13 77 84 37 30 76 82 56 24 29 25 30 78 3 52 90 75 80 28 37 13 84 60 18 9 76 70 86 60 11 43 54 38 21 98 79 49 54 49 17 1 30 52 48 49 28 42 67 56 44 74 6 65 32 38 99 39 27 25 11 65 40 46 42 70 28 84 92 68 71 53 33 2 3 90 32 62 31 56 19 31 7 67 82 16 47 82 53 97 1 87 46 59 99 68 48 11 45 63 40 45 7 46 6 91 54 26 48 31 96 9 29 80 85 81 65 62 6 23 34 39 89 48 6 42 47 90 96 86 57 30 92 78 31 44 83 15 88 89 2 5 26 77 93 35 33 71 19 66 73 57 48 40 21 42 47 50 1 83 22 70 60 61 42 97 38 56 91 12 
60 53 60 8 50 64 23 52 83 70 8 62 3 76 50 98 65 83 49 54 37 83 82 29 21 13 88 6 81 22 12 4 23 4 56 28 55 3 15 34 9 16 60 88 77 97 7 95 67 62 32 99 50 86 44 45 48 81 25 11 0 4 5 32 80 73 56 60 86 53 13 10 20 36 39 85 67 67 73 32 12 83 45 61 32 49 28 87 26 77 12 86 26 32 14 28 65 69 26 34 42 71 9 60 71 59 5 61 32 27 83 33 26 95 98 24 96 27 66 79 43 90 79 45 20 93 31 3 58 79 29 16 16 71 79 16 56 63 83 63 24 80 53 37 41 89 76 71 78 65 10 97 30 19 85 66 25 40 64 63 48 35 61 11 23 0 48 30 7 71 31 77 20 58 47 42 33 38 87 24 5 37 56 37 60 8 18 2 14 48 1 26 95 14 18 23 36 63 54 41 69 83 74 85 20 17 81 26 13 20 80 41 98 17 89 78 8 13 38 8 15 25 50 1 66 71 91 96 87 62 54 75 22 44 69 80 79 14 20 94 69 1 29 83 96 69 67 25 31 3 65 74 47 39 99 84 70 70 78 9 27 24 85 10 21 77 70 86 14 96 74 30 66 49 12 14 0 83 40 66 84 57 55 62 86 19 84 87 22 23 35 43 37 41 33 11 99 50 31 31 
29 8 72 77 40 82 68 2 34 85 34 9 4 64 96 33 2 56 58 45 79 87 20 18 84 66 68 30 91 76 75 82 50 52 90 29 98 62 4 14 45 55 59 14 99 59 72 91 80 2 55 12 5 29 22 90 61 78 41 70 10 46 49 73 68 30 89 64 61 28 30 27 38 71 74 64 16 90 35 36 7 38 93 94 3 93 97 83 19 85 19 56 39 96 75 10 57 70 43 19 84 33 13 18 40 71 54 92 44 81 6 43 52 39 38 52 85 4 34 24 31 23 84 1 7 6 36 34 18 26 10 10 0 36 61 96 72 58 89 86 78 69 95 22 46 41 72 66 73 29 19 47 29 57 35 99 46 1 12 88 10 16 28 80 48 13 6 80 9 25 86 86 91 1 55 51 75 9 25 67 88 49 37 50 0 14 52 34 63 52 19 90 14 88 55 87 9 17 87 57 20 63 65 88 58 69 99 47 83 70 43 9 1 54 41 6 93 15 63 80 39 8 5 86 37 12 26 9 3 10 71 46 96 56 98 68 0 78 74 62 71 44 57 98 17 14 13 55 75 7 16 23 61 60 14 2 8 58 61 15 89 35 55 8 18 84 37 61 73 43 23 83 99 80 75 27 19 77 71 40 7 34 35 41 62 80 26 56 82 89 96 21 72 77 40 39 58 56 50 88 
44 24 60 72 82 57 24 40 29 33 94 42 40 68 32 96 41 84 17 13 36 98 14 35 59 2 58 35 47 39 89 53 86 94 60 55 61 79 14 36 7 88 66 78 83 10 31 5 43 1 64 32 6 36 17 13 67 85 37 0 38 66 87 84 14 68 98 97 31 78 36 1 26 57 62 34 67 87 8 3 19 66 41 83 51 83 52 34 51 14 74 37 42 60 58 24 49 74 84 34 81 19 62 5 62 33 64 98 86 24 84 80 62 99 89 0 19 83 20 95 12 22 63 55 60 9 99 75 18 84 57 2 23 57 17 73 66 87 83 32 13 67 65 10 36 29 49 24 20 73 31 16 86 20 98 30 19 29 27 19 58 19 57 76 92 77 3 49 31 35 59 31 58 66 5 90 80 27 91 63 16 52 50 1 52 60 37 46 0 29 0 97 12 70 20 1 80 89 41 33 88 37 4 26 81 29 42 0 43 45 21 29 63 13 85 6 62 79 74 83 78 80 32 33 97 82 86 90 40 71 35 72 78 2 91 54 65 54 94 8 76 80 42 37 74 42 1 42 45 88 63 96 51 14 81 38 5 69 56 92 12 23 2 40 81 45 58 19 23 7 95 69 76 71 53 40 16 25 4 6 33 75 30 43 4 27 25 10 99 98 64 62 27 43 40 91 84 95 46 96 
87 80 31 25 10 6 60 27 18 74 19 82 2 41 94 82 19 40 87 67 88 74 79 23 74 21 71 70 15 58 59 99 80 23 65 2 23 82 94 20 64 91 23 6 98 0 43 78 96 5 75 78 47 19 66 66 65 81 21 73 12 88 2 38 18 54 13 49 63 74 87 15 29 46 35 2 48 43 97 94 30 32 76 3 33 64 91 24 71 33 40 15 48 13 41 2 38 48 39 98 21 34 71 78 10 35 62 45 78 3 76 36 38 95 32 50 5 49 52 93 52 23 59 2 42 7 14 43 4 42 23 36 94 94 42 7 98 12 26 65 92 30 28 42 28 97 94 50 0 99 11 77 61 87 85 20 83 24 19 85 35 35 25 37 21 99 64 8 6 31 94 44 3 47 37 53 63 99 98 53 58 41 30 48 38 59 52 78 38 28 90 88 8 55 89 27 83 68 65 87 37 39 54 51 63 59 87 49 35 91 33 61 62 55 71 81 82 65 99 8 77 93 58 15 58 54 43 19 63 2 5 20 20 77 38 42 95 44 90 78 21 64 61 31 68 29 60 53 86 28 18 21 80 41 18 35 10 85 95 13 90 43 77 89 7 80 98 56 68 64 95 92 61 59 35 38 9 96 56 48 93 65 53 23 0 71 4 16 80 59 1 61 64 49 39 9 73 80 98 59 
22 91 12 10 14 90 19 12 21 68 51 50 44 18 92 32 33 24 75 66 7 48 70 34 28 52 16 99 51 1 54 29 36 71 54 93 65 56 62 35 84 99 1 79 98 66 7 57 10 91 27 25 19 53 88 25 62 30 97 16 32 32 94 3 98 66 98 1 58 25 26 9 48 91 62 26 45 70 86 26 76 68 84 40 41 37 61 46 91 41 36 52 97 88 66 33 5 48 18 30 56 90 25 56 76 23 22 53 90 32 2 87 78 35 38 60 49 56 43 97 11 53 91 2 49 46 30 26 61 67 24 16 51 6 17 48 66 52 1 22 35 39 37 7 73 49 49 6 46 31 68 26 25 76 45 68 21 76 99 12 73 17 23 94 24 53 48 51 26 80 19 34 72 11 28 40 93 41 5 95 57 73 54 41 46 72 17 80 29 12 95 69 94 74 86 38 79 44 8 44 6 53 28 93 48 29 60 24 73 24 63 90 66 26 3 97 58 41 93 47 84 50 96 98 47 84 87 58 79 18 75 26 59 31 13 38 68 68 63 88 93 56 9 50 80 91 62 39 88 29 24 9 54 76 24 87 65 81 61 35 41 75 72 54 84 80 20 46 63 64 87 12 71 3 32 74 63 99 31 31 68 30 90 10 64 44 53 39 19 36 80 16 44 11 35 0 82 86 67 30 
86 50 63 27 0 49 17 95 4 78 90 57 39 47 39 98 30 30 5 16 58 2 12 55 89 15 56 92 0 5 0 4 81 49 2 55 15 80 46 85 51 80 67 53 17 29 87 24 56 76 50 64 2 78 89 74 31 38 71 9 20 7 33 88 15 85 2 66 53 34 41 84 3 22 42 10 89 66 78 9 72 84 75 80 10 68 47 66 87 29 64 84 2 42 12 40 81 7 38 21 1 95 81 35 25 47 75 69 84 1 24 9 1 49 16 52 87 28 50 59 29 59 7 5 79 38 47 15 94 57 38 64 9 49 81 88 64 28 42 30 37 11 69 84 53 64 89 52 4 91 63 85 88 32 48 44 91 97 81 76 27 10 78 26 9 38 91 57 65 96 35 73 61 26 22 66 28 80 94 4 82 96 16 12 49 12 55 93 17 5 57 20 79 63 14 29 38 9 54 95 92 47 94 34 40 53 93 18 55 13 15 51 8 99 70 11 23 92 77 32 14 89 17 51 3 46 54 75 72 23 50 26 0 37 12 68 65 72 19 14 82 3 48 94 15 33 54 23 47 59 76 92 41 22 0 4 78 82 86 21 30 15 91 41 5 51 23 53 32 48 45 56 16 91 41 17 7 41 62 61 44 25 34 26 71 87 78 89 73 87 50 15 69 5 17 38 76 68 53 15 
19 20 5 21 22 72 90 24 95 79 20 2 99 3 45 6 44 80 91 16 80 78 30 85 56 17 72 15 77 60 68 3 35 72 73 88 88 75 40 71 67 12 18 1 52 64 55 88 79 41 8 30 18 26 99 82 64 60 64 41 24 32 90 52 71 1 84 7 93 86 17 37 48 87 82 9 98 72 22 20 64 91 99 83 60 0 39 44 73 49 65 88 27 11 17 16 84 14 73 60 5 91 62 19 74 92 99 81 93 56 92 29 68 25 97 63 69 30 84 93 70 81 48 64 21 25 35 37 81 31 42 72 53 66 4 33 52 96 93 14 19 39 20 37 27 84 6 57 70 10 84 74 83 94 51 12 28 90 43 8 68 80 58 67 21 49 81 15 63 10 15 36 73 37 13 78 56 54 23 27 42 60 37 83 17 42 43 50 64 91 89 77 61 6 53 37 16 10 83 57 99 26 55 79 18 95 61 77 40 1 14 67 54 58 25 3 12 21 61 28 66 4 69 44 54 28 59 50 71 9 17 66 19 12 96 46 72 87 71 77 75 33 77 78 34 82 42 36 19 37 39 31 66 95 30 97 8 11 72 37 41 4 66 40 63 17 22 78 7 48 27 44 27 4 74 96 1 71 3 72 63 12 79 18 47 34 35 7 29 98 88 3 7 81 4 93 8 96 18 48 
56 7 33 24 7 80 35 56 28 58 0 20 76 42 43 51 22 80 25 3 97 9 35 56 72 51 14 94 74 22 30 70 75 22 73 22 29 37 86 72 82 34 76 8 61 69 1 92 58 21 61 30 0 44 41 72 65 91 32 67 16 73 75 56 11 80 52 62 18 97 89 18 20 23 57 51 30 79 80 7 12 74 51 85 61 48 99 31 38 36 6 51 71 12 65 28 32 25 48 84 37 94 35 79 89 74 18 87 40 7 44 34 36 18 87 91 48 76 67 48 98 50 4 44 79 8 13 4 36 70 94 20 91 39 16 3 26 33 83 66 83 94 89 77 1 58 10 19 6 28 2 13 14 57 38 24 51 43 29 78 4 82 7 81 91 21 88 14 26 6 57 33 26 95 75 82 35 28 38 28 15 49 61 44 73 82 40 28 11 12 59 76 47 61 81 40 58 7 7 99 10 29 26 48 78 10 94 91 64 58 12 27 98 30 31 70 60 36 22 76 20 19 9 63 99 68 61 17 83 9 29 24 86 97 63 91 22 15 38 90 29 72 85 52 84 71 35 50 78 32 13 75 82 49 57 70 80 54 12 20 67 51 6 15 89 66 52 97 15 3 67 61 33 88 92 51 12 85 59 54 56 40 87 87 40 29 41 39 39 71 41 77 86 70 90 41 8 56 30 20 
53 37 69 29 69 20 84 63 27 31 21 80 45 26 73 90 11 31 35 72 16 64 39 3 87 45 69 5 58 48 11 66 7 98 0 49 20 76 95 13 12 9 39 69 26 54 12 53 86 75 78 82 38 36 52 99 91 0 60 13 12 49 65 28 21 76 49 87 28 58 40 46 96 36 64 93 31 42 95 96 30 22 6 13 90 55 99 85 97 72 9 75 33 31 70 54 16 6 34 69 21 32 19 56 43 67 12 32 51 44 25 22 50 47 55 17 51 18 56 1 74 8 34 4 42 59 60 75 84 33 9 0 24 57 43 63 28 42 95 66 35 72 28 29 59 35 29 77 86 80 43 43 65 68 49 16 47 24 46 13 24 83 24 48 17 54 78 69 99 73 97 46 22 64 7 59 77 49 60 19 87 25 64 55 55 89 0 63 51 46 23 38 45 90 65 57 99 38 67 64 78 89 94 25 77 90 45 13 99 65 16 65 69 1 71 72 72 86 65 1 46 77 69 43 63 5 78 35 35 53 39 26 58 61 66 95 52 81 16 75 26 3 61 12 72 49 0 79 47 87 90 53 82 94 79 8 29 17 49 61 73 3 0 49 46 70 90 16 26 94 35 85 1 60 27 92 57 4 3 16 52 97 18 85 96 0 25 96 43 32 21 88 55 89 11 18 84 42 8 84 
67 48 2 35 73 79 11 72 80 99 44 43 37 63 57 91 55 32 35 61 6 30 42 0 48 6 80 32 88 87 29 30 0 23 65 68 65 48 75 58 84 88 8 71 19 49 14 39 45 49 13 73 30 5 23 89 74 10 63 85 19 53 62 27 77 63 24 17 10 0 12 24 70 29 89 34 33 28 31 71 78 75 15 25 98 63 10 79 46 18 65 47 41 66 77 80 69 73 91 34 11 10 19 47 65 2 68 82 9 82 15 58 23 26 81 25 71 51 78 33 3 77 40 51 93 4 48 30 9 48 63 87 82 3 86 43 18 49 42 88 59 10 34 43 8 19 64 41 12 66 4 16 5 59 94 9 56 15 77 24 52 84 50 4 72 9 39 59 37 44 21 76 0 81 61 43 80 57 98 20 62 10 26 32 74 1 41 57 17 29 70 77 75 70 45 24 79 42 1 85 49 51 67 57 24 17 98 6 84 13 68 68 69 37 85 85 48 66 55 82 5 88 62 40 18 53 61 48 67 57 27 43 47 32 87 97 94 81 46 52 47 13 11 75 52 43 21 83 63 78 15 26 87 11 52 2 4 14 20 92 79 55 75 94 38 41 4 46 51 13 73 72 62 51 73 50 39 99 70 38 76 26 21 83 72 27 42 55 17 55 96 24 96 51 64 34 95 97 96 41 
6 34 12 92 4 15 88 57 35 57 5 65 2 21 88 66 80 47 31 27 35 46 79 4 42 65 14 63 77 45 50 74 48 75 93 74 82 51 3 11 48 81 60 13 79 75 14 11 98 55 83 13 55 82 75 3 12 69 9 80 33 92 38 53 68 44 50 19 51 37 45 50 61 12 69 38 36 56 78 1 59 52 62 51 0 20 71 23 10 8 1 63 6 70 80 9 71 30 77 27 1 8 96 96 99 69 66 64 59 33 76 14 66 44 96 75 15 79 2 42 81 9 6 50 61 11 12 60 64 64 4 37 69 1 15 90 94 16 53 18 28 97 16 72 0 89 49 26 39 3 22 29 77 41 40 54 86 40 86 8 97 22 26 27 25 39 14 96 49 61 25 30 75 5 27 24 80 19 14 16 34 37 98 76 89 51 52 91 28 8 70 42 91 61 66 71 89 78 49 61 12 61 46 98 91 40 83 2 67 77 49 57 48 48 46 54 18 99 52 12 92 96 13 69 80 12 54 22 45 70 28 87 68 12 47 95 92 78 73 58 60 19 47 64 63 68 98 61 4 89 21 39 69 46 81 23 68 55 13 28 59 92 43 96 13 56 90 93 19 27 73 31 4 45 33 26 72 21 38 43 25 38 72 94 80 97 87 50 30 78 99 45 98 51 66 29 14 51 34 99 
36 88 72 14 11 68 93 63 37 96 27 69 8 5 11 74 0 78 64 52 23 82 68 28 12 48 17 14 12 28 7 95 62 56 4 51 40 43 53 3 38 8 43 27 11 62 84 43 62 83 86 51 39 14 8 74 10 46 0 99 22 64 1 63 42 55 27 74 52 6 99 74 79 33 83 56 39 94 65 32 21 67 19 56 77 63 75 79 27 69 36 83 37 49 72 20 11 38 7 35 86 2 17 8 55 44 91 86 99 28 60 15 27 78 69 26 77 32 85 11 19 69 23 88 85 85 13 90 98 84 62 38 19 22 94 40 86 72 24 95 12 36 44 30 49 28 98 11 25 65 59 38 4 27 15 20 37 48 42 29 50 1 95 74 71 70 13 7 17 46 92 16 1 70 52 86 85 90 81 45 38 90 47 68 83 50 10 72 5 97 84 0 8 26 18 20 33 90 24 53 48 88 53 5 63 27 58 99 19 32 6 81 51 8 30 76 55 10 90 24 74 0 24 68 72 57 30 8 5 11 78 22 2 84 45 66 73 47 97 49 94 12 13 27 29 34 93 43 74 4 17 43 72 1 80 34 29 21 81 54 28 68 87 93 64 9 90 58 44 48 37 23 79 56 57 43 87 60 46 17 48 91 41 83 98 61 74 0 91 3 98 62 18 10 67 52 37 8 59 62 
96 28 14 11 30 83 76 8 7 59 7 18 14 27 89 46 93 47 84 74 96 53 25 55 94 28 62 85 54 12 40 78 56 94 92 3 30 38 22 23 49 10 18 34 64 92 37 61 37 75 32 2 69 82 26 42 21 62 52 49 34 53 64 22 93 66 72 96 51 27 65 9 46 41 57 56 13 99 12 72 21 70 29 62 97 63 41 87 66 60 14 40 54 88 53 2 82 77 16 22 22 57 86 35 38 57 3 81 34 19 92 78 5 34 22 71 54 58 63 6 42 51 22 17 86 71 6 42 40 2 89 80 99 21 53 32 4 40 96 73 90 21 32 65 62 18 93 17 4 65 66 67 65 38 53 18 85 49 71 85 90 62 87 12 57 13 82 75 33 89 44 0 38 96 40 35 0 47 53 88 72 8 39 93 94 73 48 41 36 63 81 32 65 55 71 56 65 20 38 31 88 37 54 34 54 4 5 81 38 27 78 44 38 69 23 94 93 85 77 63 78 19 46 67 0 27 67 57 83 90 99 17 70 74 32 46 9 93 65 15 69 73 12 12 5 95 4 96 3 13 50 56 12 48 31 26 76 66 69 63 26 0 27 41 23 91 18 18 27 12 73 33 56 14 31 62 2 59 52 16 72 41 1 36 89 10 48 69 45 70 68 58 34 21 68 59 30 65 46 60 
62 0 65 86 40 20 75 92 48 62 53 21 84 66 68 14 58 94 90 3 34 85 19 61 72 85 48 51 15 46 21 57 83 93 26 80 69 78 84 43 52 37 41 33 69 63 86 12 18 15 31 61 44 2 48 29 28 21 10 12 43 64 43 96 92 88 90 1 30 81 99 22 13 8 35 58 30 16 22 84 34 17 32 91 82 54 42 90 45 16 77 28 22 63 80 67 45 44 7 62 51 71 54 75 24 93 30 25 73 58 78 87 86 9 66 33 97 88 89 40 96 22 59 69 63 26 65 28 86 81 7 91 1 31 22 48 65 42 12 82 18 28 85 17 85 22 56 75 45 92 73 11 72 83 43 60 19 53 96 45 86 80 40 39 56 25 72 26 75 62 76 61 86 14 43 37 28 20 73 25 89 39 14 39 58 8 1 76 85 84 39 80 37 52 33 76 67 62 70 65 14 94 2 50 45 48 12 49 38 92 39 14 33 39 64 63 93 96 53 15 30 76 20 37 28 65 65 56 91 93 18 21 40 33 50 88 30 7 92 55 28 57 57 23 54 19 71 92 78 12 3 27 62 92 73 22 63 20 66 56 92 82 83 54 58 7 0 68 54 78 7 64 70 95 11 56 72 48 19 38 1 79 35 81 96 44 21 77 45 12 43 4 77 74 60 27 7 72 76 71 
72 26 22 20 91 15 37 33 78 8 20 17 41 17 17 1 89 84 59 80 95 61 56 15 90 52 83 9 77 13 55 94 9 29 27 66 75 83 83 97 73 90 22 13 71 38 65 95 40 17 13 45 60 51 13 59 52 84 47 0 48 37 59 60 1 77 47 24 99 34 17 78 28 34 6 13 82 87 80 59 18 82 74 57 45 95 38 22 91 78 12 76 97 20 29 4 55 70 7 8 31 57 51 54 60 21 46 42 27 99 72 8 70 40 66 71 14 64 67 13 6 91 74 45 52 63 54 53 20 18 29 43 58 42 17 94 89 78 56 96 81 6 75 79 81 22 77 45 82 95 92 60 74 54 93 86 0 61 72 52 19 47 3 89 97 36 27 86 78 77 42 71 45 69 31 92 10 40 95 5 93 82 14 11 78 80 93 80 54 71 69 33 48 89 15 74 51 15 9 5 96 3 82 35 75 7 38 55 58 86 76 16 84 84 19 97 39 24 66 15 49 11 47 80 13 58 87 29 85 20 8 77 18 83 46 23 18 72 2 64 1 61 36 78 75 18 76 76 89 18 68 11 10 63 24 64 56 12 70 24 83 82 14 48 65 21 76 44 78 73 53 66 86 80 64 27 17 66 70 86 31 42 56 28 88 34 35 79 97 86 47 97 88 29 5 87 24 6 11 7 
53 17 30 62 2 0 74 2 47 3 31 52 77 53 16 25 56 61 27 31 29 61 4 89 36 50 35 46 64 96 87 57 92 36 57 40 44 55 83 49 97 65 9 58 80 86 1 36 14 75 34 21 20 96 88 12 85 96 46 65 56 2 40 13 42 95 73 40 85 63 40 78 50 16 35 99 0 21 32 27 49 0 67 64 73 27 15 45 48 47 24 3 13 41 6 26 69 80 0 22 32 48 59 6 86 85 88 65 68 15 27 3 74 61 58 98 72 3 65 42 0 8 43 41 23 11 85 19 61 46 9 66 74 80 54 85 6 92 30 26 61 39 68 4 92 36 83 14 39 82 50 53 71 82 54 75 13 51 77 49 71 2 52 39 67 77 35 70 34 51 72 75 59 5 5 73 96 72 38 51 35 70 82 71 81 65 61 61 84 18 82 12 35 94 97 94 78 31 48 55 21 40 6 24 17 6 88 92 5 38 31 10 31 51 6 56 7 82 12 35 47 74 64 76 84 21 97 3 47 12 36 66 40 66 76 72 99 13 28 43 60 36 23 71 37 16 96 3 52 51 75 89 83 29 52 5 38 15 50 26 88 6 75 36 86 62 6 5 6 74 41 79 60 93 84 69 37 5 61 14 42 23 34 2 83 39 76 6 43 1 37 42 54 72 5 65 16 55 36 25 
18 49 3 24 62 65 7 30 88 2 10 91 58 3 17 39 12 66 97 20 64 66 91 17 76 51 66 93 41 1 54 25 50 43 58 69 78 37 97 92 58 36 81 39 11 97 40 16 73 24 8 91 96 58 58 1 56 26 66 91 62 20 32 17 63 39 50 80 47 88 8 52 18 46 80 34 94 4 31 73 47 33 3 67 53 22 32 35 2 61 41 4 75 57 58 97 88 30 55 19 98 58 10 58 49 16 9 56 66 16 3 66 86 27 72 64 11 93 59 75 99 60 63 49 27 19 33 16 66 91 13 55 14 16 21 46 70 11 42 52 37 90 14 6 49 84 6 69 31 39 33 0 39 12 0 71 95 42 43 12 9 70 64 96 72 93 11 35 46 70 46 44 43 41 73 22 5 28 29 40 37 21 28 8 85 44 88 61 74 91 22 39 40 63 80 14 39 13 62 67 8 13 20 82 45 45 9 66 61 25 92 3 40 94 70 49 9 32 27 42 89 57 16 78 51 11 34 88 72 29 40 4 1 36 34 27 95 11 92 42 98 89 21 87 77 42 66 28 61 29 50 37 19 92 95 89 47 65 60 67 19 88 28 91 9 16 51 6 0 6 80 70 8 75 99 91 71 10 72 1 91 66 23 43 33 45 37 55 36 21 63 68 19 2 54 64 87 72 71 85 
57 22 44 62 50 56 78 53 11 5 92 80 27 52 76 96 59 27 72 14 69 88 76 44 69 71 66 74 68 37 58 30 25 88 71 45 32 75 10 11 1 95 46 60 38 41 71 28 48 6 79 88 71 85 34 22 52 32 92 31 55 86 72 11 49 51 99 4 95 92 11 74 8 8 38 59 99 99 6 79 77 51 86 18 38 8 0 93 81 8 8 25 97 7 77 70 32 27 47 39 27 11 29 54 20 5 20 79 27 1 40 24 9 21 0 0 9 2 76 20 23 24 74 69 77 32 66 15 3 56 47 74 19 45 81 99 50 37 60 9 10 4 32 8 69 4 83 49 64 86 25 72 71 94 34 31 56 74 65 28 82 75 51 16 4 21 45 61 70 85 38 93 47 75 12 47 36 84 42 35 24 24 75 17 4 64 77 63 37 52 31 24 76 47 23 27 21 75 98 27 7 55 23 58 75 22 67 25 51 74 33 76 81 60 89 63 99 74 9 36 93 2 25 90 86 33 11 89 87 92 89 22 78 21 61 89 73 38 89 62 5 13 97 17 70 83 61 18 84 23 19 43 40 69 33 15 35 52 47 35 22 99 92 42 58 47 81 87 94 21 34 50 87 2 20 18 68 92 50 61 14 75 80 96 1 8 13 59 4 20 75 21 21 64 85 15 16 59 96 38 
30 86 22 16 5 3 71 59 54 64 48 10 66 54 42 59 73 55 51 82 64 13 92 86 53 76 6 77 8 11 68 19 16 54 41 57 26 74 38 7 21 90 48 47 43 45 11 84 59 23 1 51 80 4 72 92 97 26 33 63 13 87 39 25 24 63 11 41 75 3 58 52 65 34 4 28 38 26 2 43 4 35 14 67 67 24 76 85 33 54 69 83 4 97 36 70 71 24 17 36 99 32 9 64 89 44 73 79 34 76 50 59 27 95 41 71 75 1 13 66 91 13 54 43 8 47 67 20 13 61 41 17 39 7 29 4 5 77 43 63 4 96 37 77 21 48 68 1 97 60 6 87 33 30 23 24 46 4 87 64 45 15 0 26 22 64 64 52 66 0 67 7 48 16 62 93 86 88 42 69 31 16 26 24 31 13 82 77 61 97 70 10 4 29 11 9 69 33 12 75 32 25 63 16 53 31 37 59 29 86 79 57 89 81 31 32 66 82 98 20 86 49 39 50 70 63 20 83 92 8 20 59 2 13 85 58 32 94 26 79 31 19 91 15 10 32 92 60 26 66 39 75 12 12 62 31 90 90 41 0 90 77 47 42 85 31 47 77 20 20 41 40 79 85 58 96 27 0 92 40 38 40 6 68 56 30 27 86 92 57 17 47 23 54 7 17 61 27 67 12 
14 85 42 87 70 87 25 61 92 49 69 24 2 25 61 29 90 80 2 36 9 56 95 18 73 17 59 64 53 94 60 81 29 97 5 84 7 6 2 31 16 39 42 84 96 51 37 86 41 97 3 19 13 96 17 7 81 73 79 78 21 35 5 98 42 21 22 79 35 4 98 73 99 87 75 12 2 97 98 45 66 46 67 27 87 24 26 79 10 55 23 49 6 98 84 84 17 52 2 40 70 87 57 53 38 76 84 19 44 12 41 8 8 17 4 74 16 68 30 2 14 89 99 11 48 11 40 95 77 47 99 58 3 71 84 73 13 15 1 2 19 66 24 17 68 33 47 58 63 0 69 47 5 34 63 57 34 43 17 90 70 88 86 75 66 18 53 7 31 7 6 49 98 2 9 82 37 39 45 32 65 73 47 56 52 7 51 31 21 13 59 99 65 89 20 85 68 2 70 96 25 84 96 28 62 40 54 51 68 81 24 0 29 82 72 39 83 54 20 65 76 82 42 52 94 58 99 69 53 7 5 51 14 38 13 31 95 49 85 42 32 62 30 54 8 68 12 9 13 50 36 74 4 53 38 54 4 61 81 30 76 95 28 58 47 94 18 33 24 40 92 42 63 82 22 6 94 14 3 50 83 95 52 64 21 78 24 9 8 32 97 22 66 8 42 99 24 31 56 67 
18 1 33 6 10 1 75 51 82 52 81 82 92 22 37 57 78 53 34 25 6 58 98 19 23 65 79 63 72 29 49 49 48 0 27 95 55 76 51 43 13 22 15 29 61 54 69 98 39 51 9 13 21 96 50 50 58 31 42 10 43 29 7 83 67 86 62 73 2 91 53 84 98 77 67 50 5 79 18 15 73 91 54 23 65 93 68 27 19 13 61 64 79 62 84 57 95 14 58 4 42 56 5 99 94 84 6 74 25 46 95 91 88 1 67 37 15 57 48 18 99 31 3 93 9 24 86 15 63 53 67 91 60 13 11 31 92 15 61 33 17 30 63 32 35 90 54 44 63 93 38 43 94 49 64 96 60 40 68 52 39 50 73 76 96 29 27 78 61 27 94 99 96 67 68 56 39 45 77 67 64 31 66 41 75 80 72 42 74 93 65 85 4 29 60 97 17 1 53 54 45 51 3 8 74 26 5 8 64 94 74 0 95 2 40 74 91 43 24 75 59 31 63 82 42 62 8 35 43 19 77 64 91 63 15 35 49 65 50 16 81 82 71 41 23 59 56 20 25 71 46 3 40 62 97 99 44 62 33 37 55 38 31 64 56 20 90 93 10 75 95 27 70 96 38 88 73 84 54 11 38 75 31 6 5 23 15 75 11 56 16 57 25 35 99 30 71 53 51 30 
40 37 48 47 84 32 34 79 61 24 27 1 34 43 3 67 93 77 85 44 82 48 67 81 44 88 45 90 41 74 92 30 41 65 65 26 19 35 87 86 94 51 13 29 84 75 55 40 72 49 19 48 6 87 99 35 65 32 86 59 77 39 36 49 41 98 86 9 74 59 93 19 0 66 33 86 4 52 41 79 68 62 50 92 71 32 89 45 32 35 16 74 32 17 39 10 61 36 31 88 58 39 12 25 36 64 28 17 20 61 51 45 58 28 56 96 72 92 43 76 76 54 49 23 33 51 89 7 77 76 4 79 86 16 0 83 78 37 16 54 57 70 39 65 17 59 30 99 46 45 7 27 53 12 43 14 13 34 6 70 88 77 94 13 83 48 17 14 97 2 99 49 58 28 59 41 39 60 84 99 0 57 20 36 12 57 80 75 80 32 43 68 18 56 31 48 44 2 19 6 50 74 96 73 65 57 94 71 76 30 11 38 54 67 53 77 57 34 15 53 81 96 18 0 85 59 1 54 43 90 63 50 89 93 6 84 94 60 32 28 41 97 85 53 34 24 12 27 51 50 23 49 41 11 48 44 91 64 70 92 21 1 67 76 53 64 79 24 42 50 52 88 66 18 64 96 2 59 36 98 79 69 62 19 87 19 17 74 0 7 88 10 32 38 20 14 6 18 14 26 
40 21 8 27 42 8 54 39 66 12 93 6 84 55 39 35 24 31 6 3 33 18 49 71 36 81 75 65 73 11 23 74 30 76 11 61 86 15 77 77 71 35 51 70 67 97 6 25 63 7 29 47 65 91 3 65 0 87 14 1 30 67 2 35 57 28 77 73 69 12 36 87 73 93 78 80 51 82 3 1 21 52 0 26 2 45 9 62 97 91 23 94 16 35 31 3 79 72 50 16 56 66 19 37 63 93 42 94 21 55 82 30 58 81 98 60 97 33 79 55 11 9 85 56 24 58 70 84 24 44 11 82 66 41 93 11 45 88 39 9 81 23 43 33 73 54 98 76 36 30 72 56 92 34 79 66 37 41 95 11 96 28 66 99 12 61 44 49 97 77 70 21 94 22 6 14 70 7 14 68 91 40 66 96 75 33 55 41 64 83 30 64 70 85 28 27 62 47 71 43 96 68 29 33 81 16 36 33 34 61 85 2 94 0 16 29 94 90 24 1 73 80 51 46 30 18 37 1 7 46 90 68 5 49 13 83 17 98 15 37 17 8 55 10 63 68 30 25 26 66 66 70 83 20 83 15 69 47 2 90 32 35 34 25 18 21 51 45 7 87 8 24 83 54 28 66 13 2 65 41 90 95 57 72 10 56 60 9 87 33 29 67 76 49 45 98 7 59 33 96 
42 99 28 12 30 17 44 77 78 22 23 57 43 32 73 70 92 67 72 93 55 83 56 73 4 20 56 91 85 19 89 52 71 11 69 6 73 92 75 86 50 71 25 69 52 34 58 65 22 57 57 15 54 13 53 23 71 8 11 28 4 34 73 28 2 26 45 98 26 20 25 74 83 57 75 60 90 75 52 90 87 99 65 75 3 88 58 32 22 70 71 52 91 83 47 14 30 12 46 99 81 19 30 25 14 16 90 4 36 6 95 50 28 88 98 28 31 47 6 15 61 53 10 28 47 54 30 96 11 62 18 75 4 87 90 91 78 13 36 87 47 87 59 56 48 80 74 16 41 10 33 97 47 37 53 40 79 15 77 71 59 31 84 76 64 64 42 63 60 71 99 22 83 27 49 51 1 31 92 65 42 42 2 2 64 27 77 24 4 15 78 99 7 3 84 71 44 4 16 35 75 78 41 37 79 77 67 82 3 22 32 56 50 49 15 90 21 90 69 36 10 42 52 48 18 58 73 52 29 38 45 33 93 83 44 15 12 65 51 34 59 29 26 57 56 54 71 61 18 22 68 52 60 30 15 53 6 1 25 31 82 7 94 26 74 93 39 94 97 36 35 63 33 54 18 87 56 54 30 46 74 48 28 67 90 97 87 88 79 36 59 67 1 32 58 82 71 80 1 28 
95 5 85 57 76 31 72 88 24 91 92 50 6 83 20 98 81 30 84 27 38 57 79 14 30 14 0 40 24 44 60 26 1 40 67 11 33 87 64 50 37 88 82 49 50 43 28 49 49 69 55 15 71 22 70 6 86 61 14 42 0 78 27 52 56 14 47 23 71 10 54 22 18 9 62 83 33 68 52 72 53 27 46 68 57 50 30 0 25 95 27 66 88 6 58 85 4 82 56 91 83 49 50 68 25 67 57 36 7 95 44 10 94 31 38 37 32 89 12 40 10 50 30 93 3 42 29 63 0 8 22 52 17 51 44 76 58 49 27 19 81 87 36 93 11 18 11 44 94 48 80 17 46 69 49 75 82 0 64 72 37 69 41 46 80 21 41 81 94 56 61 57 91 5 8 99 85 2 10 79 24 30 15 85 12 77 7 0 21 51 67 21 82 88 73 48 0 25 31 12 81 66 17 2 56 67 92 33 72 13 9 71 1 67 79 10 93 41 60 91 3 31 94 70 44 61 78 72 67 61 52 82 74 69 17 82 61 92 32 79 67 23 54 84 55 52 54 81 85 37 96 77 8 69 82 35 6 36 16 0 58 53 22 84 38 69 79 25 9 85 56 80 38 46 84 49 10 40 98 74 51 25 35 54 33 56 49 15 25 34 75 17 76 51 79 73 44 40 61 31 
29 56 77 30 31 12 74 8 15 47 57 80 99 74 98 90 38 45 96 64 96 22 15 11 78 37 5 88 69 44 78 99 9 68 17 7 27 60 30 63 74 50 21 85 14 95 67 53 70 14 44 56 92 44 56 42 51 87 70 84 64 16 82 70 56 49 22 48 53 75 23 59 14 88 0 19 84 81 95 19 2 41 87 52 25 61 55 1 33 99 21 6 90 69 57 84 7 24 46 69 39 20 57 44 56 29 49 39 36 34 99 95 30 94 79 96 78 4 62 58 56 43 90 18 47 62 18 53 85 8 63 14 93 67 36 66 43 34 44 17 43 36 57 62 73 71 47 55 12 22 98 43 9 42 57 72 42 99 47 24 38 13 27 38 60 37 28 77 76 26 69 81 81 47 55 68 75 34 70 51 94 37 48 97 4 85 86 36 88 60 91 15 76 48 12 90 28 92 1 0 79 25 64 10 68 1 67 33 73 34 46 86 65 87 95 23 12 19 21 33 76 6 63 12 25 79 1 35 24 43 87 60 99 7 81 5 31 16 11 13 23 24 18 89 72 51 22 35 58 56 22 40 99 8 73 40 73 5 98 58 16 39 86 21 44 85 88 19 0 20 93 31 8 11 46 36 4 90 11 11 62 0 33 21 28 15 66 59 33 15 19 98 82 82 94 79 43 90 37 58 
52 15 59 84 37 35 38 95 25 7 41 37 62 52 46 92 40 22 18 65 73 31 0 14 67 79 43 69 16 23 92 46 98 19 84 4 37 64 54 81 70 50 59 63 29 7 1 21 18 33 38 57 16 64 53 17 34 18 62 65 74 6 6 97 27 27 44 23 97 91 98 35 84 12 11 13 81 85 23 63 24 32 32 40 82 27 46 72 77 32 77 5 18 29 5 77 34 44 43 49 97 7 94 81 50 0 8 81 35 7 82 96 19 48 73 86 77 86 23 63 0 64 18 34 75 72 38 71 88 21 89 85 72 97 78 95 29 26 58 29 94 84 99 46 77 88 2 3 30 12 48 94 84 2 7 68 94 45 2 83 32 54 86 13 46 40 6 77 16 54 37 55 18 24 79 62 14 36 54 71 0 26 66 25 81 83 38 23 15 54 72 73 51 51 70 11 72 76 15 43 56 57 54 61 61 28 41 79 81 21 32 5 61 86 3 63 18 14 2 50 69 63 75 17 1 29 13 96 90 73 19 64 92 50 47 20 33 59 16 19 75 17 74 23 53 7 36 73 28 87 86 10 77 34 89 14 49 51 47 88 31 32 56 29 13 98 89 39 98 77 26 88 96 79 47 47 69 1 22 40 86 3 80 27 50 89 5 82 32 93 9 78 52 40 4 82 15 3 84 64 
49 67 66 47 55 68 83 2 25 41 3 97 41 40 71 33 25 11 26 23 97 76 97 23 65 21 33 87 65 55 37 9 65 12 88 12 0 94 81 16 96 26 1 71 16 57 79 92 29 81 46 62 97 95 9 56 72 88 21 59 40 82 82 59 56 52 51 15 56 76 7 52 83 20 23 37 40 55 56 40 79 70 36 10 27 26 43 7 36 16 98 36 23 90 21 34 11 91 5 76 55 15 92 80 5 11 52 90 17 48 18 16 82 14 80 97 56 58 29 12 39 45 11 4 7 1 88 58 88 98 77 2 0 18 97 34 11 20 30 79 58 95 17 97 71 41 18 5 24 22 61 45 94 39 84 8 87 79 49 59 63 64 12 87 72 73 84 23 72 27 72 40 48 65 33 59 2 44 66 71 14 62 69 12 28 27 96 76 4 30 3 32 72 78 68 9 90 80 46 23 81 70 46 29 46 72 82 54 86 42 93 51 18 67 12 27 2 64 73 56 70 44 77 46 70 91 86 68 47 16 11 81 58 23 4 53 53 10 45 98 96 16 13 21 98 68 50 36 27 99 54 83 4 84 5 69 73 79 26 50 11 4 4 15 10 45 42 42 40 51 64 46 23 72 59 77 59 45 70 24 76 11 31 46 35 63 14 41 90 82 61 94 57 44 79 75 6 1 44 42 
24 73 20 55 88 16 47 34 80 19 34 46 76 40 9 53 62 32 64 6 49 69 45 59 1 13 29 18 69 5 38 22 25 42 90 21 66 80 6 93 79 92 29 28 48 86 42 32 62 27 15 7 5 35 15 22 33 70 43 4 12 11 72 38 38 26 81 40 22 23 46 78 84 43 43 28 0 14 35 95 82 56 59 29 71 36 28 83 46 15 40 61 74 27 39 93 99 43 36 80 47 32 65 97 28 29 97 43 99 47 72 46 15 12 20 56 46 61 83 26 83 61 7 88 84 92 49 53 54 55 29 44 23 26 38 10 19 84 9 9 2 69 90 68 88 58 23 44 91 53 31 54 17 99 30 87 30 70 63 60 16 34 99 6 19 78 56 64 72 23 32 62 92 29 71 38 74 43 22 85 89 20 42 29 71 97 60 96 19 25 22 83 48 98 49 8 65 98 97 28 76 70 82 73 42 2 49 48 85 21 38 38 81 3 95 57 67 4 13 56 19 78 16 10 44 77 53 99 13 18 16 23 26 62 12 20 11 24 38 78 4 62 92 37 99 60 57 71 41 10 72 79 91 80 19 45 12 78 14 58 74 0 85 54 27 46 32 49 24 28 36 59 60 14 2 16 30 90 74 55 98 22 51 12 15 75 18 15 33 86 64 75 81 66 60 84 22 46 60 77 
21 5 90 81 52 63 54 44 54 10 77 12 22 17 33 41 62 39 84 33 59 64 7 36 26 3 45 60 64 71 74 20 5 43 27 14 21 83 30 97 41 2 42 32 32 57 95 16 33 41 39 32 85 56 7 34 56 24 92 45 44 64 88 69 1 59 25 51 14 54 48 50 84 45 65 57 25 13 47 98 12 9 82 61 11 46 64 65 11 67 37 28 28 89 76 50 92 28 79 4 88 66 22 85 2 44 55 52 5 69 2 11 10 1 33 63 51 67 11 61 20 38 96 81 57 51 52 89 51 58 29 37 39 57 66 52 69 97 70 97 46 50 36 86 63 3 24 61 14 94 74 22 71 1 37 64 9 97 23 19 41 13 67 37 2 78 59 36 85 34 51 63 35 95 90 57 64 30 71 66 31 15 18 87 75 79 41 88 76 91 97 8 51 58 65 41 22 86 13 61 71 43 54 40 30 57 38 26 97 59 38 43 28 31 72 97 33 60 6 87 17 69 82 28 92 80 15 73 82 20 40 86 43 42 20 34 96 62 53 98 33 24 73 44 77 49 26 96 5 24 45 79 1 20 82 50 33 0 85 13 11 96 48 73 36 45 67 42 4 16 8 17 5 59 37 73 59 25 42 32 6 52 55 1 40 3 69 88 2 60 32 89 36 42 13 56 47 24 1 12 
2 7 6 95 1 92 76 54 26 28 10 89 8 11 10 45 49 59 47 20 46 71 22 21 2 31 43 36 27 49 72 44 80 61 50 79 31 42 83 98 37 1 56 86 44 1 8 90 20 75 52 31 10 66 8 44 52 46 78 17 53 82 50 61 64 20 78 91 2 25 35 34 93 68 67 49 70 19 56 34 51 11 20 40 21 11 59 83 75 84 23 43 56 83 18 5 54 71 21 49 72 21 22 47 69 62 99 68 61 52 77 59 47 43 84 5 72 29 53 14 35 15 16 57 29 70 8 66 95 43 15 46 58 35 86 38 46 30 71 40 22 16 49 38 22 92 42 84 6 40 60 33 31 93 26 40 20 25 99 29 71 79 24 9 3 2 81 66 15 96 73 0 12 91 23 27 64 89 96 42 28 60 91 23 40 82 58 45 0 23 93 58 69 99 47 4 4 82 49 6 5 60 88 82 16 50 75 38 65 74 40 43 66 66 77 22 13 88 78 26 97 5 33 8 89 99 15 97 16 99 41 21 20 39 32 92 73 28 89 98 60 4 72 23 35 62 96 84 7 65 88 3 1 66 83 53 5 92 21 26 56 6 28 92 3 56 26 7 84 22 1 93 57 10 54 54 47 46 43 18 53 77 19 42 85 66 83 83 58 65 30 97 59 51 64 23 7 16 80 3 
37 55 99 25 41 0 48 79 0 12 26 20 24 30 70 69 20 97 30 15 39 83 34 55 86 72 80 2 91 65 79 64 79 47 15 83 68 67 13 75 83 83 73 38 32 82 71 53 96 40 98 45 6 56 93 79 57 7 60 36 88 30 67 74 79 78 34 43 1 5 9 91 79 8 56 7 96 96 53 30 29 6 76 61 59 75 32 19 79 19 4 23 37 48 93 88 64 25 18 0 45 97 23 44 22 34 67 16 13 49 76 72 92 35 4 34 7 73 41 93 20 68 60 9 55 1 31 63 55 91 16 72 79 64 85 57 44 65 78 73 14 96 36 23 49 96 75 89 34 60 78 26 70 75 25 95 94 84 95 28 59 72 93 25 56 72 46 53 94 69 9 38 8 69 57 94 19 16 55 7 27 95 97 10 10 55 77 37 17 69 91 12 77 97 59 16 0 68 30 91 52 11 64 59 46 12 67 3 83 87 66 49 83 78 52 73 79 17 77 6 28 5 97 50 97 21 44 85 14 77 90 4 49 14 32 4 17 50 54 32 40 94 10 70 41 21 97 46 71 67 37 0 69 86 83 13 34 24 22 27 38 65 44 92 10 62 43 92 84 14 10 6 19 16 73 73 78 17 18 66 6 4 82 29 57 55 59 72 60 87 87 24 53 46 45 91 50 72 51 64 
52 85 91 80 67 97 54 49 13 2 98 6 29 57 86 94 51 93 60 72 37 13 14 42 83 80 77 40 42 83 86 48 33 17 18 20 61 38 68 43 71 54 21 4 40 79 43 83 16 98 26 93 50 70 27 70 55 34 89 17 13 99 66 88 78 81 9 20 65 70 49 51 88 99 71 72 62 91 55 36 91 9 25 83 10 86 30 48 42 92 63 0 52 53 53 51 80 90 18 49 66 21 8 57 67 76 60 60 80 37 80 76 90 47 93 29 83 86 46 36 87 42 81 6 35 36 61 91 74 66 63 11 45 43 9 33 93 98 36 50 65 55 89 84 65 75 30 20 93 21 45 81 75 93 21 55 65 36 85 46 65 47 62 14 37 53 64 98 17 24 79 96 14 51 66 61 14 33 4 81 25 36 15 48 98 24 97 98 98 70 1 9 4 48 61 1 3 26 33 33 40 94 65 56 14 52 14 56 34 41 79 42 15 6 22 94 55 63 84 65 20 81 4 24 44 58 46 86 26 71 92 66 93 88 74 22 42 51 19 44 4 0 19 99 94 67 51 21 19 14 61 82 0 41 4 59 49 51 28 19 51 51 2 45 57 3 82 92 70 99 12 48 37 49 57 22 82 83 34 21 5 94 2 82 73 82 56 29 22 7 55 53 73 62 33 42 47 42 62 65 
53 12 77 47 28 44 19 49 57 79 55 44 34 98 50 65 57 69 68 75 40 52 3 44 85 92 78 76 56 89 56 44 76 30 79 6 39 18 66 22 52 10 11 20 33 67 77 2 64 57 97 53 54 92 51 84 67 62 74 25 16 41 70 2 46 26 96 9 6 14 95 15 30 56 80 67 7 48 23 35 31 63 45 75 89 10 9 4 54 15 43 15 66 37 42 15 28 31 57 60 10 20 28 12 37 94 28 91 63 5 92 74 18 33 33 5 12 99 53 1 43 91 23 63 87 61 78 26 41 6 42 51 39 5 59 63 13 63 61 48 22 46 56 32 40 9 65 95 28 65 21 79 17 95 96 36 98 42 80 21 34 69 44 57 48 44 11 55 91 27 45 52 72 56 15 61 5 27 58 12 84 94 22 42 89 22 0 56 96 23 50 50 75 74 5 11 42 61 7 43 59 83 51 33 44 98 74 13 47 49 46 49 69 46 28 98 90 96 18 97 49 88 23 66 23 97 18 62 28 93 1 88 60 18 38 77 47 13 31 12 52 1 79 82 11 28 44 26 77 6 13 53 63 2 67 97 30 44 56 11 19 83 48 54 31 16 16 18 24 87 19 17 32 71 55 75 77 92 4 8 66 30 71 6 93 71 78 3 5 49 42 85 74 55 68 41 99 22 4 49 
96 86 39 25 28 37 88 75 80 34 81 26 28 47 19 52 93 86 56 48 80 8 47 91 54 13 13 48 81 43 42 13 58 18 85 0 63 45 41 88 99 63 8 69 60 58 37 17 28 76 97 99 43 43 61 92 31 2 31 85 53 15 50 40 11 69 23 46 59 99 57 68 63 30 83 61 13 65 21 3 37 51 65 93 40 8 51 5 48 49 42 58 10 98 64 12 99 41 79 3 53 29 2 56 99 67 76 61 0 27 47 40 33 98 20 6 10 14 37 30 26 23 94 80 44 53 36 34 1 42 51 42 15 33 15 84 16 82 18 34 20 33 75 6 67 85 90 46 47 38 19 91 20 71 0 98 0 31 34 94 9 94 62 12 1 62 56 0 58 64 37 81 98 97 50 65 0 21 35 93 3 47 49 95 99 21 74 66 82 80 74 36 21 63 8 93 22 37 1 35 44 9 96 36 85 33 90 39 68 29 80 30 19 41 23 72 2 41 29 71 85 41 21 88 6 28 9 37 87 32 70 82 71 95 93 8 18 81 40 67 10 42 47 79 31 76 25 68 78 16 10 4 26 85 89 65 11 78 92 64 88 58 39 13 70 44 87 36 97 40 21 72 10 6 62 26 94 77 83 52 15 73 59 58 16 77 76 36 22 48 11 65 44 80 60 24 86 87 70 2 
