90 40 33 33 78 97 0 42 69 55 21 6 53 46 38 16 97 38 57 70 52 98 2 93 13 89 1 8 32 30 83 61 73 80 86 37 71 26 30 79 20 31 69 62 75 29 89 66 44 39 72 92 3 77 76 88 12 74 89 84 62 72 88 18 86 7 13 19 18 11 55 6 13 92 42 39 30 47 45 92 37 91 29 3 36 75 14 78 38 73 9 99 56 59 65 64 9 74 78 50 36 1 87 40 59 79 43 47 2 31 74 20 68 78 64 21 36 65 63 83 60 42 56 95 23 93 32 7 45 96 57 88 44 90 6 38 16 27 59 87 86 89 76 40 52 48 97 8 63 64 98 22 2 95 76 62 78 58 72 23 55 17 46 75 7 49 56 22 8 0 24 11 18 41 51 81 61 74 64 85 48 64 1 57 15 78 28 13 42 8 32 91 22 9 21 40 60 91 81 17 
44 86 25 91 8 52 28 43 24 27 82 60 0 35 47 82 4 94 20 79 79 17 94 64 23 73 74 99 48 14 26 22 96 42 26 50 37 65 5 25 97 36 49 57 62 95 43 94 32 44 44 14 92 32 37 26 22 36 46 56 86 89 29 3 19 79 11 70 96 0 43 1 55 27 82 56 27 7 99 29 56 90 40 20 58 14 5 69 10 55 59 30 67 32 67 62 97 42 76 13 83 90 39 77 35 86 78 88 86 8 90 91 88 23 64 22 60 34 78 17 31 12 18 34 91 72 13 72 8 34 69 64 2 78 51 30 28 65 51 38 44 49 52 87 27 24 21 0 59 8 64 33 27 21 80 60 29 48 37 9 77 19 55 95 98 20 73 44 83 3 62 46 76 26 25 94 1 43 29 50 18 96 71 82 55 58 47 24 30 80 45 85 63 57 40 61 59 17 95 98 
76 71 24 36 67 47 45 29 27 51 93 55 14 39 75 0 70 21 37 62 45 97 72 15 76 5 21 8 44 12 75 50 2 72 96 20 41 29 49 37 81 52 30 21 90 52 48 27 14 8 53 94 71 38 21 52 20 78 75 66 86 29 4 22 82 31 85 61 29 3 71 9 58 11 74 2 3 0 62 35 87 46 42 27 76 91 94 17 88 20 24 52 28 69 33 39 63 70 53 12 72 78 12 68 83 83 74 11 13 53 58 72 46 20 74 22 35 52 90 68 32 72 78 2 19 11 20 33 81 9 39 41 13 72 73 37 99 24 63 75 91 33 34 17 6 45 96 27 32 30 41 65 59 33 91 72 78 79 16 36 62 90 63 8 41 15 84 81 79 15 88 80 10 68 32 87 5 29 36 10 92 44 79 42 2 99 69 5 6 9 73 15 56 55 33 21 83 87 42 32 
51 31 44 60 57 64 14 6 40 77 42 23 11 95 68 29 48 27 67 99 71 14 43 80 71 71 69 12 8 38 12 94 62 44 45 73 53 43 18 62 29 87 10 5 28 58 4 68 14 36 21 0 84 85 74 37 40 3 39 96 24 34 89 71 25 87 50 25 65 37 74 50 84 22 48 85 56 85 47 29 67 38 14 45 98 27 51 99 51 5 63 10 46 55 0 70 3 86 3 45 30 16 16 32 73 67 84 7 14 12 25 56 36 9 84 89 4 87 52 46 83 99 73 10 66 51 39 72 21 64 96 84 96 6 7 10 86 8 26 39 63 48 67 63 9 50 46 74 35 25 90 65 9 33 21 4 14 92 97 57 26 38 37 8 14 2 43 53 74 88 99 65 71 16 59 1 57 60 0 62 66 77 81 10 20 14 40 23 59 89 66 45 55 18 82 7 13 17 52 33 
75 47 9 24 45 16 62 53 17 32 58 35 10 60 34 39 37 46 40 49 16 31 38 88 35 79 71 54 60 70 94 93 86 86 77 10 33 93 33 44 44 53 53 59 23 1 91 45 67 93 54 16 3 85 65 78 55 21 92 45 96 93 97 47 62 68 76 33 92 70 26 34 19 3 95 54 32 4 98 60 43 84 95 13 12 63 39 42 91 9 81 60 72 66 53 9 47 49 24 26 54 83 95 83 81 26 13 98 73 22 62 51 56 38 21 16 12 89 44 77 6 98 59 66 77 46 18 32 11 82 59 4 54 77 27 22 27 95 51 49 60 14 54 88 87 39 78 84 43 0 0 51 29 41 92 17 74 96 84 4 12 14 96 77 5 75 41 56 41 9 2 21 38 20 84 45 40 64 57 67 20 7 27 32 39 84 98 87 68 65 39 17 34 85 70 63 59 49 55 90 
34 28 40 48 70 92 55 31 10 51 33 31 99 2 42 95 41 37 43 69 39 8 72 98 18 68 99 11 7 44 84 29 38 9 23 15 17 91 39 26 18 3 64 97 10 22 27 50 66 4 77 42 2 61 33 80 96 90 78 17 49 87 80 20 82 3 58 29 22 60 36 14 71 13 21 73 55 14 64 7 67 47 94 40 86 68 11 64 87 47 55 97 26 46 55 42 78 22 64 52 95 16 18 47 6 7 28 51 46 38 99 51 88 28 44 49 90 90 23 52 39 23 26 55 54 37 57 14 1 39 15 26 92 90 17 12 79 0 53 46 0 31 82 34 64 66 86 75 55 62 20 20 22 71 71 14 52 53 98 57 12 57 30 20 7 90 1 70 73 73 16 92 44 8 87 11 20 14 0 44 96 96 17 78 61 98 14 51 85 33 58 27 35 4 9 18 41 68 34 49 
24 1 53 39 43 29 64 8 3 11 10 33 2 88 96 4 11 45 67 63 88 58 45 84 77 72 71 92 37 25 48 81 65 84 48 96 5 67 52 51 90 33 59 41 69 39 72 19 10 10 22 31 38 22 72 92 42 14 50 33 44 68 39 33 16 22 34 87 9 37 94 41 76 45 73 22 0 65 88 39 58 56 20 58 87 31 77 50 55 45 62 55 53 86 4 79 20 8 25 91 44 67 32 46 82 41 92 10 72 92 26 56 80 4 15 67 26 69 69 28 68 74 69 20 94 77 37 25 14 25 86 41 37 30 73 1 87 79 2 34 36 26 29 94 20 40 48 33 20 98 21 32 52 4 20 81 39 51 64 48 54 25 98 90 25 44 57 16 60 11 44 2 17 82 73 16 17 75 40 17 40 56 39 71 40 67 43 42 33 32 11 64 59 49 23 8 52 72 20 33 
29 48 70 14 82 89 66 56 32 49 93 35 70 31 93 56 19 23 82 26 64 18 72 89 33 36 71 20 1 19 66 1 41 30 16 85 36 17 85 48 16 67 61 55 28 49 86 5 2 61 34 79 23 87 34 42 41 86 68 37 28 71 0 4 5 29 35 53 26 20 32 97 82 24 11 64 44 20 53 68 25 96 5 63 11 98 88 16 39 92 60 25 66 59 88 26 20 6 93 8 9 90 84 78 25 44 26 4 18 64 64 66 47 8 89 95 71 16 56 35 38 9 2 34 55 23 31 27 7 88 40 95 77 70 9 37 74 47 40 1 27 7 50 59 89 34 92 11 16 88 25 63 75 89 34 1 74 84 30 30 13 27 6 41 33 76 12 20 41 50 0 72 87 95 79 7 54 9 4 35 37 38 15 0 41 76 48 18 76 73 15 32 75 72 41 64 54 40 27 80 
97 60 70 80 89 79 47 42 78 61 95 10 31 35 10 82 89 11 79 93 89 30 52 33 53 66 72 66 55 67 92 37 6 14 62 15 97 60 86 63 83 15 55 98 66 25 62 80 26 61 17 25 80 80 35 69 30 45 46 5 97 12 37 47 22 47 72 16 85 12 56 7 47 21 19 49 89 34 87 3 49 59 30 95 25 18 94 12 18 9 57 87 7 39 32 6 86 83 12 42 94 58 21 18 42 62 7 64 49 66 33 99 50 92 4 8 41 88 23 69 15 87 48 9 26 88 72 9 69 10 38 74 83 95 41 36 97 43 51 98 41 0 84 80 72 80 72 18 84 47 84 53 42 66 11 18 34 48 20 57 61 49 94 76 74 69 77 9 96 2 3 61 30 64 17 98 56 71 50 69 17 94 68 12 82 31 54 52 50 19 10 54 10 7 72 35 3 67 83 52 
14 34 95 47 55 94 46 76 25 42 38 91 81 5 31 30 73 25 33 29 67 7 33 4 57 25 77 25 79 57 20 87 19 68 7 38 33 75 49 3 68 28 17 30 83 4 33 63 75 88 56 26 88 70 85 19 66 5 31 68 50 20 77 68 1 22 71 68 52 30 0 75 24 93 49 91 80 60 94 34 41 88 8 71 54 7 26 74 56 41 72 45 39 75 8 88 73 79 31 89 71 35 13 88 62 66 48 94 95 84 70 37 15 90 27 44 12 27 80 22 40 25 54 20 43 58 3 74 42 16 83 47 62 71 58 78 70 34 40 47 65 1 81 70 96 49 66 44 23 88 71 47 53 7 11 77 65 50 13 96 2 71 4 32 34 33 13 80 63 13 3 46 62 10 47 98 9 18 94 61 14 57 92 5 88 37 29 55 18 74 57 52 73 43 52 26 71 29 49 67 
45 80 28 70 69 27 52 92 69 43 93 33 90 43 29 20 60 55 74 12 85 66 21 47 32 60 37 27 33 8 69 52 14 42 58 89 75 8 81 94 13 34 96 21 63 8 71 19 46 95 97 58 95 6 88 25 47 79 49 24 82 0 47 44 51 31 83 89 7 58 16 10 40 95 20 4 84 83 71 36 42 91 94 90 80 55 6 62 9 15 94 88 61 80 18 62 71 44 74 11 6 56 7 89 67 56 60 84 82 48 47 37 71 2 13 60 79 80 23 6 67 16 27 81 12 33 82 57 71 36 55 46 79 30 32 79 42 43 63 11 88 64 21 59 10 49 50 35 9 30 87 40 92 55 51 13 59 21 43 52 78 59 62 12 79 17 73 32 96 11 59 27 43 30 71 78 98 47 49 9 89 0 78 85 49 66 56 85 96 87 33 40 38 93 47 39 66 64 8 4 
21 9 91 54 62 62 51 69 60 72 6 56 84 58 4 33 25 48 41 81 56 51 84 81 59 47 46 48 71 31 15 54 2 48 19 73 34 85 7 46 15 64 29 5 29 56 13 44 65 22 90 9 49 78 93 43 3 88 43 11 3 27 5 76 11 32 51 15 23 69 21 27 72 56 78 40 1 87 46 46 37 78 39 56 59 11 58 58 23 80 38 88 5 30 18 36 80 29 79 66 96 65 4 97 62 75 25 97 83 90 77 6 32 27 68 72 10 3 40 65 66 84 80 91 2 71 97 66 59 68 43 64 66 30 36 12 74 45 95 31 36 81 16 61 3 46 41 19 97 52 68 5 97 51 31 51 21 55 48 40 31 72 99 66 16 70 61 99 24 83 26 83 92 57 33 84 21 73 74 82 60 4 68 90 43 66 41 21 99 68 10 33 30 90 51 84 39 0 87 88 
15 68 40 17 54 57 2 16 51 38 95 65 44 15 34 0 54 35 36 41 43 69 55 52 17 37 87 82 66 49 26 9 8 8 39 13 39 97 93 4 16 37 81 59 69 15 56 19 2 64 30 67 74 35 88 46 39 53 76 43 38 23 82 31 54 72 9 7 98 78 76 95 93 57 94 74 94 18 92 66 52 21 45 11 80 16 75 99 40 74 0 73 2 5 63 62 98 55 84 19 28 3 22 8 86 46 75 8 20 80 65 67 92 64 95 36 28 42 21 31 18 29 97 94 11 24 10 74 39 49 50 24 96 92 94 0 54 84 85 78 22 35 63 80 1 51 3 95 23 89 90 65 58 45 81 15 29 54 57 46 2 43 70 15 79 78 30 59 49 44 62 20 49 29 38 2 48 97 8 92 76 76 19 27 79 74 18 67 23 46 9 27 67 48 28 8 61 0 61 49 
80 57 96 90 56 53 45 64 92 83 68 83 76 67 70 79 47 65 86 68 2 96 71 34 73 8 52 35 97 14 51 34 43 55 26 31 40 76 70 72 18 80 54 12 50 70 9 22 22 61 51 84 85 13 41 20 49 27 90 52 88 48 96 13 97 26 39 73 5 76 96 28 2 24 86 43 67 42 30 24 25 98 24 41 61 48 21 44 82 38 2 94 1 83 28 91 19 23 73 30 94 48 8 77 39 43 0 91 35 46 31 24 96 44 33 45 29 33 10 65 81 68 32 26 53 70 7 8 49 26 11 7 28 93 84 31 53 98 48 61 69 26 39 64 34 24 54 25 94 45 39 14 49 38 8 24 27 10 94 8 14 9 89 23 30 61 9 70 57 40 31 41 93 70 45 22 64 29 78 64 36 35 6 24 43 99 38 24 20 45 47 71 98 42 23 88 1 43 27 46 
23 82 99 75 4 47 79 79 65 76 47 32 74 3 74 99 46 27 78 42 64 33 59 80 10 56 45 64 80 43 87 14 10 66 49 22 42 33 28 87 42 8 21 47 1 25 3 11 31 62 37 85 66 74 55 20 86 44 71 65 84 78 63 99 3 30 98 36 51 82 52 2 91 65 34 86 88 90 57 4 62 41 1 79 78 10 89 15 13 56 29 93 65 7 69 61 77 74 40 47 81 32 39 11 95 15 75 9 40 29 92 21 58 23 43 34 53 35 19 25 8 46 99 0 86 70 43 32 33 20 89 48 95 26 9 11 66 23 16 64 8 55 4 80 0 0 16 83 91 17 63 10 74 54 10 96 51 84 99 12 95 26 71 43 59 56 18 66 38 44 9 50 49 23 13 99 87 25 55 9 27 98 43 70 8 87 4 39 1 8 71 36 42 76 32 63 82 23 50 8 
32 30 23 25 58 1 79 67 80 77 11 86 74 72 10 72 62 9 43 47 56 18 37 14 47 76 94 22 43 74 26 9 66 30 72 91 40 65 90 75 62 64 86 4 16 74 83 89 79 48 65 82 39 63 68 20 69 36 3 86 98 34 60 73 12 51 26 77 75 8 67 85 74 22 95 72 80 85 44 97 96 29 64 33 15 74 32 35 96 88 46 44 13 37 37 11 98 97 31 30 14 65 96 27 48 84 34 90 30 64 76 4 0 67 10 39 92 23 33 74 74 26 31 36 21 1 6 68 11 33 85 48 50 80 31 38 71 10 86 74 43 79 95 93 44 42 61 94 81 62 7 91 65 44 78 90 37 50 13 28 95 18 35 85 82 14 54 86 56 50 13 60 67 15 13 82 31 94 52 8 2 24 54 8 97 89 91 17 75 54 72 11 19 40 8 47 19 66 19 47 
74 22 94 39 53 94 42 57 26 92 70 50 84 16 42 51 83 10 22 51 95 63 61 37 75 48 50 92 8 20 72 96 50 37 90 53 2 58 62 7 48 32 85 4 63 91 35 14 31 13 43 46 98 5 58 97 78 53 20 33 38 1 31 15 3 99 7 0 13 87 50 96 10 4 48 42 46 79 97 61 36 36 34 75 56 14 74 88 69 59 26 1 73 44 75 54 42 9 74 60 31 76 80 84 80 30 23 55 18 58 61 30 19 43 63 62 16 44 49 42 43 34 28 82 48 33 16 98 98 94 31 71 8 97 29 6 49 89 62 89 35 16 85 91 23 57 47 54 67 54 27 59 89 7 30 46 40 60 34 71 28 11 67 88 67 34 6 63 1 58 61 42 60 84 66 18 85 66 80 17 4 85 11 11 87 33 56 86 68 30 4 64 12 10 88 86 8 48 13 95 
46 7 68 31 65 38 33 57 28 18 79 69 28 20 11 37 36 65 11 78 57 94 40 43 21 37 47 94 5 14 92 46 77 34 12 28 31 2 40 84 69 58 37 47 51 55 31 51 64 13 81 54 6 45 14 38 16 68 17 60 35 80 45 60 85 67 35 56 42 76 17 89 83 89 32 79 88 30 73 63 56 19 35 65 88 22 68 18 16 1 49 20 21 79 78 52 48 93 34 61 25 37 19 23 0 43 26 72 31 98 74 26 52 87 26 81 82 9 7 87 98 2 42 25 56 50 58 76 2 28 18 37 81 9 33 9 41 17 94 28 13 54 34 92 83 80 20 92 77 34 39 89 62 31 82 21 11 13 52 50 8 84 45 37 17 26 85 72 84 97 92 29 70 75 89 84 38 22 98 7 69 6 1 67 31 70 68 98 28 64 62 3 18 2 21 29 82 66 26 12 
33 2 95 80 85 11 40 95 97 65 29 57 25 40 63 71 85 37 48 5 55 80 87 59 3 12 36 69 67 56 44 93 47 9 93 5 75 96 81 90 95 93 92 92 90 36 26 15 65 39 17 10 18 12 23 85 32 13 96 68 33 29 91 18 43 60 57 80 4 38 14 99 28 83 82 14 11 67 95 24 99 49 57 64 46 61 2 47 92 26 56 56 52 0 83 93 65 22 75 0 3 23 65 58 13 71 45 81 81 52 32 85 74 98 63 9 13 70 52 83 32 5 16 79 67 25 36 92 40 92 15 18 84 85 32 41 26 55 44 31 31 55 75 60 67 46 43 71 63 23 69 66 87 29 63 74 31 76 2 28 60 93 29 71 28 99 42 54 66 97 19 97 34 53 19 47 45 49 94 95 52 56 82 40 86 7 99 64 35 2 26 16 38 45 85 45 59 90 54 79 
90 20 30 90 34 97 96 12 1 56 22 49 3 46 13 84 81 74 7 91 80 26 22 10 78 96 0 84 40 21 62 26 9 73 85 16 86 55 33 57 83 46 16 16 52 16 55 84 47 26 51 81 5 88 35 60 39 87 72 86 12 4 57 16 32 35 8 93 82 35 28 22 98 91 20 6 40 30 1 22 17 91 47 84 59 69 46 28 42 89 14 29 82 64 27 36 50 78 3 98 92 26 40 17 74 60 87 73 51 69 37 23 50 22 92 34 30 64 61 40 27 66 59 50 7 31 64 44 84 70 26 59 89 27 97 21 36 80 55 98 72 88 89 47 91 2 64 51 45 77 26 25 61 79 49 73 10 88 88 66 78 8 81 88 92 51 23 49 92 43 10 13 36 23 75 54 47 40 92 77 8 93 79 86 0 83 14 70 60 24 19 35 63 83 21 20 55 85 43 54 
45 34 22 2 10 87 17 43 79 74 52 38 28 39 98 25 25 58 97 37 65 73 77 15 0 79 44 9 74 29 47 24 88 0 9 36 43 3 98 52 7 38 5 84 25 87 86 84 76 85 57 21 72 50 47 46 0 77 4 61 22 63 56 50 5 49 38 73 82 7 37 83 42 60 57 45 54 90 83 4 80 35 68 24 38 79 79 31 4 20 99 37 43 44 58 94 3 18 25 23 24 80 52 77 16 94 34 42 16 43 24 33 22 40 89 32 58 29 90 16 7 44 11 16 24 7 10 22 78 70 65 51 1 81 58 14 22 58 75 14 83 54 15 19 81 64 24 86 37 83 29 11 98 14 38 0 22 96 26 99 87 33 76 41 20 46 35 41 76 0 67 23 66 7 23 49 22 64 29 13 50 65 42 33 53 21 58 71 40 40 28 65 10 59 53 28 93 23 31 8 
18 90 16 79 21 67 48 13 36 23 40 27 18 80 11 2 39 89 2 39 83 38 62 60 82 65 72 70 14 73 26 69 74 98 9 15 41 41 58 1 8 90 77 94 65 43 78 5 49 31 78 94 34 38 50 60 32 94 29 77 72 99 64 49 35 55 46 51 30 18 86 10 74 36 76 67 90 46 57 4 98 94 82 81 14 1 35 12 7 19 69 78 42 18 22 40 11 18 78 91 95 61 94 4 65 65 53 86 33 98 23 89 95 14 53 99 87 94 0 33 20 39 46 89 66 56 10 73 2 6 39 95 53 46 79 18 34 9 76 75 44 78 20 29 67 91 53 34 88 69 91 43 35 14 69 14 60 87 1 14 37 67 12 6 28 93 6 58 60 25 25 50 40 82 88 24 71 90 86 24 61 51 19 66 7 36 62 72 17 95 40 65 32 9 62 57 82 3 33 30 
76 0 33 38 52 50 67 10 50 30 74 58 60 10 96 26 16 22 98 40 37 38 29 99 26 5 35 64 22 19 21 79 41 50 78 96 82 67 29 30 9 0 22 84 38 65 30 86 35 83 63 15 91 94 10 60 84 18 92 67 94 29 31 85 40 52 58 92 74 60 14 61 40 74 18 30 34 41 65 79 92 27 95 42 60 79 85 92 94 77 45 22 83 34 54 67 45 9 15 54 9 70 90 84 26 30 30 15 50 12 73 74 38 23 12 92 63 55 24 10 34 0 23 72 48 45 77 11 19 53 11 58 15 16 29 81 8 4 11 9 34 29 31 8 82 2 48 84 97 96 98 68 75 73 0 50 58 18 94 7 18 49 53 67 55 94 63 72 17 90 59 34 7 20 41 24 92 20 22 61 29 57 38 52 11 8 2 36 20 21 92 80 56 48 0 2 2 80 96 15 
10 82 60 3 65 58 8 33 91 66 97 48 4 67 14 55 59 7 35 70 51 35 91 30 30 2 94 0 35 59 25 36 66 0 76 76 75 62 36 82 27 18 23 29 2 33 57 36 58 40 25 40 70 47 11 21 7 92 22 14 7 30 16 64 54 58 57 4 82 28 62 24 73 55 31 68 82 11 31 61 77 3 6 89 78 30 36 20 64 20 56 27 13 33 67 31 2 66 98 25 1 65 52 79 57 46 33 53 9 66 68 64 3 50 68 79 75 27 86 5 48 93 84 98 54 25 40 73 29 28 10 57 57 24 8 71 66 57 57 91 86 4 96 51 17 3 82 60 8 66 9 46 21 36 42 78 73 69 33 30 75 10 55 13 81 69 29 59 77 83 47 7 62 51 43 24 90 73 64 1 94 15 53 24 40 75 14 36 20 77 37 9 74 6 76 21 78 45 46 41 
57 77 63 49 20 3 38 64 15 69 50 21 92 23 34 55 16 97 36 96 48 70 79 23 15 71 33 28 96 3 89 51 67 89 46 49 21 39 39 82 12 94 56 34 3 49 32 22 53 14 57 34 91 15 53 53 81 90 98 4 54 75 89 58 19 65 22 27 0 47 3 96 56 44 14 30 98 98 60 47 49 3 7 45 21 88 50 16 6 5 63 3 44 38 74 2 88 45 28 86 67 27 23 24 79 79 72 27 94 84 28 88 85 67 35 79 13 81 94 67 54 59 0 66 36 14 4 58 70 95 89 20 35 92 21 23 75 20 94 91 78 1 46 74 72 39 6 2 88 59 5 65 10 85 98 21 3 70 7 40 55 46 7 7 94 65 87 53 22 82 60 10 12 57 24 33 8 9 30 71 74 37 7 1 50 13 23 16 64 15 39 62 84 19 72 80 40 46 7 74 
92 42 62 58 65 66 4 1 17 67 69 62 2 36 52 8 9 98 32 50 41 39 60 77 96 35 82 54 12 84 35 85 14 70 81 29 15 90 25 13 80 97 33 66 48 27 60 86 44 96 25 81 62 9 26 41 80 7 91 71 55 66 90 23 75 0 39 37 78 36 26 10 1 73 48 1 94 22 84 71 2 52 87 11 0 37 26 78 23 43 66 85 53 64 87 93 84 28 46 48 13 89 81 36 11 37 21 33 93 45 6 70 24 41 48 1 67 48 14 15 31 45 54 42 65 90 80 1 77 40 92 83 17 76 93 71 59 56 44 83 12 33 75 25 37 67 26 67 14 41 43 86 0 47 21 71 91 5 84 91 77 90 19 13 66 73 98 63 24 91 20 91 84 1 76 50 62 63 16 72 34 64 2 57 87 72 82 91 40 44 79 81 33 22 46 68 3 65 64 32 
7 65 7 85 56 41 87 26 11 52 33 38 94 42 37 65 40 77 33 73 24 56 45 85 84 42 44 90 16 14 27 33 32 62 8 44 78 58 90 41 51 22 71 35 3 10 70 17 58 9 50 36 34 0 62 25 95 20 35 12 66 30 51 59 46 98 43 2 42 67 28 14 6 26 41 24 40 48 47 59 38 44 29 62 63 80 42 91 86 51 86 22 89 1 4 38 21 78 13 77 81 92 80 7 62 2 3 49 62 85 18 69 95 22 78 9 82 80 30 43 67 96 81 24 60 22 82 70 90 73 68 78 3 42 56 46 88 29 33 9 97 88 30 33 6 76 58 29 36 61 32 79 41 38 20 42 96 37 50 54 37 80 41 29 19 31 31 96 51 0 55 58 16 73 95 1 71 1 7 24 41 94 93 97 66 25 87 23 21 34 34 64 41 89 16 41 86 22 13 93 
5 49 9 30 63 33 93 97 77 85 50 49 88 95 18 67 27 1 10 96 29 78 32 6 71 22 90 16 99 20 10 40 26 63 51 86 56 6 0 47 5 49 92 79 77 29 81 95 63 35 73 13 63 80 2 25 50 95 41 4 27 43 94 79 19 94 85 2 84 11 92 81 26 36 87 11 14 99 88 58 39 26 36 14 33 28 6 1 31 50 99 78 46 18 69 52 76 55 31 10 50 5 13 65 68 87 73 93 12 93 9 99 74 35 44 87 24 23 98 18 18 57 42 94 39 22 39 76 48 85 94 93 60 30 35 33 17 36 0 25 26 72 14 36 85 16 91 75 31 76 4 31 42 52 32 31 98 37 40 99 7 89 88 57 58 1 34 90 83 17 38 94 49 43 6 19 72 51 54 11 87 75 15 61 92 93 7 55 88 29 40 9 87 61 19 56 33 82 46 11 
98 17 70 78 84 26 53 37 62 20 90 11 67 56 82 5 47 70 29 48 81 6 76 94 10 63 97 35 49 78 12 42 19 93 27 35 41 18 18 14 71 61 5 11 52 0 63 88 7 66 37 83 24 19 42 81 20 79 92 90 5 76 98 97 29 24 59 46 68 61 71 14 45 8 25 35 33 95 77 13 70 94 87 48 70 0 75 67 90 91 82 36 46 5 78 61 66 54 29 79 58 10 43 65 77 57 21 58 39 11 40 15 82 61 83 55 46 57 36 84 11 9 65 79 87 71 82 54 91 52 17 53 7 26 62 34 62 98 12 78 42 94 72 65 19 67 81 67 21 47 23 68 5 4 84 5 21 96 80 0 58 84 51 42 54 23 92 26 41 49 36 41 17 3 21 40 14 77 81 33 71 32 98 91 9 9 3 91 43 43 70 27 79 45 75 72 12 52 62 49 
57 57 44 84 17 42 71 52 55 45 3 58 43 59 88 28 93 83 61 33 62 21 86 30 54 88 81 56 33 81 98 79 0 63 4 62 1 24 3 49 21 61 15 96 30 45 53 56 45 50 20 78 22 17 55 10 73 31 46 94 43 55 25 64 90 38 0 85 2 44 95 83 85 37 65 23 59 28 84 59 45 59 55 96 10 95 9 71 55 53 92 37 45 93 3 83 5 10 64 47 59 71 60 41 38 16 54 37 71 83 75 21 31 20 55 73 18 68 7 17 70 58 28 27 81 32 57 94 74 7 44 62 89 19 11 48 33 34 60 84 77 35 49 62 34 43 58 86 84 87 47 28 51 15 7 18 64 14 41 83 23 50 36 32 11 86 90 64 45 23 48 2 62 83 94 73 4 60 85 95 81 88 20 11 49 87 35 59 85 65 13 43 0 18 52 77 22 76 7 89 
43 76 31 9 53 39 98 16 49 2 8 48 92 79 19 19 76 62 98 14 40 85 91 69 77 24 89 39 90 3 36 55 46 48 36 17 51 27 49 21 7 25 79 44 7 53 66 4 70 61 98 67 35 20 97 95 81 38 89 44 94 65 51 65 72 55 6 52 64 16 68 53 31 49 67 73 54 73 86 86 89 31 21 89 80 28 82 55 32 94 46 74 15 33 59 61 90 74 67 28 71 53 69 51 40 87 54 5 74 87 67 25 49 12 33 74 59 44 98 86 75 52 66 27 80 60 64 85 62 11 94 15 65 63 5 21 3 82 74 69 11 52 65 81 91 41 16 28 33 17 28 32 10 2 75 24 54 73 38 50 76 1 42 99 5 48 92 73 51 2 41 45 16 35 33 53 47 17 69 52 2 70 54 69 28 94 11 4 9 48 80 71 39 37 21 53 64 22 79 85 
70 80 21 64 50 17 89 74 72 64 72 62 5 75 91 13 46 75 64 29 24 70 64 70 88 77 82 4 85 13 80 7 72 75 93 48 12 20 19 16 10 70 53 93 58 12 19 79 67 50 37 9 19 33 21 1 79 72 65 66 53 23 41 91 90 75 16 35 11 50 73 87 35 84 60 39 83 42 18 56 24 90 17 77 91 84 20 57 95 3 54 73 60 34 9 27 84 96 72 82 26 87 33 94 36 17 85 6 73 68 1 0 68 55 6 85 8 72 23 66 72 9 53 10 5 42 59 5 69 15 84 5 14 53 14 55 0 42 4 91 35 75 74 39 80 6 55 73 77 31 63 60 43 94 11 17 28 81 69 23 18 3 64 99 71 90 32 84 69 21 77 78 43 90 50 69 28 26 64 65 83 68 36 7 28 54 94 54 11 5 82 43 62 29 0 18 0 77 62 2 
7 20 45 3 49 49 69 89 35 99 81 72 81 39 39 10 2 50 19 65 7 73 38 34 90 20 0 32 77 75 54 65 71 95 62 53 78 4 8 37 54 65 6 59 4 9 98 14 70 33 82 49 79 26 45 99 78 32 20 66 56 55 15 64 9 61 1 37 62 84 69 51 56 97 83 46 88 21 43 27 56 19 64 59 29 47 7 48 97 17 65 32 26 33 25 97 24 98 19 52 40 96 62 40 74 58 45 1 80 99 96 65 43 53 27 67 65 64 64 91 71 20 21 94 22 37 56 94 77 46 82 11 93 56 53 83 63 8 98 84 33 8 51 76 3 70 49 65 8 85 52 41 53 84 25 35 82 40 84 60 55 10 12 17 8 29 16 62 0 4 7 70 6 27 98 83 69 38 57 29 46 63 75 14 83 10 93 93 86 25 50 99 67 49 76 57 46 21 18 63 
56 93 13 56 0 12 59 8 61 50 58 90 78 93 33 66 92 60 62 90 23 21 24 19 44 91 57 38 42 19 27 7 92 56 74 94 22 64 57 77 26 29 46 33 76 51 95 52 69 96 78 71 21 34 11 63 47 88 89 89 73 52 42 18 92 63 32 52 89 30 12 87 97 59 60 31 22 22 91 66 94 70 75 32 15 50 16 48 88 89 51 90 23 30 97 92 95 16 41 22 56 98 44 37 37 84 56 37 66 73 90 34 70 60 68 56 82 33 5 27 74 69 43 41 79 72 23 93 2 42 75 11 20 72 37 65 27 13 6 98 4 77 53 93 57 48 16 13 37 21 16 50 65 65 9 30 10 79 84 20 0 34 53 17 17 33 43 41 78 45 30 9 5 88 79 43 40 33 1 57 73 4 15 41 51 44 77 28 51 90 8 46 6 43 79 22 26 72 78 42 
19 45 32 21 8 40 27 23 63 52 50 65 53 10 0 30 73 98 27 96 83 29 24 43 88 13 72 59 32 58 90 12 74 36 96 35 66 8 95 75 89 64 39 65 50 49 38 79 34 15 15 14 57 60 26 55 9 89 98 19 26 73 95 67 90 38 22 75 67 17 74 45 75 89 28 40 44 7 24 21 56 48 85 82 2 96 39 62 17 38 76 12 9 43 74 59 68 31 94 85 74 62 55 46 36 79 89 24 54 51 24 60 91 40 30 84 17 24 23 47 25 92 38 96 88 40 69 7 71 24 45 92 28 91 32 30 77 79 46 7 40 90 97 36 44 96 84 27 47 44 35 63 65 75 96 89 76 78 61 72 84 88 21 46 72 93 28 53 58 96 7 94 72 11 71 57 47 18 8 69 4 37 97 67 28 76 83 89 28 51 59 47 82 19 87 81 59 66 31 70 
66 63 24 81 55 82 6 2 51 36 3 88 79 90 67 16 27 78 77 52 41 99 73 61 98 14 20 86 49 61 97 10 9 11 69 84 8 79 94 89 69 6 91 17 69 39 95 73 33 21 71 20 83 4 77 17 88 24 14 37 41 63 46 38 56 96 95 66 53 59 59 0 4 46 74 39 77 65 71 5 11 46 45 83 65 28 46 50 35 1 15 94 11 10 31 83 63 38 68 85 86 89 25 60 81 38 35 28 48 23 78 11 13 52 24 27 4 11 83 35 7 54 82 4 40 81 2 20 45 50 74 11 80 14 81 24 83 89 9 6 1 49 36 64 14 99 82 14 23 3 30 81 2 90 86 36 84 68 44 20 43 7 43 41 11 24 13 58 19 36 78 51 29 92 60 40 82 12 45 65 91 34 90 68 5 41 21 78 6 8 74 58 17 13 93 19 34 89 10 88 
53 10 73 93 64 42 68 15 11 38 83 87 44 11 31 80 59 72 58 70 75 48 6 83 21 1 86 44 6 53 57 19 72 71 10 16 81 38 39 36 14 93 54 74 29 55 57 0 65 69 53 4 71 80 21 43 34 94 36 38 94 42 72 87 57 72 49 26 61 93 21 57 30 82 93 36 66 93 68 85 82 87 42 95 77 41 0 22 90 48 6 71 7 58 5 0 43 27 70 9 59 1 26 96 24 8 56 74 52 1 96 96 56 3 45 9 17 82 22 12 46 11 4 4 92 17 7 33 59 51 33 11 4 65 35 10 83 31 75 72 19 99 41 59 28 27 30 32 60 27 94 68 53 28 25 81 38 41 89 36 88 45 14 26 31 69 54 27 17 80 69 38 78 20 36 6 93 94 81 5 78 17 98 55 84 6 11 33 9 36 37 23 71 43 5 38 53 42 28 11 
94 37 72 28 46 71 7 7 39 0 67 52 18 99 73 69 34 10 21 82 72 17 26 15 43 8 15 17 86 19 66 25 76 21 99 21 10 40 19 64 44 6 66 52 1 37 27 78 60 67 60 30 39 77 36 68 57 28 98 50 21 21 74 74 44 69 83 82 71 28 33 55 73 31 11 39 90 35 36 22 73 69 50 34 96 55 79 42 97 88 27 80 58 38 93 98 72 23 34 27 65 10 75 54 57 24 83 63 54 78 36 72 10 0 64 42 32 99 63 64 30 35 91 36 2 16 28 5 24 78 17 64 71 42 71 78 42 59 8 65 68 61 67 42 95 5 54 82 50 37 96 35 53 73 92 98 1 3 50 75 24 62 8 81 10 57 47 42 68 78 0 33 17 93 65 10 79 27 24 5 52 10 22 91 17 7 16 70 42 93 94 56 47 32 4 21 41 34 93 0 
0 45 17 14 93 25 66 93 71 66 91 49 54 33 45 36 99 32 97 71 86 32 98 99 65 67 79 17 96 29 64 10 26 86 37 6 91 85 74 79 66 87 89 36 77 35 6 78 66 40 53 43 37 35 61 61 39 15 91 85 53 43 16 97 25 59 15 91 88 49 54 23 57 81 36 11 49 90 7 28 7 84 83 12 34 35 19 98 17 13 14 93 26 55 36 93 66 47 27 42 59 6 72 87 19 36 94 70 5 84 53 4 6 47 35 27 61 7 67 38 10 96 38 1 71 89 10 62 8 63 29 83 61 83 62 65 93 65 45 96 22 45 13 52 66 1 73 56 11 3 39 80 15 60 1 80 17 81 25 39 36 46 56 22 85 24 86 90 71 79 20 91 51 15 21 97 16 54 41 82 48 87 66 58 55 94 25 32 36 44 29 34 58 96 66 90 36 50 74 97 
4 82 62 45 81 12 79 27 43 3 3 83 75 40 77 74 43 17 45 35 3 37 42 17 37 77 94 5 54 60 56 60 1 39 33 67 43 4 17 37 92 43 3 81 5 45 98 37 50 9 81 26 6 97 77 5 65 82 25 69 54 30 26 54 61 45 44 85 78 61 37 57 62 95 33 25 25 71 90 23 5 79 33 61 3 2 48 10 87 94 25 71 29 49 43 54 9 88 51 14 30 41 66 53 14 74 1 47 96 61 81 11 92 93 17 79 60 83 36 83 7 30 11 86 6 16 66 13 56 52 98 24 54 75 36 30 27 60 31 66 18 3 96 87 86 54 33 45 17 41 54 82 84 28 15 12 26 43 21 79 7 82 73 1 42 72 7 92 10 25 0 88 66 97 25 1 56 83 97 40 23 26 12 29 7 62 54 63 0 86 31 7 25 17 16 22 64 87 7 82 
59 38 58 71 56 24 89 10 89 2 69 30 97 97 87 85 47 64 86 9 13 46 84 23 63 94 16 47 93 52 96 14 61 94 47 60 10 39 81 74 34 26 97 35 36 62 56 82 73 56 29 36 92 2 36 85 29 71 75 56 80 79 66 2 61 49 17 55 57 10 52 21 98 67 9 33 44 2 94 51 9 64 5 20 38 11 8 58 90 10 78 84 79 25 41 99 62 56 6 40 72 50 21 82 74 94 50 15 96 80 40 34 34 68 96 91 91 39 18 10 39 95 29 85 22 89 77 61 89 62 64 51 29 49 10 27 49 42 42 96 77 68 0 33 53 46 25 27 66 37 83 77 87 73 77 97 14 84 98 44 25 75 25 15 80 78 2 94 0 3 31 41 10 18 81 93 29 72 99 98 20 94 23 31 43 52 88 49 67 32 25 11 47 31 72 41 86 82 13 24 
95 2 71 6 28 59 51 94 46 45 44 22 48 80 87 83 2 36 12 21 64 36 76 27 83 63 69 93 14 55 26 61 25 90 4 94 71 30 82 52 50 26 99 76 87 10 89 78 17 89 44 44 66 41 4 92 88 95 64 23 70 0 23 20 39 43 16 35 18 20 42 18 39 74 52 51 48 8 79 0 0 72 99 40 72 41 30 10 11 81 53 66 67 98 51 87 8 70 13 71 89 56 31 18 5 5 39 29 16 47 99 1 50 5 71 11 59 35 69 57 19 71 12 48 63 8 55 12 97 6 82 3 13 82 49 74 97 68 80 8 83 74 99 68 27 70 71 54 38 39 68 41 73 8 5 75 86 70 13 88 94 47 23 51 90 82 28 83 87 33 11 9 48 17 53 95 81 45 27 77 2 45 45 77 92 64 72 12 40 96 70 75 42 86 88 19 31 89 0 77 
38 6 48 72 51 12 75 76 17 69 79 47 43 58 47 46 49 40 73 75 0 19 34 68 9 5 45 67 17 46 61 55 71 51 59 89 73 12 4 76 66 75 19 50 0 58 86 4 11 95 16 0 50 6 82 69 56 91 6 70 7 74 8 59 29 59 93 4 2 45 48 63 50 26 55 56 81 39 73 7 36 54 58 74 83 77 52 12 99 13 39 61 30 3 67 27 49 50 12 84 34 81 83 41 13 42 7 90 7 39 54 79 1 67 69 74 99 93 53 38 77 81 56 92 26 79 32 72 54 40 98 14 3 38 13 85 92 43 47 96 2 41 4 51 44 80 71 97 1 93 90 55 23 22 53 35 38 58 29 6 61 38 77 66 20 47 42 73 79 10 63 6 98 6 99 21 61 33 34 20 38 97 66 43 56 32 75 78 54 70 52 80 45 83 31 32 35 80 42 51 
57 14 92 3 2 72 48 59 71 28 44 82 97 66 84 17 25 0 48 32 68 97 88 16 36 39 82 56 5 22 81 68 35 91 48 25 26 25 21 33 83 63 35 70 39 75 14 95 30 73 49 94 77 94 60 36 87 3 44 69 97 4 63 79 76 74 69 94 27 93 59 57 97 30 57 23 67 76 91 31 66 31 3 16 28 94 58 33 12 61 72 88 47 35 53 42 37 86 69 55 65 15 98 6 36 79 45 70 22 2 47 86 49 79 84 34 31 12 69 39 79 0 73 86 5 33 85 47 97 79 14 4 75 11 79 27 48 28 43 91 88 23 14 52 57 84 14 36 78 36 45 50 83 29 37 16 20 28 57 91 61 6 50 56 1 9 0 73 74 84 19 54 56 98 91 60 51 42 0 33 98 70 6 37 73 90 3 93 91 0 99 74 21 38 75 49 61 18 31 64 
74 52 49 79 22 88 77 11 90 78 93 55 63 27 68 74 57 50 23 44 16 31 77 32 28 15 32 37 9 57 6 24 35 31 29 5 60 39 97 78 20 7 99 48 48 66 15 99 34 6 69 20 39 91 49 69 58 70 85 97 13 90 23 12 2 81 71 25 16 70 48 31 45 45 69 17 73 56 63 61 92 48 57 90 41 88 13 60 45 30 41 25 10 25 49 62 42 22 99 87 6 13 58 83 26 0 71 50 64 12 92 8 80 31 56 78 14 76 28 19 42 15 94 0 80 51 11 4 12 75 57 55 95 49 51 45 15 73 21 22 86 94 83 23 98 32 48 60 53 57 18 92 68 45 51 60 42 0 43 75 64 47 1 49 14 97 88 3 87 63 51 94 14 38 14 96 77 29 98 95 31 74 42 31 57 29 69 59 24 46 4 15 1 14 72 8 72 58 91 7 
42 63 77 15 62 61 63 17 66 93 55 69 59 84 90 58 37 42 54 38 27 79 22 67 55 41 24 58 53 78 18 14 6 92 27 19 50 90 8 47 9 52 81 16 58 54 85 96 29 85 59 57 27 98 89 77 79 27 30 77 76 79 55 16 56 66 49 26 75 29 91 50 5 71 89 57 52 64 15 72 77 52 56 0 72 16 33 59 53 92 75 62 42 97 60 77 67 93 4 46 73 31 86 94 42 33 8 36 8 2 1 51 44 69 29 30 52 51 42 34 12 25 30 32 86 42 83 60 1 82 34 38 19 87 35 82 5 90 13 77 2 73 61 33 90 88 83 5 98 42 9 22 81 37 42 93 53 76 78 35 42 96 33 81 34 73 9 87 62 19 95 31 15 88 80 22 65 23 32 95 80 30 20 83 44 36 17 67 62 98 28 40 35 63 75 44 5 5 47 53 
76 27 32 31 71 40 42 89 71 48 78 29 43 41 64 76 8 95 66 0 38 57 85 16 80 8 54 79 1 80 55 60 0 78 47 97 29 63 32 12 72 35 99 19 74 42 62 3 37 41 57 22 17 44 29 74 4 14 4 93 26 6 0 56 77 36 44 5 30 7 96 37 89 14 29 64 97 81 32 94 88 2 1 81 2 95 44 96 20 57 51 12 59 33 18 29 40 58 79 47 82 32 16 13 65 11 47 86 14 47 60 54 73 66 96 19 78 26 42 32 67 82 98 14 88 59 77 66 48 95 56 2 4 72 38 92 70 82 12 23 99 79 60 26 27 14 53 54 64 98 35 4 78 20 64 0 74 59 9 60 50 60 27 40 88 77 8 29 93 73 6 32 32 21 18 52 79 25 1 0 57 14 3 66 36 3 19 22 21 53 15 39 50 60 96 11 35 42 37 18 
52 30 20 61 70 2 81 78 12 68 46 83 92 23 54 14 90 55 46 84 0 38 57 71 79 99 11 88 49 4 0 17 19 60 30 73 40 56 28 58 35 78 17 88 82 19 0 10 72 97 13 46 32 93 0 20 90 5 40 99 45 14 75 95 25 60 60 22 48 34 41 74 48 83 18 50 42 9 50 89 77 8 68 51 4 3 72 93 94 7 32 87 12 64 1 52 91 60 50 78 3 93 99 82 6 71 10 59 66 42 74 18 86 97 43 32 49 66 2 31 60 24 49 86 77 63 54 24 97 51 56 66 23 7 10 12 21 63 27 21 51 80 50 38 6 3 50 41 71 28 48 78 79 68 40 14 77 94 38 86 42 14 83 30 68 59 18 91 66 34 58 1 3 62 12 57 2 22 54 46 81 45 72 82 36 20 66 8 87 85 57 83 22 99 17 2 2 42 99 18 
37 60 76 11 70 8 34 55 29 50 29 7 99 47 64 27 35 83 5 96 92 44 51 95 19 77 27 97 31 94 93 62 17 10 95 23 71 46 18 79 0 40 72 99 87 16 82 64 75 21 51 53 16 24 20 6 74 52 65 89 70 70 8 27 83 47 21 20 3 17 66 82 50 43 60 55 10 71 81 86 44 31 47 13 58 20 1 36 54 21 0 32 41 27 17 88 35 95 69 48 34 9 81 53 41 3 47 23 11 85 17 86 20 0 48 58 23 40 60 73 44 75 46 3 69 75 54 59 64 43 71 97 71 16 95 49 54 25 11 7 4 65 10 25 40 80 64 25 90 5 62 12 27 34 1 66 93 97 92 86 82 1 42 16 66 48 72 65 67 44 38 31 45 39 79 70 63 16 50 74 80 46 76 14 5 15 48 4 85 57 0 54 98 84 80 73 44 92 80 32 
76 56 70 2 31 40 78 92 7 46 78 45 20 3 28 47 38 25 14 19 67 96 12 83 40 25 96 19 33 13 47 49 40 50 94 18 66 82 23 62 12 9 68 37 79 33 52 79 11 68 13 33 61 1 30 65 27 58 86 96 40 54 69 57 36 45 10 61 61 60 64 89 11 30 88 0 65 67 74 82 0 45 4 91 63 68 17 92 4 42 62 30 78 35 10 92 4 21 5 0 32 71 50 17 92 3 26 36 61 81 24 31 4 82 99 85 14 74 40 95 70 2 49 34 98 56 94 2 3 86 49 23 9 69 61 30 2 79 14 2 23 32 61 71 80 70 22 98 25 38 29 7 86 84 21 40 29 62 81 63 17 9 89 5 21 77 13 12 45 6 5 5 49 51 9 18 7 22 81 68 86 92 15 32 0 34 3 67 71 8 32 26 59 89 25 75 79 99 83 50 
15 93 25 11 76 50 28 56 90 20 32 45 86 80 90 42 83 28 35 89 31 26 69 13 61 83 37 82 93 52 81 37 97 43 27 98 19 18 73 5 93 35 83 74 63 23 18 81 67 28 74 64 93 97 82 42 78 14 58 92 87 63 21 33 66 89 72 72 60 57 34 24 31 35 86 47 25 88 23 60 74 68 22 69 47 76 25 10 59 94 98 25 22 36 41 34 56 21 6 19 59 45 35 7 16 17 13 80 20 52 97 28 45 36 33 36 54 31 88 8 43 35 86 59 2 56 87 44 55 97 23 47 53 6 26 16 49 4 17 72 38 70 0 5 87 18 77 85 21 43 89 6 91 42 98 85 2 50 29 62 12 32 33 86 14 43 28 20 86 17 64 45 78 78 20 79 89 28 4 20 89 35 14 2 91 82 95 50 75 58 77 66 67 71 62 83 89 68 25 54 
10 34 40 5 42 52 13 74 70 6 49 96 81 75 82 37 50 47 51 55 44 65 66 30 11 17 53 37 71 5 69 60 58 97 75 45 43 17 68 54 36 90 60 94 19 80 9 51 5 62 24 52 74 66 68 67 33 6 94 37 19 59 9 12 62 46 55 13 64 8 3 14 51 10 0 42 71 4 43 56 47 10 52 16 4 69 19 60 8 67 25 23 38 9 59 92 73 7 6 72 1 37 72 55 72 93 87 92 46 90 0 32 56 3 25 5 83 26 87 95 5 55 2 22 7 83 37 46 35 10 78 12 20 65 93 17 43 60 48 79 56 47 92 30 74 50 46 65 63 66 40 62 80 90 93 16 75 50 17 62 17 42 98 71 95 91 48 40 3 26 95 97 24 5 67 71 63 50 3 29 71 0 46 86 16 48 54 35 1 93 49 62 79 20 10 6 6 63 55 99 
77 67 88 84 79 99 69 11 11 99 96 17 76 13 69 95 17 42 17 0 87 4 76 36 0 19 41 65 42 42 28 76 16 55 4 73 57 81 42 46 95 57 44 65 21 35 5 21 16 3 2 51 70 24 73 82 57 11 33 11 34 31 82 21 97 91 1 44 68 44 94 4 51 45 13 1 23 44 55 0 97 32 73 80 32 68 86 62 45 65 77 98 20 10 61 19 84 70 20 37 63 27 70 84 70 74 86 0 69 96 45 35 39 51 14 67 61 96 86 45 85 7 82 28 5 7 45 62 0 80 85 35 68 47 40 24 36 21 28 95 60 85 36 67 43 50 90 43 84 48 81 2 57 27 66 62 79 27 78 73 26 74 1 19 48 98 14 62 91 57 17 38 0 25 57 76 68 77 11 93 6 77 11 43 96 13 70 76 98 53 36 18 65 63 54 82 42 54 94 75 
96 46 18 33 0 4 98 74 63 74 75 89 3 10 80 74 26 8 46 34 94 46 95 59 45 87 50 38 63 34 22 6 42 16 39 36 12 88 53 45 4 11 92 91 90 88 92 80 0 52 30 87 41 77 95 33 88 83 39 55 66 67 96 41 7 88 45 26 66 23 45 44 18 92 24 75 59 30 15 41 26 49 43 73 54 98 44 80 0 46 91 23 12 92 54 62 27 45 74 32 27 65 61 93 30 39 78 4 44 64 54 13 67 96 83 14 51 37 78 40 81 36 89 48 36 65 99 58 63 31 55 38 38 80 27 86 15 10 45 0 46 66 39 51 12 84 0 55 29 35 6 92 24 38 64 91 15 47 95 21 99 87 93 80 45 82 94 52 46 24 67 97 16 57 71 49 8 33 24 24 23 75 94 50 8 67 66 0 33 81 42 79 42 12 11 82 4 30 82 90 
46 90 67 19 71 32 51 1 92 60 5 72 9 89 47 64 7 67 58 75 77 19 4 96 25 34 80 87 48 57 43 38 36 83 81 12 74 3 5 76 24 4 6 1 5 18 98 23 82 7 52 36 47 61 45 39 71 46 90 57 45 10 29 66 87 71 65 3 91 55 35 74 55 73 2 33 33 13 50 50 19 85 44 22 49 84 29 45 25 98 76 74 74 49 88 52 32 50 87 11 98 55 31 66 62 63 91 13 93 6 98 7 98 63 78 94 60 7 48 22 26 37 90 7 51 42 4 6 95 77 99 37 12 79 59 98 8 71 16 33 90 74 12 88 51 97 46 32 35 31 66 46 67 4 0 12 6 6 90 76 87 39 37 5 89 16 42 12 86 84 33 76 35 0 51 31 69 2 25 68 0 98 39 65 36 69 22 64 0 32 60 16 13 17 82 91 60 64 40 25 
7 19 86 12 50 20 14 34 68 90 37 22 55 66 96 94 72 95 88 56 44 24 59 12 32 86 32 22 30 70 45 85 44 55 63 27 28 74 63 5 57 33 23 97 77 35 23 18 44 11 46 73 84 99 0 90 65 82 36 84 10 55 13 16 24 64 72 30 71 19 25 22 96 0 72 55 46 16 14 30 7 99 28 81 8 16 25 76 19 69 91 75 85 21 0 41 68 14 66 49 19 54 92 95 8 18 54 38 53 65 55 19 78 46 78 32 45 47 44 34 27 44 75 20 51 47 94 53 84 2 47 64 23 56 24 42 38 47 91 47 95 50 68 16 92 25 24 72 99 45 63 66 80 26 50 91 71 22 83 53 7 51 4 10 72 16 46 13 53 4 49 66 75 83 39 52 14 10 11 24 45 1 92 75 92 63 90 52 89 16 51 71 26 82 37 73 30 98 12 97 
14 36 82 98 38 25 54 62 96 32 97 35 68 23 70 68 0 35 25 14 54 75 18 43 24 5 31 27 68 50 11 85 4 51 89 68 35 44 64 51 81 87 92 6 91 96 1 54 66 79 94 14 86 91 68 11 6 66 84 65 62 61 67 75 96 86 85 57 27 18 85 95 69 64 50 25 15 15 88 13 78 99 53 40 48 99 18 85 35 33 78 35 2 66 33 61 90 39 36 23 14 41 1 70 53 14 81 63 43 88 37 29 43 85 9 64 45 15 46 10 32 36 44 0 9 45 91 12 5 69 57 54 35 16 92 60 49 81 71 82 92 99 47 85 98 31 52 46 88 63 38 34 73 5 61 18 22 91 31 32 89 29 8 52 39 24 38 44 28 74 58 24 46 13 54 75 99 88 17 1 94 16 36 13 25 23 59 23 10 3 99 97 12 69 69 7 13 59 19 47 
55 59 97 58 68 5 58 53 61 1 24 95 55 52 22 99 49 11 49 76 92 65 81 15 99 0 32 29 22 60 47 25 50 35 20 36 59 28 56 16 56 44 42 46 38 70 39 51 60 8 55 89 54 34 56 1 5 59 77 48 33 72 98 70 56 91 47 62 26 12 14 95 81 88 21 95 16 71 62 66 31 90 21 61 92 81 39 36 0 80 93 45 23 93 16 14 9 49 78 96 22 36 61 28 24 62 94 2 68 41 37 41 25 53 39 10 11 54 76 76 20 25 54 23 79 94 10 88 2 88 61 81 2 85 94 49 28 60 77 78 51 71 35 77 31 30 13 74 55 81 46 9 86 82 85 40 90 59 50 97 51 85 60 82 31 93 39 36 62 33 67 89 92 38 32 45 60 8 35 78 39 99 93 95 46 70 91 2 56 49 82 45 31 74 23 19 13 35 57 31 
86 65 78 53 28 89 0 20 49 72 41 34 24 23 25 29 71 1 90 6 16 71 72 76 71 26 46 60 27 35 9 15 47 65 72 43 34 88 75 45 58 69 51 70 41 18 86 44 22 15 24 32 51 77 94 2 94 30 6 65 93 26 18 39 85 4 91 83 95 43 97 69 34 71 70 5 31 19 84 76 50 81 7 48 80 28 18 71 45 8 97 77 5 19 7 89 33 82 33 84 3 71 34 40 54 14 80 45 42 78 24 29 0 29 77 77 32 67 78 2 60 11 96 25 28 70 34 23 11 60 4 44 53 35 55 46 49 31 51 76 25 23 12 11 3 86 49 93 43 78 77 48 34 83 60 93 73 47 54 34 98 93 62 81 54 12 58 42 8 45 29 43 76 63 53 1 52 1 90 54 88 93 47 37 16 29 63 53 85 63 19 18 31 97 50 32 49 52 12 90 
42 76 16 78 1 81 84 81 27 92 14 45 51 53 88 29 49 52 63 93 23 9 85 75 1 52 20 89 95 89 82 84 24 73 22 60 37 73 7 1 99 66 52 30 21 46 96 19 29 44 63 88 49 54 0 40 93 99 80 60 83 63 98 25 46 79 81 95 39 16 56 82 32 96 16 96 98 34 71 13 50 65 18 4 67 77 52 19 82 5 50 8 18 96 90 81 27 30 36 37 60 61 65 80 12 13 34 17 85 31 73 77 54 32 98 19 55 2 21 22 33 67 98 19 72 54 21 23 7 26 15 63 3 4 68 58 16 9 18 19 63 88 98 52 13 93 54 6 30 69 59 26 2 8 76 27 96 13 50 29 56 96 25 1 70 58 95 78 79 76 28 83 83 5 6 18 24 86 22 85 19 23 10 47 0 80 20 57 46 27 71 9 59 59 64 66 41 6 44 6 
59 95 4 41 6 27 26 51 35 85 50 63 87 59 58 68 0 99 78 48 88 98 11 44 67 68 35 60 37 48 78 47 4 77 71 76 68 9 44 70 25 17 6 38 77 46 12 15 29 74 83 66 23 69 94 86 82 34 30 5 50 61 25 5 55 63 3 98 8 51 89 92 58 11 2 56 35 34 86 74 4 40 49 25 66 29 76 90 0 61 54 74 83 99 13 91 76 87 53 97 10 66 50 9 60 17 70 86 13 49 22 42 0 97 5 27 35 81 13 46 74 53 29 63 77 97 34 51 18 43 62 50 63 9 13 13 76 53 54 16 44 99 62 83 86 70 64 26 90 69 93 48 12 39 24 52 15 28 48 67 30 91 80 25 63 16 68 32 81 63 51 17 64 98 16 96 18 82 21 98 64 49 4 93 49 42 27 76 86 86 11 56 11 81 13 38 81 32 34 65 
1 50 3 87 80 8 23 87 75 81 51 5 65 26 98 49 10 14 71 21 54 70 15 42 22 27 76 61 30 16 62 14 56 14 72 36 77 36 22 26 29 12 16 62 76 11 27 52 74 4 74 61 90 24 81 17 46 4 36 85 94 36 6 17 91 51 28 33 14 67 19 26 10 14 55 0 49 28 8 10 82 87 2 89 38 73 63 40 56 49 11 87 64 5 81 15 6 82 33 98 56 28 85 67 35 19 91 8 86 50 91 62 29 63 69 53 52 84 82 44 20 93 64 31 8 18 3 20 92 90 57 2 42 95 56 29 51 92 98 94 53 56 57 57 68 1 41 16 57 5 91 30 21 60 75 1 35 75 52 79 66 23 90 75 85 52 68 99 88 87 99 17 94 71 87 79 79 92 97 68 88 93 40 67 44 7 76 1 57 92 44 10 31 53 35 91 73 32 53 35 
38 91 62 59 62 33 95 44 93 24 64 79 50 51 47 66 88 80 75 86 97 30 23 99 20 17 79 87 33 74 79 59 18 81 7 18 16 92 27 8 38 46 88 74 26 59 95 34 14 26 36 33 16 92 69 39 52 43 92 47 66 99 10 68 32 67 70 47 21 39 58 30 95 1 28 1 38 10 63 86 41 46 99 74 85 63 58 54 72 89 89 43 83 38 46 94 43 84 36 54 17 15 0 39 72 29 60 23 14 75 1 71 78 78 92 21 81 33 99 75 48 9 6 99 65 99 84 4 39 96 35 63 19 35 28 67 65 62 76 94 59 34 88 77 88 13 88 14 56 44 2 36 7 50 23 62 35 6 50 72 98 96 84 54 48 27 84 46 28 97 80 16 17 48 68 60 64 75 9 4 65 80 72 71 98 21 72 61 94 56 42 36 53 3 15 58 31 64 7 84 
8 57 64 82 71 87 21 12 50 49 96 5 9 99 18 89 28 92 1 16 78 60 50 9 99 66 73 28 73 96 37 52 7 59 96 4 14 38 19 28 85 14 2 7 27 79 10 30 94 61 71 63 98 38 36 71 82 27 20 36 82 54 78 96 82 81 1 78 77 90 42 42 30 42 29 95 99 68 54 74 19 92 28 94 42 27 90 6 78 92 70 6 9 43 34 62 20 65 77 87 1 53 94 88 4 38 99 68 47 64 85 68 48 68 97 52 35 70 70 33 84 60 46 50 10 49 10 67 25 15 77 37 34 42 51 39 16 29 79 16 97 73 38 66 17 9 23 34 13 23 99 77 88 60 59 31 86 35 4 98 67 94 2 50 95 85 17 34 33 43 84 13 53 83 83 22 53 91 96 24 84 86 64 98 1 11 67 3 9 77 17 13 96 58 2 3 80 59 65 23 
12 65 48 52 88 88 19 61 40 87 90 58 94 8 87 92 28 33 77 0 90 60 85 2 28 63 75 60 91 79 61 16 69 42 86 49 22 34 78 11 19 64 95 28 2 45 87 91 92 3 45 47 50 15 37 31 32 89 0 36 37 42 79 66 7 50 62 68 78 4 92 35 90 86 17 5 2 31 16 99 14 28 75 87 85 18 39 30 3 13 8 69 69 90 17 93 23 61 20 33 84 99 57 3 76 73 43 91 98 48 58 87 66 44 55 86 94 58 53 67 58 39 45 45 44 9 45 21 4 40 24 47 50 25 37 17 22 14 8 64 4 87 29 64 47 11 53 58 53 98 74 52 73 33 38 9 61 62 25 45 27 14 50 71 17 9 92 50 32 20 66 29 1 84 14 10 13 58 57 40 79 50 97 55 79 89 63 57 90 26 59 27 91 72 58 85 76 12 50 14 
69 0 16 6 83 88 23 73 77 0 99 88 28 35 16 26 69 62 12 0 11 88 42 1 57 96 24 89 17 80 72 20 49 57 10 70 18 58 73 36 75 54 63 46 63 52 22 43 86 37 61 12 45 44 38 4 40 33 5 67 8 0 80 54 49 87 12 19 78 99 40 57 70 58 13 74 25 13 7 59 39 89 98 11 20 7 75 8 45 52 39 26 26 76 99 34 37 82 38 31 78 57 5 90 79 54 98 55 21 6 95 93 20 62 63 38 35 64 80 89 4 91 51 24 19 17 54 49 68 99 85 75 70 30 10 32 45 38 48 58 8 68 74 39 48 20 44 89 99 15 47 26 36 45 10 7 42 46 31 59 23 17 63 39 87 22 65 79 33 68 41 39 77 10 32 55 67 28 45 12 95 36 68 68 22 2 70 72 60 99 20 92 42 49 1 62 29 47 77 67 
67 2 71 70 29 89 57 6 11 9 19 38 80 84 33 35 61 51 1 39 8 89 72 79 51 29 43 74 7 3 85 63 62 88 16 83 72 40 1 92 69 83 64 57 50 26 99 15 14 3 86 43 67 39 6 58 41 27 18 53 38 29 99 76 55 68 35 89 53 75 16 17 60 31 2 7 76 74 22 0 96 34 92 77 20 85 76 99 50 3 96 68 81 42 22 83 41 84 35 89 97 54 55 20 17 92 63 17 2 53 23 49 84 12 69 86 28 75 29 11 83 79 71 3 33 5 58 93 73 3 74 39 63 14 96 11 7 6 97 99 50 62 88 64 74 38 48 32 91 34 49 69 63 73 13 33 33 58 43 61 94 86 91 79 24 34 24 36 16 2 98 52 9 50 70 75 21 35 77 99 80 33 16 91 39 97 80 84 30 54 12 38 73 56 74 37 23 74 52 44 
20 7 16 30 50 39 54 23 6 92 84 25 80 85 78 59 82 57 75 34 76 23 68 43 65 97 27 57 45 39 95 87 88 9 46 71 10 67 90 80 96 92 81 32 42 17 47 27 25 23 18 16 98 40 8 5 87 25 2 6 18 76 96 88 12 57 64 68 40 14 28 89 20 43 96 66 99 1 35 53 87 58 77 82 1 58 33 52 11 45 3 5 37 45 1 73 75 62 61 33 26 38 83 99 29 17 5 85 18 85 86 30 45 19 3 40 56 75 39 16 68 60 78 94 11 87 53 68 82 28 51 65 32 77 35 27 64 83 0 42 44 98 9 53 3 93 98 78 16 2 90 97 43 3 96 97 87 49 59 6 32 23 89 14 95 14 95 91 24 68 21 4 60 43 46 92 52 60 41 75 4 23 83 34 47 29 71 93 86 27 97 55 78 8 15 54 59 74 45 47 
67 61 25 29 59 40 70 13 8 96 33 64 17 7 44 68 49 94 32 16 3 25 38 19 0 74 86 74 75 28 60 89 70 12 18 91 73 82 90 57 81 6 52 29 27 97 35 11 8 46 64 84 75 32 22 73 65 38 72 86 0 60 84 12 7 35 54 51 41 44 76 0 65 21 27 74 45 81 14 75 73 94 57 2 77 71 53 26 1 46 26 54 1 98 93 83 38 70 35 25 44 42 98 54 16 2 38 23 91 92 39 12 51 77 93 94 94 55 3 27 57 72 84 29 19 47 60 35 82 19 83 49 33 73 95 66 15 35 78 19 26 77 0 9 8 27 62 71 18 30 41 25 41 52 67 49 66 90 91 76 16 80 96 74 73 12 34 89 61 38 89 59 50 56 55 56 61 72 42 99 44 31 1 7 52 16 73 36 97 92 27 77 72 9 60 78 31 11 17 80 
19 55 28 63 71 66 59 11 92 1 92 28 13 95 84 64 11 90 52 99 72 23 4 88 73 60 6 19 16 67 43 29 69 92 72 31 71 49 64 7 37 98 16 63 4 80 23 87 66 94 2 38 29 69 27 87 3 15 50 14 80 55 80 28 22 83 76 87 5 36 90 39 55 73 37 60 6 45 16 73 52 74 37 32 9 62 98 91 31 17 88 27 78 95 24 11 75 92 11 6 71 88 57 49 63 36 29 31 10 70 29 22 29 8 88 87 31 40 51 24 89 35 0 13 75 19 71 44 83 5 99 54 5 91 49 3 37 86 79 3 85 40 88 2 50 68 98 57 48 25 20 74 96 68 14 78 42 4 53 33 63 44 75 9 52 0 14 82 40 20 87 62 75 22 27 85 23 84 97 51 31 13 71 69 61 44 74 16 60 37 30 48 82 88 59 44 64 88 36 94 
28 96 74 42 27 24 68 46 15 18 60 33 14 46 3 4 87 51 72 40 80 51 30 69 69 46 51 11 32 33 95 23 82 33 6 36 65 70 9 98 47 25 79 14 45 78 11 16 31 6 52 14 63 88 46 74 44 85 35 53 25 29 72 53 38 44 0 15 54 25 73 89 34 90 62 68 9 8 61 5 9 20 70 26 45 74 0 82 14 5 43 0 47 48 45 39 91 39 88 45 98 69 20 35 81 55 33 45 2 13 12 79 28 33 67 47 65 41 53 76 80 62 23 30 13 4 59 38 26 89 19 8 77 88 38 60 15 63 32 90 91 80 60 46 16 78 97 70 39 99 94 81 65 13 71 80 11 91 91 78 19 90 19 38 5 52 83 19 58 47 11 27 17 9 65 53 30 86 66 39 24 6 77 21 18 5 67 70 38 17 83 91 1 71 38 57 81 72 11 42 
83 69 43 40 63 44 83 49 14 13 92 54 84 98 24 59 42 83 39 7 62 28 45 77 96 51 66 73 3 73 42 91 24 88 10 28 54 74 42 19 35 12 13 31 22 85 22 61 34 49 32 53 94 54 16 71 53 14 85 48 11 89 28 99 41 88 17 13 50 34 62 16 22 94 11 10 15 61 54 61 14 5 36 54 83 3 35 15 76 5 49 97 23 34 89 70 13 18 49 33 58 69 0 3 23 3 88 14 51 26 6 32 25 79 61 11 56 89 8 19 92 27 36 19 92 0 74 11 13 85 0 49 22 1 10 71 45 76 27 20 21 62 29 14 99 25 97 76 10 78 38 28 22 16 69 3 81 89 33 31 4 25 24 41 28 0 13 19 20 8 24 60 25 27 39 19 97 29 18 88 84 9 29 25 9 0 20 89 27 15 48 43 39 71 16 8 1 46 62 48 
37 27 95 50 36 24 48 95 99 35 10 9 59 35 49 32 86 36 77 37 77 6 33 97 30 50 87 72 76 61 39 30 76 53 0 62 70 2 72 25 81 17 79 17 55 19 66 67 12 75 12 26 45 96 34 77 44 14 3 35 26 83 98 37 4 3 87 15 82 19 23 30 1 45 12 77 99 69 80 59 36 98 9 25 59 3 97 73 6 80 39 58 34 28 18 80 18 84 48 90 33 50 45 34 86 46 77 9 60 73 55 68 62 44 72 18 84 55 0 12 99 58 55 53 54 50 82 41 65 73 27 15 94 40 50 97 42 81 58 53 81 60 24 94 21 49 17 13 28 86 86 85 96 55 27 51 14 23 72 34 58 65 48 6 42 19 47 83 5 33 87 97 11 9 81 5 66 45 76 2 2 82 30 25 60 36 47 6 87 62 67 48 93 56 87 31 93 26 10 23 
36 86 16 56 73 4 91 36 40 57 2 97 31 70 74 68 80 31 19 20 49 92 43 3 61 70 33 13 74 9 80 23 51 12 41 59 32 14 15 32 48 72 21 97 74 59 25 17 35 27 35 18 83 20 48 94 74 92 56 30 49 65 66 85 89 20 74 58 60 82 79 70 45 38 83 87 68 28 55 82 26 12 31 80 50 26 54 83 5 65 14 40 92 33 2 54 83 37 47 25 68 28 9 95 84 32 14 39 89 77 36 69 13 63 27 2 81 6 41 68 14 65 41 92 48 65 30 9 21 60 5 84 8 21 95 26 37 57 28 45 56 10 5 63 79 55 28 35 49 33 13 18 53 93 91 21 40 58 17 32 46 7 6 10 9 72 31 50 67 81 15 49 89 48 64 12 1 25 84 49 70 90 10 73 32 80 30 17 61 51 98 73 30 32 59 68 71 69 72 90 
30 65 21 14 25 54 14 4 74 67 29 34 27 6 41 41 18 50 44 86 14 64 11 89 66 43 93 42 1 49 70 39 72 96 69 62 32 1 23 94 55 75 77 67 52 87 8 65 1 23 64 21 41 93 87 36 6 46 10 36 48 23 48 61 26 26 66 59 93 43 92 76 55 1 98 44 46 87 80 27 61 48 38 38 90 83 26 78 89 43 4 38 36 15 60 88 55 0 2 98 25 78 51 12 47 27 34 16 85 66 30 13 39 1 30 69 23 85 24 79 48 62 78 23 92 93 57 55 9 56 48 54 92 82 66 3 91 31 51 85 20 34 88 8 31 16 19 70 1 64 13 70 6 61 51 57 88 6 55 35 28 33 24 93 92 41 31 49 2 48 28 5 8 9 92 3 88 63 36 44 62 31 89 56 76 90 97 54 69 45 7 73 77 24 66 29 4 89 44 89 
93 79 57 89 49 23 4 28 55 65 54 88 54 6 80 13 29 96 31 83 87 47 91 11 48 55 94 67 74 2 63 33 27 83 49 29 78 50 58 9 99 14 2 79 29 21 46 49 94 56 57 32 33 58 92 97 16 45 9 95 95 34 50 59 61 16 30 40 75 12 85 84 45 91 88 82 46 89 80 12 87 37 23 76 40 73 54 85 21 6 25 57 62 19 64 48 42 63 7 28 29 40 13 51 45 75 36 20 41 97 8 17 19 3 61 13 16 61 58 61 25 83 75 49 48 68 97 52 43 66 4 43 32 79 38 86 34 39 87 96 55 45 51 86 55 82 87 53 8 72 46 19 77 11 76 50 96 38 37 91 23 67 94 94 19 80 88 99 12 49 27 1 4 14 70 5 86 59 29 1 36 1 64 17 88 22 86 65 27 96 8 56 3 34 63 45 99 79 87 0 
65 3 29 16 43 91 52 67 61 49 3 9 65 16 54 20 56 77 54 14 0 54 30 9 59 30 16 40 87 20 63 7 38 25 14 5 37 12 48 3 83 65 34 52 63 6 90 27 37 95 41 41 84 68 59 80 90 43 37 14 8 24 72 70 2 97 17 52 21 90 48 43 49 9 0 24 73 94 14 12 48 28 90 38 51 75 79 2 89 61 31 89 90 26 38 46 46 69 53 28 76 16 70 57 10 15 26 71 80 56 64 45 25 53 92 20 16 22 42 10 35 65 12 3 4 39 49 58 57 17 60 26 85 58 64 50 79 79 57 94 7 76 11 71 31 73 57 88 36 65 33 82 69 62 82 85 62 49 62 36 5 39 17 23 41 97 49 94 88 87 80 13 55 15 95 70 83 92 76 30 6 9 34 56 86 88 87 79 85 31 95 10 58 37 24 49 12 92 73 37 
96 25 2 67 27 16 84 90 60 3 53 86 31 33 95 81 7 44 93 52 97 58 34 49 37 2 60 52 5 47 84 59 84 5 13 18 72 64 46 50 63 97 76 84 54 65 94 5 76 53 11 26 65 60 97 57 54 23 23 6 64 42 94 43 27 1 48 8 42 54 49 8 48 58 17 36 60 42 13 48 60 71 4 35 30 35 34 6 12 15 24 33 83 38 51 10 86 47 62 38 0 30 61 54 98 66 28 41 9 11 30 98 51 46 50 76 8 34 95 76 40 86 24 43 87 6 67 84 49 74 57 28 79 76 78 17 17 30 45 88 64 0 23 46 99 91 8 93 86 46 62 10 54 44 65 30 15 95 51 25 27 7 16 82 90 93 0 97 2 17 84 81 1 14 35 90 9 9 54 17 60 45 82 61 60 54 4 47 77 31 45 97 88 97 7 92 14 88 56 61 
9 60 45 48 34 36 42 24 48 1 80 34 67 79 67 49 29 11 85 25 21 56 26 31 93 92 78 69 42 49 8 47 13 49 45 32 16 94 51 52 34 30 90 14 19 38 96 62 47 39 96 26 8 18 35 32 58 68 61 78 7 77 85 29 51 38 46 67 10 61 36 12 47 16 76 18 31 96 47 28 95 55 10 20 70 79 10 5 22 30 36 71 76 47 48 52 46 43 29 71 18 87 4 79 88 47 74 54 64 68 95 6 44 70 81 4 78 13 57 59 50 9 32 52 99 48 87 64 83 6 91 17 16 35 59 60 53 0 73 54 49 51 85 65 22 92 79 26 49 72 46 41 97 65 27 45 93 14 28 80 34 33 74 61 89 46 38 72 21 50 39 1 27 79 87 5 15 26 22 22 66 82 83 98 8 87 14 93 84 55 30 90 98 56 72 82 61 70 75 31 
37 66 93 69 78 74 10 66 65 31 80 11 94 21 67 81 55 90 38 93 76 30 12 48 28 69 96 78 63 6 75 89 64 78 68 44 89 64 26 56 72 67 36 71 32 40 33 15 29 87 53 97 40 4 32 15 71 94 1 99 68 26 70 5 91 44 46 71 20 88 7 19 61 55 54 92 25 4 83 88 14 48 5 41 93 92 77 55 28 82 29 18 55 19 93 37 97 20 61 46 44 98 22 70 11 74 49 23 89 20 16 64 20 75 12 13 59 82 31 0 26 46 3 23 45 48 10 15 87 84 24 52 1 22 41 94 64 68 87 32 47 8 60 38 44 31 16 24 97 78 82 17 50 57 27 58 97 89 19 72 20 14 66 27 42 37 98 11 13 73 47 70 64 1 83 12 77 5 36 36 15 61 14 16 39 51 89 54 48 63 14 76 82 81 33 25 24 62 59 45 
12 90 89 47 11 73 77 24 96 16 7 99 54 54 75 3 94 24 25 61 73 69 25 98 14 50 52 55 79 93 58 23 73 46 25 53 69 82 6 79 8 44 51 14 2 62 81 91 71 69 19 81 54 15 15 84 82 16 99 13 46 6 94 43 28 94 48 69 89 92 31 57 7 98 35 37 50 64 81 28 13 69 7 71 80 26 7 8 42 67 34 46 69 22 31 3 36 85 32 95 32 14 42 2 77 45 75 75 99 88 53 65 93 73 70 6 17 33 63 87 10 87 29 24 69 41 28 8 13 31 34 83 33 36 0 29 96 17 35 26 53 38 78 92 38 55 42 16 69 80 6 5 88 21 44 69 42 37 51 98 32 4 62 4 65 26 62 95 93 74 31 68 94 63 1 31 33 22 68 15 15 59 60 18 7 8 15 54 19 32 27 12 57 5 73 83 80 61 82 20 
62 69 28 38 13 22 96 11 53 67 81 73 72 35 81 81 17 17 66 7 45 93 80 0 75 97 1 68 65 0 86 64 51 17 36 56 68 55 41 28 31 88 91 12 36 55 89 55 95 43 65 44 67 65 38 76 31 36 36 23 17 43 24 55 96 62 84 29 32 47 10 85 58 4 60 5 38 76 40 40 8 10 33 96 42 34 57 25 60 43 44 32 7 35 86 93 60 9 48 19 12 89 45 84 48 31 98 15 54 33 86 0 12 38 4 53 34 70 94 3 55 29 11 99 80 3 23 45 63 57 57 4 61 57 17 99 38 13 31 24 34 38 12 7 93 40 96 53 14 85 71 34 31 70 72 83 56 47 50 84 82 67 49 53 34 67 65 39 90 91 66 30 95 51 0 65 52 91 39 57 26 34 9 13 33 3 7 61 58 47 89 18 17 29 18 18 0 16 27 84 
24 97 95 22 40 41 35 53 88 95 19 13 23 21 97 5 89 58 15 29 86 32 19 23 59 61 34 7 62 80 38 18 83 93 22 40 66 55 98 48 19 17 62 16 65 90 85 79 54 62 10 7 49 69 88 14 93 6 87 43 69 73 34 24 68 37 2 12 56 53 71 2 89 16 18 24 51 34 91 37 8 68 55 63 63 7 44 45 54 41 80 7 73 61 15 96 71 12 41 17 24 40 32 31 35 80 82 7 90 88 33 19 21 26 62 52 79 73 99 98 75 65 1 99 69 87 49 88 71 99 59 88 98 63 95 59 81 57 30 90 62 0 61 39 54 79 91 87 62 3 65 34 43 42 17 71 58 35 1 65 8 4 54 14 43 82 2 45 42 92 21 53 90 95 22 7 90 32 18 96 15 81 87 45 35 97 14 27 83 38 1 23 47 66 79 96 99 70 0 82 
59 24 33 27 2 11 95 8 39 51 36 63 47 68 71 26 87 16 91 27 61 39 14 65 40 78 34 65 81 9 61 2 95 86 89 66 35 63 30 62 97 66 83 56 10 3 62 47 90 14 64 82 47 59 0 97 98 70 99 32 42 62 93 9 39 73 97 72 1 76 70 57 57 33 52 30 95 34 33 42 29 64 98 89 74 28 24 57 58 93 75 60 45 66 71 71 3 41 78 70 51 56 27 21 99 34 48 95 34 26 90 84 43 40 71 0 45 92 8 58 76 95 72 70 91 7 1 63 54 42 70 72 74 54 41 49 58 84 57 45 68 18 39 81 65 5 80 87 73 7 50 80 3 53 88 66 60 80 55 31 84 89 94 10 73 95 24 7 31 88 17 29 9 26 82 81 46 87 5 6 78 3 37 75 11 6 65 40 31 26 35 85 15 21 18 31 85 85 16 29 
69 83 46 82 13 15 25 31 3 7 71 0 19 62 28 94 65 86 33 4 64 95 78 78 16 42 63 9 58 11 89 20 81 98 46 58 70 92 3 49 35 80 20 2 65 71 45 30 21 54 99 21 92 85 84 29 89 49 27 66 47 98 84 91 2 93 68 31 87 41 83 25 71 86 45 60 55 99 11 7 90 65 86 77 19 72 89 96 54 33 60 79 44 56 3 52 21 18 43 30 38 63 99 16 95 98 87 78 6 25 46 57 41 3 4 42 24 7 26 69 91 82 92 44 22 0 51 49 54 91 53 67 39 97 50 50 82 47 1 80 74 73 70 44 1 80 8 5 96 22 25 14 71 9 41 44 21 62 65 3 72 51 29 78 47 63 0 90 29 65 26 74 54 12 67 72 87 69 2 77 94 25 52 29 18 25 34 49 60 83 11 34 71 7 83 15 62 61 13 6 
27 73 16 23 50 20 89 12 6 73 42 56 87 5 69 82 21 66 82 81 28 82 23 98 5 86 43 17 87 0 85 0 89 58 42 76 7 60 52 41 91 21 28 24 83 93 6 79 20 33 15 49 57 55 68 55 15 52 21 45 3 67 44 13 19 32 20 69 77 65 4 71 98 4 80 18 65 33 22 62 14 85 8 17 86 47 9 4 40 57 9 12 93 95 51 89 44 4 54 90 19 17 29 82 6 6 66 26 58 13 12 45 60 46 21 96 59 77 80 10 34 54 16 83 54 62 32 7 16 76 24 14 66 75 3 62 52 43 2 60 89 66 34 6 5 64 94 92 65 9 40 77 49 86 32 13 86 90 12 17 12 47 66 39 57 11 75 62 63 24 53 80 67 71 47 98 54 52 51 23 32 55 53 77 22 93 30 5 96 79 16 73 64 6 24 75 41 42 55 75 
92 52 65 69 99 49 39 40 35 17 64 66 91 68 79 54 53 76 35 86 1 7 30 96 63 11 98 59 74 91 53 61 14 91 72 28 42 3 2 94 99 92 53 49 87 83 46 19 93 98 81 65 56 32 48 78 22 41 0 11 47 66 79 20 94 70 48 81 19 77 56 82 90 7 59 84 67 9 10 89 23 16 90 78 25 22 20 51 48 40 22 6 1 52 7 84 92 40 91 68 67 27 53 5 77 53 64 6 56 37 63 48 42 12 96 73 14 87 68 10 2 81 45 6 43 40 43 88 51 21 43 49 58 58 49 63 48 15 37 37 50 99 29 20 79 72 85 21 97 21 43 93 72 63 59 21 58 38 29 9 79 54 98 7 7 81 61 24 86 75 63 15 20 7 97 61 49 99 92 16 62 59 64 70 65 46 74 20 5 99 36 56 38 14 95 43 71 89 39 95 
96 40 40 1 10 86 21 34 93 34 96 0 34 14 13 82 17 87 44 23 13 81 68 6 77 65 26 77 45 84 0 54 74 46 18 75 41 3 54 37 43 4 31 38 13 13 41 9 54 69 47 2 57 31 93 78 11 72 94 49 34 80 25 79 75 93 60 68 5 38 49 36 86 5 76 45 74 24 28 30 89 72 33 84 50 62 15 91 70 89 25 87 13 37 96 19 39 6 77 2 1 84 24 36 3 22 95 27 29 96 54 63 29 37 76 14 80 40 66 32 14 3 54 71 3 57 59 94 39 41 35 15 38 8 29 45 97 37 0 7 4 55 99 62 72 63 95 60 38 40 14 62 24 59 1 0 28 26 24 59 31 44 77 0 64 58 14 38 93 97 83 60 56 7 75 52 2 82 26 38 29 83 91 77 72 67 66 95 55 68 5 40 30 29 27 1 66 95 93 33 
10 3 88 15 92 0 59 57 0 19 85 56 28 31 61 73 21 26 70 60 88 21 45 63 45 99 97 17 40 86 81 8 57 25 40 24 54 29 25 8 65 92 40 38 16 62 89 86 59 68 43 23 77 3 52 61 71 23 43 2 59 15 90 20 33 90 81 54 94 66 50 7 27 16 39 27 52 64 69 87 64 86 66 95 75 41 66 70 97 60 5 58 31 6 0 89 27 18 32 95 69 59 75 20 31 0 14 24 33 35 62 17 69 67 8 42 13 76 63 26 2 2 39 10 75 68 19 10 19 98 34 89 79 73 6 88 88 14 77 45 30 85 29 88 1 91 11 50 57 23 15 36 19 65 17 70 48 48 59 45 80 73 73 97 95 79 81 55 59 57 92 62 24 70 28 80 42 3 73 56 51 78 58 13 12 30 59 2 17 7 28 92 39 83 87 67 66 97 70 65 
3 89 72 99 99 56 53 77 0 74 36 52 80 17 64 70 60 4 34 89 23 52 66 20 47 65 94 3 11 88 79 65 62 99 7 99 14 89 27 98 4 36 30 49 68 89 69 88 40 55 92 37 10 31 81 69 81 50 96 56 59 27 43 77 72 2 42 59 6 93 38 69 78 50 29 13 78 93 9 90 83 48 3 0 1 76 45 79 72 26 75 4 45 34 93 19 62 10 34 31 46 98 41 48 97 71 91 94 18 37 16 99 78 42 81 91 24 24 63 61 81 82 65 37 78 37 67 52 84 96 25 15 87 22 58 32 34 51 91 29 2 6 91 74 36 21 60 70 80 62 69 32 88 33 81 40 42 81 28 35 9 59 37 71 49 84 8 20 80 35 49 42 80 31 64 76 30 70 50 56 81 86 68 41 96 87 19 77 28 17 8 34 38 63 9 7 27 57 43 82 
52 62 73 77 48 89 69 41 52 96 85 83 74 5 29 9 38 80 27 35 65 46 3 83 26 65 28 50 61 20 47 56 94 0 47 29 7 66 32 69 21 3 8 41 20 2 51 27 29 81 97 56 92 75 45 52 22 48 64 53 60 29 4 19 1 13 43 52 0 96 51 32 46 60 47 7 15 77 65 90 18 81 41 30 90 92 26 15 93 60 68 48 12 56 94 15 29 26 13 44 76 86 21 73 90 90 77 41 30 39 5 25 68 5 87 6 10 97 75 80 36 41 76 27 72 50 2 60 27 90 21 30 91 61 65 69 14 85 60 58 13 39 34 69 8 31 7 16 13 35 50 97 3 96 4 29 9 2 38 6 31 86 87 54 76 20 45 4 61 93 35 96 17 45 48 22 17 41 62 80 66 61 76 81 1 56 84 84 30 16 47 72 0 56 76 75 36 39 52 94 
4 95 26 41 2 65 42 60 4 75 90 33 46 7 46 51 99 78 64 6 48 9 10 83 55 70 66 78 82 11 42 27 38 94 6 66 35 56 78 23 65 32 12 4 33 54 14 96 52 17 8 96 51 40 69 3 3 96 90 32 35 98 71 95 16 95 93 3 93 49 47 58 19 8 1 5 18 57 70 44 9 21 60 42 70 49 34 60 45 56 93 23 19 19 95 89 14 24 28 96 23 89 77 47 47 27 75 32 62 84 68 55 41 34 17 83 38 53 11 22 37 40 1 28 69 59 98 10 31 7 95 12 18 99 25 76 16 42 72 73 72 48 94 28 77 93 89 17 34 79 10 24 26 32 92 6 93 88 36 22 60 96 63 9 38 11 45 65 87 31 43 96 57 40 67 32 36 33 33 86 74 67 34 76 17 74 93 7 72 21 94 97 48 37 14 89 90 5 94 8 
7 5 19 60 4 96 38 40 64 14 94 27 84 34 91 20 5 72 44 97 62 14 86 6 0 40 50 81 50 38 60 0 53 97 18 42 38 97 25 90 58 25 95 60 94 11 16 1 11 29 0 97 26 72 97 95 79 41 85 65 39 45 32 36 89 9 71 6 27 1 75 62 80 85 39 89 12 70 15 70 42 70 71 15 33 42 76 6 6 38 49 40 49 6 92 53 2 64 58 36 42 11 4 38 42 70 20 41 83 31 19 13 67 54 76 11 63 48 69 92 25 25 89 92 47 78 94 87 73 83 43 4 0 76 92 32 19 89 37 29 95 91 32 84 77 65 87 32 99 63 58 5 3 22 32 27 74 64 20 14 5 17 2 29 88 22 19 1 40 77 45 53 43 25 55 45 21 83 88 43 33 34 86 64 64 43 92 38 78 44 88 41 23 6 99 24 3 20 30 70 
25 30 14 97 59 86 82 22 39 49 83 65 98 57 32 31 62 2 60 69 14 79 45 18 14 58 74 85 80 19 67 60 21 72 27 1 89 4 14 79 58 98 88 4 34 1 6 32 98 2 12 19 10 4 70 27 51 74 19 28 64 81 39 74 92 24 84 89 15 26 15 54 99 63 72 52 88 17 83 0 7 12 72 42 71 67 13 21 2 45 11 21 39 76 90 74 35 33 69 40 25 1 46 17 41 66 45 23 49 33 71 3 7 90 48 72 41 64 49 24 22 64 4 87 96 24 29 66 98 8 10 51 52 31 1 10 85 30 76 79 12 21 78 44 78 31 60 70 71 64 90 59 23 45 3 68 99 51 90 20 88 20 23 74 35 59 42 75 22 68 78 9 78 66 8 65 89 48 16 80 86 18 80 60 10 70 97 58 57 31 51 45 70 65 69 13 83 73 59 60 
37 26 9 17 58 63 1 76 32 23 33 66 85 55 27 89 47 79 56 74 50 84 78 56 31 7 94 60 52 74 46 51 1 39 19 27 69 53 25 58 58 63 49 43 41 10 3 15 17 6 66 83 29 68 45 67 84 31 91 22 1 41 25 35 48 7 31 51 35 55 52 95 8 36 81 85 34 3 53 78 97 17 94 39 59 29 51 28 65 56 69 0 63 94 54 31 63 26 88 52 55 97 82 7 13 75 98 14 19 62 11 86 19 35 23 84 40 82 32 96 69 90 54 42 81 37 88 4 92 17 84 84 34 55 16 50 62 35 46 7 24 28 50 82 42 13 87 79 47 28 87 63 44 42 20 20 68 15 79 14 39 64 90 81 19 50 20 83 34 72 27 92 18 52 75 84 46 66 33 4 32 6 50 89 0 11 21 54 16 19 47 29 63 77 62 36 95 45 59 35 
34 99 20 88 45 62 52 6 4 70 93 59 84 4 52 38 2 93 31 56 52 50 12 16 81 34 72 24 25 48 66 74 22 27 88 29 20 3 19 5 12 30 11 32 3 54 89 45 41 45 37 53 48 23 90 17 1 98 40 43 10 48 35 68 49 60 77 73 0 58 74 68 21 76 83 62 92 97 57 79 27 86 74 30 49 62 65 38 22 2 38 75 58 44 28 57 55 63 46 93 53 59 51 93 44 71 53 43 64 24 53 16 32 60 64 87 39 71 53 60 32 36 14 25 52 44 8 12 78 30 7 53 14 15 12 42 80 68 81 53 70 32 67 64 85 11 38 80 77 63 34 62 44 19 72 81 49 73 67 50 35 52 52 0 31 45 59 81 22 85 75 92 75 32 28 71 70 8 48 84 96 33 89 98 30 32 60 19 12 94 96 83 77 42 53 4 89 49 19 80 
86 65 92 46 43 80 60 20 30 14 58 29 3 17 96 22 17 17 10 3 14 87 89 95 74 14 70 19 52 36 20 79 11 48 6 22 49 76 88 97 97 90 84 61 47 32 32 92 22 77 71 12 98 40 69 10 54 75 7 54 83 28 90 20 93 71 6 43 77 33 34 24 97 55 23 49 48 37 78 2 57 12 37 83 85 90 56 83 70 25 84 69 95 92 89 50 21 93 29 22 49 38 88 94 75 57 85 13 1 5 72 49 17 47 58 4 34 80 74 76 98 93 41 44 35 37 41 16 39 6 61 91 94 95 68 34 6 8 67 60 43 86 24 0 94 69 56 51 78 67 75 51 5 38 95 14 92 53 6 39 82 95 40 34 51 49 64 14 16 13 13 52 17 74 9 93 37 30 45 52 61 21 48 77 15 45 48 1 97 75 72 39 11 7 49 54 30 58 27 64 
25 35 48 35 7 8 98 34 50 7 84 86 94 89 7 89 78 60 86 75 24 79 96 75 42 18 87 13 51 25 41 25 10 6 46 10 39 9 29 0 60 71 12 22 2 60 5 29 64 93 71 65 46 26 64 77 14 29 72 85 71 95 21 73 39 79 33 97 43 36 9 71 88 22 55 48 80 72 26 71 69 80 21 19 85 47 97 39 27 39 35 35 93 30 53 16 3 73 47 68 59 65 70 95 77 24 52 36 33 40 83 96 82 19 98 32 33 90 16 98 2 40 56 47 23 97 16 38 19 32 10 82 0 48 84 59 60 98 23 82 36 88 58 20 78 36 84 94 57 80 3 58 51 20 31 56 6 13 58 86 90 65 61 20 54 14 51 53 96 99 40 98 42 21 97 27 27 86 6 43 66 20 76 27 13 28 72 88 68 37 91 17 81 39 52 46 48 6 3 67 
66 36 55 83 11 22 79 41 18 86 76 72 40 22 18 13 45 75 39 17 37 73 28 87 79 50 50 48 82 45 40 98 10 20 4 58 74 83 15 85 69 43 85 25 65 47 76 31 34 98 76 8 81 37 43 24 97 90 9 62 2 26 27 10 23 51 3 95 3 8 15 57 88 65 11 33 76 30 32 98 53 64 7 9 79 90 81 24 67 80 60 16 21 93 58 38 26 61 21 22 15 50 54 19 3 53 45 18 71 55 65 34 38 1 40 23 79 71 50 18 84 99 87 85 66 34 30 88 30 75 36 14 30 69 8 39 36 65 91 82 31 15 87 27 40 33 32 72 42 96 59 11 97 56 55 2 31 14 40 66 4 80 49 41 44 3 49 59 98 95 42 18 39 12 42 5 43 9 21 98 0 62 78 76 45 90 74 51 56 12 78 85 39 24 73 85 23 38 17 82 
59 59 0 2 20 33 74 27 17 76 29 30 24 8 81 86 61 97 9 72 86 80 6 57 52 52 34 51 14 1 16 19 79 36 18 66 73 3 23 30 55 74 58 16 95 18 38 24 32 5 72 53 41 55 14 33 83 99 14 67 99 69 18 87 8 66 0 93 39 28 97 47 12 40 62 24 68 57 87 69 71 3 56 37 80 80 92 35 95 33 35 8 2 56 91 66 51 21 31 21 29 59 4 15 29 69 7 41 4 96 95 40 82 74 3 57 72 43 31 17 76 15 11 40 89 28 3 12 11 62 77 40 0 92 48 45 41 53 79 77 70 23 98 26 56 26 70 29 24 48 18 8 8 0 97 45 65 61 23 12 73 48 56 59 80 32 2 48 2 44 41 90 11 35 27 51 77 36 2 89 17 72 7 36 56 4 33 64 77 5 81 96 84 99 30 10 4 66 68 71 
96 59 77 29 75 38 84 43 22 3 86 61 43 43 53 69 51 75 10 85 10 95 78 58 82 32 17 40 81 90 16 99 28 6 15 62 21 91 32 34 23 55 25 21 61 91 72 74 39 50 98 52 27 68 79 63 59 86 76 55 94 77 80 52 94 55 3 40 77 87 35 91 35 49 77 64 11 66 16 25 96 1 20 28 62 49 11 15 36 69 54 41 36 82 94 22 45 72 69 5 53 4 89 83 71 4 9 39 70 59 1 64 55 86 76 99 23 35 37 85 85 77 81 7 70 33 56 0 62 52 89 15 90 97 23 18 3 0 41 82 58 6 44 68 72 67 87 63 27 38 19 83 73 39 96 85 69 75 0 20 8 15 91 51 11 98 95 40 90 45 73 17 98 24 91 21 58 95 51 13 30 44 84 51 25 79 27 54 45 27 57 80 12 78 83 45 74 20 34 97 
52 8 57 15 91 4 23 6 85 82 53 25 63 87 55 74 52 43 14 84 17 53 87 49 22 20 21 17 47 82 96 68 98 20 89 74 44 83 84 13 47 73 57 26 99 78 58 36 27 45 81 61 82 66 86 67 9 14 14 70 39 53 74 42 28 42 53 8 38 43 55 32 61 71 12 34 13 42 52 57 46 24 0 62 71 85 82 45 5 26 16 65 66 43 90 75 65 56 77 18 61 14 10 24 38 40 80 15 26 10 89 60 92 48 27 47 61 10 35 61 64 86 65 83 83 10 66 59 58 17 41 92 8 32 27 53 76 41 75 58 98 62 93 42 9 82 31 96 67 85 69 97 63 18 47 49 87 22 88 90 10 98 73 69 15 15 81 18 31 61 23 7 96 54 84 31 30 13 30 44 14 35 76 38 73 40 32 54 49 57 46 0 18 37 18 79 60 57 75 93 
20 16 2 53 60 91 15 95 15 30 61 13 29 23 80 40 51 34 70 33 14 9 23 56 2 69 34 68 92 97 87 48 79 51 2 14 39 84 36 38 43 11 41 73 53 97 69 95 16 40 31 9 65 77 3 63 37 54 95 1 70 88 52 28 3 5 1 88 57 26 32 0 55 98 0 21 62 14 64 98 74 60 94 63 99 10 38 65 60 81 27 66 60 93 42 13 45 78 22 96 41 83 20 88 79 63 24 33 43 9 19 79 89 60 91 23 12 67 75 38 58 1 68 71 98 16 61 51 16 99 69 14 96 41 14 83 2 36 8 12 21 27 51 72 50 67 70 73 47 16 64 29 83 26 40 39 1 46 41 62 49 23 98 34 66 56 96 69 0 43 31 76 31 26 49 50 5 66 27 85 17 41 52 24 9 97 49 51 89 9 86 69 36 70 13 3 1 66 76 30 
10 71 23 63 46 44 28 84 21 8 74 14 77 67 84 9 30 48 46 40 53 52 28 29 56 52 34 54 96 53 4 22 24 5 27 34 13 92 35 88 59 69 71 69 24 33 70 41 66 10 67 23 65 92 99 6 85 78 61 8 81 45 54 36 89 20 71 1 57 99 20 40 71 53 94 14 25 20 23 80 30 40 64 7 99 27 63 64 84 83 46 35 97 12 72 69 46 56 63 28 38 0 98 90 31 29 35 33 61 23 51 90 90 92 1 83 72 32 84 70 41 64 89 63 91 4 33 17 26 45 95 66 27 11 80 92 6 24 2 26 79 14 31 70 73 13 62 30 7 31 59 66 99 79 39 38 52 16 9 16 50 84 71 88 69 25 80 66 50 94 52 84 9 77 1 57 59 44 79 45 2 21 46 22 27 18 26 90 7 89 44 70 62 28 83 86 79 45 73 10 
80 56 23 81 76 73 2 23 58 91 64 12 61 45 75 19 84 93 63 40 93 38 74 86 33 30 67 36 18 23 71 14 63 57 68 79 26 9 7 12 99 85 13 71 65 27 36 69 87 82 79 24 85 27 39 10 87 33 11 70 17 19 14 16 63 37 60 59 35 37 19 0 73 19 39 78 98 0 91 56 76 55 53 70 36 28 75 52 9 81 52 72 17 6 11 14 66 65 50 24 26 86 73 38 90 15 68 44 19 7 59 67 46 80 44 54 2 94 86 33 7 6 40 77 97 67 68 81 46 4 5 28 92 62 75 44 86 56 41 98 33 72 99 27 54 83 94 7 14 88 72 5 44 9 9 10 46 31 90 24 3 78 43 45 5 88 24 72 90 86 19 25 43 64 65 28 11 54 30 47 45 86 2 23 77 13 73 83 92 72 49 25 62 76 95 36 36 89 20 15 
50 46 40 26 34 61 12 66 54 8 55 12 42 73 74 48 86 38 2 56 2 8 50 62 38 77 45 81 5 79 94 65 77 67 30 60 61 54 60 41 42 26 95 91 90 80 22 77 73 33 38 80 89 35 91 52 37 57 20 48 1 9 48 89 0 81 92 70 21 44 25 89 92 15 21 27 52 83 40 40 33 73 15 25 0 95 78 19 84 88 2 25 56 44 41 53 78 76 13 83 50 13 27 49 79 7 53 54 29 71 94 41 84 30 44 45 60 6 9 51 37 35 86 15 41 27 74 95 88 37 31 48 27 52 14 62 68 66 27 18 29 7 78 18 67 68 17 85 68 68 18 44 4 25 17 48 37 78 37 88 37 80 97 37 37 66 70 76 83 85 95 56 35 35 54 81 81 84 45 5 29 87 68 25 21 79 17 34 27 65 59 76 50 11 47 2 71 65 7 3 
67 15 58 60 35 44 49 8 51 65 54 21 23 85 90 63 11 16 31 73 8 65 0 38 15 32 61 86 30 79 42 31 93 5 66 2 31 1 87 13 56 96 51 0 1 93 82 94 90 44 83 87 12 33 53 92 39 42 75 19 53 12 17 11 88 93 16 82 56 82 59 81 1 52 28 31 92 56 39 58 99 71 14 79 82 69 4 56 23 66 1 47 89 10 45 4 37 53 56 11 93 12 91 99 81 9 22 90 63 93 85 31 34 66 42 8 98 86 14 87 90 90 3 71 26 71 3 2 15 49 19 94 24 57 70 93 81 67 55 37 91 72 84 24 82 88 8 19 54 39 4 77 21 32 93 79 91 99 34 5 55 8 47 51 77 96 52 21 13 23 96 52 55 69 92 54 56 97 65 44 7 64 61 22 87 68 36 78 88 8 77 45 80 49 2 26 53 54 58 16 
8 0 33 71 48 41 1 73 23 78 16 35 0 74 4 85 53 69 70 98 95 28 10 25 40 91 95 11 92 65 6 78 59 50 67 13 33 23 68 69 76 78 76 95 42 92 87 72 3 35 92 49 93 67 68 87 36 43 17 21 77 8 13 75 45 22 80 51 79 92 47 34 66 69 15 50 52 86 93 85 80 58 75 0 77 7 58 73 66 11 78 25 29 43 99 82 7 23 74 13 34 38 59 63 34 92 80 10 88 41 74 33 52 31 9 3 77 46 18 96 82 63 33 76 11 7 45 9 40 89 95 11 49 63 61 54 44 73 70 72 18 43 41 60 44 69 4 66 97 55 83 39 59 93 90 47 60 79 1 34 97 21 77 12 49 15 35 73 51 11 99 20 83 35 48 13 72 52 11 12 54 23 57 56 66 59 69 33 87 19 81 74 58 42 63 2 1 48 67 93 
99 87 30 57 63 26 6 46 75 52 1 90 32 77 4 33 95 12 74 81 77 64 63 13 22 8 16 87 14 36 7 54 62 87 75 9 13 14 60 9 50 6 96 33 94 61 60 31 25 65 57 90 21 97 61 74 14 36 14 92 35 91 73 99 97 54 26 82 30 34 56 27 17 10 31 22 40 27 57 46 64 24 22 45 21 10 17 51 85 33 16 97 53 3 43 10 91 93 28 41 82 2 71 28 19 22 90 68 48 8 92 74 73 27 85 22 14 76 45 2 40 7 66 66 64 46 35 1 50 70 71 34 47 47 81 7 60 28 5 26 31 11 95 19 76 38 46 77 82 78 84 28 10 58 20 50 71 67 92 93 74 47 64 32 76 40 95 66 33 75 92 7 16 92 27 84 80 48 54 57 81 76 10 97 16 47 18 90 19 27 94 10 52 80 63 89 27 98 87 71 
86 72 51 12 33 16 53 10 22 77 39 96 2 10 95 45 69 65 84 74 91 29 85 43 0 87 73 47 33 15 94 31 94 57 26 57 18 26 63 9 94 41 82 76 86 33 47 79 74 61 54 82 12 89 73 22 85 46 16 3 65 1 93 54 54 28 82 46 52 46 51 29 11 17 44 38 73 4 2 13 55 49 49 78 49 3 2 13 72 33 62 37 3 4 51 20 54 81 29 71 55 41 75 86 81 8 71 6 14 32 32 57 63 72 39 78 75 76 80 17 44 14 61 85 37 22 71 8 40 67 60 7 18 90 93 99 1 82 89 23 33 36 5 64 71 95 41 53 69 59 11 74 78 55 51 66 61 61 91 40 15 70 52 87 10 49 60 94 27 64 73 23 96 44 57 85 46 84 24 60 88 13 4 24 73 80 47 90 7 8 78 2 5 2 63 28 38 19 64 97 
2 45 82 88 40 32 89 46 9 30 2 43 24 12 93 46 22 7 49 83 56 28 32 87 63 36 35 95 19 47 92 37 63 9 22 23 47 53 99 5 7 53 41 98 48 42 51 21 5 86 36 94 88 60 17 54 28 39 22 51 40 21 66 45 37 32 84 52 69 70 53 91 41 1 88 40 1 31 47 2 61 92 42 87 26 60 32 37 1 39 98 35 98 45 69 27 41 91 72 51 2 95 49 4 75 19 6 75 2 21 15 39 50 30 10 85 70 24 44 66 69 92 14 42 65 0 53 21 82 17 6 51 45 13 17 80 92 43 41 21 40 66 89 92 62 31 4 94 26 97 10 83 13 19 9 57 84 77 35 68 93 11 90 2 74 23 83 91 32 71 20 91 46 62 0 23 38 23 0 40 35 66 95 26 36 0 1 48 8 45 29 48 30 92 8 6 74 69 45 44 
65 65 87 45 61 83 15 58 49 94 59 68 56 64 59 4 35 41 25 71 28 86 16 9 72 84 60 20 65 40 62 52 44 80 66 31 97 19 64 34 17 93 55 14 79 1 94 64 94 12 97 33 77 27 44 3 56 63 99 20 14 34 58 32 20 1 33 20 73 1 10 19 58 67 45 94 72 0 93 92 20 44 49 64 62 5 58 49 9 42 87 33 90 98 92 97 27 71 76 97 82 38 13 53 13 20 69 47 44 94 46 70 49 29 29 10 32 34 36 8 16 56 5 45 72 53 54 38 93 30 3 38 27 85 37 12 78 21 84 34 43 29 43 91 71 56 2 40 7 77 88 73 88 37 86 54 13 33 67 46 7 46 66 39 17 42 6 7 8 65 60 0 60 60 38 79 31 72 78 74 50 70 24 73 22 78 72 17 73 17 19 48 45 16 5 12 99 53 12 24 
80 76 83 6 24 23 53 62 72 54 86 87 29 66 18 11 10 66 93 10 51 98 63 73 38 63 5 93 30 75 47 45 29 7 23 75 38 30 74 7 52 40 70 41 90 23 76 90 31 85 91 24 23 74 53 89 79 39 32 33 41 7 67 27 84 37 30 10 15 6 87 47 91 97 23 14 46 84 8 49 89 80 60 77 70 27 38 68 15 93 72 73 37 62 28 93 24 74 7 66 6 87 11 91 2 86 19 39 60 98 81 33 50 22 75 35 48 49 38 13 19 0 91 41 62 62 19 73 94 23 33 24 72 19 94 77 17 28 16 72 61 95 3 86 63 11 24 19 52 43 2 2 86 60 3 17 67 78 90 65 90 79 74 80 77 28 20 49 95 76 52 85 56 50 74 60 7 43 15 37 55 21 12 81 5 42 6 32 81 87 31 2 99 70 13 18 64 85 69 57 
17 42 85 69 23 80 98 6 48 75 67 81 64 11 14 99 52 37 46 8 35 15 56 56 70 16 42 74 46 3 21 51 90 64 18 37 18 84 7 13 42 58 86 98 0 50 22 76 94 65 86 15 38 96 19 35 70 66 9 71 78 77 24 85 43 12 3 58 35 34 69 42 74 5 60 89 55 85 82 99 23 43 70 46 37 81 66 46 28 31 6 54 89 43 54 49 31 49 75 13 7 18 16 51 48 91 87 7 60 12 5 62 57 82 21 81 21 59 47 7 27 16 77 51 50 17 23 35 31 68 88 45 13 69 80 8 27 84 52 90 56 35 66 91 1 86 53 84 54 36 77 64 44 20 15 78 70 96 39 9 79 52 73 9 66 62 90 15 31 48 23 30 90 71 75 87 54 23 89 6 71 60 0 6 42 71 58 39 0 15 47 70 34 85 78 52 93 49 40 42 
74 44 80 9 51 47 75 82 34 54 33 20 49 89 96 21 46 25 31 21 65 26 49 53 45 39 4 71 56 99 27 31 53 23 56 57 98 36 70 15 21 2 78 50 7 97 8 37 36 35 7 34 33 58 91 99 19 55 29 50 59 87 44 24 31 1 29 28 4 57 0 60 84 88 58 8 70 31 46 81 15 12 72 72 39 50 39 48 89 96 14 29 83 69 49 37 22 23 97 24 76 2 5 95 83 86 30 90 37 56 54 54 80 96 96 52 0 54 35 47 74 23 7 96 80 46 36 88 98 56 34 37 31 15 53 65 69 6 94 48 81 6 70 56 46 24 65 5 35 99 13 46 87 90 1 30 9 29 28 96 60 36 38 81 97 13 80 90 46 52 71 17 81 35 35 27 94 91 81 57 5 60 43 95 0 15 2 60 39 38 12 84 28 24 48 18 1 27 91 54 
84 18 91 22 26 71 21 75 19 89 27 78 82 21 60 83 36 42 39 71 9 46 78 13 13 75 55 34 52 30 48 49 69 98 40 7 12 21 1 11 82 39 34 66 36 15 96 34 15 41 85 64 4 28 81 79 84 37 69 99 93 76 88 66 13 80 48 36 74 69 9 85 63 87 52 99 22 48 83 44 10 82 95 66 11 44 73 82 36 27 77 2 81 63 76 70 21 74 97 88 53 79 82 11 1 44 12 77 62 43 21 77 89 61 8 16 27 26 6 89 18 80 19 22 75 67 74 57 52 26 82 69 0 92 57 46 25 47 26 90 21 29 6 64 40 32 46 77 56 59 64 10 74 0 47 89 76 74 80 67 60 8 82 1 8 27 96 46 54 94 22 8 70 84 66 46 9 17 44 66 9 98 31 15 99 83 65 17 28 50 88 68 18 50 59 25 72 48 37 38 
65 12 76 93 22 95 65 63 67 59 54 19 39 48 55 21 49 86 57 11 46 7 60 3 60 14 88 5 65 31 75 19 61 58 84 55 96 62 95 23 8 3 44 56 69 56 17 39 5 96 59 95 18 63 91 85 74 23 29 89 35 29 42 58 31 46 19 62 53 62 16 42 52 16 98 20 68 14 63 23 39 93 51 9 46 88 37 62 43 58 22 76 33 10 65 21 26 90 39 68 61 50 21 67 40 62 80 41 7 94 74 28 42 54 2 17 95 25 90 18 36 65 59 91 20 80 42 17 19 62 17 76 27 27 64 52 40 1 6 97 35 45 27 77 67 46 90 34 16 63 41 41 17 19 76 74 63 29 0 53 6 61 42 13 99 3 39 87 7 86 40 25 8 94 64 99 89 38 81 61 59 37 12 54 69 85 29 21 7 56 31 11 42 19 52 56 2 4 64 97 
90 68 58 45 85 13 31 90 9 52 17 22 16 59 59 87 36 61 91 76 63 74 27 37 4 24 33 5 0 98 97 77 61 88 92 96 38 19 66 17 83 46 96 57 56 53 0 2 20 70 76 43 92 1 80 52 95 29 55 76 28 95 88 61 14 84 51 76 77 39 11 86 58 36 92 94 87 20 56 32 42 64 57 73 21 75 47 44 8 80 68 8 99 21 91 83 4 58 25 95 51 81 73 35 7 96 99 80 88 75 79 80 21 60 15 75 91 8 82 5 58 56 7 27 65 11 57 80 73 70 60 54 87 61 56 73 89 36 92 84 83 75 85 56 90 29 16 41 10 55 6 94 54 54 51 75 17 14 34 28 90 74 10 41 46 76 63 16 25 55 58 95 70 22 91 66 52 75 78 19 33 84 8 12 60 76 70 49 55 21 74 39 10 56 49 28 7 34 32 12 
58 14 75 82 83 98 79 92 89 99 28 40 85 43 38 59 99 13 75 1 56 68 57 93 18 96 99 74 44 85 30 12 57 4 94 76 66 31 63 80 13 24 81 26 65 89 50 39 48 54 62 66 64 3 63 41 85 32 98 92 13 95 93 42 9 9 87 88 40 87 21 18 25 6 99 79 50 25 58 92 78 46 43 70 70 55 72 36 76 66 65 83 44 71 53 24 67 9 6 53 28 52 35 96 85 94 25 28 19 31 80 30 50 1 78 87 35 59 96 70 10 29 68 96 34 65 43 55 35 45 87 56 31 17 48 36 40 98 87 85 61 0 31 64 47 55 11 14 62 32 43 35 0 46 59 38 29 78 93 67 8 20 15 5 21 23 35 36 99 25 93 46 40 34 90 47 46 77 66 67 28 0 25 95 46 68 38 68 45 17 0 27 75 99 20 56 45 85 74 58 
57 40 35 98 59 52 71 63 11 94 52 81 53 5 83 49 7 43 21 29 38 71 61 41 47 4 19 24 60 63 72 39 3 5 17 46 27 11 85 36 33 63 91 46 24 95 91 35 67 47 4 54 71 38 2 15 57 57 77 75 25 66 1 82 49 43 31 46 63 49 12 26 56 66 57 4 77 33 55 91 68 85 35 27 84 96 16 62 64 42 72 59 77 8 69 97 30 6 81 78 92 17 92 60 21 85 68 84 18 91 13 26 72 20 10 52 22 33 32 62 53 65 1 81 28 88 48 90 38 7 87 6 13 76 1 39 88 60 29 66 24 53 39 51 67 81 42 21 5 15 73 98 95 68 77 1 57 43 6 46 58 85 18 46 99 28 47 32 8 57 25 86 86 83 99 52 66 22 21 77 92 56 62 92 24 47 23 63 92 95 79 13 66 45 92 1 97 64 70 76 
26 42 59 32 30 90 31 43 40 25 24 49 52 43 57 98 25 64 50 62 30 39 72 79 89 81 43 64 96 73 11 46 74 74 46 11 24 58 2 81 14 70 80 90 56 45 45 45 44 41 16 87 11 15 15 99 20 87 21 43 56 97 4 89 43 70 52 84 13 85 12 58 40 27 23 33 57 41 46 97 85 30 60 38 46 12 9 67 71 83 24 2 12 23 54 16 13 81 60 31 44 45 93 2 25 66 15 5 74 55 48 50 39 41 74 75 24 93 55 45 77 15 66 56 9 11 98 48 25 47 66 20 11 25 45 9 2 15 59 13 40 56 3 75 59 48 94 74 73 34 79 66 98 61 9 43 30 38 2 37 7 73 50 70 75 26 28 46 26 96 74 20 23 90 27 46 85 86 8 30 24 56 83 66 55 92 68 17 64 55 68 43 78 57 72 91 43 54 42 86 
78 95 66 75 2 84 36 69 48 52 52 97 89 90 57 16 56 41 67 55 10 94 95 89 83 62 44 5 60 32 79 1 62 59 86 46 62 39 82 57 72 68 10 73 49 80 99 26 32 67 17 53 41 64 14 9 89 73 58 93 81 93 67 3 5 29 34 25 62 5 9 26 2 56 18 51 96 15 0 74 40 58 44 91 37 83 23 33 21 76 90 23 64 79 98 36 59 8 62 83 67 73 33 59 42 96 92 39 25 62 88 73 27 35 23 4 81 86 17 34 95 14 33 11 9 49 33 51 33 60 66 18 52 47 99 14 87 95 97 32 9 97 19 11 66 4 42 81 38 14 60 16 18 27 89 32 61 99 94 1 95 45 30 76 30 12 17 45 54 25 47 80 59 76 85 40 17 43 10 98 71 57 76 22 18 84 83 43 0 78 71 43 0 48 82 26 25 59 33 49 
55 50 71 17 28 36 6 51 99 52 45 47 93 46 61 66 84 12 52 57 49 73 86 66 97 20 70 56 96 28 21 22 85 31 50 0 75 20 38 5 88 58 52 44 51 94 7 62 96 3 82 3 73 20 93 69 57 70 87 37 47 4 23 64 36 23 10 69 1 53 69 35 53 21 51 89 34 88 2 63 85 42 11 4 39 0 46 51 9 36 11 35 23 78 14 14 57 6 29 19 82 70 51 2 50 25 75 1 41 96 6 57 48 8 22 27 96 68 63 43 73 84 67 92 72 58 97 77 52 93 66 32 29 51 68 49 94 19 42 89 41 98 40 36 33 45 46 31 59 60 63 54 92 10 32 77 22 97 46 97 48 22 28 74 35 20 5 79 90 10 86 45 82 15 58 27 15 54 37 93 57 92 94 24 34 68 60 10 67 21 32 86 98 28 73 66 59 14 12 35 
69 34 53 49 79 18 81 96 22 66 90 77 54 21 40 97 57 44 93 63 50 73 23 96 81 72 40 16 42 80 2 30 16 24 77 68 61 51 94 77 47 41 53 35 93 51 49 88 74 50 86 63 49 70 23 11 62 12 17 52 59 78 60 48 43 39 1 88 59 39 15 75 34 67 22 3 87 28 33 15 96 56 42 23 52 78 64 86 32 31 8 17 95 45 28 41 17 67 88 15 50 53 94 61 86 93 9 36 91 82 40 64 48 68 15 8 21 4 46 14 40 10 33 81 10 64 20 97 31 56 16 6 81 73 49 49 64 94 74 79 34 16 14 92 21 81 8 4 21 1 37 91 26 88 92 30 67 27 15 7 0 51 12 9 73 24 26 17 51 79 93 60 19 78 99 27 57 88 69 15 30 67 65 49 53 37 5 1 11 7 52 0 65 92 84 88 90 77 8 83 
56 42 26 31 91 97 71 65 92 72 34 67 32 12 63 87 6 85 37 21 17 19 45 76 21 9 56 94 35 80 71 65 79 18 46 92 65 12 39 5 20 49 51 6 83 24 57 79 64 93 2 72 77 91 33 67 25 0 36 0 85 25 31 87 43 24 43 98 2 72 9 84 22 27 84 29 46 65 77 99 96 80 33 48 85 31 56 13 20 20 12 30 23 53 28 43 92 82 22 95 34 39 55 42 72 79 81 20 61 85 81 24 93 62 11 39 43 88 54 54 43 53 88 28 10 79 74 60 68 67 72 73 32 87 15 87 34 0 71 51 5 68 99 34 72 48 94 79 27 25 63 33 54 80 21 58 77 96 45 37 28 23 95 17 77 67 95 31 0 86 64 46 66 48 17 49 73 9 64 28 90 83 23 99 68 8 9 72 65 79 13 11 95 83 77 94 56 76 30 58 
77 26 21 48 35 71 65 52 59 45 11 32 20 13 2 0 62 74 73 73 85 76 54 86 74 46 21 26 98 53 87 83 37 67 87 55 49 61 94 36 18 17 81 53 84 79 1 92 31 4 14 50 94 83 4 37 36 68 74 19 70 86 72 31 73 22 16 17 47 16 27 94 64 80 29 45 87 21 22 62 0 28 78 15 88 41 4 10 3 69 38 3 49 4 48 58 5 29 86 2 78 50 86 87 98 18 31 10 8 60 62 72 80 30 67 96 98 69 20 51 55 98 92 24 19 82 15 60 4 90 83 36 65 54 90 50 15 43 7 5 68 27 90 16 8 92 28 44 5 27 26 13 65 98 36 14 3 8 37 32 71 32 81 94 37 65 23 18 29 28 65 73 26 30 68 63 80 24 88 29 56 60 20 16 97 6 14 63 66 46 46 12 61 48 35 3 34 94 5 30 
84 76 89 80 87 90 58 44 11 29 61 5 76 19 36 84 2 21 54 41 11 73 2 2 87 21 12 16 63 33 16 95 77 16 51 40 23 74 91 69 78 8 42 81 96 0 8 77 25 35 68 78 19 76 37 75 88 31 66 33 45 18 8 25 32 71 67 90 53 58 94 45 80 20 39 21 89 80 34 58 33 4 16 84 77 56 7 75 57 87 64 42 71 34 94 36 28 29 73 54 97 62 93 83 74 89 44 5 35 14 77 28 19 13 70 92 10 87 9 81 14 92 90 86 42 36 20 12 33 34 53 40 88 55 47 32 39 63 33 36 85 98 33 91 63 37 59 89 54 95 33 11 66 74 8 95 97 64 99 72 45 99 3 44 30 81 80 76 48 55 62 67 67 76 97 51 40 53 53 81 16 80 68 51 82 61 34 47 85 67 76 45 13 91 72 81 35 94 84 2 
60 4 3 74 51 37 99 20 46 23 73 58 12 84 7 90 49 42 64 11 26 72 61 55 48 42 90 20 21 64 15 36 64 79 12 53 42 80 30 41 3 81 60 33 31 65 68 20 52 28 79 75 83 83 96 2 48 81 3 17 51 2 25 72 68 75 57 16 59 82 15 31 20 83 32 38 5 27 9 37 26 99 5 46 92 85 23 18 69 27 37 12 55 33 70 39 39 16 27 63 56 34 80 42 68 47 59 25 69 12 49 72 68 60 19 18 62 5 48 74 60 64 70 1 9 23 34 37 2 22 20 49 65 68 46 30 72 19 23 29 36 14 71 63 97 42 82 5 45 83 46 44 93 1 29 63 95 54 5 38 36 6 22 15 55 96 69 19 83 42 62 12 90 1 29 12 58 74 0 8 32 4 21 2 27 13 85 36 34 18 32 82 50 43 99 85 74 43 5 5 
7 85 55 80 58 19 6 28 51 10 99 11 88 63 77 65 51 64 32 70 57 50 97 76 71 37 65 43 5 76 75 83 76 47 34 34 72 94 50 23 67 4 17 90 53 0 81 12 40 19 9 73 33 98 17 1 20 85 18 84 41 43 61 90 80 52 15 22 41 65 9 76 55 99 12 68 6 3 39 65 95 32 68 7 9 54 5 5 9 82 72 30 17 33 85 30 96 89 90 83 45 45 31 73 54 4 51 94 99 1 50 78 8 90 49 19 99 91 7 44 37 80 54 87 6 17 93 75 94 72 75 39 39 92 28 0 61 86 22 33 97 1 15 44 26 38 4 40 63 87 37 1 96 95 76 80 23 75 39 4 2 48 94 32 52 81 44 82 96 41 60 35 0 92 64 59 89 18 1 91 70 73 38 74 4 40 29 21 57 0 2 31 4 18 59 27 87 57 91 11 
38 62 51 40 83 36 30 87 26 65 24 44 56 50 86 21 66 18 59 42 4 95 30 38 74 52 26 72 89 18 46 18 55 99 94 42 95 12 41 64 25 43 74 27 4 72 24 7 13 30 21 94 99 8 34 78 47 41 71 70 74 67 47 37 72 3 37 83 96 5 62 25 29 45 65 15 35 30 26 68 99 71 55 50 54 99 96 75 45 45 51 11 1 56 71 34 73 47 12 28 81 17 51 15 7 90 94 78 76 33 35 40 36 65 86 66 55 41 91 20 13 13 4 1 2 46 91 86 65 37 0 29 54 55 6 42 18 27 78 98 32 64 19 66 93 60 48 22 91 49 95 11 90 24 84 5 83 76 45 33 13 4 95 58 96 75 81 22 11 66 7 48 11 51 86 56 30 73 30 82 97 52 84 78 36 86 61 35 57 98 71 87 4 8 10 71 27 46 38 39 
94 45 63 20 64 34 40 56 30 43 68 62 43 21 34 58 73 0 21 95 47 9 4 63 51 70 38 11 38 42 99 44 30 64 4 58 47 34 82 83 2 70 15 65 45 72 50 23 7 97 98 5 10 16 47 83 90 41 53 44 30 58 22 31 8 81 8 93 61 46 46 24 9 55 1 48 24 37 70 81 74 69 10 72 53 71 2 97 48 97 84 52 46 59 94 90 71 22 30 10 78 79 69 5 40 21 80 91 8 53 99 75 63 69 88 57 82 38 36 34 41 79 36 3 99 23 35 18 24 2 46 45 9 51 48 48 42 88 46 54 64 75 42 23 22 76 16 76 13 26 13 86 47 54 32 91 80 77 65 82 26 66 43 90 75 96 49 50 52 37 49 20 5 95 33 7 90 2 22 93 8 54 65 16 95 50 43 23 86 54 4 84 62 89 63 21 72 54 37 79 
30 79 52 27 78 26 42 48 63 15 86 63 92 23 24 62 76 24 91 62 53 1 68 30 71 39 89 1 98 11 41 3 95 18 98 29 76 83 67 69 27 84 36 60 39 8 50 26 35 95 47 57 24 78 73 30 86 76 93 48 32 37 24 94 19 19 85 35 62 98 42 0 59 0 84 10 97 61 39 81 79 43 27 76 20 21 3 94 63 61 28 64 20 72 45 27 39 77 20 9 9 48 66 35 62 20 22 58 18 50 51 39 66 77 67 43 32 43 38 70 49 13 24 38 55 38 66 48 75 80 95 99 97 20 34 43 58 59 58 72 60 88 47 43 16 63 15 65 61 39 91 44 13 45 34 14 0 69 78 3 11 44 86 4 77 10 44 92 31 29 84 36 26 26 17 47 39 36 39 4 78 45 76 38 82 31 54 87 92 76 73 44 13 82 49 81 45 31 91 90 
54 2 73 89 90 0 86 69 32 85 87 42 32 78 2 10 77 77 69 39 10 48 75 61 48 33 56 6 3 1 35 45 91 15 47 92 69 23 11 30 21 0 87 12 78 65 14 86 37 15 5 4 39 20 4 77 98 34 63 71 56 23 36 68 29 27 76 54 18 50 78 58 54 60 19 2 46 42 54 30 31 35 76 7 74 4 84 51 8 43 39 24 23 38 86 45 45 30 14 9 34 81 45 81 35 77 11 87 69 30 64 12 15 95 8 20 48 56 35 48 77 55 70 33 26 72 77 26 42 77 31 5 20 33 95 30 59 24 8 61 93 20 19 99 68 43 15 38 69 13 9 36 29 87 57 85 61 24 97 32 13 47 9 84 21 25 15 75 46 64 68 2 2 20 54 66 62 89 19 43 84 54 90 83 14 53 53 53 33 38 71 22 41 48 18 68 24 97 91 54 
73 93 1 47 19 83 79 90 94 7 30 69 50 3 99 64 70 96 88 97 22 39 17 26 67 84 5 2 54 62 70 8 8 68 61 80 77 68 29 15 16 96 71 37 62 65 14 21 93 84 44 97 11 62 56 38 23 52 70 82 11 43 4 48 42 4 90 41 48 83 40 61 71 53 14 87 25 19 20 0 36 82 20 20 61 19 9 63 96 80 25 60 34 12 73 56 24 49 42 57 79 16 16 43 92 33 15 79 82 26 66 18 10 84 95 84 71 3 58 37 98 86 34 72 39 17 89 14 93 8 23 73 90 28 21 86 39 88 10 60 18 88 27 59 16 45 63 63 50 49 89 0 35 20 73 41 16 51 68 12 46 84 84 90 42 62 91 83 91 31 87 64 93 55 18 46 14 78 3 82 45 37 85 64 32 93 6 44 90 85 18 72 2 73 29 58 71 39 58 60 
88 36 46 9 38 54 17 5 51 97 75 53 45 60 57 40 40 41 73 77 68 36 19 54 74 0 74 49 52 54 19 49 96 73 39 36 93 90 67 62 36 5 87 8 14 89 23 13 69 1 34 24 24 62 80 56 98 83 19 57 2 51 4 88 64 6 98 36 40 46 75 18 64 71 63 98 19 4 94 35 15 32 97 85 10 5 75 77 97 73 80 92 77 18 42 11 38 26 40 91 0 82 19 73 24 54 11 28 72 34 50 98 71 91 51 83 19 81 45 52 24 7 21 19 7 88 94 96 22 21 59 63 68 39 2 31 96 46 19 58 59 81 67 26 49 28 2 28 15 84 63 22 82 95 58 22 99 4 54 85 72 39 72 6 78 67 0 67 79 95 91 96 69 64 21 82 20 89 3 14 37 88 35 95 40 64 83 73 31 54 48 27 39 57 40 58 42 29 49 90 
33 18 83 42 5 76 88 31 45 50 59 90 66 45 31 51 49 10 44 28 56 39 34 69 95 78 74 43 77 98 21 84 44 54 64 12 69 55 76 9 75 9 21 24 89 49 22 37 90 54 66 98 65 70 70 37 5 70 1 7 7 92 17 29 85 3 16 77 77 88 57 88 23 0 24 35 35 10 43 6 98 79 59 49 63 3 43 49 25 26 63 13 63 10 39 13 55 66 9 26 50 99 39 44 52 47 86 0 71 80 60 15 2 29 49 27 21 74 45 34 98 68 51 80 17 24 88 60 7 66 57 71 16 33 91 52 55 0 6 48 74 21 76 18 18 77 74 4 56 60 59 56 29 15 72 45 51 23 65 29 56 23 94 40 10 73 51 30 80 45 64 89 28 11 23 11 21 90 60 38 55 21 7 47 9 44 84 64 83 2 32 49 72 86 98 16 77 15 21 28 
30 21 23 23 56 69 97 92 76 64 10 4 51 23 8 74 23 29 90 48 73 5 23 52 15 30 67 37 64 0 35 31 69 33 65 8 55 92 62 63 38 24 79 29 48 48 46 47 78 37 78 95 26 53 64 42 70 59 80 57 64 15 27 67 51 48 17 14 64 90 82 25 24 85 69 98 53 55 37 4 7 33 16 87 13 77 21 91 13 42 97 85 8 56 31 27 85 58 24 3 96 54 85 55 34 95 67 79 55 44 98 26 98 40 24 93 88 89 20 6 75 2 61 85 33 68 77 9 6 51 12 53 70 45 63 94 31 30 73 28 77 0 7 61 98 78 3 37 4 42 55 32 81 31 98 37 55 2 64 11 40 80 54 29 47 45 45 57 67 59 71 84 88 14 45 60 12 59 35 27 59 3 17 53 42 77 83 76 25 90 52 6 99 52 10 18 26 73 21 58 
83 45 93 81 59 91 61 45 31 28 85 27 93 16 98 85 99 53 4 91 3 77 73 98 60 43 85 26 84 29 48 87 47 49 19 61 39 45 61 74 44 52 1 52 49 5 54 16 12 98 70 90 59 50 51 30 19 54 69 11 37 62 51 62 82 22 13 29 15 38 58 40 22 99 48 35 80 71 9 37 68 49 67 1 66 41 14 16 63 80 99 18 40 91 16 80 37 48 55 37 85 42 97 75 2 94 68 68 14 25 51 10 7 64 64 36 75 30 22 70 69 77 96 47 22 20 65 32 15 71 74 60 82 39 49 46 72 60 59 91 82 92 32 29 66 37 81 99 8 70 63 77 40 66 26 14 22 94 53 88 13 28 44 60 52 91 21 23 79 9 96 64 60 39 72 31 1 88 23 41 61 64 29 61 37 58 11 90 85 4 95 46 83 18 94 15 43 73 55 80 
95 90 38 70 98 82 91 16 27 27 68 3 7 56 8 78 7 29 82 69 95 86 13 79 36 69 97 26 82 34 22 58 50 6 27 43 13 9 6 27 17 0 54 45 58 3 57 91 27 84 23 93 11 52 54 63 4 6 11 81 66 37 58 73 93 25 54 69 7 25 63 37 67 7 91 15 97 40 26 97 93 18 29 59 1 31 2 74 49 44 42 84 3 22 67 41 39 7 23 89 48 77 16 63 28 14 49 76 85 48 68 65 28 91 18 51 38 58 5 28 16 63 13 62 4 10 17 45 18 45 90 30 80 25 7 51 80 47 3 18 89 49 4 64 77 91 49 72 38 14 75 40 80 36 59 60 89 95 44 43 22 22 59 74 54 74 54 21 56 62 48 43 50 81 81 69 43 67 70 80 20 26 60 99 71 98 2 47 55 88 44 93 68 19 82 51 62 3 99 95 
84 73 98 80 15 91 50 91 87 62 41 85 81 98 4 29 73 45 77 73 2 6 53 92 60 75 95 82 37 40 20 31 43 90 12 73 73 72 25 9 60 49 71 48 92 46 83 90 35 69 0 42 73 51 67 36 93 94 82 75 87 58 96 59 42 20 98 86 88 59 89 40 71 27 50 85 62 99 10 78 89 23 7 48 17 62 50 60 23 72 43 86 59 39 35 9 44 64 80 6 95 68 18 4 83 24 55 67 75 60 55 92 62 22 10 1 57 95 31 38 28 70 58 30 6 78 8 50 70 80 66 70 70 60 91 57 89 28 42 16 90 13 63 38 70 7 77 34 26 15 36 76 41 39 28 5 23 48 61 17 31 95 44 2 35 6 54 59 69 60 16 6 71 55 71 18 23 17 20 31 28 1 95 51 89 63 63 61 15 99 29 56 65 58 86 82 11 54 50 5 
58 31 63 66 27 25 53 9 46 80 36 28 74 5 66 79 54 51 61 39 90 26 52 73 97 15 13 74 1 0 87 29 85 13 57 12 2 39 79 58 34 60 67 85 85 96 39 7 8 6 64 63 99 6 35 17 9 9 59 26 75 17 6 97 37 11 12 44 52 98 52 79 61 78 42 77 20 85 73 93 52 96 34 45 98 53 76 72 45 72 77 9 81 20 13 82 55 20 34 18 3 5 7 58 31 81 38 70 80 96 23 91 6 50 46 80 20 2 48 58 68 5 0 16 40 6 13 59 6 32 38 73 94 80 46 48 5 17 45 78 72 62 11 94 13 87 59 89 73 90 15 62 67 63 10 87 80 81 46 74 15 0 56 38 63 88 36 77 35 23 37 5 45 61 92 34 46 91 79 8 32 39 46 82 89 2 41 54 4 31 81 73 30 38 35 61 62 4 9 5 
60 34 36 9 90 88 18 43 28 43 29 61 22 12 71 76 35 3 40 32 21 52 20 9 54 57 41 74 48 48 97 28 13 10 16 33 68 40 73 89 12 81 13 24 66 53 56 13 69 73 66 59 14 18 33 2 52 26 53 97 21 84 28 81 17 12 64 4 19 67 77 11 6 8 19 28 1 15 27 61 74 20 37 89 8 15 50 8 43 11 31 5 16 57 34 1 85 23 15 71 50 28 78 18 41 53 51 23 3 97 18 91 59 41 76 31 34 75 41 22 36 7 55 23 14 86 75 96 20 87 55 6 82 24 92 90 37 6 25 11 87 43 51 81 55 62 95 81 97 72 69 42 34 67 50 31 66 40 79 10 51 16 87 61 74 37 67 75 11 54 77 17 10 73 24 73 87 10 86 55 77 60 97 98 62 9 90 61 69 25 39 87 98 11 91 79 91 61 84 24 
99 77 56 81 3 56 28 84 2 62 89 52 61 38 23 63 67 43 68 1 55 67 77 46 68 3 67 90 8 32 53 59 60 52 60 98 3 68 87 98 37 68 96 97 41 83 74 9 58 45 88 54 99 66 55 4 94 85 31 72 38 0 88 2 47 14 38 54 89 99 57 35 87 99 43 62 55 50 46 11 63 45 75 82 18 32 27 54 67 76 79 62 36 91 63 18 3 64 19 15 46 83 62 54 5 23 54 43 40 3 63 83 5 41 63 59 99 23 15 85 36 60 24 48 99 45 56 35 93 24 49 70 69 67 90 48 35 37 65 20 83 22 85 39 93 25 10 54 6 7 5 60 36 45 92 1 63 44 41 21 41 52 22 27 23 39 61 82 8 64 29 93 70 28 36 32 30 79 14 82 45 62 87 46 32 4 28 51 35 18 92 79 94 32 80 13 52 68 27 22 
17 25 80 17 1 56 41 18 77 85 29 49 26 46 11 42 43 36 25 44 36 39 48 50 57 70 53 78 67 37 41 4 9 30 35 65 45 51 86 21 50 87 54 13 1 30 95 89 79 69 25 81 21 57 80 10 25 76 12 88 61 67 85 2 25 57 95 97 50 35 60 68 19 83 4 51 63 27 90 27 41 60 18 14 91 2 62 39 51 49 49 64 93 96 44 26 24 42 75 61 63 78 84 93 55 7 13 27 12 28 12 68 19 24 42 51 50 49 93 85 78 50 35 14 4 38 67 89 63 15 70 20 49 28 76 94 76 86 60 25 55 37 73 92 65 41 55 83 13 83 77 4 7 38 60 30 1 21 64 39 18 38 94 96 71 39 54 44 63 5 41 49 4 3 89 50 14 20 60 24 32 67 82 15 61 29 27 59 37 11 53 96 24 98 78 27 38 49 36 83 
83 15 68 54 53 16 72 63 67 92 9 4 36 9 72 11 57 35 88 3 72 94 44 16 38 44 29 6 97 6 4 22 33 24 1 17 59 18 66 55 76 57 5 12 93 97 16 88 67 1 48 80 37 62 47 22 11 19 9 45 5 68 40 6 96 72 16 2 61 57 84 86 84 71 66 83 78 28 8 78 54 26 21 95 72 21 41 43 15 63 61 44 58 5 90 20 81 60 74 57 69 92 32 84 27 87 91 47 8 45 81 49 71 43 40 75 59 53 66 80 16 9 41 50 91 0 69 18 52 47 13 18 67 63 55 84 66 88 64 10 74 68 95 72 29 42 89 34 51 85 97 30 0 51 57 40 48 46 21 52 0 57 90 8 80 86 58 23 17 47 81 41 5 98 47 88 97 45 33 34 79 26 76 68 11 80 98 34 83 82 90 20 5 75 46 69 40 26 15 5 
51 3 23 56 9 78 95 41 34 0 82 65 9 59 74 33 54 81 34 80 17 88 52 49 4 80 99 63 54 86 32 6 69 20 52 59 61 28 33 79 89 49 34 61 85 12 95 68 21 32 86 42 53 60 83 70 93 45 87 3 67 18 79 74 90 58 13 42 82 17 19 86 2 98 99 14 60 25 12 22 27 8 90 68 61 71 23 52 23 4 96 93 2 87 26 21 95 74 67 48 67 56 43 81 4 79 71 38 22 51 59 11 17 77 31 97 89 4 80 3 3 23 60 52 84 64 8 34 20 83 56 7 80 1 28 90 15 86 92 96 70 21 37 23 18 4 43 18 26 56 59 94 69 93 30 89 52 37 60 34 56 61 37 37 99 21 30 71 16 41 20 39 76 8 82 45 55 80 8 75 32 97 98 7 76 99 37 65 79 70 16 13 24 17 87 7 70 27 1 53 
75 63 30 36 90 66 59 7 7 25 24 32 10 49 66 20 4 24 31 94 17 4 7 99 63 50 61 72 17 75 60 3 19 29 10 47 93 25 34 35 43 88 41 36 69 40 0 18 94 44 75 40 21 26 33 55 5 88 62 46 69 37 29 59 65 14 64 47 16 29 37 30 59 12 86 61 60 12 34 57 42 28 81 29 24 1 22 83 76 24 80 19 98 26 24 23 21 50 48 34 93 96 30 60 38 65 70 25 40 83 70 61 67 42 45 95 29 72 6 53 18 41 50 44 47 65 27 40 86 2 30 90 0 28 11 32 88 83 91 5 40 53 39 22 78 48 11 36 85 27 77 6 71 19 92 57 68 59 55 86 80 60 30 52 18 32 7 20 79 59 56 65 65 60 72 3 78 66 71 62 75 98 64 18 96 66 6 78 87 22 88 13 21 10 80 76 7 33 77 2 
28 49 25 85 63 62 35 5 92 47 2 6 28 30 25 69 45 19 75 82 70 81 6 37 6 68 64 38 94 30 47 95 54 67 38 0 85 54 23 32 36 35 58 19 11 78 53 42 25 9 66 99 57 5 90 45 1 41 15 2 52 31 8 15 59 27 87 31 59 49 32 56 81 70 16 11 33 42 73 58 4 61 92 75 97 44 14 30 22 65 11 79 92 97 84 17 39 36 76 54 55 34 54 53 91 53 29 4 74 35 71 37 8 62 18 79 9 25 60 52 81 40 86 42 35 91 31 59 79 26 93 97 10 41 17 2 55 79 3 43 93 12 41 7 14 28 88 99 90 88 98 43 73 59 82 43 73 61 37 67 55 30 43 40 79 82 13 52 17 72 56 28 19 9 65 64 97 67 98 74 44 82 42 3 90 9 29 26 73 31 54 6 2 35 44 83 80 78 98 24 
12 85 26 43 87 71 33 71 83 88 93 34 78 33 62 67 13 74 69 19 7 2 38 8 77 30 97 81 45 32 64 35 1 65 63 59 46 89 64 98 92 86 95 57 45 52 32 45 14 63 96 33 28 21 38 13 27 25 55 39 47 21 99 48 32 84 34 34 11 67 73 83 37 25 50 44 36 52 91 43 88 50 17 74 56 12 72 25 93 66 80 53 62 35 60 90 80 83 86 46 43 18 46 35 50 94 12 15 16 99 75 78 20 2 55 24 86 80 57 87 2 21 58 35 77 76 29 56 9 57 89 24 42 33 98 30 22 44 23 10 57 32 20 29 53 80 84 28 91 36 74 12 43 52 84 84 17 92 96 51 8 98 86 20 15 48 77 15 70 51 69 20 6 4 30 86 24 42 59 77 79 76 37 16 91 57 5 54 49 37 75 43 57 94 41 69 43 47 63 12 
97 60 24 27 83 78 37 35 20 71 16 85 37 69 60 51 84 87 83 15 14 17 88 8 91 62 98 97 13 23 36 3 4 1 71 61 17 62 9 69 26 16 7 86 89 98 53 41 11 59 61 28 27 80 13 21 71 45 85 10 90 79 40 81 74 41 82 75 76 76 78 84 46 16 36 65 68 87 30 9 22 84 67 73 9 48 68 32 48 80 46 41 9 0 20 6 88 37 5 8 67 53 40 12 43 39 88 62 14 45 34 16 25 66 77 46 92 95 32 87 99 69 5 6 79 8 50 41 14 7 8 86 43 0 28 53 6 85 93 37 42 19 5 30 16 5 47 66 43 0 85 75 20 38 3 5 88 81 7 52 43 34 7 19 91 5 68 78 10 79 0 2 5 5 19 83 81 98 17 38 74 92 39 52 2 79 30 61 91 35 64 9 60 27 98 72 44 69 57 64 
24 40 42 88 66 76 47 15 35 0 11 54 3 42 38 9 57 75 91 51 20 28 95 85 36 20 97 97 6 35 88 88 75 16 97 48 26 14 99 97 12 64 65 58 19 30 58 44 59 38 75 35 16 70 38 88 72 16 32 98 56 23 51 95 44 52 94 54 64 49 79 11 4 33 35 14 93 21 75 55 33 8 16 29 27 45 31 98 87 72 47 99 47 2 8 4 7 19 46 30 61 57 89 99 97 83 90 6 27 17 29 11 34 90 36 1 36 15 44 30 94 78 71 43 6 83 14 69 91 81 12 88 77 53 98 14 64 50 12 37 37 72 28 84 35 42 2 71 76 90 44 70 97 81 78 28 65 54 92 12 20 35 99 59 43 69 42 75 36 63 70 32 76 14 76 82 39 63 29 82 47 85 34 4 55 29 62 4 2 52 64 95 40 68 69 92 64 13 89 8 
2 49 81 99 40 82 46 16 68 66 19 59 24 1 48 25 52 59 93 40 63 88 17 79 84 32 93 95 19 38 4 35 77 92 76 38 64 60 72 36 70 69 19 86 23 45 49 61 97 6 65 27 4 86 71 64 15 3 27 56 97 75 53 22 95 77 34 28 56 80 59 24 18 47 25 27 37 37 5 75 22 98 13 7 22 14 78 53 15 58 11 51 89 32 66 67 84 43 21 7 70 83 76 1 40 5 85 38 62 42 44 69 82 60 92 10 21 89 22 51 24 28 97 80 0 98 73 38 29 30 48 65 60 20 54 58 91 74 59 22 37 70 62 13 58 74 40 85 80 66 51 35 11 46 89 22 38 4 4 9 38 70 6 75 26 23 92 89 12 14 91 8 75 75 55 48 54 91 8 0 47 82 17 83 96 35 71 50 50 26 86 54 78 24 9 69 5 0 24 24 
6 81 9 76 95 57 84 18 29 48 64 11 52 20 33 75 58 47 11 52 61 89 10 87 6 47 48 27 45 72 13 65 98 60 53 58 90 27 7 34 71 51 56 25 92 72 13 65 1 62 25 4 2 56 38 86 33 24 31 84 65 39 86 46 4 26 48 74 96 73 81 14 21 63 20 40 42 74 66 39 55 57 14 1 9 7 61 4 0 98 46 61 57 75 9 39 95 88 68 27 20 27 67 44 47 77 0 2 48 43 9 91 1 3 88 61 96 30 67 28 67 41 2 34 26 70 41 22 35 76 66 11 10 38 19 81 4 79 28 12 66 6 80 11 86 96 80 50 49 94 48 52 21 57 85 63 44 55 74 41 82 24 83 4 92 93 27 81 41 51 84 58 57 35 93 67 72 97 3 57 92 42 56 98 2 7 64 64 63 43 68 78 41 20 69 39 91 60 77 44 
29 5 61 47 93 15 18 57 51 61 15 58 94 35 47 35 47 50 27 69 70 88 48 51 87 82 62 31 50 88 23 97 97 44 37 41 81 5 33 88 36 36 62 12 63 72 5 27 12 70 75 65 29 92 68 49 42 92 13 54 10 32 84 14 65 68 5 86 6 45 9 95 67 35 35 37 46 33 51 78 12 16 58 93 45 67 53 63 90 25 53 98 58 28 11 61 76 5 6 15 27 19 18 91 71 29 9 31 0 78 99 27 20 27 42 13 98 36 55 55 40 82 68 8 52 56 54 51 99 44 30 48 9 92 95 56 1 18 74 15 20 8 34 52 32 75 77 5 3 67 63 23 87 30 89 80 92 77 96 91 89 36 51 93 24 4 14 6 0 99 37 97 11 38 5 31 99 25 25 68 56 40 27 36 57 93 60 98 20 58 17 31 30 93 24 73 51 5 74 92 
37 26 86 5 48 28 90 81 1 36 1 56 91 80 69 62 59 92 81 66 49 84 65 89 28 55 52 38 78 93 43 72 0 54 25 82 52 15 39 54 71 28 64 7 46 22 67 77 31 9 28 7 1 46 52 51 81 59 89 50 66 11 21 36 40 92 38 66 47 46 62 37 37 18 28 46 37 46 43 25 1 91 61 30 40 48 90 75 73 33 38 30 51 43 41 13 29 50 97 7 32 17 37 92 78 17 84 21 53 80 8 17 85 71 92 99 34 74 24 86 17 35 15 49 8 90 65 2 28 31 50 78 79 65 75 45 3 29 76 28 89 61 77 6 25 87 77 30 94 17 28 15 49 51 88 1 86 27 26 5 61 31 98 70 73 72 16 61 75 54 60 18 83 69 96 76 88 30 93 59 36 16 11 96 60 96 5 60 8 7 85 93 3 43 55 33 98 37 4 8 
15 57 44 32 12 98 44 19 28 92 94 74 53 55 82 63 34 79 30 95 75 96 68 41 55 54 86 97 86 61 43 58 3 57 16 95 26 86 65 59 94 58 53 18 45 63 11 57 45 70 11 22 55 72 4 58 12 13 40 80 35 30 41 18 38 75 48 80 85 16 35 59 89 71 59 84 83 79 72 54 22 67 77 45 95 91 54 60 55 26 75 20 24 7 2 65 16 53 61 90 21 49 62 52 41 39 46 56 48 55 35 66 56 66 38 88 79 51 73 62 24 35 5 9 71 33 30 48 18 70 89 72 40 91 22 6 4 99 68 2 59 20 6 40 25 54 23 62 5 98 52 22 50 71 88 93 32 90 61 80 56 59 85 65 89 93 88 61 52 14 60 9 13 81 16 97 97 79 41 65 2 87 49 58 22 63 2 3 73 12 95 84 89 50 50 58 22 16 98 57 
85 40 37 50 77 58 36 90 1 53 82 79 81 55 83 67 83 66 38 54 99 39 37 83 78 70 98 95 36 66 89 38 28 66 1 90 28 16 32 45 21 49 56 41 56 13 10 45 6 96 68 19 57 22 81 36 99 3 95 72 30 98 34 87 29 39 31 39 50 94 3 22 96 2 49 6 83 85 50 56 46 66 16 54 32 61 28 72 23 34 56 73 16 4 99 89 59 67 91 65 98 48 13 87 27 72 3 20 91 40 19 3 92 15 85 3 55 64 11 59 10 1 76 33 76 29 54 96 14 90 29 22 4 74 26 38 37 83 37 9 20 24 37 28 15 79 65 97 24 20 56 97 13 47 1 41 36 24 65 0 16 5 5 16 74 17 6 17 71 56 86 90 13 64 52 37 48 86 92 17 15 91 29 26 40 1 58 41 92 85 66 60 38 39 63 9 85 64 45 26 
0 35 72 67 86 61 48 43 47 97 16 36 45 24 21 53 22 25 91 93 17 25 87 42 51 81 95 11 60 16 40 9 85 62 94 60 1 65 37 94 91 95 38 7 38 72 59 91 52 74 24 81 90 26 26 44 13 81 13 23 89 47 49 16 46 39 68 44 23 35 35 41 85 61 74 73 57 69 37 56 73 33 1 4 33 91 46 3 72 18 37 28 8 15 29 62 58 65 62 49 27 39 87 74 88 37 24 65 7 26 46 64 94 45 42 19 3 93 43 59 1 29 44 36 26 20 73 66 54 33 88 53 59 98 3 15 53 61 69 30 31 0 74 3 6 82 55 35 70 90 9 19 64 84 20 37 91 72 3 49 57 93 78 61 7 35 61 93 87 65 71 37 18 58 13 32 30 48 60 9 42 13 4 33 48 78 71 8 58 97 41 7 16 31 77 25 0 22 3 40 
59 39 44 42 28 44 83 77 10 4 61 92 35 39 88 47 66 67 15 17 60 95 41 31 2 23 79 20 42 12 71 19 25 9 46 53 24 50 4 36 45 9 11 83 39 59 85 14 85 72 22 80 32 12 57 91 44 39 29 40 76 64 72 72 32 55 91 30 50 77 96 74 92 47 12 69 17 5 51 22 98 72 78 68 19 6 8 53 94 14 20 31 51 18 77 69 16 87 2 20 55 40 12 63 34 99 45 59 7 57 43 63 56 7 81 7 40 12 10 90 31 73 58 94 94 59 28 55 42 79 54 61 27 96 66 42 76 8 47 77 54 72 47 32 32 49 50 39 88 11 14 42 19 42 37 81 2 49 60 42 62 30 5 71 61 47 43 88 45 42 97 71 77 17 84 26 58 95 13 29 95 62 70 53 19 35 59 68 14 31 9 14 51 37 94 91 62 75 92 14 
66 66 26 41 68 40 7 82 89 5 18 29 4 69 93 7 47 67 50 10 79 86 11 54 78 23 9 80 42 8 59 34 79 75 80 38 29 98 98 34 37 65 29 6 60 44 95 51 6 75 45 57 81 48 34 56 35 72 54 20 15 12 26 68 87 21 90 35 66 26 11 58 40 25 90 86 86 84 88 42 29 65 64 7 83 24 42 74 1 64 81 77 44 5 36 6 15 21 63 60 59 40 61 64 55 28 61 43 11 24 53 68 68 96 42 77 86 35 71 73 48 40 26 4 27 83 68 39 78 86 61 89 33 65 27 98 5 78 54 10 38 81 32 57 2 97 65 74 65 43 49 49 10 35 41 73 37 12 64 94 17 20 27 54 83 4 27 77 60 12 25 99 44 50 34 73 31 51 32 56 5 26 41 5 4 82 23 44 53 46 35 72 95 23 17 42 79 5 4 89 
88 89 82 82 12 67 35 47 16 6 91 69 61 72 41 47 8 72 22 97 0 12 21 5 69 92 39 22 30 96 38 22 46 98 50 14 4 52 76 85 73 70 42 42 98 79 47 81 58 57 3 95 37 83 62 64 46 82 50 55 22 82 5 4 46 57 31 36 81 98 95 89 9 84 30 95 88 57 81 52 78 53 11 91 1 42 98 27 99 46 84 82 15 78 17 94 27 12 51 76 85 80 34 4 21 43 85 32 42 30 73 40 19 5 76 25 67 53 65 0 20 26 30 70 5 13 14 94 82 71 8 86 96 14 59 41 33 76 84 77 80 96 13 29 53 48 76 53 20 20 3 0 60 0 24 34 66 58 4 38 98 68 24 30 1 65 12 18 19 69 55 73 96 1 91 6 13 50 69 55 52 32 80 75 24 36 19 13 13 97 27 99 16 33 33 32 61 71 24 17 
54 40 75 18 55 69 30 28 19 71 33 26 94 84 64 81 79 64 13 96 32 26 23 16 71 94 53 31 12 55 99 27 96 33 34 62 36 98 85 55 82 0 27 87 83 16 56 6 46 42 24 27 20 86 29 71 20 33 15 88 29 78 68 8 62 54 6 6 17 2 78 83 39 57 55 38 34 17 22 9 72 58 82 2 44 60 15 42 11 0 67 51 96 82 33 52 27 37 82 9 54 72 60 80 49 48 40 7 0 50 95 87 94 58 37 5 80 12 51 82 15 38 41 88 70 22 57 59 56 10 65 81 12 45 51 46 65 51 56 2 76 92 4 72 40 88 48 71 14 51 3 43 28 84 81 51 83 63 36 60 72 31 77 16 95 32 35 20 26 33 22 87 95 93 79 68 25 84 30 89 0 28 41 85 72 37 83 47 38 80 34 28 56 86 21 63 46 25 60 79 
97 91 74 45 1 23 18 46 93 76 77 35 38 75 27 68 89 89 91 69 16 61 80 3 11 18 17 26 17 96 11 35 2 47 96 45 41 57 12 48 78 62 64 5 1 33 63 19 79 64 65 29 68 6 32 61 98 40 96 25 2 90 34 36 20 56 93 43 39 84 57 52 65 29 51 47 0 57 12 75 35 79 13 95 23 24 51 50 37 51 44 3 30 70 42 33 88 63 43 51 29 3 76 39 41 94 46 96 89 11 70 4 72 77 59 19 49 6 29 85 35 83 61 90 80 36 15 48 65 14 47 60 44 26 95 29 40 35 5 73 61 71 97 14 31 30 12 72 53 52 23 20 92 28 25 96 62 41 98 39 40 8 54 24 67 42 5 42 22 59 0 55 18 62 88 45 8 75 22 48 83 39 55 77 34 7 33 26 32 76 33 99 84 13 90 41 80 17 26 1 
44 99 87 99 36 79 5 44 90 7 99 57 97 26 83 49 39 35 33 68 19 81 98 60 34 54 5 68 11 66 82 36 46 21 35 56 63 3 72 60 90 82 93 64 56 45 25 63 47 57 53 25 27 73 31 90 78 86 57 13 61 10 93 41 95 12 98 93 21 21 11 13 75 53 74 88 67 77 35 53 87 75 70 63 63 79 10 56 63 93 24 35 38 87 44 85 16 92 41 61 77 69 15 23 38 67 60 67 39 13 0 53 78 91 74 92 48 39 6 67 61 84 64 20 21 76 21 3 24 78 53 69 65 23 72 50 30 64 85 91 59 21 4 36 65 65 43 13 37 38 23 68 34 66 87 30 2 1 73 5 24 41 28 45 66 76 3 53 92 49 64 37 85 82 94 42 80 87 31 14 63 71 33 68 35 39 48 90 43 99 85 29 79 85 52 33 31 27 94 66 
20 53 61 5 85 22 56 51 82 7 16 67 33 46 3 54 7 31 55 72 14 17 3 92 10 11 20 33 52 24 98 55 37 0 92 43 64 44 5 75 20 37 48 63 92 15 39 9 84 99 60 36 91 15 44 74 93 42 79 32 31 92 68 25 24 46 84 23 6 29 85 97 33 51 1 52 28 75 41 88 22 62 3 97 95 30 53 63 95 66 91 35 73 98 18 16 80 72 51 0 30 71 76 42 18 19 26 28 0 1 39 20 6 33 36 53 49 77 41 79 44 68 99 2 29 58 66 39 2 57 53 83 33 41 59 30 94 68 27 48 13 46 2 97 40 51 27 58 55 84 87 81 54 90 99 77 53 65 27 40 41 70 64 5 19 87 8 89 42 91 88 47 74 8 58 87 87 20 60 17 50 88 69 99 66 71 63 60 41 22 49 69 70 14 13 11 30 6 0 15 
62 7 73 87 0 98 39 22 67 4 35 57 16 40 94 95 43 44 19 2 62 9 7 47 56 81 4 40 17 33 11 75 45 64 34 10 14 1 42 9 26 96 1 24 41 0 70 5 7 39 71 40 96 54 19 30 56 95 30 47 6 89 14 6 44 70 35 82 81 83 25 21 97 47 88 16 20 8 37 35 34 43 75 35 58 62 92 9 82 41 93 39 62 64 83 13 30 30 88 53 5 23 50 2 7 41 77 19 90 49 35 24 97 77 3 28 41 16 2 82 73 30 82 13 24 36 56 37 68 75 57 95 33 9 43 68 38 87 97 3 59 50 36 15 20 51 75 86 76 77 61 47 90 2 70 17 72 89 3 61 81 34 86 66 81 6 62 35 62 24 90 29 78 20 8 57 86 75 96 92 72 84 73 73 16 62 72 19 96 49 62 96 46 25 36 8 47 60 29 22 
80 16 54 72 71 10 23 34 35 17 80 81 9 53 47 64 64 5 23 6 54 94 68 29 35 66 49 55 60 30 70 55 44 92 60 66 72 84 81 66 37 39 96 46 6 80 21 64 33 55 9 20 82 75 89 49 71 37 83 85 67 45 72 92 33 7 36 93 50 82 83 40 42 67 61 63 59 74 32 48 12 33 29 55 57 57 24 80 42 40 12 39 77 55 55 98 84 45 53 58 19 25 63 86 66 57 6 28 38 50 53 33 85 53 95 92 63 47 75 82 22 45 94 4 85 15 39 68 56 19 69 17 67 44 50 98 10 87 10 25 16 72 82 35 55 26 38 62 87 65 69 54 40 48 0 26 17 30 76 44 34 67 55 50 22 47 13 41 37 35 39 21 80 17 25 78 19 85 40 23 97 43 74 98 23 3 81 63 45 11 50 60 58 92 31 16 83 55 11 87 
97 4 4 73 19 68 12 82 96 68 60 46 31 58 82 16 48 64 79 68 15 18 45 29 27 23 1 68 26 35 39 71 99 95 64 25 32 57 77 11 31 98 10 22 98 65 58 81 54 10 41 9 8 19 41 59 29 18 49 43 68 95 95 39 41 35 97 37 57 93 87 92 23 64 51 0 89 29 60 5 67 50 71 74 19 63 22 2 45 96 43 94 33 92 2 1 83 44 30 93 6 63 69 26 65 84 89 80 62 93 81 68 7 19 85 38 13 77 33 74 11 37 32 32 16 57 87 70 68 75 67 92 0 99 21 17 40 68 81 45 17 81 81 85 84 81 47 63 33 97 20 62 90 18 82 20 90 70 76 66 69 70 36 23 67 10 38 5 53 24 3 69 31 93 17 9 27 96 41 31 57 40 60 27 31 42 74 5 66 51 24 77 82 4 6 63 6 50 48 98 
36 50 8 10 20 6 11 96 98 85 27 75 41 65 98 61 77 74 5 24 65 37 55 58 58 78 99 69 94 90 43 75 40 44 2 81 3 79 85 74 9 95 21 51 14 12 8 96 29 72 85 65 11 7 89 6 41 22 52 92 46 35 83 86 14 98 71 46 81 44 62 3 32 39 16 98 12 30 68 32 43 26 12 36 39 50 14 17 97 59 85 31 51 11 24 49 89 26 17 57 21 50 25 15 30 51 22 78 10 82 17 72 98 19 93 65 89 0 15 91 83 41 99 73 9 17 90 52 62 46 58 17 4 51 96 45 87 33 0 37 29 40 58 90 35 28 55 31 78 40 78 32 50 49 44 59 87 65 38 89 13 98 29 52 81 54 58 66 48 81 23 8 56 21 1 96 13 24 72 40 26 59 20 80 99 26 54 49 33 80 54 87 85 16 10 72 77 68 27 86 
81 81 49 47 92 56 13 35 21 43 3 74 64 63 58 42 65 40 75 23 65 29 91 9 74 2 0 42 28 55 54 81 9 19 52 90 76 17 66 58 66 46 52 10 97 95 38 35 30 56 41 13 40 92 70 24 69 79 81 78 37 18 85 34 17 7 19 32 89 24 60 19 17 56 7 7 32 51 10 71 74 69 63 38 29 62 73 36 18 36 48 83 89 38 3 95 8 51 21 87 83 74 31 36 65 57 40 79 90 68 52 38 30 31 68 71 37 38 54 85 88 88 45 83 3 42 85 50 79 21 44 17 53 74 11 7 91 29 3 92 95 61 78 24 58 58 70 72 79 4 28 50 40 11 68 84 44 66 77 92 53 12 59 11 0 81 32 21 35 49 64 67 14 90 98 88 41 63 28 53 45 17 6 9 93 45 58 51 79 94 88 45 39 49 82 4 67 22 27 81 
60 16 75 8 88 59 22 91 16 50 18 78 95 16 74 80 88 23 41 0 53 87 94 8 73 19 45 58 39 41 22 54 19 31 68 43 28 53 25 65 50 17 28 66 2 13 75 16 25 40 58 67 17 16 40 79 14 2 32 83 35 26 50 43 23 48 91 16 91 0 83 78 96 62 2 54 74 5 89 73 91 16 33 39 28 65 64 28 79 74 75 45 56 10 4 26 41 25 45 26 4 70 36 34 66 40 60 3 98 94 92 42 2 40 3 61 54 31 39 28 7 40 18 94 74 36 10 77 64 42 72 26 4 17 88 8 63 3 74 54 63 31 28 89 27 87 90 93 66 85 6 23 63 63 94 66 32 92 30 12 77 41 38 20 66 68 79 10 11 96 65 74 4 9 5 44 30 33 64 83 45 79 0 89 2 72 77 55 50 79 18 81 84 28 85 68 75 32 45 54 
63 94 67 78 26 2 31 76 94 47 43 67 10 42 24 41 37 53 96 35 90 76 36 71 52 3 75 46 23 91 22 57 59 66 33 37 77 93 46 57 96 92 97 33 58 17 48 1 3 92 28 40 17 71 3 5 65 92 15 85 73 11 46 38 62 74 96 76 76 10 23 95 4 24 41 20 56 20 7 55 61 97 63 84 74 64 43 44 40 85 64 70 66 68 50 55 65 12 6 3 87 62 32 69 73 0 75 57 13 52 1 28 95 42 75 4 74 4 7 84 9 97 64 73 45 44 68 34 44 0 29 50 12 32 10 93 51 99 46 24 81 83 93 80 80 93 54 91 76 15 85 57 67 77 34 50 67 73 98 5 70 84 44 65 24 84 94 85 79 29 52 89 15 72 85 78 81 81 6 19 74 63 60 66 99 96 82 77 91 31 2 98 3 42 14 83 78 59 50 98 
17 62 40 72 48 80 72 88 21 63 18 86 72 30 16 16 77 22 28 86 18 36 14 17 96 45 53 29 27 76 80 91 20 99 38 12 83 53 51 12 45 90 25 73 84 7 38 52 68 51 40 24 92 90 92 36 57 58 20 43 6 99 82 90 65 31 22 2 1 10 80 27 61 6 13 84 91 30 40 16 92 76 38 96 28 69 66 93 17 76 91 57 17 5 22 25 51 47 52 22 21 83 24 9 92 24 85 39 87 16 3 24 99 16 22 26 14 59 63 70 1 87 26 83 76 13 31 98 71 98 5 40 36 85 39 69 26 43 21 13 40 56 7 30 90 16 9 54 52 30 7 13 56 39 33 24 0 87 37 75 9 28 3 72 82 71 54 93 4 95 57 4 22 55 33 84 59 87 29 43 75 57 89 75 19 81 36 1 85 40 36 32 68 41 19 25 98 74 55 99 
62 4 37 90 80 27 23 48 26 97 99 11 66 65 35 7 86 52 71 91 98 59 88 11 80 42 10 25 0 72 35 76 87 95 61 40 2 34 54 48 67 14 48 56 7 21 32 71 76 17 62 51 16 8 21 59 66 58 46 82 13 55 15 84 28 79 6 42 85 16 71 81 13 95 54 35 26 69 36 25 97 75 45 32 50 67 59 55 38 45 81 97 33 59 50 51 56 68 2 3 65 19 81 82 20 63 79 24 56 33 0 66 50 82 41 33 29 25 26 88 63 92 17 85 95 62 91 44 68 99 90 17 17 41 55 53 5 34 65 82 41 50 10 62 95 58 48 73 13 49 46 10 2 42 72 52 80 90 60 97 84 7 99 30 26 21 71 68 4 84 74 59 92 99 51 49 43 48 19 29 73 83 75 48 71 71 13 56 40 10 72 48 79 53 35 11 51 76 96 72 
80 54 45 21 33 5 7 34 3 63 87 25 21 52 2 96 77 84 55 74 98 71 79 38 53 23 56 12 89 37 70 9 86 44 70 89 94 70 95 27 3 71 67 9 11 91 9 20 52 43 64 38 90 64 29 47 68 3 36 73 47 76 29 63 29 48 52 3 44 76 29 6 61 5 54 13 68 13 54 53 17 75 87 96 21 25 69 86 1 40 29 85 70 14 41 85 46 56 81 59 30 83 91 56 24 24 30 56 91 8 19 99 20 1 52 88 75 70 82 9 63 7 6 30 14 77 6 1 28 55 96 0 34 93 59 93 26 48 90 11 89 46 54 66 28 3 39 33 71 60 45 2 47 71 19 6 6 80 92 33 88 90 81 64 48 56 47 40 92 93 9 38 77 42 9 98 70 24 8 45 6 30 71 22 76 28 71 98 47 36 31 78 34 35 5 65 73 32 65 91 
37 72 85 49 41 21 66 6 29 37 67 50 83 65 36 61 92 39 48 77 12 15 19 0 61 93 18 80 49 59 23 72 70 88 89 8 13 86 72 11 14 8 45 32 79 91 16 18 99 55 81 5 86 56 89 34 58 61 21 1 55 87 64 48 18 42 49 34 62 53 39 29 25 31 80 61 78 47 88 59 55 24 86 24 24 15 67 86 32 65 94 71 80 43 96 55 38 97 1 64 0 15 46 52 17 98 61 60 71 50 58 18 77 86 95 0 91 25 50 62 88 24 38 91 51 36 91 97 41 73 6 59 10 11 71 4 70 24 97 68 58 30 31 4 39 82 89 83 27 29 63 75 17 22 63 82 73 81 89 81 96 22 30 92 17 89 89 16 58 89 38 82 45 58 16 25 5 75 94 45 7 47 0 5 36 0 67 10 22 74 62 84 31 25 30 98 20 9 45 85 
70 33 58 18 77 18 48 25 63 25 23 76 87 16 19 67 85 97 92 72 81 87 46 55 93 89 6 60 60 80 77 15 97 24 39 76 45 42 62 55 92 89 4 54 92 79 43 51 27 77 0 75 6 9 45 76 91 50 79 81 17 17 58 78 44 95 19 43 7 71 64 65 28 14 46 9 90 92 27 79 50 5 65 53 98 35 60 99 24 37 15 50 10 17 96 14 82 70 13 97 99 57 53 45 32 12 39 91 57 24 29 44 68 0 81 56 29 5 57 50 81 9 96 47 3 18 27 35 65 67 20 28 98 94 29 84 88 24 93 37 71 85 68 10 14 46 19 53 78 8 5 55 73 86 88 0 66 74 56 56 9 68 22 85 19 96 24 45 71 49 63 34 59 2 64 77 83 23 71 72 98 39 33 75 5 17 37 25 4 13 17 94 19 16 50 67 56 78 70 26 
78 15 52 64 47 76 69 44 93 4 5 53 17 42 7 10 5 77 42 57 72 77 80 5 91 16 16 64 2 9 99 93 0 47 50 17 75 53 99 89 84 56 45 59 70 38 57 96 88 38 78 21 23 84 43 77 44 31 48 47 31 64 3 52 50 64 60 78 21 92 6 82 21 44 91 43 65 58 9 5 99 65 43 57 92 34 8 5 23 57 58 43 91 95 14 41 31 10 34 83 66 98 38 4 28 91 31 74 19 78 61 12 69 53 44 97 17 1 38 87 95 14 70 97 98 38 24 36 72 30 71 20 40 49 75 71 16 49 29 6 88 23 72 62 55 22 41 53 42 71 97 21 85 87 29 77 47 2 25 55 93 22 89 64 75 7 66 34 21 98 5 15 3 24 66 3 4 24 42 28 56 11 48 44 9 19 57 34 6 10 78 77 33 89 55 77 11 76 21 47 
9 51 88 99 69 25 34 87 21 4 3 75 51 30 53 96 6 19 59 42 16 62 5 89 93 20 82 41 27 70 86 68 93 7 28 4 97 83 2 2 33 1 96 7 30 51 7 20 40 17 28 91 93 3 96 48 64 69 0 21 47 83 3 58 52 66 87 35 72 64 57 72 93 84 77 45 34 70 2 62 33 79 98 94 60 56 73 78 95 19 22 41 32 23 50 81 16 89 43 44 89 83 55 56 13 47 83 8 78 35 30 36 94 61 59 15 14 57 58 43 21 46 8 40 18 4 1 4 77 95 58 43 81 29 17 19 56 17 64 95 19 67 15 95 62 81 9 74 90 83 69 74 7 55 39 48 16 88 30 33 48 68 42 56 56 36 61 29 83 43 25 93 21 33 82 95 59 21 70 6 69 61 60 40 4 13 69 7 75 83 8 38 69 53 89 66 29 87 72 22 
73 75 15 43 55 78 85 60 37 20 72 5 34 91 82 46 57 80 44 22 22 71 42 96 67 21 6 75 89 70 34 69 99 52 32 37 65 60 45 85 37 51 1 13 46 90 83 66 66 13 18 77 54 82 2 23 95 40 80 1 31 90 64 84 92 46 26 23 73 13 83 68 22 9 20 95 5 12 47 44 90 95 1 12 42 91 91 99 96 71 89 53 60 94 76 9 69 22 28 33 0 85 85 43 50 54 9 35 18 32 22 98 10 6 43 54 3 83 45 44 71 4 52 58 51 42 20 61 78 38 49 86 17 98 1 15 30 75 32 68 97 95 88 74 33 19 86 81 89 21 64 13 12 26 73 62 93 71 6 28 82 17 87 23 29 22 49 91 68 18 65 52 0 95 25 61 88 69 49 27 59 81 48 99 66 46 4 31 42 96 48 61 77 72 85 0 87 41 79 81 
24 30 72 97 89 3 9 52 63 52 32 9 18 15 30 98 37 42 49 86 65 77 89 90 45 17 35 33 77 9 38 31 82 12 93 0 32 35 20 36 1 61 87 34 41 88 72 74 26 49 57 99 35 87 40 41 91 55 81 18 95 0 73 27 16 2 56 41 74 20 66 12 6 46 82 60 9 43 39 62 17 95 94 30 31 41 43 79 14 87 79 6 46 61 98 87 93 91 66 92 66 61 56 46 3 26 97 97 13 68 59 68 21 77 9 59 9 67 73 4 0 8 37 2 6 85 24 99 35 3 81 72 33 43 96 76 8 38 64 79 86 96 97 98 7 78 34 81 99 37 70 23 61 74 11 67 26 11 63 93 91 91 38 26 7 60 28 72 28 56 63 56 64 2 75 97 66 15 82 17 35 72 38 42 66 69 37 42 67 55 23 95 28 98 94 82 59 86 54 11 
28 43 58 64 26 42 55 45 83 62 15 39 61 31 85 39 11 74 71 94 24 77 48 39 10 64 83 20 6 41 48 4 63 27 25 97 24 17 28 94 98 93 43 39 26 23 79 27 75 96 82 38 6 18 10 59 91 62 59 44 99 51 12 69 78 97 93 97 87 38 49 63 6 39 29 93 90 31 24 90 35 3 52 77 61 93 17 60 77 51 57 74 67 58 16 88 77 36 36 94 15 61 12 77 64 97 44 0 16 87 89 16 22 60 18 4 8 67 74 85 68 91 92 49 45 49 59 18 19 52 48 6 47 87 68 60 15 86 18 45 77 31 4 93 25 58 29 95 75 10 19 12 57 35 98 66 10 21 9 83 20 22 67 2 36 63 5 44 64 90 54 64 52 84 6 80 23 17 48 78 99 8 57 55 92 98 90 37 46 49 98 11 26 77 51 37 34 45 11 61 
70 90 76 49 62 9 60 42 85 86 90 5 56 93 21 99 76 88 96 98 40 85 58 34 98 13 71 57 72 69 70 15 50 25 24 8 34 82 60 43 75 40 53 43 61 71 81 64 5 77 32 33 93 61 85 83 27 55 14 56 54 48 34 41 11 95 82 41 37 60 40 87 8 83 48 17 7 28 71 74 69 30 58 17 8 22 43 99 27 86 18 83 57 9 51 52 54 64 54 27 47 70 26 46 60 16 34 67 26 96 22 57 73 74 18 43 66 55 24 54 34 54 34 74 1 21 37 92 99 57 60 39 43 60 80 59 65 66 57 57 21 81 65 76 56 98 4 23 86 25 92 24 77 0 30 85 77 30 40 41 61 93 32 65 85 15 29 75 44 53 40 35 72 73 34 64 8 84 60 57 61 10 71 25 39 26 22 24 86 30 40 87 9 53 54 49 70 37 65 6 
80 61 59 68 32 35 56 57 77 79 43 65 59 33 22 36 34 98 10 18 0 61 18 49 70 43 59 50 2 37 44 72 75 71 38 45 97 80 59 63 4 20 91 18 55 59 31 47 55 8 74 16 34 2 16 52 97 37 93 54 93 36 25 93 57 54 82 75 66 27 39 90 85 77 61 42 97 34 92 12 65 75 78 86 76 81 44 24 65 99 53 95 29 4 98 60 15 79 77 51 48 76 88 17 75 9 58 15 42 49 59 56 41 15 34 16 87 70 80 97 7 19 84 94 69 84 83 67 89 72 96 88 26 3 98 61 19 44 0 70 22 4 18 10 58 72 39 46 39 54 30 35 47 23 48 59 47 69 66 12 14 95 23 21 89 1 93 38 84 31 25 22 4 11 91 72 42 83 67 3 7 91 36 77 64 59 23 85 71 25 36 60 14 64 95 1 69 1 97 40 
99 85 16 45 1 31 96 76 13 83 79 68 76 92 4 97 30 1 32 22 91 34 41 14 71 61 26 69 1 16 98 91 11 46 72 29 33 64 84 27 16 64 84 41 69 70 5 37 42 59 18 68 92 88 1 84 23 60 86 53 65 68 85 50 29 18 79 19 91 56 39 69 19 51 36 42 19 91 43 10 52 32 71 44 41 22 65 44 66 33 53 33 46 27 44 19 17 34 32 11 7 69 77 78 77 27 45 43 65 62 22 99 36 81 30 58 39 16 47 8 21 74 61 41 4 41 29 28 98 17 47 57 90 70 78 34 75 36 98 39 20 0 10 58 92 65 51 38 65 30 97 21 31 81 21 96 38 96 54 18 16 56 52 25 56 76 22 56 84 87 98 8 72 36 7 73 83 32 70 95 69 69 25 42 65 38 60 71 25 66 41 61 9 34 91 6 24 45 57 97 
1 15 67 48 48 46 13 73 87 98 7 31 43 48 13 54 15 95 60 58 77 31 36 0 70 59 28 78 91 84 59 49 13 16 72 12 17 82 28 18 12 36 30 64 88 59 36 52 96 30 44 37 17 49 89 85 18 71 3 35 92 6 40 36 33 46 65 39 86 9 48 40 20 49 23 67 76 42 37 98 81 82 56 72 73 90 79 30 59 3 8 93 40 73 76 58 61 62 78 55 8 70 6 7 96 2 87 68 22 14 62 22 1 84 52 14 50 69 54 56 93 50 20 90 83 24 76 78 56 75 95 70 70 85 28 90 22 17 36 42 47 34 82 25 45 63 40 37 92 15 58 51 45 69 25 13 48 75 78 34 3 62 12 50 5 55 43 98 62 53 35 59 78 43 5 46 57 11 8 31 82 63 35 10 59 74 64 37 99 91 92 32 73 94 77 45 84 55 12 75 
12 19 97 1 20 92 3 59 72 44 96 5 13 65 29 27 74 15 58 59 78 7 20 80 67 67 86 59 53 41 25 1 19 29 84 41 81 9 48 74 50 75 57 26 84 13 80 36 51 64 9 59 94 11 68 92 36 77 16 18 29 14 44 28 23 86 74 71 12 34 44 4 9 47 57 44 0 48 64 70 9 23 71 73 6 0 6 83 29 13 29 64 42 85 24 7 89 90 93 34 37 88 27 69 22 92 85 61 45 21 21 37 25 22 79 88 71 45 36 36 81 54 99 63 24 10 21 32 73 1 19 64 89 66 98 53 88 11 6 70 2 25 23 77 30 52 80 46 28 34 93 8 86 48 52 29 82 90 22 25 50 76 7 75 72 9 91 47 28 59 70 79 35 3 75 33 17 2 76 73 51 63 9 91 93 0 30 99 1 4 17 19 93 31 1 40 65 3 39 77 
57 92 43 20 13 71 79 90 66 51 14 18 56 41 16 45 44 45 19 64 69 76 25 45 93 12 53 83 57 14 43 5 9 23 4 73 12 25 4 65 16 43 26 13 36 56 14 34 7 75 61 34 81 42 30 41 35 25 2 80 76 18 29 32 80 63 16 9 15 42 87 76 96 47 56 45 19 38 99 25 69 51 75 35 9 83 84 77 26 5 38 26 20 33 63 58 55 80 93 17 47 73 27 15 25 29 0 56 12 65 67 23 43 56 64 20 30 22 3 62 99 49 29 42 0 61 7 90 74 11 94 73 40 82 23 12 16 84 2 4 28 56 46 68 1 70 14 89 96 32 35 44 42 79 93 61 66 10 55 70 4 46 63 5 97 45 41 25 0 65 54 34 19 11 64 72 70 1 60 66 66 24 97 35 2 18 31 73 7 2 34 76 2 44 92 29 98 51 76 59 
38 58 0 82 11 75 45 79 2 86 18 23 73 94 67 55 16 11 91 54 86 3 36 89 47 18 89 12 32 96 59 14 77 38 28 31 7 3 18 72 6 56 52 23 25 42 90 91 43 0 41 34 44 60 53 29 12 82 42 44 23 22 20 98 58 13 47 55 13 96 69 4 50 36 46 15 0 89 79 36 72 56 62 27 56 26 73 48 25 75 59 99 74 55 50 87 13 52 11 12 46 96 24 67 21 45 28 67 89 58 44 82 74 43 48 2 43 4 20 37 5 66 28 70 94 90 45 92 25 14 26 47 29 97 5 17 4 35 79 31 86 89 27 61 18 22 81 16 64 6 50 57 92 49 85 72 30 8 61 31 43 59 42 92 59 66 98 86 34 46 25 83 28 67 2 73 28 48 51 6 20 20 47 40 91 50 51 75 7 95 59 86 66 4 65 31 71 48 57 70 
8 51 43 50 58 51 11 21 83 69 40 39 19 19 67 86 90 89 24 61 21 53 25 82 55 64 77 35 46 34 68 4 46 17 62 77 93 81 93 47 87 30 71 25 76 46 26 63 4 8 57 75 43 62 16 74 93 79 80 98 67 60 82 61 91 72 20 68 92 9 52 93 38 2 51 34 80 93 9 79 6 21 83 73 85 45 88 28 21 54 57 94 95 7 15 49 43 37 11 39 52 64 59 72 53 21 74 52 26 97 98 77 60 96 17 39 0 2 94 38 71 84 36 88 62 66 83 12 96 31 5 66 12 21 52 0 11 47 75 20 51 73 42 2 17 63 54 69 80 81 84 41 62 97 1 32 43 9 2 97 95 98 92 40 21 97 98 96 10 37 46 65 34 14 90 38 21 84 76 50 24 39 80 73 43 13 80 93 50 48 84 90 83 79 75 75 31 23 65 49 
42 78 87 1 92 54 52 69 9 78 78 23 9 79 96 74 49 49 17 97 9 12 41 9 54 9 42 69 37 75 54 88 56 47 54 94 85 11 10 19 5 62 3 44 15 49 82 23 41 48 8 18 45 4 53 47 96 52 60 7 8 37 95 3 24 19 15 97 44 44 7 79 24 47 13 61 29 5 53 66 70 47 61 89 65 41 96 96 54 64 15 28 51 10 85 62 9 98 86 82 9 94 18 10 7 69 15 38 15 56 56 85 77 81 68 90 75 49 47 20 64 34 6 26 83 1 24 99 31 12 67 9 30 40 53 44 17 33 1 94 10 14 73 69 61 10 5 57 95 2 48 18 17 73 49 43 95 99 5 20 36 22 75 58 24 14 55 17 43 29 11 67 58 37 79 6 79 58 93 13 82 16 4 59 29 94 8 13 52 2 90 99 90 15 72 92 58 53 96 65 
97 16 33 47 42 67 86 88 11 42 38 99 4 54 92 51 42 64 64 18 89 56 41 78 53 3 40 32 30 7 16 95 46 79 40 47 23 51 38 46 28 41 30 80 32 19 46 34 85 15 79 62 56 81 48 73 74 67 73 82 84 7 19 21 50 96 50 62 64 18 75 77 59 63 67 65 79 66 8 56 49 75 30 39 2 43 37 2 60 42 17 34 5 26 41 53 94 74 68 46 74 38 73 85 87 9 7 29 32 88 45 64 12 1 45 23 89 88 98 52 76 60 62 32 85 50 86 44 86 17 11 33 33 66 73 74 89 10 48 55 88 63 92 44 42 72 1 80 17 39 21 10 10 86 22 7 19 74 91 46 89 22 13 48 60 27 77 20 0 58 8 86 14 75 87 50 0 68 88 60 93 97 61 5 73 71 52 76 15 74 18 82 92 80 56 35 83 63 26 66 
9 37 86 15 19 54 61 75 38 94 48 64 34 9 38 1 34 67 91 80 87 3 72 45 42 43 6 90 7 57 89 62 32 64 98 90 55 42 46 79 95 85 36 15 96 63 40 62 20 55 65 72 53 24 82 32 76 96 77 29 8 41 68 58 72 15 72 79 77 94 6 25 40 69 23 27 74 64 83 23 16 37 45 31 41 81 78 41 22 46 32 87 33 56 65 7 94 92 88 2 50 39 41 83 92 71 67 90 72 22 19 94 62 52 83 20 52 95 94 8 95 97 82 21 43 53 46 69 49 29 42 62 13 55 11 23 0 42 67 57 3 68 32 81 57 61 15 54 29 97 21 7 40 49 89 7 34 96 13 35 82 85 78 24 11 97 12 18 99 94 43 96 83 99 2 29 89 22 29 38 22 63 54 44 88 63 96 73 45 30 28 70 60 16 88 64 63 30 4 44 
86 35 30 63 39 33 13 85 39 22 90 28 52 50 55 33 96 95 27 35 88 5 89 75 76 39 80 82 98 64 48 16 13 70 10 98 36 61 10 39 43 73 16 0 17 57 15 20 11 59 26 60 52 56 27 84 45 65 14 66 15 90 66 16 19 94 18 96 49 55 39 41 96 52 36 81 25 28 26 90 70 37 81 38 29 92 2 38 73 67 95 51 91 40 51 30 41 36 99 6 59 64 77 85 83 62 35 89 83 87 44 98 36 32 64 75 54 67 42 12 89 11 77 67 6 59 92 83 34 47 51 96 54 83 69 97 79 67 39 90 80 67 25 2 62 80 31 68 36 80 7 88 83 95 1 56 51 38 11 31 47 43 19 54 61 80 57 74 85 96 29 9 8 47 57 96 56 46 19 60 22 12 89 44 99 75 84 83 23 77 30 38 83 68 99 20 85 44 83 83 
89 68 66 18 34 52 60 9 53 17 78 57 37 81 44 69 72 37 97 99 57 57 68 35 39 59 68 21 1 98 86 30 6 99 61 80 66 49 54 9 42 14 13 9 45 58 32 83 95 27 23 78 34 69 76 92 35 51 16 70 62 18 73 53 41 70 37 9 86 18 91 0 6 83 73 25 17 52 6 45 84 21 96 42 38 13 40 11 46 36 89 35 23 21 82 97 21 16 72 39 15 51 56 53 18 34 56 97 61 89 88 49 14 21 67 37 28 5 43 37 8 39 73 4 85 1 52 6 35 5 21 23 83 53 95 14 5 3 80 73 34 36 31 61 49 93 32 25 36 70 1 46 78 75 78 13 19 69 51 64 90 66 24 37 62 35 93 93 56 20 7 85 28 73 88 14 10 60 70 90 39 11 62 85 72 24 90 57 6 42 47 90 55 90 69 41 28 57 31 75 
47 47 83 84 74 57 9 80 45 47 47 70 49 45 6 40 29 27 15 50 34 82 76 42 21 61 92 46 32 92 19 44 13 3 39 11 81 59 80 99 89 33 74 87 89 95 45 97 46 18 72 22 94 0 70 42 69 91 81 22 66 19 39 55 47 73 83 26 65 91 16 15 71 62 12 19 88 33 91 13 11 28 29 26 91 49 61 87 39 89 36 19 31 66 34 34 96 32 43 73 13 82 64 7 38 6 35 28 81 43 88 48 99 14 38 33 32 91 14 41 94 58 77 78 67 6 80 43 69 84 95 84 53 99 6 60 3 66 36 62 13 18 13 33 14 62 99 37 34 4 59 7 19 27 68 91 85 54 52 47 93 33 95 10 58 58 21 26 62 69 23 59 68 97 72 34 49 87 60 48 88 44 57 23 61 22 26 37 10 38 28 14 61 72 51 25 4 19 89 29 
6 39 53 6 37 64 42 85 20 98 85 32 23 73 5 63 21 97 13 82 1 30 79 48 80 24 51 51 42 55 18 61 47 93 96 14 20 48 28 95 66 97 90 39 46 37 29 4 22 68 78 44 95 83 77 88 87 74 35 33 97 13 52 17 90 42 41 76 22 88 0 40 20 19 35 73 2 24 87 94 17 9 82 96 36 92 62 16 78 1 55 2 68 90 67 30 99 62 93 8 23 68 0 96 1 89 32 92 43 68 5 16 78 26 3 94 7 30 2 74 32 13 48 76 28 89 71 37 89 54 35 78 78 53 27 14 58 29 42 74 28 79 73 60 36 87 35 17 64 47 70 83 94 78 64 25 93 30 36 39 37 49 2 73 16 82 52 12 59 54 75 81 94 49 82 12 11 82 53 31 40 78 64 26 59 61 4 38 14 5 2 83 79 3 12 3 37 7 9 76 
63 76 21 31 80 44 83 33 16 69 49 18 43 92 53 29 84 53 85 27 87 91 74 44 2 5 64 26 84 61 65 35 55 36 54 61 35 10 34 55 55 99 62 83 48 47 70 18 48 6 38 88 49 71 86 69 22 2 37 91 73 51 52 12 78 33 32 58 83 38 54 42 20 17 82 18 80 38 45 54 88 5 10 37 8 41 44 79 12 70 65 98 29 97 2 77 60 95 25 36 19 65 59 97 93 30 48 63 62 41 43 5 32 57 31 9 47 78 46 58 0 45 27 34 16 31 43 92 63 15 55 53 79 2 37 26 85 70 80 17 99 77 97 39 63 66 48 61 59 33 30 66 5 28 83 5 73 62 75 31 29 7 25 94 76 9 68 71 94 37 14 97 31 45 66 96 57 32 52 69 8 2 90 62 40 78 77 5 45 45 22 0 62 90 19 27 62 54 69 45 
40 20 2 72 9 21 9 15 48 16 21 61 65 30 28 76 4 84 70 79 51 81 80 76 59 33 73 76 28 54 54 28 5 38 12 32 54 93 24 10 57 73 82 53 42 36 7 42 90 29 36 27 20 44 10 38 4 10 35 13 75 0 36 71 58 40 93 17 65 30 34 63 67 20 7 12 28 52 91 97 46 25 32 68 52 92 34 36 72 48 73 1 42 64 95 32 61 0 43 93 47 76 31 22 80 68 20 28 15 86 72 13 11 44 66 76 22 25 77 24 63 44 99 89 10 95 8 65 66 89 43 6 43 17 71 45 92 25 61 39 6 63 46 65 17 87 27 73 79 53 96 23 71 80 13 77 35 20 53 67 81 4 58 94 42 91 10 23 56 23 19 10 74 14 41 35 17 17 17 40 10 2 13 61 37 42 91 53 12 11 72 2 5 7 98 43 67 41 36 47 
48 27 28 52 2 84 45 69 23 58 26 41 15 72 82 66 72 38 30 57 10 17 72 2 62 85 93 61 55 60 37 82 67 60 41 3 15 28 86 88 70 95 52 96 64 41 22 1 2 7 72 84 4 1 28 38 33 86 85 78 78 14 65 96 6 42 63 45 41 14 52 12 51 75 17 73 35 3 20 3 79 49 10 79 14 67 46 83 22 22 0 40 19 85 72 25 44 86 40 55 19 18 67 1 50 38 20 31 12 58 26 13 16 56 53 78 98 36 97 49 92 66 13 17 99 97 43 8 90 99 74 25 93 1 84 82 6 57 77 15 88 20 91 1 45 21 91 1 54 3 53 48 28 86 48 27 49 52 92 23 3 53 79 3 16 62 89 21 51 26 83 89 31 83 63 47 25 59 98 52 86 72 82 28 41 40 9 11 6 32 68 48 72 81 53 21 48 49 3 16 
