73 55 17 80 45 59 21 3 10 60 91 52 56 27 71 93 21 39 51 13 31 38 3 67 92 82 89 21 82 37 57 80 95 92 29 5 60 76 88 3 38 58 72 84 24 17 41 33 21 17 16 62 97 46 88 60 27 66 56 97 98 11 86 65 24 92 98 3 86 50 9 84 18 46 43 69 49 53 3 59 85 50 3 50 46 91 8 94 11 79 74 14 15 32 27 74 81 84 36 96 72 24 21 33 11 67 30 97 16 44 66 36 36 99 39 94 23 33 33 42 24 78 28 74 94 7 8 6 24 52 84 94 22 79 35 72 81 25 81 43 97 33 48 65 97 39 76 27 87 75 17 38 77 78 65 56 83 52 42 93 13 35 9 51 60 70 7 88 92 46 42 63 48 77 47 12 33 43 63 64 60 94 56 88 91 85 29 24 50 60 44 67 82 2 71 41 93 30 41 97 
15 80 87 93 45 67 39 6 44 3 43 64 40 5 24 90 18 92 57 58 47 95 83 92 29 72 95 83 87 27 50 19 88 35 83 57 20 40 78 12 98 6 52 41 53 33 75 46 50 89 79 86 13 60 66 64 60 94 68 81 56 72 93 70 21 44 27 55 20 72 62 25 67 25 91 58 5 9 5 22 78 84 94 52 9 4 49 43 13 3 66 86 1 50 7 99 91 95 9 39 18 42 71 72 58 27 86 55 93 74 56 16 4 13 19 16 15 10 64 57 64 96 65 0 45 88 39 52 14 35 83 77 2 10 55 47 52 69 28 92 32 4 18 59 90 66 40 86 31 7 88 67 31 25 70 74 98 51 13 78 41 33 29 53 80 6 52 41 97 62 98 45 24 54 18 15 9 94 32 87 41 63 44 63 61 97 44 4 86 14 37 53 62 52 90 32 83 67 69 46 
9 15 42 34 23 85 5 76 65 35 71 57 84 85 32 2 5 81 12 6 27 22 92 26 99 9 2 60 93 72 99 86 12 19 99 67 38 64 62 38 33 86 90 53 54 21 97 9 56 64 29 45 51 67 37 3 81 11 29 2 44 75 41 17 94 63 37 32 29 32 57 93 63 2 52 12 61 96 62 70 70 63 75 99 14 8 12 62 72 95 32 3 25 32 7 59 50 55 21 65 12 40 2 1 1 27 45 88 38 74 63 43 11 49 94 61 58 81 2 78 71 48 66 57 44 80 89 0 77 94 6 55 18 77 18 86 32 31 26 83 0 22 45 11 10 51 27 43 9 0 98 90 84 19 47 74 96 27 20 60 43 73 45 64 37 38 40 72 80 40 70 16 89 21 31 93 36 89 37 6 49 10 76 40 17 12 52 49 63 52 15 23 84 39 52 82 7 64 81 79 
69 2 21 18 27 23 93 43 62 38 52 88 76 6 52 63 11 90 19 85 11 79 98 74 71 33 1 71 89 99 96 64 58 26 16 7 91 19 76 8 93 66 97 15 11 85 23 99 82 70 51 44 61 38 74 27 18 14 64 49 62 62 85 45 16 76 86 46 81 77 7 40 76 66 87 94 25 22 96 16 46 31 73 29 21 99 54 0 35 39 3 10 28 10 32 75 8 75 55 51 45 2 54 51 58 86 2 12 48 95 24 50 87 38 79 96 83 38 98 71 71 84 48 4 37 46 58 7 72 99 11 50 87 46 33 89 22 65 83 7 90 56 2 69 28 19 52 49 62 8 79 90 46 16 50 58 31 43 34 24 48 90 39 55 30 92 37 66 57 68 29 98 84 3 6 5 94 85 5 40 24 0 44 99 15 28 26 16 0 16 40 73 82 69 46 94 51 41 5 62 
19 79 40 89 82 1 56 58 49 44 13 5 23 15 53 44 4 35 87 70 89 54 36 72 84 59 73 7 47 92 18 85 68 45 4 95 56 97 85 24 57 25 76 60 96 25 79 68 7 78 5 31 65 53 59 0 7 98 50 90 31 90 70 48 68 34 10 18 65 68 32 67 85 16 94 74 71 77 37 46 89 88 13 89 46 48 57 68 3 54 76 48 10 55 67 89 18 71 37 74 87 9 22 52 7 60 92 25 59 60 55 20 18 18 5 52 2 52 88 26 28 48 36 71 3 74 61 17 56 40 62 93 20 82 17 37 61 94 57 14 93 1 74 97 65 79 7 6 26 48 94 81 42 28 52 32 85 16 10 5 52 48 56 88 49 91 63 84 60 42 69 22 26 5 8 17 40 76 35 92 62 61 54 77 40 65 67 52 53 20 24 91 83 92 15 55 10 85 48 51 
84 19 73 39 60 80 24 16 49 1 68 62 74 90 33 90 56 20 21 65 55 30 87 81 60 95 67 6 94 80 38 96 85 33 40 15 24 77 59 98 77 37 14 20 45 44 65 61 24 12 19 61 59 4 93 10 1 34 1 2 15 71 79 78 14 81 2 40 25 20 67 68 4 25 9 83 81 66 72 28 81 50 88 39 84 68 52 13 56 81 0 17 99 91 94 52 96 87 20 60 97 6 43 92 86 96 82 85 36 13 82 32 38 1 88 14 76 90 16 60 46 27 40 45 31 83 84 72 23 26 85 62 22 11 95 71 11 7 60 76 23 13 66 9 5 90 71 56 57 15 47 50 31 25 30 92 15 60 28 61 95 3 77 90 41 78 44 6 6 69 63 86 69 1 44 32 64 97 86 44 44 23 23 47 39 14 1 48 39 13 82 3 40 9 44 64 74 28 53 27 
68 87 4 65 60 54 44 67 32 93 76 74 36 41 63 51 66 94 49 83 14 71 51 50 98 97 59 23 33 89 66 32 61 89 94 8 62 87 11 84 65 42 78 94 55 97 32 26 11 55 67 87 70 6 45 22 4 6 89 21 81 96 36 51 89 90 69 26 1 93 60 49 51 98 23 32 40 33 4 0 83 11 69 63 21 93 26 99 3 37 99 62 35 89 62 14 24 34 97 81 51 35 91 96 86 70 71 32 50 58 38 1 18 62 74 95 36 85 62 65 7 78 12 64 0 53 88 79 73 55 71 84 73 86 12 88 65 93 46 86 66 95 63 57 28 41 51 51 70 9 68 68 64 40 80 92 94 12 35 76 49 38 46 91 50 26 44 56 21 57 97 38 52 34 25 61 93 96 38 47 1 62 36 21 58 64 51 98 29 61 2 28 0 70 7 78 84 6 19 98 
26 46 35 76 95 11 79 3 96 38 34 83 87 87 38 2 44 73 2 14 67 5 69 95 78 17 97 69 29 23 79 41 52 1 33 9 69 35 57 76 23 99 64 39 46 97 23 57 47 56 0 21 58 23 56 65 3 75 24 68 26 8 46 45 75 82 25 23 96 22 40 69 96 5 14 47 76 80 50 96 95 52 45 81 35 68 0 30 66 65 88 32 71 6 87 38 74 80 41 92 89 59 83 36 8 33 35 19 65 31 59 61 84 30 98 40 22 99 12 74 29 63 18 95 44 64 79 12 30 4 5 34 48 79 22 67 86 26 68 15 23 86 67 58 82 46 46 60 59 17 17 89 86 0 73 78 12 39 44 23 31 57 67 19 89 49 2 13 0 10 19 80 8 90 1 33 92 79 37 83 42 30 14 23 74 37 6 50 97 94 17 96 97 32 9 65 51 50 14 93 
48 37 87 72 70 27 1 21 55 1 84 4 50 85 19 64 60 53 27 93 69 2 43 53 88 44 7 38 92 33 94 93 3 20 68 69 39 53 52 93 16 42 26 94 53 71 88 29 54 21 82 8 25 7 12 47 63 70 27 21 22 91 22 96 5 59 83 57 36 34 48 91 16 87 27 79 69 19 26 0 62 4 39 76 8 28 91 99 88 6 3 46 38 92 91 50 2 77 83 46 68 77 0 14 10 47 20 98 75 66 12 27 33 55 96 60 88 90 28 95 65 75 94 93 92 39 4 3 38 91 80 91 61 28 57 98 81 87 92 7 62 87 74 88 15 86 79 7 83 60 48 21 63 22 21 90 51 17 10 3 64 40 15 59 93 39 17 79 52 34 95 74 44 3 49 65 28 64 43 47 31 15 86 91 90 82 31 85 9 13 0 62 69 21 22 8 65 8 87 21 
48 34 9 87 55 6 84 36 92 13 5 23 26 98 22 23 89 52 36 2 72 56 14 92 9 53 0 37 29 0 23 24 65 95 75 14 48 59 39 79 34 50 40 95 13 70 17 99 10 47 8 53 5 49 0 69 44 17 38 98 57 25 54 53 35 47 96 39 95 39 23 5 48 83 88 39 55 23 73 65 99 44 12 62 24 69 19 38 6 45 90 23 72 67 91 70 26 7 68 94 56 57 14 54 0 8 81 11 74 28 73 68 77 6 11 37 65 67 42 5 58 64 35 64 88 50 55 4 9 90 52 64 75 2 43 1 22 11 16 87 72 30 42 52 68 26 61 35 83 68 89 80 5 59 18 49 35 69 8 52 25 93 99 43 87 69 83 88 56 7 16 87 74 12 54 29 31 16 79 94 19 72 53 33 88 33 73 58 98 96 32 72 18 47 26 81 41 95 16 86 
73 30 98 83 60 99 88 75 28 79 44 68 69 50 73 38 44 87 2 23 49 12 47 90 4 30 75 4 77 55 73 67 52 73 41 63 58 58 77 66 25 12 96 95 49 83 69 65 24 8 65 21 43 69 19 64 31 18 84 58 87 34 59 36 38 19 53 96 87 62 87 74 23 66 40 93 27 90 70 52 75 9 13 78 26 26 26 20 54 76 21 1 15 56 28 27 83 76 70 32 17 58 41 75 62 50 3 96 23 36 51 66 80 58 66 71 28 84 60 45 31 56 76 79 24 52 42 41 7 10 89 73 38 99 32 74 50 31 77 22 12 52 28 74 64 50 0 25 98 18 19 95 52 5 43 47 67 95 77 14 33 74 1 1 27 49 66 41 98 34 83 70 87 51 2 46 15 69 56 78 40 9 85 90 82 92 69 80 80 96 52 11 87 19 26 82 79 7 62 13 
87 39 68 88 64 81 12 13 65 56 33 24 78 48 13 17 20 76 67 68 55 12 31 98 99 43 81 94 80 86 84 27 70 85 8 40 75 33 46 39 74 43 27 98 19 64 8 94 4 10 44 14 36 34 22 73 34 42 73 71 64 33 5 49 64 69 7 38 8 4 36 20 45 53 94 55 61 93 80 40 36 66 68 6 51 99 82 30 28 1 6 88 21 41 12 49 64 74 98 78 2 33 59 88 15 99 87 33 86 82 24 4 61 43 67 48 83 15 74 67 20 96 48 41 25 41 69 90 61 81 40 36 50 33 34 3 92 53 54 83 63 80 73 0 23 97 2 24 69 65 42 11 52 58 92 6 73 38 85 71 86 89 90 40 0 23 62 26 84 74 33 5 79 14 45 77 70 9 56 35 33 37 42 53 2 44 93 74 80 44 47 58 72 23 63 30 16 96 85 15 
39 14 30 83 12 17 31 15 90 15 78 63 51 64 39 55 51 69 36 55 48 14 19 78 55 66 71 98 18 56 61 63 40 50 40 17 88 28 3 27 66 74 42 41 82 50 13 8 19 70 64 5 63 41 13 95 43 91 86 85 45 74 90 95 72 50 56 19 57 96 42 55 27 7 86 18 12 7 18 68 58 75 85 62 2 92 82 33 44 62 45 77 23 66 82 65 27 1 32 21 85 77 43 13 65 89 42 88 75 85 88 23 27 3 31 15 93 76 93 56 37 98 7 79 62 57 27 63 61 52 18 3 92 30 78 75 44 85 68 97 92 15 38 97 19 30 35 0 48 76 91 52 72 80 64 80 27 11 97 43 38 74 90 58 88 59 96 15 32 87 22 7 39 95 88 74 66 58 52 37 2 81 63 81 67 7 69 47 5 95 66 59 58 32 51 96 99 41 92 7 
32 74 84 96 75 98 43 10 0 76 2 95 77 22 45 67 43 40 33 31 66 90 28 30 52 10 37 79 7 28 6 93 86 19 64 86 18 75 82 22 93 34 98 56 11 36 81 30 59 62 0 66 0 48 18 71 61 51 72 13 10 75 23 8 68 49 36 55 34 78 30 92 49 36 15 54 97 3 96 59 45 14 38 35 20 92 85 68 61 24 17 56 61 51 38 92 91 16 68 26 8 9 89 5 79 46 25 3 50 74 57 8 63 28 80 70 54 58 84 4 28 52 51 46 35 92 59 13 6 66 86 39 84 65 73 10 96 83 57 69 36 74 44 95 82 59 18 82 22 87 55 91 9 52 22 41 90 13 70 39 99 65 16 46 22 29 78 85 48 23 38 63 73 38 82 38 6 84 38 37 92 91 11 45 90 95 70 44 72 66 36 6 24 69 41 87 65 15 70 80 
23 71 56 80 3 7 6 55 75 74 90 46 55 93 78 10 89 14 64 6 14 80 32 46 43 63 10 46 51 51 67 5 41 51 28 66 48 28 64 28 0 58 85 2 53 90 30 66 99 92 68 65 68 91 79 91 14 51 25 27 30 2 29 38 93 10 29 80 57 90 49 39 95 51 59 15 16 49 47 90 80 78 36 72 6 6 39 73 37 96 28 46 75 76 26 90 44 57 31 98 57 57 64 3 42 30 49 42 60 83 92 56 28 4 26 59 87 42 22 89 82 19 47 3 14 84 44 1 22 87 2 76 6 96 25 96 62 26 14 59 55 8 1 41 74 65 81 42 89 91 52 33 51 63 41 15 22 83 10 15 99 57 39 90 70 88 56 34 11 96 11 91 56 83 58 54 23 73 46 85 42 48 24 34 54 65 30 76 69 68 29 35 43 79 61 60 10 48 98 56 
80 20 22 72 38 72 28 97 15 74 91 36 99 85 50 85 1 48 62 35 5 8 52 71 61 52 89 27 70 1 66 44 35 69 29 59 30 17 14 12 58 29 14 24 96 15 18 80 72 97 82 21 67 79 75 27 67 4 33 41 14 82 21 38 38 72 40 57 80 95 36 1 64 61 43 59 92 58 96 9 85 83 25 44 15 32 70 5 71 52 3 39 25 28 70 44 26 12 53 49 24 97 23 70 48 80 33 2 97 73 29 63 95 8 59 98 60 23 26 42 26 4 67 74 41 54 61 3 71 34 34 70 13 80 82 86 64 58 64 30 73 61 73 97 89 21 13 26 0 53 38 38 84 59 56 12 52 49 58 87 49 38 75 38 93 51 65 16 98 88 84 1 73 29 94 1 28 4 5 20 85 26 47 29 68 70 94 2 35 5 34 69 35 79 94 84 54 16 4 62 
75 54 30 21 65 26 6 62 76 61 58 83 52 21 71 16 39 53 1 77 85 93 8 83 15 41 73 24 45 91 8 55 91 63 4 80 73 75 0 32 33 47 45 9 61 27 76 93 26 75 25 84 88 90 8 66 35 61 23 21 66 70 96 95 41 48 1 52 72 41 45 31 66 51 8 1 20 4 74 62 95 64 11 18 78 43 43 87 52 35 45 89 4 46 33 42 63 32 78 88 60 24 20 43 17 45 50 79 24 19 47 49 46 73 95 25 77 45 0 44 21 50 74 23 33 61 62 96 91 28 53 60 51 71 17 16 92 28 0 47 26 48 29 52 21 10 43 68 95 27 7 39 40 83 2 31 79 27 71 49 66 7 41 51 14 67 40 66 4 88 81 89 63 40 99 98 26 6 81 87 61 94 9 3 35 1 17 10 87 64 92 30 32 62 47 99 4 3 70 10 
68 6 45 73 21 87 78 46 75 86 0 10 22 26 93 64 76 97 4 98 25 63 70 97 36 81 10 83 31 80 66 26 70 86 76 16 44 84 97 90 82 97 17 9 48 10 55 21 29 87 74 20 76 60 60 75 60 71 26 39 21 37 32 59 96 87 47 48 62 36 68 53 64 8 75 76 93 38 39 68 70 74 99 84 82 64 62 57 58 65 87 79 92 55 85 54 72 30 61 18 89 22 16 27 76 50 14 83 66 80 2 0 41 58 80 79 1 23 89 29 51 86 82 36 42 58 84 89 92 55 18 23 62 95 71 32 76 8 2 50 59 9 75 9 53 92 80 7 10 60 64 17 67 19 58 52 27 5 1 6 21 29 11 41 1 46 16 92 58 26 4 49 56 76 3 55 57 88 23 58 41 72 87 39 66 31 92 56 53 32 89 79 90 8 27 34 82 12 40 59 
51 35 7 65 88 71 41 95 70 49 94 98 14 62 71 17 15 19 22 60 82 52 39 50 5 41 50 45 33 65 77 53 91 60 67 0 45 54 57 51 16 32 40 45 32 75 75 34 48 71 50 25 28 13 59 58 72 32 89 65 1 88 42 59 14 84 29 72 97 34 95 12 50 89 1 2 53 30 67 9 71 30 68 21 89 74 66 7 68 8 19 4 88 2 59 95 91 12 68 43 41 55 48 34 38 27 50 49 87 88 96 60 25 60 98 42 54 68 91 68 5 58 4 53 80 70 97 74 68 39 88 67 20 0 15 38 74 42 82 17 99 13 85 2 54 90 58 27 26 67 6 11 35 89 8 48 18 97 39 49 55 86 54 38 4 98 76 74 27 59 57 56 5 80 70 15 73 68 96 31 35 82 63 71 73 38 20 81 61 26 9 98 37 97 25 2 43 80 24 28 
1 22 63 93 76 69 35 47 32 66 50 24 59 1 95 16 13 92 59 20 27 42 12 3 98 7 21 90 11 55 94 82 72 34 49 40 70 70 73 78 53 78 54 61 95 21 41 46 9 4 38 17 10 5 95 6 93 41 27 78 66 70 98 22 80 56 58 25 93 44 87 84 25 63 7 42 31 74 90 26 94 10 64 44 67 78 54 21 84 46 86 26 21 82 33 27 8 39 63 25 78 62 62 46 8 95 66 18 39 71 37 86 64 41 41 49 2 69 94 23 61 99 2 41 39 87 98 44 5 92 95 30 73 34 88 2 65 78 18 91 11 61 26 91 86 18 97 32 43 28 62 56 93 95 43 85 42 20 77 87 91 79 18 81 14 44 7 97 66 69 75 8 22 0 45 70 34 16 93 9 34 72 54 92 80 23 38 62 32 25 63 35 22 91 52 2 56 49 35 4 
9 88 81 70 73 86 27 17 82 72 48 45 74 0 10 7 26 26 42 62 34 88 94 64 58 8 50 66 76 85 34 97 35 38 73 19 48 26 47 57 7 45 10 18 48 46 15 73 38 41 40 54 60 66 53 18 94 67 91 91 67 87 78 46 88 52 82 20 51 62 29 87 89 16 92 58 28 18 96 26 61 96 78 94 74 26 1 5 95 64 15 51 78 4 51 57 12 86 37 85 74 83 38 62 79 61 61 43 74 69 94 38 76 38 30 50 91 74 44 33 66 50 91 28 12 23 47 0 90 50 24 7 24 80 21 5 99 43 53 99 62 91 28 13 65 44 0 75 53 90 65 43 8 34 50 92 56 5 44 42 40 15 93 28 2 22 66 42 3 82 61 37 55 79 62 51 48 77 50 35 46 95 60 5 0 84 48 94 49 85 93 18 16 7 24 42 56 16 73 92 
20 60 40 44 74 74 68 52 51 26 38 80 47 17 70 92 85 91 6 97 20 8 91 30 11 11 19 19 90 11 91 43 78 74 74 98 56 55 35 17 96 38 20 40 88 27 46 40 10 67 38 51 85 22 45 9 84 2 48 85 28 62 75 15 77 91 44 54 54 43 94 44 16 50 6 65 84 98 16 18 60 85 55 19 8 50 11 19 69 77 75 78 9 2 62 60 20 56 52 16 83 97 85 99 75 22 78 50 37 49 57 28 91 77 26 49 77 93 54 92 64 27 18 84 67 31 31 62 45 12 37 72 38 54 65 40 77 5 36 6 5 37 88 36 91 26 17 33 99 18 80 56 75 97 67 42 16 96 74 37 62 25 60 90 2 21 65 69 26 75 14 63 61 93 5 77 55 77 55 51 99 42 15 39 8 26 1 36 57 14 95 1 16 84 79 90 44 16 93 9 
97 98 74 28 69 22 85 78 13 97 29 27 25 48 55 70 40 75 93 66 45 44 7 2 23 0 13 40 88 60 42 87 3 95 35 29 76 72 47 41 31 79 21 6 9 65 79 39 50 96 14 16 58 19 5 20 98 45 10 21 10 51 7 97 25 17 50 6 20 94 91 61 14 39 77 42 3 92 75 7 56 96 28 18 22 46 58 0 99 81 79 99 5 29 36 30 80 66 61 15 19 16 26 98 34 48 37 76 46 75 43 63 76 43 59 88 19 74 48 20 16 57 23 55 23 69 49 42 91 70 79 96 82 40 6 48 98 70 99 65 64 23 96 97 35 63 96 54 83 22 5 58 10 84 7 54 30 60 83 57 81 50 1 38 5 39 34 3 56 95 30 11 35 98 57 99 89 66 54 64 2 56 65 88 45 60 57 6 83 94 81 27 9 14 25 75 0 32 83 55 
54 64 83 36 92 60 26 87 70 92 10 10 18 73 78 20 21 9 95 73 90 38 36 8 8 97 74 28 2 73 79 28 77 16 11 74 50 80 52 51 73 38 34 73 89 55 74 61 9 12 5 97 78 64 47 20 78 88 68 65 33 26 53 46 17 40 63 43 83 71 22 42 3 55 28 75 65 50 92 14 82 41 61 72 97 26 30 12 23 70 20 71 63 96 53 66 62 23 79 46 81 17 8 75 65 88 52 94 76 49 49 89 84 23 5 73 13 41 41 70 46 48 73 76 21 95 68 74 75 71 61 94 22 45 22 72 65 5 28 84 11 53 8 53 27 79 36 24 47 8 85 43 61 85 95 98 87 6 33 55 22 80 75 57 35 19 25 44 47 61 74 55 9 66 9 78 95 84 51 28 39 28 41 80 78 34 19 0 60 26 60 66 1 75 80 46 7 16 52 75 
29 41 2 94 64 35 5 96 72 39 37 43 17 48 69 59 46 39 72 93 26 18 10 21 85 68 65 57 5 16 52 77 25 16 18 36 86 80 26 11 49 4 82 4 92 86 74 98 53 3 6 43 23 91 82 6 45 26 9 2 52 74 84 98 25 51 60 71 76 62 14 55 51 58 30 67 34 98 3 72 18 14 38 57 80 60 92 35 63 46 24 41 62 19 52 14 83 98 87 66 86 17 89 60 6 41 90 97 61 85 84 60 3 94 78 31 73 46 33 26 49 43 82 18 93 86 40 70 27 35 28 5 56 20 82 58 46 82 65 80 78 55 22 72 34 76 1 5 33 81 8 90 21 94 16 26 29 88 9 8 55 33 66 88 42 88 1 78 6 37 84 81 13 87 99 83 44 63 36 71 82 32 97 75 65 99 21 3 8 41 30 37 65 82 17 99 55 77 70 82 
24 81 73 16 9 70 78 69 33 73 81 69 54 43 29 25 69 45 85 6 17 4 19 66 95 99 89 34 96 17 18 0 42 51 86 18 68 63 96 34 4 18 91 55 78 68 74 52 63 13 61 76 99 41 41 65 15 91 19 41 81 83 92 22 69 70 39 97 40 39 7 54 3 67 18 33 94 28 83 64 5 74 28 99 47 94 67 8 70 91 74 48 14 17 44 78 21 91 6 83 30 74 38 65 36 48 75 23 70 26 49 37 65 56 59 45 13 72 81 65 3 50 79 68 55 8 11 22 14 18 61 54 98 15 30 71 84 76 69 30 53 0 78 79 41 13 88 0 29 2 48 6 32 17 56 59 11 79 68 16 35 82 68 4 19 90 33 8 99 59 69 36 17 30 21 62 74 19 81 98 82 73 7 34 7 28 87 98 47 67 39 79 41 40 89 7 27 28 13 44 
1 63 5 11 84 5 6 94 71 6 61 58 50 24 78 49 17 74 20 46 47 79 92 66 61 67 78 57 4 37 10 48 46 10 35 1 63 85 74 12 78 35 17 43 91 29 26 18 54 7 57 73 15 96 40 99 52 35 54 93 55 28 11 18 25 44 15 40 18 73 76 18 41 17 28 3 86 72 89 7 78 5 0 37 39 9 7 65 53 70 62 3 4 22 80 19 3 70 23 74 32 46 77 50 81 62 70 1 35 10 26 47 21 61 13 77 30 47 27 48 31 90 9 27 95 14 93 84 80 15 5 33 75 19 15 74 82 27 48 49 93 7 98 2 50 2 82 44 50 14 82 32 89 67 95 85 91 37 71 39 56 65 96 64 69 17 44 92 4 34 92 11 66 2 15 68 34 5 97 80 13 21 95 1 40 2 17 13 41 35 44 50 71 93 97 27 55 39 95 34 
39 95 33 95 80 8 0 42 49 77 1 32 24 53 38 3 28 83 65 63 50 23 91 76 32 33 67 29 97 22 45 2 18 78 56 29 48 45 17 46 39 44 71 4 2 1 92 87 33 89 61 35 72 90 33 77 20 41 30 0 10 14 45 91 74 37 47 22 70 3 11 9 48 90 42 44 93 34 16 99 43 93 17 13 83 35 4 12 15 33 35 79 28 34 95 97 43 59 81 96 97 21 5 91 27 61 10 52 87 91 47 16 9 86 76 30 13 63 47 39 69 75 60 23 73 74 72 15 33 14 66 92 3 37 32 81 30 54 3 76 38 85 35 87 92 21 6 64 44 49 87 81 2 34 79 70 86 72 63 7 84 67 3 67 46 36 2 1 11 27 42 12 8 39 6 18 84 41 75 80 46 50 55 62 5 60 60 9 95 33 68 32 11 5 87 55 71 73 41 41 
63 60 74 40 53 82 0 55 17 11 8 23 5 89 99 70 8 97 98 76 16 76 31 51 27 40 42 46 42 76 49 55 81 61 76 21 15 82 99 36 59 54 60 56 29 3 75 57 37 11 17 91 12 23 9 18 20 74 21 74 79 19 4 97 99 89 86 65 88 50 65 71 45 88 79 86 48 64 20 44 29 59 37 23 41 2 1 90 78 33 3 25 85 12 0 18 51 96 38 66 18 71 5 31 17 78 78 75 8 87 45 81 19 24 39 54 41 54 19 91 93 33 64 29 54 7 4 70 42 63 60 30 71 0 36 56 49 58 95 30 79 29 43 53 81 43 62 86 73 23 56 41 25 15 73 40 92 29 65 68 80 22 6 83 36 6 21 14 90 12 65 6 79 17 16 76 25 15 46 97 49 60 43 29 5 79 29 21 0 46 74 30 9 96 62 63 84 25 0 44 
19 15 13 45 17 92 78 99 29 58 20 21 68 26 97 37 2 76 88 84 94 65 99 71 45 70 71 28 9 72 94 80 94 4 33 34 52 93 57 36 11 16 79 37 20 52 72 87 52 22 74 61 9 66 24 35 3 15 10 45 89 67 29 89 1 35 8 45 66 77 55 33 87 58 75 4 7 83 6 25 99 19 68 28 71 39 42 70 72 28 46 69 57 71 84 40 65 91 19 62 89 32 54 37 15 8 92 4 22 62 47 5 82 60 81 81 22 45 24 21 76 64 7 2 33 52 44 63 82 8 5 21 10 93 50 55 85 17 7 28 45 82 85 6 19 32 18 28 91 55 19 98 7 32 54 63 21 53 7 55 52 19 2 7 1 64 77 69 95 90 91 84 39 71 94 76 56 73 45 61 62 79 54 42 29 36 38 16 13 91 16 48 75 44 42 18 54 63 89 18 
7 58 81 32 58 32 85 58 50 51 24 57 71 33 69 65 41 67 7 77 88 21 91 71 54 26 18 3 17 39 45 10 90 42 68 76 40 41 55 2 21 23 11 34 37 10 12 72 81 42 37 46 43 8 65 82 66 34 81 94 85 27 86 85 47 54 76 8 42 52 7 51 28 1 57 1 73 42 80 37 87 68 97 35 30 92 17 79 55 60 47 4 79 25 95 51 56 29 57 97 8 54 89 13 37 56 6 47 72 36 80 98 68 10 54 73 85 16 31 52 1 87 93 27 71 77 0 44 23 27 24 97 70 82 97 96 78 49 2 38 47 37 28 25 3 55 68 38 68 33 12 27 56 87 90 77 85 68 9 68 65 33 84 45 11 6 72 44 52 67 78 96 37 0 89 24 42 16 60 91 54 38 3 26 71 93 70 45 33 54 75 59 98 19 74 57 37 42 61 62 
99 19 97 88 61 86 1 62 35 96 13 9 8 96 92 7 4 25 30 74 78 2 93 53 42 52 20 70 34 11 29 88 95 36 19 29 26 98 55 7 71 88 72 14 14 18 16 57 49 30 89 90 5 48 39 51 20 85 52 98 83 41 46 95 15 79 96 21 61 77 76 58 74 44 75 16 40 49 86 64 35 41 31 32 87 42 98 51 26 34 22 39 44 99 34 52 76 28 9 79 46 75 42 49 40 71 24 69 10 48 26 48 61 21 36 56 77 2 37 18 54 66 76 76 68 98 21 61 63 86 69 31 81 47 72 11 33 34 14 47 99 76 4 61 97 19 77 66 54 88 29 17 5 77 92 68 25 85 81 92 94 85 45 25 86 26 67 40 20 24 2 69 73 73 37 19 49 42 89 18 17 37 28 79 47 84 41 65 37 53 68 43 61 11 36 21 68 83 66 0 
70 86 7 7 10 14 80 74 58 23 69 80 45 56 68 63 19 63 56 58 45 65 46 48 26 73 70 31 88 63 93 20 59 92 41 76 15 84 38 6 4 86 40 72 43 62 92 67 63 45 64 91 13 94 89 38 51 6 67 47 90 85 12 58 31 69 13 14 43 10 57 63 35 74 22 26 35 11 21 82 25 55 53 24 88 20 19 44 69 36 80 45 74 46 36 7 30 1 58 36 36 25 99 94 35 60 27 26 61 34 22 99 18 40 39 29 40 94 67 28 16 11 84 50 28 9 52 27 75 65 8 42 20 36 68 9 59 3 0 5 52 36 71 12 62 37 35 98 23 12 78 21 68 4 20 0 87 87 60 75 83 29 55 44 13 56 10 53 32 56 44 9 90 28 61 44 77 42 48 3 10 76 71 47 97 47 22 16 13 60 41 73 79 48 52 43 81 40 87 71 
83 94 55 67 41 63 90 83 86 6 79 64 65 91 46 2 18 91 52 7 16 83 82 11 52 71 50 81 44 17 7 37 73 50 62 28 98 69 5 85 18 73 23 21 68 76 47 42 81 49 2 55 29 21 19 75 69 1 89 19 12 59 16 61 37 80 20 18 65 9 95 70 38 76 72 91 18 85 99 27 68 24 22 98 35 77 33 87 93 35 78 37 11 5 12 82 14 67 9 79 6 27 30 23 75 7 42 8 37 50 33 45 36 41 94 55 8 64 79 98 91 93 80 28 87 76 99 71 7 79 42 6 0 72 57 30 4 13 18 58 31 76 30 21 76 51 25 89 2 65 93 92 4 18 23 30 42 27 63 38 29 14 90 38 84 64 32 8 96 67 39 71 61 39 12 73 18 59 52 86 31 41 24 52 4 10 32 37 61 59 66 50 24 57 21 1 42 34 60 42 
94 65 41 65 39 26 81 22 24 33 6 9 57 92 62 28 71 63 22 19 83 44 47 11 44 19 32 66 50 19 20 10 11 93 57 2 32 30 17 89 63 60 79 6 64 25 46 35 52 22 73 34 70 61 95 89 40 97 9 21 36 31 40 61 63 62 14 64 26 50 10 56 7 85 60 73 58 53 89 53 65 62 26 85 32 30 5 52 1 54 7 38 43 17 57 76 34 74 64 78 59 95 30 9 28 11 95 22 57 99 85 94 96 12 80 24 38 48 85 0 88 36 3 69 9 73 18 66 16 54 23 20 60 12 61 63 37 67 31 45 11 92 37 39 2 27 67 55 4 47 87 65 59 48 39 14 16 64 19 42 32 85 4 85 37 90 89 65 48 36 5 54 10 35 29 94 11 85 12 93 70 38 12 12 82 53 86 61 5 98 29 14 43 72 78 83 57 93 56 97 
11 27 83 73 38 5 90 4 87 86 33 40 60 70 35 35 91 71 72 7 36 86 67 25 49 46 78 37 6 88 41 6 79 71 28 43 1 86 55 78 93 92 13 11 53 66 76 67 24 84 90 34 20 85 25 15 18 96 99 20 54 19 73 36 8 25 28 54 86 37 45 22 2 16 57 39 14 59 68 33 91 53 95 7 91 22 11 60 54 65 97 22 26 8 23 31 90 5 68 11 32 22 18 77 18 0 7 2 95 85 22 27 66 77 68 39 99 34 42 96 96 58 24 12 34 76 71 67 88 78 27 3 72 14 16 48 17 76 26 29 32 23 58 11 98 2 83 92 17 96 81 63 58 67 93 14 74 58 81 20 35 41 77 64 18 29 91 6 79 32 6 32 49 94 45 71 70 68 14 12 37 61 1 97 18 75 43 60 65 60 58 98 99 13 91 16 74 18 37 86 
52 47 72 72 57 89 94 37 72 40 61 89 34 17 53 34 61 23 46 39 9 26 85 41 20 35 96 25 91 78 96 26 55 21 71 23 53 76 93 28 90 74 82 37 10 99 69 78 39 42 63 81 64 81 27 54 38 42 84 9 47 9 55 25 41 51 47 47 21 65 79 32 53 45 35 43 47 76 21 94 75 89 21 72 39 85 86 75 64 23 8 99 68 22 43 51 70 21 9 14 97 70 95 4 57 26 3 83 14 63 98 48 31 75 4 74 66 73 84 73 48 62 83 79 67 65 35 35 70 70 56 82 5 79 1 98 2 8 31 45 39 13 63 74 1 73 97 37 92 22 17 53 72 62 85 77 12 63 19 43 36 31 48 89 52 57 97 65 55 76 94 0 62 53 92 66 18 7 7 56 55 15 91 13 25 52 50 41 22 48 59 6 6 95 46 57 4 8 64 89 
58 6 24 38 14 84 74 58 17 64 6 42 9 77 60 91 31 87 79 63 7 23 32 53 82 7 65 89 7 7 29 54 17 25 85 26 13 18 72 8 72 85 27 57 31 71 56 81 49 8 31 91 89 69 93 10 37 70 21 69 66 42 93 9 13 93 2 85 93 34 30 14 58 1 29 12 49 38 85 53 45 86 63 81 17 37 7 6 15 49 19 65 1 71 70 32 94 55 94 45 79 57 37 35 18 5 36 31 46 22 69 2 17 10 22 77 23 56 17 33 63 92 97 61 87 60 55 40 43 15 10 59 78 82 92 26 1 76 96 22 56 78 7 24 2 63 88 35 58 94 47 84 31 10 54 21 53 81 17 10 18 32 88 91 88 18 7 17 27 51 22 41 1 30 76 47 40 86 33 64 64 90 97 81 37 36 79 29 48 19 74 88 73 95 2 90 23 40 38 63 
47 93 53 96 22 84 95 67 38 75 26 50 31 28 12 81 38 93 94 45 38 25 17 15 5 75 16 18 53 1 86 52 55 87 26 40 47 45 32 8 46 17 94 67 72 98 15 9 94 62 82 85 11 96 86 4 10 9 88 21 64 28 30 40 9 77 67 43 24 64 31 98 10 25 29 97 83 93 74 16 33 82 19 41 9 36 98 94 55 85 8 25 32 22 59 48 42 94 2 90 52 95 49 25 83 66 16 14 52 56 2 21 86 14 42 58 59 20 48 92 46 50 60 76 19 91 43 94 86 99 83 85 53 70 17 81 53 33 2 0 47 61 89 46 91 13 86 62 40 65 40 72 21 9 18 33 39 82 29 95 45 39 25 77 33 94 16 54 12 9 95 89 95 28 6 74 82 88 11 95 53 30 94 5 57 25 56 35 94 84 74 71 91 51 0 0 53 11 68 1 
55 71 63 64 5 50 98 21 72 39 6 79 18 80 7 95 34 14 41 8 70 60 48 71 35 66 80 68 25 40 12 4 79 47 75 89 41 58 59 70 1 93 90 56 6 55 50 46 0 58 70 23 8 47 66 9 90 5 29 44 48 74 21 52 20 60 87 44 55 30 92 3 52 63 39 80 47 34 44 58 42 55 30 4 99 24 52 35 36 44 8 43 44 12 25 30 14 55 85 93 82 43 78 99 11 56 30 21 51 37 52 99 18 61 41 51 61 40 79 91 29 18 5 59 83 31 91 21 69 3 55 80 80 87 76 7 28 69 30 34 51 25 82 69 82 93 16 20 24 55 94 27 88 51 66 71 26 42 67 40 29 65 72 1 91 58 58 1 64 22 67 87 99 34 86 68 67 23 61 79 9 36 25 17 75 29 37 71 17 70 77 37 73 56 8 96 12 60 40 26 
43 94 2 96 35 7 65 92 69 14 14 44 56 87 8 7 80 21 57 67 87 43 94 91 18 21 96 25 59 68 83 26 28 85 17 29 15 25 26 73 23 87 39 83 89 57 96 72 40 62 27 51 58 32 66 50 52 23 31 28 68 34 26 10 21 88 99 2 86 79 26 72 3 53 27 77 56 2 17 20 19 2 74 31 64 45 51 89 63 88 70 98 26 15 17 84 56 55 85 79 45 34 59 83 79 45 98 24 20 82 41 91 57 89 54 27 98 35 23 22 11 25 95 69 10 79 89 53 74 89 81 40 76 62 7 36 0 90 0 70 34 99 86 89 93 24 51 79 72 62 29 92 59 76 88 99 49 97 77 26 51 91 86 81 19 6 90 85 42 5 78 77 70 32 83 54 73 67 46 39 50 90 66 39 5 33 89 90 24 50 69 38 31 48 92 15 62 54 42 60 
92 29 3 59 52 95 4 90 43 69 14 12 47 26 4 40 83 83 96 28 70 57 26 92 29 73 56 32 84 0 73 48 4 60 39 38 60 81 34 33 52 3 87 80 69 82 61 33 1 35 11 79 74 47 23 58 67 2 93 77 14 41 74 40 0 51 15 60 57 53 72 83 55 68 66 45 6 15 1 23 33 89 58 29 11 23 12 71 95 62 47 43 36 56 46 90 73 16 53 16 60 19 23 77 10 53 74 89 67 85 95 50 90 68 87 77 42 26 58 63 42 69 91 68 54 59 68 21 19 91 72 45 74 25 9 77 7 37 99 78 16 27 95 15 87 88 48 71 47 8 35 66 0 33 60 42 24 70 64 17 74 67 13 37 56 56 60 85 43 57 54 58 68 17 97 56 9 86 84 7 94 24 98 79 0 83 14 72 21 22 2 30 69 97 54 63 49 75 52 63 
86 73 50 27 29 9 78 7 8 94 32 97 3 38 76 33 43 14 46 9 43 19 31 12 14 89 94 11 52 16 71 77 68 4 23 96 17 89 21 34 44 95 23 73 45 92 15 57 2 0 39 27 4 36 74 11 83 6 30 17 12 19 19 85 65 58 42 93 45 25 58 71 8 2 53 75 17 96 34 44 15 81 73 41 73 25 36 11 21 4 52 33 66 37 4 85 48 1 30 93 73 86 65 49 34 14 74 31 95 2 65 22 59 86 24 87 74 48 64 92 76 64 47 60 70 58 80 36 99 90 79 90 48 88 63 31 84 92 39 49 47 71 89 19 13 31 93 81 46 2 50 3 99 90 28 12 36 13 49 62 32 72 5 91 76 82 16 15 31 84 59 21 93 6 25 92 63 27 47 55 18 62 98 86 48 41 73 90 55 39 54 54 95 17 85 21 75 96 34 28 
47 61 38 20 68 12 74 31 59 6 43 25 7 74 93 23 45 38 49 75 13 83 52 6 14 21 94 82 54 31 39 98 7 55 45 0 2 41 82 94 58 26 68 87 11 94 26 20 83 21 88 29 44 62 78 37 12 37 33 99 41 63 62 53 93 19 43 66 5 80 71 67 20 0 38 53 86 51 37 55 62 57 19 65 69 72 8 3 80 41 64 40 84 40 84 81 51 1 56 39 74 62 77 8 73 35 29 52 6 81 43 2 82 34 61 44 64 44 34 25 51 32 77 25 82 84 91 10 34 32 1 22 28 54 10 99 48 25 14 26 98 27 71 71 78 37 98 77 57 86 93 21 93 34 60 23 57 62 86 97 98 41 93 62 5 69 32 30 15 22 24 37 9 6 61 65 59 34 7 87 27 47 96 76 6 65 91 16 47 76 46 60 35 44 72 97 63 26 42 84 
12 39 55 23 72 9 65 55 1 88 27 52 11 51 36 74 65 95 12 6 49 71 61 24 36 16 43 74 80 18 89 9 48 8 96 78 75 69 12 15 16 52 58 27 61 25 15 0 48 20 63 71 39 34 34 74 71 85 69 25 86 45 64 57 98 88 30 40 21 26 42 80 88 69 96 52 53 74 47 0 65 61 70 45 52 21 77 96 38 76 78 97 29 78 3 40 12 28 37 99 8 91 73 50 69 40 98 47 79 74 92 56 33 61 31 7 42 38 15 76 74 1 54 20 51 2 22 74 40 99 58 90 78 52 71 61 82 88 47 52 18 12 20 14 4 22 98 84 11 87 51 96 54 95 82 5 70 4 82 3 4 66 60 0 64 70 75 13 52 62 92 51 72 44 81 20 33 1 85 22 88 52 65 74 56 87 5 13 0 45 86 7 58 48 39 99 86 81 41 39 
7 70 72 80 27 39 66 17 14 84 6 48 17 54 50 89 58 60 28 54 67 96 83 94 98 58 55 38 16 60 98 33 47 39 91 23 56 69 84 16 73 75 32 2 97 24 76 56 46 91 18 85 56 34 67 76 54 64 25 49 78 56 57 28 72 90 77 80 83 13 14 27 43 37 96 76 46 64 58 21 38 76 3 14 34 42 45 94 57 25 32 48 51 60 71 20 53 34 59 32 55 28 20 89 24 27 92 10 2 83 89 31 22 74 71 66 27 82 66 22 78 58 85 67 32 37 6 2 67 40 88 77 38 41 7 78 56 89 79 60 58 35 75 62 28 29 75 11 73 15 92 66 90 34 87 18 41 23 40 68 90 99 12 96 82 89 26 98 10 58 6 31 22 12 31 22 83 82 26 70 37 15 30 32 1 54 70 66 14 33 61 12 2 96 44 50 28 15 5 53 
99 94 19 9 94 78 86 23 18 25 32 48 31 30 96 90 59 5 94 53 75 83 35 56 55 35 19 17 0 68 52 83 71 15 61 31 57 39 42 37 70 45 62 95 59 47 22 42 75 0 80 40 35 3 8 26 68 15 37 91 41 8 20 88 74 94 32 13 49 10 22 4 11 51 11 49 8 27 49 94 70 6 79 4 91 90 35 45 66 24 27 47 85 98 4 5 28 30 97 92 60 45 51 65 48 11 39 25 52 6 61 45 1 21 35 3 59 23 53 33 42 8 76 76 46 11 12 32 25 44 15 82 31 73 3 22 95 12 67 55 85 59 56 27 21 90 21 11 11 48 5 46 89 0 36 52 65 94 65 38 56 83 70 49 62 61 97 12 30 38 5 86 88 70 76 8 29 59 36 50 35 21 83 67 10 31 84 66 30 32 26 20 50 85 47 40 32 85 61 40 
6 94 0 84 29 28 8 84 56 60 44 26 6 39 56 18 8 15 94 22 53 20 39 76 75 74 53 50 15 99 40 4 11 76 21 28 59 33 85 87 65 12 2 26 90 38 2 83 86 92 69 72 61 95 57 36 99 71 92 93 97 57 49 74 1 71 34 46 20 88 46 13 65 32 93 54 33 65 84 44 89 31 70 88 8 29 79 94 62 84 33 28 55 91 20 81 4 20 98 82 38 74 83 22 60 24 33 61 72 68 35 82 93 20 23 86 28 73 81 80 3 44 66 67 17 74 98 56 83 94 70 97 26 10 92 42 94 79 26 81 63 77 37 13 14 70 79 2 10 83 52 85 35 76 50 34 30 17 66 65 71 82 32 97 16 89 86 65 15 85 13 65 45 21 49 49 72 53 18 53 97 25 59 69 74 27 66 5 0 42 92 3 4 36 62 7 27 79 52 52 
70 83 89 45 83 43 43 39 86 63 85 1 87 68 46 24 4 34 60 0 45 42 84 98 90 59 68 67 33 55 26 25 49 41 47 69 90 89 0 57 81 85 15 63 58 59 70 5 45 93 71 95 74 83 99 78 5 83 16 66 24 65 85 74 70 82 6 2 0 15 83 49 85 94 41 36 84 48 29 70 56 55 67 10 15 77 68 35 92 30 68 42 13 35 52 53 30 87 50 86 1 82 60 89 30 24 53 98 47 63 73 39 31 64 13 81 48 72 4 29 36 9 16 81 32 90 95 52 20 27 87 50 35 94 52 87 48 63 9 43 59 5 22 66 0 53 96 29 40 54 94 52 89 91 78 85 97 5 95 89 10 99 58 74 29 26 50 49 42 28 24 13 82 14 47 4 96 14 5 20 81 26 38 24 71 33 0 40 16 89 7 50 66 55 26 15 94 63 30 49 
54 55 75 70 95 5 60 37 22 94 18 40 41 54 84 37 42 54 26 13 76 29 3 54 25 38 55 15 99 64 9 90 94 7 1 89 33 35 85 17 20 66 45 87 81 87 21 44 30 60 22 84 90 15 28 17 99 17 66 32 64 26 14 12 39 69 70 58 17 31 27 93 64 26 90 11 49 8 16 31 66 15 22 20 90 83 8 87 28 15 78 4 28 88 89 15 8 84 11 49 55 66 65 79 36 61 47 6 76 9 17 20 83 76 85 67 24 6 14 80 64 80 67 89 85 31 50 3 19 21 79 54 70 15 27 25 50 79 14 22 84 60 49 93 21 55 32 88 95 64 59 8 54 22 10 54 45 43 62 76 62 36 26 73 48 99 82 9 90 85 42 54 43 99 47 68 52 87 10 63 29 80 5 19 87 35 6 55 77 83 0 34 94 12 64 94 51 73 13 77 
82 3 16 10 46 42 91 27 19 1 31 16 0 51 55 57 87 39 19 60 97 88 85 9 79 21 70 85 0 75 12 40 48 16 11 85 5 78 74 20 72 48 99 28 73 77 25 98 14 47 73 84 13 97 11 65 81 92 11 30 35 6 20 73 54 29 99 21 51 2 67 26 93 1 15 85 96 36 76 54 64 59 57 65 49 63 92 67 68 13 20 97 48 16 52 54 26 73 17 9 38 52 18 25 67 96 6 32 37 47 47 98 36 2 82 82 16 9 48 9 11 95 19 98 19 61 68 58 1 37 55 58 36 69 87 61 18 52 96 57 87 0 55 72 68 24 93 68 11 64 41 20 87 39 98 2 11 32 8 89 18 33 39 86 70 7 11 14 5 18 70 1 87 28 94 14 98 3 25 69 22 36 53 93 4 4 5 51 45 70 25 55 83 28 21 34 52 58 9 24 
58 97 71 82 34 70 38 98 3 64 10 46 17 68 4 54 78 7 14 43 25 15 46 92 74 82 12 22 10 54 6 35 75 17 75 6 74 7 6 94 94 34 76 79 88 12 92 61 25 88 31 20 11 50 12 40 4 80 52 18 31 65 9 55 25 0 51 23 75 58 59 4 21 23 44 29 78 98 31 73 32 42 24 80 79 35 42 99 25 62 45 75 17 10 34 56 48 52 94 35 27 20 40 66 34 67 65 70 84 91 45 41 57 94 51 94 92 68 64 74 89 59 56 91 26 39 77 10 84 41 96 61 36 60 33 79 22 59 47 27 90 66 64 59 58 19 70 89 72 18 54 95 19 28 40 52 99 49 47 90 76 56 78 96 63 87 71 11 77 19 99 9 0 5 6 46 0 90 96 39 53 4 33 63 9 48 85 88 36 75 59 98 10 80 55 26 56 85 25 26 
95 18 20 39 70 64 90 86 46 98 42 99 59 7 96 79 21 88 8 13 84 25 77 3 0 87 99 46 15 45 19 92 4 25 6 52 75 72 89 67 70 60 15 9 68 58 55 37 20 44 16 58 81 53 78 74 35 34 19 68 60 63 49 69 71 27 14 6 45 1 14 5 74 51 15 53 11 23 95 35 10 99 81 66 81 13 45 78 70 79 77 20 30 81 60 21 37 5 62 4 62 94 57 84 68 36 74 3 35 46 83 67 62 62 67 99 93 5 42 46 3 30 35 82 86 40 71 44 6 62 65 62 63 71 22 52 98 39 81 43 45 8 95 31 86 32 39 68 81 66 14 44 60 23 49 78 8 63 83 30 22 95 28 16 36 90 90 58 44 71 23 41 97 1 20 50 60 66 48 97 24 43 12 71 11 49 34 85 60 44 38 7 33 20 89 82 20 16 20 80 
92 37 81 46 67 20 56 84 97 43 79 26 28 58 36 86 90 88 34 25 98 47 94 32 54 80 79 92 48 92 84 99 64 64 62 24 82 38 50 25 17 4 11 15 43 0 62 87 37 17 57 71 57 17 51 63 38 8 23 62 65 64 63 92 18 37 70 56 28 66 23 29 40 8 16 0 14 75 11 69 62 96 36 48 99 2 20 90 42 95 75 88 73 20 52 69 12 31 5 39 3 57 45 52 57 8 30 6 33 55 18 88 11 16 2 58 66 57 57 99 55 22 18 82 92 89 55 8 46 79 60 83 64 71 91 82 61 48 14 99 16 23 92 40 34 18 43 55 59 47 30 16 44 60 93 72 64 7 57 47 54 72 54 86 87 7 22 39 53 27 27 0 94 4 88 14 13 41 80 41 94 75 51 55 40 38 42 3 84 85 85 28 39 24 71 54 64 73 36 11 
63 70 54 77 25 94 42 32 73 42 92 2 10 54 81 6 42 44 60 33 95 72 79 26 40 72 55 49 78 18 83 14 27 92 73 15 79 64 66 51 37 4 87 69 32 99 88 52 23 85 11 72 34 95 56 9 34 78 47 46 62 66 87 32 55 98 30 12 85 90 81 59 35 4 2 93 37 7 50 9 59 97 52 42 21 83 47 16 69 30 79 33 4 44 83 18 53 83 61 50 55 62 58 77 29 70 67 72 55 42 61 61 94 5 98 17 59 11 24 17 61 3 45 17 12 89 87 50 70 36 60 28 88 1 9 23 56 93 77 53 2 11 24 88 8 57 61 51 78 24 39 79 93 30 71 20 78 80 23 10 54 1 25 89 6 78 59 15 52 17 17 32 84 31 88 70 52 60 50 50 88 10 25 6 91 71 40 13 49 34 64 44 25 77 7 31 11 66 43 35 
93 80 37 53 55 53 43 87 47 43 31 65 22 64 21 62 77 73 33 48 27 11 56 66 3 57 23 65 32 12 9 69 87 7 80 12 29 10 32 51 17 94 71 0 0 19 16 80 16 8 56 94 30 42 62 19 15 92 84 15 13 6 50 64 13 53 87 17 64 69 32 38 54 24 23 71 94 86 72 90 71 41 80 33 63 68 51 46 54 19 62 93 85 76 1 99 92 88 20 61 13 75 9 92 58 33 77 46 28 46 0 89 12 24 34 34 54 36 41 89 89 37 89 87 34 27 46 56 40 48 77 50 75 79 98 54 24 50 12 73 13 58 21 42 9 68 44 77 46 67 27 91 49 67 94 73 66 35 77 78 49 54 82 41 76 38 83 98 57 23 73 84 82 19 33 39 72 42 97 63 41 24 14 56 77 20 36 39 70 51 99 77 11 22 50 75 22 20 29 98 
65 59 26 91 19 33 47 77 43 6 9 34 89 8 21 60 44 65 96 89 26 68 95 97 53 19 93 2 42 28 39 92 88 23 74 58 28 79 51 81 35 7 89 88 63 62 8 71 61 30 89 11 30 17 94 10 44 10 87 96 52 11 65 50 6 2 6 30 33 77 14 10 67 85 8 3 87 39 83 29 77 30 87 74 65 39 67 60 84 46 33 7 52 56 72 42 67 77 48 65 45 53 11 51 61 73 98 5 4 27 99 2 40 74 94 28 5 14 30 20 13 68 93 5 65 56 31 6 90 16 47 40 93 8 34 98 3 59 56 4 16 93 19 91 38 25 7 43 4 29 47 28 71 79 30 5 97 83 98 41 96 14 15 16 29 85 15 70 90 86 1 90 37 42 16 98 94 40 85 65 39 12 91 21 69 0 25 6 10 76 33 47 77 20 25 63 89 29 3 55 
82 91 53 38 72 53 12 88 34 98 12 96 6 69 81 4 25 15 28 58 17 87 81 56 93 9 44 7 97 99 53 73 15 1 20 36 45 47 69 94 20 4 5 14 56 37 45 79 53 95 82 56 86 73 62 68 43 13 32 19 92 57 2 8 88 1 47 24 0 51 99 46 53 50 7 17 59 3 92 48 10 68 92 48 36 98 6 11 29 22 49 50 8 39 97 12 11 30 33 54 32 34 20 74 1 87 54 16 1 24 41 77 84 88 89 94 41 33 23 49 85 50 80 42 91 59 94 1 22 21 7 30 27 36 66 73 3 91 14 39 27 31 24 32 70 32 65 6 95 59 68 10 52 33 37 42 78 66 65 23 34 30 28 36 19 76 13 38 1 96 80 61 33 30 14 11 66 35 44 76 75 95 73 22 10 0 94 54 25 87 91 62 31 68 80 8 65 74 15 63 
5 55 39 76 98 33 34 80 70 55 43 80 49 66 83 10 3 3 21 94 3 87 31 94 28 8 79 26 8 64 74 39 0 87 12 59 92 93 48 66 19 40 5 75 36 44 53 32 46 49 17 94 46 9 90 36 83 77 34 59 42 15 65 90 34 26 6 98 37 6 33 33 53 31 71 67 42 32 51 45 28 38 7 34 32 31 82 94 18 92 80 85 85 6 81 8 30 0 97 34 74 71 75 73 15 92 7 45 57 82 54 42 37 64 9 46 62 9 69 50 62 96 49 69 71 23 21 81 78 98 85 53 63 97 77 14 51 42 43 82 62 83 85 41 33 36 9 42 24 4 23 42 11 22 2 56 54 26 97 97 72 60 67 92 20 99 80 80 75 94 71 28 53 99 12 32 12 65 15 83 93 88 26 16 0 94 94 41 10 48 65 44 77 53 34 39 44 2 10 63 
40 15 41 21 50 65 84 34 69 9 98 79 63 36 8 75 99 91 5 99 1 65 30 74 25 38 2 95 57 2 98 19 2 66 67 12 57 62 56 98 78 20 26 92 80 33 8 94 82 85 16 24 74 24 3 39 20 58 56 74 97 2 56 5 85 30 56 0 65 74 96 78 5 79 91 92 45 34 43 11 90 6 98 23 96 13 8 56 70 90 67 14 93 82 77 39 16 80 81 35 51 60 21 89 63 18 86 41 10 8 76 29 39 71 83 87 88 98 18 75 14 93 7 25 57 96 60 78 96 84 37 16 79 20 54 79 60 60 58 9 14 26 47 20 77 27 36 22 58 13 12 77 69 56 9 41 20 65 85 39 58 93 52 55 33 95 67 32 11 90 87 54 87 1 76 16 23 4 43 83 65 70 15 43 15 23 96 41 72 28 45 40 71 88 11 16 49 65 72 60 
34 79 13 43 71 21 60 21 67 94 27 74 91 86 65 87 72 29 56 52 51 54 7 67 78 72 64 43 18 53 98 75 83 92 73 31 35 45 74 99 67 14 97 47 34 88 12 87 96 62 42 88 14 30 19 67 22 6 90 32 17 88 48 89 47 80 63 88 95 78 3 18 52 68 63 38 47 41 47 22 10 43 93 72 41 6 42 87 82 73 90 23 74 73 7 14 22 24 5 97 91 59 14 6 54 87 60 32 38 53 11 0 11 44 17 48 63 14 11 45 43 50 34 76 5 17 65 59 35 24 21 58 15 73 47 96 72 55 84 91 31 3 19 64 31 61 14 8 2 91 42 84 25 0 49 0 82 40 64 30 88 39 58 19 78 75 58 82 16 22 64 68 38 48 99 88 70 80 45 24 24 81 60 84 16 48 91 49 56 97 20 36 15 54 93 80 77 98 12 26 
56 17 83 59 26 79 24 47 32 84 1 84 58 99 71 89 44 42 45 96 73 57 95 18 25 40 92 85 32 14 88 86 37 35 26 13 80 69 44 13 92 39 99 28 80 74 26 7 68 17 22 30 27 23 95 46 58 30 25 67 47 66 38 92 75 26 67 88 72 94 90 90 96 38 17 77 54 69 50 82 58 2 30 85 31 43 40 26 94 11 52 68 46 42 31 98 18 62 12 98 26 69 67 50 54 32 65 97 63 93 17 54 80 16 6 83 88 39 56 93 80 96 92 81 4 67 46 98 21 8 60 2 54 18 61 94 51 61 79 41 81 90 78 63 39 68 77 23 88 5 21 82 38 89 29 51 86 77 3 79 41 52 72 75 19 10 35 24 74 59 54 78 94 83 93 49 78 25 3 56 1 9 19 63 86 49 7 68 44 80 38 64 70 5 3 11 7 81 65 41 
81 12 14 22 15 32 71 49 75 44 5 48 24 60 12 35 17 92 99 74 46 54 64 39 40 72 5 49 88 10 36 77 62 68 15 39 72 43 95 65 76 41 62 14 5 42 78 30 59 95 40 23 48 94 73 91 15 76 55 77 87 86 79 33 83 96 37 76 48 53 98 35 2 19 50 50 8 46 4 80 43 90 90 89 93 26 63 40 31 38 60 35 11 69 38 3 74 23 57 28 81 17 50 93 37 43 73 36 57 68 19 81 3 32 41 59 79 54 84 34 95 30 88 75 94 26 98 53 71 34 47 9 25 24 73 73 9 64 32 68 87 82 1 97 41 34 78 68 20 24 95 25 48 51 35 69 82 1 94 10 48 73 37 46 57 5 98 5 41 59 86 22 95 97 73 88 34 36 48 70 85 53 96 62 2 57 94 33 48 75 66 69 11 3 57 15 5 66 66 59 
99 31 24 90 93 4 96 82 90 29 24 32 30 67 72 91 41 61 16 3 80 72 39 24 6 49 26 76 16 87 32 62 81 37 60 84 81 61 20 40 88 65 77 70 94 34 14 93 12 67 50 27 22 23 44 66 83 90 97 1 28 53 60 10 60 60 77 25 43 0 28 16 14 89 3 84 43 26 59 80 9 2 34 5 34 33 93 87 23 99 13 50 27 92 95 67 72 5 76 87 86 34 92 39 86 1 62 54 55 90 89 65 18 51 10 86 99 45 42 11 17 4 14 59 22 39 24 24 29 4 95 59 68 75 21 62 93 88 75 77 67 82 66 22 68 57 6 28 86 80 92 26 55 56 36 84 73 35 79 43 42 44 61 14 35 46 38 75 95 67 57 67 31 63 30 29 91 85 16 49 83 97 54 20 63 31 40 29 96 63 4 84 60 2 66 34 84 12 79 0 
20 10 17 49 22 37 27 93 87 59 30 7 66 97 21 81 6 99 85 47 22 12 24 1 3 81 27 93 67 76 57 56 67 43 61 3 34 47 87 21 59 94 28 80 95 56 60 61 84 81 55 4 9 14 38 19 91 74 59 6 55 83 95 26 38 21 55 54 81 10 17 55 80 27 56 27 85 85 51 12 69 60 99 86 27 72 90 94 84 64 2 72 41 52 97 64 71 22 95 76 96 17 2 30 63 53 52 87 69 77 18 19 96 41 24 91 37 30 73 15 9 24 28 77 34 8 7 53 75 11 99 95 99 1 69 18 49 25 83 54 3 91 98 96 47 55 66 69 87 10 54 0 32 22 66 84 64 19 54 9 25 47 57 49 29 1 94 23 93 54 46 31 27 68 6 60 96 20 26 82 40 1 14 34 87 9 43 73 47 24 41 12 39 47 77 60 80 62 62 44 
78 5 28 42 1 15 34 92 64 48 27 44 18 74 7 38 43 66 80 8 57 4 81 10 99 14 1 67 30 40 67 20 59 37 17 23 5 53 87 71 99 40 25 18 27 98 39 26 8 64 92 33 48 82 1 15 27 13 63 54 80 94 24 12 97 67 57 26 6 6 12 40 92 88 37 80 24 60 58 84 61 28 23 76 98 87 73 39 45 31 94 57 14 61 46 57 20 31 57 87 89 41 69 81 69 7 38 89 57 78 86 91 79 77 77 45 69 22 45 26 14 13 51 27 4 16 35 15 92 60 52 90 94 31 99 69 56 38 0 23 21 16 97 63 83 52 23 0 10 96 46 85 97 95 89 66 10 8 66 86 49 75 7 36 81 55 49 11 54 44 91 5 38 11 38 75 55 52 20 49 56 60 47 58 60 68 52 21 75 60 59 31 94 19 13 71 61 2 15 85 
95 14 40 75 78 7 70 77 19 35 93 49 65 75 64 18 41 80 84 57 64 5 47 12 4 29 58 28 68 35 69 62 51 92 2 90 66 87 96 12 37 46 24 2 43 37 62 74 77 9 58 20 29 47 9 55 55 28 22 20 20 55 96 82 97 81 30 20 78 44 0 56 36 23 27 66 87 53 44 28 12 17 69 7 74 97 97 86 95 33 18 41 54 73 91 49 42 73 66 18 14 77 74 49 15 94 42 75 45 4 30 54 58 92 46 94 91 7 80 31 8 51 81 37 30 38 95 35 3 85 56 88 89 27 95 36 43 78 71 83 85 9 17 87 62 47 75 46 87 74 69 44 13 48 43 34 91 42 58 9 25 61 32 15 9 6 10 87 60 84 44 24 62 65 44 94 45 17 74 33 95 30 52 19 36 41 68 42 71 84 47 5 67 28 92 65 96 1 16 75 
37 80 53 48 50 71 63 13 28 31 55 84 99 83 34 75 67 80 9 52 84 69 67 24 16 11 62 88 27 8 51 72 56 89 84 22 75 4 7 43 1 5 88 40 67 47 89 32 71 65 54 4 35 8 72 99 31 22 62 82 66 97 69 47 63 91 19 94 86 16 83 48 92 14 75 88 91 81 80 78 79 55 9 53 16 58 93 28 9 32 6 29 28 9 34 70 11 27 33 92 83 62 11 28 35 91 80 99 78 79 4 65 97 71 84 73 71 10 38 9 50 65 36 24 83 95 16 43 52 25 31 32 53 75 23 79 60 23 57 31 26 77 11 9 95 17 14 83 27 1 64 72 22 10 92 78 21 12 73 64 10 72 44 74 70 90 96 97 41 59 92 19 49 56 92 26 14 60 28 19 70 39 66 79 97 7 72 21 15 59 65 35 81 77 0 94 24 56 17 10 
48 2 0 47 16 0 84 0 2 56 16 34 34 7 24 24 18 55 2 28 97 74 70 19 92 43 19 88 32 24 19 78 61 13 86 83 51 0 33 79 7 50 33 94 44 93 90 33 62 11 73 59 46 37 74 47 12 27 54 28 90 23 12 30 26 44 89 79 93 57 1 76 13 46 24 16 7 30 1 1 77 54 34 86 0 33 8 49 77 13 48 74 86 53 18 88 26 38 37 31 40 11 92 1 7 39 99 64 89 90 65 16 83 25 95 69 45 58 85 20 27 4 73 99 91 89 73 9 12 28 58 55 38 9 52 67 82 82 61 55 68 49 72 70 0 83 67 44 90 11 56 88 70 0 66 57 30 11 19 86 9 69 73 47 88 39 11 19 98 47 42 83 82 61 24 51 19 82 79 67 95 37 89 77 85 86 86 86 51 12 14 5 41 46 61 55 46 98 41 31 
87 37 3 30 85 85 0 15 34 63 65 43 8 15 96 15 89 10 93 40 82 20 62 88 71 26 35 71 83 54 56 45 81 72 63 86 85 55 89 82 7 28 80 22 96 2 98 26 35 39 4 21 11 6 37 54 65 42 97 8 97 50 54 36 51 69 38 65 44 11 93 4 7 1 76 41 49 98 62 66 8 98 34 47 6 15 33 22 25 78 17 56 98 39 75 7 71 64 9 57 77 39 26 1 38 97 2 49 69 38 1 24 71 7 23 52 94 99 54 78 20 45 87 25 55 76 33 32 83 88 11 72 83 88 80 22 71 21 65 12 53 66 5 86 15 69 8 51 84 17 10 37 62 43 29 5 20 62 26 82 68 58 80 65 83 93 89 17 83 68 69 80 45 4 8 9 71 84 20 76 8 69 63 83 59 65 29 70 0 68 29 93 41 85 44 44 53 55 71 68 
55 27 79 16 80 9 58 10 76 41 19 7 82 96 48 28 27 91 99 74 89 7 59 65 56 2 92 29 85 53 50 21 1 42 86 99 76 16 45 39 66 20 57 8 10 46 14 88 49 29 77 87 97 35 15 34 67 68 11 24 58 69 28 26 5 12 14 59 7 98 39 50 49 88 87 55 15 38 87 75 14 73 1 64 25 11 69 0 67 32 14 49 41 31 23 25 61 98 76 39 30 70 88 90 68 42 48 44 6 5 6 33 10 14 98 73 57 4 77 95 52 98 40 40 18 72 95 64 24 47 50 99 93 22 82 74 5 97 49 83 15 14 84 6 65 26 29 98 1 57 36 16 54 97 25 45 97 64 82 86 57 0 11 15 91 14 27 16 6 30 21 32 90 10 51 39 43 13 45 39 13 19 89 93 73 82 33 0 70 86 66 66 89 88 88 79 46 19 70 63 
28 5 60 99 99 77 78 38 75 68 94 12 72 45 56 23 80 64 25 86 49 63 42 46 24 32 79 63 28 13 72 59 27 13 86 5 65 6 49 12 67 39 84 81 75 36 38 99 84 44 20 33 33 22 19 33 33 43 39 55 94 79 4 16 26 66 20 24 98 29 61 66 21 1 20 26 42 96 10 15 98 49 98 55 39 64 76 99 22 58 52 95 56 78 82 42 23 69 41 42 92 88 17 38 50 19 1 43 9 36 28 65 31 28 72 14 75 1 13 16 69 69 67 3 78 73 66 81 84 86 53 97 96 92 37 2 29 13 20 45 68 8 25 71 38 21 77 56 65 16 34 21 55 59 23 16 11 41 65 5 10 65 61 75 9 0 18 25 44 62 31 90 62 41 80 59 38 91 81 71 53 65 60 48 96 37 21 48 93 26 26 90 41 84 28 74 21 1 99 10 
45 70 84 55 88 67 49 52 54 94 77 5 2 81 54 34 80 66 59 37 78 15 14 73 17 10 78 16 74 70 0 91 85 62 59 65 62 29 1 70 11 76 88 81 66 4 89 47 62 71 63 97 11 4 67 92 49 33 31 96 93 45 17 3 92 58 58 94 56 8 79 68 9 70 98 38 15 13 19 52 4 95 21 62 56 30 3 84 55 33 68 98 94 10 95 78 94 65 51 32 58 28 75 32 44 39 84 34 70 61 42 47 32 43 43 42 28 69 54 86 49 19 1 18 9 91 85 12 19 48 34 50 11 16 25 81 87 33 88 8 10 76 34 30 47 43 75 71 97 68 26 64 20 83 96 35 94 17 52 37 2 62 29 67 13 44 10 99 43 92 45 12 33 24 81 31 85 46 56 24 53 88 73 52 91 80 55 12 52 94 7 49 48 56 54 57 10 57 53 3 
89 49 48 82 53 84 17 80 85 93 83 65 69 93 59 84 24 87 5 58 12 34 70 76 97 33 24 3 39 7 27 7 3 92 59 38 75 70 18 35 21 83 83 1 77 54 90 58 81 71 66 34 87 57 73 10 25 54 80 73 56 17 42 60 97 68 61 13 55 39 38 58 39 41 80 26 56 83 24 37 64 25 23 48 42 90 29 48 80 71 57 83 0 56 29 74 61 13 2 57 33 22 11 8 20 46 23 15 76 69 24 85 7 65 87 56 96 33 25 44 77 59 87 65 37 64 21 30 13 57 59 35 9 56 48 77 16 3 22 56 59 4 99 30 18 94 63 35 56 63 61 91 38 19 94 35 45 88 4 38 79 49 67 96 94 52 74 53 47 7 87 90 78 23 40 64 39 12 53 3 45 60 18 46 49 74 35 89 93 48 37 76 53 0 90 34 93 99 52 60 
72 43 50 3 29 35 43 83 16 5 87 33 44 47 83 96 71 5 89 39 1 9 24 18 32 8 25 62 26 20 98 18 17 23 42 0 92 55 88 79 31 86 89 78 17 89 92 28 31 83 1 82 44 71 18 74 15 29 91 77 69 52 0 15 80 10 19 33 66 40 64 40 70 22 41 9 48 89 58 32 31 73 41 92 84 13 78 50 8 80 36 54 50 67 63 71 94 33 33 71 41 54 70 58 22 6 93 73 8 92 72 22 37 58 43 30 99 52 12 52 17 97 73 84 16 48 30 38 62 3 33 96 23 0 55 89 42 57 85 40 90 49 2 20 22 83 3 37 22 11 36 19 19 43 41 77 68 16 61 65 58 61 26 10 5 90 37 22 96 13 55 25 71 21 29 41 26 16 7 72 9 23 47 23 26 3 72 56 94 2 93 2 24 34 16 59 99 45 23 7 
46 6 65 60 13 40 12 33 61 80 9 38 63 27 52 64 54 20 63 93 34 75 73 31 41 79 0 9 40 21 22 98 61 57 10 24 0 81 55 80 75 92 53 93 14 4 4 78 90 95 37 44 48 46 25 66 25 4 73 39 14 21 28 13 77 82 11 15 38 56 38 26 51 91 77 40 4 6 66 1 24 88 78 13 84 68 90 89 60 44 87 76 91 18 7 70 2 80 15 76 49 23 22 87 10 74 87 30 2 96 46 65 46 10 66 52 41 65 47 74 2 59 58 66 32 28 78 51 80 48 66 4 75 43 78 71 76 61 10 37 92 7 64 34 85 69 42 29 4 36 24 3 42 31 99 68 49 38 62 70 90 2 4 5 14 19 55 91 9 95 39 40 14 82 85 76 73 62 9 96 49 21 26 19 78 65 81 26 73 76 65 10 17 48 94 72 47 29 79 21 
73 80 25 75 24 6 52 52 45 9 32 85 32 2 36 62 72 60 37 28 58 15 3 47 13 57 31 81 77 21 92 38 99 9 84 58 1 66 85 56 7 53 33 13 0 32 82 39 92 70 94 50 6 99 34 28 2 15 71 52 94 56 42 83 92 30 56 85 78 95 17 53 65 31 2 42 19 42 5 28 44 39 44 80 42 43 96 99 76 71 67 94 72 34 91 26 25 50 82 4 71 96 91 68 64 66 87 85 7 98 51 64 3 4 71 22 46 8 40 67 30 60 62 93 40 58 13 77 71 2 57 12 20 51 64 59 84 43 30 75 37 44 55 55 76 25 20 65 14 25 27 9 97 10 64 19 46 9 60 2 77 73 9 83 13 9 34 20 76 34 69 18 65 33 86 70 80 17 34 43 61 35 95 63 13 11 10 22 26 42 58 7 94 8 27 82 61 0 47 74 
94 38 72 44 2 53 66 43 31 57 46 41 29 50 94 6 50 1 95 8 99 18 53 95 37 11 26 82 29 56 26 76 28 76 65 96 82 71 22 79 49 40 54 60 4 93 88 42 16 48 11 24 75 4 92 97 95 41 19 9 33 52 40 48 71 91 70 61 55 24 98 42 89 91 84 50 99 24 84 75 55 77 11 70 80 13 44 83 28 50 44 5 77 37 32 45 19 88 38 17 90 59 79 69 81 53 56 41 42 12 98 42 14 67 78 93 95 25 48 84 28 80 67 56 17 67 94 19 40 94 14 19 79 97 96 22 51 67 16 16 48 1 94 13 14 60 84 59 88 31 24 32 94 60 19 4 28 5 94 90 33 58 5 71 98 65 25 99 0 56 42 2 91 6 13 90 39 49 69 79 10 64 5 23 28 49 57 68 8 87 81 74 8 87 79 61 78 64 87 30 
96 42 5 13 89 20 42 3 49 88 66 49 71 59 33 21 32 92 64 51 71 58 78 87 3 82 32 57 69 37 13 45 78 30 38 76 19 75 45 22 3 89 34 13 61 65 62 18 47 28 56 7 86 38 58 13 67 99 89 79 73 34 15 3 88 22 0 35 77 6 30 78 31 84 62 96 61 1 28 79 49 51 38 67 9 18 32 65 12 81 69 27 47 8 14 31 4 6 15 46 78 61 18 99 67 0 1 8 71 92 70 94 86 77 49 51 15 31 60 57 25 1 53 86 98 61 9 23 43 98 63 53 24 93 41 16 48 17 59 38 43 41 80 20 73 20 17 23 66 85 82 34 60 86 15 18 92 61 44 2 53 32 93 12 1 30 41 59 46 76 44 94 80 89 58 18 31 41 70 63 76 58 11 9 75 21 94 72 75 87 43 92 58 7 44 95 54 7 8 87 
36 41 25 65 11 52 49 74 48 66 61 4 14 41 42 24 63 81 19 45 17 60 75 49 13 41 49 22 75 97 73 60 0 99 97 21 80 85 76 14 84 11 73 56 32 28 47 89 24 67 20 83 40 72 83 61 47 75 71 33 12 51 49 70 84 95 16 16 51 53 39 88 35 80 14 48 5 24 43 10 89 66 16 80 17 90 92 80 56 12 2 45 64 58 90 41 41 96 3 52 44 91 87 86 65 68 57 24 63 68 57 65 64 64 55 78 11 54 69 62 76 40 26 60 89 82 30 98 95 31 69 47 63 80 75 91 9 27 1 77 48 49 29 89 87 26 17 39 36 82 30 24 7 77 24 96 89 26 17 95 2 15 90 36 63 36 7 22 40 2 75 81 97 22 11 89 3 86 75 2 26 59 31 48 25 60 39 51 61 70 38 85 89 57 35 99 57 54 63 97 
98 61 33 26 30 52 64 3 24 60 61 91 2 52 9 19 5 52 39 7 49 99 29 25 57 53 70 67 77 98 68 95 63 27 61 86 19 46 32 34 66 59 37 46 4 26 11 18 92 7 25 62 88 73 70 65 7 58 54 90 71 9 93 68 46 17 70 83 55 85 29 82 48 84 93 54 60 64 97 27 38 1 20 30 96 91 18 59 73 52 72 63 11 71 87 60 69 2 1 88 87 21 57 83 28 27 48 21 49 48 72 24 27 3 12 70 79 94 44 53 31 73 10 30 52 35 73 51 82 47 21 53 47 81 87 37 96 67 15 99 4 70 83 55 47 73 53 62 30 66 60 33 27 78 43 87 3 34 59 53 42 71 94 13 19 2 39 41 81 44 32 22 14 31 90 66 57 90 84 65 93 58 27 46 3 22 76 74 64 35 25 43 45 87 13 22 43 59 14 61 
83 23 74 75 80 35 66 32 54 31 12 21 35 2 47 39 80 43 75 20 47 15 0 31 86 95 60 43 43 69 87 26 33 24 66 90 33 65 93 29 66 91 38 21 6 67 71 94 42 9 70 95 24 94 55 90 99 22 22 60 98 87 11 32 73 22 38 83 16 42 34 65 65 91 21 73 80 65 88 86 81 9 49 92 82 95 42 97 86 85 36 38 5 78 84 8 9 54 73 87 28 93 26 79 19 11 53 66 78 79 40 95 53 91 30 48 31 82 22 90 20 23 8 55 84 81 20 12 86 80 55 12 22 55 55 45 3 86 50 2 48 2 42 29 89 90 60 85 65 64 34 75 77 33 69 76 71 41 39 38 84 79 93 56 2 4 16 35 63 40 93 70 86 65 55 64 23 3 76 73 33 53 98 54 69 6 47 77 90 78 7 45 55 95 26 93 28 91 50 51 
77 27 21 6 75 9 17 8 53 81 51 62 2 5 75 1 43 19 63 55 52 51 70 88 82 89 18 89 8 40 7 62 62 52 6 95 53 14 47 1 88 33 46 58 62 78 72 15 21 7 0 48 54 29 51 25 26 85 66 15 9 16 85 4 5 81 9 35 10 67 6 48 67 94 53 40 19 43 77 63 89 67 2 17 80 51 51 11 79 94 57 30 49 91 60 45 64 70 89 12 23 64 68 87 36 53 58 75 2 42 87 15 72 15 10 71 98 66 81 98 37 85 75 76 30 12 83 18 29 31 34 56 56 6 84 55 77 94 11 13 23 91 9 2 98 58 23 29 0 66 33 42 0 85 64 40 45 32 86 53 34 67 57 49 56 5 50 21 39 52 51 17 18 15 63 88 30 29 69 98 62 78 44 91 4 11 1 30 33 78 77 84 41 38 69 86 29 8 43 19 
78 23 19 99 71 46 49 37 38 83 41 32 11 6 24 65 20 70 17 30 96 19 45 69 18 97 74 46 61 8 46 51 18 97 46 87 57 19 76 45 92 69 22 2 64 95 68 48 25 95 45 44 48 31 21 42 75 20 37 23 97 69 91 16 51 15 24 25 69 83 31 40 97 55 60 92 25 97 77 20 63 42 8 24 26 61 49 94 18 38 53 60 65 62 87 9 8 80 9 41 88 21 47 83 65 4 28 2 14 3 1 29 50 90 90 70 18 2 17 20 25 40 10 17 44 67 89 32 90 14 86 76 43 98 2 0 75 0 96 84 38 82 31 23 38 76 7 66 36 49 58 78 78 9 24 34 8 5 25 12 33 69 98 52 89 78 18 16 45 52 63 70 63 5 39 15 14 95 0 45 40 75 51 59 62 14 76 35 7 4 75 77 9 82 17 78 65 4 95 88 
25 28 86 40 99 21 6 47 35 64 8 53 13 23 85 55 64 19 69 92 50 95 28 23 94 53 80 11 62 57 11 6 40 83 87 58 51 18 95 65 65 26 27 20 56 14 59 54 42 7 8 93 33 23 47 42 35 33 82 17 93 28 24 92 82 66 13 36 71 91 74 43 32 46 18 24 25 39 21 76 90 54 19 43 36 35 45 58 13 3 12 54 22 45 2 0 47 16 76 70 66 9 64 23 4 84 36 95 96 35 27 77 5 97 29 92 58 56 77 31 48 62 56 88 1 14 23 84 98 94 13 5 66 83 24 79 84 83 61 7 29 42 46 9 55 92 87 9 89 82 43 49 96 39 28 5 1 13 45 63 73 20 91 63 81 30 94 85 13 51 42 22 71 39 57 57 8 86 43 47 35 16 23 37 13 49 35 72 80 26 3 52 42 37 70 22 48 41 59 44 
36 50 14 47 23 19 53 71 39 20 4 68 21 38 6 13 94 33 82 4 48 46 14 5 14 45 7 36 51 49 13 28 62 29 45 6 41 41 68 0 90 22 74 90 95 1 95 98 5 91 0 99 2 41 33 69 33 6 53 83 98 25 99 73 10 3 32 2 97 78 52 29 7 79 17 76 56 29 2 13 80 74 13 40 93 50 32 24 78 97 52 13 80 50 2 47 31 70 29 61 19 73 97 68 39 67 26 5 90 57 52 40 56 31 10 19 59 21 92 54 71 61 13 68 78 44 52 18 48 86 23 50 87 11 73 67 6 23 57 7 71 26 48 65 73 97 5 84 23 44 39 35 62 60 3 31 24 34 24 18 54 36 59 25 0 84 62 68 63 39 24 93 56 84 2 2 10 1 45 95 60 44 79 79 76 14 18 6 70 57 71 15 77 92 79 18 11 59 92 53 
36 62 5 55 57 18 43 1 13 58 31 28 99 96 28 99 41 68 51 9 88 20 91 37 49 81 50 82 60 40 33 61 51 33 71 69 41 24 6 9 64 13 65 8 92 6 45 1 84 57 20 8 70 8 26 85 70 59 72 15 7 45 3 4 9 83 91 59 26 7 39 70 84 61 42 9 38 94 2 62 75 75 8 51 27 8 0 17 47 4 38 34 63 91 97 22 10 33 92 65 82 79 70 32 29 95 18 88 31 17 83 23 48 3 88 70 24 21 75 62 53 49 31 36 94 77 52 87 58 94 30 43 2 87 36 71 58 27 10 18 41 43 85 22 8 84 98 45 13 50 29 49 32 21 35 67 86 37 87 75 60 35 89 65 62 92 20 63 69 28 65 85 33 7 47 1 67 11 5 72 30 8 86 68 0 70 27 89 8 79 98 54 29 84 50 51 62 93 51 84 
92 27 55 27 87 94 85 26 1 11 33 28 67 15 44 45 5 0 10 48 56 56 57 96 78 56 20 70 49 63 0 42 96 75 17 94 7 87 32 71 61 94 39 75 67 62 81 71 2 44 52 2 37 60 85 37 88 60 35 40 97 50 51 77 53 49 14 56 44 83 59 3 65 28 6 86 95 86 89 34 49 58 46 29 85 86 77 13 50 59 92 63 28 73 0 93 39 48 70 63 8 17 86 57 67 42 10 90 67 58 34 57 4 85 47 19 82 74 41 88 51 10 14 85 19 60 20 63 97 97 6 81 93 66 77 99 24 20 92 25 19 31 94 26 64 94 7 79 1 6 98 99 50 92 57 40 66 48 30 89 8 44 37 25 12 46 9 96 67 69 51 49 75 57 96 96 60 80 3 65 98 32 79 76 12 10 2 42 84 81 58 8 61 92 3 91 33 12 33 12 
58 54 51 65 11 35 73 83 98 60 10 17 17 48 25 49 69 56 24 21 47 6 81 21 37 74 76 59 75 65 50 11 99 66 49 60 22 33 40 7 48 74 28 19 53 23 90 48 89 81 95 88 5 16 50 95 31 73 57 57 80 8 67 21 60 18 96 8 25 32 21 16 19 89 21 43 92 64 40 71 44 62 80 71 71 43 29 29 2 34 37 29 38 54 72 38 15 13 4 56 88 48 20 26 91 57 46 5 36 88 86 9 77 30 74 13 73 58 95 21 81 24 73 35 98 22 33 23 72 12 49 76 67 40 18 86 44 95 90 9 6 19 49 89 33 10 65 40 90 5 35 70 33 4 79 51 92 73 59 34 49 3 0 48 69 9 74 74 66 39 66 35 46 52 96 73 60 81 37 59 28 73 45 4 62 53 69 66 72 42 5 96 25 25 56 72 92 94 60 3 
40 48 48 52 19 28 3 48 42 48 35 94 73 90 69 50 8 80 83 54 77 70 39 2 87 79 74 96 14 44 57 86 95 43 10 70 6 22 95 42 67 6 30 18 34 55 32 38 47 81 20 4 32 5 74 6 24 56 9 84 4 47 60 97 23 99 48 54 76 23 38 7 27 40 27 17 3 45 29 27 90 43 8 21 49 38 65 66 64 69 77 80 50 30 41 14 88 13 20 85 51 23 79 99 81 62 52 96 64 7 41 9 55 11 7 23 28 98 80 32 67 25 86 49 59 30 49 11 26 45 52 53 40 21 7 6 26 3 99 7 48 66 55 9 60 20 2 48 85 56 0 94 32 85 9 65 93 58 79 62 4 74 56 40 34 93 92 12 30 88 84 19 77 86 39 49 57 63 3 79 92 57 80 3 28 0 45 53 30 62 71 6 32 73 78 1 19 20 13 6 
97 32 21 82 25 70 37 50 76 91 57 15 72 52 24 10 28 52 22 26 39 4 78 83 84 1 56 80 93 26 94 34 66 8 88 62 85 62 42 36 44 77 29 42 38 34 13 65 38 70 29 3 72 46 59 60 41 79 25 64 45 38 40 81 47 43 85 73 69 15 21 60 88 53 21 23 54 71 37 19 2 48 85 59 1 96 90 11 18 18 14 95 47 61 30 96 18 94 78 49 44 25 86 40 81 6 88 38 68 2 3 84 70 34 34 16 21 99 55 35 37 83 78 28 27 39 92 25 96 69 61 33 64 87 62 62 91 85 55 83 52 8 88 8 56 67 49 45 9 43 87 68 84 33 1 67 64 23 95 50 33 71 54 88 99 46 20 40 26 89 1 38 29 12 22 71 85 44 33 97 33 55 25 75 53 85 99 96 59 5 54 14 52 56 39 24 10 82 4 60 
29 15 70 95 8 75 8 50 78 21 82 78 45 3 58 22 38 75 77 51 65 18 97 96 11 10 94 4 9 82 11 37 82 78 2 30 85 68 63 23 28 5 88 35 49 65 80 74 71 34 6 84 88 70 97 6 4 70 90 0 59 10 40 14 99 23 30 71 12 0 45 99 34 68 36 36 5 23 6 27 22 83 51 28 20 40 1 19 64 3 96 4 82 3 75 9 69 14 81 23 89 23 96 86 26 67 41 65 56 65 53 10 93 97 66 97 7 49 5 43 59 59 38 24 80 5 76 65 80 6 12 76 71 28 32 93 10 54 80 50 67 24 87 85 62 81 78 88 15 60 81 86 92 54 75 48 78 67 16 26 91 47 73 3 4 47 47 58 56 0 20 7 58 71 87 78 3 26 96 50 29 74 14 52 73 21 56 80 56 14 74 68 0 42 78 25 78 53 15 87 
41 38 29 65 97 19 5 15 64 13 66 77 53 2 99 13 76 88 27 77 42 77 15 67 5 19 67 12 78 94 88 50 76 23 67 34 44 52 78 54 31 85 59 47 47 29 77 41 50 70 63 69 87 65 42 63 7 29 74 82 3 89 28 53 79 0 55 75 74 33 49 53 55 72 7 87 55 11 67 36 79 44 0 13 29 90 39 65 46 49 65 38 11 99 9 95 0 5 8 65 52 27 74 2 95 27 38 72 40 79 97 2 83 5 35 6 58 7 70 43 62 79 95 95 40 96 18 12 60 65 6 26 62 9 89 20 76 96 9 28 56 6 43 72 18 78 91 66 51 44 40 34 34 42 53 87 51 19 52 3 19 96 54 36 40 28 71 31 62 83 36 94 37 39 26 12 43 74 24 91 4 70 68 79 44 18 86 61 60 52 18 2 37 44 87 49 42 8 79 19 
53 47 29 94 76 31 9 55 55 30 15 96 0 61 50 8 42 16 70 81 99 20 4 40 46 2 65 3 44 76 50 36 48 5 98 32 80 9 0 30 86 42 39 40 9 68 63 95 49 64 10 27 56 19 74 13 77 97 13 53 41 4 27 34 25 65 42 28 83 42 88 35 72 25 68 73 53 80 22 2 56 81 36 27 70 56 73 17 71 7 50 2 18 69 70 61 22 26 26 86 67 6 72 64 85 55 67 54 73 65 27 31 89 76 43 57 35 44 88 81 32 36 88 68 43 91 83 1 52 76 72 58 33 48 60 80 0 34 30 59 1 58 55 12 46 20 20 13 29 66 84 99 40 45 35 54 4 61 15 34 30 96 3 76 73 61 77 75 30 15 48 48 48 39 57 11 29 2 49 67 84 51 72 96 39 54 28 8 8 12 89 9 42 22 28 92 95 72 86 40 
55 81 2 61 20 97 65 91 36 6 9 80 90 35 8 64 80 70 30 30 21 51 77 68 74 49 93 2 63 22 67 69 27 34 38 22 3 24 24 44 43 71 40 54 82 57 92 28 49 61 70 0 53 59 64 24 20 94 33 91 88 22 76 17 34 38 27 35 70 87 20 34 60 93 75 82 87 65 37 10 68 85 31 83 41 92 73 22 38 1 80 85 43 57 46 8 99 10 73 24 53 31 56 85 66 61 77 33 50 53 30 32 30 19 97 89 5 77 13 36 61 69 95 66 16 54 24 62 84 62 5 25 96 35 5 57 8 19 2 25 35 46 75 16 30 74 44 83 20 51 98 8 20 86 65 92 47 14 67 99 51 93 46 91 66 24 93 74 39 2 71 32 62 19 17 48 34 40 77 5 12 57 90 45 89 69 38 9 64 77 41 40 37 59 17 88 53 29 19 92 
15 71 63 69 34 46 14 79 44 5 63 84 63 79 64 86 6 22 27 76 82 26 97 3 41 46 28 70 95 20 95 36 27 42 86 67 77 15 69 29 65 14 30 94 38 43 69 37 80 72 71 64 2 82 56 37 73 56 57 99 85 6 46 56 37 22 45 80 65 51 27 45 37 67 67 25 25 79 68 69 27 8 2 35 12 76 24 26 7 17 8 93 39 77 39 9 75 7 67 71 99 21 50 13 72 55 57 83 64 59 1 50 27 69 84 92 84 77 12 87 24 86 43 14 20 25 54 80 10 22 48 20 95 99 5 12 86 27 12 58 78 32 88 84 99 60 38 91 14 28 48 30 40 6 56 12 50 81 48 19 78 79 8 55 88 98 9 90 94 54 41 53 16 18 26 3 69 68 51 36 14 50 37 5 39 11 2 78 99 54 92 12 55 13 96 24 4 8 21 59 
17 69 79 88 10 76 90 7 91 78 36 79 83 67 58 91 45 26 98 92 28 60 66 74 85 53 55 19 17 25 45 32 79 91 86 30 12 10 33 96 98 62 32 88 42 78 7 95 81 1 19 13 81 17 95 84 11 82 58 16 92 85 97 83 8 65 90 33 94 62 18 3 86 83 43 15 63 23 88 31 45 76 37 83 57 92 50 60 54 9 4 75 77 63 38 57 0 59 8 96 48 13 57 86 90 26 65 61 6 83 18 6 67 15 21 93 42 87 47 45 98 66 21 68 7 79 7 62 86 0 23 67 17 22 2 78 48 70 59 4 82 46 25 96 79 4 97 51 74 79 11 87 67 8 65 56 40 90 88 7 71 69 44 11 2 19 22 8 2 84 44 77 93 8 47 73 23 90 23 46 10 51 80 94 53 51 21 5 50 64 42 62 28 41 74 42 19 76 56 98 
29 59 68 29 53 3 2 77 6 75 83 48 94 64 5 78 51 65 68 41 66 36 76 1 98 13 45 89 72 38 96 46 77 12 8 18 71 42 21 12 3 51 56 10 58 49 79 79 62 11 46 98 36 23 74 94 28 8 49 28 21 25 43 38 29 83 3 58 71 75 9 50 95 4 50 36 53 79 76 73 55 8 92 62 28 44 33 79 65 71 43 56 73 96 72 36 39 35 49 7 28 94 84 91 66 71 33 79 81 69 79 32 99 97 33 35 29 28 60 23 28 38 10 47 93 20 7 95 97 24 11 11 44 97 12 7 4 87 38 69 0 72 16 96 5 49 97 67 81 10 75 94 6 68 26 26 65 36 16 34 64 96 76 57 1 53 33 95 64 5 20 92 87 16 28 70 84 18 68 57 46 99 75 59 23 13 32 2 93 61 12 43 68 84 60 89 36 81 65 57 
40 8 35 78 38 72 66 88 15 52 95 21 69 79 34 52 75 82 95 30 65 51 87 41 9 51 43 26 41 62 75 90 94 62 64 41 36 81 94 56 51 24 22 87 18 5 7 36 58 39 43 13 93 69 39 12 90 47 98 42 92 95 4 59 91 63 82 12 51 26 53 72 80 30 51 3 80 77 91 75 39 75 1 9 36 83 86 76 17 44 29 24 52 78 73 95 35 28 93 2 37 0 62 38 58 89 48 29 29 1 64 65 91 67 52 53 11 42 51 81 64 43 94 8 39 87 47 57 97 69 65 5 39 98 85 20 80 78 8 77 23 86 45 35 18 23 12 29 22 94 70 76 44 0 87 47 55 39 38 75 87 13 23 64 17 29 99 84 8 64 83 39 43 55 34 43 0 34 85 73 57 66 92 43 5 26 95 71 89 58 32 8 15 89 59 7 86 37 55 25 
76 8 94 59 21 34 76 18 81 52 12 33 55 91 76 27 66 93 62 1 85 7 63 15 30 72 19 38 16 41 53 75 21 58 48 25 9 55 26 16 12 22 20 77 82 76 27 8 49 95 33 33 2 23 42 22 84 71 85 49 61 70 38 26 83 85 22 46 14 63 85 30 78 8 38 85 16 34 59 31 76 49 43 16 94 85 26 84 97 46 60 80 62 91 61 42 1 21 46 8 93 38 63 82 3 69 16 53 94 89 34 6 44 66 92 12 59 14 82 57 92 16 48 83 47 13 58 47 93 88 86 85 27 3 18 94 79 18 73 61 68 68 24 75 81 44 73 67 54 2 22 97 66 89 10 31 64 51 37 1 5 27 98 95 77 23 86 52 2 94 50 5 45 39 11 81 22 7 73 43 19 48 70 24 47 34 5 42 80 30 91 28 22 77 0 8 66 33 9 46 
4 26 53 94 23 16 57 95 73 68 8 82 49 60 95 91 71 43 18 17 49 77 51 84 0 95 6 6 29 46 81 91 52 66 81 54 12 80 69 59 4 67 23 78 26 55 76 48 6 95 95 41 9 65 97 25 63 0 92 27 89 13 37 75 19 25 94 27 45 90 32 44 92 31 89 37 84 21 6 80 60 63 46 12 57 74 18 40 74 98 92 18 27 95 26 46 13 4 85 35 78 12 73 86 85 81 74 18 44 53 51 4 40 43 7 80 37 19 17 47 31 53 72 43 71 24 3 19 78 26 1 88 83 82 68 57 99 92 75 93 46 24 97 34 95 90 76 8 16 97 7 99 0 22 91 50 5 7 8 44 61 75 90 4 19 17 2 57 86 65 79 50 50 42 0 84 5 12 79 75 80 71 78 49 54 49 38 35 1 25 53 0 48 57 57 57 31 69 5 54 
1 92 6 93 35 25 98 68 26 78 71 11 35 50 0 80 64 5 92 42 46 33 35 68 25 34 4 98 20 33 52 16 37 20 68 74 70 68 73 32 10 48 1 27 6 17 20 7 76 83 33 67 85 28 21 58 49 94 30 31 71 9 96 39 22 21 6 29 8 69 53 18 16 37 80 15 73 25 31 12 36 3 97 18 82 13 64 79 48 82 56 4 55 75 3 55 56 60 91 42 19 33 8 72 73 18 12 51 68 38 4 42 62 35 53 19 17 29 55 43 50 66 4 53 99 12 80 96 38 57 52 13 63 43 88 1 81 54 97 27 74 59 19 44 72 50 60 14 94 63 34 59 22 5 21 58 46 47 83 23 42 55 47 91 22 52 88 81 72 2 32 15 96 33 37 96 90 2 42 92 68 41 85 65 1 47 16 19 61 74 77 30 42 91 98 38 58 55 49 52 
18 38 40 71 94 75 29 9 42 72 52 23 17 24 69 2 27 70 91 16 96 65 73 11 47 88 21 35 92 89 86 18 26 65 70 99 12 78 79 59 22 95 65 96 31 54 93 43 40 35 49 9 23 33 27 92 5 31 22 79 28 97 63 19 42 75 37 87 46 9 79 54 32 35 25 16 63 79 9 91 88 33 79 79 30 98 4 99 36 92 75 81 90 96 52 91 44 21 81 40 48 41 70 71 6 78 33 34 44 18 46 49 50 6 39 52 96 51 83 87 55 70 80 32 58 10 6 70 17 75 70 4 21 53 3 80 81 98 84 49 32 0 10 19 16 26 76 69 50 29 52 79 91 18 95 78 95 70 88 92 81 36 69 17 22 34 39 22 68 95 6 15 33 61 56 4 36 86 2 91 45 71 16 65 0 15 46 74 19 17 74 26 91 93 69 93 27 44 84 33 
77 62 16 95 8 8 13 36 71 70 58 24 46 94 17 64 14 98 80 27 68 62 49 66 8 26 90 66 68 54 24 86 22 10 97 5 37 57 91 46 81 53 43 58 48 53 82 64 65 26 78 95 31 26 44 50 29 69 81 14 92 5 23 47 88 49 57 8 88 69 41 36 29 0 53 64 58 45 76 49 21 16 79 81 51 36 3 4 52 53 85 35 5 48 87 54 31 4 0 18 81 72 32 65 53 34 44 29 71 6 17 3 57 43 51 41 94 61 11 94 77 60 38 40 93 40 70 37 39 29 27 30 55 73 3 34 87 68 69 59 4 15 28 10 46 72 90 75 42 77 35 14 14 67 40 25 65 80 4 98 40 4 97 21 72 17 42 33 72 73 8 69 93 89 78 18 68 27 89 71 32 31 51 26 69 5 52 97 53 73 27 68 97 61 31 49 42 55 17 91 
52 10 67 63 26 55 49 75 71 19 99 62 52 47 16 57 88 31 29 50 69 31 97 10 11 91 80 91 33 84 5 68 6 99 52 89 10 46 35 62 7 85 1 30 78 91 93 31 85 60 56 59 48 41 9 54 50 10 56 3 63 4 61 89 52 47 58 79 43 1 72 57 63 20 69 8 42 64 30 39 45 61 76 12 47 64 44 63 90 59 95 62 39 22 85 44 8 87 46 49 71 69 42 37 64 9 9 76 55 49 48 7 55 65 29 18 6 67 85 29 71 34 70 18 52 54 90 90 31 10 66 63 63 70 7 15 6 27 85 67 54 96 13 22 41 89 83 95 21 59 36 80 40 22 72 44 47 58 31 16 13 65 72 97 39 67 7 98 17 7 56 55 63 97 8 40 29 77 35 80 4 23 37 40 46 36 61 29 56 27 44 9 50 55 4 84 38 96 20 61 
33 72 77 38 54 21 86 82 16 96 8 61 23 48 81 69 73 43 22 8 63 68 42 88 73 77 1 62 58 35 12 46 21 72 99 59 23 76 85 98 70 3 22 39 65 97 67 88 45 4 34 28 7 58 48 39 52 83 63 28 77 65 23 24 59 8 63 9 17 9 84 9 27 13 90 64 3 75 8 19 86 34 5 95 46 16 98 49 57 84 82 23 28 81 67 66 21 78 11 30 5 9 7 63 26 31 87 2 33 62 58 19 23 42 40 88 90 68 73 98 97 12 51 1 31 45 10 78 20 34 11 13 40 39 91 13 45 88 17 35 31 41 55 73 90 92 69 6 36 46 63 69 16 28 53 40 94 65 91 63 71 51 53 98 95 4 51 37 62 69 45 93 32 73 11 99 85 71 19 63 68 59 43 44 29 80 32 91 8 86 63 89 96 66 99 37 65 79 79 53 
94 86 62 91 90 57 16 51 13 27 75 54 89 87 90 38 54 39 28 93 54 96 89 56 49 67 64 70 97 17 80 71 25 6 92 88 75 2 8 11 50 30 55 59 25 53 98 96 9 38 46 32 97 90 45 32 23 5 97 81 22 77 33 5 78 22 48 30 48 55 35 29 3 5 34 38 82 18 6 60 19 61 46 11 54 0 15 81 46 16 36 74 29 25 34 65 47 49 9 44 53 5 19 19 90 39 53 68 57 86 62 11 12 55 54 14 32 40 0 68 50 33 51 97 22 34 56 61 58 28 79 70 90 48 66 95 89 38 10 39 2 99 95 57 51 52 56 73 58 55 75 23 71 76 42 86 61 50 78 36 76 54 26 36 42 87 59 72 57 2 99 60 16 76 76 7 34 81 99 72 7 72 60 75 44 20 32 22 25 97 32 98 69 84 79 78 14 99 23 26 
50 88 80 19 57 43 22 67 99 58 60 75 12 21 56 21 46 2 41 35 48 34 54 19 9 61 25 88 66 3 29 37 91 8 99 57 67 97 95 78 51 22 41 94 57 38 38 83 21 14 85 38 12 66 97 7 3 22 53 2 74 56 61 45 46 1 38 28 39 77 1 45 66 6 76 94 14 4 62 91 49 71 41 28 58 1 24 98 29 27 37 9 38 25 79 26 45 60 5 34 57 31 60 39 24 30 57 85 39 71 29 67 14 81 12 15 42 90 40 64 65 91 56 43 38 83 24 56 25 72 66 61 89 13 98 63 4 72 7 60 43 66 82 37 3 41 98 61 43 57 64 73 64 91 75 89 81 9 11 7 58 14 19 79 54 85 93 19 96 71 74 64 23 90 45 56 74 7 60 73 27 36 60 61 45 22 60 16 88 92 37 52 84 49 24 3 62 47 28 42 
50 85 2 19 64 50 87 80 53 22 21 42 76 96 36 29 98 9 70 38 71 60 8 61 14 38 31 65 39 44 68 64 59 99 32 35 99 63 19 28 1 91 97 78 95 51 45 75 49 63 89 21 94 16 42 71 65 61 22 80 66 24 56 53 86 88 31 66 55 48 65 54 85 37 0 0 8 21 18 65 27 21 33 80 36 1 3 87 54 57 8 46 11 78 76 4 93 17 27 86 39 6 61 77 43 81 39 16 91 70 63 97 32 79 47 42 71 66 97 7 35 86 26 10 25 70 28 84 82 41 44 14 14 5 20 13 45 30 45 78 75 61 69 33 0 52 67 21 85 36 46 33 96 38 7 64 18 74 57 54 91 9 67 53 29 56 69 15 68 81 51 22 10 6 35 3 3 16 59 12 55 42 14 64 35 22 79 88 48 99 14 75 26 56 12 57 88 44 9 61 
24 58 80 0 98 86 69 1 16 73 49 23 9 21 7 31 46 5 62 75 60 68 0 7 96 11 81 25 11 96 54 0 93 40 84 48 96 93 28 54 16 8 60 46 63 89 47 0 30 13 9 31 22 39 57 78 16 94 16 41 73 77 67 80 63 64 43 47 80 90 10 86 20 40 77 57 52 29 33 98 91 94 95 49 54 48 12 81 36 44 44 37 4 94 81 14 85 57 2 63 77 14 62 88 45 3 11 44 97 38 42 21 1 89 28 1 91 68 94 2 6 29 93 61 18 28 82 44 52 72 28 9 5 44 37 86 78 61 66 15 6 15 61 97 68 62 9 76 94 83 17 35 19 75 16 78 48 3 29 16 25 16 89 50 98 1 73 35 46 31 78 90 7 69 90 18 7 64 33 12 44 80 36 66 99 59 28 98 50 10 94 4 1 90 10 64 45 9 45 23 
72 25 44 5 80 83 5 44 32 44 56 31 34 60 87 17 74 56 6 50 31 21 94 18 15 18 78 13 22 3 14 71 57 42 55 49 61 46 31 31 29 33 67 31 87 22 14 74 11 92 88 78 85 46 23 96 70 79 77 39 20 23 78 29 65 7 95 88 1 89 35 71 19 28 77 66 6 15 46 23 11 23 9 43 58 2 56 80 37 45 84 36 57 18 19 50 68 99 45 40 9 49 94 84 61 8 94 71 46 54 15 83 47 90 94 83 51 48 74 73 97 46 6 11 99 12 29 86 5 27 80 35 45 6 66 95 17 18 55 57 88 68 35 2 57 29 32 24 84 13 43 47 26 99 75 88 67 64 43 86 54 18 4 59 21 43 86 18 17 54 91 94 28 89 32 64 89 63 76 72 97 40 2 38 8 83 19 39 1 15 77 64 25 93 82 6 36 89 99 11 
30 71 62 25 82 24 9 81 89 9 38 49 81 39 4 14 30 96 31 19 29 40 55 70 3 96 73 90 12 75 99 56 60 14 20 50 90 54 83 37 75 38 56 26 17 98 12 75 45 98 94 66 30 24 82 14 72 62 97 74 87 10 52 71 47 22 50 77 71 34 45 8 1 15 68 55 38 47 34 57 50 70 21 0 5 27 5 10 87 15 39 2 18 73 41 38 34 20 95 2 70 61 99 74 57 59 69 39 61 51 90 24 35 84 87 55 7 48 20 69 42 73 74 65 53 57 91 39 3 59 92 1 51 70 61 79 3 83 84 96 93 89 45 72 68 3 92 48 74 92 31 98 63 73 74 41 24 54 72 21 36 16 76 67 62 38 60 99 69 87 64 57 25 74 42 2 83 15 4 79 98 74 55 11 51 82 7 21 46 3 68 64 86 54 7 38 7 84 35 75 
22 66 93 74 68 33 1 4 18 30 12 64 61 83 19 79 38 86 2 77 28 13 1 12 45 98 41 71 73 97 34 81 97 33 11 44 87 60 23 11 83 17 71 68 93 46 96 78 63 29 14 66 58 3 81 76 69 28 31 75 70 13 54 91 35 31 23 13 34 95 15 80 52 35 29 69 80 0 5 44 68 16 28 90 16 98 87 34 89 47 20 0 92 35 34 75 76 57 60 10 13 51 69 5 41 98 63 97 60 20 38 17 27 39 22 6 66 29 16 94 70 52 84 52 88 44 26 7 35 66 51 47 48 80 50 12 0 82 76 62 57 91 39 1 57 81 6 14 24 5 70 30 48 26 92 81 25 27 59 21 26 3 14 85 82 41 37 88 84 84 36 26 85 5 25 32 74 82 16 35 61 37 71 47 95 46 39 25 61 13 8 87 67 72 35 98 12 35 86 92 
48 92 4 64 6 25 27 11 30 44 78 99 34 14 79 53 19 11 17 99 66 38 57 40 47 32 58 11 91 5 98 78 53 17 67 99 6 24 18 72 85 85 54 60 19 32 33 85 63 14 79 34 38 40 39 12 90 67 53 69 52 64 84 1 27 28 9 41 55 81 52 80 94 85 32 12 48 58 53 13 45 3 7 80 55 42 60 35 92 54 58 23 86 3 4 45 6 20 11 77 42 17 27 4 22 17 22 5 0 69 67 38 47 13 44 0 17 30 43 9 17 89 33 80 4 51 26 30 21 10 12 79 78 59 19 38 69 72 38 2 49 16 52 65 90 77 59 42 14 5 17 30 64 64 0 62 65 12 63 8 50 38 44 35 29 76 14 80 3 4 16 46 81 88 91 24 66 46 86 98 48 2 60 26 38 89 81 4 22 97 6 27 99 3 7 13 41 76 78 24 
64 18 22 67 73 84 84 17 34 65 52 48 17 2 59 61 79 3 87 26 75 91 28 3 13 93 90 33 87 42 23 32 91 16 82 40 53 9 71 75 91 33 10 16 31 24 14 27 99 36 27 60 80 53 40 85 39 57 80 63 87 30 67 99 65 22 19 93 37 11 41 94 38 11 78 79 22 97 2 84 10 68 36 58 44 84 70 51 67 63 57 83 85 38 80 81 34 47 18 30 92 73 26 37 77 46 34 59 44 53 78 57 27 80 78 52 65 55 54 14 80 6 30 62 77 3 5 70 82 64 21 43 7 92 68 66 81 79 86 65 4 67 43 4 72 4 13 22 89 15 77 19 5 39 2 78 78 40 31 57 65 1 39 72 58 67 21 76 93 6 65 18 57 55 7 15 99 27 62 32 17 52 98 76 35 1 6 29 89 31 61 64 70 77 1 69 37 75 20 27 
27 82 35 88 84 6 96 76 1 34 40 62 37 29 21 95 2 61 0 93 34 36 71 47 95 0 73 75 28 31 42 43 29 84 20 65 49 52 78 77 73 29 24 40 56 46 31 82 5 75 74 32 85 24 85 24 2 8 78 72 95 92 41 48 52 15 5 79 72 96 63 4 49 38 16 43 36 17 23 47 82 90 44 56 6 3 8 16 24 86 36 29 25 53 87 35 20 68 4 88 88 15 77 43 63 52 86 29 55 23 69 29 39 79 84 91 44 20 83 7 64 21 60 99 27 87 24 22 89 58 92 87 91 29 55 45 52 77 94 8 82 23 21 64 21 1 4 44 64 63 71 49 32 82 93 44 61 38 75 66 22 94 70 59 55 97 14 26 60 50 62 2 37 82 8 23 72 77 35 6 59 98 6 59 34 0 3 50 39 93 76 20 48 8 72 6 13 83 41 2 
63 62 40 53 24 7 70 44 44 18 74 83 30 27 38 15 52 93 23 12 28 9 39 70 3 19 89 71 49 32 76 21 9 26 76 79 70 76 93 62 20 89 44 30 40 26 91 35 0 41 44 9 14 89 57 34 59 76 42 86 98 56 99 63 49 17 8 90 56 77 7 45 58 49 29 83 4 48 35 97 30 9 22 71 35 38 97 94 88 46 14 27 86 10 39 40 36 64 6 1 47 40 87 57 16 47 41 30 53 84 88 47 0 93 74 41 84 39 75 36 34 58 81 90 87 23 31 0 62 22 65 48 60 62 53 67 23 55 57 39 40 35 9 28 32 72 74 47 41 13 48 39 44 95 15 51 30 98 92 83 19 68 78 51 70 89 70 69 43 68 12 27 5 73 3 51 24 87 97 65 70 24 54 50 35 34 17 34 67 80 16 1 71 38 96 74 0 69 81 96 
11 75 3 60 8 13 85 26 6 69 8 83 22 7 44 51 27 39 46 48 65 53 41 95 85 23 67 33 61 94 7 9 1 19 88 19 92 76 19 60 79 71 69 77 70 7 7 85 76 1 95 15 82 40 19 71 63 39 35 28 54 59 78 2 51 37 89 5 27 57 42 25 14 41 71 35 38 75 17 64 74 64 78 41 24 41 45 39 11 96 69 3 27 4 40 36 74 84 86 28 95 57 72 97 21 46 30 29 70 36 89 96 84 69 77 80 20 30 91 33 38 24 68 22 20 74 49 4 82 13 89 85 1 56 40 44 6 10 27 79 98 89 52 25 39 76 64 1 86 52 41 95 55 43 25 98 89 89 3 65 94 63 4 21 5 1 51 70 54 54 69 22 6 7 44 23 8 36 41 25 90 62 27 23 48 66 62 21 45 8 48 6 96 32 63 95 83 84 91 47 
81 18 25 40 29 37 16 66 60 94 74 87 20 54 54 91 31 96 29 36 85 32 39 53 78 5 60 82 34 70 55 76 71 65 57 3 24 0 97 59 6 50 18 34 83 64 78 98 29 26 70 36 26 68 13 61 1 32 17 76 75 99 87 55 83 20 59 57 71 92 93 4 57 59 94 36 72 33 25 44 98 76 23 91 37 1 13 82 61 45 86 16 78 50 72 85 11 27 19 72 30 80 23 74 60 69 17 4 3 80 73 29 66 85 58 27 9 50 99 36 90 7 9 90 31 44 41 67 81 89 47 90 52 9 83 70 68 21 63 38 44 95 9 49 33 18 3 15 17 80 72 43 91 67 96 38 14 73 2 27 94 2 89 45 39 94 14 94 33 43 69 82 78 75 30 36 62 66 80 74 24 63 10 87 70 33 14 12 54 40 12 99 86 15 16 48 81 28 3 80 
79 54 33 32 15 59 46 18 94 42 43 10 47 6 76 16 69 36 92 84 5 53 2 9 28 72 61 91 19 6 46 59 1 99 50 64 13 24 80 91 69 82 3 74 86 98 35 46 65 0 88 70 65 29 80 87 98 72 51 85 17 69 88 30 97 45 41 74 85 93 61 15 95 49 37 34 65 62 5 93 10 70 56 6 27 24 3 92 70 4 6 24 23 29 11 59 97 17 24 34 31 24 3 50 88 59 12 38 23 67 45 37 19 50 8 40 31 1 38 16 29 47 11 47 36 5 86 73 6 99 42 37 71 85 93 21 95 57 60 54 26 16 91 55 82 35 55 73 8 1 61 83 59 10 44 78 81 26 86 0 64 94 35 21 8 85 99 50 37 75 41 62 84 26 60 93 89 10 97 83 40 99 28 17 80 17 79 90 98 59 33 4 46 34 72 75 3 40 98 63 
71 4 8 26 2 53 79 29 1 83 2 35 29 16 76 74 83 23 84 69 15 45 94 41 98 8 80 72 1 37 49 14 86 25 76 90 32 56 20 69 50 21 63 42 28 79 48 10 97 36 54 20 12 35 46 39 70 92 83 30 99 41 84 57 81 41 22 19 81 39 32 23 68 12 67 30 81 53 69 9 51 57 13 95 57 50 12 54 79 89 2 19 16 23 52 46 55 17 84 87 79 79 78 66 26 73 30 77 15 82 74 27 78 78 13 31 37 21 24 10 49 92 48 58 23 28 8 99 7 37 96 87 36 28 30 69 65 40 97 74 12 77 43 80 17 78 3 10 25 21 30 64 4 17 97 10 11 7 88 67 42 80 18 96 21 42 73 70 61 76 6 64 70 31 32 21 39 98 90 98 81 26 19 34 3 39 86 61 57 53 40 2 72 78 72 68 22 19 1 76 
26 34 92 69 14 71 82 96 87 33 78 9 53 55 26 9 16 54 78 42 25 66 57 84 37 25 44 13 43 34 25 19 44 57 16 64 48 2 36 22 42 4 32 77 72 69 63 42 5 51 33 33 67 53 75 29 20 66 46 50 43 65 94 71 35 78 68 69 0 67 22 16 52 55 43 45 60 99 91 15 11 78 71 30 19 95 8 49 39 44 16 50 3 32 74 32 18 88 67 88 49 19 77 52 69 85 67 76 87 22 9 14 73 70 77 77 36 47 50 92 80 20 92 35 56 33 4 34 22 36 58 73 97 82 84 48 17 23 52 16 46 17 33 21 37 88 58 70 95 6 72 2 0 49 1 4 52 65 73 77 75 30 84 60 30 55 35 11 19 16 43 56 49 41 56 18 13 15 55 17 28 39 22 23 95 9 36 77 63 6 43 57 41 29 45 33 85 47 3 52 
72 37 80 72 28 90 13 52 55 28 66 10 15 59 29 63 25 68 84 86 83 40 92 75 55 90 73 93 89 69 3 81 40 17 61 88 2 67 88 35 13 91 54 58 60 49 64 67 57 52 57 47 22 23 76 21 23 88 61 54 56 9 63 5 23 77 48 12 8 81 5 47 43 27 40 83 50 34 80 73 28 10 99 92 45 18 89 61 51 60 28 45 84 33 91 64 61 96 64 32 38 19 37 64 7 84 10 22 63 14 35 23 78 84 79 33 4 97 13 85 52 97 22 83 91 39 36 30 62 75 61 20 36 38 67 62 0 0 43 0 93 28 71 19 15 70 64 67 35 73 68 55 38 48 88 94 15 39 61 43 33 10 84 97 34 69 56 85 53 0 11 51 21 21 39 67 19 92 14 4 98 66 52 93 61 89 29 92 48 50 7 39 23 48 76 29 16 89 43 73 
3 7 51 61 14 48 36 38 70 93 50 5 0 67 47 25 40 15 77 67 36 96 25 86 84 98 70 37 17 41 12 66 54 94 26 65 30 38 1 99 55 9 87 15 75 45 41 74 32 82 29 97 41 8 79 89 68 91 64 22 94 82 91 36 13 96 28 46 7 26 54 52 95 69 6 56 37 75 0 59 66 68 72 73 17 59 9 78 30 16 84 98 59 40 21 88 62 35 9 70 75 21 28 64 14 57 9 2 22 38 6 38 35 42 90 3 66 28 36 22 32 20 82 99 8 50 85 24 79 27 86 20 80 39 94 67 8 80 66 11 56 57 82 94 6 99 27 7 45 36 91 86 36 72 40 36 24 21 83 82 49 45 98 24 54 71 8 25 40 71 4 53 14 61 97 47 50 21 60 25 97 10 82 32 7 0 68 40 9 4 20 28 28 17 86 30 19 82 66 70 
12 17 16 51 59 22 30 81 38 48 20 77 20 19 98 26 48 55 37 25 85 56 83 64 4 62 13 98 49 43 49 62 26 67 85 72 4 83 41 12 79 49 40 99 64 71 2 95 65 78 12 50 29 8 36 88 73 25 7 40 2 99 40 65 91 24 59 70 89 97 98 56 17 44 75 11 98 49 74 66 33 4 88 91 69 33 88 66 30 73 56 80 92 5 8 39 83 17 11 80 66 23 18 62 4 12 45 77 46 41 66 33 63 54 53 8 21 43 26 29 76 31 77 30 52 54 27 77 49 98 12 50 10 58 92 40 88 25 30 17 16 80 47 91 4 43 23 41 84 25 14 5 47 83 49 79 65 46 23 69 71 6 58 12 19 45 92 39 24 77 75 95 4 38 61 60 40 8 11 14 83 39 96 89 83 0 77 1 41 24 96 8 3 46 41 50 71 65 99 36 
5 85 47 92 25 59 62 0 58 44 56 99 58 55 29 43 60 46 27 49 2 68 88 15 34 37 18 24 3 38 8 5 91 60 78 38 48 93 20 99 52 4 95 52 37 78 76 26 57 43 65 64 61 35 57 80 56 96 68 83 67 27 91 60 14 0 29 11 61 71 46 13 12 32 87 41 0 27 18 31 55 0 47 96 50 57 7 57 33 26 35 53 38 0 97 39 6 61 55 73 40 23 65 26 39 59 92 55 15 56 74 48 42 56 23 51 21 37 80 65 60 92 92 11 46 2 89 84 70 92 4 34 13 25 43 94 29 46 26 60 1 29 12 66 6 32 75 43 9 52 70 91 43 45 70 18 33 17 71 2 48 65 89 53 59 27 62 1 90 4 74 6 67 51 12 9 3 51 78 42 8 22 45 85 84 62 98 48 36 36 64 29 50 39 13 37 16 14 82 64 
58 74 7 27 5 2 31 65 65 15 1 63 60 38 51 30 92 79 98 91 7 24 27 37 21 3 44 12 34 53 2 65 44 19 97 5 63 65 68 19 19 24 75 70 98 0 82 10 79 51 88 21 86 53 36 61 44 32 79 49 21 77 38 53 61 92 9 2 4 33 39 25 34 68 60 11 38 17 73 5 24 63 79 92 32 38 43 71 5 95 72 4 39 1 82 77 25 37 2 0 18 73 1 1 82 56 77 82 15 69 41 63 81 18 80 75 90 63 13 2 94 48 10 45 35 7 39 15 56 89 96 26 75 94 57 29 71 94 40 27 55 79 76 96 0 49 58 58 97 93 85 19 36 6 70 28 40 19 23 81 73 4 75 92 36 43 19 95 76 10 28 74 32 40 53 48 74 8 77 40 67 28 80 88 59 41 30 85 7 74 97 18 70 36 16 57 77 9 48 10 
11 52 78 99 11 91 85 31 63 74 94 75 72 75 96 6 63 18 57 36 12 76 30 2 9 54 90 63 66 88 15 58 26 62 24 94 40 41 66 22 94 47 27 62 74 87 44 69 48 57 47 14 11 72 72 76 87 25 66 69 18 15 32 14 42 43 61 67 22 42 71 59 5 20 95 17 15 52 41 10 85 69 29 33 83 51 86 82 40 35 3 15 74 2 95 28 15 13 77 75 79 17 80 19 62 13 35 36 28 69 57 19 51 87 54 90 30 8 77 59 72 28 93 90 58 67 9 75 68 21 25 88 21 98 58 75 38 61 89 68 97 74 99 58 54 38 71 34 34 12 28 79 90 9 52 96 82 35 21 99 35 38 16 96 41 95 76 65 77 65 52 7 26 48 91 53 10 71 90 91 68 39 3 82 72 70 61 90 74 73 96 8 78 24 90 33 55 85 86 59 
91 80 84 66 39 43 66 30 35 94 81 75 24 40 42 4 64 26 59 72 22 51 69 10 34 1 52 21 99 23 85 96 59 83 10 38 79 86 2 11 16 70 80 76 46 39 30 50 51 54 50 63 25 85 92 78 7 43 29 58 93 34 80 75 71 46 77 65 80 10 22 86 11 88 77 8 65 1 30 50 84 85 31 61 76 28 61 18 41 82 13 98 44 25 23 66 45 60 29 40 88 58 27 10 46 59 30 58 98 66 51 41 89 40 93 16 19 44 49 99 11 11 25 72 13 70 78 68 6 77 75 36 7 43 63 71 50 52 90 34 17 45 11 24 24 98 56 26 82 32 75 62 67 78 80 60 48 17 54 49 50 7 46 76 95 56 21 53 22 94 2 59 46 27 76 61 86 32 69 41 16 5 67 73 59 86 18 94 17 92 38 37 40 11 38 31 95 26 70 44 
0 2 37 39 61 72 22 85 7 34 75 88 23 10 2 34 76 99 11 18 3 92 95 64 78 16 76 91 34 25 89 28 54 51 99 61 25 14 35 25 91 87 42 46 93 72 31 11 73 3 60 96 52 55 0 26 34 99 43 91 29 28 70 85 30 74 84 25 56 96 81 44 74 3 7 9 67 90 18 6 80 75 56 72 18 61 9 51 81 99 55 15 16 56 17 35 2 91 49 88 56 0 72 33 31 79 61 88 41 69 72 82 91 18 88 70 50 30 86 99 31 10 17 99 83 0 11 22 54 17 13 12 14 83 58 90 44 39 60 75 31 89 48 70 7 22 7 34 48 20 44 31 95 16 67 59 5 93 11 95 4 21 25 82 74 76 45 6 59 31 20 10 36 1 10 32 32 35 57 88 96 2 38 37 91 95 36 27 12 42 89 32 74 30 91 30 63 16 72 37 
92 57 22 17 81 1 35 99 38 98 10 5 33 14 0 42 37 12 81 19 50 28 26 10 54 65 17 5 99 82 0 7 1 48 69 36 6 23 77 95 1 75 35 39 52 9 11 3 58 25 92 63 20 6 17 42 6 65 67 69 16 27 60 40 9 22 66 19 71 8 3 16 68 85 27 96 66 38 58 6 78 14 16 39 78 6 34 34 26 99 67 68 35 10 32 88 75 88 39 7 92 7 90 18 53 9 10 62 37 2 45 9 93 19 29 43 63 61 26 64 16 23 7 28 32 0 72 75 32 81 47 82 69 42 96 61 42 46 37 39 85 4 17 95 34 99 72 84 37 17 88 71 79 16 35 95 66 69 17 85 44 57 75 13 53 41 52 1 24 57 87 45 80 21 65 51 39 10 76 88 46 90 92 26 22 18 93 27 23 32 46 2 51 66 5 53 89 13 70 27 
90 25 68 82 48 72 25 63 10 61 1 65 91 39 59 3 54 90 91 98 33 14 83 47 24 78 76 32 33 66 43 25 2 91 16 97 66 50 10 78 56 20 72 69 92 29 16 73 55 52 60 67 17 74 33 98 73 57 60 0 1 87 38 84 58 87 64 22 30 55 47 48 20 10 72 10 53 32 3 4 9 79 29 38 51 85 75 40 12 24 90 20 24 69 99 57 91 0 72 5 92 94 4 85 88 16 45 6 69 95 40 64 67 8 89 67 27 90 70 54 54 54 20 39 56 11 55 58 73 42 90 74 88 47 97 5 38 41 68 31 53 70 24 57 18 95 24 90 92 42 20 19 55 84 45 51 35 22 5 9 12 87 4 9 41 72 19 52 96 50 40 4 38 22 62 79 91 87 47 27 80 65 75 46 66 6 74 3 54 49 97 57 84 56 89 2 28 62 41 6 
48 30 25 25 6 83 43 98 44 24 64 14 9 26 62 81 85 67 89 19 93 81 92 49 36 72 85 97 45 88 80 43 22 26 16 14 65 28 30 79 9 72 81 35 20 29 86 67 34 8 61 75 48 14 25 67 85 73 57 86 8 92 94 40 16 6 95 71 73 10 99 16 56 80 94 54 4 92 30 11 82 60 23 95 6 51 12 58 83 27 68 9 53 94 25 3 29 29 81 76 8 17 70 6 55 62 94 24 75 32 54 23 29 76 2 87 36 36 46 66 54 23 7 91 35 51 89 9 96 12 79 29 35 11 12 78 16 18 69 71 31 16 99 10 47 4 90 39 66 55 65 35 58 41 56 2 64 95 12 31 58 62 95 42 6 3 32 90 13 76 99 12 26 42 15 44 7 11 3 23 72 97 20 9 22 84 65 31 34 65 72 71 91 76 28 79 57 99 86 4 
63 83 97 40 94 54 65 29 90 89 22 59 18 97 36 28 47 17 38 15 26 10 17 71 39 41 70 16 80 56 43 42 49 79 98 2 63 37 22 69 8 24 54 84 56 93 87 68 1 87 77 5 44 49 9 98 17 6 10 50 50 97 46 30 25 29 2 89 11 15 4 69 13 21 67 80 21 33 24 69 56 75 48 36 39 43 58 87 78 38 99 87 1 59 51 91 13 89 6 79 1 19 10 27 89 47 26 17 70 38 7 3 20 44 7 58 88 27 16 8 79 98 45 89 47 49 58 77 74 2 60 95 52 89 12 12 96 23 22 77 15 36 13 75 4 55 8 38 20 46 45 92 74 38 89 58 92 16 16 11 4 73 87 44 33 71 99 57 89 96 75 58 52 62 57 87 58 52 65 24 45 48 23 75 59 97 66 88 26 47 49 79 3 93 96 84 4 51 66 60 
1 36 34 6 28 93 3 77 64 10 21 11 63 24 1 85 0 76 36 50 24 75 55 32 6 47 93 50 72 57 57 87 64 35 74 19 17 12 60 43 43 89 13 81 32 71 80 86 95 62 92 95 17 36 52 90 87 42 49 66 3 58 93 64 46 14 67 44 37 44 79 55 87 11 40 61 22 96 66 42 17 36 49 97 86 41 63 33 20 11 57 32 11 61 73 25 87 13 46 5 33 52 92 11 23 85 30 96 95 76 18 81 39 38 23 39 35 7 24 46 18 10 44 0 1 84 5 92 94 31 70 13 33 77 8 77 13 46 3 76 61 98 97 95 70 91 54 89 84 29 84 75 29 50 94 7 29 48 46 95 80 61 95 94 53 31 14 16 59 52 44 14 21 23 85 13 25 83 79 31 8 4 70 33 36 4 55 99 3 19 95 61 25 46 37 23 92 65 6 24 
62 19 64 30 94 18 1 25 18 23 61 97 5 7 51 33 97 63 4 77 87 1 96 78 17 59 9 56 7 75 65 97 30 20 35 33 86 92 45 88 39 11 61 67 53 19 9 53 34 48 8 21 28 5 73 70 40 96 18 66 74 63 42 95 70 19 58 45 55 93 66 59 74 70 98 73 21 27 74 70 44 34 35 28 63 52 27 61 53 8 65 7 85 2 5 10 32 3 96 35 46 44 83 60 16 81 88 59 97 29 50 61 87 54 10 44 80 34 69 71 18 71 76 48 88 43 98 70 94 49 73 60 91 42 0 13 28 15 39 22 20 90 51 65 66 64 88 95 19 18 24 56 29 86 13 77 51 40 10 31 77 28 42 18 10 90 62 69 8 37 92 4 20 92 75 57 19 11 17 60 44 44 27 32 23 45 60 95 93 93 8 17 37 97 14 63 70 1 60 47 
26 31 46 30 43 15 61 43 84 67 78 30 66 30 90 87 68 95 95 52 55 71 72 48 30 75 65 62 33 59 30 1 51 40 61 45 54 86 94 30 6 62 74 47 23 61 5 70 3 41 64 82 65 86 91 49 51 67 32 63 73 91 84 78 27 32 94 3 9 2 1 18 29 13 5 34 33 3 9 31 73 47 35 31 35 57 32 38 33 41 46 65 23 29 51 62 30 1 28 78 80 71 58 47 5 99 67 31 37 92 17 52 91 0 38 65 64 77 12 0 9 48 99 14 99 82 66 1 76 24 43 93 58 36 50 17 85 18 85 26 62 72 53 47 71 8 67 63 6 13 17 88 84 5 79 73 4 62 10 7 48 12 12 83 24 53 7 28 59 62 74 55 22 94 22 62 33 8 46 20 99 38 21 85 65 11 35 22 96 60 10 28 99 59 70 38 11 51 4 16 
85 80 51 6 51 18 39 43 99 92 85 14 36 35 35 6 95 95 42 53 17 37 70 8 21 85 81 57 37 30 94 77 92 12 87 47 66 41 64 68 27 75 66 72 29 25 20 1 89 8 9 11 64 28 6 23 74 3 1 24 6 65 43 43 12 53 18 94 75 7 38 80 15 30 92 70 10 4 79 49 28 59 67 18 53 14 47 18 54 81 19 75 80 41 26 78 12 23 76 15 38 59 39 87 57 88 32 96 30 43 60 98 68 11 76 51 51 75 96 67 28 78 14 90 1 81 63 79 66 68 54 26 98 22 34 64 22 38 44 26 94 18 56 23 97 57 28 98 84 38 37 43 98 10 95 1 34 14 55 4 12 21 3 56 57 55 24 85 49 23 23 16 94 47 74 6 75 77 72 0 58 35 67 55 70 51 1 88 31 48 45 15 63 9 7 19 97 95 63 89 
80 81 82 2 42 55 94 54 29 6 23 75 2 39 25 73 21 66 28 48 96 26 21 38 99 14 7 77 59 18 46 48 89 69 3 73 66 77 44 43 61 41 85 29 32 30 95 35 62 42 4 91 53 69 84 31 3 76 10 8 67 75 46 67 25 5 25 63 86 83 65 82 5 65 63 80 48 28 74 44 75 93 18 10 13 68 45 17 97 92 80 6 65 90 49 44 72 65 52 25 37 53 40 41 66 91 84 62 6 95 69 35 46 87 85 50 6 60 92 87 71 86 46 46 52 28 18 52 50 44 81 92 44 44 98 61 19 82 76 26 45 66 32 10 96 85 49 1 14 84 30 27 50 1 95 19 77 61 94 55 14 67 3 46 15 16 77 46 42 31 24 72 94 51 96 36 17 71 19 37 9 89 1 28 66 6 47 67 80 36 31 22 26 45 38 89 50 72 31 1 
17 18 42 79 33 98 0 45 69 52 26 48 13 66 32 6 83 96 11 45 17 74 60 83 12 15 35 64 28 21 24 60 29 50 41 13 30 0 64 1 52 29 66 72 37 76 56 81 37 20 29 57 64 66 21 36 41 73 69 2 23 78 94 25 30 88 22 85 37 21 56 36 97 89 64 64 8 91 55 37 35 54 36 91 52 17 39 11 49 34 44 17 53 4 63 62 12 19 87 91 29 64 49 78 9 81 3 59 43 54 20 90 18 61 93 83 31 67 9 70 71 75 29 68 95 62 27 5 34 52 95 43 31 10 34 87 96 40 99 11 78 18 88 24 66 65 26 85 3 67 75 7 53 95 46 31 13 57 28 85 30 90 3 66 23 78 8 27 2 95 56 19 1 42 5 19 59 79 54 97 25 38 61 16 37 51 90 66 87 69 88 33 62 58 57 66 37 29 81 23 
39 98 15 67 19 91 33 88 16 7 57 4 73 79 64 56 40 22 6 13 52 85 38 11 3 71 71 4 61 31 79 65 22 92 3 55 30 72 76 77 27 8 12 36 42 27 32 83 46 13 8 64 29 97 55 82 57 34 85 52 98 23 66 11 40 74 81 63 80 34 48 64 14 3 54 74 82 61 51 57 75 87 35 55 62 75 26 6 67 47 65 67 42 90 52 19 82 71 36 55 38 32 11 91 38 31 16 83 59 34 23 98 86 29 23 78 43 92 51 75 15 61 41 83 71 19 31 43 5 96 16 44 24 59 37 4 63 61 56 41 98 5 27 94 72 15 33 33 20 67 6 17 47 57 5 90 82 42 3 69 72 20 97 56 77 87 40 41 25 17 64 42 39 75 87 1 66 12 56 41 29 86 84 88 16 34 39 22 94 29 46 87 50 40 52 4 95 59 18 44 
59 42 56 28 9 52 72 3 30 45 13 36 53 49 84 45 10 21 25 65 45 26 86 47 6 7 48 45 56 24 11 20 38 13 74 61 58 83 61 53 4 61 14 35 1 25 83 42 21 34 39 18 93 49 58 67 45 67 77 89 93 41 33 72 74 21 60 48 52 25 47 1 62 65 37 7 1 94 39 36 44 11 15 96 15 59 43 98 75 85 64 26 26 43 50 38 11 87 45 13 12 5 64 28 78 56 86 31 97 7 54 12 45 19 19 65 75 24 32 88 8 87 24 62 63 34 69 89 1 54 94 59 78 64 94 87 33 51 23 70 24 57 8 56 22 80 10 40 57 15 29 53 24 89 5 19 95 29 7 93 28 23 94 12 78 9 97 20 75 30 42 6 68 11 23 22 48 7 77 49 65 80 15 5 42 30 12 68 4 12 63 50 47 17 65 39 91 61 43 45 
92 92 98 66 99 10 5 56 95 35 99 36 86 9 84 56 47 39 48 29 52 48 9 60 19 53 51 96 19 44 14 4 36 30 40 61 46 1 34 76 42 25 88 97 33 31 74 54 63 4 9 1 60 37 1 56 72 3 29 16 80 25 70 11 34 59 11 53 85 41 0 64 2 60 16 40 2 49 33 40 86 36 19 74 99 54 4 68 38 30 2 17 79 8 17 41 15 87 51 49 84 58 9 34 92 85 16 58 41 5 24 92 44 3 99 43 95 16 25 93 85 87 31 64 43 11 37 2 44 12 61 41 58 23 8 33 98 64 51 25 86 51 83 83 36 98 96 60 26 46 20 59 16 53 10 41 18 51 57 69 86 52 99 1 80 12 26 37 76 52 73 30 60 12 94 90 67 5 19 21 57 77 22 31 40 61 93 45 70 27 86 16 16 87 92 86 10 79 66 58 
52 29 71 46 5 88 22 83 41 63 71 75 72 45 6 31 69 70 60 54 17 5 7 50 41 86 21 66 56 45 76 40 89 36 88 27 15 50 70 36 2 37 84 48 43 29 28 89 83 65 89 34 97 97 48 75 68 9 36 62 18 45 20 23 86 65 33 43 7 11 90 51 94 82 86 53 94 82 21 27 98 86 50 27 34 20 49 28 14 7 8 10 12 85 35 83 44 35 72 12 13 94 79 34 1 11 98 51 0 31 32 71 69 60 79 27 42 30 63 43 95 53 73 63 73 45 40 92 3 55 71 4 56 92 12 52 6 92 35 84 27 76 81 76 54 79 98 8 84 94 21 25 99 10 96 51 62 14 96 91 70 61 53 2 77 8 73 40 98 52 77 77 57 27 73 62 43 20 1 64 43 48 96 38 13 71 36 28 87 52 9 82 91 8 7 37 37 83 94 32 
69 44 29 71 27 98 83 53 1 19 35 2 92 10 42 19 67 79 77 88 44 62 33 2 80 76 12 59 50 69 16 59 47 39 58 21 60 9 3 32 27 3 81 42 87 61 89 62 87 39 4 49 16 53 96 56 54 74 44 63 80 89 26 21 95 5 60 34 66 93 69 53 91 89 78 24 3 0 81 1 74 79 56 38 41 8 4 10 69 62 8 97 85 40 89 46 15 32 92 96 75 54 62 68 31 53 94 36 74 93 36 30 64 14 73 34 5 20 47 98 81 59 34 89 3 61 48 98 77 98 73 78 0 35 73 23 56 90 26 46 14 80 56 15 60 88 87 99 53 84 21 87 18 78 20 15 60 65 91 5 22 75 47 64 13 20 39 3 78 92 96 6 60 14 16 79 8 35 27 8 13 9 0 72 7 18 18 3 70 71 50 96 26 56 90 22 34 39 6 56 
81 5 94 84 68 51 5 85 50 8 13 21 33 71 6 55 85 72 79 94 98 72 70 93 37 61 7 35 38 54 69 26 13 98 64 28 14 86 22 91 67 58 27 46 48 93 38 95 88 56 79 46 63 3 6 57 2 65 25 70 23 5 65 62 97 33 17 7 94 60 79 88 47 87 51 39 47 31 37 56 20 41 94 64 71 73 58 45 10 68 41 8 99 77 76 6 58 94 21 31 23 16 65 0 73 55 56 72 38 59 26 98 93 91 57 5 48 30 39 47 49 28 38 78 71 53 29 4 56 25 8 34 2 7 15 83 7 19 42 33 81 46 5 13 18 95 95 39 71 97 4 85 11 58 0 92 91 34 96 30 55 25 7 58 55 93 73 57 75 19 42 27 24 79 50 61 44 97 68 88 40 71 89 45 60 97 3 46 34 52 94 26 23 82 37 33 22 41 63 78 
6 22 11 72 35 12 18 66 24 0 61 50 39 55 39 17 59 7 52 85 94 18 17 98 63 45 14 33 31 91 22 30 68 21 2 37 33 77 76 52 11 61 21 15 71 62 45 16 78 40 14 99 85 17 40 20 49 86 51 88 29 60 29 34 97 95 93 71 59 43 37 39 0 0 20 14 98 75 11 61 55 41 17 98 72 40 12 99 91 0 50 37 54 36 8 4 69 17 30 8 73 90 55 52 50 88 99 94 26 23 50 70 99 78 82 4 43 84 63 35 34 72 50 35 88 82 64 57 55 50 81 30 55 37 68 41 92 57 85 57 88 70 53 58 86 6 28 59 38 25 68 0 61 13 40 92 76 67 76 10 40 47 76 68 4 41 88 60 95 96 6 82 68 91 24 73 31 78 99 17 16 6 44 62 26 56 82 27 41 39 36 9 36 19 77 65 42 5 5 59 
63 85 82 65 1 67 11 95 52 29 36 48 23 47 90 89 51 92 91 12 1 45 85 68 63 36 3 55 71 2 57 24 4 59 30 50 45 53 7 4 3 92 41 7 25 13 78 13 61 38 48 31 18 77 34 65 45 19 39 77 84 47 24 1 25 79 25 65 10 78 19 44 73 86 77 62 7 36 64 34 84 66 28 88 81 72 79 78 5 54 92 95 29 61 64 76 44 96 8 86 25 45 60 60 90 24 69 29 40 27 45 16 88 3 31 0 62 34 25 50 72 13 38 81 70 76 15 92 75 87 9 73 6 31 24 26 17 6 3 76 18 67 64 24 5 6 57 65 21 42 87 57 78 28 73 95 90 59 92 65 39 48 58 99 57 88 17 19 88 59 26 19 51 47 41 16 6 50 63 0 70 21 61 7 23 17 30 77 30 54 88 71 24 70 79 86 97 39 59 12 
37 32 15 22 72 32 9 57 0 4 4 70 40 30 52 71 47 27 28 15 46 15 42 90 57 65 87 75 3 84 40 79 37 32 4 65 97 26 79 8 32 95 60 53 84 6 78 59 21 60 88 81 50 63 2 62 68 75 30 87 71 96 70 58 0 24 64 44 66 8 39 91 15 4 76 78 6 92 69 75 27 76 21 95 6 69 65 99 55 89 80 56 49 87 1 87 2 63 16 71 67 31 90 0 0 7 55 90 34 5 97 21 7 93 67 26 66 35 33 5 87 30 74 36 37 12 59 68 26 94 18 39 11 54 75 26 73 99 97 84 76 69 49 66 82 16 30 60 97 9 92 56 68 71 74 30 59 0 54 72 58 53 85 90 64 45 18 56 60 0 31 99 63 83 53 46 35 12 7 62 92 80 38 24 42 15 7 85 86 19 5 98 84 35 61 18 40 14 20 80 
51 60 44 29 48 52 85 29 92 2 21 17 95 76 10 46 52 84 22 35 15 12 9 80 97 88 55 93 44 39 28 53 43 44 20 81 67 23 98 80 79 33 28 24 66 32 28 92 80 26 5 63 58 59 41 85 25 57 98 9 31 12 30 59 4 15 71 43 12 49 55 97 58 75 9 26 24 56 52 99 76 14 63 97 83 21 53 9 31 38 86 69 79 62 30 18 1 55 6 55 91 57 0 14 95 20 71 57 71 2 59 68 29 76 1 17 78 62 14 84 85 22 44 92 82 61 9 82 75 72 56 1 4 16 54 57 58 21 22 28 61 24 68 98 94 67 50 19 46 85 62 6 21 54 22 84 57 84 90 31 35 99 54 21 30 2 48 24 89 22 58 98 39 54 75 56 69 28 70 79 16 39 55 35 16 74 35 96 72 83 46 49 91 24 55 31 74 62 26 74 
26 18 8 45 33 65 56 40 12 62 17 57 68 39 93 32 10 73 56 96 51 20 88 85 59 26 47 31 60 89 77 2 83 2 95 28 59 37 68 81 29 94 8 29 34 50 83 91 18 71 55 0 65 24 44 49 57 9 42 73 96 78 32 66 42 53 0 55 16 89 39 74 18 40 54 52 66 72 17 1 58 45 63 40 48 6 50 90 7 3 17 90 77 33 71 57 52 44 70 82 93 13 79 17 87 39 28 32 3 44 27 23 80 27 73 32 10 44 91 85 35 57 75 92 21 36 82 67 68 35 77 82 34 46 46 1 46 19 64 58 39 82 58 11 41 8 71 4 20 94 26 8 31 14 48 12 94 37 66 16 84 45 89 41 31 64 3 54 73 38 24 3 16 12 1 55 69 69 7 4 34 17 27 73 95 8 29 95 85 28 70 60 90 50 3 32 32 47 95 0 
86 5 0 49 67 27 24 41 56 13 57 93 23 17 11 18 61 59 5 35 70 46 51 87 51 51 42 71 37 86 12 0 67 23 42 70 43 34 40 23 69 5 92 13 85 37 5 53 0 52 28 42 8 63 76 81 35 40 58 31 1 77 20 72 41 86 32 49 50 42 4 20 10 29 12 25 30 62 17 81 83 23 39 43 17 62 25 63 78 96 0 58 29 25 67 9 63 74 77 17 78 38 88 83 17 64 45 70 59 47 63 42 55 67 13 77 27 64 90 47 87 28 75 54 17 42 40 31 99 64 14 60 4 48 72 62 31 43 48 38 60 61 40 39 96 37 82 38 63 32 76 18 4 96 19 65 9 47 43 91 75 51 42 41 60 36 13 72 31 57 4 3 5 8 56 10 54 76 75 29 29 71 94 25 75 87 65 25 72 64 20 75 96 29 17 40 62 80 50 97 
31 54 57 88 53 67 29 90 16 53 82 38 53 24 72 46 17 45 72 45 28 63 64 69 98 71 64 21 14 57 64 81 13 44 15 60 18 58 89 11 4 24 90 37 82 76 79 31 82 7 28 52 79 50 78 87 89 83 93 96 39 25 14 4 35 85 15 9 98 78 11 9 44 4 8 46 82 19 66 90 25 29 14 60 86 73 74 15 13 25 55 57 46 12 4 78 83 1 85 34 78 95 15 81 97 65 46 65 7 52 25 1 72 94 9 28 93 21 12 0 81 17 15 48 99 54 50 48 54 69 83 23 97 84 66 25 94 72 39 78 62 15 61 75 17 75 85 64 68 89 97 21 78 97 43 29 14 62 49 88 7 25 63 40 49 94 7 38 73 77 19 54 38 57 56 52 25 71 6 92 26 83 77 92 24 32 34 5 27 20 36 39 48 92 4 1 76 48 59 49 
37 59 11 39 85 98 9 76 64 67 5 20 40 76 10 60 75 80 8 34 26 53 63 46 7 22 51 70 11 79 20 52 93 19 2 98 65 34 21 51 74 11 1 4 3 22 70 33 91 86 86 21 86 93 59 11 93 57 70 95 38 91 0 8 86 48 73 12 32 31 78 85 58 70 15 80 56 13 72 23 67 21 79 87 4 79 63 76 50 58 31 73 29 63 91 10 64 31 66 75 56 36 43 82 65 4 57 37 66 81 77 2 68 13 27 2 60 92 59 75 86 16 94 78 40 79 55 81 42 8 55 33 29 31 57 46 72 98 70 77 16 64 55 82 98 16 67 52 90 19 80 14 20 41 10 7 14 37 6 80 10 74 71 44 97 40 70 45 96 24 55 17 9 45 29 0 61 4 94 4 13 21 29 28 1 37 99 69 17 98 67 29 22 86 43 18 91 97 12 83 
60 49 10 58 2 10 56 62 33 77 0 9 6 33 94 16 54 97 69 22 31 9 7 83 39 87 58 82 26 71 27 93 51 94 26 50 39 88 46 73 90 60 6 33 62 0 72 48 1 73 29 72 61 16 69 62 25 50 68 40 7 77 98 73 96 39 55 59 84 82 14 70 15 1 59 91 95 70 6 55 70 72 10 77 26 75 13 54 12 98 50 48 26 68 25 24 92 19 82 64 53 32 92 55 25 71 67 47 5 66 80 1 27 27 44 75 40 15 72 43 3 16 47 45 27 39 16 75 3 30 13 28 13 92 89 30 40 66 2 45 46 20 62 50 38 93 51 53 97 76 28 13 36 79 23 53 37 56 60 56 33 57 55 97 89 16 88 93 20 8 97 81 24 6 93 98 41 51 20 46 46 33 72 48 21 52 10 8 9 95 19 65 22 40 73 66 89 4 21 46 
56 70 11 67 33 65 28 41 10 36 63 76 23 38 41 96 35 91 1 92 44 41 40 93 41 46 93 43 41 61 65 87 14 91 33 27 19 88 68 72 85 45 86 42 16 53 49 5 62 75 11 42 99 50 76 67 71 32 38 88 29 66 38 78 24 93 13 5 15 33 87 49 84 30 27 28 68 39 23 55 17 9 57 6 49 17 29 81 28 77 93 41 20 73 7 18 59 92 30 57 72 0 43 65 22 98 49 66 73 75 67 27 26 52 13 84 25 15 74 58 28 54 1 94 35 75 81 67 23 61 21 92 96 66 36 13 18 18 13 36 45 71 62 95 43 57 17 89 74 55 36 90 27 90 2 51 51 74 82 85 59 64 88 28 81 47 76 11 61 45 69 70 53 51 71 73 97 99 33 19 65 90 14 65 80 38 64 0 93 78 9 0 49 88 62 7 36 30 89 53 
43 60 71 81 85 76 30 67 52 11 55 52 54 48 88 71 85 74 84 45 76 3 75 4 71 46 31 79 29 12 75 21 27 2 59 27 80 18 24 87 7 17 37 82 81 60 82 28 36 33 17 7 35 71 99 53 14 5 16 14 8 32 80 41 79 68 71 21 0 16 48 8 68 64 63 55 42 34 65 56 66 4 19 84 89 81 17 39 98 26 28 30 80 35 62 60 33 42 42 24 91 23 6 33 41 88 7 94 84 87 48 40 15 2 67 29 11 3 73 83 15 56 43 29 3 4 56 66 62 35 65 6 22 98 19 36 3 54 79 6 41 7 60 98 86 0 72 75 97 82 92 7 92 40 97 58 19 0 43 6 6 47 62 29 77 38 81 20 98 14 10 85 35 57 31 11 56 93 2 37 59 37 9 96 62 6 23 81 93 23 82 98 77 71 51 95 96 82 67 89 
46 11 97 2 39 6 15 96 42 70 90 42 29 92 36 71 26 77 13 82 77 80 77 89 55 55 47 30 6 11 26 43 62 78 63 77 12 34 68 99 54 7 95 8 26 85 98 82 54 65 53 53 38 84 40 27 59 38 19 69 21 45 60 18 72 7 92 50 36 23 60 34 80 71 37 94 91 54 98 15 86 8 25 42 2 26 68 56 74 17 37 0 3 79 40 14 66 13 96 5 77 0 9 48 10 23 1 79 48 79 84 17 68 63 8 41 43 99 96 57 60 80 32 22 41 14 23 27 73 68 52 78 20 31 7 48 35 10 62 21 45 85 13 3 78 53 6 94 26 74 9 72 41 70 29 89 38 25 35 25 25 70 27 53 73 89 92 80 50 73 92 31 78 67 24 87 33 16 52 25 67 96 98 10 49 23 79 0 88 29 90 37 57 4 54 63 96 21 14 87 
52 7 91 33 66 95 97 84 53 84 41 10 34 12 3 47 15 64 30 71 1 17 8 89 75 48 56 90 65 16 68 9 77 37 24 99 46 78 92 70 62 14 98 6 82 20 76 24 45 45 58 98 42 86 19 47 17 38 21 31 47 1 27 86 96 38 10 54 47 2 82 57 52 22 69 15 88 45 10 79 9 37 68 98 63 8 69 1 96 98 97 67 27 13 74 58 51 15 70 32 74 59 50 21 18 75 4 95 80 97 80 86 16 73 91 97 0 94 46 13 60 79 29 92 45 95 5 61 16 60 14 90 62 81 89 38 94 38 43 80 6 24 2 15 45 41 20 8 45 96 84 37 25 21 52 20 57 64 28 35 8 88 84 28 94 74 6 80 14 26 52 92 34 77 41 36 14 19 9 23 41 44 93 35 10 53 66 41 43 44 28 48 43 44 16 67 73 53 17 23 
83 52 65 61 20 85 35 52 5 10 76 87 54 35 65 94 8 99 67 33 98 34 0 68 73 55 40 5 24 4 50 71 76 47 38 41 35 52 7 63 75 8 33 90 98 48 66 1 11 2 76 87 75 39 88 96 90 46 14 28 55 56 82 97 39 36 89 31 44 17 18 68 80 98 82 6 10 93 42 14 15 99 45 43 78 38 77 98 85 96 94 30 98 12 28 35 86 67 36 11 91 32 78 69 84 19 29 26 13 30 84 48 20 17 16 56 63 20 98 39 23 74 90 61 1 80 84 91 34 11 54 45 44 54 6 61 15 72 66 53 85 20 61 59 94 73 99 32 42 76 60 52 68 76 16 84 67 78 95 95 39 64 80 13 91 15 35 76 76 12 83 77 20 35 52 95 44 6 61 26 11 11 17 63 56 85 8 10 53 64 76 85 89 48 45 43 71 86 40 10 
36 20 66 65 35 50 17 40 79 85 31 6 85 65 35 70 58 9 64 1 99 34 27 91 80 5 45 79 77 12 9 92 3 31 30 5 98 53 92 43 11 30 67 56 69 53 57 68 52 18 46 0 37 61 57 47 75 35 0 81 21 80 74 80 21 42 80 28 65 2 58 18 20 88 56 13 19 67 72 81 48 29 9 31 79 92 85 48 39 31 27 89 71 51 48 35 2 37 55 88 11 30 42 46 25 96 43 91 43 5 79 36 95 61 38 70 28 13 11 58 44 76 37 63 79 25 18 49 29 91 83 81 30 44 80 71 84 81 6 23 4 36 22 91 77 16 7 73 73 17 43 5 62 75 38 76 16 77 84 79 56 72 24 57 4 58 89 74 83 28 80 90 84 39 26 37 82 90 95 12 55 6 70 48 69 92 63 82 8 55 27 47 5 70 99 77 2 60 96 61 
19 80 65 22 85 68 89 62 33 68 99 43 67 88 59 17 76 14 7 19 1 17 34 11 69 67 91 21 44 79 5 78 88 2 86 97 96 47 94 54 60 26 49 3 24 15 55 4 68 54 62 41 92 92 41 89 75 31 9 85 69 51 69 31 94 86 98 9 57 13 26 33 57 99 4 42 61 37 45 63 97 79 13 50 0 51 61 35 57 95 23 78 7 87 79 30 36 11 17 4 31 38 91 88 61 44 48 65 97 25 97 19 15 82 39 96 63 71 85 36 17 10 35 94 36 36 43 78 23 49 56 72 32 37 68 33 71 8 62 53 73 45 55 28 18 14 84 81 3 7 81 76 92 53 73 7 25 57 14 47 32 30 50 55 94 98 81 21 65 32 21 40 81 78 12 79 97 16 81 88 1 49 98 2 90 92 91 7 26 15 19 77 8 71 3 12 38 55 67 69 
81 11 29 8 37 7 35 22 86 84 65 13 53 29 58 0 91 50 7 68 79 17 98 67 2 83 7 79 36 74 73 23 36 98 51 20 37 60 4 46 83 9 92 72 75 24 36 17 7 12 1 12 43 40 39 55 33 0 55 12 52 67 59 32 78 37 78 23 36 71 76 68 29 68 50 24 39 14 9 33 89 81 11 9 32 8 3 9 88 78 98 83 29 19 62 77 59 63 66 79 7 45 54 70 28 32 56 19 32 86 39 28 58 90 75 46 76 80 1 27 28 2 81 76 69 21 97 69 67 68 64 99 74 33 86 38 59 94 53 49 99 5 97 47 38 90 20 91 96 25 18 42 81 76 47 95 58 43 92 51 61 70 82 43 17 89 97 19 36 5 14 88 5 7 31 32 89 94 39 28 95 50 84 18 79 63 28 56 1 86 84 69 71 70 27 51 0 41 58 93 
41 42 70 97 95 98 70 60 75 70 19 25 35 8 78 51 58 83 92 91 25 0 24 62 59 39 96 51 42 94 17 71 95 68 17 16 8 1 53 39 27 77 72 30 26 54 53 6 85 50 96 53 76 41 72 74 61 59 87 47 48 60 66 35 86 8 11 2 99 38 29 46 50 32 74 75 98 85 7 9 73 93 95 0 84 68 68 45 83 10 55 95 11 86 46 60 41 74 69 93 75 10 60 83 49 42 30 40 37 9 51 54 30 11 1 17 71 86 97 79 64 29 85 35 4 1 4 90 90 5 38 10 33 20 20 92 33 4 39 53 79 1 41 31 72 14 27 97 7 71 86 48 15 8 55 51 62 36 37 1 63 94 90 58 21 84 61 75 81 73 94 26 18 81 78 70 47 46 44 18 49 38 44 56 49 98 75 16 68 64 48 33 97 28 30 56 39 88 9 70 
76 62 81 20 60 79 36 57 10 4 48 42 76 47 22 7 18 71 13 44 25 65 89 27 64 84 85 35 10 62 42 80 1 7 86 77 7 24 10 18 19 8 4 44 54 96 84 1 42 29 31 4 58 94 88 53 40 25 15 81 76 38 11 37 13 67 53 23 5 95 97 72 32 37 67 80 65 22 70 7 8 58 23 13 75 11 86 16 0 12 41 61 27 29 81 40 36 94 52 96 59 5 11 7 78 28 17 57 46 39 1 55 46 38 9 70 40 22 34 89 93 25 73 55 48 15 91 27 98 98 21 22 92 77 43 11 92 40 71 1 57 3 8 46 50 6 35 18 37 32 28 38 71 35 58 26 2 55 65 57 62 40 52 72 46 41 62 0 76 58 31 15 6 6 99 77 53 89 47 91 1 28 77 33 22 39 65 56 47 13 31 30 98 79 71 65 19 1 15 94 
68 22 4 19 24 15 95 11 91 41 12 0 21 99 32 40 70 56 60 4 86 95 34 42 40 28 28 39 24 35 26 41 45 31 47 49 60 6 63 75 67 99 67 4 73 44 93 25 7 31 70 82 14 78 29 54 65 90 70 13 65 60 31 57 51 73 22 25 51 64 11 67 27 65 35 49 85 33 1 87 96 63 16 83 76 85 81 92 81 27 6 87 98 71 47 90 2 29 80 47 86 77 96 10 81 63 8 26 41 14 75 21 6 45 48 81 72 6 33 49 36 23 39 45 62 97 65 53 50 3 33 64 8 8 49 31 42 4 35 75 40 40 15 93 73 60 12 1 21 9 9 85 45 24 65 19 55 81 57 92 14 54 94 42 80 98 50 56 98 97 26 20 39 39 98 30 69 13 48 51 29 39 9 57 61 91 76 89 23 37 4 52 55 3 98 94 49 22 19 40 
1 66 24 2 79 10 10 92 38 36 54 84 54 8 10 19 8 18 61 87 67 53 1 10 97 89 42 53 52 69 61 7 74 66 94 39 53 30 86 7 91 48 28 38 9 7 71 97 10 53 35 25 43 90 20 72 8 81 20 61 9 31 51 77 14 5 34 36 76 46 3 99 78 94 94 35 90 33 24 42 31 0 7 64 90 20 10 52 52 35 54 48 64 7 82 70 17 85 67 13 83 51 83 92 49 77 2 41 85 89 18 41 3 54 83 82 38 50 66 53 68 30 27 57 77 73 20 75 83 27 45 39 93 73 61 78 28 22 2 78 29 20 7 48 25 67 61 36 97 33 28 14 62 7 16 79 95 10 16 74 84 18 17 28 79 83 81 78 73 81 66 9 16 45 98 46 38 52 5 71 36 60 81 9 76 93 92 92 20 74 23 84 56 91 90 82 69 93 0 46 
47 25 32 18 20 57 0 19 50 9 1 41 75 28 20 41 59 73 23 83 38 60 47 58 78 13 0 47 43 57 21 35 77 54 30 36 6 56 43 14 5 61 35 88 86 44 53 46 90 58 6 92 58 73 35 74 95 2 80 57 1 32 56 34 68 57 87 77 26 81 26 81 82 25 87 99 28 21 64 60 59 17 28 43 39 24 79 82 91 2 89 23 26 53 30 57 56 78 24 72 15 81 34 35 3 72 27 45 83 47 86 83 52 37 9 36 95 30 84 28 50 82 47 40 27 25 78 90 81 88 56 97 31 43 26 53 50 35 93 80 81 49 58 15 31 71 29 27 92 51 65 90 28 34 38 86 28 99 48 16 54 48 59 80 84 32 38 81 84 97 80 39 75 28 69 56 21 55 61 16 83 86 14 78 84 5 39 56 9 97 33 14 89 41 5 66 35 15 54 28 
29 7 81 6 36 27 14 3 57 20 8 87 8 40 71 38 79 72 22 22 2 79 36 34 36 76 63 9 68 5 35 70 84 65 15 13 90 63 5 18 38 19 35 8 27 96 53 45 45 62 85 44 90 50 5 55 80 53 92 54 51 17 52 52 15 62 94 12 83 91 62 98 71 63 0 59 84 7 88 71 50 32 94 62 46 22 1 21 13 59 16 89 75 44 89 12 56 51 62 31 45 44 50 4 62 21 89 73 78 68 14 60 66 58 68 64 95 10 94 44 58 10 52 87 13 18 43 23 48 35 24 86 94 94 80 30 89 84 86 96 62 16 49 48 32 11 27 22 46 7 3 32 13 43 79 34 29 78 85 58 67 15 11 6 34 84 8 2 32 37 65 22 40 94 88 75 26 83 16 57 66 80 53 29 44 18 5 36 3 5 67 88 93 78 16 33 23 66 67 10 
77 52 32 97 4 19 40 77 62 59 10 71 38 34 50 7 84 22 99 43 71 86 86 48 37 69 93 64 71 38 68 80 43 92 19 47 66 15 87 90 57 11 46 13 65 49 13 42 41 32 56 57 53 82 81 76 89 59 28 40 76 97 67 67 85 13 88 15 57 13 95 82 30 38 50 88 4 48 34 71 55 80 68 29 24 28 40 71 35 73 97 19 20 86 32 59 0 60 93 92 26 54 72 90 7 97 52 10 31 23 58 0 37 89 24 91 45 1 92 33 0 31 70 43 8 50 44 43 48 37 53 52 45 49 36 76 78 0 36 77 78 12 32 30 37 7 35 90 64 17 79 29 12 40 53 66 95 84 59 73 97 35 45 50 6 19 53 42 41 50 16 36 93 24 88 66 37 75 45 24 45 67 56 89 34 97 37 62 91 14 11 0 14 39 44 26 17 91 99 50 
94 39 38 50 79 42 35 42 94 53 26 40 12 48 52 12 36 93 15 18 58 44 50 76 8 25 50 32 10 34 60 30 5 56 69 33 25 23 24 24 27 96 75 98 36 99 45 27 20 9 70 69 45 88 31 18 52 56 59 72 32 56 2 44 48 73 46 44 75 34 51 78 2 81 19 10 10 65 90 60 27 81 18 1 56 27 26 72 92 20 64 98 88 40 69 22 65 57 60 27 21 77 61 38 13 7 83 68 14 33 19 72 1 36 64 17 79 55 84 87 8 67 16 42 34 42 47 87 34 65 67 6 15 0 41 99 94 67 46 81 16 96 9 91 53 26 47 65 21 72 28 11 22 98 96 57 14 28 6 67 69 76 83 57 56 24 87 25 15 45 56 39 32 90 15 74 37 28 95 77 12 86 99 89 20 7 79 5 87 67 21 53 23 63 21 4 1 41 12 76 
80 44 49 83 69 22 6 11 67 42 68 69 98 76 75 31 60 82 37 3 71 6 17 67 47 54 88 83 91 86 35 48 35 96 30 2 53 72 92 27 4 23 87 37 16 30 54 82 68 95 66 12 0 95 93 0 3 0 17 86 51 68 56 33 91 22 58 66 94 1 31 43 4 88 35 94 18 45 40 19 77 81 27 46 63 62 29 40 49 77 71 13 32 2 19 91 63 34 25 29 25 69 23 14 31 40 20 66 79 89 15 81 86 96 75 99 36 8 49 40 82 54 74 53 1 45 49 78 4 99 52 25 97 79 14 91 48 76 15 66 61 73 41 75 33 53 58 13 78 41 54 86 38 55 46 72 9 93 77 50 2 46 82 8 48 80 30 96 93 48 19 19 74 82 93 43 24 60 88 82 39 40 91 63 17 27 0 87 65 53 15 99 16 55 91 77 36 88 38 44 
36 67 93 99 23 71 20 88 36 76 38 81 17 29 85 55 94 11 11 99 61 33 56 10 40 1 16 79 38 62 87 87 86 65 27 32 24 41 85 14 49 54 8 66 69 6 38 79 79 67 15 23 45 55 67 5 72 16 87 16 86 34 68 73 87 36 71 88 85 31 96 25 11 5 24 76 35 72 32 49 18 49 45 54 17 76 93 2 13 21 67 67 28 81 17 81 18 93 4 25 97 86 38 57 9 62 80 33 7 6 27 47 92 36 60 74 28 31 60 19 35 64 5 60 36 83 50 98 33 11 67 14 10 62 73 74 1 84 91 8 0 58 25 51 21 94 48 78 83 93 2 74 78 12 87 7 65 27 28 97 18 51 27 71 86 18 80 80 41 84 6 21 80 88 76 75 28 84 89 9 78 13 70 81 18 94 88 4 61 78 86 91 30 4 48 35 78 91 8 71 
94 38 63 73 65 61 40 61 71 53 64 61 89 77 53 90 70 93 81 91 50 3 9 92 29 44 55 88 25 88 91 79 92 5 69 14 64 85 55 23 44 42 44 77 48 13 90 16 83 86 64 97 16 47 55 76 78 7 67 33 21 94 4 1 2 74 49 77 69 39 71 0 12 14 94 81 74 94 61 35 77 37 67 92 29 62 67 84 11 87 32 82 40 96 67 99 30 56 33 46 23 12 15 0 11 90 45 45 72 64 95 94 8 69 14 1 12 3 58 22 62 33 58 35 16 63 49 66 82 52 72 50 27 99 96 31 13 17 17 26 67 38 95 39 36 62 20 97 4 38 58 99 40 51 50 73 67 63 57 67 3 21 82 3 34 37 29 33 21 28 30 62 68 77 77 77 56 22 97 66 2 41 74 52 53 73 39 22 29 75 47 56 41 80 40 67 14 34 10 74 
84 19 29 6 74 12 69 85 1 42 21 14 22 21 90 20 13 55 53 63 28 87 20 27 79 69 49 20 92 41 11 94 47 5 57 26 4 84 12 37 7 9 60 23 96 37 2 70 67 8 13 88 6 24 55 71 39 51 77 56 79 82 21 29 60 27 46 11 25 73 21 38 78 96 43 63 15 15 19 8 37 68 34 74 61 54 72 75 43 14 17 81 41 22 35 80 75 84 97 23 62 98 25 28 90 74 98 85 85 55 93 33 9 28 96 79 11 85 8 29 84 72 92 25 60 1 93 81 86 97 65 16 59 23 30 11 87 97 7 52 0 70 18 45 40 8 36 77 57 31 41 88 58 58 18 91 9 98 84 97 15 13 38 52 12 50 58 60 84 81 88 82 41 39 40 76 93 47 57 91 22 51 30 36 33 35 75 3 44 34 3 29 27 69 33 13 37 20 69 73 
30 31 16 38 7 24 78 58 66 78 87 24 84 71 8 93 44 85 68 65 9 1 94 71 54 25 89 94 37 20 69 56 49 43 96 32 88 18 97 55 25 56 15 34 5 31 57 43 29 48 0 33 67 70 78 57 32 32 46 42 1 3 16 71 65 36 91 92 55 63 40 63 76 30 28 88 34 41 68 2 98 25 68 7 67 13 86 45 1 99 37 51 5 4 70 88 1 55 29 62 67 71 59 10 57 35 38 6 39 86 78 86 64 72 27 7 82 15 62 33 0 93 21 96 45 93 41 38 59 67 66 2 73 26 90 88 12 32 54 87 44 24 33 43 39 0 65 33 98 0 27 80 42 35 86 37 1 50 83 49 1 65 19 89 37 91 42 93 23 9 10 49 88 91 63 86 10 13 62 69 91 63 16 10 75 8 84 82 76 96 27 52 0 29 31 77 10 98 38 82 
37 73 73 59 69 59 36 93 99 41 27 48 91 77 5 14 19 81 28 87 59 23 18 77 28 66 43 7 2 56 78 77 41 57 32 98 65 7 34 78 96 97 63 48 48 53 51 18 26 17 21 92 23 34 43 83 60 40 21 4 35 49 7 72 92 52 45 60 13 91 87 15 94 96 2 35 95 44 20 9 88 1 0 17 29 2 34 98 78 41 63 2 54 64 48 85 82 39 91 26 1 8 31 14 93 68 37 51 56 9 95 43 64 77 59 67 92 78 3 78 60 42 25 23 27 66 37 6 39 21 14 24 0 26 16 17 92 69 23 62 71 49 61 41 19 44 25 60 47 51 7 83 95 82 25 1 2 58 19 53 62 31 87 31 8 56 72 66 29 48 76 6 36 40 24 21 21 27 15 97 45 53 77 70 71 19 77 22 18 85 17 12 20 84 41 73 35 47 39 64 
42 9 41 81 62 61 95 0 6 41 43 31 95 51 94 25 44 37 56 52 1 66 3 70 18 61 4 92 50 58 31 50 44 79 89 58 55 69 66 98 13 91 84 60 57 93 80 37 45 77 67 9 93 26 22 7 30 94 33 10 5 22 14 30 79 15 20 60 65 59 74 32 52 72 74 98 43 65 5 95 4 2 5 88 59 33 32 7 68 74 79 37 8 10 27 71 63 56 31 97 1 36 34 80 37 41 46 44 21 24 81 49 55 38 62 5 83 94 40 18 46 18 86 91 50 35 91 77 84 71 44 20 22 11 2 92 81 6 58 77 74 41 66 85 35 58 63 56 0 21 91 20 14 97 95 78 45 53 33 16 29 52 78 69 78 1 19 14 40 34 33 59 11 17 62 85 19 36 18 17 68 40 79 93 61 76 41 85 91 55 97 52 91 78 78 28 31 98 32 92 
33 85 52 1 56 7 85 67 85 32 10 84 97 77 75 13 44 7 88 12 41 46 3 86 98 57 54 33 70 69 1 69 54 77 93 95 89 29 25 46 11 30 72 1 16 36 95 60 20 37 93 11 98 33 48 48 50 18 73 69 67 87 99 56 29 79 27 85 74 11 20 33 83 4 42 24 9 26 68 42 56 98 42 50 92 33 7 67 14 17 67 34 82 99 41 95 59 26 55 95 30 94 85 78 51 21 11 62 76 66 97 68 82 51 50 9 29 69 4 7 28 61 61 77 27 25 55 61 44 68 72 97 94 86 81 24 39 3 3 37 8 81 67 44 4 80 26 88 79 74 36 97 34 87 42 30 33 31 81 94 55 53 2 15 59 38 79 15 9 99 3 22 78 71 72 44 92 24 40 31 56 16 46 27 41 86 91 6 53 15 36 98 66 82 93 53 34 11 27 95 
19 44 90 6 18 39 54 74 23 48 91 70 32 10 58 27 33 43 18 99 59 89 83 81 55 83 62 63 86 0 21 4 39 66 36 55 8 66 29 4 8 39 71 81 65 8 5 52 90 98 29 55 75 2 63 11 35 71 80 18 98 14 66 86 67 19 46 27 48 75 27 4 65 10 37 61 65 35 30 93 35 46 55 1 81 82 27 92 58 55 83 0 5 1 13 45 44 45 15 85 62 91 90 76 76 33 72 48 30 95 57 8 57 44 93 44 72 56 3 25 8 98 36 10 32 12 91 90 45 44 35 80 21 85 69 55 98 31 52 4 42 59 55 84 16 3 94 78 33 65 35 44 77 57 30 65 23 11 38 87 48 73 59 14 54 98 61 41 55 56 18 67 38 12 3 41 76 92 46 42 36 56 76 82 24 79 53 96 74 67 76 77 99 48 2 66 77 82 77 34 
43 86 69 95 41 10 89 99 1 70 26 92 5 14 57 4 78 65 18 82 1 88 65 61 51 72 72 68 54 92 1 62 58 14 1 59 61 80 17 78 63 90 73 0 48 2 18 8 71 79 68 89 7 93 47 73 92 41 73 64 73 93 33 25 99 67 39 14 60 26 36 94 33 59 23 86 65 53 16 24 7 68 75 28 81 71 76 15 78 45 6 18 41 24 82 19 7 91 34 62 55 61 1 63 52 42 72 54 35 11 82 78 58 44 4 58 31 54 48 86 37 89 30 38 51 30 35 4 54 54 98 22 14 37 17 69 0 27 45 20 31 23 92 36 31 5 50 25 89 81 5 49 64 12 34 20 15 98 61 40 84 53 8 62 25 45 30 24 93 29 93 20 41 13 3 53 71 8 33 20 67 64 1 70 60 4 32 36 33 21 66 55 9 39 30 66 64 86 70 44 
47 17 33 70 41 46 45 25 62 0 5 83 0 56 35 44 29 13 7 47 25 35 77 42 80 90 98 30 58 32 5 74 85 18 3 35 26 94 1 8 20 51 11 6 45 53 84 67 11 80 28 23 62 79 91 87 83 3 4 6 24 30 50 24 96 85 9 97 82 33 88 25 33 25 90 94 43 86 3 99 14 69 97 53 70 69 22 52 40 69 67 54 94 4 1 40 44 93 51 17 39 17 76 66 92 39 11 1 51 68 56 0 49 99 77 78 27 30 57 87 76 69 71 22 92 47 62 60 25 75 51 44 22 73 12 87 59 37 68 64 56 10 55 30 1 83 24 48 98 58 0 82 22 42 24 71 22 31 50 30 39 55 35 68 71 99 85 74 28 86 87 35 89 5 57 77 22 88 91 33 34 88 63 91 76 50 99 43 47 31 59 88 57 80 83 3 81 71 29 12 
68 42 20 51 69 17 29 1 0 43 57 52 41 1 3 32 72 77 27 99 12 64 64 76 53 86 5 8 2 39 26 53 82 23 45 94 5 81 48 54 59 95 98 36 9 81 92 56 83 4 72 48 85 89 14 97 1 38 43 54 64 56 68 49 44 31 8 98 57 9 72 61 94 53 50 3 83 87 72 47 17 63 55 12 54 71 39 87 50 20 28 35 92 53 90 49 96 98 77 9 37 22 3 72 71 81 46 84 59 51 73 21 18 45 27 65 23 81 14 18 47 44 25 22 90 99 72 67 52 9 82 61 45 12 21 9 56 2 9 27 21 50 62 90 66 99 0 62 51 36 24 58 82 8 21 3 86 73 74 53 25 43 17 65 0 78 48 22 54 60 28 92 41 64 56 38 80 32 47 6 88 20 32 75 73 39 68 50 27 93 1 17 70 33 38 16 43 97 22 61 
73 61 18 27 6 80 13 41 81 73 71 19 28 60 46 1 81 51 14 47 47 15 68 41 42 7 91 60 30 81 59 8 88 94 23 24 62 63 40 47 57 9 68 36 60 61 86 68 34 48 32 98 64 76 67 0 32 44 90 88 9 85 81 13 81 82 15 59 35 12 82 64 4 85 62 73 87 62 85 8 32 96 25 19 51 12 38 37 70 53 70 44 12 73 26 23 2 31 27 92 77 8 5 68 50 69 74 30 71 16 50 18 75 80 90 11 68 6 30 30 86 97 36 84 22 82 77 18 36 5 86 32 58 67 44 4 30 88 83 91 86 10 37 92 34 78 85 20 94 47 6 86 81 97 11 16 45 56 27 74 75 29 85 65 65 80 83 42 78 59 34 52 34 77 11 27 18 26 33 47 95 26 3 45 94 65 55 96 39 78 47 71 42 51 70 64 73 47 19 92 
68 53 62 61 29 20 83 48 3 16 47 37 53 16 40 47 99 4 84 28 81 41 53 17 35 6 23 86 79 74 91 56 8 3 31 14 43 21 41 81 5 63 69 84 45 93 45 28 6 38 79 33 2 76 73 88 52 23 52 65 63 38 83 8 80 96 5 56 70 29 18 52 40 7 6 2 91 72 26 60 96 21 47 77 20 24 80 24 62 21 91 55 61 66 60 14 63 45 69 13 16 6 61 52 95 13 90 49 38 13 0 11 53 90 56 49 5 33 57 1 37 77 70 23 92 79 93 80 8 53 74 95 15 20 90 1 28 69 13 35 52 45 66 86 29 80 71 82 14 90 33 55 53 22 80 52 34 52 70 73 72 82 64 92 81 78 74 22 65 54 68 19 47 44 97 15 15 44 15 90 91 87 15 59 85 49 10 76 45 23 19 25 47 45 80 46 19 61 60 69 
67 37 3 5 96 53 47 99 37 29 44 7 32 97 87 15 18 38 39 42 74 76 53 68 93 88 53 47 84 61 4 29 69 77 96 85 55 93 46 71 25 73 39 80 53 28 13 60 1 28 43 14 53 4 56 2 74 7 47 33 54 5 74 54 73 59 89 30 36 60 70 93 76 0 7 36 89 63 2 63 88 48 27 72 69 3 26 23 57 25 19 59 91 97 87 60 17 90 49 26 34 52 73 63 62 31 88 57 97 27 37 55 3 85 21 44 64 44 41 27 15 23 88 92 76 50 98 99 46 3 73 45 66 48 89 43 86 74 15 2 53 52 18 3 8 48 56 6 28 8 20 42 52 5 98 86 45 48 12 51 36 54 83 69 69 62 26 27 58 28 14 15 53 41 53 73 97 40 17 86 10 47 63 28 80 30 25 76 22 50 76 65 3 86 2 35 65 51 6 42 
56 82 40 88 77 74 95 96 39 18 22 92 74 87 15 13 47 86 6 78 47 89 82 87 99 40 7 23 30 46 63 80 29 51 78 29 28 72 12 31 70 97 50 48 7 99 31 54 32 46 72 24 15 73 70 30 43 75 76 1 94 52 40 33 93 40 38 94 60 95 10 44 30 18 5 63 15 53 12 9 24 46 48 94 7 80 21 39 96 76 12 82 3 12 62 89 4 9 95 55 15 78 47 94 27 13 56 87 56 2 0 0 11 9 21 88 59 1 62 88 18 86 79 96 62 47 28 72 53 45 82 68 54 62 54 41 8 65 98 62 75 33 89 49 21 48 7 83 23 30 97 91 5 70 38 89 60 84 50 38 65 56 61 69 24 30 76 77 55 23 55 74 36 11 46 46 14 34 14 73 43 4 79 18 93 20 76 55 2 88 20 71 40 11 26 79 59 39 67 27 
86 86 48 57 27 39 16 73 58 32 83 35 10 98 35 47 17 15 9 4 51 3 39 59 78 34 93 64 13 85 65 45 58 15 20 97 15 62 90 88 84 94 13 98 5 65 37 81 19 59 50 63 21 8 54 54 47 72 76 41 27 7 78 56 26 93 15 28 94 31 4 70 33 95 96 68 96 28 69 60 73 18 70 71 14 60 89 73 23 98 85 11 93 13 33 80 88 29 2 97 74 7 39 7 13 71 25 3 35 20 96 87 28 5 1 54 16 54 49 98 45 8 56 89 59 60 94 6 74 51 80 72 52 90 86 11 68 80 15 41 62 80 57 32 32 3 7 83 68 95 13 78 30 89 87 70 57 72 77 16 85 50 5 97 80 19 17 98 45 3 78 72 36 53 5 98 36 42 77 14 97 26 74 62 90 49 4 4 38 48 7 64 93 71 1 4 57 42 44 16 
30 15 23 67 71 95 35 17 65 14 30 51 17 0 2 60 81 61 94 50 11 97 19 32 70 17 17 69 13 49 96 9 9 42 49 78 65 33 91 58 12 68 79 78 26 41 47 54 23 13 42 19 0 35 93 38 27 49 28 20 18 1 76 57 39 8 88 40 71 68 25 51 71 44 31 99 13 48 36 87 75 56 55 73 17 81 21 29 46 18 7 1 5 1 69 36 80 90 96 39 60 43 2 61 38 69 90 98 82 29 6 34 98 95 41 87 62 99 76 84 41 65 21 36 90 27 65 23 96 56 62 74 58 7 65 52 51 31 84 7 93 98 8 73 92 29 1 17 18 58 38 53 33 89 30 33 41 95 38 60 86 65 65 61 75 51 35 53 80 76 6 43 26 40 2 11 89 79 93 71 91 38 33 11 78 47 90 49 81 98 8 52 87 1 14 32 45 40 10 58 
67 70 79 68 44 22 29 88 97 89 44 37 39 22 67 38 4 87 54 22 51 68 66 76 3 38 48 32 18 9 0 61 90 73 47 96 68 10 71 76 19 62 3 88 39 67 23 42 70 44 33 74 16 44 19 66 46 37 63 91 30 8 97 20 93 34 91 57 2 12 27 15 37 22 16 10 22 40 62 99 77 47 35 7 85 39 54 64 60 25 19 86 7 86 63 29 98 28 78 61 70 49 34 73 29 90 58 72 6 82 54 17 93 15 61 7 65 8 32 37 60 44 41 45 59 37 80 42 56 84 44 34 52 77 78 54 44 38 97 59 93 5 86 69 58 25 42 76 43 80 95 20 0 98 8 13 16 97 3 85 90 58 14 22 11 27 58 27 38 65 98 5 76 64 51 25 80 8 2 64 90 54 95 51 98 12 0 44 96 5 33 77 61 93 47 12 32 71 78 58 
66 92 52 60 63 19 59 26 34 25 61 70 71 7 94 93 47 74 90 48 0 78 81 74 65 62 23 79 52 91 95 80 21 98 79 54 18 75 25 9 6 20 0 42 30 91 38 14 43 55 77 80 19 72 7 28 2 88 23 81 28 5 72 94 68 56 28 69 57 40 13 40 10 68 31 76 3 61 10 78 49 56 25 79 31 82 80 23 39 24 85 21 71 41 17 26 69 58 74 68 83 65 32 57 3 30 88 20 42 50 11 81 99 32 23 99 62 12 10 79 86 10 80 87 44 68 19 10 96 55 89 62 17 39 33 58 73 25 37 2 54 61 47 55 31 96 90 11 29 7 92 44 81 45 69 15 62 93 41 73 19 56 37 13 71 62 48 77 15 98 73 98 32 7 45 24 18 19 38 99 36 19 95 34 37 17 10 89 30 34 63 10 48 28 47 64 37 5 86 44 
58 16 84 36 56 75 98 52 36 30 75 62 3 39 33 97 37 7 22 78 4 12 38 47 29 92 75 7 67 80 33 25 39 72 87 56 58 58 88 32 0 13 6 54 38 36 33 14 99 51 53 64 92 61 33 43 8 31 3 50 92 76 56 15 56 81 25 18 26 91 34 86 60 43 94 38 4 13 99 95 9 44 44 12 57 49 92 22 38 14 77 49 38 85 96 42 86 17 7 27 95 47 72 7 66 89 32 31 14 55 80 85 29 39 34 71 49 23 71 76 38 4 68 76 43 74 43 2 36 73 31 37 27 46 47 52 43 38 7 27 72 82 35 97 49 75 19 3 2 68 39 93 34 86 80 87 68 88 28 19 20 7 95 53 0 39 14 39 51 7 99 7 30 21 72 37 2 53 28 21 37 12 7 61 20 4 74 87 28 6 64 21 52 63 55 32 11 59 41 94 
50 67 20 63 64 77 72 83 87 97 80 86 30 86 0 0 25 57 9 90 93 53 37 96 85 76 29 5 11 41 9 68 39 47 75 76 97 25 98 38 10 54 91 9 76 66 53 30 85 70 2 69 45 93 86 36 75 39 67 59 74 66 41 12 88 99 95 36 14 50 90 45 9 29 74 13 89 34 10 3 68 58 35 73 61 29 52 30 45 68 41 60 22 86 41 12 67 34 44 53 47 11 97 74 61 17 0 8 35 11 31 4 13 26 82 68 1 73 93 64 93 38 53 91 1 24 21 51 85 52 43 49 48 37 49 96 46 71 1 85 71 95 21 79 66 69 47 36 77 78 12 59 13 13 37 84 73 48 74 45 86 46 75 98 93 3 89 47 80 66 10 48 69 22 91 13 5 44 28 7 89 36 53 36 42 14 52 50 22 99 3 42 17 64 88 54 37 22 98 63 
14 71 14 53 89 4 1 87 11 59 51 27 56 14 9 9 84 57 51 55 86 57 57 54 64 77 87 23 30 14 78 44 74 77 97 72 78 56 24 11 72 81 3 27 83 53 15 0 11 41 17 42 87 45 95 29 13 18 74 24 2 6 0 90 50 65 7 21 38 6 39 67 75 71 69 83 98 69 19 88 3 95 26 8 3 60 89 11 21 39 80 93 74 35 53 1 71 75 85 4 19 19 74 30 14 44 24 87 13 81 14 88 71 70 50 59 28 1 19 44 16 51 62 46 81 8 67 74 1 70 66 73 62 3 2 80 15 73 40 83 24 53 35 50 32 7 90 20 46 81 50 5 25 90 74 51 53 42 52 71 75 3 15 24 59 37 38 88 11 89 85 27 18 90 66 85 74 74 73 35 27 52 17 68 86 81 95 56 64 60 96 89 67 85 90 10 89 10 10 0 
70 13 20 27 33 68 99 37 85 58 55 93 58 37 72 6 29 8 2 25 16 95 29 89 15 17 45 25 18 49 90 19 96 88 68 39 59 70 39 86 93 39 21 96 82 0 44 28 99 78 65 74 23 82 65 65 32 26 28 50 64 59 31 21 96 87 82 67 9 57 1 40 57 22 18 69 28 18 72 4 68 88 83 63 57 70 24 43 98 61 49 50 32 48 28 74 48 34 5 31 78 60 50 75 46 71 50 81 44 35 40 72 84 93 49 72 44 43 72 13 96 62 46 31 82 67 54 18 66 12 13 68 20 20 21 31 29 1 22 51 98 38 13 35 26 74 85 94 26 60 55 1 80 60 19 91 21 72 59 54 67 30 74 28 69 49 66 48 7 89 29 46 77 24 30 96 16 31 74 3 1 58 97 62 8 75 94 37 19 64 78 84 2 51 53 12 50 2 13 34 
59 71 31 84 91 93 43 89 40 59 92 61 51 76 96 83 73 20 29 93 90 15 48 9 65 0 41 5 39 7 3 58 96 34 13 96 98 88 85 81 91 75 16 38 81 63 34 86 3 99 71 66 39 36 23 62 78 20 58 2 0 33 55 90 97 94 22 65 47 25 63 4 28 54 41 60 46 75 66 58 66 4 69 82 90 48 2 73 74 84 53 18 17 24 97 0 15 24 2 53 38 97 97 90 17 60 67 97 24 43 97 83 29 17 94 8 87 46 93 75 17 84 1 51 89 63 38 22 70 52 57 43 90 32 51 67 24 19 83 71 41 35 6 13 34 17 82 68 25 31 17 97 43 39 74 44 9 39 97 58 86 65 20 59 13 37 38 67 23 9 71 85 50 64 17 64 55 98 61 30 21 79 73 2 92 57 36 92 17 20 38 70 58 40 50 81 29 25 9 18 
84 66 50 91 51 82 34 85 37 84 56 46 48 5 37 81 3 72 16 73 9 9 70 28 48 44 36 2 87 47 33 12 52 19 57 89 32 80 38 22 28 57 22 16 24 66 97 32 58 37 37 78 1 18 48 27 90 2 61 28 87 64 84 78 6 88 30 95 37 91 56 24 47 50 36 25 93 25 22 78 35 71 80 47 28 68 68 95 53 66 69 52 44 12 20 70 96 12 32 77 93 90 92 35 84 93 76 35 53 55 56 11 86 40 92 72 44 55 74 96 77 71 68 14 36 62 41 49 76 27 56 15 81 90 27 68 93 38 45 63 50 67 85 87 69 76 77 57 23 10 23 90 5 17 91 35 17 67 57 72 35 91 56 5 69 47 24 97 71 93 40 6 54 46 47 62 71 96 39 59 94 10 78 37 51 57 1 53 68 14 94 57 65 81 14 95 45 88 51 36 
14 57 23 74 87 87 53 24 87 12 39 12 4 70 20 61 93 3 54 90 53 67 52 62 94 72 74 78 17 18 29 56 90 54 13 97 89 23 60 61 82 87 36 37 87 47 68 54 88 90 71 44 24 32 9 6 89 26 39 64 44 44 85 64 34 65 94 49 90 62 34 25 88 50 46 35 97 73 58 40 88 11 31 37 53 51 59 72 83 27 77 46 7 86 23 34 55 94 10 92 36 51 93 68 9 12 86 24 7 15 34 7 53 50 74 0 95 76 2 14 85 20 48 1 6 2 96 5 97 4 34 65 97 47 93 75 84 14 31 2 45 21 89 76 42 14 5 85 63 68 52 15 65 73 9 83 29 22 67 13 4 48 66 28 91 45 36 92 59 51 81 51 23 76 54 1 89 99 54 19 53 59 3 91 3 77 43 2 48 86 8 62 60 33 0 17 59 82 4 4 
76 44 37 37 41 72 45 67 28 62 16 20 17 24 90 54 81 13 62 9 54 75 7 20 17 96 62 88 28 37 25 92 20 69 58 71 18 44 19 27 28 83 8 15 90 75 94 88 49 56 74 11 97 9 93 55 98 60 67 13 80 27 97 35 43 29 32 80 59 97 79 63 64 97 16 84 30 38 9 69 93 67 48 94 39 15 73 99 28 42 64 76 13 12 42 44 0 48 40 46 92 83 5 93 14 65 47 19 79 70 42 77 71 33 80 25 1 93 4 84 3 78 59 13 80 23 84 97 17 75 61 92 61 53 90 96 56 38 10 65 34 46 70 56 43 67 60 24 86 57 12 10 87 67 23 76 21 0 93 73 88 86 99 62 98 39 37 88 44 25 67 80 79 40 59 15 39 5 42 23 56 53 11 5 15 62 17 29 96 25 87 43 78 9 54 80 22 10 62 12 
60 58 16 69 14 36 44 28 94 70 73 38 53 37 21 34 93 6 3 88 49 51 29 53 55 30 91 18 3 78 57 18 28 92 45 92 62 27 45 4 7 47 62 33 11 10 73 87 95 68 0 86 79 9 56 42 58 32 29 0 67 58 27 13 42 7 72 54 64 45 55 16 19 75 47 88 44 7 11 62 98 75 88 1 39 33 87 14 93 81 21 30 91 11 23 41 64 77 43 73 53 61 81 2 74 87 26 67 92 9 23 49 50 8 80 63 1 31 82 41 38 38 45 29 38 68 6 78 28 27 34 23 70 92 75 0 15 2 27 47 81 68 78 74 67 75 11 14 89 24 17 95 74 18 12 99 62 70 47 33 32 12 75 86 90 21 34 45 60 1 69 54 17 43 18 60 4 39 49 84 47 68 77 77 17 97 87 57 97 97 30 76 17 37 68 32 32 13 97 8 
