521764 482497 458101 552894 497616 479822 470502 509907 495073 482919 442808 480409 428173 476101 495555 447799 521137 546178 472020 508668 492026 456611 528236 529052 457933 503208 522453 515950 461857 491786 510527 510259 521975 500231 522457 490453 500819 526684 522749 458046 459219 512681 508862 478621 508241 499847 526814 524805 482485 476361 468944 504242 473675 489564 504997 511376 487208 498938 517682 497888 526783 488900 532969 505065 540260 522190 488972 453269 528098 494599 456050 496215 467710 481990 477214 525882 507340 499373 455195 467255 541919 534018 448416 527915 487753 509854 478552 541794 541456 511259 501511 483607 478213 474122 501884 517102 447560 513866 485208 546139 527933 475067 508622 532243 468901 507282 507237 507986 506067 535364 507170 449976 519500 498664 521783 523683 510580 473246 502110 534969 485336 504381 518189 571024 510840 492369 500442 489846 531900 501233 528402 538651 506040 491771 522863 546787 515350 500332 492927 480765 507239 496417 503963 528731 485101 519979 482378 490280 508048 467064 481324 512958 494198 519175 527282 520857 488134 496097 490905 482684 487076 492234 532483 531703 477605 502486 493507 508747 503187 507050 520213 480832 494878 459967 497672 505487 484853 492188 496327 552025 505973 481731 527905 498477 493324 458492 485723 478661 483013 525121 498041 473284 507591 527014 498697 509777 495261 499170 480136 488893 
494313 457814 420592 531674 451580 451280 458095 497117 430306 470550 402278 437256 404807 448619 449206 431115 446805 515894 459534 459729 462792 416258 484595 493416 450038 459296 479158 477760 435327 443971 444005 467577 486646 444586 482541 452786 453100 481546 491127 457755 431548 469753 462199 441156 498603 460834 504400 465902 434923 455595 443301 459040 448419 439945 486767 475550 450812 457157 512980 466957 499783 452822 483698 452248 516631 490344 413071 441103 500505 451598 436277 442396 443226 424463 451028 450934 454750 483187 414927 430583 498904 479103 421203 512608 464688 469003 442884 487576 483459 468890 489302 464770 442805 431389 478689 463562 421867 448184 440586 475079 505813 434274 496169 500361 440796 458256 483223 438631 467732 489756 470080 413562 465620 460446 490540 490153 473673 432530 486355 478360 465849 478822 457378 518741 458759 470591 477630 478655 511397 472902 485981 462141 469836 466733 468987 505185 475118 479165 439048 450017 458617 440844 479885 485187 435464 479022 474075 476247 471752 463971 470484 475852 457088 483336 480867 475682 481217 429879 495830 465188 448070 492594 521035 502631 451417 471830 467070 468455 501033 466938 473274 437928 470573 425405 458117 478509 443457 456275 458226 467484 475571 455372 479882 478774 427535 405433 447346 450508 450421 498618 472430 455205 486579 498459 457546 452210 462164 484004 415141 471278 
541980 490766 484457 563595 489874 479468 450066 533673 499718 512120 445410 500368 454792 505026 492483 462977 497399 543918 498174 518862 508565 464814 510137 521475 509248 485632 526559 504737 494569 498662 479233 530655 536739 486376 511285 506896 498998 509435 530938 485586 460856 497357 525720 460232 506771 504476 574817 537643 486449 505132 474164 485035 482219 489793 518046 513568 491199 473507 517103 500341 554288 514274 530410 492825 527956 513146 485110 457447 531023 502499 472333 482900 474627 481525 488917 508513 501789 497532 468305 452654 566271 524646 469302 542007 499778 495019 487505 549333 516487 506414 506640 508643 444911 487648 509250 520543 451150 498168 488350 531398 555489 452573 494658 536015 494379 538194 498104 494059 513523 526602 493904 424766 521628 484466 541886 528912 521160 483581 517019 531795 491439 548677 541859 558810 483588 511224 530395 497084 543457 522192 535036 547169 537528 503032 513718 537325 521584 521638 503764 495984 488741 484627 500173 537618 466760 526066 487924 503140 512070 473805 490796 534722 484295 508160 511301 520206 499158 472428 534086 519956 514875 519802 534072 535867 496788 512823 507718 513557 544549 530019 513070 461959 528959 469652 515995 509809 494069 509765 504281 517630 496343 482067 497864 518674 509202 452048 508668 487713 502013 530669 485919 472031 511190 523708 510457 529875 490544 513097 484683 486604 
572635 510238 482319 596408 531578 489063 493314 545005 527693 512111 474019 529079 466454 489670 510872 467742 515534 555833 491602 540558 511006 472257 545163 555771 500057 523553 567326 518970 492054 513623 514406 529825 566749 509438 541461 517755 511645 555313 556054 486665 494187 528507 517233 489179 508764 517209 561574 553473 497377 516317 506434 526708 494942 525671 541818 520471 477092 477598 525108 517487 548672 498122 540315 537646 551996 536873 495327 489973 568583 514690 465031 490750 494851 490270 487255 529560 508126 505668 485830 487231 574181 531629 489547 530622 532902 532289 496923 532959 553830 532450 525628 501309 491735 488375 536841 520969 472696 519462 499507 534633 562797 487211 550343 547255 500145 525316 516800 540798 534827 552967 527710 485062 531066 511791 542595 549139 532829 487895 526380 553511 502718 548359 541424 578049 507962 527137 538044 500357 562852 541607 532483 548840 540758 531183 532524 568236 514888 507768 494953 497427 545847 469617 528811 520033 490824 551269 534640 520571 533934 515514 501410 549346 519052 546627 550403 551418 516519 494248 541899 520027 494427 539270 550791 545988 508298 519393 518202 524774 526621 527251 530718 494976 549109 482334 536280 516946 509513 516505 526751 551075 505365 539158 561368 538780 518737 472662 512548 506400 519573 567595 515733 492109 538352 522231 528220 529703 504129 531472 483601 534254 
525198 481977 455886 540970 488145 457868 466101 535319 502625 493212 432380 480613 444128 486106 481005 449209 487222 541444 466260 487957 523812 475021 527077 543931 490649 500502 507200 475240 481259 483814 506766 518056 504782 492361 522483 500094 492768 503279 526980 478622 473383 489704 501856 479748 511170 490046 550495 519791 472279 487110 465054 505305 466485 495649 503495 512254 489902 463395 497235 508042 535023 497777 534277 496542 534890 521714 483207 468017 531056 500263 465410 479902 500639 502155 510135 514762 485963 516813 457388 486952 573617 523423 442493 512462 506935 483125 467854 537910 522564 507131 505664 477594 469874 493153 493659 487234 432003 487147 498197 558212 554306 455162 527857 550551 444479 505516 491949 501373 508305 522752 507948 447035 508145 509229 529946 541175 509969 475731 502189 543624 495389 511373 511960 554665 479677 484539 516681 475470 546993 530625 510690 547059 505170 518718 507032 559989 520728 490325 454617 474845 506893 457850 508205 501077 479560 533425 498649 505777 489334 462029 503347 518380 484121 516963 485363 536532 492942 474189 508049 523684 517956 532190 537371 521520 515693 537755 513651 519229 504454 518741 522633 466984 508544 422829 495766 484040 473476 484398 500175 524352 487370 473641 543235 505293 479647 471655 500697 470871 484766 530932 491456 452261 521662 516580 491602 513749 492272 506918 472387 506292 
571150 507215 490235 591273 517119 507318 487436 566050 534091 538804 466126 525668 487706 495487 520564 483794 523053 580323 504989 526190 540821 491285 565002 577974 520846 524752 559013 546041 496507 528550 532010 549849 559913 518578 545154 539886 528984 547657 558269 516707 488952 498979 534488 503653 565010 538678 583988 565999 514177 507317 509756 543795 501520 533075 554250 529076 528267 494479 546867 532407 567755 529651 575476 512104 542710 551450 513519 506622 555176 506261 491960 510583 504295 507725 522668 533498 510295 543401 504690 486687 606328 585448 478242 557616 522627 508763 499780 551543 559581 525397 522462 513568 499255 495915 534159 511950 480901 535919 515632 541681 600947 495058 548957 558121 494554 562479 533251 532741 532250 549843 537444 470985 555643 515198 576990 556546 515455 496247 546486 559223 515035 573557 555902 581012 511017 541421 571204 533453 557551 516870 554188 551048 518318 541547 526152 572945 533767 517886 511770 518041 538526 513053 547482 568248 528824 568018 526031 540595 523129 494251 510618 579298 539943 517172 545524 560468 541025 504888 556134 559496 535235 539721 574283 570638 542294 549865 523202 542715 571709 544729 548761 488046 544479 478284 532036 539165 511960 522191 537025 561835 531439 516046 560960 550224 501145 504444 511565 508260 532023 569124 534241 498292 549085 539393 538682 546897 522630 527835 502955 554848 
510885 445178 437153 539386 445745 469932 468527 513080 471131 495861 443437 480173 417345 458622 470263 438227 447853 520500 457104 473692 477443 444624 503497 496278 456112 476596 516014 476939 456719 473267 483983 482947 514954 475481 507971 460664 481988 487901 525380 471954 434159 466372 480432 447160 488643 478406 507683 507416 458289 467401 455688 478346 464185 472641 501777 489392 458077 439370 479685 475995 524074 474444 511887 472016 507449 493295 473896 451617 509558 476426 455377 458795 459684 444788 479230 501842 455454 463715 441388 447914 549335 511840 448339 495943 460455 461513 438430 482638 500820 490470 475533 475375 438537 456948 491062 492714 427635 485195 465204 514610 532258 452473 512849 513396 459558 487575 482863 483095 478128 497960 493758 422214 503327 470491 504820 506182 467293 435502 509402 491812 472711 479534 501679 533691 463980 483267 505947 469135 518104 484098 485630 503179 479419 482567 485725 505428 488175 478396 481609 478263 485530 437951 462710 484471 445148 493474 488492 462128 490496 462140 463925 510310 486880 473110 497965 496622 483034 449546 477623 466752 463706 497028 512355 489599 457277 502503 465444 459532 509434 496672 475228 445960 510885 443541 464592 468197 458029 477231 459807 506317 466278 466712 520504 494777 465598 438157 477370 451672 469853 488924 472816 454974 511727 483531 463716 472769 463575 488338 456796 493865 
499986 473299 440715 536058 500700 477699 439612 525965 493757 490827 442558 471251 443056 469317 478297 432364 493290 523001 472717 518170 482928 463135 511187 518240 469218 468622 526308 495548 448732 486481 491572 480333 538560 480196 511891 490275 491817 513789 539422 483105 477151 486887 506674 476030 500478 501851 522128 528398 461804 483759 481377 498387 464862 480729 499209 491675 486706 478388 508867 489336 516081 481393 522222 481857 529209 488201 454908 478657 516705 481115 456990 456565 471573 471725 467284 499559 481314 491332 451212 471835 541646 503332 442381 509680 473347 471790 456257 510776 525400 488011 467711 460887 445221 463148 506163 461374 452814 458930 509009 517509 524030 441628 524095 542260 437927 516603 483653 517985 490249 521105 498462 455102 504053 519243 527041 507863 499044 454741 510384 498661 449550 518279 506780 536788 488513 472491 494689 485516 543395 476427 504562 494666 487893 481456 475372 532855 490297 480926 505066 466906 515642 456763 509553 485025 480506 487233 469332 495023 471695 468310 463817 507485 481863 503456 511750 500062 485864 485396 518468 485884 514485 489810 512959 519636 442288 506880 499722 494858 507296 507865 490601 446666 489834 467851 466722 495582 473058 484426 491709 517092 507929 476154 523651 502367 481475 464944 496609 471762 491907 527699 493407 453683 504538 512835 490891 500155 468764 484822 449890 499667 
529945 473377 439679 529472 498639 469924 483225 509105 480914 484203 427057 475885 439852 476545 483411 436517 480086 526200 439626 479055 483178 463108 497610 535872 465711 519648 530387 484636 450244 503893 462313 497458 540852 485699 510769 511592 474760 538433 506379 465887 463584 488528 495980 457211 489489 496273 543292 506340 469110 499478 466021 503771 493383 495812 506891 509710 483589 456025 496444 502050 509672 502763 490380 480303 541387 514016 460119 456106 512664 465396 460436 482995 471656 473365 477409 503715 492807 499854 421448 459185 541471 523021 454919 519257 478176 472960 449787 538628 523303 495659 512011 488570 442708 469913 493617 494262 440337 489271 471818 507863 527917 445758 509970 535924 460948 494560 494747 481800 493838 502722 529995 445848 475221 493184 501106 507005 489054 468204 490225 494515 496566 496143 516226 542569 490987 472987 533146 491094 521653 505502 503729 509054 475687 517136 493651 525675 514513 483768 450280 489110 490193 438581 513333 512933 468984 484089 489322 504102 493883 463931 491259 529647 498732 505277 489422 523506 501489 462245 515584 492752 481509 485623 545200 507401 492178 479166 488283 497088 513490 484767 520715 466865 502728 453022 465632 519164 483718 481372 491590 513011 459995 496899 515189 497852 471099 470462 497689 467280 484045 522251 485901 484366 494439 525565 485890 511791 491466 501909 453228 509214 
472429 438671 421779 499453 431735 450148 418036 485657 456429 457263 419868 445827 403920 445769 458962 393244 438735 490765 441998 433005 451038 426187 465004 466990 443904 464328 479783 475986 425592 444340 447613 465554 486794 451654 450186 472093 462695 486207 490458 423880 424873 444593 466746 439875 474049 469735 500634 476259 449664 438152 422418 475678 435184 459077 490605 445560 454766 427500 475092 458793 474216 434935 496719 457789 476462 491129 427912 431163 493255 460016 438100 456616 430446 423600 434578 452904 440686 464160 427744 452280 505449 471113 407183 473257 443460 443302 409913 475261 488452 462120 445443 407499 428263 446531 433996 439465 433216 431219 434162 467561 496562 428647 476543 479602 420691 487066 433315 467473 478653 480004 472224 417012 482564 467131 474637 501687 456894 413247 473762 480799 459663 464956 470168 510930 437151 478003 485008 448296 495348 478030 469232 469902 472448 493958 474526 468903 453751 459949 439453 443567 463260 443170 465975 484096 452017 467029 457020 448894 469624 422740 452038 500992 442154 461396 460283 448071 458851 451731 469945 464768 448355 466907 467437 477651 442647 466838 440259 467346 491849 474716 452312 416078 488477 409447 448390 466403 428528 460611 460446 463034 469449 454127 482358 460542 461940 414384 441127 436095 467085 475114 437004 433717 489424 478065 455985 463788 461042 469808 438672 470603 
527697 489131 458513 545481 483886 482280 455096 514819 482500 500108 456839 492591 421902 455744 498272 427464 489907 536283 436825 490121 470665 445153 517675 524451 456052 473480 524255 503304 469741 483706 471425 512633 526148 485564 500230 480961 473519 536011 500683 489193 471990 488532 453830 476115 499654 481662 509815 513421 455058 501698 445262 490033 477957 460054 531045 498578 500130 454495 513182 501809 507494 480600 514835 486198 536072 510539 446011 476595 509536 479621 495117 469693 464219 474710 494189 508778 476154 492324 445033 428949 537516 532798 450977 494514 486072 476362 444143 519845 502777 489052 503120 474994 454565 429013 488557 481424 436594 474311 455159 508669 526392 455078 519219 525066 453559 480290 501372 484122 496278 513097 508260 446266 513798 481390 499394 510723 487716 463989 497029 535315 488288 515403 509405 537543 493332 499462 531063 481132 528812 513993 515458 504506 499979 498029 499123 519340 491602 496879 481434 466223 475470 452941 523326 482766 460998 504645 503986 499094 513364 446945 468771 530286 477572 508433 487383 530310 477303 455225 527151 502511 479522 498616 504242 523228 468449 511534 510777 499854 508109 521917 508891 439161 493882 441284 491493 507891 474278 497207 496347 511584 497893 492612 514963 487251 488011 466552 499854 475895 475303 525178 500663 460303 491157 512231 469387 488507 497266 500323 459653 490025 
496474 447923 419719 501197 470000 446167 441364 498668 462993 469710 424986 474324 443083 449675 466712 418884 473075 523274 450366 504851 485174 448452 508712 511601 448294 466048 477659 489019 437625 465938 460162 494505 503987 468520 499939 479495 497712 511436 489124 463694 447362 450290 501401 450439 503871 489292 517527 500506 466027 463455 424110 458543 480166 443437 501827 500211 457961 470301 492869 469621 495561 488291 490429 463391 522022 469394 439480 449704 496508 485951 465838 476670 450917 449267 465449 467990 459864 463729 431151 453265 530620 481315 444471 498314 450689 449658 433919 521187 488760 497164 475936 441472 437113 434984 510472 475285 430332 455186 469703 505007 518279 421790 498384 507492 445088 493264 500532 486678 474873 528184 505465 425132 494661 493701 519289 484502 494964 453531 489065 472882 460984 483351 497140 529232 468542 490815 490760 480941 512611 486984 484768 477553 485150 487464 506355 527132 472181 484947 473639 465972 474481 471782 496156 485090 443382 487788 458473 475475 495960 426474 473991 520724 464447 493659 471699 508052 485001 458962 492726 474845 469658 464590 497243 504653 423874 501575 490083 487446 500759 465040 493895 464881 477656 452440 475324 479492 452100 484771 467352 501924 492894 467971 498964 485346 474503 427193 451112 472605 443553 506170 469013 436827 490331 508447 450550 495519 464178 511407 477633 486120 
537632 483328 459286 540391 485240 486459 493496 519359 496761 513777 479104 494671 450028 476629 496674 450789 508455 544302 464161 510115 482545 452677 496747 532150 457906 507327 527749 497607 473385 478269 501390 510848 545910 515097 515783 489744 505748 516973 528511 471353 452268 493636 499261 472791 514276 491631 540454 532660 488794 486197 447851 511968 489308 506357 527844 511169 467666 493224 499702 509582 538468 499084 532963 486321 543709 516562 486351 476125 540966 499235 471819 479781 459895 498569 502737 522817 483204 496331 455174 465876 573768 554695 442773 502019 492341 472303 468414 536466 523176 511653 503483 480131 457082 480345 509325 486710 440925 501239 487491 536281 535414 474422 499471 536436 465402 518483 505985 490512 502862 545406 504611 484410 502531 508286 517837 535325 491326 477898 501592 539680 476654 519845 517052 582298 493748 507594 503437 491484 507745 526936 531814 530743 492105 505714 516165 551964 518531 484448 489907 480223 509863 458311 497849 515422 476222 506264 499022 480723 522897 460286 478475 518141 514409 506659 506783 524466 491402 485757 516289 493126 487705 523122 523618 540518 478149 528826 512971 507071 509367 528176 526243 472038 519116 459726 485680 494836 473116 496478 519950 553187 485379 482551 507004 514742 499613 472223 507328 481217 513299 553084 491140 481174 493607 515574 514604 527673 482409 467959 478361 500237 
482835 461884 439331 516562 472491 458360 435600 508558 467819 456182 423073 448651 429199 449324 486697 435496 456657 500682 438063 473865 463078 443973 479745 486390 443423 476406 489776 475662 441503 459416 445950 499101 513806 449531 478092 478843 454532 491654 505556 458474 445987 457363 458049 440729 478524 443013 509661 518282 455406 463456 456756 487704 442173 462096 482816 481759 473567 437164 467822 474183 489500 467882 486391 464411 499497 477476 447603 444710 495291 447177 441621 443570 453086 453680 445880 471193 455556 456731 422243 434491 539109 484706 404893 484117 472952 459440 436735 505119 474150 462674 450491 467267 432107 456464 477688 458944 412103 450622 450550 501038 514053 425893 495937 485698 456530 485706 469600 468610 461138 482823 469482 431936 471672 464080 471937 489711 447974 437558 475142 488296 475873 477578 488036 512486 473750 484258 472211 457419 491549 475609 490459 496908 452402 467597 472054 474376 478511 451967 425061 453873 471397 438687 486435 471278 456543 463057 491713 486100 472878 445461 448637 498227 464696 460472 467771 491170 474064 450686 504802 470409 470560 472971 481845 507352 458072 484909 456481 469693 481249 494775 510400 439576 479004 418706 443054 468331 443821 451513 475409 493234 450513 462208 488531 465277 453419 430691 461576 425143 468429 493148 458135 438239 457016 497297 471875 459382 448751 463294 448345 440960 
549425 507930 482484 567783 551937 507277 524425 557973 524280 551468 490368 511478 472082 505500 534336 445220 504438 583270 499568 553850 516428 511810 562566 539501 522491 515764 547995 532788 511173 516192 509756 523998 541864 529422 565813 529239 540915 559577 549099 509750 495817 535577 528589 492258 538550 549276 559820 544638 515940 503955 506806 535180 512613 521222 552677 533045 501564 512921 540120 525605 563822 533218 550937 512870 582161 568350 495203 496351 550457 516311 498550 507017 500460 492201 512264 512725 530778 521533 487834 494237 597197 560023 491548 537227 538623 514414 475962 551544 557214 520210 500050 533076 474375 505416 572155 513971 480845 512388 538704 556557 592508 497168 569798 573337 484834 540976 530317 552474 523482 554900 544032 491617 535270 519945 580886 563930 541576 496538 555144 532065 510550 553039 551631 569307 513344 533091 564949 532471 571483 553408 534327 531313 529727 541702 540956 568193 545259 533404 501469 519622 513776 502180 531381 547817 502974 501889 554335 536971 534012 491740 517150 552098 530303 532855 546251 559393 533378 508205 552695 528631 514959 531702 553514 570052 494272 531703 520238 534695 523003 546605 557658 464357 533250 472351 520810 535870 521132 516548 503360 559091 517196 521080 555417 544496 515061 504192 540585 503051 520757 547511 530513 517059 551639 557222 510399 547515 518510 539128 511047 533271 
497272 463441 444350 517177 483072 446615 438168 518176 461069 475101 416508 468234 418609 461979 469783 427063 477372 521600 475072 501677 496531 447759 516505 492342 430883 453842 506967 486512 445812 465517 459590 491438 490201 482333 494164 465976 474725 486129 489573 445673 441265 479415 469303 457328 491446 479366 526622 522735 467039 477349 438382 473822 476442 447566 473128 503627 460544 435998 459798 489005 485539 465173 510844 473608 508253 485910 453325 425639 489500 448317 458993 462636 456529 445817 468532 468228 486970 471571 442898 449157 524873 502085 447119 475926 474697 450914 432766 512101 490288 470013 467120 454207 450725 432247 503352 471760 439423 469335 468041 496267 511482 427401 477642 505196 446029 497541 461487 475873 474180 518892 472906 415387 503155 452169 519060 498171 472908 439937 498267 489593 466035 505146 483381 504791 475018 490639 499107 469823 509052 500522 481620 497527 497107 487600 482718 488592 472595 452289 462765 453228 466201 477097 487288 489920 444120 469849 475477 496757 497647 436963 472750 496068 476854 460297 484832 508548 483757 442876 498181 493401 504937 492350 489068 517961 442846 502229 479194 478109 496493 472418 481319 448736 485682 422043 454351 472914 474666 469825 448590 502913 462520 485397 495331 498840 458534 423789 480305 454424 469213 506090 490461 451210 490660 510281 487157 500301 478858 482846 477086 477697 
529573 483839 473754 543466 499058 507973 463436 525953 484768 489613 435794 490141 457459 464880 493117 427983 479195 535557 476871 504500 490344 457392 537933 523807 480959 484622 528528 505251 458878 469707 488807 501164 509863 481565 509557 511804 490647 531401 514533 493021 450778 478990 504867 469203 503006 518655 538342 516381 467227 473251 469040 501321 483529 489207 528522 523817 497857 464294 509606 507932 525919 496385 539196 498474 550882 506839 463498 465010 526360 515008 489730 479705 493178 502306 493172 515880 495919 492561 486570 458079 554034 526207 460134 505475 495282 472962 466074 533881 540394 504040 510460 466346 464747 473008 508793 486853 463372 499565 491779 545206 521996 459306 518907 548695 465541 504799 504015 498856 516170 528390 523267 454338 517582 509092 532354 537469 506661 476200 509275 531237 470385 518103 528756 553552 477109 503931 524876 477795 522118 531006 518718 508833 519849 515080 522892 536091 510850 498335 484129 478708 491308 456605 510001 527149 489175 504116 467794 501963 509789 464452 470884 543808 494440 510886 516021 519875 502406 481055 536096 513749 516379 527619 545198 498570 474529 519067 518178 505408 516582 499802 515345 473499 510881 446179 494042 495391 480537 484545 492457 522610 516097 488570 500180 498106 489603 468889 502781 481479 501418 526753 507030 447496 512291 526864 481240 513019 488021 506691 479664 503148 
464911 465686 414603 535684 439867 439856 447624 501651 443700 451333 403333 453993 417038 467272 452502 411594 453347 498550 437304 457173 462045 429775 473750 501843 450784 461136 495735 470818 401860 453425 460650 452877 465961 481951 429744 472769 450335 471901 473539 460342 413123 443605 465940 434722 481243 469517 511794 492938 439817 474141 429206 455658 431479 456423 474220 482759 434866 434597 465634 462786 480920 471057 484779 453227 473774 468939 431175 452441 505517 474213 437414 418101 439841 434790 444178 459959 462312 459126 418745 436571 530505 476324 406841 487244 441210 444220 416853 491445 491740 470854 469217 452069 433109 426887 478289 468874 419130 424033 472338 515267 507463 415516 479010 491224 418435 480507 462111 455249 468638 493206 464951 397843 481570 451255 491377 498527 445248 439801 498814 475940 452358 470361 475572 527021 434485 461085 487505 440635 494800 455727 472961 486719 446018 474841 461392 481996 484284 459109 456116 437380 481989 449432 478356 487949 456592 450605 451177 445000 464484 447684 451363 494967 442596 464277 459736 475078 459109 463478 503206 451707 451075 500485 509992 490204 440504 492899 446504 470976 466763 462958 473216 424397 440624 435896 435474 446202 429424 471063 423640 484121 465117 457625 476634 473324 435643 401607 464931 438355 462057 502277 452753 434291 483290 484071 461432 463921 441205 483395 434154 433737 
497132 466396 411940 515162 476975 446379 449752 493326 464863 478763 399724 480427 399981 447265 463713 415114 456049 502358 460503 464825 461488 431746 480407 497701 471055 470496 492544 474102 443146 474644 468422 449110 514012 465352 502630 475375 481085 504319 508617 450866 440309 462598 485777 454052 484964 483084 513861 505180 442902 475978 485609 482675 453427 478749 475401 479820 442094 453848 489091 482140 529031 473727 519261 475294 476046 482572 428636 451011 492596 469893 427428 444543 463358 441755 457940 456284 453212 476799 429547 456237 522420 510410 441839 501166 467624 459423 417542 516949 485555 478164 489165 452954 420615 452224 485118 470059 432210 465978 453395 502808 530867 445678 514667 508577 442047 490090 461918 466529 479847 480133 474914 426700 481127 476826 502563 495797 486982 427401 476958 484387 470411 491385 501636 513689 467379 460623 517802 475176 509986 481356 506246 495904 479655 485790 488308 500721 488772 460501 447878 468854 475644 453127 479929 495624 438901 482521 466490 471663 482415 456996 463457 495509 477833 469995 494791 487361 474296 460057 501569 472055 482122 475446 495015 499532 463535 495177 468204 463372 507645 497083 477076 433628 477583 419987 471343 452579 469484 463082 469271 498612 483211 473138 493444 488850 456616 447947 450244 469900 459001 493670 486271 457872 518613 476999 465160 474268 477575 474219 447872 481262 
509115 475325 429465 535219 494970 437942 451556 496240 451694 477581 413503 466238 411484 437440 484168 418487 462806 497270 445284 483948 473010 441701 482095 515913 457844 479372 488518 465791 449832 473987 454939 486981 489988 463678 482777 474677 479988 503543 488927 459271 430801 465211 498874 467401 470163 479148 498827 517142 456611 466392 440016 463513 469880 461456 478861 471842 442727 438124 478315 475348 512666 464710 497199 462043 493434 484805 434368 438681 500012 477345 440341 459606 442703 451902 446737 468289 452024 474464 438696 464108 518197 486811 442171 500732 484848 467413 429986 505741 478989 492303 489884 457938 433551 458293 481485 478917 432635 479755 475345 523800 511416 447450 516335 506917 447416 474598 489497 469464 469627 494927 486234 441575 484368 470239 513253 502238 482485 449416 478049 495657 454296 478579 508331 540131 446353 498173 507612 461923 501001 491896 502533 492382 485405 490204 480000 513703 492016 474627 420478 460332 467607 473413 481461 485979 452814 503711 485348 467129 493426 463866 447699 517019 455898 473439 479155 503247 488585 457007 521455 481665 470977 487783 511159 501585 455393 483328 441819 474622 482690 464844 478418 463941 449536 415143 473838 462894 442641 489260 449915 501245 486966 473600 506796 493270 455970 429613 451651 482267 471541 511069 486091 443224 474295 502570 459237 497914 466375 487775 452054 467256 
547995 489544 455161 535017 489137 475227 465813 525023 487830 480950 428452 497958 443373 497859 483653 455354 485308 537468 468562 484972 514705 451402 513121 529320 501079 510273 523031 496443 477920 475636 479807 511231 510710 511005 516027 481920 481726 511947 526060 481356 443186 492168 500202 457434 513872 494592 559078 519859 472876 480978 478698 493838 483407 510560 507871 526636 442279 473085 485697 485149 525542 499592 516133 485261 540872 516636 469055 455402 523513 485433 470332 479398 484212 475247 476175 497087 500910 488842 467224 485801 561642 546539 450272 529555 503748 476779 460976 524439 506176 503699 518336 493533 464933 476748 520458 514973 458159 499899 483408 530629 545200 471758 490122 539536 474877 504606 494922 511901 500357 522592 499316 463546 510807 477144 534804 548365 502528 475489 496830 532144 486428 510650 499888 552662 496685 493660 531695 497202 537493 507624 505408 527380 491847 517221 500093 525670 509629 483702 455128 476764 492332 452468 477618 499988 481003 505446 483402 490344 503328 491168 481643 532836 512012 487239 526617 537255 516222 485993 522400 512263 500059 520612 541528 511727 482030 508224 499951 499081 509980 481504 528623 475959 533815 419325 495684 505094 485673 505699 492910 520601 475151 506821 517714 509943 474364 440914 490763 479066 496459 527276 497658 510070 523281 510565 504282 530635 498370 492259 476595 503352 
591586 546932 517892 600877 550374 536515 525416 588674 526444 562386 483119 527074 475374 535719 561211 507992 546677 589431 543989 576497 543062 506888 620994 586475 528540 561480 588097 561306 506014 543623 509774 558075 584375 530416 568646 567077 544203 593689 594034 541399 511901 542165 569713 527788 577319 569219 599236 589734 525538 542358 539849 552511 532788 534370 575512 554882 550906 538013 569300 543816 600329 556459 598838 558288 580446 559208 527303 509203 584552 560205 520036 522659 524894 509367 518815 577851 555629 548759 523478 525026 604099 569838 525058 581873 530636 523226 508320 594696 576077 557163 533081 522625 507784 515133 573946 561877 508661 570130 544314 594170 597988 508419 573517 596521 517890 560673 564320 554550 572211 573268 560342 484688 584794 544545 578669 604025 569943 534581 562269 587176 544924 564355 578637 615779 546007 553539 594844 546407 589699 556391 597046 605175 566170 557383 564737 601540 578894 549813 561508 522832 548446 557594 556190 575068 511610 564723 552953 561784 582079 487448 548845 600345 551463 552602 566654 568214 558607 548228 551895 552475 561124 569779 585621 594399 523268 583910 552822 553568 587150 559019 581638 543643 568710 489668 513156 558100 574120 562168 550128 585227 560742 535303 590606 558476 545730 489869 543440 540379 539068 576095 549735 531041 575473 590005 543556 550579 536371 564322 529353 550337 
532266 507973 457324 522857 497177 486909 488072 535165 483400 485320 437921 490301 445200 482032 497359 449595 486085 550062 464368 511846 504105 490603 514773 531113 487320 496788 509441 501883 483444 480645 497866 491932 534836 482090 516628 478130 502053 517369 522029 489761 454899 508384 515854 479774 518247 491697 542146 540248 468648 466444 451889 489716 496978 503842 514913 500693 471859 481833 498427 507473 526458 492257 530557 502179 513994 511924 477896 467697 535596 499722 470375 499857 482781 488102 486851 525172 484632 492586 466558 470930 576169 526154 436949 530341 486216 468410 464937 530072 523175 503865 496427 493752 467491 477039 486812 527523 434516 513053 475916 539737 536411 455748 507304 528759 467767 504954 524162 509222 496787 526860 511831 484521 494021 484247 531264 544113 509811 475748 516846 537515 507212 542946 514056 558739 462000 505950 507284 494817 536177 525739 520790 523619 482526 498397 502207 544302 520136 511625 471044 476797 495867 472739 507936 484921 490285 486296 508720 486816 505563 467690 491601 522832 488791 492184 527958 538381 506919 480101 524117 497227 484385 525412 515676 524316 481175 511883 498409 500965 535190 535594 528314 465100 520390 451355 491004 486237 484452 501774 481443 539450 491900 502225 497200 509745 474942 450155 489252 480388 500148 527035 505163 484325 522959 505600 491223 516137 474531 501539 484696 487344 
546008 499043 471061 560364 496917 505547 480598 542405 509387 500200 451499 514509 457122 493369 501746 465992 499963 537759 501397 546391 510546 466884 541949 536787 490517 504035 536399 510927 460437 513467 514693 527147 549685 482191 526790 504031 506178 541341 554096 479798 464207 492297 520124 490088 506662 532048 576581 539845 497131 487104 481971 518404 470132 494094 536703 505970 497796 487258 518593 529145 558154 518857 537610 521897 537495 512121 474878 484068 552589 526059 504488 474031 471095 485611 520910 504919 513546 482433 474560 487901 563920 536074 485665 530246 516176 490994 476668 529744 557635 498650 506581 485362 495156 479602 512187 495791 483594 486595 504278 543901 556432 480055 533063 552807 490062 557989 515214 519509 522874 534927 535202 459138 521697 499360 531321 536262 512889 470523 529260 544450 509452 533635 552434 574743 499857 503929 542278 513899 572512 521048 534901 529711 532221 514598 524807 530786 516355 512290 506997 494521 528095 481013 520159 536029 498239 522708 502468 511142 513150 478142 479335 529716 505578 507255 536282 509357 525532 509736 537599 508764 522246 511650 556787 538242 476373 508523 523520 517427 539506 533875 532149 461632 530251 474356 516465 504346 493197 505171 516813 522828 500888 495093 537633 528879 500593 472034 512683 502881 490637 551190 502284 491621 534814 535851 503597 526357 489717 514468 477083 523236 
556389 494679 457593 556798 522249 497002 500719 554926 505944 530135 486417 496961 462949 495428 521149 474136 503177 554555 490439 492733 517809 479753 544593 541458 507658 502552 559521 537484 492168 530188 516696 525062 514494 506917 517166 542080 522979 544709 555878 499137 462103 522743 513726 478564 540106 534697 580926 526228 487907 490145 510135 523970 485593 522508 532928 531637 521653 487373 523187 500675 565797 526515 541237 484535 544246 534047 480203 484541 530808 496955 483978 503901 498940 498097 498863 531266 524638 532153 505433 499126 589072 532742 463649 560206 504939 504254 490446 545267 543312 536051 511277 513520 463233 505818 529527 512006 457167 492036 502700 550991 551629 485633 536236 546697 471737 515219 494019 516830 516722 523025 516218 473428 520978 520672 536848 554046 533024 496200 531398 546811 483688 538633 539595 560177 485682 530160 540049 505223 551883 545346 531630 537548 524455 537440 512354 549888 547554 519429 515539 496282 521524 474260 529632 505539 484384 533964 520799 511686 505786 479844 505626 549018 500733 519458 544003 528987 503266 493552 540267 533434 512562 544895 564652 553021 496859 540076 492731 526814 535019 554165 523105 473194 539621 458232 518310 510750 500021 508046 507554 546252 506076 507811 557132 523313 478444 458632 515221 504403 503721 549078 490456 488590 541613 534219 512996 529984 496031 500768 476147 529873 
506143 483250 453895 550815 502016 465495 456578 500985 470368 509248 442458 468734 427342 459412 492923 424312 463352 518297 464822 487276 524068 459118 517742 532275 464592 490892 532160 482743 469991 493853 471793 488224 514781 471275 500713 484094 483253 512445 519332 469633 464477 490763 484696 454336 505407 466286 519531 509181 457059 472213 441175 500132 485099 478345 513948 498599 475455 475374 500551 495032 524750 466288 509913 478307 534255 516362 444891 435098 530602 476511 451304 461148 453061 439141 489438 503709 480497 490286 436252 458504 544093 527168 432964 489560 481527 468673 465039 533176 493456 471808 498580 491891 455883 463348 482766 482526 436613 484723 467189 499213 542195 450027 502544 531007 468128 492661 462649 490694 486592 493761 495445 444053 495603 500291 492244 503198 464882 451151 498546 511210 481838 499662 497367 544385 474503 496216 517086 495888 540040 518993 513251 525299 476388 514420 480448 492820 494777 463776 450334 481577 481941 467113 474648 495539 462231 456468 492507 490250 492179 469621 476428 527213 487877 500995 501913 524933 499304 468089 502744 484505 483958 501095 518638 527787 478240 513119 506995 505356 502132 509231 491732 452849 506397 447477 465933 496110 473054 495819 474770 506144 480243 494456 505680 506058 480515 461981 486453 449108 496436 516657 481296 467989 497045 525691 490954 510857 468555 476854 458299 509589 
485447 446145 418203 492959 456859 453617 443343 492329 443175 467928 412078 439618 404388 438354 481979 404285 447985 507234 433542 464341 444218 454648 474622 486157 450137 459189 474905 475719 435446 479082 462220 459703 491518 479768 481666 460999 451218 520997 501164 451346 433192 461655 474523 440908 483255 453334 505987 477811 456082 446212 460300 500540 447172 486014 479802 485326 444658 441805 481052 481366 512003 478382 485900 475237 531809 490397 432029 429434 481868 457748 441788 457861 449828 449668 454997 456765 458815 469687 418877 442213 512386 494606 399053 483515 458982 451335 441684 518437 479490 456535 471200 459157 414938 434960 438866 461299 417889 439501 453300 499962 495088 433291 496105 475470 423429 494728 466056 467184 470041 499325 467043 438429 453589 472303 473493 495984 460931 430978 486968 491917 458709 478243 481794 500511 435552 477163 491934 489601 496800 496657 477057 461146 454484 468849 461221 502686 500070 462185 408793 469786 457226 434510 484468 465813 458937 466815 469444 461210 440512 444692 474062 492477 466767 461714 488756 468398 475959 451429 482365 494982 474278 475100 498638 499088 439147 470371 455126 489486 480993 484724 495187 435148 463596 399861 445943 475231 436720 451746 440875 478951 459038 447259 464563 466970 422575 420283 468403 443560 458505 496277 454997 418775 487076 508033 466914 468006 453777 444726 443020 458148 
536843 485533 454186 545942 492668 493749 472595 534202 486126 513067 466270 483517 440186 488104 507630 459214 493685 539949 473242 527721 502892 466538 509083 518464 486191 490190 530953 513053 429989 486172 501657 518028 554140 497888 504722 498201 511347 545732 534815 498715 447240 488194 519949 476640 527429 504764 550651 524610 491923 494735 478753 517005 475561 472284 525452 503398 496966 478296 518924 498450 537977 505952 521911 516726 549142 502352 476317 473166 550853 505800 488811 464013 493385 465978 468781 501877 490996 493379 461716 470493 569561 527155 460483 518682 471229 480981 448239 529729 545964 509461 498252 495962 451141 484605 516927 506311 452454 462739 493733 524303 558124 468379 524994 538746 451173 528913 498063 507599 506161 539931 519839 437534 526510 505796 539863 514239 493290 476716 520794 510384 489195 527196 507649 566156 499891 512295 524527 503456 534036 492827 526610 523573 498990 509735 508387 529903 518725 492942 518790 486610 515022 481228 512640 527460 485642 535694 505758 504669 516219 476881 469799 551417 505206 497715 500604 506553 494973 483350 520243 502227 500919 508543 548243 525023 480674 528390 492237 503858 514125 513088 495374 491798 507826 476902 480858 514151 482038 496579 501382 524039 491912 481923 522196 510129 491575 467548 483540 488344 496293 544821 483257 481026 514992 520204 461145 493473 487353 507480 459933 494868 
527116 500131 454116 549864 504565 469662 469527 525955 486520 517686 451091 490964 440542 489264 489455 450253 475554 547209 459365 487049 507204 481897 543718 521070 486067 512623 523013 512319 464773 495003 491290 503886 544361 497143 532088 490375 484630 519241 498918 483824 458487 486488 496890 480086 494958 501023 529636 525160 480148 482008 482621 478400 478436 490886 494051 503031 491175 465980 512697 497125 538576 510177 538979 494766 504534 537783 483248 456812 534937 495767 438614 495191 486149 483631 487266 508175 494418 497549 481199 473247 577017 504340 468770 522339 495706 490815 435663 548175 532715 505732 505502 486071 460237 489875 515781 501129 428597 490982 484721 539893 542780 469968 499342 547504 462553 512384 479116 496428 499878 531875 491211 458464 504309 483663 529516 541462 505984 459680 511883 523308 473661 522411 514676 558375 481040 490498 532001 484843 539512 510328 534040 528690 503009 538036 486915 530466 524069 502154 465224 491279 488939 485960 508722 518145 467409 498715 499861 504892 502985 487152 486095 526977 484487 497550 514080 539261 495776 466218 520235 516925 510641 502531 536993 510007 496166 499883 479703 509364 530544 492938 525232 466324 512895 440513 491421 477491 489943 506128 497974 501905 489141 507129 525178 519939 502946 449932 480403 487378 490062 521156 506298 492342 508956 529645 470166 523466 489916 504841 481969 507696 
504531 466473 429099 518088 473910 467149 450635 520026 459920 458520 434315 468919 428175 458297 492330 420045 462637 515090 447182 474835 481458 461970 496921 514994 448208 462739 476621 511971 463955 476774 473200 481337 493397 490931 484716 476966 453297 519381 518830 458949 433767 474056 479193 448886 485850 464894 529341 510753 474226 479116 451536 481067 443727 479593 494912 472090 456231 466754 480694 493519 510397 458464 493282 477870 525866 485179 451520 449135 513589 486776 464206 454926 435492 435825 458533 479291 465357 462186 443494 452089 538096 492762 437619 506615 490255 455940 425358 502770 522846 502316 459957 449512 443525 459458 488048 451374 423205 456721 467928 506158 520584 453751 478778 518172 445486 507102 469872 495361 462044 518323 486918 440582 499748 462636 509238 490882 482548 454664 490294 489064 468064 503229 491936 537460 469094 486909 490456 479542 507677 506372 481318 479969 471564 483306 488043 502928 492120 473532 459883 478070 468713 459849 474844 508547 450591 477720 499242 464915 479452 457168 458790 489127 460283 471241 476217 502872 468273 462873 512255 478352 481413 499451 494234 517817 453786 480138 484924 493063 487445 485203 478697 457172 494415 427911 455430 466715 441725 461429 463709 495623 471568 482204 504459 493465 445862 431982 459569 456344 468592 526717 485608 435235 489120 482646 488818 484031 486754 483898 462837 474494 
514360 464285 437947 524899 482058 462401 467613 501743 469806 474490 421480 469784 409940 467496 481218 427494 473220 518340 442713 466965 506140 439781 514175 513593 459714 471046 511842 479162 455701 478150 472289 496910 517306 469273 482306 487147 486512 530301 522637 483452 454898 469289 488791 456730 514679 470543 499090 522019 446324 478024 451138 483323 446118 461654 495935 477090 470404 462673 477734 492891 516355 472315 522364 478948 520238 484027 464457 439557 517146 485720 466290 473362 446426 481333 486957 513355 482163 468296 461997 446694 544451 493153 448439 494181 468392 457134 445293 525541 497562 497032 476856 449886 463678 444195 482768 475926 417406 490118 463805 521726 526269 449688 500979 509987 441504 491613 493323 454953 481804 493342 485924 447671 498102 490829 510659 513956 472479 454650 507195 517879 469696 497741 487028 537158 455439 473818 508845 452561 515162 504539 515171 503686 489116 493759 491654 518317 507360 472814 466970 461597 470228 465153 477755 470639 474700 470699 463721 467201 493854 451876 454907 519969 482420 476586 482332 513870 484620 464408 513190 474791 467660 481773 493624 512600 455028 523764 497992 522879 507452 492982 502947 465622 487062 433055 440378 479700 467440 502347 454288 518764 482414 469528 474347 475174 472928 453267 466321 463011 469907 506352 463381 447095 507020 498639 466360 474153 471495 475501 455103 470120 
531191 484693 431006 567697 488737 480904 474168 505233 508220 502685 454048 495308 449550 493883 485519 440645 524473 536011 471411 509710 487783 469216 531573 531762 475887 494141 526518 501422 475218 502313 492916 531947 522576 512813 509099 485699 493059 520298 517956 490557 477678 485658 519201 477482 514744 498668 525242 534659 486218 497814 470510 498559 487964 482710 511134 526111 472834 474934 503276 490689 497940 496967 545947 500749 544796 537476 497725 492021 528995 495173 471947 497345 470621 489964 487757 491970 488305 490057 437579 462048 575128 519947 470293 520482 483240 496002 444854 530107 530582 514019 506808 465163 471002 463920 540560 491362 467239 497504 493691 548689 542973 471676 511114 548350 468941 506951 518932 496301 503582 508652 509962 454117 526352 500932 533537 548864 499898 489231 499908 504849 507220 510817 512607 540588 502670 513407 531466 483297 544055 500636 514220 516616 489892 504347 504150 534278 511044 492793 484615 487661 503513 471178 516610 510570 487764 516332 497308 495859 524877 467031 478114 531541 497145 493040 502312 528565 498967 495127 526055 498319 502983 523625 531130 544838 464201 515306 490189 513086 497186 496692 525921 472974 507250 446361 483035 499786 482558 509832 500197 526498 516123 503598 514205 512847 488271 466101 500387 482723 482334 556427 476883 473534 510750 508092 490598 514455 485720 526413 474673 508530 
526582 459208 464577 548390 504585 477667 449438 529651 498641 487581 455363 471345 453625 474139 488089 427908 478265 556207 454817 510946 490327 454348 515322 541000 481579 504657 516278 518827 449665 497013 483814 507199 538213 479455 512389 506978 483587 527237 543906 483995 494285 493086 505183 465854 507787 479245 535641 534550 463455 499930 471657 490050 461507 481467 520636 513511 475573 497685 504532 483024 506415 480819 521264 499676 533814 503905 482440 468027 529724 495278 476480 476331 480150 456941 472337 515469 497934 516245 460625 457977 561748 519441 475066 499037 488743 461544 467819 525113 510246 504704 496324 483252 447926 475711 503292 510101 464832 507184 494797 507392 530960 443811 518684 527849 471390 502869 506267 511045 506997 521172 497052 449405 483168 501784 521345 518962 505047 477689 517146 519569 487668 502629 526375 543951 478313 494998 528045 513693 528407 515536 520777 507500 516673 525032 525931 526996 505793 510807 480876 483266 519440 460933 519174 522815 501723 500427 498136 506106 488743 463321 482810 540352 477731 511783 504901 524048 514034 486202 531305 506864 508249 518674 511879 539216 488748 497473 495821 497337 502801 492032 501859 463620 486436 461701 498729 505334 486517 483897 495026 543708 506389 490064 529785 504277 483502 458827 471385 477914 497711 526098 474728 483817 519336 517521 484190 485310 483921 500026 467320 492615 
541470 486579 469240 542006 493993 482281 451183 537685 489150 499345 446751 510351 437819 478885 494025 461254 502173 572692 476442 510499 511892 458774 519380 516868 474013 502666 534306 515455 469413 487542 511313 515963 519598 489152 503002 490914 507862 529606 517860 473322 477979 487185 521860 484222 531328 496028 538099 533336 495970 497989 472975 524009 479001 488830 536560 528970 478927 467534 504059 501678 531172 496215 520031 517618 539406 514519 467365 492482 547075 509972 474322 481738 485801 508205 491685 506553 476626 491013 459582 471675 552553 523585 445051 531374 480866 484989 451816 540279 552012 524293 511306 472082 470150 475525 507656 488550 448198 494673 490578 517419 534188 486161 530219 543778 453778 523836 518033 497488 505131 524940 509984 454087 506865 497863 524268 543556 504613 469445 510481 561826 501469 533106 500007 553282 499322 488071 529766 501228 537518 513725 522965 513315 485126 502771 487471 562208 495125 512773 500336 467901 495314 469541 518903 502726 479743 506590 517095 517739 519148 480801 459627 530800 506923 516713 510201 500938 485205 488126 524997 493819 498652 520916 523289 530056 491234 511821 496686 510119 517689 523047 524435 456510 519004 431604 492541 500550 474150 478948 499163 522111 507749 507020 530695 521584 477390 445335 465353 480303 487454 532157 497779 476882 513476 552446 504423 505636 491484 519044 470531 489855 
514709 481520 438744 568208 490715 482140 442489 513448 460062 475409 434714 490330 434628 478171 492603 443485 482905 537558 476873 512333 494804 472043 511545 515518 482691 501116 512693 504940 453441 476943 503035 525724 498157 482904 506142 505431 488733 522020 529270 473133 470226 475590 477595 469803 509672 476096 525544 514344 476491 491939 453075 489894 473256 470699 523407 486761 488332 473534 501565 492892 528911 493522 512366 492534 529345 523028 464361 465389 534946 508379 490581 470269 470963 447292 467223 492260 471062 506967 421387 459298 552843 516682 451509 509683 460858 490562 449936 524330 516019 488459 499285 468987 451445 467485 467731 504468 449683 491535 469134 516203 513035 446327 501956 514557 453683 496693 513968 483732 497304 504955 497817 431824 490568 470196 507825 533768 506433 448968 501056 515402 486280 495695 525263 535956 485365 491674 546737 478708 531991 528544 497821 481266 500042 527726 506765 507193 527494 514125 464686 470867 511786 448563 511158 520183 468970 488904 496639 489457 505943 464665 468012 536724 496801 503232 487795 512386 497561 468866 525828 494964 482072 500524 543151 541137 490247 495348 485549 503563 516706 488445 488529 441313 505047 431118 506529 483782 469918 491923 477865 531609 509730 497008 529691 514292 462260 465191 485514 486381 476436 515265 488320 473410 496927 531551 501092 476718 464976 509652 476608 494570 
577126 516327 495249 591872 524269 502349 501488 558416 499408 520375 474383 519913 464331 502956 529181 463469 511603 578678 486279 529119 534216 482110 556975 548850 491777 522563 547233 540387 495970 515659 523149 551791 555088 507796 538401 529561 520750 571332 548424 504606 481185 518161 520090 510022 528259 519587 551537 538187 497256 500729 488539 524186 507285 506941 551872 548384 504810 495865 534404 557300 552083 508378 542202 534966 583400 551368 510398 500139 561040 521879 500534 524001 496172 504214 508000 540253 513288 525614 501650 489081 579026 535760 495579 534077 514994 527112 492814 551590 550516 545124 527871 504514 504492 509344 531565 540072 476109 521574 527196 576200 563501 489802 553455 558004 519446 544888 558648 532862 540270 559355 552208 476110 567359 518614 539373 563394 518251 494113 538882 542707 493381 547366 538282 607864 521116 535663 554902 526749 564486 531987 578352 553862 537392 539802 525911 547463 578136 521381 513530 517123 541654 499549 536128 529188 527020 527736 546705 540183 523033 498896 492274 564070 520552 534156 545913 554617 525102 524189 557745 536819 512447 565223 544010 553551 490486 535409 525195 536876 540005 525702 523205 489742 526561 462351 501497 543883 513948 520293 533996 551110 515890 532569 543057 542345 521570 496022 509889 522116 535307 552054 522779 480172 543556 547501 516809 524132 509370 553970 497541 535225 
515033 454101 455345 526767 486819 496972 472764 507045 500640 482815 441414 494186 431816 465748 490821 435968 490531 516949 443349 517049 513954 463294 510862 517715 456402 493422 503232 505485 441964 484189 483306 492874 520244 482293 512952 491030 479538 516135 527673 480723 432473 487502 511854 475780 497535 504189 543639 532329 488650 479497 452514 491991 459500 473011 525808 504733 476602 470445 501462 481091 532344 494860 509017 474007 516493 488048 465559 469210 513471 484905 467682 469267 470410 470932 483764 521719 482146 468989 469353 465171 549520 489292 449899 509634 488451 481720 459080 505998 518700 480545 500406 460640 459446 477267 485959 490266 415092 478131 472243 517860 518167 454092 497943 519350 452653 510083 478327 493967 489164 499027 466018 453692 517643 480637 506236 499047 480433 459612 499895 517297 488703 527094 503197 538550 498176 497519 496385 494189 538850 501357 507042 495571 490275 501101 492187 511050 487471 471329 469588 446492 487798 467526 486153 493369 484283 501811 489470 501534 491291 465655 448613 525821 477663 473480 502038 528945 491495 470297 508351 487900 490713 496751 528128 507526 455258 485894 499704 498602 528304 513938 512543 471449 511439 451496 490133 486800 470487 494047 464713 514265 471835 488693 508891 511415 481701 459438 495864 476448 506810 526314 467249 487202 506958 518125 479538 509372 459850 485208 466583 488842 
549204 488981 472815 530211 498024 457188 466649 523084 479712 509441 439669 490934 436881 464559 508300 448722 480956 542333 488149 527596 493518 437508 537434 524443 463362 465485 532194 497323 471530 478779 487981 501281 489805 472724 508470 488302 483199 519172 521328 475286 456994 474945 510280 460087 488568 486843 517881 510147 477056 478684 477313 507922 487722 487976 501311 503271 470823 481829 509647 488135 519688 499166 513114 482000 525029 499025 436280 454901 493573 483209 456988 481426 474444 477549 479747 496710 467692 473882 461065 449769 549142 520907 460545 508935 489788 455751 455391 522319 522473 513989 491765 497982 454567 455766 510444 497373 432600 506147 492383 510065 540926 478972 507860 540056 460523 518324 471734 498739 497583 516635 506315 450998 498896 473307 517991 523942 489744 459359 485602 510348 468506 533281 521571 558060 467279 492535 520538 485440 527374 488848 530360 529770 498976 498449 496899 527963 494423 473448 471395 463974 508027 455242 502246 503773 473218 506517 503609 507569 500384 460746 472447 532182 488227 497057 494982 503714 500490 490664 515791 499538 504876 502691 513574 515506 440454 503513 487882 490045 492684 496843 513210 460473 495548 458720 477795 491271 484672 470751 473006 528597 497588 489545 502222 493909 476989 468953 482131 467360 487112 528809 505351 449301 501548 518314 493216 512841 470535 490469 484725 509987 
527390 472772 421964 525876 466028 467945 446583 523324 470717 465849 430267 462170 422607 460935 467126 427475 481523 548621 449823 479776 489623 440573 512958 523280 462805 482717 492261 471403 446123 476963 476861 501407 506812 485834 488514 461231 464229 507885 480005 471859 429451 481819 492495 457878 503969 477172 545115 497839 447294 455464 459306 487891 453958 471483 512714 501469 474196 448316 473083 470936 502652 490584 488827 457472 537342 527108 447295 449252 511790 477813 452874 477711 445466 476785 450369 488662 463285 464840 430728 452672 534978 509578 448522 497544 465702 447693 418755 529373 499748 484515 493734 462163 452717 460035 480225 482889 438912 468724 469072 518128 516656 448609 494931 519988 451571 490321 483768 456116 477153 506158 489787 447389 482291 475164 494985 486608 479078 452163 495035 507018 471156 498063 485005 524813 463381 491925 512267 466107 523151 504211 489594 496031 481070 504598 473106 514678 489456 465397 443682 481219 468638 443549 516275 488714 465072 483686 489198 496211 505783 463541 471282 505313 480574 495587 481288 512954 481866 447684 498747 484679 479047 488546 508941 501447 458789 461051 471057 501950 503887 490029 517644 458989 492556 416319 465165 494851 439889 493566 470407 493003 482923 495567 497077 484764 466482 446129 474975 460855 492653 516818 455314 468321 480001 504835 488366 499233 483519 459532 463840 493259 
499194 469407 420622 520457 482826 468169 452775 533208 474959 448343 429731 461394 412727 471448 455431 445988 452912 517518 443672 481415 479329 434590 508063 508824 453212 463494 494839 471532 441171 481402 470054 478809 516377 469080 494071 467323 453802 498923 510414 443571 423616 465834 475260 454927 483034 466190 511628 520622 454381 467105 487591 478007 438659 478861 498241 464353 450016 442986 498120 480736 514675 481752 495578 484620 485186 486007 459528 427042 498193 485553 437223 452587 443478 436204 454911 482099 464377 480181 449995 444725 516608 485926 448630 488473 469314 468062 434923 518824 503416 492179 475700 466435 430833 467864 487493 479065 418027 468340 447920 523334 492919 434492 514279 507056 443956 482649 451609 463962 478518 507571 481727 463896 466283 458031 470957 492576 474785 439290 485198 500674 455689 473433 490642 533909 450610 488566 460379 477342 516840 485044 487153 489221 480572 482103 486570 507930 479669 467278 435968 458787 476814 436351 485525 512293 461043 470597 467979 482520 472988 462817 457390 509063 452521 483484 502198 491470 467096 476946 471305 477052 487183 487566 522225 498119 429636 478656 464141 484344 499314 468629 487371 474325 463817 432273 461915 459793 459912 475044 473288 494343 469163 457981 493786 486413 477194 430052 463880 461847 472476 520158 454874 460062 495835 508979 475530 467273 459090 469833 431667 483304 
518755 488966 451607 517611 492196 456417 485170 508711 465743 492823 414841 479238 419832 454436 469143 422404 474014 528802 467316 477932 485740 463677 508765 521741 481794 482405 493351 476010 472325 476684 461933 494181 510949 459458 508572 494181 485628 504281 519408 462891 413216 496726 489493 442490 479882 511633 543307 491622 465060 465381 470607 487080 461876 473052 514319 490831 463087 457470 499918 496934 536218 467384 503665 469977 527710 504345 449237 448256 499318 475890 454196 466199 452114 462426 481455 496332 461787 487770 455473 464009 543493 518138 440756 501999 474513 474083 460060 495969 504876 480262 492035 487305 436964 469923 498523 463180 437218 482522 481359 513061 522327 450866 510839 520479 448673 477845 488259 479476 490836 495149 479181 442870 503317 490739 507454 510130 481039 463618 497610 537968 493314 499776 523985 527719 493603 466598 494063 463287 516195 530212 510077 523843 488741 506394 488927 519186 498204 489032 474231 457351 465158 461060 493759 486789 481345 488871 485866 480867 496634 470510 472927 511591 468465 477843 500700 497141 479924 476389 516777 485431 493136 518768 521455 515438 480049 500503 488379 473141 521754 513572 524308 461582 503366 434404 471930 479650 465371 480326 468851 511264 466432 481379 498309 500986 463815 427818 478713 489593 472684 520972 477484 468486 523022 502481 478883 510141 466247 462292 451813 485264 
443650 422804 414631 480418 428125 429715 432932 471637 421239 429126 361725 422408 377962 421436 423981 403796 413579 482556 408393 464835 435030 411564 451136 466647 418843 450848 454073 437869 408500 441840 410168 450690 475327 423576 458882 433875 425151 446339 466617 429512 414660 446371 436821 410811 440320 439945 489118 479687 423129 419474 407958 441646 423209 408528 448016 441883 424585 424752 421960 425300 474714 422915 471666 445704 450012 426739 424565 391676 473152 456231 413135 421082 422010 429142 416606 440468 445611 437814 388112 385581 499936 445960 400975 462212 432091 421348 415954 470134 465584 448654 410476 428390 415957 401991 456109 440971 396834 445760 434717 469008 479465 385707 446207 463721 413838 442566 433559 435470 423254 473007 451968 392889 435287 416975 458610 466744 439191 421356 464998 472847 422097 460512 449688 492497 403035 429200 445699 436746 486526 426549 458548 445505 432058 430184 437733 463487 445638 434904 437737 422935 460846 408379 462161 443165 410461 440877 442921 413457 450780 404392 407168 458524 423384 421464 457486 454114 411769 422786 444436 421717 441071 440249 451449 474676 398660 425916 428566 442239 482531 443416 447843 402783 431553 384124 424978 445882 431699 444758 411493 480483 448861 434141 433618 435537 433417 387536 423982 410966 448315 446212 434889 417665 456570 446204 425826 445774 412413 443296 430026 438762 
539032 508204 443492 548597 493182 483646 485214 545536 492036 501494 449822 495723 438910 492240 484714 454978 499372 536495 491271 513089 499212 461921 502474 500398 477209 509160 526675 509642 483718 497964 482222 505179 547181 496116 541261 469341 513045 527033 524172 491982 484282 499795 497558 477422 533539 479736 548261 519089 489579 493669 482541 497065 468166 504536 505902 509685 483188 467761 509374 480552 529426 509660 532144 510293 530993 539792 472464 447232 533821 505929 469861 491604 467260 470977 476675 516442 514620 503166 462028 463626 577962 523718 466831 520731 499638 503273 489130 529872 514088 517760 492672 505447 447966 496769 521173 522189 456976 505899 502209 519266 553393 462075 522405 538313 491921 516015 486631 507671 522872 529286 504142 467771 509000 484493 541723 528174 517199 474912 535284 526925 488453 501448 512834 548179 478277 497935 529156 510129 547290 509011 519434 512258 528163 514327 506904 516267 501890 495290 470012 490888 498679 477409 503562 510047 465208 515661 493413 508016 508705 465276 492603 536682 476849 494539 502871 529860 501618 484185 504757 498985 501936 494517 525822 537818 476678 514199 499695 514367 514820 507214 517336 459195 522403 443670 506432 525233 519626 515623 491043 522249 501790 493523 523178 498914 507194 456454 484888 476972 488320 520432 503099 479790 514110 542738 486214 507885 483575 487067 500121 495101 
505915 456255 443622 533471 462884 467378 442838 495291 454847 489625 434355 453071 431860 453633 460019 416548 471427 499280 438793 474973 481080 434839 499878 505832 459135 482687 506914 480389 449558 481566 467270 481945 495981 458151 470583 473185 460849 498984 494571 452177 438022 448160 471665 445600 493361 471067 499957 484270 466175 471335 439572 467119 459652 459801 489133 480883 454571 435451 483498 476232 506131 478288 493959 445180 507349 509409 435626 450501 491598 462318 438778 468873 426450 450334 447807 473412 452730 470135 420671 450521 538455 493475 440131 493846 451703 455749 451593 500851 489124 488421 463385 479731 435942 445276 472222 454936 411546 455499 449696 506532 519582 428871 465945 513502 439502 509363 456976 484147 468271 482414 480105 444407 496225 470025 502335 500126 460449 426060 472315 497617 454008 488664 500590 561268 464567 464326 485477 466546 512819 496070 507196 494378 454949 504395 466794 509134 493063 473170 449919 451542 474649 428103 498176 486635 447719 463891 474873 453427 472736 433142 446187 504777 475001 467255 478696 511236 468836 452557 519459 487402 474166 492708 512359 497654 458990 492004 478569 476098 508433 480850 499697 425316 480833 411685 462290 477405 465965 478103 469588 480975 466086 461032 491648 481085 445049 435924 463142 477416 469446 499115 478835 440833 478011 491147 489864 483752 437201 461513 460578 473537 
475495 442491 423049 519287 458400 446454 448118 491915 464497 486362 390331 446823 399095 452759 459386 423312 471100 498720 463911 460610 455021 415873 490867 481784 453743 447214 491081 456364 400174 442146 441852 458114 496012 438584 488217 459885 457124 468911 477538 445676 443399 445588 482648 409172 473833 470328 498849 489702 432553 433671 459531 441274 433029 436096 477701 456477 460602 432502 464486 459625 481252 474239 497157 456319 478574 498498 432259 435374 503785 441965 420164 414127 449192 461839 451017 473056 432109 464771 406450 429532 525204 473805 419558 495060 443121 456888 435361 505007 485916 443947 446998 450657 424863 422403 463105 462306 405015 434955 461881 492621 506830 426315 486192 500399 415931 459052 442719 456957 461538 501147 472288 422742 475112 466357 472570 499397 448976 433610 481576 485822 463397 475149 466429 493948 452460 464773 479753 436659 500021 482053 492945 509477 463341 470544 474779 498566 452406 443858 443423 432860 460391 430841 459768 462939 452490 449996 454419 471550 455569 450917 462494 503671 455970 480768 487651 468048 454105 445105 467384 449390 462661 485589 484899 484383 444038 475404 459911 488029 468170 475028 476522 452712 471845 428465 448433 455617 446460 456439 473160 453245 457838 443712 495616 476644 457250 455818 472552 420891 443080 469499 455065 438464 481435 483955 447193 495789 455822 456159 435753 476408 
503525 491599 446970 565931 479998 473836 492943 532741 480600 475835 425020 472803 448279 455669 459921 441442 458487 541202 481005 486217 492815 467984 508556 530400 483322 464955 497482 495367 455725 477151 488153 494206 505475 455359 510519 495803 476035 513320 511800 469972 459717 495879 499730 469001 504689 485558 535462 509236 470676 475420 475546 489122 443105 473724 502102 513054 470699 468434 506449 493488 520050 481924 513135 478615 504662 517092 438634 436412 520842 491986 458208 450757 477766 482846 454064 476449 491879 499157 442635 456264 534975 500494 470548 510121 483233 476875 473532 541970 517283 509214 476292 482367 457191 463906 498703 492929 451583 496128 475626 505843 543746 449898 516738 515560 473550 519423 492627 476937 497243 504708 513969 433716 492270 484449 506368 527242 502045 438832 506367 511929 490582 496504 493422 536986 488400 498465 507813 473333 536317 500117 502787 498339 480249 507332 484809 506904 501135 480718 455486 474005 482813 449407 492343 501555 480578 491550 489794 483377 493419 467739 500787 526408 462973 498184 485696 507344 489074 505472 522552 512908 492560 513616 527578 493430 451481 481722 488102 500940 513800 503677 497584 449961 492490 426734 479513 507073 474244 485083 508520 511463 486669 476819 529937 491671 461656 441836 469666 461853 476354 516247 474456 448058 509733 525386 490985 497547 478557 509031 483691 483470 
520345 459734 422961 509560 470219 449275 458999 508884 469828 455290 408688 480663 420353 458850 449387 416211 471118 509813 445419 488943 470920 447597 509384 492367 436681 470140 487716 485718 454288 477009 468409 489893 488453 458766 481899 450131 456404 492669 494974 456108 431425 476606 475451 437632 476573 488623 515493 499076 467924 473562 458699 488011 436371 491070 491815 495309 448388 449709 492636 491860 512520 473583 471998 457693 525173 495625 453211 458069 521599 474293 464837 450078 460685 447333 462674 494047 466296 474626 450285 437355 523935 504461 435228 503917 455375 444747 413955 490882 502768 484929 474217 473521 432370 452042 498679 475752 425714 466964 464482 499956 513091 439254 473039 507927 450375 464763 472467 457966 489761 509962 480692 435181 476597 473513 484542 506798 483944 458092 478864 500232 471985 492871 494224 544829 457474 482199 494175 465965 517804 506701 493371 491591 471857 494266 469031 511522 488402 476554 476357 463716 479901 440376 487248 495034 446608 498778 475379 474548 497105 427470 452580 515404 453857 456341 491233 495101 470914 460709 461308 476862 467997 487528 512794 510047 454371 477799 481614 481010 473213 496235 490031 442995 485806 419873 479606 459683 452012 460499 458037 523518 457185 480786 504634 465434 460049 407477 476763 473593 478157 510569 454922 442780 467027 510644 448961 482433 448688 480611 447182 485644 
522845 490720 471140 582030 483360 481651 487883 524601 500115 494106 450712 482042 455426 471599 506004 475321 501662 562359 505395 498634 505087 464596 507949 539542 465446 498822 530541 501341 481219 501954 522487 515427 523774 493226 531233 499082 501512 533390 557292 484812 468045 488753 524608 489126 511673 506665 549440 536734 500026 475379 479583 520495 471375 486242 500181 509530 489707 456139 524797 482647 533018 503166 519231 506533 516682 501329 476401 474907 535324 512397 480271 484496 473567 500497 495492 515005 464420 505777 462367 463988 549024 507698 456938 531969 499143 488325 494627 541059 532547 511621 500797 472610 483976 473038 510046 510725 442084 506152 493443 522621 530147 494778 534679 525466 480342 522145 504395 498269 503969 510923 505550 464765 512436 475690 513379 537891 524809 455854 516014 546690 495665 519454 528692 550981 473330 526886 512443 491490 550886 526320 517537 518263 505652 504201 495192 536179 522556 511140 481638 488111 508153 466661 508354 511834 491503 525457 503100 489603 501441 482908 491272 533492 494880 500090 502804 518279 508178 504166 533630 508972 502771 510613 550012 524195 471886 513175 476560 516692 548197 501182 516622 484900 517283 438331 488655 507240 481637 513472 482938 520079 481658 473118 528575 528519 487032 464475 486554 487458 479702 533165 487238 469565 540402 525073 494962 504629 487086 514495 481173 496403 
484628 453628 434381 522921 463075 465927 451305 500021 464535 470265 450052 462473 429200 434701 481955 421200 465904 505141 465412 478383 443777 451514 495375 493180 450187 461563 506408 476520 443925 462994 494673 467173 489089 465314 504369 475324 503134 510628 525131 449935 447157 448377 477117 465633 507026 480971 513886 497172 445331 454235 450336 505564 465908 497955 491429 492108 459179 458711 499522 493364 513907 478561 492265 489918 514654 482468 452755 448034 479734 490177 427079 472841 463809 444100 447854 483007 451175 474555 436103 465640 530504 499609 423832 497308 445966 452685 436640 508405 500250 495059 462245 455294 424110 457198 504788 461776 424491 475429 483962 504873 522720 458291 509655 481975 459971 497571 483959 499317 486732 509060 491773 436350 494060 486229 490018 511425 510492 429961 486996 493633 463257 485597 499190 529330 481241 477288 497405 458344 547166 501064 494366 512882 498721 496637 505044 503166 515291 486433 470752 487432 474470 449697 478830 489081 450816 484280 470180 464207 462778 440231 479209 499300 466359 490001 486512 483736 480124 468934 470401 487052 495167 482360 510010 515481 449988 494505 462593 463897 492768 495490 504916 437832 481406 429273 470732 497187 440063 458088 473916 525237 465162 484209 494533 478454 470484 431768 469970 473594 484018 489054 461235 432245 507271 512671 473828 477345 450976 455693 464018 475483 
495910 451625 422327 512699 463215 444830 425702 497235 473536 454716 433397 448540 412484 463675 465166 393177 457928 513214 441773 446446 482627 432959 489400 501546 450698 469383 497357 483002 437161 471025 474061 490451 488379 451103 481570 459764 470804 482362 505757 459995 435169 455257 448794 447824 483460 475739 513331 513960 446804 460888 441044 468132 430751 467351 481923 488015 452639 435417 466146 460499 497725 465788 477677 461274 492138 482733 450361 438586 481412 456408 460220 447886 442573 455511 462711 467634 475043 480961 445273 445075 535236 486850 423773 495314 465574 459868 456823 506243 500127 472535 465871 453688 443639 445804 480420 462807 393112 464761 426248 478820 513177 446961 465726 496051 442381 472081 475130 457404 462720 484469 464726 420447 474682 446889 491059 494514 475261 438901 473074 513710 457349 483378 485982 516942 469620 488422 499604 457059 498636 464869 488385 463073 461584 495430 478699 492626 465994 464639 438561 460979 443914 432372 447948 481857 450543 453127 474015 455882 489203 426046 445688 479204 479952 450080 498437 488149 462316 441412 485236 490156 476256 475900 499587 495212 463225 467345 465773 488490 492763 482576 487492 439595 472977 423830 466214 478410 455972 459476 464647 511409 456753 456733 495660 470846 442073 410670 458445 456958 456957 504038 466498 458150 467456 495850 469666 488001 476813 462617 454789 448004 
491174 456558 417521 499198 461244 462772 448302 502452 444461 454524 411678 454265 410645 433011 453271 422320 452903 497013 432487 469708 459072 424070 474268 489717 477936 457447 485286 463107 408751 464291 458361 452652 467898 443694 480884 468874 464925 483030 492215 442422 437837 473921 470496 453800 490957 478970 515326 486370 428369 463246 428737 486941 448500 474614 467985 477303 451539 445689 464927 468242 488989 456289 479470 447000 488994 468672 420595 427944 466051 467699 437295 444380 455079 439292 454534 463732 451939 477664 435969 428455 526896 476612 428276 490551 453458 455064 458980 503801 465630 476168 460375 456022 419740 444833 470317 460464 403901 476064 454409 495868 508726 418408 482279 468160 426538 472456 453854 462601 477343 472357 481505 427832 465207 468194 480675 486734 442552 418443 483881 504904 456489 480832 462078 524424 440500 472656 477649 464174 526994 486799 478007 495041 454698 486944 466361 492813 450050 451142 433256 437212 459910 440448 462169 448046 413228 501605 462818 440640 475489 426004 446765 525154 467461 463391 481541 484812 466967 437172 499546 467798 453565 483144 498002 520813 451970 472343 480357 461428 488445 465579 492394 449363 466290 405723 442125 474537 432634 470211 442869 492990 463506 450418 466844 459014 448445 401564 441364 470802 450307 482640 441761 428376 462873 499805 461525 488257 432978 466583 454270 464271 
536020 476531 455592 542580 486707 479423 461013 510275 467505 500089 412709 463827 448011 466563 494622 441076 469013 542790 495984 500516 518236 455916 523072 528586 481901 501708 524524 501638 475789 500703 473371 517770 509226 479001 513357 473117 487097 525768 527684 475405 466393 490941 532967 488000 505282 503964 538659 533263 451583 463443 468086 496776 466327 482623 526253 505473 492445 481616 507379 481405 524436 509399 512615 469273 535391 512979 456556 447707 516822 493487 464591 475363 500316 478349 490458 519156 485898 475631 454259 479236 547809 532704 443206 502022 493935 472418 465643 527032 514296 481124 496098 487848 459611 474901 506764 514195 466094 479058 494177 512232 549279 454226 530053 543925 465493 506765 487339 490951 489884 523617 520713 428930 506426 490344 526683 517815 503929 449738 518385 519198 476672 498969 519273 548504 448459 493903 529903 499059 535733 528897 529104 499703 508133 511462 496287 522927 501631 513097 479104 478109 500076 471466 511912 503384 469540 523417 507147 510418 513965 473983 494421 531829 488136 506049 528451 532972 508969 468383 522816 501754 502215 501608 533583 514647 464244 501356 491628 504501 516365 507465 499872 465631 509932 428366 502791 495505 489651 490922 474082 513777 492379 482695 529085 502522 486475 443961 457338 488710 481817 531092 486500 472787 525618 528328 466949 533289 484175 513357 494202 498473 
529161 480892 451569 560151 484257 495479 475616 531596 491558 484181 456411 487005 421314 495098 477858 468150 498530 557313 475561 490642 499300 469368 507976 530863 476366 503480 528850 511604 449974 484752 496536 491956 528848 490346 533597 473505 504237 523676 523388 466423 457412 497900 497300 462843 513227 499257 527099 513957 482536 480525 473996 504141 483726 490441 498881 498705 479628 469040 506905 508709 525701 491732 492703 489789 523653 532867 482115 459363 528404 477354 478962 482068 459027 493075 479712 490969 477686 503367 448358 476920 561168 516471 460906 504895 481389 492603 479568 545646 526085 504354 490687 494684 454198 494997 495732 490760 433233 492193 489901 524137 522790 439663 518452 530995 460153 488440 501490 494244 502876 509269 515472 458648 484269 507021 521379 517395 486417 469298 523163 519792 482275 504935 514994 558955 505527 511400 511650 478267 527691 517253 523741 516582 474172 500147 487301 533582 503866 475804 463710 487183 509432 452173 496718 494390 482030 500998 492978 474687 512620 478772 466836 526101 492762 499731 511769 535143 511815 491973 515033 503823 481093 509478 535284 534326 473182 507678 501222 514680 515074 499152 508453 474977 510739 442365 487774 480328 466652 488581 501035 512871 493992 497641 504178 487921 491296 467604 474340 487351 497450 506955 493494 450960 475335 514687 499258 492983 482663 513967 481982 498898 
519036 477405 445096 559532 482589 471465 477146 523378 487903 480980 409052 480030 425347 472108 497721 432948 493344 542382 474532 507355 494181 463825 517478 509986 459011 487140 524654 508633 459404 477572 507123 506762 520352 470602 510469 495088 499883 521586 538222 469645 465411 485726 517917 465952 519348 496975 529776 524825 475327 494185 471163 513939 451072 493609 527205 491897 487970 474415 507533 490680 501863 492220 513751 481076 535675 510836 474881 470107 531939 507145 472089 488201 469426 467509 476921 526779 490631 488846 459681 474952 545499 500897 453468 531197 498380 473248 474529 520841 542954 488710 490094 474512 463825 464550 502723 474885 453768 517140 484145 515358 541532 494496 522147 535503 464558 527348 518748 499480 506408 528749 486315 445192 500495 493761 540086 523792 480706 456770 502940 524167 494279 521652 523314 522942 491816 499051 543880 491862 541511 505780 513568 492556 501838 497943 509617 543343 488520 485657 468771 476306 509541 457210 514266 523921 512178 492546 490562 511266 499545 472367 484790 513260 488607 493714 498843 515215 488678 486384 517393 501223 513043 512152 523556 534072 489145 507273 498201 491801 514425 498667 524719 467249 499283 444465 470909 496729 482088 504975 497347 532592 487018 496156 515552 517769 476335 464181 493887 483776 493208 527010 500655 487271 531357 533019 494410 489265 480197 501890 461855 498597 
547918 526411 472769 580442 514854 481650 512711 538870 506056 500034 443088 526392 458135 513174 496632 474376 500182 569282 479742 502967 515328 480701 532385 548326 498573 514704 578663 516128 488526 491930 494274 523585 547629 493656 542091 524521 516058 548060 545379 496695 488744 516095 510309 478639 527903 515751 547347 538148 495416 499204 494813 520085 507307 532568 554266 545121 496404 502485 518852 534748 570109 516483 537563 528822 560490 544126 491847 486335 534913 510503 485207 491554 516007 512606 506407 514503 518932 522140 480271 513401 561896 547614 446414 535898 515862 511982 480889 539098 543423 515679 496575 499977 489344 475776 550014 507541 479552 491878 501281 550922 569973 477944 549560 534905 511416 520735 525619 518808 530082 559783 545088 458775 513411 513340 538200 553894 511692 503891 540746 537010 514807 543669 537710 571299 527143 527890 531232 500521 551400 540725 535402 529041 508906 531293 502767 546797 547682 537126 515582 506579 510554 514594 529149 540884 516872 496337 510610 514876 510707 497419 505930 552712 513301 521100 529410 544539 516572 499238 546268 540602 513244 525404 555150 557327 510383 543787 521688 505097 557918 524330 533657 462180 517595 476466 499614 510918 512734 498769 507937 558520 508041 523610 550221 527146 499081 469843 527095 497341 529666 551722 504546 493586 539769 549452 508391 517675 525201 533931 482672 539324 
501443 473724 453618 555570 483447 486282 474670 518739 480783 483304 435327 474737 438111 471525 489325 445654 483485 543048 452493 487893 471489 454967 492768 513207 456697 488909 510661 470876 446667 469638 499005 485311 514102 517172 507413 486981 490890 527644 525742 467981 475633 482069 475422 471732 513347 483742 523146 512423 471708 477905 456893 488622 460812 469059 504918 492641 491118 456971 500370 466779 528689 450025 513346 494984 539967 524914 468360 451976 517060 507348 465101 480228 441173 431624 475303 498587 468858 493677 426565 445402 555253 522564 460036 513345 479710 462185 436795 523352 515964 510737 485055 444787 449754 448715 506611 479166 439430 477112 456502 489149 529283 458664 502007 508255 452769 514274 469049 481922 489124 507607 491891 470213 494022 483215 525790 514743 497329 450797 512224 514421 485924 495111 486733 542592 474146 493034 492699 490724 541613 514066 493371 490704 479920 524633 478126 532347 497927 476970 477745 487690 499437 452643 493354 507991 465878 480101 501446 475428 487200 465681 458974 523437 492643 472854 511144 503644 480568 460252 494603 482443 485163 487284 526080 543959 482235 493778 480468 514137 516828 480668 493875 446270 505914 442005 470097 498801 440805 491323 483235 490596 495680 467635 532604 505058 460370 469003 472732 482623 468589 510457 498789 472480 502196 517656 482583 490032 473058 496168 453688 494238 
522161 487915 427045 528764 479452 484558 458091 547157 470190 474546 425061 473332 426705 462657 473596 430045 480768 523397 467045 499071 484755 448872 515104 501090 476592 499394 519168 490143 460426 459921 497779 503213 506120 477057 500808 490309 482862 502900 510070 444631 439648 481867 481094 457834 525221 500691 543171 521427 462738 465837 461514 504160 455367 484067 514869 490573 477679 449045 498153 489396 511041 487150 522090 467359 506938 514718 445132 461325 522152 503446 457396 468807 475138 452316 472238 495204 494202 503277 443064 453341 539675 529103 442604 513187 455967 466183 465120 497161 510219 485647 467204 474080 461256 472639 500795 476751 453810 482755 488403 488618 497970 447497 512424 527210 453202 508274 495667 477460 500291 510393 490423 439518 492994 489484 509660 534085 489804 456605 497216 494990 483435 509338 501208 524067 478394 502340 507884 477988 539896 496912 503965 499615 494032 495554 480280 515935 503631 491289 468923 465665 506598 449168 497850 486260 461322 504128 488889 480692 484949 442328 471546 512021 485505 474757 509377 486422 483469 469360 495910 489495 493229 508964 520166 531782 454796 514607 496595 490406 507525 526490 500631 457894 499427 433770 492987 484297 478841 504837 478198 520082 487294 493850 516787 496793 472774 452981 479929 457595 471824 502172 463136 471617 503867 516539 475389 498492 467975 503902 460586 487881 
497114 455608 438129 513484 456062 440434 436240 502034 475505 472102 412515 478622 400402 452454 461989 425589 449755 524380 440026 486702 479730 455896 500504 511759 444843 483677 518293 474368 447677 466557 461557 464251 500689 496335 476542 472286 477289 502515 492663 459401 446793 445328 483123 452176 482941 485679 520046 502958 456706 470020 443277 494800 454901 446649 486995 472286 458574 434308 492126 466914 532750 477902 492863 485211 506325 492012 444777 432232 504808 470970 461572 459059 445008 469411 459295 480289 448680 456718 415362 441292 512871 510929 428922 483842 458200 463948 413493 512696 501535 475499 479374 444216 439935 429814 477940 461482 420459 486065 463167 504781 531801 429475 497858 528511 444627 499528 480954 467553 482031 500435 484564 419335 482454 494065 520944 519893 488424 446882 482034 510517 468916 501150 485592 508709 466510 472174 501384 458214 504762 467067 491102 497228 472679 481246 466973 510220 493045 473274 461767 456501 465056 467460 488394 489977 477087 479730 431469 471867 497105 441796 429482 490042 462271 477035 480436 486517 467370 474029 475876 509262 479868 458743 493044 484246 462666 485633 467570 472025 487106 490313 495576 440204 497580 429722 456880 466668 457537 473040 462962 487023 466267 481909 463747 479040 464238 442287 465124 443232 476843 490228 467699 450507 497864 492966 480157 470285 461422 490780 446876 478508 
492977 456123 437868 503181 451090 418507 462015 490411 465232 472014 414411 459094 418467 428886 447376 413128 444959 522644 443897 469340 449649 423163 476876 494519 442192 473194 520246 466418 436604 466879 447092 466028 492354 467035 488605 466152 465030 474656 469620 457599 428833 440487 469380 450408 476873 471606 481751 483308 454063 434908 440743 463032 431094 423757 480654 483718 421564 427926 472455 448737 511701 470133 478461 463231 489012 461931 429070 424140 469407 447682 432736 420569 464163 448681 447572 472215 433432 461311 431800 426804 507097 496211 420911 451480 459531 432712 435616 503980 461620 474014 456283 440573 427292 430807 482929 458693 410807 456904 453355 494403 528188 428176 501724 486448 441234 490966 467163 456061 450346 498835 477184 401606 466384 456856 498745 491234 478686 422830 483579 494597 446275 476320 462102 512532 428450 463514 471155 449841 493379 463441 481032 479564 474415 498271 453800 502187 465567 465097 461229 438992 457838 431395 479862 478577 431380 464956 462734 467761 488552 423066 436897 513906 470701 452902 479708 461462 459121 438413 501314 486178 439089 469018 483529 467929 447705 481137 462940 460399 481851 492940 481399 424507 471127 400111 456347 469016 451824 466473 438568 496155 458806 444912 472596 467886 436553 413505 446803 452236 465168 495003 452937 419705 488856 493855 446417 486419 450577 475541 453369 461671 
485693 452930 433665 534918 447523 439900 481653 496730 473853 483241 424050 463341 434571 468606 485431 417908 460813 518584 454424 468868 465572 428879 496993 501615 439594 478715 500171 468651 436585 468559 442347 474315 514150 456285 503371 483644 469488 520904 496960 444919 429926 472847 465651 451410 486438 465842 496753 487036 454075 470159 445539 462165 462300 450653 519383 472442 470752 438600 501047 438672 493156 479212 479557 463556 507022 494975 449077 418587 502734 469576 435856 451356 425745 443568 447537 490101 450119 445725 436451 428510 514948 483985 452844 485698 468236 461302 471532 495141 472046 491877 446684 452492 440962 431719 469914 468144 415426 456321 451217 498821 507492 434157 512708 506921 451691 470452 460976 453779 484944 493104 490283 426685 487473 437123 480960 478592 475256 434040 501209 498891 442845 477981 499822 513869 453687 475531 497389 488313 495711 488029 479713 482049 476754 481513 490827 505146 475643 470209 446946 437144 474093 418916 480659 484957 441619 480708 487010 468318 471844 448736 459651 490707 471473 469488 467659 497516 473278 441157 482134 458286 455855 464796 513077 487872 456801 472452 473970 459028 501562 460843 469420 450475 495978 411801 462647 492561 463595 463773 468863 469592 447526 445886 487861 496564 482889 445059 472950 455777 468943 503067 469348 454413 504252 486133 473609 460943 474887 473556 457431 472370 
513468 485834 455053 521913 484293 461634 472355 507197 483023 486208 417698 491777 424034 466103 472780 425925 482699 514318 443703 471526 463683 455969 515826 524044 473330 461737 498351 487384 460403 475656 484007 497588 516104 484985 502533 485151 481464 511453 518067 469567 435397 474716 503421 463503 485294 485436 528556 516224 448060 470241 467422 481339 449685 485434 497267 485862 457058 452506 495510 492128 514880 474418 533694 477875 519929 486163 472631 437712 501081 490513 460954 467366 471921 449065 476251 504318 488445 478395 461628 474879 547836 502629 434178 519827 477540 472606 433155 518857 507546 492711 504615 464990 456174 471009 483912 489982 427473 472713 459204 522722 525072 445495 499379 499934 452873 511007 457128 470008 498631 520578 498428 423619 481349 506930 501393 522927 502544 432151 491472 505925 489585 495795 516507 552220 479335 487410 499402 468318 519516 502526 496253 517774 480081 509898 493118 512957 493940 469073 458637 461868 488853 458369 474494 518419 461748 517280 483338 481595 511723 459510 474045 524221 477333 508304 504469 482583 483305 485254 475126 495902 471868 495930 527917 513305 465853 496190 494983 489010 499851 497665 497319 467896 502852 443764 478467 491384 466764 474971 480374 539686 468586 484785 513044 478552 458664 447194 480330 481465 470667 530429 482693 468504 496968 506671 487401 492796 478276 485867 457662 515277 
497421 464978 421895 515696 491821 447710 425900 487630 474501 475131 441859 459237 407426 454221 461488 419924 465756 515234 445499 491542 481505 450851 497538 504255 458680 447191 488642 459545 456141 468624 453234 465675 490556 480944 496093 467808 488992 496784 496261 444643 434106 453134 494645 455585 505299 473347 514822 475849 464210 456119 432504 499552 459475 478079 485298 473273 449020 471217 477420 483500 475499 476622 501152 480172 509104 496122 458025 436808 501240 455966 445896 470648 427699 435675 452043 472316 457753 463077 437397 435353 526382 509102 417179 500247 444476 470730 446456 501451 492213 484130 469626 470511 437873 433782 495292 464184 425383 481583 445620 500812 526766 435612 488906 488312 426408 489771 468424 497573 488286 506687 473670 441937 504726 460119 488209 507548 488405 450129 482743 491833 477863 480367 486408 538416 464442 473735 483844 465820 504468 485378 480175 502048 457908 477527 475481 519884 491510 467238 454790 453191 479673 442029 450148 505327 453913 483913 479407 475661 508662 443516 474550 496751 472131 461457 476953 496865 487789 446153 480725 473644 452293 479347 526584 523433 471058 488543 479213 474014 494503 473750 482851 455539 483299 430241 467642 466414 444162 482334 483655 473664 477810 463281 488085 485899 466886 439988 458153 455366 459964 514206 476477 444120 464929 478461 477426 488638 451326 450692 444554 484146 
490852 479692 426745 529178 489257 468152 442109 490221 452542 477261 429649 466696 411504 456604 471702 428438 471437 517517 441102 503052 478262 458799 510805 513057 454021 471977 515037 477375 457372 477532 470429 485547 510247 454748 524008 460499 459921 510472 499179 441883 425329 487727 478015 458435 472974 471613 524869 503713 460140 460729 455870 481655 461697 471768 497908 474211 448169 451048 477041 475651 509454 467017 487493 467451 508560 499283 436123 433602 510021 473454 442797 472712 463109 448870 477338 481787 486517 477721 439714 457038 513220 505037 441215 497024 463211 464185 447924 519815 488838 478870 486444 474706 444721 437655 478132 478709 433178 476885 448099 512810 516245 435262 489863 502378 451757 495155 471525 449738 483535 498440 478710 432443 463677 459066 496738 499699 490623 443947 463590 490814 463039 510331 516673 512026 478554 485956 515591 477916 521124 487140 493348 502821 482525 511048 465554 493533 511217 472021 428392 475717 467665 440307 492206 486744 444854 470313 482406 495054 489636 468411 448224 500771 469956 478262 484648 500186 480250 456860 480623 488970 471070 471478 520035 514366 478277 496832 468294 490650 503082 471451 498732 443425 478705 425360 469755 476627 449986 480425 487076 507009 466209 477559 483864 491156 471366 455868 478929 472997 462357 513480 489344 452816 490960 511599 464948 495686 469938 477006 437564 479216 
531448 489093 447704 559803 479464 477501 469986 539460 505703 504062 464187 494626 422743 480530 493290 456951 503109 532096 469361 507074 503958 476376 505360 516296 482031 497090 522606 509026 461580 512926 496262 480841 513623 520760 496267 493962 486063 537317 527656 463159 477605 525495 513384 473630 531698 515055 521380 531552 481008 528656 479881 508236 472430 496285 499478 498567 494192 476739 512441 495150 519631 484812 523309 507679 551025 519242 467250 471455 532041 508611 480723 467764 483950 475332 486341 504815 490976 497596 446217 463729 562203 522414 446821 508314 486789 510144 473838 550549 530680 513778 521354 480249 439103 453775 504679 492741 462629 487440 480040 549121 556153 464202 539139 548996 470341 495832 492714 491391 515120 533168 510459 442734 513209 499265 535836 529777 503236 490551 519204 507655 487540 515354 488637 540839 476388 505830 528464 493435 578614 505091 493961 535156 502540 511022 491660 530846 535909 486594 488517 494108 510210 481574 531457 512246 483356 517730 490732 496522 494197 471959 471902 532738 513632 509291 507621 535111 480143 473608 499935 503298 499845 518205 530340 549323 484464 521103 507164 511320 510190 530799 506758 456359 506699 469479 494465 501756 488118 504387 475960 529798 516619 510139 506005 484588 495058 446918 516955 483308 514429 539469 491912 451597 518754 530580 477042 508969 487605 492267 473759 498085 
557478 501756 456763 554166 520846 497860 494734 538710 498511 497211 469500 509151 465444 481619 503715 457228 506076 570160 494617 525180 513242 479216 534279 535268 496273 512867 539271 529298 469220 523680 510697 524417 533552 510472 530422 516618 497400 537481 539398 477635 502478 488265 519044 482247 524106 533082 539025 538559 509201 503224 484471 514416 482122 506189 530282 504724 497831 490264 536754 522455 540599 510416 535839 504683 558670 541109 464944 480856 532268 528302 489534 504483 478369 472851 489121 522360 507974 533426 484430 470389 588926 542143 484218 534772 502136 503841 473351 524375 553001 522692 499317 483832 481607 483901 541297 502342 458816 528225 506922 539434 565378 485016 532243 544977 492079 527069 523183 530066 519597 531568 508554 449582 531015 499362 545295 544439 519949 479132 536824 563696 521755 530639 543828 554983 515380 524880 543658 530878 557908 535960 525695 540088 520586 525679 527081 550643 527052 525693 496335 505820 519177 515084 506427 532064 484127 523185 510855 510187 521859 470108 487229 558473 493541 502608 514391 541593 525134 513073 546954 536551 529276 529463 561702 575603 497078 515147 519371 500765 530278 514751 545034 479135 527159 435158 505845 529208 500933 499645 516686 560932 497298 514303 559358 531255 481191 446759 495971 482810 500519 546721 529591 483855 524029 546021 496402 527417 502258 499921 499663 504304 
511169 463292 446604 529811 466848 476760 436897 487949 476267 499017 422875 446636 426378 445442 500209 434292 465685 536367 459130 467944 476134 455173 509407 490881 438573 469614 511263 481294 443851 457437 464177 486645 504550 469927 493759 467330 464265 493249 504519 434289 445778 476891 494575 455248 489118 459561 514021 498493 452992 452124 443364 476375 461095 476780 490563 480293 457838 461262 492215 468596 476961 453261 501675 469674 493755 481609 444651 437554 495646 452650 443665 446509 460792 461361 453909 474771 453855 471551 446702 453351 527599 503361 414412 483342 482347 455743 443220 502764 497691 470906 474932 470021 430711 447356 484575 483823 428005 469156 461561 514007 502507 448527 474133 512165 448631 490776 458962 485697 459043 510669 485834 445748 475178 435813 492695 523605 473160 426777 481553 491270 453684 514946 467975 521210 457641 482423 490232 485350 502185 476125 495165 499032 468750 487967 472932 509098 501956 476071 462513 470305 466927 433615 490018 489982 463818 467524 491509 473252 467864 448024 460093 486613 468763 492688 501414 498296 483335 450980 480690 493027 466415 487667 498944 496537 458254 464585 441361 450895 502727 484878 483661 427576 480578 420620 452948 469250 475327 476138 478891 519638 459629 464287 491810 516695 455312 442244 458681 452710 488170 513546 478091 474036 506296 494886 471362 481984 466214 477852 459074 463437 
528660 496279 464382 556995 477394 518728 469710 540969 497905 488618 450300 499174 460615 481590 499565 447557 511226 532598 487518 497739 476523 476569 519824 548989 495833 507527 544788 502652 453081 476726 466376 512019 535951 505563 509277 496162 502068 526438 531411 486444 473456 487600 514847 475141 538525 505551 544108 523745 489212 502014 477420 525726 508070 504649 541499 536269 503146 490874 523662 516585 529760 498736 533782 513265 555322 553614 476016 484884 528895 492421 482549 482042 483020 469019 468500 502656 487227 501149 467832 492785 557346 541666 460636 539048 493523 515060 476111 550572 519921 495279 519978 475582 444138 478334 507604 502323 462309 485556 478986 533129 548782 487550 516116 549216 472929 530672 514252 517661 516196 521400 519919 464643 518614 522946 550562 540491 510100 463126 502224 512942 511409 548550 510947 558291 501976 503643 502643 509353 530535 521000 518974 497666 496673 529923 517916 543711 508930 498235 498007 489264 517951 471453 529155 527596 469478 516532 522451 500637 524614 469168 494146 524247 499292 512824 520102 519923 481211 477392 524272 541932 511098 518870 536978 546506 487209 526076 521046 522467 527657 523955 516701 479036 518254 449961 493652 497175 478387 498664 518034 515017 516585 500864 531370 515312 490526 446564 507690 508960 509051 515086 496658 479828 494489 537121 507276 493224 483007 517660 466079 505109 
558835 476447 441965 554022 491819 451666 458791 521471 485885 505060 440619 488333 440864 458334 477520 415907 479240 533043 466913 479879 493415 455203 526332 526047 478043 491910 529285 495366 464624 505020 482472 505639 487502 486418 482969 489329 489153 502618 493737 488344 458879 491274 509358 467663 506557 493420 517504 514993 489784 482061 450017 503980 459787 491843 505356 514548 479231 478192 490294 482986 527727 505387 523670 489249 516602 499500 468075 461460 520171 482388 449745 482344 479948 487496 480409 509069 476384 487468 484830 449378 549950 516033 450364 525630 490511 514634 477658 515400 529086 517269 498294 489608 449948 459260 475763 505583 433811 482472 495528 531528 541290 447577 497317 525041 462460 512589 481114 502316 506230 510907 500050 452829 508120 477814 519119 529166 491636 451317 506407 517968 472328 512307 507202 540637 465219 487639 527225 476167 537053 532701 503611 508915 488080 510877 492101 523176 488349 493982 466964 488845 492805 464136 502707 514141 485819 503933 477913 518220 473551 452881 483364 532713 471153 506293 493434 527446 487704 480996 521242 508842 483518 506944 524411 515095 470287 507515 481084 486880 495500 504477 503432 435469 506530 432952 502567 492218 472914 478235 479746 527440 508790 496926 515929 518820 466993 435499 487228 466458 488079 520787 486808 466701 494303 516068 484972 511350 481395 498390 475909 519808 
478767 443334 410531 499854 464239 445391 438630 490874 458257 470082 408073 443495 418844 441218 458785 401122 463482 505007 430169 466756 453063 426947 477690 501901 437345 436105 486190 462817 432267 464015 471919 469637 478803 476133 482313 449334 451943 491747 498939 464373 423179 445147 471280 459212 479373 461888 493842 498662 453569 444951 434632 468007 446756 458141 479789 466339 452898 436548 473283 479130 486467 442571 480218 464817 520420 481444 436504 457386 481149 439399 431993 443041 442565 452020 452419 464754 460844 466851 428734 413267 515167 474547 407662 495813 437121 450422 414866 501395 497352 455523 484278 427912 433041 432866 474990 464272 405324 453141 446053 481786 490195 450493 459269 495183 430641 465369 478697 447793 467286 490569 473927 418004 483389 487583 489356 497357 460934 456437 457199 470251 459076 494358 477511 491179 469468 465896 482174 453918 504254 486040 489634 479699 471731 473177 469538 499339 479517 484735 457480 450528 456875 438869 461786 468702 432090 477981 453794 455195 478334 444362 469580 490925 455396 460275 475354 473030 456842 441777 474570 475021 461853 485198 500327 487979 427729 475414 466505 496705 476483 488539 471015 449462 471926 428765 438861 461603 442024 468643 472876 505244 474604 480708 487045 457013 443608 421184 495137 451555 446042 495126 447958 430175 461048 491465 448940 496040 453511 464809 426581 488045 
535548 473881 460005 553816 512910 475617 481386 504379 481925 497616 448162 481893 456964 492214 502036 445685 497220 547674 490508 500929 513323 451280 516933 536954 496206 505884 497857 526533 466728 515126 492056 509386 535730 494492 521735 503094 497974 532682 542272 509033 476120 499372 508665 490459 522044 495412 552773 534012 471492 483413 486368 491506 479734 500418 508323 526768 485893 494345 503043 516627 530134 510630 532993 500374 530122 512596 467157 455977 536768 470521 474103 480201 462734 473025 492504 498352 489928 517006 454735 489695 565236 532969 442438 519862 487852 503291 468899 537007 516806 516681 499918 497755 478499 481951 503886 514426 453565 491156 514867 507434 542432 454693 520811 533376 454870 515871 476210 505557 490331 528820 511809 475391 506888 487081 505739 523148 521613 471315 533685 536835 503683 515740 512587 564650 497395 507842 527622 514454 530287 543864 530553 525459 494850 497550 526572 525173 501981 513710 482018 494353 504587 477696 509730 526242 491344 521090 509939 499824 494293 464114 507835 548745 493703 499227 512023 538806 529340 482499 524812 506429 497779 516453 526633 544118 482684 523546 500514 512422 534670 524523 523089 465617 504720 445178 493197 509570 489223 497241 503418 544370 501612 497120 521839 539441 479654 454772 489287 474297 506466 541489 491209 486561 540714 538408 513830 499838 482728 507531 476509 507926 
510540 486377 452883 543148 476196 471981 435000 507416 472400 475284 424788 471239 424054 464277 487730 422892 472902 521893 478692 483503 472653 454179 483847 509062 456761 463612 498046 499267 454274 476605 495758 497283 499764 494557 481373 477809 472899 517122 528811 458282 431808 493331 510518 473760 487918 507077 538407 515376 450054 479022 469397 478454 461151 471070 503811 473215 472141 471600 485247 497269 510884 455131 518429 475585 509715 484810 451999 459546 524991 460643 449152 467394 450755 470119 459453 504053 466378 489103 444249 444149 533708 505769 427913 500916 456006 476905 457709 489212 507245 488480 486458 478749 441798 457194 478156 492189 428691 474443 480835 518296 522514 434884 498079 502404 437914 509349 490430 484956 484336 501133 470998 435326 514146 463566 499221 519162 486856 444126 491531 509579 457877 512780 512919 540883 470074 492119 509279 463801 510160 495378 516727 510415 499140 490190 479193 502404 493814 486802 465663 467714 493902 458897 496270 519933 461215 508517 486959 481128 496112 450534 482234 518402 492342 493180 503610 495834 485935 472410 517251 497681 500068 502521 514140 528146 467498 486909 473942 478033 522314 506460 495634 457836 481546 434768 487447 502536 472403 462321 449628 522751 484575 476768 498392 488589 464279 449111 470662 478404 477826 512797 476762 441983 479905 488158 492609 494837 458825 458754 470056 466633 
572747 489514 467151 556408 513691 503439 517381 557299 512180 496428 453114 511966 469898 516248 526224 481618 501366 556899 524013 521981 538338 518125 538810 543738 526966 557548 558234 551565 503116 537631 506987 524171 543103 519231 533529 509057 520846 543392 546805 511488 497093 515021 530640 501655 554854 541507 556876 557668 505758 519289 521792 526332 503269 511164 542988 550946 514166 496551 534871 543407 579791 528998 554646 505469 550122 540794 510676 488718 549263 530619 493605 490671 509183 515054 509336 517041 499471 518261 480157 491930 584983 551840 473873 560034 532531 501993 472971 566760 560664 517338 520558 506668 477621 500669 535680 518335 494368 513975 527508 554320 578759 483206 554780 564462 500706 522038 539899 515968 537882 551160 541523 474162 525456 532400 559411 581057 548100 495516 550737 544494 510437 536554 551760 576195 504067 510386 577974 528115 581249 540499 537127 536976 535046 526996 520997 553713 539665 527877 523891 497068 550157 510463 543356 527047 500236 527045 529063 508581 537618 488462 525007 537901 532851 517365 540735 569284 529482 514680 556034 539466 536071 533008 577167 539195 517283 550103 534478 526030 559556 558517 538313 477021 536341 461165 544869 527867 525237 518933 506900 558764 505603 528981 547561 522327 498041 473324 523439 517541 522809 555094 508259 522552 557036 557789 514549 526735 521191 542821 506641 517583 
474474 422978 415853 484690 449347 434277 421653 484456 450198 454222 402997 453818 390870 436793 438295 409243 437717 481797 425636 465524 413858 401070 442756 455329 426044 449280 469400 451783 430736 433486 434543 454663 466087 451593 467033 459422 459043 457048 495298 433077 406930 443988 450433 412020 467917 452774 483651 467315 435130 455674 452818 431620 421237 445243 461555 450708 442521 404490 456762 461768 472185 448152 484022 439365 488543 454607 433602 418395 463384 442371 436761 418879 429401 418915 434640 458802 436938 451433 400272 437075 516694 470712 410443 461161 435994 424253 428998 462750 460316 454467 428000 419961 380301 427841 467585 443846 411782 417217 437779 454198 492180 413264 456661 454357 423437 448491 428710 477111 453245 473452 449713 409842 455160 453085 457130 477128 447169 438063 463114 466279 435897 469863 470092 501150 432224 446953 456219 441565 476095 462907 475379 459998 442481 460660 458998 489918 458968 432852 428466 446332 452159 456514 444216 484829 433379 444742 444767 411203 452369 417064 442199 492264 457895 447050 473997 480978 426263 429334 465722 446461 451773 464042 465670 492011 442698 452912 451701 446754 486627 473648 466461 412285 445660 401207 450124 445447 429894 421331 428519 476869 447679 435607 475098 453865 444278 405528 445912 433462 447783 459833 447653 426475 459084 443180 440226 461703 431799 433689 429226 448885 
510574 490959 455487 541620 489609 455012 442652 516887 480411 470950 457258 490566 438357 467815 476452 421050 494236 514020 462324 483487 500710 465186 517074 512501 475517 491247 508824 507160 458847 455283 476186 507961 514048 481360 508442 467635 509437 522150 499995 456828 441131 474441 507631 477850 521180 499409 552768 503970 472613 485814 448065 473515 486612 485126 514913 510461 490009 458232 497166 500324 526619 486682 518529 469492 531840 496240 451086 460377 525992 493209 474635 480929 477467 477434 460137 498461 477712 484865 464208 478507 553387 503478 425148 522997 489746 474560 451658 526418 508288 500169 496956 479664 455198 455048 479362 494139 429146 483618 473691 530846 523184 446791 506026 522174 453916 483343 494145 507518 505398 531977 506736 436437 494990 505617 520428 500595 503408 444288 506278 504203 473215 508070 510705 527984 493237 503577 530234 501154 513390 523250 524542 517073 505823 508638 482453 511676 503795 494662 473292 475604 491225 448356 507981 513739 459955 511789 495993 501844 500583 449876 486332 516000 488965 514210 491704 512703 488863 477608 509857 492223 501214 496906 524555 520489 481290 521041 502543 490706 514624 505889 507265 482049 505680 442870 506457 489877 461418 489840 502024 535907 480315 481141 514919 499023 487214 452775 476396 476773 494950 519840 488515 479798 490711 530317 466316 493310 486616 489278 493920 489687 
547974 492487 474371 555710 508136 480215 488735 538448 520755 510296 475733 526010 446433 500116 503126 459978 485326 543343 488061 509708 504243 496899 540719 526753 496113 515750 556051 516905 482947 489841 502393 513318 529354 511000 528338 512602 501454 515224 534917 497955 457164 502509 532138 477429 523484 502312 545241 541767 518559 485282 472859 526440 478969 500994 539474 532726 475298 475103 510384 502816 544640 519493 562116 508581 534819 541191 475259 477941 558011 488356 455052 485658 486261 487596 487425 521080 496130 513632 485028 502836 565559 538410 473431 526325 513710 500277 483337 547296 542521 535619 501054 490583 489214 477233 514332 525468 472462 480625 490319 538293 569737 478594 528105 524947 488210 515327 481095 503134 521542 538864 519240 462572 494785 495124 520124 539258 551752 491015 523324 529374 492615 526819 531405 559397 496571 511382 533137 481430 535371 530756 510353 528174 499911 529884 511097 548072 525643 494015 493102 488397 518159 479890 503444 514877 493912 508931 497356 528750 502478 494053 517555 552531 503577 515122 512992 531718 501710 498077 522885 501724 500574 540175 568826 528772 499537 543066 508767 509514 527475 523171 518809 482222 534393 459737 512894 509552 494571 514737 495069 541416 501734 527124 557687 534900 470216 458881 512498 475612 519441 521617 497328 473730 522384 523468 498491 524630 502220 502589 497982 517541 
574497 512582 476270 559632 541278 485855 490705 567391 516729 540336 472742 499174 461708 510339 521103 480920 499349 571645 502879 531818 513254 491654 530880 558448 520283 539893 548031 557473 478674 523460 503103 564415 548361 500442 536213 522429 523401 554428 573362 512433 473482 529238 522548 497449 533334 527024 561381 555633 510626 526816 501487 540267 496744 511180 558721 546890 509332 491262 527442 531184 551334 551311 542788 523329 556233 544569 492391 507670 546149 550211 494824 501667 504282 509539 520733 545261 523759 508544 493693 491028 603513 538149 497881 539674 510668 504118 508356 591663 539293 544431 532332 534614 471263 503356 540104 539990 486958 508239 512769 569895 560092 494215 551951 563118 498651 539369 531024 524681 531135 565246 544738 467138 529504 515200 529768 553380 532724 506311 543092 542452 507655 532778 536627 602057 515503 532640 555206 544282 561535 559179 569795 545883 532039 532326 558372 551511 562363 535123 493913 528304 534536 522304 540437 550982 514839 526273 513882 526908 539207 503942 508537 562408 514433 530680 551279 566767 524810 503762 577154 552326 523445 555838 585663 567723 500660 554434 526268 539838 561620 532475 546877 501392 535762 488241 533463 526390 517152 510512 521754 552999 538617 528766 547037 530263 501315 459393 518335 519478 512053 565758 516032 483078 529258 553361 516598 548835 532098 537992 492621 523413 
531747 479128 435877 536063 472249 475311 478463 532976 481183 486507 460647 499924 429157 468385 502174 451336 506728 545020 479810 501495 511815 486967 529086 508147 467321 483785 534271 515068 462572 492789 496363 507587 524252 494962 522002 482758 484808 520924 528163 492096 473281 462558 491568 484519 517658 502101 524838 527972 478223 493318 463883 511024 471361 480495 503968 505648 482280 465362 516431 500134 540420 513703 520635 509113 551202 491067 483183 466260 533234 496437 494995 457929 475317 482319 476222 503236 477302 495828 442876 460390 567946 521698 439261 527276 463166 471411 449308 548908 529393 507358 482843 472474 455263 468607 506836 468217 417376 484439 488915 514816 550293 467529 541043 529284 464814 521912 510015 508491 491500 503451 507970 426413 508934 483122 513481 543773 484582 454250 526224 534404 484118 514779 508999 556998 479004 507781 514761 505548 541644 495681 512847 519123 481994 510167 497564 538372 503250 491156 480266 476217 492490 481870 505337 504766 466062 504570 503063 498118 531430 456133 472569 535851 493075 491736 494784 514820 508124 483566 535182 527280 499967 503566 534107 544509 489782 503789 518732 501867 507892 525264 518667 455274 513029 427416 457198 499901 480306 492498 492903 542545 474566 489666 532543 498325 477801 456559 493865 469482 489960 547941 493615 452240 494294 520666 488079 489892 488639 489438 489870 487675 
497210 452571 421052 503574 439058 445143 442577 498160 437939 451277 403182 446025 398596 445764 451473 394952 443734 507906 442783 473094 478421 439171 483653 483874 438531 449660 461671 477428 425832 453216 446553 476518 488294 452587 465963 432985 453706 475553 460431 423681 425473 437525 461805 443855 472520 468679 479133 464512 436111 442513 419939 470069 443644 443602 492001 449916 453754 445847 481718 459754 480387 446045 470397 456775 500183 500710 441769 416505 469697 447552 450188 439867 433105 438695 439376 465337 451966 460425 417209 416130 507254 488038 411904 450518 428253 459676 417207 457413 501682 437168 436545 442059 421957 448197 460716 444046 426958 441409 461307 479974 481160 421844 481643 499170 425839 487623 474625 472057 466454 488782 457845 417361 474605 451535 498843 497718 443316 423456 479476 472117 463620 474055 473827 496628 452956 459149 481937 464229 479227 466851 488131 466880 451610 474085 453655 471730 472103 460119 432354 453414 455394 445320 485574 458756 440800 466144 472673 467047 463184 439080 441462 472702 445421 449985 473778 478691 438041 455047 486242 480941 469327 473931 469331 492163 424769 458435 469677 461135 459423 477615 472731 424322 481030 387459 431982 479062 446688 451910 448509 480118 454541 465142 482901 466830 447364 417245 443110 434857 463274 496475 461663 438694 458971 492423 452754 450637 434781 458717 437168 455361 
497058 464748 451547 513397 442265 433855 440489 491552 479492 461909 435208 453918 393055 463034 452957 434479 460245 511551 430220 468134 464281 427632 502328 466917 417475 455406 478235 491546 449652 470562 465635 483669 470550 469636 474072 462401 467788 503753 496436 459719 444671 468960 452407 440275 455879 449108 505759 480480 468071 468382 449339 490870 427680 460834 478443 480093 464148 439764 473042 458767 477048 476090 490450 471140 502242 472073 436339 420469 460142 456893 451674 456564 444455 463891 464485 484376 434795 449340 443164 439008 525086 475302 435843 487703 454473 440412 458058 502414 507436 490286 468168 427255 447770 441256 480318 465739 412598 461676 442720 466189 496616 438093 488581 470902 434107 485547 465257 470855 461239 492202 499483 444545 474045 456519 488342 497627 488097 423830 485469 500133 464724 467783 471373 519382 461407 473876 490169 443693 512422 480802 497868 478008 451821 472580 475806 496702 462953 479096 448636 457399 458694 439876 478015 469715 446303 481064 479028 477336 474416 446389 450678 497215 461025 466050 478717 502573 466019 448738 491208 489916 459933 466593 493999 495830 446600 465281 467159 470473 476080 473645 495168 407358 482699 422866 452626 474930 436472 469356 477318 483576 460786 459991 475273 470867 434447 426151 455298 456641 447068 513818 470012 424719 476715 473100 459955 481338 456804 477389 471713 459789 
539909 511024 452808 565208 510007 489163 486284 551442 481079 511483 478344 502947 453672 510905 510641 452445 498264 551075 481228 524412 511587 483378 539691 538048 517105 503467 530901 516243 466218 492980 485998 531484 526202 508575 532291 511282 495805 536022 513639 492063 457073 515869 518509 489031 530441 518686 529915 528647 509247 476557 481852 519889 499843 482555 532883 524843 512236 471929 521799 500259 548732 507053 514072 502005 549339 554603 498299 449562 536866 479591 489890 489645 502972 490660 492717 501129 512368 524929 463887 470848 568820 538308 460777 523882 512819 493702 464119 547161 530100 518595 511650 468830 464017 467115 523444 512011 462115 524583 483305 558438 552678 490136 510538 546581 471068 510634 507638 499453 506354 521813 523560 495103 510441 505081 536303 536403 523086 488471 517938 511224 489504 535287 510041 558827 497842 516198 553219 496315 531789 528810 541163 524941 519752 524949 507343 529948 531591 502343 491137 497606 505646 493436 538916 514848 482014 507530 518649 502594 515748 498180 500496 545194 517916 497692 519881 547886 487270 488920 532024 526815 494410 527462 543972 547098 498500 527574 482068 526770 513080 510729 527884 493357 509115 467860 484651 513637 498324 513583 513877 556657 495427 520626 535784 522430 493796 459223 513502 490873 512751 561912 500859 479980 541604 540809 483573 514238 504624 528797 488946 490425 
509834 471569 445897 544988 463090 467535 448450 502755 475218 493157 432183 491799 417604 453249 468854 451663 459738 532102 462012 489698 478176 469835 527238 532831 451803 489188 511136 494075 436067 478631 457144 483017 504475 488086 491297 468388 487624 498646 497067 458884 469999 470233 491545 443698 471200 479755 521184 517237 456083 482544 449236 494338 472314 479121 489495 485375 457990 475153 484648 475908 518862 483830 514166 489575 504522 480368 444086 442988 503878 487515 470890 456334 462634 461426 461535 510086 444144 478279 438796 448291 538702 503142 447139 469123 480738 480387 443295 506094 500879 485546 477585 434448 434845 465283 470625 496033 419815 486219 477586 527209 522127 439545 509421 536421 476094 497022 479961 469294 488139 503886 491460 425049 502143 486748 509963 538891 510639 438161 493833 517359 492231 495897 466363 517917 482503 505191 502589 480855 535577 478432 497887 493206 488323 503550 467766 506000 497378 460639 456563 481921 498835 460043 501368 497420 460439 494786 472084 471025 496190 449156 466421 531272 465232 487575 482717 493842 467406 487301 495061 489711 484782 506661 508053 509999 449905 515619 482980 482811 496428 499429 498114 461555 514578 417305 465695 482388 453005 494467 476535 512868 505483 492054 487722 499184 449012 430172 463214 480519 479179 508419 494169 457464 477013 520513 490701 487026 448190 512437 494048 469083 
520097 493975 471951 554187 488855 460063 487620 525548 490593 514796 441612 489044 449326 479364 484800 451987 466298 553295 453881 518737 491364 466866 509365 552655 501706 508588 505644 505450 458062 481332 480372 502850 520518 514616 503595 507901 509973 542092 517065 479680 465151 473379 505827 461336 522474 497716 537378 526252 488259 496440 450404 503457 490999 500166 515569 504623 479783 464161 501584 482674 520559 508159 523613 486306 529870 512413 470571 460193 496000 488378 460990 481189 479495 468433 485955 494918 474772 482333 451363 461672 565418 520339 436075 521675 490583 482695 478893 542071 526541 504046 507556 485973 458569 479483 510028 497907 448607 492686 501835 505456 531641 467646 510309 518747 461267 517734 485586 501188 500903 537699 517346 442278 515713 501399 528586 534110 490828 460003 511510 516020 499671 520075 521671 560149 493684 503010 525196 498183 539852 516962 525445 525942 502126 511297 514908 508952 504675 496898 452527 478962 507253 482253 495103 532304 476947 512562 485784 479017 515603 482922 488229 537673 488316 490138 489718 523661 501811 472920 530611 487308 478611 510300 528616 517275 486260 510339 507027 499319 532913 510348 508063 475579 517121 455094 500674 511955 481418 502447 472388 514687 505094 505798 532476 508564 460815 463020 500086 481662 483028 540601 502666 470819 508164 509915 497238 509182 496821 485588 488626 505542 
513680 477438 442087 524616 474471 450052 473727 519876 475449 490121 419297 483396 401360 489620 483294 447291 474718 504761 480583 485551 493362 457631 488344 499090 498553 497985 508498 486401 435112 488836 461965 496369 527042 486723 509963 483477 488576 522909 525972 473581 462164 463616 490455 450315 488836 498680 521890 520029 456815 488553 482837 508461 459362 480723 501339 491689 466027 471625 503356 488602 517687 504861 523129 482219 528085 511276 457866 454710 527480 495297 448381 461288 457064 469632 482680 505177 472833 477709 465193 461587 555869 510268 450693 525221 471251 481298 478150 526730 495006 508102 474060 456941 454147 483743 497056 493802 447389 482023 467149 534690 531154 458828 526661 512278 458546 489575 509169 463320 514252 513846 500430 427052 486628 485640 497988 534634 507721 457145 520758 494161 473769 496332 505697 538146 456179 502558 520651 466855 528641 481121 511188 505241 488881 503960 500843 515368 511019 497305 464209 471728 508836 467767 476985 490449 478770 489525 479896 468618 495328 482926 471400 539176 466902 487963 497089 510513 491305 468227 498230 512930 480056 491704 534293 506523 489441 501428 509978 486512 506266 501757 515258 465244 488840 455351 473761 501923 468975 492632 469880 522602 480438 479727 489440 487379 472383 460401 489699 477341 481885 516151 462046 479976 484888 515236 477596 502208 478333 483701 453818 484434 
518156 446963 441077 528020 509197 482647 435608 525586 457909 476684 451220 463955 453791 446685 482099 426486 471355 536526 473601 499960 472428 443017 504794 485142 473264 483006 528987 488379 440188 466813 479750 501039 506404 459341 481576 501375 470486 488294 516255 479909 440914 469221 493192 447087 512872 480605 523903 494459 473268 446821 453542 478116 458736 472564 488002 485627 476991 444526 495062 505542 493380 505190 520841 481810 508621 487947 421909 453942 523045 487433 447015 460950 482729 459116 452364 483711 473502 488819 458592 454734 538283 485904 427719 499188 484737 489724 465592 512778 515667 479515 462573 462618 444035 477312 499801 468557 433246 466262 473919 494286 540566 442384 499530 507193 457781 503832 480737 500521 478135 497678 495179 441062 497316 478542 502558 491018 509290 442521 506550 487756 475391 504112 499282 528717 469435 460986 494321 468595 534869 488672 497212 477816 476115 487366 487431 491360 490828 473994 486870 456422 475699 466628 471872 487439 473123 488307 457302 496763 473031 452327 470940 512058 470257 488157 458341 485718 469603 460049 503530 476285 479338 497954 510096 500361 453952 522077 493674 490239 517672 512262 511726 436983 477643 455033 472728 477857 464850 491723 483213 510908 473017 484249 515237 494481 464585 427742 472283 457229 477441 500075 471060 439383 513873 517773 473255 506848 478635 469969 451533 482636 
525461 480038 438985 542737 492745 472838 455470 513242 473812 497370 425814 483841 425504 465291 480635 449173 475496 539671 489381 479856 491601 477997 544811 522105 480304 505633 511861 506451 446950 488465 481592 508644 520969 473130 521074 494451 467911 520553 528595 474243 465719 506476 490452 469255 499162 487234 535568 498888 482377 477065 461036 497057 451161 474528 492953 513912 473398 466760 505419 503886 545698 484562 512323 484382 517909 526674 453703 441212 521069 477468 463530 471359 458231 455980 466928 500342 460498 487882 466973 474622 556778 505882 466537 531830 501677 483857 456633 546015 495382 500866 489354 486362 467072 492656 491718 490610 448008 482137 465288 528013 535972 473126 494400 544848 456478 498934 485730 499935 473261 509188 493850 452207 496952 470398 502641 499774 506669 455059 499952 512176 491520 498402 505874 550792 489096 497893 512152 494247 556548 529560 514508 490932 486233 514296 493920 515713 498297 479432 468659 469760 474219 478411 488913 512787 463292 492131 488584 507363 497115 467590 496947 532372 483031 486639 524852 518768 483872 455640 517567 525163 487360 503106 535750 514429 472291 477160 486629 479926 525780 500365 495322 476730 523955 436234 472551 484831 485277 506183 482889 524448 484996 475053 519432 523859 457153 424574 472011 478865 485793 519064 495621 454873 492945 519754 473274 488209 477447 475720 483447 507025 
485836 473752 416911 504630 469823 452557 442976 488846 459018 480363 430183 456781 415527 463757 457811 395672 449786 503389 433444 477745 458982 433374 478188 504838 469210 472806 500347 453445 443469 469259 454283 464110 508760 461745 484173 457486 470474 494877 476745 429279 458827 447301 483260 445202 492988 468527 517900 498935 438244 448875 432105 471330 471615 462944 480009 481265 443670 455422 481684 464323 496877 470322 487416 456782 515331 507358 413952 422169 485287 473629 437886 449508 448802 448878 446729 460203 473211 447423 406425 445326 507392 495112 420799 484299 458453 455224 410983 503595 480218 453171 466446 476131 407766 429451 479309 459563 429024 438129 436280 505752 518080 425134 493245 499377 437938 478620 448095 466694 486497 504948 469163 415859 462438 479430 476639 497192 483871 440336 483374 479067 459411 482837 469338 533220 451303 478893 483399 462753 499597 472336 477140 490492 472761 495030 452851 493452 498877 464674 445248 463547 467618 434923 482377 497258 432229 469453 485194 461322 497212 447760 450476 477749 470180 483009 474577 487849 481876 431657 485756 458759 453185 481042 507516 483760 455744 482342 478833 457098 496142 497531 490319 427549 461953 433081 453186 459947 453369 472950 467636 487248 440362 467667 495021 469498 454127 429103 481602 459466 465416 520910 448596 466033 490318 499252 465142 477126 473807 464915 443279 466492 
500952 460793 421448 526024 472926 450687 437706 509485 469177 469737 427971 475832 414111 473262 478831 428382 469424 502007 460110 476415 493914 458322 495919 502493 447774 460382 507729 465306 446403 453809 460979 475761 496248 449129 485140 480587 480770 478466 488468 450504 421248 467060 469475 456849 495240 474505 509876 488289 463558 467890 457974 462382 437539 457892 485817 477148 483471 458633 487848 482243 500133 470684 494726 462426 504846 491422 460521 459030 493017 462909 450768 439210 451599 434475 454630 463028 446673 465971 439064 443970 534255 485226 429436 493009 473699 473201 444252 503607 501594 468214 456962 472564 433542 458170 506022 465060 432519 433565 460600 512614 527686 449171 506788 523786 461653 483004 478969 481585 492056 522208 485258 423242 505573 470935 500972 492479 475599 450385 499985 484162 464894 481929 479908 531354 463824 462382 474567 468040 533157 471829 486007 512283 474310 472686 482659 520610 510690 467779 459517 449578 477884 473122 489863 490588 449340 473969 480468 472009 484089 437734 453446 482295 470280 502563 461864 519767 468482 442665 506305 490685 457940 500381 498482 499782 459664 493980 483242 467863 505700 493443 486715 426403 480438 440925 447589 451739 473267 488401 489027 498995 461638 465813 507399 485128 460937 430655 451926 451250 466961 516182 462705 467500 496127 481334 468093 472378 464437 491935 444291 470542 
535114 486596 446716 542592 504010 502512 479797 546385 472068 503934 453793 479269 430173 462545 499148 435828 502856 518455 473027 499168 505603 486479 527375 519627 463735 507719 534397 522290 485024 494970 495287 514976 513677 494178 510347 518670 486985 515963 515631 480279 458234 487328 479007 477385 524095 502396 523759 527646 475919 503129 476527 508490 468640 493945 503495 496527 499667 480822 502912 503196 520079 490991 539845 500729 538144 498813 497046 467108 511193 504256 478685 485556 464672 468596 477261 501661 490790 497373 439130 453298 550830 523298 463975 526852 497180 476221 461720 523572 549838 487656 490259 489300 459087 475259 502306 500791 456902 493000 486453 513729 540741 473862 512345 532841 478570 492137 503580 503172 503277 529375 491084 448487 504683 471912 529081 539191 482799 480099 500521 529744 471022 513320 513690 540537 473636 502524 536852 503231 547757 509555 512780 509690 494833 532931 518052 534931 541267 491637 489997 475024 479890 477388 525333 517584 493344 498102 486293 488378 500064 452150 469234 515489 496413 482841 500893 531767 482792 469643 508280 513645 489293 510394 513451 532513 472677 499005 485952 503036 530559 517036 533938 453923 486043 415418 488725 501679 500170 510498 472322 524091 500159 507059 527558 521234 455373 461645 479376 479384 498907 514271 487347 490107 505337 524374 489823 505491 475893 495481 480725 492042 
513685 478552 457034 542085 493695 487151 475506 538437 496912 497716 433090 493662 432519 474713 505830 466971 504719 552550 471374 532608 495198 496768 543732 540405 475046 504489 521257 495552 470662 479222 491282 512475 529742 502563 518079 501083 482584 522839 525211 476908 468564 492653 509351 474688 527158 506505 542409 526807 507173 500144 480955 529762 457642 502181 516827 493229 500545 478922 526845 505570 533014 515321 548300 484945 536273 527363 492767 470098 530682 494325 475048 482210 474170 475740 487471 511002 483224 491597 461616 460549 563195 529667 466899 535036 499263 494428 471786 536122 538007 503453 519015 494645 462090 480026 495518 473095 450394 494037 472374 533769 543607 460641 510553 538227 474706 519136 501567 522550 504435 547028 504139 447109 505807 493838 521209 516770 490304 462707 506211 521050 501832 508957 528292 528205 476893 486032 518797 507234 545762 514591 519317 534225 488972 495685 502947 543667 515967 499059 491971 475552 505527 475924 504421 537294 490552 498338 499283 507786 505248 472374 487454 543235 481906 504835 513485 519655 515141 497049 515259 505173 500504 507960 546808 527637 473640 510834 484342 507166 509292 515469 530536 491190 513260 471880 485302 491674 493116 510693 501799 522598 491149 491346 525626 510209 489973 474180 485983 471661 477249 520241 521310 488104 508394 524841 482966 522475 491894 495207 476818 505296 
553111 479862 433596 522458 458357 453122 478701 534901 471417 486873 430270 477137 431769 459181 478616 424495 496146 523689 460447 499614 480192 476244 522866 532332 449869 498762 511763 492853 466512 478646 481003 506794 507359 503360 506352 484630 464005 501433 508211 472772 464494 471230 490218 478614 501988 496858 518642 509094 475488 470530 463112 501856 467200 490853 515871 505720 460362 455732 510838 470064 531164 487502 512474 479681 517955 497835 461933 459435 510975 498932 442670 467059 446846 476451 479643 505067 483889 467791 452697 451977 534339 533037 432960 495152 462704 467981 456208 514957 507753 500553 501038 461596 436409 468831 485512 505635 441696 469250 477087 516843 523455 452861 497197 516987 487225 501397 499288 483572 477531 515340 497577 421369 506914 488863 517732 544970 483479 454240 477363 511147 478859 503100 503121 545876 467639 479878 526122 489313 525471 502542 506136 515028 491920 497733 498570 520809 509966 496954 463205 464100 480293 468629 524415 502952 468653 506568 499005 496857 494564 466940 473936 533136 472678 489519 510230 485814 493682 481439 507034 516749 506629 502108 509284 515019 463093 490030 487100 521669 509927 509289 504153 470638 507765 417714 496497 510236 481183 489162 484491 536093 492044 491275 523747 484239 470164 449606 500046 486398 496657 526252 483222 462689 493525 517935 499677 504440 471757 467915 475529 496873 
533654 486971 447050 541979 507518 499680 480602 519448 510303 511189 446948 487226 460065 476852 504846 445943 509735 568772 507408 505355 498527 497646 506357 543600 475296 504784 538973 518145 457310 508609 514693 514288 531251 503291 544334 511413 493674 522457 533567 486395 477716 510368 502107 485357 504790 513409 527237 539929 499578 493617 468908 523746 497796 478253 527094 546288 506536 505044 530433 511041 525486 501414 530881 488856 553600 524140 471856 479643 536986 511209 488509 479905 514039 503680 485696 503163 494930 500895 483829 489963 570597 523351 469683 515559 498009 478303 467914 568786 520416 514438 491237 484817 475869 477441 511340 493649 470086 479843 500647 551710 546610 474745 534311 547051 477419 519345 506064 476684 518705 550919 530786 477161 507861 491295 518170 514337 523624 479718 527667 541643 477254 504187 511905 565935 486289 513569 540718 510516 562000 529989 511691 502567 502007 524361 499158 541642 531969 501498 501114 493138 508708 486707 518250 505583 508373 504062 508117 511355 513555 474267 484157 546566 507505 526330 488476 518292 516475 503534 545098 522715 520101 520071 552880 533224 483509 512990 514305 519758 499359 524497 515619 460996 502090 446988 506855 507042 499311 500385 506056 556049 497025 501384 534076 492653 474946 468591 499184 488754 509946 556031 487637 483902 535353 560939 495508 520160 488328 506980 481535 529844 
530355 478640 450453 537610 481978 475652 454309 530795 468333 483696 457275 474262 430650 460329 490164 438400 505307 528688 493278 504326 473420 457157 526491 513410 452696 486372 527161 515723 424323 506836 489893 508438 522580 478832 505650 482028 471446 523929 512833 458349 446202 487083 493275 493353 499308 494663 523067 526068 485405 457263 471994 491057 468944 485780 526888 495938 481652 464934 499912 507313 515069 487369 507852 489202 514621 485610 468602 469713 521672 495233 470782 448070 470620 468943 497190 489164 475383 469014 455877 456418 549471 514687 438515 487470 489774 473734 469650 525905 507591 493946 466036 460276 451296 463248 493806 498855 440478 470673 483351 506488 519734 455350 496798 535190 449816 522396 477626 474071 501338 525226 505084 448535 500068 483309 485010 515185 473631 426876 510530 518835 483347 503363 510281 547334 481669 496429 507438 498753 543203 510037 517246 491177 480746 497236 497725 510102 458771 494438 481000 460028 504761 473626 507049 512797 478577 491636 497703 499369 496864 460868 482190 523926 488481 491524 529756 519287 498535 486330 504957 504696 477322 493525 515609 524455 454109 488534 496096 511056 529056 492613 504286 454718 490124 433712 477752 479462 472285 475025 494954 499626 486029 479340 498798 512868 469994 442268 483876 467624 480516 534539 481339 467999 503407 521952 490722 499478 480865 514902 463850 499950 
532903 479153 448036 541684 488096 481466 465235 522168 482889 483419 433362 504283 448130 478338 487550 448947 493161 548229 478797 488544 501233 463402 527317 511317 489715 501501 531671 498634 466919 480650 488870 523075 524755 466083 518027 512288 477632 509951 512961 480797 474976 511427 508282 475914 508074 500177 523390 510563 484910 450276 479591 475037 456273 482916 502429 509524 487551 466430 490323 482784 506440 500050 512973 503412 515937 522716 457633 490822 514753 498022 475147 489777 473755 488902 482005 503216 477147 526837 456853 476815 561191 511945 432761 533005 484021 488158 475265 542200 533710 499693 492441 470009 482236 459115 510507 497245 426478 498634 494565 531101 534208 476536 528055 517577 464726 515165 512042 497785 476560 509635 497027 448642 502019 490275 526960 534293 496218 472996 508380 547322 495781 502787 518888 544399 496062 503024 509395 494110 532358 505259 522691 511213 481345 500370 506770 551942 514201 490207 471452 457964 477623 478024 526230 497591 480264 504878 497348 494874 497402 460588 473731 520756 511249 488624 509459 502085 489623 483230 525075 525760 504029 507633 508868 531738 475786 511056 475500 516373 504448 512722 519216 452451 509769 427064 472935 504215 464064 499721 499972 529370 490553 458371 530975 506336 489030 465691 487436 479914 469667 542687 497765 453084 518308 528043 483933 519022 494927 500295 477997 467416 
511338 477111 477228 568624 491909 500878 477202 548822 509918 506666 466561 487473 458420 506474 513929 459203 493919 548864 477943 501570 525906 471728 518850 526601 478512 501948 535057 514658 466467 501187 507200 511789 524036 518267 500018 484826 516158 531497 576747 506010 495687 493982 501765 488080 527526 500332 542662 542734 480594 505247 477803 516950 490303 492278 513246 524960 505293 469217 522631 509443 538390 514613 551256 501577 536680 522604 492056 479914 535910 515724 495357 494642 478457 461537 488605 505465 490569 518992 492278 466426 589399 519132 464688 538350 496519 490869 478446 539955 523765 524514 514174 464479 480734 485961 523568 504459 465867 478491 482776 513205 542375 477234 537092 532394 477113 516567 491040 520696 496138 522646 508502 463478 516435 498642 543654 553660 515508 451725 544069 509813 482715 544665 506316 559266 482753 543508 520990 499783 541701 520375 543776 529225 523572 517620 521422 520337 525234 505560 489634 503033 534664 470893 510125 512186 465102 511113 519024 504296 513173 472136 489663 516237 515112 516154 514241 544120 493689 491880 530696 524034 520094 536059 534493 550362 469445 541471 513621 526619 526163 506991 513293 476090 518844 465278 476515 501301 481517 523099 492629 540824 483753 499737 527240 528141 491887 455215 507765 468051 500299 529071 512367 479528 518555 510215 486030 497082 494425 510359 507915 490861 
504183 445270 447613 522404 453056 458468 456302 505323 478555 478925 426187 466064 413705 478204 484193 418011 480397 513437 435636 502073 465468 460413 526588 513614 464579 467999 520258 474568 444369 483837 456476 479381 508308 480825 496191 481594 486288 508004 501687 452126 464151 484994 487131 446333 485042 474077 502797 526879 477223 500591 446911 502192 476125 481598 503190 476537 465709 453297 488089 455628 491135 461859 472334 480590 534344 497932 450736 432798 475651 469469 470108 456822 478017 446580 446608 466406 479507 474552 460866 464129 529559 509565 451505 501744 480673 466602 456382 499937 495474 488853 464216 466411 439755 455495 479085 467504 418742 465454 452501 501863 516021 434415 504938 496738 450461 480135 471232 476932 480097 512060 486405 429047 494754 487946 510633 501712 468098 440911 495392 488756 489143 479242 508471 550765 452473 498779 500447 456905 540566 488066 478679 503425 473456 506664 482719 525278 460598 486610 464835 457803 493794 464387 481270 490918 439756 490871 477881 475568 478041 440618 479343 520163 470241 474281 482588 495987 471709 454129 479212 486286 478290 475381 492184 523879 463877 508586 458493 484193 475948 473146 461528 421363 490371 423607 449307 484132 453522 494272 487287 505856 460071 455373 504072 490661 450495 427880 482850 473235 471346 511874 481819 455506 477573 497881 467150 474452 473797 502471 450084 486453 
566866 502855 471258 583728 505797 514848 518490 550801 503978 504730 463967 502957 454343 502874 526206 457249 524987 559478 492541 511811 520770 499831 541303 536069 480957 515563 544716 505931 492144 479852 492225 521274 532758 525866 549054 523305 520767 540665 531363 492814 481492 507624 559617 509254 541243 536367 575141 533009 493441 505474 506010 531460 479942 531671 531844 543638 503859 482094 525085 519122 543293 534076 530743 510758 575690 542812 493089 496356 544905 498100 491910 512431 501065 522784 498998 528696 507540 522951 475747 470460 575886 551493 452949 548331 510015 506154 488820 562306 559876 523793 505870 510833 477598 488008 540809 514764 457651 533537 500503 544586 558991 481912 541353 542667 486547 516531 534346 519403 535553 537009 527110 452517 515563 518590 564547 558369 526941 473014 537224 529906 518625 536150 546249 560349 516054 535242 535168 507276 547418 524857 537108 555921 514772 514558 514223 551639 536910 500795 503082 499538 543452 476649 533560 531991 513308 532336 500587 536545 514976 478247 504267 537613 501736 504493 509934 530870 522660 519456 525887 523805 525082 525496 539737 553533 511631 547960 514258 505929 545931 525976 550860 483747 531993 456262 506122 517135 467169 506763 523127 535403 510986 525065 546960 532071 528817 480379 524188 499540 523835 545234 503473 499071 544370 541881 514386 528066 521526 536431 492751 495808 
532527 474236 454984 550706 466303 477549 455305 510605 476751 463930 428246 462409 435434 476006 483105 425064 464165 536885 479231 478987 501719 451668 525524 521984 484777 492151 509624 508231 478832 494948 473072 507419 507499 483756 510421 482779 470147 493303 516576 470975 440346 476892 486912 464141 493721 483880 539134 528572 471227 469035 480216 470873 452154 473869 515017 488633 476868 456927 486155 511273 545986 504991 519062 474085 526465 508565 458702 463060 520500 501440 455810 463385 471089 475446 475568 505968 470148 485736 462640 467953 568508 507383 434315 523762 475526 477738 446623 516584 512072 492266 475287 470691 447542 462981 493274 500449 431697 484271 482795 519254 531651 441026 504610 499414 468384 495864 497887 489334 496931 485360 476194 431366 488233 484271 525323 517825 483129 442498 500856 524523 495866 489136 534307 530010 460471 483583 498341 463140 525877 513139 505533 513511 486058 508077 500841 505406 497737 496266 466863 473419 469696 480851 495157 474571 470854 499476 475846 485345 490397 469901 492451 525401 480478 484529 510915 513881 505774 478865 515134 501409 482673 485416 521027 522058 484348 486035 486865 497781 529664 498269 503291 438979 499045 420187 497929 479038 445104 501329 477473 510256 487688 497416 510482 484681 466809 414308 465317 476677 478526 505997 477997 465290 494220 506335 476193 499568 473738 491291 484518 473972 
538837 501542 480904 589230 509965 486231 493315 556006 523168 506997 464888 501556 471495 496159 515465 451732 492118 574230 507785 510933 520112 477674 541915 549909 514067 526438 541377 524433 488983 508454 517554 525055 529871 497874 533431 508374 520370 540053 562546 499411 480943 514328 505909 491722 518262 536047 549290 545706 494146 510403 472839 519543 492995 508722 545636 545706 484720 494495 528421 510156 528028 495806 540037 512590 555988 560510 482681 496483 542128 491958 469396 500650 494098 504651 488109 522307 502220 520887 481377 486966 583227 522901 467420 548839 511711 518592 490532 540462 540537 516674 499959 509790 476583 497429 539939 512667 459197 514814 523921 541668 581294 482163 540264 553424 482617 524524 521195 538984 520644 549937 521180 462811 533005 511431 541014 562952 503013 485259 530259 547710 506501 544195 517475 579137 526894 524921 547261 500911 548629 541135 549388 533995 497517 538319 513773 548689 532692 505672 497357 484365 514563 459478 519959 510807 501201 524288 544452 504223 537768 503455 498967 551962 511029 513547 515055 545109 514177 496222 546398 521377 501258 540179 536185 529648 487288 538192 513209 530802 545415 539141 535233 493600 536157 463458 498012 531824 514833 517911 503867 558972 500863 509634 542559 528031 501363 484193 495431 506547 519360 531262 496654 500686 534011 528054 505335 520253 506504 526812 500320 529297 
511141 473975 454325 523971 471664 451212 449659 511587 477617 485260 429669 473831 446228 497599 457763 430130 450152 509895 425551 467118 466732 426440 522928 505290 435639 458548 514063 469016 441356 463325 478660 490898 517758 454970 504790 470810 479472 520316 497359 462529 438157 471926 475761 465197 474860 489044 503539 491868 458830 472674 454733 487836 447378 467337 490507 496972 464266 442406 475136 484784 495600 460460 483597 481368 514780 482274 449767 450878 503961 470153 467652 456136 458168 457400 495180 479926 480538 481372 450045 460637 530519 485193 413725 493574 466781 462538 459375 485194 502655 502077 484229 457876 438332 445741 494248 484776 451151 462815 456969 519608 486735 437173 506844 505625 453048 485819 468693 482444 485793 501285 494828 448115 498792 488552 491343 519368 476999 447670 465349 514516 471256 491039 485129 512618 480467 489114 492413 477608 508720 479648 496875 487335 457468 513627 470651 522723 477940 460343 437898 463834 484638 454564 492376 485746 469350 495314 461344 472481 482299 453385 454091 524320 466367 486519 499956 502283 479655 476349 471011 484740 472698 472316 513260 495148 468083 503600 485065 485739 501172 483202 524487 468408 488344 436014 468265 458383 455360 447618 473560 513006 470794 470613 519477 490596 486981 438536 459202 466903 464447 514154 484594 456689 497554 510560 459898 473353 471305 477118 443109 477988 
594488 500409 474408 567554 528044 495545 507307 559830 482215 532200 441998 494122 441171 497347 513281 447136 505123 564718 500407 516776 513270 472191 530888 535781 486581 514843 520729 497431 495823 509251 506562 526610 565125 487696 533689 522146 510984 564642 517037 490783 492180 512126 517073 495313 531054 506280 534962 532871 490687 497121 503157 538908 485498 495536 537295 520090 482025 492981 547421 497906 554676 506066 514445 510247 560685 554359 471487 470370 537065 509956 465149 500777 490472 506608 484320 523625 513420 512715 466105 486097 552591 554677 470645 536950 505519 526859 494602 554963 536792 527326 521358 495465 469300 493460 540448 516534 478751 498409 507635 531644 553052 487054 551198 554343 494553 517058 530590 509420 515221 527896 522026 486031 520027 497065 529879 551683 529309 472619 524153 550007 486795 517264 540990 579261 508724 526735 561551 511024 548494 540970 562567 541172 519640 541160 528433 549070 528224 534598 484567 490691 485974 479771 536668 520879 484175 533611 521216 514766 498189 499227 499614 539039 517492 514112 550751 535175 515199 496903 541204 536524 502155 532668 539434 538079 503487 516711 520556 519140 532695 536558 528468 483190 520824 451668 520789 521516 505380 505308 524530 557830 513955 491682 538929 512657 493144 475516 503648 517811 502003 556021 502523 489017 525053 551535 508607 531611 507759 499845 465328 501456 
527006 489680 463222 552723 509281 485302 471944 533801 495388 506286 447858 485023 448484 496179 478858 458618 473625 556549 466043 528743 504886 472757 537993 508151 475274 499543 526980 507128 471915 491463 508729 502546 508634 507499 513134 504532 499754 520361 533740 499235 464939 514984 495746 488908 496390 499223 548207 556162 473849 492157 461707 504549 464818 487324 520536 515872 501243 448088 493240 499913 521553 497648 534464 494534 534608 532143 479469 454090 532507 494145 468419 477740 469611 480422 484628 519333 500221 484663 450711 476544 558849 514089 470815 507762 498234 479313 461756 526319 525977 496418 496775 484211 467860 452962 508436 503135 471812 486614 487643 529024 544535 441733 510553 538831 457118 520278 496583 483238 524658 543014 496785 465557 517504 505499 536971 529279 503607 469622 517534 509452 479877 490947 508904 555353 493495 502089 548338 473816 544957 518221 529705 520108 509611 518262 519907 519320 518909 498596 485576 499899 503048 494009 512703 525815 491549 499081 480893 505679 506436 476354 505634 551198 494218 499992 519943 536682 491193 472359 504722 488359 508118 517120 540978 515170 489767 519625 484645 511206 531936 509235 518024 453199 494492 456286 484032 488875 489363 520961 482940 524777 529353 524349 525625 510146 498838 445900 511257 473426 505989 524319 506888 465562 514313 529014 496057 517366 488362 510905 498641 505930 
529642 485050 450390 546485 488566 451282 465075 513854 483335 509020 440128 476116 440189 485585 499790 441377 475512 535960 470460 480441 500389 454103 523415 535101 482127 481766 516605 515976 461401 485054 472515 494872 521348 491363 487771 493639 503408 530362 507450 466457 449014 501908 490448 470937 505828 484899 506634 530794 474969 496225 472555 492194 448627 487941 508556 518129 495663 474192 505021 480793 497720 476729 501749 477307 516079 519413 467654 462866 524715 453150 449425 478903 461335 480348 506076 494958 477441 498354 471044 474111 553794 497226 441888 512410 481887 483370 449411 521833 511713 492283 491931 475155 466632 463286 509649 485967 435419 479541 478678 512615 526504 469658 507988 547193 430859 500886 488115 459429 490967 507449 483398 477665 505935 501177 528232 539267 493481 453180 502387 508728 479692 529324 490683 538140 491468 502836 524155 476360 522357 488166 524502 489434 471853 501254 502022 522451 499982 502104 474357 473748 504541 462472 509562 496062 481980 492692 504230 504260 496460 476867 482281 509494 489465 484604 515561 511523 498602 464233 528921 509020 489746 508005 508783 509862 484908 497237 474145 505703 505916 521210 492279 471776 505087 451907 484676 500751 472357 486831 483012 498877 485502 506516 501636 505370 479516 455381 488986 490139 484474 542308 488036 487910 516230 500804 510973 497903 495864 524177 452213 496242 
480846 468964 435025 545211 466826 444909 458311 496756 474693 485323 445693 462590 433085 467816 471600 433370 485824 526392 435509 465076 487102 467558 513948 500883 436245 458601 504279 481374 441228 447631 484142 487449 506147 468370 489977 462365 480500 502575 507882 452424 429865 469289 495753 466143 500213 471423 488279 512160 467911 477307 449091 492733 435221 462931 488949 497767 460570 444319 508054 480710 510833 469500 508739 456291 519245 476891 468590 447994 502859 453256 445602 467283 460134 456713 466938 488340 460378 457701 443298 437143 538705 478793 434231 488226 445206 468939 445729 514245 507473 468776 481792 455172 437034 453595 475662 491399 412451 459168 462340 509171 488920 449212 487870 494661 431696 477997 475661 449383 474699 507071 474329 435862 473592 469577 507043 511491 460771 437586 489894 480382 449639 506073 490074 513864 465041 470422 495587 462469 474919 487973 502250 505701 473859 490896 455692 498287 499237 487484 472292 466807 486680 450096 464954 489186 475169 456732 467264 473035 464046 446355 471199 507238 466337 459297 492165 508471 501093 466876 498148 472493 478916 495775 508643 504041 464830 503211 470453 509184 487249 483345 485197 468065 488556 439814 458641 448493 478235 477987 475985 505085 456967 479162 474893 474741 457798 438459 462972 481218 486474 520577 448693 459941 497563 483315 468730 476019 465627 475542 454065 463209 
549722 506069 478714 560412 491409 474310 497782 551529 488015 515861 450044 520865 464433 498625 536193 463365 485060 569531 470641 503097 532867 476893 555392 531819 481424 500091 547589 514202 478342 496797 504050 517363 540629 502486 514925 507235 494952 554149 549087 502395 477983 517913 517808 474628 510172 498718 547829 536632 470465 517997 490708 516984 482934 505630 549191 541054 485478 483279 518259 501251 551257 524355 526396 521329 556156 523898 485027 492438 529836 491372 485935 484367 495199 492162 498280 537217 496816 520736 453412 479174 579106 540930 452734 526430 496784 492883 473990 555685 528631 524191 528287 487945 470433 464871 514443 536059 458276 512606 497099 558704 547711 470911 562578 552012 485026 518797 511333 522746 500727 546852 536890 481053 522261 503731 560925 566907 499196 482753 519944 532336 498616 537495 530857 557892 515818 527697 531939 504957 536525 512602 542207 548184 502460 534203 519244 546471 515318 502450 491251 501143 543539 460624 524787 517907 490210 498054 538210 522181 521692 483537 493524 559034 516383 519963 516838 552108 523001 504140 535055 553711 536471 522302 529055 548042 482415 522888 497006 508045 514689 523438 535965 486623 508786 474636 499463 517022 494693 510970 475081 560892 517920 522568 520934 516813 517924 483301 484186 500428 536971 543764 504424 484891 544852 532423 511279 537574 504997 516425 488979 501073 
522613 480334 475415 565514 503399 490381 459015 536025 502531 503001 445988 483442 459189 498072 509586 449346 498871 554475 490829 500125 489906 468489 517179 517012 462911 500386 516589 514173 462760 455137 498038 520915 530699 487531 532165 498486 509568 521154 534156 483140 469559 493976 496791 464633 511311 505541 538298 530448 504919 500846 471042 500442 485135 492082 502673 492153 505994 489923 521340 488923 531621 487006 526189 507458 547589 485503 478883 476283 537560 511597 484606 489545 494053 468450 496359 513394 477188 506289 487453 481633 549688 518149 449220 524945 515713 481176 469346 537963 520501 508514 495723 497633 467610 474537 510457 504657 456427 485331 503110 540733 554214 486563 525685 549261 465423 481385 502214 526274 493060 554935 506329 469190 519967 491625 522266 515438 507774 487588 499805 538988 482064 539865 505546 545966 476154 515668 533440 508204 534598 523363 525414 524668 504540 507042 504855 559329 539314 498963 486429 506051 500802 476755 520807 515504 515527 498666 495507 516714 513936 485600 489535 509599 497804 524287 496409 521457 494356 465430 540136 487190 489302 517542 507195 524262 476469 496069 495546 494141 522557 534940 526237 473092 508093 479745 485898 499793 478172 505988 497651 542409 496247 480119 515650 504832 483716 463409 481771 461789 531954 533364 515669 471595 520626 516813 493130 503290 489343 489440 484085 506695 
530308 456980 440847 502504 499720 496830 451488 516624 435740 467231 444323 460038 415528 430883 487742 458207 473060 518098 443806 514176 485337 476220 509322 503133 451205 459767 489181 491889 445148 479147 451263 496499 501843 470730 485925 475498 485226 528875 501598 448260 460624 456138 499574 456919 503053 467802 510806 496837 469049 443170 442952 505448 461368 459078 489712 495074 474368 485355 480168 492681 491892 458393 527706 489565 509528 489399 459326 429519 503314 489021 452892 458878 474121 463536 461868 488215 469179 453121 456700 444326 536543 475328 438440 504040 469549 466184 466517 509437 511298 502397 468240 434165 436001 438336 488861 471801 459084 495866 473073 491980 509452 453212 494563 499438 452172 500352 490269 500729 490090 506419 499161 452197 505890 476527 505825 525550 502147 431652 495241 500358 448057 498072 483829 519618 469127 473817 489507 480841 505024 495793 500621 493646 488892 496537 507894 505920 486394 474228 475306 451697 490519 452625 482917 486897 465892 499718 469878 478198 502608 450322 454769 502483 473832 490442 462523 506446 459692 495325 486822 513704 472141 459979 504850 515904 474051 487257 498542 506927 507743 469047 504765 459728 487574 422450 477634 461686 450909 484540 455849 513264 491876 471308 458135 477549 466610 453996 446604 463384 451649 506813 467477 452105 500099 510336 450723 509172 501244 471899 458838 474948 
524978 464248 449953 540974 473694 467646 454910 497382 465840 476559 434875 485730 421146 467366 478671 438344 460260 535056 459700 478520 491453 439729 505620 539713 456684 476424 532789 483122 470885 480288 475262 495988 502630 473817 500219 490877 491629 513132 507829 465791 458181 476974 488594 452554 485217 493877 519424 516254 460035 464865 460364 506097 463765 485281 497535 497432 485255 474207 482740 473231 508939 475776 493949 487323 531358 493687 448718 455044 486536 478599 465456 475937 479259 484798 487053 514909 458833 490069 458532 448413 514074 508913 425634 498604 471124 472818 468505 523957 516392 486842 465825 437707 446697 448199 507339 460376 444033 496936 487128 516647 511124 458436 523545 517352 446145 511719 497421 485153 489770 508590 510584 447171 487594 493401 520749 534220 490923 430797 499714 533156 463908 502723 502250 534963 472676 491665 499404 461638 524963 488219 509116 508983 475599 495673 479154 524755 485263 489397 469120 490769 475859 468519 492166 466274 477299 503280 485271 478255 481568 459996 457295 510204 470596 485726 489983 502534 492937 478416 505590 512171 486537 484344 499546 510272 464182 491770 472020 495129 495260 479078 517371 436846 503845 408822 471133 493754 437603 485389 489605 513648 480276 466210 502717 474500 472057 445495 473441 472901 477109 527762 475886 463877 502023 505752 472328 514265 488434 493093 463271 495877 
514704 449757 429278 525664 449559 477914 447361 495011 473676 473959 427030 467970 425486 464834 479908 418095 473104 522126 459307 481766 471177 411351 487406 506021 449714 453847 493358 466545 452364 452823 470758 476098 508214 453458 490845 482074 460119 499675 490395 453311 422355 472834 488446 443880 485729 477676 536960 494667 459010 461093 465832 458948 450697 466443 466134 466374 453128 445794 469389 471139 501337 487409 493489 458790 518875 468271 424519 455853 499404 437193 453183 455238 459368 459354 458084 467506 467638 494858 434217 435910 520512 488184 430691 524370 441585 468124 445288 507336 498657 479783 472541 453652 416189 449906 484451 477812 407464 467310 467351 494680 490630 434348 470753 485380 439494 470832 476235 467686 479040 484896 479792 411184 494282 462930 505569 499216 483618 458558 487862 499027 468565 504760 497162 506237 443644 474543 482343 475185 483382 458455 478474 479360 466591 492450 463008 481898 489859 452855 441755 436769 455179 430664 465777 461076 437713 482170 454269 458859 476037 440880 445319 495359 466621 447199 473547 458505 484110 463680 490307 464678 463429 478110 518304 504204 457518 474437 472644 474361 500757 475506 468806 452557 489301 424572 459081 463065 455726 465701 468455 495169 454704 455390 471955 483368 458649 450232 450486 480617 464995 505396 453500 455151 492758 476079 446754 494429 466116 473540 446759 462124 
470124 429957 426688 491839 436885 426575 398598 471154 423900 443358 399737 449951 404853 422850 459028 400167 437540 477556 419266 459418 428044 425753 482661 477595 431145 444285 465152 453295 432649 439434 425238 464521 479712 429922 450427 462837 423728 453353 485095 421888 424320 420985 443499 432630 487841 448416 484660 468295 451298 446211 429227 454753 423619 449699 445849 421898 434620 436303 477397 464268 508510 444067 485718 432443 481736 463794 424919 418651 460940 460607 418705 430451 430101 429335 447387 452737 408406 436075 431945 413448 501147 464594 403140 474921 439921 426588 421397 492293 474316 445664 459608 428860 414348 420705 426770 441265 401698 448321 430823 481054 487938 426596 454579 470640 418973 452711 451973 466466 438864 492247 450569 411208 469746 437922 492327 474051 463793 426898 448416 504447 464241 462665 495355 499159 425367 432153 463592 424870 477112 475132 481997 466060 446981 441727 449831 472372 479353 459096 448731 405662 463988 452488 436084 459141 453122 469405 451401 445104 456527 425825 426862 469248 429909 462486 452456 461675 454209 442254 474447 462943 440723 455880 469660 484469 435848 464686 452987 448964 481869 493142 466660 419555 450444 405903 436573 442907 429652 454680 439905 472206 446388 428702 467828 458889 416102 414168 429988 438789 443778 464722 462789 417017 481256 458200 469986 447121 433714 437345 414321 466930 
542444 516532 452018 552434 510719 483270 491752 533879 513435 519729 464844 501793 458406 475279 505562 473148 508777 568525 488461 510950 508526 455938 521936 519940 491524 506730 552465 541602 468731 501990 516808 522452 551804 489963 524481 507944 541432 539964 530483 490056 463027 526970 529289 482136 541978 497870 562656 544039 499773 485048 492085 534273 480836 496220 525989 524631 491114 474087 528399 507038 547987 524245 548215 517852 540449 503279 494498 472968 546364 499491 461020 505564 492003 500466 477213 521596 493279 503077 468410 485382 577502 542556 476274 541150 491250 499657 489051 554284 558774 537025 522784 493806 481725 482860 517378 531637 443272 509614 502606 542462 547190 511940 528397 536979 503369 531288 518722 520031 509555 549171 531957 466589 531802 518396 531265 539999 510770 488456 524580 528925 503474 540206 508801 561042 509324 523845 541342 516934 547265 532907 544801 533125 511059 515903 530536 540265 522755 518802 501333 504684 495582 500141 513009 517219 496563 494598 496235 514058 529655 501131 496167 559902 520698 504900 534577 534381 526547 481399 543760 504185 498641 522277 543496 552411 473174 512957 478699 528911 532525 500978 529158 490770 539256 476937 485750 507336 513873 490612 511979 526338 514464 515955 515596 541238 502357 454113 475737 484574 506412 545560 501332 497002 516537 527529 490152 533017 508967 516845 480629 494770 
489180 461936 419230 506838 462425 467362 452798 507489 452099 460943 423414 454188 412759 448858 473359 426273 458981 510376 448195 465021 487096 468604 491787 486533 442285 464851 489786 489955 431155 468899 436995 489303 491597 470735 478456 477336 481806 498725 508079 464560 444445 476039 472137 439614 509942 439291 515361 505313 444579 456864 445742 483828 455484 483898 493859 497108 483070 468364 479945 478469 502970 479313 523646 475192 505967 482063 470380 428177 494461 477538 443274 454052 445265 441982 464194 476902 457989 470410 443351 441364 522738 481444 421778 491777 451219 430147 433448 517255 495246 500910 469343 444594 418521 447585 469376 468242 444460 459480 452215 510129 501783 427410 471763 502568 438282 475970 465667 461744 472414 509011 493146 427001 484458 459041 472750 486553 477186 444467 490872 478244 464809 458439 468132 511331 461040 464787 490177 479785 507692 495508 497648 498831 472375 490452 493383 474011 479825 467659 461505 475204 480908 450303 479660 501617 457566 461673 459204 470610 504200 445934 473320 492111 445108 488514 468096 514112 472676 467027 480810 472954 482505 472111 502899 498139 438988 465850 482302 481737 517471 455251 482561 452694 467589 423359 456902 460319 461596 470353 458685 479238 497001 472661 472475 486292 456543 428719 437613 445269 488424 496584 450806 439553 498723 483114 482305 468835 476983 491613 467378 459987 
524033 451674 434905 508853 467535 431535 437270 500364 468957 466971 416020 457885 415104 467207 480276 440992 478684 523217 467958 467970 481445 435437 494941 513001 440695 495100 499151 471075 448247 452529 470880 485540 499032 473861 504269 467055 450081 498578 484380 464524 431360 455653 465721 451149 476862 459912 489537 501754 448951 458378 469187 470808 433680 459360 476623 485774 456793 437374 476394 490774 517932 485526 487437 467505 508265 481785 441561 441290 498183 455915 462602 458981 446066 473932 472786 474188 467560 489299 421119 441982 538192 500200 420041 489343 457946 454024 438014 513395 489549 486816 478153 460307 442085 456597 469666 472415 407384 467450 450264 516196 506442 426062 478805 505078 444821 478410 472781 455766 484373 486404 465132 421563 472316 470572 479979 503615 467491 436682 456003 505472 468355 471320 499294 510097 454324 491486 486931 464126 505994 484474 484310 506934 475596 481405 481394 524839 482444 445665 440833 454665 473540 439750 480385 463044 464153 491480 471961 455818 477989 438491 461003 508170 461762 484347 474765 491471 497924 455998 482155 482754 480454 471194 507847 484151 452926 472148 455127 483066 474929 497017 505159 454051 499583 415795 483350 460262 444772 429453 470218 500778 473330 474075 510683 459373 474708 436436 445246 442077 452368 494195 461720 436044 499104 491989 462562 487058 484332 474014 462245 473884 
560142 517245 519043 606161 531811 517421 520178 574778 541906 535062 488092 520668 476279 517648 547821 481642 516899 585109 501500 534773 529464 483838 568184 577947 519855 555706 562579 562819 518363 555816 530103 542268 577880 524148 575269 543402 526753 581984 583106 504727 497157 543535 525684 517011 535960 526324 579244 560292 536405 539582 531123 538352 505979 540213 543660 551033 509067 517507 564723 544648 581617 527848 563620 517129 600061 562609 511575 523973 569897 528747 492253 539053 499556 508949 522941 552520 533674 552000 493160 507594 598832 552021 495250 566913 534793 549842 512572 603732 557276 554739 551618 506206 498802 502344 554793 539703 475186 544208 518706 563387 587043 505196 563723 567757 516362 562422 529730 535194 547390 571110 553845 498823 548504 537892 583161 572757 544795 509249 538519 578450 521413 562118 556264 602270 549155 534942 554674 543037 565218 537115 578693 551663 540835 560936 556555 584000 560517 543773 500922 533177 555093 498071 578284 553809 525228 558487 551413 540284 559876 515437 526315 573057 548944 524376 558470 566265 557784 523678 567170 559828 532828 541871 586510 575636 529482 549016 541331 547298 568073 522766 554278 503806 548751 488986 538588 539593 509098 521236 547925 574458 534883 520230 544347 530112 529143 498556 523504 549551 529564 556376 543057 517349 557018 559261 540873 553984 541232 560036 501355 532389 
515303 451173 437012 532483 477255 464757 430776 530035 476074 470080 430732 461276 421352 469464 492047 445277 464184 524175 476133 468952 500128 426362 508104 518057 461662 475561 512773 487515 448973 494927 474875 477882 524028 493321 473665 467571 489420 524267 506764 468168 443393 460959 485378 455474 483683 481973 512595 517790 444742 469370 440692 506644 442296 455070 489409 491098 463534 439874 494751 498997 500177 497060 514811 493976 506200 508439 466956 433121 501660 450751 450816 441708 443422 461811 455091 476950 481000 493368 446259 451665 530513 511599 423945 483347 462046 473882 458106 509581 493523 497335 465919 462565 436687 465237 488472 449689 447364 451013 484423 527025 531843 445061 515211 506728 444766 505535 502688 518579 466724 505773 509715 426855 509511 474230 475875 494558 482628 453091 486555 501852 457236 478275 492904 535568 455949 475683 488453 474091 529898 485818 507295 512461 490846 495387 486036 505481 478012 472201 473623 472988 465761 464040 491667 486248 463377 482433 473243 469360 482165 446130 458119 517630 475893 480528 512058 499314 478169 471129 496839 487342 490474 491831 491671 499513 440329 491933 476526 505552 491158 481800 509288 444718 488970 436914 478355 487235 462241 476861 457646 504764 476908 479725 505182 465119 474830 420242 453138 452062 467451 502815 487214 438501 480610 507342 459441 505112 489800 478124 449592 470124 
558462 521401 493257 574952 527199 508079 487644 572735 534959 523366 483145 525122 463535 515836 502759 479088 522374 592449 493696 538254 547001 496512 555567 547288 526118 508579 566992 544169 497329 504406 540757 543616 553347 520268 549348 519816 536830 546991 557299 500677 488072 518181 536734 508673 559856 545451 584307 557267 514032 503830 481823 556426 521892 535926 563590 546649 515737 511564 548322 522889 584727 529697 562071 529301 568314 543605 492911 501346 565790 526272 496717 524366 519613 506540 543432 539691 521126 529421 494049 508377 598635 577326 454538 568242 516042 511515 490906 572566 569995 547006 514986 529761 481946 494261 551574 530984 461242 531509 513390 574025 591723 496628 550834 578343 492871 550015 524575 551616 536895 584939 553741 485414 528507 530646 567495 548606 535876 489553 555044 565645 532556 560368 574749 600521 529638 536104 539249 524715 571525 553590 553625 556976 530765 532463 529183 570752 525643 549739 533250 523396 532002 497243 535677 544730 512441 536405 514364 527214 559882 516403 515682 560831 518606 539741 548651 550370 522650 510945 550957 536058 545363 542552 575642 587886 530419 544629 539184 541622 538803 544113 558446 503299 549746 477988 523614 522722 505726 542549 514574 567518 518938 527029 549973 518360 523890 487143 520620 518086 543636 553583 513545 503749 562988 561062 521477 548706 512496 532146 524237 536722 
526807 492960 457676 532802 493457 468336 499197 544693 490444 499187 449568 494326 450976 489214 491414 468576 482735 543853 466179 505113 494984 489244 539073 516698 485811 525961 526377 516142 479877 485549 496676 504375 538694 495202 543259 523204 489445 544243 550343 477196 474210 505508 478627 489526 525263 510076 539646 536328 486758 485116 493278 499714 481929 509644 525764 518666 482265 477225 526181 521879 550973 488413 549140 494989 537590 521442 499579 477439 546282 503772 465809 473787 484753 459283 496172 518001 507682 510049 476371 469833 578697 527101 463763 533105 490834 495702 473478 530116 517001 525349 512457 488305 456785 498471 530219 512514 471938 492484 492803 516111 549525 462613 532498 529798 488510 493087 506127 517978 520414 530144 536430 469424 510179 499401 514414 536863 505512 484156 504707 505195 478637 495313 538285 539818 487132 492374 517478 516563 549964 526959 525430 529746 506770 528387 515615 521015 528620 512105 488808 492667 520703 476389 519516 525128 482599 513819 521088 501952 521482 462140 507966 535926 510518 515651 537667 537013 513723 484038 506851 524664 512522 510314 544973 545241 494333 514815 493505 505063 533957 518512 513256 475501 508040 446663 506307 501304 512160 488378 508380 548877 502084 506784 549694 510062 491504 454464 503169 486915 505957 524098 514441 490585 539371 527541 487915 511851 504513 493151 456437 526387 
541604 467614 455172 557665 501534 480495 466364 529490 508204 507987 448086 502837 447853 488139 491421 442618 487935 555825 449923 521586 492484 451842 510303 537422 466011 494976 518949 503080 470615 518852 500702 514849 520888 490594 500580 498628 504307 528185 537182 472481 464765 494683 501855 478746 517049 480486 547428 539118 458344 483544 447082 494839 466911 468609 509449 501250 476374 473810 507211 489449 526330 522532 531913 506913 540485 514330 453578 466507 554749 481584 471354 484204 471122 482583 494846 513572 489642 480867 458548 466294 550792 517134 455747 502779 500226 509759 483025 531132 535350 493850 503137 474522 475900 484420 526064 521811 448345 473103 479182 535731 534571 453529 504335 530779 470544 529871 493861 478123 519037 522799 505439 477871 501957 490498 518716 545483 508011 490216 511839 533443 488744 524814 508442 563667 484740 512227 517378 468304 548729 515959 542187 536408 518238 520566 529908 511590 527102 490225 473794 472829 494087 490485 506996 499201 485797 514407 464874 487923 501167 468882 475249 536703 495274 501561 492138 525741 501979 475648 503810 480547 486499 522449 526774 513529 464309 536474 497056 519709 515811 531657 529658 471045 507869 443734 472693 484966 489568 505393 516322 526081 494187 497862 503565 509983 498411 452931 486158 495801 493437 532046 485000 488891 535039 502025 481647 518273 472841 491362 459254 507202 
504830 462036 442221 536207 467379 453502 453633 516625 460698 485780 421959 473088 431950 466667 471761 401379 477107 527360 472980 464157 472442 429601 497850 504962 456247 462718 503793 468233 448402 453698 469612 472721 504928 483172 500452 473239 477067 498966 484475 449653 421482 474610 498361 468554 507907 492409 517995 516672 457715 469901 446887 487167 472015 458903 496906 492352 459403 455457 497369 469204 518178 456890 513666 464045 518679 510332 415510 441570 505094 465089 456578 446882 461148 453373 467651 464024 475060 460492 423802 461440 527318 499453 443824 490226 460263 462812 438082 516341 492392 493449 514976 456434 424274 452087 470879 485771 436132 464147 453950 508462 505187 448140 495497 518692 448240 478268 458248 457073 494629 516677 487360 449866 500710 479020 505061 483853 475843 435750 481768 491169 474279 494979 492380 518781 458691 459488 504026 464165 496975 500284 497562 492774 484637 505916 480276 502879 472937 487789 463960 463420 458973 463455 466683 489305 433011 479815 476460 482296 492303 485783 461271 531465 486415 482948 493069 475341 477081 452215 488824 465662 472110 482311 503830 494285 455014 502435 483023 482891 507627 501381 487594 449452 494641 452576 462284 468359 441649 483270 465775 516424 498218 481631 475705 493595 465961 435837 456492 457049 484925 514578 463663 463916 510629 494542 476760 489047 483765 469854 452849 485047 
513334 461297 425591 549841 482109 472167 461214 510321 476807 479298 441736 470039 419323 448067 499996 438952 477132 527098 466178 489359 471946 453949 478474 503549 449202 486633 512124 479139 445422 463373 479631 495122 512452 486331 490805 481151 480321 506020 502901 460337 449580 479260 485564 467476 522440 470655 519760 496026 466844 469503 457896 480101 458954 471318 497421 505581 485420 458733 478393 479520 515239 500457 513023 464729 521216 495811 439613 453844 514016 471350 451962 454648 478279 471747 470163 474977 472747 477422 441596 453347 531535 508416 423882 491994 480288 474705 458549 529742 507478 496848 480710 459541 449012 458740 497167 478993 423489 462292 455861 514627 536693 439281 483783 504108 477733 498368 478013 463662 488575 505525 490454 424398 479425 479854 501131 518551 483107 458272 498186 480236 479201 493139 481644 527979 475134 482827 484985 451214 524682 485684 489981 508073 472643 497037 468928 490148 516875 457712 464459 444811 497533 450631 504358 503544 468882 476991 463967 479296 493008 445925 462617 506053 494160 479310 471065 503465 485175 468706 492975 477347 466414 484971 508525 509837 455237 526045 487798 505986 511950 514917 510579 451348 479865 445953 470217 481572 477641 489680 468567 510923 490778 494015 495958 477812 472655 444227 485366 470317 480471 515739 470548 462166 482979 516288 483938 468178 472926 495430 473546 470995 
509465 460172 438318 530738 500006 478927 460735 505051 438344 481424 429222 464999 436615 454562 488841 446828 476245 517309 446904 493052 488580 462004 499151 522754 464366 479068 493498 492462 467316 452519 483047 489730 514280 484158 523091 481931 473430 523197 517390 458836 439021 472794 489878 462674 490366 491259 521727 536216 480328 475457 427775 482831 466583 462194 471718 509682 472762 466280 500377 477804 516893 487603 488920 498188 528431 496954 455808 461380 544518 481297 462419 465541 489142 439625 456697 477111 477574 498051 442672 473210 534196 506208 429888 515460 466645 479673 451241 535564 517791 481869 461377 472927 463047 461715 501068 487329 442303 476939 471818 500893 520752 461753 500171 511325 445961 504818 486787 512910 492169 521385 490958 444636 488102 479971 519598 524500 487420 457598 492591 489644 453630 511993 507276 557651 485161 500241 479662 480565 517515 493160 511007 510995 475274 502455 489449 517751 525004 480871 484085 463789 487503 468347 494193 511143 478697 503608 489282 480822 506331 438145 454278 500944 468411 470392 486561 500351 487783 461259 512701 487304 469658 509525 508003 510994 473214 499090 481646 480434 508479 499091 498598 463974 489971 422457 469566 462124 460481 500488 479198 524989 466003 473653 524256 499116 451914 437525 470795 479650 493159 507581 484504 453527 491871 517402 465573 500639 469909 505165 477020 477787 
506657 465759 438204 508673 480204 459087 449598 528081 468538 467661 412114 442063 426752 455037 458376 426663 456148 530112 449208 464674 476287 441117 492500 492267 449917 462419 482417 462569 440142 467118 467802 513805 516681 472723 478228 477714 477707 498832 498519 434959 423519 471530 485801 448168 495009 461672 523121 471908 456757 455532 444384 484504 436447 475396 480994 469842 454544 444480 493411 454876 490990 461181 486869 454487 506889 501291 477405 437326 507138 459143 432442 486778 437229 437472 455390 495247 447184 464757 434804 419377 526088 514903 434535 492206 443000 445823 435141 504654 506922 491662 479687 467002 425483 459543 504934 472517 435168 490651 459417 487631 502581 436260 479983 516304 435121 478006 473532 483040 481711 495807 475534 445799 475865 450477 489951 512277 469593 470411 487109 490489 464473 480108 492517 516095 440827 474990 477457 464730 504176 471921 503315 504787 484329 464655 467503 502187 483412 469212 460937 472554 488271 452782 463357 487201 448230 476263 466468 497294 488817 439101 468694 508347 454940 458228 506199 500033 490166 453969 478289 476524 472340 480485 485578 499420 451434 457934 458433 471611 486956 470853 484193 451855 498291 443147 459129 490130 455607 474302 467498 483941 456002 472032 485368 455884 476737 444255 457779 443175 457016 504741 451772 460406 468064 480477 454742 469799 469818 454781 438328 467149 
549365 500595 472535 558968 511819 509808 497112 535381 523808 523892 461577 495184 477468 503278 514619 470301 497965 563814 494154 514949 517575 496414 542109 541397 497930 517661 530505 520235 486190 504893 495657 539195 548008 540396 545578 509413 506938 537897 545842 508969 455441 519075 534528 492788 518365 525635 574192 551748 492799 501857 501203 511138 511339 503290 523986 526503 505628 488829 540526 512791 547119 525921 561804 500679 548407 544544 492026 472077 555535 526122 486020 515235 499755 497616 493732 516412 512076 498888 478796 502302 580559 552262 478419 536157 516805 499470 460265 523758 549255 517838 526658 498011 480032 510681 515865 521275 468253 495817 514565 553512 551223 476171 544758 557673 483124 541141 517628 523674 505864 540856 515478 473782 531799 518594 554092 559558 523840 484341 529386 515955 486427 529199 516012 574714 517746 539351 542428 518814 542630 516868 539106 532896 527553 535287 514056 548234 549096 511327 500933 522916 521139 467402 531083 536930 509043 550245 517800 518045 496259 498456 505910 555744 505603 493424 551079 545062 525889 498562 539635 518598 525692 538227 552695 519278 487484 531399 515331 521198 528541 538985 524497 494004 532940 469643 542459 520799 487794 521011 526704 552020 509645 521003 550366 532416 518635 488566 521933 515054 530185 557158 511145 486730 517454 543040 509782 535752 516379 514886 487913 515417 
482309 444956 388679 480882 424363 447787 438128 479472 439089 439231 405925 439323 401287 421537 459929 419710 432919 487328 441845 451593 444627 436412 455926 491298 431095 453583 468311 447306 408359 451891 436114 461040 488641 450585 481800 435446 442475 491312 488843 441036 410501 433394 451846 441893 456508 426374 477646 482093 457462 440891 428673 442522 435862 422599 477029 464192 423145 444463 466811 457160 477075 458660 478254 448174 489318 470772 410131 396198 485368 453737 427982 425669 436158 430068 433170 428253 437885 416115 420562 415517 505767 480001 421879 474344 451143 438586 414106 496413 461496 465895 435298 418427 418617 408127 458825 436755 426035 424371 421882 487119 497221 414036 458593 472215 426551 476054 440226 431699 449761 481937 464534 422790 458022 420091 453406 488446 429344 428942 460743 463729 434384 459442 456281 490231 421158 451892 457201 448314 486270 461710 448816 452118 455177 476441 461639 463285 477769 449646 416910 416035 458440 422704 460840 456973 436784 452963 464607 436942 459157 447537 435464 448371 438251 452482 443814 478320 460454 429645 478267 451898 458253 438442 489228 462202 424429 447081 449306 449762 473677 456326 460389 420342 458188 389019 444110 448612 436502 443257 464196 470657 424361 434083 458365 443590 416169 418137 450771 431520 438751 507405 434312 445137 467605 475276 436529 431096 454539 442246 418695 440896 
505087 439295 424116 531171 458166 463963 470467 503894 471058 483955 408353 442045 421766 465337 459562 421909 474385 504530 456195 462946 465291 436940 485836 507944 468035 469773 479990 473684 447057 492437 446286 481792 484392 470167 495107 464976 476233 495477 475993 456160 452310 479926 473625 445378 494869 459198 493777 506941 444509 467244 437995 478528 456134 461874 490708 481280 475576 471482 463423 461420 491209 470504 507420 455161 494995 486053 463181 413164 503354 458939 428694 451573 465598 474575 461610 488278 461457 490160 425404 441088 548859 505575 430079 497539 473242 481752 442375 481966 484517 486308 463862 464379 433130 462599 478122 484858 423313 473997 467964 495712 510310 435719 495786 502479 447349 471119 482346 477331 463105 476590 473816 432769 485273 468225 477644 521902 472303 429319 478999 493673 468290 483330 475799 529522 438735 483723 489256 460046 509352 483107 495624 484394 447429 489038 481130 505328 464468 456818 437010 474399 460205 461759 494386 473034 447249 490816 467024 460164 457271 455947 471565 528475 463278 478230 481584 510372 468251 462752 484433 490938 449174 482716 498239 509784 446410 466967 448148 489009 494228 481997 491795 431746 473463 406613 451298 487374 445508 459334 463099 499108 461517 465676 487614 482524 449131 430587 460574 445304 479546 498592 475771 448969 472208 483964 464755 482683 456784 471681 461660 477303 
512887 468583 437537 540992 487888 493446 457680 535178 474874 470221 461713 475631 428087 474581 489518 440590 502303 530470 487248 500752 505244 480439 523753 529521 499461 502527 519537 543404 440007 501608 489903 503164 518408 493246 506608 498824 482593 506861 546978 480676 475776 482120 490020 462575 538902 497030 532602 537214 486566 485159 470033 512632 464255 499783 520722 502701 475235 501050 513552 496282 532164 481531 526302 494498 548274 495703 465214 473979 539986 507019 487086 469441 488397 459698 486495 496831 496581 507127 472451 485287 593029 527249 444496 526932 488699 476529 466880 514475 520218 497606 496811 447130 451592 479201 512990 478638 449868 492583 499060 525382 546878 463628 510808 532509 462304 499101 506601 495786 504875 514533 506712 448660 516776 514621 517204 532182 488213 471458 507592 517072 488630 522940 495976 529183 509379 513872 534084 511744 539617 508197 501037 494799 474571 489891 513765 516606 512581 483333 482415 471919 508392 473282 497880 491663 496672 497763 494214 486475 483604 503665 476152 507032 499523 484452 519539 523455 489730 484994 522924 498423 493089 526985 551281 549528 478019 528634 512681 500954 504366 517254 509070 470042 491174 450849 500061 470353 456209 501549 500964 535777 494313 518427 504245 515590 463583 433303 499308 494840 509320 533632 495823 485425 518074 514967 495411 489334 488105 505916 467173 484352 
532776 494213 458253 560580 482117 481628 462559 528751 487084 492510 453559 497620 438164 497709 491573 442114 493020 530737 484683 519917 501732 471334 534973 511491 488972 500584 542586 501036 459682 503427 494197 510558 533360 473593 523435 471849 485265 530304 537834 480752 466234 498906 486584 487966 507937 540138 531813 545263 495165 465592 468997 514363 478874 502350 512378 513822 457175 470575 502128 508293 541022 507439 532888 503490 523231 527354 481439 461975 543932 498775 471031 484694 478769 462019 482216 500599 515710 489237 460656 457936 558279 504586 457339 515976 499903 488748 491968 562341 531878 496656 507110 468417 461553 470754 517841 502135 459945 508509 469369 526574 544701 468870 510612 543198 481643 509781 499380 503623 491534 528317 489068 439700 512188 509596 528048 533096 509063 478476 497502 521292 483275 514304 491043 545473 490410 500921 531015 516480 541156 509591 525298 499767 505366 509761 510074 537325 516973 492999 487767 468304 499946 486004 510777 516176 487577 492944 496688 498013 541374 483053 484123 536097 518113 477701 535832 539076 500372 476367 509566 493280 496360 497103 525493 556854 483835 521487 514718 515626 523906 503611 500641 474558 526420 456719 499017 519638 508734 509705 508057 541141 489580 489724 504688 525211 481576 432119 458738 485122 490200 529403 490780 466783 516928 531142 468969 494991 494277 501672 473712 491068 
519207 471688 464207 536561 489032 449260 467703 511160 495336 511711 442903 473906 432745 453459 512191 418301 479497 545275 481477 495992 485198 459508 511973 522905 449581 506330 530017 478299 455927 494027 475091 505303 517925 484006 496724 495334 506774 519707 524503 484130 455470 487605 485994 449246 490524 485426 517328 511290 461994 456639 455914 499913 474940 466841 500282 512540 454997 452162 503154 467729 532971 478175 526216 493807 537347 497249 432037 463895 499672 480132 463678 483783 458301 472077 489328 496725 453628 499158 440997 471610 545108 518919 446229 498118 482601 474275 459495 532512 520082 484062 496538 468339 468414 448904 494100 490797 447076 481715 462676 508948 513389 448142 495290 522503 463150 496956 485677 480182 464918 518455 500758 441879 496877 486057 523398 527323 478409 474761 503757 515310 479358 496583 517935 545762 473808 487165 523889 499110 520225 501879 499070 499019 488651 502758 489012 544836 507950 493869 468406 470526 484278 474619 494303 486682 447936 489460 508292 480652 493261 458577 472688 533659 478241 491908 514348 510193 502778 455455 512698 484010 499545 485348 516026 518420 460520 494951 467589 509235 491106 484935 508048 448259 508359 438168 485883 505563 485603 473830 489349 516153 491150 465677 536421 514566 469268 440759 470491 450217 473346 526317 494244 469760 508501 509534 478521 497216 481171 495122 478791 482602 
515558 465768 472950 538308 479224 489998 463910 541585 496232 486477 434616 478568 434108 476488 482160 442095 517218 553079 460072 509770 489465 474468 517599 508094 456078 488429 529199 523582 445223 497073 479013 507107 521938 484158 503347 461038 499129 522030 529059 476329 451027 470100 532661 477168 518637 487313 530022 517226 498717 492217 502998 501333 476479 499930 513598 501396 484361 485210 522282 497387 524491 498677 524575 487465 561156 488199 493211 452979 515491 505044 473763 477287 454192 452744 471400 500932 494919 477776 455914 478103 542196 512453 470440 521695 487172 471580 454510 516599 525085 511608 480320 473099 413385 460763 502038 483254 442754 465743 499622 512858 540443 475235 503927 531926 458299 526094 500641 510709 503736 538133 494540 448431 517154 495975 540245 521016 486690 451826 508447 510556 490897 510819 505717 543489 478948 492358 495303 513083 523712 488611 525403 491783 503881 516639 508009 551077 501759 504235 494159 495023 496846 479655 515092 523259 473034 490783 503493 504116 519191 473079 473872 510868 473298 484598 524243 539102 501070 476570 500416 490559 500042 498225 526114 516786 477038 495047 516116 497055 549378 490622 530556 466663 485433 450198 500872 491216 468679 474213 484052 495442 494123 485848 523889 520028 477103 457827 493802 480086 500731 536347 490421 470757 512967 498137 481723 499706 506924 512216 466148 475441 
516968 472013 462688 538442 492323 457547 487763 503023 475697 484530 408565 487143 423800 478944 481377 437620 484431 546808 460239 518123 482499 458025 498272 504444 461711 487403 501457 498289 440591 475879 482432 503480 513155 493439 499919 473818 473600 510415 492103 474382 466448 493257 514169 470898 508604 494888 511741 511362 481099 490848 456189 478746 448387 494687 507177 486767 457423 459826 477517 499965 520959 499464 507296 477764 530282 517949 460930 440143 527976 495838 463598 458635 463917 458490 475440 495419 481116 476192 440540 450169 548506 514196 441689 480670 464370 498638 465605 507753 519715 477335 494079 474413 420405 492777 496793 477115 462720 482524 474706 511764 522569 423555 485264 544355 433571 493965 498402 468786 479013 525909 475957 432121 484506 470501 498272 526631 491046 463904 510562 489737 473692 508631 503737 529124 445751 494232 505929 472870 524185 468414 497060 486301 472581 473490 460636 519466 469771 493165 474703 456638 489494 483964 477602 507287 485485 501552 472035 491783 495130 467754 467901 535874 484459 469276 507577 523064 492517 467951 504839 470141 463174 498685 499947 513143 468562 488025 499618 494693 505124 509798 492891 448586 480889 443902 477605 483176 467633 497787 464809 498286 486313 482409 511788 509469 484044 429431 484050 438393 491927 532163 474667 451495 499035 501615 474927 507365 477061 494214 455420 493378 
537847 488643 454056 533629 492481 477501 476857 523796 495259 501573 454250 485022 417712 473782 500622 422989 489511 532184 456267 475410 480783 465304 529345 504678 474124 482820 511287 483118 476021 482948 483110 485689 514971 496108 506521 472170 485245 513295 500889 484048 428901 490112 487398 453693 516365 507547 525874 504025 490198 482254 464570 495409 450967 491357 516223 518410 474279 461779 497157 502713 515668 486260 505674 475207 556421 522621 472227 461232 500158 486113 483941 475222 458616 478373 481357 513011 497870 486254 468310 470572 547597 506727 445228 520065 493797 509278 445918 532738 521683 481899 504708 471896 443054 453432 495415 505544 442711 488146 465083 533652 537915 464226 506993 536722 468791 494888 483797 475525 492612 515805 506285 449544 522426 487930 513223 522030 492872 484691 526606 522919 498004 499066 500009 511990 473519 489387 523900 482360 541373 512514 493193 483406 481869 498629 463839 535278 505572 482257 472347 470072 492083 454835 493320 512529 488151 469817 513824 507084 505995 454923 484201 521574 484991 489650 501676 520037 496729 485154 509107 500156 485753 501647 530404 525644 463801 502752 473525 494658 490531 519242 498446 446720 503608 427324 479715 489998 479659 494444 496929 500383 472833 488857 507168 501249 469262 432682 487367 480782 495856 517791 473937 484228 501049 511226 467320 491749 502932 505199 447331 514951 
524703 468555 441125 532065 478258 495892 468241 520004 490803 484294 436527 467168 450435 488557 468354 438270 461855 533912 470367 498647 489039 447904 527135 520385 483447 482550 514960 488413 449252 485310 497860 490451 504956 492867 499260 471066 503603 504200 510006 460072 451479 469267 498412 452055 503889 471013 530686 522209 469297 465081 459862 497408 453953 497681 504243 514290 459196 468335 488498 473792 529674 478698 498545 467302 535197 514773 485540 447569 495489 489830 466473 461645 467915 455370 482982 490060 469818 505418 444155 449809 540942 506391 453888 508378 486529 468122 441572 525233 512440 472839 470122 487363 430645 483161 513401 486715 439478 476623 472823 518931 512572 447401 493732 524356 441734 490387 472932 481792 482931 519484 483673 445750 480543 497392 499235 512736 482896 461120 501937 514671 503466 499770 511986 534807 459865 490433 492753 509301 537086 517825 495460 490786 469217 496567 490905 531635 474318 476047 452890 480503 478495 451019 471179 492377 452607 485951 492946 476981 490264 458143 485857 523841 464754 491146 504194 509986 491263 468962 488728 475476 481713 512412 526097 508120 445399 479383 495795 492066 501514 469518 506907 457099 503938 418465 495638 474583 457297 455190 474299 500393 461907 477081 522116 495717 444411 422588 467833 477157 485090 524482 459715 472207 487513 503039 476938 481378 484438 497578 442220 488905 
501549 447190 442203 521393 465126 466537 456366 512912 488604 466437 407931 460344 404969 466323 491078 409563 456887 515162 472060 469912 465467 452232 507521 537188 457246 474521 495815 472247 435311 477861 475477 481965 519212 466313 495649 463301 485187 509728 506481 470090 412825 477005 496550 455743 479154 481396 533011 518718 441282 482402 454778 479342 451392 469905 482520 492180 471982 464766 496284 489200 490383 491558 517164 468152 503749 504410 452365 434041 499962 459045 457436 448585 478840 442919 473005 495959 470199 468470 449631 454834 534557 511051 451700 510842 482495 482616 474002 505416 482555 458271 472550 460859 445546 469315 486219 485630 431288 452767 477956 517987 532071 444562 495616 522413 437424 510182 484348 469385 477068 514543 493549 442885 487837 481201 496992 508966 492798 445565 497288 493090 484228 491041 502619 527834 470397 478947 494024 450982 552555 481564 495300 481977 478976 488870 493481 512269 481519 457184 439144 464028 489701 452118 478088 493214 448784 485435 457026 469908 472685 442645 485138 490175 473159 481143 506116 504151 465743 456964 497158 491494 490835 494701 506382 496560 453245 490630 466892 477608 498645 502471 501612 444029 473028 423671 464878 477438 463454 456869 458949 495621 474557 470682 495456 492931 454574 424554 467617 447668 448198 482813 484654 455961 493532 502102 444040 484066 465564 476216 454319 474635 
480320 471294 411570 497793 475323 430276 434201 476635 464800 464517 404185 441106 410966 434401 448683 386552 452534 474690 430685 459198 455291 424624 472622 479264 449033 437711 472526 459580 440312 444404 449774 479758 473605 456337 465200 453186 466688 470893 487463 452520 419087 457569 456489 434626 471920 458550 476940 495482 434273 437630 433823 455556 433280 431296 458892 452854 438367 426119 469686 464739 469055 449169 482546 446063 498821 469357 434679 408375 475170 426918 438033 427008 437931 440607 421449 463269 452327 462986 421564 435220 522355 477463 403928 470216 466188 450473 403766 456966 480322 439366 468332 427126 415815 449499 462278 457231 385679 440662 397258 503016 496917 420372 460090 475242 421956 464665 458815 443762 447518 453883 438243 404848 483902 447876 495721 469493 462777 420779 450525 470029 454123 468893 465176 504340 442564 478279 490615 428346 494838 486011 473350 458288 458915 480904 475109 485231 461905 447130 423813 444695 457408 432597 476877 496124 443247 465242 453739 453183 464585 424480 463694 481513 459604 452433 480558 485562 450594 430818 484153 474567 466537 468102 481815 481650 451143 451481 452655 449292 465318 474547 469305 437251 458990 404761 455713 447496 449816 458688 435230 480659 465406 453244 492317 468064 435700 409475 438850 456587 464826 487206 435155 461939 474337 463683 454122 453894 452520 471044 449446 462088 
535947 466728 448961 513702 490188 492372 466806 519610 458325 486685 411301 493519 424515 450515 480651 443271 482472 538751 438939 502793 475897 463631 508922 514201 492054 471170 501559 498032 453214 470419 481466 492670 532129 487296 508719 475175 478503 523616 516855 459746 447937 489538 495482 466894 504221 474950 529660 509506 474850 480919 476699 505039 462775 493328 498191 496688 451491 469242 497515 494904 533614 475644 500454 486298 534909 505784 454451 455433 517264 475751 461437 473115 453533 460483 480296 515483 472626 476953 446975 475489 519344 527236 460910 504075 487552 481265 438254 510135 493885 502734 501236 480302 423190 456929 482739 485967 440199 503268 457337 500824 528954 456082 499740 518925 447199 503479 477851 494946 492199 531382 482828 468725 504634 479110 540784 522679 486200 465501 521973 529694 478483 514007 489191 542220 474982 483838 487601 481022 508545 494326 501267 474951 504729 492791 503656 529579 492907 477829 469883 460566 484011 462053 482127 514643 476056 497287 470203 479028 507137 447016 464781 524315 475407 461944 516011 501032 488938 473409 512063 516125 490043 502951 493881 507106 483554 497816 484191 484019 534957 506709 492175 466572 482782 435210 482407 473030 477759 503964 480714 511443 485780 493622 500453 502168 473368 453463 481444 486230 485025 530840 480335 470497 519682 491473 484252 496774 490665 479163 453263 475823 
520980 476172 448109 512195 492066 458404 456919 512262 496347 466572 429913 478218 429032 485841 472882 454644 486132 534233 462916 480370 492526 421124 491750 494003 453519 455055 493758 495660 451467 433115 486923 493349 505917 454902 496835 456948 490713 499141 512748 451894 431631 474953 484664 446951 484020 480518 505317 499575 468453 481186 461094 486144 461871 469036 492352 463682 457742 431697 471855 480310 487001 483810 503926 481202 505900 505132 462087 458519 508938 475651 454747 470472 435582 434300 457198 497398 473438 468608 459709 448693 549035 510791 452179 494409 487406 440681 447452 519119 511256 496175 488398 456776 442547 455862 500168 473277 424338 472487 458931 504980 519577 476341 499074 506627 447957 488813 479819 488222 474998 507044 492979 449627 493699 452692 522974 486132 482347 440651 491484 511853 459365 508433 503297 546384 457650 502557 495950 484278 514288 486850 490340 503068 495153 473144 507800 531304 482146 466957 453046 456018 480182 457247 481251 498723 462629 468347 496524 469255 478981 447749 466341 509696 479033 467469 511901 505537 473998 460572 514616 484464 480796 503872 499486 511834 472414 497417 483582 481110 486289 467698 479968 454577 498063 444490 487756 475850 476486 469431 478700 509057 468677 459241 497276 487524 461122 442650 457845 452267 467826 516026 488381 450106 487817 495012 449477 517681 464212 485588 463512 473018 
556137 497443 453856 550139 490013 508361 494351 506242 492424 518137 445365 500884 454166 491724 492803 464942 492377 543151 488464 490301 509645 471157 515454 555963 482225 521407 522491 521940 484694 501098 489241 524771 550464 488586 546607 496608 515575 535050 540478 492299 461658 499628 524853 502428 502209 524278 542400 528012 494360 483358 499623 510297 473083 498551 536302 532749 491348 474146 504238 516659 562417 512590 530369 512163 534623 525138 489645 485470 542741 496544 487846 490717 475519 476670 501859 493096 483026 508479 470310 502893 551206 528548 462742 530869 487103 487855 454265 535792 516138 514797 491571 486795 478428 484497 517428 507949 475031 492210 486899 541518 537080 469963 516933 541751 472313 497325 515154 509411 512460 511164 504071 449760 513816 522918 505349 551819 509631 492706 505515 536269 513547 514911 536887 551096 483254 517636 522900 504920 556053 518058 526232 516349 484616 542206 503498 526575 553828 507832 470396 483899 505428 506025 519272 511345 495430 511376 500321 508950 519024 465707 492392 528890 491357 485031 529632 513045 503041 494670 523447 506205 500093 526465 521268 536592 481299 516834 503515 513262 543672 520324 511794 491946 534339 442512 504467 494512 490766 509076 505501 526672 494805 503022 542196 525657 509464 449219 489704 514499 499464 549577 487248 486527 528389 533196 471354 496322 482730 529263 483971 506799 
485441 464005 450769 518029 473631 456104 453226 498959 465462 459209 428571 471931 417854 445288 467108 411914 453271 508010 433898 473881 460536 458840 490132 502688 466072 466266 489764 485468 441132 492885 472142 481394 490493 473074 479227 479466 491375 511785 509273 466506 445456 455463 475563 451047 480047 469540 511396 498657 443316 472784 436189 485527 454959 451669 471050 477228 448706 461965 479772 472380 485741 470598 497633 479149 507210 475275 445042 418597 492132 468581 453030 466990 459110 473502 455517 487768 451656 460753 441706 454811 521646 476114 437701 497950 451855 471987 441261 491456 496649 470827 502656 428964 434074 443546 479837 452066 421875 471042 469056 491308 473218 425831 496736 491613 440753 482880 475934 488625 480819 487634 487754 450488 474061 477613 481906 509149 476932 456201 493356 500554 470588 491106 486683 518036 454745 470475 502265 456963 502009 503728 476072 476597 486136 481064 476416 503666 480760 478573 439917 462826 466735 432888 474372 487601 432758 486823 474018 454118 456752 453632 477744 505267 461876 497240 456882 496560 483836 452491 476542 486258 482214 475265 504536 490616 438093 476085 460537 480687 480144 464157 508744 443441 471409 444631 460195 468401 440323 474205 451669 528869 461134 483737 488369 484120 454999 432459 457247 465460 469124 507592 444252 447933 494101 511856 440494 460793 452542 463216 441619 478775 
539188 517792 476384 567892 521459 481798 490469 533417 516931 494271 473573 494138 483055 516923 506748 450482 516242 543564 491330 514298 511351 472074 539870 543241 504329 508222 547376 507133 491979 481213 526231 502940 540118 522783 545335 510818 520072 544754 525022 502308 465346 501224 536333 505734 551271 524198 570481 554425 498202 488830 498473 514674 498727 501779 536522 525318 491510 490591 523678 517838 555645 497544 575034 503811 537313 526449 464675 494132 565701 505265 464221 492538 484816 498504 497515 523795 517252 517730 468514 486436 569361 533139 455929 547486 495472 512962 479956 523398 535559 525873 503502 487350 489069 500758 535496 510215 482780 531374 513285 547378 545687 485212 537953 539938 488498 527273 519478 531289 539645 540470 519897 484597 528101 531880 540290 536536 510663 483697 508073 512977 508015 523085 516264 571494 489806 525490 536879 523644 551198 513008 546096 551774 530759 509261 505610 541233 503031 494052 482700 484987 505372 485085 510475 523189 488986 543466 520066 511525 504550 483208 509846 553341 520297 532723 529711 521865 524114 515047 542107 507626 502740 525087 550317 545514 504385 549751 502062 523433 526848 524371 511313 491079 509080 473976 503305 521536 525347 526267 517191 534075 501492 495969 535610 521920 514022 502790 482394 488030 514084 561300 495515 510736 550547 536550 504858 516836 510115 524896 464114 526417 
488556 459135 423473 512291 456974 450426 458203 472176 447242 452153 389281 446828 426741 442461 452873 422563 463623 502524 441858 472678 449696 422910 472817 485518 434159 440347 471053 451884 453121 456975 455914 459494 493341 465770 481551 460538 447095 482638 463057 439219 421236 468218 457194 438139 464347 451319 494066 489764 457122 461177 450904 452110 446066 438051 481297 476086 453980 428188 470423 468271 489310 437555 477857 463737 500302 474007 435970 435015 488246 444483 432176 421925 440855 441268 431258 470896 456480 454416 425276 436328 518428 483141 433807 471734 425277 464579 453931 492148 479048 441879 468819 457650 413575 424045 445160 460544 433425 454608 448002 474708 486325 440236 468799 485893 444614 446847 456609 456858 473937 484393 464856 409548 467737 431784 459664 467448 449811 435322 488868 472399 433992 491948 477895 504060 428399 470948 475287 476747 496908 480430 469470 483373 454182 491708 444776 478201 454055 444765 429578 428797 436609 444061 468066 478080 422519 468327 467026 460989 468632 428335 433396 494645 476230 455110 463945 474065 460527 453173 474517 462190 434130 474379 484659 468190 442189 456478 476853 484444 478696 476548 474444 424093 481121 420585 441669 444271 451672 457964 436120 484100 437205 445918 490128 480967 440253 409841 462066 437848 469777 490195 436227 452335 467163 476146 433170 479828 443349 461694 445415 458164 
499025 448808 446085 523851 493624 465360 461653 499650 459823 474091 416194 461834 407303 451317 472255 427174 464724 552347 461722 509050 466963 452464 507245 508657 467402 489872 522498 475407 440619 478122 460604 507490 494267 461917 487315 483590 470582 512583 499373 449000 472488 482546 483185 449290 488038 473661 515528 510078 464453 466454 455245 493348 449392 456531 488226 498690 465253 463929 477929 487053 505212 477529 507131 474710 506994 494337 460413 432697 500950 491400 450871 454615 434809 450458 470753 492790 467050 483674 424309 443818 529082 491794 443863 507642 483285 481144 448250 506582 499297 486044 482017 466406 427495 477055 498923 459800 416452 484438 455782 507326 525893 446723 498269 528020 437107 494074 482275 456436 464211 482271 484094 413708 464560 472368 492065 507394 486276 444973 495923 510319 472116 501422 498734 510115 480418 474362 500411 466470 529090 493868 495977 494050 459526 500700 485655 528944 470616 464086 464940 460521 476957 443730 481299 474668 446606 478662 478624 476945 493687 450939 461415 502587 462408 483812 493728 508353 473768 451080 514813 481713 481435 478027 500154 516419 471236 461632 460537 480952 488392 507834 501453 435130 470940 416166 472504 480595 450795 488969 473803 498079 479517 473776 508453 489309 444908 449452 483289 453422 459808 499352 474052 463996 494739 506176 497737 490481 486368 466197 455975 466191 
524012 478747 462448 543876 493027 490022 473037 518119 479111 502589 427966 470312 421305 471249 506613 458811 490311 516232 471806 501275 506785 478566 535782 528080 474146 486808 528980 487980 469404 486593 468422 482595 515103 498291 517747 508317 501401 509485 501816 470902 469162 469871 498830 468688 517593 484149 528991 518616 481164 498785 473754 504953 485831 471161 488393 516261 493174 483091 501041 488022 514544 472798 520489 490895 522838 516634 475174 429755 496974 466084 474682 459832 474545 477062 485571 505445 487436 487590 446485 466079 547063 508684 447986 501767 482353 473306 468855 534954 503981 504721 517094 485399 446498 466449 494610 475976 455417 488777 476943 537354 544234 444488 525576 528462 470267 500261 480929 491031 492036 522017 501497 440850 502731 477263 519229 520510 512683 455045 496697 492947 505098 498749 526755 536364 467281 485730 528736 500027 540198 507755 503100 538579 493107 525833 492331 517372 520984 484211 467647 490706 500082 472619 529606 510510 468941 492752 497387 497364 515429 449880 492543 534177 495115 475441 516183 530315 496846 489621 507811 509834 493717 493508 522750 524750 485894 492690 482776 493107 522514 489774 525636 469367 489346 438385 476922 483949 475881 497424 472337 524714 495945 487683 514178 510447 453609 471932 483241 478548 492786 514889 508982 475766 516445 523049 494854 482631 488120 489261 493892 474272 
541052 493536 468938 549434 498263 470306 456163 533203 512364 502923 449668 469301 447150 503604 507929 432020 495571 535572 466986 486638 511655 475914 532897 533528 480849 475369 542731 499306 470120 488749 503195 500467 517320 485714 509502 491310 501697 516018 510593 477364 471308 511739 495252 482394 528514 498641 533484 512997 473968 500555 475539 507654 478157 492211 518421 520052 506747 484960 502674 501970 534343 486149 495618 496931 538456 540466 469337 454092 527860 492307 465526 486473 485670 462825 474729 513403 498254 502350 486085 490265 580306 524807 450882 523052 480234 502380 455407 546898 521265 488651 498332 487415 437471 487724 495424 490086 438706 494806 499807 537420 533155 476904 527021 512151 476916 530319 496348 505399 506290 516720 494043 466743 517538 496892 537820 527501 504338 451301 506457 521499 488126 538039 514858 552199 477473 503924 517609 501624 538324 515222 500595 518996 509645 545548 488110 529215 528231 508498 486922 499578 516126 475080 520262 512332 465744 500845 516023 508315 493721 473495 484402 530029 511653 497005 514438 523928 510922 460551 526734 530111 491879 507772 529523 545855 505296 527489 507264 511351 520280 519838 490137 462145 519772 445619 495898 495741 491918 508838 504581 528978 467021 510770 536861 512199 492419 466471 491724 498347 507313 534416 487182 480867 533077 524646 488175 511099 482469 498967 483075 507886 
506886 462753 431083 515069 451850 464827 454480 505075 495122 493537 444980 471834 434866 469098 480877 416581 485242 533137 483198 498339 467675 455785 503718 526562 488641 484121 509301 502085 452376 458792 481907 471170 526409 483301 510451 469342 467416 507941 516897 452674 453237 482095 495088 478710 509547 488743 524284 518035 455361 483319 453163 500222 461107 472867 487892 501422 456501 474785 511356 485606 505539 479192 529317 472023 533775 498563 460509 442525 519549 484866 448707 448853 460359 455492 478202 480356 495575 488867 437657 454755 534346 516438 463020 504563 471398 461287 437451 521283 514149 487504 497544 465970 445212 441773 474627 471329 451380 468727 463082 525218 518593 443854 491027 537430 449274 503544 477506 490054 486213 523304 490674 434689 501357 478274 498826 510822 482937 480291 492296 489169 477769 504444 498032 543101 477590 474005 510802 482451 529677 489919 503924 521058 507775 490275 499417 516286 491569 470791 471467 447686 481376 439811 477923 499724 467582 480184 477111 491012 503122 441854 479888 498835 489624 496189 491794 503359 497882 480068 506509 484695 487990 503541 521972 507965 463010 489968 510109 477984 492136 504289 505640 452651 496223 438936 474235 500437 484190 476934 504825 516819 475125 470983 500718 493100 479821 445891 479444 467283 494832 539357 458002 474745 497545 512813 487163 494968 481450 488027 452554 484749 
508071 486322 469674 563850 504036 487636 449226 543320 507443 495221 443630 497036 453666 489059 526531 447825 486083 546078 458684 482216 497847 482231 540542 533401 474206 508562 552906 521704 481224 518408 483577 533224 530138 478219 513898 493857 499665 532997 548274 465548 473578 498246 489946 490378 542734 508975 550155 549962 470432 497129 467565 508770 478898 497641 529816 501159 498374 491761 523939 535621 540358 502742 549955 497867 550596 502297 475227 472607 544409 492066 485539 463371 478964 464229 476833 489627 486286 498042 473792 480098 567130 533769 443692 527317 481143 495680 455811 521527 521343 528915 500810 485847 460393 483333 508848 507636 463928 466961 500345 541220 538645 456684 540532 528929 457057 516334 511375 506942 509570 535526 523953 440814 507250 512369 522017 542150 505489 486921 499016 535560 521063 516183 519165 556922 502474 499910 522405 476476 530037 508567 521541 518740 509262 518442 497536 528147 524361 515759 500526 498426 518924 466155 515700 496790 485302 512034 516167 518667 526013 480653 509949 531007 511590 524847 506659 523243 512528 489000 533495 505680 501024 512970 542686 550810 479478 541929 509084 523997 515581 530887 508067 473292 495166 450430 466324 489388 473250 524217 509107 540275 500002 507194 537233 518391 483722 452538 460121 472340 498076 527584 508366 496468 520952 534628 502313 513604 492635 509074 461423 510981 
520473 492560 438168 558227 500946 480684 475727 530368 482988 491997 430376 480363 439589 505536 484841 445244 494253 536749 485620 521793 488372 459967 490781 528648 463753 491475 507231 505590 464992 488488 483472 517283 511414 505844 506770 481189 506267 529843 541370 507546 454471 484538 502051 469160 502345 487133 547680 524695 493839 497399 454601 478473 476888 478182 513147 515870 477246 473904 514702 498143 521658 501303 507361 503579 564238 511958 465978 469517 537068 472288 474552 485100 472360 459922 491507 497340 496317 504471 448115 463709 523704 506979 442029 527128 477199 485605 444578 545787 530851 507584 485961 469714 460273 484753 534373 491419 450467 466988 486099 513846 538182 444380 487343 535877 474086 510763 509060 498141 494943 520005 493299 441760 486846 505062 522296 532300 517562 480215 505317 516295 494440 523624 518593 553762 479258 477726 503147 498069 529702 509261 520314 487840 481851 521330 489114 512448 521371 503494 507272 490681 507511 485442 512528 510342 479287 499555 489784 483308 522246 481516 481100 517723 463352 463248 478712 502280 507034 462544 516647 471624 511834 512347 537904 526601 464087 509200 499019 515757 534296 499552 507090 460397 516016 442057 471322 499552 499574 493475 498171 517970 488073 494410 521133 512114 449459 438038 496317 512288 496096 546828 471845 484223 504303 499966 481262 485773 498794 505764 456890 505750 
534017 513996 438547 574503 533866 494474 472400 551283 498797 508963 436718 476390 447248 503538 502251 448582 492582 548783 494879 505492 522601 486965 505811 535843 512350 510485 533193 506599 478608 513252 512612 536433 546905 494046 532446 516164 526084 534791 543766 487537 495124 502690 516615 512406 555951 485323 535659 560017 506269 509739 479418 504209 490455 482393 527438 503923 510514 479452 520996 515739 548619 500286 526665 494977 561280 522339 487774 462226 535241 517501 472084 514450 483773 491941 498504 525007 511106 522059 481523 476059 593404 519787 471674 540838 483996 505040 459498 565336 534989 533479 502301 493478 486779 516726 544198 500650 460914 522197 497692 556473 564010 464044 522267 540052 472074 529314 509843 491515 532266 514371 519032 442138 515420 512489 549893 531877 508833 500962 509265 530877 516636 526099 526860 546464 511598 507780 540702 487214 557447 530224 536525 534776 497525 529591 513078 534901 532821 526167 489441 506201 540549 499334 532112 518507 500095 519289 508729 506453 550230 504696 507411 529413 507467 511839 477064 546726 543164 494826 529608 529160 530894 500593 560508 565862 510849 524426 509179 518808 537497 517833 540101 501961 506014 454997 490379 493558 499807 504790 490265 530840 503886 531666 547308 510239 504884 473152 517199 493745 512738 552254 497539 510653 529607 552535 488832 506515 529177 530841 480751 512681 
524667 503914 448098 544325 494794 477033 484152 528778 489512 506214 437038 490402 436107 463108 483455 459011 495065 541614 483026 505283 478644 491284 525781 519792 467484 497324 515233 489129 467498 486366 497065 503406 520303 479020 514820 504867 491202 510495 527248 475540 441234 503167 503421 461436 502459 501169 539650 513730 494813 487175 495419 496123 491743 501418 513239 513068 503060 471980 533236 527616 559136 502895 532762 476250 516683 495925 471826 467966 514103 488132 453117 472111 480436 478067 491440 499063 479934 494352 461268 480830 546586 521178 464548 503344 487358 486966 455370 541629 515845 490101 504700 491683 451996 508214 503557 507374 438863 493983 496001 523707 546236 461984 509721 537147 478247 497614 498002 483475 499901 505766 510943 440793 496892 494273 514647 508809 493771 463006 495008 519429 485129 516009 514712 545547 489978 482053 522266 483776 535166 506416 517745 517931 489904 509276 507695 531160 522578 488005 472597 483939 488742 471230 514956 512741 479594 512483 484661 490319 505087 483051 495568 536802 486996 494589 504860 517990 494790 484233 526599 498638 501324 513077 540498 514800 479471 512393 491301 507380 528994 533431 515260 465011 490498 458552 486094 484869 496253 489757 483154 526316 507585 503694 516099 513022 472282 455612 494667 472185 508927 516628 493726 460912 514234 509722 492975 499814 469894 507616 473833 523900 
524675 448497 434384 522756 462338 466914 465150 529382 474109 488360 431037 491517 425886 474636 482750 440898 474289 560323 471110 484056 492598 440477 502226 492247 464074 483682 499372 495339 460427 472527 494088 498601 515220 490387 506668 473017 470919 497769 510479 455824 446961 479039 481486 447579 509993 475034 509887 519120 470805 474709 457567 472153 460425 468595 507223 492773 461736 454576 494710 486146 509344 505383 504938 492989 528025 510445 438533 458020 510820 472747 463787 461790 473899 459286 473586 483853 455645 509411 450711 444039 532137 518761 446374 498929 461495 471997 454208 530428 515579 495053 460914 465328 452848 473515 494842 479414 442177 448435 475688 504341 528857 463484 511288 522852 467882 487418 479855 472236 474781 514813 488533 434969 495054 453631 501741 518557 483304 468431 522506 510160 466134 503292 492961 535804 457194 470122 480318 499001 541193 497322 511834 496129 485814 511915 488315 510513 486488 475909 479854 462955 471479 461119 503045 490850 473261 478703 479893 479259 494045 466892 476644 499802 477251 469585 483283 490901 451330 469251 498375 493624 498510 508712 496496 504622 463312 500186 497718 488687 494227 506053 488864 437624 497718 413455 458471 477003 460784 491256 470153 510262 474660 481770 495976 498049 469828 426597 487703 476729 498376 511747 470319 453316 512320 507370 471013 502957 488549 489930 480380 478659 
535685 507161 454073 557425 510391 473203 486418 560790 510437 497497 434693 511287 463287 495075 499676 456725 488657 567194 475872 495060 508273 483467 543427 539705 484538 497549 534453 522033 486766 496082 507570 518868 524905 482240 531340 508591 500289 548229 526879 479035 453994 521235 500300 472091 530142 496810 549464 549979 483363 512209 490902 493476 455914 501956 513093 510570 490814 456535 523410 506114 546726 502543 535548 508950 544953 528242 477038 476828 522099 508235 459130 485894 496979 462777 484646 529672 500932 507112 461534 480287 581009 522061 460759 534677 497074 493802 479396 561625 554695 519559 496402 502798 456863 483821 533414 509630 422933 504293 480214 547869 550382 482477 520332 550238 480027 521713 501871 496944 518439 539457 518548 452073 517025 508229 536181 531296 502191 480994 509530 526883 502623 533112 532598 559949 514297 506030 525150 490859 572364 538982 518612 520101 509783 533989 507020 534020 512709 513737 486760 485323 497949 476352 529667 532013 477274 492197 500661 504861 502693 490620 498763 561363 511445 507808 515195 542310 501725 484017 537330 521722 525801 529275 559509 534417 495306 530047 516261 522319 524091 517008 522907 488368 522672 448903 483384 486351 517002 499953 482861 540523 503443 505367 533383 515800 498518 450479 501740 485734 492207 547838 504247 497813 540236 529730 487139 541126 499345 506415 477792 516598 
542765 504046 453680 539635 497994 475192 476446 539536 502238 496075 441979 487801 453719 485086 493276 450364 503174 540334 495060 492830 510686 455888 527798 527973 477367 485219 508272 522110 465813 485547 499986 518603 511676 484009 526118 499054 507651 508052 529436 490958 470291 506585 492218 482132 506860 507014 530675 525031 486008 475226 471982 499563 473812 479024 505224 503265 480329 467842 512178 496230 527433 496600 533097 496521 546686 502360 462389 478272 526928 488151 475514 475562 481010 481764 480635 508208 470581 505102 481262 475848 553255 511982 448010 516656 471579 476517 448133 517878 527784 521657 493308 468290 456199 470473 509048 495070 456116 500590 503771 539662 536324 470769 515603 545004 458890 501000 504681 499760 501963 514761 505481 455192 515354 482748 534240 533790 517652 471205 496237 535786 495320 513321 501821 544240 482774 496824 516475 497619 537927 507337 522313 527608 506233 520184 516556 513761 517969 501789 483519 483558 498287 475344 518750 492627 480264 517031 485579 530054 516502 469961 492282 529711 498686 488408 507055 525733 518608 495908 533843 504777 517065 515301 529183 540506 472531 509523 514172 509504 520793 505644 518247 472478 515204 433853 488788 492437 485999 501178 497289 531434 500877 489365 508656 490280 483205 437065 489906 497148 496278 539628 494706 469101 518572 531799 495932 512920 480588 499135 481745 504574 
512591 460604 434706 507237 462779 453554 415046 487890 443220 480501 408648 453686 405963 449662 467892 403562 449950 508829 441716 468678 479059 445749 499690 492020 438205 463213 495732 464195 466560 442425 458564 488118 502077 447499 485015 478327 437964 489316 478036 451233 413503 441881 478761 449358 469767 459916 490100 484361 452457 470503 450879 462369 440367 458479 481406 462213 448276 420006 489709 494853 498371 484315 486979 454361 483304 462794 438922 465280 479597 455370 438435 461135 452105 450286 466952 484472 433863 452950 439497 432032 504436 498632 411554 474106 443054 440805 431760 491003 482271 449791 470948 466805 429277 446810 461086 456735 409366 448096 430879 498013 508613 421024 471752 496595 425092 486354 455059 472932 486473 484131 463194 422909 483064 447779 482849 487289 458872 434490 466505 488178 456458 501496 500701 510697 447878 463853 493916 466140 507995 492386 499237 486542 477429 462227 464672 481772 476916 454620 425612 440932 457395 432546 490815 469927 448950 472372 457254 479648 468246 429419 474359 479084 463045 475655 465078 471790 475053 442347 501793 476476 477000 481826 475375 497242 449144 485778 472522 456344 485344 491942 470016 450254 481720 445310 465979 469336 464547 473068 470853 480639 450610 475165 481278 464272 457037 429783 467952 458220 465063 509258 469968 437290 479059 474997 458750 468440 465585 470437 441516 465504 
520480 484274 450128 537907 491263 476004 475328 528819 484365 505228 448692 490609 442182 476033 477798 459943 481772 552782 475669 511320 473816 461955 528178 510524 500166 510024 527836 482531 475165 503891 516232 522596 520913 498624 533318 488197 490988 520428 528320 467350 494105 477023 494142 474081 510806 493983 537104 531404 501211 478865 467900 531713 480299 481119 517638 492633 473298 454043 495237 515301 537261 499461 530191 503406 534959 527466 490230 448068 530445 523566 458051 507589 475913 507001 492273 510075 498880 480727 481411 459749 572200 521297 469096 506185 498299 488149 464983 501773 518442 517068 497442 446713 466755 495640 512061 482774 438935 485913 498948 534522 557417 480325 530817 517142 475328 519091 509930 489411 498917 523636 521242 455731 518285 501863 526565 546305 513207 453447 515977 526771 486324 502098 511199 553944 480480 506996 508875 469347 552836 524638 502913 513748 510513 521197 511440 533344 511876 501125 464845 471381 504070 474082 506280 504722 486010 520898 505706 474626 517640 477333 472515 532320 492666 500164 521601 516337 496818 486500 520814 517878 491176 510444 521892 537885 481175 517533 487677 513835 509215 505161 524686 461512 513620 425371 494379 504578 487063 508725 489204 541225 483760 498014 530127 506280 476075 463053 485708 482727 471034 527859 491886 470416 507502 523205 487633 517783 494506 503706 486875 510852 
531273 467085 455327 526624 476189 484204 452852 522665 491693 480851 429649 470279 448536 498637 480226 444301 460456 548292 483873 473953 483697 453106 527697 534445 483360 486898 502553 488975 450040 478822 470290 499866 527674 489503 485591 487685 475671 526108 509346 480034 437633 506494 484905 462098 496257 493579 550679 505728 486565 487087 480578 511278 469104 478532 488357 518449 481459 474340 505034 489358 531260 469829 523125 471800 509674 511103 472724 457480 503938 475578 461798 461409 471898 483527 494000 489009 484824 490522 462038 456623 550024 516751 451959 512756 488919 471222 455498 521586 519295 495792 496837 477308 447036 489741 477491 487643 456171 490469 489335 519192 511493 440607 511366 520047 450440 496098 487290 480285 481937 530237 499329 439964 498988 475296 514116 510908 496099 467691 514987 521371 495806 500015 514322 542687 482093 471595 516672 485429 522155 492565 489223 496605 478025 500283 502113 517464 495101 489044 469584 483911 504271 460027 505895 490526 474358 507686 487952 477271 484486 462530 490558 529207 463590 460657 515699 526671 504033 469253 527542 490717 486113 505431 517295 511050 462159 465249 487862 494541 530657 482175 510218 464065 501315 440931 478115 508944 464217 471192 474625 529474 496276 478728 511960 500384 452797 459025 452069 475294 489362 518248 478925 450344 490975 523796 488684 493713 485220 488800 465625 482085 
497094 480929 436774 538846 493896 461468 470114 518975 465757 471980 427324 476620 445058 477692 459035 436604 467083 534284 458601 480463 491861 440838 526580 532585 479955 475912 497085 491630 468397 469833 485322 502275 497155 474214 506836 469692 462208 519362 524985 486792 433238 486680 497709 477990 501000 498774 523017 498525 470946 474532 464515 467890 476320 489947 497372 503378 464864 453283 493735 492496 499850 478563 502434 463324 530255 502321 451350 451119 511084 468575 463135 473118 474334 456010 475962 488293 482491 504135 451842 470186 537897 485453 440243 530771 481651 456707 452799 498330 498967 490109 501951 470089 447739 465228 496310 497089 448397 479089 464616 519198 518019 432769 497915 501383 440981 497493 492863 474465 490922 503498 518044 448915 489316 487197 499625 513467 484886 472022 490841 488035 467620 501164 507222 522973 464211 493954 505049 486935 532258 508976 507617 507906 464760 484899 469222 532642 517693 479670 441716 470275 475450 464232 498599 505600 449703 488273 476520 490855 492917 462294 501417 528202 472132 483130 518148 530570 491797 478620 519905 485198 486001 512023 511285 509884 463465 514336 489118 488547 503040 507424 496653 459411 471614 448467 460592 487980 476163 504345 477744 508384 484226 473366 523322 493187 474924 439708 497082 475048 489695 536556 483852 443955 499585 510205 465900 482624 464529 491014 478371 496209 
528601 497277 453502 535638 511857 471118 455907 525895 493256 482767 438963 475431 441221 489218 478814 451621 482443 544176 463047 489616 484362 450221 484647 516649 454696 480836 505570 479265 464489 473660 494250 484198 509511 512963 513527 487341 499647 509356 514106 480986 452706 468215 499764 475891 490963 499972 547304 535472 456377 483778 463942 493971 477185 483795 511936 512878 464532 480916 505697 486103 517702 484473 529700 489247 517768 487878 476404 464296 524093 496252 459809 482036 465859 497117 468185 514993 471575 463939 467201 468875 529301 496154 435093 527117 474624 475920 433384 512635 501495 498911 491506 462027 449765 460567 526207 486453 451383 471876 499719 509601 539462 456149 504231 516837 461736 512269 481497 485667 510033 550691 499664 475082 501505 484045 511683 524141 523569 463030 505084 527217 481706 514308 510035 543576 477402 493226 507574 478991 516736 498131 508688 513674 503049 501110 477067 541388 493150 511051 500951 469419 500096 462884 476384 518212 488054 522636 507283 480126 506311 481939 466081 536325 469353 509108 487905 501562 503109 485953 511298 492076 495705 494053 528070 492284 462462 488921 467742 495359 509455 498699 527852 456400 489263 466441 499125 478338 465652 494598 490019 519766 487559 493092 505217 489631 461922 459316 483139 488495 479901 529815 484380 490341 515832 530954 488406 515580 490959 484469 447351 514331 
506188 493893 451094 537892 484798 456121 445197 514433 472361 462877 429382 483880 413909 493815 478310 455494 489314 518240 448767 494043 506897 461747 494227 506426 454613 496689 501242 504651 445826 463749 468724 507159 525342 485770 501158 486554 467451 489973 502979 458169 456321 477899 467343 462378 511967 487239 520441 522340 470473 494913 448623 475266 460604 471232 492240 501392 484313 484684 494949 492176 505387 484053 509938 491589 524758 509753 467033 448331 530972 494805 447635 465155 468409 450185 481677 494765 473117 468808 425416 468243 534050 500701 438579 503123 488537 475901 449467 538079 522210 478939 488266 471956 458883 479634 497497 474024 431409 472216 458540 513193 520870 436353 507365 525789 458937 494749 495063 490993 494537 523262 473319 438889 476345 480258 489855 497427 486219 454916 503218 508584 470109 486287 503431 550401 473230 480140 501781 468770 504245 503258 496465 494534 465737 476963 485771 508418 508318 471162 464400 475563 489474 465847 491511 500081 460006 484528 478859 492530 478118 467336 463666 502937 472065 474230 496157 518340 494701 435131 522529 470229 477615 499908 518226 519421 470456 507221 497642 487752 508943 490117 494130 445400 488498 452369 479068 474260 475129 488170 480284 497694 471200 502295 511695 502251 480874 448946 486344 461805 495471 515500 496628 458534 472691 492541 492077 490332 478281 492960 451938 480243 
492575 418462 426273 488986 449824 430365 435539 492590 463495 457944 405528 430741 419382 464964 433833 413070 440992 509995 434492 451819 449256 432051 478287 498344 442833 458331 479198 461582 425907 423464 453373 468138 471893 452330 458279 479115 449246 490047 495861 438857 417395 454974 462793 430346 470609 479969 473987 469561 434508 435671 433296 456521 424268 445596 458412 465365 454260 433935 468550 467534 469051 446485 466538 456921 492347 498869 432676 426920 473613 433135 433971 444733 463809 436549 439238 474962 452568 483583 434796 437623 519982 460157 418273 454320 452134 452375 447327 512293 489367 454106 462628 438102 429989 449189 464518 461733 421562 455751 464700 474351 472576 424520 492509 479408 431267 464080 457745 455976 468981 467816 469458 420128 462543 456897 475675 490325 488133 428148 454522 482859 438362 458704 489885 520571 466902 450412 486068 432073 472126 481597 475996 472008 467700 475313 486374 471930 485310 457084 439446 441553 452429 446129 464476 477252 448390 463149 430048 466460 457340 428226 435941 517783 454769 461445 459093 470988 463687 450795 495770 494758 455139 474543 492070 490588 468087 477307 477364 444556 466816 468705 469565 433425 487251 422473 462379 473445 440385 440126 451593 499346 473850 460820 484427 448752 450471 428490 459391 457177 451140 477070 440234 408253 479943 479846 443375 471530 442762 453906 445685 469691 
564607 504655 470678 568383 504494 505090 508592 550605 506480 536749 463725 513955 453647 494127 524420 452043 496115 558301 498822 515786 508030 498079 555686 531317 494561 528345 522675 530456 498179 487710 502501 544779 551807 525419 559401 514080 492292 536366 531113 511685 478773 516708 517895 515287 534901 523166 570238 530643 507264 502925 491985 518065 475402 505949 544833 533444 506665 482042 549599 510233 560114 506643 549617 522914 543930 539995 493880 501947 565948 508661 489819 516153 475782 477796 520771 513862 510346 531682 492530 496924 558999 554113 478206 546579 518071 517293 475712 540443 535335 530225 527149 522504 505333 472871 525450 545337 468508 505505 508296 537706 574782 478267 535588 537144 494013 539665 505364 509256 516462 556505 516391 472621 530346 511241 556008 561511 525537 474722 533867 543567 516723 534073 547434 583482 524654 540896 548467 544022 555704 544367 552053 536206 525589 536125 539027 550782 527128 513968 483580 507815 509503 502833 525100 535466 483158 537293 538177 536711 509452 488098 514683 554500 487562 516420 536131 515960 524111 520107 534244 553271 524062 535499 559370 557731 498789 545875 512944 527675 517565 545720 537691 492038 535914 460206 532626 537664 506786 528567 532503 548968 503995 505877 552395 544985 494203 470492 529882 515706 507700 553133 524387 512285 524966 546097 514442 501970 509953 540352 480484 509038 
515637 474420 465430 563783 492412 490120 475847 542736 487771 492622 457185 482772 454962 479453 499605 464176 522684 563077 477199 516769 498940 478293 514744 527444 491690 507747 529566 522214 461705 459221 514800 509719 525823 514256 532859 481222 504465 531568 545375 487810 460304 505025 507902 489673 516701 507380 535835 523278 517741 491406 465160 500190 464611 481853 519004 517802 471077 473596 511571 523383 538113 484946 534235 489769 559059 506562 502140 458385 544355 488256 465047 500568 481543 473951 469853 512246 508818 504224 446097 479423 565238 526299 456037 539364 494909 505510 475660 532869 541670 506907 494932 488234 469688 469503 516600 490438 465174 498536 494268 515286 546854 474881 528066 529877 445931 531395 501173 534181 490554 540906 503806 448772 514487 486843 537546 523174 495366 460360 516294 505289 466752 537619 537611 552960 497207 495066 518016 510964 532634 505181 519088 506820 520459 502619 502709 556987 511363 487311 485182 478881 506190 476273 516392 524896 503629 499563 520043 500473 497847 468409 464275 516436 493120 484475 523340 548438 510672 485749 548453 508659 502983 505039 524089 541184 499034 498626 489187 514351 528403 499153 511534 459520 504365 447527 507370 516564 480631 501272 487813 523940 479896 498449 533374 519321 496144 477271 503929 488090 514125 540302 499596 490579 522784 514696 482421 502437 506909 500726 476551 483967 
541527 497684 476077 561545 509462 486546 486270 556194 527356 519307 464006 513728 447286 519701 517032 444902 479006 554596 482408 517375 518777 465950 553211 565437 506161 510742 530243 517201 468674 514643 482111 523770 544277 508576 541133 511998 502742 534831 530545 492302 479350 510956 507803 496626 539432 501395 572941 531932 506402 492121 475885 534111 482762 475770 541477 534017 495393 525951 511208 525720 548711 509931 554873 509928 561993 550989 499871 467420 537800 511179 492870 477029 490930 495050 494411 494659 515598 528386 461474 466073 570343 547685 466318 541265 519586 505128 466884 549000 539923 540029 516523 498402 496315 472137 524409 539600 478930 492461 501119 553874 562001 480216 538165 536606 490032 539683 507563 512960 502365 545875 529235 469015 531822 491718 535583 548547 531571 480583 508894 558147 518436 511407 536088 564374 506900 502907 558294 492829 543211 539579 550704 559771 521138 536381 537909 546931 545191 505566 492734 485666 521193 479356 520722 538728 487705 532271 519193 522641 525246 472068 497041 546529 512362 532938 524612 536992 511266 507692 541731 527336 515430 541675 556059 542973 501616 529285 520924 527830 536052 530878 523428 482653 520092 433615 483606 506016 510911 493710 527866 551940 514406 497118 529539 519422 500704 469577 502335 487984 498687 546006 509918 494795 521348 523324 525420 515302 497079 496361 494496 520436 
528843 485126 451616 555378 488791 505066 477217 520685 484156 492140 448321 487884 438868 497101 492592 463166 512442 554576 484979 490295 517127 477449 500526 531913 476051 506744 542297 513781 469080 502619 491895 519560 531558 501534 503462 502560 488681 531731 512547 479913 475609 507950 511872 472722 526257 505709 535158 531419 475411 485571 492342 519793 465255 489222 520818 515963 509165 486502 525537 504638 531938 502814 526202 486860 544040 536380 464557 477209 520696 477255 479370 479564 461945 479137 480818 516024 509157 513579 438386 459615 560456 507840 443158 525705 479305 496633 483114 537697 526029 504742 511857 486152 433626 472634 486371 496450 458378 476860 491939 539040 537141 457765 523237 537893 464383 491349 514616 477922 502283 506548 499895 442681 501721 497177 512572 526223 502973 473162 510450 528772 491002 512164 482974 560648 490909 495736 516933 507574 520942 487595 514304 511865 505966 523197 507753 522345 501900 522150 497793 503976 503321 464162 528586 489438 479253 495267 498018 496681 491657 491291 490088 530037 502728 506316 514614 530524 504778 500305 540359 513498 486515 513080 557354 524058 490232 508977 508334 529995 522198 510854 524241 464365 515725 464902 517231 495972 472799 503534 504618 523817 510518 503691 518158 501901 467603 451653 488620 476609 489319 548334 468620 478979 540006 522021 500814 515761 487092 532744 492506 470504 
515655 480725 467196 560785 503311 480148 469227 536351 491682 500856 446246 478840 458237 490685 496985 447625 485138 546610 470642 512992 504396 473889 512867 524807 477642 501089 535522 481970 492479 502013 477034 521263 514925 493138 530190 497016 487618 527397 543946 483143 470395 480169 499527 468052 515589 486828 533181 538155 492875 502059 482817 518083 500464 498117 513564 514268 473735 466802 498414 488763 528659 501205 503158 485125 568012 514201 470436 444656 514891 493243 469347 477858 476315 472623 463821 489404 493107 481267 427275 464994 550373 519284 453881 528013 489364 496484 469352 546197 518415 505073 499464 493984 445491 486742 511392 490817 446988 499381 466214 500712 525052 448645 513185 526631 494540 492161 497358 505500 496163 505860 506930 447757 486972 501334 520294 532733 503604 455777 486663 514139 493559 502710 506538 538712 479158 495001 501176 505226 517925 507523 507858 502062 489253 511522 487642 537113 509473 503244 462940 480733 486379 457101 502417 524185 479823 500924 491384 490948 539246 476838 484419 526548 508862 488598 512679 538631 517800 475127 505830 500225 479605 492956 528809 521995 476451 495977 498784 489079 535826 504897 520594 463970 531902 447135 493105 510933 484199 483197 499091 530666 483258 504370 519802 497697 485877 444679 478119 476776 488046 531971 489352 459700 491241 519654 522859 512027 505682 482682 484558 510458 
486744 474305 400998 506246 457872 427919 447865 492837 461388 470465 411786 449042 420592 445297 439523 408650 453124 489035 445103 460671 437462 431485 457428 474076 439425 474698 472372 478672 418182 433940 455087 472647 467224 466679 486267 449948 465663 473140 475204 441037 399841 462015 436825 443170 485636 458438 464690 477390 478719 456595 426553 464497 438142 436320 482419 451610 437758 424104 476618 462044 480069 439366 468717 451809 493540 482272 441498 427122 501198 460986 414606 441828 429984 448247 454815 467265 434275 440048 431336 418465 486387 471788 421348 473438 462890 436464 436104 483648 467483 470141 466973 456113 434084 420740 453149 448164 406814 434014 445015 492820 510862 451372 465966 498271 432502 473410 461832 434395 456462 493287 454418 444519 481366 439431 492500 484177 457793 433894 446451 474877 447219 461772 458509 521290 450793 460132 502536 454832 493080 481344 484653 464246 456001 474490 465309 479198 481884 450122 424160 454237 465935 455456 456691 475170 435656 471589 474171 456561 491471 441287 442477 485635 460293 464742 455821 487558 447998 446883 497921 463279 450133 464329 494178 482794 457473 469055 450578 473998 475988 479737 475706 441122 471083 400054 456541 466322 457758 441867 463528 477252 450499 433928 483808 463976 436013 426704 457594 441942 460175 507714 464857 424780 450212 482130 460242 465132 436459 451754 417706 466433 
538017 481882 452519 558751 501251 477393 469039 563860 494034 495463 451954 500751 454862 505398 503276 473939 485895 576960 496828 532862 535236 481606 538180 544898 492147 510820 536685 515604 458689 504454 492791 524967 538498 501659 534442 504790 494582 542464 533079 487307 468004 491769 515623 482931 531573 501568 542474 548134 492103 489965 508963 513722 470771 499741 523567 501428 496726 500094 538996 504981 539446 520026 536790 506861 547190 502929 479451 470734 541034 505747 472715 492435 494427 489232 491200 517067 492059 504133 476465 460171 576068 530721 457641 524342 496581 482644 487348 557321 524293 515252 506488 468242 468313 488532 520840 512938 453766 493101 525030 536379 550826 479108 547490 542661 478531 504875 527301 512965 513766 547112 525623 452770 515599 507932 519827 540565 494674 471435 530879 505068 493888 517327 520957 565752 491539 536758 531114 518810 554575 506004 544680 533743 517021 495045 517738 543439 512926 502001 490712 509362 514724 499354 517039 510013 493550 514478 514845 502383 505024 486340 503126 573270 481149 505659 524364 542940 536403 490788 529215 518760 502596 548725 548535 540829 465916 525871 503131 539801 521828 508441 536381 479988 521187 474116 503042 526198 475053 499210 523382 543328 519254 509229 543116 519221 488777 471546 508609 467601 499733 560333 498782 470932 534807 531784 487218 516390 503525 536402 483010 494817 
543390 515807 466357 551788 506404 475179 477992 551912 496079 503685 464843 480854 455018 487383 504681 457041 478967 547462 479176 519421 495129 484681 548634 530049 470287 486884 559024 507284 477758 498620 494589 502936 500233 504253 528186 503659 507817 540290 527911 485864 468744 498916 503657 478205 508955 521214 538895 522693 474517 493906 482924 514731 489316 515966 526791 510192 507058 488105 529749 523972 542766 493106 524218 491299 556986 523340 471628 461651 515316 499219 468376 474417 467664 472107 481072 518516 498269 500589 461644 487715 553254 528824 459516 512714 494419 483936 480611 523062 520193 505885 486815 507673 447231 470456 505525 486254 466125 497689 496744 517197 551691 475246 527339 559928 487946 502451 509680 516917 501851 537094 508248 463789 502475 515205 532100 530903 520316 473317 500671 531870 490533 518922 526815 553314 488998 489784 518786 517577 549610 509854 532101 502544 508635 520643 491992 538057 519909 516409 475782 498565 516269 486646 509939 527851 468692 522647 521064 514398 511584 464091 504669 532013 498685 514699 527265 538548 509400 480015 547450 529247 515309 527340 546089 548301 500096 529489 521632 507842 521698 524701 512588 452778 525433 456960 504730 525612 503485 489059 503120 537063 478530 497748 540574 497549 472586 455814 488153 495119 493937 534293 527874 459499 495030 525817 509982 519710 480780 504131 485008 516447 
541472 477208 454356 543696 494803 472703 485973 510676 482254 494850 418448 473467 422300 468816 479365 448780 503965 542140 464710 498803 492343 465527 527184 512611 491505 478815 499918 491823 461448 478778 487901 489338 507979 488884 524796 482913 493983 516763 506065 492974 441847 463455 515348 468254 511476 482215 532085 513207 485792 478872 475273 487497 463589 478957 500207 501804 474967 468993 507995 496501 528069 502080 518436 472430 528866 512851 468730 452897 520093 493884 484250 465846 467437 465744 490604 521511 459025 473695 461611 440677 553247 523382 452007 514958 466385 480841 466918 518328 523061 496757 489996 469102 449510 480808 504307 496935 433802 502016 496568 517745 522063 458540 500957 520942 451958 520254 495309 485795 511638 522358 496556 457401 493111 480675 522181 532505 493599 447858 531438 520317 495843 515049 508062 539328 487893 508457 514045 481348 521983 520145 523913 513893 497786 499249 484481 524333 485582 491954 478422 472811 507150 454983 469725 494133 467642 517853 475618 489950 501004 474671 459786 541570 487412 480521 502212 499646 492074 492873 505652 477184 488990 495414 520057 535640 482641 506518 493605 498795 510186 498626 517073 460908 522147 435727 468750 465147 453507 498467 483479 510730 504352 486840 522192 516202 481952 470603 486199 465589 477109 504673 485066 471152 512102 534915 471604 500275 471339 494727 465598 504224 
515364 457363 450830 558891 497315 487992 461992 515911 478284 510084 425639 481396 448528 479324 508596 435536 477961 548197 464900 518069 484387 465692 512782 536075 481462 490488 541617 492882 448883 494659 471867 524280 537011 472393 505033 489271 486689 516759 510067 450829 465589 489201 490663 459659 533488 497614 532369 526612 493971 470074 465888 495580 511660 482940 513597 510070 496514 486573 521051 494960 522292 492772 523808 480949 537388 524275 457429 472754 532748 494553 463566 484389 490941 454592 480115 502301 497786 495598 445917 463579 550452 520813 434207 528271 485614 498735 483247 523288 512836 484323 479405 487813 461434 485363 516402 498011 444620 479715 500160 522247 560103 450981 513255 529585 475460 516385 481927 501457 496667 523551 516564 446901 497959 472636 534303 525412 487087 441547 512934 503994 493031 508994 519321 555922 472277 490572 505846 513443 541922 502498 506438 496687 495232 527279 507169 512013 522007 508029 494614 493791 505256 462522 523330 507747 486639 502922 481614 473308 510038 468048 491944 504482 486975 484124 506555 507210 477681 468682 497240 501594 492818 498919 527952 522408 478438 489267 471554 510261 514420 500158 494601 464039 499643 447857 487088 493561 498385 503020 486849 516869 489282 484590 518072 507752 478168 467179 470919 478566 491210 509544 483983 487594 538753 514795 477110 502636 497897 486352 482724 515149 
495077 442072 414374 525813 481782 454097 417166 516930 473928 466679 420531 458590 401554 460985 485797 403985 468898 537525 448926 456138 476944 451005 503524 480526 428521 474790 490679 486034 443345 456483 470803 485078 492093 472937 465591 457582 462141 501402 479769 440190 434291 479450 483955 444620 512447 468578 499556 487956 454234 466125 446150 460845 468849 470383 483517 473454 471284 450503 478989 459435 468465 466380 473538 452737 494216 488794 455008 420171 504208 453702 456996 476759 461145 457180 469152 487702 439239 478130 444461 448386 525957 503458 427152 494165 461555 445492 443984 530692 495818 483030 457844 472094 452937 442670 466649 481024 410623 477092 459511 487901 506693 442735 488922 510316 442628 474973 482063 492532 471628 519296 483878 452006 496026 465315 502018 508538 478435 454046 487828 501189 463479 474761 489597 512240 459556 496326 510702 481493 503265 504745 481695 484007 447195 470379 456771 515027 492286 456014 440003 470555 475844 427782 485442 471304 472389 440952 477842 476072 483165 456358 469720 486099 456175 493641 482818 498135 450192 459103 480670 489574 461119 487939 491394 498045 449260 488867 474516 461240 484944 516372 489781 437187 476072 434488 459397 471171 463048 489780 451504 487734 473137 485616 482356 500277 449231 444303 463499 434088 469902 501905 473306 435165 485783 496543 479413 464414 471799 480047 467149 474785 
475265 438341 420916 509623 439673 457496 413519 476637 430666 435178 400118 434553 419114 418888 444288 407232 458371 486353 454109 462083 436947 421818 490405 476610 415680 455567 481138 458510 433973 448737 446821 456111 464613 446044 463491 457784 470158 467595 457087 426703 419818 420436 466834 442952 459282 456946 487350 489501 457183 455493 418784 442064 456316 437310 470158 489216 452266 433882 470305 463706 470152 421874 464614 442588 478879 455963 436602 417645 474306 472953 438528 455936 437805 441390 451945 450076 434081 442469 410735 425856 494818 475204 420391 487950 457682 443109 431315 470412 443750 434052 423396 425013 433667 394438 470528 427990 420984 467193 460609 486341 497540 417647 468740 478964 441598 474412 465233 459009 464023 485442 440362 431472 482120 446139 483800 489952 459015 424843 477357 502023 444051 479844 483636 480699 450493 458329 475455 449396 489864 468697 473586 446428 437864 472872 444865 503254 453467 434457 430819 445877 475328 447940 465011 461582 436478 464605 447985 436001 462253 418647 439395 441586 435665 445455 442580 474543 456775 436871 476838 463275 466553 455096 459807 503650 445138 474175 439047 452830 487615 458134 474783 396820 448089 389867 452698 434594 423563 439205 431780 476611 450761 432816 457283 459880 424814 429043 446771 441154 453363 479025 472139 422105 472884 478071 451821 453673 460116 468408 438173 454654 
490431 459814 425279 514574 477433 409390 435208 503066 473322 466014 392393 439993 406337 450403 447708 418775 462768 519316 449263 486045 473439 445528 482464 502700 426515 450067 495717 466079 433744 460750 456766 458013 464463 470572 493091 473176 471801 506493 480084 442131 428062 467727 459277 443695 480967 461024 498728 508572 459361 455744 445851 491626 441175 449904 471678 477663 462479 440065 477373 470689 485126 432501 482812 466420 485506 479371 433340 439756 500689 468706 431568 444053 447993 458547 465148 468103 444339 445719 422603 453854 500272 483807 423875 470632 454688 425287 442148 500444 482223 460143 457794 454083 429115 425859 485806 446182 431844 474331 460100 478715 521972 431446 472788 486580 435586 480677 474916 465935 483487 488955 471238 442700 469409 474733 481962 506643 463545 433060 459591 494042 463260 503265 465732 505051 468217 482624 494189 457733 502342 484210 483975 476738 472799 485005 468588 493229 470833 468586 445082 466358 475388 442737 470285 471740 428294 471333 468997 453050 479655 465346 426259 513494 456579 475979 467690 488354 477907 473298 488552 467176 455739 467754 501376 481557 459677 472345 463070 476441 491939 503658 493348 414908 471681 428025 467519 469588 456507 460360 464838 492384 477401 475606 495867 475036 439609 439297 456180 434307 463234 506439 472532 443484 494863 474460 468103 486268 462466 476248 454069 466321 
495738 452400 420696 506814 463570 457011 438142 504879 460439 463456 406399 462063 414507 452701 461026 417987 483339 497129 458001 485833 471988 460168 484071 481626 470579 497521 516946 478726 425780 473416 447215 497912 478709 468326 485965 474345 455894 491995 502366 466108 445601 441807 467390 462158 494927 494928 480399 513775 458586 447040 454416 478902 457861 479006 499018 505961 472968 460295 478418 474087 497433 451824 523970 483886 513872 473426 463899 443244 484021 453997 439645 454032 461664 456029 461517 466157 445089 453439 413755 456583 532086 507669 425203 510123 469665 463922 439284 485875 507689 465369 490293 442063 432824 433655 490398 460361 438334 445603 476460 486285 517754 453074 482193 514746 420515 482069 474330 480263 480522 500100 485379 444557 481010 469770 478676 512218 467738 448625 480657 472680 463770 491253 510833 528759 476925 461677 506492 480248 491354 478610 489750 471940 458358 471727 472354 504449 470082 474726 460970 461354 491077 462064 488372 493166 469779 485660 479328 454403 489370 468433 462322 493670 464740 474836 490942 511202 469013 455340 493568 483074 463779 486372 503411 510891 465727 470721 465136 489631 484762 472872 493981 434013 468924 447742 486191 479487 455337 451209 463358 507083 475883 460374 516710 489386 444850 446822 452511 458711 474788 512293 458106 452199 503821 486606 461845 483579 460015 497593 446293 486387 
519267 476403 460952 565523 476838 475803 466460 556000 465922 518377 441615 470778 447313 473261 506361 441990 481441 555948 496722 511274 503406 452146 523460 511005 471817 495014 513894 504930 467358 479239 506432 520575 506565 491085 530628 477945 490432 513586 543800 485652 467913 480395 492270 489733 502075 489048 520786 534896 476290 485968 457690 485690 488222 482293 510764 504550 482242 458605 506235 514416 527657 505396 539195 503711 538303 497066 480331 455573 533025 505386 469610 461225 475989 472591 489507 483054 492124 501998 444901 448313 550276 517049 446402 513100 475178 479444 461770 523322 492965 491806 484621 459126 444652 479062 510579 501296 438968 488291 501628 507968 522162 462382 505681 522924 457305 509450 526823 490749 477303 518680 503854 447535 517125 479304 524446 541571 482342 447330 493583 502952 465966 514428 520719 541896 479827 500105 529151 487265 520268 510920 533248 510465 502575 508265 517451 530312 515723 515421 470584 483315 477805 463066 492247 503882 449998 507823 493890 491813 519275 475026 473913 520489 500923 473510 518764 508875 497176 453842 519088 504531 506409 516625 498395 534385 475095 512190 507562 522029 527492 499535 508036 455096 493236 419005 471188 490992 473967 514222 477481 541511 507035 491176 515886 508381 500495 467163 497150 471981 495582 519270 495262 450035 500208 526917 488982 507882 472587 510065 485498 503409 
520907 461385 444337 559966 489046 483651 474896 528443 493138 502402 436009 485109 454089 471802 470971 442251 481497 553552 457398 501728 491862 457597 519372 541699 494911 480193 516462 511224 443662 490059 484254 501196 534682 493461 514651 459978 510660 520469 526082 461583 484993 484205 506477 470193 535135 483120 527202 527971 457210 492220 463655 489983 474564 482406 529124 505932 483194 464603 510530 503982 513300 497554 532012 505701 533397 543763 479799 441038 530348 474704 462432 464473 478829 465259 464858 491457 483225 513311 444580 463019 560686 532768 454923 510280 461822 494636 464182 536043 516926 510195 485682 477090 434473 464762 496686 503822 450054 486100 488525 505618 547566 438486 533131 522886 463599 501187 489028 504268 506813 537225 519055 459250 509733 519720 531833 544189 488741 470221 539152 487848 479254 513785 500748 547334 490214 509455 524917 481238 520017 506782 527518 513431 487385 512008 496834 528014 506866 495422 499224 486733 502378 476693 499499 505861 483780 514774 487996 486444 520840 479090 483450 554399 494952 501129 499645 531641 478563 486383 510095 508145 488204 519330 541036 530574 487210 510284 501448 520137 503180 512884 499647 473866 508475 445086 473382 503955 471746 497518 519790 524338 506361 485951 505508 500927 496548 459127 490310 471161 492909 524926 488255 467565 509696 508630 484814 491558 488806 497502 472107 489126 
531074 499744 454616 530928 470645 485329 492349 536686 452773 491702 427005 493906 418721 469502 505071 428039 466750 512319 460665 485211 472767 471272 493892 498223 442723 476659 494801 479899 467267 487810 484900 516622 491578 480624 494654 470742 485048 511314 500892 478180 460519 477833 492794 466652 506218 491838 517114 509844 465245 464080 472493 498187 456998 481311 507040 496522 474339 447677 507390 477625 523880 498291 493868 472392 528816 498488 447973 461867 500027 513667 472895 452752 469457 464154 490466 499981 471455 481338 458850 465578 535217 515442 426038 500426 471887 458815 448147 520066 506818 500424 466837 466637 425844 464454 493995 497062 433444 450224 473825 526530 532009 462259 504331 517719 456722 480550 491260 471633 475239 519382 517399 450149 483158 464647 483673 526473 501480 461071 509215 519510 477447 504134 508596 530548 443402 490198 507337 461867 515601 506945 495753 520347 477940 524058 493707 502002 508416 494371 456740 485769 473242 477805 504208 470646 456863 496356 495199 476646 479381 457935 464424 527971 471836 486882 489195 510344 489082 474735 499800 489742 501368 503416 507936 513798 458958 503797 490732 504725 487762 517324 526242 459017 482149 414254 469394 485838 454517 487314 456847 524170 455788 475332 516348 486100 451716 440851 497182 452011 478086 520966 483326 456310 499717 507506 457362 504596 473606 464261 466270 468019 
531679 492493 460616 536118 526071 481044 484024 532962 502013 493233 459240 502294 444237 507380 492372 441809 504337 547979 455609 490091 516270 485714 513882 539076 486881 511082 532695 516549 463993 469207 503012 490901 528072 513350 543428 508856 514479 503532 529587 492748 474711 494319 512643 467840 518462 511216 543161 528416 469834 477340 468804 495080 477106 505130 509149 502944 478821 471157 504303 482651 520078 497972 525389 513754 530092 542656 469151 491668 534485 470485 471356 500145 464019 471777 485769 503915 488199 505844 471404 473864 566527 526073 440479 524728 480844 471429 451313 539112 534927 520075 491352 493401 470355 468442 517467 487166 433197 504142 495729 539294 541883 487492 518717 533491 454858 517222 488148 514713 497393 515685 500870 478789 470950 490104 527803 539853 519399 469798 515087 528715 484362 526215 533146 552472 484745 499555 518285 511305 533921 488947 517791 501203 514557 518271 487535 530566 515091 490828 474260 484933 502179 479578 483952 497321 477894 494152 505221 483945 513767 473036 477334 506112 492073 484054 515983 512369 495631 499809 537194 495503 494894 512850 545627 540239 493313 506607 496904 504360 512678 510337 517278 484216 511196 460911 511708 503267 480182 502445 486805 523020 482021 492258 505915 491520 468197 464192 486529 485575 483801 539451 482408 507483 528955 512700 502534 520086 472936 513007 473803 499246 
535638 479707 464365 551384 493762 489173 476732 518425 496221 506889 440088 489111 435071 490390 487456 444156 490188 547206 478258 488181 507954 462502 521512 530411 469899 506308 505822 501712 452892 466896 484989 496658 512573 509228 514329 480347 493405 511818 520213 489883 475412 497915 506521 458277 506083 502497 528010 516907 476263 492411 468332 509791 467552 493675 489199 530949 461147 487331 507107 491936 525650 476858 515548 491867 533354 532720 461692 453487 505195 493030 474489 474946 485903 482690 476545 484168 498680 510177 469629 497237 563803 508679 454683 520981 505873 485603 442208 529271 499615 484364 494219 478164 460831 490741 519900 481971 471468 501111 499253 534470 552251 465219 504677 540548 467532 494427 487459 484026 510322 515372 487230 450185 511522 488500 534302 539870 520354 465080 507407 519396 503815 518313 496970 534663 505493 500005 527202 493499 544703 492352 496677 504026 488996 507472 491224 509936 513116 470878 458219 470359 496734 477086 478381 494358 464903 528698 505359 504206 504661 484616 475996 521715 481346 498769 479475 522651 494956 493455 514411 527519 515876 507299 539391 510158 485561 528027 526965 483678 511499 519923 515009 470707 491184 454733 490296 493771 472596 503029 482084 546716 476018 493169 516369 492039 481818 460395 494566 483527 498285 534071 481681 483640 499093 531468 505799 513257 479874 491475 486341 520140 
525794 478588 447975 521999 469331 487091 468322 533263 471592 486328 429989 501010 435117 462177 498905 452305 465918 530457 463568 493965 497336 451687 521195 509859 468871 477388 519148 509958 473450 462650 484504 493834 525246 490147 506948 498834 506854 522575 521153 464902 459264 477213 494283 467712 501641 501229 543953 515742 486535 486074 467439 486613 474328 496206 515391 499981 490954 461063 500958 494027 551902 487253 535945 491962 520468 490133 455326 465715 525260 504949 485991 492206 478281 478409 500276 492371 456991 486463 461574 449573 550525 520134 449725 510751 472253 454570 476683 521089 503521 518125 495268 471421 445027 460342 483452 479472 449923 502609 491873 521548 535931 443651 530775 527647 431644 500228 493186 495691 495236 541809 519285 482914 506876 492099 521719 523539 480190 465568 526430 529230 461469 523988 491492 538151 462262 493375 511065 508803 504431 506227 492791 509523 497106 503887 517826 540084 494871 487271 479447 473921 503080 450411 506054 491802 475976 505634 470350 495478 496672 453140 467735 521476 489518 494162 495502 511296 500420 463683 508271 498366 494142 500103 490957 512458 477520 512890 514815 497125 515404 501095 514042 445255 519241 455511 518400 495445 474738 483833 482797 522463 493561 484643 512404 506148 492391 471114 476529 460417 492758 517092 499338 460881 521806 517793 469538 495851 488348 512396 479309 491364 
506186 449622 443257 541478 468930 459734 456722 504032 476757 485755 421292 463467 435279 450175 471189 432001 468685 524041 471655 484851 488788 453136 504046 509229 468544 480266 516434 489278 451300 463953 484205 478219 522711 481844 491226 464635 473845 510527 497396 442690 453066 452890 484358 473500 502380 481540 505329 519215 461479 463166 443002 507680 458194 463998 486683 491400 452768 444149 493204 479240 515708 465191 525140 465709 520379 488495 450353 446636 511366 490335 427291 461840 463363 457541 483912 475199 455815 477214 431266 438531 530729 527165 441321 489060 486119 473575 429033 522055 501718 475985 488791 475936 452515 456761 483660 493427 444941 491118 466461 505847 526620 447502 516483 520800 449721 470769 486842 471140 478976 498931 482182 414319 494008 489031 508438 504858 481371 426518 481675 495661 474395 510485 502042 520493 468852 471121 511337 488745 518233 483065 494606 504087 492071 501481 467466 505888 506955 486001 465148 483579 491382 449339 498909 494279 469572 484451 470080 483513 491955 457455 471345 506300 469653 487206 480725 512910 488348 458865 513368 485498 493265 484833 523358 495585 476073 502361 473331 483700 509816 502547 483383 456774 479286 435556 476590 496188 466710 491257 471956 518265 466368 503315 477259 492408 467397 456904 463718 458886 504212 514719 472955 483417 504102 507438 489684 490767 464973 472444 453395 497096 
530151 492813 462248 567043 476246 493554 498058 522602 502142 510376 452520 486221 453383 485168 493109 459558 502569 566787 480131 517081 483255 469666 549500 536571 474574 511453 526274 519231 493129 497498 510898 513019 534549 504672 543640 476551 508390 536939 533231 486157 466631 499640 508605 501459 532938 503247 537176 519722 498326 514058 488714 510199 480960 508530 519779 526173 482788 461223 517989 487116 542463 502942 535379 500496 544780 537294 478954 461650 517239 508086 457893 485634 493116 486124 490468 529435 491396 501607 481330 475954 563884 526449 468777 527675 490502 499841 481094 531483 502775 513469 515190 503630 448660 463686 540155 513366 453800 506519 490514 545681 573253 477415 528929 522087 458674 537489 510143 515090 506949 539282 516602 466988 538569 497002 534710 541162 520481 467199 513050 530512 496795 535691 523506 539011 498259 530660 541865 508491 566402 529726 522604 537562 508843 519587 504130 544170 511417 487948 470744 502047 506497 486215 519339 513769 469771 522752 518808 504306 499300 473866 518521 549452 500187 494953 546796 537620 492086 502450 513670 522559 493323 514109 547858 539028 495758 531438 488840 511168 519892 535702 532531 480046 500910 461271 501187 506544 487165 536763 508180 551528 490015 484806 538501 501641 486627 454970 521923 512789 510523 548187 506689 481565 533985 540215 477651 523077 502355 496071 493973 511629 
507220 469595 439104 497549 472368 443882 448500 484434 458615 467994 398316 445630 416219 441952 468445 416835 447661 497807 460643 472168 474795 435684 475841 495263 450935 470589 495854 484730 439039 457601 445391 482949 487137 437889 476248 471969 475884 497677 493915 452793 442178 461099 466025 454772 476008 466667 488592 488728 468436 443815 434180 465160 447243 433137 477929 500479 454942 451962 461049 462735 498308 455376 486636 461952 484014 474842 423502 431453 501655 477892 437788 455063 432562 435659 466452 477966 441849 450364 455564 438315 518971 482060 445613 488475 455434 447936 447344 495297 480206 468970 467979 462718 445670 442432 490727 473808 426117 475851 428227 503348 497809 426454 454240 490615 452179 470860 473235 461855 477850 456587 463536 409456 457439 447782 482811 485388 467448 451236 457558 487978 455883 492900 479513 505102 450148 462981 495476 464993 499859 494851 488490 486121 468795 487117 486640 475685 506195 465425 460683 442100 458621 433445 483630 454278 411646 455961 467235 477586 490429 434534 451829 487808 464591 468443 464137 482348 485115 440215 501482 461373 464821 471272 474419 497935 440707 478098 461483 447541 490651 477551 470837 435508 496007 417171 452383 482026 483131 451697 442295 494262 454519 468533 486455 473136 462864 416937 449719 433107 459928 499589 465226 440778 484157 490060 438883 463731 444818 458492 466589 447041 
525378 448930 433976 494760 459931 463215 453618 483635 460575 477980 419459 474056 419647 457354 463180 431463 473025 533716 439580 470252 461993 443210 496424 488186 443535 475290 504523 494227 466861 463045 487625 491067 498888 474432 493929 469952 453659 493994 505066 460165 441070 460261 494158 453928 486982 476973 501635 487253 452019 457041 447801 476682 442684 455039 483485 477539 456348 465273 479570 476952 502064 486965 503292 457440 520970 503615 423735 451062 506464 459997 455586 458324 454653 465346 448726 501823 463656 459684 444060 441351 514868 492955 444803 492120 459882 441695 426417 477597 486489 473732 466759 450920 431657 453641 462598 479951 432078 436475 453020 498083 507473 448875 473275 502100 431322 491732 467055 465361 480280 504764 485101 425629 467245 467232 484567 495741 484405 449618 473286 488738 466326 496785 490809 538778 445437 464776 484282 459061 502230 484994 496698 499557 479580 475541 455702 509249 496224 486111 471290 449751 462142 454024 487014 501198 450668 485905 473049 481768 470432 422331 468899 509505 474423 485000 484944 470008 471546 461890 497138 485347 465406 480271 485096 487395 455596 490132 478195 461320 488320 495919 474137 423557 490795 426477 477196 469025 461226 473256 460168 511958 448600 471248 487055 486941 444578 433019 467865 473900 484139 495675 441406 440073 476704 492264 449771 488280 453948 471858 450699 482112 
529116 460611 449804 531538 487455 474724 451075 510098 482012 480940 429109 476349 427288 463302 495118 456033 474954 535215 474015 484761 486692 439935 505532 482489 480293 481119 502642 518971 436001 471436 487988 502450 496801 459249 508655 506073 463792 498724 525882 465649 473801 492934 467981 488697 506770 505281 527988 521872 458210 466491 453064 489497 435773 477635 509928 509493 481307 451793 472595 480606 495002 485969 509648 483340 518535 488846 463070 466953 512150 485837 458126 451833 475792 460241 481885 483117 493458 488835 461415 456080 556931 506102 440162 508214 475941 469369 465769 532199 525183 500433 475051 465146 469477 470814 520748 491982 432916 479907 469678 517711 534833 449599 502442 489309 463507 487995 489595 474850 485273 504530 495376 424757 499831 442931 485579 521929 484422 463959 502239 521119 485067 501686 487586 551427 468943 495937 503649 477094 523190 499824 503139 497509 483856 502170 508652 511945 517102 497157 489839 459859 463634 471470 501817 497652 464833 500396 497981 472678 500276 461865 459395 527304 500365 480876 492755 513873 464946 459691 488933 490123 464871 512437 523708 532039 478496 495461 482374 503316 510682 505331 513656 462819 480654 429514 471820 481660 472849 466242 453930 538642 491112 471219 505820 503035 494090 421766 478087 471663 474083 527017 469536 459720 510572 526965 478519 486382 460816 505440 446991 472785 
556589 505188 483376 570066 504468 503471 489720 532238 503185 489227 450040 501994 453107 496499 504183 474391 504778 568099 482469 511312 516107 494692 555446 540338 483879 497460 571861 513411 495536 519058 507587 517430 537237 507089 538974 505273 508188 526268 535005 469769 488222 507029 505783 497888 522943 519064 576177 550185 508154 520518 473545 530500 495488 494455 531909 533031 509206 490074 509767 512266 540422 518648 527681 510176 538650 529018 495790 492872 531640 505544 483446 489910 482503 512664 491348 549505 501330 521800 486335 471370 561420 549326 464741 520748 501825 535413 501281 554967 545952 499085 510935 511847 472963 478370 523548 508831 453725 536179 487483 562170 549840 465781 536183 548982 479943 538238 535672 507024 524950 533871 511802 467247 533437 508596 551809 557307 510654 475189 518139 550905 513725 531276 532781 554217 513062 520908 546936 483554 556540 532730 543902 557733 507454 517849 504819 563652 510223 499600 506079 485644 520341 471677 546909 536964 499792 522494 517750 533500 524057 465676 498955 536821 507521 523882 511977 530086 516186 510649 527374 532775 514971 529540 540023 547850 498080 528436 502052 515343 525374 534019 552957 457027 519333 435852 497336 510671 489252 506089 510510 538792 509755 519371 536890 514957 505524 465574 511422 498389 514501 531596 528853 497404 508059 566106 515933 523119 501501 524621 483047 504168 
494267 457352 406528 491729 463738 436875 443547 495348 452997 451221 419582 445349 411292 441820 467559 399536 441832 493476 440614 464477 444194 424105 460627 496424 456240 443504 461094 454596 428385 467082 463181 439747 468821 451431 472108 461742 478383 480324 484198 456519 421258 461622 467956 434601 475837 472193 481746 467040 424504 444095 443548 475011 443991 456714 460012 460514 449703 435962 472063 436865 467920 451188 456537 427461 502501 485720 425025 415662 464377 450688 421058 435773 435114 447281 428451 466928 445982 456144 436368 422905 501592 467089 425820 478941 454886 433560 423247 490493 491272 477551 451844 440751 411183 444556 470247 455472 409233 475026 452848 483763 485928 430243 473204 484544 457736 451495 461021 464087 460560 465553 469269 412842 460633 441341 466623 498490 465748 440545 477221 500235 433115 475378 452146 517632 419083 463293 475267 463082 485226 456239 457708 476200 471660 461230 462881 480992 478336 447072 426881 450268 455481 417593 458709 483862 448587 452814 437742 442640 459886 411716 453996 485962 448573 451858 461467 490402 457302 453709 472454 467649 441488 485604 493390 473909 432613 471942 445076 447050 486532 451164 468763 436443 465656 400962 448751 481405 450598 448379 439489 478241 447801 458453 464640 467137 431963 401779 440161 450653 445220 506440 437815 426988 465527 481127 460212 458241 438853 463719 439815 454199 
590547 526625 491454 585290 565858 524480 485459 569878 530589 554952 491084 533423 474630 539426 550531 490972 541288 581250 520748 555981 575725 496023 557277 585795 538851 538421 586326 551413 515312 533337 539480 554359 574220 547727 565693 555097 550544 558045 573043 503331 501444 538541 549106 517342 579342 530136 601142 571440 527562 521438 512817 548473 520926 516324 553514 538729 541088 514415 539731 520995 571283 549146 554660 533022 586566 569919 523680 529629 584063 525276 516285 530369 505512 505148 512032 564108 531770 552992 496304 525989 593629 563807 467360 566196 511504 522248 507251 581588 554425 565295 537330 548420 486910 515650 547378 556489 477323 538122 530212 563138 585917 505370 577229 584052 501376 571221 527650 565857 556824 551445 544482 498185 546083 558763 572509 581245 565220 509346 555668 568766 527586 561512 542740 588385 525114 550079 554792 552756 575176 554577 565418 585942 550316 557730 563093 584026 571572 544902 528479 526547 531052 503901 553122 545488 519903 545512 538754 548611 564909 484347 535269 575559 536673 557374 541319 560793 564236 528804 544588 557638 537272 549901 570721 590226 533794 551019 530466 575046 540181 561816 576747 517361 564896 484244 552530 542094 532672 559607 546094 577142 526710 554050 583515 540357 515829 509040 536657 526193 531384 584251 517335 529794 543259 583920 536615 563308 537870 529576 503582 514663 
518605 467177 449456 539552 497126 456670 469525 510468 470941 484196 440257 462093 415375 454090 494505 436599 471115 526074 472551 498652 514177 456624 506430 527543 474679 505962 515466 507601 452712 506801 475877 503293 523926 485149 513109 501487 484315 527234 506916 474291 464257 482510 506107 482244 531796 470140 536726 504674 460735 462235 428483 494286 443075 460162 520583 503744 460952 491050 513166 486584 526685 476025 511060 497907 534005 499575 471770 451032 535155 504650 443857 484950 453496 461913 499699 493078 483083 486513 438688 460731 530266 511872 433559 511105 487857 488195 442642 516876 504496 501706 490140 469405 462419 455245 498550 492520 464481 471158 491583 503658 555080 441841 530040 533062 448845 521640 481947 496960 516892 522755 494445 439447 493662 485798 497510 517315 492911 478258 502387 517413 485619 510002 500585 550380 474623 490541 507684 499135 552823 505707 505176 503886 495791 498888 496637 512760 503194 489990 464869 469147 496286 468837 492632 498277 472440 520048 485299 507034 510736 463345 492232 509370 475301 491083 503205 517220 506468 460271 495935 499953 494079 502698 547384 525011 468131 499412 492392 526579 514326 489931 496136 473378 487511 425897 482116 499502 464020 502814 487858 497960 478859 490932 505929 492403 462073 449658 480824 482040 505956 512810 476413 460565 499079 515439 499453 508614 503739 502668 460768 489996 
517095 454856 426584 532396 442936 472185 459366 498754 467357 483010 414062 469563 414480 469057 476998 439285 472300 506069 478536 483984 458298 452879 496407 500527 474378 475801 518298 473319 466827 470976 468929 490928 500394 466117 487340 474542 461404 495498 516671 439124 431328 482009 468269 433534 482349 482692 505783 506652 470550 454485 470537 475191 448718 486451 490380 497178 462987 467176 484526 480639 528014 465894 502026 453236 505626 488005 474540 447837 512159 469181 454578 460781 459625 443414 480037 478067 462224 494380 426660 439730 523517 521216 453585 507386 481985 465387 452927 501260 474103 470222 450631 469074 444471 460109 498668 476573 439886 491894 464339 506837 525562 447592 496517 508244 453523 470205 479838 462875 469853 482529 479330 447583 474161 471117 505315 527599 481543 443036 498115 508258 474070 487173 498878 523317 460770 473055 476266 477131 512697 489292 483762 488737 466500 490725 475061 513836 480929 474007 478283 462902 487357 446072 481274 467124 444437 487120 470773 462467 501472 448964 450703 510049 473851 460063 497286 504518 500890 462131 499476 484408 472782 485818 486611 526771 465672 490709 456644 470268 499019 486931 491294 422500 509508 408485 487423 480808 464209 462483 484334 519364 453281 473912 503286 479501 450955 448990 462627 473522 466594 503691 470127 465356 505799 476364 476539 476285 462623 473804 450521 486966 
515091 456676 442906 513382 482739 482320 457254 489225 457704 463685 444068 490643 426145 457114 497937 435183 465403 508842 442568 488314 465530 453996 481512 483017 457365 471568 502741 485732 440659 477223 460483 512819 499009 465952 481106 466852 472162 511869 514214 478961 421659 471945 471967 454757 512742 491368 510950 495190 470217 437829 446552 485139 458975 451894 490573 497807 465822 456116 507492 476253 512852 475576 495895 477301 511071 494741 450659 454823 507568 478683 451895 478621 445766 442364 432169 488049 449118 479466 442672 471948 530478 499238 435959 521448 480788 465213 451022 512334 511390 466621 484406 462465 458739 439898 485122 480904 446790 465681 440571 501956 530764 453601 482388 486420 457217 481208 461385 494305 472202 480597 505521 442472 486950 482501 498609 497789 488828 464856 495172 488958 450949 507261 499597 532555 496856 482368 501645 489002 501826 505231 495728 502099 466910 472837 491767 502028 502594 459905 473393 456958 481948 451942 486675 509155 451365 482660 477469 467825 485300 455481 450315 497964 485712 496054 470665 517605 465695 470861 502496 480846 470022 476466 524771 501104 449907 495224 463630 463276 498773 484441 494612 460772 492835 434296 468909 481517 452682 467184 491926 511444 453539 481927 491420 502632 472625 432087 472131 469308 489748 500662 469628 448129 484853 484802 465530 469455 462901 453053 457369 472657 
530855 493429 461483 557668 488626 461742 459646 543505 486163 524360 441058 487246 446930 494102 474076 477719 483814 561102 463995 501165 515383 454573 552616 525448 496461 509394 511059 506622 472933 507462 461291 507701 540762 488290 504498 501130 482845 524827 521540 456181 459044 504030 499404 453555 533600 501518 551115 531047 480971 518146 496595 501848 462261 493576 529964 488422 479897 475049 525894 507617 531365 480864 527136 479582 539070 505019 488037 458681 520868 487930 448215 476865 472743 463934 490695 523853 508952 500849 448444 461798 564716 523472 455329 518609 474135 479602 476229 516186 518936 497737 506866 493237 450599 467184 508291 505576 452137 485013 479082 525710 534231 451783 511497 531712 473253 516257 482850 490838 529296 546948 484325 430274 529939 492179 519546 534261 487074 469167 516311 532693 491490 509765 520090 551109 503490 495777 517118 489635 534454 510176 527815 551771 504016 522728 516522 546798 506921 481005 474697 475060 510292 470477 518543 511440 489159 510936 495670 501649 502787 472624 494983 542067 488808 493882 523457 520380 508922 491067 497470 503865 495099 498116 518754 550848 495782 525423 501126 527557 537909 510215 518061 466554 523302 469557 471159 490973 498074 502084 474863 521429 508327 481684 513137 509510 533285 466627 475122 476457 494662 532861 488036 488415 515161 513702 493937 524081 493490 507479 471431 505510 
533791 473973 465292 551850 492654 481318 465642 529566 490897 506922 443653 486426 444549 482749 487508 447110 494850 535116 471721 494627 465975 454094 518265 520817 504361 507723 517649 497408 471248 477645 472626 514934 528602 476861 501274 478412 482071 519287 539763 489948 457802 504386 503723 463225 508875 516094 510053 532708 480331 474746 466389 494894 492739 479837 515503 515726 445626 484336 525123 487553 505996 488945 528771 469317 547330 512976 455260 456050 517231 475010 459969 481588 488020 467284 474935 522769 490657 505860 449348 485175 537821 498253 470752 552723 495335 502204 462507 523481 514789 500407 493284 477750 460141 469483 488912 513021 455444 485344 461478 525588 530056 448267 509429 530723 457074 502195 494282 522777 493801 532620 495697 449208 507011 495775 529537 528627 505256 480544 510272 513463 500297 503480 513394 575737 492886 493526 489573 502260 518787 514288 525529 484978 501368 516152 502592 555386 497283 497623 482784 477482 503644 467122 504829 507528 466979 526792 510288 497694 516862 465243 502191 529179 487378 474045 526565 541719 492783 468180 517472 499619 487683 505257 524568 535983 472111 522895 499226 494594 520550 500493 495538 481745 506475 462343 492027 505314 480840 499709 488966 532651 482023 466204 533208 506702 472327 447151 485462 514014 494675 532212 477147 469069 506288 501160 493147 477844 509552 511410 455905 510369 
502956 482840 454918 538374 454695 443290 462029 505795 458019 468451 425473 497213 414334 479081 491858 440740 474616 522510 469561 467744 498642 476373 514797 502052 465793 474526 515053 489688 449419 471232 483899 488250 521206 465053 489303 481266 463624 520649 514216 464766 459717 500932 506559 481783 480515 494760 539010 517615 456618 456697 453066 477994 432001 486640 494372 494993 457060 475242 488481 504567 524117 461171 519642 484878 508693 482181 459610 446781 544195 472790 457276 465232 460756 467023 480675 493914 476770 498324 437324 460263 563119 492754 418531 524236 485767 475227 452032 545554 511818 502245 480266 454593 481088 450514 462713 503780 436125 480974 470395 521663 524605 431068 508604 498415 450902 491709 484651 486309 485035 530294 503386 431818 497295 469925 476398 523840 474387 447100 498898 519656 473270 501536 490336 543462 467443 486277 504525 464836 506808 499240 503866 522865 469369 486758 484605 513899 492382 476923 466634 448308 466313 467959 493471 498659 482452 479744 481026 491075 489457 439363 474624 535357 489915 490410 490945 504597 503295 464071 490069 496036 472619 503628 486765 519078 480772 507573 486869 499069 516434 484132 508388 447376 496325 432442 450625 488696 466601 475583 477607 544477 469004 480053 495882 503769 489771 442778 464571 451630 496901 515374 475603 467311 527600 509653 489333 482998 490245 485848 475962 470462 
481102 456401 424391 518617 457351 459844 411157 507227 439536 444035 407791 444423 424530 435533 438294 414551 444381 507225 437657 477132 454642 411539 491064 458493 438076 445363 479767 459739 436836 440099 444705 481603 474187 443384 494120 452255 453840 471099 456244 426900 410713 446749 438858 441432 461764 465396 514961 474142 443688 438419 427084 440754 431488 435495 472703 453047 447728 415701 470391 441376 473601 451497 480818 453846 482536 459182 404112 417860 469648 488172 440608 445740 446879 437414 454761 475738 464701 456839 428088 403549 519255 475366 420592 468969 453573 443217 429789 466175 495491 464507 455829 439188 404694 424951 487874 467581 421041 467674 449576 481580 473978 440947 478012 503268 442003 464490 477449 471062 455040 479734 447580 398768 466685 430365 496018 467314 455605 437673 459632 502469 438082 483280 464467 484391 443495 452592 476897 471466 496401 474798 487456 461741 476569 470761 457101 487743 462441 465077 441061 463084 431640 435150 483090 466892 427131 466476 436902 468665 440805 446199 444178 490927 435714 458646 482893 482345 446617 410092 481839 455822 468040 478618 484984 485667 430878 459298 452426 468518 500481 451657 482286 406078 470157 401316 444818 451391 428023 467760 466001 472391 460515 451802 476719 477698 450597 399343 443049 434556 458859 478436 481359 431217 474596 484795 437855 479066 447250 451879 435640 438387 
536180 492893 484648 558921 522896 506696 480093 539103 508246 506776 464387 500263 443027 500734 517842 467448 518450 543180 484298 523522 503611 488917 556634 549304 525442 487974 536041 520570 485920 493766 505118 528900 533927 490227 546146 526378 517557 532477 552843 510557 465738 500590 515394 496223 533922 524102 551955 570625 492653 505126 500723 508921 493902 514496 516100 523361 507742 481334 510743 505487 539490 515614 562888 500810 550012 537694 473767 485659 531618 513262 499790 486692 513303 480678 502435 517363 493780 528274 497150 485016 592121 551272 492297 550953 501033 497951 481141 546723 563061 513582 513356 500490 484178 492049 520988 510973 449366 534564 503255 547755 547381 478813 528970 562828 470484 539368 506868 522260 520283 526383 515353 470833 526197 507916 541208 548980 518467 493700 528928 550036 533472 550538 535732 565516 506699 510538 551334 512315 566946 533352 541494 545298 526278 530820 523790 561612 530541 514499 501209 485157 526425 489824 519686 544745 500237 527668 515836 515965 533053 496917 514702 543659 534629 525264 531201 539336 511032 495053 546733 521117 524386 517706 562213 560856 506111 530653 492544 520427 529251 524792 539595 500937 523070 450967 490012 504898 499017 497912 509768 543341 512776 494553 541903 539083 489427 481166 481800 494925 496304 529791 529815 494295 540951 546762 509219 520168 498691 520086 511804 508182 
510124 444492 438455 533437 480571 447875 455312 489704 466060 464604 428199 466650 426414 465474 447530 440894 467814 518473 438866 479261 474622 428226 517176 498119 464292 447676 515127 488059 437980 463223 492796 481003 491923 464949 489857 457909 467388 474995 498186 472633 459100 492301 485274 464516 459899 500082 518080 506715 448287 464863 472808 468485 453975 470403 468453 494400 438063 461328 487076 493872 512429 469721 498421 468980 522052 494317 449960 447552 512503 464199 447107 458014 463311 461063 467118 488595 476240 504974 455479 448475 522259 488825 430585 492403 473367 482916 450402 514033 483927 486284 494018 458960 428410 457267 496888 487654 416821 468534 458668 515654 524676 427750 490898 492768 456131 477301 460208 479215 492368 501890 482281 425684 472776 493317 502050 513413 506991 442276 483933 496477 462933 504241 461026 545568 469922 494625 501245 455701 511013 488117 505405 495287 478056 495651 448720 512617 484594 472844 456678 487832 488142 462029 472572 503585 455657 459969 461750 487748 473947 453500 467420 522706 459179 479192 500082 493850 467637 456378 486050 489594 484835 507192 518259 521377 469998 508985 476194 492264 486272 466926 505691 427821 487404 436148 468782 463286 448286 468342 465469 506062 477199 506310 500649 488146 470787 428193 472897 483192 499574 508743 467109 460782 492185 491520 462517 493732 470902 483164 441827 477476 
523058 485002 466279 543948 498348 494838 468845 498332 475668 500862 430397 490935 459384 484149 494038 440858 476250 548378 478297 504133 525087 473422 536111 527130 481278 508656 513136 485809 450252 486020 483267 528659 518942 481831 515834 502097 480224 508855 508812 481858 458739 484877 534920 502648 512112 511738 531525 500312 470163 470460 474790 502111 480349 477198 513132 513361 482899 476104 504578 495288 518910 510881 506303 468855 510377 516210 472153 452269 520993 495336 473639 491838 487086 477999 480666 503566 483352 473811 460895 462531 538481 506610 440249 504904 484546 463062 443258 524819 506781 472985 492271 478874 465289 489873 507613 489029 440995 507719 496200 528959 549271 442737 497074 544207 464023 491272 490385 496714 488658 495872 506331 430607 494379 486514 509202 522907 492295 460188 500816 519373 483167 507913 497495 559926 471014 495739 520994 500012 538864 491662 520514 517600 494932 498642 474567 521213 512586 487712 493726 466018 504875 462889 499333 504983 475680 518723 498199 492919 499162 465517 475786 536992 490018 485029 508592 532761 497418 481135 502603 501182 490612 507825 520582 492439 467574 500402 485987 480873 521090 504762 505364 464817 492533 453524 499635 481360 483115 512423 479519 527957 486578 499112 511541 503657 500715 447842 486306 481667 486042 537621 474144 460856 523453 528115 465755 489728 476420 493739 461708 515731 
508436 464006 460218 532255 484224 466568 466281 497320 484119 479336 438339 476114 437696 468596 492415 431767 494213 529909 460521 493982 481495 441001 511960 512292 492532 470289 519916 491917 432894 500600 493313 490824 515556 476537 497931 482553 478363 518969 505032 469466 435702 483910 481189 466083 500556 488888 519380 484562 485847 461093 461789 476746 473882 463474 490793 489840 460530 461965 484240 474208 522907 478737 487512 473358 544767 501172 462967 455940 516352 465511 471302 467857 459129 472772 471603 485416 478611 469192 440452 439458 559878 510643 448182 493489 465455 484678 430081 518540 527993 514706 494673 468683 453059 476918 501977 494534 419780 491427 484754 520759 511907 446921 511985 505915 462073 477666 501918 487791 484946 507824 506924 414438 500861 492732 506603 515518 492201 461478 498004 512213 471871 486395 489954 549753 459090 473489 495121 487480 514236 485919 507436 521444 481214 482720 477123 539614 505123 494824 488539 459531 487076 446749 507338 486011 454532 496607 501030 485241 512964 468278 462971 521945 503909 478105 507212 499352 497180 457017 499457 470709 462948 493136 518207 509534 458726 487677 485564 482009 498090 492974 503816 452749 500988 446025 490574 488385 459202 482081 480706 527063 471391 498311 506588 494703 451884 451366 463620 470662 468646 512533 475190 447118 498806 506672 464555 479964 489271 484194 449785 469774 
551806 478360 436237 534549 468741 463176 463722 518242 468554 477077 449819 475977 438642 480031 485468 442894 479808 548595 461062 491472 484833 429264 513986 529188 456039 481671 521501 498102 475531 464150 478091 521832 515060 472961 512681 499549 476805 507057 525462 462138 423093 475313 476073 459104 497623 489146 530381 511011 506520 489839 486119 495648 500661 483994 500794 498804 473777 463263 512965 500507 524255 470447 504258 475998 549301 490684 467913 454345 519593 492551 460612 482023 460481 455246 480999 495014 481341 470812 450748 451300 529010 510078 437343 506558 466937 460607 461706 509265 513714 486791 496840 456399 439994 485484 498367 480961 444007 463031 456435 486164 533331 470693 494728 519084 460294 484707 492935 473688 481538 506960 518413 440587 500949 489922 535028 488047 480550 462371 489441 489556 494711 504272 513130 542417 487358 490130 504527 478089 508447 493299 505906 486383 488414 488520 491331 515004 500800 490095 494773 469164 507954 458399 498384 511284 475499 505332 504639 485336 506881 473971 491047 507855 487727 481408 492196 495276 489499 480827 501961 471949 484794 497644 514035 512655 496442 497297 478581 503759 505500 482844 485854 476327 498574 461355 486072 487711 467410 463155 498140 523863 470340 480556 531963 501251 464367 450105 489017 462073 500897 523330 458412 461827 505455 499472 468223 489796 491351 506849 440240 511385 
480869 446675 423774 496089 445623 434563 423429 488359 412235 464890 409328 414128 394009 423236 460423 413172 452265 486426 455814 462713 445730 414281 468861 454419 431229 447427 486691 447086 424683 433343 465637 461435 458168 462516 476390 452350 449468 480183 467342 422316 409289 432228 441226 450158 479464 441381 490450 455429 435992 444017 415056 453150 422273 431672 472317 465985 454252 430654 476275 458400 486897 455346 469861 447333 497256 477073 391006 414869 473531 443765 427355 438321 435032 432835 436025 470640 445263 468395 418263 417644 511410 514490 418359 469588 420071 455817 445653 476103 458745 472324 456475 466189 411745 438945 448869 462462 415941 447682 450907 485187 483923 422786 470294 482338 402224 468240 450244 468199 464708 480609 449736 400260 460760 435996 464219 468257 446742 401328 472964 471907 415012 479418 465451 490375 437143 447610 463237 472208 475286 493617 479846 490045 462183 475705 468120 479390 471911 467197 436659 436177 446218 415175 462957 470259 430792 484568 446268 470202 454002 423626 431901 473900 460274 462789 458237 465405 463954 415354 484018 482067 437829 458022 479688 481165 439806 472368 446639 450949 473927 465587 461079 425539 459675 413539 426341 456251 426380 440924 454936 499012 450206 444626 488151 462259 441800 413871 442535 412541 464434 465551 460777 433127 460137 473278 448135 445100 449157 423700 441990 444776 
544162 484770 455993 538464 495954 477754 486683 541319 480519 522363 451276 499760 452233 496675 516734 448001 496363 540847 467941 506962 511358 465540 516575 522635 462147 493612 506252 527133 459967 509179 492693 518893 529896 504920 526915 495647 516277 545327 511919 481392 444549 477727 514791 494565 516530 481538 535448 529314 488362 489186 450889 510932 495626 471618 506843 509438 480166 467205 536363 483234 533350 484971 523805 509162 550344 526103 471595 474287 533350 496852 482065 504054 453210 453491 494182 499869 466214 499304 451438 471537 558272 533538 462761 511441 480160 482572 462832 526160 517209 521347 516714 474542 466739 498690 499677 505582 462569 485988 494415 519803 525450 469468 518036 522641 476373 519807 516424 513686 511531 517490 494939 459448 512717 505963 529613 545244 517795 464080 511015 524321 487449 532389 512944 561496 500071 509977 523313 528148 528213 514672 535275 510144 505357 526541 517550 522448 534342 515145 486460 494584 509110 495981 509685 511447 449646 530051 507218 490688 508034 481610 470734 540641 480852 491386 508535 513748 517059 483531 513782 528626 510365 512925 541646 527643 484400 526035 520796 512504 519873 509502 505934 483523 518040 458596 494652 511620 491394 492498 500053 540119 492820 506832 519190 530853 485741 467716 492219 489315 499448 544066 512282 481764 501396 524012 482379 514207 486285 518960 485769 496887 
508330 477929 445266 551639 473388 474834 476009 520968 478748 481862 441342 472193 449750 481775 462324 437800 471188 535550 466953 488093 483145 446624 514460 534226 461068 481857 509986 493548 462459 474137 485863 501722 518593 491119 490111 471392 477135 524496 505454 456044 444210 486598 491931 474568 508669 494933 542249 499265 481027 492037 476721 500189 449346 500407 512760 503907 466406 469870 503384 490343 528264 486194 520496 468540 539563 512704 453595 457018 500895 495404 457613 478790 460329 462503 471823 494200 503054 501353 445862 438473 552500 514934 456590 504037 478069 486025 473207 517261 510570 492683 502084 483014 448394 503549 525025 498072 442753 483243 479924 509580 515360 462139 521124 539733 459887 483357 508327 471643 489458 510418 502865 414281 511126 497217 522231 503390 496172 448803 496604 491744 491302 492238 507934 542212 481422 486512 490695 510904 528255 508378 501341 510588 474984 485532 495072 535501 502694 496097 467939 484178 473553 460217 493478 504543 442539 501489 486031 488475 497584 474989 484950 519721 466365 493384 498522 507172 504405 458817 515559 506466 483464 521975 553614 521743 468979 505192 509307 503040 528584 485160 503953 455772 511428 431371 489613 489381 464676 469254 480064 500665 497828 489167 517548 494477 473323 431286 469349 472084 470945 514850 479226 468945 485058 514468 485363 488915 485018 494341 460365 502296 
